etf,date,prev_date,span,gap_days,valid,k,k_names,aum_ntd,units,flow_pct_holdings,flow_pct_units
00400A,2026-04-07,2026-04-02,1,5,True,1.0,43,,,0.0,
00400A,2026-04-08,2026-04-07,1,1,True,1.0,44,,,0.0,
00400A,2026-04-09,2026-04-08,1,1,True,1.0512765957446808,44,8090000000.000001,742201834.8623854,0.0512765957446808,
00400A,2026-04-10,2026-04-09,1,1,True,1.0,49,8184000000.0,734649910.2333932,0.0,-0.010175028239309603
00400A,2026-04-13,2026-04-10,1,3,True,1.0,51,8558000000.0,769604316.5467626,0.0,0.04757967819292941
00400A,2026-04-14,2026-04-13,1,1,True,1.0,53,9274000000.0,821434898.1399469,0.0,0.06734705156768062
00400A,2026-04-15,2026-04-14,1,1,True,1.0,54,9623000000.0,832439446.366782,0.0,0.013396738136830733
00400A,2026-04-16,2026-04-15,1,1,True,1.0,56,10115000000.0,852866779.0893761,0.0,0.024539121508177164
00400A,2026-04-17,2026-04-16,1,1,True,1.0,56,10637000000.0,892365771.8120805,0.0,0.046313203528549174
00400A,2026-04-20,2026-04-17,1,3,True,1.206998571720057,56,12669000000.0,1044435284.4187963,0.2069985717200571,0.17041163770537304
00400A,2026-04-21,2026-04-20,1,1,True,1.0779816513761469,57,13713999999.999998,1107754442.6494343,0.07798165137614688,0.06062525766340188
00400A,2026-04-22,2026-04-21,1,1,True,1.0,55,15041000000.0,1196579156.722355,0.0,0.08018448010957835
00400A,2026-04-23,2026-04-22,1,1,True,1.0,55,16969999999.999998,1378554021.1210396,0.0,0.15207925307436132
00400A,2026-04-24,2026-04-23,1,1,True,1.0,55,17478000000.0,1371899529.042386,0.0,-0.004827153652812388
00400A,2026-04-27,2026-04-24,1,3,True,1.0,53,18047000000.0,1415450980.3921568,0.0,0.03174536504154246
00400A,2026-04-28,2026-04-27,1,1,True,1.0,54,18692000000.0,1462597809.0766823,0.0,0.03330869760778521
00400A,2026-04-29,2026-04-28,1,1,True,1.0,50,18740000000.0,1474429583.0055075,0.0,0.008089560818017594
00400A,2026-04-30,2026-04-29,1,1,True,1.0,51,18821000000.0,1456733746.1300309,0.0,-0.012001818926750674
00400A,2026-05-04,2026-04-30,1,4,True,1.0,51,18774000000.0,1383492999.2630804,0.0,-0.05027737365288776
00400A,2026-05-05,2026-05-04,1,1,True,1.0,51,19667000000.0,1447167034.584253,0.0,0.04602411096773795
00400A,2026-05-06,2026-05-05,1,1,True,1.0,49,19960000000.0,1447425670.7759247,0.0,0.00017871896297427803
00400A,2026-05-07,2026-05-06,1,1,True,1.0,48,20343000000.0,1465634005.7636886,0.0,0.012579806587237563
00400A,2026-05-08,2026-05-07,1,1,True,1.0,46,21118000000.0,1541459854.0145986,0.0,0.05173586854065926
00400A,2026-05-11,2026-05-08,1,3,True,1.0,47,21081000000.0,1490876944.8373408,0.0,-0.03281493776533917
00400A,2026-05-12,2026-05-11,1,1,True,1.0,48,21730000000.0,1536775106.0820367,0.0,0.030786015843650594
00400A,2026-05-13,2026-05-12,1,1,True,1.0,48,21770000000.0,1560573476.702509,0.0,0.015485916271213762
00400A,2026-05-14,2026-05-13,1,1,True,1.0,49,21461000000.0,1556272661.3488035,0.0,-0.0027559198063477064
00400A,2026-05-15,2026-05-14,1,1,True,1.0,51,21331000000.0,1615984848.4848485,0.0,0.03836871816812182
00400A,2026-05-18,2026-05-15,1,3,True,1.0,48,20430000000.0,1565517241.3793104,0.0,-0.031230247704894465
00400A,2026-05-19,2026-05-18,1,1,True,1.0,49,20180000000.0,1588976377.952756,0.0,0.014984911027090764
00400A,2026-05-20,2026-05-19,1,1,True,1.0,49,19642000000.0,1544182389.9371068,0.0,-0.02819046817635007
00400A,2026-05-21,2026-05-20,1,1,True,1.0,49,19534000000.0,1451263001.485884,0.0,-0.06017384284184679
00400A,2026-05-22,2026-05-21,1,1,True,1.0,48,20543000000.0,1477913669.064748,0.0,0.0183637752437551
00400A,2026-05-25,2026-05-22,1,3,True,1.0,48,21260000000.0,1459162663.006177,0.0,-0.012687484019575423
00400A,2026-05-26,2026-05-25,1,1,True,1.0,48,22213000000.0,1516245733.788396,0.0,0.039120429976337245
00400A,2026-05-27,2026-05-26,1,1,True,1.0,49,22389000000.0,1500603217.158177,0.0,-0.010316610481821864
00400A,2026-05-28,2026-05-27,1,1,True,1.0,49,22768000000.0,1581111111.1111112,0.0,0.05365035409253549
00400A,2026-05-29,2026-05-28,1,1,True,1.0,49,22152000000.0,1493728927.848955,0.0,-0.055266314080070655
00400A,2026-06-01,2026-05-29,1,3,True,1.0,48,22641000000.0,1514448160.5351171,0.0,0.013870811698076357
00400A,2026-06-02,2026-06-01,1,1,True,1.0,50,22892000000.0,1550948509.4850948,0.0,0.024101418524012486
00400A,2026-06-03,2026-06-02,1,1,True,1.0,50,22173000000.0,1476231691.078562,0.0,-0.048174918734947725
00400A,2026-06-04,2026-06-03,1,1,True,1.0,50,22683000000.0,1526446837.1467025,0.0,0.03401576214059765
00400A,2026-06-05,2026-06-04,1,1,True,1.0,50,22317000000.0,1533814432.9896905,0.0,0.004826631143446614
00400A,2026-06-08,2026-06-05,1,3,True,1.0,50,21958000000.0,1559517045.4545455,0.0,0.01675731556049831
00400A,2026-06-09,2026-06-08,1,1,True,1.0,52,21270000000.0,1453861927.546138,0.0,-0.0677486137239447
00400A,2026-06-10,2026-06-09,1,1,True,1.0,52,22189000000.0,1588332140.3006442,0.0,0.09249173543010936
00400A,2026-06-11,2026-06-10,1,1,True,1.0,49,21108000000.0,1522943722.943723,0.0,-0.041167974693595455
00400A,2026-06-12,2026-06-11,1,1,True,1.0,49,21045000000.0,1477879213.483146,0.0,-0.029590397059105378
00400A,2026-06-15,2026-06-12,1,3,True,1.0,49,21557000000.0,1473479152.4265208,0.0,-0.002977280562905249
00400A,2026-06-16,2026-06-15,1,1,True,1.0,49,22027000000.0,1496399456.521739,0.0,0.01555522794976305
00400A,2026-06-17,2026-06-16,1,1,True,1.0,49,22177000000.0,1491392064.559516,0.0,-0.00334629362527461
00400A,2026-06-18,2026-06-17,1,1,True,1.0,49,22156000000.0,1465343915.3439155,0.0,-0.017465661669115673
00400A,2026-06-22,2026-06-18,1,4,True,1.0,49,22465000000.0,1442838792.5497751,0.0,-0.0153582531435007
00400A,2026-06-23,2026-06-22,1,1,True,1.0,50,23403000000.0,1542715886.6183257,0.0,0.06922262874014384
00400A,2026-06-24,2026-06-23,1,1,True,1.0,52,23513000000.0,1575938337.8016086,0.0,0.021535041851489245
00400A,2026-06-25,2026-06-24,1,1,True,1.0,52,23770000000.0,1584666666.6666667,0.0,0.005538496434596585
00400A,2026-06-26,2026-06-25,1,1,True,1.0,55,23956000000.0,1685855031.6678395,0.0,0.06385466870078216
00400A,2026-06-29,2026-06-26,1,3,True,1.0,55,23318000000.0,1639803094.233474,0.0,-0.027316665175418864
00400A,2026-06-30,2026-06-29,1,1,True,1.0,55,24518000000.0,1656621621.6216216,0.0,0.0102564310601021
00400A,2026-07-01,2026-06-30,1,1,True,1.0,56,25471000000.0,1689058355.4376657,0.0,0.019580049778834097
00400A,2026-07-02,2026-07-01,1,1,True,1.0,56,26041000000.000004,1716611733.6849046,0.0,0.016312863412051515
00400A,2026-07-03,2026-07-02,1,1,True,1.0,58,26242000000.0,1715163398.6928103,0.0,-0.0008437172854371955
00400A,2026-07-06,2026-07-03,1,3,True,1.0,55,26499000000.0,1766600000.0,0.0,0.029989330081548804
00400A,2026-07-07,2026-07-06,1,1,True,1.0,55,26045000000.0,1814982578.3972125,0.0,0.027387398617237935
00400A,2026-07-08,2026-07-07,1,1,True,1.0,55,25277000000.0,1768859342.197341,0.0,-0.025412495276181835
00400A,2026-07-09,2026-07-08,1,1,True,1.0,54,25773000000.0,1808631578.9473684,0.0,0.022484680268935797
00400A,2026-07-13,2026-07-09,1,4,True,1.0,54,25749000000.0,1826170212.7659576,0.0,0.009697184336898923
00400A,2026-07-14,2026-07-13,1,1,True,1.0,56,25586000000.0,1866229029.9051785,0.0,0.021935971170259583
00400A,2026-07-15,2026-07-14,1,1,True,1.0,55,25869000000.0,1828197879.8586571,0.0,-0.02037860811138159
00400A,2026-07-16,2026-07-15,1,1,True,1.0,54,26652000000.0,1905075053.6097212,0.0,0.042050794718681006
00400A,2026-07-17,2026-07-16,1,1,True,1.0,54,26344000000.0,2028021555.0423403,0.0,0.06453630328089233
00400A,2026-07-20,2026-07-17,1,3,True,1.0,54,24795000000.0,1949292452.8301885,0.0,-0.038820643703911806
00400A,2026-07-21,2026-07-20,1,1,True,1.0,54,24483000000.0,1823008190.6180193,0.0,-0.06478466688198392
00400A,2026-07-22,2026-07-21,1,1,True,1.0,51,25991000000.000004,1872550432.2766573,0.0,0.027176093839623716
00400A,2026-07-23,2026-07-22,1,1,True,1.0,52,26908999999.999996,1931730078.9662597,0.0,0.03160376653655805
00400A,2026-07-24,2026-07-23,1,1,True,1.0,52,27006000000.0,2013870246.0850112,0.0,0.04252155516608602
00400A,2026-07-27,2026-07-24,1,3,True,1.0,49,26189000000.0,1948586309.5238097,0.0,-0.032417151347319595
00400A,2026-07-28,2026-07-27,1,1,True,1.0,46,26643000000.0,2129736211.0311751,0.0,0.0929647820176025
00400A,2026-07-29,2026-07-28,1,1,True,1.0,46,25192000000.0,2120538720.5387204,0.0,-0.004318605489644911
00400A,2026-07-30,2026-07-29,1,1,True,1.0,46,24646000000.0,2083347421.8089602,0.0,-0.0175386086420114
00400A,2026-07-31,2026-07-30,1,1,True,1.0,48,24610000000.0,1901854714.0649152,0.0,-0.08711591059855772
00400A,2026-08-03,2026-07-31,1,3,True,1.0,48,27714999999.999996,2091698113.207547,0.0,0.09982013754187946
00400A,2026-08-04,2026-08-03,1,1,True,1.0,48,28683999999.999996,2113780397.9366245,0.0,0.010557108881843025
00400A,2026-08-05,2026-08-04,1,1,True,1.0,50,29045000000.0,2121621621.6216216,0.0,0.0037095734697185634
00400A,2026-08-06,2026-08-05,1,1,True,1.0,50,29364000000.0,2114038876.8898487,0.0,-0.0035740325487336744
00400A,2026-08-07,2026-08-06,1,1,True,1.0,48,29602000000.0,2154439592.4308586,0.0,0.019110677661920317
00400A,2026-08-10,2026-08-07,1,3,True,1.0,48,29179000000.000004,2093185078.909613,0.0,-0.02843176190061203
00400A,2026-08-11,2026-08-10,1,1,True,1.0,48,29139000000.0,2081357142.857143,0.0,-0.005650688117188052
00400A,2026-08-12,2026-08-11,1,1,True,1.0,48,29343000000.0,2043384401.1142063,0.0,-0.018244221984320408
00400A,2026-08-13,2026-08-12,1,1,True,1.0,46,29899000000.0,2029803122.8784792,0.0,-0.006646462715640511
00400A,2026-08-14,2026-08-13,1,1,True,1.0,47,30325000000.0,2050371872.887086,0.0,0.010133371939756497
00400A,2026-08-17,2026-08-14,1,3,True,1.0,47,30301000000.0,2013355481.7275746,0.0,-0.01805350124482019
00400A,2026-08-18,2026-08-17,1,1,True,1.0,46,30318000000.0,2054065040.6504066,0.0,0.02021975716275448
00400A,2026-08-19,2026-08-18,1,1,True,1.0,45,29820999999.999996,2055203308.0634043,0.0,0.0005541535396742514
00400A,2026-08-20,2026-08-19,1,1,True,1.0,45,28695000000.0,1957366984.9931786,0.0,-0.04760420669155885
00400A,2026-08-21,2026-08-20,1,1,True,1.0,46,28875000000.0,1996887966.804979,0.0,0.020190890167659736
00400A,2026-08-24,2026-08-21,1,3,True,1.0,44,28344000000.0,1980712788.259958,0.0,-0.008100193307740366
00400A,2026-08-25,2026-08-24,1,1,True,1.0,45,28082000000.0,1952851182.1974964,0.0,-0.014066454373194537
00400A,2026-08-26,2026-08-25,1,1,True,1.0,45,28464999999.999996,1935078178.1101289,0.0,-0.009101054012404575
00400A,2026-08-27,2026-08-26,1,1,True,1.0,46,29108000000.0,1965428764.3484132,0.0,0.01568442380344859
00400A,2026-08-28,2026-08-27,1,1,True,1.0,46,29063000000.0,1937533333.3333333,0.0,-0.014193051165773518
00400A,2026-08-31,2026-08-28,1,3,True,1.0,46,29156000000.0,1946328437.917223,0.0,0.004539330721479162
00400A,2026-09-01,2026-08-31,1,1,True,1.0,46,28745000000.0,1870201691.6070268,0.0,-0.03911300108817184
00400A,2026-09-02,2026-09-01,1,1,True,1.0,46,29397000000.000004,1937837837.8378382,0.0,0.03616516150869953
00400A,2026-09-03,2026-09-02,1,1,True,1.0,46,28837000000.0,1937970430.1075268,0.0,6.8422789100131e-05
00400A,2026-09-04,2026-09-03,1,1,True,1.0,46,28200000000.0,1858932102.8345418,0.0,-0.04078407288629249
00400A,2026-09-07,2026-09-04,1,3,True,1.0,46,29076000000.0,1911637080.86785,0.0,0.028352287828556255
00400A,2026-09-08,2026-09-07,1,1,True,1.0,46,29145000000.0,1943000000.0,0.0,0.016406314486174134
00400A,2026-09-09,2026-09-08,1,1,True,1.0,46,28680000000.0,1904382470.1195219,0.0,-0.019875208379041776
00400A,2026-09-10,2026-09-09,1,1,True,1.0,45,28654000000.000004,1908994003.9973354,0.0,0.0024215376638727637
00400A,2026-09-11,2026-09-10,1,1,True,1.0,47,28611000000.0,1933175675.6756756,0.0,0.012667232913097237
00400A,2026-09-14,2026-09-11,1,3,True,1.0,48,28068000000.0,1906793478.2608695,0.0,-0.013647077059142698
00400A,2026-09-15,2026-09-14,1,1,True,1.0,48,27999000000.0,1941678224.6879334,0.0,0.018294978887215985
00400A,2026-09-16,2026-09-15,1,1,True,1.0,48,27325000000.0,1881887052.3415978,0.0,-0.030793553528131734
00400A,2026-09-17,2026-09-16,1,1,True,1.0,45,27748000000.0,1904461221.6884007,0.0,0.011995496392152916
00400A,2026-09-18,2026-09-17,1,1,True,1.0,45,27764000000.0,1850933333.3333333,0.0,-0.028106578251886005
00400A,2026-09-21,2026-09-18,1,3,True,1.0,45,28835000000.000004,1894546649.145861,0.0,0.023562877726116982
00400A,2026-09-22,2026-09-21,1,1,True,1.0,45,29312000000.0,1892317624.273725,0.0,-0.0011765478950549468
00400A,2026-09-23,2026-09-22,1,1,True,1.0,45,29541000000.000004,1897302504.8169558,0.0,0.002634272639691737
00400A,2026-09-24,2026-09-23,1,1,True,1.0,45,29464999999.999996,1881545338.44189,0.0,-0.008305036405665822
00400A,2026-09-29,2026-09-24,1,5,True,1.0,44,29244000000.0,1885493230.1740813,0.0,0.0020982176998511903
00400A,2026-09-30,2026-09-29,1,1,True,1.0,42,28736000000.0,1846786632.3907454,0.0,-0.020528632595388507
00400A,2026-10-01,2026-09-30,1,1,True,1.0,42,28852999999.999996,1849551282.051282,0.0,0.0014970054537148947
00400A,2026-10-02,2026-10-01,1,1,True,1.0,42,29001000000.0,1837832699.619772,0.0,-0.006335905657351204
00400A,2026-10-05,2026-10-02,1,3,True,1.0,41,29448000000.0,1782566585.9564166,0.0,-0.030071351801929103
00400A,2026-10-06,2026-10-05,1,1,True,1.0,44,30714000000.0,1849127031.908489,0.0,0.03733966881038553
00400A,2026-10-07,2026-10-06,1,1,True,1.0,44,30968000000.0,1880267152.3983002,0.0,0.016840444140644673
00400A,2026-10-08,2026-10-07,1,1,True,1.0,44,31142000000.0,1928297213.622291,0.0,0.02554427500513845
00401A,2026-04-01,2026-03-31,1,1,True,1.0,0,,,0.0,
00401A,2026-04-02,2026-04-01,1,1,True,1.0,0,,,0.0,
00401A,2026-04-07,2026-04-02,1,5,True,1.0,0,,,0.0,
00401A,2026-04-08,2026-04-07,1,1,True,1.0,59,,,0.0,
00401A,2026-04-09,2026-04-08,1,1,True,1.0,58,,,0.0,
00401A,2026-04-10,2026-04-09,1,1,True,0.984375,58,2731000000.0,257398680.4901037,-0.015625,
00401A,2026-04-13,2026-04-10,1,3,True,0.972972972972973,57,2721000000.0,254775280.8988764,-0.027027027027026973,-0.010191969850941618
00401A,2026-04-14,2026-04-13,1,1,True,0.9752434083212385,58,2665000000.0,245395948.43462247,-0.02475659167876154,-0.03681413844844983
00401A,2026-04-15,2026-04-14,1,1,True,1.0,57,2627000000.0,238168631.00634634,0.0,-0.029451657512599927
00401A,2026-04-16,2026-04-15,1,1,True,1.0,57,2678000000.0,238256227.7580071,0.0,0.0003677929847043515
00401A,2026-04-17,2026-04-16,1,1,True,1.0,57,2740000000.0,240985048.37291119,0.0,0.011453302356804196
00401A,2026-04-20,2026-04-17,1,3,True,1.0,57,2794000000.0,242745438.748914,0.0,0.007304977582172301
00401A,2026-04-21,2026-04-20,1,1,True,1.0,57,2838000000.0,243814432.98969072,0.0,0.004403766539491816
00401A,2026-04-22,2026-04-21,1,1,True,1.0,57,2924000000.0,248006785.41136557,0.0,0.017194849255917966
00401A,2026-04-23,2026-04-22,1,1,True,1.0,57,2980000000.0,257785467.12802768,0.0,0.03942908941157541
00401A,2026-04-24,2026-04-23,1,1,True,1.0,56,3012000000.0,255687606.11205435,0.0,-0.008138011189480432
00401A,2026-04-27,2026-04-24,1,3,True,1.0,56,3065000000.0,259525825.57154953,0.0,0.015011362959114649
00401A,2026-04-28,2026-04-27,1,1,True,1.0,56,3155000000.0,265572390.57239056,0.0,0.023298509840108395
00401A,2026-04-29,2026-04-28,1,1,True,1.0,57,3257000000.0,274158249.15824914,0.0,0.03232963549920753
00401A,2026-04-30,2026-04-29,1,1,True,1.0,57,3265999999.9999995,271487946.7996675,0.0,-0.009740003690497434
00401A,2026-05-04,2026-04-30,1,4,True,1.0,57,3285000000.0,263221153.84615383,0.0,-0.03044994465118467
00401A,2026-05-05,2026-05-04,1,1,True,1.0,58,3447000000.0,275099760.5746209,0.0,0.045127857525500525
00401A,2026-05-06,2026-05-05,1,1,True,1.0,58,3608000000.0,286122125.29738307,0.0,0.040066791405921176
00401A,2026-05-07,2026-05-06,1,1,True,1.0,58,3647999999.9999995,286567164.17910445,0.0,0.0015554158255284278
00401A,2026-05-08,2026-05-07,1,1,True,1.0,58,3675000000.0,292828685.2589641,0.0,0.021850099601593564
00401A,2026-05-11,2026-05-08,1,3,True,0.9522007806758859,58,3633000000.0,283606557.37704915,-0.04779921932411413,-0.03149325303892048
00401A,2026-05-12,2026-05-11,1,1,True,1.0,58,3559000000.0000005,276319875.7763975,0.0,-0.025692923562991243
00401A,2026-05-13,2026-05-12,1,1,True,1.0,58,3528000000.0,275409836.06557375,0.0,-0.003293428343751126
00401A,2026-05-14,2026-05-13,1,1,True,0.9785539660639508,58,3500000000.0,273865414.71048516,-0.021446033936049158,-0.005607720396452631
00401A,2026-05-15,2026-05-14,1,1,True,1.0,58,3425000000.0,276655896.60743135,0.0,0.010189245326563512
00401A,2026-05-18,2026-05-15,1,3,True,1.0,59,3329999999.9999995,269635627.53036433,0.0,-0.025375454357398408
00401A,2026-05-19,2026-05-18,1,1,True,1.0,59,3282000000.0,270123456.79012346,0.0,0.001809216624031551
00401A,2026-05-20,2026-05-19,1,1,True,1.0,58,3221000000.0,264667214.46179128,0.0,-0.020199068948578924
00401A,2026-05-21,2026-05-20,1,1,True,0.974914732973505,58,3173000000.0,249449685.53459117,-0.02508526702649505,-0.05749684167774771
00401A,2026-05-22,2026-05-21,1,1,True,0.9828422096062,58,3211999999.9999995,245565749.23547396,-0.017157790393800054,-0.015570018822808396
00401A,2026-05-25,2026-05-22,1,3,True,1.0,58,3267000000.0,240397350.99337748,0.0,-0.02104690193232317
00401A,2026-05-26,2026-05-25,1,1,True,1.0,59,3421000000.0,251914580.26509574,0.0,0.04790913553800169
00401A,2026-05-27,2026-05-26,1,1,True,1.0,59,3428000000.0,249127906.9767442,0.0,-0.01106197698211453
00401A,2026-05-28,2026-05-27,1,1,True,1.0,60,3536999999.9999995,263955223.88059697,0.0,0.05951688465490479
00401A,2026-05-29,2026-05-28,1,1,True,1.0,60,3507000000.0,256547183.61375275,0.0,-0.02806551868128715
00401A,2026-06-01,2026-05-29,1,3,True,1.0,60,3569000000.0,259752547.30713245,0.0,0.012494246275591925
00401A,2026-06-02,2026-06-01,1,1,True,0.9636363636363636,60,3592000000.0,262381300.21913806,-0.036363636363636376,0.01012021995263579
00401A,2026-06-03,2026-06-02,1,1,True,1.0,60,3456000000.0,247387258.41088045,0.0,-0.05714600009884374
00401A,2026-06-04,2026-06-03,1,1,True,1.0,60,3529000000.0,254985549.13294798,0.0,0.03071415549400558
00401A,2026-06-05,2026-06-04,1,1,True,1.0,60,3495000000.0000005,255482456.1403509,0.0,0.001948765367655536
00401A,2026-06-08,2026-06-05,1,3,True,1.0,60,3467000000.0,261660377.35849056,0.0,0.024181391205765568
00401A,2026-06-09,2026-06-08,1,1,True,1.0,60,3334000000.0000005,242825928.62345234,0.0,-0.07198051506756753
00401A,2026-06-10,2026-06-09,1,1,True,1.0,59,3447000000.0,260938682.81604844,0.0,0.0745915162160602
00401A,2026-06-11,2026-06-10,1,1,True,1.0,60,3308000000.0,249472096.53092006,0.0,-0.043943604533375646
00401A,2026-06-12,2026-06-11,1,1,True,1.0,61,3433000000.0,253545051.69867063,0.0,0.01632629550313558
00401A,2026-06-15,2026-06-12,1,3,True,1.0,61,3472999999.9999995,253503649.63503647,0.0,-0.00016329272985915466
00401A,2026-06-16,2026-06-15,1,1,True,1.0,61,3542000000.0,257225853.3042847,0.0,0.014683037796919374
00401A,2026-06-17,2026-06-16,1,1,True,0.9648562300319489,61,3569000000.0,258248914.6164978,-0.03514376996805113,0.003977288048891747
00401A,2026-06-18,2026-06-17,1,1,True,1.0,60,3478000000.0,248606147.2480343,0.0,-0.037339043158354124
00401A,2026-06-22,2026-06-18,1,4,True,1.0,61,3517000000.0,247327707.45428973,0.0,-0.005142430337690129
00401A,2026-06-23,2026-06-22,1,1,True,1.0,62,3552000000.0000005,253352353.78031388,0.0,0.024358962398653317
00401A,2026-06-24,2026-06-23,1,1,True,0.968192444936631,62,3507000000.0,253762662.8075253,-0.031807555063368964,0.0016195193022252585
00401A,2026-06-25,2026-06-24,1,1,True,1.0,62,3354999999.9999995,243292240.75416967,0.0,-0.0412606879889863
00401A,2026-06-26,2026-06-25,1,1,True,1.0,62,3364000000.0,254655563.96669188,0.0,0.04670647603597056
00401A,2026-06-29,2026-06-26,1,3,True,1.0,62,3214000000.0,242932728.64701435,0.0,-0.04603408281002974
00401A,2026-06-30,2026-06-29,1,1,True,1.0,62,3221000000.0,236838235.29411766,0.0,-0.025087164610710366
00401A,2026-07-01,2026-06-30,1,1,True,1.0,62,3290000000.0,240321402.48356465,0.0,0.01470694622057711
00401A,2026-07-02,2026-07-01,1,1,True,1.0,62,3331000000.0,241727140.78374457,0.0,0.005849409522633131
00401A,2026-07-03,2026-07-02,1,1,True,1.0,61,3345000000.0000005,241341991.3419914,0.0,-0.001593323118390555
00401A,2026-07-06,2026-07-03,1,3,True,1.0,61,3361000000.0,244970845.48104954,0.0,0.01503614898874317
00401A,2026-07-07,2026-07-06,1,1,True,1.0,61,3302000000.0000005,249207547.16981137,0.0,0.017294717991613195
00401A,2026-07-08,2026-07-07,1,1,True,1.0,61,3194000000.0,240693293.14242652,0.0,-0.03416531370770726
00401A,2026-07-09,2026-07-08,1,1,True,1.0,61,3211999999.9999995,240059790.73243642,0.0,-0.0026319902882181445
00401A,2026-07-13,2026-07-09,1,4,True,1.0,61,3231000000.0,243665158.37104073,0.0,0.01501862360041284
00401A,2026-07-14,2026-07-13,1,1,True,1.0,61,3213000000.0000005,246206896.55172417,0.0,0.010431274613389663
00401A,2026-07-15,2026-07-14,1,1,True,1.0,61,3142000000.0,235179640.71856287,0.0,-0.044788574112279766
00401A,2026-07-16,2026-07-15,1,1,True,0.9684212121212121,62,3220000000.0000005,241741741.74174178,-0.03157878787878787,0.027902504668895656
00401A,2026-07-17,2026-07-16,1,1,True,1.0,62,3105000000.0,248400000.0,0.0,0.02754285714285709
00401A,2026-07-20,2026-07-17,1,3,True,1.0,62,2928000000.0,237662337.66233766,0.0,-0.04322730409686937
00401A,2026-07-21,2026-07-20,1,1,True,1.0,62,3000000000.0,233281493.00155523,0.0,-0.018433062233893294
00401A,2026-07-22,2026-07-21,1,1,True,0.944711308833363,62,3133000000.0,237348484.84848487,-0.05528869116663704,0.017433838383838385
00401A,2026-07-23,2026-07-22,1,1,True,1.0,62,3050000000.0,231060606.06060606,0.0,-0.0264921800191511
00401A,2026-07-24,2026-07-23,1,1,True,1.0,62,3056000000.0,236715724.24477148,0.0,0.02447460984622407
00401A,2026-07-27,2026-07-24,1,3,True,1.0,62,2968000000.0,230972762.6459144,0.0,-0.02426100596899372
00401A,2026-07-28,2026-07-27,1,1,True,1.0,62,2965000000.0,244233937.3970346,0.0,0.05741445267920975
00401A,2026-07-29,2026-07-28,1,1,True,1.0,62,2796000000.0,240826873.38501292,0.0,-0.013950002396608041
00401A,2026-07-30,2026-07-29,1,1,True,1.0,62,2682000000.0,231606217.6165803,0.0,-0.03828748693544448
00401A,2026-07-31,2026-07-30,1,1,True,1.0,62,2670000000.0,212749003.98406374,0.0,-0.08141928928580977
00401A,2026-08-03,2026-07-31,1,3,True,1.0,61,2927000000.0,229568627.4509804,0.0,0.07905852977895278
00401A,2026-08-04,2026-08-03,1,1,True,0.9518109261776421,60,2948000000.0,228173374.6130031,-0.04818907382235793,-0.0060777156420260825
00401A,2026-08-05,2026-08-04,1,1,True,1.0,59,2860000000.0,213273676.3609247,0.0,-0.06529989871670727
00401A,2026-08-06,2026-08-05,1,1,True,1.0,59,2947000000.0,220089619.11874533,0.0,0.03195866866516606
00401A,2026-08-07,2026-08-06,1,1,True,1.0,60,3027000000.0,228798185.94104308,0.0,0.03956827612845837
00401A,2026-08-10,2026-08-07,1,3,True,1.0,60,2992000000.0,222288261.51560175,0.0,-0.028452692483841635
00401A,2026-08-11,2026-08-10,1,1,True,1.0,60,3109000000.0,231152416.35687733,0.0,0.03987684631135324
00401A,2026-08-12,2026-08-11,1,1,True,1.0,61,3220000000.0000005,237288135.59322038,0.0,0.026544041083568448
00401A,2026-08-13,2026-08-12,1,1,True,1.0,61,3258000000.0,235916002.89645183,0.0,-0.005782559222096029
00401A,2026-08-14,2026-08-13,1,1,True,1.0,61,3301000000.0,241477688.36869055,0.0,0.02357485462603348
00401A,2026-08-17,2026-08-14,1,3,True,1.0,61,3277000000.0000005,239197080.29197085,0.0,-0.009444384249851057
00401A,2026-08-18,2026-08-17,1,1,True,1.0,61,3283000000.0,244089219.33085504,0.0,0.020452335926979925
00401A,2026-08-19,2026-08-18,1,1,True,1.0,60,3236999999.9999995,244117647.0588235,0.0,0.00011646449624613808
00401A,2026-08-20,2026-08-19,1,1,True,1.0,59,3184000000.0,238501872.65917602,0.0,-0.023004377058796877
00401A,2026-08-21,2026-08-20,1,1,True,1.0,59,3195000000.0,239505247.37631184,0.0,0.004206988842262227
00401A,2026-08-24,2026-08-21,1,3,True,1.0,59,3187000000.0,240709969.78851962,0.0,0.005030046002770572
00401A,2026-08-25,2026-08-24,1,1,True,1.0,59,3157000000.0,238084464.5550528,0.0,-0.010907338968026647
00401A,2026-08-26,2026-08-25,1,1,True,1.0,59,3188000000.0,236148148.14814815,0.0,-0.008132896913384702
00401A,2026-08-27,2026-08-26,1,1,True,0.9638569768942816,59,3239000000.0,237637564.19662508,-0.036143023105718375,0.006307125675796277
00401A,2026-08-28,2026-08-27,1,1,True,1.0,58,3151000000.0,228830791.57588962,0.0,-0.037059682253974824
00401A,2026-08-31,2026-08-28,1,3,True,1.0,58,3177000000.0,231391114.34814274,0.0,0.011188716145327016
00401A,2026-09-01,2026-08-31,1,1,True,1.0,57,3151000000.0,222057787.17406625,0.0,-0.040335719893002886
00401A,2026-09-02,2026-09-01,1,1,True,1.0,56,3265000000.0,232219061.16642958,0.0,0.04575959312968436
00401A,2026-09-03,2026-09-02,1,1,True,1.0,55,3162000000.0,226504297.99426934,0.0,-0.024609363001706908
00401A,2026-09-04,2026-09-03,1,1,True,1.0,55,3130000000.0,221514508.13871196,0.0,-0.022029559261094622
00401A,2026-09-07,2026-09-04,1,3,True,1.0,55,3239000000.0,226187150.83798882,0.0,0.021094070715904856
00401A,2026-09-08,2026-09-07,1,1,True,1.0,55,3284000000.0000005,229811056.68299514,0.0,0.016021714016823285
00401A,2026-09-09,2026-09-08,1,1,True,1.0,55,3308000000.0,230844382.414515,0.0,0.0044964143433066095
00401A,2026-09-10,2026-09-09,1,1,True,1.0,55,3403000000.0,239142656.35980323,0.0,0.035947480542920296
00401A,2026-09-11,2026-09-10,1,1,True,1.0,56,3520000000.0000005,250177683.01350394,0.0,0.04614411674468433
00401A,2026-09-14,2026-09-11,1,3,True,1.0414485825794935,55,3544000000.0,255515501.08147082,0.041448582579493465,0.021336108015992616
00401A,2026-09-15,2026-09-14,1,1,True,1.0,55,3629999999.9999995,263808139.53488368,0.0,0.03245454157698546
00401A,2026-09-16,2026-09-15,1,1,True,1.0,53,3588000000.0000005,258874458.8744589,0.0,-0.018701775726568837
00401A,2026-09-17,2026-09-16,1,1,True,1.0,54,3627000000.0000005,260000000.00000006,0.0,0.004347826086956719
00401A,2026-09-18,2026-09-17,1,1,True,1.0,54,3646000000.0,256399437.41209564,0.0,-0.013848317645786201
00401A,2026-09-21,2026-09-18,1,3,True,1.0,54,3732000000.0,260614525.1396648,0.0,0.016439535788818738
00401A,2026-09-22,2026-09-21,1,1,True,1.0,54,3752000000.0000005,261828332.1702722,0.0,0.004657480353241761
00401A,2026-09-23,2026-09-22,1,1,True,1.0,54,3754000000.0,262150837.9888268,0.0,0.001231745303807985
00401A,2026-09-24,2026-09-23,1,1,True,1.0,55,3765999999.9999995,263725490.19607842,0.0,0.006006664786319504
00401A,2026-09-29,2026-09-24,1,5,True,1.0,55,3754999999.9999995,264250527.7973258,0.0,0.0019908488969231364
00401A,2026-09-30,2026-09-29,1,1,True,1.0,55,3710000000.0,260900140.64697608,0.0,-0.012678828603587045
00401A,2026-10-01,2026-09-30,1,1,True,1.0,55,3715000000.0,260518934.08134642,0.0,-0.0014611205830872276
00401A,2026-10-02,2026-10-01,1,1,True,1.0,55,3736000000.0,260529986.0529986,0.0,4.2422911375572525e-05
00401A,2026-10-05,2026-10-02,1,3,True,1.0,55,3769000000.0,257094133.69713506,0.0,-0.013187934363780296
00401A,2026-10-06,2026-10-05,1,1,True,1.0,55,3851000000.0,262508520.79072937,0.0,0.021059940247305065
00401A,2026-10-07,2026-10-06,1,1,True,1.0,55,3817000000.0,261080711.35430917,0.0,-0.005439097489557065
00401A,2026-10-08,2026-10-07,1,1,True,1.0,55,3799000000.0,261459050.24088094,0.0,0.0014491261518676524
00402A,2026-06-08,2026-06-05,1,3,True,1.0,29,,,0.0,
00402A,2026-06-09,2026-06-08,1,1,True,1.3181818181818181,51,6579000000.000001,657242757.2427573,0.3181818181818181,
00402A,2026-06-10,2026-06-09,1,1,True,1.0,52,6703000000.0,707814149.9472016,0.0,0.07694476986950716
00402A,2026-06-11,2026-06-10,1,1,True,1.0,52,8506999999.999999,903078556.2632695,0.0,0.2758695998527769
00402A,2026-06-12,2026-06-11,1,1,True,1.0,52,8683000000.0,901661474.5586708,0.0,-0.0015691677039285645
00402A,2026-06-15,2026-06-12,1,3,True,1.0,52,9001000000.0,907358870.967742,0.0,0.00631877547153703
00402A,2026-06-16,2026-06-15,1,1,True,1.0,51,8866000000.0,883948155.5333998,0.0,-0.025800944018295136
00402A,2026-06-17,2026-06-16,1,1,True,1.0,51,9119000000.0,914643931.7953861,0.0,0.03472576538548644
00402A,2026-06-18,2026-06-17,1,1,True,1.0,51,8699000000.0,874271356.7839197,0.0,-0.04414020976689548
00402A,2026-06-22,2026-06-18,1,4,True,1.0,51,8669000000.0,864307078.763709,0.0,-0.011397237188308651
00402A,2026-06-23,2026-06-22,1,1,True,1.0,51,8919000000.0,894583751.2537612,0.0,0.03502999481776725
00402A,2026-06-24,2026-06-23,1,1,True,1.0,51,8778000000.0,894801223.2415901,0.0,0.00024309852210513405
00402A,2026-06-25,2026-06-24,1,1,True,1.0,51,8195000000.0,828614762.3862487,0.0,-0.07396778092855993
00402A,2026-06-26,2026-06-25,1,1,True,1.0,50,8234000000.0,848865979.3814434,0.0,0.02443984576967373
00402A,2026-06-29,2026-06-26,1,3,True,1.0,50,8331999999.999999,858084449.0216271,0.0,0.010859746843548956
00402A,2026-06-30,2026-06-29,1,1,True,1.0,50,8138000000.0,817068273.0923694,0.0,-0.047799696144154025
00402A,2026-07-01,2026-06-30,1,1,True,1.0,50,8320999999.999999,827960199.004975,0.0,0.013330496693235494
00402A,2026-07-02,2026-07-01,1,1,True,1.0,50,8412000000.0,844578313.253012,0.0,0.020071151086741068
00402A,2026-07-03,2026-07-02,1,1,True,1.0,50,8081000000.0,821239837.398374,0.0,-0.02763328810178245
00402A,2026-07-06,2026-07-03,1,3,True,1.0,50,7602000000.0,775714285.7142856,0.0,-0.05543514770095648
00402A,2026-07-07,2026-07-06,1,1,True,1.0,51,7606999999.999999,781006160.1642709,0.0,0.00682193759666605
00402A,2026-07-08,2026-07-07,1,1,True,1.0,51,7776000000.000001,805803108.8082902,0.0,0.0317500039164913
00402A,2026-07-09,2026-07-08,1,1,True,1.0,51,7531000000.0,772410256.4102564,0.0,-0.04144046111638722
00402A,2026-07-13,2026-07-09,1,4,True,1.0,50,7559999999.999999,772216547.4974463,0.0,-0.00025078500861752673
00402A,2026-07-14,2026-07-13,1,1,True,1.0,51,7706000000.0,789549180.3278688,0.0,0.022445300980137084
00402A,2026-07-15,2026-07-14,1,1,True,1.0,51,7489000000.0,748900000.0,0.0,-0.0514840384116273
00402A,2026-07-16,2026-07-15,1,1,True,1.0,51,7552000000.0,765146909.8277609,0.0,0.02169436483877818
00402A,2026-07-17,2026-07-16,1,1,True,1.0,51,7369000000.0,781442205.7264051,0.0,0.021296950545500293
00402A,2026-07-20,2026-07-17,1,3,True,1.0,51,7127000000.0,751793248.9451476,0.0,-0.03794133022761004
00402A,2026-07-21,2026-07-20,1,1,True,1.0,51,7064000000.0,736600625.6517205,0.0,-0.02020851253285938
00402A,2026-07-22,2026-07-21,1,1,True,1.0,51,7065000000.000001,722392638.0368099,0.0,-0.019288590207671708
00402A,2026-07-23,2026-07-22,1,1,True,1.0,51,7304000000.000001,750668036.9989723,0.0,0.039141316610042276
00402A,2026-07-24,2026-07-23,1,1,True,1.0,52,7244000000.0,752232606.4382138,0.0,0.0020842361231954154
00402A,2026-07-27,2026-07-24,1,3,True,1.0,52,7122000000.0,742648592.2836288,0.0,-0.012740758739460789
00402A,2026-07-28,2026-07-27,1,1,True,1.0,52,7045000000.0,764929424.538545,0.0,0.03000185078975659
00402A,2026-07-29,2026-07-28,1,1,True,1.0,52,6926000000.000001,765303867.403315,0.0,0.0004895129573501134
00402A,2026-07-30,2026-07-29,1,1,True,1.0,52,6787000000.0,762584269.6629213,0.0,-0.0035536181851808513
00402A,2026-07-31,2026-07-30,1,1,True,1.0,52,6580000000.0,691903259.7266036,0.0,-0.09268616302242927
00402A,2026-08-03,2026-07-31,1,3,True,1.0,52,6977000000.0,735194942.044257,0.0,0.0625689815867605
00402A,2026-08-04,2026-08-03,1,1,True,1.0,52,6934000000.0,724555903.8662487,0.0,-0.014471043759395008
00402A,2026-08-05,2026-08-04,1,1,True,1.0,51,7095999999.999999,715322580.6451612,0.0,-0.012743424174474827
00402A,2026-08-06,2026-08-05,1,1,True,1.0,51,7345999999.999999,751893551.6888434,0.0,0.05112514554020975
00402A,2026-08-07,2026-08-06,1,1,True,1.0,51,7159000000.0,734256410.2564102,0.0,-0.023456965939949836
00402A,2026-08-10,2026-08-07,1,3,True,1.0,51,7084999999.999999,717105263.1578946,0.0,-0.023358525521794626
00402A,2026-08-11,2026-08-10,1,1,True,1.0,51,7198000000.0,733741080.5300714,0.0,0.023198571014411584
00402A,2026-08-12,2026-08-11,1,1,True,1.0,51,7031999999.999999,718283963.2277834,0.0,-0.02106617403937827
00402A,2026-08-13,2026-08-12,1,1,True,1.0,51,7025000000.0,709595959.5959595,0.0,-0.012095499936796927
00402A,2026-08-14,2026-08-13,1,1,True,1.0,52,7103000000.0,716750756.8113017,0.0,0.010082917072154807
00402A,2026-08-17,2026-08-14,1,3,True,1.0,51,7123999999.999999,715979899.4974874,0.0,-0.0010754886639307015
00402A,2026-08-18,2026-08-17,1,1,True,1.0,51,7051000000.000001,714387031.4083081,0.0,-0.0022247385580198564
00402A,2026-08-19,2026-08-18,1,1,True,1.0,51,6980000000.0,724066390.0414938,0.0,0.013549180216925638
00402A,2026-08-20,2026-08-19,1,1,True,1.0,51,6601000000.000001,684751037.3443984,0.0,-0.0542979942693409
00402A,2026-08-21,2026-08-20,1,1,True,1.0,51,6523000000.0,680187695.5161626,0.0,-0.0066642349983627724
00402A,2026-08-24,2026-08-21,1,3,True,1.0,51,6509000000.0,685879873.5511065,0.0,0.008368540143355974
00402A,2026-08-25,2026-08-24,1,1,True,1.0,51,6498999999.999999,686997885.8350949,0.0,0.00163004095483954
00402A,2026-08-26,2026-08-25,1,1,True,1.0,51,6382000000.0,671083070.4521556,0.0,-0.023165741425235642
00402A,2026-08-27,2026-08-26,1,1,True,1.0,50,6461000000.0,670924195.2232606,0.0,-0.00023674450435462457
00402A,2026-08-28,2026-08-27,1,1,True,1.0,50,6770000000.0,705208333.3333334,0.0,0.051099868441417895
00402A,2026-08-31,2026-08-28,1,3,True,1.0,50,6873000000.0,719685863.8743455,0.0,0.02052943769478821
00402A,2026-09-01,2026-08-31,1,1,True,1.0,50,6767000000.0,711566771.8191378,0.0,-0.011281438837077551
00402A,2026-09-02,2026-09-01,1,1,True,1.0,50,6768000000.000001,723076923.0769233,0.0,0.01617578520194174
00402A,2026-09-03,2026-09-02,1,1,True,1.0,50,6640000000.000001,710160427.8074868,0.0,-0.01786323813858237
00402A,2026-09-04,2026-09-03,1,1,True,1.0,50,6647000000.0,698948475.2891693,0.0,-0.015787915067209113
00402A,2026-09-07,2026-09-04,1,3,True,1.0,50,6719000000.0,705777310.9243698,0.0,0.009770155993795271
00402A,2026-09-08,2026-09-07,1,1,True,1.0,50,6768000000.000001,710924369.7478993,0.0,0.007292751897603811
00402A,2026-09-09,2026-09-08,1,1,True,1.0,50,6751000000.000001,708394543.5466948,0.0,-0.0035585025761624145
00402A,2026-09-10,2026-09-09,1,1,True,1.0,50,6773999999.999999,710062893.081761,0.0,0.002355113474919568
00402A,2026-09-11,2026-09-10,1,1,True,1.0,49,6755000000.0,714059196.617336,0.0,0.005628097981899227
00402A,2026-09-14,2026-09-11,1,3,True,1.0,49,6664000000.0,705932203.3898306,0.0,-0.011381399841924766
00402A,2026-09-15,2026-09-14,1,1,True,1.0,49,6742000000.0,717234042.5531914,0.0,0.016009808178590434
00402A,2026-09-16,2026-09-15,1,1,True,1.0,49,6584000000.0,699681190.2231668,0.0,-0.02447297714361185
00402A,2026-09-17,2026-09-16,1,1,True,1.0,49,6578000000.0,690966386.5546219,0.0,-0.012455392241951357
00402A,2026-09-18,2026-09-17,1,1,True,1.0,50,6623000000.0,688461538.4615386,0.0,-0.003625137404401624
00402A,2026-09-21,2026-09-18,1,3,True,1.0,50,6748000000.0,692102564.1025641,0.0,0.005288640595902949
00402A,2026-09-22,2026-09-21,1,1,True,1.0,50,6768000000.000001,676800000.0000001,0.0,-0.02211025489033769
00402A,2026-09-23,2026-09-22,1,1,True,1.0,50,6931000000.0,687599206.3492063,0.0,0.01595627415662859
00402A,2026-09-24,2026-09-23,1,1,True,1.0,50,6831000000.0,681056829.5114657,0.0,-0.009514811502586373
00402A,2026-09-29,2026-09-24,1,5,True,1.0,50,6455000000.0,649396378.2696178,0.0,-0.04648723846519309
00402A,2026-09-30,2026-09-29,1,1,True,1.0,50,6321000000.0,630838323.3532934,0.0,-0.02857739207873966
00402A,2026-10-01,2026-09-30,1,1,True,1.0,50,6260000000.0,612524461.8395303,0.0,-0.02903099072423765
00402A,2026-10-02,2026-10-01,1,1,True,1.0,50,6162000000.0,601757812.5,0.0,-0.017577500998402606
00402A,2026-10-05,2026-10-02,1,3,True,1.0,50,6102000000.0,595317073.1707317,0.0,-0.010703208492649718
00402A,2026-10-06,2026-10-05,1,1,True,1.0,50,5986000000.0,579477250.7260406,0.0,-0.02660737136317326
00402A,2026-10-07,2026-10-06,1,1,True,1.0,50,5901000000.0,569045323.0472517,0.0,-0.018002307537903328
00403A,2026-05-12,2026-05-11,1,1,True,1.3699008379888267,42,79172000000.0,7330740740.74074,0.36990083798882667,
00403A,2026-05-13,2026-05-12,1,1,True,1.1488888888888888,45,117683999999.99998,11560314341.846758,0.14888888888888885,0.5769640136910146
00403A,2026-05-14,2026-05-13,1,1,True,1.0,49,143520000000.0,14015625000.0,0.0,0.21239134036912422
00403A,2026-05-15,2026-05-14,1,1,True,1.0,49,151160000000.0,15116000000.0,0.0,0.07851059085841694
00403A,2026-05-18,2026-05-15,1,3,True,1.001009998990001,49,156366000000.0,15890853658.536585,0.001009998990000982,0.05126049606619376
00403A,2026-05-19,2026-05-18,1,1,True,1.0,49,170793000000.0,17571296296.296295,0.0,0.10574904746271918
00403A,2026-05-20,2026-05-19,1,1,True,1.0,49,172330000000.0,17839544513.457558,0.0,0.015266273622499105
00403A,2026-05-21,2026-05-20,1,1,True,1.0,47,175427000000.0,17525174825.174824,0.0,-0.017622069220746273
00403A,2026-05-22,2026-05-21,1,1,True,1.0,47,182729000000.0,17914607843.137257,0.0,0.022221348537020846
00403A,2026-05-25,2026-05-22,1,3,True,1.0,47,187603000000.0,17731852551.98488,0.0,-0.010201467581797408
00403A,2026-05-26,2026-05-25,1,1,True,1.0,47,193487000000.0,18184868421.05263,0.0,0.025548140993144175
00403A,2026-05-27,2026-05-26,1,1,True,1.0,48,194473000000.0,18040166975.881264,0.0,-0.007957244551951015
00403A,2026-05-28,2026-05-27,1,1,True,1.0,49,196102000000.0,18729894937.91786,0.0,0.038232903440346355
00403A,2026-05-29,2026-05-28,1,1,True,1.0,47,191017000000.0,17852056074.766357,0.0,-0.046868328202650744
00403A,2026-06-01,2026-05-29,1,3,True,1.0,48,194505000000.0,17976432532.347504,0.0,0.006967066261737154
00403A,2026-06-02,2026-06-01,1,1,True,1.0,47,193509000000.0,18084953271.028038,0.0,0.006036833976110545
00403A,2026-06-03,2026-06-02,1,1,True,1.0,46,191408000000.0,17739388322.520855,0.0,-0.01910787068832387
00403A,2026-06-04,2026-06-03,1,1,True,1.0,47,191557000000.0,18088479697.82814,0.0,0.01967888457935718
00403A,2026-06-05,2026-06-04,1,1,True,1.0,48,186030000000.0,17870317002.881844,0.0,-0.012060864074303068
00403A,2026-06-08,2026-06-05,1,3,True,1.0,49,182540000000.0,18019743336.62389,0.0,0.008361705823010768
00403A,2026-06-09,2026-06-08,1,1,True,1.0,47,177927000000.0,17091930835.73487,0.0,-0.05148866349296466
00403A,2026-06-10,2026-06-09,1,1,True,1.0,47,182642000000.0,18191434262.948208,0.0,0.06432880157194143
00403A,2026-06-11,2026-06-10,1,1,True,1.0,46,172624000000.0,17279679679.67968,0.0,-0.05011999439349124
00403A,2026-06-12,2026-06-11,1,1,True,1.0,47,176503000000.0,17219804878.048782,0.0,-0.0034650411778933687
00403A,2026-06-15,2026-06-12,1,3,True,1.0,48,180619000000.0,17023468426.013197,0.0,-0.011401781461871763
00403A,2026-06-16,2026-06-15,1,1,True,1.0,48,182931000000.0,17096355140.186916,0.0,0.0042815431232769985
00403A,2026-06-17,2026-06-16,1,1,True,1.0,49,178078000000.0,16565395348.83721,0.0,-0.031056899964696294
00403A,2026-06-18,2026-06-17,1,1,True,1.0,49,175622000000.0,15922212148.685404,0.0,-0.03882691518116732
00403A,2026-06-22,2026-06-18,1,4,True,1.0,49,175232000000.0,15398242530.75571,0.0,-0.0329080917297635
00403A,2026-06-23,2026-06-22,1,1,True,1.0,47,178538000000.0,16084504504.504505,0.0,0.044567551938351935
00403A,2026-06-24,2026-06-23,1,1,True,1.0,47,174874000000.0,15840036231.88406,0.0,-0.015198993077590983
00403A,2026-06-25,2026-06-24,1,1,True,1.0,47,173427000000.0,15609990999.09991,0.0,-0.01452302440578368
00403A,2026-06-26,2026-06-25,1,1,True,1.0,46,174951000000.0,16567329545.454544,0.0,0.06132857773011113
00403A,2026-06-29,2026-06-26,1,3,True,1.0,44,165919000000.0,15623258003.76648,0.0,-0.05698392967302823
00403A,2026-06-30,2026-06-29,1,1,True,1.0,44,166679000000.0,15125136116.15245,0.0,-0.03188335541114029
00403A,2026-07-01,2026-06-30,1,1,True,1.0,45,172441000000.0,15465560538.11659,0.0,0.022507197247672694
00403A,2026-07-02,2026-07-01,1,1,True,1.0,45,174362000000.0,15651885098.743267,0.0,0.012047708207371999
00403A,2026-07-03,2026-07-02,1,1,True,1.0,45,173063000000.0,15535278276.481148,0.0,-0.007450017779103257
00403A,2026-07-06,2026-07-03,1,3,True,1.0,44,173800000000.0,15901189387.008234,0.0,0.023553560098182436
00403A,2026-07-07,2026-07-06,1,1,True,1.0,44,168936000000.0,16166124401.913877,0.0,0.01666133321587271
00403A,2026-07-08,2026-07-07,1,1,True,1.0,44,160692000000.0,15436311239.193083,0.0,-0.04514459647696345
00403A,2026-07-09,2026-07-08,1,1,True,1.0,44,161933000000.0,15451622137.40458,0.0,0.0009918754535489516
00403A,2026-07-13,2026-07-09,1,4,True,1.0,42,162625000000.0,15667148362.235065,0.0,0.01394845297884606
00403A,2026-07-14,2026-07-13,1,1,True,1.0,41,160922000000.0,15917111770.524235,0.0,0.015954620618241933
00403A,2026-07-15,2026-07-14,1,1,True,1.0,41,159587000000.0,15330163304.514889,0.0,-0.036875312209359135
00403A,2026-07-16,2026-07-15,1,1,True,1.0,41,164543000000.0,16006128404.669262,0.0,0.04409379644085676
00403A,2026-07-17,2026-07-16,1,1,True,1.0,42,161934000000.0,17009873949.579832,0.0,0.06271007701136266
00403A,2026-07-20,2026-07-17,1,3,True,1.0,43,154870000000.0,16688577586.206898,0.0,-0.01888881506854856
00403A,2026-07-21,2026-07-20,1,1,True,1.0,43,155672000000.0,15966358974.358974,0.0,-0.043276223399940084
00403A,2026-07-22,2026-07-21,1,1,True,1.0,43,164275000000.0,16443943943.943943,0.0,0.02991195239640687
00403A,2026-07-23,2026-07-22,1,1,True,1.0,43,168893000000.0,16940120361.083248,0.0,0.030173808596692497
00403A,2026-07-24,2026-07-23,1,1,True,1.0,43,168591000000.0,17506853582.554516,0.0,0.03345508823970533
00403A,2026-07-27,2026-07-24,1,3,True,1.0,43,162078000000.0,16848024948.02495,0.0,-0.03763261236080051
00403A,2026-07-28,2026-07-27,1,1,True,1.0,43,163246000000.0,18138444444.444443,0.0,0.07659173703744804
00403A,2026-07-29,2026-07-28,1,1,True,1.0,43,156361000000.0,18482387706.85579,0.0,0.018962114610478142
00403A,2026-07-30,2026-07-29,1,1,True,1.0,43,151533000000.0,17890554899.64581,0.0,-0.0320214474772893
00403A,2026-07-31,2026-07-30,1,1,True,1.0,42,152060000000.0,16438918918.918919,0.0,-0.08113979632658741
00403A,2026-08-03,2026-07-31,1,3,True,1.0,42,166633000000.0,17745793397.231094,0.0,0.07949880918313568
00403A,2026-08-04,2026-08-03,1,1,True,1.0,41,172226000000.0,18053039832.28512,0.0,0.01731376153077302
00403A,2026-08-05,2026-08-04,1,1,True,1.0,42,174601000000.0,17798267074.413864,0.0,-0.014112457527270972
00403A,2026-08-06,2026-08-05,1,1,True,1.0,41,178921000000.0,18054591321.89707,0.0,0.014401640699711171
00403A,2026-08-07,2026-08-06,1,1,True,1.0,41,179671000000.0,18484670781.893,0.0,0.02382105760955766
00403A,2026-08-10,2026-08-07,1,3,True,1.0,41,175337000000.0,17710808080.80808,0.0,-0.04186510596894022
00403A,2026-08-11,2026-08-10,1,1,True,1.0,41,178144000000.0,17921931589.537224,0.0,0.011920602818678017
00403A,2026-08-12,2026-08-11,1,1,True,1.0,41,179459000000.0,17768217821.782177,0.0,-0.008576852722994688
00403A,2026-08-13,2026-08-12,1,1,True,1.0,42,180782000000.0,17551650485.436893,0.0,-0.01218846698737519
00403A,2026-08-14,2026-08-13,1,1,True,1.0,42,182054000000.0,17640891472.868217,0.0,0.005084478380273705
00403A,2026-08-17,2026-08-14,1,3,True,1.0,42,179746000000.0,17283269230.76923,0.0,-0.0202723452297755
00403A,2026-08-18,2026-08-17,1,1,True,1.0,42,177948000000.0,17514566929.133858,0.0,0.013382751566054951
00403A,2026-08-19,2026-08-18,1,1,True,1.0,43,173593000000.0,17411534603.81143,0.0,-0.005882664740687438
00403A,2026-08-20,2026-08-19,1,1,True,1.0,43,170270000000.0,16976071784.646063,0.0,-0.02501001945400294
00403A,2026-08-21,2026-08-20,1,1,True,1.0,42,171080000000.0,17245967741.935486,0.0,0.015898610745362696
00403A,2026-08-24,2026-08-21,1,3,True,1.0,42,168957000000.0,17118237082.06687,0.0,-0.007406407212395827
00403A,2026-08-25,2026-08-24,1,1,True,1.0,42,165802000000.0,16680281690.140846,0.0,-0.025584141043637487
00403A,2026-08-26,2026-08-25,1,1,True,1.0,41,168072000000.0,16542519685.03937,0.0,-0.008258973538972203
00403A,2026-08-27,2026-08-26,1,1,True,1.0,41,171776000000.0,16758634146.341463,0.0,0.013064180391910929
00403A,2026-08-28,2026-08-27,1,1,True,1.0,40,168227000000.0,16238127413.127415,0.0,-0.03105901881196438
00403A,2026-08-31,2026-08-28,1,3,True,1.0,41,167666000000.0,16405675146.771036,0.0,0.010318168430441643
00403A,2026-09-01,2026-08-31,1,1,True,1.0,42,163054000000.0,15603253588.516747,0.0,-0.04891121828730238
00403A,2026-09-02,2026-09-01,1,1,True,1.0,43,166118000000.0,16175073028.237585,0.0,0.036647448974467034
00403A,2026-09-03,2026-09-02,1,1,True,1.0,43,160582000000.0,15962425447.316103,0.0,-0.013146622618040338
00403A,2026-09-04,2026-09-03,1,1,True,1.0,45,156922000000.0,15294541910.331385,0.0,-0.04184098082018073
00403A,2026-09-07,2026-09-04,1,3,True,1.0,42,160506000000.0,15448123195.380173,0.0,0.010041574696986855
00403A,2026-09-08,2026-09-07,1,1,True,1.0,42,160632000000.0,15686718750.0,0.0,0.015444954160592106
00403A,2026-09-09,2026-09-08,1,1,True,1.0,42,157315000000.0,15199516908.21256,0.0,-0.0310582378349481
00403A,2026-09-10,2026-09-09,1,1,True,1.0,41,158103000000.0,15290425531.914894,0.0,0.005981020597648934
00403A,2026-09-11,2026-09-10,1,1,True,1.0,41,156196000000.0,15358505408.062931,0.0,0.004452451372653821
00403A,2026-09-14,2026-09-11,1,3,True,1.0,42,152833000000.0,15146977205.153618,0.0,-0.013772707518679872
00403A,2026-09-15,2026-09-14,1,1,True,1.0,40,151852000000.0,15261507537.688444,0.0,0.007561266580361492
00403A,2026-09-16,2026-09-15,1,1,True,1.0,40,148779000000.0,14848203592.814371,0.0,-0.027081462552334012
00403A,2026-09-17,2026-09-16,1,1,True,1.0,41,150293000000.0,15014285714.285715,0.0,0.011185334335779062
00403A,2026-09-18,2026-09-17,1,1,True,1.0,42,149866000000.0,14507841239.10939,0.0,-0.03373084040184848
00403A,2026-09-21,2026-09-18,1,3,True,1.0,40,154844000000.0,14761105815.061964,0.0,0.017457082123964573
00403A,2026-09-22,2026-09-21,1,1,True,1.0,40,156165000000.0,14594859813.084112,0.0,-0.011262435488282874
00403A,2026-09-23,2026-09-22,1,1,True,1.0,39,156852000000.0,14509898242.368177,0.0,-0.0058213351689591075
00403A,2026-09-24,2026-09-23,1,1,True,1.0,37,152902000000.0,14053492647.058823,0.0,-0.03145477574588862
00403A,2026-09-29,2026-09-24,1,5,True,1.0,36,148788000000.0,13905420560.747665,0.0,-0.010536319335688105
00403A,2026-09-30,2026-09-29,1,1,True,1.0,36,145581000000.0,13492215013.901762,0.0,-0.029715429680156724
00403A,2026-10-01,2026-09-30,1,1,True,1.0,36,145932000000.0,13363736263.736263,0.0,-0.009522435718161915
00403A,2026-10-02,2026-10-01,1,1,True,1.0,36,147515000000.0,13325654923.215899,0.0,-0.0028496028183152555
00403A,2026-10-05,2026-10-02,1,3,True,1.0,35,146289000000.0,12787500000.0,0.0,-0.04038487611429342
00403A,2026-10-06,2026-10-05,1,1,True,1.0,35,148923000000.0,13040542907.180386,0.0,0.0197883016367848
00403A,2026-10-07,2026-10-06,1,1,True,1.0,35,145949000000.0,12847623239.43662,0.0,-0.014793837121423792
00403A,2026-10-08,2026-10-07,1,1,True,1.0,35,144792000000.0,12824800708.591675,0.0,-0.0017764010058211044
00404A,2026-06-09,2026-06-08,1,1,True,1.1534781008465218,50,2020000000.0,202811244.97991967,0.1534781008465218,
00404A,2026-06-10,2026-06-09,1,1,True,1.0877061469265368,49,2388000000.0,249009384.77580813,0.08770614692653678,0.22778884770646002
00404A,2026-06-11,2026-06-10,1,1,True,1.0689179875947623,49,2528000000.0,264712041.88481674,0.06891798759476231,0.06306050321415091
00404A,2026-06-12,2026-06-11,1,1,True,1.0,49,2654000000.0,269989827.0600203,0.0,0.019937835610440713
00404A,2026-06-15,2026-06-12,1,3,True,1.0,49,2728000000.0,272800000.0,0.0,0.010408440090429627
00404A,2026-06-16,2026-06-15,1,1,True,1.0,49,2748000000.0,272348860.2576809,0.0,-0.001653738058354448
00404A,2026-06-17,2026-06-16,1,1,True,1.0541516245487366,49,2930000000.0,290386521.308226,0.054151624548736566,0.0662299854439592
00404A,2026-06-18,2026-06-17,1,1,True,1.0,49,3095000000.0,304027504.91159135,0.0,0.04697526435425137
00404A,2026-06-22,2026-06-18,1,4,True,1.0,49,3142000000.0,298669201.5209126,0.0,-0.0176244033980969
00404A,2026-06-23,2026-06-22,1,1,True,1.0,49,3221000000.0,311207729.468599,0.0,0.041981322090917095
00404A,2026-06-24,2026-06-23,1,1,True,1.0,49,3221000000.0,315784313.7254902,0.0,0.014705882352941346
00404A,2026-06-25,2026-06-24,1,1,True,1.0,49,3193000000.0,313962635.20157325,0.0,-0.005768742919575631
00404A,2026-06-26,2026-06-25,1,1,True,1.0,49,3199000000.0,328102564.1025641,0.0,0.045036979932062904
00404A,2026-06-29,2026-06-26,1,3,True,1.0,49,3214000000.0,326958290.9460834,0.0,-0.0034875471321308416
00404A,2026-06-30,2026-06-29,1,1,True,1.0,49,3285000000.0,327191235.059761,0.0,0.0007124581946018615
00404A,2026-07-01,2026-06-30,1,1,True,0.9243697478991597,31,3347999999.9999995,326634146.3414634,-0.07563025210084029,-0.00170263949214855
00404A,2026-07-02,2026-07-01,1,1,True,1.0,49,3354000000.0,327219512.19512194,0.0,0.0017921146953405742
00404A,2026-07-03,2026-07-02,1,1,True,1.0,49,3461000000.0,337000973.70983446,0.0,0.029892659667800636
00404A,2026-07-06,2026-07-03,1,3,True,1.0,50,3470000000.0000005,338206627.6803119,0.0,0.003577597884080852
00404A,2026-07-07,2026-07-06,1,1,True,1.0,50,3438000000.0000005,344144144.1441442,0.0,0.01755588441467415
00404A,2026-07-08,2026-07-07,1,1,True,1.0,50,3340000000.0,335341365.46184736,0.0,-0.025578754809815307
00404A,2026-07-09,2026-07-08,1,1,True,1.0,50,3356000000.0,339332659.2517694,0.0,0.011902181481324492
00404A,2026-07-13,2026-07-09,1,4,True,1.0,50,3360000000.0,342158859.4704684,0.0,0.008328700882876294
00404A,2026-07-14,2026-07-13,1,1,True,1.0489281460897182,50,3329999999.9999995,346514047.8668054,0.04892814608971818,0.012728556563103899
00404A,2026-07-15,2026-07-14,1,1,True,1.0,50,3383000000.0,346264073.6949847,0.0,-0.0007213969342934057
00404A,2026-07-16,2026-07-15,1,1,True,1.0,50,3464000000.0,353830439.22369766,0.0,0.021851431042130054
00404A,2026-07-17,2026-07-16,1,1,True,1.0,64,3452000000.0000005,376855895.1965066,0.0,0.06507483082384513
00404A,2026-07-20,2026-07-17,1,3,True,1.0480549199084668,48,3300000000.0,365853658.5365854,0.048054919908466776,-0.029194811067461912
00404A,2026-07-21,2026-07-20,1,1,True,1.0,50,3286000000.0,349202975.5579171,0.0,-0.045511866808359946
00404A,2026-07-22,2026-07-21,1,1,True,1.0,49,3435000000.0,357812500.0,0.0,0.02465478545343891
00404A,2026-07-23,2026-07-22,1,1,True,1.0,49,3504000000.0,363862928.3489096,0.0,0.016909494075555198
00404A,2026-07-24,2026-07-23,1,1,True,1.0,49,3509000000.0000005,373297872.34042555,0.0,0.02592994025065587
00404A,2026-07-27,2026-07-24,1,3,True,1.0,49,3420000000.0000005,365384615.3846155,0.0,-0.021198237499177708
00404A,2026-07-28,2026-07-27,1,1,True,1.0,49,3404999999.9999995,383878241.26268315,0.0,0.050614133982080034
00404A,2026-07-29,2026-07-28,1,1,True,1.0,50,3217000000.0,379363207.5471698,0.0,-0.011761629678884944
00404A,2026-07-30,2026-07-29,1,1,True,1.0,50,3088000000.0,363294117.64705884,0.0,-0.04235806103604012
00404A,2026-07-31,2026-07-30,1,1,True,1.0,49,3108000000.0,335637149.0280778,0.0,-0.07612831387996732
00404A,2026-08-03,2026-07-31,1,3,True,1.0,48,3394000000.0,366127292.34088457,0.0,0.09084257627946934
00404A,2026-08-04,2026-08-03,1,1,True,1.0,48,3436000000.0,371058315.33477324,0.0,0.013468056320962818
00404A,2026-08-05,2026-08-04,1,1,True,1.0,49,3434000000.0000005,361854583.77239203,0.0,-0.02480400298825669
00404A,2026-08-06,2026-08-05,1,1,True,1.0,34,3517000000.0,371775898.52008456,0.0,0.027417960674316344
00404A,2026-08-07,2026-08-06,1,1,True,1.0,49,3502000000.0000005,372949946.7518637,0.0,0.0031579460542026094
00404A,2026-08-10,2026-08-07,1,3,True,1.0,50,3483000000.0,363569937.3695198,0.0,-0.025150853255342387
00404A,2026-08-11,2026-08-10,1,1,True,1.0,50,3507000000.0,365693430.6569343,0.0,0.0058406734692595386
00404A,2026-08-12,2026-08-11,1,1,True,1.0,49,3490000000.0,360910031.0237849,0.0,-0.013080354286256979
00404A,2026-08-13,2026-08-12,1,1,True,1.0,50,3479000000.0,357186858.3162218,0.0,-0.010316068791442756
00404A,2026-08-14,2026-08-13,1,1,True,1.0,50,3502000000.0000005,361776859.5041323,0.0,0.012850420112172634
00404A,2026-08-17,2026-08-14,1,3,True,1.0,50,3452000000.0000005,358463136.03322953,0.0,-0.009159578297640913
00404A,2026-08-18,2026-08-17,1,1,True,1.0,50,3408000000.0,357983193.27731097,0.0,-0.00133889013311006
00404A,2026-08-19,2026-08-18,1,1,True,1.0,50,3356000000.0,356641870.3506907,0.0,-0.003746887987507219
00404A,2026-08-20,2026-08-19,1,1,True,0.9952830188679245,38,3320000000.0000005,352067868.50477207,-0.004716981132075526,-0.012825195879050844
00404A,2026-08-21,2026-08-20,1,1,True,1.0,51,3317000000.0,351749734.8886532,0.0,-0.000903614457831603
00404A,2026-08-24,2026-08-21,1,3,True,1.0,50,3326000000.0,351957671.957672,0.0,0.0005911506062246108
00404A,2026-08-25,2026-08-24,1,1,True,1.0,50,3294000000.0,348202959.83086675,0.0,-0.01066807865252839
00404A,2026-08-26,2026-08-25,1,1,True,1.0,50,3311000000.0,343821391.48494285,0.0,-0.012583374788233237
00404A,2026-08-27,2026-08-26,1,1,True,1.0,50,3367000000.0,350364203.9542144,0.0,0.019029684107243927
00404A,2026-08-28,2026-08-27,1,1,True,1.0,50,3354000000.0,346130030.9597523,0.0,-0.012085061620665472
00404A,2026-08-31,2026-08-28,1,3,True,1.0,50,3356000000.0,349583333.3333334,0.0,0.009976893261777198
00404A,2026-09-01,2026-08-31,1,1,True,1.0,50,3320000000.0000005,336713995.94320494,0.0,-0.03681336082992637
00404A,2026-09-02,2026-09-01,1,1,True,1.0,50,3403000000.0,347244897.95918363,0.0,0.03127551020408137
00404A,2026-09-03,2026-09-02,1,1,True,1.0,50,3354000000.0,345773195.8762887,0.0,-0.004238225216682379
00404A,2026-09-04,2026-09-03,1,1,True,1.0,50,3329999999.9999995,337728194.7261663,0.0,-0.0232666998080463
00404A,2026-09-07,2026-09-04,1,3,True,1.0,50,3394000000.0,338384845.4636092,0.0,0.0019443171985547014
00404A,2026-09-08,2026-09-07,1,1,True,1.0,50,3434000000.0000005,343743743.7437438,0.0,0.015836697038818404
00404A,2026-09-09,2026-09-08,1,1,True,1.0,45,3490000000.0,348303393.21357286,0.0,0.013264676238669892
00404A,2026-09-10,2026-09-09,1,1,True,1.0,54,3539000000.0,354964894.6840521,0.0,0.019125571557077947
00404A,2026-09-11,2026-09-10,1,1,True,1.0944625407166124,51,3872000000.0,394297352.34215885,0.09446254071661242,0.11080661284298521
00404A,2026-09-14,2026-09-11,1,3,True,1.0,51,4075000000.0,415816326.53061223,0.0,0.054575497554393726
00404A,2026-09-15,2026-09-14,1,1,True,1.0,51,4189000000.0,430967078.18930036,0.0,0.036436163498194674
00404A,2026-09-16,2026-09-15,1,1,True,1.0,51,4256000000.0,449894291.7547568,0.0,0.04391800330776707
00404A,2026-09-17,2026-09-16,1,1,True,1.0,51,4224000000.0,443697478.99159664,0.0,-0.013773930624881414
00404A,2026-09-18,2026-09-17,1,1,True,1.0,51,4258000000.0,438516992.7909371,0.0,-0.011675717005274255
00404A,2026-09-21,2026-09-18,1,3,True,1.0,51,4371000000.0,446020408.1632653,0.0,0.01711088850758724
00404A,2026-09-22,2026-09-21,1,1,True,1.0,51,4406000000.0,446403242.14792305,0.0,0.0008583328871301088
00404A,2026-09-23,2026-09-22,1,1,True,1.0,51,4321000000.0,437348178.1376518,0.0,-0.020284494276299858
00404A,2026-09-24,2026-09-23,1,1,True,1.0,51,4317000000.0,437829614.6044625,0.0,0.0011008082138601605
00404A,2026-09-29,2026-09-24,1,5,True,1.0,50,4305000000.0,439734422.88049036,0.0,0.0043505697478885
00404A,2026-09-30,2026-09-29,1,1,True,1.0,50,4247999999.9999995,431269035.53299487,0.0,-0.019251136383735434
00404A,2026-10-01,2026-09-30,1,1,True,1.0,50,4276000000.0,432793522.26720643,0.0,0.0035348856713710575
00404A,2026-10-02,2026-10-01,1,1,True,1.0,50,4302000000.0,435425101.2145749,0.0,0.006080449017773715
00404A,2026-10-05,2026-10-02,1,3,True,1.0,50,4314000000.0,426706231.45400596,0.0,-0.02002381060772218
00404A,2026-10-06,2026-10-05,1,1,True,0.95625,47,4294000000.0,423471400.3944773,-0.043749999999999956,-0.007580932316141542
00404A,2026-10-07,2026-10-06,1,1,True,1.0,50,4244000000.0,421449851.04270107,0.0,-0.004773756503728688
00404A,2026-10-08,2026-10-07,1,1,True,1.0,50,4215000000.0,421078921.0789211,0.0,-0.0008801283542093641
00405A,2026-06-08,2026-06-05,1,3,True,1.0,41,,,0.0,
00405A,2026-06-09,2026-06-08,1,1,True,1.24,47,11782000000.0,1242827004.2194092,0.24,
00405A,2026-06-10,2026-06-09,1,1,True,1.1343684801797465,46,16181000000.0,1754989154.013015,0.13436848017974645,0.41209448141600613
00405A,2026-06-11,2026-06-10,1,1,True,1.25,45,17491000000.0,1963075196.4085298,0.25,0.11856827828234628
00405A,2026-06-12,2026-06-11,1,1,True,1.0,45,21978000000.0,2401967213.114754,0.0,0.22357371613129384
00405A,2026-06-15,2026-06-12,1,3,True,1.0,45,22557000000.0,2415096359.7430406,0.0,0.005465997436018721
00405A,2026-06-16,2026-06-15,1,1,True,1.0,46,22866000000.0,2440341515.4749203,0.0,0.010453063551702613
00405A,2026-06-17,2026-06-16,1,1,True,1.0,45,23020000000.0,2451544195.9531417,0.0,0.004590619963305009
00405A,2026-06-18,2026-06-17,1,1,True,1.0,44,23011000000.0,2387033195.0207467,0.0,-0.026314435219599863
00405A,2026-06-22,2026-06-18,1,4,True,1.0,45,23318000000.0,2381818181.818182,0.0,-0.0021847258820878457
00405A,2026-06-23,2026-06-22,1,1,True,1.0,45,24220000000.0,2546792849.6319666,0.0,0.06926417350960423
00405A,2026-06-24,2026-06-23,1,1,True,1.0,44,23723000000.0,2518365180.467091,0.0,-0.011162144250948192
00405A,2026-06-25,2026-06-24,1,1,True,1.0,44,24113000000.0,2557051961.823966,0.0,0.015361863186855063
00405A,2026-06-26,2026-06-25,1,1,True,1.0,44,24205000000.0,2689444444.4444447,0.0,0.051775436947335995
00405A,2026-06-29,2026-06-26,1,3,True,1.0,43,23291000000.0,2616966292.1348314,0.0,-0.026949116743917312
00405A,2026-06-30,2026-06-29,1,1,True,1.0,44,23936000000.0,2576533907.4273415,0.0,-0.015450097629842507
00405A,2026-07-01,2026-06-30,1,1,True,1.0,43,24969000000.0,2659105431.309904,0.0,0.032047520758230474
00405A,2026-07-02,2026-07-01,1,1,True,1.0,42,24984000000.0,2643809523.809524,0.0,-0.005752275678984731
00405A,2026-07-03,2026-07-02,1,1,True,1.0,41,24990000000.0,2647245762.7118645,0.0,0.0012997301323693922
00405A,2026-07-06,2026-07-03,1,3,True,1.0,41,24925000000.0,2724043715.8469944,0.0,0.029010511308348308
00405A,2026-07-07,2026-07-06,1,1,True,1.0,43,24556000000.0,2838843930.635838,0.0,0.042143308538331814
00405A,2026-07-08,2026-07-07,1,1,True,1.0,43,24273000000.0,2832322053.6756124,0.0,-0.002297370732446291
00405A,2026-07-09,2026-07-08,1,1,True,1.0,42,25249000000.0,2879019384.2645383,0.0,0.016487295478395447
00405A,2026-07-13,2026-07-09,1,4,True,1.0,42,25817000000.0,2998490127.7584205,0.0,0.04149702643436748
00405A,2026-07-14,2026-07-13,1,1,True,1.0,42,25575000000.0,3085042219.541617,0.0,0.028865224861654104
00405A,2026-07-15,2026-07-14,1,1,True,1.0,41,25908999999.999996,3005684454.7563806,0.0,-0.025723396679163568
00405A,2026-07-16,2026-07-15,1,1,True,1.0,42,26812000000.0,3176777251.1848345,0.0,0.05692307326462909
00405A,2026-07-17,2026-07-16,1,1,True,1.0,42,26258000000.0,3388129032.2580647,0.0,0.06653024885342629
00405A,2026-07-20,2026-07-17,1,3,True,1.0,41,25261000000.0,3341402116.402117,0.0,-0.013791362551740294
00405A,2026-07-21,2026-07-20,1,1,True,1.0,41,24997000000.0,3124625000.0,0.0,-0.06487609358299362
00405A,2026-07-22,2026-07-21,1,1,True,1.0,41,26543000000.0,3197951807.228915,0.0,0.023467394400580988
00405A,2026-07-23,2026-07-22,1,1,True,1.0,42,27358999999.999996,3312227602.9055686,0.0,0.03573405809879149
00405A,2026-07-24,2026-07-23,1,1,True,1.0,42,27361000000.0,3472208121.827411,0.0,0.04829997756842053
00405A,2026-07-27,2026-07-24,1,3,True,1.0,42,26126000000.0,3294577553.593947,0.0,-0.05115781139869513
00405A,2026-07-28,2026-07-27,1,1,True,1.0,42,26312000000.0,3619257221.458047,0.0,0.09854971163447579
00405A,2026-07-29,2026-07-28,1,1,True,1.0,40,24784000000.0,3699104477.6119404,0.0,0.022061779881377586
00405A,2026-07-30,2026-07-29,1,1,True,1.0,38,23596000000.0,3532335329.3413177,0.0,-0.04508365451150631
00405A,2026-07-31,2026-07-30,1,1,True,1.0,38,23341000000.0,3197397260.2739725,0.0,-0.09482057557932977
00405A,2026-08-03,2026-07-31,1,3,True,1.0,38,26482000000.0,3457180156.6579633,0.0,0.08124823887593213
00405A,2026-08-04,2026-08-03,1,1,True,1.0,39,28587000000.0,3618607594.936709,0.0,0.04669338332509598
00405A,2026-08-05,2026-08-04,1,1,True,1.0,39,29775000000.0,3698757763.975155,0.0,0.02214945028872295
00405A,2026-08-06,2026-08-05,1,1,True,1.0,40,30373000000.0,3681575757.5757575,0.0,-0.004645345139047796
00405A,2026-08-07,2026-08-06,1,1,True,1.0,41,30791000000.000004,3839276807.9800506,0.0,0.04283520448541189
00405A,2026-08-10,2026-08-07,1,3,True,1.0,41,29929000000.000004,3681303813.0381303,0.0,-0.04114654994752365
00405A,2026-08-11,2026-08-10,1,1,True,1.0,41,29861000000.0,3663926380.368098,0.0,-0.004720455999444151
00405A,2026-08-12,2026-08-11,1,1,True,1.0,41,30018000000.0,3565083135.391924,0.0,-0.02697741021920963
00405A,2026-08-13,2026-08-12,1,1,True,1.0,40,30688000000.0,3560092807.4245944,0.0,-0.0013997788488544494
00405A,2026-08-14,2026-08-13,1,1,True,1.0,40,31161000000.0,3598267898.383372,0.0,0.010723060612117585
00405A,2026-08-17,2026-08-14,1,3,True,1.0,40,31173000000.0,3542386363.6363635,0.0,-0.015530120692824112
00405A,2026-08-18,2026-08-17,1,1,True,1.0,40,31283999999.999996,3637674418.604651,0.0,0.026899396391779185
00405A,2026-08-19,2026-08-18,1,1,True,1.0,38,30227000000.0,3568713105.076741,0.0,-0.018957527692751053
00405A,2026-08-20,2026-08-19,1,1,True,1.0,39,29586000000.0,3452275379.2298717,0.0,-0.032627370824858004
00405A,2026-08-21,2026-08-20,1,1,True,1.0,38,29751000000.0,3567266187.0503597,0.0,0.03330870083896387
00405A,2026-08-24,2026-08-21,1,3,True,1.0,38,28950000000.0,3534798534.798535,0.0,-0.009101550192605945
00405A,2026-08-25,2026-08-24,1,1,True,1.0,35,28312000000.0,3398799519.8079233,0.0,-0.038474332738276606
00405A,2026-08-26,2026-08-25,1,1,True,1.0,35,28743000000.0,3330590961.7612977,0.0,-0.020068426410299267
00405A,2026-08-27,2026-08-26,1,1,True,1.0,36,29769000000.0,3429608294.930876,0.0,0.02972965888228285
00405A,2026-08-28,2026-08-27,1,1,True,1.0,37,29795999999.999996,3393621867.881549,0.0,-0.010492867976356512
00405A,2026-08-31,2026-08-28,1,3,True,1.0,37,29335000000.000004,3352571428.571429,0.0,-0.012096350420957691
00405A,2026-09-01,2026-08-31,1,1,True,1.0,37,28544000000.0,3196416573.348264,0.0,-0.04657763706162232
00405A,2026-09-02,2026-09-01,1,1,True,1.0,37,29101000000.0,3314464692.482916,0.0,0.03693139377355803
00405A,2026-09-03,2026-09-02,1,1,True,1.0,37,28082000000.0,3276779463.243874,0.0,-0.01136992930548042
00405A,2026-09-04,2026-09-03,1,1,True,1.0,37,27239999999.999996,3138248847.926267,0.0,-0.04227645371668298
00405A,2026-09-07,2026-09-04,1,3,True,1.0,37,27733999999.999996,3140883352.20838,0.0,0.0008394822749171471
00405A,2026-09-08,2026-09-07,1,1,True,1.0,37,28052000000.0,3220665901.262916,0.0,0.025401309156686702
00405A,2026-09-09,2026-09-08,1,1,True,1.0,36,27488000000.0,3130751708.428246,0.0,-0.027917888905959476
00405A,2026-09-10,2026-09-09,1,1,True,1.0,35,27555000000.0,3141961231.470924,0.0,0.0035804573746620605
00405A,2026-09-11,2026-09-10,1,1,True,1.0,36,27364999999.999996,3185681024.447031,0.0,0.013914809813117657
00405A,2026-09-14,2026-09-11,1,3,True,1.0,35,26619000000.0,3109696261.682243,0.0,-0.0238519682861148
00405A,2026-09-15,2026-09-14,1,1,True,1.0,35,26567000000.0,3193149038.4615383,0.0,0.02683631125251762
00405A,2026-09-16,2026-09-15,1,1,True,1.0,35,25695000000.0,3037234042.553191,0.0,-0.04882797327351407
00405A,2026-09-17,2026-09-16,1,1,True,1.0,35,26081000000.0,3093831553.9739027,0.0,0.018634557175295496
00405A,2026-09-18,2026-09-17,1,1,True,1.0,35,25961000000.0,2926832018.0383315,0.0,-0.05397822506563643
00405A,2026-09-21,2026-09-18,1,3,True,1.0,35,27295000000.0,3042920847.268673,0.0,0.039663646056512736
00405A,2026-09-22,2026-09-21,1,1,True,1.0,35,27522000000.000004,2981798483.206934,0.0,-0.020086741367788874
00405A,2026-09-23,2026-09-22,1,1,True,1.0,34,27681000000.0,2957371794.871795,0.0,-0.00819193130344198
00405A,2026-09-24,2026-09-23,1,1,True,1.0,34,27683999999.999996,2948242811.501597,0.0,-0.0030868568456723366
00405A,2026-09-29,2026-09-24,1,5,True,1.0,34,26395000000.0,2853513513.5135136,0.0,-0.03213076535573267
00405A,2026-09-30,2026-09-29,1,1,True,1.0,33,25839999999.999996,2790496760.259179,0.0,-0.02208391618119321
00405A,2026-10-01,2026-09-30,1,1,True,1.0,32,25914999999.999996,2792564655.1724133,0.0,0.0007410490285042481
00405A,2026-10-02,2026-10-01,1,1,True,1.0,32,25970000000.0,2756900212.314225,0.0,-0.012771214729846991
00405A,2026-10-05,2026-10-02,1,3,True,1.0,30,25894000000.0,2626166328.6004057,0.0,-0.04742060780070001
00405A,2026-10-06,2026-10-05,1,1,True,1.0,28,26286000000.0,2682244897.9591837,0.0,0.021353776700299365
00405A,2026-10-07,2026-10-06,1,1,True,1.0,29,25516000000.0,2641407867.494824,0.0,-0.015224944782421312
00405A,2026-10-08,2026-10-07,1,1,True,1.0,29,25000000000.0,2596053997.9231567,0.0,-0.017170339397331258
00406A,2026-06-11,2026-06-10,1,1,True,1.125206526228831,50,6291000000.0,652593360.9958506,0.1252065262288311,
00406A,2026-06-12,2026-06-11,1,1,True,1.0,50,7202000000.0,730425963.4888438,0.0,0.11926661707716657
00406A,2026-06-15,2026-06-12,1,3,True,1.0,51,7386000000.0,733465739.8212513,0.0,0.004161648797214257
00406A,2026-06-16,2026-06-15,1,1,True,1.0,48,7483000000.0,742361111.1111112,0.0,0.012127862021241498
00406A,2026-06-17,2026-06-16,1,1,True,1.0,47,7206999999.999999,711451135.2418557,0.0,-0.04163738564240205
00406A,2026-06-18,2026-06-17,1,1,True,1.0,47,7167000000.0,696501457.7259476,0.0,-0.021012936483439604
00406A,2026-06-22,2026-06-18,1,4,True,1.0,47,7195999999.999999,678867924.5283018,0.0,-0.02531729546585393
00406A,2026-06-23,2026-06-22,1,1,True,1.0,47,7220000000.0,700970873.7864077,0.0,0.03255854115285195
00406A,2026-06-24,2026-06-23,1,1,True,1.0,48,7323000000.0,717238001.9588639,0.0,0.023206567891454144
00406A,2026-06-25,2026-06-24,1,1,True,1.0,48,7508000000.0,730350194.5525292,0.0,0.018281508450269435
00406A,2026-06-26,2026-06-25,1,1,True,1.0,48,7536000000.0,766632756.8667345,0.0,0.04967830854955113
00406A,2026-06-29,2026-06-26,1,3,True,1.0,49,7541000000.0,765583756.3451777,0.0,-0.0013683220709798105
00406A,2026-06-30,2026-06-29,1,1,True,1.0,48,7628000000.0,744921875.0,0.0,-0.026988400908367627
00406A,2026-07-01,2026-06-30,1,1,True,1.0,48,7883000000.0,756525911.7082534,0.0,0.015577521747838885
00406A,2026-07-02,2026-07-01,1,1,True,1.0,49,7834999999.999999,752641690.6820364,0.0,-0.005134286831559143
00406A,2026-07-03,2026-07-02,1,1,True,1.0,49,7695999999.999999,734351145.0381678,0.0,-0.024301797083940202
00406A,2026-07-06,2026-07-03,1,3,True,1.0,50,7747000000.0,757282502.4437927,0.0,0.031226692517015264
00406A,2026-07-07,2026-07-06,1,1,True,1.0,50,7503000000.0,760953346.8559839,0.0,0.004847391033524717
00406A,2026-07-08,2026-07-07,1,1,True,1.0,50,7263000000.0,742638036.809816,0.0,-0.024068900047343078
00406A,2026-07-09,2026-07-08,1,1,True,1.0,50,7603000000.0,771095334.6855984,0.0,0.03831920325280902
00406A,2026-07-13,2026-07-09,1,4,True,1.0,50,7659000000.0,787153134.635149,0.0,0.020824662304691488
00406A,2026-07-14,2026-07-13,1,1,True,1.0,51,7559999999.999999,800847457.6271186,0.0,0.017397279372224128
00406A,2026-07-15,2026-07-14,1,1,True,1.0,51,7642000000.0,782991803.2786885,0.0,-0.022295949345129573
00406A,2026-07-16,2026-07-15,1,1,True,1.0,53,8502000000.0,881950207.4688796,0.0,0.12638498101233497
00406A,2026-07-17,2026-07-16,1,1,True,1.0,54,9188000000.0,1041723356.0090703,0.0,0.1811589216569558
00406A,2026-07-20,2026-07-17,1,3,True,1.0,54,9275000000.0,1063646788.9908257,0.0,0.02104535033729671
00406A,2026-07-21,2026-07-20,1,1,True,1.0,55,9477000000.0,1033478735.0054525,0.0,-0.02836284967681446
00406A,2026-07-22,2026-07-21,1,1,True,1.0,55,10367000000.0,1095877378.4355178,0.0,0.06037728819813215
00406A,2026-07-23,2026-07-22,1,1,True,1.0,56,10852000000.0,1139915966.3865547,0.0,0.04018568940067624
00406A,2026-07-24,2026-07-23,1,1,True,1.0,57,11248000000.0,1222608695.652174,0.0,0.0725428292120065
00406A,2026-07-27,2026-07-24,1,3,True,1.0,56,11677000000.0,1278970427.1631982,0.0,0.04609956702537543
00406A,2026-07-28,2026-07-27,1,1,True,1.0,56,12730000000.0,1492379835.873388,0.0,0.16686031527995482
00406A,2026-07-29,2026-07-28,1,1,True,1.0,57,13312000000.0,1657783312.5778332,0.0,0.11083202327485608
00406A,2026-07-30,2026-07-29,1,1,True,1.0,58,13676000000.0,1696774193.548387,0.0,0.02351988988833731
00406A,2026-07-31,2026-07-30,1,1,True,1.0,58,14256000000.0,1659604190.9196742,0.0,-0.02190627531349998
00406A,2026-08-03,2026-07-31,1,3,True,1.0,58,15174000000.0,1722360953.4619749,0.0,0.037814295050390134
00406A,2026-08-04,2026-08-03,1,1,True,1.0,56,15712000000.0,1751616499.4425862,0.0,0.01698572295302392
00406A,2026-08-05,2026-08-04,1,1,True,1.0,55,15922000000.0,1717583603.0204964,0.0,-0.019429422155431864
00406A,2026-08-06,2026-08-05,1,1,True,1.0,53,16111000000.000002,1723101604.2780752,0.0,0.003212653665227716
00406A,2026-08-07,2026-08-06,1,1,True,1.0,53,16290000000.0,1764897074.7562296,0.0,0.024255952390959123
00406A,2026-08-10,2026-08-07,1,3,True,1.0,54,15987000000.0,1706189967.9829245,0.0,-0.033263756630915076
00406A,2026-08-11,2026-08-10,1,1,True,1.0,53,16191000000.0,1722446808.5106382,0.0,0.009528153859052813
00406A,2026-08-12,2026-08-11,1,1,True,1.0,53,16540000000.0,1735571878.2791188,0.0,0.007620014565111299
00406A,2026-08-13,2026-08-12,1,1,True,1.0,51,16834000000.0,1737254901.9607844,0.0,0.0009697228347202991
00406A,2026-08-14,2026-08-13,1,1,True,1.0,52,17052000000.000002,1743558282.2085893,0.0,0.003628356576050207
00406A,2026-08-17,2026-08-14,1,3,True,1.0,53,17324000000.0,1760569105.691057,0.0,0.009756383629986765
00406A,2026-08-18,2026-08-17,1,1,True,1.0,52,17363000000.0,1793698347.107438,0.0,0.018817347929876993
00406A,2026-08-19,2026-08-18,1,1,True,1.0,55,18726000000.0,1971157894.7368422,0.0,0.09893500092453089
00406A,2026-08-20,2026-08-19,1,1,True,1.0,56,20464000000.0,2136116910.229645,0.0,0.08368635304825522
00406A,2026-08-21,2026-08-20,1,1,True,1.0,56,22054000000.0,2338706256.627784,0.0,0.09484000872234999
00406A,2026-08-24,2026-08-21,1,3,True,1.0,57,22518000000.0,2405769230.769231,0.0,0.028675244679144285
00406A,2026-08-25,2026-08-24,1,1,True,1.0,55,23414000000.0,2488204038.257173,0.0,0.03426546754095128
00406A,2026-08-26,2026-08-25,1,1,True,1.0,57,26073000000.0,2699068322.9813666,0.0,0.08474557611918776
00406A,2026-08-27,2026-08-26,1,1,True,1.0,57,26880000000.0,2771134020.618557,0.0,0.02670021244871168
00406A,2026-08-28,2026-08-27,1,1,True,1.0,57,27943000000.0,2848419979.61264,0.0,0.02788965038104929
00406A,2026-08-31,2026-08-28,1,3,True,1.0,57,28833999999.999996,2981799379.5243015,0.0,0.04682574931587169
00406A,2026-09-01,2026-08-31,1,1,True,1.0,56,31419000000.0,3154518072.2891564,0.0,0.05792431709218793
00406A,2026-09-02,2026-09-01,1,1,True,1.0,57,32911000000.0,3414004149.377593,0.0,0.08225854826063306
00406A,2026-09-03,2026-09-02,1,1,True,1.0,58,33430000000.0,3533826638.477801,0.0,0.03509734723727642
00406A,2026-09-04,2026-09-03,1,1,True,1.0,58,33854000000.000004,3537513061.650993,0.0,0.0010431816697098473
00406A,2026-09-07,2026-09-04,1,3,True,1.0,58,35749000000.0,3689267285.8617134,0.0,0.042898562228882664
00406A,2026-09-08,2026-09-07,1,1,True,1.0,58,36319000000.0,3779292403.746098,0.0,0.024401896341147644
00406A,2026-09-09,2026-09-08,1,1,True,1.0,57,35820000000.0,3708074534.1614904,0.0,-0.018844233781438846
00406A,2026-09-10,2026-09-09,1,1,True,1.0,57,36068000000.0,3757083333.3333335,0.0,0.013216778336125223
00406A,2026-09-11,2026-09-10,1,1,True,1.0,57,37078000000.0,3927754237.288136,0.0,0.045426435565212975
00406A,2026-09-14,2026-09-11,1,3,True,1.0,58,38646000000.0,4115654952.076677,0.0,0.04783922400355545
00406A,2026-09-15,2026-09-14,1,1,True,1.0,58,39662000000.0,4273922413.7931037,0.0,0.03845498798109115
00406A,2026-09-16,2026-09-15,1,1,True,1.0,59,39418000000.0,4220342612.4197,0.0,-0.012536446894891418
00406A,2026-09-17,2026-09-16,1,1,True,1.0,59,41378000000.0,4444468313.641246,0.0,0.05310604417802112
00406A,2026-09-18,2026-09-17,1,1,True,1.0,58,44538000000.0,4644212721.584985,0.0,0.04494225042187172
00406A,2026-09-21,2026-09-18,1,3,True,1.0,58,46535000000.0,4797422680.412372,0.0,0.03298943610298255
00406A,2026-09-22,2026-09-21,1,1,True,1.0,60,47937000000.0,4871646341.463415,0.0,0.015471570048245953
00406A,2026-09-23,2026-09-22,1,1,True,1.0,61,48907000000.0,4930141129.032258,0.0,0.012007190889655517
00406A,2026-09-24,2026-09-23,1,1,True,1.0,61,49459000000.0,4945900000.0,0.0,0.0031964340482957265
00406A,2026-09-29,2026-09-24,1,5,True,1.0,61,49836000000.0,5059492385.786802,0.0,0.022966979879658345
00406A,2026-09-30,2026-09-29,1,1,True,1.0,60,54844000000.00001,5534207870.837539,0.0,0.0938267021380077
00406A,2026-10-01,2026-09-30,1,1,True,1.0,59,57691999999.99999,5769199999.999999,0.0,0.042461746043322535
00406A,2026-10-02,2026-10-01,1,1,True,1.0,58,61085000000.0,6030108588.351431,0.0,0.0452243965110295
00406A,2026-10-05,2026-10-02,1,3,True,1.0,57,63054000000.0,6115809893.307468,0.0,0.014212232449941187
00406A,2026-10-06,2026-10-05,1,1,True,1.0,57,64417999999.99999,6236011616.650532,0.0,0.019654260913930743
00406A,2026-10-07,2026-10-06,1,1,True,1.0,56,64394000000.00001,6288476562.500001,0.0,0.008413221314306885
00406A,2026-10-08,2026-10-07,1,1,True,1.0,56,64157000000.00001,6314665354.330709,0.0,0.004164568567668558
00407A,2026-06-24,2026-06-23,1,1,True,2.2358732462506046,50,7873000000.0,796862348.1781375,1.2358732462506046,
00407A,2026-06-25,2026-06-24,1,1,True,1.126532245959874,50,15708000000.000002,1578693467.3366838,0.1265322459598739,0.9811369817460227
00407A,2026-06-26,2026-06-25,1,1,True,1.354889094575386,50,17716000000.0,1870749736.0084476,0.354889094575386,0.18499871869646367
00407A,2026-06-29,2026-06-26,1,3,True,1.1034111443919103,50,22010000000.0,2326638477.801268,0.10341114439191035,0.2436930675535116
00407A,2026-06-30,2026-06-29,1,1,True,1.0,50,24152000000.0,2451979695.4314723,0.0,0.05387223620089654
00407A,2026-07-01,2026-06-30,1,1,True,1.0,50,25055000000.0,2518090452.261307,0.0,0.0269621958750359
00407A,2026-07-02,2026-07-01,1,1,True,0.9574165749908323,50,25146000000.0,2512087912.087912,-0.042583425009167675,-0.0023837667022661435
00407A,2026-07-03,2026-07-02,1,1,True,1.0,50,24803000000.0,2475349301.397206,0.0,-0.01462473128982622
00407A,2026-07-06,2026-07-03,1,3,True,1.0,50,24909000000.0,2528832487.3096447,0.0,0.021606318705101657
00407A,2026-07-07,2026-07-06,1,1,True,1.0,50,24604000000.0,2589894736.8421054,0.0,0.024146419281975806
00407A,2026-07-08,2026-07-07,1,1,True,1.0519382209718786,50,24064000000.0,2549152542.3728814,0.05193822097187861,-0.015731216365535206
00407A,2026-07-09,2026-07-08,1,1,True,1.0,50,25206000000.0,2675796178.343949,0.0,0.049680681664181936
00407A,2026-07-13,2026-07-09,1,4,True,1.0,50,25374000000.0,2722532188.841202,0.0,0.017466207207971207
00407A,2026-07-14,2026-07-13,1,1,True,1.0699444588333478,50,25157000000.0,2785935769.6567,0.06994445883334777,0.023288459572808673
00407A,2026-07-15,2026-07-14,1,1,True,1.0,50,26083999999.999996,2792719486.08137,0.0,0.002434986656388638
00407A,2026-07-16,2026-07-15,1,1,True,1.0,50,26988000000.0,2927114967.462039,0.0,0.0481235161821596
00407A,2026-07-17,2026-07-16,1,1,True,1.0365251148971728,50,26685000000.000004,3110139860.1398606,0.036525114897172806,0.06252740145581437
00407A,2026-07-20,2026-07-17,1,3,True,1.0,50,25502000000.0,3035952380.9523807,0.0,-0.02385342220080866
00407A,2026-07-21,2026-07-20,1,1,True,1.0,50,25319000000.0,2841638608.305275,0.0,-0.06400422281529639
00407A,2026-07-22,2026-07-21,1,1,True,1.0,50,26957000000.0,2917424242.4242425,0.0,0.026669694695683033
00407A,2026-07-23,2026-07-22,1,1,True,1.0,50,27832000000.0,3021932681.867535,0.0,0.03582216049471465
00407A,2026-07-24,2026-07-23,1,1,True,1.0,50,27835000000.000004,3117021276.595745,0.0,0.031466152538330405
00407A,2026-07-27,2026-07-24,1,3,True,1.0,50,26917000000.0,3017600896.8609867,0.0,-0.031895958003642644
00407A,2026-07-28,2026-07-27,1,1,True,1.0,50,27058000000.0,3275786924.9394674,0.0,0.08556003159564773
00407A,2026-07-29,2026-07-28,1,1,True,1.0,50,25783000000.0,3309756097.5609756,0.0,0.010369774774693585
00407A,2026-07-30,2026-07-29,1,1,True,1.0,50,24850000000.0,3177749360.6138105,0.0,-0.039884128333336544
00407A,2026-07-31,2026-07-30,1,1,True,1.0,50,24719000000.0,2914976415.0943394,0.0,-0.08269152651759615
00407A,2026-08-03,2026-07-31,1,3,True,1.0,50,27156000000.0,3107093821.5102973,0.0,0.0659070191515565
00407A,2026-08-04,2026-08-03,1,1,True,1.0,50,28379000000.000004,3156729699.666296,0.0,0.015975017494602728
00407A,2026-08-05,2026-08-04,1,1,True,1.0,50,28817000000.0,3105280172.413793,0.0,-0.016298363226329382
00407A,2026-08-06,2026-08-05,1,1,True,0.9545433413743407,50,29333000000.0,3104021164.0211644,-0.045456658625659285,-0.0004054411591627449
00407A,2026-08-07,2026-08-06,1,1,True,1.0,49,29370999999.999996,3164978448.2758617,0.0,0.01963816644076255
00407A,2026-08-10,2026-08-07,1,3,True,1.0,49,28702999999.999996,3024552160.168598,0.0,-0.04436879757704559
00407A,2026-08-11,2026-08-10,1,1,True,1.0,49,28730000000.0,3008376963.3507853,0.0,-0.005347964247676029
00407A,2026-08-12,2026-08-11,1,1,True,1.0,49,28895000000.0,2991200828.15735,0.0,-0.005709435819606923
00407A,2026-08-13,2026-08-12,1,1,True,1.0,49,28983000000.0,2948423194.3031535,0.0,-0.014301157398565079
00407A,2026-08-14,2026-08-13,1,1,True,1.0,48,29025000000.0,2925907258.064516,0.0,-0.007636602602415388
00407A,2026-08-17,2026-08-14,1,3,True,1.0,45,28883999999.999996,2914631685.166498,0.0,-0.003853701400459486
00407A,2026-08-18,2026-08-17,1,1,True,1.0,45,28561000000.0,2935354573.48407,0.0,0.007109950949561572
00407A,2026-08-19,2026-08-18,1,1,True,1.0,47,27658999999.999996,2908412197.6866455,0.0,-0.009178576258147109
00407A,2026-08-20,2026-08-19,1,1,True,1.0,47,27029000000.000004,2833228511.530399,0.0,-0.025850423202064654
00407A,2026-08-21,2026-08-20,1,1,True,1.0,47,27136000000.0,2883740701.381509,0.0,0.01782849129378028
00407A,2026-08-24,2026-08-21,1,3,True,1.0,48,26650000000.0,2853319057.815846,0.0,-0.010549368586117658
00407A,2026-08-25,2026-08-24,1,1,True,1.0,48,26362000000.0,2792584745.762712,0.0,-0.02128549623175502
00407A,2026-08-26,2026-08-25,1,1,True,1.0,48,26707000000.0,2758987603.305785,0.0,-0.012030840785729024
00407A,2026-08-27,2026-08-26,1,1,True,1.0,48,27335000000.000004,2797850562.9477997,0.0,0.014085949351656968
00407A,2026-08-28,2026-08-27,1,1,True,0.9529738712538879,48,27243000000.0,2760182370.8206687,-0.04702612874611212,-0.01346326091392247
00407A,2026-08-31,2026-08-28,1,3,True,1.0,48,26882000000.0,2754303278.6885247,0.0,-0.0021299651045868506
00407A,2026-09-01,2026-08-31,1,1,True,1.0,47,26242000000.0,2626826826.8268266,0.0,-0.04628264899078094
00407A,2026-09-02,2026-09-01,1,1,True,1.0,47,26577999999.999996,2717586912.065439,0.0,0.03455122519372544
00407A,2026-09-03,2026-09-02,1,1,True,1.0,48,25848000000.0,2703765690.376569,0.0,-0.005085843483977448
00407A,2026-09-04,2026-09-03,1,1,True,1.0,48,25039000000.0,2573381294.964029,0.0,-0.04822325983224551
00407A,2026-09-07,2026-09-04,1,3,True,1.0,48,25572000000.0,2604073319.755601,0.0,0.011926730349534509
00407A,2026-09-08,2026-09-07,1,1,True,1.0,47,25705000000.0,2655475206.6115704,0.0,0.01973903210251926
00407A,2026-09-09,2026-09-08,1,1,True,1.0,48,25154000000.0,2582546201.232033,0.0,-0.027463636338219133
00407A,2026-09-10,2026-09-09,1,1,True,1.0,48,25262000000.0,2609710743.801653,0.0,0.010518511752727111
00407A,2026-09-11,2026-09-10,1,1,True,1.0,48,25072000000.0,2625340314.1361256,0.0,0.005989004862548386
00407A,2026-09-14,2026-09-11,1,3,True,1.0,48,24549000000.0,2595031712.4735727,0.0,-0.011544637279729542
00407A,2026-09-15,2026-09-14,1,1,True,1.0,48,24386000000.0,2630636461.704423,0.0,0.013720352263792535
00407A,2026-09-16,2026-09-15,1,1,True,1.0,47,23782000000.0,2540811965.811966,0.0,-0.03414553747736715
00407A,2026-09-17,2026-09-16,1,1,True,1.0,48,24062000000.0,2573475935.828877,0.0,0.012855721106647344
00407A,2026-09-18,2026-09-17,1,1,True,1.0,48,23957000000.0,2469793814.43299,0.0,-0.04028874719688902
00407A,2026-09-21,2026-09-18,1,3,True,1.0,48,24878000000.0,2528252032.520325,0.0,0.023669270586765823
00407A,2026-09-22,2026-09-21,1,1,True,0.9559419050905593,48,25156000000.0,2505577689.243028,-0.04405809490944068,-0.00896838724369331
00407A,2026-09-23,2026-09-22,1,1,True,0.9635378783134794,48,24972000000.0,2467588932.8063245,-0.03646212168652063,-0.015161675728434743
00407A,2026-09-24,2026-09-23,1,1,True,1.0,48,24429000000.0,2404429133.858268,0.0,-0.025595753858494885
00407A,2026-09-29,2026-09-24,1,5,True,1.0,48,24068000000.0,2401996007.984032,0.0,-0.0010119349495367747
00407A,2026-09-30,2026-09-29,1,1,True,1.0,48,23499000000.0,2335884691.8489065,0.0,-0.027523491261174926
00407A,2026-10-01,2026-09-30,1,1,True,1.0,48,23538000000.0,2325889328.0632415,0.0,-0.004279048456691359
00407A,2026-10-02,2026-10-01,1,1,True,1.0,48,23574000000.0,2302148437.5,0.0,-0.010207231391792138
00407A,2026-10-05,2026-10-02,1,3,True,0.9539104295547617,48,23441000000.0,2188702147.5256767,-0.046089570445238315,-0.04927844274781834
00407A,2026-10-06,2026-10-05,1,1,True,1.0,48,24129000000.0,2252941176.470588,0.0,0.029350283690968926
00407A,2026-10-07,2026-10-06,1,1,True,1.0,48,23898000000.0,2254528301.8867927,0.0,0.0007044682004040403
00407A,2026-10-08,2026-10-07,1,1,True,1.0,48,23363000000.0,2220817490.4942966,0.0,-0.014952489779917144
00408A,2026-07-15,2026-07-14,1,1,True,1.0,33,1772000000.0,174409448.81889763,0.0,
00408A,2026-07-16,2026-07-15,1,1,True,1.0,39,1787000000.0,177281746.03174603,0.0,0.016468701852448975
00408A,2026-07-17,2026-07-16,1,1,True,1.0,39,1679000000.0,173989637.30569947,0.0,-0.01856992499079424
00408A,2026-07-20,2026-07-17,1,3,True,1.0,38,1662000000.0,172227979.27461138,0.0,-0.010125074449076843
00408A,2026-07-21,2026-07-20,1,1,True,1.0,40,1670000000.0,168857431.74924165,0.0,-0.019570266919264667
00408A,2026-07-22,2026-07-21,1,1,True,1.0,41,1719000000.0000002,171044776.119403,0.0,0.01295379390472795
00408A,2026-07-23,2026-07-22,1,1,True,1.0,43,1692000000.0000002,168023833.16782525,0.0,-0.01766170835564651
00408A,2026-07-24,2026-07-23,1,1,True,1.0,42,1691000000.0,170463709.67741936,0.0,0.014521014451307712
00408A,2026-07-27,2026-07-24,1,3,True,1.0,42,1669000000.0000002,168076535.7502518,0.0,-0.014004000802780747
00408A,2026-07-28,2026-07-27,1,1,True,1.0,42,1668000000.0,175578947.36842105,0.0,0.04463687679354145
00408A,2026-07-29,2026-07-28,1,1,True,1.0,40,1609000000.0,173196986.00645858,0.0,-0.01356632670182456
00408A,2026-07-30,2026-07-29,1,1,True,1.0,39,1572000000.0,170869565.2173913,0.0,-0.01343799821655367
00408A,2026-07-31,2026-07-30,1,1,True,1.0,38,1578000000.0,161680327.86885247,0.0,-0.05377925165811537
00408A,2026-08-03,2026-07-31,1,3,True,1.0,40,1659000000.0,169113149.8470948,0.0,0.04597233365503506
00408A,2026-08-04,2026-08-03,1,1,True,1.0,39,1688000000.0,170332996.97275478,0.0,0.0072132009058012425
00408A,2026-08-05,2026-08-04,1,1,True,1.0,41,1709000000.0,168208661.41732284,0.0,-0.01247166193976923
00408A,2026-08-06,2026-08-05,1,1,True,1.0,41,1707000000.0,166536585.36585367,0.0,-0.009940487234012196
00408A,2026-08-07,2026-08-06,1,1,True,1.0,39,1677000000.0,166204162.53716552,0.0,-0.0019960948998556383
00408A,2026-08-10,2026-08-07,1,3,True,1.0,39,1653000000.0,160954235.63777995,0.0,-0.0315872167053074
00408A,2026-08-11,2026-08-10,1,1,True,1.0,42,1664999999.9999998,161493695.44131908,0.0,0.0033516347140634117
00408A,2026-08-12,2026-08-11,1,1,True,1.0,44,1668000000.0,159617224.88038278,0.0,-0.011619466356308283
00408A,2026-08-13,2026-08-12,1,1,True,1.0,44,1691000000.0,159981078.5241249,0.0,0.002279538715290741
00408A,2026-08-14,2026-08-13,1,1,True,1.0,44,1653000000.0,154920337.3945642,0.0,-0.031633372997904474
00408A,2026-08-17,2026-08-14,1,3,True,1.0,45,1657999999.9999998,155098222.63797942,0.0,0.001148236870683661
00408A,2026-08-18,2026-08-17,1,1,True,1.0,45,1653000000.0,157129277.56653994,0.0,0.01309528177702779
00408A,2026-08-19,2026-08-18,1,1,True,1.0,44,1623999999.9999998,157212003.87221682,0.0,0.000526485623545625
00408A,2026-08-20,2026-08-19,1,1,True,1.0,45,1599000000.0,154492753.6231884,0.0,-0.01729670878846279
00408A,2026-08-21,2026-08-20,1,1,True,1.0,46,1599000000.0,156304985.3372434,0.0,0.011730205278592365
00408A,2026-08-24,2026-08-21,1,3,True,1.0,48,1575000000.0,154260528.8932419,0.0,-0.013079918337795648
00408A,2026-08-25,2026-08-24,1,1,True,1.0,49,1570000000.0,153320312.5,0.0,-0.006094990079364981
00408A,2026-08-26,2026-08-25,1,1,True,1.0,48,1579000000.0,151245210.72796935,0.0,-0.01353442174878594
00408A,2026-08-27,2026-08-26,1,1,True,1.0,47,1601000000.0000002,152621544.32793137,0.0,0.009100014429134662
00408A,2026-08-28,2026-08-27,1,1,True,1.0,49,1597000000.0,151231060.6060606,0.0,-0.009110664736055263
00408A,2026-08-31,2026-08-28,1,3,True,1.0,46,1610000000.0000002,153333333.33333334,0.0,0.013901064495930093
00408A,2026-09-01,2026-08-31,1,1,True,1.0,46,1601000000.0000002,150328638.4976526,0.0,-0.019595835884874457
00408A,2026-09-02,2026-09-01,1,1,True,1.0,45,1614000000.0,152985781.9905213,0.0,0.017675564146815592
00408A,2026-09-03,2026-09-02,1,1,True,1.0,47,1560000000.0,150724637.68115944,0.0,-0.014780094463300975
00408A,2026-09-04,2026-09-03,1,1,True,1.0,49,1527000000.0,145014245.01424503,0.0,-0.03788625904010512
00408A,2026-09-07,2026-09-04,1,3,True,1.0,49,1557000000.0,148427073.4032412,0.0,0.02353443545260614
00408A,2026-09-08,2026-09-07,1,1,True,1.0,50,1563000000.0,150288461.53846154,0.0,0.01254075885578776
00408A,2026-09-09,2026-09-08,1,1,True,1.0,49,1542000000.0,147842761.26558006,0.0,-0.016273373536767388
00408A,2026-09-10,2026-09-09,1,1,True,1.0,50,1546000000.0,149083895.85342336,0.0,0.008394963522182719
00408A,2026-09-11,2026-09-10,1,1,True,1.0,50,1530000000.0,149122807.01754385,0.0,0.00026100179296872916
00408A,2026-09-14,2026-09-11,1,3,True,1.0,50,1511000000.0,147847358.1213307,0.0,-0.00855301024519406
00408A,2026-09-15,2026-09-14,1,1,True,1.0,51,1505000000.0,148862512.36399606,0.0,0.006866231872958206
00408A,2026-09-16,2026-09-15,1,1,True,1.0,52,1482000000.0,145866141.73228347,0.0,-0.02012844324691976
00408A,2026-09-17,2026-09-16,1,1,True,1.0,51,1494000000.0,147192118.22660097,0.0,0.009090365170219883
00408A,2026-09-18,2026-09-17,1,1,True,1.0,52,1489000000.0,144003868.47195357,0.0,-0.021660465200583068
00408A,2026-09-21,2026-09-18,1,3,True,1.0,53,1526000000.0,146871992.30028874,0.0,0.019916991527861416
00408A,2026-09-22,2026-09-21,1,1,True,1.0,51,1528000000.0,145940783.19006684,0.0,-0.006340276969335146
00408A,2026-09-23,2026-09-22,1,1,True,1.0,50,1535000000.0,146051379.6384396,0.0,0.0007578172869520117
00408A,2026-09-24,2026-09-23,1,1,True,1.0,49,1481000000.0,140379146.91943127,0.0,-0.038837241613535856
00408A,2026-09-29,2026-09-24,1,5,True,1.0,50,1486000000.0,142337164.75095785,0.0,0.013948067604730108
00408A,2026-09-30,2026-09-29,1,1,True,1.0,48,1466000000.0,139752144.89990467,0.0,-0.018161243098920088
00408A,2026-10-01,2026-09-30,1,1,True,1.0,49,1468000000.0,139146919.4312796,0.0,-0.004330706115877825
00408A,2026-10-02,2026-10-01,1,1,True,1.0,50,1480000000.0,138836772.98311445,0.0,-0.0022289135069089028
00408A,2026-10-05,2026-10-02,1,3,True,1.0,50,1497000000.0,135720761.5593835,0.0,-0.02244370390335937
00408A,2026-10-06,2026-10-05,1,1,True,1.0,48,1547000000.0,139873417.721519,0.0,0.0305970590970972
00408A,2026-10-07,2026-10-06,1,1,True,1.0,48,1552000000.0,140579710.14492756,0.0,0.005049511443373511
00408A,2026-10-08,2026-10-07,1,1,True,1.0,48,1546000000.0,140545454.54545453,0.0,-0.00024367385192158864
00409A,2026-08-26,2026-08-25,1,1,True,1.0,25,,,0.0,
00409A,2026-08-27,2026-08-26,1,1,True,1.0,32,,,0.0,
00409A,2026-08-28,2026-08-27,1,1,True,1.0,38,,,0.0,
00409A,2026-08-31,2026-08-28,1,3,True,1.0,43,,,0.0,
00409A,2026-09-01,2026-08-31,1,1,True,1.0,48,,,0.0,
00409A,2026-09-02,2026-09-01,1,1,True,1.0,48,18000000000.0,1855670103.0927837,0.0,
00409A,2026-09-03,2026-09-02,1,1,True,1.0,49,17640000000.0,1839416058.3941605,0.0,-0.008759124087591386
00409A,2026-09-04,2026-09-03,1,1,True,1.0,48,17537000000.0,1771414141.4141414,0.0,-0.03696929613596278
00409A,2026-09-07,2026-09-04,1,3,True,1.0,50,17940000000.0,1810292633.70333,0.0,0.021947714755258474
00409A,2026-09-08,2026-09-07,1,1,True,1.0,47,18124000000.0,1830707070.7070706,0.0,0.011276871276871159
00409A,2026-09-09,2026-09-08,1,1,True,1.0,48,18356000000.0,1863553299.4923859,0.0,0.01794182658213539
00409A,2026-09-10,2026-09-09,1,1,True,1.0,49,18186000000.0,1853822629.9694188,0.0,-0.00522156759649306
00409A,2026-09-11,2026-09-10,1,1,True,1.0,48,18182000000.0,1888058151.6095533,0.0,0.018467528169455738
00409A,2026-09-14,2026-09-11,1,3,True,1.0,48,17837000000.0,1871668415.5299058,0.0,-0.008680736907216269
00409A,2026-09-15,2026-09-14,1,1,True,1.0,47,17777000000.0,1873234984.1938882,0.0,0.0008369904898666292
00409A,2026-09-16,2026-09-15,1,1,True,1.0,47,17373000000.0,1836469344.6088793,0.0,-0.019626816654201185
00409A,2026-09-17,2026-09-16,1,1,True,1.0,48,16962000000.0,1779853095.487933,0.0,-0.030828856080363343
00409A,2026-09-18,2026-09-17,1,1,True,1.0,50,17116000000.0,1750102249.4887526,0.0,-0.0167153379537901
00409A,2026-09-21,2026-09-18,1,3,True,1.0,48,17174000000.0,1736501516.6835186,0.0,-0.007771393248141356
00409A,2026-09-22,2026-09-21,1,1,True,1.0,48,17474000000.0,1735253227.408143,0.0,-0.0007188529715538294
00409A,2026-09-23,2026-09-22,1,1,True,1.0,48,17703000000.0,1745857988.1656804,0.0,0.006111362070985615
00409A,2026-09-24,2026-09-23,1,1,True,1.0,49,17638000000.0,1737733990.1477833,0.0,-0.004653298305455356
00409A,2026-09-29,2026-09-24,1,5,True,1.0,49,17286000000.0,1735542168.6746986,0.0,-0.0012613101231324642
00409A,2026-09-30,2026-09-29,1,1,True,1.0,47,16637000000.0,1648860257.6808722,0.0,-0.04994514829911556
00409A,2026-10-01,2026-09-30,1,1,True,1.0,46,16416000000.0,1593786407.7669902,0.0,-0.03340116280766181
00409A,2026-10-02,2026-10-01,1,1,True,1.0,44,15416999999.999998,1496796116.504854,0.0,-0.06085526315789491
00409A,2026-10-05,2026-10-02,1,3,True,1.0,45,15531000000.0,1490499040.3071017,0.0,-0.004207036702137179
00409A,2026-10-06,2026-10-05,1,1,True,1.0,46,15291999999.999998,1463349282.2966506,0.0,-0.01821521334549614
00409A,2026-10-07,2026-10-06,1,1,True,1.0,45,15365000000.0,1475984630.1633046,0.0,0.00863453996903818
00410A,2026-08-03,2026-07-31,1,3,True,1.0,37,2837000000.0,280891089.1089109,0.0,
00410A,2026-08-04,2026-08-03,1,1,True,1.0,35,2884000000.0,277041306.43611914,0.0,-0.01370560627254036
00410A,2026-08-05,2026-08-04,1,1,True,1.0,35,2577000000.0,240841121.49532712,0.0,-0.13066710306298368
00410A,2026-08-06,2026-08-05,1,1,True,1.0,31,2273000000.0,208915441.17647058,0.0,-0.1325590917391405
00410A,2026-08-07,2026-08-06,1,1,True,1.0,29,1964000000.0,185808893.0936613,0.0,-0.11060239469466115
00410A,2026-08-10,2026-08-07,1,3,True,0.9,29,1730000000.0,160930232.55813953,-0.09999999999999998,-0.13389380950125518
00410A,2026-08-11,2026-08-10,1,1,True,1.0,29,1599000000.0,148192771.08433735,0.0,-0.07914896580541819
00410A,2026-08-12,2026-08-11,1,1,True,1.0,29,1579000000.0,142380522.99368802,0.0,-0.03922086109950362
00410A,2026-08-13,2026-08-12,1,1,True,1.0,29,1578000000.0,139522546.41909814,0.0,-0.020072805707537555
00410A,2026-08-14,2026-08-13,1,1,True,1.0,29,1609000000.0,140769903.76202974,0.0,0.008940184758273961
00410A,2026-08-17,2026-08-14,1,3,True,1.0,28,1623000000.0,140034512.51078516,0.0,-0.005224065880500617
00410A,2026-08-18,2026-08-17,1,1,True,1.0,27,1639999999.9999998,144493392.07048458,0.0,0.03184129026304139
00410A,2026-08-19,2026-08-18,1,1,True,1.0,28,1614000000.0,144107142.85714287,0.0,-0.0026731271777002963
00410A,2026-08-20,2026-08-19,1,1,True,1.0,28,1591000000.0,140671971.70645446,0.0,-0.023837618889535395
00410A,2026-08-21,2026-08-20,1,1,True,1.0,28,1605000000.0,143688451.20859444,0.0,0.02144335837159228
00410A,2026-08-24,2026-08-21,1,3,True,1.0,29,1586000000.0,143659420.2898551,0.0,-0.00020204072418594787
00410A,2026-08-25,2026-08-24,1,1,True,1.0,29,1562000000.0,138352524.3578388,0.0,-0.03694081405388383
00410A,2026-08-26,2026-08-25,1,1,True,1.0,29,1597000000.0,136146632.5660699,0.0,-0.015943993808624213
00410A,2026-08-27,2026-08-26,1,1,True,1.0,28,1657000000.0,136942148.7603306,0.0,0.005843083881451383
00410A,2026-08-28,2026-08-27,1,1,True,1.0,28,1825000000.0,149958915.36565325,0.0,0.0950530331468944
00410A,2026-08-31,2026-08-28,1,3,True,1.0,29,1848999999.9999998,151309328.96890342,0.0,0.009005223863865597
00410A,2026-09-01,2026-08-31,1,1,True,1.0,29,1847000000.0,146937151.94908512,0.0,-0.028895620974678016
00410A,2026-09-02,2026-09-01,1,1,True,1.0,29,1923000000.0,156214459.7887896,0.0,0.0631379315349676
00410A,2026-09-03,2026-09-02,1,1,True,1.0,30,1929000000.0,162922297.2972973,0.0,0.042939927056541816
00410A,2026-09-04,2026-09-03,1,1,True,1.0,30,1820000000.0,149425287.35632184,0.0,-0.08284323364497115
00410A,2026-09-07,2026-09-04,1,3,True,1.0,29,1901000000.0000002,156848184.8184819,0.0,0.04967631378522497
00410A,2026-09-08,2026-09-07,1,1,True,1.0,30,1895000000.0,159109991.60369438,0.0,0.014420356778945376
00410A,2026-09-09,2026-09-08,1,1,True,1.0,30,1867000000.0000002,154937759.3360996,0.0,-0.02622231467390701
00410A,2026-09-10,2026-09-09,1,1,True,1.0,30,1889999999.9999998,158158995.81589958,0.0,0.02079051932597209
00410A,2026-09-11,2026-09-10,1,1,True,1.0,30,1888000000.0,159459459.45945945,0.0,0.008222508222508251
00410A,2026-09-14,2026-09-11,1,3,True,1.0,30,1861000000.0,159332191.78082192,0.0,-0.0007981193406082498
00410A,2026-09-15,2026-09-14,1,1,True,1.0,30,1841000000.0,161208406.30472854,0.0,0.011775489327904065
00410A,2026-09-16,2026-09-15,1,1,True,1.0,29,1789000000.0,153036783.57570574,0.0,-0.05068980530442169
00410A,2026-09-17,2026-09-16,1,1,True,1.0,29,1827000000.0,156824034.33476394,0.0,0.024747323294237233
00410A,2026-09-18,2026-09-17,1,1,True,1.0,30,1823999999.9999998,151118475.55923775,0.0,-0.036381915563700185
00410A,2026-09-21,2026-09-18,1,3,True,1.0,31,1902000000.0,156414473.68421054,0.0,0.035045338469529286
00410A,2026-09-22,2026-09-21,1,1,True,1.0,31,1918000000.0,156571428.57142857,0.0,0.0010034550097639539
00410A,2026-09-23,2026-09-22,1,1,True,1.0,30,1928000000.0,156239870.34035656,0.0,-0.002117616439328507
00410A,2026-09-24,2026-09-23,1,1,True,1.0,29,1934000000.0,155967741.93548387,0.0,-0.0017417347075358025
00410A,2026-09-29,2026-09-24,1,5,True,1.0,29,1932999999.9999998,156265157.63945028,0.0,0.0019069052374267592
00410A,2026-09-30,2026-09-29,1,1,True,1.0,29,1905999999.9999998,153338696.70152855,0.0,-0.01872753326543808
00410A,2026-10-01,2026-09-30,1,1,True,1.0,29,1920000000.0,153846153.84615386,0.0,0.003309387359754723
00410A,2026-10-02,2026-10-01,1,1,True,1.0,29,1930999999.9999998,152407261.24704024,0.0,-0.009352801894238483
00410A,2026-10-05,2026-10-02,1,3,True,1.0,29,1957000000.0,147809667.673716,0.0,-0.030166499520465018
00410A,2026-10-06,2026-10-05,1,1,True,1.0,29,2038000000.0,154863221.88449848,0.0,0.04772052005659688
00410A,2026-10-07,2026-10-06,1,1,True,1.0,28,2029000000.0,155359877.48851454,0.0,0.003207059739377627
00410A,2026-10-08,2026-10-07,1,1,True,1.0,28,2016000000.0,155916473.31786543,0.0,0.003582622735989416
00411A,2026-08-25,2026-08-24,1,1,True,1.0,41,,,0.0,
00411A,2026-08-26,2026-08-25,1,1,True,1.0,41,7029000000.000001,728393782.3834198,0.0,
00411A,2026-08-27,2026-08-26,1,1,True,1.0,41,7145000000.0,727596741.3441955,0.0,-0.0010942447045830805
00411A,2026-08-28,2026-08-27,1,1,True,1.0,40,7223999999.999999,734146341.4634145,0.0,0.009001689736981344
00411A,2026-08-31,2026-08-28,1,3,True,1.0,38,6925000000.0,720603537.9812696,0.0,-0.018447008065380133
00411A,2026-09-01,2026-08-31,1,1,True,1.0,37,6578000000.0,678844169.246646,0.0,-0.05795054635952812
00411A,2026-09-02,2026-09-01,1,1,True,1.0,36,6500000000.0,684210526.3157895,0.0,0.007905138339920903
00411A,2026-09-03,2026-09-02,1,1,True,1.0,36,6304000000.0,664978902.9535865,0.0,-0.02810775722168135
00411A,2026-09-04,2026-09-03,1,1,True,1.0,36,6245000000.0,636595310.9072375,0.0,-0.04268344743010599
00411A,2026-09-07,2026-09-04,1,3,True,1.0,36,6288000000.0,640978593.2721713,0.0,0.006885508406725416
00411A,2026-09-08,2026-09-07,1,1,True,1.0,35,6233000000.0,638627049.1803279,0.0,-0.003668678044049578
00411A,2026-09-09,2026-09-08,1,1,True,1.0,35,6233000000.0,626432160.8040202,0.0,-0.019095477386934623
00411A,2026-09-10,2026-09-09,1,1,True,1.0,34,6074000000.0,614155712.8412538,0.0,-0.019597410112229374
00411A,2026-09-11,2026-09-10,1,1,True,1.0,34,5900000000.0,606995884.7736626,0.0,-0.01165800124933769
00411A,2026-09-14,2026-09-11,1,3,True,1.0,34,5730000000.0,591942148.7603306,0.0,-0.02480039221179442
00411A,2026-09-15,2026-09-14,1,1,True,1.0,34,5749000000.0,596369294.6058091,0.0,0.007479017763391216
00411A,2026-09-16,2026-09-15,1,1,True,1.0,34,5457000000.0,564906832.2981366,0.0,-0.05275667709966303
00411A,2026-09-17,2026-09-16,1,1,True,1.0,34,5440000000.0,548940464.1775984,0.0,-0.02826371926780269
00411A,2026-09-18,2026-09-17,1,1,True,1.0,32,5517000000.0,544619940.7699901,0.0,-0.007870659369374589
00411A,2026-09-21,2026-09-18,1,3,True,1.0,32,5547000000.0,542759295.4990215,0.0,-0.0034164104757860025
00411A,2026-09-22,2026-09-21,1,1,True,1.0,32,5387000000.0,514026717.5572519,0.0,-0.05293797486296847
00411A,2026-09-23,2026-09-22,1,1,True,1.0,32,5100000000.0,485714285.71428573,0.0,-0.055079689198864856
00411A,2026-09-24,2026-09-23,1,1,True,1.0,31,4989000000.0,476504297.9942693,0.0,-0.018961739423563162
00411A,2026-09-29,2026-09-24,1,5,True,1.0,31,4604000000.0,445692158.7608906,0.0,-0.0646628778860443
00411A,2026-09-30,2026-09-29,1,1,True,1.0,31,4377000000.0,414488636.3636363,0.0,-0.07001137844562055
00411A,2026-10-01,2026-09-30,1,1,True,1.0,31,4388000000.0,408186046.5116279,0.0,-0.015205699985654242
00411A,2026-10-02,2026-10-01,1,1,True,1.0,31,4326000000.0,403921568.62745094,0.0,-0.010447387706222111
00411A,2026-10-05,2026-10-02,1,3,True,1.0,31,4366000000.0,399085923.2175503,0.0,-0.011971743490530762
00411A,2026-10-06,2026-10-05,1,1,True,1.0,31,4472000000.0,404705882.35294116,0.0,0.014082078090054129
00411A,2026-10-07,2026-10-06,1,1,True,1.0,31,4558000000.0,405877114.87088156,0.0,0.0028940338379341846
00980A,2025-05-05,2025-05-02,1,3,True,1.0,54,1402000000.0,141616161.6161616,0.0,
00980A,2025-05-06,2025-05-05,1,1,True,1.0,54,1378000000.0,138076152.3046092,0.0,-0.024997212684999104
00980A,2025-05-07,2025-05-06,1,1,True,1.0,54,1313000000.0,131431431.43143143,0.0,-0.048123595293406596
00980A,2025-05-08,2025-05-07,1,1,True,1.0,54,1308000000.0,129121421.52023691,0.0,-0.01757577990314796
00980A,2025-05-09,2025-05-08,1,1,True,1.0,54,1324000000.0,129170731.70731707,0.0,0.0003818900574328321
00980A,2025-05-12,2025-05-09,1,3,True,1.0,54,1341000000.0,129315332.69045325,0.0,0.0011194562516207984
00980A,2025-05-13,2025-05-12,1,1,True,1.2578014341359773,54,1436000000.0,137416267.94258374,0.25780143413597734,0.06264481623012164
00980A,2025-05-14,2025-05-13,1,1,True,1.0,54,1789999999.9999998,167133520.0746965,0.0,0.2162571621034668
00980A,2025-05-15,2025-05-14,1,1,True,1.0412381311947785,54,1857999999.9999998,173482726.42390287,0.04123813119477848,0.03798882681564253
00980A,2025-05-16,2025-05-15,1,1,True,1.0829493087557605,54,1927000000.0,178922934.07613742,0.08294930875576045,0.031358785767186204
00980A,2025-05-19,2025-05-16,1,3,True,1.0,54,2095000000.0,198390151.5151515,0.0,0.1088022479596169
00980A,2025-05-20,2025-05-19,1,1,True,1.0,54,2073000000.0,196121097.44560075,0.0,-0.011437332207377526
00980A,2025-05-21,2025-05-20,1,1,True,1.0,54,2076000000.0000002,193656716.41791046,0.0,-0.012565609002743061
00980A,2025-05-22,2025-05-21,1,1,True,1.0,54,2109000000.0,197842401.5009381,0.0,0.021613942239911532
00980A,2025-05-23,2025-05-22,1,1,True,1.0,54,2103000000.0,197279549.7185741,0.0,-0.002844950213371278
00980A,2025-05-26,2025-05-23,1,3,True,1.0,54,2097000000.0,197086466.16541353,0.0,-0.0009787307069385465
00980A,2025-05-27,2025-05-26,1,1,True,1.0,54,2091000000.0,197824030.2743614,0.0,0.003742337682024477
00980A,2025-05-28,2025-05-27,1,1,True,1.0,54,2078000000.0,195668549.90583804,0.0,-0.010895948108700093
00980A,2025-05-29,2025-05-28,1,1,True,1.0,46,2089000000.0,194869402.9850746,0.0,-0.004084186861649464
00980A,2025-06-02,2025-05-29,1,4,True,1.0,51,2105000000.0,200285442.43577546,0.0,0.027793175161088035
00980A,2025-06-03,2025-06-02,1,1,True,1.0,51,2071000000.0,194277673.54596624,0.0,-0.0299960337443681
00980A,2025-06-04,2025-06-03,1,1,True,1.0,51,2098000000.0,194619666.0482375,0.0,0.001760328379629028
00980A,2025-06-05,2025-06-04,1,1,True,1.0,51,2130999999.9999998,197864438.2544104,0.0,0.016672375778142845
00980A,2025-06-06,2025-06-05,1,1,True,1.0,51,2132999999.9999998,198418604.65116277,0.0,0.002800737725491942
00980A,2025-06-09,2025-06-06,1,3,True,1.0,51,2129000000.0,196402214.02214023,0.0,-0.010162306264412724
00980A,2025-06-10,2025-06-09,1,1,True,1.0,51,2146000000.0,194208144.79638007,0.0,-0.011171305968642575
00980A,2025-06-11,2025-06-10,1,1,True,1.0,51,2187000000.0,196319569.12028724,0.0,0.010871965880323575
00980A,2025-06-12,2025-06-11,1,1,True,1.0,51,2208000000.0,198739873.98739874,0.0,0.012328393333160603
00980A,2025-06-13,2025-06-12,1,1,True,1.0,51,2202000000.0,199456521.73913044,0.0,0.003605958569628198
00980A,2025-06-16,2025-06-13,1,3,True,1.0,51,2186000000.0,197292418.7725632,0.0,-0.010849998524478877
00980A,2025-06-17,2025-06-16,1,1,True,1.0,51,2192000000.0,197122302.1582734,0.0,-0.0008622562151558988
00980A,2025-06-18,2025-06-17,1,1,True,1.0,51,2197000000.0,197040358.7443946,0.0,-0.00041569834048005294
00980A,2025-06-19,2025-06-18,1,1,True,1.0,51,2223000000.0,200631768.95306858,0.0,0.01822677461388933
00980A,2025-06-20,2025-06-19,1,1,True,1.0,51,2202000000.0,201095890.41095892,0.0,0.0023132999340642613
00980A,2025-06-23,2025-06-20,1,3,True,1.0,51,2183000000.0,198997265.2689152,0.0,-0.010435942463841386
00980A,2025-06-24,2025-06-23,1,1,True,1.0,51,2183000000.0,195609318.99641576,0.0,-0.017025089605734678
00980A,2025-06-25,2025-06-24,1,1,True,1.0,51,2230000000.0,197519929.1408326,0.0,0.009767480170266518
00980A,2025-06-26,2025-06-25,1,1,True,1.0,51,2250000000.0,199822380.10657194,0.0,0.011656803319819442
00980A,2025-06-27,2025-06-26,1,1,True,1.0,51,2246000000.0,199113475.17730498,0.0,-0.003547675334909295
00980A,2025-06-30,2025-06-27,1,3,True,1.0,51,2252000000.0,199822537.71073648,0.0,0.003561097674580349
00980A,2025-07-01,2025-06-30,1,1,True,1.0,47,2239000000.0,197095070.4225352,0.0,-0.013649447752232868
00980A,2025-07-02,2025-07-01,1,1,True,1.0,53,2264000000.0,198596491.22807017,0.0,0.007617749151798581
00980A,2025-07-03,2025-07-02,1,1,True,1.0,53,2282000000.0,198090277.7777778,0.0,-0.0025489546525322426
00980A,2025-07-04,2025-07-03,1,1,True,1.0,53,2306000000.0,202103418.0543383,0.0,0.0202591481095431
00980A,2025-07-07,2025-07-04,1,3,True,1.0,53,2303000000.0,203625110.52166224,0.0,0.0075292762585281725
00980A,2025-07-08,2025-07-07,1,1,True,1.0,53,2289000000.0,202566371.68141592,0.0,-0.005199451273636968
00980A,2025-07-09,2025-07-08,1,1,True,1.0,53,2287000000.0,199737991.26637557,0.0,-0.013962734246376507
00980A,2025-07-10,2025-07-09,1,1,True,1.0,53,2321000000.0,200778546.71280277,0.0,0.005209602038299677
00980A,2025-07-11,2025-07-10,1,1,True,1.0,53,2342000000.0,202420051.8582541,0.0,0.008175699905824008
00980A,2025-07-14,2025-07-11,1,3,True,1.0,53,2417000000.0,211646234.676007,0.0,0.045579391631682675
00980A,2025-07-15,2025-07-14,1,1,True,1.0,53,2390000000.0,207105719.237435,0.0,-0.021453324910422844
00980A,2025-07-16,2025-07-15,1,1,True,1.0,53,2417000000.0,208003442.34079176,0.0,0.00433461280867653
00980A,2025-07-17,2025-07-16,1,1,True,1.0,53,2430000000.0,208404802.7444254,0.0,0.0019295853910727967
00980A,2025-07-18,2025-07-17,1,1,True,1.0,53,2445000000.0,207379134.86005092,0.0,-0.004921517502800898
00980A,2025-07-21,2025-07-18,1,3,True,1.0,53,2468000000.0,209329940.62765056,0.0,0.009406952965235194
00980A,2025-07-22,2025-07-21,1,1,True,1.0416666666666667,53,2486000000.0,214310344.8275862,0.04166666666666674,0.023792125412172238
00980A,2025-07-23,2025-07-22,1,1,True,1.0,53,2519000000.0,215299145.2991453,0.0,0.004613871870509101
00980A,2025-07-24,2025-07-23,1,1,True,1.0,53,2545000000.0,216044142.61460102,0.0,0.0034602892381230266
00980A,2025-07-25,2025-07-24,1,1,True,1.0,53,2566000000.0,218011894.64740866,0.0,0.00910810174714105
00980A,2025-07-28,2025-07-25,1,3,True,1.0,53,2572000000.0,216863406.40809444,0.0,-0.005268007239566774
00980A,2025-07-29,2025-07-28,1,1,True,1.0844363096915997,52,2611000000.0,222591645.35379368,0.08443630969159965,0.02641404117262569
00980A,2025-07-30,2025-07-29,1,1,True,1.0,52,2633000000.0,223704333.05012745,0.0,0.004998784633471809
00980A,2025-07-31,2025-07-30,1,1,True,1.0,52,2647000000.0,220951585.9766277,0.0,-0.0123052917034151
00980A,2025-08-01,2025-07-31,1,1,True,1.0,52,2691000000.0,223504983.38870433,0.0,0.011556366073546709
00980A,2025-08-04,2025-08-01,1,3,True,1.0,52,2708000000.0,226610878.66108787,0.0,0.01389631329598573
00980A,2025-08-05,2025-08-04,1,1,True,1.0,52,2739000000.0,225246710.52631578,0.0,-0.006019870461789645
00980A,2025-08-06,2025-08-05,1,1,True,1.0,52,2826000000.0,232210353.32785538,0.0,0.030915624850938794
00980A,2025-08-07,2025-08-06,1,1,True,1.069889658080613,52,2859000000.0,230564516.12903225,0.06988965808061298,-0.007087699472638875
00980A,2025-08-08,2025-08-07,1,1,True,1.0361990950226245,51,3050000000.0,243804956.03517187,0.03619909502262453,0.057426182174232565
00980A,2025-08-11,2025-08-08,1,3,True,1.0,51,3140000000.0,249404289.11834788,0.0,0.02296644487558419
00980A,2025-08-12,2025-08-11,1,1,True,1.0,51,3172000000.0,251347068.14580032,0.0,0.00778967769287453
00980A,2025-08-13,2025-08-12,1,1,True,1.0,51,3191000000.0,251457840.81954294,0.0,0.00044071599704653686
00980A,2025-08-14,2025-08-13,1,1,True,1.0,51,3297000000.0,258588235.29411766,0.0,0.028356222463915115
00980A,2025-08-15,2025-08-14,1,1,True,1.0310077519379846,51,3353000000.0,260730948.67807156,0.03100775193798455,0.008286198254598753
00980A,2025-08-18,2025-08-15,1,3,True,1.0953545232273838,51,3476000000.0,266768994.62778205,0.0953545232273838,0.02315814819960549
00980A,2025-08-19,2025-08-18,1,1,True,1.1164021164021165,51,3729000000.0,290646921.2782541,0.1164021164021165,0.08950787809426086
00980A,2025-08-20,2025-08-19,1,1,True,1.0,51,3947999999.9999995,317363344.0514469,0.0,0.09192054282114892
00980A,2025-08-21,2025-08-20,1,1,True,1.0403225806451613,51,3827000000.0000005,303971405.8776807,0.040322580645161255,-0.04219749515745985
00980A,2025-08-22,2025-08-21,1,1,True,1.0,51,3990000000.0,318435754.18994415,0.0,0.04758456891857765
00980A,2025-08-25,2025-08-22,1,3,True,1.0,51,3964000000.0,310901960.78431374,0.0,-0.02365875472996215
00980A,2025-08-26,2025-08-25,1,1,True,1.0,51,4051000000.0,316979655.7120501,0.0,0.019548589891180246
00980A,2025-08-27,2025-08-26,1,1,True,1.0,51,4068000000.0,314860681.11455107,0.0,-0.006684891472731991
00980A,2025-08-28,2025-08-27,1,1,True,1.0,51,4110000000.0,319099378.8819876,0.0,0.013462137452133538
00980A,2025-08-29,2025-08-28,1,1,True,1.0,51,4090000000.0,315100154.0832049,0.0,-0.012532850464311518
00980A,2025-09-01,2025-08-29,1,3,True,1.0,51,4121000000.0,322962382.4451411,0.0,0.024951521794115195
00980A,2025-09-02,2025-09-01,1,1,True,1.0,51,4056000000.0,317868338.5579937,0.0,-0.015772870662460692
00980A,2025-09-03,2025-09-02,1,1,True,1.0,51,4065000000.0,316835541.69914263,0.0,-0.003249134102302653
00980A,2025-09-04,2025-09-03,1,1,True,1.0,51,4108000000.0,317465224.1112829,0.0,0.0019874109096578163
00980A,2025-09-05,2025-09-04,1,1,True,1.0,44,4181000000.0,317463933.181473,0.0,-4.066366051547199e-06
00980A,2025-09-08,2025-09-05,1,3,True,1.0,48,4254000000.0,321541950.1133787,0.0,0.01284560703018367
00980A,2025-09-09,2025-09-08,1,1,True,1.0312727438136826,48,4310000000.0,323330832.70817703,0.03127274381368261,0.005563450100888989
00980A,2025-09-10,2025-09-09,1,1,True,1.0,48,4451000000.0,328244837.7581121,0.0,0.015198071302931382
00980A,2025-09-11,2025-09-10,1,1,True,1.0,48,4528000000.0,334663710.2734664,0.0,0.019555136218423863
00980A,2025-09-12,2025-09-11,1,1,True,1.0,48,4538000000.0,334167893.96170837,0.0,-0.0014815359315561993
00980A,2025-09-15,2025-09-12,1,3,True,1.0,48,4557000000.0,339314966.4929263,0.0,0.015402654247232084
00980A,2025-09-16,2025-09-15,1,1,True,1.0,48,4508000000.0,334421364.9851632,0.0,-0.014422003126894456
00980A,2025-09-17,2025-09-16,1,1,True,1.0,48,4515000000.0,337443946.1883408,0.0,0.009038241929643753
00980A,2025-09-18,2025-09-17,1,1,True,1.0,48,4473000000.0,329381443.2989691,0.0,-0.023892865705380517
00980A,2025-09-19,2025-09-18,1,1,True,1.0,48,4540000000.0,334808259.58702064,0.0,0.01647578027984342
00980A,2025-09-22,2025-09-19,1,3,True,1.0,48,4508000000.0,331470588.2352941,0.0,-0.00996890386110394
00980A,2025-09-23,2025-09-22,1,1,True,1.0,48,4616000000.0,338168498.16849816,0.0,0.020206649310464675
00980A,2025-09-24,2025-09-23,1,1,True,1.0,45,4646000000.0,342120765.83210605,0.0,0.011687273312012136
00980A,2025-09-25,2025-09-24,1,1,True,1.0,50,4618000000.0,342327650.1111935,0.0,0.0006047112591491821
00980A,2025-09-26,2025-09-25,1,1,True,1.0,50,4583000000.0,345365486.05877924,0.0,0.00887405953506537
00980A,2025-09-30,2025-09-26,1,4,True,1.0,50,4500000000.0,331613854.0899042,0.0,-0.03981762082194451
00980A,2025-10-01,2025-09-30,1,1,True,1.0,50,4623000000.0,341180811.80811805,0.0,0.028849692496924817
00980A,2025-10-02,2025-10-01,1,1,True,1.0,50,4638000000.0,338046647.2303207,0.0,-0.009186227564169203
00980A,2025-10-03,2025-10-02,1,1,True,1.0,50,4693000000.0,337383177.57009345,0.0,-0.001962657123397493
00980A,2025-10-07,2025-10-03,1,4,True,1.0,50,4759000000.0,341146953.4050179,0.0,0.01115578987082877
00980A,2025-10-08,2025-10-07,1,1,True,1.0,50,4773000000.0,342395982.78335726,0.0,0.0036612649354557103
00980A,2025-10-09,2025-10-08,1,1,True,1.0,50,4730000000.0,337134711.3328582,0.0,-0.01536604316361967
00980A,2025-10-13,2025-10-09,1,4,True,1.0,50,4738000000.0,341354466.8587896,0.0,0.01251652643315393
00980A,2025-10-14,2025-10-13,1,1,True,1.0,50,4684000000.0,341648431.8016046,0.0,0.0008611720992555139
00980A,2025-10-15,2025-10-14,1,1,True,1.0,50,4621000000.0,331254480.2867384,0.0,-0.030422945189755746
00980A,2025-10-16,2025-10-15,1,1,True,1.0,50,4714000000.0,335277382.6458037,0.0,0.012144446636866757
00980A,2025-10-17,2025-10-16,1,1,True,1.0,50,4748000000.0,341582733.81294966,0.0,0.018806371958012713
00980A,2025-10-20,2025-10-17,1,3,True,1.0,50,4689000000.0,333262260.1279318,0.0,-0.024358589768691763
00980A,2025-10-21,2025-10-20,1,1,True,1.0,50,4747000000.0,335240112.99435025,0.0,0.005934824020155327
00980A,2025-10-22,2025-10-21,1,1,True,1.0,50,4774000000.0,338101983.0028329,0.0,0.008536776768509391
00980A,2025-10-23,2025-10-22,1,1,True,1.0,50,4778000000.0,339587775.4086709,0.0,0.0043945095874387
00980A,2025-10-27,2025-10-23,1,4,True,1.0,50,4780000000.0,333798882.6815642,0.0,-0.01704682307877592
00980A,2025-10-28,2025-10-27,1,1,True,1.0,47,4869000000.0,337188365.65096956,0.0,0.010154266971105663
00980A,2025-10-29,2025-10-28,1,1,True,1.0,50,4918000000.0,336618754.2778919,0.0,-0.0016892972329517475
00980A,2025-10-30,2025-10-29,1,1,True,1.0,48,4983000000.0,339441416.89373296,0.0,0.008385339735144104
00980A,2025-10-31,2025-10-30,1,1,True,1.0569395017793595,49,5018000000.0,337004701.1417058,0.05693950177935947,-0.007178604703945157
00980A,2025-11-03,2025-10-31,1,3,True,1.1551312649164678,49,5157000000.0,345180722.8915663,0.15513126491646778,0.024260853697772422
00980A,2025-11-04,2025-11-03,1,1,True,1.0227272727272727,49,5926000000.0,401490514.90514904,0.022727272727272707,0.16313133462922758
00980A,2025-11-05,2025-11-04,1,1,True,1.0,49,5948000000.0,406284153.0054645,0.0,0.011939604853300034
00980A,2025-11-06,2025-11-05,1,1,True,1.0576,49,6050000000.0,408783783.7837838,0.057600000000000096,0.006152420073065601
00980A,2025-11-07,2025-11-06,1,1,True,1.0478697941598851,49,6380000000.0,439091534.75567794,0.047869794159885126,0.07414127510479895
00980A,2025-11-10,2025-11-07,1,3,True,1.0,49,6383000000.0,433922501.6995241,0.0,-0.01177210819841934
00980A,2025-11-11,2025-11-10,1,1,True,1.0,49,6590000000.000001,449522510.23192364,0.0,0.035951139826350786
00980A,2025-11-12,2025-11-11,1,1,True,1.0419161676646707,49,7195999999.999999,490190735.69482285,0.041916167664670656,0.09046983084766347
00980A,2025-11-13,2025-11-12,1,1,True,1.0342205323193916,49,7456999999.999999,504874746.1069735,0.034220532319391594,0.029955707733514636
00980A,2025-11-14,2025-11-13,1,1,True,1.0601307189542484,49,7706999999.999999,529690721.64948446,0.060130718954248374,0.049152736859713775
00980A,2025-11-17,2025-11-14,1,3,True,1.0,49,7913000000.0,541244870.0410397,0.0,0.021813008835750436
00980A,2025-11-18,2025-11-17,1,1,True,1.0,49,8100000000.0,585683297.1800433,0.0,0.08210410776851162
00980A,2025-11-19,2025-11-18,1,1,True,1.0382244143033292,49,8050000000.0,584604212.0551925,0.038224414303329235,-0.001842437935393515
00980A,2025-11-20,2025-11-19,1,1,True,1.0269580444601871,49,8127000000.0,571518987.3417721,0.026958044460187125,-0.022383048981838405
00980A,2025-11-21,2025-11-20,1,1,True,1.038022813688213,49,8509000000.0,616147719.0441709,0.03802281368821303,0.0780879247948949
00980A,2025-11-24,2025-11-21,1,3,True,1.0,49,8353000000.0,600935251.7985611,0.0,-0.024689643044055853
00980A,2025-11-25,2025-11-24,1,1,True,1.0,49,8588000000.0,606925795.0530035,0.0,0.00996870001637129
00980A,2025-11-26,2025-11-25,1,1,True,1.0,49,8753000000.0,607847222.2222222,0.0,0.0015181875226413233
00980A,2025-11-27,2025-11-26,1,1,True,1.0,49,8916000000.0,611942347.2889498,0.0,0.006737095962627393
00980A,2025-11-28,2025-11-27,1,1,True,1.0,49,9032000000.0,614840027.2294078,0.0,0.004735217219882459
00980A,2025-12-01,2025-11-28,1,3,True,1.0,49,9085000000.0,624828060.522696,0.0,0.016244930145970393
00980A,2025-12-02,2025-12-01,1,1,True,1.0,49,8990000000.0,617021276.5957446,0.0,-0.012494291502242572
00980A,2025-12-03,2025-12-02,1,1,True,1.0,49,8999000000.0,616369863.0136987,0.0,-0.001055739253660648
00980A,2025-12-04,2025-12-03,1,1,True,1.0,47,9043000000.0,623225361.8194349,0.0,0.01112237832689722
00980A,2025-12-05,2025-12-04,1,1,True,1.0,51,8997000000.0,615389876.880985,0.0,-0.012572474450614601
00980A,2025-12-08,2025-12-05,1,3,True,1.0,51,9102000000.0,618342391.3043478,0.0,0.004797794917146048
00980A,2025-12-09,2025-12-08,1,1,True,1.0,51,9156000000.0,620325203.2520325,0.0,0.0032066569841704418
00980A,2025-12-10,2025-12-09,1,1,True,1.0,51,9146000000.0,615477792.7321669,0.0,-0.007814305294147728
00980A,2025-12-11,2025-12-10,1,1,True,1.0,51,9230000000.0,623648648.6486486,0.0,0.013275630758683432
00980A,2025-12-12,2025-12-11,1,1,True,1.0,51,9181000000.0,612474983.3222148,0.0,-0.017916603123642516
00980A,2025-12-15,2025-12-12,1,3,True,1.0,51,9299000000.0,627039784.2211733,0.0,0.023780238043283664
00980A,2025-12-16,2025-12-15,1,1,True,1.0,51,9187000000.0,629246575.3424658,0.0,0.0035193797536043903
00980A,2025-12-17,2025-12-16,1,1,True,1.0,51,9044000000.0,622008253.0949106,0.0,-0.011503157158409216
00980A,2025-12-18,2025-12-17,1,1,True,1.0,51,9035000000.0,623964088.3977901,0.0,0.0031443880256376566
00980A,2025-12-19,2025-12-18,1,1,True,1.0,51,9030000000.0,613868116.9272603,0.0,-0.016180372650057673
00980A,2025-12-22,2025-12-19,1,3,True,1.0,51,9218000000.0,618242790.073776,0.0,0.0071264055354647304
00980A,2025-12-23,2025-12-22,1,1,True,1.0,51,9357000000.0,627986577.181208,0.0,0.015760454086766185
00980A,2025-12-24,2025-12-23,1,1,True,1.0,51,9386000000.0,624900133.1557922,0.0,-0.004914824834743481
00980A,2025-12-26,2025-12-24,1,2,True,1.0,51,9479000000.0,626503635.16193,0.0,0.0025660132252491863
00980A,2025-12-29,2025-12-26,1,3,True,1.0,51,9479000000.0,624028966.4252799,0.0,-0.0039499670836076195
00980A,2025-12-30,2025-12-29,1,1,True,1.0,51,9518000000.0,624131147.5409836,0.0,0.00016374418689091286
00980A,2025-12-31,2025-12-30,1,1,True,1.0,51,9497000000.0,621124918.2472204,0.0,-0.00481666282095905
00980A,2026-01-02,2025-12-31,1,2,True,1.0,51,9526000000.0,620990873.5332464,0.0,-0.0002158095900455237
00980A,2026-01-05,2026-01-02,1,3,True,1.0,51,9542000000.0,620012995.451592,0.0,-0.001574706043730778
00980A,2026-01-06,2026-01-05,1,1,True,1.0,51,9601000000.0,615448717.948718,0.0,-0.007361583606081634
00980A,2026-01-07,2026-01-06,1,1,True,1.0,51,9698000000.0,624468770.1223439,0.0,0.014656058109422387
00980A,2026-01-08,2026-01-07,1,1,True,1.0,51,9641000000.0,626445743.9896036,0.0,0.003165849057387371
00980A,2026-01-09,2026-01-08,1,1,True,1.0,51,9538000000.0,620963541.6666667,0.0,-0.00875128033917627
00980A,2026-01-12,2026-01-09,1,3,True,1.0,51,9527000000.0,617033678.7564768,0.0,-0.0063286532082740266
00980A,2026-01-13,2026-01-12,1,1,True,1.0,51,9588000000.0,622597402.5974026,0.0,0.009016888433283743
00980A,2026-01-14,2026-01-13,1,1,True,1.0,51,9530000000.0,609335038.3631713,0.0,-0.02130166971288705
00980A,2026-01-15,2026-01-14,1,1,True,1.0,51,9650000000.0,621377978.10689,0.0,0.019764069002283335
00980A,2026-01-16,2026-01-15,1,1,True,1.0,51,9563000000.0,611054313.0990415,0.0,-0.016614146898641158
00980A,2026-01-19,2026-01-16,1,3,True,0.9804351228674284,51,9613000000.0,618199356.9131832,-0.0195648771325716,0.011692976648679076
00980A,2026-01-20,2026-01-19,1,1,True,1.0,51,9466000000.0,605242966.7519181,0.0,-0.020958271820209373
00980A,2026-01-21,2026-01-20,1,1,True,1.0,51,9526000000.0,616170763.2600259,0.0,0.018055222626960354
00980A,2026-01-22,2026-01-21,1,1,True,1.0,51,9336000000.0,590512333.9658444,0.0,-0.041641750670590505
00980A,2026-01-23,2026-01-22,1,1,True,1.0,51,9523000000.0,595559724.8280175,0.0,0.008547477456186447
00980A,2026-01-26,2026-01-23,1,3,True,1.0,51,9596000000.0,594179566.5634675,0.0,-0.002317413698430526
00980A,2026-01-27,2026-01-26,1,1,True,1.0,51,9660000000.0,590825688.0733944,0.0,-0.005644553732250923
00980A,2026-01-28,2026-01-27,1,1,True,1.0,51,9760000000.0,587951807.2289156,0.0,-0.004864177205717302
00980A,2026-01-29,2026-01-28,1,1,True,1.0,51,9906000000.0,599636803.874092,0.0,0.01987407216290249
00980A,2026-01-30,2026-01-29,1,1,True,1.0,51,9830000000.0,603067484.6625767,0.0,0.005721264549340521
00980A,2026-02-02,2026-01-30,1,3,True,1.0,48,9691000000.0,604177057.3566085,0.0,0.0018398814763702642
00980A,2026-02-03,2026-02-02,1,1,True,1.0,53,9575000000.0,579951544.5184736,0.0,-0.04009671096106526
00980A,2026-02-04,2026-02-03,1,1,True,1.0,52,9841000000.0,590696278.5114045,0.0,0.01852695125047399
00980A,2026-02-05,2026-02-04,1,1,True,1.0,50,10468000000.0,639853300.7334963,0.0,0.08321877758561613
00980A,2026-02-06,2026-02-05,1,1,True,1.030587168092572,50,10578000000.0,654984520.123839,0.030587168092572004,0.0236479508240357
00980A,2026-02-09,2026-02-06,1,3,True,1.0,50,10756000000.0,648342374.9246534,0.0,-0.010140919357803702
00980A,2026-02-10,2026-02-09,1,1,True,1.0,50,11072000000.0,655924170.6161138,0.0,0.011694123328498396
00980A,2026-02-11,2026-02-10,1,1,True,1.0,50,11327000000.0,663561804.3350908,0.0,0.011644080308556015
00980A,2026-02-23,2026-02-11,1,12,True,1.0,50,11472000000.0,668531468.5314685,0.0,0.007489376519128399
00980A,2026-02-24,2026-02-23,1,1,True,1.0340770847157708,50,11515000000.0,659885386.8194842,0.034077084715770756,-0.01293294649386767
00980A,2026-02-25,2026-02-24,1,1,True,1.0,50,11997000000.0,670223463.6871508,0.0,0.015666473412139226
00980A,2026-02-26,2026-02-25,1,1,True,1.0,50,12577000000.0,713791146.4245175,0.0,0.0650047112610539
00980A,2026-03-02,2026-02-26,1,4,True,1.0,50,12400000000.0,708976558.0331619,0.0,-0.006745094017308273
00980A,2026-03-03,2026-03-02,1,1,True,1.0,50,12295000000.0,721114369.5014663,0.0,0.017120187304890733
00980A,2026-03-04,2026-03-03,1,1,True,1.0,50,11999000000.0,737492317.1481254,0.0,0.02271199734652618
00980A,2026-03-05,2026-03-04,1,1,True,1.0,50,11451000000.0,678778897.4510965,0.0,-0.07961224589304605
00980A,2026-03-06,2026-03-05,1,1,True,1.0,50,11916000000.0,703839338.4524512,0.0,0.03691988819254677
00980A,2026-03-09,2026-03-06,1,3,True,1.0,50,11948000000.0,745352464.1297567,0.0,0.05898096825417776
00980A,2026-03-10,2026-03-09,1,1,True,1.0,50,11307000000.0,684443099.2736077,0.0,-0.08171887501205788
00980A,2026-03-11,2026-03-10,1,1,True,1.0,50,11669000000.0,676463768.115942,0.0,-0.011658136616665593
00980A,2026-03-12,2026-03-11,1,1,True,1.0,45,12207000000.0,709709302.3255814,0.0,0.04914606779640751
00980A,2026-03-13,2026-03-12,1,1,True,1.0,49,12121000000.0,710492379.8358735,0.0,0.0011033778305089559
00980A,2026-03-16,2026-03-13,1,3,True,1.0,49,12061000000.0,703265306.122449,0.0,-0.010171922906610065
00980A,2026-03-17,2026-03-16,1,1,True,1.0,50,12075000000.0,692771084.3373494,0.0,-0.014922137767553134
00980A,2026-03-18,2026-03-17,1,1,True,1.0,50,12286000000.0,689837170.129141,0.0,-0.00423504137880526
00980A,2026-03-19,2026-03-18,1,1,True,1.0,50,12495000000.0,703547297.2972972,0.0,0.019874439595056304
00980A,2026-03-20,2026-03-19,1,1,True,1.0,50,12354000000.0,694825646.7941507,0.0,-0.012396679706753289
00980A,2026-03-23,2026-03-20,1,3,True,1.0,50,12335000000.0,715072463.768116,0.0,0.029139420899878754
00980A,2026-03-24,2026-03-23,1,1,True,1.0,50,11971000000.0,699649327.8784337,0.0,-0.021568633489827294
00980A,2026-03-25,2026-03-24,1,1,True,1.0,50,11879000000.0,670372460.496614,0.0,-0.04184505896775004
00980A,2026-03-26,2026-03-25,1,1,True,1.0,50,12271000000.0,693668739.4007914,0.0,0.034751246921628454
00980A,2026-03-27,2026-03-26,1,1,True,1.0,50,12238000000.0,693371104.8158641,0.0,-0.0004290730834785039
00980A,2026-03-30,2026-03-27,1,3,True,1.0,50,12188000000.0,701669545.1928612,0.0,0.011968252382251965
00980A,2026-03-31,2026-03-30,1,1,True,1.0,50,11970000000.0,717195925.7040143,0.0,0.02212776743343703
00980A,2026-04-01,2026-03-31,1,1,True,1.0,50,11496000000.0,654297097.3249857,0.0,-0.08770103973650678
00980A,2026-04-02,2026-04-01,1,1,True,1.0,50,12158000000.0,708095515.4338963,0.0,0.08222322600674659
00980A,2026-04-07,2026-04-02,1,5,True,1.0,50,11860000000.0,682786413.3563615,0.0,-0.03574249734095014
00980A,2026-04-08,2026-04-07,1,1,True,1.0,50,12050000000.0,655603917.3014146,0.0,-0.03981112617828231
00980A,2026-04-09,2026-04-08,1,1,True,1.0,50,12703000000.0,687391774.8917749,0.0,0.048486375312101426
00980A,2026-04-10,2026-04-09,1,1,True,1.0,50,12616000000.0,671420968.6003194,0.0,-0.02323392114194267
00980A,2026-04-13,2026-04-10,1,3,True,1.0,50,12833000000.000002,680795755.9681698,0.0,0.013962607374913505
00980A,2026-04-14,2026-04-13,1,1,True,1.0,50,12751000000.0,659648215.2095189,0.0,-0.03106297384092338
00980A,2026-04-15,2026-04-14,1,1,True,1.0,50,13027000000.000002,665321756.8947908,0.0,0.008600859601310074
00980A,2026-04-16,2026-04-15,1,1,True,1.0,50,13200000000.0,662983425.4143647,0.0,-0.0035145874250972486
00980A,2026-04-17,2026-04-16,1,1,True,1.0,50,13450000000.0,668156979.6323895,0.0,0.007803444278854155
00980A,2026-04-20,2026-04-17,1,3,True,1.0,50,13538999999.999998,662053789.7310513,0.0,-0.009134365257541854
00980A,2026-04-21,2026-04-20,1,1,True,1.0,50,13729000000.0,653450737.7439314,0.0,-0.012994490962153993
00980A,2026-04-22,2026-04-21,1,1,True,1.0,50,14061000000.000002,658903467.6663543,0.0,0.00834451567267136
00980A,2026-04-23,2026-04-22,1,1,True,1.0,50,14256000000.0,677244655.5819477,0.0,0.02783592561828918
00980A,2026-04-24,2026-04-23,1,1,True,1.0,50,14027000000.000002,651812267.6579927,0.0,-0.03755273329119335
00980A,2026-04-27,2026-04-24,1,3,True,1.0,50,14313000000.0,659585253.4562212,0.0,0.011925191015746517
00980A,2026-04-28,2026-04-27,1,1,True,1.0,50,14419999999.999998,662379421.2218648,0.0,0.004236249599278041
00980A,2026-04-29,2026-04-28,1,1,True,1.0,50,14551000000.0,667171022.4667584,0.0,0.007233922267776194
00980A,2026-04-30,2026-04-29,1,1,True,1.0,45,14613000000.0,670321100.9174311,0.0,0.004721545667594862
00980A,2026-05-04,2026-04-30,1,4,True,1.0,47,14474000000.0,636499560.2462622,0.0,-0.05045573028341088
00980A,2026-05-05,2026-05-04,1,1,True,1.0,47,15121000000.0,661750547.0459518,0.0,0.03967164846102955
00980A,2026-05-06,2026-05-05,1,1,True,1.0,48,15822000000.0,680516129.032258,0.0,0.02835748617069611
00980A,2026-05-07,2026-05-06,1,1,True,1.0,48,16347999999.999998,695955725.8407832,0.0,0.02268806887866326
00980A,2026-05-08,2026-05-07,1,1,True,1.0,48,16669000000.0,718491379.3103448,0.0,0.03238087227795461
00980A,2026-05-11,2026-05-08,1,3,True,1.0,48,16588000000.0,692898913.9515455,0.0,-0.03561972501794619
00980A,2026-05-12,2026-05-11,1,1,True,1.0,48,17194000000.0,712556983.0087029,0.0,0.02837076038270725
00980A,2026-05-13,2026-05-12,1,1,True,1.0,48,17245000000.0,721850146.5048137,0.0,0.013041993437312716
00980A,2026-05-14,2026-05-13,1,1,True,1.0,48,17208000000.0,716402997.5020816,0.0,-0.00754609392144201
00980A,2026-05-15,2026-05-14,1,1,True,1.0881496881496882,48,17304000000.0,750065019.5058517,0.08814968814968815,0.04698755047248704
00980A,2026-05-18,2026-05-15,1,3,True,1.0,48,17247000000.0,755784399.6494303,0.0,0.007625179144264749
00980A,2026-05-19,2026-05-18,1,1,True,1.0,48,17542000000.0,811753817.6770014,0.0,0.07405474107898025
00980A,2026-05-20,2026-05-19,1,1,True,1.0,46,16643000000.0,777710280.3738319,0.0,-0.04193825339878532
00980A,2026-05-21,2026-05-20,1,1,True,1.0,46,16491999999.999998,733303690.529124,0.0,-0.05709914214244716
00980A,2026-05-22,2026-05-21,1,1,True,1.0,46,17312000000.0,747495682.2107081,0.0,0.01935349823664967
00980A,2026-05-25,2026-05-22,1,3,True,1.0,46,17752000000.0,740592407.1756363,0.0,-0.009235203893961597
00980A,2026-05-26,2026-05-25,1,1,True,1.0,46,18362000000.0,757508250.8250825,0.0,0.022840962836707224
00980A,2026-05-27,2026-05-26,1,1,True,1.0,45,18403000000.0,748698128.5598048,0.0,-0.011630397762244393
00980A,2026-05-28,2026-05-27,1,1,True,1.0,45,18638000000.0,787410223.912125,0.0,0.051705879680488565
00980A,2026-05-29,2026-05-28,1,1,True,1.0,45,18022000000.0,736192810.4575163,0.0,-0.06504540060471009
00980A,2026-06-01,2026-05-29,1,3,True,1.0,45,18541000000.0,744618473.8955823,0.0,0.011444914047489485
00980A,2026-06-02,2026-06-01,1,1,True,1.0,45,18839000000.0,762712550.6072875,0.0,0.024299795594706852
00980A,2026-06-03,2026-06-02,1,1,True,1.0,42,18593000000.0,739872662.1567848,0.0,-0.029945604582377938
00980A,2026-06-04,2026-06-03,1,1,True,1.0,44,18760000000.0,753716351.9485737,0.0,0.01871090864667657
00980A,2026-06-05,2026-06-04,1,1,True,1.0,44,18457000000.0,758922697.3684211,0.0,0.006907565964818785
00980A,2026-06-08,2026-06-05,1,3,True,1.0,44,18077000000.0,764678510.998308,0.0,0.007584189601714808
00980A,2026-06-09,2026-06-08,1,1,True,1.0,44,17569000000.0,717981201.4711893,0.0,-0.06106789828074821
00980A,2026-06-10,2026-06-09,1,1,True,1.0,44,18137000000.0,774423569.5986336,0.0,0.07861259878641724
00980A,2026-06-11,2026-06-10,1,1,True,1.0,44,17144999999.999998,736469072.1649483,0.0,-0.0490099977888796
00980A,2026-06-12,2026-06-11,1,1,True,1.0,44,17079000000.0,714901632.4822102,0.0,-0.029284922473849173
00980A,2026-06-15,2026-06-12,1,3,True,1.0,44,17533000000.0,716510012.2599101,0.0,0.0022497917260526634
00980A,2026-06-16,2026-06-15,1,1,True,1.0,44,17947000000.0,729552845.5284553,0.0,0.018203281245725123
00980A,2026-06-17,2026-06-16,1,1,True,1.0,44,18035000000.0,730457675.1721344,0.0,0.0012402523672205845
00980A,2026-06-18,2026-06-17,1,1,True,1.0,44,17912000000.0,715049900.1996008,0.0,-0.02109331655513469
00980A,2026-06-22,2026-06-18,1,4,True,1.0,44,18122000000.0,704861921.4313496,0.0,-0.01424792698440669
00980A,2026-06-23,2026-06-22,1,1,True,1.0,44,18450000000.0,735352730.171383,0.0,0.04325784641354469
00980A,2026-06-24,2026-06-23,1,1,True,1.0,44,17901000000.0,722980613.8933764,0.0,-0.016824736987273048
00980A,2026-06-25,2026-06-24,1,1,True,1.0,44,17663000000.0,712792574.6569813,0.0,-0.014091718423168587
00980A,2026-06-26,2026-06-25,1,1,True,1.0,46,17647000000.0,747754237.2881355,0.0,0.04904885919719182
00980A,2026-06-29,2026-06-26,1,3,True,1.0,46,16758000000.000002,708583509.5137422,0.0,-0.052384494558603834
00980A,2026-06-30,2026-06-29,1,1,True,1.0,47,16829000000.0,684105691.0569105,0.0,-0.034544719328324924
00980A,2026-07-01,2026-06-30,1,1,True,1.0,47,17401000000.0,698554797.2701726,0.0,0.021121160665888983
00980A,2026-07-02,2026-07-01,1,1,True,1.0,47,17728000000.0,710541082.1643287,0.0,0.017158689541602712
00980A,2026-07-03,2026-07-02,1,1,True,1.0,47,17692000000.0,704579848.6658702,0.0,-0.008389709825504243
00980A,2026-07-06,2026-07-03,1,3,True,1.0,47,17760000000.0,723421588.5947046,0.0,0.02674180927046299
00980A,2026-07-07,2026-07-06,1,1,True,1.0,48,17238000000.0,731663837.0118846,0.0,0.011393423346946374
00980A,2026-07-08,2026-07-07,1,1,True,1.0,48,16547000000.0,705027694.9296975,0.0,-0.03640489079106202
00980A,2026-07-09,2026-07-08,1,1,True,1.0,48,16560000000.0,700507614.213198,0.0,-0.006411210153879576
00980A,2026-07-13,2026-07-09,1,4,True,1.0,48,16650000000.0,711842667.806755,0.0,0.016181199695150195
00980A,2026-07-14,2026-07-13,1,1,True,1.0,48,16458000000.000002,723746701.8469658,0.0,0.016722844216248145
00980A,2026-07-15,2026-07-14,1,1,True,1.0,48,16018000000.0,684822573.7494656,0.0,-0.053781423802233275
00980A,2026-07-16,2026-07-15,1,1,True,1.0,48,16456000000.0,712380952.3809524,0.0,0.04024163292486427
00980A,2026-07-17,2026-07-16,1,1,True,1.0,48,16243000000.0,758664175.6188697,0.0,0.064969765240392
00980A,2026-07-20,2026-07-17,1,3,True,1.0,48,15068000000.0,713109323.2371037,0.0,-0.06004613615056387
00980A,2026-07-21,2026-07-20,1,1,True,1.0,48,14905000000.000002,669586702.6055706,0.0,-0.06103218568783486
00980A,2026-07-22,2026-07-21,1,1,True,1.0,48,15819000000.0,687782608.6956521,0.0,0.02717483190642178
00980A,2026-07-23,2026-07-22,1,1,True,1.0,50,16272000000.0,705943600.8676789,0.0,0.026405134329389623
00980A,2026-07-24,2026-07-23,1,1,True,1.0,50,16369999999.999998,735730337.0786515,0.0,0.042194215195607176
00980A,2026-07-27,2026-07-24,1,3,True,1.0,50,15694999999.999998,704443447.0377018,0.0,-0.042524942175389824
00980A,2026-07-28,2026-07-27,1,1,True,1.0,50,15766999999.999998,758758421.5591913,0.0,0.07710338530352256
00980A,2026-07-29,2026-07-28,1,1,True,1.0,50,14666999999.999998,749080694.5863125,0.0,-0.012754688050765628
00980A,2026-07-30,2026-07-29,1,1,True,1.0,50,13830000000.000002,707055214.7239265,0.0,-0.056102740554
00980A,2026-07-31,2026-07-30,1,1,True,1.0,50,14176000000.0,660577819.1985089,0.0,-0.06573375679516769
00980A,2026-08-03,2026-07-31,1,3,True,1.0,50,16687000000.0,754044283.7776774,0.0,0.1414919815088147
00980A,2026-08-04,2026-08-03,1,1,True,1.0,50,17588000000.0,776169461.6063548,0.0,0.029342013864003702
00980A,2026-08-05,2026-08-04,1,1,True,1.0,50,18198000000.0,780694980.6949807,0.0,0.00583058122289426
00980A,2026-08-06,2026-08-05,1,1,True,1.0,50,18848000000.0,794268857.9856721,0.0,0.017386915026157634
00980A,2026-08-07,2026-08-06,1,1,True,1.0,50,19242000000.0,816376750.1060671,0.0,0.02783426782772569
00980A,2026-08-10,2026-08-07,1,3,True,1.0,50,19093000000.0,792569530.9256953,0.0,-0.029162049479334873
00980A,2026-08-11,2026-08-10,1,1,True,1.0,50,19615000000.0,807533964.5944834,0.0,0.018880909604624962
00980A,2026-08-12,2026-08-11,1,1,True,1.0,50,19836000000.0,802102709.2600081,0.0,-0.006725729904379585
00980A,2026-08-13,2026-08-12,1,1,True,1.0,50,20202000000.0,801666666.6666667,0.0,-0.0005436243866370205
00980A,2026-08-14,2026-08-13,1,1,True,1.0,50,20516000000.0,812836767.0364501,0.0,0.013933597134864861
00980A,2026-08-17,2026-08-14,1,3,True,1.0,50,20704000000.0,808118657.2989851,0.0,-0.005804498429207272
00980A,2026-08-18,2026-08-17,1,1,True,1.0,50,20871000000.0,852921945.2390683,0.0,0.055441472035593575
00980A,2026-08-19,2026-08-18,1,1,True,1.0,50,20132000000.0,843048576.2144054,0.0,-0.011575935031071793
00980A,2026-08-20,2026-08-19,1,1,True,1.0,50,19794000000.0,820306672.1922917,0.0,-0.026975793167498208
00980A,2026-08-21,2026-08-20,1,1,True,1.0,50,19922000000.0,833905399.7488489,0.0,0.016577614223488135
00980A,2026-08-24,2026-08-21,1,3,True,1.0,50,19772000000.0,835672020.2874049,0.0,0.0021184903456532567
00980A,2026-08-25,2026-08-24,1,1,True,1.0,50,19573000000.0,821015100.6711409,0.0,-0.017539081434392423
00980A,2026-08-26,2026-08-25,1,1,True,1.0,50,19803000000.0,807626427.406199,0.0,-0.016307462863956235
00980A,2026-08-27,2026-08-26,1,1,True,1.0,50,20280000000.0,820720356.1311209,0.0,0.016212853220980872
00980A,2026-08-28,2026-08-27,1,1,True,1.0,50,20292000000.0,817237213.0487314,0.0,-0.004244007177802933
00980A,2026-08-31,2026-08-28,1,3,True,1.0,50,20424000000.0,825212121.2121212,0.0,0.009758376192438911
00980A,2026-09-01,2026-08-31,1,1,True,1.0,50,20208000000.0,803818615.7517899,0.0,-0.025924856058715195
00980A,2026-09-02,2026-09-01,1,1,True,1.0,50,20493000000.0,827331449.3338716,0.0,0.02925141707509571
00980A,2026-09-03,2026-09-02,1,1,True,1.0,50,20030000000.0,827344072.6972325,0.0,1.5257927606926458e-05
00980A,2026-09-04,2026-09-03,1,1,True,1.0,50,19551000000.0,790898058.2524272,0.0,-0.04405182275130981
00980A,2026-09-07,2026-09-04,1,3,True,1.0,50,19940000000.0,794738939.81666,0.0,0.004856354778161487
00980A,2026-09-08,2026-09-07,1,1,True,1.0,50,20263000000.0,816069271.0430931,0.0,0.026839418779899926
00980A,2026-09-09,2026-09-08,1,1,True,1.0,50,20008000000.0,804827031.3757039,0.0,-0.013776085028933127
00980A,2026-09-10,2026-09-09,1,1,True,1.0,50,19925000000.0,805375909.4583671,0.0,0.0006819826636847992
00980A,2026-09-11,2026-09-10,1,1,True,1.0,50,19695000000.0,809827302.6315789,0.0,0.005527099980188632
00980A,2026-09-14,2026-09-11,1,3,True,1.0,50,19202000000.0,796433015.3463293,0.0,-0.01653968351242807
00980A,2026-09-15,2026-09-14,1,1,True,1.0,50,19021000000.0,801559207.753898,0.0,0.00643643885774825
00980A,2026-09-16,2026-09-15,1,1,True,1.0,50,18679000000.0,775705980.0664452,0.0,-0.03225367189018746
00980A,2026-09-17,2026-09-16,1,1,True,1.0,50,19003000000.0,790145530.1455301,0.0,0.018614720590200973
00980A,2026-09-18,2026-09-17,1,1,True,1.0,50,18957000000.0,764395161.2903225,0.0,-0.032589400145647596
00980A,2026-09-21,2026-09-18,1,3,True,1.0,50,19633000000.0,784065495.2076677,0.0,0.025733200461579342
00980A,2026-09-22,2026-09-21,1,1,True,1.0,50,19869000000.0,784096290.4498817,0.0,3.927636454115202e-05
00980A,2026-09-23,2026-09-22,1,1,True,1.0,50,20078000000.0,787063896.511172,0.0,0.0037847469723235605
00980A,2026-09-24,2026-09-23,1,1,True,1.0,50,20192000000.0,789984350.5477309,0.0,0.003710567908786544
00980A,2026-09-29,2026-09-24,1,5,True,1.0,50,20193000000.0,795000000.0,0.0,0.006349049128367534
00980A,2026-09-30,2026-09-29,1,1,True,1.0,48,19909000000.0,783510428.9649744,0.0,-0.01445229061009512
00980A,2026-10-01,2026-09-30,1,1,True,1.0,50,19971000000.0,781643835.6164384,0.0,-0.0023823465260083276
00980A,2026-10-02,2026-10-01,1,1,True,1.0,50,20070000000.0,775802087.3598763,0.0,-0.007473670219576456
00980A,2026-10-05,2026-10-02,1,3,True,1.0,50,20211000000.0,749666172.1068249,0.0,-0.03368889524645935
00980A,2026-10-06,2026-10-05,1,1,True,1.0,50,20941000000.0,777031539.8886827,0.0,0.036503404848789556
00980A,2026-10-07,2026-10-06,1,1,True,1.0,50,20734000000.0,777427821.5223097,0.0,0.0005099942708679528
00980A,2026-10-08,2026-10-07,1,1,True,1.0,50,20450000000.0,772572723.8383075,0.0,-0.0062450783848914115
00981A,2025-05-27,2025-05-26,1,1,True,1.0,50,2810000000.0,284125379.17087966,0.0,
00981A,2025-05-28,2025-05-27,1,1,True,1.0,50,2871000000.0,288832997.98792756,0.0,0.016568807864983492
00981A,2025-05-29,2025-05-28,1,1,True,1.0,50,2886000000.0,286878727.6341948,0.0,-0.006766091019193232
00981A,2025-06-02,2025-05-29,1,4,True,1.0,50,2732000000.0,275125881.16817725,0.0,-0.04096799565077491
00981A,2025-06-03,2025-06-02,1,1,True,1.0,50,2700000000.0,269192422.7318046,0.0,-0.021566340509948878
00981A,2025-06-04,2025-06-03,1,1,True,1.0,50,2739000000.0,269056974.45972496,0.0,-0.0005031652477625048
00981A,2025-06-05,2025-06-04,1,1,True,1.0,50,2777000000.0,272254901.9607843,0.0,0.011885688923250814
00981A,2025-06-06,2025-06-05,1,1,True,1.0,49,2787000000.0,274852071.00591713,0.0,0.009539475786948026
00981A,2025-06-09,2025-06-06,1,3,True,1.0,48,2768000000.0,270312500.0,0.0,-0.016516415500538062
00981A,2025-06-10,2025-06-09,1,1,True,1.0,48,2794000000.0,266095238.0952381,0.0,-0.015601431323974735
00981A,2025-06-11,2025-06-10,1,1,True,1.0,48,2867000000.0,270216776.6258247,0.0,0.015488960118525075
00981A,2025-06-12,2025-06-11,1,1,True,1.0,45,2899000000.0,272462406.0150376,0.0,0.008310473602912039
00981A,2025-06-13,2025-06-12,1,1,True,1.0,44,2904000000.0,272676056.33802813,0.0,0.000784146062993818
00981A,2025-06-16,2025-06-13,1,3,True,1.0,43,2898000000.0,270841121.4953271,0.0,-0.006729358152467557
00981A,2025-06-17,2025-06-16,1,1,True,1.0,43,2903000000.0,270297951.5828678,0.0,-0.0020054927754709073
00981A,2025-06-18,2025-06-17,1,1,True,1.0,43,2914000000.0,270817843.866171,0.0,0.001923404451490418
00981A,2025-06-19,2025-06-18,1,1,True,1.0,42,2922000000.0,272829131.652661,0.0,0.007426718113463515
00981A,2025-06-20,2025-06-19,1,1,True,1.0,42,2899000000.0,272206572.7699531,0.0,-0.0022818636665989933
00981A,2025-06-23,2025-06-20,1,3,True,1.0,42,2889000000.0,271267605.63380283,0.0,-0.0034494653328733804
00981A,2025-06-24,2025-06-23,1,1,True,1.0,40,2887000000.0,265837937.38489872,0.0,-0.020015910990248797
00981A,2025-06-25,2025-06-24,1,1,True,1.0,41,2959000000.0,269489981.78506374,0.0,0.013737860126703305
00981A,2025-06-26,2025-06-25,1,1,True,1.0,43,3162000000.0,289825847.84601283,0.0,0.07546056415992597
00981A,2025-06-27,2025-06-26,1,1,True,1.0,43,3140000000.0,288073394.4954128,0.0,-0.006046573704948099
00981A,2025-06-30,2025-06-27,1,3,True,1.0,43,3138000000.0,286575342.46575344,0.0,-0.005200244306779456
00981A,2025-07-01,2025-06-30,1,1,True,1.0,43,3145000000.0,285390199.6370236,0.0,-0.0041355366394491
00981A,2025-07-02,2025-07-01,1,1,True,1.0,42,3167000000.0,286606334.84162897,0.0,0.004261306821860433
00981A,2025-07-03,2025-07-02,1,1,True,1.0,42,3176000000.0,283571428.5714286,0.0,-0.010589110920654954
00981A,2025-07-04,2025-07-03,1,1,True,1.0,42,3214000000.0,287735004.47627574,0.0,0.014682635432710311
00981A,2025-07-07,2025-07-04,1,3,True,1.0,41,3201000000.0,289945652.17391306,0.0,0.007682929303860941
00981A,2025-07-08,2025-07-07,1,1,True,1.0,41,3174000000.0,284919210.05385995,0.0,-0.01733580787422251
00981A,2025-07-09,2025-07-08,1,1,True,1.0,41,3201000000.0,281282952.54833037,0.0,-0.012762416071707472
00981A,2025-07-10,2025-07-09,1,1,True,1.0,41,3264000000.0,286315789.4736842,0.0,0.017892434929873913
00981A,2025-07-11,2025-07-10,1,1,True,1.0,41,3515000000.0,309691629.95594716,0.0,0.08164356050790378
00981A,2025-07-14,2025-07-11,1,3,True,1.0,41,3644000000.0,324487978.6286732,0.0,0.04777768348092182
00981A,2025-07-15,2025-07-14,1,1,True,1.0,42,3635000000.0,318859649.122807,0.0,-0.01734526354305077
00981A,2025-07-16,2025-07-15,1,1,True,1.0,42,3804000000.0,330495221.5464813,0.0,0.036491203749625
00981A,2025-07-17,2025-07-16,1,1,True,1.0,43,3984000000.0000005,344935064.935065,0.0,0.043691534543269794
00981A,2025-07-18,2025-07-17,1,1,True,1.0,44,4099000000.0,347667514.8430874,0.0,0.007921635652022863
00981A,2025-07-21,2025-07-18,1,3,True,1.0,45,4171000000.0,356495726.4957265,0.0,0.02539268489500257
00981A,2025-07-22,2025-07-21,1,1,True,1.0,47,4510000000.0,391493055.5555556,0.0,0.09817040278110767
00981A,2025-07-23,2025-07-22,1,1,True,1.0008680555555556,46,4480000000.0,387878787.8787879,0.0008680555555555802,-0.009232009675468777
00981A,2025-07-24,2025-07-23,1,1,True,1.0,44,4709000000.0,402822925.5774166,0.0,0.038527855004277134
00981A,2025-07-25,2025-07-24,1,1,True,1.0,45,4882000000.0,418696397.94168097,0.0,0.03940558333791677
00981A,2025-07-28,2025-07-25,1,3,True,1.0,46,4880000000.0,413910093.2994063,0.0,-0.011431444516370903
00981A,2025-07-29,2025-07-28,1,1,True,1.0,46,4950000000.0,423076923.07692313,0.0,0.022146910466582792
00981A,2025-07-30,2025-07-29,1,1,True,1.0,45,4967000000.0,423805460.75085324,0.0,0.001721998138380254
00981A,2025-07-31,2025-07-30,1,1,True,1.0,42,4990000000.0,413764510.7794361,0.0,-0.0236923562844793
00981A,2025-08-01,2025-07-31,1,1,True,1.0,43,5126000000.0,424689312.34465617,0.0,0.02640342823177444
00981A,2025-08-04,2025-08-01,1,3,True,1.0,40,5623000000.0,473715248.5256951,0.0,0.11543953369198978
00981A,2025-08-05,2025-08-04,1,1,True,1.0,37,6096000000.0,503801652.892562,0.0,0.06351158097718468
00981A,2025-08-06,2025-08-05,1,1,True,1.0,38,6278000000.0,519701986.75496686,0.0,0.0315607020562827
00981A,2025-08-07,2025-08-06,1,1,True,1.0361066853044132,38,6341000000.0,511783696.52945924,0.03610668530441319,-0.015236213113114405
00981A,2025-08-08,2025-08-07,1,1,True,1.0,40,6778000000.0,535387045.8135861,0.0,0.04611977568685255
00981A,2025-08-11,2025-08-08,1,3,True,1.025062656641604,40,7342000000.0,570473970.4739705,0.025062656641603898,0.06553562499269194
00981A,2025-08-12,2025-08-11,1,1,True,1.0794912559618441,39,8069000000.0,625019364.8334625,0.07949125596184414,0.09561416853809068
00981A,2025-08-13,2025-08-12,1,1,True,1.0,39,9096000000.0,696477794.7932619,0.0,0.11432994556711007
00981A,2025-08-14,2025-08-13,1,1,True,1.0345556253082822,40,10444000000.0,800306513.4099617,0.034555625308282156,0.14907685412644023
00981A,2025-08-15,2025-08-14,1,1,True,1.0021739130434784,41,11250000000.0,856816450.8758568,0.0021739130434783593,0.07061036805150622
00981A,2025-08-18,2025-08-15,1,3,True,1.0,41,11989000000.0,893368107.3025335,0.0,0.04265984434509029
00981A,2025-08-19,2025-08-18,1,1,True,1.0,40,13133000000.000002,1006360153.256705,0.0,0.1264787102097742
00981A,2025-08-20,2025-08-19,1,1,True,1.0,43,15494000000.0,1240512409.9279423,0.0,0.23267242439348546
00981A,2025-08-21,2025-08-20,1,1,True,1.0204359673024523,43,15355000000.000002,1210962145.1104102,0.02043596730245234,-0.023821015074930618
00981A,2025-08-22,2025-08-21,1,1,True,1.0,43,16455000000.000002,1300790513.8339922,0.0,0.07417933672517218
00981A,2025-08-25,2025-08-22,1,3,True,1.0182882223847842,43,16362000000.0,1258615384.6153846,0.018288222384784225,-0.032422691255872826
00981A,2025-08-26,2025-08-25,1,1,True,1.0,42,17407000000.0,1331828615.1491966,0.0,0.058169661223539615
00981A,2025-08-27,2025-08-26,1,1,True,1.0,41,17665000000.0,1320254110.612855,0.0,-0.008690686177399098
00981A,2025-08-28,2025-08-27,1,1,True,1.0,41,18044000000.0,1351610486.8913858,0.0,0.02375025839834377
00981A,2025-08-29,2025-08-28,1,1,True,1.0,41,18370000000.0,1351729212.656365,0.0,8.784022181740347e-05
00981A,2025-09-01,2025-08-29,1,3,True,1.0,40,18728000000.0,1430710466.0045836,0.0,0.05842978949386457
00981A,2025-09-02,2025-09-01,1,1,True,1.0,39,19955000000.0,1540926640.926641,0.0,0.07703597446228816
00981A,2025-09-03,2025-09-02,1,1,True,1.0,39,20034000000.0,1541076923.0769231,0.0,9.752712834654176e-05
00981A,2025-09-04,2025-09-03,1,1,True,1.0,38,20513000000.0,1577923076.9230769,0.0,0.023909354098033297
00981A,2025-09-05,2025-09-04,1,1,True,1.0,38,20737000000.0,1560346124.9059443,0.0,-0.011139295872018895
00981A,2025-09-08,2025-09-05,1,3,True,1.0,36,21375000000.0,1597533632.2869954,0.0,0.023832857843187005
00981A,2025-09-09,2025-09-08,1,1,True,1.0,40,21481000000.0,1593545994.0652819,0.0,-0.002496121609662061
00981A,2025-09-10,2025-09-09,1,1,True,1.0,41,21694000000.0,1568618944.3239334,0.0,-0.015642504097266308
00981A,2025-09-11,2025-09-10,1,1,True,1.0,40,21944000000.0,1588993482.9833453,0.0,0.01298883883376356
00981A,2025-09-12,2025-09-11,1,1,True,1.0,41,21953000000.0,1598907501.8208303,0.0,0.006239181559682283
00981A,2025-09-15,2025-09-12,1,3,True,1.0,39,21778000000.0,1607232472.3247232,0.0,0.0052066617327222176
00981A,2025-09-16,2025-09-15,1,1,True,1.0,39,21444000000.0,1570989010.989011,0.0,-0.022550229639953123
00981A,2025-09-17,2025-09-16,1,1,True,1.0,40,21596000000.0,1590279823.269514,0.0,0.012279406250180314
00981A,2025-09-18,2025-09-17,1,1,True,1.0,40,21375000000.0,1541095890.410959,0.0,-0.030927848130171243
00981A,2025-09-19,2025-09-18,1,1,True,1.0,40,21805000000.0,1584665697.6744187,0.0,0.028271963824289426
00981A,2025-09-22,2025-09-19,1,3,True,1.0,42,21559000000.0,1561115133.960898,0.0,-0.014861534359002282
00981A,2025-09-23,2025-09-22,1,1,True,1.0,43,21786000000.0,1575271149.6746204,0.0,0.009067887054432289
00981A,2025-09-24,2025-09-23,1,1,True,1.0,41,21728000000.0,1584828592.2684171,0.0,0.0060671730043242444
00981A,2025-09-25,2025-09-24,1,1,True,1.0,42,21487000000.0,1585756457.5645757,0.0,0.0005854672869263222
00981A,2025-09-26,2025-09-25,1,1,True,1.0097087378640777,41,21091000000.0,1597803030.3030305,0.009708737864077666,0.007596735728862214
00981A,2025-09-30,2025-09-26,1,4,True,1.0,40,21051000000.0,1550147275.4050074,0.0,-0.02982580079910413
00981A,2025-10-01,2025-09-30,1,1,True,1.0,41,21682000000.0,1596612665.6848307,0.0,0.029974823048786403
00981A,2025-10-02,2025-10-01,1,1,True,1.0,40,21743000000.0,1575579710.1449275,0.0,-0.013173486589423744
00981A,2025-10-03,2025-10-02,1,1,True,0.998503615367065,40,21782000000.0,1552530292.2309337,-0.0014963846329349995,-0.014629166500166213
00981A,2025-10-07,2025-10-03,1,4,True,1.0,39,21693000000.0,1547289586.3052783,0.0,-0.0033755901265698496
00981A,2025-10-08,2025-10-07,1,1,True,1.0,39,21275000000.0,1518558172.7337615,0.0,-0.018568866374990334
00981A,2025-10-09,2025-10-08,1,1,True,1.0,38,21160000000.0,1492242595.2045133,0.0,-0.017329318034536634
00981A,2025-10-13,2025-10-09,1,4,True,1.0,37,20990000000.0,1503581661.8911173,0.0,0.00759867512363166
00981A,2025-10-14,2025-10-13,1,1,True,1.0,37,20594000000.0,1498835516.7394469,0.0,-0.0031565596149271125
00981A,2025-10-15,2025-10-14,1,1,True,1.0,36,20096000000.0,1423229461.7563741,0.0,-0.05044319682759146
00981A,2025-10-16,2025-10-15,1,1,True,1.0,35,20678000000.0,1447025892.2323303,0.0,0.016720023801776618
00981A,2025-10-17,2025-10-16,1,1,True,1.0,33,20672000000.0,1466099290.7801418,0.0,0.01318110384216209
00981A,2025-10-20,2025-10-17,1,3,True,1.0,32,20236000000.0,1418079887.8766644,0.0,-0.03275317245254605
00981A,2025-10-21,2025-10-20,1,1,True,1.0,32,20430000000.0,1411886662.0594332,0.0,-0.0043673321017932976
00981A,2025-10-22,2025-10-21,1,1,True,1.0,32,20628000000.0,1433495482.9742877,0.0,0.0153049260224154
00981A,2025-10-23,2025-10-22,1,1,True,1.0,32,20513000000.0,1427487821.8510787,0.0,-0.004190917372647762
00981A,2025-10-27,2025-10-23,1,4,True,1.0,33,20690000000.0,1404616429.0563476,0.0,-0.01602212813631776
00981A,2025-10-28,2025-10-27,1,1,True,1.0,33,21231000000.0,1405095962.9384515,0.0,0.00034139845738967445
00981A,2025-10-29,2025-10-28,1,1,True,1.017949069281748,32,21751000000.0,1419778067.8851175,0.01794906928174811,0.010449183069291212
00981A,2025-10-30,2025-10-29,1,1,True,1.0,32,23018000000.0,1489838187.7022655,0.0,0.0493458248171903
00981A,2025-10-31,2025-10-30,1,1,True,1.0106318158994871,32,23452000000.0,1490909090.9090908,0.01063181589948714,0.0007188050458533102
00981A,2025-11-03,2025-10-31,1,3,True,1.0,31,24600000000.0,1549118387.9093199,0.0,0.03904282115869018
00981A,2025-11-04,2025-11-03,1,1,True,1.0217189142564491,30,25751000000.0,1639147040.101846,0.021718914256449118,0.05811605678119158
00981A,2025-11-05,2025-11-04,1,1,True,1.0368171568730444,30,26705000000.0,1720682989.6907218,0.03681715687304443,0.04974291359718985
00981A,2025-11-06,2025-11-05,1,1,True,1.0,30,27780000000.0,1753787878.7878788,0.0,0.019239388833097726
00981A,2025-11-07,2025-11-06,1,1,True,1.0166465290867204,30,28775000000.0,1855254674.4036107,0.016646529086720374,0.05785579706814947
00981A,2025-11-10,2025-11-07,1,3,True,1.0,31,29210000000.000004,1847564832.384567,0.0,-0.004144898339369818
00981A,2025-11-11,2025-11-10,1,1,True,1.0,32,29838000000.0,1893274111.675127,0.0,0.02474028434042297
00981A,2025-11-12,2025-11-11,1,1,True,1.006836101717083,32,29945999999.999996,1906174411.2030551,0.006836101717083043,0.006813751610702745
00981A,2025-11-13,2025-11-12,1,1,True,1.0,33,30477000000.0,1922839116.719243,0.0,0.008742487265722021
00981A,2025-11-14,2025-11-13,1,1,True,1.0,34,30812000000.0,1987870967.7419355,0.0,0.03382074478162789
00981A,2025-11-17,2025-11-14,1,3,True,1.0,33,30445000000.0,1945367412.140575,0.0,-0.02138144592435054
00981A,2025-11-18,2025-11-17,1,1,True,1.0,34,30756000000.0,2046307385.229541,0.0,0.051887356835024434
00981A,2025-11-19,2025-11-18,1,1,True,1.0,35,30158999999.999996,2010599999.9999998,0.0,-0.01744966835739381
00981A,2025-11-20,2025-11-19,1,1,True,1.0,34,30102999999.999996,1927208706.7861714,0.0,-0.04147582473581435
00981A,2025-11-21,2025-11-20,1,1,True,1.008091710374094,36,31512000000.0,2124881995.954147,0.008091710374094063,0.10256973646492984
00981A,2025-11-24,2025-11-21,1,3,True,1.0,36,31948000000.0,2154281861.0923805,0.0,0.01383599898451382
00981A,2025-11-25,2025-11-24,1,1,True,1.0,36,32389999999.999996,2126723571.8975704,0.0,-0.012792332188526157
00981A,2025-11-26,2025-11-25,1,1,True,1.0,35,33345999999.999996,2137564102.5641024,0.0,0.005097291820045813
00981A,2025-11-27,2025-11-26,1,1,True,1.0,36,34160000000.000004,2141692789.9686525,0.0,0.001931491738468738
00981A,2025-11-28,2025-11-27,1,1,True,1.0,37,34875000000.0,2148798521.256932,0.0,0.003317810715692371
00981A,2025-12-01,2025-11-28,1,3,True,1.0383676231196186,36,36102000000.0,2273425692.695214,0.03836762311961861,0.05799853741772942
00981A,2025-12-02,2025-12-01,1,1,True,1.0,37,38387000000.0,2432636248.415716,0.0,0.07003112361757191
00981A,2025-12-03,2025-12-02,1,1,True,1.0,37,38916000000.0,2458370183.1964626,0.0,0.010578620127652094
00981A,2025-12-04,2025-12-03,1,1,True,1.0,37,39953000000.0,2541539440.2035623,0.0,0.03383105505248185
00981A,2025-12-05,2025-12-04,1,1,True,1.0,36,39804000000.0,2490863579.474343,0.0,-0.019939041640510857
00981A,2025-12-08,2025-12-05,1,3,True,1.0,37,40555000000.0,2522077114.4278607,0.0,0.01253121014363412
00981A,2025-12-09,2025-12-08,1,1,True,1.0,37,40705000000.0,2534557907.845579,0.0,0.004948616894511426
00981A,2025-12-10,2025-12-09,1,1,True,1.0,37,40692000000.0,2491855480.710349,0.0,-0.016848077135285466
00981A,2025-12-11,2025-12-10,1,1,True,1.0,37,41567000000.0,2545437844.458053,0.0,0.021502998132311157
00981A,2025-12-12,2025-12-11,1,1,True,1.0,36,41496000000.0,2525623858.7948875,0.0,-0.007784116868657653
00981A,2025-12-15,2025-12-12,1,3,True,1.0,36,42576000000.0,2624907521.5782986,0.0,0.03931054992123206
00981A,2025-12-16,2025-12-15,1,1,True,1.0288829519882707,36,43499000000.0,2740957781.978576,0.028882951988270733,0.04421118056399154
00981A,2025-12-17,2025-12-16,1,1,True,1.0,37,44282000000.0,2809771573.604061,0.0,0.025105746640071036
00981A,2025-12-18,2025-12-17,1,1,True,1.0116959064327486,39,45516000000.0,2899108280.2547774,0.011695906432748648,0.03179500692866832
00981A,2025-12-19,2025-12-18,1,1,True,1.0,39,46522000000.0,2909443402.126329,0.0,0.003564931307306507
00981A,2025-12-22,2025-12-19,1,3,True,1.0,40,47537000000.0,2925353846.1538463,0.0,0.0054685525127897705
00981A,2025-12-23,2025-12-22,1,1,True,1.0,39,48295000000.0,2964702271.3321056,0.0,0.013450825865046534
00981A,2025-12-24,2025-12-23,1,1,True,1.0,39,48653000000.0,2948666666.6666665,0.0,-0.005408841494978889
00981A,2025-12-26,2025-12-24,1,2,True,1.0,38,48707000000.0,2907880597.0149255,0.0,-0.013832038091252885
00981A,2025-12-29,2025-12-26,1,3,True,1.0,38,49082000000.0,2918073721.7598095,0.0,0.003505345011534322
00981A,2025-12-30,2025-12-29,1,1,True,1.0,38,49757000000.0,2956446821.152704,0.0,0.013150147340949436
00981A,2025-12-31,2025-12-30,1,1,True,1.0,37,49693000000.0,2938675340.035482,0.0,-0.006011094463147737
00981A,2026-01-02,2025-12-31,1,2,True,1.0161917098445596,37,50347000000.0,2998630136.9863014,0.016191709844559643,0.020401980488969462
00981A,2026-01-05,2026-01-02,1,3,True,1.0,39,51355999999.99999,3053269916.7657547,0.0,0.01822158028277787
00981A,2026-01-06,2026-01-05,1,1,True,1.0,39,51787000000.0,3019650145.772595,0.0,-0.011011070724062377
00981A,2026-01-07,2026-01-06,1,1,True,1.0,37,52817999999.99999,3125325443.786982,0.0,0.034995874658635184
00981A,2026-01-08,2026-01-07,1,1,True,1.0,38,52503000000.0,3130769230.769231,0.0,0.0017418304365937054
00981A,2026-01-09,2026-01-08,1,1,True,1.0,39,52308000000.00001,3134092270.820851,0.0,0.0010614132843012047
00981A,2026-01-12,2026-01-09,1,3,True,1.0,41,52451000000.0,3125804529.20143,0.0,-0.0026443834141648415
00981A,2026-01-13,2026-01-12,1,1,True,1.0,40,52908000000.00001,3154919499.105546,0.0,0.009314392385103565
00981A,2026-01-14,2026-01-13,1,1,True,1.0,39,52583000000.00001,3087668819.7298884,0.0,-0.02131613164606061
00981A,2026-01-15,2026-01-14,1,1,True,1.0,38,53004000000.0,3127079646.0176992,0.0,0.012763942180579635
00981A,2026-01-16,2026-01-15,1,1,True,1.0,37,52262000000.0,3065219941.3489733,0.0,-0.019781940874932125
00981A,2026-01-19,2026-01-16,1,3,True,1.0,38,52440000000.0,3101123595.505618,0.0,0.011713239129210518
00981A,2026-01-20,2026-01-19,1,1,True,1.0,38,51558000000.00001,3020386643.2337437,0.0,-0.02603474185578558
00981A,2026-01-21,2026-01-20,1,1,True,1.0,40,51517999999.99999,3057448071.2166166,0.0,0.012270425068226842
00981A,2026-01-22,2026-01-21,1,1,True,1.0,38,50334000000.0,2891097070.649052,0.0,-0.05440844674799994
00981A,2026-01-23,2026-01-22,1,1,True,1.0,36,51776000000.0,2923546019.198193,0.0,0.011223749239888337
00981A,2026-01-26,2026-01-23,1,3,True,1.0,36,52496000000.0,2954192459.2009006,0.0,0.01048262616748974
00981A,2026-01-27,2026-01-26,1,1,True,1.0,36,52567999999.99999,2896308539.9449034,0.0,-0.019593821342179796
00981A,2026-01-28,2026-01-27,1,1,True,1.0,36,53332000000.00001,2911135371.1790395,0.0,0.005119216764943868
00981A,2026-01-29,2026-01-28,1,1,True,1.0,36,54944000000.00001,3018901098.901099,0.0,0.037018452933850865
00981A,2026-01-30,2026-01-29,1,1,True,1.0,36,54155999999.99999,3017047353.7604456,0.0,-0.000614046330079665
00981A,2026-02-02,2026-01-30,1,3,True,1.0,36,53762000000.0,3044280860.702152,0.0,0.009026542758025391
00981A,2026-02-03,2026-02-02,1,1,True,1.0,35,53221000000.0,2906663025.6690335,0.0,-0.04520536748418713
00981A,2026-02-04,2026-02-03,1,1,True,1.0,37,55758000000.00001,3000968783.6383214,0.0,0.03244468214459828
00981A,2026-02-05,2026-02-04,1,1,True,1.0,37,56469000000.00001,3112954796.0308714,0.0,0.03731662022048088
00981A,2026-02-06,2026-02-05,1,1,True,1.026432231020028,38,55930999999.99999,3138664421.997755,0.026432231020028008,0.008258914006610274
00981A,2026-02-09,2026-02-06,1,3,True,1.0,38,57022000000.0,3109160305.3435116,0.0,-0.009400213813066438
00981A,2026-02-10,2026-02-09,1,1,True,1.0,38,58730999999.99999,3147427652.7331185,0.0,0.012307936430244304
00981A,2026-02-11,2026-02-10,1,1,True,1.0,38,59905999999.99999,3172987288.135593,0.0,0.008120801563231916
00981A,2026-02-23,2026-02-11,1,12,True,1.0,38,60576000000.0,3189889415.481833,0.0,0.005326881519330584
00981A,2026-02-24,2026-02-23,1,1,True,1.0,37,60599000000.0,3133350568.76939,0.0,-0.017724390832496217
00981A,2026-02-25,2026-02-24,1,1,True,1.0,37,62216000000.0,3107692307.692308,0.0,-0.008188761683043722
00981A,2026-02-26,2026-02-25,1,1,True,1.0,37,64411000000.0,3188663366.3366337,0.0,0.026055043623174123
00981A,2026-03-02,2026-02-26,1,4,True,1.0138223017292787,34,65291999999.99999,3249975111.9960175,0.013822301729278674,0.01922803965657338
00981A,2026-03-03,2026-03-02,1,1,True,1.0,34,66324000000.0,3349696969.6969695,0.0,0.030683883495866704
00981A,2026-03-04,2026-03-03,1,1,True,1.0183051946315902,34,67389000000.0,3617230273.752013,0.018305194631590194,0.07986791237395008
00981A,2026-03-05,2026-03-04,1,1,True,1.0,36,67334000000.0,3453025641.025641,0.0,-0.045395128399179585
00981A,2026-03-06,2026-03-05,1,1,True,1.0,36,71626000000.0,3621132457.0273,0.0,0.04868391766466207
00981A,2026-03-09,2026-03-06,1,3,True,1.0100793750787451,37,72848000000.0,3967755991.2854033,0.010079375078745123,0.0957224123589937
00981A,2026-03-10,2026-03-09,1,1,True,1.0,36,74460000000.0,3918947368.4210525,0.0,-0.012301316656455619
00981A,2026-03-11,2026-03-10,1,1,True,1.0,37,77376000000.0,3859152119.700748,0.0,-0.015257987183531885
00981A,2026-03-12,2026-03-11,1,1,True,1.0,38,81404000000.0,4037896825.3968253,0.0,0.04631709249904814
00981A,2026-03-13,2026-03-12,1,1,True,1.0,38,81545000000.0,4030894710.8255067,0.0,-0.0017340994270279575
00981A,2026-03-16,2026-03-13,1,3,True,1.0017482517482517,39,81757000000.0,4033399111.98816,0.0017482517482516613,0.0006213015576734815
00981A,2026-03-17,2026-03-16,1,1,True,1.0,41,83430000000.0,4099754299.7542996,0.0,0.016451431143750916
00981A,2026-03-18,2026-03-17,1,1,True,1.0,42,84500000000.0,4041128646.5805836,0.0,-0.014299796740802173
00981A,2026-03-19,2026-03-18,1,1,True,1.0,43,88741000000.0,4217728136.8821297,0.0,0.043700536594145856
00981A,2026-03-20,2026-03-19,1,1,True,1.0,43,91253000000.0,4341246431.969553,0.0,0.029285504204813906
00981A,2026-03-23,2026-03-20,1,3,True,1.0020576131687242,43,93824000000.0,4612782694.198624,0.002057613168724215,0.06254799548568335
00981A,2026-03-24,2026-03-23,1,1,True,1.0,43,94266000000.0,4710944527.736132,0.0,0.021280394079904008
00981A,2026-03-25,2026-03-24,1,1,True,1.0,43,92792000000.0,4446190704.360326,0.0,-0.056199732732373
00981A,2026-03-26,2026-03-25,1,1,True,1.0,44,97259000000.0,4649091778.202677,0.0,0.04563481131013303
00981A,2026-03-27,2026-03-26,1,1,True,1.0,44,97764000000.0,4691170825.335893,0.0,0.009051025262719836
00981A,2026-03-30,2026-03-27,1,3,True,1.0062893081761006,43,98954000000.0,4838826405.86797,0.0062893081761006275,0.031475208648260145
00981A,2026-03-31,2026-03-30,1,1,True,1.0172482310214264,41,99886000000.0,5127618069.815195,0.017248231021426363,0.05968217078360394
00981A,2026-04-01,2026-03-31,1,1,True,1.0,41,99822000000.0,4831655372.700871,0.0,-0.05771933343798952
00981A,2026-04-02,2026-04-01,1,1,True,1.0,41,106257000000.0,5255044510.385757,0.0,0.08762817399540923
00981A,2026-04-07,2026-04-02,1,5,True,1.0,42,103525000000.0,4991562198.649952,0.0,-0.05013893054855667
00981A,2026-04-08,2026-04-07,1,1,True,1.0,43,106340000000.00002,4790090090.090091,0.0,-0.040362535923994414
00981A,2026-04-09,2026-04-08,1,1,True,1.0,43,113486999999.99998,5025996457.04163,0.0,0.04924883718567008
00981A,2026-04-10,2026-04-09,1,1,True,1.0,42,116247000000.0,5025810635.538262,0.0,-3.697207209663045e-05
00981A,2026-04-13,2026-04-10,1,3,True,1.0149812734082397,41,121143000000.0,5260225792.444637,0.014981273408239737,0.04664225811629086
00981A,2026-04-14,2026-04-13,1,1,True,1.0245938905686014,40,123308000000.0,5220491109.229466,0.024593890568601395,-0.007553798027499559
00981A,2026-04-15,2026-04-14,1,1,True,1.015470297029703,41,129605000000.0,5333539094.650206,0.015470297029702929,0.02165466486876655
00981A,2026-04-16,2026-04-15,1,1,True,1.0215241419429901,41,136344000000.0,5438532110.091743,0.021524141942990127,0.019685430926502656
00981A,2026-04-17,2026-04-16,1,1,True,1.0172141730024387,41,144743000000.0,5766653386.454183,0.01721417300243866,0.06033269082912596
00981A,2026-04-20,2026-04-17,1,3,True,1.0414507772020725,43,153527000000.0,5909430331.023865,0.041450777202072464,0.024759064747165827
00981A,2026-04-21,2026-04-20,1,1,True,1.0102722136620441,43,168893000000.0,6397462121.212122,0.010272213662044116,0.08258525151335538
00981A,2026-04-22,2026-04-21,1,1,True,1.0067851811643371,45,183303000000.0,6801595547.309834,0.0067851811643371285,0.06317089784052388
00981A,2026-04-23,2026-04-22,1,1,True,1.0310478654592496,45,192524000000.0,7232306536.438767,0.031047865459249646,0.06332499280985449
00981A,2026-04-24,2026-04-23,1,1,True,1.0,41,199666000000.0,7182230215.827338,0.0,-0.006923976515531782
00981A,2026-04-27,2026-04-24,1,3,True,1.0628272393638711,40,212076000000.00003,7601290322.5806465,0.06282723936387113,0.05834679398466425
00981A,2026-04-28,2026-04-27,1,1,True,1.0,39,232148999999.99997,8347680690.399137,0.0,0.09819258785593776
00981A,2026-04-29,2026-04-28,1,1,True,1.0,41,235759000000.0,8498882480.173036,0.0,0.018113029880000076
00981A,2026-04-30,2026-04-29,1,1,True,1.0,40,236980000000.00003,8379773691.654881,0.0,-0.014014641195006838
00981A,2026-05-04,2026-04-30,1,4,True,1.0,41,238944999999.99997,8064292946.33817,0.0,-0.03764788369295535
00981A,2026-05-05,2026-05-04,1,1,True,1.0153452685421995,41,254112000000.0,8625661914.460285,0.01534526854219953,0.0696116785262646
00981A,2026-05-06,2026-05-05,1,1,True,1.0143092222937684,41,260748000000.0,8899249146.757679,0.014309222293768409,0.031717824673692
00981A,2026-05-07,2026-05-06,1,1,True,1.0,42,269664000000.0,9116430020.283976,0.0,0.024404404230599974
00981A,2026-05-08,2026-05-07,1,1,True,1.0,42,272698999999.99997,9432687651.331718,0.0,0.03469095142989875
00981A,2026-05-11,2026-05-08,1,3,True,1.0,41,266016000000.0,8959784439.20512,0.0,-0.05013451410742231
00981A,2026-05-12,2026-05-11,1,1,True,1.0,42,275083000000.0,9178611945.278612,0.0,0.024423300310214335
00981A,2026-05-13,2026-05-12,1,1,True,1.0,43,272936000000.0,9321584699.453552,0.0,0.015576729360312846
00981A,2026-05-14,2026-05-13,1,1,True,1.0,42,267292999999.99997,9079245923.913042,0.0,-0.025997594116665246
00981A,2026-05-15,2026-05-14,1,1,True,1.0,43,268332000000.00003,9441660802.251936,0.0,0.03991684787217409
00981A,2026-05-18,2026-05-15,1,3,True,1.0,42,257219000000.0,9108321529.745043,0.0,-0.03530515229136255
00981A,2026-05-19,2026-05-18,1,1,True,1.0,42,256091000000.0,9315787559.112406,0.0,0.022777635669738006
00981A,2026-05-20,2026-05-19,1,1,True,1.0,43,249921000000.0,9178149100.257069,0.0,-0.014774752857121931
00981A,2026-05-21,2026-05-20,1,1,True,1.0,44,247780000000.00003,8585585585.585587,0.0,-0.06456241974265653
00981A,2026-05-22,2026-05-21,1,1,True,1.0,43,261913000000.0,8745008347.245409,0.0,0.01856865324684187
00981A,2026-05-25,2026-05-22,1,3,True,1.0,42,272034000000.0,8605947484.97311,0.0,-0.015901741513614676
00981A,2026-05-26,2026-05-25,1,1,True,1.0,42,285101000000.0,9053699587.17053,0.0,0.052028216878994726
00981A,2026-05-27,2026-05-26,1,1,True,1.0,42,286439000000.0,8962421777.221527,0.0,-0.010081824459732158
00981A,2026-05-28,2026-05-27,1,1,True,1.0,39,290448000000.0,9454687500.0,0.0,0.054925525155443244
00981A,2026-05-29,2026-05-28,1,1,True,1.0,39,281544000000.0,8926569435.637287,0.0,-0.05585780221321046
00981A,2026-06-01,2026-05-29,1,3,True,1.0,41,286037000000.0,9023249211.356466,0.0,0.010830563344212285
00981A,2026-06-02,2026-06-01,1,1,True,1.0,41,289986000000.0,9255857006.064476,0.0,0.025778717761142378
00981A,2026-06-03,2026-06-02,1,1,True,1.0,40,285480000000.0,8974536309.336687,0.0,-0.03039380324733476
00981A,2026-06-04,2026-06-03,1,1,True,1.0,40,290919000000.0,9276753826.530613,0.0,0.033675000777423136
00981A,2026-06-05,2026-06-04,1,1,True,1.0,40,284349000000.0,9229113924.050632,0.0,-0.005135406562555844
00981A,2026-06-08,2026-06-05,1,3,True,1.0,39,279911000000.0,9364703914.352627,0.0,0.014691550176735069
00981A,2026-06-09,2026-06-08,1,1,True,1.0,39,273683000000.0,8763464617.355106,0.0,-0.06420270224198366
00981A,2026-06-10,2026-06-09,1,1,True,1.0,38,286166000000.0,9573971227.835396,0.0,0.09248700666573906
00981A,2026-06-11,2026-06-10,1,1,True,1.0,38,272492000000.0,9171726691.349714,0.0,-0.042014387437910194
00981A,2026-06-12,2026-06-11,1,1,True,1.0,38,276588000000.0,9038823529.411764,0.0,-0.01449052794642225
00981A,2026-06-15,2026-06-12,1,3,True,1.0,39,283432000000.0,9006418811.566572,0.0,-0.0035850592435784367
00981A,2026-06-16,2026-06-15,1,1,True,1.0,39,293728000000.0,9530434782.608696,0.0,0.058182500948007476
00981A,2026-06-17,2026-06-16,1,1,True,1.0,40,290727000000.0,9414734455.95855,0.0,-0.012140089018947808
00981A,2026-06-18,2026-06-17,1,1,True,1.0,40,292033000000.0,9270888888.88889,0.0,-0.015278770499854155
00981A,2026-06-22,2026-06-18,1,4,True,1.0,41,297710000000.0,9237046230.220293,0.0,-0.003650422205917714
00981A,2026-06-23,2026-06-22,1,1,True,1.0,39,300180000000.0,9499367088.607595,0.0,0.028398781585512012
00981A,2026-06-24,2026-06-23,1,1,True,1.0,38,293858000000.0,9334752223.634054,0.0,-0.01732903502286598
00981A,2026-06-25,2026-06-24,1,1,True,1.0,38,291625000000.0,9257936507.936508,0.0,-0.008229004247489402
00981A,2026-06-26,2026-06-25,1,1,True,1.0,38,292775000000.0,9788532263.457037,0.0,0.05731252910037421
00981A,2026-06-29,2026-06-26,1,3,True,1.0,37,277644000000.0,9273346693.386774,0.0,-0.0526315443627412
00981A,2026-06-30,2026-06-29,1,1,True,1.0,37,278526000000.0,8904283887.46803,0.0,-0.039798232301822334
00981A,2026-07-01,2026-06-30,1,1,True,1.0,37,290289000000.0,9071531250.0,0.0,0.01878279765623314
00981A,2026-07-02,2026-07-01,1,1,True,1.0,35,296204000000.0,9241934477.379095,0.0,0.018784395123931708
00981A,2026-07-03,2026-07-02,1,1,True,1.0,33,294889000000.0,9141010539.367638,0.0,-0.010920217867642634
00981A,2026-07-06,2026-07-03,1,3,True,1.0,32,295788000000.0,9480384615.384615,0.0,0.037126538095038075
00981A,2026-07-07,2026-07-06,1,1,True,1.0,32,284815000000.0,9544738605.898123,0.0,0.006788120221312033
00981A,2026-07-08,2026-07-07,1,1,True,1.0,32,270992000000.0,9108974789.915966,0.0,-0.04565487164969384
00981A,2026-07-09,2026-07-08,1,1,True,1.0,32,273419000000.0,9129181969.949917,0.0,0.0022183813766090132
00981A,2026-07-13,2026-07-09,1,4,True,1.0,32,274754000000.0,9361294718.90971,0.0,0.02542536119050176
00981A,2026-07-14,2026-07-13,1,1,True,1.0,32,268987000000.0,9471373239.43662,0.0,0.011758899151476765
00981A,2026-07-15,2026-07-14,1,1,True,1.0,32,264104000000.0,8989244383.93465,0.0,-0.05090379645208121
00981A,2026-07-16,2026-07-15,1,1,True,1.0,32,274230000000.00003,9472538860.103628,0.0,0.053763637467984404
00981A,2026-07-17,2026-07-16,1,1,True,1.0,32,270442999999.99997,10232425274.309496,0.0,0.08021993104787906
00981A,2026-07-20,2026-07-17,1,3,True,1.0,32,253300000000.0,9779922779.922781,0.0,-0.044222408887051534
00981A,2026-07-21,2026-07-20,1,1,True,1.0,32,250810000000.0,9047979797.9798,0.0,-0.07484138662583195
00981A,2026-07-22,2026-07-21,1,1,True,1.0,32,268484000000.0,9420491228.070175,0.0,0.04117067438341859
00981A,2026-07-23,2026-07-22,1,1,True,1.0,34,278260000000.0,9698849773.440222,0.0,0.029548198563215333
00981A,2026-07-24,2026-07-23,1,1,True,1.0,34,279928000000.0,10164415395.787945,0.0,0.04800214800961755
00981A,2026-07-27,2026-07-24,1,3,True,1.0,35,267316000000.0,9709989102.796947,0.0,-0.04470756804954157
00981A,2026-07-28,2026-07-27,1,1,True,1.0,35,267764000000.0,10521178781.925344,0.0,0.08354177028836562
00981A,2026-07-29,2026-07-28,1,1,True,1.0,35,252071999999.99997,10569056603.773582,0.0,0.0045506138466622215
00981A,2026-07-30,2026-07-29,1,1,True,1.0066166740185267,34,239553000000.00003,10082196969.69697,0.006616674018526725,-0.046064625474972254
00981A,2026-07-31,2026-07-30,1,1,True,1.0,34,243998000000.0,9337849215.461157,0.0,-0.07382793219305506
00981A,2026-08-03,2026-07-31,1,3,True,1.0,33,287997000000.0,10623275544.079676,0.0,0.13765764459873409
00981A,2026-08-04,2026-08-03,1,1,True,1.0,33,301543000000.0,10933393763.59681,0.0,0.02919233509762087
00981A,2026-08-05,2026-08-04,1,1,True,1.0,36,298311000000.0,10481763879.128601,0.0,-0.04130738307184445
00981A,2026-08-06,2026-08-05,1,1,True,1.0,36,307023000000.0,10645735090.152565,0.0,0.015643474983296102
00981A,2026-08-07,2026-08-06,1,1,True,1.0,34,309299000000.0,11034570103.460577,0.0,0.036524956709442113
00981A,2026-08-10,2026-08-07,1,3,True,1.0,34,298714000000.0,10470171749.036102,0.0,-0.05114819599972209
00981A,2026-08-11,2026-08-10,1,1,True,1.0,33,302205000000.0,10518795683.954056,0.0,0.004644043677930032
00981A,2026-08-12,2026-08-11,1,1,True,1.0,32,302586000000.0,10313087934.560328,0.0,-0.01955620734296859
00981A,2026-08-13,2026-08-12,1,1,True,1.0,32,307067000000.0,10252654424.040068,0.0,-0.005859885119154251
00981A,2026-08-14,2026-08-13,1,1,True,1.0,32,311593000000.0,10310820648.5771,0.0,0.005673284413121982
00981A,2026-08-17,2026-08-14,1,3,True,1.0,32,312398000000.0,10279631457.716354,0.0,-0.003024898979796631
00981A,2026-08-18,2026-08-17,1,1,True,1.0,32,308708000000.0,10425802093.887201,0.0,0.014219443252620145
00981A,2026-08-19,2026-08-18,1,1,True,0.998131867471374,32,297503000000.0,10237543014.452856,-0.0018681325286260542,-0.018057035587192294
00981A,2026-08-20,2026-08-19,1,1,True,1.0,32,286053000000.0,9779589743.589743,0.0,-0.0447327322792781
00981A,2026-08-21,2026-08-20,1,1,True,1.0,33,287545000000.0,10012012534.818941,0.0,0.023766108530426377
00981A,2026-08-24,2026-08-21,1,3,True,1.0,32,281782000000.0,9897506146.821217,0.0,-0.01143690018360477
00981A,2026-08-25,2026-08-24,1,1,True,1.0,32,278805000000.0,9690823774.76538,0.0,-0.02088226761265677
00981A,2026-08-26,2026-08-25,1,1,True,1.0,32,282668000000.0,9601494565.21739,0.0,-0.009217917034112344
00981A,2026-08-27,2026-08-26,1,1,True,1.0,32,289908000000.0,9820731707.317074,0.0,0.02283364747129024
00981A,2026-08-28,2026-08-27,1,1,True,1.0,32,290288000000.0,9647324692.5889,0.0,-0.017657239795989432
00981A,2026-08-31,2026-08-28,1,3,True,0.9955316249245961,31,293430000000.0,9980612244.897959,-0.004468375075403874,0.03454714782898227
00981A,2026-09-01,2026-08-31,1,1,True,1.0,31,282438000000.0,9299901218.30754,0.0,-0.06820333361196296
00981A,2026-09-02,2026-09-01,1,1,True,1.0,32,291191000000.0,9794517322.569796,0.0,0.05318509225544954
00981A,2026-09-03,2026-09-02,1,1,True,1.0,32,282197000000.0,9687504291.108824,0.0,-0.010925809607215564
00981A,2026-09-04,2026-09-03,1,1,True,1.0,31,275374000000.0,9250050386.294928,0.0,-0.04515651210760141
00981A,2026-09-07,2026-09-04,1,3,True,1.0,31,282941000000.0,9393791500.664011,0.0,0.01553949528556653
00981A,2026-09-08,2026-09-07,1,1,True,1.0,31,288156000000.0,9692431886.982845,0.0,0.03179125130653837
00981A,2026-09-09,2026-09-08,1,1,True,1.0,31,282371000000.0,9437533422.459892,0.0,-0.02629871094222369
00981A,2026-09-10,2026-09-09,1,1,True,1.0,31,285310000000.0,9545332887.253262,0.0,0.011422419393696925
00981A,2026-09-11,2026-09-10,1,1,True,1.0,30,283976000000.0,9645923913.043478,0.0,0.010538241775155388
00981A,2026-09-14,2026-09-11,1,3,True,1.0,30,278341000000.0,9493212824.010914,0.0,-0.01583167049722045
00981A,2026-09-15,2026-09-14,1,1,True,1.0,30,277375000000.0,9611053361.053362,0.0,0.012413135492380212
00981A,2026-09-16,2026-09-15,1,1,True,1.0,30,271603000000.00003,9587116131.309568,0.0,-0.0024905937824457602
00981A,2026-09-17,2026-09-16,1,1,True,1.0,30,269778000000.00003,9590401706.363314,0.0,0.0003427073385515733
00981A,2026-09-18,2026-09-17,1,1,True,1.0,30,269301000000.00003,9263880288.95769,0.0,-0.03404668828303348
00981A,2026-09-21,2026-09-18,1,3,True,1.0,31,280893000000.0,9499256002.705444,0.0,0.025407896735055724
00981A,2026-09-22,2026-09-21,1,1,True,1.0,31,285987000000.0,9485472636.815922,0.0,-0.0014509942552971555
00981A,2026-09-23,2026-09-22,1,1,True,1.0,31,290309000000.0,9471745513.866232,0.0,-0.0014471733223299088
00981A,2026-09-24,2026-09-23,1,1,True,0.9825616355983163,31,293017000000.0,9498119935.170177,-0.01743836440168367,0.0027845365213132744
00981A,2026-09-29,2026-09-24,1,5,True,1.0,31,290342000000.0,9579082810.953482,0.0,0.008524094908878732
00981A,2026-09-30,2026-09-29,1,1,True,1.0,31,283731000000.0,9290471512.770138,0.0,-0.030129324892496312
00981A,2026-10-01,2026-09-30,1,1,True,1.0,31,285292000000.0,9202967741.935484,0.0,-0.009418657676779518
00981A,2026-10-02,2026-10-01,1,1,True,1.0,31,290703000000.0,9246278625.954199,0.0,0.004706186659913847
00981A,2026-10-05,2026-10-02,1,3,True,1.0,31,292855000000.0,8969525267.993876,0.0,-0.0299313236336487
00981A,2026-10-06,2026-10-05,1,1,True,1.0,29,300344000000.0,9213006134.969324,0.0,0.027145346013379923
00981A,2026-10-07,2026-10-06,1,1,True,1.0,28,296341000000.0,9186019838.809671,0.0,-0.002929152088287701
00981A,2026-10-08,2026-10-07,1,1,True,1.0,28,292464000000.0,9071464019.851116,0.0,-0.012470669666374223
00982A,2025-05-22,2025-05-21,1,1,True,1.0,37,5161000000.0,510990099.009901,0.0,
00982A,2025-05-23,2025-05-22,1,1,True,1.0,37,5146000000.0,513572854.2914172,0.0,0.005054413552279424
00982A,2025-05-26,2025-05-23,1,3,True,0.9382022471910112,37,5113000000.0,508756218.9054726,-0.061797752808988804,-0.00937867986147789
00982A,2025-05-27,2025-05-26,1,1,True,0.96,37,4837000000.0,485155466.3991976,-0.040000000000000036,-0.0463891184604075
00982A,2025-05-28,2025-05-27,1,1,True,0.8924712849964107,38,4614000000.0,461861861.8618618,-0.10752871500358929,-0.048012660168955446
00982A,2025-05-29,2025-05-28,1,1,True,0.8949462917337941,38,4152000000.0000005,412723658.05168986,-0.10505370826620586,-0.10639155961500169
00982A,2025-06-02,2025-05-29,1,4,True,0.9604159841222359,38,3771000000.0,380909090.9090909,-0.039584015877764056,-0.07708442809598892
00982A,2025-06-03,2025-06-02,1,1,True,0.9912575174232996,38,3575000000.0,358216432.8657314,-0.008742482576700406,-0.0595749972498697
00982A,2025-06-04,2025-06-03,1,1,True,0.9902190384350462,38,3585000000.0,353201970.4433497,-0.009780961564953783,-0.013998415377725726
00982A,2025-06-05,2025-06-04,1,1,True,0.9628340369598878,38,3607000000.0,355019685.03937006,-0.037165963040112215,0.005146388605190122
00982A,2025-06-06,2025-06-05,1,1,True,0.9897708674304418,39,3490999999.9999995,345643564.3564356,-0.010229132569558153,-0.02641014309359968
00982A,2025-06-09,2025-06-06,1,3,True,1.0,39,3429000000.0,338165680.47337276,0.0,-0.021634668352602304
00982A,2025-06-10,2025-06-09,1,1,True,0.9849397590361446,39,3443000000.0,331695568.40077066,-0.015060240963855387,-0.019132964834116417
00982A,2025-06-11,2025-06-10,1,1,True,0.9833333333333333,39,3476000000.0,328855250.7095553,-0.01666666666666672,-0.008563025743483887
00982A,2025-06-12,2025-06-11,1,1,True,1.0,39,3477000000.0000005,328638941.3988658,0.0,-0.0006577645034487878
00982A,2025-06-13,2025-06-12,1,1,True,1.0,40,3482000000.0,329422894.9858089,0.0,0.002385455550721227
00982A,2025-06-16,2025-06-13,1,3,True,0.9968944099378882,41,3485000000.0,328154425.61205274,-0.0031055900621117516,-0.0038505804941421085
00982A,2025-06-17,2025-06-16,1,1,True,0.9968847352024922,41,3481000000.0,325631431.24415344,-0.0031152647975077885,-0.007688436208634353
00982A,2025-06-18,2025-06-17,1,1,True,1.0,41,3489000000.0,326074766.3551402,0.0,0.0013614628946994056
00982A,2025-06-19,2025-06-18,1,1,True,1.0,42,3492000000.0,329123468.42601323,0.0,0.00934970253893419
00982A,2025-06-20,2025-06-19,1,1,True,1.0,41,3458000000.0,329019980.9705043,0.0,-0.00031443353463633805
00982A,2025-06-23,2025-06-20,1,3,True,1.0,41,3435000000.0,326520912.5475285,0.0,-0.00759549136075055
00982A,2025-06-24,2025-06-23,1,1,True,1.0,41,3422999999.9999995,318122676.5799256,0.0,-0.025720361682440296
00982A,2025-06-25,2025-06-24,1,1,True,1.0031645569620253,41,3509000000.0000005,321631530.70577455,0.0031645569620253333,0.01102987741575645
00982A,2025-06-26,2025-06-25,1,1,True,1.0030572039497394,42,3565999999.9999995,327155963.30275226,0.0030572039497394066,0.01717627803734012
00982A,2025-06-27,2025-06-26,1,1,True,1.0076433121019108,43,3579999999.9999995,329346826.1269549,0.007643312101910826,0.006696692311780383
00982A,2025-06-30,2025-06-27,1,3,True,1.0,43,3600000000.0,331186752.5298988,0.0,0.005586592178770999
00982A,2025-07-01,2025-06-30,1,1,True,1.0075839653304441,43,3586999999.9999995,327281021.89781016,0.007583965330444142,-0.011793136658556636
00982A,2025-07-02,2025-07-01,1,1,True,1.0060660218671154,42,3647999999.9999995,333150684.9315068,0.0060660218671153565,0.01793462694433101
00982A,2025-07-03,2025-07-02,1,1,True,1.0,42,3679000000.0,331740306.5825068,0.0,-0.004233454748232002
00982A,2025-07-04,2025-07-03,1,1,True,1.0,42,3715000000.0,338342440.80145717,0.0,0.01990151358743142
00982A,2025-07-07,2025-07-04,1,3,True,1.0026109660574412,43,3679999999.9999995,339170506.9124424,0.0026109660574411553,0.0024474201611353052
00982A,2025-07-08,2025-07-07,1,1,True,1.0,43,3653000000.0,334830430.79743356,0.0,-0.01279614832821896
00982A,2025-07-09,2025-07-08,1,1,True,1.0,43,3677000000.0000005,333061594.2028986,0.0,-0.00528278325934195
00982A,2025-07-10,2025-07-09,1,1,True,1.0,43,3728000000.0,334649910.23339313,0.0,0.004768835729306309
00982A,2025-07-11,2025-07-10,1,1,True,1.0026461693548387,44,3749000000.0,335931899.64157706,0.0026461693548387455,0.0038308374482749485
00982A,2025-07-14,2025-07-11,1,3,True,1.0,45,3765999999.9999995,342675159.2356687,0.0,0.02007329343026476
00982A,2025-07-15,2025-07-14,1,1,True,1.0,45,3715999999.9999995,330604982.20640564,0.0,-0.03522337906309114
00982A,2025-07-16,2025-07-15,1,1,True,1.0465872156013,45,3789000000.0,336202307.00976044,0.04658721560130008,0.016930551880976363
00982A,2025-07-17,2025-07-16,1,1,True,1.0158730158730158,45,3972999999.9999995,351282051.2820512,0.015873015873015817,0.044853184995702566
00982A,2025-07-18,2025-07-17,1,1,True,1.0,45,4058000000.0,354101221.6404886,0.0,0.008025375472924035
00982A,2025-07-21,2025-07-18,1,3,True,1.0229540918163673,45,4115000000.0,360332749.56217164,0.022954091816367317,0.017598154258868348
00982A,2025-07-22,2025-07-21,1,1,True,1.0,45,4193000000.0,374041034.7903657,0.0,0.03804340639270376
00982A,2025-07-23,2025-07-22,1,1,True,1.0,45,4120000000.0000005,365896980.4618118,0.0,-0.021773157410705846
00982A,2025-07-24,2025-07-23,1,1,True,1.0,47,4145000000.0000005,363915715.53994733,0.0,-0.005414816267037326
00982A,2025-07-25,2025-07-24,1,1,True,1.0,44,4206000000.0,369595782.0738137,0.0,0.015608192477861937
00982A,2025-07-28,2025-07-25,1,3,True,1.0,46,4233000000.0,366176470.58823526,0.0,-0.009251489468826035
00982A,2025-07-29,2025-07-28,1,1,True,1.0,46,4314000000.0,375130434.7826087,0.0,0.024452592980618304
00982A,2025-07-30,2025-07-29,1,1,True,1.0,45,4328000000.0,375368603.6426713,0.0,0.0006348961267315101
00982A,2025-07-31,2025-07-30,1,1,True,1.0,45,4340000000.0,369047619.04761904,0.0,-0.01683940674236417
00982A,2025-08-01,2025-07-31,1,1,True,1.1097992916174735,47,4437000000.0,375698560.5419136,0.10979929161747348,0.01802190598454012
00982A,2025-08-04,2025-08-01,1,3,True,1.0725365986481723,48,5117000000.0,436231884.057971,0.0725365986481723,0.1611220533524087
00982A,2025-08-05,2025-08-04,1,1,True,1.1395348837209303,47,5428000000.0,451956702.7477102,0.13953488372093026,0.03604692656451847
00982A,2025-08-06,2025-08-05,1,1,True,1.1141186399807088,48,6381000000.0,533974895.39748955,0.11411863998070881,0.18147356185037755
00982A,2025-08-07,2025-08-06,1,1,True,1.0234335251066495,48,7154000000.000001,583048084.7595763,0.023433525106649533,0.09190167887117018
00982A,2025-08-08,2025-08-07,1,1,True,1.0515600334292878,48,7704000000.000001,619292604.5016078,0.05156003342928783,0.06216386039065225
00982A,2025-08-11,2025-08-08,1,3,True,1.0872718625527615,48,8500000000.0,673000791.7656373,0.08727186255276154,0.08672505835468947
00982A,2025-08-12,2025-08-11,1,1,True,1.1410167666247713,48,9605000000.0,760490894.6951702,0.14101676662477125,0.13000000000000012
00982A,2025-08-13,2025-08-12,1,1,True,1.0362776025236593,47,11574000000.0,914218009.478673,0.0362776025236593,0.2021419531197961
00982A,2025-08-14,2025-08-13,1,1,True,1.0247349823321554,47,12083000000.0,952167060.677699,0.02473498233215543,0.041509848641754665
00982A,2025-08-15,2025-08-14,1,1,True,1.0,47,12425000000.0,971462079.7498046,0.0,0.02026432111437737
00982A,2025-08-18,2025-08-15,1,3,True,0.7225806451612903,47,12856000000.0,1007523510.9717869,-0.2774193548387097,0.037120781113010315
00982A,2025-08-19,2025-08-18,1,1,True,1.0,60,13915000000.0,1113200000.0,0.0,0.10488736776602359
00982A,2025-08-20,2025-08-19,1,1,True,0.9870495495495496,60,14607000000.0,1217250000.0,-0.012950450450450401,0.09346927775781522
00982A,2025-08-21,2025-08-20,1,1,True,0.9843047714520754,58,14019000000.0,1146279640.2289453,-0.0156952285479246,-0.0583038486515135
00982A,2025-08-22,2025-08-21,1,1,True,1.0,43,14638000000.0,1203782894.7368422,0.0,0.05016511895510223
00982A,2025-08-25,2025-08-22,1,3,True,1.0246045694200352,43,14507000000.0,1167095736.122285,0.024604569420035194,-0.030476557504646506
00982A,2025-08-26,2025-08-25,1,1,True,1.0,43,15155000000.000002,1214342948.717949,0.0,0.04048272231089145
00982A,2025-08-27,2025-08-26,1,1,True,1.0,44,15329000000.0,1202274509.8039215,0.0,-0.009938245968133419
00982A,2025-08-28,2025-08-27,1,1,True,1.0,44,15711000000.000002,1236113296.6168373,0.0,0.02814564106364914
00982A,2025-08-29,2025-08-28,1,1,True,1.0,44,15688000000.0,1206769230.7692308,0.0,-0.02373897759041932
00982A,2025-09-01,2025-08-29,1,3,True,1.0238833456240348,44,16069999999.999998,1271360759.4936707,0.023883345624034824,0.05352434175278664
00982A,2025-09-02,2025-09-01,1,1,True,1.0,45,15937000000.0,1277003205.128205,0.0,0.004438115296858447
00982A,2025-09-03,2025-09-02,1,1,True,1.0,45,16052000000.000002,1287249398.5565357,0.0,0.008023623893177234
00982A,2025-09-04,2025-09-03,1,1,True,1.0034458993797382,45,16252000000.000002,1310645161.2903228,0.00344589937973816,0.018175003818236002
00982A,2025-09-05,2025-09-04,1,1,True,1.0,45,16160000000.0,1274447949.526814,0.0,-0.02761785785549531
00982A,2025-09-08,2025-09-05,1,3,True,1.0,45,16643000000.0,1305333333.3333333,0.0,0.024234323432342997
00982A,2025-09-09,2025-09-08,1,1,True,1.0,45,16743000000.0,1299922360.2484472,0.0,-0.00414528070854403
00982A,2025-09-10,2025-09-09,1,1,True,1.0,45,17005000000.000002,1292173252.2796354,0.0,-0.005961208304264165
00982A,2025-09-11,2025-09-10,1,1,True,1.0,45,17137000000.0,1312174578.8667686,0.0,0.015478827279427954
00982A,2025-09-12,2025-09-11,1,1,True,1.0,45,16862000000.0,1297076923.0769231,0.0,-0.011505828594000178
00982A,2025-09-15,2025-09-12,1,3,True,1.0,45,16591999999.999998,1301333333.3333333,0.0,0.003281540347131573
00982A,2025-09-16,2025-09-15,1,1,True,1.0,44,16225000000.0,1265600624.024961,0.0,-0.027458536866064698
00982A,2025-09-17,2025-09-16,1,1,True,1.0,43,16372999999.999998,1291246056.7823343,0.0,0.020263448255748884
00982A,2025-09-18,2025-09-17,1,1,True,1.0,43,16096000000.0,1247751937.984496,0.0,-0.03368383474968473
00982A,2025-09-19,2025-09-18,1,1,True,1.0,43,16399000000.0,1273214285.7142856,0.0,0.020406578386821916
00982A,2025-09-22,2025-09-19,1,3,True,1.0,43,16268000000.0,1252347959.969207,0.0,-0.01638869904241791
00982A,2025-09-23,2025-09-22,1,1,True,0.9866897877190217,42,16383000000.000002,1252522935.7798166,-0.013310212280978284,0.00013971820628344567
00982A,2025-09-24,2025-09-23,1,1,True,0.9911308195092272,42,16274000000.0,1254741711.6422513,-0.008869180490772788,0.0017714452957726667
00982A,2025-09-25,2025-09-24,1,1,True,1.0,42,15966999999.999998,1232972972.9729729,0.0,-0.017349179091836087
00982A,2025-09-26,2025-09-25,1,1,True,1.0,42,15918000000.0,1263333333.3333333,0.0,0.024623703054216017
00982A,2025-09-30,2025-09-26,1,4,True,1.0,42,15647000000.0,1212945736.4341085,0.0,-0.03988464134503278
00982A,2025-10-01,2025-09-30,1,1,True,0.9871366674959795,42,16074000000.0,1237413394.9191685,-0.012863332504020497,0.020172096533346506
00982A,2025-10-02,2025-10-01,1,1,True,0.9837941348117887,42,16031000000.0,1222807017.5438597,-0.01620586518821132,-0.01180395931972511
00982A,2025-10-03,2025-10-02,1,1,True,0.9755884917175239,41,15900000000.0,1199095022.6244345,-0.02441150828247607,-0.01939144491258593
00982A,2025-10-07,2025-10-03,1,4,True,0.9765704584040747,41,15718000000.0,1177378277.153558,-0.023429541595925252,-0.018110946222881896
00982A,2025-10-08,2025-10-07,1,1,True,0.993734772015315,41,15431000000.0,1156746626.6866567,-0.0062652279846849845,-0.01752338298340328
00982A,2025-10-09,2025-10-08,1,1,True,0.9884057971014493,41,15335000000.0,1137611275.9643917,-0.011594202898550732,-0.016542387313525753
00982A,2025-10-13,2025-10-09,1,4,True,1.0,41,15285000000.0,1146661665.4163542,0.0,0.007955608073847653
00982A,2025-10-14,2025-10-13,1,1,True,0.9944303797468355,41,15088999999.999998,1152711993.8884645,-0.005569620253164542,0.005276472262560006
00982A,2025-10-15,2025-10-14,1,1,True,0.9902597402597403,41,14697999999.999998,1083923303.834808,-0.009740259740259716,-0.059675522089095434
00982A,2025-10-16,2025-10-15,1,1,True,1.0,41,15151000000.0,1105912408.759124,0.0,0.020286587479502183
00982A,2025-10-17,2025-10-16,1,1,True,1.0,41,15272999999.999998,1136383928.5714285,0.0,0.027553285025976537
00982A,2025-10-20,2025-10-17,1,3,True,1.0,41,14897000000.0,1098598820.058997,0.0,-0.03325030173555166
00982A,2025-10-21,2025-10-20,1,1,True,1.0,41,15056000000.0,1100584795.3216374,0.0,0.0018077347493727913
00982A,2025-10-22,2025-10-21,1,1,True,1.0,40,15188999999.999998,1114380044.0205426,0.0,0.012534471453309326
00982A,2025-10-23,2025-10-22,1,1,True,1.0037599293909973,40,15097000000.0,1113348082.5958703,0.003759929390997341,-0.000926040833384989
00982A,2025-10-27,2025-10-23,1,4,True,1.0,42,15081000000.0,1087310742.6099496,0.0,-0.023386522501760876
00982A,2025-10-28,2025-10-27,1,1,True,1.0,44,15447000000.0,1100997861.7248752,0.0,0.012588047352564136
00982A,2025-10-29,2025-10-28,1,1,True,1.0208159866777686,43,15625000000.0,1086578581.3630042,0.020815986677768628,-0.013096556190655195
00982A,2025-10-30,2025-10-29,1,1,True,1.0,43,16227000000.000002,1124532224.5322247,0.0,0.034929496881497046
00982A,2025-10-31,2025-10-30,1,1,True,1.0137710366894346,44,16316000000.0,1114480874.3169398,0.01377103668943458,-0.008938250052786145
00982A,2025-11-03,2025-10-31,1,3,True,1.0332293341223577,44,16759000000.0,1129312668.4636118,0.033229334122357734,0.01330825363491539
00982A,2025-11-04,2025-11-03,1,1,True,1.0234154031622387,45,17537000000.0,1208614748.4493454,0.023415403162238668,0.07022154466187036
00982A,2025-11-05,2025-11-04,1,1,True,1.100334448160535,45,18952000000.0,1316111111.1111112,0.10033444816053505,0.08894179290769366
00982A,2025-11-06,2025-11-05,1,1,True,1.0048426150121066,45,20635000000.0,1421143250.6887052,0.004842615012106588,0.07980491821007574
00982A,2025-11-07,2025-11-06,1,1,True,1.0150575730735163,45,20866000000.0,1465308988.764045,0.015057573073516295,0.031077611672107208
00982A,2025-11-10,2025-11-07,1,3,True,1.0,45,21406000000.0,1503230337.0786517,0.0,0.02587942106776575
00982A,2025-11-11,2025-11-10,1,1,True,1.0,45,21898000000.0,1537780898.8764045,0.0,0.022984210034569852
00982A,2025-11-12,2025-11-11,1,1,True,1.0010245901639343,44,22150000000.0,1553295932.6788218,0.0010245901639343025,0.010089235608111258
00982A,2025-11-13,2025-11-12,1,1,True,1.0,44,22853000000.0,1588116747.741487,0.0,0.022417373489553416
00982A,2025-11-14,2025-11-13,1,1,True,1.0700641333974668,44,23133000000.0,1646476868.327402,0.07006413339746675,0.03674800399209377
00982A,2025-11-17,2025-11-14,1,3,True,1.016572888678152,44,24119000000.0,1711781405.2519517,0.016572888678151987,0.03966319732805612
00982A,2025-11-18,2025-11-17,1,1,True,1.0,45,24571000000.0,1865679574.791192,0.0,0.0899052700695675
00982A,2025-11-19,2025-11-18,1,1,True,1.0,62,24486000000.0,1864889565.8796647,0.0,-0.00042344297606189407
00982A,2025-11-20,2025-11-19,1,1,True,1.0332208668569947,49,24531000000.0,1813082039.9113083,0.03322086685699466,-0.027780479292841553
00982A,2025-11-21,2025-11-20,1,1,True,1.0163718301350164,48,25363000000.0,1973774319.0661478,0.01637183013501642,0.08862934804797917
00982A,2025-11-24,2025-11-21,1,3,True,1.0,48,25593000000.0,1983953488.372093,0.0,0.005157210329274742
00982A,2025-11-25,2025-11-24,1,1,True,1.0,48,25644000000.0,1945675265.5538695,0.0,-0.01929391139589276
00982A,2025-11-26,2025-11-25,1,1,True,1.0,49,26308000000.0,1964749813.2935026,0.0,0.009803561815955542
00982A,2025-11-27,2025-11-26,1,1,True,1.0,49,26789000000.0,1958260233.9181287,0.0,-0.0033030054673960363
00982A,2025-11-28,2025-11-27,1,1,True,1.0,49,27289000000.0,1977463768.115942,0.0,0.009806426063909912
00982A,2025-12-01,2025-11-28,1,3,True,1.0010845986984815,50,27542000000.0,2034121122.5997047,0.0010845986984815426,0.028651525958295565
00982A,2025-12-02,2025-12-01,1,1,True,1.0,50,27033999999.999996,2017462686.567164,0.0,-0.008189500540287664
00982A,2025-12-03,2025-12-02,1,1,True,1.0,50,26866000000.000004,1987130177.5147932,0.0,-0.015034978963592849
00982A,2025-12-04,2025-12-03,1,1,True,1.0,50,27183000000.0,2025558867.3621461,0.0,0.019338788309990695
00982A,2025-12-05,2025-12-04,1,1,True,1.0,49,26895000000.0,1974669603.5242293,0.0,-0.025123566961146482
00982A,2025-12-08,2025-12-05,1,3,True,1.0,49,27352999999.999996,1987863372.093023,0.0,0.006681506893733813
00982A,2025-12-09,2025-12-08,1,1,True,1.0,49,27602999999.999996,2001667875.271936,0.0,0.0069443923424064025
00982A,2025-12-10,2025-12-09,1,1,True,1.0,49,27644000000.0,1975982844.8892066,0.0,-0.01283181425851676
00982A,2025-12-11,2025-12-10,1,1,True,0.9913419913419913,49,28070999999.999996,1999358974.3589742,-0.008658008658008698,0.011830127741356167
00982A,2025-12-12,2025-12-11,1,1,True,1.0,49,27820000000.0,1964689265.5367231,0.0,-0.017340412235560043
00982A,2025-12-15,2025-12-12,1,3,True,1.0,49,28000000000.0,2004294917.6807444,0.0,0.020158735958279772
00982A,2025-12-16,2025-12-15,1,1,True,1.0044930088781856,49,27658999999.999996,2026300366.300366,0.0044930088781856,0.010979147043432613
00982A,2025-12-17,2025-12-16,1,1,True,1.0,49,27394000000.0,2009831254.585473,0.0,-0.008127675436866433
00982A,2025-12-18,2025-12-17,1,1,True,1.0,50,27489999999.999996,2030280649.9261446,0.0,0.010174682722251305
00982A,2025-12-19,2025-12-18,1,1,True,1.0,50,27416000000.000004,1982357194.5047002,0.0,-0.02360435017847795
00982A,2025-12-22,2025-12-19,1,3,True,1.0,50,28077999999.999996,2002710413.6947217,0.0,0.010267180529544673
00982A,2025-12-23,2025-12-22,1,1,True,1.0,51,28393000000.0,2025178316.6904423,0.0,0.01121874777405818
00982A,2025-12-24,2025-12-23,1,1,True,0.9946037099494098,51,28473000000.0,2019361702.1276596,-0.005396290050590169,-0.0028721493385769348
00982A,2025-12-26,2025-12-24,1,2,True,0.9883720930232558,51,28512000000.0,1988284518.8284519,-0.011627906976744207,-0.015389607154807305
00982A,2025-12-29,2025-12-26,1,3,True,1.0,51,28567000000.0,1981067961.1650486,0.0,-0.003629539733908671
00982A,2025-12-30,2025-12-29,1,1,True,0.9927787406123628,51,28656000000.0,1983114186.851211,-0.00722125938763718,0.0010328902017875397
00982A,2025-12-31,2025-12-30,1,1,True,1.0,50,28435000000.000004,1946269678.302533,0.0,-0.018579116015089325
00982A,2026-01-02,2025-12-31,1,2,True,1.0,51,28695000000.0,1961380724.5386193,0.0,0.007764107104245577
00982A,2026-01-05,2026-01-02,1,3,True,1.0,51,28708000000.0,1954254594.9625597,0.0,-0.003633220968731532
00982A,2026-01-06,2026-01-05,1,1,True,0.9963898916967509,51,28777999999.999996,1919813208.8058703,-0.0036101083032491488,-0.01762379694307392
00982A,2026-01-07,2026-01-06,1,1,True,1.0,51,29095000000.0,1946153846.1538463,0.0,0.013720416771358712
00982A,2026-01-08,2026-01-07,1,1,True,1.0,50,28831000000.0,1950676589.9864683,0.0,0.0023239395187386602
00982A,2026-01-09,2026-01-08,1,1,True,0.9982828875958647,50,28491000000.000004,1936845683.2087016,-0.0017171124041353014,-0.0070903125862922245
00982A,2026-01-12,2026-01-09,1,3,True,0.9832034632034632,50,28230000000.0,1897177419.3548386,-0.01679653679653681,-0.02048085926398946
00982A,2026-01-13,2026-01-12,1,1,True,0.990865340497445,50,27782000000.0,1859571619.8125837,-0.009134659502554987,-0.019821972978701807
00982A,2026-01-14,2026-01-13,1,1,True,0.991336308742452,51,27582000000.0,1813412228.796844,-0.008663691257547956,-0.024822593829643358
00982A,2026-01-15,2026-01-14,1,1,True,1.0,52,27775000000.0,1827302631.5789475,0.0,0.007659815325784747
00982A,2026-01-16,2026-01-15,1,1,True,0.9970669659293665,52,27642000000.0,1809031413.6125655,-0.0029330340706335,-0.00999901037224149
00982A,2026-01-19,2026-01-16,1,3,True,1.0,52,27732000000.0,1830495049.5049505,0.0,0.011864711541698991
00982A,2026-01-20,2026-01-19,1,1,True,1.0,52,27441000000.000004,1805328947.3684213,0.0,-0.013748249219977526
00982A,2026-01-21,2026-01-20,1,1,True,1.0,53,27560000000.000004,1847184986.5951746,0.0,0.023184716163647368
00982A,2026-01-22,2026-01-21,1,1,True,1.0,56,26852000000.0,1767741935.483871,0.0,-0.04300763144341979
00982A,2026-01-23,2026-01-22,1,1,True,1.0,56,27345000000.0,1793114754.0983605,0.0,0.014353236807466807
00982A,2026-01-26,2026-01-23,1,3,True,1.0,56,27474000000.0,1788671875.0,0.0,-0.0024777438745656744
00982A,2026-01-27,2026-01-26,1,1,True,1.0,56,27462000000.0,1771741935.483871,0.0,-0.009465089574424601
00982A,2026-01-28,2026-01-27,1,1,True,1.0,57,27677000000.0,1760623409.6692111,0.0,-0.006275477027428034
00982A,2026-01-29,2026-01-28,1,1,True,1.0,56,28120000000.0,1801409352.9788597,0.0,0.023165625928665445
00982A,2026-01-30,2026-01-29,1,1,True,1.0,56,27819000000.0,1807602339.1812866,0.0,0.0034378561386871898
00982A,2026-02-02,2026-01-30,1,3,True,1.0,56,27229000000.000004,1809235880.3986712,0.0,0.000903706076262667
00982A,2026-02-03,2026-02-02,1,1,True,1.0182149966821499,56,26770000000.0,1731565329.8835704,0.018214996682149875,-0.04293002994058781
00982A,2026-02-04,2026-02-03,1,1,True,1.0,56,28055000000.0,1801862556.1978164,0.0,0.04059750163684139
00982A,2026-02-05,2026-02-04,1,1,True,1.0,56,28539999999.999996,1870249017.0380077,0.0,0.03795320603392538
00982A,2026-02-06,2026-02-05,1,1,True,1.0,56,28261000000.0,1884066666.6666667,0.0,0.0073881336136418785
00982A,2026-02-09,2026-02-06,1,3,True,1.0,56,29102000000.0,1894661458.3333335,0.0,0.005623363469091647
00982A,2026-02-10,2026-02-09,1,1,True,1.0,56,29847000000.000004,1920656370.656371,0.0,0.01372008292494864
00982A,2026-02-11,2026-02-10,1,1,True,1.0,55,30266000000.000004,1924094087.7304516,0.0,0.001789865759748377
00982A,2026-02-23,2026-02-11,1,12,True,1.0,55,30620999999.999996,1916207759.6996243,0.0,-0.004098722656608489
00982A,2026-02-24,2026-02-23,1,1,True,1.0,55,30885000000.000004,1880937880.633374,0.0,-0.018406082997899476
00982A,2026-02-25,2026-02-24,1,1,True,1.0,55,32008000000.0,1909785202.8639617,0.0,0.015336669290148874
00982A,2026-02-26,2026-02-25,1,1,True,1.0,55,33194000000.0,1990047961.6306956,0.0,0.042027113125795434
00982A,2026-03-02,2026-02-26,1,4,True,1.0,55,33052999999.999996,2015426829.2682927,0.0,0.012752892456320941
00982A,2026-03-03,2026-03-02,1,1,True,1.0,55,32730000000.0,2039252336.4485981,0.0,0.011821568927389725
00982A,2026-03-04,2026-03-03,1,1,True,1.0,55,31788000000.0,2102380952.3809526,0.0,0.03095674566801976
00982A,2026-03-05,2026-03-04,1,1,True,1.0,55,30148000000.0,1905689001.2642224,0.0,-0.09355676044057382
00982A,2026-03-06,2026-03-05,1,1,True,1.0,55,31408000000.0,1985335018.9633374,0.0,0.04179381716863473
00982A,2026-03-09,2026-03-06,1,3,True,1.0,55,31275000000.0,2113175675.6756756,0.0,0.0643924856466247
00982A,2026-03-10,2026-03-09,1,1,True,1.0,55,29499000000.0,1911795204.1477642,0.0,-0.09529755327300049
00982A,2026-03-11,2026-03-10,1,1,True,1.0,55,30639000000.0,1892464484.2495365,0.0,-0.010111292180401188
00982A,2026-03-12,2026-03-11,1,1,True,1.0,55,32162000000.0,1991455108.3591332,0.0,0.05230778433807792
00982A,2026-03-13,2026-03-12,1,1,True,1.0,53,31660000000.000004,1972585669.7819316,0.0,-0.009475201573963199
00982A,2026-03-16,2026-03-13,1,3,True,1.0,51,31404000000.000004,1942115027.8293135,0.0,-0.015447056327843378
00982A,2026-03-17,2026-03-16,1,1,True,1.0,51,31491000000.000004,1913183475.0911303,0.0,-0.0148969305749721
00982A,2026-03-18,2026-03-17,1,1,True,0.9863065269295783,50,31924000000.0,1894599406.5281897,-0.01369347307042168,-0.009713688626782346
00982A,2026-03-19,2026-03-18,1,1,True,1.0,49,32120999999.999996,1907422802.850356,0.0,0.006768394562977731
00982A,2026-03-20,2026-03-19,1,1,True,1.0,48,32012000000.0,1896445497.6303318,0.0,-0.005755045605840725
00982A,2026-03-23,2026-03-20,1,3,True,1.0,49,31958000000.0,1961817065.684469,0.0,0.03447057568267642
00982A,2026-03-24,2026-03-23,1,1,True,1.0,49,30764000000.0,1904891640.8668733,0.0,-0.029016683468259363
00982A,2026-03-25,2026-03-24,1,1,True,1.0,50,30481000000.0,1805746445.4976304,0.0,-0.05204768252546066
00982A,2026-03-26,2026-03-25,1,1,True,1.0,49,31866000000.000004,1904722056.1864915,0.0,0.05481146643574597
00982A,2026-03-27,2026-03-26,1,1,True,1.0,48,31544000000.0,1887731897.067624,0.0,-0.00892002014870552
00982A,2026-03-30,2026-03-27,1,3,True,1.0,48,31480000000.0,1913677811.550152,0.0,0.013744491218711685
00982A,2026-03-31,2026-03-30,1,1,True,1.0,48,30995000000.0,1975462077.756533,0.0,0.03228561560022114
00982A,2026-04-01,2026-03-31,1,1,True,1.0,49,29508999999.999996,1794951338.199513,0.0,-0.09137646406354716
00982A,2026-04-02,2026-04-01,1,1,True,1.0,48,31189000000.0,1933601983.8809674,0.0,0.07724479362239012
00982A,2026-04-07,2026-04-02,1,5,True,1.0,48,30350000000.0,1847230675.5934267,0.0,-0.04466860760774727
00982A,2026-04-08,2026-04-07,1,1,True,1.0,48,30793000000.0,1776860934.7951531,0.0,-0.03809472294285454
00982A,2026-04-09,2026-04-08,1,1,True,1.0,50,32631000000.0,1858257403.1890662,0.0,0.045809138351784906
00982A,2026-04-10,2026-04-09,1,1,True,1.0,51,33060000000.000004,1822491730.981257,0.0,-0.01924688805029362
00982A,2026-04-13,2026-04-10,1,3,True,1.0,51,33923000000.0,1866978536.0484314,0.0,0.024409880336314194
00982A,2026-04-14,2026-04-13,1,1,True,1.0,51,33780000000.0,1825945945.945946,0.0,-0.021978072757779632
00982A,2026-04-15,2026-04-14,1,1,True,1.0,50,34314999999.999996,1824295587.4534822,0.0,-0.0009038375402776744
00982A,2026-04-16,2026-04-15,1,1,True,1.0,50,34897000000.0,1828025144.054479,0.0,0.002044381747479118
00982A,2026-04-17,2026-04-16,1,1,True,1.0,48,35467000000.0,1803101169.29334,0.0,-0.013634371957192415
00982A,2026-04-20,2026-04-17,1,3,True,1.0,48,36210000000.0,1792574257.4257426,0.0,-0.005838225856025003
00982A,2026-04-21,2026-04-20,1,1,True,1.0,48,36945000000.0,1789104116.2227604,0.0,-0.001935842372279506
00982A,2026-04-22,2026-04-21,1,1,True,1.0,48,38079000000.0,1820219885.2772465,0.0,0.01739181569833903
00982A,2026-04-23,2026-04-22,1,1,True,1.0,49,38591000000.0,1896363636.3636363,0.0,0.04183217187235155
00982A,2026-04-24,2026-04-23,1,1,True,1.0,49,37780000000.0,1811990407.6738608,0.0,-0.044492114841204744
00982A,2026-04-27,2026-04-24,1,3,True,1.0,49,38855000000.0,1881598062.9539952,0.0,0.03841502415539444
00982A,2026-04-28,2026-04-27,1,1,True,1.0,49,38641000000.0,1852396931.9271333,0.0,-0.015519324558092906
00982A,2026-04-29,2026-04-28,1,1,True,1.0,49,38927000000.0,1874193548.387097,0.0,0.011766709436992873
00982A,2026-04-30,2026-04-29,1,1,True,1.0,49,38869000000.0,1845631528.9648623,0.0,-0.015239631705495138
00982A,2026-05-04,2026-04-30,1,4,True,1.0,48,38994000000.0,1768435374.1496599,0.0,-0.04182641746399862
00982A,2026-05-05,2026-05-04,1,1,True,1.043677993527508,48,40842000000.0,1843050541.5162454,0.04367799352750801,0.042192758897092064
00982A,2026-05-06,2026-05-05,1,1,True,1.01010101010101,48,43231000000.0,1942093441.1500447,0.010101010101009944,0.053738569508961165
00982A,2026-05-07,2026-05-06,1,1,True,1.0052129688493325,48,44609000000.0,1962560492.740871,0.005212968849332533,0.010538654401049952
00982A,2026-05-08,2026-05-07,1,1,True,1.0142057684029273,47,46367000000.0,2069955357.1428573,0.01420576840292731,0.05472181102147888
00982A,2026-05-11,2026-05-08,1,3,True,1.0,47,46590000000.0,2022135416.6666667,0.0,-0.02310191874968548
00982A,2026-05-12,2026-05-11,1,1,True,1.0,47,47982000000.0,2061968199.398367,0.0,0.01969837549127229
00982A,2026-05-13,2026-05-12,1,1,True,1.0056680161943319,47,48329000000.0,2089450929.5287507,0.005668016194331882,0.013328396693218947
00982A,2026-05-14,2026-05-13,1,1,True,1.0057581573896353,47,48385000000.0,2090064794.8164148,0.0057581573896352545,0.0002937926318291595
00982A,2026-05-15,2026-05-14,1,1,True,1.0234695019928421,46,49399000000.0,2190643015.5210643,0.023469501992842146,0.04812205868167063
00982A,2026-05-18,2026-05-15,1,3,True,1.0,45,50109000000.0,2225088809.946714,0.0,0.01572405644443009
00982A,2026-05-19,2026-05-18,1,1,True,1.0,45,52126000000.0,2452988235.2941175,0.0,0.10242261986516454
00982A,2026-05-20,2026-05-19,1,1,True,1.0,59,49847000000.0,2366904083.57075,0.0,-0.035093585238106795
00982A,2026-05-21,2026-05-20,1,1,True,1.0,50,49338000000.0,2232488687.7828054,0.0,-0.056789540700425634
00982A,2026-05-22,2026-05-21,1,1,True,1.0,50,51853000000.0,2290326855.123675,0.0,0.02590748506695073
00982A,2026-05-25,2026-05-22,1,3,True,1.0,49,52735000000.0,2223229342.3271503,0.0,-0.029296042460673744
00982A,2026-05-26,2026-05-25,1,1,True,0.9813681965278234,48,54935000000.0,2283250207.813799,-0.018631803472176633,0.026997154249422728
00982A,2026-05-27,2026-05-26,1,1,True,1.0,47,54816000000.0,2235562805.872757,0.0,-0.020885753903731152
00982A,2026-05-28,2026-05-27,1,1,True,1.0,46,55597000000.0,2335027299.454011,0.0,0.04449192539791946
00982A,2026-05-29,2026-05-28,1,1,True,1.0,46,53976000000.0,2217584223.500411,0.0,-0.05029623250274684
00982A,2026-06-01,2026-05-29,1,3,True,1.0,45,55069000000.00001,2261560574.9486656,0.0,0.01983074689214681
00982A,2026-06-02,2026-06-01,1,1,True,0.9863013698630136,45,55116000000.0,2312882920.688208,-0.013698630136986356,0.022693332342295314
00982A,2026-06-03,2026-06-02,1,1,True,1.0,45,53196000000.0,2201821192.05298,0.0,-0.048018742168834616
00982A,2026-06-04,2026-06-03,1,1,True,1.0,45,53952000000.0,2243326403.326403,0.0,0.01885040048811759
00982A,2026-06-05,2026-06-04,1,1,True,1.0,45,53434000000.0,2250800336.9839935,0.0,0.0033316300501380347
00982A,2026-06-08,2026-06-05,1,3,True,1.0,45,52780999999.99999,2336476316.9544044,0.0,0.03806467351307319
00982A,2026-06-09,2026-06-08,1,1,True,1.0,45,50199000000.0,2137947189.0971038,0.0,-0.08496945867445516
00982A,2026-06-10,2026-06-09,1,1,True,1.0,45,52286000000.0,2323822222.2222223,0.0,0.08694089081013123
00982A,2026-06-11,2026-06-10,1,1,True,1.0,45,49565000000.0,2199955614.7359076,0.0,-0.05330296194855377
00982A,2026-06-12,2026-06-11,1,1,True,1.0,45,49745000000.0,2130406852.2483938,0.0,-0.03161371166838867
00982A,2026-06-15,2026-06-12,1,3,True,1.0,45,51484000000.0,2134494195.6882255,0.0,0.0019185741143847856
00982A,2026-06-16,2026-06-15,1,1,True,1.0,46,53123000000.0,2216228619.1072173,0.0,0.038292174129167966
00982A,2026-06-17,2026-06-16,1,1,True,1.0,47,52854999999.99999,2189519469.7597346,0.0,-0.012051621893702569
00982A,2026-06-18,2026-06-17,1,1,True,1.0,47,53108000000.00001,2138864277.0841727,0.0,-0.023135301318476298
00982A,2026-06-22,2026-06-18,1,4,True,1.0,47,54398000000.0,2137445972.4950886,0.0,-0.0006631110745454194
00982A,2026-06-23,2026-06-22,1,1,True,0.9962406015037594,47,55377000000.0,2233844292.0532475,-0.003759398496240629,0.04509976897597601
00982A,2026-06-24,2026-06-23,1,1,True,1.0,47,53646000000.0,2178960194.963444,0.0,-0.024569347686877574
00982A,2026-06-25,2026-06-24,1,1,True,1.0,46,53334000000.0,2155780113.1770415,0.0,-0.010638139163800409
00982A,2026-06-26,2026-06-25,1,1,True,1.0,46,53765000000.0,2279143704.9597287,0.0,0.057224570831058585
00982A,2026-06-29,2026-06-26,1,3,True,1.0,46,51035000000.0,2157928118.3932347,0.0,-0.0531847054236696
00982A,2026-06-30,2026-06-29,1,1,True,1.0,46,51279000000.0,2083665176.7574158,0.0,-0.03441400156142094
00982A,2026-07-01,2026-06-30,1,1,True,1.0,46,53238000000.0,2131224979.983987,0.0,0.022825069861072134
00982A,2026-07-02,2026-07-01,1,1,True,0.9981132075471698,46,54171000000.0,2138610343.4662457,-0.0018867924528301883,0.0034653138695446284
00982A,2026-07-03,2026-07-02,1,1,True,1.0,46,54761000000.0,2146648373.1869853,0.0,0.0037585293390620667
00982A,2026-07-06,2026-07-03,1,3,True,1.0,46,55029999999.99999,2176819620.2531643,0.0,0.014055048531952163
00982A,2026-07-07,2026-07-06,1,1,True,1.0,46,54250000000.0,2251971772.5197177,0.0,0.03452383080680477
00982A,2026-07-08,2026-07-07,1,1,True,1.0,46,51750000000.0,2171632396.1393204,0.0,-0.0356751258433875
00982A,2026-07-09,2026-07-08,1,1,True,1.0,45,51287000000.0,2135179017.4854288,0.0,-0.016786164508642232
00982A,2026-07-13,2026-07-09,1,4,True,1.0,45,51542999999.99999,2166582597.7301383,0.0,0.014707703657416582
00982A,2026-07-14,2026-07-13,1,1,True,1.0018939393939394,45,50965000000.0,2219729965.1567945,0.0018939393939394478,0.024530506006250175
00982A,2026-07-15,2026-07-14,1,1,True,1.0,44,49528000000.0,2092437684.833122,0.0,-0.057345840404817494
00982A,2026-07-16,2026-07-15,1,1,True,1.0,44,51069000000.0,2166694951.209164,0.0,0.03548840040221535
00982A,2026-07-17,2026-07-16,1,1,True,1.0,44,50683000000.0,2365048996.733551,0.0,0.09154682592198404
00982A,2026-07-20,2026-07-17,1,3,True,1.0156239833430933,44,46884000000.0,2224098671.7267556,0.01562398334309334,-0.059597211390320703
00982A,2026-07-21,2026-07-20,1,1,True,1.0,43,46428000000.0,2103670140.4621658,0.0,-0.05414711712007403
00982A,2026-07-22,2026-07-21,1,1,True,1.0,43,48810000000.0,2137040280.2101576,0.0,0.01586281951060098
00982A,2026-07-23,2026-07-22,1,1,True,1.0,44,50429000000.0,2210828583.9544063,0.0,0.03452826997579672
00982A,2026-07-24,2026-07-23,1,1,True,1.0,44,50333000000.0,2289945404.9135575,0.0,0.03578604941756214
00982A,2026-07-27,2026-07-24,1,3,True,1.0009389671361502,43,48140000000.0,2207244383.310408,0.0009389671361501595,-0.03611484423414513
00982A,2026-07-28,2026-07-27,1,1,True,1.0,44,48038000000.0,2391139870.5823793,0.0,0.08331451137103629
00982A,2026-07-29,2026-07-28,1,1,True,1.0,44,44502000000.0,2358346581.8759937,0.0,-0.013714500397836837
00982A,2026-07-30,2026-07-29,1,1,True,1.0,44,42625000000.0,2299083063.6461706,0.0,-0.025129265853147342
00982A,2026-07-31,2026-07-30,1,1,True,1.0,44,41908000000.0,2055321235.899951,0.0,-0.10602567240856098
00982A,2026-08-03,2026-07-31,1,3,True,1.0,44,46526000000.0,2211311787.072243,0.0,0.07589594679781997
00982A,2026-08-04,2026-08-03,1,1,True,0.9868421052631579,45,48468000000.0,2242850532.1610365,-0.013157894736842146,0.014262459628341384
00982A,2026-08-05,2026-08-04,1,1,True,1.0,45,49111000000.0,2199328257.948948,0.0,-0.01940489283080038
00982A,2026-08-06,2026-08-05,1,1,True,1.0,44,50628000000.0,2229326287.9788637,0.0,0.013639632884038688
00982A,2026-08-07,2026-08-06,1,1,True,1.0,44,51629000000.0,2305895489.057615,0.0,0.03434634108592949
00982A,2026-08-10,2026-08-07,1,3,True,1.0,44,50663000000.0,2233818342.1516757,0.0,-0.03125776829347804
00982A,2026-08-11,2026-08-10,1,1,True,1.0,45,51324000000.0,2281066666.6666665,0.0,0.021151372796715417
00982A,2026-08-12,2026-08-11,1,1,True,1.0,45,51012000000.0,2235407537.248028,0.0,-0.020016569478594204
00982A,2026-08-13,2026-08-12,1,1,True,1.0,45,51901000000.0,2239042277.8257117,0.0,0.0016259856500970837
00982A,2026-08-14,2026-08-13,1,1,True,1.0,44,52554000000.0,2257474226.8041234,0.0,0.008232068309273144
00982A,2026-08-17,2026-08-14,1,3,True,1.0,44,52695000000.00001,2247121535.181237,0.0,-0.0045859622670165745
00982A,2026-08-18,2026-08-17,1,1,True,1.0,44,52741999999.99999,2382204155.3748865,0.0,0.06011362450974622
00982A,2026-08-19,2026-08-18,1,1,True,1.0,61,50064000000.0,2314563106.796117,0.0,-0.028394312228090746
00982A,2026-08-20,2026-08-19,1,1,True,1.0,48,49338000000.0,2263211009.1743116,0.0,-0.02218651868727317
00982A,2026-08-21,2026-08-20,1,1,True,1.0,49,49505000000.0,2314399251.98691,0.0,0.022617529963002925
00982A,2026-08-24,2026-08-21,1,3,True,1.0,50,48767000000.0,2276704014.9393086,0.0,-0.016287266345787144
00982A,2026-08-25,2026-08-24,1,1,True,1.0054499554499554,50,48750000000.0,2251732101.616628,0.005449955449955413,-0.010968449635446409
00982A,2026-08-26,2026-08-25,1,1,True,1.0,50,49638000000.0,2236953582.6949077,0.0,-0.006563178146774318
00982A,2026-08-27,2026-08-26,1,1,True,0.9934793127504807,48,50967000000.0,2280402684.5637584,-0.006520687249519264,0.019423336364676302
00982A,2026-08-28,2026-08-27,1,1,True,1.0,48,50922000000.0,2259183673.469388,0.0,-0.009304940411622775
00982A,2026-08-31,2026-08-28,1,3,True,0.9963554000338295,48,51527000000.0,2301339883.8767304,-0.003644599966170503,0.018659930532608726
00982A,2026-09-01,2026-08-31,1,1,True,1.0,48,50928000000.0,2182005141.388175,0.0,-0.0518544624045405
00982A,2026-09-02,2026-09-01,1,1,True,0.9944016868006458,48,52973000000.0,2303173913.0434785,-0.005598313199354221,0.05553092857435571
00982A,2026-09-03,2026-09-02,1,1,True,1.0,48,51736000000.0,2308612226.684516,0.0,0.0023612257894372046
00982A,2026-09-04,2026-09-03,1,1,True,1.0,49,50361000000.0,2193423344.9477353,0.0,-0.04989529224758882
00982A,2026-09-07,2026-09-04,1,3,True,0.9979536152796725,49,51658000000.00001,2233376567.228708,-0.0020463847203274765,0.0182150073185825
00982A,2026-09-08,2026-09-07,1,1,True,0.9982905982905983,49,52069000000.00001,2286736934.5630217,-0.0017094017094017033,0.023892239274510896
00982A,2026-09-09,2026-09-08,1,1,True,1.0,49,50939000000.0,2225382262.996942,0.0,-0.026830664532824344
00982A,2026-09-10,2026-09-09,1,1,True,1.0,49,51292999999.99999,2251668129.9385424,0.0,0.011811843465580951
00982A,2026-09-11,2026-09-10,1,1,True,1.0,49,50758000000.0,2269021010.281627,0.0,0.007706677601533762
00982A,2026-09-14,2026-09-11,1,3,True,1.0,49,49627000000.0,2238475417.2304916,0.0,-0.013462014195868677
00982A,2026-09-15,2026-09-14,1,1,True,1.0,49,49173000000.0,2247394881.170018,0.0,0.003984615542734771
00982A,2026-09-16,2026-09-15,1,1,True,1.0,49,48517000000.0,2187421100.0901713,0.0,-0.026685911578041788
00982A,2026-09-17,2026-09-16,1,1,True,1.0,50,49279000000.0,2224785553.0474043,0.0,0.017081508885368635
00982A,2026-09-18,2026-09-17,1,1,True,1.0,50,49014000000.0,2146911957.9500659,0.0,-0.035002742170215484
00982A,2026-09-21,2026-09-18,1,3,True,1.0,50,50771000000.0,2220953630.7961507,0.0,0.03448752175044101
00982A,2026-09-22,2026-09-21,1,1,True,1.0,49,50890000000.0,2210686359.6872287,0.0,-0.004622911062416635
00982A,2026-09-23,2026-09-22,1,1,True,1.0,50,50970000000.0,2210320901.9947963,0.0,-0.0001653141300804739
00982A,2026-09-24,2026-09-23,1,1,True,1.0,50,50825000000.0,2196413137.424373,0.0,-0.006292192485657377
00982A,2026-09-29,2026-09-24,1,5,True,1.0,50,50625000000.0,2217477003.9421816,0.0,0.009590120437227512
00982A,2026-09-30,2026-09-29,1,1,True,1.0,50,49646000000.0,2151972258.34417,0.0,-0.029540214163014333
00982A,2026-10-01,2026-09-30,1,1,True,1.0,50,50174000000.0,2167343412.526998,0.0,0.007142821717718295
00982A,2026-10-02,2026-10-01,1,1,True,1.0,50,50647000000.0,2128919714.1656158,0.0,-0.017728477240522955
00982A,2026-10-05,2026-10-02,1,3,True,1.0,49,51812000000.0,2100202675.3141465,0.0,-0.013489019177373884
00982A,2026-10-06,2026-10-05,1,1,True,1.0,48,53635000000.0,2172336978.533819,0.0,0.034346353362721516
00982A,2026-10-07,2026-10-06,1,1,True,1.0,48,52942999999.99999,2159176182.707993,0.0,-0.0060583583283237985
00982A,2026-10-08,2026-10-07,1,1,True,1.0,48,52359000000.0,2159134020.6185565,0.0,-1.9526933361935228e-05
00983A,2025-06-11,2025-06-10,1,1,True,1.0,0,,,0.0,
00983A,2025-06-12,2025-06-11,1,1,True,1.0,0,,,0.0,
00983A,2025-06-13,2025-06-12,1,1,True,1.0,0,,,0.0,
00983A,2025-06-16,2025-06-13,1,3,True,2.503081232492997,8,,,1.5030812324929972,
00983A,2025-06-17,2025-06-16,1,1,True,14.44294003868472,15,,,13.44294003868472,
00983A,2025-06-18,2025-06-17,1,1,True,1.5633509488995676,32,497000000.0,49354518.3714002,0.5633509488995676,
00983A,2025-06-19,2025-06-18,1,1,True,1.0,32,496000000.0,48866995.073891625,0.0,-0.009877987134630506
00983A,2025-06-20,2025-06-19,1,1,True,1.0876684860470736,32,773000000.0,76232741.617357,0.08766848604707356,0.5600046923713178
00983A,2025-06-23,2025-06-20,1,3,True,0.9424123210847911,33,773000000.0,76157635.4679803,-0.057587678915208884,-0.0009852216748768017
00983A,2025-06-24,2025-06-23,1,1,True,1.1081267500422458,34,822000000.0000001,79651162.79069768,0.10812675004224581,0.04587231866181307
00983A,2025-06-25,2025-06-24,1,1,True,1.0897277082207992,36,782000000.0,74832535.88516746,0.08972770822079923,-0.060496629762861076
00983A,2025-06-26,2025-06-25,1,1,True,1.0929001947785406,36,869999999.9999999,84302325.58139533,0.09290019477854061,0.12654642241122915
00983A,2025-06-27,2025-06-26,1,1,True,1.0,36,939000000.0,90462427.74566473,0.0,0.07307155670719578
00983A,2025-06-30,2025-06-27,1,3,True,1.0,36,1018000000.0,97978825.79403272,0.0,0.08308861740368445
00983A,2025-07-01,2025-06-30,1,1,True,1.0,37,1021000000.0000001,98647342.9951691,0.0,0.006823078310222996
00983A,2025-07-02,2025-07-01,1,1,True,1.0,37,1055000000.0000001,103634577.60314344,0.0,0.05055619803382405
00983A,2025-07-03,2025-07-02,1,1,True,1.0,38,1027999999.9999999,100390624.99999999,0.0,-0.03130183649289131
00983A,2025-07-04,2025-07-03,1,1,True,1.0,38,1050000000.0,102639296.18768328,0.0,0.0223992149434602
00983A,2025-07-07,2025-07-04,1,3,True,1.0,38,1050000000.0,102539062.5,0.0,-0.0009765625
00983A,2025-07-08,2025-07-07,1,1,True,1.0,38,1050000000.0,102239532.61927946,0.0,-0.0029211295034079487
00983A,2025-07-09,2025-07-08,1,1,True,1.0,38,1035000000.0,100877192.98245615,0.0,-0.01332497911445274
00983A,2025-07-10,2025-07-09,1,1,True,1.0,38,1028999999.9999999,98657718.12080537,0.0,-0.02200175080245126
00983A,2025-07-11,2025-07-10,1,1,True,1.0,38,1046000000.0000001,98772426.81775261,0.0,0.0011626935949073935
00983A,2025-07-14,2025-07-11,1,3,True,1.0,38,1047000000.0000001,99809342.2306959,0.0,0.010498025069856087
00983A,2025-07-15,2025-07-14,1,1,True,1.0,38,1022000000.0000001,94717330.8619092,0.0,-0.05101738229090025
00983A,2025-07-16,2025-07-15,1,1,True,1.0869231290519326,39,1035000000.0,96910112.35955057,0.08692312905193256,0.023150794872358382
00983A,2025-07-17,2025-07-16,1,1,True,1.0,39,1038000000.0000001,94881170.01828155,0.0,-0.020936332564978843
00983A,2025-07-18,2025-07-17,1,1,True,1.187605212295031,39,1157000000.0,103395889.18677391,0.1876052122950309,0.08974087447332035
00983A,2025-07-21,2025-07-18,1,3,True,1.3059547267746432,39,1181000000.0,104420866.489832,0.3059547267746432,0.00991313398549698
00983A,2025-07-22,2025-07-21,1,1,True,1.0735141672425708,39,1407000000.0,127909090.9090909,0.07351416724257076,0.22493803402355494
00983A,2025-07-23,2025-07-22,1,1,True,1.0,39,1853000000.0,169378427.78793418,0.0,0.3242094567642331
00983A,2025-07-24,2025-07-23,1,1,True,1.0,39,1939000000.0,176112624.88646686,0.0,0.03975829263785613
00983A,2025-07-25,2025-07-24,1,1,True,1.0,39,1972000000.0,180255941.49908593,0.0,0.02352651671218986
00983A,2025-07-28,2025-07-25,1,3,True,1.0538530283605108,40,1950000000.0,174574753.80483437,0.05385302836051076,-0.03151733943971202
00983A,2025-07-29,2025-07-28,1,1,True,1.0,40,1975000000.0,176654740.60822898,0.0,0.011914591073804104
00983A,2025-07-30,2025-07-29,1,1,True,1.0552690725717107,40,2054000000.0,186897179.25386715,0.05526907257171065,0.05797998180163777
00983A,2025-07-31,2025-07-30,1,1,True,1.0,40,2036000000.0,181623550.40142727,0.0,-0.028216738601905655
00983A,2025-08-01,2025-07-31,1,1,True,1.0,40,2150000000.0,193519351.93519354,0.0,0.06549702121489198
00983A,2025-08-04,2025-08-01,1,3,True,1.0873783778098014,40,2113000000.0,197292250.2334267,0.0873783778098014,0.01949623260156752
00983A,2025-08-05,2025-08-04,1,1,True,1.0,40,2061000000.0,187023593.4664247,0.0,-0.05204794792929068
00983A,2025-08-06,2025-08-05,1,1,True,1.0,40,2279000000.0,207937956.20437956,0.0,0.11182740289774995
00983A,2025-08-07,2025-08-06,1,1,True,1.0,40,2294000000.0,206666666.6666667,0.0,-0.00611379259909306
00983A,2025-08-08,2025-08-07,1,1,True,1.0,40,2364000000.0,211827956.98924732,0.0,0.024973985431841816
00983A,2025-08-11,2025-08-08,1,3,True,1.0,40,2305000000.0,204706927.1758437,0.0,-0.033617044296778587
00983A,2025-08-12,2025-08-11,1,1,True,1.0,40,2289000000.0,204557640.75067025,0.0,-0.0007292690444480332
00983A,2025-08-13,2025-08-12,1,1,True,1.0,41,2347000000.0,206420404.57343888,0.0,0.009106302829524182
00983A,2025-08-14,2025-08-13,1,1,True,1.0,40,2395000000.0,208987783.59511343,0.0,0.01243762227372791
00983A,2025-08-15,2025-08-14,1,1,True,1.0,40,2385000000.0,208479020.97902098,0.0,-0.002434413185978923
00983A,2025-08-18,2025-08-15,1,3,True,1.0,40,2345000000.0,205701754.3859649,0.0,-0.013321563867740749
00983A,2025-08-19,2025-08-18,1,1,True,1.0,40,2343000000.0,205346187.55477652,0.0,-0.001728555170809165
00983A,2025-08-20,2025-08-19,1,1,True,1.0,40,2347000000.0,212398190.04524887,0.0,0.03434201810340998
00983A,2025-08-21,2025-08-20,1,1,True,1.0,40,2254000000.0,202152466.367713,0.0,-0.04823828148136822
00983A,2025-08-22,2025-08-21,1,1,True,1.0,40,2252000000.0,202882882.8828829,0.0,0.0036131961597800633
00983A,2025-08-25,2025-08-22,1,3,True,1.0,40,2281000000.0,199388111.8881119,0.0,-0.017225558633196303
00983A,2025-08-26,2025-08-25,1,1,True,1.0,40,2345000000.0,205882352.94117647,0.0,0.03257085385666758
00983A,2025-08-27,2025-08-26,1,1,True,1.0,40,2302000000.0,199826388.8888889,0.0,-0.02941468253968249
00983A,2025-08-28,2025-08-27,1,1,True,1.0,40,2327000000.0,203943908.8518843,0.0,0.020605486522027316
00983A,2025-08-29,2025-08-28,1,1,True,1.0,40,2287000000.0,198696785.40399653,0.0,-0.025728267529179005
00983A,2025-09-01,2025-08-29,1,3,True,1.0,40,2333000000.0,204111986.00174978,0.0,0.02725358936604283
00983A,2025-09-02,2025-09-01,1,1,True,1.0,40,2309000000.0,202189141.8563923,0.0,-0.009420535182784406
00983A,2025-09-03,2025-09-02,1,1,True,1.0,39,2309000000.0,202543859.6491228,0.0,0.0017543859649122862
00983A,2025-09-04,2025-09-03,1,1,True,1.0,40,2292000000.0,200000000.0,0.0,-0.012559549588566421
00983A,2025-09-05,2025-09-04,1,1,True,1.0,40,2286000000.0,198955613.5770235,0.0,-0.005221932114882422
00983A,2025-09-08,2025-09-05,1,3,True,1.0,41,2297000000.0,199565595.13466552,0.0,0.003065917802846263
00983A,2025-09-09,2025-09-08,1,1,True,1.0,41,2292000000.0,198958333.33333334,0.0,-0.003042918299230868
00983A,2025-09-10,2025-09-09,1,1,True,1.0,40,2307000000.0,200086730.26886386,0.0,0.0056715238644464705
00983A,2025-09-11,2025-09-10,1,1,True,1.0,40,2302000000.0,201223776.22377622,0.0,0.005682765435691239
00983A,2025-09-12,2025-09-11,1,1,True,1.0,40,2251000000.0,192887746.35818338,0.0,-0.041426664492781096
00983A,2025-09-15,2025-09-12,1,3,True,1.0,40,2311000000.0,197184300.3412969,0.0,0.022274893373138482
00983A,2025-09-16,2025-09-15,1,1,True,1.0,40,2305000000.0,194350758.85328838,0.0,-0.014370015681289483
00983A,2025-09-17,2025-09-16,1,1,True,1.0,40,2339000000.0,195896147.4036851,0.0,0.00795154369097828
00983A,2025-09-18,2025-09-17,1,1,True,1.0,40,2382000000.0,197676348.54771784,0.0,0.009087473988777628
00983A,2025-09-19,2025-09-18,1,1,True,1.0,40,2370000000.0,193469387.75510204,0.0,-0.021282064463064798
00983A,2025-09-22,2025-09-19,1,3,True,1.0610787498485612,40,2444000000.0,197096774.19354838,0.06107874984856121,0.018749149312644597
00983A,2025-09-23,2025-09-22,1,1,True,1.0,40,2526000000.0,204203718.67421183,0.0,0.03605814711956912
00983A,2025-09-24,2025-09-23,1,1,True,1.0,40,2675000000.0,218367346.9387755,0.0,0.06936028568196861
00983A,2025-09-25,2025-09-24,1,1,True,1.0,41,2733000000.0,223649754.5008183,0.0,0.02419046453645768
00983A,2025-09-26,2025-09-25,1,1,True,1.0,41,2725000000.0,227272727.27272728,0.0,0.016199314772311624
00983A,2025-09-30,2025-09-26,1,4,True,1.0,41,2705000000.0,217969379.53263497,0.0,-0.04093473005640613
00983A,2025-10-01,2025-09-30,1,1,True,1.0,41,2734000000.0,221197411.00323626,0.0,0.014809563974181872
00983A,2025-10-02,2025-10-01,1,1,True,1.0,41,2812000000.0,223174603.1746032,0.0,0.008938586407496452
00983A,2025-10-03,2025-10-02,1,1,True,1.0,41,2859000000.0,221972049.68944097,0.0,-0.005388397550869173
00983A,2025-10-07,2025-10-03,1,4,True,1.0,41,2927000000.0,223264683.44774982,0.0,0.005823407767407529
00983A,2025-10-08,2025-10-07,1,1,True,1.0,41,2907000000.0,223271889.40092167,0.0,3.227538301442401e-05
00983A,2025-10-09,2025-10-08,1,1,True,1.0,41,3000000000.0,223880597.01492536,0.0,0.0027263065477565185
00983A,2025-10-13,2025-10-09,1,4,True,1.0,41,3105000000.0,236661585.36585367,0.0,0.05708841463414638
00983A,2025-10-14,2025-10-13,1,1,True,1.0969850717143137,41,3222999999.9999995,251208106.0015588,0.0969850717143137,0.06146549138178781
00983A,2025-10-15,2025-10-14,1,1,True,1.0,41,3263000000.0000005,254325798.90880752,0.0,0.012410797393732853
00983A,2025-10-16,2025-10-15,1,1,True,1.0,41,3435000000.0,265250965.25096527,0.0,0.04295736566652897
00983A,2025-10-17,2025-10-16,1,1,True,1.0,41,3476000000.0,274565560.821485,0.0,0.0351161608844921
00983A,2025-10-20,2025-10-17,1,3,True,1.0,41,3442000000.0,269749216.30094045,0.0,-0.01754169206849643
00983A,2025-10-21,2025-10-20,1,1,True,1.0,41,3472000000.0,266053639.8467433,0.0,-0.013700045193363097
00983A,2025-10-22,2025-10-21,1,1,True,1.0,41,3644000000.0,280092236.74096847,0.0,0.05276603959378989
00983A,2025-10-23,2025-10-22,1,1,True,1.0,41,3613000000.0000005,284264358.77262,0.0,0.014895528987866946
00983A,2025-10-27,2025-10-23,1,4,True,1.0,41,3520000000.0000005,264066016.50412607,0.0,-0.07105478279340105
00983A,2025-10-28,2025-10-27,1,1,True,1.0,41,3628000000.0,274225245.65381706,0.0,0.038472308115165
00983A,2025-10-29,2025-10-28,1,1,True,1.0,41,3711000000.0,279653353.42878675,0.0,0.019794340094500873
00983A,2025-10-30,2025-10-29,1,1,True,1.0,41,3677000000.0000005,276674191.12114376,0.0,-0.010653054115446703
00983A,2025-10-31,2025-10-30,1,1,True,1.0,41,3713000000.0000005,284085692.4254017,0.0,0.02678783038716004
00983A,2025-11-03,2025-10-31,1,3,True,1.0,41,3572999999.9999995,268444778.3621337,0.0,-0.05505702849634064
00983A,2025-11-04,2025-11-03,1,1,True,1.0,41,3704999999.9999995,282178217.8217821,0.0,0.05115927209849436
00983A,2025-11-05,2025-11-04,1,1,True,1.0,41,3697999999.9999995,290494893.9512961,0.0,0.02947313295020737
00983A,2025-11-06,2025-11-05,1,1,True,1.0,41,3535000000.0,275526110.6780982,0.0,-0.0515285589691209
00983A,2025-11-07,2025-11-06,1,1,True,1.0,41,3629000000.0,292661290.32258064,0.0,0.06219076515946531
00983A,2025-11-10,2025-11-07,1,3,True,1.0402752293577981,41,3465000000.0,276978417.2661871,0.04027522935779815,-0.05358711102212188
00983A,2025-11-11,2025-11-10,1,1,True,1.0,41,3621000000.0,289217252.39616615,0.0,0.04418696319654791
00983A,2025-11-12,2025-11-11,1,1,True,1.0,41,3735000000.0,299039231.38510805,0.0,0.03396055701230405
00983A,2025-11-13,2025-11-12,1,1,True,1.0,42,3747000000.0,301448109.4127112,0.0,0.008055391315866967
00983A,2025-11-14,2025-11-13,1,1,True,1.0,42,3721000000.0,312952060.5550883,0.0,0.03816229322117626
00983A,2025-11-17,2025-11-14,1,3,True,1.0,42,3547000000.0,298067226.8907563,0.0,-0.04756266387232122
00983A,2025-11-18,2025-11-17,1,1,True,1.0,41,3675000000.0,319010416.6666667,0.0,0.07026330936942027
00983A,2025-11-19,2025-11-18,1,1,True,1.0,41,3661000000.0,318902439.0243902,0.0,-0.00033847685415644424
00983A,2025-11-20,2025-11-19,1,1,True,1.0,41,3657000000.0,309129332.20625526,0.0,-0.030646071093195726
00983A,2025-11-21,2025-11-20,1,1,True,1.0,41,3679999999.9999995,327693677.649154,0.0,0.06005365233510873
00983A,2025-11-24,2025-11-21,1,3,True,1.0,41,3565000000.0,310269799.8259356,0.0,-0.05317123585726702
00983A,2025-11-25,2025-11-24,1,1,True,1.0,40,3649000000.0,309499575.91178966,0.0,-0.002482432755550379
00983A,2025-11-26,2025-11-25,1,1,True,1.0,40,3804000000.0,319127516.7785235,0.0,0.031108090660123988
00983A,2025-11-27,2025-11-26,1,1,True,1.0,40,3845000000.0000005,318822553.8971808,0.0,-0.0009556144967416413
00983A,2025-11-28,2025-11-27,1,1,True,1.0,40,3896000000.0,321717588.7696119,0.0,0.00908039546463435
00983A,2025-12-01,2025-11-28,1,3,True,1.0,40,3896000000.0,324396336.38634473,0.0,0.008326394671107407
00983A,2025-12-02,2025-12-01,1,1,True,1.0,39,3943000000.0,329131886.4774624,0.0,0.014598038140226643
00983A,2025-12-03,2025-12-02,1,1,True,1.0,39,3849000000.0,318625827.81456953,0.0,-0.03192051300569532
00983A,2025-12-04,2025-12-03,1,1,True,1.0,39,3870000000.0000005,317473338.802297,0.0,-0.003617060864705701
00983A,2025-12-05,2025-12-04,1,1,True,1.0,40,3922000000.0,315526950.92518103,0.0,-0.006130870341613304
00983A,2025-12-08,2025-12-05,1,3,True,1.0,40,3979999999.9999995,322006472.4919094,0.0,0.020535556622752082
00983A,2025-12-09,2025-12-08,1,1,True,1.0,40,3924000000.0,318248175.18248177,0.0,-0.011671496166966167
00983A,2025-12-10,2025-12-09,1,1,True,1.0,40,3915999999.9999995,316316639.7415185,0.0,-0.006069274206696562
00983A,2025-12-11,2025-12-10,1,1,True,1.0,40,3938000000.0000005,320684039.08794796,0.0,0.013807049006332228
00983A,2025-12-12,2025-12-11,1,1,True,1.0,39,3952000000.0000005,320779220.7792208,0.0,0.0002968083211860595
00983A,2025-12-15,2025-12-12,1,3,True,1.0,39,3909000000.0000005,321199671.32292527,0.0,0.0013107162698478003
00983A,2025-12-16,2025-12-15,1,1,True,1.0,39,3815000000.0,318181818.1818182,0.0,-0.009395567338775446
00983A,2025-12-17,2025-12-16,1,1,True,1.0,38,3793000000.0,311156685.80803937,0.0,-0.022078987460447674
00983A,2025-12-18,2025-12-17,1,1,True,1.0,37,3847999999.9999995,322008368.2008368,0.0,0.034875298805220334
00983A,2025-12-19,2025-12-18,1,1,True,1.0,37,3726000000.0,309468438.538206,0.0,-0.0389428688847292
00983A,2025-12-22,2025-12-19,1,3,True,1.0,37,3782000000.0,307980456.0260587,0.0,-0.004808188257180213
00983A,2025-12-23,2025-12-22,1,1,True,1.0,37,3835000000.0,310526315.7894737,0.0,0.008266302986445373
00983A,2025-12-24,2025-12-23,1,1,True,1.0,37,3865000000.0,316284779.0507365,0.0,0.018544203722710595
00983A,2025-12-26,2025-12-24,1,2,True,1.0,37,3846000000.0,314215686.2745098,0.0,-0.006541866423154019
00983A,2025-12-29,2025-12-26,1,3,True,1.0,37,3840999999.9999995,316914191.4191419,0.0,0.00858806629492892
00983A,2025-12-30,2025-12-29,1,1,True,1.0,37,3804999999.9999995,317612687.81302166,0.0,0.0022040552704563066
00983A,2025-12-31,2025-12-30,1,1,True,1.0,37,3758000000.0,316329966.3299663,0.0,-0.004038634262024443
00983A,2026-01-02,2025-12-31,1,2,True,1.0,37,3718000000.0,313226621.7354676,0.0,-0.009810466679788354
00983A,2026-01-05,2026-01-02,1,3,True,1.0,37,3679999999.9999995,308724832.2147651,0.0,-0.014372308125535027
00983A,2026-01-06,2026-01-05,1,1,True,1.0,37,3706000000.0,300324149.10858995,0.0,-0.027210908322175986
00983A,2026-01-07,2026-01-06,1,1,True,1.0,39,3864000000.0,312621359.223301,0.0,0.04094645785632345
00983A,2026-01-08,2026-01-07,1,1,True,1.0,39,3835000000.0,311030008.11030006,0.0,-0.00509034672792219
00983A,2026-01-09,2026-01-08,1,1,True,1.0,39,3759000000.0000005,306107491.8566776,0.0,-0.015826499454280385
00983A,2026-01-12,2026-01-09,1,3,True,1.0,39,3694000000.0,302786885.24590164,0.0,-0.010847844953532526
00983A,2026-01-13,2026-01-12,1,1,True,1.0,39,3681000000.0,295900321.5434084,0.0,-0.02274392993243579
00983A,2026-01-14,2026-01-13,1,1,True,1.0,39,3722999999.9999995,295710881.6521048,0.0,-0.0006402152262474647
00983A,2026-01-15,2026-01-14,1,1,True,1.0,39,3719000000.0,297996794.8717949,0.0,0.0077302303077888546
00983A,2026-01-16,2026-01-15,1,1,True,1.0,39,3665999999.9999995,294694533.76205784,0.0,-0.011081532306942199
00983A,2026-01-19,2026-01-16,1,3,True,1.0,39,3613000000.0000005,297366255.14403296,0.0,0.009066070374187163
00983A,2026-01-20,2026-01-19,1,1,True,1.0,38,3564000000.0,292610837.43842363,0.0,-0.01599178663801637
00983A,2026-01-21,2026-01-20,1,1,True,1.0,38,3564000000.0,294789081.8858561,0.0,0.007444168734491496
00983A,2026-01-22,2026-01-21,1,1,True,1.0,38,3460000000.0,285008237.2322899,0.0,-0.03317912790729938
00983A,2026-01-23,2026-01-22,1,1,True,1.0,38,3490000000.0,283970707.89259565,0.0,-0.0036403486080601732
00983A,2026-01-26,2026-01-23,1,3,True,1.0,39,3525000000.0,293017456.35910225,0.0,0.03185803399809917
00983A,2026-01-27,2026-01-26,1,1,True,1.0,39,3435000000.0,283649876.13542527,0.0,-0.03196935889101671
00983A,2026-01-28,2026-01-27,1,1,True,1.0,39,3415999999.9999995,284193011.6472545,0.0,0.0019148096210341858
00983A,2026-01-29,2026-01-28,1,1,True,1.0,39,3396000000.0,285138539.04282117,0.0,0.0033270606834634453
00983A,2026-01-30,2026-01-29,1,1,True,1.0,39,3333000000.0,284871794.8717949,0.0,-0.0009354897164084441
00983A,2026-02-02,2026-01-30,1,3,True,1.0,39,3285000000.0,292520035.618878,0.0,0.0268480098232442
00983A,2026-02-03,2026-02-02,1,1,True,1.0,39,3197000000.0,276079447.3229706,0.0,-0.05620328966911414
00983A,2026-02-04,2026-02-03,1,1,True,1.0,40,3207000000.0,285066666.6666667,0.0,0.03255301845480152
00983A,2026-02-05,2026-02-04,1,1,True,1.0,41,3231000000.0,299721706.864564,0.0,0.05140916814042562
00983A,2026-02-06,2026-02-05,1,1,True,1.0,39,3080000000.0,300487804.8780488,0.0,0.0025560311313419515
00983A,2026-02-09,2026-02-06,1,3,True,1.0,39,3027000000.0,279243542.4354244,0.0,-0.07069925001198052
00983A,2026-02-10,2026-02-09,1,1,True,1.0,39,3229999999.9999995,293903548.6806187,0.0,0.052498998248399875
00983A,2026-02-11,2026-02-10,1,1,True,1.0,39,3311000000.0,302374429.22374433,0.0,0.02882197435571232
00983A,2026-02-23,2026-02-11,1,12,True,1.0,39,3263000000.0000005,304100652.3765145,0.0,0.005708892637521279
00983A,2026-02-24,2026-02-23,1,1,True,1.0,39,3263000000.0000005,305238540.69223577,0.0,0.00374181478016844
00983A,2026-02-25,2026-02-24,1,1,True,1.0,38,3220000000.0000005,299256505.57620823,0.0,-0.019597902356829455
00983A,2026-02-26,2026-02-25,1,1,True,1.0,38,3279000000.0,301378676.4705882,0.0,0.007091477895505793
00983A,2026-03-02,2026-02-26,1,4,True,1.0,40,3318000000.0,308651162.7906977,0.0,0.024130726185663587
00983A,2026-03-03,2026-03-02,1,1,True,1.0,39,3334000000.0000005,305032021.95791405,0.0,-0.011725667255100714
00983A,2026-03-04,2026-03-03,1,1,True,1.0,38,3350000000.0,312500000.0,0.0,0.024482603479303977
00983A,2026-03-05,2026-03-04,1,1,True,1.0,38,3275000000.0,295844625.1129178,0.0,-0.053297199638663084
00983A,2026-03-06,2026-03-05,1,1,True,1.0,38,3345000000.0000005,301895306.85920584,0.0,0.020452228070659162
00983A,2026-03-09,2026-03-06,1,3,True,1.0,39,3320000000.0000005,313207547.16981137,0.0,0.03747073920523447
00983A,2026-03-10,2026-03-09,1,1,True,1.0,39,3249000000.0,291651705.5655296,0.0,-0.06882286777270685
00983A,2026-03-11,2026-03-10,1,1,True,1.0,39,3327000000.0000005,300000000.00000006,0.0,0.0286241920590955
00983A,2026-03-12,2026-03-11,1,1,True,1.0,39,3245000000.0000005,297433547.20439965,0.0,-0.008554842652001349
00983A,2026-03-13,2026-03-12,1,1,True,1.0,39,3231000000.0,298889916.74375576,0.0,0.004896453520608635
00983A,2026-03-16,2026-03-13,1,3,True,1.0,39,3143000000.0,290749306.19796485,0.0,-0.027236149798823828
00983A,2026-03-17,2026-03-16,1,1,True,1.0,39,3124000000.0,287396504.1398344,0.0,-0.011531590915809797
00983A,2026-03-18,2026-03-17,1,1,True,1.0,39,3196000000.0,288969258.58951175,0.0,0.005472420252238486
00983A,2026-03-19,2026-03-18,1,1,True,1.0,38,3221000000.0,296593001.8416206,0.0,0.02638254079109026
00983A,2026-03-20,2026-03-19,1,1,True,1.0,38,3148000000.0,289871086.55616945,0.0,-0.022663769015833557
00983A,2026-03-23,2026-03-20,1,3,True,1.0,38,3154000000.0,300954198.47328246,0.0,0.038234623703890414
00983A,2026-03-24,2026-03-23,1,1,True,1.0,38,3066000000.0,286542056.0747664,0.0,-0.04788815863552576
00983A,2026-03-25,2026-03-24,1,1,True,1.0,38,3156000000.0,294402985.07462686,0.0,0.027433770482226727
00983A,2026-03-26,2026-03-25,1,1,True,1.0,37,3057000000.0,285700934.5794393,0.0,-0.029558295725098493
00983A,2026-03-27,2026-03-26,1,1,True,1.0,38,3084000000.0,295685522.5311601,0.0,0.034947690900691164
00983A,2026-03-30,2026-03-27,1,3,True,1.0,38,2959000000.0,295309381.237525,0.0,-0.001272099122118786
00983A,2026-03-31,2026-03-30,1,1,True,1.0,37,2854000000.0,287701612.9032258,0.0,-0.025762027275997967
00983A,2026-04-01,2026-03-31,1,1,True,1.0,37,2822000000.0,271346153.84615386,0.0,-0.056848687402296205
00983A,2026-04-02,2026-04-01,1,1,True,1.0,37,2991000000.0,291804878.0487805,0.0,0.07539714093101235
00983A,2026-04-07,2026-04-02,1,5,True,1.0,37,3028000000.0,290316395.0143816,0.0,-0.005100953227211269
00983A,2026-04-08,2026-04-07,1,1,True,1.0,36,3034000000.0,278093492.2089826,0.0,-0.04210200669098796
00983A,2026-04-09,2026-04-08,1,1,True,1.0,36,3044000000.0,283955223.880597,0.0,0.02107827703932541
00983A,2026-04-10,2026-04-09,1,1,True,1.0,36,3098000000.0,293371212.1212121,0.0,0.03316011627443971
00983A,2026-04-13,2026-04-10,1,3,True,1.0,37,3043000000.0,291196172.24880385,0.0,-0.007413951275865527
00983A,2026-04-14,2026-04-13,1,1,True,1.0,37,3047000000.0,280312787.4885005,0.0,-0.03737475213446284
00983A,2026-04-15,2026-04-14,1,1,True,1.0,37,3132000000.0,280393912.2649955,0.0,0.0002894080474240557
00983A,2026-04-16,2026-04-15,1,1,True,1.0,37,3207000000.0,277422145.32871974,0.0,-0.01059854300070262
00983A,2026-04-17,2026-04-16,1,1,True,1.0,37,3272999999.9999995,285353095.0305143,0.0,0.02858801950506562
00983A,2026-04-20,2026-04-17,1,3,True,1.0,37,3254000000.0,281001727.11571676,0.0,-0.015249065072633017
00983A,2026-04-21,2026-04-20,1,1,True,1.0,38,3309000000.0000005,282578992.3142613,0.0,0.005613008911845796
00983A,2026-04-22,2026-04-21,1,1,True,1.0,38,3290000000.0,282646048.1099656,0.0,0.00023729929516402848
00983A,2026-04-23,2026-04-22,1,1,True,1.0,38,3141000000.0,269845360.82474226,0.0,-0.04528875379939212
00983A,2026-04-24,2026-04-23,1,1,True,1.0,38,3198000000.0,278571428.57142854,0.0,0.03233729021694631
00983A,2026-04-27,2026-04-24,1,3,True,1.0,38,2999000000.0,261464690.49694854,0.0,-0.06140880334428722
00983A,2026-04-28,2026-04-27,1,1,True,1.0,37,3006000000.0,262762237.7622378,0.0,0.004962609914260563
00983A,2026-04-29,2026-04-28,1,1,True,1.0,37,2973000000.0,263097345.13274336,0.0,0.001275325455283971
00983A,2026-04-30,2026-04-29,1,1,True,1.0,36,2912000000.0,263768115.942029,0.0,0.002549515689514781
00983A,2026-05-04,2026-04-30,1,4,True,1.0,36,2769000000.0,236666666.6666667,0.0,-0.10274725274725272
00983A,2026-05-05,2026-05-04,1,1,True,1.0,38,2860000000.0,242784380.30560273,0.0,0.025849494249025495
00983A,2026-05-06,2026-05-05,1,1,True,1.0,38,2931000000.0,253986135.18197575,0.0,0.04613869665862724
00983A,2026-05-07,2026-05-06,1,1,True,1.0,38,2779000000.0,235109983.07952622,0.0,-0.07431961626143557
00983A,2026-05-08,2026-05-07,1,1,True,1.0,38,2896000000.0,248157669.23736075,0.0,0.055496095856640615
00983A,2026-05-11,2026-05-08,1,3,True,1.0,38,2793000000.0,237500000.0,0.0,-0.04294716850828728
00983A,2026-05-12,2026-05-11,1,1,True,1.0,37,2764000000.0,233052276.55986512,0.0,-0.018727256590041597
00983A,2026-05-13,2026-05-12,1,1,True,1.0,37,2821000000.0,239270568.27820188,0.0,0.026681960846408836
00983A,2026-05-14,2026-05-13,1,1,True,1.0,36,2737000000.0,233731853.116994,0.0,-0.023148334544714988
00983A,2026-05-15,2026-05-14,1,1,True,1.0,36,2676000000.0,230888697.15271786,0.0,-0.012164178422240934
00983A,2026-05-18,2026-05-15,1,3,True,1.0,36,2634000000.0,233717834.960071,0.0,0.012253253806884468
00983A,2026-05-19,2026-05-18,1,1,True,1.0,35,2496000000.0,222857142.85714287,0.0,-0.04646924829157173
00983A,2026-05-20,2026-05-19,1,1,True,1.0,35,2455000000.0,219392314.56657732,0.0,-0.015547306432024954
00983A,2026-05-21,2026-05-20,1,1,True,1.0,35,2444000000.0,212706701.47954744,0.0,-0.030473324009720693
00983A,2026-05-22,2026-05-21,1,1,True,1.0,35,2525000000.0,217860224.3313201,0.0,0.024228305060093325
00983A,2026-05-25,2026-05-22,1,3,True,1.0,35,2524000000.0,215911035.07271174,0.0,-0.008946971686047966
00983A,2026-05-26,2026-05-25,1,1,True,1.0,35,2505000000.0,215576592.08261618,0.0,-0.0015489851641113939
00983A,2026-05-27,2026-05-26,1,1,True,1.0,36,2505000000.0,215762273.9018088,0.0,0.0008613264427217437
00983A,2026-05-28,2026-05-27,1,1,True,1.0,36,2511000000.0,217214532.87197232,0.0,0.006730828999440552
00983A,2026-05-29,2026-05-28,1,1,True,1.0,37,2489000000.0,206043046.3576159,0.0,-0.05143065874391095
00983A,2026-06-01,2026-05-29,1,3,True,0.9479739721975747,37,2555000000.0,208061889.25081435,-0.05202602780242527,0.009798160767311215
00983A,2026-06-02,2026-06-01,1,1,True,1.0,37,2542000000.0,209735973.59735975,0.0,0.008046088366175042
00983A,2026-06-03,2026-06-02,1,1,True,1.0,38,2399000000.0,200250417.36227044,0.0,-0.045226176856523304
00983A,2026-06-04,2026-06-03,1,1,True,1.0,38,2370000000.0,200677392.0406435,0.0,0.0021322036877486905
00983A,2026-06-05,2026-06-04,1,1,True,1.0,38,2315000000.0,194701429.7729184,0.0,-0.029778951215963523
00983A,2026-06-08,2026-06-05,1,3,True,1.0,38,2342000000.0,206343612.33480176,0.0,0.059795054281120086
00983A,2026-06-09,2026-06-08,1,1,True,1.0,38,2156000000.0,187641427.3281114,0.0,-0.0906361228974959
00983A,2026-06-10,2026-06-09,1,1,True,1.0,38,2196000000.0,195026642.9840142,0.0,0.039358129817404164
00983A,2026-06-11,2026-06-10,1,1,True,1.0,36,2171000000.0,196648550.7246377,0.0,0.008316339325783462
00983A,2026-06-12,2026-06-11,1,1,True,1.0,36,2112000000.0,186079295.15418503,0.0,-0.05374692837300665
00983A,2026-06-15,2026-06-12,1,3,True,1.0,37,2129000000.0,181655290.10238907,0.0,-0.023774837754680034
00983A,2026-06-16,2026-06-15,1,1,True,1.0,39,2062000000.0,172696817.42043552,0.0,-0.049315781978626405
00983A,2026-06-17,2026-06-16,1,1,True,0.9113319996665833,39,2122000000.0,178619528.61952862,-0.08866800033341671,0.034295427602895945
00983A,2026-06-18,2026-06-17,1,1,True,1.0,37,2088000000.0,175167785.23489934,0.0,-0.01932455768586039
00983A,2026-06-22,2026-06-18,1,4,True,0.9605473868103072,37,1917000000.0000002,159087136.9294606,-0.03945261318969284,-0.09180140220346267
00983A,2026-06-23,2026-06-22,1,1,True,1.0,38,1900000000.0,161153519.9321459,0.0,0.012989001138423495
00983A,2026-06-24,2026-06-23,1,1,True,1.0,38,1780999999.9999998,151574468.08510637,0.0,-0.059440537513997915
00983A,2026-06-25,2026-06-24,1,1,True,1.0,40,1677000000.0,140806045.34005037,0.0,-0.07104377723436728
00983A,2026-06-26,2026-06-25,1,1,True,1.0,40,1668000000.0,142320819.11262798,0.0,0.010757874556588831
00983A,2026-06-29,2026-06-26,1,3,True,0.9338626042176346,40,1657000000.0,137624584.71760798,-0.06613739578236544,-0.03299752224798236
00983A,2026-06-30,2026-06-29,1,1,True,1.0,40,1643000000.0,133144246.35332254,0.0,-0.032554782079660005
00983A,2026-07-01,2026-06-30,1,1,True,1.0,40,1593000000.0,128987854.25101215,0.0,-0.03121721152922108
00983A,2026-07-02,2026-07-01,1,1,True,1.0,40,1574000000.0,126527331.18971062,0.0,-0.019075618209085876
00983A,2026-07-03,2026-07-02,1,1,True,1.0,40,1537000000.0,123652453.74094932,0.0,-0.022721394830108377
00983A,2026-07-06,2026-07-03,1,3,True,0.8651478963806725,39,1511000000.0,121170809.94386527,-0.13485210361932753,-0.02006950709027633
00983A,2026-07-07,2026-07-06,1,1,True,1.0,37,1511000000.0,120590582.6017558,0.0,-0.004788507581803492
00983A,2026-07-08,2026-07-07,1,1,True,1.0,37,1395000000.0,113047001.62074554,0.0,-0.06255530753941663
00983A,2026-07-09,2026-07-08,1,1,True,1.0,37,1331000000.0,108741830.06535947,0.0,-0.038083022934382815
00983A,2026-07-13,2026-07-09,1,4,True,1.0,37,1298000000.0,107361455.74855253,0.0,-0.012694050817217861
00983A,2026-07-14,2026-07-13,1,1,True,1.0,37,1330000000.0,110465116.27906978,0.0,0.02890851757623536
00983A,2026-07-15,2026-07-14,1,1,True,1.0,37,1267000000.0,103852459.01639345,0.0,-0.05986194995685934
00983A,2026-07-16,2026-07-15,1,1,True,1.0,37,1278000000.0,104926108.37438424,0.0,0.010338217969603436
00983A,2026-07-17,2026-07-16,1,1,True,1.0,37,1255000000.0,107725321.88841201,0.0,0.0266779503919079
00983A,2026-07-20,2026-07-17,1,3,True,1.0,36,1207000000.0,103605150.21459228,0.0,-0.03824701195219116
00983A,2026-07-21,2026-07-20,1,1,True,1.0,37,1181000000.0,101898188.09318379,0.0,-0.016475649307712503
00983A,2026-07-22,2026-07-21,1,1,True,1.0,38,1146000000.0,96954314.72081219,0.0,-0.048517775093807614
00983A,2026-07-23,2026-07-22,1,1,True,1.0,40,1188000000.0,102679343.12878133,0.0,0.05904872232303249
00983A,2026-07-24,2026-07-23,1,1,True,1.0,40,1160000000.0,102112676.05633803,0.0,-0.00551880305401431
00983A,2026-07-27,2026-07-24,1,3,True,1.0,41,1123000000.0,99117387.46690203,0.0,-0.029333171013786963
00983A,2026-07-28,2026-07-27,1,1,True,1.0,41,1103000000.0,99728752.26039782,0.0,0.006168088254948634
00983A,2026-07-29,2026-07-28,1,1,True,1.0,41,1112000000.0,100270513.97655545,0.0,0.005432352294381992
00983A,2026-07-30,2026-07-29,1,1,True,1.0,42,1116000000.0,102197802.1978022,0.0,0.019220887026642597
00983A,2026-07-31,2026-07-30,1,1,True,1.0,42,1093000000.0,96130167.10642041,0.0,-0.0593714831522304
00983A,2026-08-03,2026-07-31,1,3,True,1.0,42,1129000000.0,101164874.55197133,0.0,0.052373855128923896
00983A,2026-08-04,2026-08-03,1,1,True,1.0,42,1102000000.0,97178130.51146385,0.0,-0.03940838218960452
00983A,2026-08-05,2026-08-04,1,1,True,1.0,42,1125000000.0,97656250.0,0.0,0.004920031760435428
00983A,2026-08-06,2026-08-05,1,1,True,1.0,42,1154000000.0,99397071.49009475,0.0,0.017826012058570262
00983A,2026-08-07,2026-08-06,1,1,True,1.0,42,1146000000.0,99392888.11795317,0.0,-4.20874788248371e-05
00983A,2026-08-10,2026-08-07,1,3,True,1.0,42,1134000000.0,94974874.3718593,0.0,-0.04444999868452204
00983A,2026-08-11,2026-08-10,1,1,True,1.0,42,1179000000.0,97197032.15169002,0.0,0.023397322655360542
00983A,2026-08-12,2026-08-11,1,1,True,1.0,43,1191000000.0,98348472.33691165,0.0,0.011846454153298103
00983A,2026-08-13,2026-08-12,1,1,True,1.0,43,1181000000.0,97684036.39371382,0.0,-0.006755935576931771
00983A,2026-08-14,2026-08-13,1,1,True,1.0,43,1181000000.0,97041906.32703368,0.0,-0.006573541495480839
00983A,2026-08-17,2026-08-14,1,3,True,1.0,43,1177000000.0,98165137.6146789,0.0,0.011574703446775914
00983A,2026-08-18,2026-08-17,1,1,True,1.0,43,1154000000.0,96812080.53691275,0.0,-0.013783478642664493
00983A,2026-08-19,2026-08-18,1,1,True,1.0,43,1152000000.0,98461538.46153846,0.0,0.01703772830289285
00983A,2026-08-20,2026-08-19,1,1,True,1.0,42,1126000000.0,91321978.9132198,0.0,-0.07251115166261146
00983A,2026-08-21,2026-08-20,1,1,True,1.0,42,1182000000.0,95941558.44155844,0.0,0.05058562662914334
00983A,2026-08-24,2026-08-21,1,3,True,1.0,42,1183000000.0,93740095.08716324,0.0,-0.022945878617723237
00983A,2026-08-25,2026-08-24,1,1,True,1.0,42,1217000000.0,97437950.36028823,0.0,0.039447957351510965
00983A,2026-08-26,2026-08-25,1,1,True,1.0,42,1136000000.0,89378442.17151849,0.0,-0.08271426234817925
00983A,2026-08-27,2026-08-26,1,1,True,1.0,42,1166000000.0,92319873.31749801,0.0,0.03290985023362647
00983A,2026-08-28,2026-08-27,1,1,True,1.0,42,1130000000.0,88697017.26844583,0.0,-0.03924242873029937
00983A,2026-08-31,2026-08-28,1,3,True,1.0,42,1119000000.0,90533980.58252427,0.0,0.020710542142795774
00983A,2026-09-01,2026-08-31,1,1,True,1.0,42,1080000000.0,86816720.25723474,0.0,-0.041059282949578724
00983A,2026-09-02,2026-09-01,1,1,True,1.0,42,1067000000.0,87818930.04115225,0.0,0.011543971955494392
00983A,2026-09-03,2026-09-02,1,1,True,1.0,42,1030000000.0000001,84357084.35708436,0.0,-0.039420267161597855
00983A,2026-09-04,2026-09-03,1,1,True,1.0,42,1024000000.0,80313725.49019608,0.0,-0.047931467732724276
00983A,2026-09-07,2026-09-04,1,3,True,1.0,42,1066000000.0,84940239.0438247,0.0,0.0576055154382471
00983A,2026-09-08,2026-09-07,1,1,True,1.0,42,1027000000.0,81963288.1085395,0.0,-0.035047593093648466
00983A,2026-09-09,2026-09-08,1,1,True,1.0,42,1027000000.0,82755842.06285253,0.0,0.009669621273166618
00983A,2026-09-10,2026-09-09,1,1,True,1.0,42,1017000000.0,83360655.73770492,0.0,0.007308410618225958
00983A,2026-09-11,2026-09-10,1,1,True,1.0,42,998000000.0,82547559.9669148,0.0,-0.009753951232683744
00983A,2026-09-14,2026-09-11,1,3,True,1.0,42,978999999.9999999,81379883.62427264,0.0,-0.014145497978500732
00983A,2026-09-15,2026-09-14,1,1,True,1.0,41,991000000.0,80177993.5275081,0.0,-0.014768884437259988
00983A,2026-09-16,2026-09-15,1,1,True,1.0,41,1011000000.0,82061688.3116883,0.0,0.023493912747192036
00983A,2026-09-17,2026-09-16,1,1,True,1.0,41,973000000.0,78531073.44632769,0.0,-0.04302391210805423
00983A,2026-09-18,2026-09-17,1,1,True,1.0,41,976000000.0,76131045.24180967,0.0,-0.03056151023019349
00983A,2026-09-21,2026-09-18,1,3,True,1.0,41,1019999999.9999999,77922077.92207791,0.0,0.023525654673195673
00983A,2026-09-22,2026-09-21,1,1,True,1.0,41,1019999999.9999999,76691729.32330826,0.0,-0.015789473684210464
00983A,2026-09-23,2026-09-22,1,1,True,1.0,40,1013000000.0000001,75315985.13011153,0.0,-0.017938625264231844
00983A,2026-09-24,2026-09-23,1,1,True,1.0,41,1019000000.0,77080181.54311648,0.0,0.023423930656383485
00983A,2026-09-29,2026-09-24,1,5,True,1.0,41,1000000000.0,75757575.75757577,0.0,-0.017158830701519356
00983A,2026-09-30,2026-09-29,1,1,True,1.0,41,1026000000.0,77142857.14285713,0.0,0.018285714285714016
00983A,2026-10-01,2026-09-30,1,1,True,1.0,41,981000000.0,73099850.96870343,0.0,-0.05240933929458502
00983A,2026-10-02,2026-10-01,1,1,True,1.0,41,975000000.0,73529411.76470588,0.0,0.005876356658871318
00983A,2026-10-05,2026-10-02,1,3,True,1.0,41,964000000.0,72209737.82771535,0.0,-0.017947565543071198
00983A,2026-10-06,2026-10-05,1,1,True,1.0,41,977999999.9999999,71127272.72727272,0.0,-0.014990569596378789
00983A,2026-10-07,2026-10-06,1,1,True,1.0,42,992000000.0,74530428.24943651,0.0,0.047846000439419445
00984A,2025-07-14,2025-07-11,1,3,True,1.0,102,1125000000.0,112951807.22891565,0.0,
00984A,2025-07-15,2025-07-14,1,1,True,1.108695652173913,111,1251000000.0,125350701.40280561,0.10869565217391308,0.10977154308617254
00984A,2025-07-16,2025-07-15,1,1,True,1.0,118,1289000000.0,129029029.02902903,0.0,0.02934429233390068
00984A,2025-07-17,2025-07-16,1,1,True,1.0826023391812867,118,1294000000.0,128500496.52432969,0.08260233918128668,-0.0040962294196635884
00984A,2025-07-18,2025-07-17,1,1,True,1.0926880488736157,118,1426000000.0,141608738.82820258,0.0926880488736157,0.10200927357032463
00984A,2025-07-21,2025-07-18,1,3,True,1.0,118,1546000000.0,153069306.93069306,0.0,0.0809312207518087
00984A,2025-07-22,2025-07-21,1,1,True,1.0,118,1549000000.0,155366098.29488465,0.0,0.015004911240837693
00984A,2025-07-23,2025-07-22,1,1,True,1.0,118,1523000000.0,151391650.09940356,0.0,-0.025581180444768536
00984A,2025-07-24,2025-07-23,1,1,True,1.0,118,1545000000.0,152970297.02970296,0.0,0.010427569349187094
00984A,2025-07-25,2025-07-24,1,1,True,1.0,118,1549000000.0,153214638.97131553,0.0,0.0015973162526128348
00984A,2025-07-28,2025-07-25,1,3,True,1.0,118,1549000000.0,153063241.10671937,0.0,-0.0009881422924901129
00984A,2025-07-29,2025-07-28,1,1,True,1.0666263115415657,118,1551000000.0,154174950.29821074,0.06662631154156573,0.007263071025108259
00984A,2025-07-30,2025-07-29,1,1,True,1.0,119,1648999999.9999998,163591269.84126982,0.0,0.06107554777767521
00984A,2025-07-31,2025-07-30,1,1,True,1.0,119,1666000000.0,165606361.82902583,0.0,0.012317845504293823
00984A,2025-08-01,2025-07-31,1,1,True,0.8181818181818182,119,1661000000.0,164618434.09316155,-0.18181818181818177,-0.0059655180208851855
00984A,2025-08-04,2025-08-01,1,3,True,1.0,148,1670000000.0,165182987.14144412,0.0,0.003429464333035037
00984A,2025-08-05,2025-08-04,1,1,True,1.0,157,1671000000.0,164145383.10412574,0.0,-0.006281543004364565
00984A,2025-08-06,2025-08-05,1,1,True,1.0169491525423728,119,1684000000.0,165422396.85658154,0.016949152542372836,0.007779772591262724
00984A,2025-08-07,2025-08-06,1,1,True,1.0,118,1679000000.0,164769381.74681062,0.0,-0.0039475616493277466
00984A,2025-08-08,2025-08-07,1,1,True,1.0,119,1685000000.0000002,165358194.30814528,0.0,0.003573555687909735
00984A,2025-08-11,2025-08-08,1,3,True,1.0,119,1687000000.0,165880039.33136678,0.0,0.003155846164170306
00984A,2025-08-12,2025-08-11,1,1,True,1.0,119,1688000000.0,165978367.74827924,0.0,0.0005927682276227753
00984A,2025-08-13,2025-08-12,1,1,True,1.0,119,1686000000.0,164648437.5,0.0,-0.00801267217120849
00984A,2025-08-14,2025-08-13,1,1,True,1.0067114093959733,119,1692000000.0000002,163953488.37209305,0.006711409395973256,-0.004220806091202345
00984A,2025-08-15,2025-08-14,1,1,True,1.0509554140127388,119,1719000000.0000002,166731328.80698353,0.05095541401273884,0.0169428565532328
00984A,2025-08-18,2025-08-15,1,3,True,1.0,122,1794000000.0000002,174005819.59262854,0.0,0.04363001745200701
00984A,2025-08-19,2025-08-18,1,1,True,1.0,122,1797000000.0,175488281.25,0.0,0.008519609636287395
00984A,2025-08-20,2025-08-19,1,1,True,1.0,122,1791000000.0,177678571.42857143,0.0,0.01248111932586049
00984A,2025-08-21,2025-08-20,1,1,True,1.0095238095238095,121,1763000000.0,172843137.25490198,0.00952380952380949,-0.027214503892008968
00984A,2025-08-22,2025-08-21,1,1,True,1.0,121,1814000000.0,178192534.3811395,0.0,0.030949433175055274
00984A,2025-08-25,2025-08-22,1,3,True,1.0,121,1807000000.0,176464843.75,0.0,-0.009695639815325285
00984A,2025-08-26,2025-08-25,1,1,True,1.0,121,1823999999.9999998,178124999.99999997,0.0,0.009407858328721375
00984A,2025-08-27,2025-08-26,1,1,True,1.0,122,1819000000.0000002,176430649.8545102,0.0,-0.00951214116766197
00984A,2025-08-28,2025-08-27,1,1,True,1.0,121,1836000000.0,178252427.184466,0.0,0.010325741765719876
00984A,2025-08-29,2025-08-28,1,1,True,1.0,121,1835000000.0000002,177810077.51937985,0.0,-0.0024815912583808775
00984A,2025-09-01,2025-08-29,1,3,True,0.8629710144927536,120,1839000000.0,180471050.04906774,-0.1370289855072464,0.014965251502113919
00984A,2025-09-02,2025-09-01,1,1,True,1.147463768115942,152,1810000000.0000002,178149606.2992126,0.14746376811594208,-0.012863247314314208
00984A,2025-09-03,2025-09-02,1,1,True,1.1652298850574714,126,1802000000.0,176320939.33463794,0.16522988505747138,-0.010264782519380455
00984A,2025-09-04,2025-09-03,1,1,True,1.0,121,1817000000.0000002,177962781.58667973,0.0,0.009311669154199231
00984A,2025-09-05,2025-09-04,1,1,True,1.0,120,1817000000.0000002,176579203.1098154,0.0,-0.007774538386783103
00984A,2025-09-08,2025-09-05,1,3,True,1.0,120,1834000000.0,176856316.29701063,0.0,0.0015693421553324427
00984A,2025-09-09,2025-09-08,1,1,True,1.0,120,1845000000.0,177403846.15384614,0.0,0.0030959021894134686
00984A,2025-09-10,2025-09-09,1,1,True,1.0,120,1852000000.0,176380952.3809524,0.0,-0.005765905278100281
00984A,2025-09-11,2025-09-10,1,1,True,1.0,120,1868000000.0,179270633.39731285,0.0,0.016383180708307243
00984A,2025-09-12,2025-09-11,1,1,True,1.0,120,1853000000.0,177320574.16267943,0.0,-0.010877739413747478
00984A,2025-09-15,2025-09-12,1,3,True,1.0125523012552302,119,1860000000.0000002,179363548.69816783,0.012552301255230214,0.011521362059284224
00984A,2025-09-16,2025-09-15,1,1,True,1.0,121,1872000000.0,179482262.70373923,0.0,0.0006618624934275896
00984A,2025-09-17,2025-09-16,1,1,True,1.0206611570247934,121,1885000000.0000002,181774349.0838959,0.02066115702479343,0.012770545376620701
00984A,2025-09-18,2025-09-17,1,1,True,1.0054515745692216,120,1914000000.0,183509108.3413231,0.005451574569221629,0.009543476657570382
00984A,2025-09-19,2025-09-18,1,1,True,1.0,120,1946000000.0,186398467.4329502,0.0,0.01574504457976511
00984A,2025-09-22,2025-09-19,1,3,True,1.0,120,1946000000.0,184980988.5931559,0.0,-0.0076045627376426506
00984A,2025-09-23,2025-09-22,1,1,True,1.0,120,1960000000.0000002,186666666.6666667,0.0,0.009112709832134414
00984A,2025-09-24,2025-09-23,1,1,True,1.0,120,1959000000.0,186749285.0333651,0.0,0.0004425983930271826
00984A,2025-09-25,2025-09-24,1,1,True,1.0,120,1957999999.9999998,187727708.53307766,0.0,0.005239235585495106
00984A,2025-09-26,2025-09-25,1,1,True,1.0,120,1944000000.0000002,189658536.5853659,0.0,0.01028525872592767
00984A,2025-09-30,2025-09-26,1,4,True,1.0,120,1923000000.0,184903846.15384614,0.0,-0.025069741215574814
00984A,2025-10-01,2025-09-30,1,1,True,0.7086258960184462,120,1986000000.0,191329479.7687861,-0.29137410398155383,0.03475121663826086
00984A,2025-10-02,2025-10-01,1,1,True,1.2143793816512836,116,1978000000.0,189645254.07478428,0.21437938165128356,-0.008802750606112242
00984A,2025-10-03,2025-10-02,1,1,True,1.0416666666666667,127,1980999999.9999998,189750957.85440612,0.04166666666666674,0.0005573763505843932
00984A,2025-10-07,2025-10-03,1,4,True,1.0,128,2043000000.0,193282876.06433302,0.0,0.018613440742875742
00984A,2025-10-08,2025-10-07,1,1,True,1.1349693251533743,127,2064999999.9999998,195549242.4242424,0.13496932515337434,0.011725644847891514
00984A,2025-10-09,2025-10-08,1,1,True,1.035293718401367,128,2342000000.0,220943396.2264151,0.03529371840136708,0.12986066060578394
00984A,2025-10-13,2025-10-09,1,4,True,1.0875763747454175,128,2437000000.0,231874405.3282588,0.08757637474541746,0.049474251272221714
00984A,2025-10-14,2025-10-13,1,1,True,1.1292718685938188,128,2630000000.0,251915708.81226054,0.12927186859381878,0.08643171916982273
00984A,2025-10-15,2025-10-14,1,1,True,1.1083743842364533,127,2943000000.0,279487179.4871795,0.10837438423645329,0.10944720678561004
00984A,2025-10-16,2025-10-15,1,1,True,1.0092592592592593,127,3308000000.0,311194731.89087486,0.0092592592592593,0.11344904071046957
00984A,2025-10-17,2025-10-16,1,1,True,1.032490974729242,127,3372000000.0,318113207.5471698,0.032490974729241895,0.022231981930597167
00984A,2025-10-20,2025-10-17,1,3,True,1.0110584518167456,127,3471000000.0,332471264.3678161,0.011058451816745585,0.04513505406252993
00984A,2025-10-21,2025-10-20,1,1,True,1.0,126,3504999999.9999995,335086042.0650095,0.0,0.007864672762517788
00984A,2025-10-22,2025-10-21,1,1,True,1.0,126,3515000000.0,335721107.9274116,0.0,0.0018952322170402436
00984A,2025-10-23,2025-10-22,1,1,True,1.0,126,3529000000.0,337380497.1319311,0.0,0.004942761016022645
00984A,2025-10-27,2025-10-23,1,4,True,1.0,127,3522000000.0,333522727.27272725,0.0,-0.011434477961822731
00984A,2025-10-28,2025-10-27,1,1,True,1.0,126,3561999999.9999995,337630331.75355446,0.0,0.012315815819856635
00984A,2025-10-29,2025-10-28,1,1,True,1.0,126,3567000000.0,336192271.44203585,0.0,-0.004259274645289524
00984A,2025-10-30,2025-10-29,1,1,True,1.0,126,3561000000.0,335943396.2264151,0.0,-0.0007402764333435119
00984A,2025-10-31,2025-10-30,1,1,True,1.0,126,3510000000.0,330819981.14985865,0.0,-0.015250828366048408
00984A,2025-11-03,2025-10-31,1,3,True,0.9277598854893541,126,3450000000.0,323943661.97183096,-0.07224011451064594,-0.020785682757513912
00984A,2025-11-04,2025-11-03,1,1,True,1.0234856144866256,114,3429999999.9999995,324810606.060606,0.02348561448662556,0.0026762187088273937
00984A,2025-11-05,2025-11-04,1,1,True,1.0,122,3375000000.0,320817490.4942966,0.0,-0.012293673580241138
00984A,2025-11-06,2025-11-05,1,1,True,1.0,122,3364000000.0,316462841.01599246,0.0,-0.013573603707188076
00984A,2025-11-07,2025-11-06,1,1,True,1.0,122,3365000000.0,320476190.47619045,0.0,0.012681897967272482
00984A,2025-11-10,2025-11-07,1,3,True,1.0,122,3320000000.0000005,315289648.622982,0.0,-0.01618386016602924
00984A,2025-11-11,2025-11-10,1,1,True,0.9947089947089947,121,3333000000.0,315625000.0,-0.005291005291005346,0.0010636295180721511
00984A,2025-11-12,2025-11-11,1,1,True,0.994413407821229,121,3309000000.0000005,311875589.0669181,-0.005586592178770999,-0.011879321768180406
00984A,2025-11-13,2025-11-12,1,1,True,0.990990990990991,121,3290999999.9999995,309595484.4778927,-0.009009009009009028,-0.007310942789229169
00984A,2025-11-14,2025-11-13,1,1,True,1.0,121,3254999999.9999995,309999999.99999994,0.0,0.001306593740504347
00984A,2025-11-17,2025-11-14,1,3,True,1.0,121,3206000000.0,305916030.5343511,0.0,-0.013174095050480061
00984A,2025-11-18,2025-11-17,1,1,True,1.0,121,3194000000.0,311306042.8849903,0.0,0.017619254346443736
00984A,2025-11-19,2025-11-18,1,1,True,1.014721362229102,120,3118000000.0,305686274.50980395,0.01472136222910203,-0.018052230284725024
00984A,2025-11-20,2025-11-19,1,1,True,1.0,121,3151000000.0,302980769.2307692,0.0,-0.00885059456258952
00984A,2025-11-21,2025-11-20,1,1,True,1.0,121,3232000000.0,318110236.22047246,0.0,0.04993540358391413
00984A,2025-11-24,2025-11-21,1,3,True,1.0,121,3162000000.0,308789062.5,0.0,-0.029301709467821846
00984A,2025-11-25,2025-11-24,1,1,True,1.0,121,3217000000.0,312027158.09893304,0.0,0.010486432300150117
00984A,2025-11-26,2025-11-25,1,1,True,1.0,121,3239000000.0,310546500.4793864,0.0,-0.004745284444366171
00984A,2025-11-27,2025-11-26,1,1,True,1.0,121,3283000000.0,312666666.6666667,0.0,0.006827210044252352
00984A,2025-11-28,2025-11-27,1,1,True,1.0,121,3309000000.0000005,315142857.1428572,0.0,0.007919585744745827
00984A,2025-12-01,2025-11-28,1,3,True,0.9387755102040817,121,3304999999.9999995,316874400.7670182,-0.061224489795918324,0.005494472062161027
00984A,2025-12-02,2025-12-01,1,1,True,1.1572212065813527,119,3283000000.0,313562559.69436485,0.15722120658135275,-0.010451589224742652
00984A,2025-12-03,2025-12-02,1,1,True,1.0,119,3297000000.0,314299332.69780743,0.0,0.0023496842357733083
00984A,2025-12-04,2025-12-03,1,1,True,1.0,119,3311999999.9999995,315128449.0960989,0.0,0.00263798332365095
00984A,2025-12-05,2025-12-04,1,1,True,1.0,119,3290000000.0,311553030.3030303,0.0,-0.011345909273898225
00984A,2025-12-08,2025-12-05,1,3,True,1.0,119,3308000000.0,311194731.89087486,0.0,-0.0011500398882557938
00984A,2025-12-09,2025-12-08,1,1,True,0.9858870394081662,118,3315999999.9999995,310777881.9119025,-0.014112960591833756,-0.001339514896153693
00984A,2025-12-10,2025-12-09,1,1,True,1.0,118,3261999999.9999995,306291079.8122065,0.0,-0.014437327624775675
00984A,2025-12-11,2025-12-10,1,1,True,1.0,118,3229999999.9999995,303571428.57142854,0.0,-0.008879302794078892
00984A,2025-12-12,2025-12-11,1,1,True,1.0,118,3213000000.0000005,299162011.1731844,0.0,-0.014525139664804287
00984A,2025-12-15,2025-12-12,1,3,True,1.0,118,3235000000.0,302336448.5981309,0.0,0.010611098021763299
00984A,2025-12-16,2025-12-15,1,1,True,1.0,118,3218000000.0,303013182.67419964,0.0,0.0022383476395473334
00984A,2025-12-17,2025-12-16,1,1,True,1.0,118,3180000000.0,297752808.98876405,0.0,-0.017360213964986326
00984A,2025-12-18,2025-12-17,1,1,True,1.0,118,3222999999.9999995,302061855.6701031,0.0,0.014471892627893279
00984A,2025-12-19,2025-12-18,1,1,True,1.0,118,3227000000.0000005,299073215.94068587,0.0,-0.009894131527422134
00984A,2025-12-22,2025-12-19,1,3,True,1.0,118,3270000000.0000005,299725022.91475713,0.0,0.002179422761149352
00984A,2025-12-23,2025-12-22,1,1,True,1.0,118,3309000000.0000005,304415823.36706537,0.0,0.015650346463205844
00984A,2025-12-24,2025-12-23,1,1,True,1.0,118,3322000000.0,304491292.39230067,0.0,0.000247914265429916
00984A,2025-12-26,2025-12-24,1,2,True,1.0,118,3343000000.0,305296803.65296805,0.0,0.0026454328277787376
00984A,2025-12-29,2025-12-26,1,3,True,1.0,118,3361999999.9999995,305358764.7593097,0.0,0.00020295366869316211
00984A,2025-12-30,2025-12-29,1,1,True,1.0,118,3377000000.0000005,306165004.5330916,0.0,0.0026403033638722206
00984A,2025-12-31,2025-12-30,1,1,True,1.0,118,3386999999.9999995,305685920.5776173,0.0,-0.0015647900588929842
00984A,2026-01-02,2025-12-31,1,2,True,1.0,118,3404999999.9999995,304017857.14285713,0.0,-0.005456788561305714
00984A,2026-01-05,2026-01-02,1,3,True,1.0,113,3438000000.0000005,305057675.2440107,0.0,0.0034202533723699524
00984A,2026-01-06,2026-01-05,1,1,True,1.026578073089701,115,3463000000.0000005,300346921.07545537,0.02657807308970095,-0.015442175532175195
00984A,2026-01-07,2026-01-06,1,1,True,1.0,116,3611999999.9999995,310042918.45493555,0.0,0.03228265948178066
00984A,2026-01-08,2026-01-07,1,1,True,1.0,116,3643000000.0,314594127.806563,0.0,0.01467928819115727
00984A,2026-01-09,2026-01-08,1,1,True,1.0151515151515151,116,3654000000.0,316637781.6291161,0.015151515151515138,0.0064961601057274
00984A,2026-01-12,2026-01-09,1,3,True,1.0041152960303483,116,3684000000.0000005,314602903.50128096,0.0041152960303483255,-0.0064265171306014945
00984A,2026-01-13,2026-01-12,1,1,True,1.0070761014686247,116,3756000000.0,319931856.8994889,0.007076101468624696,0.016938665660427565
00984A,2026-01-14,2026-01-13,1,1,True,1.0243408709390738,116,3800000000.0,321217244.29416734,0.024340870939073778,0.0040176911644100866
00984A,2026-01-15,2026-01-14,1,1,True,1.0092701453556798,116,3920000000.0000005,330801687.7637131,0.009270145355679826,0.02983788585387548
00984A,2026-01-16,2026-01-15,1,1,True,1.0,116,3968000000.0,330391340.54954207,0.0,-0.0012404628795732453
00984A,2026-01-19,2026-01-16,1,3,True,1.0,116,4018000000.0,333998337.4896093,0.0,0.01091734708926606
00984A,2026-01-20,2026-01-19,1,1,True,1.0,116,4029999999.9999995,334717607.97342193,0.0,0.0021535151618381487
00984A,2026-01-21,2026-01-20,1,1,True,1.0,116,4047000000.0,342096365.1732882,0.0,0.022044723743521066
00984A,2026-01-22,2026-01-21,1,1,True,1.0,116,4015999999.9999995,336348408.7102177,0.0,-0.01680215590761658
00984A,2026-01-23,2026-01-22,1,1,True,1.0,116,4067000000.0,340334728.03347284,0.0,0.011851756155295323
00984A,2026-01-26,2026-01-23,1,3,True,1.0,116,4072000000.0,336251032.20478946,0.0,-0.011999057082066944
00984A,2026-01-27,2026-01-26,1,1,True,1.0,116,4140000000.0,340180772.39112574,0.0,0.011686923785985348
00984A,2026-01-28,2026-01-27,1,1,True,1.0,116,4156000000.0,337886178.8617886,0.0,-0.006745218176819612
00984A,2026-01-29,2026-01-28,1,1,True,1.0,116,4197999999.9999995,343816543.81654376,0.0,0.017551368850695193
00984A,2026-01-30,2026-01-29,1,1,True,1.0,116,4164000000.0,345560165.97510374,0.0,0.005071373643643851
00984A,2026-02-02,2026-01-30,1,3,True,0.8742711806307866,116,4110000000.0,349489795.9183673,-0.12572881936921343,0.011371767727263782
00984A,2026-02-03,2026-02-02,1,1,True,1.0,110,4013000000.0000005,338649789.0295359,0.0,-0.031016662046875365
00984A,2026-02-04,2026-02-03,1,1,True,1.0103136629452418,114,4035000000.0,335970024.97918403,0.01031366294524183,-0.007913083477864347
00984A,2026-02-05,2026-02-04,1,1,True,1.0266828478964403,114,4086000000.0,345101351.3513514,0.026682847896440265,0.027178991258916874
00984A,2026-02-06,2026-02-05,1,1,True,1.0,114,4136999999.9999995,353287788.2152006,0.0,0.023721833692602834
00984A,2026-02-09,2026-02-06,1,3,True,1.0,114,4142000000.0,347774979.0092359,0.0,-0.01560430161997739
00984A,2026-02-10,2026-02-09,1,1,True,1.0,114,4217000000.0,352297410.192147,0.0,0.013003900383503408
00984A,2026-02-11,2026-02-10,1,1,True,1.0,114,4236000000.0,351535269.7095435,0.0,-0.0021633439831073575
00984A,2026-02-23,2026-02-11,1,12,True,1.0,114,4272000000.0,349019607.84313726,0.0,-0.007156214704956421
00984A,2026-02-24,2026-02-23,1,1,True,1.0,114,4339000000.0,345186953.06284803,0.0,-0.010981201898581539
00984A,2026-02-25,2026-02-24,1,1,True,1.0,114,4442000000.0,350591949.4869771,0.0,0.015658171249435915
00984A,2026-02-26,2026-02-25,1,1,True,1.0,114,4476000000.0,348598130.8411215,0.0,-0.005687006358169877
00984A,2026-03-02,2026-02-26,1,4,True,1.0778569543415149,103,4528000000.0,355974842.7672956,0.07785695434151485,0.021161077107255455
00984A,2026-03-03,2026-03-02,1,1,True,1.0129870129870129,115,4482000000.0,359711075.4414125,0.01298701298701288,0.01049577730008111
00984A,2026-03-04,2026-03-03,1,1,True,1.0,117,4405000000.0,369857262.80436605,0.0,0.02820649141954501
00984A,2026-03-05,2026-03-04,1,1,True,1.0,118,4208000000.0,344071954.21095663,0.0,-0.06971691835357685
00984A,2026-03-06,2026-03-05,1,1,True,1.0,118,4322000000.0,351668022.78275025,0.0,0.022076976861462816
00984A,2026-03-09,2026-03-06,1,3,True,1.0,118,4332000000.0,366497461.928934,0.0,0.04216885865492781
00984A,2026-03-10,2026-03-09,1,1,True,1.0,118,4164000000.0,344132231.40495867,0.0,-0.06102424395045891
00984A,2026-03-11,2026-03-10,1,1,True,1.0,118,4276000000.0,343453815.2610442,0.0,-0.0019713821665141573
00984A,2026-03-12,2026-03-11,1,1,True,1.0,118,4435000000.0,357373086.2207897,0.0,0.04052734411806158
00984A,2026-03-13,2026-03-12,1,1,True,1.0,118,4428000000.0,357096774.1935484,0.0,-0.0007731752554823723
00984A,2026-03-16,2026-03-13,1,3,True,1.011049723756906,117,4425000000.0,354283426.7413931,0.011049723756906049,-0.007878389432413146
00984A,2026-03-17,2026-03-16,1,1,True,1.0,118,4459000000.0,351656151.41955835,0.0,-0.007415744354738019
00984A,2026-03-18,2026-03-17,1,1,True,1.0,117,4531000000.0,349884169.8841699,0.0,-0.005038960724091934
00984A,2026-03-19,2026-03-18,1,1,True,1.0,117,4622000000.0,359688715.9533074,0.0,0.028022262545868593
00984A,2026-03-20,2026-03-19,1,1,True,1.0,117,4574000000.0,357902973.3959312,0.0,-0.004964688849477317
00984A,2026-03-23,2026-03-20,1,3,True,1.0,117,4546000000.0,367205169.6284329,0.0,0.025990832499206862
00984A,2026-03-24,2026-03-23,1,1,True,1.0,118,4403000000.0,359135399.67373574,0.0,-0.021976188306016553
00984A,2026-03-25,2026-03-24,1,1,True,1.0,117,4372000000.0,346434231.3787639,0.0,-0.03536596032167949
00984A,2026-03-26,2026-03-25,1,1,True,1.0,117,4498000000.0,358406374.501992,0.0,0.03455819904280388
00984A,2026-03-27,2026-03-26,1,1,True,1.0,117,4474000000.0,355079365.0793651,0.0,-0.009282785294345897
00984A,2026-03-30,2026-03-27,1,3,True,1.0,118,4519000000.0,364141821.1120064,0.0,0.025522339296218277
00984A,2026-03-31,2026-03-30,1,1,True,1.0,117,4460000000.0,368899917.28701407,0.0,0.013066601799478939
00984A,2026-04-01,2026-03-31,1,1,True,1.0,118,4332000000.0,346837469.97598076,0.0,-0.05980605111892212
00984A,2026-04-02,2026-04-01,1,1,True,1.0100671140939597,99,4499000000.0,363408723.7479806,0.010067114093959662,0.04777815318842982
00984A,2026-04-07,2026-04-02,1,5,True,1.0368794326241135,107,4460000000.0,353687549.56383824,0.03687943262411353,-0.02674997474987384
00984A,2026-04-08,2026-04-07,1,1,True,1.0203908388482728,112,4689000000.0,358760520.2754399,0.020390838848272752,0.014343085352757301
00984A,2026-04-09,2026-04-08,1,1,True,1.0264550264550265,113,4975000000.0,376893939.39393944,0.02645502645502651,0.0505446337979929
00984A,2026-04-10,2026-04-09,1,1,True,1.0247561890472618,113,5162000000.0,386666666.6666667,0.024756189047261845,0.025929648241205916
00984A,2026-04-13,2026-04-10,1,3,True,1.0136986301369864,115,5359000000.0,398735119.04761904,0.013698630136986356,0.031211514778324956
00984A,2026-04-14,2026-04-13,1,1,True,1.0366636421682294,114,5540000000.0,408856088.5608856,0.03666364216822937,0.02538268898270246
00984A,2026-04-15,2026-04-14,1,1,True,1.0323660714285714,113,5702000000.0,417728937.72893775,0.0323660714285714,0.02170164372330441
00984A,2026-04-16,2026-04-15,1,1,True,1.0303030303030303,113,5946000000.0,427769784.17266184,0.030303030303030276,0.024036750957003417
00984A,2026-04-17,2026-04-16,1,1,True,1.0278745644599303,113,6236000000.0,441018387.553041,0.027874564459930307,0.030971339890223604
00984A,2026-04-20,2026-04-17,1,3,True,1.0018691588785047,111,6489000000.0,462179487.1794872,0.0018691588785046953,0.04798235226394332
00984A,2026-04-21,2026-04-20,1,1,True,1.0,110,6565000000.000001,465602836.8794327,0.0,0.00740697022456982
00984A,2026-04-22,2026-04-21,1,1,True,1.0,108,6655000000.0,468002812.9395218,0.0,0.005154556351448125
00984A,2026-04-23,2026-04-22,1,1,True,1.0,108,6723000000.0,481935483.87096775,0.0,0.029770485446305228
00984A,2026-04-24,2026-04-23,1,1,True,1.0,107,6593000000.000001,471265189.4210151,0.0,-0.02214050387875055
00984A,2026-04-27,2026-04-24,1,3,True,1.0,107,6634000000.0,476238334.52979183,0.0,0.010552752930651721
00984A,2026-04-28,2026-04-27,1,1,True,1.0,107,6595000000.0,470735189.1506067,0.0,-0.011555443945138522
00984A,2026-04-29,2026-04-28,1,1,True,1.0,107,6650000000.0,473309608.54092526,0.0,0.005468933382617669
00984A,2026-04-30,2026-04-29,1,1,True,1.0,107,6623999999.999999,467466478.4756527,0.0,-0.012345259761966876
00984A,2026-05-04,2026-04-30,1,4,True,1.0,94,6551000000.000001,451481736.73328745,0.0,-0.03419441281541602
00984A,2026-05-05,2026-05-04,1,1,True,1.0058342760180996,108,6714000000.0,460493827.16049385,0.0058342760180996045,0.01996114060429921
00984A,2026-05-06,2026-05-05,1,1,True,1.0,109,6673000000.0,455494880.54607505,0.0,-0.010855621334260657
00984A,2026-05-07,2026-05-06,1,1,True,1.0,110,6709999999.999999,453378378.3783783,0.0,-0.004646599244231608
00984A,2026-05-08,2026-05-07,1,1,True,1.0,111,6762000000.0,459687287.5594833,0.0,0.013915328745209177
00984A,2026-05-11,2026-05-08,1,3,True,1.0,109,6701000000.000001,448527443.10575646,0.0,-0.024277035184016804
00984A,2026-05-12,2026-05-11,1,1,True,1.0051553577604766,108,6820999999.999999,453825681.9693945,0.005155357760476598,0.011812518821482154
00984A,2026-05-13,2026-05-12,1,1,True,1.0,109,6847000000.0,456466666.6666667,0.0,0.005819381322386796
00984A,2026-05-14,2026-05-13,1,1,True,1.0,109,6820000000.0,453156146.179402,0.0,-0.007252491209138401
00984A,2026-05-15,2026-05-14,1,1,True,1.0,108,6850000000.0,465353260.8695652,0.0,0.02691592024735434
00984A,2026-05-18,2026-05-15,1,3,True,1.0,108,6634000000.0,453451811.34654814,0.0,-0.025575085690337396
00984A,2026-05-19,2026-05-18,1,1,True,1.0,109,6619000000.0,455540261.5278734,0.0,0.00460567171431836
00984A,2026-05-20,2026-05-19,1,1,True,1.0,109,6576000000.000001,452892561.98347116,0.0,-0.005812218519438694
00984A,2026-05-21,2026-05-20,1,1,True,1.0,109,6580000000.0,439545758.1830327,0.0,-0.029470132479070377
00984A,2026-05-22,2026-05-21,1,1,True,1.0,109,6791000000.0,446776315.7894737,0.0,0.016450067989121964
00984A,2026-05-25,2026-05-22,1,3,True,1.0,108,6908000000.0,438603174.6031746,0.0,-0.01829358651623414
00984A,2026-05-26,2026-05-25,1,1,True,1.0,108,7115000000.000001,448612862.54728884,0.0,0.022821740752721364
00984A,2026-05-27,2026-05-26,1,1,True,1.0,108,7172000000.0,446297448.6621033,0.0,-0.005161273959106483
00984A,2026-05-28,2026-05-27,1,1,True,1.0,108,7275000000.0,458990536.27760255,0.0,0.028440869768693977
00984A,2026-05-29,2026-05-28,1,1,True,1.0,108,7180000000.0,444306930.6930693,0.0,-0.03199108570650888
00984A,2026-06-01,2026-05-29,1,3,True,0.6594202898550725,108,7351000000.000001,445515151.51515156,-0.3405797101449275,0.0027193382290877643
00984A,2026-06-02,2026-06-01,1,1,True,1.0675324675324676,101,7520999999.999999,455542095.6995759,0.06753246753246755,0.022506404440620464
00984A,2026-06-03,2026-06-02,1,1,True,1.0,99,7506999999.999999,449790293.58897537,0.0,-0.012626280128442358
00984A,2026-06-04,2026-06-03,1,1,True,1.0,99,7648000000.0,463234403.3918837,0.0,0.029889728601377286
00984A,2026-06-05,2026-06-04,1,1,True,1.0,99,7586000000.0,464543784.4458053,0.0,0.0028266058054715604
00984A,2026-06-08,2026-06-05,1,3,True,1.0,100,7539000000.0,482033248.0818414,0.0,0.03764868721018577
00984A,2026-06-09,2026-06-08,1,1,True,1.0,101,7281999999.999999,452860696.5174129,0.0,-0.06051979128102691
00984A,2026-06-10,2026-06-09,1,1,True,1.0,98,7509000000.0,480115089.51406646,0.0,0.06018272993493401
00984A,2026-06-11,2026-06-10,1,1,True,1.0162675134888781,106,7243000000.000001,464890885.75096285,0.016267513488878116,-0.031709488194824886
00984A,2026-06-12,2026-06-11,1,1,True,1.0,108,7318000000.000001,460251572.32704407,0.0,-0.009979359815636468
00984A,2026-06-15,2026-06-12,1,3,True,1.0,107,7443000000.000001,458312807.88177353,0.0,-0.004212401568707502
00984A,2026-06-16,2026-06-15,1,1,True,1.0,103,7631000000.0,469311193.1119311,0.0,0.023997551543431195
00984A,2026-06-17,2026-06-16,1,1,True,1.0,103,7639000000.0,461292270.531401,0.0,-0.017086578582023226
00984A,2026-06-18,2026-06-17,1,1,True,1.0,104,7753000000.0,457944477.25930303,0.0,-0.007257423299638965
00984A,2026-06-22,2026-06-18,1,4,True,1.0,105,7937000000.0,458256351.039261,0.0,0.000681029678148759
00984A,2026-06-23,2026-06-22,1,1,True,1.003709239628801,104,8086000000.0,479028436.0189574,0.0037092396288009866,0.045328526124271296
00984A,2026-06-24,2026-06-23,1,1,True,1.0,105,8063000000.0,481373134.32835823,0.0,0.004894695456676423
00984A,2026-06-25,2026-06-24,1,1,True,1.0142857142857142,105,8036000000.0,476631079.4780546,0.014285714285714235,-0.009851099930867635
00984A,2026-06-26,2026-06-25,1,1,True,1.0032362459546926,105,8109000000.0,502416356.8773234,0.003236245954692629,0.05409902649971032
00984A,2026-06-29,2026-06-26,1,3,True,1.0,107,7773000000.0,482795031.0559006,0.0,-0.03905391524944679
00984A,2026-06-30,2026-06-29,1,1,True,1.0,107,7881999999.999999,475105485.23206747,0.0,-0.015927143672161748
00984A,2026-07-01,2026-06-30,1,1,True,1.0,105,8129000000.000001,485893604.3036462,0.0,0.022706787033429432
00984A,2026-07-02,2026-07-01,1,1,True,1.079714807588526,114,8178000000.0,489407540.39497304,0.0797148075885259,0.0072319043926556414
00984A,2026-07-03,2026-07-02,1,1,True,1.058074185088048,118,8426000000.000001,498579881.65680486,0.05807418508804796,0.01874172444182065
00984A,2026-07-06,2026-07-03,1,3,True,1.0164260826281732,111,8630000000.0,514916467.78042954,0.016426082628173244,0.032766236113132896
00984A,2026-07-07,2026-07-06,1,1,True,1.031312054848049,114,8673000000.0,533723076.9230769,0.031312054848049,0.03652361173010088
00984A,2026-07-08,2026-07-07,1,1,True,1.048501636515684,114,8707000000.0,534171779.1411043,0.048501636515684066,0.000840702299428564
00984A,2026-07-09,2026-07-08,1,1,True,1.0288083806198167,115,9186000000.0,563558282.208589,0.02880838061981672,0.05501320776386809
00984A,2026-07-13,2026-07-09,1,4,True,1.007462686567164,115,9372000000.0,578518518.5185186,0.00746268656716409,0.026546032206820502
00984A,2026-07-14,2026-07-13,1,1,True,1.0496854848281045,116,9508000000.0,598740554.1561712,0.04968548482810453,0.03495486313806784
00984A,2026-07-15,2026-07-14,1,1,True,1.0051551774437297,116,9700000000.0,595092024.5398773,0.00515517744372973,-0.006093673780684372
00984A,2026-07-16,2026-07-15,1,1,True,1.0,116,10003000000.0,640396927.0166453,0.0,0.07613091859498122
00984A,2026-07-17,2026-07-16,1,1,True,1.0,116,9670000000.0,653378378.3783784,0.0,0.020270945743304125
00984A,2026-07-20,2026-07-17,1,3,True,1.0,116,9318000000.0,643953006.219765,0.0,-0.014425595444413575
00984A,2026-07-21,2026-07-20,1,1,True,1.0,116,9237000000.0,621601615.0740242,0.0,-0.034709661931623614
00984A,2026-07-22,2026-07-21,1,1,True,1.0128311346206955,116,9531000000.0,626215505.913272,0.012831134620695517,0.007422585024490891
00984A,2026-07-23,2026-07-22,1,1,True,1.0,116,9757000000.0,645731303.7723362,0.0,0.031164667234808263
00984A,2026-07-24,2026-07-23,1,1,True,1.0,116,9678000000.0,655691056.9105691,0.0,0.015423989947596306
00984A,2026-07-27,2026-07-24,1,3,True,1.0,116,9429000000.0,643178717.5989085,0.0,-0.01908267495764715
00984A,2026-07-28,2026-07-27,1,1,True,1.0,116,9426000000.0,674248927.0386266,0.0,0.048307272286166825
00984A,2026-07-29,2026-07-28,1,1,True,1.0,116,8950000000.0,667910447.761194,0.0,-0.009400799946796878
00984A,2026-07-30,2026-07-29,1,1,True,1.0,115,8657000000.0,652373775.4333082,0.0,-0.02326160996577309
00984A,2026-07-31,2026-07-30,1,1,True,1.0,115,8588000000.0,609510290.9865153,0.0,-0.06570387416067258
00984A,2026-08-03,2026-07-31,1,3,True,0.6411007025761124,115,9202000000.0,644849334.2676945,-0.3588992974238876,0.057979403799699014
00984A,2026-08-04,2026-08-03,1,1,True,1.0167897288130505,118,9387000000.0,649619377.1626298,0.01678972881305052,0.007397143241765658
00984A,2026-08-05,2026-08-04,1,1,True,1.0,114,9450000000.0,638945233.2657201,0.0,-0.016431381624623986
00984A,2026-08-06,2026-08-05,1,1,True,1.0,111,9702000000.0,648096192.3847696,0.0,0.014321977287909071
00984A,2026-08-07,2026-08-06,1,1,True,1.0,109,9810000000.0,659717552.1183591,0.0,0.01793153527229796
00984A,2026-08-10,2026-08-07,1,3,True,1.0,106,9722000000.0,641716171.6171618,0.0,-0.027286496233721147
00984A,2026-08-11,2026-08-10,1,1,True,1.0,106,9922000000.0,653623188.4057971,0.0,0.018554958274822564
00984A,2026-08-12,2026-08-11,1,1,True,1.0,107,9961000000.0,650620509.470934,0.0,-0.004593899035599813
00984A,2026-08-13,2026-08-12,1,1,True,1.0,106,10060000000.0,653246753.2467532,0.0,0.004036521655234493
00984A,2026-08-14,2026-08-13,1,1,True,1.0,107,10091000000.0,655259740.2597402,0.0,0.003081510934393572
00984A,2026-08-17,2026-08-14,1,3,True,1.0,107,10111000000.0,653165374.6770025,0.0,-0.00319623723854523
00984A,2026-08-18,2026-08-17,1,1,True,1.0,105,10147000000.0,662336814.6214099,0.0,0.014041528072339604
00984A,2026-08-19,2026-08-18,1,1,True,1.0,105,10034000000.0,661001317.5230566,0.0,-0.0020163413370229977
00984A,2026-08-20,2026-08-19,1,1,True,1.0,105,9932000000.0,654281949.9341239,0.0,-0.010165437512457576
00984A,2026-08-21,2026-08-20,1,1,True,1.0,104,9953000000.0,656963696.3696369,0.0,0.004098762675300849
00984A,2026-08-24,2026-08-21,1,3,True,1.0,104,9923000000.0,655849306.0145407,0.0,-0.0016962738751841178
00984A,2026-08-25,2026-08-24,1,1,True,1.0,104,9886000000.0,648687664.0419947,0.0,-0.0109196455753926
00984A,2026-08-26,2026-08-25,1,1,True,1.0,105,9977000000.0,641607717.0418006,0.0,-0.01091426181296351
00984A,2026-08-27,2026-08-26,1,1,True,1.0,104,10192000000.0,650830140.4853129,0.0,0.014373928490189147
00984A,2026-08-28,2026-08-27,1,1,True,1.0,105,10153000000.0,644634920.6349206,0.0,-0.009518950437317875
00984A,2026-08-31,2026-08-28,1,3,True,1.0,105,10202000000.0,650637755.1020409,0.0,0.009311990826075478
00984A,2026-09-01,2026-08-31,1,1,True,0.5034965034965035,105,10101000000.0,635283018.8679246,-0.49650349650349646,-0.02359951618809486
00984A,2026-09-02,2026-09-01,1,1,True,1.0,148,10192000000.0,647933884.2975206,0.0,0.019913747186474318
00984A,2026-09-03,2026-09-02,1,1,True,1.5210888602679358,92,10077000000.0,651389786.6839043,0.5210888602679358,0.005333726897352342
00984A,2026-09-04,2026-09-03,1,1,True,1.0858895705521472,89,9837000000.0,628964194.3734015,0.08588957055214719,-0.034427301085985684
00984A,2026-09-07,2026-09-04,1,3,True,1.0,90,9961000000.0,634458598.7261146,0.0,0.008735639328701028
00984A,2026-09-08,2026-09-07,1,1,True,1.0,90,10001000000.0,643564993.5649936,0.0,0.014353016662021822
00984A,2026-09-09,2026-09-08,1,1,True,1.0,90,9854000000.0,630857874.5198464,0.0,-0.019744888507307934
00984A,2026-09-10,2026-09-09,1,1,True,1.0,89,9915000000.0,638030888.0308881,0.0,0.01137025279505477
00984A,2026-09-11,2026-09-10,1,1,True,1.0,90,9865000000.0,641834743.0058556,0.0,0.005961866496318136
00984A,2026-09-14,2026-09-11,1,3,True,0.9516673154275335,86,9707000000.0,636107470.5111402,-0.04833268457246653,-0.008923282133175281
00984A,2026-09-15,2026-09-14,1,1,True,1.0,93,9614000000.0,638379814.0770252,0.0,0.0035722636051720436
00984A,2026-09-16,2026-09-15,1,1,True,1.0,91,9491000000.0,622769028.871391,0.0,-0.024453757561561207
00984A,2026-09-17,2026-09-16,1,1,True,1.0,90,9613000000.0,629123036.6492147,0.0,0.010202832002321527
00984A,2026-09-18,2026-09-17,1,1,True,1.0,90,9641000000.0,620798454.6039923,0.0,-0.013232041365962566
00984A,2026-09-21,2026-09-18,1,3,True,1.0,90,9835000000.0,631663455.3628774,0.0,0.017501655615131728
00984A,2026-09-22,2026-09-21,1,1,True,1.0,90,9860000000.0,633676092.5449871,0.0,0.0031862492044176793
00984A,2026-09-23,2026-09-22,1,1,True,1.0,90,9840000000.0,632390745.5012853,0.0,-0.0020283975659228792
00984A,2026-09-24,2026-09-23,1,1,True,1.0,90,9841000000.0,630429212.0435618,0.0,-0.0031017744514407752
00984A,2026-09-29,2026-09-24,1,5,True,1.0,90,9824000000.0,628937259.9231755,0.0,-0.002366565653818875
00984A,2026-09-30,2026-09-29,1,1,True,1.0,90,9791000000.0,623233609.1661361,0.0,-0.009068711810357732
00984A,2026-10-01,2026-09-30,1,1,True,1.0,71,9863000000.0,629017857.1428572,0.0,0.009281027036491363
00984A,2026-10-02,2026-10-01,1,1,True,1.0,83,9827000000.0,622355921.4692844,0.0,-0.010591012000569888
00984A,2026-10-05,2026-10-02,1,3,True,1.0,76,9924000000.0,616397515.5279503,0.0,-0.009573952357145199
00984A,2026-10-06,2026-10-05,1,1,True,1.0,76,10116000000.0,622523076.9230769,0.0,0.009937680215793776
00984A,2026-10-07,2026-10-06,1,1,True,1.0,77,10169000000.0,623100490.1960784,0.0,0.0009275371378287822
00984A,2026-10-08,2026-10-07,1,1,True,1.0,77,10224000000.0,631111111.1111112,0.0,0.012856065820959328
00985A,2025-07-21,2025-07-18,1,3,True,1.0,47,1196000000.0,119004975.1243781,0.0,
00985A,2025-07-22,2025-07-21,1,1,True,1.2609968354430379,46,1256000000.0,126231155.77889448,0.26099683544303787,0.06072166854338601
00985A,2025-07-23,2025-07-22,1,1,True,1.3893596986817327,48,1565000000.0,156970912.73821464,0.3893596986817327,0.243519571453213
00985A,2025-07-24,2025-07-23,1,1,True,1.0,49,2225000000.0,221172962.22664014,0.0,0.4090060277313752
00985A,2025-07-25,2025-07-24,1,1,True,1.0,49,2281000000.0,227872127.8721279,0.0,0.030289261300497472
00985A,2025-07-28,2025-07-25,1,3,True,1.0,49,2322000000.0,230357142.85714287,0.0,0.010905304690924877
00985A,2025-07-29,2025-07-28,1,1,True,1.0,49,2386000000.0,238600000.0,0.0,0.035782945736434035
00985A,2025-07-30,2025-07-29,1,1,True,1.0,49,2682000000.0,267131474.1035857,0.0,0.11957868442408093
00985A,2025-07-31,2025-07-30,1,1,True,1.0,48,2753000000.0,269110459.4330401,0.0,0.007408282143073208
00985A,2025-08-01,2025-07-31,1,1,True,1.0,48,2779000000.0,272450980.3921569,0.0,0.012413196299224438
00985A,2025-08-04,2025-08-01,1,3,True,1.0,48,2784000000.0,275643564.35643566,0.0,0.011718012391379373
00985A,2025-08-05,2025-08-04,1,1,True,1.0,48,2793000000.0,272487804.8780488,0.0,-0.011448696383515644
00985A,2025-08-06,2025-08-05,1,1,True,1.0,48,2847000000.0,278571428.57142854,0.0,0.022326223722571648
00985A,2025-08-07,2025-08-06,1,1,True,1.0,48,2918000000.0,277640342.53092295,0.0,-0.003342360145404677
00985A,2025-08-08,2025-08-07,1,1,True,1.0,46,2999000000.0,281596244.13145536,0.0,0.014248295346674267
00985A,2025-08-11,2025-08-08,1,3,True,1.0,46,3048000000.0,284063373.7185461,0.0,0.008761230444320312
00985A,2025-08-12,2025-08-11,1,1,True,1.0,46,3278000000.0,305783582.0895522,0.0,0.07646254456066126
00985A,2025-08-13,2025-08-12,1,1,True,1.0,46,3397000000.0,315706319.7026022,0.0,0.0324501974410909
00985A,2025-08-14,2025-08-13,1,1,True,1.0,46,3481000000.0,322912801.4842301,0.0,0.022826536346869597
00985A,2025-08-15,2025-08-14,1,1,True,1.0,46,3490999999.9999995,322345337.02677745,0.0,-0.001757330322131434
00985A,2025-08-18,2025-08-15,1,3,True,1.0,46,3510000000.0,320547945.20547944,0.0,-0.0055759820752384615
00985A,2025-08-19,2025-08-18,1,1,True,1.0,46,3564000000.0,329390018.48428833,0.0,0.02758424569884821
00985A,2025-08-20,2025-08-19,1,1,True,1.0,46,3702000000.0000005,353919694.07265776,0.0,0.07447000276828208
00985A,2025-08-21,2025-08-20,1,1,True,1.0,46,3584000000.0000005,337794533.459001,0.0,-0.045561636958090124
00985A,2025-08-22,2025-08-21,1,1,True,1.0,46,3747999999.9999995,355260663.5071089,0.0,0.051706372714962257
00985A,2025-08-25,2025-08-22,1,3,True,1.0,46,3719000000.0,344990723.56215215,0.0,-0.02890818207558543
00985A,2025-08-26,2025-08-25,1,1,True,1.0,46,3840000000.0,355226641.9981499,0.0,0.029670126577051814
00985A,2025-08-27,2025-08-26,1,1,True,1.0,46,3890000000.0,357865685.3725851,0.0,0.0074291819993868025
00985A,2025-08-28,2025-08-27,1,1,True,1.0,43,3931000000.0,362973222.5300092,0.0,0.014272218226529576
00985A,2025-08-29,2025-08-28,1,1,True,1.0,46,3913000000.0000005,357025547.4452555,0.0,-0.016385988595238432
00985A,2025-09-01,2025-08-29,1,3,True,1.0,46,3972999999.9999995,369925512.104283,0.0,0.03613176914463101
00985A,2025-09-02,2025-09-01,1,1,True,1.0,47,3984000000.0000005,373033707.8651686,0.0,0.008402220607075517
00985A,2025-09-03,2025-09-02,1,1,True,1.0,48,4003000000.0,373762838.4687208,0.0,0.0019545970998839923
00985A,2025-09-04,2025-09-03,1,1,True,1.0,48,4042000000.0,376350093.10986966,0.0,0.006922182664677479
00985A,2025-09-05,2025-09-04,1,1,True,1.0,48,4064000000.0,371820677.0356816,0.0,-0.012035113467783187
00985A,2025-09-08,2025-09-05,1,3,True,1.0,48,4156000000.0,377475022.70663035,0.0,0.015207184592389122
00985A,2025-09-09,2025-09-08,1,1,True,1.0,48,4181000000.0,375989208.63309354,0.0,-0.00393619175881621
00985A,2025-09-10,2025-09-09,1,1,True,1.0,48,4270000000.0000005,376211453.7444934,0.0,0.0005910943886071607
00985A,2025-09-11,2025-09-10,1,1,True,1.0,48,4368000000.0,384507042.25352114,0.0,0.0220503347956591
00985A,2025-09-12,2025-09-11,1,1,True,1.0,48,4433000000.0,389543057.99648505,0.0,0.013097330320528844
00985A,2025-09-15,2025-09-12,1,3,True,1.0,48,4465000000.0,397241992.8825623,0.0,0.019764015114721145
00985A,2025-09-16,2025-09-15,1,1,True,1.0,48,4428000000.0,389788732.3943662,0.0,-0.01876251912370075
00985A,2025-09-17,2025-09-16,1,1,True,1.0,48,4470000000.0,396276595.7446809,0.0,0.016644563608756657
00985A,2025-09-18,2025-09-17,1,1,True,1.0,48,4433000000.0,389201053.55575067,0.0,-0.017855059483474878
00985A,2025-09-19,2025-09-18,1,1,True,1.0,48,4490000000.0,395594713.6563877,0.0,0.01642765363100729
00985A,2025-09-22,2025-09-19,1,3,True,1.0,48,4451000000.0,390438596.49122804,0.0,-0.013033837377408042
00985A,2025-09-23,2025-09-22,1,1,True,1.0,48,4489000000.0,389670138.8888889,0.0,-0.0019681906687635253
00985A,2025-09-24,2025-09-23,1,1,True,1.0,48,4535000000.0,395724258.2897033,0.0,0.015536523835460558
00985A,2025-09-25,2025-09-24,1,1,True,1.0,43,4513000000.0,395877192.98245615,0.0,0.0003864678233622687
00985A,2025-09-26,2025-09-25,1,1,True,1.0,49,4480000000.0,401074306.1772605,0.0,0.013128094487208086
00985A,2025-09-30,2025-09-26,1,4,True,1.0,49,4522000000.0,398063380.2816902,0.0,-0.007507152288732333
00985A,2025-10-01,2025-09-30,1,1,True,1.0,49,4604000000.0,404214223.00263387,0.0,0.015451918025192413
00985A,2025-10-02,2025-10-01,1,1,True,1.0,49,4634000000.0,399138673.5572782,0.0,-0.012556583010990607
00985A,2025-10-03,2025-10-02,1,1,True,1.0,49,4709000000.0,400425170.0680272,0.0,0.0032231818061707607
00985A,2025-10-07,2025-10-03,1,4,True,1.0,49,4747000000.0,399243061.39613116,0.0,-0.002952133782437305
00985A,2025-10-08,2025-10-07,1,1,True,1.0,49,4780000000.0,403716216.2162162,0.0,0.011204089069056566
00985A,2025-10-09,2025-10-08,1,1,True,1.0,49,4766000000.0,399497066.21961445,0.0,-0.01045078158154078
00985A,2025-10-13,2025-10-09,1,4,True,1.0,45,4788000000.0,404050632.9113924,0.0,0.011398248139511402
00985A,2025-10-14,2025-10-13,1,1,True,1.0,45,4738000000.0,405303678.3575706,0.0,0.0031012089676716315
00985A,2025-10-15,2025-10-14,1,1,True,1.0,44,4677000000.0,391708542.71356785,0.0,-0.03354308477804813
00985A,2025-10-16,2025-10-15,1,1,True,1.0,44,4784000000.0,395045417.010735,0.0,0.008518768250625586
00985A,2025-10-17,2025-10-16,1,1,True,1.0,44,4848000000.0,403663613.65528727,0.0,0.02181571098777768
00985A,2025-10-20,2025-10-17,1,3,True,1.0,42,4792000000.0,394078947.3684211,0.0,-0.023744191853395824
00985A,2025-10-21,2025-10-20,1,1,True,1.0,42,4903000000.0,401885245.90163934,0.0,0.01980897123621328
00985A,2025-10-22,2025-10-21,1,1,True,1.001432664756447,42,4913000000.0,403697617.09120786,0.0014326647564470996,0.004509673365844513
00985A,2025-10-23,2025-10-22,1,1,True,1.0,41,4959000000.0,409834710.74380165,0.0,0.015202204305325928
00985A,2025-10-27,2025-10-23,1,4,True,1.0,47,5071000000.0,408622078.96857375,0.0,-0.002958831312816601
00985A,2025-10-28,2025-10-27,1,1,True,1.0,47,5200000000.0,416000000.0,0.0,0.018055610333267635
00985A,2025-10-29,2025-10-28,1,1,True,1.0,46,5249000000.0,412657232.7044025,0.0,-0.008035498306724786
00985A,2025-10-30,2025-10-29,1,1,True,1.0,45,5370000000.0,421838177.5333857,0.0,0.02224835553908666
00985A,2025-10-31,2025-10-30,1,1,True,1.0,45,5435000000.0,423286604.36137074,0.0,0.0034336077318901648
00985A,2025-11-03,2025-10-31,1,3,True,1.0,46,5488000000.0,427747466.87451285,0.0,0.010538633793697239
00985A,2025-11-04,2025-11-03,1,1,True,1.0,45,5608000000.0,442271293.37539434,0.0,0.033954208091528715
00985A,2025-11-05,2025-11-04,1,1,True,1.0,46,5550000000.0,441527446.300716,0.0,-0.001681879619636506
00985A,2025-11-06,2025-11-05,1,1,True,1.0,46,5594000000.0,440472440.9448819,0.0,-0.002389444562672871
00985A,2025-11-07,2025-11-06,1,1,True,0.9509506168196178,48,5657000000.0,451837060.70287544,-0.04904938318038221,0.025800977999020036
00985A,2025-11-10,2025-11-07,1,3,True,1.0,47,5602000000.0,441449960.5988968,0.0,-0.02298859701287126
00985A,2025-11-11,2025-11-10,1,1,True,1.0,47,5695000000.0,449486977.1112865,0.0,0.018205951364195894
00985A,2025-11-12,2025-11-11,1,1,True,1.0,47,5763000000.0,453422501.9669551,0.0,0.008755592611294327
00985A,2025-11-13,2025-11-12,1,1,True,1.0,47,5795000000.0,453797963.9780736,0.0,0.0008280621484151318
00985A,2025-11-14,2025-11-13,1,1,True,1.0,47,5837000000.0,466214057.50798726,0.0,0.0273603993748055
00985A,2025-11-17,2025-11-14,1,3,True,1.0,47,5717000000.0,454451510.33386326,0.0,-0.025229928151453196
00985A,2025-11-18,2025-11-17,1,1,True,1.0,42,5752000000.0,467262388.30219334,0.0,0.028189757712365315
00985A,2025-11-19,2025-11-18,1,1,True,1.0,42,5618000000.0,460869565.2173913,0.0,-0.013681441615770673
00985A,2025-11-20,2025-11-19,1,1,True,1.0,42,5681000000.0,452308917.1974522,0.0,-0.018574990986660378
00985A,2025-11-21,2025-11-20,1,1,True,1.0,42,5887000000.0,486931348.2216708,0.0,0.0765459837465563
00985A,2025-11-24,2025-11-21,1,3,True,1.0,42,5711000000.0,468883415.4351396,0.0,-0.0370646351943541
00985A,2025-11-25,2025-11-24,1,1,True,1.0,42,5760000000.0,466774716.36952996,0.0,-0.004497277993192994
00985A,2025-11-26,2025-11-25,1,1,True,1.0,42,5875000000.0,470376301.04083264,0.0,0.007715894938172818
00985A,2025-11-27,2025-11-26,1,1,True,1.0,42,5968000000.0,471778656.1264822,0.0,0.0029813472374065064
00985A,2025-11-28,2025-11-27,1,1,True,1.0,47,6040000000.0,471875000.0,0.0,0.00020421414209126354
00985A,2025-12-01,2025-11-28,1,3,True,1.0,47,6097000000.0,481595576.6192733,0.0,0.02059989747130775
00985A,2025-12-02,2025-12-01,1,1,True,1.0,47,6025000000.0,476284584.9802371,0.0,-0.01102790784815455
00985A,2025-12-03,2025-12-02,1,1,True,1.0,47,6034000000.0,476619273.3017377,0.0,0.0007027066003291171
00985A,2025-12-04,2025-12-03,1,1,True,1.0,49,6073000000.0,481601903.25138783,0.0,0.010454109241393894
00985A,2025-12-05,2025-12-04,1,1,True,1.0,49,6064000000.0,477480314.96062994,0.0,-0.008558081400701023
00985A,2025-12-08,2025-12-05,1,3,True,1.0,49,6131000000.0,477492211.83800626,0.0,2.491595360809562e-05
00985A,2025-12-09,2025-12-08,1,1,True,1.0,49,6194000000.0,481274281.2742813,0.0,0.007920693453232985
00985A,2025-12-10,2025-12-09,1,1,True,1.0,49,6172000000.0,474769230.7692308,0.0,-0.013516306102680065
00985A,2025-12-11,2025-12-10,1,1,True,1.0,48,6223000000.0,480169753.0864197,0.0,0.011375047006392691
00985A,2025-12-12,2025-12-11,1,1,True,1.0,48,6257000000.0,478363914.37308866,0.0,-0.0037608339586646666
00985A,2025-12-15,2025-12-12,1,3,True,1.0,49,6453000000.0,498686244.2040186,0.0,0.04248299092033947
00985A,2025-12-16,2025-12-15,1,1,True,1.0,48,6465000000.000001,506661442.0062697,0.0,0.015992415862564613
00985A,2025-12-17,2025-12-16,1,1,True,1.0,48,6429000000.000001,505424528.30188686,0.0,-0.0024413022224168968
00985A,2025-12-18,2025-12-17,1,1,True,1.0,48,6577000000.0,517466561.7623918,0.0,0.023825581835063447
00985A,2025-12-19,2025-12-18,1,1,True,1.0,48,6568000000.000001,511128404.6692608,0.0,-0.012248437989006433
00985A,2025-12-22,2025-12-19,1,3,True,1.0,48,6634000000.0,509523809.52380955,0.0,-0.003139319065019519
00985A,2025-12-23,2025-12-22,1,1,True,1.0,48,6734000000.0,517204301.0752688,0.0,0.015073861923424747
00985A,2025-12-24,2025-12-23,1,1,True,1.0,48,6759000000.0,515167682.9268293,0.0,-0.003937744029207435
00985A,2025-12-26,2025-12-24,1,2,True,1.0,48,6831999999.999999,515233785.82202107,0.0,0.00012831335773277885
00985A,2025-12-29,2025-12-26,1,3,True,1.0,47,6827000000.0,512537537.5375375,0.0,-0.005233057999451396
00985A,2025-12-30,2025-12-29,1,1,True,1.0,47,6861000000.0,511633109.6196868,0.0,-0.0017646081537676661
00985A,2025-12-31,2025-12-30,1,1,True,1.0,47,6848999999.999999,510738255.033557,0.0,-0.0017490161783997316
00985A,2026-01-02,2025-12-31,1,2,True,1.0,47,6865000000.000001,503299120.2346042,0.0,-0.01456545446838331
00985A,2026-01-05,2026-01-02,1,3,True,1.0,48,6965000000.000001,501801152.7377522,0.0,-0.0029762966725507267
00985A,2026-01-06,2026-01-05,1,1,True,1.0,48,7097000000.0,502264685.0672328,0.0,0.0009237370758350405
00985A,2026-01-07,2026-01-06,1,1,True,1.0,48,7243000000.000001,510789844.85190415,0.0,0.016973440574525434
00985A,2026-01-08,2026-01-07,1,1,True,1.0,48,7251000000.000001,514985795.4545455,0.0,0.008214631995782762
00985A,2026-01-09,2026-01-08,1,1,True,1.0,49,7194000000.0,512028469.75088966,0.0,-0.0057425383957349085
00985A,2026-01-12,2026-01-09,1,3,True,1.0,49,7172000000.0,503651685.3932584,0.0,-0.016359997251142566
00985A,2026-01-13,2026-01-12,1,1,True,1.0,49,7262000000.0,508187543.736879,0.0,0.009005942946619827
00985A,2026-01-14,2026-01-13,1,1,True,1.0,48,7272000000.0,502904564.3153527,0.0,-0.010395727889508488
00985A,2026-01-15,2026-01-14,1,1,True,1.0,48,7347000000.0,508091286.3070539,0.0,0.010313531353135286
00985A,2026-01-16,2026-01-15,1,1,True,1.0,48,7343000000.000001,502945205.47945213,0.0,-0.010128260346688678
00985A,2026-01-19,2026-01-16,1,3,True,1.0,48,7451000000.000001,510342465.75342476,0.0,0.014707885060601944
00985A,2026-01-20,2026-01-19,1,1,True,1.0,50,7440000000.000001,507503410.6412006,0.0,-0.005563039140849879
00985A,2026-01-21,2026-01-20,1,1,True,1.0,50,7568000000.000001,525190839.69465655,0.0,0.0348518427316753
00985A,2026-01-22,2026-01-21,1,1,True,1.0,50,7459999999.999999,512010981.4687714,0.0,-0.02509536958707781
00985A,2026-01-23,2026-01-22,1,1,True,1.0,50,7595000000.0,514915254.2372881,0.0,0.005672286090789402
00985A,2026-01-26,2026-01-23,1,3,True,1.0,50,7698999999.999999,518102288.02153426,0.0,0.00618943361654134
00985A,2026-01-27,2026-01-26,1,1,True,1.0,50,7747000000.0,516811207.47164774,0.0,-0.002491941417237742
00985A,2026-01-28,2026-01-27,1,1,True,1.0,50,7809999999.999999,513815789.4736842,0.0,-0.005795961764486046
00985A,2026-01-29,2026-01-28,1,1,True,1.0,44,7918000000.000001,523331130.20489097,0.0,0.01851897299799532
00985A,2026-01-30,2026-01-29,1,1,True,1.0,50,7876000000.000001,527528466.1754857,0.0,0.008020420969322872
00985A,2026-02-02,2026-01-30,1,3,True,1.0,50,7765000000.000001,528590878.14840037,0.0,0.0020139424524652227
00985A,2026-02-03,2026-02-02,1,1,True,1.0,50,7667000000.0,510452729.6937417,0.0,-0.03431415335466015
00985A,2026-02-04,2026-02-03,1,1,True,1.0,50,7839000000.0,519139072.8476821,0.0,0.017016939372920925
00985A,2026-02-05,2026-02-04,1,1,True,1.0,50,7886000000.0,530329522.5285811,0.0,0.02155578392417068
00985A,2026-02-06,2026-02-05,1,1,True,1.0,50,7731999999.999999,525271739.1304347,0.0,-0.009537057967339169
00985A,2026-02-09,2026-02-06,1,3,True,1.0,50,7783000000.0,516114058.35543764,0.0,-0.017434177574748633
00985A,2026-02-10,2026-02-09,1,1,True,1.0,50,7964000000.0,519165580.18252933,0.0,0.005912495072920798
00985A,2026-02-11,2026-02-10,1,1,True,1.0,50,8130000000.0,523502897.6175145,0.0,0.008354400986021249
00985A,2026-02-23,2026-02-11,1,12,True,1.0,50,8223999999.999999,526167626.35956484,0.0,0.00509018909766823
00985A,2026-02-24,2026-02-23,1,1,True,1.0,50,8281999999.999999,516978776.5293383,0.0,-0.01746373089086095
00985A,2026-02-25,2026-02-24,1,1,True,1.0,50,8486000000.0,519021406.7278287,0.0,0.003951091014225527
00985A,2026-02-26,2026-02-25,1,1,True,1.0,49,8664000000.0,525090909.09090906,0.0,0.011694127225590822
00985A,2026-03-02,2026-02-26,1,4,True,1.0,50,8709000000.0,531360585.72300184,0.0,0.011940173641450835
00985A,2026-03-03,2026-03-02,1,1,True,1.0,50,8670000000.0,538844002.4860162,0.0,0.014083499913400521
00985A,2026-03-04,2026-03-03,1,1,True,1.0,50,8498000000.0,553976531.9426336,0.0,0.02808332167900529
00985A,2026-03-05,2026-03-04,1,1,True,1.0,50,8145000000.0,512909319.8992443,0.0,-0.07413168189522146
00985A,2026-03-06,2026-03-05,1,1,True,1.0,50,8339000000.0,522821316.61442006,0.0,0.01932504700269999
00985A,2026-03-09,2026-03-06,1,3,True,1.0,50,8380000000.0,552770448.5488126,0.0,0.057283685616208446
00985A,2026-03-10,2026-03-09,1,1,True,1.0,50,7973999999.999999,511481719.0506734,0.0,-0.07469416935462891
00985A,2026-03-11,2026-03-10,1,1,True,1.0,50,8181000000.0,504377311.96054256,0.0,-0.013889855346769564
00985A,2026-03-12,2026-03-11,1,1,True,1.0,50,8531999999.999999,528297213.622291,0.0,0.047424618622853076
00985A,2026-03-13,2026-03-12,1,1,True,1.0,50,8480000000.0,529668956.90193623,0.0,0.0025965370330836013
00985A,2026-03-16,2026-03-13,1,3,True,1.0,50,8419000000.0,525202744.8533998,0.0,-0.008432081945409009
00985A,2026-03-17,2026-03-16,1,1,True,1.0,50,8404000000.000001,516533497.2341734,0.0,-0.01650647812521666
00985A,2026-03-18,2026-03-17,1,1,True,1.0,50,8563000000.0,512447636.1460203,0.0,-0.007910157056669642
00985A,2026-03-19,2026-03-18,1,1,True,1.0,50,8760000000.0,528347406.5138722,0.0,0.031027112325914485
00985A,2026-03-20,2026-03-19,1,1,True,1.0,50,8666000000.0,522993361.49668074,0.0,-0.010133569222035899
00985A,2026-03-23,2026-03-20,1,3,True,1.0,50,8666000000.0,537926753.5692117,0.0,0.028553693358162713
00985A,2026-03-24,2026-03-23,1,1,True,1.0,49,8418000000.000001,525140361.8215845,0.0,-0.02376976356499816
00985A,2026-03-25,2026-03-24,1,1,True,1.0,49,8387000000.0,508611279.5633718,0.0,-0.03147555103339872
00985A,2026-03-26,2026-03-25,1,1,True,1.0,49,8616000000.0,523450789.7934386,0.0,0.029176526015715076
00985A,2026-03-27,2026-03-26,1,1,True,1.0,48,8602000000.0,525152625.1526252,0.0,0.003251185006059698
00985A,2026-03-30,2026-03-27,1,3,True,1.0,48,8553000000.0,532233976.35345364,0.0,0.013484367899275762
00985A,2026-03-31,2026-03-30,1,1,True,1.0,48,8386000000.0,538254172.0154043,0.0,0.011311182542680598
00985A,2026-04-01,2026-03-31,1,1,True,1.0,44,8134999999.999999,502160493.8271605,0.0,-0.06705694087441438
00985A,2026-04-02,2026-04-01,1,1,True,1.0,45,8470000000.0,532369578.8812068,0.0,0.060158227151266175
00985A,2026-04-07,2026-04-02,1,5,True,1.0,45,8284000000.0,514534161.4906832,0.0,-0.03350194695197528
00985A,2026-04-08,2026-04-07,1,1,True,1.0,46,8400000000.0,498812351.543943,0.0,-0.03055542493270369
00985A,2026-04-09,2026-04-08,1,1,True,1.0,47,8760000000.0,521428571.4285714,0.0,0.045340136054421665
00985A,2026-04-10,2026-04-09,1,1,True,1.0,44,8748000000.0,509493302.27140355,0.0,-0.02288955728771913
00985A,2026-04-13,2026-04-10,1,3,True,1.0,49,8880000000.0,518388791.5936953,0.0,0.01745948235753869
00985A,2026-04-14,2026-04-13,1,1,True,1.0,50,8871000000.0,509242250.28702635,0.0,-0.01764417258820261
00985A,2026-04-15,2026-04-14,1,1,True,1.0,49,8988000000.0,510102156.6401816,0.0,0.001688599782658562
00985A,2026-04-16,2026-04-15,1,1,True,1.0,50,9053000000.0,503224013.3407449,0.0,-0.013483854576777254
00985A,2026-04-17,2026-04-16,1,1,True,1.0,50,9250000000.0,507127192.9824562,0.0,0.00775634615645493
00985A,2026-04-20,2026-04-17,1,3,True,1.0,49,9318000000.0,495638297.8723404,0.0,-0.022654859114433767
00985A,2026-04-21,2026-04-20,1,1,True,1.0,46,9562000000.0,496985446.98544705,0.0,0.0027180085132436638
00985A,2026-04-22,2026-04-21,1,1,True,1.0,46,9832000000.0,507589055.24006194,0.0,0.021335852626938934
00985A,2026-04-23,2026-04-22,1,1,True,1.0,46,9932000000.0,518101199.7913406,0.0,0.02070995117557639
00985A,2026-04-24,2026-04-23,1,1,True,1.0,47,9937000000.0,502122283.981809,0.0,-0.03084130246362471
00985A,2026-04-27,2026-04-24,1,3,True,1.0,47,10274000000.0,509370352.00793254,0.0,0.014434866281270553
00985A,2026-04-28,2026-04-27,1,1,True,1.0,47,10406000000.0,518227091.6334662,0.0,0.017387622955714832
00985A,2026-04-29,2026-04-28,1,1,True,1.0,47,10417000000.0,521632448.6730095,0.0,0.006571167533541145
00985A,2026-04-30,2026-04-29,1,1,True,1.0,45,10392000000.0,521686746.98795176,0.0,0.00010409305456438034
00985A,2026-05-04,2026-04-30,1,4,True,1.0,45,10302000000.0,496721311.47540987,0.0,-0.04785522280695098
00985A,2026-05-05,2026-05-04,1,1,True,1.0,45,10798000000.0,520385542.1686747,0.0,0.04764086047158922
00985A,2026-05-06,2026-05-05,1,1,True,1.0,45,10779000000.0,514265267.1755725,0.0,-0.011761039646867033
00985A,2026-05-07,2026-05-06,1,1,True,1.0,45,10872000000.0,508274894.81065917,0.0,-0.011648409385711433
00985A,2026-05-08,2026-05-07,1,1,True,1.0,45,11138000000.0,522175339.89685893,0.0,0.027348281861093948
00985A,2026-05-11,2026-05-08,1,3,True,1.0,44,11108000000.0,512834718.3748846,0.0,-0.017887902411897305
00985A,2026-05-12,2026-05-11,1,1,True,1.0,44,11297000000.0,520359281.43712574,0.0,0.014672491531161569
00985A,2026-05-13,2026-05-12,1,1,True,1.0,44,11256000000.0,525735637.55254555,0.0,0.010332007724684678
00985A,2026-05-14,2026-05-13,1,1,True,1.0,44,11064000000.0,516767865.48341894,0.0,-0.017057569296375363
00985A,2026-05-15,2026-05-14,1,1,True,1.0,44,11153000000.0,533381157.3409852,0.0,0.03214846155734752
00985A,2026-05-18,2026-05-15,1,3,True,1.0,45,10913000000.0,527198067.6328503,0.0,-0.011592253725195012
00985A,2026-05-19,2026-05-18,1,1,True,1.0,45,10792000000.0,532412432.16576225,0.0,0.009890712529210699
00985A,2026-05-20,2026-05-19,1,1,True,1.0,44,10572000000.0,524665012.4069479,0.0,-0.014551538038469869
00985A,2026-05-21,2026-05-20,1,1,True,1.0,44,10385000000.0,498081534.7721822,0.0,-0.050667525003833536
00985A,2026-05-22,2026-05-21,1,1,True,1.0,45,10715000000.0,502344116.26816696,0.0,0.0085579994406626
00985A,2026-05-25,2026-05-22,1,3,True,1.0,45,10889000000.0,496534427.7245782,0.0,-0.011565156942113686
00985A,2026-05-26,2026-05-25,1,1,True,1.0,45,11176000000.0,507078039.92740476,0.0,0.021234403123150614
00985A,2026-05-27,2026-05-26,1,1,True,1.0,45,11232000000.0,506402164.1118125,0.0,-0.0013328832297471171
00985A,2026-05-28,2026-05-27,1,1,True,1.0,45,11331000000.0,525069508.8044486,0.0,0.03686268743613508
00985A,2026-05-29,2026-05-28,1,1,True,1.0,45,11072000000.0,499864559.8194131,0.0,-0.04800307114085833
00985A,2026-06-01,2026-05-29,1,3,True,1.0,44,11277000000.0,502988403.21141833,0.0,0.006249379618218587
00985A,2026-06-02,2026-06-01,1,1,True,1.0,44,11434000000.0,512046574.11553967,0.0,0.018008707251077505
00985A,2026-06-03,2026-06-02,1,1,True,1.0,44,11278000000.0,499026548.67256635,0.0,-0.02542742418590116
00985A,2026-06-04,2026-06-03,1,1,True,1.0,44,11416000000.0,510326329.90612423,0.0,0.02264364744444114
00985A,2026-06-05,2026-06-04,1,1,True,1.0,45,11230000000.0,510454545.45454544,0.0,0.00025124227559403245
00985A,2026-06-08,2026-06-05,1,3,True,1.0,45,11013000000.0,515348619.560131,0.0,0.009587678568377722
00985A,2026-06-09,2026-06-08,1,1,True,1.0,45,10710000000.0,487482931.26991355,0.0,-0.0540715298975708
00985A,2026-06-10,2026-06-09,1,1,True,1.0,45,10993000000.0,518537735.8490566,0.0,0.0637043937071684
00985A,2026-06-11,2026-06-10,1,1,True,1.0,45,10597000000.0,503420427.55344415,0.0,-0.029153728360500675
00985A,2026-06-12,2026-06-11,1,1,True,1.0,45,10548000000.0,491748251.74825174,0.0,-0.023185741313513253
00985A,2026-06-15,2026-06-12,1,3,True,1.0,40,10651000000.0,484576888.08007276,0.0,-0.014583404501558483
00985A,2026-06-16,2026-06-15,1,1,True,1.0,47,10852000000.0,491485507.2463769,0.0,0.014257013357934945
00985A,2026-06-17,2026-06-16,1,1,True,1.0,47,10952000000.0,493778178.5392245,0.0,0.0046647790403682166
00985A,2026-06-18,2026-06-17,1,1,True,1.0,47,10877000000.0,484067645.7498888,0.0,-0.019665779516751858
00985A,2026-06-22,2026-06-18,1,4,True,1.0,47,10986000000.0,478276012.18981284,0.0,-0.011964512833952945
00985A,2026-06-23,2026-06-22,1,1,True,1.0,47,11183000000.0,495700354.6099291,0.0,0.036431562478615565
00985A,2026-06-24,2026-06-23,1,1,True,0.9736842105263158,47,10984000000.0,494774774.7747748,-0.02631578947368418,-0.0018672164071430464
00985A,2026-06-25,2026-06-24,1,1,True,1.0,47,10649000000.0,480984643.1797651,0.0,-0.027871533267408544
00985A,2026-06-26,2026-06-25,1,1,True,1.0,47,10640000000.0,500941619.5856874,0.0,0.04149192014528302
00985A,2026-06-29,2026-06-26,1,3,True,1.0,47,10219000000.0,479090482.88795125,0.0,-0.043620126265029646
00985A,2026-06-30,2026-06-29,1,1,True,1.0,47,10275000000.0,465564114.1821477,0.0,-0.02823343228249242
00985A,2026-07-01,2026-06-30,1,1,True,0.8263888888888888,47,10525000000.0,469866071.42857146,-0.17361111111111116,0.00924031108793888
00985A,2026-07-02,2026-07-01,1,1,True,1.0,47,10654000000.0,474143302.1806854,0.0,0.009103084926114224
00985A,2026-07-03,2026-07-02,1,1,True,1.0,47,10563000000.0,469466666.6666667,0.0,-0.00986333771353487
00985A,2026-07-06,2026-07-03,1,3,True,1.0,47,10582000000.0,474529147.98206276,0.0,0.010783473406836386
00985A,2026-07-07,2026-07-06,1,1,True,1.0,47,10404000000.0,482560296.84601116,0.0,0.01692445848290025
00985A,2026-07-08,2026-07-07,1,1,True,1.0,47,10080000000.0,468401486.9888476,0.0,-0.02934101696659419
00985A,2026-07-09,2026-07-08,1,1,True,1.0,47,10131000000.0,467081604.42600274,0.0,-0.0028178445190893964
00985A,2026-07-13,2026-07-09,1,4,True,1.0,46,10180000000.0,469773880.9413936,0.0,0.005764038852909659
00985A,2026-07-14,2026-07-13,1,1,True,1.0,48,10145000000.0,478989612.84230405,0.0,0.019617378221289616
00985A,2026-07-15,2026-07-14,1,1,True,1.0,48,9930000000.0,457603686.6359447,0.0,-0.044647995766455506
00985A,2026-07-16,2026-07-15,1,1,True,1.0,49,10162000000.0,470462962.9629629,0.0,0.028101339002648107
00985A,2026-07-17,2026-07-16,1,1,True,1.0,49,10111000000.0,498570019.72386587,0.0,0.059743399531145824
00985A,2026-07-20,2026-07-17,1,3,True,1.0,49,9496000000.0,474088866.69995004,0.0,-0.04910273794135234
00985A,2026-07-21,2026-07-20,1,1,True,1.0,48,9399000000.0,453182256.50916106,0.0,-0.04409850485694011
00985A,2026-07-22,2026-07-21,1,1,True,1.0,49,9795000000.0,459643359.9249179,0.0,0.014257185322140264
00985A,2026-07-23,2026-07-22,1,1,True,1.0,49,10028000000.0,471019257.86754346,0.0,0.024749401241179303
00985A,2026-07-24,2026-07-23,1,1,True,1.0,49,10012000000.0,485312651.4784295,0.0,0.030345667129613396
00985A,2026-07-27,2026-07-24,1,3,True,1.0,48,9646000000.0,465765330.7580879,0.0,-0.04027778929890613
00985A,2026-07-28,2026-07-27,1,1,True,1.0,49,9707000000.0,495255102.0408163,0.0,0.06331465511769707
00985A,2026-07-29,2026-07-28,1,1,True,1.0,49,9182000000.0,492860976.91894794,0.0,-0.004834125104421605
00985A,2026-07-30,2026-07-29,1,1,True,1.0,49,8729000000.0,476213857.06492096,0.0,-0.03377650216516259
00985A,2026-07-31,2026-07-30,1,1,True,1.0,49,8522000000.0,428456510.809452,0.0,-0.1002855031346942
00985A,2026-08-03,2026-07-31,1,3,True,1.0,49,9423000000.0,463730314.96062994,0.0,0.08232761846596204
00985A,2026-08-04,2026-08-03,1,1,True,1.0,49,9643000000.0,461166905.7867049,0.0,-0.0055278015933520885
00985A,2026-08-05,2026-08-04,1,1,True,1.0,48,9825000000.0,457828518.17334574,0.0,-0.00723900082913409
00985A,2026-08-06,2026-08-05,1,1,True,1.0,46,10063000000.0,462241616.90399635,0.0,0.009639195802520373
00985A,2026-08-07,2026-08-06,1,1,True,1.0,45,10198000000.0,474767225.3258845,0.0,0.027097535063550282
00985A,2026-08-10,2026-08-07,1,3,True,1.0,47,10046000000.0,460614397.0655663,0.0,-0.029810036382784455
00985A,2026-08-11,2026-08-10,1,1,True,1.0,47,10107000000.0,463411279.2297112,0.0,0.0060720684849691064
00985A,2026-08-12,2026-08-11,1,1,True,1.0,47,10103000000.0,454271582.733813,0.0,-0.019722645748049827
00985A,2026-08-13,2026-08-12,1,1,True,1.0,47,10220000000.0,450617283.9506173,0.0,-0.00804430416096924
00985A,2026-08-14,2026-08-13,1,1,True,1.0,48,10401000000.0,459611135.6606275,0.0,0.019958958589337605
00985A,2026-08-17,2026-08-14,1,3,True,1.0,48,10312000000.0,449520488.2301656,0.0,-0.021954749673238405
00985A,2026-08-18,2026-08-17,1,1,True,1.0,47,10400000000.0,460584588.1310895,0.0,0.024613115954925657
00985A,2026-08-19,2026-08-18,1,1,True,1.0,49,10267000000.0,459168157.4239714,0.0,-0.0030752889775698122
00985A,2026-08-20,2026-08-19,1,1,True,1.0,49,10160000000.0,451957295.37366545,0.0,-0.015704185784049973
00985A,2026-08-21,2026-08-20,1,1,True,1.0,49,10199000000.0,456535362.5783348,0.0,0.010129424287496747
00985A,2026-08-24,2026-08-21,1,3,True,1.0,48,10133000000.0,456235929.76136875,0.0,-0.000655880883520088
00985A,2026-08-25,2026-08-24,1,1,True,1.0,47,10034000000.0,445559502.6642984,0.0,-0.023401109821961086
00985A,2026-08-26,2026-08-25,1,1,True,1.0,49,10192000000.0,442745438.748914,0.0,-0.0063157982234858245
00985A,2026-08-27,2026-08-26,1,1,True,1.0,48,10408000000.0,447463456.57781595,0.0,0.01065627653270429
00985A,2026-08-28,2026-08-27,1,1,True,1.0,46,10509000000.0,451223701.15929586,0.0,0.00840346742555953
00985A,2026-08-31,2026-08-28,1,3,True,1.0,48,10533000000.0,458355091.383812,0.0,0.015804555935767572
00985A,2026-09-01,2026-08-31,1,1,True,1.0,47,10411000000.0,443021276.59574467,0.0,-0.03345400776889651
00985A,2026-09-02,2026-09-01,1,1,True,1.0,48,10620000000.0,458351316.35735863,0.0,0.03460339394850909
00985A,2026-09-03,2026-09-02,1,1,True,1.0,48,10491000000.0,459325744.3082312,0.0,0.002125941207318016
00985A,2026-09-04,2026-09-03,1,1,True,1.0,46,10360000000.0,445975032.2858373,0.0,-0.029065891010530587
00985A,2026-09-07,2026-09-04,1,3,True,1.0,44,10523000000.0,451243567.7530017,0.0,0.01181352112955869
00985A,2026-09-08,2026-09-07,1,1,True,1.0,44,10599000000.0,458831168.83116883,0.0,0.016814868112026815
00985A,2026-09-09,2026-09-08,1,1,True,1.0,44,10502000000.0,453650107.9913607,0.0,-0.01129186766672019
00985A,2026-09-10,2026-09-09,1,1,True,1.0,44,10543000000.0,458192090.3954802,0.0,0.010012082713327652
00985A,2026-09-11,2026-09-10,1,1,True,1.0,44,10493000000.0,462246696.0352423,0.0,0.0088491393124277
00985A,2026-09-14,2026-09-11,1,3,True,1.0,44,10324000000.0,457827050.9977827,0.0,-0.009561225802947937
00985A,2026-09-15,2026-09-14,1,1,True,1.0,44,10249000000.0,458158247.6531068,0.0,0.0007234099745794254
00985A,2026-09-16,2026-09-15,1,1,True,1.0,44,10168000000.0,451109139.3078971,0.0,-0.015385750188539493
00985A,2026-09-17,2026-09-16,1,1,True,1.0,44,10251000000.0,453584070.79646015,0.0,0.005486325310013029
00985A,2026-09-18,2026-09-17,1,1,True,1.0,46,10267000000.0,445422993.4924078,0.0,-0.01799242484358432
00985A,2026-09-21,2026-09-18,1,3,True,1.0,47,10497000000.0,451678141.1359725,0.0,0.014043162869793235
00985A,2026-09-22,2026-09-21,1,1,True,1.0,47,10563000000.0,452183219.1780822,0.0,0.0011182255595532098
00985A,2026-09-23,2026-09-22,1,1,True,1.0,47,10648000000.0,454266211.6040955,0.0,0.004606523058948264
00985A,2026-09-24,2026-09-23,1,1,True,1.0,46,10685000000.0,455068143.1005111,0.0,0.0017653337975187533
00985A,2026-09-29,2026-09-24,1,5,True,1.0,49,10666000000.0,457768240.3433476,0.0,0.005933391039943947
00985A,2026-09-30,2026-09-29,1,1,True,1.0,47,10548000000.0,448851063.82978725,0.0,-0.019479674926491275
00985A,2026-10-01,2026-09-30,1,1,True,1.0,49,10602000000.0,445275094.49811006,0.0,-0.007966939637316428
00985A,2026-10-02,2026-10-01,1,1,True,1.0,49,11416000000.0,474875207.98668885,0.0,0.06647601416365423
00985A,2026-10-05,2026-10-02,1,3,True,1.0,48,13240000000.0,538649308.3807974,0.0,0.13429654638002542
00985A,2026-10-06,2026-10-05,1,1,True,1.0,49,14794999999.999998,602647657.8411404,0.0,0.11881264575039507
00985A,2026-10-07,2026-10-06,1,1,True,1.0,49,15968000000.0,651755102.0408163,0.0,0.0814861612100064
00985A,2026-10-08,2026-10-07,1,1,True,1.0,50,16513999999.999998,679029605.2631578,0.0,0.04184777861644329
00986A,2025-08-26,2025-08-25,1,1,True,1.2287581699346406,32,,,0.2287581699346406,
00986A,2025-08-27,2025-08-26,1,1,True,1.086111111111111,40,1263000000.0,125796812.74900399,0.08611111111111103,
00986A,2025-08-28,2025-08-27,1,1,True,1.0,40,1270000000.0,126494023.90438248,0.0,0.005542359461599311
00986A,2025-08-29,2025-08-28,1,1,True,1.0,40,1257000000.0,123477406.67976424,0.0,-0.023847903098556777
00986A,2025-09-01,2025-08-29,1,3,True,1.0,40,1273000000.0,126289682.53968254,0.0,0.02277563106918712
00986A,2025-09-02,2025-09-01,1,1,True,1.0,40,1249000000.0,124031777.5571003,0.0,-0.017878776295702226
00986A,2025-09-03,2025-09-02,1,1,True,1.0,40,1249000000.0,124402390.43824703,0.0,0.0029880478087651596
00986A,2025-09-04,2025-09-03,1,1,True,1.0,40,1209000000.0,119702970.2970297,0.0,-0.037775963344933494
00986A,2025-09-05,2025-09-04,1,1,True,1.0,40,1186000000.0,116160626.83643486,0.0,-0.02959277828950202
00986A,2025-09-08,2025-09-05,1,3,True,1.0,39,1173000000.0,115000000.00000001,0.0,-0.009991568296795705
00986A,2025-09-09,2025-09-08,1,1,True,1.0,39,1141000000.0,110884353.74149661,0.0,-0.03578822833481221
00986A,2025-09-10,2025-09-09,1,1,True,1.0,39,1154000000.0,110748560.46065259,0.0,-0.001224638790433774
00986A,2025-09-11,2025-09-10,1,1,True,1.0,42,1141000000.0,108666666.66666667,0.0,-0.01879838243789711
00986A,2025-09-12,2025-09-11,1,1,True,1.0,42,1213000000.0,115633937.08293612,0.0,0.06411598542579244
00986A,2025-09-15,2025-09-12,1,3,True,1.0,41,1199000000.0,114517669.53199618,0.0,-0.009653459694443534
00986A,2025-09-16,2025-09-15,1,1,True,1.0,40,1193000000.0,113403041.82509506,0.0,-0.009733237774190773
00986A,2025-09-17,2025-09-16,1,1,True,1.0,39,1186000000.0,113276026.74307545,0.0,-0.0011200324080857804
00986A,2025-09-18,2025-09-17,1,1,True,1.0,39,1128000000.0,107530981.88751191,0.0,-0.05071721723250444
00986A,2025-09-19,2025-09-18,1,1,True,1.0,39,1119000000.0,105765595.463138,0.0,-0.01641746772312258
00986A,2025-09-22,2025-09-19,1,3,True,1.0,40,1128000000.0,105617977.5280899,0.0,-0.0013957084475504367
00986A,2025-09-23,2025-09-22,1,1,True,1.0,40,1140000000.0,106641721.23479888,0.0,0.009692892542244591
00986A,2025-09-24,2025-09-23,1,1,True,1.0,40,1134000000.0,106378986.86679174,0.0,-0.002463710871926539
00986A,2025-09-25,2025-09-24,1,1,True,1.0,40,1115000000.0,105487228.0037843,0.0,-0.008382847865660792
00986A,2025-09-26,2025-09-25,1,1,True,1.0,40,1095000000.0,104186489.05803996,0.0,-0.012330771889253467
00986A,2025-09-30,2025-09-26,1,4,True,1.0,40,1069999999.9999999,100943396.22641508,0.0,-0.031127767726372157
00986A,2025-10-01,2025-09-30,1,1,True,1.0,40,1039000000.0,98111425.87346554,0.0,-0.0280550334030516
00986A,2025-10-02,2025-10-01,1,1,True,1.0,40,1048000000.0,98219306.46672915,0.0,0.0010995721681055226
00986A,2025-10-03,2025-10-02,1,1,True,1.0,40,1051000000.0,97676579.92565057,0.0,-0.00552566048979819
00986A,2025-10-07,2025-10-03,1,4,True,1.0,41,1044999999.9999999,97299813.7802607,0.0,-0.003857282325780198
00986A,2025-10-08,2025-10-07,1,1,True,1.0,40,1025000000.0,95348837.20930232,0.0,-0.02005118504506498
00986A,2025-10-09,2025-10-08,1,1,True,1.0,40,1019000000.0,93486238.5321101,0.0,-0.019534571492503816
00986A,2025-10-13,2025-10-09,1,4,True,1.0,40,1025000000.0,95437616.38733706,0.0,0.02087342357406663
00986A,2025-10-14,2025-10-13,1,1,True,1.0,40,1005000000.0000001,93141797.96107508,0.0,-0.0240556974615157
00986A,2025-10-15,2025-10-14,1,1,True,1.0,40,998000000.0,92837209.30232558,0.0,-0.0032701608237882818
00986A,2025-10-16,2025-10-15,1,1,True,1.0,40,980000000.0000001,90740740.74074075,0.0,-0.022582201439916738
00986A,2025-10-17,2025-10-16,1,1,True,1.0,42,985000000.0,91884328.35820895,0.0,0.012602802314955808
00986A,2025-10-20,2025-10-17,1,3,True,1.0,42,986000000.0,91296296.29629628,0.0,-0.006399699191577457
00986A,2025-10-21,2025-10-20,1,1,True,1.0,42,978999999.9999999,90147329.65009208,0.0,-0.012585030201830993
00986A,2025-10-22,2025-10-21,1,1,True,1.0,42,972000000.0000001,89585253.45622121,0.0,-0.006235084234359256
00986A,2025-10-23,2025-10-22,1,1,True,1.0,42,959000000.0,89126394.05204462,0.0,-0.005122041703000013
00986A,2025-10-27,2025-10-23,1,4,True,1.0,42,949000000.0,84807864.16443253,0.0,-0.04845399540219608
00986A,2025-10-28,2025-10-27,1,1,True,1.0,42,966000000.0,85943060.49822064,0.0,0.013385507876806146
00986A,2025-10-29,2025-10-28,1,1,True,1.0,42,985000000.0,86860670.19400352,0.0,0.010676949255279178
00986A,2025-10-30,2025-10-29,1,1,True,1.0,42,994999999.9999999,86371527.77777778,0.0,-0.005631345177664948
00986A,2025-10-31,2025-10-30,1,1,True,1.0,42,1001000000.0,86967854.03996524,0.0,0.006904199538090072
00986A,2025-11-03,2025-10-31,1,3,True,1.0,42,986000000.0,85664639.44396177,0.0,-0.014985014985014922
00986A,2025-11-04,2025-11-03,1,1,True,1.0,42,998000000.0,86933797.90940766,0.0,0.014815429956675619
00986A,2025-11-05,2025-11-04,1,1,True,1.0,42,1015000000.0,90302491.10320285,0.0,0.03875009806089058
00986A,2025-11-06,2025-11-05,1,1,True,1.0,42,991000000.0,87006145.74187884,0.0,-0.0365033712919034
00986A,2025-11-07,2025-11-06,1,1,True,1.0,42,985000000.0,87633451.95729537,0.0,0.007209906956200163
00986A,2025-11-10,2025-11-07,1,3,True,1.0,42,965000000.0,85247349.82332155,0.0,-0.027228211153163207
00986A,2025-11-11,2025-11-10,1,1,True,1.0,42,961000000.0,83856893.5427574,0.0,-0.01631084465905297
00986A,2025-11-12,2025-11-11,1,1,True,1.0,42,980000000.0000001,85589519.65065503,0.0,0.02066170155723901
00986A,2025-11-13,2025-11-12,1,1,True,1.0,42,974000000.0,85214348.2064742,0.0,-0.004383380648847468
00986A,2025-11-14,2025-11-13,1,1,True,1.0,42,964000000.0,87003610.10830325,0.0,0.020997190490663176
00986A,2025-11-17,2025-11-14,1,3,True,1.0,42,936000000.0,83795881.8263205,0.0,-0.03686891012901339
00986A,2025-11-18,2025-11-17,1,1,True,1.0,42,927999999.9999999,84517304.18943532,0.0,0.008609281833325433
00986A,2025-11-19,2025-11-18,1,1,True,1.0,42,922000000.0000001,84820607.17571299,0.0,0.0035886495574664057
00986A,2025-11-20,2025-11-19,1,1,True,1.0,41,910000000.0,81322609.47274353,0.0,-0.04123995122698265
00986A,2025-11-21,2025-11-20,1,1,True,1.0,41,919999999.9999999,85422469.82358402,0.0,0.05041476629220343
00986A,2025-11-24,2025-11-21,1,3,True,1.0,41,880000000.0000001,81105990.78341015,0.0,-0.05053095572029631
00986A,2025-11-25,2025-11-24,1,1,True,1.0,41,882000000.0,78890876.56529517,0.0,-0.027311351439258447
00986A,2025-11-26,2025-11-25,1,1,True,1.0,41,914000000.0,81100266.1934339,0.0,0.028005641771644996
00986A,2025-11-27,2025-11-26,1,1,True,1.0,41,922000000.0000001,81305114.63844799,0.0,0.0025258664937732878
00986A,2025-11-28,2025-11-27,1,1,True,1.0,41,931000000.0,81738366.98858647,0.0,0.005328721963742344
00986A,2025-12-01,2025-11-28,1,3,True,1.0,40,931000000.0,82026431.71806167,0.0,0.0035242290748900285
00986A,2025-12-02,2025-12-01,1,1,True,1.0,40,942000000.0,82776801.40597539,0.0,0.009147901136219883
00986A,2025-12-03,2025-12-02,1,1,True,1.0,39,892000000.0,78108581.43607706,0.0,-0.056395268850788716
00986A,2025-12-04,2025-12-03,1,1,True,1.0,39,897000000.0000001,78546409.80735552,0.0,0.005605381165919354
00986A,2025-12-05,2025-12-04,1,1,True,1.0,39,886999999.9999999,77063423.11033882,0.0,-0.018880388048975183
00986A,2025-12-08,2025-12-05,1,3,True,1.0,39,877999999.9999999,76281494.35273674,0.0,-0.01014656144306647
00986A,2025-12-09,2025-12-08,1,1,True,1.0,39,880000000.0000001,76256499.13344888,0.0,-0.00032767081321549707
00986A,2025-12-10,2025-12-09,1,1,True,1.0,38,871000000.0000001,75150992.23468508,0.0,-0.014497215467879854
00986A,2025-12-11,2025-12-10,1,1,True,1.0,38,875000000.0,76153176.67536989,0.0,0.013335611558595861
00986A,2025-12-12,2025-12-11,1,1,True,1.0,38,868000000.0,74892148.40379637,0.0,-0.016559102674719606
00986A,2025-12-15,2025-12-12,1,3,True,1.0,38,855000000.0000001,75131810.19332162,0.0,0.003200092327877435
00986A,2025-12-16,2025-12-15,1,1,True,1.0,38,828999999.9999999,73885918.00356504,0.0,-0.016582752186467542
00986A,2025-12-17,2025-12-16,1,1,True,1.0,38,827000000.0,73511111.1111111,0.0,-0.005072778447929083
00986A,2025-12-18,2025-12-17,1,1,True,1.0,38,827000000.0,74638989.1696751,0.0,0.015342960288808882
00986A,2025-12-19,2025-12-18,1,1,True,1.0,38,799000000.0,71275646.74397859,0.0,-0.04506146804923494
00986A,2025-12-22,2025-12-19,1,3,True,1.0,38,813000000.0000001,70695652.17391305,0.0,-0.008137345595037204
00986A,2025-12-23,2025-12-22,1,1,True,1.0,38,826000000.0,71268334.77135462,0.0,0.008100676347574387
00986A,2025-12-24,2025-12-23,1,1,True,1.0,38,825000000.0,70998278.82960413,0.0,-0.003789283734731308
00986A,2025-12-26,2025-12-24,1,2,True,1.0,38,828999999.9999999,70854700.85470085,0.0,-0.002022274022274173
00986A,2025-12-29,2025-12-26,1,3,True,1.0,38,813000000.0000001,69725557.46140653,0.0,-0.01593604065324916
00986A,2025-12-30,2025-12-29,1,1,True,1.0,38,811000000.0,70095073.46585998,0.0,0.005299577628446794
00986A,2025-12-31,2025-12-30,1,1,True,1.0,41,806000000.0,69904596.70424978,0.0,-0.0027174058345622587
00986A,2026-01-02,2025-12-31,1,2,True,1.0,41,785000000.0,67965367.96536796,0.0,-0.027741076128173003
00986A,2026-01-05,2026-01-02,1,3,True,1.0,41,781000000.0,67096219.93127147,0.0,-0.012788101648171235
00986A,2026-01-06,2026-01-05,1,1,True,1.0,41,787000000.0,66921768.70748299,0.0,-0.0026000156784864448
00986A,2026-01-07,2026-01-06,1,1,True,1.0,41,785000000.0,65966386.554621845,0.0,-0.014276104342626605
00986A,2026-01-08,2026-01-07,1,1,True,1.0,40,789000000.0,66025104.60251047,0.0,0.000890120725954846
00986A,2026-01-09,2026-01-08,1,1,True,1.0,39,776000000.0,65930331.350892104,0.0,-0.001435412366082911
00986A,2026-01-12,2026-01-09,1,3,True,1.0,39,762000000.0,64795918.36734694,0.0,-0.01720623816536926
00986A,2026-01-13,2026-01-12,1,1,True,1.0,38,770000000.0,64705882.35294118,0.0,-0.001389532190829157
00986A,2026-01-14,2026-01-13,1,1,True,1.0,38,773000000.0,64794635.37300922,0.0,0.0013716375828698446
00986A,2026-01-15,2026-01-14,1,1,True,1.0,36,771000000.0,65449915.11035654,0.0,0.01011317887005636
00986A,2026-01-16,2026-01-15,1,1,True,1.0,37,758000000.0,63912310.28667791,0.0,-0.023492846722353078
00986A,2026-01-19,2026-01-16,1,3,True,1.0,40,767000000.0,65276595.74468085,0.0,0.021346207825745145
00986A,2026-01-20,2026-01-19,1,1,True,1.0,38,765000000.0,65161839.8637138,0.0,-0.0017579942651405611
00986A,2026-01-21,2026-01-20,1,1,True,1.0,38,765000000.0,65384615.38461539,0.0,0.0034188034188034067
00986A,2026-01-22,2026-01-21,1,1,True,1.0,37,753000000.0,63867684.47837151,0.0,-0.023200119742553538
00986A,2026-01-23,2026-01-22,1,1,True,1.0,37,747000000.0,63358778.6259542,0.0,-0.007968127490039834
00986A,2026-01-26,2026-01-23,1,3,True,1.0,37,742000000.0,63581833.76178235,0.0,0.003520508770299635
00986A,2026-01-27,2026-01-26,1,1,True,1.0,37,740000000.0,62552831.783601016,0.0,-0.0161838990368951
00986A,2026-01-28,2026-01-27,1,1,True,1.0,36,742000000.0,61833333.333333336,0.0,-0.01150225225225221
00986A,2026-01-29,2026-01-28,1,1,True,1.0,37,754000000.0,62417218.543046355,0.0,0.009442887488620322
00986A,2026-01-30,2026-01-29,1,1,True,1.0,37,759000000.0,63461538.46153846,0.0,0.016731279330748805
00986A,2026-02-02,2026-01-30,1,3,True,1.0,36,754000000.0,63952502.12044106,0.0,0.007736397049374233
00986A,2026-02-03,2026-02-02,1,1,True,1.0,34,737000000.0,60708401.976935744,0.0,-0.05072671179300747
00986A,2026-02-04,2026-02-03,1,1,True,1.0,34,734000000.0,61217681.40116764,0.0,0.008388944654240449
00986A,2026-02-05,2026-02-04,1,1,True,1.0,34,729000000.0,61832061.068702295,0.0,0.010035983942425775
00986A,2026-02-06,2026-02-05,1,1,True,1.0,33,714000000.0,61711322.38547969,0.0,-0.0019526873459458916
00986A,2026-02-09,2026-02-06,1,3,True,1.0,33,674000000.0,55794701.98675497,0.0,-0.09587576752555327
00986A,2026-02-10,2026-02-09,1,1,True,1.0,33,698000000.0,57119476.26841243,0.0,0.023743728965017974
00986A,2026-02-11,2026-02-10,1,1,True,1.0,34,708000000.0,57937806.87397708,0.0,0.014326647564469885
00986A,2026-02-23,2026-02-11,1,12,True,1.0,33,705000000.0,58120362.73701566,0.0,0.003150893568264701
00986A,2026-02-24,2026-02-23,1,1,True,1.0,33,710000000.0,58244462.674323216,0.0,0.002135223034809508
00986A,2026-02-25,2026-02-24,1,1,True,1.0,33,697000000.0,56944444.44444444,0.0,-0.022320031298904586
00986A,2026-02-26,2026-02-25,1,1,True,1.0,33,691000000.0,55951417.004048586,0.0,-0.017438530660610074
00986A,2026-03-02,2026-02-26,1,4,True,1.0,33,681000000.0,56095551.89456342,0.0,0.0025760722110828027
00986A,2026-03-03,2026-03-02,1,1,True,1.0,33,662000000.0,53996737.35725938,0.0,-0.03741499043006036
00986A,2026-03-04,2026-03-03,1,1,True,1.0,33,663000000.0,55996621.62162162,0.0,0.03703713154241872
00986A,2026-03-05,2026-03-04,1,1,True,1.0,33,645000000.0,53349875.93052109,0.0,-0.047266167394615755
00986A,2026-03-06,2026-03-05,1,1,True,1.0,33,650000000.0,54211843.20266889,0.0,0.016156874915142394
00986A,2026-03-09,2026-03-06,1,3,True,1.0,33,640000000.0,56387665.19823789,0.0,0.040135547272111216
00986A,2026-03-10,2026-03-09,1,1,True,1.0,33,621000000.0,52010050.25125629,0.0,-0.07763426507537685
00986A,2026-03-11,2026-03-10,1,1,True,1.0,33,637000000.0,52213114.75409836,0.0,0.0039043319870117887
00986A,2026-03-12,2026-03-11,1,1,True,1.0,33,646000000.0,53743760.399334446,0.0,0.029315348307504152
00986A,2026-03-13,2026-03-12,1,1,True,1.0,33,641000000.0,53685092.12730318,0.0,-0.0010916294579191854
00986A,2026-03-16,2026-03-13,1,3,True,1.0,33,629000000.0,52857142.85714286,0.0,-0.015422331178961413
00986A,2026-03-17,2026-03-16,1,1,True,1.0,33,626000000.0,52516778.52348993,0.0,-0.006439325231271664
00986A,2026-03-18,2026-03-17,1,1,True,1.0,33,633000000.0,52227722.77227723,0.0,-0.005504064783475093
00986A,2026-03-19,2026-03-18,1,1,True,1.0,33,636000000.0,52692626.34631317,0.0,0.008901471275380102
00986A,2026-03-20,2026-03-19,1,1,True,1.0,33,627000000.0,51732673.267326735,0.0,-0.018217977458123036
00986A,2026-03-23,2026-03-20,1,3,True,1.0,32,622000000.0,52846219.20135939,0.0,0.021525002743980615
00986A,2026-03-24,2026-03-23,1,1,True,1.0,32,601000000.0,50589225.58922558,0.0,-0.04270870549005612
00986A,2026-03-25,2026-03-24,1,1,True,1.0,32,608000000.0,50206440.95788605,0.0,-0.0075665248258131035
00986A,2026-03-26,2026-03-25,1,1,True,1.0,32,604000000.0,50333333.333333336,0.0,0.0025274122807017463
00986A,2026-03-27,2026-03-26,1,1,True,1.0,32,605000000.0,51797945.20547945,0.0,0.02909824911548564
00986A,2026-03-30,2026-03-27,1,3,True,1.0,30,579000000.0,50834064.96927129,0.0,-0.018608464725473284
00986A,2026-03-31,2026-03-30,1,1,True,1.0,30,571000000.0,51073345.25939177,0.0,0.004707085499952246
00986A,2026-04-01,2026-03-31,1,1,True,1.0,30,559000000.0,48356401.38408304,0.0,-0.05319690459886439
00986A,2026-04-02,2026-04-01,1,1,True,1.0,30,579000000.0,49487179.48717949,0.0,0.023384248428971244
00986A,2026-04-07,2026-04-02,1,5,True,1.0,30,588000000.0,49370277.07808564,0.0,-0.002362276660445639
00986A,2026-04-08,2026-04-07,1,1,True,1.0,30,590000000.0,47200000.0,0.0,-0.04395918367346929
00986A,2026-04-09,2026-04-08,1,1,True,1.0,30,598000000.0,47460317.46031746,0.0,0.005515200430454614
00986A,2026-04-10,2026-04-09,1,1,True,1.0,30,632000000.0,49607535.321821034,0.0,0.045242383035025036
00986A,2026-04-13,2026-04-10,1,3,True,1.0,29,622000000.0,49014972.41922774,0.0,-0.01194501800480785
00986A,2026-04-14,2026-04-13,1,1,True,1.0,29,614000000.0,47744945.56765164,0.0,-0.025910997984727957
00986A,2026-04-15,2026-04-14,1,1,True,1.0,28,618000000.0,47356321.83908046,0.0,-0.008139578419259497
00986A,2026-04-16,2026-04-15,1,1,True,1.0,27,626000000.0,47859327.21712538,0.0,0.01062171550725921
00986A,2026-04-17,2026-04-16,1,1,True,1.0,27,626000000.0,47677075.39984767,0.0,-0.0038080731150038627
00986A,2026-04-20,2026-04-17,1,3,True,1.0,27,617000000.0,46777862.0166793,0.0,-0.01886049795687017
00986A,2026-04-21,2026-04-20,1,1,True,1.0,27,611000000.0,46182917.611489035,0.0,-0.012718503572868078
00986A,2026-04-22,2026-04-21,1,1,True,1.0,27,606000000.0,45909090.909090914,0.0,-0.005929177205772795
00986A,2026-04-23,2026-04-22,1,1,True,1.0,27,602000000.0,44858420.26825634,0.0,-0.022885895146891766
00986A,2026-04-24,2026-04-23,1,1,True,1.0,27,605000000.0,44848035.581912525,0.0,-0.00023149915404307997
00986A,2026-04-27,2026-04-24,1,3,True,1.0,27,606000000.0,43913043.47826087,0.0,-0.020848005749191545
00986A,2026-04-28,2026-04-27,1,1,True,1.0,27,617000000.0,44840116.27906977,0.0,0.02111155883030169
00986A,2026-04-29,2026-04-28,1,1,True,1.0,27,616000000.0,45731254.639940605,0.0,0.019873685325093593
00986A,2026-04-30,2026-04-29,1,1,True,1.0,27,603000000.0,44600591.715976335,0.0,-0.024724074002919982
00986A,2026-05-04,2026-04-30,1,4,True,1.0,27,602000000.0,42938659.05848788,0.0,-0.03726256970023867
00986A,2026-05-05,2026-05-04,1,1,True,1.0,27,616000000.0,44000000.0,0.0,0.02471760797342193
00986A,2026-05-06,2026-05-05,1,1,True,1.0,27,627000000.0,43815513.62683438,0.0,-0.004192872117400492
00986A,2026-05-07,2026-05-06,1,1,True,1.0,27,611000000.0,42608089.26080893,0.0,-0.027557005865748274
00986A,2026-05-08,2026-05-07,1,1,True,1.0,27,625000000.0,44045102.18463707,0.0,0.03372629349868328
00986A,2026-05-11,2026-05-08,1,3,True,1.0,27,615000000.0,42619542.61954262,0.0,-0.03236590436590436
00986A,2026-05-12,2026-05-11,1,1,True,1.0,29,626000000.0,42614023.1449966,0.0,-0.00012950571983594283
00986A,2026-05-13,2026-05-12,1,1,True,1.0,30,639000000.0,43797121.31596984,0.0,0.027763118421081368
00986A,2026-05-14,2026-05-13,1,1,True,1.0,30,632000000.0,42616318.273769386,0.0,-0.02696074551753458
00986A,2026-05-15,2026-05-14,1,1,True,1.0,30,644000000.0,43454790.82321188,0.0,0.019674917576316675
00986A,2026-05-18,2026-05-15,1,3,True,1.0,30,649000000.0,44727773.94900069,0.0,0.029294425348121322
00986A,2026-05-19,2026-05-18,1,1,True,1.0,29,631000000.0,44218640.50455501,0.0,-0.01138293725563444
00986A,2026-05-20,2026-05-19,1,1,True,1.0,29,621000000.0,43732394.366197184,0.0,-0.010996406330215813
00986A,2026-05-21,2026-05-20,1,1,True,1.0,29,617000000.0,42581090.40717737,0.0,-0.026326113072594803
00986A,2026-05-22,2026-05-21,1,1,True,1.0,31,627000000.0,42740286.29856851,0.0,0.0037386522953932744
00986A,2026-05-25,2026-05-22,1,3,True,1.0,31,634000000.0,42693602.693602696,0.0,-0.0010922623362814576
00986A,2026-05-26,2026-05-25,1,1,True,1.0,31,633000000.0,42886178.861788616,0.0,0.0045106563053010085
00986A,2026-05-27,2026-05-26,1,1,True,1.0,32,633000000.0,42171885.40972685,0.0,-0.016655562958027836
00986A,2026-05-28,2026-05-27,1,1,True,1.0,32,650000000.0,43978349.12043302,0.0,0.04283573506745597
00986A,2026-05-29,2026-05-28,1,1,True,1.0,32,646000000.0,42980705.25615436,0.0,-0.022684886636982426
00986A,2026-06-01,2026-05-29,1,3,True,1.0,32,648000000.0,42603550.29585799,0.0,-0.00877498305457347
00986A,2026-06-02,2026-06-01,1,1,True,1.0,32,655000000.0,42532467.53246753,0.0,-0.0016684704184705135
00986A,2026-06-03,2026-06-02,1,1,True,1.0,32,667000000.0,42215189.87341772,0.0,-0.007459657937964992
00986A,2026-06-04,2026-06-03,1,1,True,1.0,31,681000000.0,44364820.84690554,0.0,0.05092079367482394
00986A,2026-06-05,2026-06-04,1,1,True,1.0,31,677000000.0,44568795.2600395,0.0,0.00459766114773319
00986A,2026-06-08,2026-06-05,1,3,True,1.0,32,665000000.0,45610425.24005487,0.0,0.023371284189709574
00986A,2026-06-09,2026-06-08,1,1,True,1.0,31,631000000.0,42491582.49158249,0.0,-0.06838004101161999
00986A,2026-06-10,2026-06-09,1,1,True,1.0,32,639000000.0,44313453.53675451,0.0,0.04287604599176631
00986A,2026-06-11,2026-06-10,1,1,True,1.0,32,632000000.0,44041811.846689895,0.0,-0.00613000496202154
00986A,2026-06-12,2026-06-11,1,1,True,1.0,32,616000000.0,41593517.89331532,0.0,-0.055590218719818174
00986A,2026-06-15,2026-06-12,1,3,True,1.0,33,639000000.0,41984231.27463863,0.0,0.009393612300971022
00986A,2026-06-16,2026-06-15,1,1,True,1.0,32,645000000.0,41937581.274382316,0.0,-0.0011111314615041001
00986A,2026-06-17,2026-06-16,1,1,True,1.0,32,676000000.0,44473684.21052632,0.0,0.060473276213790284
00986A,2026-06-18,2026-06-17,1,1,True,1.0,32,664000000.0,43257328.99022801,0.0,-0.027349999036293204
00986A,2026-06-22,2026-06-18,1,4,True,1.0,32,667000000.0,42674344.209852844,0.0,-0.01347713310054044
00986A,2026-06-23,2026-06-22,1,1,True,1.0,32,685000000.0,44023136.24678663,0.0,0.03160662599291619
00986A,2026-06-24,2026-06-23,1,1,True,1.0,32,670000000.0,43992120.814182535,0.0,-0.0007045257391529169
00986A,2026-06-25,2026-06-24,1,1,True,1.0,32,639000000.0,41279069.76744186,0.0,-0.06167129468934396
00986A,2026-06-26,2026-06-25,1,1,True,1.0,32,631000000.0,41540487.16260698,0.0,0.0063329284462534385
00986A,2026-06-29,2026-06-26,1,3,True,1.0,32,648000000.0,42800528.40158521,0.0,0.030332846941488523
00986A,2026-06-30,2026-06-29,1,1,True,1.0,32,631000000.0,40657216.49484536,0.0,-0.050076762759322935
00986A,2026-07-01,2026-06-30,1,1,True,1.0,32,644000000.0,40940877.30451367,0.0,0.006976887109432894
00986A,2026-07-02,2026-07-01,1,1,True,1.0,32,657000000.0,42662337.66233766,0.0,0.04204747116237795
00986A,2026-07-03,2026-07-02,1,1,True,1.0,32,644000000.0,42480211.081794195,0.0,-0.0042690248711863
00986A,2026-07-06,2026-07-03,1,3,True,1.0,32,634000000.0,41903502.9742234,0.0,-0.013575923774492682
00986A,2026-07-07,2026-07-06,1,1,True,1.0,32,634000000.0,42266666.666666664,0.0,0.0086666666666666
00986A,2026-07-08,2026-07-07,1,1,True,1.0,32,643000000.0,43475321.16294794,0.0,0.028595926568169006
00986A,2026-07-09,2026-07-08,1,1,True,1.0,32,629000000.0,42158176.94369973,0.0,-0.030296365478508447
00986A,2026-07-13,2026-07-09,1,4,True,1.0,31,614000000.0,41208053.691275164,0.0,-0.022537104811088282
00986A,2026-07-14,2026-07-13,1,1,True,1.0,31,627000000.0,42450914.01489506,0.0,0.03016061697383776
00986A,2026-07-15,2026-07-14,1,1,True,1.0,31,611000000.0,40197368.421052635,0.0,-0.053085914547133295
00986A,2026-07-16,2026-07-15,1,1,True,1.0,32,624000000.0,41711229.94652406,0.0,0.03766071225395362
00986A,2026-07-17,2026-07-16,1,1,True,1.0,33,618000000.0,43551797.040169135,0.0,0.04412641621943969
00986A,2026-07-20,2026-07-17,1,3,True,1.0,32,601000000.0,41794158.55354659,0.0,-0.040357427387012756
00986A,2026-07-21,2026-07-20,1,1,True,1.0,32,591000000.0,40534979.42386831,0.0,-0.030128112953034414
00986A,2026-07-22,2026-07-21,1,1,True,1.0,32,593000000.0,40040513.166779205,0.0,-0.012198507662198321
00986A,2026-07-23,2026-07-22,1,1,True,1.0,32,613000000.0,41474966.17050068,0.0,0.03582504044707435
00986A,2026-07-24,2026-07-23,1,1,True,1.0,31,611000000.0,42050929.11218169,0.0,0.013887002084902678
00986A,2026-07-27,2026-07-24,1,3,True,1.0,31,605000000.0,41724137.93103448,0.0,-0.007771318923189829
00986A,2026-07-28,2026-07-27,1,1,True,1.0,30,594000000.0,42764578.8336933,0.0,0.024936186923227854
00986A,2026-07-29,2026-07-28,1,1,True,1.0,29,583000000.0,43057607.0901034,0.0,0.006852125389791741
00986A,2026-07-30,2026-07-29,1,1,True,1.0,29,567000000.0,42376681.614349775,0.0,-0.015814289779938484
00986A,2026-07-31,2026-07-30,1,1,True,1.0,31,548000000.0,38564391.27375088,0.0,-0.08996198369878872
00986A,2026-08-03,2026-07-31,1,3,True,1.0,34,574000000.0,40083798.88268156,0.0,0.03939923745055651
00986A,2026-08-04,2026-08-03,1,1,True,1.0,34,588000000.0,40495867.76859504,0.0,0.01028018544648246
00986A,2026-08-05,2026-08-04,1,1,True,1.0,36,602000000.0,40213760.85504342,0.0,-0.006966313579540029
00986A,2026-08-06,2026-08-05,1,1,True,1.0,36,619000000.0,41767881.24156545,0.0,0.03864648203693499
00986A,2026-08-07,2026-08-06,1,1,True,1.0,36,615000000.0,41525995.94868332,0.0,-0.00579117938693563
00986A,2026-08-10,2026-08-07,1,3,True,1.0,35,610000000.0,40884718.49865952,0.0,-0.015442795178621904
00986A,2026-08-11,2026-08-10,1,1,True,1.0,35,618000000.0,41476510.06711409,0.0,0.01447463967433138
00986A,2026-08-12,2026-08-11,1,1,True,1.0,35,613000000.0,41279461.27946128,0.0,-0.0047508526472926915
00986A,2026-08-13,2026-08-12,1,1,True,1.0,35,614000000.0,40743198.40743198,0.0,-0.012991033686190923
00986A,2026-08-14,2026-08-13,1,1,True,1.0,35,623000000.0,41422872.340425536,0.0,0.01668189930002084
00986A,2026-08-17,2026-08-14,1,3,True,1.0,35,625000000.0,41750167.000668004,0.0,0.00790130287326929
00986A,2026-08-18,2026-08-17,1,1,True,1.0,35,620000000.0,41722745.625841185,0.0,-0.000656796769851975
00986A,2026-08-19,2026-08-18,1,1,True,1.0,36,621000000.0,42857142.85714286,0.0,0.02718894009216588
00986A,2026-08-20,2026-08-19,1,1,True,1.0,36,604000000.0,41944444.44444444,0.0,-0.02129629629629637
00986A,2026-08-21,2026-08-20,1,1,True,1.0,36,594000000.0,41393728.22299652,0.0,-0.013129658259685595
00986A,2026-08-24,2026-08-21,1,3,True,1.0,35,585000000.0,41052631.578947365,0.0,-0.008240297713982048
00986A,2026-08-25,2026-08-24,1,1,True,1.0,35,586000000.0,41296687.80831572,0.0,0.00594495943333162
00986A,2026-08-26,2026-08-25,1,1,True,1.0,35,563000000.0,39508771.92982456,0.0,-0.0432944135081732
00986A,2026-08-27,2026-08-26,1,1,True,1.0,36,567000000.0,39375000.0,0.0,-0.003385879218472443
00986A,2026-08-28,2026-08-27,1,1,True,1.0,36,569000000.0,39486467.73074254,0.0,0.002830926495048569
00986A,2026-08-31,2026-08-28,1,3,True,1.0,36,576000000.0,40449438.20224719,0.0,0.02438735412017934
00986A,2026-09-01,2026-08-31,1,1,True,1.0,36,569000000.0,39957865.16853932,0.0,-0.01215277777777779
00986A,2026-09-02,2026-09-01,1,1,True,1.0,36,568000000.0,40513552.06847361,0.0,0.01390682153789835
00986A,2026-09-03,2026-09-02,1,1,True,1.0,36,553000000.0,39387464.38746439,0.0,-0.02779533325307959
00986A,2026-09-04,2026-09-03,1,1,True,1.0,36,552000000.0,38736842.10526316,0.0,-0.016518511468544772
00986A,2026-09-07,2026-09-04,1,3,True,1.0,36,560000000.0,39024390.24390244,0.0,0.007423117709437932
00986A,2026-09-08,2026-09-07,1,1,True,1.0,35,564000000.0,39004149.37759336,0.0,-0.0005186721991701226
00986A,2026-09-09,2026-09-08,1,1,True,1.0,36,564000000.0,39085239.08523908,0.0,0.0020790020790020236
00986A,2026-09-10,2026-09-09,1,1,True,1.0,36,576000000.0,40000000.0,0.0,0.023404255319148914
00986A,2026-09-11,2026-09-10,1,1,True,1.0,36,574000000.0,40394088.66995074,0.0,0.009852216748768461
00986A,2026-09-14,2026-09-11,1,3,True,1.0,36,566000000.0,40084985.83569405,0.0,-0.007652179921232571
00986A,2026-09-15,2026-09-14,1,1,True,1.0,35,571000000.0,40756602.42683797,0.0,0.016754816726063826
00986A,2026-09-16,2026-09-15,1,1,True,1.0,35,558000000.0,39857142.85714286,0.0,-0.022069051788841665
00986A,2026-09-17,2026-09-16,1,1,True,1.0,35,559000000.0,39393939.3939394,0.0,-0.011621592266753522
00986A,2026-09-18,2026-09-17,1,1,True,1.0,35,564000000.0,39303135.88850174,0.0,-0.002305012061109779
00986A,2026-09-21,2026-09-18,1,3,True,1.0,35,572000000.0,39312714.7766323,0.0,0.0002437181643148989
00986A,2026-09-22,2026-09-21,1,1,True,1.0,36,578000000.0,39213025.78018996,0.0,-0.002535795276636499
00986A,2026-09-23,2026-09-22,1,1,True,1.0,36,591000000.0,39824797.84366577,0.0,0.01560124604780877
00986A,2026-09-24,2026-09-23,1,1,True,1.0,36,584000000.0,39593220.33898305,0.0,-0.005814907224181987
00986A,2026-09-29,2026-09-24,1,5,True,1.0,36,580000000.0,39726027.39726028,0.0,0.003354287858885474
00986A,2026-09-30,2026-09-29,1,1,True,1.0,36,581000000.0,39256756.75675675,0.0,-0.011812674743709395
00986A,2026-10-01,2026-09-30,1,1,True,1.0,36,585000000.0,39026017.3448966,0.0,-0.005877699303838635
00986A,2026-10-02,2026-10-01,1,1,True,1.0,36,583000000.0,38814913.44873502,0.0,-0.005409311800789851
00986A,2026-10-05,2026-10-02,1,3,True,1.0,36,590000000.0,38995373.430270985,0.0,0.0046492434351117495
00986A,2026-10-06,2026-10-05,1,1,True,1.0,36,589000000.0,38801054.01844532,0.0,-0.004983140171054723
00986A,2026-10-07,2026-10-06,1,1,True,1.0,39,590000000.0,38637851.99738049,0.0,-0.004206123395185335
00987A,2025-12-17,2025-12-16,1,1,True,1.0,0,,,0.0,
00987A,2025-12-18,2025-12-17,1,1,True,1.0,0,,,0.0,
00987A,2025-12-19,2025-12-18,1,1,True,1.0,0,,,0.0,
00987A,2025-12-22,2025-12-19,1,3,True,1.0,0,,,0.0,
00987A,2025-12-23,2025-12-22,1,1,True,1.0,0,,,0.0,
00987A,2025-12-24,2025-12-23,1,1,True,1.0,0,,,0.0,
00987A,2025-12-26,2025-12-24,1,2,True,2.0,12,,,1.0,
00987A,2025-12-29,2025-12-26,1,3,True,3.156024096385542,16,,,2.156024096385542,
00987A,2025-12-30,2025-12-29,1,1,True,1.0,23,1293000000.0,128913260.21934198,0.0,
00987A,2025-12-31,2025-12-30,1,1,True,1.65,23,1297000000.0,128288822.94757666,0.6499999999999999,-0.004843856021505166
00987A,2026-01-02,2025-12-31,1,2,True,1.0,24,1926000000.0000002,191832669.3227092,0.0,0.495318648305775
00987A,2026-01-05,2026-01-02,1,3,True,1.0,25,2055000000.0,204477611.9402985,0.0,0.06591652330249032
00987A,2026-01-06,2026-01-05,1,1,True,1.0,25,2067000000.0000002,205059523.80952382,0.0,0.00284584636774432
00987A,2026-01-07,2026-01-06,1,1,True,1.0,25,2037000000.0,203496503.4965035,0.0,-0.007622276127355998
00987A,2026-01-08,2026-01-07,1,1,True,1.0,26,2002000000.0,201814516.12903225,0.0,-0.008265436204412002
00987A,2026-01-09,2026-01-08,1,1,True,1.0,26,1978000000.0,200405268.4903749,0.0,-0.006982885402338157
00987A,2026-01-12,2026-01-09,1,3,True,1.0,26,1971000000.0,199090909.0909091,0.0,-0.0065585072157368085
00987A,2026-01-13,2026-01-12,1,1,True,1.0,27,1982999999.9999998,201319796.9543147,0.0,0.011195327167790703
00987A,2026-01-14,2026-01-13,1,1,True,1.0,27,1973000000.0,198690835.8509567,0.0,-0.013058631804375387
00987A,2026-01-15,2026-01-14,1,1,True,1.0,26,1995000000.0,200906344.41087613,0.0,0.01115053218449047
00987A,2026-01-16,2026-01-15,1,1,True,1.0,26,1987000000.0,199698492.46231157,0.0,-0.006012014962028078
00987A,2026-01-19,2026-01-16,1,3,True,1.0,27,1973999999.9999998,200202839.75659227,0.0,0.002525543823901799
00987A,2026-01-20,2026-01-19,1,1,True,1.0,28,1950000000.0,196969696.96969697,0.0,-0.01614933529827134
00987A,2026-01-21,2026-01-20,1,1,True,1.0,28,1959000000.0,200923076.92307693,0.0,0.020071005917159823
00987A,2026-01-22,2026-01-21,1,1,True,1.0,28,1918000000.0,193737373.73737374,0.0,-0.035763453833897896
00987A,2026-01-23,2026-01-22,1,1,True,1.0,28,1951000000.0000002,196475327.2910373,0.0,0.014132294150818181
00987A,2026-01-26,2026-01-23,1,3,True,1.0,29,1912000000.0,191583166.33266532,0.0,-0.02489961984450728
00987A,2026-01-27,2026-01-26,1,1,True,1.0,32,1863000000.0,183185840.7079646,0.0,-0.04383122894064495
00987A,2026-01-28,2026-01-27,1,1,True,1.0,29,1875000000.0,181334622.82398453,0.0,-0.010105682168586871
00987A,2026-01-29,2026-01-28,1,1,True,1.0,29,1819000000.0000002,176773566.56948498,0.0,-0.02515270489148025
00987A,2026-01-30,2026-01-29,1,1,True,1.0,26,1780000000.0,173828125.0,0.0,-0.016662228559648384
00987A,2026-02-02,2026-01-30,1,3,True,1.0,25,1632999999.9999998,162003968.25396824,0.0,-0.06802211521312651
00987A,2026-02-03,2026-02-02,1,1,True,1.0,26,1552000000.0,149374398.46005774,0.0,-0.077958397748082
00987A,2026-02-04,2026-02-03,1,1,True,1.0,24,1583000000.0,151193887.29703915,0.0,0.01218072745891563
00987A,2026-02-05,2026-02-04,1,1,True,1.0,24,1560000000.0,152641878.6692759,0.0,0.00957704969508466
00987A,2026-02-06,2026-02-05,1,1,True,1.0,25,1463000000.0,145283018.8679245,0.0,-0.048209966134494464
00987A,2026-02-09,2026-02-06,1,3,True,1.0,26,1449000000.0,139326923.07692307,0.0,-0.04099650349650341
00987A,2026-02-10,2026-02-09,1,1,True,1.0,26,1452000000.0,137500000.0,0.0,-0.013112491373360902
00987A,2026-02-11,2026-02-10,1,1,True,1.0,26,1456000000.0,136074766.3551402,0.0,-0.01036533559898034
00987A,2026-02-23,2026-02-11,1,12,True,1.0,26,1470000000.0,136111111.1111111,0.0,0.0002670940170939051
00987A,2026-02-24,2026-02-23,1,1,True,1.0,25,1478000000.0,130680813.43943413,0.0,-0.03989606452660632
00987A,2026-02-25,2026-02-24,1,1,True,1.0,25,1538000000.0,133275563.25823225,0.0,0.019855629533563457
00987A,2026-02-26,2026-02-25,1,1,True,1.0,25,1573000000.0,133305084.7457627,0.0,0.00022150713010504752
00987A,2026-03-02,2026-02-26,1,4,True,1.0,25,1598000000.0,136698032.50641575,0.0,0.025452500683856405
00987A,2026-03-03,2026-03-02,1,1,True,1.0,26,1591000000.0,140176211.4537445,0.0,0.02544425024672914
00987A,2026-03-04,2026-03-03,1,1,True,1.0,24,1542000000.0,145197740.11299437,0.0,0.03582297315052552
00987A,2026-03-05,2026-03-04,1,1,True,0.9555335968379447,24,1412000000.0,126523297.49103943,-0.0444664031620553,-0.12861386552863907
00987A,2026-03-06,2026-03-05,1,1,True,1.0,24,1425000000.0,126217891.93976972,0.0,-0.00241382857802408
00987A,2026-03-09,2026-03-06,1,3,True,1.0,25,1420000000.0,135238095.23809522,0.0,0.07146532999164568
00987A,2026-03-10,2026-03-09,1,1,True,1.0,25,1315000000.0,120752984.38934802,0.0,-0.10710821402242654
00987A,2026-03-11,2026-03-10,1,1,True,1.0,25,1375000000.0,118330464.71600689,0.0,-0.020061778891775517
00987A,2026-03-12,2026-03-11,1,1,True,1.0,24,1455000000.0,125322997.41602068,0.0,0.059093258163025686
00987A,2026-03-13,2026-03-12,1,1,True,1.0,25,1444000000.0,124697754.74956822,0.0,-0.004989049730249495
00987A,2026-03-16,2026-03-13,1,3,True,1.0,25,1441000000.0,122952218.43003412,0.0,-0.013998137520917608
00987A,2026-03-17,2026-03-16,1,1,True,1.0,25,1456000000.0,121434528.77397831,0.0,-0.012343735439954262
00987A,2026-03-18,2026-03-17,1,1,True,1.0,25,1491000000.0,120241935.48387097,0.0,-0.009820874689826287
00987A,2026-03-19,2026-03-18,1,1,True,1.0,25,1538000000.0,121389108.12943962,0.0,0.00954053709258984
00987A,2026-03-20,2026-03-19,1,1,True,1.0,25,1561000000.0,123692551.50554676,0.0,0.018975700634120685
00987A,2026-03-23,2026-03-20,1,3,True,1.0,24,1657999999.9999998,136460905.3497942,0.0,0.10322653780551105
00987A,2026-03-24,2026-03-23,1,1,True,1.0,24,1619000000.0000002,136394271.2721146,0.0,-0.0004883015945761349
00987A,2026-03-25,2026-03-24,1,1,True,1.0,25,1584000000.0,128571428.57142857,0.0,-0.05735462807729663
00987A,2026-03-26,2026-03-25,1,1,True,1.0,26,1641000000.0,132552504.03877221,0.0,0.030963920301561698
00987A,2026-03-27,2026-03-26,1,1,True,1.0,25,1641000000.0,132874493.92712551,0.0,0.0024291497975710286
00987A,2026-03-30,2026-03-27,1,3,True,1.0,25,1639999999.9999998,134757600.65735412,0.0,0.014172070760708921
00987A,2026-03-31,2026-03-30,1,1,True,1.0,26,1621000000.0,140834057.34144223,0.0,0.04509175478375149
00987A,2026-04-01,2026-03-31,1,1,True,1.0,26,1540000000.0,124193548.38709678,0.0,-0.11815685259994824
00987A,2026-04-02,2026-04-01,1,1,True,1.0,26,1657000000.0,136603462.48969495,0.0,0.09992398368325794
00987A,2026-04-07,2026-04-02,1,5,True,1.0,26,1632999999.9999998,130223285.48644337,0.0,-0.04670582199724904
00987A,2026-04-08,2026-04-07,1,1,True,1.0,26,1700000000.0,127055306.42750373,0.0,-0.024327285608758742
00987A,2026-04-09,2026-04-08,1,1,True,1.0,26,1810000000.0000002,133579335.79335794,0.0,0.05134794877360549
00987A,2026-04-10,2026-04-09,1,1,True,1.0,25,1845000000.0,132163323.78223495,0.0,-0.010600531906473143
00987A,2026-04-13,2026-04-10,1,3,True,1.0,26,1889999999.9999998,134807417.97432238,0.0,0.020006262830103205
00987A,2026-04-14,2026-04-13,1,1,True,1.0,26,1927000000.0,135513361.46272856,0.0,0.005236681326695525
00987A,2026-04-15,2026-04-14,1,1,True,1.0,26,2010000000.0000002,137107776.26193726,0.0,0.011765738684352822
00987A,2026-04-16,2026-04-15,1,1,True,1.0,27,2130999999.9999998,143020134.2281879,0.0,0.04312197402250462
00987A,2026-04-17,2026-04-16,1,1,True,1.0,27,2222000000.0,147054930.5095963,0.0,0.028211386481926448
00987A,2026-04-20,2026-04-17,1,3,True,1.0,28,2429000000.0,156709677.41935483,0.0,0.06565401701460472
00987A,2026-04-21,2026-04-20,1,1,True,1.0,28,2542000000.0,161704834.60559794,0.0,0.031875231118472014
00987A,2026-04-22,2026-04-21,1,1,True,1.0,28,2708000000.0,169461827.28410512,0.0,0.047970072740414205
00987A,2026-04-23,2026-04-22,1,1,True,1.0,27,2743000000.0,176512226.51222652,0.0,0.04160464537126285
00987A,2026-04-24,2026-04-23,1,1,True,1.0,27,2881000000.0,180740276.03513175,0.0,0.02395329551073533
00987A,2026-04-27,2026-04-24,1,3,True,1.0,28,2953000000.0,185257214.55457968,0.0,0.024991322457480036
00987A,2026-04-28,2026-04-27,1,1,True,1.0,29,2942000000.0,183760149.90630853,0.0,-0.008081005923955997
00987A,2026-04-29,2026-04-28,1,1,True,1.0,27,2973000000.0,185349127.1820449,0.0,0.008647017737776652
00987A,2026-04-30,2026-04-29,1,1,True,1.0,28,2924000000.0,177642770.35236937,0.0,-0.04157751885233618
00987A,2026-05-04,2026-04-30,1,4,True,1.0,27,2953000000.0,170299884.65974626,0.0,-0.0413351226062163
00987A,2026-05-05,2026-05-04,1,1,True,1.0,27,3249000000.0,187262247.8386167,0.0,0.0996029046805329
00987A,2026-05-06,2026-05-05,1,1,True,1.0,28,3404999999.9999995,196934644.30306533,0.0,0.051651609313075886
00987A,2026-05-07,2026-05-06,1,1,True,1.0,27,3490000000.0,200921128.38226828,0.0,0.02024267539777358
00987A,2026-05-08,2026-05-07,1,1,True,1.0,27,3521000000.0,207361601.8845701,0.0,0.03205473488108379
00987A,2026-05-11,2026-05-08,1,3,True,1.0,27,3427000000.0000005,196164854.03548944,0.0,-0.053996244952396855
00987A,2026-05-12,2026-05-11,1,1,True,1.0,29,3556000000.0,200903954.8022599,0.0,0.024158765799673132
00987A,2026-05-13,2026-05-12,1,1,True,1.0,29,3577000000.0000005,205456634.11832282,0.0,0.02266097409851353
00987A,2026-05-14,2026-05-13,1,1,True,1.0,29,3513000000.0000005,203770301.62412998,0.0,-0.008207729584539414
00987A,2026-05-15,2026-05-14,1,1,True,1.0,30,3476000000.0,210666666.66666666,0.0,0.0338438181990699
00987A,2026-05-18,2026-05-15,1,3,True,1.0,30,3285000000.0,198609431.68077388,0.0,-0.05723371037607328
00987A,2026-05-19,2026-05-18,1,1,True,1.0,30,3282000000.0,205768025.07836992,0.0,0.03604357223629773
00987A,2026-05-20,2026-05-19,1,1,True,1.0,30,3171000000.0,199058380.41431263,0.0,-0.032607809991381353
00987A,2026-05-21,2026-05-20,1,1,True,1.0,30,3197000000.0,192242934.45580277,0.0,-0.03423842766290197
00987A,2026-05-22,2026-05-21,1,1,True,1.0,30,3379999999.9999995,194925028.8350634,0.0,0.013951588841759177
00987A,2026-05-25,2026-05-22,1,3,True,1.0,31,3515999999.9999995,194900221.72949,0.0,-0.00012726485521963316
00987A,2026-05-26,2026-05-25,1,1,True,1.0,30,3671000000.0,202593818.98454744,0.0,0.03947454336781453
00987A,2026-05-27,2026-05-26,1,1,True,1.0,31,3692000000.0,203865267.80784097,0.0,0.006275851996207837
00987A,2026-05-28,2026-05-27,1,1,True,1.0,31,3670000000.0000005,209954233.40961102,0.0,0.029867596708573974
00987A,2026-05-29,2026-05-28,1,1,True,1.0,29,3552000000.0000005,198435754.18994418,0.0,-0.054861857427731975
00987A,2026-06-01,2026-05-29,1,3,True,1.0,29,3626000000.0,199669603.52422908,0.0,0.006217878120410969
00987A,2026-06-02,2026-06-01,1,1,True,1.0,27,3678000000.0,207796610.16949153,0.0,0.04070227266353177
00987A,2026-06-03,2026-06-02,1,1,True,1.0,28,3428000000.0,190338700.7218212,0.0,-0.08401440925061587
00987A,2026-06-04,2026-06-03,1,1,True,1.0,28,3510000000.0,197301854.9747049,0.0,0.03658296618857504
00987A,2026-06-05,2026-06-04,1,1,True,1.0,28,3442000000.0,198043728.42347527,0.0,0.0037600936335113744
00987A,2026-06-08,2026-06-05,1,3,True,1.0,27,3375000000.0,201132300.35756853,0.0,0.015595403897310067
00987A,2026-06-09,2026-06-08,1,1,True,1.0,27,3254000000.0,187658592.84890428,0.0,-0.06698927762826257
00987A,2026-06-10,2026-06-09,1,1,True,1.0,27,3336000000.0,203911980.4400978,0.0,0.08661147536302871
00987A,2026-06-11,2026-06-10,1,1,True,1.0,28,3111000000.0,192750929.36802974,0.0,-0.05473465094095731
00987A,2026-06-12,2026-06-11,1,1,True,1.0,28,3075000000.0,185240963.85542166,0.0,-0.038962019727899255
00987A,2026-06-15,2026-06-12,1,3,True,1.0,28,3162000000.0,185672342.92425132,0.0,0.0023287455423000036
00987A,2026-06-16,2026-06-15,1,1,True,1.0,28,3236000000.0,187376954.25593516,0.0,0.009180749835096647
00987A,2026-06-17,2026-06-16,1,1,True,1.0,29,3233000000.0,186232718.89400923,0.0,-0.006106596013739418
00987A,2026-06-18,2026-06-17,1,1,True,1.0,30,3247000000.0,182108805.38418397,0.0,-0.02214387210967106
00987A,2026-06-22,2026-06-18,1,4,True,1.0,29,3272000000.0,180673660.96079513,0.0,-0.007880697588242391
00987A,2026-06-23,2026-06-22,1,1,True,1.0,28,3282000000.0,186795674.44507682,0.0,0.03388437169937086
00987A,2026-06-24,2026-06-23,1,1,True,1.0,29,3080000000.0,176201372.99771166,0.0,-0.05671598916215903
00987A,2026-06-25,2026-06-24,1,1,True,1.0,29,3062000000.0,175774971.29735935,0.0,-0.0024199680916098254
00987A,2026-06-26,2026-06-25,1,1,True,1.0,29,3036000000.0,184896467.72228986,0.0,0.05189303322086536
00987A,2026-06-29,2026-06-26,1,3,True,1.0,29,2851000000.0,173841463.41463417,0.0,-0.05979024068896788
00987A,2026-06-30,2026-06-29,1,1,True,1.0,29,2851000000.0,167116060.96131304,0.0,-0.0386869871043376
00987A,2026-07-01,2026-06-30,1,1,True,1.0,28,2970000000.0,171577123.05025998,0.0,0.026694394681667788
00987A,2026-07-02,2026-07-01,1,1,True,1.0,28,2999000000.0,173152424.94226328,0.0,0.009181304966524362
00987A,2026-07-03,2026-07-02,1,1,True,1.0,28,2964000000.0,169954128.44036695,0.0,-0.018470988800548316
00987A,2026-07-06,2026-07-03,1,3,True,1.0,28,2984000000.0,176672587.32978094,0.0,0.03953101316848184
00987A,2026-07-07,2026-07-06,1,1,True,1.0,28,2875000000.0,179575265.45908806,0.0,0.016429702950401248
00987A,2026-07-08,2026-07-07,1,1,True,1.0,27,2729000000.0,171204516.93851945,0.0,-0.04661415089193166
00987A,2026-07-09,2026-07-08,1,1,True,1.0,28,2729000000.0,169925280.1992528,0.0,-0.00747198007471972
00987A,2026-07-13,2026-07-09,1,4,True,1.0,28,2725000000.0,172906091.37055838,0.0,0.017541893518199903
00987A,2026-07-14,2026-07-13,1,1,True,1.0,29,2668000000.0,175989445.91029024,0.0,0.017832538549054755
00987A,2026-07-15,2026-07-14,1,1,True,1.0,28,2579000000.0,164792332.2683706,0.0,-0.06362377916473083
00987A,2026-07-16,2026-07-15,1,1,True,1.0,28,2659000000.0,174475065.6167979,0.0,0.05875718375451222
00987A,2026-07-17,2026-07-16,1,1,True,1.0,28,2585000000.0,185304659.4982079,0.0,0.06206957907209043
00987A,2026-07-20,2026-07-17,1,3,True,1.0,27,2375000000.0,175276752.76752767,0.0,-0.05411578293732655
00987A,2026-07-21,2026-07-20,1,1,True,1.0,25,2367000000.0,163579820.3178991,0.0,-0.06673407776524931
00987A,2026-07-22,2026-07-21,1,1,True,1.0,25,2509000000.0,169641649.76335362,0.0,0.037057318156200614
00987A,2026-07-23,2026-07-22,1,1,True,1.0,26,2574000000.0,172404554.5880777,0.0,0.016286712777070278
00987A,2026-07-24,2026-07-23,1,1,True,1.0,26,2597000000.0,181862745.0980392,0.0,0.054860444566326994
00987A,2026-07-27,2026-07-24,1,3,True,1.0,25,2467000000.0,172396925.2271139,0.0,-0.05204925212045186
00987A,2026-07-28,2026-07-27,1,1,True,1.0,25,2471000000.0,185093632.9588015,0.0,0.07364811010962691
00987A,2026-07-29,2026-07-28,1,1,True,1.0,25,2304000000.0,185956416.46489105,0.0,0.004661335413312484
00987A,2026-07-30,2026-07-29,1,1,True,1.0,24,2144000000.0000002,174877650.89722678,0.0,-0.059577215878194534
00987A,2026-07-31,2026-07-30,1,1,True,1.0,24,2089000000.0,154970326.40949553,0.0,-0.11383572678152287
00987A,2026-08-03,2026-07-31,1,3,True,1.0,24,2378000000.0,168175388.96746817,0.0,0.08521026485470129
00987A,2026-08-04,2026-08-03,1,1,True,1.0,24,2503000000.0,172382920.11019284,0.0,0.0250187091497589
00987A,2026-08-05,2026-08-04,1,1,True,1.0,26,2585000000.0,170289855.07246378,0.0,-0.012141951397453443
00987A,2026-08-06,2026-08-05,1,1,True,1.0,26,2689000000.0,174383916.99092087,0.0,0.02404172530838622
00987A,2026-08-07,2026-08-06,1,1,True,1.0,26,2737000000.0,183445040.2144772,0.0,0.051960773561635865
00987A,2026-08-10,2026-08-07,1,3,True,1.0,25,2556000000.0,167716535.43307087,0.0,-0.0857396022428143
00987A,2026-08-11,2026-08-10,1,1,True,1.0,25,2614000000.0,169960988.29648894,0.0,0.013382418481412861
00987A,2026-08-12,2026-08-11,1,1,True,1.0,26,2646000000.0,167045454.54545456,0.0,-0.0171541350768587
00987A,2026-08-13,2026-08-12,1,1,True,1.0,26,2726000000.0,168792569.65944275,0.0,0.010458920410269412
00987A,2026-08-14,2026-08-13,1,1,True,1.0,26,2765000000.0,170258620.68965518,0.0,0.00868551875932888
00987A,2026-08-17,2026-08-14,1,3,True,1.0,25,2758000000.0,166949152.54237288,0.0,-0.01943788886505049
00987A,2026-08-18,2026-08-17,1,1,True,1.0,26,2790000000.0,173399627.09757614,0.0,0.038637360279897726
00987A,2026-08-19,2026-08-18,1,1,True,1.0,26,2688000000.0,171319311.66347992,0.0,-0.011997231302726896
00987A,2026-08-20,2026-08-19,1,1,True,1.0,26,2590000000.0,161875000.0,0.0,-0.055126953125000044
00987A,2026-08-21,2026-08-20,1,1,True,1.0,26,2631000000.0,167153748.41168997,0.0,0.032610028798084834
00987A,2026-08-24,2026-08-21,1,3,True,1.0,26,2578000000.0,167838541.6666667,0.0,0.0040967867097430055
00987A,2026-08-25,2026-08-24,1,1,True,1.0,26,2488000000.0,158169103.62364906,0.0,-0.057611547067785374
00987A,2026-08-26,2026-08-25,1,1,True,1.0,26,2542000000.0,156238475.7221881,0.0,-0.012206100036166068
00987A,2026-08-27,2026-08-26,1,1,True,1.0,26,2622000000.0,158047016.27486438,0.0,0.011575513293486717
00987A,2026-08-28,2026-08-27,1,1,True,1.0,26,2660000000.0,160048134.77737665,0.0,0.012661539266467736
00987A,2026-08-31,2026-08-28,1,3,True,1.0,26,2634000000.0,158483754.51263538,0.0,-0.009774436090225547
00987A,2026-09-01,2026-08-31,1,1,True,1.0,27,2596000000.0,153791469.1943128,0.0,-0.02960735838668227
00987A,2026-09-02,2026-09-01,1,1,True,1.0,26,2644000000.0,159565479.78273988,0.0,0.03754441399562736
00987A,2026-09-03,2026-09-02,1,1,True,1.0,27,2592000000.0,160296846.0111317,0.0,0.004583486537236281
00987A,2026-09-04,2026-09-03,1,1,True,1.0,28,2515000000.0,153353658.5365854,0.0,-0.04331456074977391
00987A,2026-09-07,2026-09-04,1,3,True,1.0,28,2564000000.0,155393939.3939394,0.0,0.013304415928670377
00987A,2026-09-08,2026-09-07,1,1,True,1.0,28,2574000000.0,157238851.55772755,0.0,0.011872484673363548
00987A,2026-09-09,2026-09-08,1,1,True,1.0,29,2555000000.0,154380664.65256798,0.0,-0.018177358056512105
00987A,2026-09-10,2026-09-09,1,1,True,1.0,28,2577000000.0,155709969.78851962,0.0,0.008610567514677037
00987A,2026-09-11,2026-09-10,1,1,True,1.0,28,2545000000.0,157292954.2645241,0.0,0.010166237127618993
00987A,2026-09-14,2026-09-11,1,3,True,1.0,28,2486000000.0,154027261.4622057,0.0,-0.020761850507470148
00987A,2026-09-15,2026-09-14,1,1,True,1.0,28,2478000000.0,158237547.8927203,0.0,0.02733468342256873
00987A,2026-09-16,2026-09-15,1,1,True,1.0,27,2405000000.0,151067839.1959799,0.0,-0.04530978135228203
00987A,2026-09-17,2026-09-16,1,1,True,1.0,28,2447000000.0,154579911.56032848,0.0,0.023248312698723295
00987A,2026-09-18,2026-09-17,1,1,True,1.0,28,2426000000.0,145880938.06374022,0.0,-0.05627492866816186
00987A,2026-09-21,2026-09-18,1,3,True,1.0,28,2546000000.0,151637879.69029185,0.0,0.03946328905587526
00987A,2026-09-22,2026-09-21,1,1,True,1.0,28,2577000000.0,151410105.75793186,0.0,-0.0015020912507165418
00987A,2026-09-23,2026-09-22,1,1,True,1.0,28,2611000000.0,151890634.08958694,0.0,0.003173687312677309
00987A,2026-09-24,2026-09-23,1,1,True,1.0,28,2580000000.0,149132947.9768786,0.0,-0.018155735073709822
00987A,2026-09-29,2026-09-24,1,5,True,1.0,29,2574000000.0,150087463.55685133,0.0,0.006400433927723936
00987A,2026-09-30,2026-09-29,1,1,True,1.0,29,2526000000.0,146265199.7683845,0.0,-0.02546690908011129
00987A,2026-10-01,2026-09-30,1,1,True,1.0,29,2541000000.0,146793760.8318891,0.0,0.003613717168141184
00987A,2026-10-02,2026-10-01,1,1,True,1.0,28,2541000000.0,143721719.45701358,0.0,-0.020927601809954788
00987A,2026-10-05,2026-10-02,1,3,True,1.0,27,2596000000.0,141548527.8080698,0.0,-0.015120829733697772
00987A,2026-10-06,2026-10-05,1,1,True,1.0,26,2649000000.0,145549450.54945055,0.0,0.02826537868910739
00987A,2026-10-07,2026-10-06,1,1,True,1.0,27,2540000000.0,140642303.43300113,0.0,-0.0337146385501621
00987A,2026-10-08,2026-10-07,1,1,True,1.0,28,2515000000.0,139722222.2222222,0.0,-0.006541994750656421
00988A,2025-11-04,2025-11-03,1,1,True,1.0,50,,,0.0,
00988A,2025-11-05,2025-11-04,1,1,True,1.0777777777777777,51,6293000000.0,617566241.4131502,0.07777777777777772,
00988A,2025-11-06,2025-11-05,1,1,True,1.0,51,6104000000.0,604356435.6435643,0.0,-0.02139010341523595
00988A,2025-11-07,2025-11-06,1,1,True,1.0,53,7087000000.0,710832497.4924774,0.0,0.17618090181422374
00988A,2025-11-10,2025-11-07,1,3,True,1.0,53,7115000000.000001,705153617.443013,0.0,-0.007989055184585925
00988A,2025-11-11,2025-11-10,1,1,True,1.0,53,7628000000.0,746379647.7495108,0.0,0.058463899619474846
00988A,2025-11-12,2025-11-11,1,1,True,1.0,55,7986000000.0,786798029.5566502,0.0,0.05415257761785064
00988A,2025-11-13,2025-11-12,1,1,True,1.0,53,7809999999.999999,770216962.5246547,0.0,-0.021074108486695886
00988A,2025-11-14,2025-11-13,1,1,True,1.0,53,7926000000.000001,807951070.3363914,0.0,0.04899153050076954
00988A,2025-11-17,2025-11-14,1,3,True,1.0,52,7663000000.0,780346232.179226,0.0,-0.034166472662350844
00988A,2025-11-18,2025-11-17,1,1,True,1.0,50,8292000000.0,860165975.1037344,0.0,0.10228759957179578
00988A,2025-11-19,2025-11-18,1,1,True,1.0,50,8387000000.0,879140461.215933,0.0,0.022059098663964605
00988A,2025-11-20,2025-11-19,1,1,True,1.0,49,8305000000.0,833835341.3654618,0.0,-0.051533425941754474
00988A,2025-11-21,2025-11-20,1,1,True,1.0,50,8459999999.999999,902881536.8196371,0.0,0.08280555168255099
00988A,2025-11-24,2025-11-21,1,3,True,1.0,50,8219000000.0,879037433.1550802,0.0,-0.026408894957080098
00988A,2025-11-25,2025-11-24,1,1,True,1.0,50,8301000000.000001,862889812.8898131,0.0,-0.018369661696100215
00988A,2025-11-26,2025-11-25,1,1,True,1.0,51,8962000000.0,921068859.1983556,0.0,0.06742349421614002
00988A,2025-11-27,2025-11-26,1,1,True,1.0,0,9060000000.0,918864097.3630832,0.0,-0.0023936992476232266
00988A,2025-11-28,2025-11-27,1,1,True,1.0,0,9231000000.0,927738693.4673368,0.0,0.009658224899331103
00988A,2025-12-01,2025-11-28,1,3,True,1.0,51,9231000000.0,937157360.4060915,0.0,0.010152284263959421
00988A,2025-12-02,2025-12-01,1,1,True,1.0,47,9356000000.0,951780264.4964395,0.0,0.015603467153063377
00988A,2025-12-03,2025-12-02,1,1,True,1.0,50,9171000000.0,928238866.3967611,0.0,-0.024734068332603498
00988A,2025-12-04,2025-12-03,1,1,True,1.0,51,9187000000.0,935539714.8676171,0.0,0.007865269097378391
00988A,2025-12-05,2025-12-04,1,1,True,1.0,51,9151000000.0,916016016.016016,0.0,-0.02086891506723887
00988A,2025-12-08,2025-12-05,1,3,True,1.0,52,9264000000.0,925474525.4745255,0.0,0.010325703146159881
00988A,2025-12-09,2025-12-08,1,1,True,1.0,50,9259000000.0,916732673.2673267,0.0,-0.009445805331828483
00988A,2025-12-10,2025-12-09,1,1,True,1.0,50,9298000000.0,913359528.48723,0.0,-0.0036795293529514606
00988A,2025-12-11,2025-12-10,1,1,True,1.0,50,9241000000.0,910443349.7536945,0.0,-0.003192804851300357
00988A,2025-12-12,2025-12-11,1,1,True,1.0,49,9248000000.0,905778648.3839372,0.0,-0.005123549280709461
00988A,2025-12-15,2025-12-12,1,3,True,1.0,50,9050000000.0,915991902.834008,0.0,0.011275662622753257
00988A,2025-12-16,2025-12-15,1,1,True,1.0,49,8593000000.0,886790505.6759546,0.0,-0.031879536344924575
00988A,2025-12-17,2025-12-16,1,1,True,1.0,50,8732000000.0,903933747.4120083,0.0,0.019331783128402336
00988A,2025-12-18,2025-12-17,1,1,True,1.0,49,8840000000.0,929547844.3743428,0.0,0.0283362547705166
00988A,2025-12-19,2025-12-18,1,1,True,1.0,49,8702000000.0,895267489.7119341,0.0,-0.03687852633931077
00988A,2025-12-22,2025-12-19,1,3,True,1.0,49,9034000000.0,895341922.6957383,0.0,8.314049673385782e-05
00988A,2025-12-23,2025-12-22,1,1,True,1.0,49,9311000000.0,920059288.5375495,0.0,0.02760662180029616
00988A,2025-12-24,2025-12-23,1,1,True,1.0,49,9415000000.0,927586206.8965517,0.0,0.008180905788111037
00988A,2025-12-26,2025-12-24,1,2,True,1.0,50,9402000000.0,918164062.5,0.0,-0.01015770213754652
00988A,2025-12-29,2025-12-26,1,3,True,1.0,51,9379000000.0,921316306.4833006,0.0,0.0034332034023609737
00988A,2025-12-30,2025-12-29,1,1,True,1.0,50,9309000000.0,919861660.0790515,0.0,-0.0015788783873820211
00988A,2025-12-31,2025-12-30,1,1,True,1.0,50,9227000000.0,915376984.1269841,0.0,-0.00487538088247097
00988A,2026-01-02,2025-12-31,1,2,True,1.0,48,9059000000.0,895158102.7667985,0.0,-0.02208803772739476
00988A,2026-01-05,2026-01-02,1,3,True,1.0,41,8973000000.0,862788461.5384616,0.0,-0.036160809055168275
00988A,2026-01-06,2026-01-05,1,1,True,1.0,38,9155000000.0,873568702.2900763,0.0,0.012494651043886362
00988A,2026-01-07,2026-01-06,1,1,True,1.0,38,8845000000.0,825863678.8048552,0.0,-0.054609355120165626
00988A,2026-01-08,2026-01-07,1,1,True,1.0,38,8871000000.0,829840972.8718429,0.0,0.004815920797901274
00988A,2026-01-09,2026-01-08,1,1,True,1.0,38,8479000000.000001,808293612.9647284,0.0,-0.02596564957806946
00988A,2026-01-12,2026-01-09,1,3,True,1.0,40,8211000000.0,770985915.4929577,0.0,-0.046156120589559424
00988A,2026-01-13,2026-01-12,1,1,True,1.0,40,8386000000.0,774330563.2502308,0.0,0.0043381437845522175
00988A,2026-01-14,2026-01-13,1,1,True,1.0,38,8381999999.999999,757181571.815718,0.0,-0.0221468611061022
00988A,2026-01-15,2026-01-14,1,1,True,1.0,38,8409999999.999999,770852428.9642528,0.0,0.01805492586903834
00988A,2026-01-16,2026-01-15,1,1,True,1.0,37,8242000000.0,742522522.5225226,0.0,-0.03675140062773807
00988A,2026-01-19,2026-01-16,1,3,True,1.0,38,8353000000.0,758673932.7883742,0.0,0.021752081284997837
00988A,2026-01-20,2026-01-19,1,1,True,1.0,36,8436000000.0,765517241.3793104,0.0,0.00902009189347619
00988A,2026-01-21,2026-01-20,1,1,True,1.0,36,8436000000.0,755237242.614145,0.0,-0.013428827215756556
00988A,2026-01-22,2026-01-21,1,1,True,1.0,37,8406000000.0,729687500.0,0.0,-0.03383008831199619
00988A,2026-01-23,2026-01-22,1,1,True,1.0,40,8559999999.999999,749562171.6287215,0.0,0.02723723734985395
00988A,2026-01-26,2026-01-23,1,3,True,1.0,41,8865000000.0,788000000.0,0.0,0.05128037383177575
00988A,2026-01-27,2026-01-26,1,1,True,1.0,42,8936000000.0,789399293.2862191,0.0,0.0017757529012933926
00988A,2026-01-28,2026-01-27,1,1,True,1.0,43,8983000000.0,769092465.7534246,0.0,-0.025724405513790627
00988A,2026-01-29,2026-01-28,1,1,True,1.0,43,9288000000.0,784459459.4594594,0.0,0.01998068423538757
00988A,2026-01-30,2026-01-29,1,1,True,1.0,41,9532000000.0,804388185.6540085,0.0,0.025404405484868775
00988A,2026-02-02,2026-01-30,1,3,True,1.0,42,9549000000.0,839103690.685413,0.0,0.04315765155498785
00988A,2026-02-03,2026-02-02,1,1,True,1.0,42,9558000000.0,797164303.586322,0.0,-0.04998117344095254
00988A,2026-02-04,2026-02-03,1,1,True,1.0,42,9709000000.0,803060380.4797354,0.0,0.007396313240429775
00988A,2026-02-05,2026-02-04,1,1,True,1.0,43,9872000000.0,858434782.6086956,0.0,0.06895421997519091
00988A,2026-02-06,2026-02-05,1,1,True,1.0,44,9692000000.0,863814616.7557932,0.0,0.0062670272175469055
00988A,2026-02-09,2026-02-06,1,3,True,1.0,45,9950000000.0,838954468.8026981,0.0,-0.02877949443187444
00988A,2026-02-10,2026-02-09,1,1,True,1.0,45,10348000000.0,858043117.7446102,0.0,0.02275290215588721
00988A,2026-02-11,2026-02-10,1,1,True,1.0,46,10624000000.0,885333333.3333334,0.0,0.0318051797448784
00988A,2026-02-23,2026-02-11,1,12,True,1.0,45,10793000000.0,860000000.0,0.0,-0.028614457831325324
00988A,2026-02-24,2026-02-23,1,1,True,1.0,43,10793000000.0,828955453.1490016,0.0,-0.036098310291858615
00988A,2026-02-25,2026-02-24,1,1,True,1.0,45,11316000000.0,860532319.391635,0.0,0.03809235601585148
00988A,2026-02-26,2026-02-25,1,1,True,1.0,45,11715000000.0,884150943.3962264,0.0,0.0274465275415674
00988A,2026-03-02,2026-02-26,1,4,True,1.0,44,12437000000.0,957428791.3779831,0.0,0.0828793415073219
00988A,2026-03-03,2026-03-02,1,1,True,1.0,43,12302000000.0,945580322.8285934,0.0,-0.012375300028670266
00988A,2026-03-04,2026-03-03,1,1,True,1.0,44,12991999999.999998,1065791632.4856439,0.0,0.12712966498441114
00988A,2026-03-05,2026-03-04,1,1,True,1.0,44,12337000000.0,973717442.7782162,0.0,-0.08639042276274189
00988A,2026-03-06,2026-03-05,1,1,True,1.0,44,12231000000.0,980834001.6038492,0.0,0.007308648806092943
00988A,2026-03-09,2026-03-06,1,3,True,1.0,44,12246000000.0,1077992957.746479,0.0,0.09905749187299429
00988A,2026-03-10,2026-03-09,1,1,True,1.0,43,11844000000.0,963710333.6045566,0.0,-0.10601425855399638
00988A,2026-03-11,2026-03-10,1,1,True,1.0,44,12033000000.0,934239130.4347825,0.0,-0.030580976608960087
00988A,2026-03-12,2026-03-11,1,1,True,1.0,43,12533000000.0,991534810.1265823,0.0,0.06132870891966924
00988A,2026-03-13,2026-03-12,1,1,True,1.0,43,12853000000.0,1021701112.8775835,0.0,0.03042384638734985
00988A,2026-03-16,2026-03-13,1,3,True,1.0,44,12770000000.0,1008688783.5703001,0.0,-0.012735945124533243
00988A,2026-03-17,2026-03-16,1,1,True,1.0,43,12921000000.0,1009453125.0,0.0,0.0007577574393109465
00988A,2026-03-18,2026-03-17,1,1,True,1.0,42,13151000000.0,995533686.6010598,0.0,-0.01378908842244675
00988A,2026-03-19,2026-03-18,1,1,True,1.0,44,13247000000.0,1003560606.0606061,0.0,0.008062931036469267
00988A,2026-03-20,2026-03-19,1,1,True,1.0,43,13687000000.0,1020656226.6964952,0.0,0.017034965833300886
00988A,2026-03-23,2026-03-20,1,3,True,1.0,46,13800000000.0,1081504702.1943574,0.0,0.059617012963127936
00988A,2026-03-24,2026-03-23,1,1,True,1.0,45,13547999999.999998,1068454258.6750787,0.0,-0.012066931833767836
00988A,2026-03-25,2026-03-24,1,1,True,1.0,44,13458000000.000002,1008089887.6404496,0.0,-0.05649691649830946
00988A,2026-03-26,2026-03-25,1,1,True,1.0,44,13577000000.000002,1027004538.5779123,0.0,0.018762861496145478
00988A,2026-03-27,2026-03-26,1,1,True,1.0,45,13824000000.0,1071627906.9767442,0.0,0.04345002064024128
00988A,2026-03-30,2026-03-27,1,3,True,1.0,45,13193000000.0,1052073365.2312601,0.0,-0.01824751074339881
00988A,2026-03-31,2026-03-30,1,1,True,1.0,45,13308000000.000002,1123037974.6835444,0.0,0.06745214905871633
00988A,2026-04-01,2026-03-31,1,1,True,1.0,45,12988000000.0,1044051446.9453377,0.0,-0.07033290905453482
00988A,2026-04-02,2026-04-01,1,1,True,1.0,45,13322000000.0,1070040160.6425704,0.0,0.024892177270832594
00988A,2026-04-07,2026-04-02,1,5,True,1.0,45,14159000000.0,1094204018.5471406,0.0,0.02258219718600052
00988A,2026-04-08,2026-04-07,1,1,True,1.0,44,14038000000.0,978940027.8940028,0.0,-0.1053404929056857
00988A,2026-04-09,2026-04-08,1,1,True,1.0,44,14274000000.0,989189189.1891892,0.0,0.010469651871561014
00988A,2026-04-10,2026-04-09,1,1,True,1.0,45,15794999999.999998,1054405874.4993323,0.0,0.06592943596927037
00988A,2026-04-13,2026-04-10,1,3,True,1.0,44,16016999999.999998,1080040458.5300066,0.0,0.024311875199715116
00988A,2026-04-14,2026-04-13,1,1,True,1.0,46,16607000000.0,1059795788.1301851,0.0,-0.01874436299115645
00988A,2026-04-15,2026-04-14,1,1,True,1.0,45,17334000000.0,1114726688.1028938,0.0,0.05183158924383369
00988A,2026-04-16,2026-04-15,1,1,True,1.0,47,18757000000.0,1211692506.4599483,0.0,0.08698618180755724
00988A,2026-04-17,2026-04-16,1,1,True,1.0,50,20479000000.0,1309398976.9820971,0.0,0.08063635782283218
00988A,2026-04-20,2026-04-17,1,3,True,1.0,50,21214000000.0,1349491094.1475825,0.0,0.030618717343043667
00988A,2026-04-21,2026-04-20,1,1,True,1.0,50,21703000000.0,1352211838.0062304,0.0,0.002016125834729099
00988A,2026-04-22,2026-04-21,1,1,True,1.0,48,21709000000.0,1334296250.7682853,0.0,-0.01324909805874852
00988A,2026-04-23,2026-04-22,1,1,True,1.0,49,22023000000.0,1359444444.4444444,0.0,0.018847533792948123
00988A,2026-04-24,2026-04-23,1,1,True,1.0,49,23156000000.0,1394099939.795304,0.0,0.02549239543585924
00988A,2026-04-27,2026-04-24,1,3,True,1.0,48,22987000000.0,1356165191.740413,0.0,-0.027210924390729918
00988A,2026-04-28,2026-04-27,1,1,True,1.0,48,23619000000.0,1405056513.979774,0.0,0.03605115552082361
00988A,2026-04-29,2026-04-28,1,1,True,1.0,47,23796000000.0,1440435835.3510897,0.0,0.025179998825175298
00988A,2026-04-30,2026-04-29,1,1,True,1.0,47,23536000000.0,1381220657.2769954,0.0,-0.04110920918574712
00988A,2026-05-04,2026-04-30,1,4,True,1.0,47,24145000000.0,1341388888.8888888,0.0,-0.02883809200090648
00988A,2026-05-05,2026-05-04,1,1,True,1.0,48,25052000000.0,1395654596.1002786,0.0,0.04045486559556921
00988A,2026-05-06,2026-05-05,1,1,True,1.0,48,26670999999.999996,1416409984.0679765,0.0,0.014871435973981217
00988A,2026-05-07,2026-05-06,1,1,True,1.0,48,27948000000.0,1481081081.081081,0.0,0.04565845887881048
00988A,2026-05-08,2026-05-07,1,1,True,1.0,49,28891000000.000004,1569310157.5230854,0.0,0.059570726794784035
00988A,2026-05-11,2026-05-08,1,3,True,1.0,50,30089000000.0,1581966351.2092535,0.0,0.00806481346309762
00988A,2026-05-12,2026-05-11,1,1,True,1.0,50,31752000000.0,1593176116.407426,0.0,0.007085969426343208
00988A,2026-05-13,2026-05-12,1,1,True,1.0,51,33287000000.0,1671034136.5461845,0.0,0.048869688251620635
00988A,2026-05-14,2026-05-13,1,1,True,1.0,50,33252000000.0,1660109835.2471292,0.0,-0.006537449511135995
00988A,2026-05-15,2026-05-14,1,1,True,1.0,47,35258000000.0,1806250000.0,0.0,0.088030419222904
00988A,2026-05-18,2026-05-15,1,3,True,1.0,47,36351000000.0,1887383177.5700934,0.0,0.044918022184134765
00988A,2026-05-19,2026-05-18,1,1,True,1.0,48,36502000000.0,1996827133.479212,0.0,0.05798714177903297
00988A,2026-05-20,2026-05-19,1,1,True,1.0,48,36971000000.0,2029143798.0241494,0.0,0.016184007119649735
00988A,2026-05-21,2026-05-20,1,1,True,1.0,46,36379000000.0,1896715328.4671533,0.0,-0.06526322564519405
00988A,2026-05-22,2026-05-21,1,1,True,1.0,47,36931000000.0,1813899803.5363457,0.0,-0.04366260117575771
00988A,2026-05-25,2026-05-22,1,3,True,1.0,47,38860000000.0,1759963768.1159422,0.0,-0.029734848261878
00988A,2026-05-26,2026-05-25,1,1,True,1.0,46,40139000000.0,1831158759.1240873,0.0,0.040452532204319214
00988A,2026-05-27,2026-05-26,1,1,True,1.0,46,40139000000.0,1818713185.3194382,0.0,-0.006796556411418075
00988A,2026-05-28,2026-05-27,1,1,True,1.0,46,42485000000.0,2003064592.173503,0.0,0.10136365004781411
00988A,2026-05-29,2026-05-28,1,1,True,1.0,46,42248000000.0,1910809588.4215288,0.0,-0.046056929023875925
00988A,2026-06-01,2026-05-29,1,3,True,1.0,47,42261000000.0,1921828103.6834927,0.0,0.005766411958957107
00988A,2026-06-02,2026-06-01,1,1,True,1.0,51,48279000000.0,2224838709.6774197,0.0,0.15766790245868423
00988A,2026-06-03,2026-06-02,1,1,True,1.0,49,50270000000.0,2218446601.9417477,0.0,-0.002873065677915454
00988A,2026-06-04,2026-06-03,1,1,True,1.0,50,52082000000.00001,2357718424.6265283,0.0,0.06277898352968236
00988A,2026-06-05,2026-06-04,1,1,True,1.0,51,52950000000.0,2467381174.2777257,0.0,0.04651223339723809
00988A,2026-06-08,2026-06-05,1,3,True,1.0,51,55060000000.0,2719012345.6790123,0.0,0.10198309609578105
00988A,2026-06-09,2026-06-08,1,1,True,1.0,50,52103000000.0,2492966507.1770334,0.0,-0.083135274785054
00988A,2026-06-10,2026-06-09,1,1,True,1.0,50,51990000000.0,2623107971.7457113,0.0,0.0522034548775574
00988A,2026-06-11,2026-06-10,1,1,True,1.0,49,53014000000.0,2670730478.5894203,0.0,0.0181549929917737
00988A,2026-06-12,2026-06-11,1,1,True,1.0,48,50221000000.0,2405220306.51341,0.0,-0.09941481336456037
00988A,2026-06-15,2026-06-12,1,3,True,1.0,49,52757000000.00001,2359436493.7388196,0.0,-0.019035184698302454
00988A,2026-06-16,2026-06-15,1,1,True,1.0,48,54502000000.0,2403086419.7530866,0.0,0.018500148713516795
00988A,2026-06-17,2026-06-16,1,1,True,1.0,48,58542999999.99999,2599600355.2397866,0.0,0.08177564230373857
00988A,2026-06-18,2026-06-17,1,1,True,1.0,48,58199000000.0,2534799651.567944,0.0,-0.024927179110908138
00988A,2026-06-22,2026-06-18,1,4,True,1.0,44,59440000000.0,2504846186.2621155,0.0,-0.01181689656904461
00988A,2026-06-23,2026-06-22,1,1,True,1.0,44,62075000000.0,2709515495.4168487,0.0,0.08170933220460674
00988A,2026-06-24,2026-06-23,1,1,True,1.0,43,64350000000.0,2856191744.3408785,0.0,0.054133755341917444
00988A,2026-06-25,2026-06-24,1,1,True,1.0,43,59669000000.00001,2586432596.4456005,0.0,-0.09444714222347494
00988A,2026-06-26,2026-06-25,1,1,True,1.0,44,60169000000.00001,2744936131.3868613,0.0,0.06128268533233139
00988A,2026-06-29,2026-06-26,1,3,True,1.0,43,63827000000.0,2975617715.617716,0.0,0.08403896236168684
00988A,2026-06-30,2026-06-29,1,1,True,1.0,43,60183000000.00001,2701211849.1921005,0.0,-0.09221811827015913
00988A,2026-07-01,2026-06-30,1,1,True,1.0,42,61659000000.0,2706716417.9104476,0.0,0.0020378145164710038
00988A,2026-07-02,2026-07-01,1,1,True,1.0,42,64052000000.0,2932783882.7838826,0.0,0.08352092719338366
00988A,2026-07-03,2026-07-02,1,1,True,1.0,41,62909000000.0,2949320206.282232,0.0,0.005638439161992581
00988A,2026-07-06,2026-07-03,1,3,True,1.0,41,59385000000.0,2850936149.7839656,0.0,-0.03335821464509081
00988A,2026-07-07,2026-07-06,1,1,True,1.0,42,60417999999.99999,3079408766.564729,0.0,0.080139506736437
00988A,2026-07-08,2026-07-07,1,1,True,1.0,41,62173000000.0,3246631853.785901,0.0,0.05430363420304207
00988A,2026-07-09,2026-07-08,1,1,True,1.0,40,58630999999.99999,3058476786.6458,0.0,-0.057953927520514203
00988A,2026-07-13,2026-07-09,1,4,True,1.0,41,59854000000.0,3209329758.713137,0.0,0.04932290894801139
00988A,2026-07-14,2026-07-13,1,1,True,1.0,42,62760000000.0,3394267171.444024,0.0,0.05762493312779493
00988A,2026-07-15,2026-07-14,1,1,True,1.0,41,59880999999.99999,3117178552.8370633,0.0,-0.08163429824797175
00988A,2026-07-16,2026-07-15,1,1,True,1.0,41,60551000000.0,3325151015.9253154,0.0,0.06671817464513485
00988A,2026-07-17,2026-07-16,1,1,True,1.0,43,60715000000.0,3738608374.384237,0.0,0.12434243030729397
00988A,2026-07-20,2026-07-17,1,3,True,1.0,41,57910000000.0,3496980676.3285027,0.0,-0.064630384854239
00988A,2026-07-21,2026-07-20,1,1,True,1.0,40,55266000000.0,3213139534.883721,0.0,-0.08116748924754935
00988A,2026-07-22,2026-07-21,1,1,True,1.0,41,54635000000.0,3098979013.0459447,0.0,-0.03552927614826029
00988A,2026-07-23,2026-07-22,1,1,True,1.0,41,58770000000.00001,3290593505.039194,0.0,0.06183149068986893
00988A,2026-07-24,2026-07-23,1,1,True,1.0,40,59447000000.0,3452206736.353078,0.0,0.049113702761033995
00988A,2026-07-27,2026-07-24,1,3,True,1.0,40,59566999999.99999,3520508274.2316775,0.0,0.01978489212692791
00988A,2026-07-28,2026-07-27,1,1,True,1.0,41,56388000000.0,3663937621.8323584,0.0,0.04074109089602507
00988A,2026-07-29,2026-07-28,1,1,True,1.0,40,55398000000.0,3860487804.878049,0.0,0.053644522186869104
00988A,2026-07-30,2026-07-29,1,1,True,1.0,39,51004000000.0,3601977401.1299434,0.0,-0.06696314476669396
00988A,2026-07-31,2026-07-30,1,1,True,1.0,40,47787000000.0,2938929889.2988925,0.0,-0.18407875397081952
00988A,2026-08-03,2026-07-31,1,3,True,1.0,42,50574000000.0,3133457249.070632,0.0,0.06618986062921883
00988A,2026-08-04,2026-08-03,1,1,True,1.0,42,53832000000.00001,3316820702.402958,0.0,0.05851793682097006
00988A,2026-08-05,2026-08-04,1,1,True,1.0,44,55940000000.0,3254217568.353694,0.0,-0.018874440214362354
00988A,2026-08-06,2026-08-05,1,1,True,1.0,45,58355999999.99999,3515421686.7469873,0.0,0.08026633527316251
00988A,2026-08-07,2026-08-06,1,1,True,1.0,43,58291999999.99999,3556558877.364246,0.0,0.011701922068793058
00988A,2026-08-10,2026-08-07,1,3,True,1.0,44,57302000000.0,3437432513.4973,0.0,-0.033494838121513104
00988A,2026-08-11,2026-08-10,1,1,True,1.0,41,57289000000.0,3461570996.978852,0.0,0.007022242149269831
00988A,2026-08-12,2026-08-11,1,1,True,1.0,43,56055999999.99999,3344630071.599045,0.0,-0.033782616471500715
00988A,2026-08-13,2026-08-12,1,1,True,1.0,43,56686000000.0,3209852774.6319366,0.0,-0.040296622969329454
00988A,2026-08-14,2026-08-13,1,1,True,1.0,46,58447000000.0,3364824409.90213,0.0,0.04827998233905406
00988A,2026-08-17,2026-08-14,1,3,True,1.0,45,59271000000.0,3350537026.5686827,0.0,-0.004246100715211809
00988A,2026-08-18,2026-08-17,1,1,True,1.0,44,59816000000.0,3453579676.674365,0.0,0.030754069956125507
00988A,2026-08-19,2026-08-18,1,1,True,1.0,45,60703000000.0,3678969696.969697,0.0,0.06526272488155582
00988A,2026-08-20,2026-08-19,1,1,True,1.0,45,56698000000.0,3434161114.4760747,0.0,-0.06654270153278696
00988A,2026-08-21,2026-08-20,1,1,True,1.0,47,54955999999.99999,3353020134.2281876,0.0,-0.023627598573011666
00988A,2026-08-24,2026-08-21,1,3,True,1.0,47,55462000000.0,3451275668.948351,0.0,0.029303592220385033
00988A,2026-08-25,2026-08-24,1,1,True,1.0,45,54895000000.00001,3403285802.8518295,0.0,-0.01390496462751245
00988A,2026-08-26,2026-08-25,1,1,True,1.0,44,53414000000.0,3291065927.295132,0.0,-0.0329739792828041
00988A,2026-08-27,2026-08-26,1,1,True,1.0,47,54440000000.0,3293405928.6146398,0.0,0.0007110162394803332
00988A,2026-08-28,2026-08-27,1,1,True,1.0,47,54370000000.00001,3317266625.9914584,0.0,0.007244991323269945
00988A,2026-08-31,2026-08-28,1,3,True,1.0,46,55053000000.0,3442964352.7204504,0.0,0.03789195771727383
00988A,2026-09-01,2026-08-31,1,1,True,1.0,48,53403000000.0,3302597402.597402,0.0,-0.040769213893294465
00988A,2026-09-02,2026-09-01,1,1,True,1.0,44,53304999999.99999,3393061744.11203,0.0,0.02739187690376066
00988A,2026-09-03,2026-09-02,1,1,True,1.0,42,51921000000.0,3343271088.216356,0.0,-0.014674255775650402
00988A,2026-09-04,2026-09-03,1,1,True,1.0,42,50947000000.0,3186178861.7886176,0.0,-0.046987582604779865
00988A,2026-09-07,2026-09-04,1,3,True,1.0,42,51291999999.99999,3154489544.895448,0.0,-0.00994586878759851
00988A,2026-09-08,2026-09-07,1,1,True,1.0,43,52234000000.0,3210448678.5494776,0.0,0.01773952104060128
00988A,2026-09-09,2026-09-08,1,1,True,1.0,43,52836000000.0,3245454545.454545,0.0,0.010903730415925406
00988A,2026-09-10,2026-09-09,1,1,True,1.0,42,52797000000.0,3245052243.3927474,0.0,-0.00012395861848102374
00988A,2026-09-11,2026-09-10,1,1,True,1.0,42,52573000000.0,3294047619.047619,0.0,0.015098485934897043
00988A,2026-09-14,2026-09-11,1,3,True,1.0,42,51872000000.0,3291370558.3756347,0.0,-0.0008126964092760591
00988A,2026-09-15,2026-09-14,1,1,True,1.0,42,51647000000.0,3295915762.6037016,0.0,0.0013809457633084943
00988A,2026-09-16,2026-09-15,1,1,True,1.0,41,50542000000.0,3198860759.493671,0.0,-0.029447052079194957
00988A,2026-09-17,2026-09-16,1,1,True,1.0,42,49905000000.0,3124921728.240451,0.0,-0.023114176205945136
00988A,2026-09-18,2026-09-17,1,1,True,1.0,41,50861000000.0,3120306748.4662576,0.0,-0.001476830517861294
00988A,2026-09-21,2026-09-18,1,3,True,1.0,41,51043000000.0,3110481413.77209,0.0,-0.0031488361517651997
00988A,2026-09-22,2026-09-21,1,1,True,1.0,41,51852000000.0,3099342498.505678,0.0,-0.003581090443779078
00988A,2026-09-23,2026-09-22,1,1,True,1.0,41,52962000000.0,3124601769.9115047,0.0,0.0081498806337168
00988A,2026-09-24,2026-09-23,1,1,True,1.0,41,53567999999.99999,3167829686.57599,0.0,0.013834696338186347
00988A,2026-09-29,2026-09-24,1,5,True,1.0,41,53522000000.0,3247694174.7572813,0.0,0.02521110542013205
00988A,2026-09-30,2026-09-29,1,1,True,1.0,40,53203000000.0,3168731387.7307925,0.0,-0.024313492212483356
00988A,2026-10-01,2026-09-30,1,1,True,1.0,41,52870000000.00001,3077415599.534343,0.0,-0.02881777500927374
00988A,2026-10-02,2026-10-01,1,1,True,1.0,40,52602000000.0,3047624565.469293,0.0,-0.009680536509127147
00988A,2026-10-05,2026-10-02,1,3,True,1.0,38,53579000000.0,3066914710.933028,0.0,0.0063295675203236534
00988A,2026-10-06,2026-10-05,1,1,True,1.0,38,54240000000.0,3081818181.8181815,0.0,0.004859434412057384
00988A,2026-10-07,2026-10-06,1,1,True,1.0,38,54533000000.00001,3100227401.932917,0.0,0.005973493252569018
00989A,2025-10-15,2025-10-14,1,1,True,1.0,0,,,0.0,
00989A,2025-10-16,2025-10-15,1,1,True,1.0,0,,,0.0,
00989A,2025-10-17,2025-10-16,1,1,True,1.0,0,,,0.0,
00989A,2025-10-20,2025-10-17,1,3,True,1.0,0,,,0.0,
00989A,2025-10-21,2025-10-20,1,1,True,1.0,0,,,0.0,
00989A,2025-10-22,2025-10-21,1,1,True,1.0,0,1549000000.0,101974983.54180382,0.0,
00989A,2025-10-23,2025-10-22,1,1,True,1.0,0,1546000000.0,102113606.34081902,0.0,0.0013593804499940632
00989A,2025-10-27,2025-10-23,1,4,True,1.0,0,1508000000.0,95746031.74603175,0.0,-0.062357748619068065
00989A,2025-10-28,2025-10-27,1,1,True,1.0,0,1598000000.0,99688084.84092326,0.0,0.04117197363696379
00989A,2025-10-29,2025-10-28,1,1,True,1.0,0,1653000000.0,104158790.17013232,0.0,0.04484693768912473
00989A,2025-10-30,2025-10-29,1,1,True,1.0,0,2007999999.9999998,126209930.86109364,0.0,0.21170695872084466
00989A,2025-10-31,2025-10-30,1,1,True,1.0,0,2315000000.0,145780856.4231738,0.0,0.15506644705811512
00989A,2025-11-03,2025-10-31,1,3,True,1.0,0,2277000000.0,142401500.9380863,0.0,-0.02318106483939064
00989A,2025-11-04,2025-11-03,1,1,True,1.0,0,2342000000.0,147853535.35353535,0.0,0.03828635498595978
00989A,2025-11-05,2025-11-04,1,1,True,1.0,0,2352000000.0,152628163.5301752,0.0,0.03229295914516461
00989A,2025-11-06,2025-11-05,1,1,True,1.0,0,2218000000.0,141725239.61661342,0.0,-0.07143454826019868
00989A,2025-11-07,2025-11-06,1,1,True,1.0,0,2253000000.0,146775244.29967427,0.0,0.03563235946343668
00989A,2025-11-10,2025-11-07,1,3,True,1.0,0,2189000000.0,141682847.89644015,0.0,-0.034695199640321306
00989A,2025-11-11,2025-11-10,1,1,True,1.0,0,2182000000.0,139961513.7908916,0.0,-0.012149205998503998
00989A,2025-11-12,2025-11-11,1,1,True,1.0,0,2252000000.0,144081893.7939859,0.0,0.029439378665554683
00989A,2025-11-13,2025-11-12,1,1,True,1.0,0,2252000000.0,145572074.9838397,0.0,0.01034259857789288
00989A,2025-11-14,2025-11-13,1,1,True,1.0,0,2222000000.0,149127516.77852347,0.0,0.02442392742618038
00989A,2025-11-17,2025-11-14,1,3,True,1.0,0,2138000000.0,142818971.2758851,0.0,-0.04230302789798002
00989A,2025-11-18,2025-11-17,1,1,True,1.0,0,2158000000.0,147203274.2155525,0.0,0.030698323202442035
00989A,2025-11-19,2025-11-18,1,1,True,1.0,0,2160000000.0,148555708.3906465,0.0,0.00918752780670884
00989A,2025-11-20,2025-11-19,1,1,True,1.0,0,2184000000.0,145697131.42094728,0.0,-0.019242457934919632
00989A,2025-11-21,2025-11-20,1,1,True,1.0,0,2208000000.0,155056179.7752809,0.0,0.06423632547228064
00989A,2025-11-24,2025-11-21,1,3,True,1.0,0,2142000000.0000002,149268292.68292686,0.0,-0.037327677624602096
00989A,2025-11-25,2025-11-24,1,1,True,1.0,0,2206000000.0,149762389.68092328,0.0,0.003310126947361658
00989A,2025-11-26,2025-11-25,1,1,True,1.0,0,2295000000.0,153614457.8313253,0.0,0.025721198483871888
00989A,2025-11-27,2025-11-26,1,1,True,1.0,0,2320000000.0,154357950.7651364,0.0,0.004839993216182004
00989A,2025-11-28,2025-11-27,1,1,True,1.0,0,2345000000.0,155298013.24503312,0.0,0.006090146152089471
00989A,2025-12-01,2025-11-28,1,3,True,1.0,0,2345000000.0,156021290.75182968,0.0,0.004657351962741307
00989A,2025-12-02,2025-12-01,1,1,True,1.0,0,2378000000.0,156447368.42105263,0.0,0.0027308944001795954
00989A,2025-12-03,2025-12-02,1,1,True,1.0,0,2362000000.0,154177545.691906,0.0,-0.014508538891097045
00989A,2025-12-04,2025-12-03,1,1,True,1.0,0,2348000000.0,153363814.50032657,0.0,-0.005277883935223104
00989A,2025-12-05,2025-12-04,1,1,True,1.0,0,2359000000.0,152883992.22294232,0.0,-0.0031286537763002276
00989A,2025-12-08,2025-12-05,1,3,True,1.0,0,2349000000.0,152730819.24577373,0.0,-0.0010018902237013405
00989A,2025-12-09,2025-12-08,1,1,True,1.0,0,2334000000.0,151656920.0779727,0.0,-0.0070313193702765675
00989A,2025-12-10,2025-12-09,1,1,True,1.0,0,2341000000.0,151521035.5987055,0.0,-0.0008959992013377605
00989A,2025-12-11,2025-12-10,1,1,True,1.0,0,2341000000.0,153911900.06574622,0.0,0.015779092702169706
00989A,2025-12-12,2025-12-11,1,1,True,1.0,0,2322000000.0,151368970.0130378,0.0,-0.016521984665397227
00989A,2025-12-15,2025-12-12,1,3,True,1.0,0,2301000000.0,152788844.62151393,0.0,0.009380222434980157
00989A,2025-12-16,2025-12-15,1,1,True,1.0,0,2225000000.0,150643195.66689235,0.0,-0.014043230446154298
00989A,2025-12-17,2025-12-16,1,1,True,1.0,0,2205000000.0,147393048.12834224,0.0,-0.021575136694105712
00989A,2025-12-18,2025-12-17,1,1,True,1.0,0,2224000000.0,151086956.52173913,0.0,0.02506161885043867
00989A,2025-12-19,2025-12-18,1,1,True,1.0,0,2175000000.0,145582329.3172691,0.0,-0.03643350379937005
00989A,2025-12-22,2025-12-19,1,3,True,1.0,0,2221000000.0,144690553.74592835,0.0,-0.006125575648657788
00989A,2025-12-23,2025-12-22,1,1,True,1.0,0,2276000000.0,147792207.79220778,0.0,0.021436465380634484
00989A,2025-12-24,2025-12-23,1,1,True,1.0,0,2299000000.0,150065274.15143603,0.0,0.015380150233794021
00989A,2025-12-26,2025-12-24,1,2,True,1.0,0,2257000000.0,146749024.7074122,0.0,-0.022098713128510195
00989A,2025-12-29,2025-12-26,1,3,True,1.0,0,2257000000.0,147323759.7911227,0.0,0.003916449086161844
00989A,2025-12-30,2025-12-29,1,1,True,1.0,0,2236000000.0,146911957.9500657,0.0,-0.002795216750107743
00989A,2025-12-31,2025-12-30,1,1,True,1.0,0,2221000000.0,146600660.0660066,0.0,-0.0021189417689532197
00989A,2026-01-02,2025-12-31,1,2,True,1.0,0,2181000000.0,143581303.4891376,0.0,-0.02059579114793586
00989A,2026-01-05,2026-01-02,1,3,True,1.0,0,2161000000.0,142077580.539119,0.0,-0.010472971852720003
00989A,2026-01-06,2026-01-05,1,1,True,1.0,0,2173000000.0,140738341.96891192,0.0,-0.009426107659810223
00989A,2026-01-07,2026-01-06,1,1,True,1.0,0,2161000000.0,138881748.07197943,0.0,-0.013191813055056345
00989A,2026-01-08,2026-01-07,1,1,True,1.0,0,2134000000.0,136794871.7948718,0.0,-0.015026281754648152
00989A,2026-01-09,2026-01-08,1,1,True,1.0,0,2102000000.0,136139896.373057,0.0,-0.004788011518421231
00989A,2026-01-12,2026-01-09,1,3,True,1.0,0,2032999999.9999998,132098765.43209875,0.0,-0.02968366400018818
00989A,2026-01-13,2026-01-12,1,1,True,1.0,0,2048999999.9999998,131094049.9040307,0.0,-0.00760579044612264
00989A,2026-01-14,2026-01-13,1,1,True,1.0,0,2060000000.0000002,131797824.69609725,0.0,0.005368472425573589
00989A,2026-01-15,2026-01-14,1,1,True,1.0,0,1939999999.9999998,126384364.8208469,0.0,-0.041073969830176194
00989A,2026-01-16,2026-01-15,1,1,True,1.0,0,1903000000.0,123651721.89733593,0.0,-0.021621684987573886
00989A,2026-01-19,2026-01-16,1,3,True,1.0,0,1893000000.0,125864361.70212767,0.0,0.017894128531657838
00989A,2026-01-20,2026-01-19,1,1,True,1.0,0,1873000000.0,124121935.0563287,0.0,-0.013843685553521667
00989A,2026-01-21,2026-01-20,1,1,True,1.0,0,1873000000.0,124534574.46808511,0.0,0.0033244680851063357
00989A,2026-01-22,2026-01-21,1,1,True,1.0,0,1837000000.0,121575115.81733951,0.0,-0.023764152753451007
00989A,2026-01-23,2026-01-22,1,1,True,1.0,0,1845000000.0,121222076.21550591,0.0,-0.002903880448397178
00989A,2026-01-26,2026-01-23,1,3,True,1.0,0,1867000000.0000002,124218230.20625418,0.0,0.024716240509045306
00989A,2026-01-27,2026-01-26,1,1,True,1.0,0,1860000000.0000002,121967213.11475411,0.0,-0.018121471282938506
00989A,2026-01-28,2026-01-27,1,1,True,1.0,0,1864999999.9999998,121975147.15500326,0.0,6.50505988168959e-05
00989A,2026-01-29,2026-01-28,1,1,True,1.0,0,1880999999.9999998,122780678.85117492,0.0,0.006604064147166078
00989A,2026-01-30,2026-01-29,1,1,True,1.0,0,1864000000.0,123443708.60927153,0.0,0.005400114776204168
00989A,2026-02-02,2026-01-30,1,3,True,1.0,0,1807999999.9999998,123920493.48869087,0.0,0.003862366780703841
00989A,2026-02-03,2026-02-02,1,1,True,1.0,0,1746000000.0,116789297.65886289,0.0,-0.05754654156924244
00989A,2026-02-04,2026-02-03,1,1,True,1.0,0,1759000000.0,121143250.68870524,0.0,0.03728041110890201
00989A,2026-02-05,2026-02-04,1,1,True,1.0,0,1698000000.0,121026372.0598717,0.0,-0.0009647968679152852
00989A,2026-02-06,2026-02-05,1,1,True,1.0,0,1629000000.0,120221402.21402213,0.0,-0.006651193720417892
00989A,2026-02-09,2026-02-06,1,3,True,1.0,0,1717000000.0000002,121514508.13871197,0.0,0.010756037617892789
00989A,2026-02-10,2026-02-09,1,1,True,1.0,0,1816000000.0,126815642.45810056,0.0,0.04362552587825319
00989A,2026-02-11,2026-02-10,1,1,True,1.0,0,1852000000.0,128521859.81956974,0.0,0.013454313114668937
00989A,2026-02-23,2026-02-11,1,12,True,1.0,0,1839000000.0,130240793.20113315,0.0,0.013374638244237902
00989A,2026-02-24,2026-02-23,1,1,True,1.0,0,1839000000.0,130982905.98290598,0.0,0.005698005698005604
00989A,2026-02-25,2026-02-24,1,1,True,1.0,0,1794000000.0000002,127505330.49040513,0.0,-0.02654984225922352
00989A,2026-02-26,2026-02-25,1,1,True,1.0,0,1829000000.0,128893587.03312193,0.0,0.010887831413614935
00989A,2026-03-02,2026-02-26,1,4,True,1.0,0,1851000000.0000002,132308791.99428165,0.0,0.02649631405076902
00989A,2026-03-03,2026-03-02,1,1,True,1.0,0,1830999999.9999998,129858156.02836879,0.0,-0.018522094631615915
00989A,2026-03-04,2026-03-03,1,1,True,1.0,0,1841000000.0,132828282.82828283,0.0,0.02287208513314476
00989A,2026-03-05,2026-03-04,1,1,True,1.0,0,1805999999.9999998,127183098.59154929,0.0,-0.0424998661168533
00989A,2026-03-06,2026-03-05,1,1,True,1.0,0,1830000000.0,129146083.27452365,0.0,0.015434320320174777
00989A,2026-03-09,2026-03-06,1,3,True,1.0,0,1803000000.0,133357988.16568048,0.0,0.032613493064312715
00989A,2026-03-10,2026-03-09,1,1,True,1.0,0,1745000000.0,123671155.20907159,0.0,-0.07263781562581928
00989A,2026-03-11,2026-03-10,1,1,True,1.0,0,1784000000.0,125368938.86156008,0.0,0.013728210508087368
00989A,2026-03-12,2026-03-11,1,1,True,1.0,0,1779000000.0,125991501.4164306,0.0,0.004965843697201544
00989A,2026-03-13,2026-03-12,1,1,True,1.0,0,1785000000.0000002,127591136.52609009,0.0,0.012696373101962699
00989A,2026-03-16,2026-03-13,1,3,True,1.0,0,1705999999.9999998,121250888.4150675,0.0,-0.049691916567622396
00989A,2026-03-17,2026-03-16,1,1,True,1.0,0,1705999999.9999998,121164772.7272727,0.0,-0.0007102272727272929
00989A,2026-03-18,2026-03-17,1,1,True,1.0,0,1735000000.0000002,120990237.09902373,0.0,-0.0014404816211873728
00989A,2026-03-19,2026-03-18,1,1,True,1.0,0,1751000000.0000002,123745583.03886928,0.0,0.02277329151434304
00989A,2026-03-20,2026-03-19,1,1,True,1.0,0,1727000000.0,121448663.85372713,0.0,-0.01856162562522068
00989A,2026-03-23,2026-03-20,1,3,True,1.0,0,1739000000.0,126289034.13217139,0.0,0.03985527814677314
00989A,2026-03-24,2026-03-23,1,1,True,1.0,0,1689000000.0,120988538.68194842,0.0,-0.04197114568692939
00989A,2026-03-25,2026-03-24,1,1,True,1.0,0,1732000000.0,122836879.43262412,0.0,0.015276990455555195
00989A,2026-03-26,2026-03-25,1,1,True,1.0,0,1710000000.0000002,122230164.40314512,0.0,-0.004939192791947988
00989A,2026-03-27,2026-03-26,1,1,True,1.0,0,1714999999.9999998,125733137.829912,0.0,0.028658829380391104
00989A,2026-03-30,2026-03-27,1,3,True,1.0,0,1646000000.0,124132730.01508296,0.0,-0.012728607926687063
00989A,2026-03-31,2026-03-30,1,1,True,1.0,0,1605999999.9999998,121943811.69324219,0.0,-0.017633691948729324
00989A,2026-04-01,2026-03-31,1,1,True,1.0,0,1591000000.0,116556776.55677655,0.0,-0.044176371573631634
00989A,2026-04-02,2026-04-01,1,1,True,1.0,0,1662000000.0,123385300.66815144,0.0,0.058585389139074184
00989A,2026-04-07,2026-04-02,1,5,True,1.0,0,1688000000.0,123032069.97084548,0.0,-0.0028628264095735823
00989A,2026-04-08,2026-04-07,1,1,True,1.0,0,1695000000.0,117954070.98121086,0.0,-0.04127378325698283
00989A,2026-04-09,2026-04-08,1,1,True,1.0,0,1705000000.0,119230769.23076923,0.0,0.01082368958475155
00989A,2026-04-10,2026-04-09,1,1,True,1.0,0,1755000000.0,122985283.81219342,0.0,0.031489477134525545
00989A,2026-04-13,2026-04-10,1,3,True,1.0,0,1743000000.0,124056939.50177935,0.0,0.008713690421875198
00989A,2026-04-14,2026-04-13,1,1,True,1.0,0,1680000000.0,115463917.5257732,0.0,-0.06926675775266
00989A,2026-04-15,2026-04-14,1,1,True,1.0,0,1729000000.0,117299864.31478968,0.0,0.015900610583446273
00989A,2026-04-16,2026-04-15,1,1,True,1.0,0,1751000000.0000002,116191108.1619111,0.0,-0.009452322552591319
00989A,2026-04-17,2026-04-16,1,1,True,1.0,0,1772000000.0,116809492.41924852,0.0,0.005322130644246137
00989A,2026-04-20,2026-04-17,1,3,True,1.0,0,1779000000.0,116122715.40469974,0.0,-0.005879462364957622
00989A,2026-04-21,2026-04-20,1,1,True,1.0,0,1705999999.9999998,109781209.78120977,0.0,-0.05461038007412389
00989A,2026-04-22,2026-04-21,1,1,True,1.0,0,1686000000.0,108215661.10397945,0.0,-0.014260625113809544
00989A,2026-04-23,2026-04-22,1,1,True,1.0,0,1605000000.0,103016688.06161746,0.0,-0.04804270462633442
00989A,2026-04-24,2026-04-23,1,1,True,1.0,0,1628000000.0,104425914.04746632,0.0,0.013679589320576557
00989A,2026-04-27,2026-04-24,1,3,True,1.0,0,1558000000.0,98482932.99620733,0.0,-0.05691097947735124
00989A,2026-04-28,2026-04-27,1,1,True,1.0,0,1553000000.0,98042929.29292929,0.0,-0.004467816807354641
00989A,2026-04-29,2026-04-28,1,1,True,1.0,0,1497000000.0,96084724.00513479,0.0,-0.0199729373848454
00989A,2026-04-30,2026-04-29,1,1,True,1.0,0,1465000000.0,93193384.22391857,0.0,-0.0300915656588836
00989A,2026-05-04,2026-04-30,1,4,True,1.0,0,1433000000.0,87538179.59682345,0.0,-0.06068246876309569
00989A,2026-05-05,2026-05-04,1,1,True,1.0,0,1460000000.0,88915956.15103531,0.0,0.015739150169189253
00989A,2026-05-06,2026-05-05,1,1,True,1.0,0,1455000000.0,86658725.43180466,0.0,-0.02538611534915569
00989A,2026-05-07,2026-05-06,1,1,True,1.0,0,1444000000.0,85191740.41297935,0.0,-0.01692830135125556
00989A,2026-05-08,2026-05-07,1,1,True,1.0,0,1471000000.0,87196206.28334321,0.0,0.023528875694368123
00989A,2026-05-11,2026-05-08,1,3,True,1.0,0,1455000000.0,84543869.84311447,0.0,-0.03041802566054308
00989A,2026-05-12,2026-05-11,1,1,True,1.0,0,1470000000.0,84628670.1208981,0.0,0.0010030328389389886
00989A,2026-05-13,2026-05-12,1,1,True,1.0,0,1479000000.0,85540775.01445922,0.0,0.010777729252487545
00989A,2026-05-14,2026-05-13,1,1,True,1.0,0,1454000000.0,83323782.23495702,0.0,-0.025917380093031128
00989A,2026-05-15,2026-05-14,1,1,True,1.0,0,1478000000.0,84845005.74052812,0.0,0.01825677453384844
00989A,2026-05-18,2026-05-15,1,3,True,1.0,0,1485000000.0,86639439.90665111,0.0,0.02114955559801257
00989A,2026-05-19,2026-05-18,1,1,True,1.0,0,1450000000.0,86002372.4792408,0.0,-0.007353088017382214
00989A,2026-05-20,2026-05-19,1,1,True,1.0,0,1427000000.0,84688427.29970326,0.0,-0.015278010846209056
00989A,2026-05-21,2026-05-20,1,1,True,1.0,0,1420000000.0,82366589.32714617,0.0,-0.027416236746732214
00989A,2026-05-22,2026-05-21,1,1,True,1.0,0,1458000000.0,83266704.74014848,0.0,0.010928161774760525
00989A,2026-05-25,2026-05-22,1,3,True,1.0,0,1468000000.0,82471910.11235955,0.0,-0.009545167306299174
00989A,2026-05-26,2026-05-25,1,1,True,1.0,0,1477000000.0,83258173.61894025,0.0,0.009533712818212692
00989A,2026-05-27,2026-05-26,1,1,True,1.0,0,1477000000.0,82745098.03921568,0.0,-0.006162464985994487
00989A,2026-05-28,2026-05-27,1,1,True,1.0,0,1408000000.0,79773371.10481587,0.0,-0.035914235463125666
00989A,2026-05-29,2026-05-28,1,1,True,1.0,0,1391000000.0,77449888.64142539,0.0,-0.029126040823041266
00989A,2026-06-01,2026-05-29,1,3,True,1.0,0,1404000000.0,77058177.82656422,0.0,-0.00505760333206795
00989A,2026-06-02,2026-06-01,1,1,True,1.0,0,1416000000.0,77166212.53405994,0.0,0.0014019888679288606
00989A,2026-06-03,2026-06-02,1,1,True,1.0,0,1439000000.0,77282491.94414608,0.0,0.001506869473927086
00989A,2026-06-04,2026-06-03,1,1,True,1.0,0,1460000000.0,79868708.97155361,0.0,0.03346446216145105
00989A,2026-06-05,2026-06-04,1,1,True,1.0,0,1425000000.0,78599007.17043574,0.0,-0.015897362277009996
00989A,2026-06-08,2026-06-05,1,3,True,1.0,0,1416000000.0,82229965.15679443,0.0,0.04619597774925133
00989A,2026-06-09,2026-06-08,1,1,True,1.0,0,1318000000.0,75228310.50228311,0.0,-0.08514724092562487
00989A,2026-06-10,2026-06-09,1,1,True,1.0,0,1347000000.0,78679906.54205607,0.0,0.045881610483173185
00989A,2026-06-11,2026-06-10,1,1,True,1.0,0,1328000000.0,78163625.66215421,0.0,-0.006561788169205496
00989A,2026-06-12,2026-06-11,1,1,True,1.0,0,1302000000.0,73851389.67668746,0.0,-0.05516934442249999
00989A,2026-06-15,2026-06-12,1,3,True,1.0,0,1357000000.0,74848317.70546056,0.0,0.013499109944139498
00989A,2026-06-16,2026-06-15,1,1,True,1.0,0,1360000000.0,74074074.07407407,0.0,-0.010344168781899032
00989A,2026-06-17,2026-06-16,1,1,True,1.0,0,1409000000.0,78190899.00110988,0.0,0.055577136514983305
00989A,2026-06-18,2026-06-17,1,1,True,1.0,0,1370000000.0,76068850.63853414,0.0,-0.027139326823005572
00989A,2026-06-22,2026-06-18,1,4,True,1.0,0,1364000000.0,74413529.73267868,0.0,-0.02176082446310723
00989A,2026-06-23,2026-06-22,1,1,True,1.0,0,1413000000.0,77552140.50493963,0.0,0.04217795854511963
00989A,2026-06-24,2026-06-23,1,1,True,1.0,0,1425000000.0,79254727.47497219,0.0,0.021954093838636446
00989A,2026-06-25,2026-06-24,1,1,True,1.0,0,1364000000.0,75151515.15151516,0.0,-0.051772461456671914
00989A,2026-06-26,2026-06-25,1,1,True,1.0,0,1360000000.0,76533483.39898705,0.0,0.01838909361555352
00989A,2026-06-29,2026-06-26,1,3,True,1.0,0,1406000000.0,78591391.83901621,0.0,0.026888994837733993
00989A,2026-06-30,2026-06-29,1,1,True,1.0,0,1379000000.0,74580854.51595457,0.0,-0.051030236635542514
00989A,2026-07-01,2026-06-30,1,1,True,1.0,0,1431000000.0,75794491.52542374,0.0,0.016272768894187717
00989A,2026-07-02,2026-07-01,1,1,True,1.0,0,1473000000.0,79535637.14902808,0.0,0.049359070142313
00989A,2026-07-03,2026-07-02,1,1,True,1.0,0,1405000000.0,78316610.92530657,0.0,-0.015326792711013115
00989A,2026-07-06,2026-07-03,1,3,True,1.0,0,1348000000.0,74930516.95386326,0.0,-0.04323596145743269
00989A,2026-07-07,2026-07-06,1,1,True,1.0,0,1348000000.0,75772906.12703766,0.0,0.011242270938729426
00989A,2026-07-08,2026-07-07,1,1,True,1.0,0,1381000000.0,78914285.71428572,0.0,0.041457821110640225
00989A,2026-07-09,2026-07-08,1,1,True,1.0,0,1338000000.0,75764439.41109852,0.0,-0.03991477936696297
00989A,2026-07-13,2026-07-09,1,4,True,1.0,0,1337000000.0,75965909.09090908,0.0,0.0026591588531048593
00989A,2026-07-14,2026-07-13,1,1,True,1.0,0,1365000000.0,77733485.19362187,0.0,0.02326801750766272
00989A,2026-07-15,2026-07-14,1,1,True,1.0,0,1312000000.0,72767609.53965612,0.0,-0.06388335273526646
00989A,2026-07-16,2026-07-15,1,1,True,1.0,0,1345000000.0,75988700.56497176,0.0,0.04426545059942155
00989A,2026-07-17,2026-07-16,1,1,True,1.0,0,1312000000.0,78188319.42789035,0.0,0.028946657155136668
00989A,2026-07-20,2026-07-17,1,3,True,1.0,0,1240000000.0,73329390.89296274,0.0,-0.062143918304943035
00989A,2026-07-21,2026-07-20,1,1,True,1.0,0,1226000000.0,71948356.80751175,0.0,-0.01883329547175505
00989A,2026-07-22,2026-07-21,1,1,True,1.0,0,1222000000.0,70799536.50057937,0.0,-0.015967290399777845
00989A,2026-07-23,2026-07-22,1,1,True,1.0,0,1260000000.0,73813708.26010545,0.0,0.04257332616155485
00989A,2026-07-24,2026-07-23,1,1,True,1.0,0,1245000000.0,74239713.7745975,0.0,0.005771360422523353
00989A,2026-07-27,2026-07-24,1,3,True,1.0,0,1213000000.0,72809123.64945978,0.0,-0.01926987662534896
00989A,2026-07-28,2026-07-27,1,1,True,1.0,0,1185000000.0,73556797.02048418,0.0,0.010268951658092718
00989A,2026-07-29,2026-07-28,1,1,True,1.0,0,1187000000.0,75269499.04882689,0.0,0.023284075676456517
00989A,2026-07-30,2026-07-29,1,1,True,1.0,0,1163000000.0,74694926.14001285,0.0,-0.007633542352146083
00989A,2026-07-31,2026-07-30,1,1,True,1.0,0,1131000000.0,68879415.34713763,0.0,-0.07785683838784785
00989A,2026-08-03,2026-07-31,1,3,True,1.0,0,1185000000.0,71992709.59902795,0.0,0.04519919683115736
00989A,2026-08-04,2026-08-03,1,1,True,1.0,0,1186000000.0,70679380.21454112,0.0,-0.018242533053715704
00989A,2026-08-05,2026-08-04,1,1,True,1.0,0,1225000000.0,70686670.51356031,0.0,0.00010314605189032378
00989A,2026-08-06,2026-08-05,1,1,True,1.0,0,1274000000.0,74809160.30534351,0.0,0.058320610687022656
00989A,2026-08-07,2026-08-06,1,1,True,1.0,0,1339000000.0,78121353.55892648,0.0,0.04427523634891517
00989A,2026-08-10,2026-08-07,1,3,True,1.0,0,1327000000.0,75742009.1324201,0.0,-0.030457030224286363
00989A,2026-08-11,2026-08-10,1,1,True,1.0,0,1246000000.0,71078151.7398745,0.0,-0.06157557009600512
00989A,2026-08-12,2026-08-11,1,1,True,1.0,0,1243000000.0,71150543.78935318,0.0,0.00101848525470416
00989A,2026-08-13,2026-08-12,1,1,True,1.0,0,1243000000.0,70504821.32728304,0.0,-0.009075439591605172
00989A,2026-08-14,2026-08-13,1,1,True,1.0,0,1256000000.0,70720720.72072071,0.0,0.003062193327679985
00989A,2026-08-17,2026-08-14,1,3,True,1.0,0,1272000000.0,72313814.66742468,0.0,0.022526551348298174
00989A,2026-08-18,2026-08-17,1,1,True,1.0,0,1254000000.0,72276657.06051873,0.0,-0.0005138382904683603
00989A,2026-08-19,2026-08-18,1,1,True,1.0,0,1245000000.0,73494687.13105077,0.0,0.01685232992323038
00989A,2026-08-20,2026-08-19,1,1,True,1.0,0,1212000000.0,71673565.9373152,0.0,-0.02477895021837795
00989A,2026-08-21,2026-08-20,1,1,True,1.0,0,1201000000.0,71573301.54946364,0.0,-0.001398903299149934
00989A,2026-08-24,2026-08-21,1,3,True,1.0,0,1192000000.0,70783847.98099762,0.0,-0.011030000731773404
00989A,2026-08-25,2026-08-24,1,1,True,1.0,0,1204000000.0,72182254.19664268,0.0,0.019756007274717158
00989A,2026-08-26,2026-08-25,1,1,True,1.0,0,1155000000.0,69369369.36936937,0.0,-0.038969201759899375
00989A,2026-08-27,2026-08-26,1,1,True,1.0,0,1162000000.0,68716735.65937315,0.0,-0.009408096338906602
00989A,2026-08-28,2026-08-27,1,1,True,1.0,0,1161000000.0,67382472.43180498,0.0,-0.019416859877949832
00989A,2026-08-31,2026-08-28,1,3,True,1.0,0,1152000000.0,67804590.93584462,0.0,0.006264514922138531
00989A,2026-09-01,2026-08-31,1,1,True,1.0,0,1112000000.0,65334900.117508814,0.0,-0.036423651912782296
00989A,2026-09-02,2026-09-01,1,1,True,1.0,0,1135000000.0,68455971.04945718,0.0,0.047770348256979345
00989A,2026-09-03,2026-09-02,1,1,True,1.0,0,1104000000.0,66787658.802177854,0.0,-0.024370587717965853
00989A,2026-09-04,2026-09-03,1,1,True,1.0,0,1098000000.0,64626250.7357269,0.0,-0.03236238708191508
00989A,2026-09-07,2026-09-04,1,3,True,1.0,0,1137000000.0,67317939.60923623,0.0,0.041650085574611584
00989A,2026-09-08,2026-09-07,1,1,True,1.0,0,1133000000.0,67081113.08466548,0.0,-0.0035180299032541162
00989A,2026-09-09,2026-09-08,1,1,True,1.0,0,1133000000.0,67240356.08308604,0.0,0.002373887240356032
00989A,2026-09-10,2026-09-09,1,1,True,1.0,0,1150000000.0,68370986.92033294,0.0,0.01681476576135066
00989A,2026-09-11,2026-09-10,1,1,True,1.0,0,1128000000.0,67625899.28057554,0.0,-0.01089771660932115
00989A,2026-09-14,2026-09-11,1,3,True,1.0,0,1115000000.0,67330917.87439615,0.0,-0.004361959091376155
00989A,2026-09-15,2026-09-14,1,1,True,1.0,0,1124000000.0,66984505.363528006,0.0,-0.00514492482509088
00989A,2026-09-16,2026-09-15,1,1,True,1.0,0,1140000000.0,67655786.35014836,0.0,0.01002143679314016
00989A,2026-09-17,2026-09-16,1,1,True,1.0,0,1112000000.0,65488810.36513545,0.0,-0.032029425743392625
00989A,2026-09-18,2026-09-17,1,1,True,1.0,0,1115000000.0,65090484.53006422,0.0,-0.006082349531933096
00989A,2026-09-21,2026-09-18,1,3,True,1.0,0,1135000000.0,66258026.85347344,0.0,0.017937219730941756
00989A,2026-09-22,2026-09-21,1,1,True,1.0,0,1129000000.0,64220705.34698521,0.0,-0.030748297274135084
00989A,2026-09-23,2026-09-22,1,1,True,1.0,0,1169000000.0,65859154.92957746,0.0,0.025512793323269944
00989A,2026-09-24,2026-09-23,1,1,True,1.0,0,1177000000.0,66272522.52252252,0.0,0.006276539584922691
00989A,2026-09-29,2026-09-24,1,5,True,1.0,0,1158000000.0,66095890.41095891,0.0,-0.002665238998614816
00989A,2026-09-30,2026-09-29,1,1,True,1.0,0,1139000000.0,64496036.2400906,0.0,-0.024205047559251125
00989A,2026-10-01,2026-09-30,1,1,True,1.0,0,1127000000.0,62334070.79646018,0.0,-0.03352090406893171
00989A,2026-10-02,2026-10-01,1,1,True,1.0,0,1132000000.0,62645268.40066408,0.0,0.004992415868683819
00989A,2026-10-05,2026-10-02,1,3,True,1.0,0,1145000000.0,63399778.51605759,0.0,0.012044167654735594
00989A,2026-10-06,2026-10-05,1,1,True,1.0,0,1158000000.0,63140676.11777536,0.0,-0.004086802893429775
00989A,2026-10-07,2026-10-06,1,1,True,1.0,0,1167000000.0,63666121.11292963,0.0,0.008321814517382897
00990A,2025-12-19,2025-12-18,1,1,True,1.0543573217371047,53,,,0.054357321737104725,
00990A,2025-12-22,2025-12-19,1,3,True,1.0,52,19550000000.0,1947211155.3784862,0.0,
00990A,2025-12-23,2025-12-22,1,1,True,1.0,54,19929000000.0,1965384615.3846152,0.0,0.00933307102105041
00990A,2025-12-24,2025-12-23,1,1,True,1.0,58,20193000000.0,1932344497.6076555,0.0,-0.016811018829764213
00990A,2025-12-26,2025-12-24,1,2,True,1.0,52,20301000000.0,1900842696.6292136,0.0,-0.016302373110717472
00990A,2025-12-29,2025-12-26,1,3,True,1.0,52,20375000000.0,1938629876.3082778,0.0,0.019879172403941103
00990A,2025-12-30,2025-12-29,1,1,True,1.0,48,20341000000.0,1974854368.9320388,0.0,0.018685615581630843
00990A,2025-12-31,2025-12-30,1,1,True,1.0,51,20225000000.0,1980901077.3751223,0.0,0.0030618503005634956
00990A,2026-01-02,2025-12-31,1,2,True,1.0,51,20119000000.0,1982167487.684729,0.0,0.0006393102230450864
00990A,2026-01-05,2026-01-02,1,3,True,1.0,50,19989000000.0,1940679611.6504853,0.0,-0.02093056025386819
00990A,2026-01-06,2026-01-05,1,1,True,1.0,52,20327000000.0,1971580989.3307467,0.0,0.015922967137260047
00990A,2026-01-07,2026-01-06,1,1,True,1.0,54,20528000000.0,1958778625.9541984,0.0,-0.0064934504064649845
00990A,2026-01-08,2026-01-07,1,1,True,1.0,51,21090000000.0,2010486177.3117254,0.0,0.0263978535769136
00990A,2026-01-09,2026-01-08,1,1,True,1.0,51,21013000000.0,2034172313.6495643,0.0,0.01178129778017678
00990A,2026-01-12,2026-01-09,1,3,True,1.0,51,20573000000.0,1974376199.616123,0.0,-0.02939579583902574
00990A,2026-01-13,2026-01-12,1,1,True,1.0,52,20982000000.0,1986931818.181818,0.0,0.006359283792083836
00990A,2026-01-14,2026-01-13,1,1,True,1.0,52,21165000000.0,1978037383.1775703,0.0,-0.0044764671454035065
00990A,2026-01-15,2026-01-14,1,1,True,1.0,53,21044000000.0,1996584440.227704,0.0,0.009376494705241267
00990A,2026-01-16,2026-01-15,1,1,True,1.0,51,20582000000.0,1911049210.7706592,0.0,-0.042840777346381476
00990A,2026-01-19,2026-01-16,1,3,True,1.0,52,20718000000.0,1938072965.3882134,0.0,0.014140794734771145
00990A,2026-01-20,2026-01-19,1,1,True,1.0,48,21005000000.0,1970450281.4258912,0.0,0.016705932447281358
00990A,2026-01-21,2026-01-20,1,1,True,1.0,51,21005000000.0,1957595526.5610437,0.0,-0.006523765144454852
00990A,2026-01-22,2026-01-21,1,1,True,1.0,49,20787000000.0,1882880434.7826087,0.0,-0.03816676671185948
00990A,2026-01-23,2026-01-22,1,1,True,1.0,49,20937000000.0,1901634877.3841963,0.0,0.009960506389643742
00990A,2026-01-26,2026-01-23,1,3,True,1.0,48,21073000000.0,1938638454.4618216,0.0,0.019458823309196793
00990A,2026-01-27,2026-01-26,1,1,True,1.0,48,20916000000.0,1913632204.9405308,0.0,-0.012898872125299277
00990A,2026-01-28,2026-01-27,1,1,True,1.0,49,20812000000.0,1853250222.6179874,0.0,-0.031553598526745
00990A,2026-01-29,2026-01-28,1,1,True,1.0,49,21367000000.0,1879243623.5708005,0.0,0.01402584531520712
00990A,2026-01-30,2026-01-29,1,1,True,1.0,48,21872000000.0,1930450132.39188,0.0,0.02724846751044474
00990A,2026-02-02,2026-01-30,1,3,True,1.0,49,21785000000.0,1994963369.96337,0.0,0.03341875373468284
00990A,2026-02-03,2026-02-02,1,1,True,1.0,48,21506000000.0,1861991341.9913418,0.0,-0.06665386942641949
00990A,2026-02-04,2026-02-03,1,1,True,1.0,50,21835000000.0,1880706287.683032,0.0,0.010051037977263144
00990A,2026-02-05,2026-02-04,1,1,True,1.0,48,22048000000.0,1979174147.217235,0.0,0.05235685134839008
00990A,2026-02-06,2026-02-05,1,1,True,1.0,49,21240000000.0,1936189608.0218778,0.0,-0.021718421926536724
00990A,2026-02-09,2026-02-06,1,3,True,1.0,52,21333000000.0,1848613518.197574,0.0,-0.04523115373694042
00990A,2026-02-10,2026-02-09,1,1,True,1.0,50,22178000000.0,1893936806.1485908,0.0,0.0245174491611464
00990A,2026-02-11,2026-02-10,1,1,True,1.0,53,22715000000.0,1946443873.1790917,0.0,0.027723769272574916
00990A,2026-02-23,2026-02-11,1,12,True,1.0,55,22802000000.0,1876707818.930041,0.0,-0.03582741594041028
00990A,2026-02-24,2026-02-23,1,1,True,1.0,50,22802000000.0,1831485943.7751005,0.0,-0.02409638554216864
00990A,2026-02-25,2026-02-24,1,1,True,1.0,54,23507000000.0,1861203483.7688043,0.0,0.016225917591510042
00990A,2026-02-26,2026-02-25,1,1,True,1.0,55,23897000000.0,1872805642.6332288,0.0,0.006233686410757722
00990A,2026-03-02,2026-02-26,1,4,True,1.0,51,24519000000.0,1953705179.2828684,0.0,0.04319697399880318
00990A,2026-03-03,2026-03-02,1,1,True,1.0,52,24125000000.0,1937751004.0160644,0.0,-0.008166111978400004
00990A,2026-03-04,2026-03-03,1,1,True,1.0,53,24750000000.0,2133620689.6551726,0.0,0.10108093621582981
00990A,2026-03-05,2026-03-04,1,1,True,1.0,52,23456000000.0,1924200164.068909,0.0,-0.09815265037578413
00990A,2026-03-06,2026-03-05,1,1,True,1.0,50,23163000000.0,1935087719.2982454,0.0,0.00565822383379988
00990A,2026-03-09,2026-03-06,1,3,True,1.0,51,23020000000.0,2085144927.536232,0.0,0.0775454294611535
00990A,2026-03-10,2026-03-09,1,1,True,1.0,50,22088000000.0,1879829787.2340426,0.0,-0.09846564504501176
00990A,2026-03-11,2026-03-10,1,1,True,1.0,47,22461000000.0,1848641975.308642,0.0,-0.016590763768718708
00990A,2026-03-12,2026-03-11,1,1,True,1.0,49,23114000000.0,1927773144.2869058,0.0,0.04280502662775065
00990A,2026-03-13,2026-03-12,1,1,True,1.0,51,23618000000.0,1983039462.63644,0.0,0.028668476118842046
00990A,2026-03-16,2026-03-13,1,3,True,1.0,54,22915000000.0,1903239202.6578074,0.0,-0.04024138776973141
00990A,2026-03-17,2026-03-16,1,1,True,1.0,52,23170000000.0,1913294797.6878614,0.0,0.005283411047866116
00990A,2026-03-18,2026-03-17,1,1,True,1.0,53,23596000000.0,1895261044.176707,0.0,-0.009425496548125967
00990A,2026-03-19,2026-03-18,1,1,True,1.0,54,23627000000.0,1910024252.2231207,0.0,0.0077895380648351775
00990A,2026-03-20,2026-03-19,1,1,True,1.0,54,24067000000.0,1910079365.079365,0.0,2.8854532176936232e-05
00990A,2026-03-23,2026-03-20,1,3,True,1.0,51,24245000000.0,2023789649.4156928,0.0,0.05953170659565932
00990A,2026-03-24,2026-03-23,1,1,True,1.0,49,23361000000.0,1950000000.0,0.0,-0.03646112600536189
00990A,2026-03-25,2026-03-24,1,1,True,1.0,49,23163000000.0,1848603351.9553072,0.0,-0.05199828104856041
00990A,2026-03-26,2026-03-25,1,1,True,1.0,50,23292000000.0,1870843373.493976,0.0,0.012030715791543356
00990A,2026-03-27,2026-03-26,1,1,True,1.0,51,23750000000.0,1956342668.863262,0.0,0.045700937117791884
00990A,2026-03-30,2026-03-27,1,3,True,1.0,53,22523000000.0,1907112616.4267569,0.0,-0.025164329961228304
00990A,2026-03-31,2026-03-30,1,1,True,1.0,51,22327000000.0,1975840707.9646018,0.0,0.03603777299036315
00990A,2026-04-01,2026-03-31,1,1,True,1.0,52,21248000000.0,1799153259.9491956,0.0,-0.08942393346952515
00990A,2026-04-02,2026-04-01,1,1,True,1.0,52,21676000000.0,1827655986.509275,0.0,0.015842300483553062
00990A,2026-04-07,2026-04-02,1,5,True,1.0,48,22912000000.0,1858231954.5823195,0.0,0.016729607923339662
00990A,2026-04-08,2026-04-07,1,1,True,1.0,51,22897000000.0,1722874341.6102333,0.0,-0.07284215118478621
00990A,2026-04-09,2026-04-08,1,1,True,1.0,52,23222000000.0,1718874907.4759438,0.0,-0.00232137309013003
00990A,2026-04-10,2026-04-09,1,1,True,1.0,51,24824000000.0,1771877230.5496075,0.0,0.030835474322848944
00990A,2026-04-13,2026-04-10,1,3,True,1.0,48,24955000000.0,1792744252.8735633,0.0,0.01177678789714065
00990A,2026-04-14,2026-04-13,1,1,True,1.0,47,25196000000.0,1737655172.413793,0.0,-0.03072891204167505
00990A,2026-04-15,2026-04-14,1,1,True,1.0,47,25199000000.0,1731890034.3642612,0.0,-0.003317768761637252
00990A,2026-04-16,2026-04-15,1,1,True,1.0,45,25390000000.0,1742621825.6691833,0.0,0.006196577780333223
00990A,2026-04-17,2026-04-16,1,1,True,1.0,49,24885000000.0,1685975609.7560976,0.0,-0.032506316102940525
00990A,2026-04-20,2026-04-17,1,3,True,1.0,50,25419000000.0,1714025623.735671,0.0,0.016637259647920732
00990A,2026-04-21,2026-04-20,1,1,True,1.0,52,25456000000.0,1681373844.1215322,0.0,-0.019049761661657727
00990A,2026-04-22,2026-04-21,1,1,True,1.0,53,25450000000.0,1653671215.0747237,0.0,-0.016476186508826207
00990A,2026-04-23,2026-04-22,1,1,True,1.0,55,25780000000.0,1687172774.86911,0.0,0.020258900009257674
00990A,2026-04-24,2026-04-23,1,1,True,1.0,56,26513000000.0,1710516129.032258,0.0,0.013835781676218017
00990A,2026-04-27,2026-04-24,1,3,True,1.0,54,26343000000.0,1672571428.5714285,0.0,-0.02218318776233763
00990A,2026-04-28,2026-04-27,1,1,True,1.0,52,27306000000.0,1734815756.035578,0.0,0.037214749935859714
00990A,2026-04-29,2026-04-28,1,1,True,1.0,49,27443000000.0,1767095943.3354797,0.0,0.018607271226120714
00990A,2026-04-30,2026-04-29,1,1,True,1.0,51,26829000000.000004,1689483627.2040303,0.0,-0.043920827515993466
00990A,2026-05-04,2026-04-30,1,4,True,1.0,50,27413000000.0,1634645199.761479,0.0,-0.03245869125900014
00990A,2026-05-05,2026-05-04,1,1,True,1.0,52,28182000000.0,1678499106.611078,0.0,0.02682778309078815
00990A,2026-05-06,2026-05-05,1,1,True,1.0,49,29277999999.999996,1677822349.5702004,0.0,-0.00040319177901970704
00990A,2026-05-07,2026-05-06,1,1,True,1.0,50,30136000000.0,1712272727.2727273,0.0,0.020532792229971175
00990A,2026-05-08,2026-05-07,1,1,True,1.0,53,30831000000.0,1805093676.8149884,0.0,0.05420920865223633
00990A,2026-05-11,2026-05-08,1,3,True,1.0,52,31045000000.0,1755938914.0271494,0.0,-0.027231142305351397
00990A,2026-05-12,2026-05-11,1,1,True,1.0,51,31635000000.000004,1743936052.92172,0.0,-0.006835580104493255
00990A,2026-05-13,2026-05-12,1,1,True,1.0,51,32664999999.999996,1808693244.7397563,0.0,0.037132778870844874
00990A,2026-05-14,2026-05-13,1,1,True,1.0,50,31967000000.0,1748741794.3107219,0.0,-0.03314627873100762
00990A,2026-05-15,2026-05-14,1,1,True,1.0,53,33320000000.0,1885681946.80249,0.0,0.07830781704725243
00990A,2026-05-18,2026-05-15,1,3,True,1.0,51,33070999999.999996,1900632183.908046,0.0,0.007928292006457838
00990A,2026-05-19,2026-05-18,1,1,True,1.0,52,31537000000.0,1951547029.7029703,0.0,0.02678837400839651
00990A,2026-05-20,2026-05-19,1,1,True,1.0,49,30638000000.0,1849004224.5021122,0.0,-0.052544367950213
00990A,2026-05-21,2026-05-20,1,1,True,1.0,52,30252000000.0,1712054329.3718164,0.0,-0.07406683733628172
00990A,2026-05-22,2026-05-21,1,1,True,1.0,53,30532000000.0,1647706422.0183485,0.0,-0.03758520173660518
00990A,2026-05-25,2026-05-22,1,3,True,1.0,54,32417000000.0,1662410256.4102564,0.0,0.008923819313574333
00990A,2026-05-26,2026-05-25,1,1,True,1.0,52,33268000000.0,1716615067.0794635,0.0,0.03260615751147666
00990A,2026-05-27,2026-05-26,1,1,True,1.0,51,33268000000.0,1673440643.8631792,0.0,-0.02515090543259557
00990A,2026-05-28,2026-05-27,1,1,True,1.0,54,36032000000.0,1873738949.5579822,0.0,0.11969250682976673
00990A,2026-05-29,2026-05-28,1,1,True,1.0,52,36911000000.0,1831811414.3920596,0.0,-0.022376401566404636
00990A,2026-06-01,2026-05-29,1,3,True,1.0,52,37758000000.0,1869207920.7920792,0.0,0.020415041693814695
00990A,2026-06-02,2026-06-01,1,1,True,1.0,53,38291000000.0,1898413485.3743181,0.0,0.015624567099984832
00990A,2026-06-03,2026-06-02,1,1,True,1.0,52,39417000000.0,1867219327.3330176,0.0,-0.01643169851121762
00990A,2026-06-04,2026-06-03,1,1,True,1.0,54,40525000000.0,1957729468.5990338,0.0,0.04847322429727274
00990A,2026-06-05,2026-06-04,1,1,True,1.0,55,41556000000.0,2052148148.148148,0.0,0.04822866543286031
00990A,2026-06-08,2026-06-05,1,3,True,1.0,54,41319000000.0,2186190476.1904764,0.0,0.06531805618580111
00990A,2026-06-09,2026-06-08,1,1,True,1.0,53,38934000000.0,1996615384.6153846,0.0,-0.08671480991237046
00990A,2026-06-10,2026-06-09,1,1,True,1.0,52,39555000000.0,2133495145.631068,0.0,0.06855589818168761
00990A,2026-06-11,2026-06-10,1,1,True,1.0,50,40377000000.0,2203984716.157205,0.0,0.033039480155595546
00990A,2026-06-12,2026-06-11,1,1,True,1.0,50,38681000000.0,2009402597.4025974,0.0,-0.0882865100325535
00990A,2026-06-15,2026-06-12,1,3,True,1.0,50,40779000000.0,1992134831.4606743,0.0,-0.008593482443112088
00990A,2026-06-16,2026-06-15,1,1,True,1.0,48,41734000000.0,1997797989.4686453,0.0,0.002842758390916078
00990A,2026-06-17,2026-06-16,1,1,True,1.0,47,44652000000.0,2155019305.019305,0.0,0.07869730392134189
00990A,2026-06-18,2026-06-17,1,1,True,1.0,45,43794000000.0,2088412017.167382,0.0,-0.030907977342377713
00990A,2026-06-22,2026-06-18,1,4,True,1.0,46,44789000000.0,2061159687.0685687,0.0,-0.013049307260631915
00990A,2026-06-23,2026-06-22,1,1,True,1.0,48,46737000000.0,2217125237.191651,0.0,0.0756688339586633
00990A,2026-06-24,2026-06-23,1,1,True,1.0,47,48136000000.0,2346952705.9970746,0.0,0.05855666907200585
00990A,2026-06-25,2026-06-24,1,1,True,1.0,48,44265000000.0,2089943342.776204,0.0,-0.10950768737867822
00990A,2026-06-26,2026-06-25,1,1,True,1.0,48,44225000000.0,2186109738.012852,0.0,0.046013876677108545
00990A,2026-06-29,2026-06-26,1,3,True,1.0,47,47259000000.0,2374824120.6030154,0.0,0.0863242953035388
00990A,2026-06-30,2026-06-29,1,1,True,1.0,45,44271000000.0,2130461982.6756496,0.0,-0.10289694121235271
00990A,2026-07-01,2026-06-30,1,1,True,1.0,47,45685000000.0,2151907677.8144135,0.0,0.010066218178570896
00990A,2026-07-02,2026-07-01,1,1,True,1.0,44,47769000000.0,2343915603.5328755,0.0,0.08922684169865258
00990A,2026-07-03,2026-07-02,1,1,True,1.0,45,46654000000.0,2361032388.6639676,0.0,0.007302645669192476
00990A,2026-07-06,2026-07-03,1,3,True,1.0,44,43764000000.0,2265217391.304348,0.0,-0.040581822519528576
00990A,2026-07-07,2026-07-06,1,1,True,1.0,47,43764000000.0,2392782941.4980865,0.0,0.05631492618917444
00990A,2026-07-08,2026-07-07,1,1,True,1.0,46,44415000000.0,2484060402.684564,0.0,0.03814698759484236
00990A,2026-07-09,2026-07-08,1,1,True,1.0,46,42031000000.0,2340256124.7216034,0.0,-0.057890813688567744
00990A,2026-07-13,2026-07-09,1,4,True,1.0,46,42384000000.0,2408181818.181818,0.0,0.02902489720790502
00990A,2026-07-14,2026-07-13,1,1,True,1.0,44,44462000000.0,2559700633.2757626,0.0,0.06291834526362372
00990A,2026-07-15,2026-07-14,1,1,True,1.0,47,42159000000.0,2321530837.0044055,0.0,-0.09304595747455069
00990A,2026-07-16,2026-07-15,1,1,True,1.0,47,42710000000.0,2484584060.500291,0.0,0.07023521759731688
00990A,2026-07-17,2026-07-16,1,1,True,1.0,50,42478000000.0,2742285345.3841186,0.0,0.10372009101271362
00990A,2026-07-20,2026-07-17,1,3,True,1.0,50,40396000000.0,2553476611.8836913,0.0,-0.06885087061353212
00990A,2026-07-21,2026-07-20,1,1,True,1.0,49,38684000000.0,2354473524.0413876,0.0,-0.07793417292962779
00990A,2026-07-22,2026-07-21,1,1,True,1.0,50,38644000000.0,2314011976.0479045,0.0,-0.017184966227198006
00990A,2026-07-23,2026-07-22,1,1,True,1.0,50,41146000000.0,2440450771.055753,0.0,0.05464051021196226
00990A,2026-07-24,2026-07-23,1,1,True,1.0,51,41643000000.0,2545415647.9217606,0.0,0.0430104463121781
00990A,2026-07-27,2026-07-24,1,3,True,1.0,48,41462000000.0,2575279503.10559,0.0,0.011732408107183678
00990A,2026-07-28,2026-07-27,1,1,True,1.0,44,39293000000.0,2662127371.2737126,0.0,0.033723666912034655
00990A,2026-07-29,2026-07-28,1,1,True,1.0,46,38369000000.0,2774331164.1359363,0.0,0.04214816844339753
00990A,2026-07-30,2026-07-29,1,1,True,1.0,45,35478000000.0,2599120879.120879,0.0,-0.06315406296119885
00990A,2026-07-31,2026-07-30,1,1,True,1.0,42,33570999999.999996,2157519280.205655,0.0,-0.1699042174077684
00990A,2026-08-03,2026-07-31,1,3,True,1.0,48,35806000000.0,2334159061.277705,0.0,0.08187170455098447
00990A,2026-08-04,2026-08-03,1,1,True,1.0,46,36928000000.0,2383989670.755326,0.0,0.02134842063862763
00990A,2026-08-05,2026-08-04,1,1,True,1.0,46,38189000000.0,2357345679.012346,0.0,-0.011176219456747183
00990A,2026-08-06,2026-08-05,1,1,True,1.0,46,39810000000.0,2514845230.5748577,0.0,0.06681224266968733
00990A,2026-08-07,2026-08-06,1,1,True,1.0,47,39600000000.0,2525510204.0816326,0.0,0.004240807099026522
00990A,2026-08-10,2026-08-07,1,3,True,1.0,44,38910000000.0,2427323767.9351215,0.0,-0.03887786158528517
00990A,2026-08-11,2026-08-10,1,1,True,1.0,48,39517000000.0,2488476070.528967,0.0,0.02519330276482501
00990A,2026-08-12,2026-08-11,1,1,True,1.0,47,39068000000.0,2457106918.2389936,0.0,-0.01260576810903602
00990A,2026-08-13,2026-08-12,1,1,True,1.0,45,39240000000.0,2362432269.717038,0.0,-0.03853094377749289
00990A,2026-08-14,2026-08-13,1,1,True,1.0,45,40507000000.0,2456458459.672529,0.0,0.03980058652295382
00990A,2026-08-17,2026-08-14,1,3,True,1.0,46,40763000000.0,2437978468.899522,0.0,-0.0075230218936700455
00990A,2026-08-18,2026-08-17,1,1,True,1.0,44,40994000000.0,2481476997.5786924,0.0,0.017842047923747772
00990A,2026-08-19,2026-08-18,1,1,True,1.0,46,41864000000.0,2664799490.77021,0.0,0.07387636209015636
00990A,2026-08-20,2026-08-19,1,1,True,1.0,41,39025000000.0,2509646302.250804,0.0,-0.05822321306229372
00990A,2026-08-21,2026-08-20,1,1,True,1.0,46,37620000000.0,2446033810.1430426,0.0,-0.025347194164655695
00990A,2026-08-24,2026-08-21,1,3,True,1.0,46,38080000000.0,2518518518.5185184,0.0,0.029633567645263703
00990A,2026-08-25,2026-08-24,1,1,True,1.0,46,37639000000.0,2492649006.6225166,0.0,-0.010271717958706628
00990A,2026-08-26,2026-08-25,1,1,True,1.0,45,36516000000.0,2396062992.125984,0.0,-0.03874834131878213
00990A,2026-08-27,2026-08-26,1,1,True,1.0,47,37199000000.0,2390681233.9331617,0.0,-0.002246083767625584
00990A,2026-08-28,2026-08-27,1,1,True,1.0,48,37688000000.0,2452049446.974626,0.0,0.02566975980335995
00990A,2026-08-31,2026-08-28,1,3,True,1.0,47,38027000000.0,2535133333.3333335,0.0,0.033883446543550466
00990A,2026-09-01,2026-08-31,1,1,True,1.0,48,36901000000.0,2438929279.576999,0.0,-0.03794832109672108
00990A,2026-09-02,2026-09-01,1,1,True,1.0,45,36794000000.0,2491130670.27759,0.0,0.02140340482100589
00990A,2026-09-03,2026-09-02,1,1,True,1.0,43,36254000000.0,2474675767.918089,0.0,-0.00660539511468794
00990A,2026-09-04,2026-09-03,1,1,True,1.0,45,35855000000.0,2396724598.930481,0.0,-0.03149954834414015
00990A,2026-09-07,2026-09-04,1,3,True,1.0,47,36087000000.0,2378839815.4251814,0.0,-0.00746217713678099
00990A,2026-09-08,2026-09-07,1,1,True,1.0,45,36386000000.0,2406481481.4814816,0.0,0.01161980973963117
00990A,2026-09-09,2026-09-08,1,1,True,1.0,45,36386000000.0,2400131926.121372,0.0,-0.0026385224274405594
00990A,2026-09-10,2026-09-09,1,1,True,1.0,45,36682000000.0,2422853368.560106,0.0,0.009466747303116696
00990A,2026-09-11,2026-09-10,1,1,True,1.0,44,36699000000.0,2476315789.4736843,0.0,0.022065892062362424
00990A,2026-09-14,2026-09-11,1,3,True,1.0,45,36005000000.0,2466095890.410959,0.0,-0.004127058069963607
00990A,2026-09-15,2026-09-14,1,1,True,1.0,46,35969000000.0,2475498967.6531315,0.0,0.003812940639792206
00990A,2026-09-16,2026-09-15,1,1,True,1.0,46,35056000000.0,2397811217.51026,0.0,-0.0313826631147911
00990A,2026-09-17,2026-09-16,1,1,True,1.0,47,34887000000.0,2342981867.024849,0.0,-0.022866416707459813
00990A,2026-09-18,2026-09-17,1,1,True,1.0,45,35444000000.0,2321152586.771447,0.0,-0.009316879725202898
00990A,2026-09-21,2026-09-18,1,3,True,1.0,48,35992000000.0,2334111543.4500647,0.0,0.005582983536916997
00990A,2026-09-22,2026-09-21,1,1,True,1.0,48,36544000000.0,2318781725.8883247,0.0,-0.00656773135146782
00990A,2026-09-23,2026-09-22,1,1,True,1.0,47,37495000000.0,2353735091.0232267,0.0,0.015074021303799645
00990A,2026-09-24,2026-09-23,1,1,True,1.0,48,37639000000.0,2368722466.9603524,0.0,0.006367486296263936
00990A,2026-09-29,2026-09-24,1,5,True,1.0,44,37603000000.0,2413543003.851091,0.0,0.018921818624135556
00990A,2026-09-30,2026-09-29,1,1,True,1.0,44,37858000000.0,2373542319.7492166,0.0,-0.016573429202648815
00990A,2026-10-01,2026-09-30,1,1,True,1.0,45,37706000000.0,2314671577.655003,0.0,-0.024802903914699748
00990A,2026-10-02,2026-10-01,1,1,True,1.0,45,37629000000.0,2295851128.737035,0.0,-0.008130937062369448
00990A,2026-10-05,2026-10-02,1,3,True,1.0,44,38376000000.0,2313200723.327306,0.0,0.0075569336239214024
00990A,2026-10-06,2026-10-05,1,1,True,1.0,46,38728000000.0,2309361955.873584,0.0,-0.0016595046919233303
00990A,2026-10-07,2026-10-06,1,1,True,1.0,45,39057000000.0,2328980322.0035777,0.0,0.008495145631068013
00991A,2025-12-11,2025-12-10,1,1,True,1.3355263157894737,12,,,0.3355263157894737,
00991A,2025-12-12,2025-12-11,1,1,True,1.1111111111111112,21,,,0.11111111111111116,
00991A,2025-12-15,2025-12-12,1,3,True,1.0,33,,,0.0,
00991A,2025-12-16,2025-12-15,1,1,True,1.026315789473684,36,,,0.02631578947368407,
00991A,2025-12-17,2025-12-16,1,1,True,1.0,36,,,0.0,
00991A,2025-12-18,2025-12-17,1,1,True,1.1304347826086956,37,10470000000.0,1083850931.6770186,0.13043478260869557,
00991A,2025-12-19,2025-12-18,1,1,True,1.1,37,13106000000.0,1331910569.1056912,0.10000000000000009,0.22886877722645438
00991A,2025-12-22,2025-12-19,1,3,True,1.0,37,14858000000.000002,1482834331.3373256,0.0,0.11331373572098902
00991A,2025-12-23,2025-12-22,1,1,True,1.0,38,15276000000.0,1523030907.2781656,0.0,0.027107934508494802
00991A,2025-12-24,2025-12-23,1,1,True,1.0,39,15241999999.999998,1491389432.4853227,0.0,-0.020775333344606794
00991A,2025-12-26,2025-12-24,1,2,True,1.0,38,15288000000.0,1477101449.2753623,0.0,-0.009580316782954679
00991A,2025-12-29,2025-12-26,1,3,True,1.0,36,16633000000.000002,1605501930.5019307,0.0,0.08692732736100095
00991A,2025-12-30,2025-12-29,1,1,True,1.0,36,17645000000.0,1698267564.9663136,0.0,0.057779833647027434
00991A,2025-12-31,2025-12-30,1,1,True,1.0,36,17679000000.0,1688538681.9484239,0.0,-0.005728710374376611
00991A,2026-01-02,2025-12-31,1,2,True,1.0,36,17856000000.0,1713627639.1554704,0.0,0.014858384634751864
00991A,2026-01-05,2026-01-02,1,3,True,1.0,36,18023000000.0,1727996164.9089167,0.0,0.008384858778612836
00991A,2026-01-06,2026-01-05,1,1,True,1.0,36,18143000000.0,1697193638.9148738,0.0,-0.01782557543793306
00991A,2026-01-07,2026-01-06,1,1,True,1.0,35,18510000000.0,1744580584.3543828,0.0,0.02792076540529953
00991A,2026-01-08,2026-01-07,1,1,True,1.0,35,18355000000.0,1741461100.5692601,0.0,-0.0017880995656484044
00991A,2026-01-09,2026-01-08,1,1,True,1.0,33,18227000000.0,1749232245.681382,0.0,0.004462428192959056
00991A,2026-01-12,2026-01-09,1,3,True,1.0,33,18111000000.0,1702161654.1353383,0.0,-0.026909286438238533
00991A,2026-01-13,2026-01-12,1,1,True,1.0,27,18007000000.0,1690798122.0657277,0.0,-0.006675941760292514
00991A,2026-01-14,2026-01-13,1,1,True,1.0,26,17799000000.0,1640460829.4930875,0.0,-0.029771320369779364
00991A,2026-01-15,2026-01-14,1,1,True,1.0,26,17961000000.0,1647798165.1376147,0.0,0.004472728341093246
00991A,2026-01-16,2026-01-15,1,1,True,1.0,25,17920000000.0,1621719457.0135746,0.0,-0.015826397113303137
00991A,2026-01-19,2026-01-16,1,3,True,1.0,25,18011000000.0,1621152115.2115211,0.0,-0.00034983967146706707
00991A,2026-01-20,2026-01-19,1,1,True,1.0,25,18160000000.0,1625783348.2542524,0.0,0.0028567541560571286
00991A,2026-01-21,2026-01-20,1,1,True,1.0,25,18448000000.0,1683211678.8321166,0.0,0.03532348307019517
00991A,2026-01-22,2026-01-21,1,1,True,1.0,25,18098000000.0,1598763250.883392,0.0,-0.05017100879867853
00991A,2026-01-23,2026-01-22,1,1,True,1.0,25,18806000000.0,1646760070.0525393,0.0,0.030021217427049773
00991A,2026-01-26,2026-01-23,1,3,True,1.0,25,19019000000.0,1653826086.9565217,0.0,0.004290859993804075
00991A,2026-01-27,2026-01-26,1,1,True,1.0,25,19404000000.0,1672758620.6896553,0.0,0.011447717436828153
00991A,2026-01-28,2026-01-27,1,1,True,1.0,24,19767000000.0,1659697732.997481,0.0,-0.007807993054484652
00991A,2026-01-29,2026-01-28,1,1,True,1.0,24,20639000000.0,1746108291.0321488,0.0,0.05206403329756126
00991A,2026-01-30,2026-01-29,1,1,True,1.0,24,21510000000.0,1819796954.3147209,0.0,0.04220165705702805
00991A,2026-02-02,2026-01-30,1,3,True,1.0,23,21607000000.0,1883783783.7837837,0.0,0.03516152135398998
00991A,2026-02-03,2026-02-02,1,1,True,1.0,22,21306000000.0,1830412371.1340206,0.0,-0.028332026801165533
00991A,2026-02-04,2026-02-03,1,1,True,1.0,23,21901000000.0,1841968040.3700588,0.0,0.0063131507513134455
00991A,2026-02-05,2026-02-04,1,1,True,1.0,23,22340000000.0,1937554206.41804,0.0,0.05189349866720683
00991A,2026-02-06,2026-02-05,1,1,True,1.0,23,22351000000.0,1981471631.205674,0.0,0.022666423804897917
00991A,2026-02-09,2026-02-06,1,3,True,1.0,23,22398000000.0,1924226804.1237113,0.0,-0.028890056350254434
00991A,2026-02-10,2026-02-09,1,1,True,1.0,23,23113000000.0,1962054329.3718166,0.0,0.019658558527008818
00991A,2026-02-11,2026-02-10,1,1,True,1.0,23,23543000000.0,1952155887.230514,0.0,-0.005044937845565034
00991A,2026-02-23,2026-02-11,1,12,True,1.0,23,24024000000.0,1964349959.1169255,0.0,0.0062464642122976866
00991A,2026-02-24,2026-02-23,1,1,True,1.0,23,24556000000.0,1925960784.3137255,0.0,-0.019542940719411206
00991A,2026-02-25,2026-02-24,1,1,True,1.0,22,25512000000.0,1986915887.8504672,0.0,0.03164919246186093
00991A,2026-02-26,2026-02-25,1,1,True,1.0,22,26720000000.0,2074534161.490683,0.0,0.0440976259619148
00991A,2026-03-02,2026-02-26,1,4,True,1.0,22,26838000000.0,2106593406.5934067,0.0,0.015453707968678065
00991A,2026-03-03,2026-03-02,1,1,True,1.0,22,26581000000.0,2169877551.020408,0.0,0.030040986660704982
00991A,2026-03-04,2026-03-03,1,1,True,1.0,22,25825000000.0,2230138169.2573404,0.0,0.027771437244739516
00991A,2026-03-05,2026-03-04,1,1,True,1.0,22,24873000000.0,2052227722.7722774,0.0,-0.07977552643938157
00991A,2026-03-06,2026-03-05,1,1,True,1.0,23,26458000000.0,2201164725.457571,0.0,0.07257333142547173
00991A,2026-03-09,2026-03-06,1,3,True,1.0,23,26162000000.0,2346367713.004484,0.0,0.06596643398268554
00991A,2026-03-10,2026-03-09,1,1,True,1.0,23,24690000000.0,2115681233.933162,0.0,-0.09831642235476046
00991A,2026-03-11,2026-03-10,1,1,True,1.0,24,25906000000.0,2087510072.5221596,0.0,-0.013315409220996277
00991A,2026-03-12,2026-03-11,1,1,True,1.0,24,27512000000.0,2236747967.479675,0.0,0.07149086221040557
00991A,2026-03-13,2026-03-12,1,1,True,1.0,23,27217000000.0,2212764227.6422763,0.0,-0.010722593777260925
00991A,2026-03-16,2026-03-13,1,3,True,1.0,23,27195000000.0,2163484486.8735085,0.0,-0.0222706694880348
00991A,2026-03-17,2026-03-16,1,1,True,1.0,24,27716000000.000004,2151863354.037267,0.0,-0.005371488867495944
00991A,2026-03-18,2026-03-17,1,1,True,1.0,23,28250000000.0,2114520958.0838325,0.0,-0.017353516376109046
00991A,2026-03-19,2026-03-18,1,1,True,1.0,23,29256000000.0,2199699248.120301,0.0,0.040282547075653596
00991A,2026-03-20,2026-03-19,1,1,True,1.0,23,29263000000.0,2230411585.365854,0.0,0.013962061982699447
00991A,2026-03-23,2026-03-20,1,3,True,1.0,23,29012000000.0,2302539682.5396824,0.0,0.03233846956636821
00991A,2026-03-24,2026-03-23,1,1,True,1.0,23,28113000000.0,2294938775.5102043,0.0,-0.00330109708298032
00991A,2026-03-25,2026-03-24,1,1,True,1.0,22,27544000000.0,2148517940.7176285,0.0,-0.06380163007181927
00991A,2026-03-26,2026-03-25,1,1,True,1.0,22,28962000000.0,2278678206.1369,0.0,0.06058141891791524
00991A,2026-03-27,2026-03-26,1,1,True,1.0,22,28827999999.999996,2291573926.8680444,0.0,0.005659298753292186
00991A,2026-03-30,2026-03-27,1,3,True,1.0,22,28383000000.0,2292649434.57189,0.0,0.0004693314456214459
00991A,2026-03-31,2026-03-30,1,1,True,1.0,22,28022000000.000004,2384851063.8297877,0.0,0.04021619174198543
00991A,2026-04-01,2026-03-31,1,1,True,1.0,22,26354000000.000004,2101594896.331739,0.0,-0.11877310570630473
00991A,2026-04-02,2026-04-01,1,1,True,1.0,22,28294000000.0,2300325203.2520323,0.0,0.09456166231996965
00991A,2026-04-07,2026-04-02,1,5,True,1.0,22,27502000000.0,2180967486.1221256,0.0,-0.05188732313203692
00991A,2026-04-08,2026-04-07,1,1,True,1.0,21,28242000000.0,2079675994.1089838,0.0,-0.04644337554671363
00991A,2026-04-09,2026-04-08,1,1,True,1.0,20,30060000000.000004,2231625835.1893096,0.0,0.07306418957123517
00991A,2026-04-10,2026-04-09,1,1,True,1.0,19,29735000000.000004,2140748740.1007922,0.0,-0.040722370952838594
00991A,2026-04-13,2026-04-10,1,3,True,1.0,19,30302000000.0,2192619392.185239,0.0,0.024230144861374203
00991A,2026-04-14,2026-04-13,1,1,True,1.0,19,29991000000.000004,2127021276.595745,0.0,-0.029917693797333667
00991A,2026-04-15,2026-04-14,1,1,True,1.0,18,30554000000.000004,2138138558.4324706,0.0,0.00522669047040214
00991A,2026-04-16,2026-04-15,1,1,True,1.0,18,30533000000.0,2099931224.2090786,0.0,-0.01786943791491369
00991A,2026-04-17,2026-04-16,1,1,True,1.0,18,30933000000.0,2111467576.7918088,0.0,0.005493681149998375
00991A,2026-04-20,2026-04-17,1,3,True,1.0,19,30633999999.999996,2034130146.082337,0.0,-0.03662733520491912
00991A,2026-04-21,2026-04-20,1,1,True,1.0,19,31056000000.0,2004906391.220142,0.0,-0.01436670850116395
00991A,2026-04-22,2026-04-21,1,1,True,1.0,19,32102999999.999996,2038285714.2857141,0.0,0.0166488187237801
00991A,2026-04-23,2026-04-22,1,1,True,1.0,21,32636000000.0,2106907682.3757262,0.0,0.03366651083754446
00991A,2026-04-24,2026-04-23,1,1,True,1.0,22,32314000000.0,1988553846.1538463,0.0,-0.056174191784438054
00991A,2026-04-27,2026-04-24,1,3,True,1.0,22,33663000000.0,2020588235.2941177,0.0,0.016109389847416278
00991A,2026-04-28,2026-04-27,1,1,True,1.0,20,36308000000.0,2184596871.2394705,0.0,0.08116875723641903
00991A,2026-04-29,2026-04-28,1,1,True,1.0,20,37251000000.0,2239987973.541792,0.0,0.025355296911550695
00991A,2026-04-30,2026-04-29,1,1,True,1.0,20,37701000000.0,2244107142.857143,0.0,0.0018389247460279812
00991A,2026-05-04,2026-04-30,1,4,True,1.0,20,37788000000.0,2155618938.9617796,0.0,-0.039431363238166206
00991A,2026-05-05,2026-05-04,1,1,True,1.0,21,40097000000.0,2284729344.729345,0.0,0.05989481880770131
00991A,2026-05-06,2026-05-05,1,1,True,1.0,22,40390000000.0,2287089467.7236695,0.0,0.0010329989413271345
00991A,2026-05-07,2026-05-06,1,1,True,1.0,22,41437000000.0,2318802462.227196,0.0,0.013866092669776675
00991A,2026-05-08,2026-05-07,1,1,True,1.0,22,42214000000.0,2413607775.8719273,0.0,0.04088546359126721
00991A,2026-05-11,2026-05-08,1,3,True,1.0,22,41747000000.0,2292531576.0571113,0.0,-0.05016399144267614
00991A,2026-05-12,2026-05-11,1,1,True,1.0,23,43504000000.0,2361780673.1813245,0.0,0.030206387492081488
00991A,2026-05-13,2026-05-12,1,1,True,1.0,21,44144000000.0,2436203090.507726,0.0,0.0315111467256417
00991A,2026-05-14,2026-05-13,1,1,True,1.0,22,43969000000.0,2370296495.9568734,0.0,-0.027052996857136913
00991A,2026-05-15,2026-05-14,1,1,True,1.0,22,45442000000.0,2574617563.739377,0.0,0.08620063697981406
00991A,2026-05-18,2026-05-15,1,3,True,1.0,21,45930000000.0,2609659090.9090905,0.0,0.01361038146528415
00991A,2026-05-19,2026-05-18,1,1,True,1.0,21,46105000000.0,2699355971.896956,0.0,0.034371110502643853
00991A,2026-05-20,2026-05-19,1,1,True,1.0,21,45036000000.0,2660129946.839929,0.0,-0.014531623641123925
00991A,2026-05-21,2026-05-20,1,1,True,1.0,21,44678000000.0,2493191964.285714,0.0,-0.06275557431039303
00991A,2026-05-22,2026-05-21,1,1,True,1.0,21,47296000000.0,2545532831.0010767,0.0,0.02099351653026771
00991A,2026-05-25,2026-05-22,1,3,True,1.0,21,49295000000.0,2558121432.2781525,0.0,0.004945369835251734
00991A,2026-05-26,2026-05-25,1,1,True,1.0,21,51315000000.0,2654681841.6968446,0.0,0.037746608976533036
00991A,2026-05-27,2026-05-26,1,1,True,1.0,22,51754999999.99999,2621833839.9189463,0.0,-0.01237361150476024
00991A,2026-05-28,2026-05-27,1,1,True,1.0,22,52932000000.00001,2771308900.5235605,0.0,0.057011645180853776
00991A,2026-05-29,2026-05-28,1,1,True,1.0,22,54754000000.0,2787881873.7270875,0.0,0.005980197011020927
00991A,2026-06-01,2026-05-29,1,3,True,1.0,23,57883000000.00001,2901403508.77193,0.0,0.04071967184645353
00991A,2026-06-02,2026-06-01,1,1,True,1.0,24,59177000000.0,2987228672.3876834,0.0,0.02958056794109276
00991A,2026-06-03,2026-06-02,1,1,True,1.0,24,59074000000.0,2955177588.7943974,0.0,-0.01072937063357382
00991A,2026-06-04,2026-06-03,1,1,True,1.0,25,59900000000.0,3054563997.9602246,0.0,0.03363128143049199
00991A,2026-06-05,2026-06-04,1,1,True,1.0,25,58888000000.0,3063891779.396462,0.0,0.0030537194317965533
00991A,2026-06-08,2026-06-05,1,3,True,1.0,25,58010000000.0,3103798822.899946,0.0,0.01302495204688503
00991A,2026-06-09,2026-06-08,1,1,True,1.0,25,56835000000.0,2899744897.9591837,0.0,-0.06574328317777711
00991A,2026-06-10,2026-06-09,1,1,True,1.0,24,59485000000.0,3192968330.6494904,0.0,0.10112042369543439
00991A,2026-06-11,2026-06-10,1,1,True,1.0,24,56536000000.0,3041204948.897257,0.0,-0.04753050016044569
00991A,2026-06-12,2026-06-11,1,1,True,1.0,24,57691999999.99999,3028451443.5695534,0.0,-0.004193569832354749
00991A,2026-06-15,2026-06-12,1,3,True,1.0,25,59188000000.0,3005992889.7917724,0.0,-0.00741585400864464
00991A,2026-06-16,2026-06-15,1,1,True,1.0,24,61221000000.0,3085735887.096774,0.0,0.02652800596295668
00991A,2026-06-17,2026-06-16,1,1,True,1.0,24,62066000000.0,3100199800.1998005,0.0,0.004687346432826089
00991A,2026-06-18,2026-06-17,1,1,True,1.0,25,62566999999.99999,3025483558.994197,0.0,-0.024100459977059674
00991A,2026-06-22,2026-06-18,1,4,True,1.0,26,64341000000.0,3016455696.202532,0.0,-0.0029839404563369865
00991A,2026-06-23,2026-06-22,1,1,True,1.0,27,67329999999.99999,3274805447.470817,0.0,0.0856467912303589
00991A,2026-06-24,2026-06-23,1,1,True,1.0116279069767442,28,67133000000.00001,3292447278.0774894,0.011627906976744207,0.00538713853071715
00991A,2026-06-25,2026-06-24,1,1,True,1.0,25,67598000000.0,3265603864.7342997,0.0,-0.0081530275433489
00991A,2026-06-26,2026-06-25,1,1,True,1.0,25,69047000000.0,3496050632.911392,0.0,0.07056788812192405
00991A,2026-06-29,2026-06-26,1,3,True,1.0,26,65875000000.0,3352417302.7989826,0.0,-0.04108445362897861
00991A,2026-06-30,2026-06-29,1,1,True,1.0,26,66838000000.0,3235140367.8606,0.0,-0.03498279729091791
00991A,2026-07-01,2026-06-30,1,1,True,1.0,26,70428000000.0,3374604695.7355056,0.0,0.043109204552732816
00991A,2026-07-02,2026-07-01,1,1,True,1.0,26,71905000000.0,3483769379.844961,0.0,0.032348880521445134
00991A,2026-07-03,2026-07-02,1,1,True,1.0,27,72353000000.0,3490255668.1138444,0.0,0.0018618592569328296
00991A,2026-07-06,2026-07-03,1,3,True,1.0,27,73837000000.0,3682643391.521197,0.0,0.05512138413382184
00991A,2026-07-07,2026-07-06,1,1,True,1.0,26,73842000000.0,3862029288.7029285,0.0,0.04871117784435608
00991A,2026-07-08,2026-07-07,1,1,True,1.0,25,71432000000.0,3739895287.958115,0.0,-0.03162430722679277
00991A,2026-07-09,2026-07-08,1,1,True,1.0,25,73756000000.0,3780420297.283444,0.0,0.010835867371959074
00991A,2026-07-13,2026-07-09,1,4,True,1.0,25,75346000000.0,3955170603.6745405,0.0,0.04622510002834068
00991A,2026-07-14,2026-07-13,1,1,True,1.0,25,74387000000.0,4034002169.1973968,0.0,0.01993126805949097
00991A,2026-07-15,2026-07-14,1,1,True,1.0365853658536586,25,75303000000.0,3936382645.0601153,0.03658536585365857,-0.024199174924267264
00991A,2026-07-16,2026-07-15,1,1,True,1.0,25,78521000000.0,4237506745.8175926,0.0,0.07649767004622055
00991A,2026-07-17,2026-07-16,1,1,True,1.0,25,76795000000.0,4565695600.475624,0.0,0.0774485739714641
00991A,2026-07-20,2026-07-17,1,3,True,1.0,25,72702000000.0,4406181818.181818,0.0,-0.03493745449810293
00991A,2026-07-21,2026-07-20,1,1,True,1.0,23,72887000000.0,4361879114.302813,0.0,-0.010054669940353644
00991A,2026-07-22,2026-07-21,1,1,True,1.0,25,74767000000.0,4311822376.009227,0.0,-0.011475957261045444
00991A,2026-07-23,2026-07-22,1,1,True,1.0,26,77927000000.0,4530639534.883721,0.0,0.05074818482597587
00991A,2026-07-24,2026-07-23,1,1,True,1.0,25,77863000000.0,4741961023.1425085,0.0,0.04664275024126607
00991A,2026-07-27,2026-07-24,1,3,True,1.0,25,73928000000.0,4485922330.097087,0.0,-0.05399426351162717
00991A,2026-07-28,2026-07-27,1,1,True,1.0,25,74330000000.0,4919258769.027135,0.0,0.09659918452504046
00991A,2026-07-29,2026-07-28,1,1,True,1.0,23,69091000000.0,4910518834.399431,0.0,-0.001776677145494454
00991A,2026-07-30,2026-07-29,1,1,True,1.0,22,65340000000.0,4663811563.169165,0.0,-0.0502405712207068
00991A,2026-07-31,2026-07-30,1,1,True,1.0,23,65949000000.0,4279623621.025308,0.0,-0.08237638612542741
00991A,2026-08-03,2026-07-31,1,3,True,1.0096288515406162,24,86501000000.0,5413078848.5607,0.009628851540616212,0.26484927832598526
00991A,2026-08-04,2026-08-03,1,1,True,1.036231884057971,27,90702000000.0,5554317207.593387,0.03623188405797095,0.02609205647729307
00991A,2026-08-05,2026-08-04,1,1,True,1.0,24,86053000000.0,5094908229.721728,0.0,-0.08271205275125337
00991A,2026-08-06,2026-08-05,1,1,True,1.0,24,88721000000.0,5170221445.221445,0.0,0.014782055358792956
00991A,2026-08-07,2026-08-06,1,1,True,1.0,23,89445000000.0,5305160142.348755,0.0,0.02609921036400209
00991A,2026-08-10,2026-08-07,1,3,True,1.0,23,87314000000.0,5038315060.588575,0.0,-0.05029915678323693
00991A,2026-08-11,2026-08-10,1,1,True,1.0,22,88127000000.0,5030079908.675799,0.0,-0.0016345051497859142
00991A,2026-08-12,2026-08-11,1,1,True,1.0,22,89465000000.0,5028948847.667229,0.0,-0.00022485945136174745
00991A,2026-08-13,2026-08-12,1,1,True,1.0,22,90729000000.0,4987850467.28972,0.0,-0.008172359994588763
00991A,2026-08-14,2026-08-13,1,1,True,1.0,22,92142000000.0,5051644736.842106,0.0,0.01278993225052516
00991A,2026-08-17,2026-08-14,1,3,True,1.0,22,91961000000.0,4949461786.8676,0.0,-0.020227659563879397
00991A,2026-08-18,2026-08-17,1,1,True,1.0,21,92351000000.0,5091014332.965821,0.0,0.028599583589836275
00991A,2026-08-19,2026-08-18,1,1,True,1.0,21,89802000000.0,5070694522.868436,0.0,-0.003991308758611978
00991A,2026-08-20,2026-08-19,1,1,True,1.0,21,86503000000.0,4829871580.122836,0.0,-0.04749308830565657
00991A,2026-08-21,2026-08-20,1,1,True,1.0,20,86954000000.0,4963127853.881279,0.0,0.027590024195851104
00991A,2026-08-24,2026-08-21,1,3,True,1.0,20,84750000000.0,4856733524.355301,0.0,-0.021436951184478414
00991A,2026-08-25,2026-08-24,1,1,True,1.0,20,84012000000.0,4765286443.56211,0.0,-0.018828926959778003
00991A,2026-08-26,2026-08-25,1,1,True,1.0,20,84995000000.0,4716703662.597115,0.0,-0.01019514388912146
00991A,2026-08-27,2026-08-26,1,1,True,1.0,20,85946000000.0,4724903793.293017,0.0,0.00173852997400048
00991A,2026-08-28,2026-08-27,1,1,True,1.0,20,86244000000.0,4712786885.245901,0.0,-0.002564477199369919
00991A,2026-08-31,2026-08-28,1,3,True,0.9928571428571429,20,85664000000.0,4772367688.0222845,-0.0071428571428571175,0.012642371536661257
00991A,2026-09-01,2026-08-31,1,1,True,1.0,20,81652000000.0,4476535087.719298,0.0,-0.0619886437177648
00991A,2026-09-02,2026-09-01,1,1,True,1.0,20,82882000000.0,4622532069.157836,0.0,0.032613836053482226
00991A,2026-09-03,2026-09-02,1,1,True,1.0,20,80689000000.0,4661409589.832467,0.0,0.008410438282089538
00991A,2026-09-04,2026-09-03,1,1,True,1.0,20,77684000000.0,4381500282.007896,0.0,-0.06004821126105564
00991A,2026-09-07,2026-09-04,1,3,True,1.0,20,79714000000.0,4428555555.555555,0.0,0.010739534524483618
00991A,2026-09-08,2026-09-07,1,1,True,1.0,20,81306000000.0,4601358234.295416,0.0,0.039020099572440126
00991A,2026-09-09,2026-09-08,1,1,True,1.0,20,79536000000.0,4493559322.033898,0.0,-0.023427628707119008
00991A,2026-09-10,2026-09-09,1,1,True,1.0,20,79656000000.0,4490191657.271703,0.0,-0.0007494425956907635
00991A,2026-09-11,2026-09-10,1,1,True,1.0,20,79666000000.0,4589055299.53917,0.0,0.0220176887343686
00991A,2026-09-14,2026-09-11,1,3,True,1.0,20,77618000000.0,4528471411.901983,0.0,-0.01320182122086666
00991A,2026-09-15,2026-09-14,1,1,True,1.0,20,76718000000.0,4547599288.678126,0.0,0.004223914658237682
00991A,2026-09-16,2026-09-15,1,1,True,1.0,20,75225000000.0,4396551724.137931,0.0,-0.0332147920148218
00991A,2026-09-17,2026-09-16,1,1,True,1.0,20,76376000000.0,4503301886.792453,0.0,0.02428042915279316
00991A,2026-09-18,2026-09-17,1,1,True,1.0,21,75325000000.0,4316618911.174786,0.0,-0.04145468820670939
00991A,2026-09-21,2026-09-18,1,3,True,1.0,21,78318000000.0,4467655447.803764,0.0,0.03498954615566774
00991A,2026-09-22,2026-09-21,1,1,True,1.0,21,78759000000.0,4404865771.81208,0.0,-0.01405427896695799
00991A,2026-09-23,2026-09-22,1,1,True,1.0,21,79300000000.0,4405555555.555555,0.0,0.00015659585994409753
00991A,2026-09-24,2026-09-23,1,1,True,1.0,21,79254000000.0,4366611570.247934,0.0,-0.008839744458224219
00991A,2026-09-29,2026-09-24,1,5,True,1.0,21,78898000000.0,4395431754.874652,0.0,0.006600125558015035
00991A,2026-09-30,2026-09-29,1,1,True,1.0,21,77462000000.0,4303444444.444445,0.0,-0.020927935083553728
00991A,2026-10-01,2026-09-30,1,1,True,1.0,21,78030000000.0,4256955810.1473,0.0,-0.010802657010516192
00991A,2026-10-02,2026-10-01,1,1,True,1.0,21,79423000000.0,4249491706.7950773,0.0,-0.0017533899070387715
00991A,2026-10-05,2026-10-02,1,3,True,1.0,21,80576000000.0,4138469440.1643558,0.0,-0.02612601089518385
00991A,2026-10-06,2026-10-05,1,1,True,1.0,20,82449000000.0,4260930232.5581393,0.0,0.029590841291537995
00991A,2026-10-07,2026-10-06,1,1,True,1.0,19,80581000000.0,4199114121.9385095,0.0,-0.01450765613275884
00991A,2026-10-08,2026-10-07,1,1,True,1.0,19,79267000000.0,4187374537.7707343,0.0,-0.002795728772038153
00992A,2025-12-30,2025-12-29,1,1,True,1.1137123745819397,41,8345999999.999999,804046242.7745663,0.11371237458193972,
00992A,2025-12-31,2025-12-30,1,1,True,1.1003584229390682,41,9597000000.0,920134228.1879195,0.10035842293906816,0.14437973742997912
00992A,2026-01-02,2025-12-31,1,2,True,1.0,45,10953000000.0,1054186717.998075,0.0,0.14568797214962204
00992A,2026-01-05,2026-01-02,1,3,True,1.0,47,11150000000.0,1070057581.5738964,0.0,0.015055078293872315
00992A,2026-01-06,2026-01-05,1,1,True,1.0,48,11225000000.0,1057964184.7313856,0.0,-0.011301631847440596
00992A,2026-01-07,2026-01-06,1,1,True,1.0,48,11389000000.0,1075448536.355052,0.0,0.01652641164606683
00992A,2026-01-08,2026-01-07,1,1,True,1.0,48,11325000000.0,1081661891.1174784,0.0,0.005777454292220208
00992A,2026-01-09,2026-01-08,1,1,True,1.0,47,11224000000.0,1070992366.4122137,0.0,-0.009864010919569233
00992A,2026-01-12,2026-01-09,1,3,True,1.0,49,11223000000.0,1054793233.0827067,0.0,-0.015125349010444822
00992A,2026-01-13,2026-01-12,1,1,True,1.0,48,11083000000.0,1044580584.3543828,0.0,-0.009682133339514065
00992A,2026-01-14,2026-01-13,1,1,True,1.0,48,11054000000.0,1024467099.1658944,0.0,-0.019255082364870613
00992A,2026-01-15,2026-01-14,1,1,True,1.0,47,11118000000.0,1036160298.2292637,0.0,0.011413933227225836
00992A,2026-01-16,2026-01-15,1,1,True,1.0,47,11010000000.0,1008241758.2417582,0.0,-0.02694422864417456
00992A,2026-01-19,2026-01-16,1,3,True,1.0,47,11138000000.0,1017168949.7716895,0.0,0.008854217212247883
00992A,2026-01-20,2026-01-19,1,1,True,1.0,48,11129000000.0,1006238698.0108498,0.0,-0.010745758375039882
00992A,2026-01-21,2026-01-20,1,1,True,1.0,48,11292000000.0,1038822447.102116,0.0,0.032381729261335535
00992A,2026-01-22,2026-01-21,1,1,True,1.0,46,11098000000.0,992665474.060823,0.0,-0.044432013545771754
00992A,2026-01-23,2026-01-22,1,1,True,1.0,47,11438000000.0,1014906832.2981367,0.0,0.022405693376569502
00992A,2026-01-26,2026-01-23,1,3,True,1.0,47,11557000000.0,1017341549.2957747,0.0,0.0023989561604633725
00992A,2026-01-27,2026-01-26,1,1,True,1.0,47,11666000000.0,1006557377.0491804,0.0,-0.010600345826885071
00992A,2026-01-28,2026-01-27,1,1,True,1.0186567164179106,51,12250000000.0,1039016115.3519933,0.018656716417910557,0.03224728072429306
00992A,2026-01-29,2026-01-28,1,1,True,1.0,51,13100000000.0,1125429553.2646048,0.0,0.08316852514201556
00992A,2026-01-30,2026-01-29,1,1,True,1.0,51,13030000000.000002,1134029590.948651,0.0,0.007641560201702147
00992A,2026-02-02,2026-01-30,1,3,True,1.0,51,12849000000.0,1146208742.1944692,0.0,0.010739712034877336
00992A,2026-02-03,2026-02-02,1,1,True,1.0,50,12593000000.0,1091247833.6221838,0.0,-0.04795017395091594
00992A,2026-02-04,2026-02-03,1,1,True,1.0,49,12969000000.0,1117054263.5658915,0.0,0.023648550905295496
00992A,2026-02-05,2026-02-04,1,1,True,1.0,48,13072000000.0,1150704225.3521128,0.0,0.03012383810147501
00992A,2026-02-06,2026-02-05,1,1,True,1.0,48,12756000000.0,1138928571.4285715,0.0,-0.010233432418255028
00992A,2026-02-09,2026-02-06,1,3,True,1.0,48,12623000000.0,1091011235.9550562,0.0,-0.04207229204322449
00992A,2026-02-10,2026-02-09,1,1,True,1.0,48,13050000000.0,1112531969.3094628,0.0,0.01972549195203066
00992A,2026-02-11,2026-02-10,1,1,True,1.0,47,13287000000.0,1115617128.463476,0.0,0.002773097078664799
00992A,2026-02-23,2026-02-11,1,12,True,1.0,46,13434000000.0,1117637271.2146423,0.0,0.001810784990320613
00992A,2026-02-24,2026-02-23,1,1,True,1.0,46,13500000000.0,1086082059.533387,0.0,-0.028233857704979104
00992A,2026-02-25,2026-02-24,1,1,True,1.0,46,13959000000.0,1096543597.8004713,0.0,0.009632364493322942
00992A,2026-02-26,2026-02-25,1,1,True,1.0,46,14291000000.0,1106114551.0835912,0.0,0.008728292520532754
00992A,2026-03-02,2026-02-26,1,4,True,1.0,47,14426000000.0,1120901320.901321,0.0,0.013368208386052016
00992A,2026-03-03,2026-03-02,1,1,True,1.0,47,14363999999.999998,1155591311.3435235,0.0,0.030948300082569435
00992A,2026-03-04,2026-03-03,1,1,True,1.0,47,14097999999.999998,1211168384.879725,0.0,0.04809405625556851
00992A,2026-03-05,2026-03-04,1,1,True,1.0,47,13244999999.999998,1080342577.4877648,0.0,-0.10801620074070195
00992A,2026-03-06,2026-03-05,1,1,True,1.0,47,13903000000.0,1132166123.7785017,0.0,0.0479695490769676
00992A,2026-03-09,2026-03-06,1,3,True,1.0,47,13897000000.0,1224405286.3436124,0.0,0.08147140302809164
00992A,2026-03-10,2026-03-09,1,1,True,1.0,46,12886000000.000002,1083767872.1614804,0.0,-0.11486181556934572
00992A,2026-03-11,2026-03-10,1,1,True,1.0,46,13536000000.000002,1070039525.6916997,0.0,-0.012667238827075322
00992A,2026-03-12,2026-03-11,1,1,True,1.0,45,14422000000.0,1129365700.861394,0.0,0.055442975465176625
00992A,2026-03-13,2026-03-12,1,1,True,1.0,43,14488999999.999998,1128426791.2772584,0.0,-0.00083136010188678
00992A,2026-03-16,2026-03-13,1,3,True,1.0,43,14491000000.0,1114692307.6923077,0.0,-0.012171355457986532
00992A,2026-03-17,2026-03-16,1,1,True,1.0104712041884816,43,14690000000.0,1110355253.2123961,0.010471204188481575,-0.003890808656328071
00992A,2026-03-18,2026-03-17,1,1,True,1.0,45,15386000000.000002,1124707602.3391814,0.0,0.012925907348357413
00992A,2026-03-19,2026-03-18,1,1,True,1.0372425129706682,46,16266000000.0,1181263616.5577343,0.03724251297066816,0.05028508218574035
00992A,2026-03-20,2026-03-19,1,1,True,1.0429042904290429,45,17423000000.0,1274542794.4403803,0.04290429042904287,0.07896558953916366
00992A,2026-03-23,2026-03-20,1,3,True,1.0,46,18250000000.0,1393129770.9923666,0.0,0.09304275781815141
00992A,2026-03-24,2026-03-23,1,1,True,1.0,46,18176000000.0,1413374805.5987558,0.0,0.014532052238011017
00992A,2026-03-25,2026-03-24,1,1,True,1.0,47,17968000000.0,1325073746.3126843,0.0,-0.06247533133906691
00992A,2026-03-26,2026-03-25,1,1,True,1.0,47,18958000000.0,1397052321.2969787,0.0,0.05432042947389992
00992A,2026-03-27,2026-03-26,1,1,True,1.021597342192691,48,19474000000.0,1444658753.7091987,0.021597342192690938,0.0340763417994423
00992A,2026-03-30,2026-03-27,1,3,True,1.0,49,20220000000.0,1524886877.8280544,0.0,0.055534307955334095
00992A,2026-03-31,2026-03-30,1,1,True,1.0,48,20388000000.0,1632345876.7013612,0.0,0.07047014466172352
00992A,2026-04-01,2026-03-31,1,1,True,1.0,48,20006000000.0,1513313161.8759456,0.0,-0.07292125800320981
00992A,2026-04-02,2026-04-01,1,1,True,1.0,45,21301000000.0,1644864864.864865,0.0,0.08692959679663681
00992A,2026-04-07,2026-04-02,1,5,True,1.0,52,20779000000.0,1547207743.8570366,0.0,-0.05937090826962954
00992A,2026-04-08,2026-04-07,1,1,True,1.0,52,21411000000.0,1487908269.6316886,0.0,-0.03832676927890777
00992A,2026-04-09,2026-04-08,1,1,True,1.0,52,22920000000.0,1585062240.6639004,0.0,0.0652956724652527
00992A,2026-04-10,2026-04-09,1,1,True,1.0,51,23388000000.0,1568611670.0201206,0.0,-0.010378501374740612
00992A,2026-04-13,2026-04-10,1,3,True,1.0280701754385966,51,24306000000.0,1626907630.5220883,0.02807017543859658,0.037164048703794084
00992A,2026-04-14,2026-04-13,1,1,True,1.0254901960784313,51,26057000000.0,1725629139.0728476,0.025490196078431282,0.06068046316746245
00992A,2026-04-15,2026-04-14,1,1,True,1.0,51,28048000000.0,1830809399.4778068,0.0,0.06095183375349755
00992A,2026-04-16,2026-04-15,1,1,True,1.0,52,28749000000.0,1833482142.857143,0.0,0.0014598698150110057
00992A,2026-04-17,2026-04-16,1,1,True,1.0366260162601626,52,29505000000.0,1836029869.3217175,0.0366260162601626,0.0013895561920251875
00992A,2026-04-20,2026-04-17,1,3,True,1.06426735218509,51,32755000000.0,1950863609.291245,0.06426735218509005,0.06254459248636857
00992A,2026-04-21,2026-04-20,1,1,True,1.1652754590984975,51,37598000000.0,2228689982.2169533,0.1652754590984975,0.14241199210571343
00992A,2026-04-22,2026-04-21,1,1,True,1.0,50,46191000000.0,2707561547.4794846,0.0,0.21486683616093671
00992A,2026-04-23,2026-04-22,1,1,True,1.0045330915684496,51,46820000000.0,2810324129.6518607,0.00453309156844961,0.03795392288239574
00992A,2026-04-24,2026-04-23,1,1,True,1.0,51,47808000000.0,2823862965.1506205,0.0,0.004817535228734293
00992A,2026-04-27,2026-04-24,1,3,True,1.0,51,48550000000.0,2884729649.435532,0.0,0.02155440438720624
00992A,2026-04-28,2026-04-27,1,1,True,1.0,49,49160000000.0,2884976525.8215966,0.0,8.558042384065878e-05
00992A,2026-04-29,2026-04-28,1,1,True,1.0,49,49573000000.0,2902400468.384075,0.0,0.006039543963886063
00992A,2026-04-30,2026-04-29,1,1,True,1.0,47,49322000000.0,2837859608.7456846,0.0,-0.022237062163349197
00992A,2026-05-04,2026-04-30,1,4,True,1.0,47,49751000000.0,2756288088.642659,0.0,-0.028744029426839623
00992A,2026-05-05,2026-05-04,1,1,True,1.0,47,51773000000.0,2873085460.5993342,0.0,0.04237487816964447
00992A,2026-05-06,2026-05-05,1,1,True,1.0,46,51582000000.00001,2865666666.666667,0.0,-0.0025821695993406557
00992A,2026-05-07,2026-05-06,1,1,True,1.0,45,51767999999.99999,2869623059.866962,0.0,0.0013806187740939002
00992A,2026-05-08,2026-05-07,1,1,True,1.0,45,51919000000.00001,2939920724.8018126,0.0,0.024497177318511643
00992A,2026-05-11,2026-05-08,1,3,True,1.0,44,50627000000.0,2736594594.5945945,0.0,-0.06916041255531635
00992A,2026-05-12,2026-05-11,1,1,True,1.0,44,52929999999.99999,2835029459.025173,0.0,0.03596983806991738
00992A,2026-05-13,2026-05-12,1,1,True,1.0,44,53223000000.0,2916328767.1232877,0.0,0.02867670663502353
00992A,2026-05-14,2026-05-13,1,1,True,1.0,45,51969000000.00001,2849177631.578948,0.0,-0.02302591405377752
00992A,2026-05-15,2026-05-14,1,1,True,1.0,45,52303000000.0,3002468427.0952926,0.0,0.053801768558527696
00992A,2026-05-18,2026-05-15,1,3,True,1.0,45,50072000000.0,2896009253.9039907,0.0,-0.03545721654575218
00992A,2026-05-19,2026-05-18,1,1,True,1.0,43,50029000000.0,2986805970.149254,0.0,0.031352357083411775
00992A,2026-05-20,2026-05-19,1,1,True,1.0,40,48379000000.0,2900419664.268585,0.0,-0.028922637340366597
00992A,2026-05-21,2026-05-20,1,1,True,1.0,40,48134000000.0,2724052065.6479907,0.0,-0.060807613737190014
00992A,2026-05-22,2026-05-21,1,1,True,1.0,40,50805000000.0,2779266958.4245076,0.0,0.02026939700338759
00992A,2026-05-25,2026-05-22,1,3,True,1.0,46,52801000000.0,2801114058.3554373,0.0,0.007860741791898329
00992A,2026-05-26,2026-05-25,1,1,True,1.0,47,54300000000.0,2869978858.350951,0.0,0.02458478968041211
00992A,2026-05-27,2026-05-26,1,1,True,1.0,46,54516000000.0,2907520000.0,0.0,0.013080633517495555
00992A,2026-05-28,2026-05-27,1,1,True,1.0,44,53620000000.00001,2977234869.5169353,0.0,0.023977434210920467
00992A,2026-05-29,2026-05-28,1,1,True,1.0,44,50735000000.0,2764850136.239782,0.0,-0.07133623734281114
00992A,2026-06-01,2026-05-29,1,3,True,1.0,45,51377000000.0,2766666666.6666665,0.0,0.0006570086396635588
00992A,2026-06-02,2026-06-01,1,1,True,0.9752964426877471,45,51475000000.0,2837651598.676957,-0.024703557312252933,0.025657204341068995
00992A,2026-06-03,2026-06-02,1,1,True,0.9904761904761905,45,49007000000.0,2646166306.6954646,-0.00952380952380949,-0.06748019808730987
00992A,2026-06-04,2026-06-03,1,1,True,1.0,43,49619000000.0,2726318681.3186812,0.0,0.03028999893937545
00992A,2026-06-05,2026-06-04,1,1,True,1.0,43,48533000000.0,2706804238.706079,0.0,-0.007157799543508703
00992A,2026-06-08,2026-06-05,1,3,True,1.0,42,46855000000.0,2674372146.1187215,0.0,-0.011981691222288315
00992A,2026-06-09,2026-06-08,1,1,True,1.0,43,45682000000.0,2497648988.5183163,0.0,-0.06608024162115245
00992A,2026-06-10,2026-06-09,1,1,True,1.0,41,47473000000.0,2717401259.30166,0.0,0.08798364854050522
00992A,2026-06-11,2026-06-10,1,1,True,1.0,39,44849000000.0,2599942028.985507,0.0,-0.04322483840547664
00992A,2026-06-12,2026-06-11,1,1,True,1.0,39,44440000000.0,2496629213.483146,0.0,-0.03973658425863957
00992A,2026-06-15,2026-06-12,1,3,True,1.0,39,45648000000.0,2502631578.9473686,0.0,0.002404187787199863
00992A,2026-06-16,2026-06-15,1,1,True,1.0,39,46852000000.0,2531172339.276067,0.0,0.01140429960557876
00992A,2026-06-17,2026-06-16,1,1,True,1.0,38,47082000000.0,2524504021.4477215,0.0,-0.002634477994593043
00992A,2026-06-18,2026-06-17,1,1,True,1.0,38,46895000000.0,2470758693.361433,0.0,-0.021289460278010264
00992A,2026-06-22,2026-06-18,1,4,True,1.0,38,47024000000.0,2421421215.242018,0.0,-0.019968553890745144
00992A,2026-06-23,2026-06-22,1,1,True,1.0,37,47659000000.0,2514986807.3878627,0.0,0.03864077491222151
00992A,2026-06-24,2026-06-23,1,1,True,1.0,35,45956000000.0,2452294557.097119,0.0,-0.02492746685850722
00992A,2026-06-25,2026-06-24,1,1,True,1.0,35,45203000000.0,2401859723.6981936,0.0,-0.020566384757068956
00992A,2026-06-26,2026-06-25,1,1,True,1.0,35,45240000000.0,2533034714.4456887,0.0,0.054613926639113686
00992A,2026-06-29,2026-06-26,1,3,True,1.0,34,42343000000.0,2378820224.719101,0.0,-0.06088131712017808
00992A,2026-06-30,2026-06-29,1,1,True,1.0,34,42283000000.0,2280636461.704423,0.0,-0.04127414169192711
00992A,2026-07-01,2026-06-30,1,1,True,1.0,34,43766000000.0,2307116499.736426,0.0,0.011610810612145084
00992A,2026-07-02,2026-07-01,1,1,True,1.0,33,44250000000.0,2320398531.725223,0.0,0.005756983659175763
00992A,2026-07-03,2026-07-02,1,1,True,1.0,33,44471000000.0,2328324607.3298426,0.0,0.003415825124973848
00992A,2026-07-06,2026-07-03,1,3,True,1.0,33,44554000000.0,2395376344.0860214,0.0,0.028798276900519726
00992A,2026-07-07,2026-07-06,1,1,True,1.0,34,43416000000.0,2451496329.7571993,0.0,0.023428462842481235
00992A,2026-07-08,2026-07-07,1,1,True,1.0,34,41469000000.0,2349518413.597734,0.0,-0.04159823325926226
00992A,2026-07-09,2026-07-08,1,1,True,1.0,34,41501000000.0,2327593942.7930455,0.0,-0.009331474347168967
00992A,2026-07-13,2026-07-09,1,4,True,1.0,34,41827000000.0,2367119411.431805,0.0,0.016981256013808954
00992A,2026-07-14,2026-07-13,1,1,True,1.0,34,41364000000.0,2431746031.7460313,0.0,0.02730179981716052
00992A,2026-07-15,2026-07-14,1,1,True,1.0,35,40340000000.0,2306460834.7627215,0.0,-0.05152067499966395
00992A,2026-07-16,2026-07-15,1,1,True,1.0,35,41496000000.0,2477373134.328358,0.0,0.07410153989595902
00992A,2026-07-17,2026-07-16,1,1,True,1.0,35,39952000000.0,2624967148.4888306,0.0,0.059576820348657966
00992A,2026-07-20,2026-07-17,1,3,True,1.0,35,37105000000.0,2495292535.3059855,0.0,-0.049400470881129865
00992A,2026-07-21,2026-07-20,1,1,True,1.0,34,36026000000.0,2291730279.8982186,0.0,-0.081578513351664
00992A,2026-07-22,2026-07-21,1,1,True,1.0,34,38090000000.0,2348335388.4093714,0.0,0.024699725359332847
00992A,2026-07-23,2026-07-22,1,1,True,1.0,34,39316000000.0,2403178484.1075797,0.0,0.023354030250064106
00992A,2026-07-24,2026-07-23,1,1,True,1.0,34,39776000000.0,2538353541.7996173,0.0,0.056248447040434746
00992A,2026-07-27,2026-07-24,1,3,True,1.0,36,37873000000.0,2401585288.522511,0.0,-0.05388069511394444
00992A,2026-07-28,2026-07-27,1,1,True,1.0,36,38353000000.0,2630521262.0027432,0.0,0.09532702193603004
00992A,2026-07-29,2026-07-28,1,1,True,1.0,36,35721000000.0,2628476821.192053,0.0,-0.0007771998805795599
00992A,2026-07-30,2026-07-29,1,1,True,1.0,34,33375000000.0,2475890207.7151337,0.0,-0.05805134450746985
00992A,2026-07-31,2026-07-30,1,1,True,1.0,34,33000000000.0,2226720647.773279,0.0,-0.10063837207539172
00992A,2026-08-03,2026-07-31,1,3,True,1.0,35,37899000000.0,2430981398.3322644,0.0,0.09173164616012608
00992A,2026-08-04,2026-08-03,1,1,True,1.0,37,40009000000.0,2472744128.55377,0.0,0.017179370541525518
00992A,2026-08-05,2026-08-04,1,1,True,1.0,36,41248000000.0,2492326283.9879155,0.0,0.007919200053099873
00992A,2026-08-06,2026-08-05,1,1,True,1.0,36,42380000000.0,2503248670.998228,0.0,0.004382406541424411
00992A,2026-08-07,2026-08-06,1,1,True,1.0,35,43118000000.0,2592784125.0751657,0.0,0.035767702631490206
00992A,2026-08-10,2026-08-07,1,3,True,1.0,35,42328000000.0,2504615384.615385,0.0,-0.03400543053588179
00992A,2026-08-11,2026-08-10,1,1,True,1.0,35,42152000000.0,2485377358.490566,0.0,-0.007681030086690743
00992A,2026-08-12,2026-08-11,1,1,True,1.0,35,42380000000.0,2451127819.5488725,0.0,-0.013780418021709928
00992A,2026-08-13,2026-08-12,1,1,True,1.0,35,42672000000.0,2400000000.0,0.0,-0.020858895705521574
00992A,2026-08-14,2026-08-13,1,1,True,1.0,35,43665000000.0,2438023450.5862646,0.0,0.015843104410943498
00992A,2026-08-17,2026-08-14,1,3,True,1.0,35,43902000000.0,2408228195.282501,0.0,-0.012221070021536717
00992A,2026-08-18,2026-08-17,1,1,True,1.0,30,44344000000.0,2471794871.794872,0.0,0.026395620081556936
00992A,2026-08-19,2026-08-18,1,1,True,1.0,41,43689000000.0,2476700680.2721086,0.0,0.0019847150478446984
00992A,2026-08-20,2026-08-19,1,1,True,1.0,41,42410000000.0,2385264341.9572554,0.0,-0.03691860669445424
00992A,2026-08-21,2026-08-20,1,1,True,1.0,41,42669000000.0,2436836093.660765,0.0,0.021620979610667446
00992A,2026-08-24,2026-08-21,1,3,True,1.0,41,41934000000.0,2414162348.8773746,0.0,-0.009304583448338843
00992A,2026-08-25,2026-08-24,1,1,True,1.0,41,41532000000.0,2346440677.9661016,0.0,-0.028051829630581726
00992A,2026-08-26,2026-08-25,1,1,True,1.0,41,42365000000.0,2332874449.339207,0.0,-0.0057816201169226256
00992A,2026-08-27,2026-08-26,1,1,True,1.0,41,43589000000.0,2362547425.4742546,0.0,0.012719491245425818
00992A,2026-08-28,2026-08-27,1,1,True,1.0,41,43739000000.0,2341488222.698073,0.0,-0.008913769327595356
00992A,2026-08-31,2026-08-28,1,3,True,1.0,40,44156000000.0,2395876288.659794,0.0,0.023227990401356813
00992A,2026-09-01,2026-08-31,1,1,True,1.0,40,42790000000.0,2267620561.738209,0.0,-0.05353186536744303
00992A,2026-09-02,2026-09-01,1,1,True,1.0,40,43644000000.0,2336402569.5931478,0.0,0.030332238565615732
00992A,2026-09-03,2026-09-02,1,1,True,1.0,40,42788000000.0,2371840354.7671843,0.0,0.015167670860851468
00992A,2026-09-04,2026-09-03,1,1,True,1.0,40,41187000000.0,2229940443.963184,0.0,-0.05982692322389849
00992A,2026-09-07,2026-09-04,1,3,True,1.0,40,42223000000.0,2293481803.367735,0.0,0.028494644140191205
00992A,2026-09-08,2026-09-07,1,1,True,1.0,39,42165000000.0,2336011080.33241,0.0,0.018543542356527665
00992A,2026-09-09,2026-09-08,1,1,True,1.0,39,41176000000.0,2256219178.082192,0.0,-0.034157330383408846
00992A,2026-09-10,2026-09-09,1,1,True,1.0,41,41636000000.0,2292731277.5330396,0.0,0.016182869025110902
00992A,2026-09-11,2026-09-10,1,1,True,1.0,41,41383000000.0,2315780637.9406824,0.0,0.010053232419127589
00992A,2026-09-14,2026-09-11,1,3,True,1.0,41,40636000000.0,2306242905.788876,0.0,-0.0041185818706420685
00992A,2026-09-15,2026-09-14,1,1,True,1.0,41,40090000000.0,2316002310.8030043,0.0,0.0042317333484827024
00992A,2026-09-16,2026-09-15,1,1,True,1.0,41,39274000000.0,2241666666.6666665,0.0,-0.03209653280119751
00992A,2026-09-17,2026-09-16,1,1,True,1.0,40,39855000000.0,2274828767.1232877,0.0,0.01479350206243324
00992A,2026-09-18,2026-09-17,1,1,True,1.0,40,39614000000.0,2175398132.8940144,0.0,-0.043709063146327165
00992A,2026-09-21,2026-09-18,1,3,True,1.0,40,41387000000.0,2252966793.6853566,0.0,0.03565722504696178
00992A,2026-09-22,2026-09-21,1,1,True,1.0,40,41822000000.0,2242466487.935657,0.0,-0.004660657129581303
00992A,2026-09-23,2026-09-22,1,1,True,1.0,41,42416000000.0,2269448903.1567683,0.0,0.012032471997363237
00992A,2026-09-24,2026-09-23,1,1,True,1.0,41,42147000000.0,2241861702.1276593,0.0,-0.012155903131696677
00992A,2026-09-29,2026-09-24,1,5,True,1.0,41,42109000000.0,2254229122.0556746,0.0,0.0055165846832914145
00992A,2026-09-30,2026-09-29,1,1,True,1.0,41,41602000000.0,2210520722.635494,0.0,-0.019389510583698644
00992A,2026-10-01,2026-09-30,1,1,True,1.0,41,41959000000.0,2206046267.0872765,0.0,-0.0020241635839012284
00992A,2026-10-02,2026-10-01,1,1,True,1.0,41,42394000000.0,2185257731.958763,0.0,-0.009423435690658066
00992A,2026-10-05,2026-10-02,1,3,True,1.0,41,43214000000.0,2138248391.8852053,0.0,-0.02151203466120255
00992A,2026-10-06,2026-10-05,1,1,True,1.0,41,45022000000.0,2225506673.2575383,0.0,0.04080829977634215
00992A,2026-10-07,2026-10-06,1,1,True,1.0,40,45103000000.0,2239473684.2105265,0.0,0.006275879160831277
00992A,2026-10-08,2026-10-07,1,1,True,1.0,40,44776000000.0,2237681159.4202895,0.0,-0.0008004223505171382
00993A,2026-02-03,2026-02-02,1,1,True,1.2529308055135777,50,10902000000.0,1102325581.3953488,0.2529308055135777,
00993A,2026-02-04,2026-02-03,1,1,True,1.0522369878859923,50,13703000000.0,1370300000.0,0.05223698788599229,0.24309915611814348
00993A,2026-02-05,2026-02-04,1,1,True,1.0695584974128083,50,14563999999.999998,1487640449.4382021,0.06955849741280828,0.08563121173334465
00993A,2026-02-06,2026-02-05,1,1,True,1.0282420064345985,50,15093000000.0,1568918918.918919,0.02824200643459851,0.05463582918265719
00993A,2026-02-09,2026-02-06,1,3,True,1.0,50,15288000000.0,1545803842.264914,0.0,-0.014733123793250424
00993A,2026-02-10,2026-02-09,1,1,True,1.0,50,15706000000.0,1565902293.1206381,0.0,0.013001941324117805
00993A,2026-02-11,2026-02-10,1,1,True,0.9621123145852364,50,15629000000.0,1547425742.5742574,-0.03788768541476362,-0.011799299756793502
00993A,2026-02-23,2026-02-11,1,12,True,0.9777757270085299,50,15193000000.0,1489509803.9215686,-0.022224272991470118,-0.03742728136106954
00993A,2026-02-24,2026-02-23,1,1,True,0.9773338168606652,50,14996000000.0,1414716981.1320755,-0.022666183139334772,-0.05021304498471857
00993A,2026-02-25,2026-02-24,1,1,True,1.0,50,15188999999.999998,1424859287.0544088,0.0,0.007169141289459446
00993A,2026-02-26,2026-02-25,1,1,True,1.0,50,15297999999.999998,1421747211.8959107,0.0,-0.002184128065678359
00993A,2026-03-02,2026-02-26,1,4,True,1.0,50,15283000000.000002,1425652985.074627,0.0,0.0027471642961816034
00993A,2026-03-03,2026-03-02,1,1,True,1.0,38,15113000000.0,1457377049.180328,0.0,0.022252304339011708
00993A,2026-03-04,2026-03-03,1,1,True,1.0,51,14591999999.999998,1466532663.316583,0.0,0.00628225491914014
00993A,2026-03-05,2026-03-04,1,1,True,1.0,49,13627000000.000002,1330761718.7500002,0.0,-0.09257955718458732
00993A,2026-03-06,2026-03-05,1,1,True,0.987152034261242,49,14015000000.0,1367317073.1707318,-0.012847965738758016,0.027469496533961246
00993A,2026-03-09,2026-03-06,1,3,True,1.0,49,13883000000.000002,1416632653.0612247,0.0,0.03606740591348934
00993A,2026-03-10,2026-03-09,1,1,True,1.0,49,13213000000.0,1319980019.98002,0.0,-0.06822702616119036
00993A,2026-03-11,2026-03-10,1,1,True,0.9876126126126126,49,13559000000.0,1297511961.7224882,-0.012387387387387427,-0.017021513899787677
00993A,2026-03-12,2026-03-11,1,1,True,0.9691629955947136,49,13993000000.0,1341610738.2550335,-0.03083700440528636,0.03398718303452308
00993A,2026-03-13,2026-03-12,1,1,True,0.98,49,13550000000.0,1290476190.4761906,-0.020000000000000018,-0.038114295242859364
00993A,2026-03-16,2026-03-13,1,3,True,0.9903846153846154,49,13361000000.000002,1270057034.2205327,-0.009615384615384581,-0.015822962412133434
00993A,2026-03-17,2026-03-16,1,1,True,0.9812889812889813,49,13252000000.000002,1238504672.8971965,-0.018711018711018657,-0.02484326331273823
00993A,2026-03-18,2026-03-17,1,1,True,0.9873523013266221,50,13333000000.000002,1213193812.55687,-0.012647698673377894,-0.020436628859152872
00993A,2026-03-19,2026-03-18,1,1,True,0.9829357069587372,50,13488000000.0,1231780821.9178083,-0.01706429304126278,0.015320725483890518
00993A,2026-03-20,2026-03-19,1,1,True,1.0,50,13175000000.0,1215405904.0590405,0.0,-0.01329369443605477
00993A,2026-03-23,2026-03-20,1,3,True,1.0,50,13057000000.0,1250670498.0842912,0.0,0.02901466407846054
00993A,2026-03-24,2026-03-23,1,1,True,1.0,50,12573000000.0,1230234833.659491,0.0,-0.01633976691390926
00993A,2026-03-25,2026-03-24,1,1,True,0.9914682333367995,50,12303000000.0,1156296992.4812028,-0.008531766663200546,-0.06010059149304903
00993A,2026-03-26,2026-03-25,1,1,True,0.9921692164617633,50,12693000000.0,1201988636.3636363,-0.00783078353823674,0.039515491417466686
00993A,2026-03-27,2026-03-26,1,1,True,0.9891176129107164,50,12507000000.0,1182136105.8601134,-0.010882387089283574,-0.016516404484140934
00993A,2026-03-30,2026-03-27,1,3,True,1.0,50,12417000000.0,1190508149.5685523,0.0,0.007082131801014135
00993A,2026-03-31,2026-03-30,1,1,True,0.9665178571428572,50,12223000000.0,1216218905.4726367,-0.033482142857142794,0.021596455188821917
00993A,2026-04-01,2026-03-31,1,1,True,1.0,68,11714000000.0,1120956937.7990432,0.0,-0.07832633356128738
00993A,2026-04-02,2026-04-01,1,1,True,1.0,50,12134000000.0,1175775193.7984495,0.0,0.0489030882016217
00993A,2026-04-07,2026-04-02,1,5,True,0.9881652661064426,50,11883000000.0,1111599625.818522,-0.011834733893557381,-0.05458149510077903
00993A,2026-04-08,2026-04-07,1,1,True,0.9768515669866273,50,12185000000.0,1086007130.124777,-0.02314843301337266,-0.023023123703284742
00993A,2026-04-09,2026-04-08,1,1,True,0.9108109165096892,50,12578000000.0,1109171075.8377426,-0.08918908349031085,0.021329460065611316
00993A,2026-04-10,2026-04-09,1,1,True,0.9276361130254996,49,12366000000.0,1073437500.0,-0.07236388697450036,-0.032216469231992395
00993A,2026-04-13,2026-04-10,1,3,True,0.9141004862236629,49,12461000000.0,1079809358.7521665,-0.08589951377633709,0.005935938284405529
00993A,2026-04-14,2026-04-13,1,1,True,1.0,49,12251000000.0,1057944732.297064,0.0,-0.020248598771517856
00993A,2026-04-15,2026-04-14,1,1,True,0.9841269841269841,49,12264000000.0,1051801029.1595197,-0.015873015873015928,-0.005807206132786069
00993A,2026-04-16,2026-04-15,1,1,True,1.0,49,12195000000.0,1020502092.0502093,0.0,-0.029757469560873995
00993A,2026-04-17,2026-04-16,1,1,True,1.0,49,12415000000.0,1024339933.9933994,0.0,0.0037607389275211567
00993A,2026-04-20,2026-04-17,1,3,True,1.0,49,12554000000.0,1022312703.5830619,0.0,-0.001979060215327455
00993A,2026-04-21,2026-04-20,1,1,True,1.0,49,12702000000.0,1012918660.2870814,0.0,-0.009189011603842667
00993A,2026-04-22,2026-04-21,1,1,True,1.0,49,12944000000.0,1031394422.3107569,0.0,0.018240124057383955
00993A,2026-04-23,2026-04-22,1,1,True,0.9865771812080537,49,12975000000.0,1058319738.9885808,-0.01342281879194629,0.026105741989082887
00993A,2026-04-24,2026-04-23,1,1,True,0.9858823529411764,49,12481000000.0,1008973322.5545676,-0.014117647058823568,-0.04662713414111774
00993A,2026-04-27,2026-04-24,1,3,True,0.9812108559498957,49,12474000000.0,997122302.1582733,-0.018789144050104345,-0.011745623131332428
00993A,2026-04-28,2026-04-27,1,1,True,0.9795918367346939,38,12392000000.0,971159874.6081505,-0.020408163265306145,-0.026037355190960176
00993A,2026-04-29,2026-04-28,1,1,True,1.0508474576271187,49,12555000000.0,988582677.1653544,0.05084745762711873,0.017940200179948462
00993A,2026-04-30,2026-04-29,1,1,True,1.0,49,12332000000.0,965700861.3938919,0.0,-0.023146082062729834
00993A,2026-05-04,2026-04-30,1,4,True,0.9956204379562044,49,12122000000.0,922526636.2252663,-0.004379562043795637,-0.04470765937425791
00993A,2026-05-05,2026-05-04,1,1,True,1.0,50,12383000000.0,939529590.2883157,0.0,0.018430854346516146
00993A,2026-05-06,2026-05-05,1,1,True,0.9830070455070454,50,12431000000.0,946763137.8522468,-0.01699295449295457,0.007699116279787699
00993A,2026-05-07,2026-05-06,1,1,True,1.0,50,12179000000.0,926864535.7686453,0.0,-0.021017508274289054
00993A,2026-05-08,2026-05-07,1,1,True,1.0,50,12217000000.0,947054263.5658915,0.0,0.021782824801364287
00993A,2026-05-11,2026-05-08,1,3,True,0.9822369903131336,50,11967000000.0,899098422.2389181,-0.017763009686866393,-0.0506368464531356
00993A,2026-05-12,2026-05-11,1,1,True,0.8260869565217391,41,12294000000.0,925753012.0481929,-0.17391304347826086,0.02964590877926354
00993A,2026-05-13,2026-05-12,1,1,True,1.0,50,11998000000.0,922213681.7832437,0.0,-0.003823190655484421
00993A,2026-05-14,2026-05-13,1,1,True,1.0,51,11783000000.0,891301059.0015128,0.0,-0.03352002186950487
00993A,2026-05-15,2026-05-14,1,1,True,1.0,51,11830000000.0,934439178.5150079,0.0,0.04839904438329845
00993A,2026-05-18,2026-05-15,1,3,True,1.0,51,11365000000.0,901984126.984127,0.0,-0.03473211769915052
00993A,2026-05-19,2026-05-18,1,1,True,1.0,51,11356000000.0,933114215.283484,0.0,0.03451290035828403
00993A,2026-05-20,2026-05-19,1,1,True,1.0,51,10926000000.0,903722084.3672457,0.0,-0.03149896382974815
00993A,2026-05-21,2026-05-20,1,1,True,0.9941348973607038,51,10750000000.0,844461901.0212097,-0.0058651026392961825,-0.06557345933128089
00993A,2026-05-22,2026-05-21,1,1,True,1.0,51,11282000000.0,859908536.5853659,0.0,0.018291690300624053
00993A,2026-05-25,2026-05-22,1,3,True,1.0,51,11631000000.0,853964757.7092512,0.0,-0.00691210590805047
00993A,2026-05-26,2026-05-25,1,1,True,0.8979591836734694,51,12042000000.0,882197802.1978022,-0.10204081632653061,0.033061135408311015
00993A,2026-05-27,2026-05-26,1,1,True,1.0,48,12007000000.0,861952620.2440776,0.0,-0.022948574461745697
00993A,2026-05-28,2026-05-27,1,1,True,1.0,52,12224000000.0,908172362.5557206,0.0,0.05362213795295978
00993A,2026-05-29,2026-05-28,1,1,True,1.0,52,11809000000.0,856966618.2873731,0.0,-0.05638328843684204
00993A,2026-06-01,2026-05-29,1,3,True,1.0,51,12046000000.0,869119769.1197691,0.0,0.014181591876570199
00993A,2026-06-02,2026-06-01,1,1,True,0.9533527696793003,51,12124000000.0,889508437.2707263,-0.04664723032069973,0.023458985602877958
00993A,2026-06-03,2026-06-02,1,1,True,0.907563025210084,51,11518000000.0,831624548.7364621,-0.09243697478991597,-0.06507401853530359
00993A,2026-06-04,2026-06-03,1,1,True,1.0,51,11716000000.0,855807158.5098612,0.0,0.02907875893050682
00993A,2026-06-05,2026-06-04,1,1,True,1.0,51,11539000000.0,860477255.7792692,0.0,0.005456950462461085
00993A,2026-06-08,2026-06-05,1,3,True,1.0,51,11297000000.0,874380804.9535604,0.0,0.016157950812656585
00993A,2026-06-09,2026-06-08,1,1,True,0.8922108279294224,50,10884000000.0,806222222.2222222,-0.10778917207057759,-0.07795068503929259
00993A,2026-06-10,2026-06-09,1,1,True,1.0,51,11283000000.0,871947449.7681608,0.0,0.08152247077087194
00993A,2026-06-11,2026-06-10,1,1,True,1.0,52,10732000000.0,828086419.7530863,0.0,-0.05030237777143165
00993A,2026-06-12,2026-06-11,1,1,True,1.0,51,10809000000.0,811486486.4864864,0.0,-0.020046136333873865
00993A,2026-06-15,2026-06-12,1,3,True,1.0,51,11072000000.0,802900652.6468456,0.0,-0.010580378087151066
00993A,2026-06-16,2026-06-15,1,1,True,1.0,51,11461000000.0,823347701.1494253,0.0,0.02546647388462553
00993A,2026-06-17,2026-06-16,1,1,True,0.9829059829059829,51,11542000000.0,825017869.9070765,-0.017094017094017144,0.0020285096506853506
00993A,2026-06-18,2026-06-17,1,1,True,1.0,51,11406000000.0,798180545.8362492,0.0,-0.03252938518028703
00993A,2026-06-22,2026-06-18,1,4,True,1.0,51,11618000000.0,793579234.9726776,0.0,-0.005764749451204532
00993A,2026-06-23,2026-06-22,1,1,True,0.9937888198757764,42,11836000000.0,828271518.5444367,-0.006211180124223614,0.04371621892671307
00993A,2026-06-24,2026-06-23,1,1,True,1.0,49,11554000000.0,814809590.9732018,0.0,-0.016253036920661268
00993A,2026-06-25,2026-06-24,1,1,True,1.0,50,11474000000.0,803501400.5602242,0.0,-0.013878322663668174
00993A,2026-06-26,2026-06-25,1,1,True,1.0,50,11548000000.0,857312546.3994061,0.0,0.06697081772559854
00993A,2026-06-29,2026-06-26,1,3,True,1.0,50,10762000000.0,796595114.7298298,0.0,-0.07082298273200494
00993A,2026-06-30,2026-06-29,1,1,True,1.1045810729355034,50,10749000000.0,765053380.7829181,0.10458107293550345,-0.03959569091458626
00993A,2026-07-01,2026-06-30,1,1,True,1.0,50,11190000000.0,782517482.5174825,0.0,0.022827298294783693
00993A,2026-07-02,2026-07-01,1,1,True,1.0,50,11329000000.0,793347338.9355743,0.0,0.013839762893540053
00993A,2026-07-03,2026-07-02,1,1,True,1.0,50,11290000000.0,784027777.7777778,0.0,-0.011747138611822194
00993A,2026-07-06,2026-07-03,1,3,True,1.0,50,11393000000.0,813785714.2857143,0.0,0.03795520688346188
00993A,2026-07-07,2026-07-06,1,1,True,1.0,39,11025000000.0,825224550.8982036,0.0,0.014056325162367322
00993A,2026-07-08,2026-07-07,1,1,True,1.0,50,10499000000.0,789992475.545523,0.0,-0.04269392532533445
00993A,2026-07-09,2026-07-08,1,1,True,1.0,50,10501000000.0,787181409.2953523,0.0,-0.003558345600987556
00993A,2026-07-13,2026-07-09,1,4,True,1.0,50,10547000000.0,803274942.8789033,0.0,0.02044450414289778
00993A,2026-07-14,2026-07-13,1,1,True,1.0,50,10349000000.0,811686274.5098039,0.0,0.010471298408431418
00993A,2026-07-15,2026-07-14,1,1,True,1.0,50,10051000000.0,761439393.939394,0.0,-0.06190431223043058
00993A,2026-07-16,2026-07-15,1,1,True,1.0,50,10384000000.0,798769230.7692307,0.0,0.049025355303337514
00993A,2026-07-17,2026-07-16,1,1,True,1.0,50,10201000000.0,857226890.7563025,0.0,0.07318466677888402
00993A,2026-07-20,2026-07-17,1,3,True,1.0,50,9370000000.0,804291845.4935622,0.0,-0.061751498738026545
00993A,2026-07-21,2026-07-20,1,1,True,1.0,50,9177000000.0,742475728.1553398,0.0,-0.07685781931593283
00993A,2026-07-22,2026-07-21,1,1,True,1.0588235294117647,49,9738000000.0,759594383.775351,0.05882352941176472,0.023056182136137915
00993A,2026-07-23,2026-07-22,1,1,True,1.0,50,10074000000.0,787031250.0,0.0,0.03612041743684524
00993A,2026-07-24,2026-07-23,1,1,True,1.0,50,10060000000.0,821224489.7959183,0.0,0.043445847666046644
00993A,2026-07-27,2026-07-24,1,3,True,1.0,50,9603000000.0,778200972.4473258,0.0,-0.052389471920502806
00993A,2026-07-28,2026-07-27,1,1,True,1.0,50,9653000000.0,846012269.9386503,0.0,0.08713854118951825
00993A,2026-07-29,2026-07-28,1,1,True,1.0,50,8945000000.0,836763330.2151544,0.0,-0.010932394306960247
00993A,2026-07-30,2026-07-29,1,1,True,1.0,50,8359999999.999999,781308411.2149532,0.0,-0.06627312287447185
00993A,2026-07-31,2026-07-30,1,1,True,1.0,50,8342000000.0,708751062.0220901,0.0,-0.09286646367986073
00993A,2026-08-03,2026-07-31,1,3,True,1.0,50,9229000000.0,754619787.4080131,0.0,0.06471768134647737
00993A,2026-08-04,2026-08-03,1,1,True,0.9597902097902098,43,9626000000.0,772552166.9341893,-0.04020979020979021,0.023763463170997312
00993A,2026-08-05,2026-08-04,1,1,True,1.0,48,9600000000.0,749414519.9063232,0.0,-0.029949624139539943
00993A,2026-08-06,2026-08-05,1,1,True,1.0,49,9911000000.0,766511987.6256768,0.0,0.022814433488012487
00993A,2026-08-07,2026-08-06,1,1,True,1.0,50,9995000000.0,783921568.627451,0.0,0.0227127315460538
00993A,2026-08-10,2026-08-07,1,3,True,1.0,50,9845000000.0,753828483.9203675,0.0,-0.03838787694000145
00993A,2026-08-11,2026-08-10,1,1,True,0.9792365169077498,50,10053000000.0,765068493.150685,-0.02076348309225018,0.014910565825083433
00993A,2026-08-12,2026-08-11,1,1,True,1.0,50,10015000000.0,747388059.7014925,0.0,-0.02310960862651823
00993A,2026-08-13,2026-08-12,1,1,True,0.9886847706069675,50,10158000000.0,746911764.7058824,-0.011315229393032533,-0.0006372793750549777
00993A,2026-08-14,2026-08-13,1,1,True,1.0,50,10238000000.0,749487554.9048316,0.0,0.0034485869960336757
00993A,2026-08-17,2026-08-14,1,3,True,1.0,50,10276000000.0,747889374.0902474,0.0,-0.002132364712563062
00993A,2026-08-18,2026-08-17,1,1,True,1.009009009009009,33,10276000000.0,764014869.8884759,0.009009009009008917,0.021561338289963095
00993A,2026-08-19,2026-08-18,1,1,True,1.0847457627118644,49,10039000000.0,764003044.1400304,0.0847457627118644,-1.54784270720576e-05
00993A,2026-08-20,2026-08-19,1,1,True,1.018181818181818,49,10177000000.0,765187969.924812,0.018181818181818077,0.0015509438003815657
00993A,2026-08-21,2026-08-20,1,1,True,1.0,49,10295000000.0,785877862.5954199,0.0,0.02703896752668622
00993A,2026-08-24,2026-08-21,1,3,True,1.0,50,10122000000.0,779214780.6004618,0.0,-0.008478521042637244
00993A,2026-08-25,2026-08-24,1,1,True,1.0114289446185998,50,10007000000.0,760988593.1558936,0.011428944618599779,-0.023390453952276458
00993A,2026-08-26,2026-08-25,1,1,True,1.0,50,10342000000.0,772367438.3868558,0.0,0.01495271457851044
00993A,2026-08-27,2026-08-26,1,1,True,1.0,50,10567000000.0,785066864.7845467,0.0,0.01644220841859223
00993A,2026-08-28,2026-08-27,1,1,True,0.9898342179010958,50,10522000000.0,774245768.9477557,-0.010165782098904175,-0.013783661395212254
00993A,2026-08-31,2026-08-28,1,3,True,1.0,50,10558000000.0,787910447.761194,0.0,0.017649019680158418
00993A,2026-09-01,2026-08-31,1,1,True,0.859934086629002,50,10296000000.0,750984682.7133479,-0.14006591337099805,-0.046865433949719426
00993A,2026-09-02,2026-09-01,1,1,True,1.0737373737373739,50,10517000000.0,780192878.3382789,0.07373737373737388,0.03889319755417664
00993A,2026-09-03,2026-09-02,1,1,True,1.0,49,10226000000.0,781804281.3455658,0.0,0.0020653905617786794
00993A,2026-09-04,2026-09-03,1,1,True,1.0,50,9906000000.0,742578710.6446776,0.0,-0.05017313365613307
00993A,2026-09-07,2026-09-04,1,3,True,1.0,50,10105000000.0,746307237.8138849,0.0,0.005021053143269061
00993A,2026-09-08,2026-09-07,1,1,True,1.0,50,10274000000.0,770164917.5412294,0.0,0.031967638150246946
00993A,2026-09-09,2026-09-08,1,1,True,1.0,50,10139000000.0,754951600.893522,0.0,-0.01975332334829827
00993A,2026-09-10,2026-09-09,1,1,True,1.0,50,10168000000.0,758240119.3139448,0.0,0.004355932773081994
00993A,2026-09-11,2026-09-10,1,1,True,1.0,50,10129000000.0,770852359.2085235,0.0,0.01663356972721286
00993A,2026-09-14,2026-09-11,1,3,True,1.0,50,9878000000.0,758678955.4531491,0.0,-0.015792134005886083
00993A,2026-09-15,2026-09-14,1,1,True,1.0,50,9791000000.0,765519937.4511337,0.0,0.009016965540975974
00993A,2026-09-16,2026-09-15,1,1,True,1.0,50,9592000000.0,739552814.1865844,0.0,-0.033920897411253814
00993A,2026-09-17,2026-09-16,1,1,True,1.0,50,9741000000.0,752200772.2007723,0.0,0.017102170083821644
00993A,2026-09-18,2026-09-17,1,1,True,1.0,50,9706000000.0,720029673.5905044,0.0,-0.04276929750569436
00993A,2026-09-21,2026-09-18,1,3,True,1.0,50,10128000000.0,745802650.9572902,0.0,0.03579432669526805
00993A,2026-09-22,2026-09-21,1,1,True,1.0,50,10230000000.0,742380261.2481858,0.0,-0.004588867718171241
00993A,2026-09-23,2026-09-22,1,1,True,0.9924812030075187,34,10346000000.0,747003610.1083033,-0.007518796992481258,0.006227736783227744
00993A,2026-09-24,2026-09-23,1,1,True,1.0193548387096774,51,10295000000.0,737992831.5412186,0.019354838709677358,-0.012062563614355537
00993A,2026-09-29,2026-09-24,1,5,True,1.0,51,10327000000.0,752148579.752367,0.0,0.019181416954397346
00993A,2026-09-30,2026-09-29,1,1,True,1.0,51,10124000000.0,734687953.5558782,0.0,-0.023214331139516986
00993A,2026-10-01,2026-09-30,1,1,True,1.0,50,10193000000.0,729113018.5979971,0.0,-0.0075881670999211615
00993A,2026-10-02,2026-10-01,1,1,True,1.0,50,10329000000.0,727394366.1971831,0.0,-0.0023571824353358917
00993A,2026-10-05,2026-10-02,1,3,True,1.0,50,10479000000.0,710440677.9661016,0.0,-0.023307423069160338
00993A,2026-10-06,2026-10-05,1,1,True,0.9737702098383213,50,10783000000.0,732043448.7440597,-0.0262297901616787,0.0304075645552897
00993A,2026-10-07,2026-10-06,1,1,True,1.0823045267489713,37,10618000000.0,726265389.876881,0.08230452674897126,-0.007893054540808908
00993A,2026-10-08,2026-10-07,1,1,True,1.0307692307692307,49,10474000000.0,725848925.8489258,0.03076923076923066,-0.0005734322931535418
00994A,2026-01-07,2026-01-06,1,1,True,1.0,30,730000000.0,72564612.32604374,0.0,
00994A,2026-01-08,2026-01-07,1,1,True,1.0,33,897000000.0000001,89700000.00000001,0.0,0.2361397260273974
00994A,2026-01-09,2026-01-08,1,1,True,1.0,33,891000000.0,89278557.11422846,0.0,-0.004698359930563667
00994A,2026-01-12,2026-01-09,1,3,True,1.0,34,908000000.0,90618762.4750499,0.0,0.015011503368123513
00994A,2026-01-13,2026-01-12,1,1,True,1.0,36,916000000.0,91144278.60696517,0.0,0.005799197843382231
00994A,2026-01-14,2026-01-13,1,1,True,1.0,36,919999999.9999999,90551181.10236219,0.0,-0.006507237905305607
00994A,2026-01-15,2026-01-14,1,1,True,1.0,36,869000000.0,85869565.21739131,0.0,-0.05170132325141752
00994A,2026-01-16,2026-01-15,1,1,True,1.0,39,861999999.9999999,84592737.9784102,0.0,-0.01486938050459019
00994A,2026-01-19,2026-01-16,1,3,True,1.0,39,873000000.0,85925196.8503937,0.0,0.015751456966951016
00994A,2026-01-20,2026-01-19,1,1,True,1.0,39,869999999.9999999,84548104.95626822,0.0,-0.01602663647687841
00994A,2026-01-21,2026-01-20,1,1,True,1.0,36,834000000.0,81604696.67318982,0.0,-0.0348134152102032
00994A,2026-01-22,2026-01-21,1,1,True,1.0,36,832000000.0,80231436.8370299,0.0,-0.016828196073806145
00994A,2026-01-23,2026-01-22,1,1,True,1.0,37,848000000.0,80303030.3030303,0.0,0.0008923368298365819
00994A,2026-01-26,2026-01-23,1,3,True,1.0,37,865000000.0,81526861.45146088,0.0,0.015240161471022473
00994A,2026-01-27,2026-01-26,1,1,True,1.0,36,867000000.0,80426716.14100187,0.0,-0.013494267912104285
00994A,2026-01-28,2026-01-27,1,1,True,1.0,38,878999999.9999999,80347349.17733088,0.0,-0.000986823377593038
00994A,2026-01-29,2026-01-28,1,1,True,1.0,36,898000000.0,82917820.86795937,0.0,0.031991991234898265
00994A,2026-01-30,2026-01-29,1,1,True,1.0,36,898000000.0,84003741.81478018,0.0,0.01309635173058954
00994A,2026-02-02,2026-01-30,1,3,True,1.0,34,884000000.0,84190476.1904762,0.0,0.002222929260791151
00994A,2026-02-03,2026-02-02,1,1,True,1.0,34,877000000.0,80680772.76908924,0.0,-0.041687653760817955
00994A,2026-02-04,2026-02-03,1,1,True,1.0,31,891000000.0,80926430.51771118,0.0,0.003044811547913806
00994A,2026-02-05,2026-02-04,1,1,True,1.0,31,899000000.0,83705772.81191806,0.0,0.03434406134592338
00994A,2026-02-06,2026-02-05,1,1,True,1.0,30,877999999.9999999,83222748.81516586,0.0,-0.005770498025715942
00994A,2026-02-09,2026-02-06,1,3,True,1.0,30,877000000.0,80755064.45672192,0.0,-0.02965156034348937
00994A,2026-02-10,2026-02-09,1,1,True,1.0,32,907000000.0,81491464.51033244,0.0,0.009118933389065331
00994A,2026-02-11,2026-02-10,1,1,True,1.0,31,927999999.9999999,81834215.1675485,0.0,0.004205970027359118
00994A,2026-02-23,2026-02-11,1,12,True,1.0,31,941000000.0,82980599.64726631,0.0,0.014008620689655249
00994A,2026-02-24,2026-02-23,1,1,True,1.0,32,948000000.0,80680851.0638298,0.0,-0.027714292174463417
00994A,2026-02-25,2026-02-24,1,1,True,1.0,33,991000000.0,82998324.95812395,0.0,0.02872396440712688
00994A,2026-02-26,2026-02-25,1,1,True,1.0,34,1009000000.0,83388429.75206612,0.0,0.004700152613188235
00994A,2026-03-02,2026-02-26,1,4,True,1.0,34,1017000000.0,84820683.9032527,0.0,0.017175693983506157
00994A,2026-03-03,2026-03-02,1,1,True,1.0,34,1010000000.0,86472602.73972604,0.0,0.01947542463059504
00994A,2026-03-04,2026-03-03,1,1,True,1.0,34,994999999.9999999,90784671.5328467,0.0,0.04986630049866281
00994A,2026-03-05,2026-03-04,1,1,True,1.0,34,939000000.0,82080419.58041959,0.0,-0.09587799135537811
00994A,2026-03-06,2026-03-05,1,1,True,1.0,34,980000000.0000001,85365853.6585366,0.0,0.040027013688667346
00994A,2026-03-09,2026-03-06,1,3,True,1.0,32,984000000.0,91705498.60205032,0.0,0.07426441219544633
00994A,2026-03-10,2026-03-09,1,1,True,1.0,31,927000000.0,82546749.77738202,0.0,-0.09987131594379162
00994A,2026-03-11,2026-03-10,1,1,True,1.0,30,969999999.9999999,82064297.8003384,0.0,-0.005844590833009478
00994A,2026-03-12,2026-03-11,1,1,True,1.0,32,1016000000.0,85521885.52188551,0.0,0.04213266687493489
00994A,2026-03-13,2026-03-12,1,1,True,1.0,32,1021000000.0000001,86087689.7133221,0.0,0.006615899403805692
00994A,2026-03-16,2026-03-13,1,3,True,1.0,32,1019000000.0,85271966.52719666,0.0,-0.009475491662534474
00994A,2026-03-17,2026-03-16,1,1,True,1.0,30,1017000000.0,83360655.73770492,0.0,-0.0224142923792211
00994A,2026-03-18,2026-03-17,1,1,True,1.0,30,1044999999.9999999,82543443.9178515,0.0,-0.009803327632459946
00994A,2026-03-19,2026-03-18,1,1,True,1.0,32,1121000000.0,87990580.84772371,0.0,0.06599115170543746
00994A,2026-03-20,2026-03-19,1,1,True,1.0,33,1329000000.0,104893449.09234412,0.0,0.19209860966678338
00994A,2026-03-23,2026-03-20,1,3,True,1.0,33,1602000000.0,130243902.43902439,0.0,0.24167813687166206
00994A,2026-03-24,2026-03-23,1,1,True,1.0,32,1553000000.0,128559602.64900662,0.0,-0.012931889773544647
00994A,2026-03-25,2026-03-24,1,1,True,1.0,31,1528000000.0,120981789.39034045,0.0,-0.0589439691981245
00994A,2026-03-26,2026-03-25,1,1,True,1.0,30,1532000000.0,121202531.64556961,0.0,0.0018245907614817813
00994A,2026-03-27,2026-03-26,1,1,True,1.0,30,1535000000.0,121825396.82539684,0.0,0.0051390443035352895
00994A,2026-03-30,2026-03-27,1,3,True,1.0,28,1532000000.0,124048582.99595141,0.0,0.018248954885333957
00994A,2026-03-31,2026-03-30,1,1,True,1.0,27,1503000000.0,127914893.61702128,0.0,0.031167712904838663
00994A,2026-04-01,2026-03-31,1,1,True,1.0,26,1455000000.0,117055510.86082059,0.0,-0.08489537417522164
00994A,2026-04-02,2026-04-01,1,1,True,1.0,26,1526000000.0,125390304.02629417,0.0,0.07120376566792896
00994A,2026-04-07,2026-04-02,1,5,True,1.0,27,1488000000.0,118754988.02873105,0.0,-0.052917297306909084
00994A,2026-04-08,2026-04-07,1,1,True,1.0,29,1517000000.0,112872023.80952382,0.0,-0.04953867047491034
00994A,2026-04-09,2026-04-08,1,1,True,1.0,29,1621000000.0,118407596.78597517,0.0,0.0490429141750206
00994A,2026-04-10,2026-04-09,1,1,True,1.0,29,1696000000.0,120369056.06813343,0.0,0.016565316207739933
00994A,2026-04-13,2026-04-10,1,3,True,1.0,30,1772000000.0,126300784.03421241,0.0,0.0492795088691349
00994A,2026-04-14,2026-04-13,1,1,True,1.0,31,1832999999.9999998,128361344.53781511,0.0,0.01631470872773466
00994A,2026-04-15,2026-04-14,1,1,True,1.0,32,1928000000.0,130889341.47997284,0.0,0.019694378796515144
00994A,2026-04-16,2026-04-15,1,1,True,1.0,33,2107000000.0,138801054.0184453,0.0,0.060445812080756944
00994A,2026-04-17,2026-04-16,1,1,True,1.0806451612903225,33,2417000000.0,158284217.41977733,0.08064516129032251,0.14036754647945893
00994A,2026-04-20,2026-04-17,1,3,True,1.0,33,3073000000.0,197493573.26478148,0.0,0.24771487950070892
00994A,2026-04-21,2026-04-20,1,1,True,1.0,35,3277000000.0000005,206490233.14429745,0.0,0.045554190603732
00994A,2026-04-22,2026-04-21,1,1,True,1.0,34,3526000000.0,219415059.1163659,0.0,0.06259291674602574
00994A,2026-04-23,2026-04-22,1,1,True,1.0,33,3617000000.0,227198492.46231157,0.0,0.03547356037134053
00994A,2026-04-24,2026-04-23,1,1,True,1.0,33,3667000000.0,222242424.24242425,0.0,-0.021813825286316257
00994A,2026-04-27,2026-04-24,1,3,True,1.0,30,3807000000.0,229891304.3478261,0.0,0.03441683167142906
00994A,2026-04-28,2026-04-27,1,1,True,1.0,31,4150000000.0,251058681.18572292,0.0,0.0920755871908514
00994A,2026-04-29,2026-04-28,1,1,True,1.0,31,4176000000.0,252937613.5675348,0.0,0.007484036691891793
00994A,2026-04-30,2026-04-29,1,1,True,1.0,32,4186999999.9999995,248929845.4221165,0.0,-0.015844887950396624
00994A,2026-05-04,2026-04-30,1,4,True,1.0,34,4232000000.0,239231204.07009608,0.0,-0.03896134405086782
00994A,2026-05-05,2026-05-04,1,1,True,1.0,35,4645000000.0,264220705.34698525,0.0,0.10445753251138212
00994A,2026-05-06,2026-05-05,1,1,True,1.0,37,4931000000.0,281289218.4826012,0.0,0.06459945337440876
00994A,2026-05-07,2026-05-06,1,1,True,1.0,41,5406000000.0,304049493.8132733,0.0,0.080914140447512
00994A,2026-05-08,2026-05-07,1,1,True,1.0,39,5522000000.0,319190751.4450867,0.0,0.049798660875627565
00994A,2026-05-11,2026-05-08,1,3,True,1.0,42,5601000000.0,313605823.06830907,0.0,-0.017497149749774232
00994A,2026-05-12,2026-05-11,1,1,True,1.0,42,5788000000.0,321377012.77068293,0.0,0.024780119279485202
00994A,2026-05-13,2026-05-12,1,1,True,1.0,41,5823000000.0,328797289.66685486,0.0,0.023089009485151468
00994A,2026-05-14,2026-05-13,1,1,True,1.0,38,5730000000.0,323728813.55932206,0.0,-0.015415200388872674
00994A,2026-05-15,2026-05-14,1,1,True,1.0,38,5619000000.0,331896042.5280567,0.0,0.0252286130447823
00994A,2026-05-18,2026-05-15,1,3,True,1.0,38,5371000000.0,321616766.4670659,0.0,-0.03097137279099027
00994A,2026-05-19,2026-05-18,1,1,True,1.0,35,5316000000.0,326736324.52366316,0.0,0.01591819392015914
00994A,2026-05-20,2026-05-19,1,1,True,1.0,35,5160000000.0,318715256.3310685,0.0,-0.02454905558568754
00994A,2026-05-21,2026-05-20,1,1,True,1.0,38,5070000000.0,296838407.4941452,0.0,-0.06864073307554042
00994A,2026-05-22,2026-05-21,1,1,True,1.0,39,5339000000.0,302664399.0929705,0.0,0.019626811934503996
00994A,2026-05-25,2026-05-22,1,3,True,1.0,40,5520000000.0,297253634.89499193,0.0,-0.017877108157396848
00994A,2026-05-26,2026-05-25,1,1,True,1.0,39,5712000000.0,307096774.1935484,0.0,0.03311360448807843
00994A,2026-05-27,2026-05-26,1,1,True,1.0,39,5756000000.0,304711487.5595553,0.0,-0.007767214879599305
00994A,2026-05-28,2026-05-27,1,1,True,1.0,40,5829000000.0,321334068.3572216,0.0,0.05455186783667765
00994A,2026-05-29,2026-05-28,1,1,True,1.0,39,5658000000.0,306168831.16883117,0.0,-0.04719461358679056
00994A,2026-06-01,2026-05-29,1,3,True,1.0,41,5752000000.0,308418230.5630027,0.0,0.007346924850528458
00994A,2026-06-02,2026-06-01,1,1,True,1.0,41,5804000000.0,316466739.36750275,0.0,0.026096086440181798
00994A,2026-06-03,2026-06-02,1,1,True,1.0,40,5696000000.0,305907626.2083781,0.0,-0.03336563324230646
00994A,2026-06-04,2026-06-03,1,1,True,1.0,36,5720000000.0,312056737.5886525,0.0,0.020101203283130253
00994A,2026-06-05,2026-06-04,1,1,True,1.0,35,5600000000.0,312674483.5287549,0.0,0.0019795949444190164
00994A,2026-06-08,2026-06-05,1,3,True,1.0,35,5491000000.0,315031554.79059094,0.0,0.007538418982050654
00994A,2026-06-09,2026-06-08,1,1,True,1.0,36,5366000000.0,299108138.238573,0.0,-0.05054546539822846
00994A,2026-06-10,2026-06-09,1,1,True,1.0,35,5561000000.0,322563805.1044084,0.0,0.07841868497448501
00994A,2026-06-11,2026-06-10,1,1,True,1.0,35,5296000000.0,309165207.23876244,0.0,-0.041537821831277855
00994A,2026-06-12,2026-06-11,1,1,True,1.0,34,5338000000.0,305202973.1275014,0.0,-0.012815912070600621
00994A,2026-06-15,2026-06-12,1,3,True,1.0,34,5463000000.0,302491694.3521595,0.0,-0.008883526747982429
00994A,2026-06-16,2026-06-15,1,1,True,1.0,34,5621000000.0,308337904.5529347,0.0,0.019326845364451728
00994A,2026-06-17,2026-06-16,1,1,True,1.0,33,5685000000.0,310655737.704918,0.0,0.007517185262525539
00994A,2026-06-18,2026-06-17,1,1,True,1.0,35,5811000000.0,321582733.81294966,0.0,0.03517397164062963
00994A,2026-06-22,2026-06-18,1,4,True,1.0,35,5755000000.0,310745140.3887689,0.0,-0.03370079386937641
00994A,2026-06-23,2026-06-22,1,1,True,1.0,35,5778000000.0,319756502.49031544,0.0,0.028999205233821268
00994A,2026-06-24,2026-06-23,1,1,True,1.0,32,5579000000.0,310981047.9375697,0.0,-0.02744417856838277
00994A,2026-06-25,2026-06-24,1,1,True,1.0,33,5515000000.0,306048834.62819093,0.0,-0.015860173287373103
00994A,2026-06-26,2026-06-25,1,1,True,1.0,33,5548000000.0,322558139.53488374,0.0,0.05394336798161459
00994A,2026-06-29,2026-06-26,1,3,True,1.0,33,5278000000.0,307396622.0151427,0.0,-0.047003983658894466
00994A,2026-06-30,2026-06-29,1,1,True,1.0,35,5278000000.0,293222222.2222222,0.0,-0.0461111111111111
00994A,2026-07-01,2026-06-30,1,1,True,1.0,36,5497000000.0,302531645.56962025,0.0,0.031748696523903996
00994A,2026-07-02,2026-07-01,1,1,True,1.0,36,5562000000.0,305772402.41891146,0.0,0.010712125150376783
00994A,2026-07-03,2026-07-02,1,1,True,1.0,35,5406000000.0,296056955.09309965,0.0,-0.031773460420085664
00994A,2026-07-06,2026-07-03,1,3,True,1.0,32,5443000000.0,307861990.95022625,0.0,0.039874205466358115
00994A,2026-07-07,2026-07-06,1,1,True,1.0,33,5238000000.0,309940828.4023669,0.0,0.006752497915459621
00994A,2026-07-08,2026-07-07,1,1,True,1.0,33,5006000000.0,297091988.1305638,0.0,-0.0414557847639313
00994A,2026-07-09,2026-07-08,1,1,True,1.0,34,5023000000.0,293914569.92393214,0.0,-0.010695065278015115
00994A,2026-07-13,2026-07-09,1,4,True,1.0,33,5062000000.0,299172576.8321513,0.0,0.017889575564695503
00994A,2026-07-14,2026-07-13,1,1,True,1.0,33,5003000000.0,304875076.1730652,0.0,0.01906090257768933
00994A,2026-07-15,2026-07-14,1,1,True,1.0,33,4863000000.0,287072018.8902007,0.0,-0.05839459724401497
00994A,2026-07-16,2026-07-15,1,1,True,1.0,33,4984000000.0,300603136.3088058,0.0,0.04713492269610753
00994A,2026-07-17,2026-07-16,1,1,True,1.0,29,4872000000.0,322009253.139458,0.0,0.07121055719346159
00994A,2026-07-20,2026-07-17,1,3,True,1.0,28,4459000000.0,302715546.5037339,0.0,-0.059916621797722946
00994A,2026-07-21,2026-07-20,1,1,True,1.0,29,4525000000.0,287849872.77353686,0.0,-0.04910773134016644
00994A,2026-07-22,2026-07-21,1,1,True,1.0,29,4800000000.0,295202952.0295203,0.0,0.025544841083769976
00994A,2026-07-23,2026-07-22,1,1,True,1.0,30,4975000000.0,304840686.2745098,0.0,0.03264782475490202
00994A,2026-07-24,2026-07-23,1,1,True,1.0,29,4965000000.0,320322580.6451613,0.0,0.05078683741287082
00994A,2026-07-27,2026-07-24,1,3,True,1.0,29,4729000000.0,303141025.64102566,0.0,-0.05363828853254826
00994A,2026-07-28,2026-07-27,1,1,True,1.0,29,4738000000.0,328343728.34372836,0.0,0.08313854137495502
00994A,2026-07-29,2026-07-28,1,1,True,1.0,26,4396000000.0,325388601.0362694,0.0,-0.009000102795827858
00994A,2026-07-30,2026-07-29,1,1,True,1.0,26,4100000000.0,302583025.8302583,0.0,-0.07008719768726346
00994A,2026-07-31,2026-07-30,1,1,True,1.0,26,4115999999.9999995,276241610.738255,0.0,-0.08705516451137674
00994A,2026-08-03,2026-07-31,1,3,True,1.0,29,4535000000.0,291265253.69299936,0.0,0.05438587950089668
00994A,2026-08-04,2026-08-03,1,1,True,1.0,27,4765000000.0,301582278.48101264,0.0,0.035421405942528406
00994A,2026-08-05,2026-08-04,1,1,True,1.0,29,4862000000.0,299200000.0,0.0,-0.007899265477439577
00994A,2026-08-06,2026-08-05,1,1,True,1.0,30,5007000000.0,303454545.45454544,0.0,0.014219737481769412
00994A,2026-08-07,2026-08-06,1,1,True,1.0,30,5074000000.0,311862323.2944069,0.0,0.02770687724340193
00994A,2026-08-10,2026-08-07,1,3,True,1.0,30,4986000000.0,300723763.57056695,0.0,-0.035716272508253044
00994A,2026-08-11,2026-08-10,1,1,True,1.0,32,5094000000.0,303937947.4940334,0.0,0.010688160740287556
00994A,2026-08-12,2026-08-11,1,1,True,1.0,33,5123000000.0,299941451.99063236,0.0,-0.013149050772870319
00994A,2026-08-13,2026-08-12,1,1,True,1.0,33,5217000000.0,300518433.1797235,0.0,0.0019236460491267593
00994A,2026-08-14,2026-08-13,1,1,True,1.0,33,5285000000.0,300968109.33940774,0.0,0.001496334700425317
00994A,2026-08-17,2026-08-14,1,3,True,1.0,35,5326000000.0,300225479.1431793,0.0,-0.0024674713804676562
00994A,2026-08-18,2026-08-17,1,1,True,1.0,34,5349000000.0,309190751.4450867,0.0,0.02986179696504654
00994A,2026-08-19,2026-08-18,1,1,True,1.0,32,5211000000.0,307796810.3957472,0.0,-0.004508352991881459
00994A,2026-08-20,2026-08-19,1,1,True,1.0,32,5037000000.0,294906323.18501174,0.0,-0.041879859619602944
00994A,2026-08-21,2026-08-20,1,1,True,1.0,31,5078000000.0,302802623.7328563,0.0,0.02677562306078718
00994A,2026-08-24,2026-08-21,1,3,True,1.0,33,4970000000.0,298319327.73109245,0.0,-0.014806001171638328
00994A,2026-08-25,2026-08-24,1,1,True,1.0,33,4902000000.0,291785714.28571427,0.0,-0.02190140845070432
00994A,2026-08-26,2026-08-25,1,1,True,1.0,34,4940000000.0,287209302.32558143,0.0,-0.01568415359653852
00994A,2026-08-27,2026-08-26,1,1,True,1.0,33,5036000000.0,292450638.7921022,0.0,0.018249187697197966
00994A,2026-08-28,2026-08-27,1,1,True,1.0,34,5047000000.0,292071759.2592592,0.0,-0.0012955332715560708
00994A,2026-08-31,2026-08-28,1,3,True,1.0,35,5032000000.0,296000000.0,0.0,0.0134495740043592
00994A,2026-09-01,2026-08-31,1,1,True,1.0,35,4905000000.0,283198614.3187067,0.0,-0.04324792459896387
00994A,2026-09-02,2026-09-01,1,1,True,1.0,37,4959000000.0,292049469.9646643,0.0,0.03125317426870233
00994A,2026-09-03,2026-09-02,1,1,True,1.0,37,4802000000.0,289626055.4885404,0.0,-0.008297958823267448
00994A,2026-09-04,2026-09-03,1,1,True,1.0,39,4612000000.0,272738024.8373743,0.0,-0.05830977680056926
00994A,2026-09-07,2026-09-04,1,3,True,1.0,39,4705000000.0,275307197.19133997,0.0,0.00941992725619234
00994A,2026-09-08,2026-09-07,1,1,True,1.0,39,4715000000.0,279821958.45697325,0.0,0.016398994692810476
00994A,2026-09-09,2026-09-08,1,1,True,1.0,37,4641000000.0,274128765.5050207,0.0,-0.02034576908598107
00994A,2026-09-10,2026-09-09,1,1,True,1.0,36,4619000000.0,272668240.85005903,0.0,-0.005327878131545116
00994A,2026-09-11,2026-09-10,1,1,True,1.0,36,4590000000.0,275014979.02935886,0.0,0.008606569551274923
00994A,2026-09-14,2026-09-11,1,3,True,1.0,36,4494000000.0,271540785.49848944,0.0,-0.01263274292597183
00994A,2026-09-15,2026-09-14,1,1,True,1.0,36,4461000000.0,274185617.7012907,0.0,0.009740091890600988
00994A,2026-09-16,2026-09-15,1,1,True,1.0,36,4339000000.0,264734594.2647956,0.0,-0.03446943539829095
00994A,2026-09-17,2026-09-16,1,1,True,1.0,35,4394000000.0,268417837.5076359,0.0,0.013912965372240738
00994A,2026-09-18,2026-09-17,1,1,True,1.0,35,4363000000.0,262831325.3012048,0.0,-0.020812745748583716
00994A,2026-09-21,2026-09-18,1,3,True,1.0,36,4455000000.0,264863258.02615932,0.0,0.007730938169664192
00994A,2026-09-22,2026-09-21,1,1,True,1.0,35,4518000000.0,264056107.53945062,0.0,-0.0030474233864064004
00994A,2026-09-23,2026-09-22,1,1,True,1.0,35,4592000000.0,265587044.53441298,0.0,0.005797771576760979
00994A,2026-09-24,2026-09-23,1,1,True,1.0,35,4620000000.0,265517241.37931037,0.0,-0.00026282590412107787
00994A,2026-09-29,2026-09-24,1,5,True,1.0,36,4637000000.0,271011104.61718297,0.0,0.02069117323354619
00994A,2026-09-30,2026-09-29,1,1,True,1.0,36,4541000000.0,263551944.28322694,0.0,-0.02752344906491
00994A,2026-10-01,2026-09-30,1,1,True,1.0,38,4548000000.0,263042220.9369578,0.0,-0.0019340526880020636
00994A,2026-10-02,2026-10-01,1,1,True,1.0,40,4579000000.0,260763097.9498861,0.0,-0.00866447591171271
00994A,2026-10-05,2026-10-02,1,3,True,1.0,40,4618000000.0,251525054.46623096,0.0,-0.03542695863135714
00994A,2026-10-06,2026-10-05,1,1,True,1.0,40,4799000000.0,261954148.4716157,0.0,0.04146344000408475
00994A,2026-10-07,2026-10-06,1,1,True,1.0,40,4777000000.0,262905888.82773802,0.0,0.00363323261599513
00994A,2026-10-08,2026-10-07,1,1,True,1.0,39,4687000000.0,261259754.7380156,0.0,-0.006261305507694437
00995A,2026-01-22,2026-01-21,1,1,True,1.0,51,2230000000.0,219272369.7148476,0.0,
00995A,2026-01-23,2026-01-22,1,1,True,1.0,51,2430000000.0,235465116.27906975,0.0,0.07384763791844806
00995A,2026-01-26,2026-01-23,1,3,True,1.0,51,2959000000.0,285617760.61776066,0.0,0.21299394632727986
00995A,2026-01-27,2026-01-26,1,1,True,1.063157894736842,51,3415000000.0,326170009.55109835,0.06315789473684208,0.14198083776592707
00995A,2026-01-28,2026-01-27,1,1,True,1.0,52,3517000000.0,332419659.7353497,0.0,0.019160713742053304
00995A,2026-01-29,2026-01-28,1,1,True,1.0,54,3731000000.0,356011450.38167936,0.0,0.07096990191588493
00995A,2026-01-30,2026-01-29,1,1,True,1.0,54,3769000000.0,365922330.0970873,0.0,0.02783865436008459
00995A,2026-02-02,2026-01-30,1,3,True,1.0,54,3711999999.9999995,363565132.2233104,0.0,-0.006441798381507602
00995A,2026-02-03,2026-02-02,1,1,True,1.0,54,3706000000.0,351612903.2258065,0.0,-0.0328750695216905
00995A,2026-02-04,2026-02-03,1,1,True,1.0,55,3847999999.9999995,361654135.3383458,0.0,0.02855763261364408
00995A,2026-02-05,2026-02-04,1,1,True,1.0,57,3869000000.0,372377285.85178053,0.0,0.029650291440474374
00995A,2026-02-06,2026-02-05,1,1,True,1.0,57,3740000000.0,365949119.3737769,0.0,-0.01726250961655662
00995A,2026-02-09,2026-02-06,1,3,True,1.0,57,3699000000.0,350948766.6034156,0.0,-0.04099026880029211
00995A,2026-02-10,2026-02-09,1,1,True,1.0,55,3731000000.0,345462962.9629629,0.0,-0.015631351816807637
00995A,2026-02-11,2026-02-10,1,1,True,1.0,55,3715000000.0,339579524.68007314,0.0,-0.01703059058032963
00995A,2026-02-23,2026-02-11,1,12,True,1.0,55,3753000000.0,343996333.63886344,0.0,0.013006699867877725
00995A,2026-02-24,2026-02-23,1,1,True,1.0,55,3745000000.0000005,334673815.9070599,0.0,-0.02710063108286076
00995A,2026-02-25,2026-02-24,1,1,True,1.0,56,3832000000.0,333217391.3043478,0.0,-0.004351773378998169
00995A,2026-02-26,2026-02-25,1,1,True,1.0,56,3942000000.0,338950988.822012,0.0,0.01720677751908628
00995A,2026-03-02,2026-02-26,1,4,True,1.0,56,3979999999.9999995,345786272.8062554,0.0,0.02016599511333106
00995A,2026-03-03,2026-03-02,1,1,True,1.0,55,3935000000.0,348230088.4955752,0.0,0.007067416729666043
00995A,2026-03-04,2026-03-03,1,1,True,1.0,56,3865000000.0,362570356.4727955,0.0,0.04118043917219549
00995A,2026-03-05,2026-03-04,1,1,True,1.0,57,3618000000.0,323613595.70661896,0.0,-0.10744607238484905
00995A,2026-03-06,2026-03-05,1,1,True,1.0,57,3665000000.0,324623560.6731621,0.0,0.003120897823646329
00995A,2026-03-09,2026-03-06,1,3,True,1.0,57,3675000000.0,347025495.7507082,0.0,0.06900896235347775
00995A,2026-03-10,2026-03-09,1,1,True,1.0,57,3429999999.9999995,312101910.8280254,0.0,-0.10063694267515944
00995A,2026-03-11,2026-03-10,1,1,True,1.0,57,3569000000.0,308737024.22145325,0.0,-0.01078137137207813
00995A,2026-03-12,2026-03-11,1,1,True,1.0,57,3759000000.0000005,324891961.9706137,0.0,0.05232588410767591
00995A,2026-03-13,2026-03-12,1,1,True,1.0,56,3722999999.9999995,321780466.7242869,0.0,-0.00957701516360765
00995A,2026-03-16,2026-03-13,1,3,True,1.0,57,3714000000.0,320448662.64020705,0.0,-0.004138859321193622
00995A,2026-03-17,2026-03-16,1,1,True,1.0,57,3684000000.0000005,309319899.24433255,0.0,-0.03472869352670582
00995A,2026-03-18,2026-03-17,1,1,True,1.0,57,3777000000.0000005,308830744.07195425,0.0,-0.0015813892787800432
00995A,2026-03-19,2026-03-18,1,1,True,1.0,57,3874000000.0,314703493.0950447,0.0,0.01901607639724534
00995A,2026-03-20,2026-03-19,1,1,True,1.0,56,3886000000.0,315934959.34959346,0.0,0.003913100049947271
00995A,2026-03-23,2026-03-20,1,3,True,1.0,56,3979000000.0,333249581.239531,0.0,0.05480438735106308
00995A,2026-03-24,2026-03-23,1,1,True,1.0,57,3904999999.9999995,335481099.65635735,0.0,0.006696237722268572
00995A,2026-03-25,2026-03-24,1,1,True,1.0,58,3829999999.9999995,314708299.096138,0.0,-0.06191943624096119
00995A,2026-03-26,2026-03-25,1,1,True,1.0,59,3990999999.9999995,329834710.7438016,0.0,0.04806486416503031
00995A,2026-03-27,2026-03-26,1,1,True,1.0,60,3961000000.0,327355371.90082645,0.0,-0.007516913054372187
00995A,2026-03-30,2026-03-27,1,3,True,1.0,60,3952000000.0000005,332940185.34119636,0.0,0.017060399552758287
00995A,2026-03-31,2026-03-30,1,1,True,1.0,59,3878000000.0,343489813.9946856,0.0,0.0316862581267503
00995A,2026-04-01,2026-03-31,1,1,True,1.0,60,3674000000.0,307190635.451505,0.0,-0.1056775981826995
00995A,2026-04-02,2026-04-01,1,1,True,1.0,60,3897999999.9999995,332593856.65529007,0.0,0.08269529820284949
00995A,2026-04-07,2026-04-02,1,5,True,1.0,60,3815000000.0,317651956.7027477,0.0,-0.04492536363360611
00995A,2026-04-08,2026-04-07,1,1,True,1.0,60,3876000000.0,302576112.412178,0.0,-0.047460259483549816
00995A,2026-04-09,2026-04-08,1,1,True,1.0,60,4061999999.9999995,311981566.8202765,0.0,0.03108459003295727
00995A,2026-04-10,2026-04-09,1,1,True,1.0,60,4085000000.0,307142857.14285713,0.0,-0.015509601181683985
00995A,2026-04-13,2026-04-10,1,3,True,1.0,60,4169000000.0,314404223.2277526,0.0,0.023641657020589957
00995A,2026-04-14,2026-04-13,1,1,True,1.0,59,4163000000.0000005,306553755.52282774,0.0,-0.02496934559062225
00995A,2026-04-15,2026-04-14,1,1,True,1.0,59,4254000000.0,305164992.82639885,0.0,-0.004530241993154993
00995A,2026-04-16,2026-04-15,1,1,True,1.0,59,4359000000.0,304825174.8251748,0.0,-0.001113554992257404
00995A,2026-04-17,2026-04-16,1,1,True,1.0,60,4467000000.0,309563409.56340957,0.0,0.015544105702399058
00995A,2026-04-20,2026-04-17,1,3,True,1.0,60,4488000000.0,303038487.50844026,0.0,-0.021077820741707498
00995A,2026-04-21,2026-04-20,1,1,True,1.0,59,4623000000.0,305956320.3176704,0.0,0.00962858821405943
00995A,2026-04-22,2026-04-21,1,1,True,1.0,60,4737000000.0,308197787.8985036,0.0,0.007326103211418911
00995A,2026-04-23,2026-04-22,1,1,True,1.0,59,4833000000.0,317542706.96452034,0.0,0.030321175014709212
00995A,2026-04-24,2026-04-23,1,1,True,1.0,58,4783000000.0,303105196.45120406,0.0,-0.04546635837216506
00995A,2026-04-27,2026-04-24,1,3,True,1.0,58,4960000000.0,313527180.78381795,0.0,0.03438405033841674
00995A,2026-04-28,2026-04-27,1,1,True,1.0,57,5026000000.0,316498740.5541562,0.0,0.009477837815877299
00995A,2026-04-29,2026-04-28,1,1,True,1.0,56,5093000000.0,322137887.41302973,0.0,0.017817280564845106
00995A,2026-04-30,2026-04-29,1,1,True,1.0,57,5106000000.0,316945996.2756052,0.0,-0.016116983876434676
00995A,2026-05-04,2026-04-30,1,4,True,1.0,57,5162000000.0,305082742.31678486,0.0,-0.03742989057512647
00995A,2026-05-05,2026-05-04,1,1,True,1.0,56,5445000000.0,321808510.63829786,0.0,0.05482371173963574
00995A,2026-05-06,2026-05-05,1,1,True,1.0,56,5477000000.0,324274718.76850206,0.0,0.007663588900469254
00995A,2026-05-07,2026-05-06,1,1,True,1.0,56,5495000000.0,322665883.734586,0.0,-0.004961333526171674
00995A,2026-05-08,2026-05-07,1,1,True,1.0,56,5559000000.0,333873873.8738739,0.0,0.03473559091393508
00995A,2026-05-11,2026-05-08,1,3,True,1.0,56,5421000000.0,314808362.369338,0.0,-0.05710393354029919
00995A,2026-05-12,2026-05-11,1,1,True,1.0,56,5634000000.0,325100980.95787656,0.0,0.03269487033658636
00995A,2026-05-13,2026-05-12,1,1,True,1.0,55,5656000000.0,332119788.6083382,0.0,0.021589623106585076
00995A,2026-05-14,2026-05-13,1,1,True,1.0,55,5559000000.0,325849941.3833529,0.0,-0.01887827055189173
00995A,2026-05-15,2026-05-14,1,1,True,1.0,54,5598000000.0,342804654.0110227,0.0,0.05203227152870071
00995A,2026-05-18,2026-05-15,1,3,True,1.0,54,5343000000.0,329002463.05418724,0.0,-0.04026255418455216
00995A,2026-05-19,2026-05-18,1,1,True,1.0,53,5327000000.0,337365421.15262824,0.0,0.025419135227153555
00995A,2026-05-20,2026-05-19,1,1,True,1.0,53,5185000000.0,329834605.59796435,0.0,-0.022322428685590978
00995A,2026-05-21,2026-05-20,1,1,True,1.0,53,5140000000.0,308338332.3335333,0.0,-0.06517288634847762
00995A,2026-05-22,2026-05-21,1,1,True,1.0,54,5415000000.0,313186813.1868132,0.0,0.015724547825715085
00995A,2026-05-25,2026-05-22,1,3,True,1.0,56,5631000000.0,310933186.0850359,0.0,-0.007195791798657147
00995A,2026-05-26,2026-05-25,1,1,True,1.0,56,5871000000.0,323649393.60529214,0.0,0.040896913193365414
00995A,2026-05-27,2026-05-26,1,1,True,1.0,55,5901000000.0,322282905.51611143,0.0,-0.004222124670028582
00995A,2026-05-28,2026-05-27,1,1,True,1.0,55,5968000000.0,337747594.79343516,0.0,0.04798482641379387
00995A,2026-05-29,2026-05-28,1,1,True,1.0,55,5771000000.0,317961432.5068871,0.0,-0.05858268894157248
00995A,2026-06-01,2026-05-29,1,3,True,1.0,55,5876000000.0,321796276.0131435,0.0,0.012060719050174029
00995A,2026-06-02,2026-06-01,1,1,True,1.0,56,5941000000.0,332270693.51230425,0.0,0.03254984062877386
00995A,2026-06-03,2026-06-02,1,1,True,1.0,58,5815000000.0,319330038.44041735,0.0,-0.03894612231700689
00995A,2026-06-04,2026-06-03,1,1,True,1.0,58,5914000000.0,329104062.3260991,0.0,0.030607906269692897
00995A,2026-06-05,2026-06-04,1,1,True,1.0,56,5796000000.0,328944381.38479,0.0,-0.00048519893732235087
00995A,2026-06-08,2026-06-05,1,3,True,1.0,56,5697000000.0,333352837.91691047,0.0,0.01340182955416891
00995A,2026-06-09,2026-06-08,1,1,True,1.0,55,5522000000.0,310224719.1011236,0.0,-0.06938029674597124
00995A,2026-06-10,2026-06-09,1,1,True,1.0,55,5767000000.0,338637698.1796829,0.0,0.0915883787755083
00995A,2026-06-11,2026-06-10,1,1,True,1.0,55,5473000000.0,322890855.4572272,0.0,-0.046500560354330034
00995A,2026-06-12,2026-06-11,1,1,True,1.0,55,5458000000.0,314400921.6589862,0.0,-0.026293509570653018
00995A,2026-06-15,2026-06-12,1,3,True,1.0,56,5587000000.0,312646894.23614997,0.0,-0.005578951275272526
00995A,2026-06-16,2026-06-15,1,1,True,1.0,56,5734000000.0,319265033.4075724,0.0,0.02116809504086614
00995A,2026-06-17,2026-06-16,1,1,True,1.0,55,5780000000.0,320576816.4170826,0.0,0.004108758781095734
00995A,2026-06-18,2026-06-17,1,1,True,1.0,55,5720000000.0,310700706.1379685,0.0,-0.0308073128602816
00995A,2026-06-22,2026-06-18,1,4,True,1.0,54,5793000000.0,308630793.8199254,0.0,-0.006662077932722443
00995A,2026-06-23,2026-06-22,1,1,True,1.0,54,5876000000.0,320742358.0786026,0.0,0.039242889890448884
00995A,2026-06-24,2026-06-23,1,1,True,1.0,52,5715000000.0,316796008.8691796,0.0,-0.012303798079753125
00995A,2026-06-25,2026-06-24,1,1,True,1.0,51,5652000000.0,310891089.1089109,0.0,-0.018639501745450038
00995A,2026-06-26,2026-06-25,1,1,True,1.0,51,5647000000.0,328123184.1952353,0.0,0.05542807655155291
00995A,2026-06-29,2026-06-26,1,3,True,1.0,50,5264000000.0,303926096.9976905,0.0,-0.07374391193018348
00995A,2026-06-30,2026-06-29,1,1,True,1.0,49,5278000000.0,292086330.9352518,0.0,-0.0389560691872034
00995A,2026-07-01,2026-06-30,1,1,True,1.0,51,5517000000.0,298700595.5603682,0.0,0.02264489613032472
00995A,2026-07-02,2026-07-01,1,1,True,1.0,52,5621000000.0,303509719.22246224,0.0,0.016100147551001864
00995A,2026-07-03,2026-07-02,1,1,True,1.0,52,5539000000.0,296520342.6124197,0.0,-0.023028510019211357
00995A,2026-07-06,2026-07-03,1,3,True,1.0,53,5587000000.0,308674033.14917123,0.0,0.04098771244385602
00995A,2026-07-07,2026-07-06,1,1,True,1.0,53,5375000000.0,313046010.48340124,0.0,0.014163735412486611
00995A,2026-07-08,2026-07-07,1,1,True,1.0,53,5107000000.0,298480420.8065459,0.0,-0.04652859065146153
00995A,2026-07-09,2026-07-08,1,1,True,1.0,53,5109000000.0,295317919.07514447,0.0,-0.01059534063526113
00995A,2026-07-13,2026-07-09,1,4,True,1.0,54,5152000000.0,302347417.8403756,0.0,0.023803156907124423
00995A,2026-07-14,2026-07-13,1,1,True,1.0,55,5050000000.0,307926829.2682927,0.0,0.01845364338736566
00995A,2026-07-15,2026-07-14,1,1,True,1.0,55,4886000000.0,286233157.5864089,0.0,-0.07045073575898897
00995A,2026-07-16,2026-07-15,1,1,True,1.0,55,5056000000.0,301490757.3047108,0.0,0.0533047947587828
00995A,2026-07-17,2026-07-16,1,1,True,1.0,55,4976000000.0,323326835.6075373,0.0,0.07242702395933565
00995A,2026-07-20,2026-07-17,1,3,True,1.0,55,4572000000.0,303183023.87267905,0.0,-0.06230170068317298
00995A,2026-07-21,2026-07-20,1,1,True,1.0,55,4518000000.0,280970149.25373137,0.0,-0.07326556195400946
00995A,2026-07-22,2026-07-21,1,1,True,1.0,57,4822000000.0,290832328.106152,0.0,0.03510045063012912
00995A,2026-07-23,2026-07-22,1,1,True,1.0,57,4985000000.0,299219687.8751501,0.0,0.02883915905640566
00995A,2026-07-24,2026-07-23,1,1,True,1.0,57,5002000000.0,313408521.3032581,0.0,0.04741945133646541
00995A,2026-07-27,2026-07-24,1,3,True,1.0,56,4768000000.0,299309478.97049594,0.0,-0.044986148666710246
00995A,2026-07-28,2026-07-27,1,1,True,1.0,55,4760000000.0,323150033.9443313,0.0,0.07965185418062015
00995A,2026-07-29,2026-07-28,1,1,True,1.0,55,4410000000.0,320960698.6899563,0.0,-0.006774980734651992
00995A,2026-07-30,2026-07-29,1,1,True,1.0,53,4135000000.0,300290486.56499636,0.0,-0.06440106906960308
00995A,2026-07-31,2026-07-30,1,1,True,1.0,53,4106000000.0,271560846.56084657,0.0,-0.09567282777681807
00995A,2026-08-03,2026-07-31,1,3,True,1.0,53,4821000000.0,305319822.6725776,0.0,0.12431459298815728
00995A,2026-08-04,2026-08-03,1,1,True,1.0,53,5059000000.0,315792759.051186,0.0,0.03430152777810136
00995A,2026-08-05,2026-08-04,1,1,True,1.0,53,4884000000.0,293862815.88447654,0.0,-0.06944409755498837
00995A,2026-08-06,2026-08-05,1,1,True,1.0,53,5037000000.0,299109263.65795726,0.0,0.0178533910719183
00995A,2026-08-07,2026-08-06,1,1,True,1.0,54,5072000000.0,309456985.96705306,0.0,0.03459512481341531
00995A,2026-08-10,2026-08-07,1,3,True,1.0,54,4939000000.0,295748502.994012,0.0,-0.04429850866091145
00995A,2026-08-11,2026-08-10,1,1,True,1.0,54,5011000000.0,300599880.02399516,0.0,0.016403724721749002
00995A,2026-08-12,2026-08-11,1,1,True,1.0,54,5042000000.0,295545134.81828845,0.0,-0.016815526357838895
00995A,2026-08-13,2026-08-12,1,1,True,1.0,52,5152000000.0,297116493.65628606,0.0,0.0053168151083378135
00995A,2026-08-14,2026-08-13,1,1,True,1.0,51,5208000000.0,296414342.6294821,0.0,-0.002363217935710593
00995A,2026-08-17,2026-08-14,1,3,True,1.0,51,5191000000.0,293941109.8527746,0.0,-0.008343836383784664
00995A,2026-08-18,2026-08-17,1,1,True,1.0,50,5186000000.0,301161440.1858305,0.0,0.02456386701632951
00995A,2026-08-19,2026-08-18,1,1,True,1.0,50,5050000000.0,298993487.2705743,0.0,-0.007198640416643198
00995A,2026-08-20,2026-08-19,1,1,True,1.0,50,4938000000.0,290299823.63315696,0.0,-0.029076431452669027
00995A,2026-08-21,2026-08-20,1,1,True,1.0,51,4962000000.0,297660467.9064187,0.0,0.025355317757833618
00995A,2026-08-24,2026-08-21,1,3,True,1.0,50,4862000000.0,294845360.8247423,0.0,-0.009457443581528668
00995A,2026-08-25,2026-08-24,1,1,True,1.0,50,4798000000.0,287477531.45596164,0.0,-0.024988791915095288
00995A,2026-08-26,2026-08-25,1,1,True,1.0,50,4857000000.0,285202583.6758661,0.0,-0.007913480293829545
00995A,2026-08-27,2026-08-26,1,1,True,1.0,49,4854000000.0,283362521.8914186,0.0,-0.006451771091031899
00995A,2026-08-28,2026-08-27,1,1,True,1.0,49,4838000000.0,277249283.6676218,0.0,-0.021573912396711803
00995A,2026-08-31,2026-08-28,1,3,True,1.0,48,4900000000.0,286047869.2352598,0.0,0.03173528692750782
00995A,2026-09-01,2026-08-31,1,1,True,1.0,48,4697000000.0,264321890.82723692,0.0,-0.0759522469651901
00995A,2026-09-02,2026-09-01,1,1,True,1.0,48,4853000000.0,279873125.7208766,0.0,0.058834456900143994
00995A,2026-09-03,2026-09-02,1,1,True,1.0,48,4749000000.0,279352941.1764706,0.0,-0.0018586441376468033
00995A,2026-09-04,2026-09-03,1,1,True,1.0,49,4633000000.0,268579710.14492756,0.0,-0.03856494578568781
00995A,2026-09-07,2026-09-04,1,3,True,1.0,49,4726000000.0,268217934.16572076,0.0,-0.0013469966849378734
00995A,2026-09-08,2026-09-07,1,1,True,1.0,49,4814000000.0,276507754.1642734,0.0,0.03090703097217462
00995A,2026-09-09,2026-09-08,1,1,True,1.0,49,4751000000.0,272732491.3892078,0.0,-0.013653370360176997
00995A,2026-09-10,2026-09-09,1,1,True,1.0,49,4774000000.0,274683544.3037975,0.0,0.007153723799653289
00995A,2026-09-11,2026-09-10,1,1,True,1.0,49,4750000000.0,278429073.8569754,0.0,0.013635798834150004
00995A,2026-09-14,2026-09-11,1,3,True,1.0,49,4648000000.0,274704491.72576827,0.0,-0.013377130770188095
00995A,2026-09-15,2026-09-14,1,1,True,1.0,49,4620000000.0,278481012.65822786,0.0,0.01374757619991751
00995A,2026-09-16,2026-09-15,1,1,True,1.0,49,4527000000.0,271402877.6978417,0.0,-0.02541693917593213
00995A,2026-09-17,2026-09-16,1,1,True,1.0,49,4560000000.0,275362318.84057975,0.0,0.014588795728047499
00995A,2026-09-18,2026-09-17,1,1,True,1.0,49,4515000000.0,262958648.80605704,0.0,-0.045044906967477205
00995A,2026-09-21,2026-09-18,1,3,True,1.0,49,4708000000.0,271042026.48244095,0.0,0.030740109568884177
00995A,2026-09-22,2026-09-21,1,1,True,1.0,51,4760000000.0,270147559.59137344,0.0,-0.00330010405646608
00995A,2026-09-23,2026-09-22,1,1,True,1.0,51,4827000000.0,271790540.5405405,0.0,0.006081790824437716
00995A,2026-09-24,2026-09-23,1,1,True,1.0,51,4879000000.0,272569832.4022347,0.0,0.0028672515980294744
00995A,2026-09-29,2026-09-24,1,5,True,1.0,51,4849000000.0,275667993.17794204,0.0,0.0113664845019803
00995A,2026-09-30,2026-09-29,1,1,True,1.0,51,4755000000.0,267435320.58492687,0.0,-0.02986444852776582
00995A,2026-10-01,2026-09-30,1,1,True,1.0,51,4789000000.0,267691447.73616543,0.0,0.0009577162458509481
00995A,2026-10-02,2026-10-01,1,1,True,1.0,48,4847000000.0,267790055.24861875,0.0,0.00036836258045314096
00995A,2026-10-05,2026-10-02,1,3,True,1.0,47,4896000000.0,260010621.34891135,0.0,-0.02905049589121189
00995A,2026-10-06,2026-10-05,1,1,True,1.0,46,5088000000.0,269491525.4237288,0.0,0.03646352608840142
00995A,2026-10-07,2026-10-06,1,1,True,1.0,44,5010000000.0,268488745.9807074,0.0,-0.003721005480393891
00995A,2026-10-08,2026-10-07,1,1,True,1.0,44,4937000000.0,265145005.37056926,0.0,-0.01245393209284984
00996A,2026-03-25,2026-03-24,1,1,True,1.153125,52,892000000.0,85604606.5259117,0.15312499999999996,
00996A,2026-03-26,2026-03-25,1,1,True,1.4285714285714286,52,1072000000.0000001,102583732.05741629,0.4285714285714286,0.19834359645546829
00996A,2026-03-27,2026-03-26,1,1,True,1.6080402010050252,53,1527000000.0,151488095.23809522,0.6080402010050252,0.4767263015280734
00996A,2026-03-30,2026-03-27,1,3,True,1.0,49,2564000000.0,258989898.98989898,0.0,0.7096386259451093
00996A,2026-03-31,2026-03-30,1,1,True,1.0,49,2791000000.0,292251308.90052354,0.0,0.12842744076255186
00996A,2026-04-01,2026-03-31,1,1,True,1.0,49,2874000000.0,290010090.8173562,0.0,-0.007668804261643847
00996A,2026-04-02,2026-04-01,1,1,True,1.0,47,3016000000.0,310288065.8436214,0.0,0.06992161882751824
00996A,2026-04-07,2026-04-02,1,5,True,1.0,47,2942000000.0,298074974.6707194,0.0,-0.03936049277208464
00996A,2026-04-08,2026-04-07,1,1,True,1.0,47,3007000000.0,288026819.9233717,0.0,-0.033710158856669614
00996A,2026-04-09,2026-04-08,1,1,True,1.0,48,3104000000.0,293661305.5818354,0.0,0.01956236457411409
00996A,2026-04-10,2026-04-09,1,1,True,1.0,47,2962000000.0,274259259.2592592,0.0,-0.06606946830851479
00996A,2026-04-13,2026-04-10,1,3,True,1.0,47,2997000000.0,277757182.5764597,0.0,0.012754075565754697
00996A,2026-04-14,2026-04-13,1,1,True,1.0,47,2969000000.0,270400728.5974499,0.0,-0.026485198009181143
00996A,2026-04-15,2026-04-14,1,1,True,1.0,47,3019000000.0,272472924.1877256,0.0,0.007663424581080269
00996A,2026-04-16,2026-04-15,1,1,True,1.0,46,3020000000.0,264680105.1709027,0.0,-0.028600342731499806
00996A,2026-04-17,2026-04-16,1,1,True,1.0,46,3016000000.0,257118499.57374254,0.0,-0.028568847636952777
00996A,2026-04-20,2026-04-17,1,3,True,1.0,44,3073000000.0,251885245.90163937,0.0,-0.02035347001782828
00996A,2026-04-21,2026-04-20,1,1,True,1.0,46,3218000000.0,260777957.86061588,0.0,0.03530461630312831
00996A,2026-04-22,2026-04-21,1,1,True,1.0,46,3500000000.0,275807722.6162333,0.0,0.057634337192143725
00996A,2026-04-23,2026-04-22,1,1,True,1.0,43,3632000000.0,296006519.9674002,0.0,0.07323506811037372
00996A,2026-04-24,2026-04-23,1,1,True,1.0,43,3824000000.0,299686520.3761756,0.0,0.01243215997127578
00996A,2026-04-27,2026-04-24,1,3,True,1.0,44,3931000000.0,309284028.3241542,0.0,0.032025157274112814
00996A,2026-04-28,2026-04-27,1,1,True,1.0,43,3920000000.0000005,306969459.6711042,0.0,-0.0074836345917744795
00996A,2026-04-29,2026-04-28,1,1,True,1.0,44,3913000000.0000005,306661442.00626963,0.0,-0.0010034146887595297
00996A,2026-04-30,2026-04-29,1,1,True,1.0,45,3901000000.0,295083207.26172465,0.0,-0.03775575653983998
00996A,2026-05-04,2026-04-30,1,4,True,1.0,45,3983000000.0,292652461.4254225,0.0,-0.008237492939224489
00996A,2026-05-05,2026-05-04,1,1,True,1.0,45,4460000000.0,323422770.1232778,0.0,0.10514283238207645
00996A,2026-05-06,2026-05-05,1,1,True,1.0,45,4497000000.0,326579520.69716775,0.0,0.009760446281153135
00996A,2026-05-07,2026-05-06,1,1,True,1.0,45,4611000000.0,327718550.1066098,0.0,0.0034877551630014825
00996A,2026-05-08,2026-05-07,1,1,True,1.0,45,4690000000.0,342585829.0723156,0.0,0.045365997624697396
00996A,2026-05-11,2026-05-08,1,3,True,1.0,45,4615000000.0,325688073.3944954,0.0,-0.04932415250092914
00996A,2026-05-12,2026-05-11,1,1,True,1.0,45,4791000000.0,336683063.9494027,0.0,0.03375926677422236
00996A,2026-05-13,2026-05-12,1,1,True,1.0,45,4809000000.0,342034139.4025605,0.0,0.015893509434029562
00996A,2026-05-14,2026-05-13,1,1,True,1.0,45,4764000000.0,336678445.22968197,0.0,-0.01565836142039334
00996A,2026-05-15,2026-05-14,1,1,True,1.0,45,4790000000.0,350915750.9157509,0.0,0.0422875473253308
00996A,2026-05-18,2026-05-15,1,3,True,1.0,45,4610000000.0,337728937.72893775,0.0,-0.03757828810020869
00996A,2026-05-19,2026-05-18,1,1,True,1.0,45,4593000000.0,348218347.2327521,0.0,0.03105866371519861
00996A,2026-05-20,2026-05-19,1,1,True,1.0,45,4431000000.0,334162895.9276018,0.0,-0.04036390218047725
00996A,2026-05-21,2026-05-20,1,1,True,1.0,46,4425000000.0,316977077.36389685,0.0,-0.05142946381284763
00996A,2026-05-22,2026-05-21,1,1,True,1.0,46,4600000000.0,314637482.9001368,0.0,-0.007380957901489182
00996A,2026-05-25,2026-05-22,1,3,True,1.0,46,4775000000.0,312909567.4967235,0.0,-0.005491765912587709
00996A,2026-05-26,2026-05-25,1,1,True,1.0,46,4995000000.0,325407166.1237785,0.0,0.03993996964374036
00996A,2026-05-27,2026-05-26,1,1,True,1.0,46,5039000000.0,324259974.2599743,0.0,-0.003525404426305223
00996A,2026-05-28,2026-05-27,1,1,True,1.0,46,5097000000.0,339121756.487026,0.0,0.04583292236721226
00996A,2026-05-29,2026-05-28,1,1,True,1.0,46,4984000000.0,325964682.7992152,0.0,-0.03879749215769979
00996A,2026-06-01,2026-05-29,1,3,True,1.0,46,5045000000.0,320928753.18066156,0.0,-0.015449310567352548
00996A,2026-06-02,2026-06-01,1,1,True,1.0,46,5168000000.0,332561132.56113255,0.0,0.036245986890188986
00996A,2026-06-03,2026-06-02,1,1,True,1.0,46,5108000000.0,327856225.93068033,0.0,-0.014147494008751482
00996A,2026-06-04,2026-06-03,1,1,True,1.0,46,5157000000.0,336838667.5375571,0.0,0.027397502003747132
00996A,2026-06-05,2026-06-04,1,1,True,1.0,46,5032000000.0,335690460.30687124,0.0,-0.0034087750051969845
00996A,2026-06-08,2026-06-05,1,3,True,1.0,46,4952000000.0,342936288.08864266,0.0,0.02158484865833743
00996A,2026-06-09,2026-06-08,1,1,True,1.0,45,4790000000.0,315546772.0685112,0.0,-0.0798676517226774
00996A,2026-06-10,2026-06-09,1,1,True,1.0,45,4988000000.0,347112038.97007656,0.0,0.10003355982583773
00996A,2026-06-11,2026-06-10,1,1,True,1.0,45,4698000000.0,326931106.4718163,0.0,-0.05813953488372092
00996A,2026-06-12,2026-06-11,1,1,True,1.0,45,4720000000.0,318703578.6630655,0.0,-0.025165937550393647
00996A,2026-06-15,2026-06-12,1,3,True,1.0,45,4831000000.0,314109232.76983094,0.0,-0.014415733618390658
00996A,2026-06-16,2026-06-15,1,1,True,1.0,44,5024000000.0,326445743.98960364,0.0,0.039274589641917546
00996A,2026-06-17,2026-06-16,1,1,True,1.0,44,5051000000.0,323989737.01090443,0.0,-0.007523476791835404
00996A,2026-06-18,2026-06-17,1,1,True,1.0,44,5087000000.0,316749688.6674969,0.0,-0.022346536066862654
00996A,2026-06-22,2026-06-18,1,4,True,1.0,43,5190000000.0,318014705.88235295,0.0,0.00399374414597764
00996A,2026-06-23,2026-06-22,1,1,True,1.0,43,5259000000.0,331798107.2555205,0.0,0.04334202512718588
00996A,2026-06-24,2026-06-23,1,1,True,1.0,43,5122000000.0,325619834.7107438,0.0,-0.01862057802523509
00996A,2026-06-25,2026-06-24,1,1,True,1.0,43,5086000000.0,318472135.2536005,0.0,-0.02195105670848574
00996A,2026-06-26,2026-06-25,1,1,True,1.0,42,5178000000.0,340433925.0493097,0.0,0.06895984723505233
00996A,2026-06-29,2026-06-26,1,3,True,1.0,41,4914000000.0,320547945.20547944,0.0,-0.058413625613105036
00996A,2026-06-30,2026-06-29,1,1,True,1.0,42,4945000000.0,305813234.3846629,0.0,-0.045967260252974596
00996A,2026-07-01,2026-06-30,1,1,True,1.0,42,5162000000.0,320223325.0620347,0.0,0.04712055940406512
00996A,2026-07-02,2026-07-01,1,1,True,1.0,43,5175000000.0,321828358.2089552,0.0,0.005012230594412692
00996A,2026-07-03,2026-07-02,1,1,True,1.0,43,5174000000.0,318792359.82747996,0.0,-0.00943359497084495
00996A,2026-07-06,2026-07-03,1,3,True,1.0,42,5213000000.0,333099041.5335463,0.0,0.04487774334933459
00996A,2026-07-07,2026-07-06,1,1,True,1.0,42,5023000000.0,339391891.8918919,0.0,0.018891829677365912
00996A,2026-07-08,2026-07-07,1,1,True,1.0,42,4765000000.0,321959459.4594594,0.0,-0.0513637268564604
00996A,2026-07-09,2026-07-08,1,1,True,1.0,42,4782000000.0,317952127.6595745,0.0,-0.012446696881069585
00996A,2026-07-13,2026-07-09,1,4,True,1.0,43,4849000000.0,328078484.4384303,0.0,0.03184868380468231
00996A,2026-07-14,2026-07-13,1,1,True,1.0,42,4768000000.0,330881332.40804994,0.0,0.00854322396184326
00996A,2026-07-15,2026-07-14,1,1,True,1.0,42,4630000000.0,312837837.8378378,0.0,-0.05453161844730636
00996A,2026-07-16,2026-07-15,1,1,True,1.0,42,4763000000.0,330305131.7614424,0.0,0.055834978416705816
00996A,2026-07-17,2026-07-16,1,1,True,1.0,43,4637000000.0,352088078.96735007,0.0,0.06594795269980858
00996A,2026-07-20,2026-07-17,1,3,True,1.0,42,4245000000.0000005,335573122.5296443,0.0,-0.046905752918823596
00996A,2026-07-21,2026-07-20,1,1,True,1.0,43,4090000000.0,303637713.43726796,0.0,-0.09516676678882474
00996A,2026-07-22,2026-07-21,1,1,True,1.0,43,4336000000.0,308173418.6211798,0.0,0.014937884798849055
00996A,2026-07-23,2026-07-22,1,1,True,1.0,42,4500000000.0,324909747.2924188,0.0,0.05430815138476297
00996A,2026-07-24,2026-07-23,1,1,True,1.0,44,4430000000.0,336115326.2518968,0.0,0.03448828190861564
00996A,2026-07-27,2026-07-24,1,3,True,1.0,44,4190999999.9999995,320657995.4093343,0.0,-0.045988176186224305
00996A,2026-07-28,2026-07-27,1,1,True,1.0,44,4164000000.0,347000000.0,0.0,0.0821498449057505
00996A,2026-07-29,2026-07-28,1,1,True,1.0,45,3828000000.0,343010752.68817204,0.0,-0.011496389947631025
00996A,2026-07-30,2026-07-29,1,1,True,1.0,46,3526000000.0,321422060.16408384,0.0,-0.06293882146521013
00996A,2026-07-31,2026-07-30,1,1,True,1.0,46,3440000000.0,285240464.344942,0.0,-0.1125672450754357
00996A,2026-08-03,2026-07-31,1,3,True,1.0,45,3885000000.0,311797752.80898875,0.0,0.09310491246407104
00996A,2026-08-04,2026-08-03,1,1,True,1.0,45,4036000000.0,312383900.9287926,0.0,0.0018798984743257918
00996A,2026-08-05,2026-08-04,1,1,True,1.0,44,4169000000.0,309502598.3667409,0.0,-0.00922359492113678
00996A,2026-08-06,2026-08-05,1,1,True,1.0,43,4320000000.0,320474777.4480712,0.0,0.0354510079696615
00996A,2026-08-07,2026-08-06,1,1,True,1.0,44,4359000000.0,328485305.19969857,0.0,0.024995813447207693
00996A,2026-08-10,2026-08-07,1,3,True,1.0,43,4263000000.0000005,313686534.2163356,0.0,-0.045051546443961143
00996A,2026-08-11,2026-08-10,1,1,True,1.0,43,4377000000.0,319256017.50547045,0.0,0.017754932652906952
00996A,2026-08-12,2026-08-11,1,1,True,1.0,43,4413000000.0,317253774.26312006,0.0,-0.006271591238890539
00996A,2026-08-13,2026-08-12,1,1,True,1.0,43,4476000000.0,314546732.2557976,0.0,-0.008532733814152538
00996A,2026-08-14,2026-08-13,1,1,True,1.0,43,4549000000.0,317667597.7653631,0.0,0.009921786461375426
00996A,2026-08-17,2026-08-14,1,3,True,1.0,43,4548000000.0,316052814.45448226,0.0,-0.005083248408840113
00996A,2026-08-18,2026-08-17,1,1,True,1.0,43,4546000000.0,327050359.7122302,0.0,0.03479654271305921
00996A,2026-08-19,2026-08-18,1,1,True,1.0,43,4350000000.0,319383259.91189426,0.0,-0.02344317800806639
00996A,2026-08-20,2026-08-19,1,1,True,1.0,43,4236000000.0,308296943.231441,0.0,-0.03471163981328118
00996A,2026-08-21,2026-08-20,1,1,True,1.0,43,4270000000.0000005,314896755.16224194,0.0,0.02140732198517581
00996A,2026-08-24,2026-08-21,1,3,True,1.0,43,4210000000.0,314179104.47761196,0.0,-0.002279003110909228
00996A,2026-08-25,2026-08-24,1,1,True,1.0,45,4144000000.0,306056129.98522896,0.0,-0.025854598146777263
00996A,2026-08-26,2026-08-25,1,1,True,1.0,45,4186000000.0,300502512.56281406,0.0,-0.018145748045245602
00996A,2026-08-27,2026-08-26,1,1,True,1.0,45,4293000000.0,305117270.7889126,0.0,0.015356804130327806
00996A,2026-08-28,2026-08-27,1,1,True,1.0,45,4317000000.0,305088339.2226148,0.0,-9.482113622394372e-05
00996A,2026-08-31,2026-08-28,1,3,True,1.0,45,4329000000.0,309656652.360515,0.0,0.01497373891621212
00996A,2026-09-01,2026-08-31,1,1,True,1.0,43,4150000000.0,288595271.21001387,0.0,-0.06801527107507643
00996A,2026-09-02,2026-09-01,1,1,True,1.0,44,4244000000.0,302710413.6947218,0.0,0.04890981901930136
00996A,2026-09-03,2026-09-02,1,1,True,1.0,44,4147999999.9999995,305000000.0,0.0,0.007563619227144214
00996A,2026-09-04,2026-09-03,1,1,True,1.0,44,4009000000.0000005,287589670.01434726,0.0,-0.057083049133287656
00996A,2026-09-07,2026-09-04,1,3,True,1.0,44,4104999999.9999995,290722379.6033994,0.0,0.010892983704511527
00996A,2026-09-08,2026-09-07,1,1,True,1.0,46,4143000000.0,296776504.29799426,0.0,0.020824419168740338
00996A,2026-09-09,2026-09-08,1,1,True,1.0,45,4090999999.9999995,290347764.37189496,0.0,-0.02166188978236694
00996A,2026-09-10,2026-09-09,1,1,True,1.0,43,4090000000.0,292351679.7712652,0.0,0.006901776577151519
00996A,2026-09-11,2026-09-10,1,1,True,1.0,43,4034000000.0000005,293809176.98470503,0.0,0.004985424453795462
00996A,2026-09-14,2026-09-11,1,3,True,1.0,42,3954999999.9999995,289531478.7701317,0.0,-0.014559443848808029
00996A,2026-09-15,2026-09-14,1,1,True,1.0,42,3934000000.0000005,293144560.35767514,0.0,0.012479063081123343
00996A,2026-09-16,2026-09-15,1,1,True,1.0,42,3852000000.0000005,281784930.50475496,0.0,-0.0387509488119443
00996A,2026-09-17,2026-09-16,1,1,True,1.0,43,3903000000.0,288044280.4428044,0.0,0.02221321745927729
00996A,2026-09-18,2026-09-17,1,1,True,1.0,44,3871000000.0,275124378.1094527,0.0,-0.04485387563846144
00996A,2026-09-21,2026-09-18,1,3,True,1.0,44,4021000000.0,283169014.08450705,0.0,0.029239996943687396
00996A,2026-09-22,2026-09-21,1,1,True,1.0,44,4034000000.0000005,278398895.7902002,0.0,-0.01684548116865392
00996A,2026-09-23,2026-09-22,1,1,True,1.0,44,4084000000.0000005,281461061.337009,0.0,0.010999201480728749
00996A,2026-09-24,2026-09-23,1,1,True,1.0,44,4040000000.0,276712328.7671233,0.0,-0.01687172125098968
00996A,2026-09-29,2026-09-24,1,5,True,1.0,44,4036000000.0,281254355.4006969,0.0,0.016414254665884753
00996A,2026-09-30,2026-09-29,1,1,True,1.0,45,3963000000.0000005,273687845.3038674,0.0,-0.026902730398786656
00996A,2026-10-01,2026-09-30,1,1,True,1.0,45,3986999999.9999995,271964529.3315143,0.0,-0.006296647812180867
00996A,2026-10-02,2026-10-01,1,1,True,1.0,45,4031000000.0,269993302.07635635,0.0,-0.007248104228897767
00996A,2026-10-05,2026-10-02,1,3,True,1.0,46,4122999999.9999995,268599348.5342019,0.0,-0.00516291897404253
00996A,2026-10-06,2026-10-05,1,1,True,1.0,46,4239000000.0,275976562.5,0.0,0.027465494633762022
00996A,2026-10-07,2026-10-06,1,1,True,1.0,47,4298000000.0,278548282.566429,0.0,0.009318617650471817
00996A,2026-10-08,2026-10-07,1,1,True,1.0,46,4412000000.0,287052700.0650618,0.0,0.030531214984621746
00997A,2026-04-13,2026-04-10,1,3,True,1.0,41,,,0.0,
00997A,2026-04-14,2026-04-13,1,1,True,1.1863975155279503,43,7870000000.0,738967136.1502347,0.18639751552795025,
00997A,2026-04-15,2026-04-14,1,1,True,1.0,43,7983000000.0,761010486.1773117,0.0,0.029829946351762393
00997A,2026-04-16,2026-04-15,1,1,True,1.00805,43,9615000000.0,926300578.034682,0.00804999999999989,0.21719817907851868
00997A,2026-04-17,2026-04-16,1,1,True,1.0,46,10263000000.0,984932821.497121,0.0,0.06329721135102617
00997A,2026-04-20,2026-04-17,1,3,True,1.0,47,10456000000.0,995809523.8095238,0.0,0.011043090528620958
00997A,2026-04-21,2026-04-20,1,1,True,0.9939714548762633,48,10557000000.0,992199248.1203007,-0.006028545123736739,-0.003625468127089082
00997A,2026-04-22,2026-04-21,1,1,True,1.0,49,10531000000.0,975996292.8637629,0.0,-0.016330344219907422
00997A,2026-04-23,2026-04-22,1,1,True,0.9610706808892433,49,10535000000.0,980912476.7225325,-0.0389293191107567,0.005037092758154449
00997A,2026-04-24,2026-04-23,1,1,True,0.985654638780357,49,10902000000.0,987500000.0000001,-0.014345361219643027,0.006715709539629966
00997A,2026-04-27,2026-04-24,1,3,True,1.0,49,10568000000.0,941050756.9011576,0.0,-0.04703720820135948
00997A,2026-04-28,2026-04-27,1,1,True,1.0,48,10711000000.0,958907788.7197851,0.0,0.018975630897349216
00997A,2026-04-29,2026-04-28,1,1,True,1.0,48,10671000000.0,963086642.599278,0.0,0.004357930896642381
00997A,2026-04-30,2026-04-29,1,1,True,1.0,48,10445000000.0,936771300.4484304,0.0,-0.027323961299914767
00997A,2026-05-04,2026-04-30,1,4,True,1.0,48,10611000000.0,899237288.1355932,0.0,-0.040067423388045476
00997A,2026-05-05,2026-05-04,1,1,True,1.0,48,10893000000.0,926275510.2040817,0.0,0.03006795027878284
00997A,2026-05-06,2026-05-05,1,1,True,1.0,48,11406000000.0,934152334.1523341,0.0,0.008503759261126342
00997A,2026-05-07,2026-05-06,1,1,True,1.0,49,11722000000.0,941526104.4176707,0.0,0.007893541551793781
00997A,2026-05-08,2026-05-07,1,1,True,1.0,49,11747000000.0,970826446.2809918,0.0,0.031120052567680245
00997A,2026-05-11,2026-05-08,1,3,True,1.0,49,11692000000.0,937610264.6351242,0.0,-0.034214335397548146
00997A,2026-05-12,2026-05-11,1,1,True,1.0,50,12382000000.0,965834633.3853354,0.0,0.03010245281518431
00997A,2026-05-13,2026-05-12,1,1,True,1.0,50,12865000000.0,1010604870.3849175,0.0,0.04635393622473294
00997A,2026-05-14,2026-05-13,1,1,True,1.0,50,12666000000.0,990304925.7232213,0.0,-0.020086925421173185
00997A,2026-05-15,2026-05-14,1,1,True,1.0,51,12803000000.0,1035004042.0371869,0.0,0.04513672016861037
00997A,2026-05-18,2026-05-15,1,3,True,1.0,50,12789000000.0,1049138638.2280558,0.0,0.013656561343517115
00997A,2026-05-19,2026-05-18,1,1,True,1.0,53,12308000000.0,1051965811.9658121,0.0,0.0026947570461528514
00997A,2026-05-20,2026-05-19,1,1,True,1.0,53,11849000000.0,1003302286.1981372,0.0,-0.04625960769270365
00997A,2026-05-21,2026-05-20,1,1,True,1.0,54,11690000000.0,949634443.5418359,0.0,-0.05349119940677849
00997A,2026-05-22,2026-05-21,1,1,True,1.0,55,11920000000.0,941548183.2543443,0.0,-0.008515129524296117
00997A,2026-05-25,2026-05-22,1,3,True,1.0,55,12381000000.0,946559633.0275229,0.0,0.005322563265808711
00997A,2026-05-26,2026-05-25,1,1,True,1.0,53,12437000000.0,954489639.2939371,0.0,0.008377714398247083
00997A,2026-05-27,2026-05-26,1,1,True,1.0,53,12437000000.0,935112781.9548872,0.0,-0.020300751879699375
00997A,2026-05-28,2026-05-27,1,1,True,1.0,52,12980000000.000002,1003866976.0247488,0.0,0.07352502863465138
00997A,2026-05-29,2026-05-28,1,1,True,1.0,51,13075000000.0,987537764.3504531,0.0,-0.01626631024257652
00997A,2026-06-01,2026-05-29,1,3,True,1.0,51,12999000000.0,976634109.6919609,0.0,-0.011041253359727499
00997A,2026-06-02,2026-06-01,1,1,True,1.0,52,12852000000.000002,969230769.2307694,0.0,-0.007580464769479156
00997A,2026-06-03,2026-06-02,1,1,True,1.0,52,12922000000.0,921683309.5577747,0.0,-0.049056902837216754
00997A,2026-06-04,2026-06-03,1,1,True,1.0,52,13308000000.000002,961560693.6416186,0.0,0.043265819908334
00997A,2026-06-05,2026-06-04,1,1,True,1.0,52,13432000000.0,997919762.2585437,0.0,0.037812557082825604
00997A,2026-06-08,2026-06-05,1,3,True,1.0,53,13263999999.999998,1051030110.9350237,0.0,0.053221061136496495
00997A,2026-06-09,2026-06-08,1,1,True,1.0,54,12322000000.0,942048929.6636086,0.0,-0.10368987542560759
00997A,2026-06-10,2026-06-09,1,1,True,1.0,53,12474000000.0,993944223.1075697,0.0,0.05508768367529715
00997A,2026-06-11,2026-06-10,1,1,True,1.0,52,12441000000.0,993690095.8466454,0.0,-0.00025567557516437134
00997A,2026-06-12,2026-06-11,1,1,True,1.0,53,12025000000.0,917938931.29771,0.0,-0.07623218231272977
00997A,2026-06-15,2026-06-12,1,3,True,1.0,54,12689000000.0,917498192.3355025,0.0,-0.0004801397426126286
00997A,2026-06-16,2026-06-15,1,1,True,1.0,52,12876000000.0,915789473.6842105,0.0,-0.0018623673218826076
00997A,2026-06-17,2026-06-16,1,1,True,1.0,52,13488999999.999998,963499999.9999999,0.0,0.052097701149425246
00997A,2026-06-18,2026-06-17,1,1,True,1.0,47,13047999999.999998,904227304.2273041,0.0,-0.06151810666600499
00997A,2026-06-22,2026-06-18,1,4,True,1.0,52,13141000000.0,891519674.3554952,0.0,-0.014053579019788653
00997A,2026-06-23,2026-06-22,1,1,True,1.0,51,13727000000.000002,946689655.172414,0.0,0.06188307718144603
00997A,2026-06-24,2026-06-23,1,1,True,1.0,51,14436000000.000002,1019491525.423729,0.0,0.07690151662009659
00997A,2026-06-25,2026-06-24,1,1,True,1.0,51,13624000000.0,937646249.139711,0.0,-0.08028048712813063
00997A,2026-06-26,2026-06-25,1,1,True,1.0,52,14012000000.0,1002288984.2632332,0.0,0.068941495988313
00997A,2026-06-29,2026-06-26,1,3,True,1.0,52,14884000000.0,1078550724.637681,0.0,0.07608757710782044
00997A,2026-06-30,2026-06-29,1,1,True,1.0,52,14162000000.0,989657582.1104122,0.0,-0.08241906522952902
00997A,2026-07-01,2026-06-30,1,1,True,1.0,52,15144000000.0,1040109890.1098901,0.0,0.05097955991191405
00997A,2026-07-02,2026-07-01,1,1,True,1.0,51,15733000000.000002,1124588992.137241,0.0,0.08122132366073864
00997A,2026-07-03,2026-07-02,1,1,True,1.0,52,15016999999.999998,1101760821.716801,0.0,-0.0202991231285804
00997A,2026-07-06,2026-07-03,1,3,True,1.0,51,14810000000.0,1127092846.2709284,0.0,0.022992308362040248
00997A,2026-07-07,2026-07-06,1,1,True,1.0,53,14810000000.0,1181963288.1085396,0.0,0.0486831604150042
00997A,2026-07-08,2026-07-07,1,1,True,1.0,56,15482000000.0,1282684341.3421707,0.0,0.08521504368787292
00997A,2026-07-09,2026-07-08,1,1,True,1.0,56,15390000000.0,1266666666.6666667,0.0,-0.012487620031864988
00997A,2026-07-13,2026-07-09,1,4,True,1.0,56,15453000000.0,1280281690.140845,0.0,0.010748702742772398
00997A,2026-07-14,2026-07-13,1,1,True,1.0,56,15875000000.0,1325125208.6811352,0.0,0.03502629060902751
00997A,2026-07-15,2026-07-14,1,1,True,1.0,56,15161000000.000002,1228606158.8330634,0.0,-0.07283768297196225
00997A,2026-07-16,2026-07-15,1,1,True,1.0,54,15385000000.0,1293944491.1690495,0.0,0.053180860169254496
00997A,2026-07-17,2026-07-16,1,1,True,1.0,51,15061000000.000002,1369181818.1818182,0.0,0.058145714538954785
00997A,2026-07-20,2026-07-17,1,3,True,1.0,51,14459000000.0,1288680926.916221,0.0,-0.0587948877180513
00997A,2026-07-21,2026-07-20,1,1,True,1.0,50,14296000000.0,1244212358.572672,0.0,-0.03450704314369046
00997A,2026-07-22,2026-07-21,1,1,True,1.0,50,14306000000.0,1227982832.6180258,0.0,-0.013044016033777583
00997A,2026-07-23,2026-07-22,1,1,True,1.0,51,14966000000.0,1283533447.684391,0.0,0.04523728963533857
00997A,2026-07-24,2026-07-23,1,1,True,1.0,52,14859000000.0,1295466434.1761115,0.0,0.009296981323898112
00997A,2026-07-27,2026-07-24,1,3,True,1.0,52,14774000000.0,1293695271.4535902,0.0,-0.0013672007825101806
00997A,2026-07-28,2026-07-27,1,1,True,1.0,52,14297000000.0,1328717472.1189592,0.0,0.027071445214465584
00997A,2026-07-29,2026-07-28,1,1,True,1.0,50,13965000000.0,1349275362.3188407,0.0,0.015471980034323707
00997A,2026-07-30,2026-07-29,1,1,True,1.0,50,13405000000.000002,1309082031.2500002,0.0,-0.02978882753759393
00997A,2026-07-31,2026-07-30,1,1,True,1.0,50,12897000000.0,1151517857.1428573,0.0,-0.12036233814674702
00997A,2026-08-03,2026-07-31,1,3,True,1.0,50,13661000000.000002,1229612961.29613,0.0,0.06781927320436165
00997A,2026-08-04,2026-08-03,1,1,True,1.0,51,13916999999.999998,1239269813.0008903,0.0,0.00785357019543853
00997A,2026-08-05,2026-08-04,1,1,True,1.0,51,14222999999.999998,1208411214.953271,0.0,-0.0249006291639553
00997A,2026-08-06,2026-08-05,1,1,True,1.0,51,14869000000.0,1294081810.2697997,0.0,0.07089523355660154
00997A,2026-08-07,2026-08-06,1,1,True,0.9776951672862454,51,14728000000.0,1290797546.01227,-0.022304832713754608,-0.0025379108426266672
00997A,2026-08-10,2026-08-07,1,3,True,1.0,51,14522999999.999998,1258492201.0398612,0.0,-0.025027429802769174
00997A,2026-08-11,2026-08-10,1,1,True,1.0,51,14366999999.999998,1253664921.4659684,0.0,-0.0038357643932193097
00997A,2026-08-12,2026-08-11,1,1,True,1.0,51,14183000000.000002,1231163194.4444447,0.0,-0.017948756989396686
00997A,2026-08-13,2026-08-12,1,1,True,0.9918166359642908,51,14240000000.0,1210884353.7414966,-0.008183364035709184,-0.016471285686946446
00997A,2026-08-14,2026-08-13,1,1,True,1.0,51,14287000000.0,1217988064.7911339,0.0,0.005866547889307183
00997A,2026-08-17,2026-08-14,1,3,True,1.0,51,14449000000.0,1219324894.514768,0.0,0.0010975721045864972
00997A,2026-08-18,2026-08-17,1,1,True,1.0,51,14382000000.0,1222959183.6734693,0.0,0.002980574886193743
00997A,2026-08-19,2026-08-18,1,1,True,1.0,51,14540000000.0,1283318623.1244483,0.0,0.04935523626362914
00997A,2026-08-20,2026-08-19,1,1,True,1.0,50,13830000000.000002,1223893805.3097346,0.0,-0.046305583620406265
00997A,2026-08-21,2026-08-20,1,1,True,1.0,51,13461000000.000002,1197597864.7686834,0.0,-0.02148547564091674
00997A,2026-08-24,2026-08-21,1,3,True,1.0,51,13397999999.999998,1208115419.2966635,0.0,0.008782208817658121
00997A,2026-08-25,2026-08-24,1,1,True,1.0,51,13260000000.0,1201086956.5217392,0.0,-0.005817708029102087
00997A,2026-08-26,2026-08-25,1,1,True,1.0,51,12882000000.0,1163685636.8563685,0.0,-0.031139560264381028
00997A,2026-08-27,2026-08-26,1,1,True,1.0,52,13037000000.0,1146613896.218118,0.0,-0.014670405904784523
00997A,2026-08-28,2026-08-27,1,1,True,1.0,52,13053000000.0,1157180851.06383,0.0,0.009215791715559085
00997A,2026-08-31,2026-08-28,1,3,True,1.0,52,13238999999.999998,1194855595.6678698,0.0,0.032557352266419315
00997A,2026-09-01,2026-08-31,1,1,True,1.0,52,12919000000.0,1164923354.3733094,0.0,-0.02505092783017826
00997A,2026-09-02,2026-09-01,1,1,True,1.0,52,12966000000.0,1192824287.028519,0.0,0.023950874150187706
00997A,2026-09-03,2026-09-02,1,1,True,1.0,52,12655000000.0,1171759259.2592592,0.0,-0.01765979113464855
00997A,2026-09-04,2026-09-03,1,1,True,1.0,53,12426000000.0,1132725615.314494,0.0,-0.03331199957356501
00997A,2026-09-07,2026-09-04,1,3,True,1.0,56,12538000000.0,1135688405.7971015,0.0,0.0026156294539034786
00997A,2026-09-08,2026-09-07,1,1,True,1.0,55,12687000000.0,1146070460.704607,0.0,0.009141640307773313
00997A,2026-09-09,2026-09-08,1,1,True,1.0,57,12687000000.0,1149184782.6086957,0.0,0.0027173913043478937
00997A,2026-09-10,2026-09-09,1,1,True,1.0,56,12710000000.0,1153357531.7604356,0.0,0.003631051520076367
00997A,2026-09-11,2026-09-10,1,1,True,1.0,56,12722000000.0,1169301470.5882351,0.0,0.013823934373119684
00997A,2026-09-14,2026-09-11,1,3,True,1.0,56,12508000000.0,1163534883.7209303,0.0,-0.004931651086014455
00997A,2026-09-15,2026-09-14,1,1,True,1.0,56,12531000000.0,1163509749.3036213,0.0,-2.160177375054584e-05
00997A,2026-09-16,2026-09-15,1,1,True,1.0,56,12339000000.0,1141443108.2331173,0.0,-0.018965583299762834
00997A,2026-09-17,2026-09-16,1,1,True,1.0,51,12293000000.0,1127798165.1376147,0.0,-0.011954115800501097
00997A,2026-09-18,2026-09-17,1,1,True,1.0,56,12380000000.0,1120361990.950226,0.0,-0.006593532794479495
00997A,2026-09-21,2026-09-18,1,3,True,1.0,52,12475000000.0,1112845673.5057983,0.0,-0.006708829382950476
00997A,2026-09-22,2026-09-21,1,1,True,1.0,51,12629000000.0,1102969432.3144104,0.0,-0.008874762625688093
00997A,2026-09-23,2026-09-22,1,1,True,1.0,51,12847999999.999998,1107586206.8965516,0.0,0.004185768387482414
00997A,2026-09-24,2026-09-23,1,1,True,1.0,52,12947999999.999998,1106666666.6666665,0.0,-0.0008302200083022404
00997A,2026-09-29,2026-09-24,1,5,True,1.0,50,12830000000.000002,1116623150.5657094,0.0,0.008996822800339865
00997A,2026-09-30,2026-09-29,1,1,True,1.0,51,12894000000.0,1100170648.4641638,0.0,-0.014734158156411437
00997A,2026-10-01,2026-09-30,1,1,True,1.0,51,12821000000.0,1074685666.387259,0.0,-0.023164571889353502
00997A,2026-10-02,2026-10-01,1,1,True,1.0,51,12774000000.0,1064500000.0,0.0,-0.009477809843225993
00997A,2026-10-05,2026-10-02,1,3,True,1.0,49,13007000000.0,1085726210.3505843,0.0,0.01994007548199561
00997A,2026-10-06,2026-10-05,1,1,True,1.0,48,13000000000.0,1078838174.2738588,0.0,-0.006344174075434084
00997A,2026-10-07,2026-10-06,1,1,True,1.0,48,12951000000.0,1075664451.8272426,0.0,-0.002941796575517297
00998A,2026-04-08,2026-04-07,1,1,True,1.0,18,,,0.0,
00998A,2026-04-09,2026-04-08,1,1,True,1.0,20,,,0.0,
00998A,2026-04-10,2026-04-09,1,1,True,1.0,20,,,0.0,
00998A,2026-04-13,2026-04-10,1,3,True,1.0,20,,,0.0,
00998A,2026-04-14,2026-04-13,1,1,True,1.0,19,,,0.0,
00998A,2026-04-15,2026-04-14,1,1,True,1.0,21,2803000000.0,174859638.17841545,0.0,
00998A,2026-04-16,2026-04-15,1,1,True,1.0,21,2852000000.0,177584059.7758406,0.0,0.015580620123697875
00998A,2026-04-17,2026-04-16,1,1,True,1.0,23,2869000000.0,179987452.9485571,0.0,0.01353383392490426
00998A,2026-04-20,2026-04-17,1,3,True,1.0,23,2842000000.0,176412166.35630044,0.0,-0.019864087933276875
00998A,2026-04-21,2026-04-20,1,1,True,1.0,22,2915000000.0,180719156.85058898,0.0,0.024414362020755975
00998A,2026-04-22,2026-04-21,1,1,True,1.0,22,2864000000.0,179111944.9656035,0.0,-0.008893422883298752
00998A,2026-04-23,2026-04-22,1,1,True,1.0,23,2834000000.0,179708306.91185796,0.0,0.0033295487152964487
00998A,2026-04-24,2026-04-23,1,1,True,1.0,24,2875000000.0,185603615.2356359,0.0,0.03280487377063457
00998A,2026-04-27,2026-04-24,1,3,True,1.0,23,2943000000.0,191352405.7217165,0.0,0.03097348334935246
00998A,2026-04-28,2026-04-27,1,1,True,1.0,24,2916000000.0,187403598.97172236,0.0,-0.020636305747505856
00998A,2026-04-29,2026-04-28,1,1,True,1.0,23,2933000000.0,187892376.68161437,0.0,0.0026081554066939017
00998A,2026-04-30,2026-04-29,1,1,True,1.0,24,2948000000.0,191180285.34370947,0.0,0.017498893356735268
00998A,2026-05-04,2026-04-30,1,4,True,1.0,24,2919000000.0,186995515.69506726,0.0,-0.021889127538013198
00998A,2026-05-05,2026-05-04,1,1,True,1.0,26,2948000000.0,191927083.33333334,0.0,0.026372651878497244
00998A,2026-05-06,2026-05-05,1,1,True,1.0,26,2911000000.0,188536269.43005183,0.0,-0.01766719862768118
00998A,2026-05-07,2026-05-06,1,1,True,1.0,25,2920000000.0,184810126.58227846,0.0,-0.019763533345798945
00998A,2026-05-08,2026-05-07,1,1,True,1.0,26,2983000000.0,189517153.7484117,0.0,0.025469530556474274
00998A,2026-05-11,2026-05-08,1,3,True,1.0,28,2920000000.0,185396825.3968254,0.0,-0.02174118949177606
00998A,2026-05-12,2026-05-11,1,1,True,1.0,28,2879000000.0,182330588.98036733,0.0,-0.016538775191511812
00998A,2026-05-13,2026-05-12,1,1,True,1.0,28,2870000000.0,181875792.14195186,0.0,-0.002494352927606913
00998A,2026-05-14,2026-05-13,1,1,True,1.0,29,2847000000.0,179169288.86091882,0.0,-0.014881052883171209
00998A,2026-05-15,2026-05-14,1,1,True,1.0,29,2843000000.0,178468298.80728185,0.0,-0.003912445364345429
00998A,2026-05-18,2026-05-15,1,3,True,1.0,30,2818000000.0,178920634.92063493,0.0,0.0025345460027135225
00998A,2026-05-19,2026-05-18,1,1,True,1.0,31,2754000000.0,175079465.9885569,0.0,-0.021468563051891043
00998A,2026-05-20,2026-05-19,1,1,True,1.0,31,2731000000.0,174951953.8757207,0.0,-0.0007283099255313008
00998A,2026-05-21,2026-05-20,1,1,True,1.0,30,2727000000.0,171617369.41472623,0.0,-0.019060001258192516
00998A,2026-05-22,2026-05-21,1,1,True,1.0,29,2778000000.0,173300062.38303182,0.0,0.009804910622066565
00998A,2026-05-25,2026-05-22,1,3,True,1.0,30,2768000000.0,172032318.21006837,0.0,-0.007315312848309552
00998A,2026-05-26,2026-05-25,1,1,True,1.0,30,2750000000.0,170278637.77089784,0.0,-0.010193901107750758
00998A,2026-05-27,2026-05-26,1,1,True,1.0,30,2750000000.0,170173267.32673267,0.0,-0.0006188118811881749
00998A,2026-05-28,2026-05-27,1,1,True,1.0,30,2658000000.0,166750313.67628607,0.0,-0.020114520360442478
00998A,2026-05-29,2026-05-28,1,1,True,1.0,31,2607000000.0,163345864.6616541,0.0,-0.02041644743913973
00998A,2026-06-01,2026-05-29,1,3,True,1.0,33,2580000000.0,160948222.08359325,0.0,-0.014678318199406015
00998A,2026-06-02,2026-06-01,1,1,True,1.0,33,2599000000.0,160928792.56965947,0.0,-0.00012071903424748509
00998A,2026-06-03,2026-06-02,1,1,True,1.0,33,2572000000.0,157985257.98525798,0.0,-0.01829091325051324
00998A,2026-06-04,2026-06-03,1,1,True,1.0,34,2591000000.0,160334158.41584158,0.0,0.01486784564926169
00998A,2026-06-05,2026-06-04,1,1,True,1.0,34,2611000000.0,160874922.98213184,0.0,0.0033727346164611482
00998A,2026-06-08,2026-06-05,1,3,True,1.0,34,2718000000.0,168924798.01118708,0.0,0.050038097174096796
00998A,2026-06-09,2026-06-08,1,1,True,1.0,35,2812000000.0,172833435.77135834,0.0,0.023138330228534176
00998A,2026-06-10,2026-06-09,1,1,True,1.0,37,2896000000.0,176908979.84117287,0.0,0.023580761741067713
00998A,2026-06-11,2026-06-10,1,1,True,1.0,36,2985000000.0,182568807.33944952,0.0,0.03199287850372534
00998A,2026-06-12,2026-06-11,1,1,True,1.0,37,2982000000.0,178456014.36265707,0.0,-0.022527358516099327
00998A,2026-06-15,2026-06-12,1,3,True,1.0,36,3026000000.0,175217139.54834974,0.0,-0.018149429291440478
00998A,2026-06-16,2026-06-15,1,1,True,1.0,38,3128000000.0,181228273.46465814,0.0,0.03430676891429152
00998A,2026-06-17,2026-06-16,1,1,True,1.0,40,3264000000.0,193364928.9099526,0.0,0.06696888522563382
00998A,2026-06-18,2026-06-17,1,1,True,1.0,41,3570000000.0000005,211492890.99526072,0.0,0.09375000000000022
00998A,2026-06-22,2026-06-18,1,4,True,1.0,41,3558000000.0,210657193.60568383,0.0,-0.003951420710380349
00998A,2026-06-23,2026-06-22,1,1,True,1.0,41,3567000000.0,211065088.75739646,0.0,0.00193629823283481
00998A,2026-06-24,2026-06-23,1,1,True,1.0,42,3583000000.0,212137359.38425103,0.0,0.0050802841586325975
00998A,2026-06-25,2026-06-24,1,1,True,1.0,40,3471000000.0,206853396.90107268,0.0,-0.024908212766084903
00998A,2026-06-26,2026-06-25,1,1,True,1.0,41,3425000000.0,205212702.21689633,0.0,-0.007931678709443779
00998A,2026-06-29,2026-06-26,1,3,True,1.0,41,3490000000.0,209987966.30565584,0.0,0.023269827048582936
00998A,2026-06-30,2026-06-29,1,1,True,1.0,41,3460000000.0,208685162.8468034,0.0,-0.0062041815146497425
00998A,2026-07-01,2026-06-30,1,1,True,1.0,41,3435000000.0,207177322.07478893,0.0,-0.007225433526011571
00998A,2026-07-02,2026-07-01,1,1,True,1.0,41,3447000000.0,205545617.17352414,0.0,-0.007875885666075777
00998A,2026-07-03,2026-07-02,1,1,True,1.0,42,3486999999.9999995,204636150.23474178,0.0,-0.004424647683022975
00998A,2026-07-06,2026-07-03,1,3,True,1.0,40,3531000000.0,206491228.0701754,0.0,0.0090652498754773
00998A,2026-07-07,2026-07-06,1,1,True,1.0,42,3531000000.0,204222093.69577792,0.0,-0.010989010989010728
00998A,2026-07-08,2026-07-07,1,1,True,1.0,42,3621000000.0,210768335.27357394,0.0,0.03205452191449809
00998A,2026-07-09,2026-07-08,1,1,True,1.0,41,3607000000.0,210689252.33644858,0.0,-0.00037521260972483983
00998A,2026-07-13,2026-07-09,1,4,True,1.0,41,3527000000.0000005,205536130.53613055,0.0,-0.024458399007885934
00998A,2026-07-14,2026-07-13,1,1,True,1.0,40,3599000000.0,209487776.48428404,0.0,0.019226040394191735
00998A,2026-07-15,2026-07-14,1,1,True,1.0,41,3603000000.0,206950028.71912694,0.0,-0.012114061296304213
00998A,2026-07-16,2026-07-15,1,1,True,1.0,41,3626000000.0,205672149.74475327,0.0,-0.006174819024103662
00998A,2026-07-17,2026-07-16,1,1,True,1.0,41,3644000000.0,211368909.51276103,0.0,0.027698255573628483
00998A,2026-07-20,2026-07-17,1,3,True,1.0,43,3653000000.0,213251605.3706947,0.0,0.00890715603479042
00998A,2026-07-21,2026-07-20,1,1,True,1.0,42,3579999999.9999995,208990075.890251,0.0,-0.019983575143717625
00998A,2026-07-22,2026-07-21,1,1,True,1.0,42,3572000000.0,205523590.33371693,0.0,-0.016586842900399135
00998A,2026-07-23,2026-07-22,1,1,True,1.0,41,3651000000.0,208628571.42857143,0.0,0.015107662773956143
00998A,2026-07-24,2026-07-23,1,1,True,1.0,41,3686999999.9999995,213121387.28323695,0.0,0.021534997933893907
00998A,2026-07-27,2026-07-24,1,3,True,1.0,40,3622000000.0,205561861.52099887,0.0,-0.03547051686648195
00998A,2026-07-28,2026-07-27,1,1,True,1.0,40,3665999999.9999995,208177172.06132877,0.0,0.012722742054283032
00998A,2026-07-29,2026-07-28,1,1,True,1.0,40,3684000000.0000005,210875787.06353754,0.0,0.012963068791297383
00998A,2026-07-30,2026-07-29,1,1,True,1.0,39,3657000000.0,211387283.2369942,0.0,0.0024255803882431426
00998A,2026-07-31,2026-07-30,1,1,True,1.0,38,3617000000.0,204697226.9383135,0.0,-0.03164833851987314
00998A,2026-08-03,2026-07-31,1,3,True,1.0,38,3690999999.9999995,206316377.86472887,0.0,0.007909979781520304
00998A,2026-08-04,2026-08-03,1,1,True,1.0,38,3703000000.0,205152354.5706371,0.0,-0.005641933549526357
00998A,2026-08-05,2026-08-04,1,1,True,1.0,41,3772999999.9999995,208337934.84262836,0.0,0.015527875751942144
00998A,2026-08-06,2026-08-05,1,1,True,1.0,41,3815999999.9999995,210828729.2817679,0.0,0.011955549242729235
00998A,2026-08-07,2026-08-06,1,1,True,1.0,39,3828000000.0,211258278.14569536,0.0,0.0020374304080417183
00998A,2026-08-10,2026-08-07,1,3,True,1.0,39,3836999999.9999995,212340896.51355836,0.0,0.005124619860417345
00998A,2026-08-11,2026-08-10,1,1,True,1.0,40,3825000000.0,211794019.93355483,0.0,-0.002575465155242096
00998A,2026-08-12,2026-08-11,1,1,True,1.0,39,3860000000.0,214682981.0901001,0.0,0.013640428362668766
00998A,2026-08-13,2026-08-12,1,1,True,1.0,41,3851000000.0,211709730.62122044,0.0,-0.013849493116698586
00998A,2026-08-14,2026-08-13,1,1,True,1.0,41,3919000000.0,215448048.37822977,0.0,0.017657751233445707
00998A,2026-08-17,2026-08-14,1,3,True,1.0,40,3924000000.0,215604395.6043956,0.0,0.0007256841143037374
00998A,2026-08-18,2026-08-17,1,1,True,1.0,40,3935000000.0,217163355.4083885,0.0,0.007230649447673487
00998A,2026-08-19,2026-08-18,1,1,True,1.0,41,3934000000.0000005,218070953.43680713,0.0,0.004179333233785387
00998A,2026-08-20,2026-08-19,1,1,True,1.0,40,3911999999.9999995,219405496.35445878,0.0,0.006119764675758921
00998A,2026-08-21,2026-08-20,1,1,True,1.0,40,3881000000.0,218894529.0468133,0.0,-0.002328871956881029
00998A,2026-08-24,2026-08-21,1,3,True,1.0,40,3888000000.0000005,218549747.0489039,0.0,-0.0015751055972516026
00998A,2026-08-25,2026-08-24,1,1,True,1.0,40,3965999999.9999995,221316964.28571424,0.0,0.012661727017195368
00998A,2026-08-26,2026-08-25,1,1,True,1.0,40,4015999999.9999995,223982152.81650862,0.0,0.01204240506097709
00998A,2026-08-27,2026-08-26,1,1,True,1.0,39,4027000000.0000005,224220489.9777283,0.0,0.0010640899653060476
00998A,2026-08-28,2026-08-27,1,1,True,1.0,39,4065000000.0,228756330.89476648,0.0,0.020229377419916927
00998A,2026-08-31,2026-08-28,1,3,True,1.0,40,3999000000.0,224159192.8251121,0.0,-0.02009622226267116
00998A,2026-09-01,2026-08-31,1,1,True,1.0,41,4047000000.0,226977005.04767248,0.0,0.012570585158909076
00998A,2026-09-02,2026-09-01,1,1,True,1.0,43,4097999999.9999995,231394692.26425743,0.0,0.01946314876988131
00998A,2026-09-03,2026-09-02,1,1,True,1.0,43,4061000000.0,228017967.43402585,0.0,-0.014592922582577161
00998A,2026-09-04,2026-09-03,1,1,True,1.0,44,4129000000.0,228247650.63571033,0.0,0.0010073030834771846
00998A,2026-09-07,2026-09-04,1,3,True,1.0,45,4277000000.0000005,235907335.90733594,0.0,0.03355865986042805
00998A,2026-09-08,2026-09-07,1,1,True,1.0,45,4348000000.0,240353786.62244335,0.0,0.018848293538671346
00998A,2026-09-09,2026-09-08,1,1,True,1.0,45,4348000000.0,242905027.93296093,0.0,0.010614525139664988
00998A,2026-09-10,2026-09-09,1,1,True,1.0,47,4449000000.0,250084317.03204048,0.0,0.029555950982871115
00998A,2026-09-11,2026-09-10,1,1,True,1.0,47,4591000000.0,259671945.70135748,0.0,0.03833758463186099
00998A,2026-09-14,2026-09-11,1,3,True,1.0,50,4707000000.0,264884637.02870005,0.0,0.02007414129109497
00998A,2026-09-15,2026-09-14,1,1,True,1.0,49,4860000000.0,273802816.90140843,0.0,0.03366816578245757
00998A,2026-09-16,2026-09-15,1,1,True,1.0,48,4888000000.0,274915635.5455568,0.0,0.00406430677646763
00998A,2026-09-17,2026-09-16,1,1,True,1.0,49,4908000000.0,283699421.9653179,0.0,0.03195084340084953
00998A,2026-09-18,2026-09-17,1,1,True,1.0,50,5119000000.0,297270615.5632985,0.0,0.04783652185107279
00998A,2026-09-21,2026-09-18,1,3,True,1.0,51,5186000000.0,304342723.0046949,0.0,0.023790132865959324
00998A,2026-09-22,2026-09-21,1,1,True,1.0,51,5230000000.0,304778554.7785548,0.0,0.0014320426969867128
00998A,2026-09-23,2026-09-22,1,1,True,1.0,51,5431000000.0,322505938.2422803,0.0,0.05816479928059848
00998A,2026-09-24,2026-09-23,1,1,True,1.0,52,5383000000.0,323692122.6698737,0.0,0.003678023524336771
00998A,2026-09-29,2026-09-24,1,5,True,1.0,49,5470000000.0,328528528.5285286,0.0,0.01494137644982918
00998A,2026-09-30,2026-09-29,1,1,True,1.0,51,5457000000.0,325596658.71121716,0.0,-0.008924247250134298
00998A,2026-10-01,2026-09-30,1,1,True,1.0,52,5520000000.0,332931242.4607962,0.0,0.022526594033891234
00998A,2026-10-02,2026-10-01,1,1,True,1.0,53,5488000000.0,337931034.48275864,0.0,0.015017491254372795
00998A,2026-10-05,2026-10-02,1,3,True,1.0,53,5418000000.0,335479876.1609907,0.0,-0.007253427686864322
00998A,2026-10-06,2026-10-05,1,1,True,1.0,54,5496000000.0,337384898.71086556,0.0,0.005678500217880966
00998A,2026-10-07,2026-10-06,1,1,True,1.0,54,5582000000.0,332856290.9958259,0.0,-0.013422674613900343
00999A,2026-05-05,2026-05-04,1,1,True,1.706896551724138,49,4707000000.0,462377210.21611005,0.7068965517241379,
00999A,2026-05-06,2026-05-05,1,1,True,1.367283950617284,49,7513000000.0,730836575.8754864,0.367283950617284,0.5806068286408437
00999A,2026-05-07,2026-05-06,1,1,True,1.3,49,9952000000.0,949618320.610687,0.30000000000000004,0.29935795765710926
00999A,2026-05-08,2026-05-07,1,1,True,1.2619047619047619,49,12756000000.0,1224184261.0364683,0.26190476190476186,0.2891329436959593
00999A,2026-05-11,2026-05-08,1,3,True,1.064143007360673,49,15568000000.0,1461784037.5586853,0.06414300736067302,0.19408824642219358
00999A,2026-05-12,2026-05-11,1,1,True,1.016677260934836,50,16781000000.0,1568317757.009346,0.016677260934836013,0.07287924666942036
00999A,2026-05-13,2026-05-12,1,1,True,1.0,50,17097999999.999998,1616068052.9300566,0.0,0.03044682476322058
00999A,2026-05-14,2026-05-13,1,1,True,1.0,50,16978000000.0,1609289099.5260663,0.0,-0.004194720260511042
00999A,2026-05-15,2026-05-14,1,1,True,1.0,61,17030000000.000002,1659844054.5808969,0.0,0.03141446435554607
00999A,2026-05-18,2026-05-15,1,3,True,1.0,61,16525000000.0,1621687929.3424928,0.0,-0.02298777715478717
00999A,2026-05-19,2026-05-18,1,1,True,1.0,61,16387000000.0,1633798604.1874378,0.0,0.007467944125264081
00999A,2026-05-20,2026-05-19,1,1,True,1.0198170731707317,61,16275000000.0,1629129129.1291292,0.01981707317073167,-0.002858048137843072
00999A,2026-05-21,2026-05-20,1,1,True,1.0,61,16366000000.0,1592023346.303502,0.0,-0.02277645286808072
00999A,2026-05-22,2026-05-21,1,1,True,1.0,61,16911000000.000002,1622936660.2687142,0.0,0.019417626027274926
00999A,2026-05-25,2026-05-22,1,3,True,1.0,61,17128000000.0,1608262910.798122,0.0,-0.009041480071170893
00999A,2026-05-26,2026-05-25,1,1,True,1.0,61,17264000000.0,1619512195.121951,0.0,0.0069946799421287675
00999A,2026-05-27,2026-05-26,1,1,True,1.0,61,16869000000.0,1569209302.3255813,0.0,-0.031060521154384957
00999A,2026-05-28,2026-05-27,1,1,True,0.9742388758782201,61,16751000000.0,1586268939.3939393,-0.025761124121779888,0.010871486068222636
00999A,2026-05-29,2026-05-28,1,1,True,0.9813466787989081,61,16183000000.000002,1484678899.082569,-0.018653321201091866,-0.06404338998794523
00999A,2026-06-01,2026-05-29,1,3,True,1.0,61,16441000000.0,1473207885.3046594,0.0,-0.007726259048335571
00999A,2026-06-02,2026-06-01,1,1,True,0.976009362200117,61,16743000000.0,1494910714.2857144,-0.023990637799882975,0.014731681249837258
00999A,2026-06-03,2026-06-02,1,1,True,1.0,61,16484000000.0,1443432574.430823,0.0,-0.034435594957581195
00999A,2026-06-04,2026-06-03,1,1,True,1.0,61,16738000000.0,1469534679.5434592,0.0,0.01808335600499289
00999A,2026-06-05,2026-06-04,1,1,True,1.0,61,16613999999.999998,1484718498.6595173,0.0,0.01033239931484653
00999A,2026-06-08,2026-06-05,1,3,True,1.0,61,16400000000.0,1504587155.9633026,0.0,0.013382103962282343
00999A,2026-06-09,2026-06-08,1,1,True,1.0,61,16006000000.0,1429107142.857143,0.0,-0.05016659407665491
00999A,2026-06-10,2026-06-09,1,1,True,1.0,61,16278000000.0,1489295516.925892,0.0,0.042116068322503475
00999A,2026-06-11,2026-06-10,1,1,True,1.0,61,15615000000.0,1433884297.520661,0.0,-0.037206329284873774
00999A,2026-06-12,2026-06-11,1,1,True,1.0,61,15591000000.0,1407129963.898917,0.0,-0.018658641891821537
00999A,2026-06-15,2026-06-12,1,3,True,1.0,61,15771000000.0,1418255395.6834533,0.0,0.007906470667222276
00999A,2026-06-16,2026-06-15,1,1,True,1.0,61,15703000000.0,1410871518.418688,0.0,-0.00520631001104499
00999A,2026-06-17,2026-06-16,1,1,True,1.0,61,15583000000.000002,1392582663.0920467,0.0,-0.012962807093263584
00999A,2026-06-18,2026-06-17,1,1,True,1.0,70,15383000000.000002,1360123784.2617154,0.0,-0.023308403652147036
00999A,2026-06-22,2026-06-18,1,4,True,1.0,70,15404000000.0,1347681539.8075242,0.0,-0.009147876537535127
00999A,2026-06-23,2026-06-22,1,1,True,1.0,71,15359000000.0,1371339285.7142859,0.0,0.01755440377267492
00999A,2026-06-24,2026-06-23,1,1,True,1.0,71,14960000000.0,1347747747.747748,0.0,-0.017203283106011158
00999A,2026-06-25,2026-06-24,1,1,True,1.0,67,14612000000.0,1324750679.9637353,0.0,-0.017063332379848917
00999A,2026-06-26,2026-06-25,1,1,True,1.0,65,14354000000.0,1351600753.2956686,0.0,0.02026802004183037
00999A,2026-06-29,2026-06-26,1,3,True,1.0,65,13784000000.0,1295488721.8045113,0.0,-0.04151524135684059
00999A,2026-06-30,2026-06-29,1,1,True,1.0,62,13824000000.0,1274101382.4884794,0.0,-0.01650908954748842
00999A,2026-07-01,2026-06-30,1,1,True,1.0,61,14019999999.999998,1273387829.2461398,0.0,-0.000560044319978692
00999A,2026-07-02,2026-07-01,1,1,True,1.0,61,14019999999.999998,1267631103.0741408,0.0,-0.00452079566003627
00999A,2026-07-03,2026-07-02,1,1,True,1.0,61,13882000000.0,1242793196.0608773,0.0,-0.01959395517594109
00999A,2026-07-06,2026-07-03,1,3,True,1.0,61,13954000000.0,1265095194.9229376,0.0,0.017945060314739525
00999A,2026-07-07,2026-07-06,1,1,True,1.0,61,13669000000.0,1273904939.4221807,0.0,0.006963700861878364
00999A,2026-07-08,2026-07-07,1,1,True,1.0,61,13228000000.0,1244402634.0545626,0.0,-0.023158953588012454
00999A,2026-07-09,2026-07-08,1,1,True,1.0,61,13157000000.0,1229626168.2242992,0.0,-0.011874344706357731
00999A,2026-07-13,2026-07-09,1,4,True,1.0,61,13158000000.000002,1246022727.2727275,0.0,0.013334588570204753
00999A,2026-07-14,2026-07-13,1,1,True,1.0,61,12899000000.0,1246280193.236715,0.0,0.00020663023101596956
00999A,2026-07-15,2026-07-14,1,1,True,1.0,61,12642000000.0,1192641509.4339623,0.0,-0.043039024525815206
00999A,2026-07-16,2026-07-15,1,1,True,1.0,61,12931000000.0,1226850094.8766603,0.0,0.02868304110841624
00999A,2026-07-17,2026-07-16,1,1,True,1.0,69,12754000000.0,1280522088.3534136,0.0,0.04374780073041373
00999A,2026-07-20,2026-07-17,1,3,True,1.0,71,12028000000.0,1217408906.882591,0.0,-0.04928706973885788
00999A,2026-07-21,2026-07-20,1,1,True,1.0,68,11910000000.0,1154069767.4418604,0.0,-0.052027826544264855
00999A,2026-07-22,2026-07-21,1,1,True,1.0,67,12485000000.0,1183412322.2748814,0.0,0.025425286807453817
00999A,2026-07-23,2026-07-22,1,1,True,1.0,67,12615000000.0,1195734597.156398,0.0,0.010412494993992993
00999A,2026-07-24,2026-07-23,1,1,True,1.0,65,12667000000.0,1232198443.5797665,0.0,0.03049493299774375
00999A,2026-07-27,2026-07-24,1,3,True,1.0,65,12292000000.0,1189932236.2052274,0.0,-0.03430146142024648
00999A,2026-07-28,2026-07-27,1,1,True,1.0,65,12370000000.0,1255837563.4517767,0.0,0.0553857818464738
00999A,2026-07-29,2026-07-28,1,1,True,1.0,65,11707000000.0,1242781316.3481953,0.0,-0.010396445753458106
00999A,2026-07-30,2026-07-29,1,1,True,1.0,65,11269000000.0,1198829787.2340424,0.0,-0.0353654569279338
00999A,2026-07-31,2026-07-30,1,1,True,1.0,65,11247000000.0,1106988188.976378,0.0,-0.07660937293655568
00999A,2026-08-03,2026-07-31,1,3,True,1.0,65,11987000000.0,1158164251.2077296,0.0,0.04622999842362696
00999A,2026-08-04,2026-08-03,1,1,True,1.0,65,12388000000.0,1178686964.795433,0.0,0.0177200371763353
00999A,2026-08-05,2026-08-04,1,1,True,1.0,64,12503000000.0,1163069767.4418604,0.0,-0.013249656456736258
00999A,2026-08-06,2026-08-05,1,1,True,1.0,64,12759000000.0,1172702205.8823528,0.0,0.008281909400567278
00999A,2026-08-07,2026-08-06,1,1,True,1.0,63,12834000000.0,1185041551.2465374,0.0,0.010522147312667762
00999A,2026-08-10,2026-08-07,1,3,True,1.0,62,12693000000.0,1150770625.5666366,0.0,-0.028919598341384356
00999A,2026-08-11,2026-08-10,1,1,True,1.0,60,12887000000.0,1165189873.4177215,0.0,0.0125300798705954
00999A,2026-08-12,2026-08-11,1,1,True,1.0,60,12657000000.0,1131099195.710456,0.0,-0.029257615848712448
00999A,2026-08-13,2026-08-12,1,1,True,1.0,59,12647000000.0,1119203539.8230088,0.0,-0.010516898900255423
00999A,2026-08-14,2026-08-13,1,1,True,1.0,59,12607000000.0,1111728395.0617285,0.0,-0.006678985988967101
00999A,2026-08-17,2026-08-14,1,3,True,1.0,58,12507000000.0,1095183887.915937,0.0,-0.014881788770784166
00999A,2026-08-18,2026-08-17,1,1,True,1.0,58,12434000000.0,1100353982.300885,0.0,0.004720754607508315
00999A,2026-08-19,2026-08-18,1,1,True,1.0,58,12237000000.0,1095523724.2614145,0.0,-0.004389731047612644
00999A,2026-08-20,2026-08-19,1,1,True,1.0,58,11865000000.0,1058429973.2381802,0.0,-0.03385937721087917
00999A,2026-08-21,2026-08-20,1,1,True,1.0,58,11885000000.0,1068794964.028777,0.0,0.009792797872953285
00999A,2026-08-24,2026-08-21,1,3,True,1.0,58,11772000000.0,1067271078.8757933,0.0,-0.001425797467495049
00999A,2026-08-25,2026-08-24,1,1,True,1.0,59,11607000000.0,1045675675.6756757,0.0,-0.020234225050738797
00999A,2026-08-26,2026-08-25,1,1,True,1.0,59,11622000000.0,1029406554.472985,0.0,-0.015558477242169966
00999A,2026-08-27,2026-08-26,1,1,True,1.0,59,11785000000.0,1041998231.653404,0.0,0.0122319768858139
00999A,2026-08-28,2026-08-27,1,1,True,1.0,58,11643000000.0,1017744755.2447553,0.0,-0.023275928568673443
00999A,2026-08-31,2026-08-28,1,3,True,1.0,58,11665000000.0,1021453590.1926445,0.0,0.0036441700424163503
00999A,2026-09-01,2026-08-31,1,1,True,1.0,54,11512000000.0,990705679.8623065,0.0,-0.030102111956490374
00999A,2026-09-02,2026-09-01,1,1,True,1.0,54,11650000000.0,1009532062.3916812,0.0,0.019003002518357626
00999A,2026-09-03,2026-09-02,1,1,True,1.0,54,11426000000.0,1005809859.1549296,0.0,-0.003687057970138463
00999A,2026-09-04,2026-09-03,1,1,True,1.0,54,11221000000.0,972357019.0641248,0.0,-0.033259606461713886
00999A,2026-09-07,2026-09-04,1,3,True,1.0,54,11566000000.0,994496990.5417024,0.0,0.022769385157405342
00999A,2026-09-08,2026-09-07,1,1,True,1.0,54,11682000000.0,1015826086.9565217,0.0,0.0214471201196913
00999A,2026-09-09,2026-09-08,1,1,True,1.0,54,11541000000.0,1000954032.9575022,0.0,-0.014640354476007866
00999A,2026-09-10,2026-09-09,1,1,True,1.0,54,11565000000.0,1005652173.9130435,0.0,0.004693663046303698
00999A,2026-09-11,2026-09-10,1,1,True,1.0,54,11544000000.0,1016197183.0985916,0.0,0.01048574194844809
00999A,2026-09-14,2026-09-11,1,3,True,1.0,54,11438000000.0,1009532215.3574581,0.0,-0.006558734714074532
00999A,2026-09-15,2026-09-14,1,1,True,1.0,54,11473000000.0,1026207513.4168158,0.0,0.01651784639032372
00999A,2026-09-16,2026-09-15,1,1,True,1.0,54,11378000000.0,1039086757.9908676,0.0,0.012550331590508224
00999A,2026-09-17,2026-09-16,1,1,True,1.0,54,11335000000.0,1034215328.4671532,0.0,-0.004688183624949271
00999A,2026-09-18,2026-09-17,1,1,True,1.0,54,11337000000.0,1012232142.8571429,0.0,-0.02125590774465924
00999A,2026-09-21,2026-09-18,1,3,True,1.0,54,11654000000.0,1035911111.1111112,0.0,0.023392823890310055
00999A,2026-09-22,2026-09-21,1,1,True,1.0,54,11710000000.0,1039964476.0213144,0.0,0.003912850114963673
00999A,2026-09-23,2026-09-22,1,1,True,1.0,54,11641000000.0,1025638766.5198238,0.0,-0.013775191202970438
00999A,2026-09-24,2026-09-23,1,1,True,1.0,55,11708000000.0,1031541850.2202643,0.0,0.005755519285284727
00999A,2026-09-29,2026-09-24,1,5,True,1.0,55,11635000000.0,1036064113.9804096,0.0,0.0043839847691877765
00999A,2026-09-30,2026-09-29,1,1,True,1.0,55,11468000000.0,1016666666.6666667,0.0,-0.018722246096547712
00999A,2026-10-01,2026-09-30,1,1,True,1.0,55,11498000000.0,1017522123.8938053,0.0,0.0008414333381689953
00999A,2026-10-02,2026-10-01,1,1,True,1.0,54,11566000000.0,1014561403.5087719,0.0,-0.00290973563670871
00999A,2026-10-05,2026-10-02,1,3,True,1.0,52,11653000000.0,990901360.5442177,0.0,-0.023320464274245056
00999A,2026-10-06,2026-10-05,1,1,True,1.0,52,11931000000.0,1013678844.519966,0.0,0.02298663104391996
00999A,2026-10-07,2026-10-06,1,1,True,1.0,52,11805000000.0,1015047291.4875321,0.0,0.0013499807902315197
00999A,2026-10-08,2026-10-07,1,1,True,1.0,52,11636000000.0,1008318890.8145581,0.0,-0.0066286573338998345
