date,code,name,weight,shares,unit
2026-06-23,2330,台積電,8.0,253000,股
2026-06-23,2454,聯發科,6.51,113000,股
2026-06-23,2308,台達電,3.75,142000,股
2026-06-23,2345,智邦,2.81,91000,股
2026-06-23,2327,國巨*,2.44,188000,股
2026-06-23,3017,奇鋐,2.43,79000,股
2026-06-23,3037,欣興,2.41,195000,股
2026-06-23,6223,旺矽,2.21,26000,股
2026-06-23,2368,金像電,2.06,128000,股
2026-06-23,6274,台燿,1.94,88000,股
2026-06-23,4958,臻鼎-KY,1.91,256000,股
2026-06-23,5274,信驊,1.88,8000,股
2026-06-23,2344,華邦電,1.82,678000,股
2026-06-23,3529,力旺,1.78,44000,股
2026-06-23,6446,藥華藥,1.78,128000,股
2026-06-23,2360,致茂,1.75,61000,股
2026-06-23,3665,貿聯-KY,1.73,68000,股
2026-06-23,8046,南電,1.73,150000,股
2026-06-23,3443,創意電子,1.68,28000,股
2026-06-23,3711,日月光投控,1.68,200000,股
2026-06-23,5536,聖暉*,1.68,105000,股
2026-06-23,6515,穎崴,1.68,14000,股
2026-06-23,2303,聯電,1.66,770000,股
2026-06-23,6669,緯穎,1.66,28000,股
2026-06-23,8996,高力,1.66,90000,股
2026-06-23,8210,勤誠,1.65,99000,股
2026-06-23,6415,矽力*-KY,1.62,198000,股
2026-06-23,2059,川湖,1.61,17000,股
2026-06-23,6805,富世達,1.59,71000,股
2026-06-23,2408,南亞科,1.55,268000,股
2026-06-23,1303,南亞,1.54,784000,股
2026-06-23,1590,亞德客-KY,1.52,87000,股
2026-06-23,2412,中華電,1.49,815000,股
2026-06-23,6531,愛普*,1.49,112000,股
2026-06-23,2395,研華,1.31,212000,股
2026-06-23,3533,嘉澤,0.79,28000,股
2026-06-23,2379,瑞昱,0.77,70000,股
2026-06-23,3034,聯詠,0.62,90000,股
2026-06-23,2376,技嘉,0.6,143000,股
2026-06-23,3293,鈊象,0.49,51000,股
2026-06-23,3491,昇達科,0.38,22000,股
2026-06-23,2383,台光電,0.36,5000,股
2026-06-23,6526,達發,0.31,35000,股
2026-06-23,4904,遠傳,0.27,201000,股
2026-06-23,5289,宜鼎,0.19,8000,股
2026-06-23,2451,創見,0.15,40000,股
2026-06-23,3260,威剛,0.15,29000,股
2026-06-23,5434,崇越,0.15,24000,股
2026-06-23,8299,群聯,0.15,5000,股
2026-06-23,2458,義隆,0.12,55000,股
2026-06-24,2330,台積電,8.61,566000,股
2026-06-24,2454,聯發科,6.9,253000,股
2026-06-24,2308,台達電,4.05,318000,股
2026-06-24,2345,智邦,3.08,204000,股
2026-06-24,3017,奇鋐,2.85,177000,股
2026-06-24,2327,國巨*,2.81,421000,股
2026-06-24,6223,旺矽,2.65,58000,股
2026-06-24,3037,欣興,2.58,436000,股
2026-06-24,2368,金像電,2.29,286000,股
2026-06-24,6274,台燿,2.21,197000,股
2026-06-24,4958,臻鼎-KY,2.14,573000,股
2026-06-24,6446,藥華藥,2.12,287000,股
2026-06-24,5274,信驊,2.1,18000,股
2026-06-24,8046,南電,2.04,335000,股
2026-06-24,2344,華邦電,1.98,1516000,股
2026-06-24,3529,力旺,1.98,98000,股
2026-06-24,3443,創意電子,1.96,63000,股
2026-06-24,2303,聯電,1.95,1721000,股
2026-06-24,3665,貿聯-KY,1.94,152000,股
2026-06-24,5536,聖暉*,1.94,235000,股
2026-06-24,2360,致茂,1.87,136000,股
2026-06-24,6515,穎崴,1.87,31000,股
2026-06-24,3711,日月光投控,1.86,447000,股
2026-06-24,8210,勤誠,1.86,221000,股
2026-06-24,6669,緯穎,1.85,63000,股
2026-06-24,6805,富世達,1.83,159000,股
2026-06-24,2059,川湖,1.82,38000,股
2026-06-24,1590,亞德客-KY,1.72,195000,股
2026-06-24,6531,愛普*,1.7,250000,股
2026-06-24,2408,南亞科,1.69,599000,股
2026-06-24,2412,中華電,1.67,1824000,股
2026-06-24,2395,研華,1.43,474000,股
2026-06-24,3533,嘉澤,0.9,63000,股
2026-06-24,8996,高力,0.83,90000,股
2026-06-24,2379,瑞昱,0.8,157000,股
2026-06-24,1303,南亞,0.78,784000,股
2026-06-24,6415,矽力*-KY,0.76,198000,股
2026-06-24,2376,技嘉,0.69,320000,股
2026-06-24,3034,聯詠,0.69,201000,股
2026-06-24,3293,鈊象,0.55,114000,股
2026-06-24,3491,昇達科,0.45,49000,股
2026-06-24,6526,達發,0.35,78000,股
2026-06-24,4904,遠傳,0.31,450000,股
2026-06-24,5289,宜鼎,0.21,18000,股
2026-06-24,2383,台光電,0.18,5000,股
2026-06-24,8299,群聯,0.18,11000,股
2026-06-24,2451,創見,0.17,89000,股
2026-06-24,3260,威剛,0.17,65000,股
2026-06-24,5434,崇越,0.17,54000,股
2026-06-24,2458,義隆,0.11,106000,股
2026-06-24,C_NTD,CASH,,13874899539,元
2026-06-25,2330,台積電,8.61,638000,股
2026-06-25,2454,聯發科,6.93,285000,股
2026-06-25,2308,台達電,4.0,358000,股
2026-06-25,2345,智邦,3.09,230000,股
2026-06-25,2327,國巨*,3.01,474000,股
2026-06-25,3017,奇鋐,2.81,199000,股
2026-06-25,6223,旺矽,2.53,65000,股
2026-06-25,3037,欣興,2.51,436000,股
2026-06-25,2368,金像電,2.25,322000,股
2026-06-25,4958,臻鼎-KY,2.2,646000,股
2026-06-25,6446,藥華藥,2.18,323000,股
2026-06-25,6274,台燿,2.13,222000,股
2026-06-25,2344,華邦電,2.12,1708000,股
2026-06-25,5536,聖暉*,2.02,265000,股
2026-06-25,3529,力旺,2.01,110000,股
2026-06-25,8046,南電,1.98,335000,股
2026-06-25,5274,信驊,1.97,20000,股
2026-06-25,2303,聯電,1.95,1939000,股
2026-06-25,3443,創意電子,1.94,71000,股
2026-06-25,2360,致茂,1.89,153000,股
2026-06-25,3665,貿聯-KY,1.85,171000,股
2026-06-25,2408,南亞科,1.82,675000,股
2026-06-25,3711,日月光投控,1.82,504000,股
2026-06-25,6669,緯穎,1.82,71000,股
2026-06-25,8210,勤誠,1.81,249000,股
2026-06-25,6515,穎崴,1.8,35000,股
2026-06-25,2059,川湖,1.78,43000,股
2026-06-25,6805,富世達,1.77,179000,股
2026-06-25,6531,愛普*,1.75,282000,股
2026-06-25,1590,亞德客-KY,1.73,220000,股
2026-06-25,2412,中華電,1.67,2055000,股
2026-06-25,2395,研華,1.45,534000,股
2026-06-25,3533,嘉澤,0.89,71000,股
2026-06-25,2379,瑞昱,0.81,177000,股
2026-06-25,8996,高力,0.74,90000,股
2026-06-25,3034,聯詠,0.72,226000,股
2026-06-25,1303,南亞,0.69,784000,股
2026-06-25,6415,矽力*-KY,0.69,198000,股
2026-06-25,2376,技嘉,0.68,361000,股
2026-06-25,3293,鈊象,0.55,128000,股
2026-06-25,3491,昇達科,0.42,55000,股
2026-06-25,6526,達發,0.34,88000,股
2026-06-25,4904,遠傳,0.31,507000,股
2026-06-25,5289,宜鼎,0.2,20000,股
2026-06-25,3260,威剛,0.17,73000,股
2026-06-25,5434,崇越,0.17,61000,股
2026-06-25,8299,群聯,0.17,12000,股
2026-06-25,2383,台光電,0.16,5000,股
2026-06-25,2451,創見,0.16,101000,股
2026-06-25,2458,義隆,0.11,106000,股
2026-06-25,C_NTD,CASH,,11449354456,元
2026-06-25,PM_NTD,PAYMENT,,834284600,元
2026-06-26,2330,台積電,9.2,865000,股
2026-06-26,2454,聯發科,6.8,386000,股
2026-06-26,2308,台達電,3.99,485000,股
2026-06-26,2345,智邦,3.37,312000,股
2026-06-26,2327,國巨*,2.97,643000,股
2026-06-26,3017,奇鋐,2.77,270000,股
2026-06-26,3037,欣興,2.62,591000,股
2026-06-26,6223,旺矽,2.6,88000,股
2026-06-26,2368,金像電,2.36,437000,股
2026-06-26,8046,南電,2.32,454000,股
2026-06-26,4958,臻鼎-KY,2.31,875000,股
2026-06-26,6446,藥華藥,2.3,438000,股
2026-06-26,2344,華邦電,2.17,2315000,股
2026-06-26,6274,台燿,2.16,301000,股
2026-06-26,5536,聖暉*,2.13,359000,股
2026-06-26,3529,力旺,1.98,149000,股
2026-06-26,2303,聯電,1.96,2628000,股
2026-06-26,3665,貿聯-KY,1.96,232000,股
2026-06-26,3711,日月光投控,1.96,683000,股
2026-06-26,3443,創意電子,1.93,96000,股
2026-06-26,5274,信驊,1.92,27000,股
2026-06-26,2360,致茂,1.91,207000,股
2026-06-26,8210,勤誠,1.89,338000,股
2026-06-26,2408,南亞科,1.87,915000,股
2026-06-26,6669,緯穎,1.87,96000,股
2026-06-26,1590,亞德客-KY,1.84,298000,股
2026-06-26,2059,川湖,1.84,58000,股
2026-06-26,2412,中華電,1.81,2786000,股
2026-06-26,6805,富世達,1.81,243000,股
2026-06-26,6515,穎崴,1.75,47000,股
2026-06-26,6531,愛普*,1.72,382000,股
2026-06-26,2395,研華,1.5,724000,股
2026-06-26,3533,嘉澤,0.92,96000,股
2026-06-26,2379,瑞昱,0.81,240000,股
2026-06-26,2376,技嘉,0.71,489000,股
2026-06-26,3034,聯詠,0.71,306000,股
2026-06-26,3293,鈊象,0.59,173000,股
2026-06-26,8996,高力,0.56,90000,股
2026-06-26,1303,南亞,0.53,784000,股
2026-06-26,6415,矽力*-KY,0.51,198000,股
2026-06-26,3491,昇達科,0.42,75000,股
2026-06-26,6526,達發,0.34,119000,股
2026-06-26,4904,遠傳,0.33,687000,股
2026-06-26,5289,宜鼎,0.2,27000,股
2026-06-26,3260,威剛,0.18,99000,股
2026-06-26,5434,崇越,0.18,83000,股
2026-06-26,2451,創見,0.17,137000,股
2026-06-26,8299,群聯,0.17,16000,股
2026-06-26,2383,台光電,0.12,5000,股
2026-06-26,2458,義隆,0.11,144000,股
2026-06-26,C_NTD,CASH,,9897163041,元
2026-06-26,PM_NTD,PAYMENT,,180628869,元
2026-06-29,2330,台積電,9.27,945000,股
2026-06-29,2454,聯發科,6.9,426000,股
2026-06-29,2308,台達電,4.22,535000,股
2026-06-29,2345,智邦,3.33,344000,股
2026-06-29,2327,國巨*,3.05,709000,股
2026-06-29,3017,奇鋐,2.84,298000,股
2026-06-29,3037,欣興,2.63,652000,股
2026-06-29,6223,旺矽,2.43,97000,股
2026-06-29,2368,金像電,2.3,482000,股
2026-06-29,6446,藥華藥,2.3,438000,股
2026-06-29,4958,臻鼎-KY,2.29,965000,股
2026-06-29,8046,南電,2.24,501000,股
2026-06-29,2344,華邦電,2.15,2554000,股
2026-06-29,6274,台燿,2.14,332000,股
2026-06-29,5536,聖暉*,2.04,396000,股
2026-06-29,6669,緯穎,2.01,106000,股
2026-06-29,3665,貿聯-KY,1.99,256000,股
2026-06-29,2303,聯電,1.97,2900000,股
2026-06-29,3529,力旺,1.97,164000,股
2026-06-29,2360,致茂,1.96,228000,股
2026-06-29,3711,日月光投控,1.96,754000,股
2026-06-29,3443,創意電子,1.94,106000,股
2026-06-29,2408,南亞科,1.89,1010000,股
2026-06-29,5274,信驊,1.89,30000,股
2026-06-29,2059,川湖,1.88,64000,股
2026-06-29,8210,勤誠,1.88,373000,股
2026-06-29,1590,亞德客-KY,1.85,329000,股
2026-06-29,2412,中華電,1.81,3074000,股
2026-06-29,6805,富世達,1.8,268000,股
2026-06-29,6515,穎崴,1.73,52000,股
2026-06-29,6531,愛普*,1.71,422000,股
2026-06-29,2395,研華,1.56,799000,股
2026-06-29,3533,嘉澤,0.94,106000,股
2026-06-29,2379,瑞昱,0.86,265000,股
2026-06-29,2376,技嘉,0.73,540000,股
2026-06-29,3034,聯詠,0.73,338000,股
2026-06-29,3293,鈊象,0.61,191000,股
2026-06-29,8996,高力,0.55,90000,股
2026-06-29,1303,南亞,0.49,784000,股
2026-06-29,6415,矽力*-KY,0.49,198000,股
2026-06-29,3491,昇達科,0.45,83000,股
2026-06-29,6526,達發,0.34,131000,股
2026-06-29,4904,遠傳,0.33,758000,股
2026-06-29,5434,崇越,0.21,92000,股
2026-06-29,5289,宜鼎,0.2,30000,股
2026-06-29,3260,威剛,0.18,109000,股
2026-06-29,2451,創見,0.17,151000,股
2026-06-29,8299,群聯,0.17,18000,股
2026-06-29,2458,義隆,0.12,158000,股
2026-06-29,2383,台光電,0.11,5000,股
2026-06-29,C_NTD,CASH,,9698207034,元
2026-06-29,PM_NTD,PAYMENT,,825362756,元
2026-06-30,2330,台積電,9.09,945000,股
2026-06-30,2454,聯發科,7.22,426000,股
2026-06-30,2308,台達電,4.16,535000,股
2026-06-30,2345,智邦,3.43,344000,股
2026-06-30,2327,國巨*,3.23,709000,股
2026-06-30,3017,奇鋐,3.0,298000,股
2026-06-30,3037,欣興,2.78,652000,股
2026-06-30,4958,臻鼎-KY,2.43,965000,股
2026-06-30,8046,南電,2.37,501000,股
2026-06-30,6223,旺矽,2.36,97000,股
2026-06-30,6446,藥華藥,2.34,438000,股
2026-06-30,2368,金像電,2.31,482000,股
2026-06-30,6274,台燿,2.23,332000,股
2026-06-30,2344,華邦電,2.12,2554000,股
2026-06-30,3443,創意電子,2.05,106000,股
2026-06-30,3711,日月光投控,2.05,754000,股
2026-06-30,5536,聖暉*,2.04,396000,股
2026-06-30,5274,信驊,1.98,30000,股
2026-06-30,2360,致茂,1.97,228000,股
2026-06-30,3665,貿聯-KY,1.96,256000,股
2026-06-30,6669,緯穎,1.96,106000,股
2026-06-30,3529,力旺,1.91,164000,股
2026-06-30,8210,勤誠,1.91,373000,股
2026-06-30,2303,聯電,1.9,2900000,股
2026-06-30,2059,川湖,1.88,64000,股
2026-06-30,2408,南亞科,1.82,1010000,股
2026-06-30,6805,富世達,1.8,268000,股
2026-06-30,1590,亞德客-KY,1.75,329000,股
2026-06-30,2412,中華電,1.74,3074000,股
2026-06-30,6515,穎崴,1.68,52000,股
2026-06-30,6531,愛普*,1.68,422000,股
2026-06-30,2395,研華,1.57,799000,股
2026-06-30,3533,嘉澤,0.89,106000,股
2026-06-30,2379,瑞昱,0.85,265000,股
2026-06-30,2376,技嘉,0.74,540000,股
2026-06-30,3034,聯詠,0.72,338000,股
2026-06-30,3293,鈊象,0.6,191000,股
2026-06-30,8996,高力,0.56,90000,股
2026-06-30,1303,南亞,0.52,784000,股
2026-06-30,6415,矽力*-KY,0.47,198000,股
2026-06-30,3491,昇達科,0.44,83000,股
2026-06-30,6526,達發,0.35,131000,股
2026-06-30,4904,遠傳,0.32,758000,股
2026-06-30,5434,崇越,0.2,92000,股
2026-06-30,5289,宜鼎,0.19,30000,股
2026-06-30,3260,威剛,0.18,109000,股
2026-06-30,8299,群聯,0.17,18000,股
2026-06-30,2451,創見,0.16,151000,股
2026-06-30,2458,義隆,0.12,158000,股
2026-06-30,2383,台光電,0.11,5000,股
2026-06-30,C_NTD,CASH,,4424505417,元
2026-06-30,PM_NTD,PAYMENT,,191765074,元
2026-07-01,2330,台積電,9.41,945000,股
2026-07-01,2454,聯發科,7.34,426000,股
2026-07-01,2308,台達電,4.23,535000,股
2026-07-01,2345,智邦,3.64,344000,股
2026-07-01,2327,國巨*,3.21,709000,股
2026-07-01,3017,奇鋐,3.1,298000,股
2026-07-01,3037,欣興,2.7,652000,股
2026-07-01,6223,旺矽,2.58,97000,股
2026-07-01,6446,藥華藥,2.37,438000,股
2026-07-01,2368,金像電,2.34,482000,股
2026-07-01,8046,南電,2.34,501000,股
2026-07-01,4958,臻鼎-KY,2.31,965000,股
2026-07-01,6274,台燿,2.23,332000,股
2026-07-01,3443,創意電子,2.13,106000,股
2026-07-01,6669,緯穎,2.12,106000,股
2026-07-01,3711,日月光投控,2.11,754000,股
2026-07-01,5536,聖暉*,2.11,396000,股
2026-07-01,2360,致茂,2.06,228000,股
2026-07-01,3665,貿聯-KY,2.05,256000,股
2026-07-01,5274,信驊,2.05,30000,股
2026-07-01,2059,川湖,1.95,64000,股
2026-07-01,2303,聯電,1.95,2900000,股
2026-07-01,2344,華邦電,1.93,2554000,股
2026-07-01,3529,力旺,1.92,164000,股
2026-07-01,8210,勤誠,1.92,373000,股
2026-07-01,6515,穎崴,1.84,52000,股
2026-07-01,6805,富世達,1.81,268000,股
2026-07-01,1590,亞德客-KY,1.8,329000,股
2026-07-01,2412,中華電,1.73,3074000,股
2026-07-01,2408,南亞科,1.69,1010000,股
2026-07-01,6531,愛普*,1.61,422000,股
2026-07-01,2395,研華,1.6,799000,股
2026-07-01,3533,嘉澤,0.91,106000,股
2026-07-01,2379,瑞昱,0.87,265000,股
2026-07-01,2376,技嘉,0.72,540000,股
2026-07-01,3034,聯詠,0.72,338000,股
2026-07-01,3293,鈊象,0.62,191000,股
2026-07-01,1303,南亞,0.57,784000,股
2026-07-01,8996,高力,0.56,90000,股
2026-07-01,6415,矽力*-KY,0.46,198000,股
2026-07-01,3491,昇達科,0.42,83000,股
2026-07-01,6526,達發,0.37,131000,股
2026-07-01,4904,遠傳,0.31,758000,股
2026-07-01,5434,崇越,0.2,92000,股
2026-07-01,5289,宜鼎,0.19,30000,股
2026-07-01,3260,威剛,0.17,109000,股
2026-07-01,8299,群聯,0.16,18000,股
2026-07-01,2451,創見,0.15,151000,股
2026-07-01,2383,台光電,0.11,5000,股
2026-07-01,2458,義隆,0.11,158000,股
2026-07-01,C_NTD,CASH,,2492345652,元
2026-07-02,2330,台積電,8.99,905000,股
2026-07-02,2454,聯發科,7.15,408000,股
2026-07-02,2308,台達電,4.07,512000,股
2026-07-02,2345,智邦,3.65,329000,股
2026-07-02,3017,奇鋐,3.15,285000,股
2026-07-02,2327,國巨*,2.89,679000,股
2026-07-02,6223,旺矽,2.72,93000,股
2026-07-02,3037,欣興,2.46,624000,股
2026-07-02,6446,藥華藥,2.36,419000,股
2026-07-02,2368,金像電,2.3,461000,股
2026-07-02,4958,臻鼎-KY,2.23,924000,股
2026-07-02,8046,南電,2.22,480000,股
2026-07-02,5536,聖暉*,2.19,379000,股
2026-07-02,3443,創意電子,2.17,101000,股
2026-07-02,6274,台燿,2.17,318000,股
2026-07-02,3711,日月光投控,2.12,722000,股
2026-07-02,6669,緯穎,2.12,101000,股
2026-07-02,5274,信驊,2.08,29000,股
2026-07-02,3665,貿聯-KY,2.02,245000,股
2026-07-02,2059,川湖,1.94,61000,股
2026-07-02,2303,聯電,1.94,2900000,股
2026-07-02,2360,致茂,1.94,218000,股
2026-07-02,8210,勤誠,1.89,357000,股
2026-07-02,3529,力旺,1.88,157000,股
2026-07-02,6515,穎崴,1.88,50000,股
2026-07-02,2344,華邦電,1.81,2445000,股
2026-07-02,1590,亞德客-KY,1.77,315000,股
2026-07-02,6805,富世達,1.73,257000,股
2026-07-02,2412,中華電,1.67,2943000,股
2026-07-02,2408,南亞科,1.59,967000,股
2026-07-02,2395,研華,1.57,765000,股
2026-07-02,6531,愛普*,1.57,404000,股
2026-07-02,3533,嘉澤,0.89,101000,股
2026-07-02,2379,瑞昱,0.83,254000,股
2026-07-02,2376,技嘉,0.71,517000,股
2026-07-02,3034,聯詠,0.71,324000,股
2026-07-02,1303,南亞,0.62,784000,股
2026-07-02,3293,鈊象,0.59,183000,股
2026-07-02,8996,高力,0.51,90000,股
2026-07-02,6415,矽力*-KY,0.5,198000,股
2026-07-02,3491,昇達科,0.4,79000,股
2026-07-02,6526,達發,0.36,125000,股
2026-07-02,4904,遠傳,0.3,726000,股
2026-07-02,5289,宜鼎,0.2,29000,股
2026-07-02,5434,崇越,0.19,88000,股
2026-07-02,3260,威剛,0.17,104000,股
2026-07-02,2451,創見,0.15,145000,股
2026-07-02,8299,群聯,0.15,17000,股
2026-07-02,2383,台光電,0.11,5000,股
2026-07-02,2458,義隆,0.11,151000,股
2026-07-02,C_NTD,CASH,,2492345652,元
2026-07-03,2330,台積電,8.88,905000,股
2026-07-03,2454,聯發科,6.87,408000,股
2026-07-03,2308,台達電,4.27,512000,股
2026-07-03,3017,奇鋐,3.8,343000,股
2026-07-03,2345,智邦,3.61,329000,股
2026-07-03,3037,欣興,3.06,786000,股
2026-07-03,2327,國巨*,2.85,679000,股
2026-07-03,6223,旺矽,2.76,93000,股
2026-07-03,2368,金像電,2.42,461000,股
2026-07-03,6446,藥華藥,2.35,419000,股
2026-07-03,6274,台燿,2.29,318000,股
2026-07-03,8046,南電,2.28,480000,股
2026-07-03,4958,臻鼎-KY,2.27,924000,股
2026-07-03,5536,聖暉*,2.18,379000,股
2026-07-03,6669,緯穎,2.13,101000,股
2026-07-03,3443,創意電子,2.04,101000,股
2026-07-03,5274,信驊,2.01,29000,股
2026-07-03,2303,聯電,1.99,2900000,股
2026-07-03,6515,穎崴,1.99,50000,股
2026-07-03,2360,致茂,1.98,218000,股
2026-07-03,3711,日月光投控,1.98,722000,股
2026-07-03,2059,川湖,1.96,61000,股
2026-07-03,3665,貿聯-KY,1.96,245000,股
2026-07-03,8210,勤誠,1.87,357000,股
2026-07-03,1590,亞德客-KY,1.82,315000,股
2026-07-03,2344,華邦電,1.81,2445000,股
2026-07-03,3529,力旺,1.75,157000,股
2026-07-03,6805,富世達,1.68,257000,股
2026-07-03,2412,中華電,1.67,2943000,股
2026-07-03,2395,研華,1.6,765000,股
2026-07-03,6531,愛普*,1.6,404000,股
2026-07-03,2383,台光電,1.59,65000,股
2026-07-03,2408,南亞科,1.59,967000,股
2026-07-03,3533,嘉澤,0.88,101000,股
2026-07-03,2379,瑞昱,0.8,254000,股
2026-07-03,2376,技嘉,0.7,517000,股
2026-07-03,3034,聯詠,0.7,324000,股
2026-07-03,1303,南亞,0.62,784000,股
2026-07-03,3293,鈊象,0.59,183000,股
2026-07-03,8996,高力,0.5,90000,股
2026-07-03,6415,矽力*-KY,0.48,198000,股
2026-07-03,3491,昇達科,0.42,79000,股
2026-07-03,6526,達發,0.35,125000,股
2026-07-03,4904,遠傳,0.31,726000,股
2026-07-03,5289,宜鼎,0.19,29000,股
2026-07-03,5434,崇越,0.19,88000,股
2026-07-03,3260,威剛,0.17,104000,股
2026-07-03,8299,群聯,0.16,17000,股
2026-07-03,2451,創見,0.15,145000,股
2026-07-03,2458,義隆,0.11,151000,股
2026-07-03,C_NTD,CASH,,2474244987,元
2026-07-06,2330,台積電,9.05,905000,股
2026-07-06,2454,聯發科,6.84,408000,股
2026-07-06,2308,台達電,4.15,512000,股
2026-07-06,3017,奇鋐,3.72,343000,股
2026-07-06,2345,智邦,3.54,329000,股
2026-07-06,2383,台光電,3.09,139000,股
2026-07-06,3037,欣興,2.93,786000,股
2026-07-06,2327,國巨*,2.77,679000,股
2026-07-06,6223,旺矽,2.59,93000,股
2026-07-06,6274,台燿,2.5,378000,股
2026-07-06,6669,緯穎,2.48,121000,股
2026-07-06,6446,藥華藥,2.46,419000,股
2026-07-06,2368,金像電,2.3,461000,股
2026-07-06,5536,聖暉*,2.21,379000,股
2026-07-06,4958,臻鼎-KY,2.17,924000,股
2026-07-06,8046,南電,2.1,480000,股
2026-07-06,3711,日月光投控,1.99,722000,股
2026-07-06,2303,聯電,1.96,2900000,股
2026-07-06,3665,貿聯-KY,1.94,245000,股
2026-07-06,2059,川湖,1.93,61000,股
2026-07-06,2360,致茂,1.93,218000,股
2026-07-06,5274,信驊,1.92,29000,股
2026-07-06,3443,創意電子,1.89,101000,股
2026-07-06,8210,勤誠,1.87,357000,股
2026-07-06,2344,華邦電,1.82,2445000,股
2026-07-06,6515,穎崴,1.81,50000,股
2026-07-06,3529,力旺,1.79,157000,股
2026-07-06,1590,亞德客-KY,1.77,315000,股
2026-07-06,2412,中華電,1.69,2943000,股
2026-07-06,2408,南亞科,1.65,967000,股
2026-07-06,6805,富世達,1.64,257000,股
2026-07-06,2395,研華,1.6,765000,股
2026-07-06,6531,愛普*,1.57,404000,股
2026-07-06,3533,嘉澤,0.87,101000,股
2026-07-06,2379,瑞昱,0.79,254000,股
2026-07-06,2376,技嘉,0.71,517000,股
2026-07-06,3034,聯詠,0.71,324000,股
2026-07-06,1303,南亞,0.59,784000,股
2026-07-06,3293,鈊象,0.59,183000,股
2026-07-06,8996,高力,0.52,90000,股
2026-07-06,6415,矽力*-KY,0.5,198000,股
2026-07-06,3491,昇達科,0.42,79000,股
2026-07-06,6526,達發,0.35,125000,股
2026-07-06,4904,遠傳,0.3,726000,股
2026-07-06,5289,宜鼎,0.19,29000,股
2026-07-06,5434,崇越,0.19,88000,股
2026-07-06,3260,威剛,0.17,104000,股
2026-07-06,2451,創見,0.16,145000,股
2026-07-06,8299,群聯,0.16,17000,股
2026-07-06,2458,義隆,0.11,151000,股
2026-07-06,C_NTD,CASH,,3469600186,元
2026-07-06,PM_NTD,PAYMENT,,4893420,元
2026-07-07,2330,台積電,9.18,905000,股
2026-07-07,2454,聯發科,6.83,408000,股
2026-07-07,2308,台達電,4.02,512000,股
2026-07-07,3017,奇鋐,3.49,343000,股
2026-07-07,2345,智邦,3.36,329000,股
2026-07-07,2383,台光電,3.02,139000,股
2026-07-07,3037,欣興,2.74,786000,股
2026-07-07,6446,藥華藥,2.6,419000,股
2026-07-07,2327,國巨*,2.55,679000,股
2026-07-07,6669,緯穎,2.52,121000,股
2026-07-07,6274,台燿,2.47,378000,股
2026-07-07,6223,旺矽,2.44,93000,股
2026-07-07,5536,聖暉*,2.2,379000,股
2026-07-07,2368,金像電,2.17,461000,股
2026-07-07,4958,臻鼎-KY,2.1,924000,股
2026-07-07,2059,川湖,2.09,61000,股
2026-07-07,8046,南電,2.05,480000,股
2026-07-07,3665,貿聯-KY,2.02,245000,股
2026-07-07,3711,日月光投控,1.95,722000,股
2026-07-07,5274,信驊,1.91,31900,股
2026-07-07,3443,創意電子,1.88,101000,股
2026-07-07,2303,聯電,1.87,2900000,股
2026-07-07,1590,亞德客-KY,1.81,315000,股
2026-07-07,3529,力旺,1.79,157000,股
2026-07-07,2360,致茂,1.78,218000,股
2026-07-07,2344,華邦電,1.77,2445000,股
2026-07-07,8210,勤誠,1.74,357000,股
2026-07-07,2412,中華電,1.72,2943000,股
2026-07-07,6515,穎崴,1.67,50000,股
2026-07-07,2408,南亞科,1.62,967000,股
2026-07-07,6805,富世達,1.59,257000,股
2026-07-07,2395,研華,1.58,765000,股
2026-07-07,6531,愛普*,1.5,404000,股
2026-07-07,2379,瑞昱,0.82,254000,股
2026-07-07,3533,嘉澤,0.82,101000,股
2026-07-07,3034,聯詠,0.71,324000,股
2026-07-07,2376,技嘉,0.7,517000,股
2026-07-07,3293,鈊象,0.59,183000,股
2026-07-07,1303,南亞,0.54,784000,股
2026-07-07,8996,高力,0.5,90000,股
2026-07-07,6415,矽力*-KY,0.46,198000,股
2026-07-07,3491,昇達科,0.39,79000,股
2026-07-07,6526,達發,0.34,125000,股
2026-07-07,4904,遠傳,0.31,726000,股
2026-07-07,5289,宜鼎,0.19,29000,股
2026-07-07,5434,崇越,0.19,88000,股
2026-07-07,3260,威剛,0.17,104000,股
2026-07-07,2451,創見,0.15,145000,股
2026-07-07,8299,群聯,0.15,17000,股
2026-07-07,2458,義隆,0.12,151000,股
2026-07-07,C_NTD,CASH,,2743347481,元
2026-07-07,PM_NTD,PAYMENT,,49941968,元
2026-07-08,2330,台積電,9.31,952000,股
2026-07-08,2454,聯發科,6.8,429000,股
2026-07-08,2308,台達電,4.03,539000,股
2026-07-08,2383,台光電,3.96,188000,股
2026-07-08,3037,欣興,3.73,1090000,股
2026-07-08,3017,奇鋐,3.33,361000,股
2026-07-08,2345,智邦,3.32,346000,股
2026-07-08,6274,台燿,3.07,471000,股
2026-07-08,6446,藥華藥,2.68,441000,股
2026-07-08,6669,緯穎,2.54,127000,股
2026-07-08,2327,國巨*,2.52,714000,股
2026-07-08,6223,旺矽,2.51,98000,股
2026-07-08,2368,金像電,2.21,485000,股
2026-07-08,8046,南電,2.21,505000,股
2026-07-08,4958,臻鼎-KY,2.18,972000,股
2026-07-08,2059,川湖,2.06,64000,股
2026-07-08,5536,聖暉*,1.99,399000,股
2026-07-08,3665,貿聯-KY,1.94,258000,股
2026-07-08,2303,聯電,1.88,2900000,股
2026-07-08,3711,日月光投控,1.88,759000,股
2026-07-08,5274,信驊,1.88,33900,股
2026-07-08,3443,創意電子,1.85,106000,股
2026-07-08,8210,勤誠,1.78,376000,股
2026-07-08,1590,亞德客-KY,1.77,331000,股
2026-07-08,3529,力旺,1.75,165000,股
2026-07-08,2344,華邦電,1.72,2572000,股
2026-07-08,2412,中華電,1.71,3096000,股
2026-07-08,2360,致茂,1.69,229000,股
2026-07-08,2395,研華,1.66,765000,股
2026-07-08,6515,穎崴,1.62,53000,股
2026-07-08,2408,南亞科,1.6,1017000,股
2026-07-08,6531,愛普*,1.56,425000,股
2026-07-08,6805,富世達,1.49,270000,股
2026-07-08,2379,瑞昱,0.87,267000,股
2026-07-08,3533,嘉澤,0.84,106000,股
2026-07-08,3034,聯詠,0.74,341000,股
2026-07-08,2376,技嘉,0.72,544000,股
2026-07-08,1303,南亞,0.57,784000,股
2026-07-08,3293,鈊象,0.57,193000,股
2026-07-08,8996,高力,0.5,95000,股
2026-07-08,6415,矽力*-KY,0.45,208000,股
2026-07-08,3491,昇達科,0.42,83000,股
2026-07-08,6526,達發,0.34,131000,股
2026-07-08,4904,遠傳,0.28,765000,股
2026-07-08,5289,宜鼎,0.19,31000,股
2026-07-08,5434,崇越,0.19,93000,股
2026-07-08,3260,威剛,0.17,104000,股
2026-07-08,2451,創見,0.14,145000,股
2026-07-08,8299,群聯,0.14,17000,股
2026-07-08,2458,義隆,0.12,158000,股
2026-07-08,C_NTD,CASH,,3362251085,元
2026-07-08,PM_NTD,PAYMENT,,54332750,元
2026-07-09,2330,台積電,9.06,952000,股
2026-07-09,2454,聯發科,6.64,429000,股
2026-07-09,2308,台達電,3.99,539000,股
2026-07-09,2383,台光電,3.92,188000,股
2026-07-09,3037,欣興,3.76,1090000,股
2026-07-09,2327,國巨*,3.42,964000,股
2026-07-09,2345,智邦,3.37,346000,股
2026-07-09,3017,奇鋐,3.34,361000,股
2026-07-09,6669,緯穎,3.24,163000,股
2026-07-09,6274,台燿,2.91,471000,股
2026-07-09,6223,旺矽,2.73,98000,股
2026-07-09,6446,藥華藥,2.48,489191,股
2026-07-09,8046,南電,2.42,505000,股
2026-07-09,4958,臻鼎-KY,2.25,972000,股
2026-07-09,2059,川湖,2.08,64000,股
2026-07-09,2368,金像電,2.05,485000,股
2026-07-09,3711,日月光投控,2.03,759000,股
2026-07-09,5536,聖暉*,1.91,399000,股
2026-07-09,3665,貿聯-KY,1.9,258000,股
2026-07-09,5274,信驊,1.83,33900,股
2026-07-09,3443,創意電子,1.81,106000,股
2026-07-09,2344,華邦電,1.79,2572000,股
2026-07-09,2303,聯電,1.78,2900000,股
2026-07-09,2408,南亞科,1.75,1017000,股
2026-07-09,8210,勤誠,1.74,376000,股
2026-07-09,3529,力旺,1.69,165000,股
2026-07-09,1590,亞德客-KY,1.67,331000,股
2026-07-09,2360,致茂,1.64,229000,股
2026-07-09,2395,研華,1.63,765000,股
2026-07-09,2412,中華電,1.63,3096000,股
2026-07-09,6515,穎崴,1.62,53000,股
2026-07-09,6805,富世達,1.55,270000,股
2026-07-09,6531,愛普*,1.54,425000,股
2026-07-09,2379,瑞昱,0.88,267000,股
2026-07-09,3533,嘉澤,0.82,106000,股
2026-07-09,3034,聯詠,0.73,341000,股
2026-07-09,2376,技嘉,0.72,544000,股
2026-07-09,3293,鈊象,0.57,193000,股
2026-07-09,1303,南亞,0.56,784000,股
2026-07-09,8996,高力,0.46,95000,股
2026-07-09,6415,矽力*-KY,0.43,208000,股
2026-07-09,3491,昇達科,0.42,83000,股
2026-07-09,6526,達發,0.34,131000,股
2026-07-09,4904,遠傳,0.29,765000,股
2026-07-09,5289,宜鼎,0.19,31000,股
2026-07-09,5434,崇越,0.19,93000,股
2026-07-09,3260,威剛,0.17,104000,股
2026-07-09,8299,群聯,0.15,17000,股
2026-07-09,2451,創見,0.14,145000,股
2026-07-09,2458,義隆,0.11,158000,股
2026-07-09,C_NTD,CASH,,3457599320,元
2026-07-09,PM_NTD,PAYMENT,,117080765,元
2026-07-13,2330,台積電,9.23,952000,股
2026-07-13,2454,聯發科,6.52,429000,股
2026-07-13,2308,台達電,4.05,539000,股
2026-07-13,3037,欣興,3.91,1090000,股
2026-07-13,2383,台光電,3.83,188000,股
2026-07-13,2345,智邦,3.31,346000,股
2026-07-13,6669,緯穎,3.21,163000,股
2026-07-13,3017,奇鋐,3.19,361000,股
2026-07-13,2327,國巨*,3.13,964000,股
2026-07-13,6274,台燿,2.9,471000,股
2026-07-13,6223,旺矽,2.59,98000,股
2026-07-13,8046,南電,2.55,505000,股
2026-07-13,4958,臻鼎-KY,2.5,972000,股
2026-07-13,6446,藥華藥,2.43,489191,股
2026-07-13,2059,川湖,2.06,64000,股
2026-07-13,3711,日月光投控,2.02,759000,股
2026-07-13,2368,金像電,2.01,485000,股
2026-07-13,3665,貿聯-KY,1.91,258000,股
2026-07-13,5536,聖暉*,1.87,399000,股
2026-07-13,5274,信驊,1.82,33900,股
2026-07-13,3443,創意電子,1.8,106000,股
2026-07-13,2303,聯電,1.77,2900000,股
2026-07-13,1590,亞德客-KY,1.74,331000,股
2026-07-13,2344,華邦電,1.71,2572000,股
2026-07-13,2408,南亞科,1.71,1017000,股
2026-07-13,8210,勤誠,1.7,376000,股
2026-07-13,2360,致茂,1.68,229000,股
2026-07-13,3529,力旺,1.67,165000,股
2026-07-13,2412,中華電,1.64,3096000,股
2026-07-13,2395,研華,1.63,765000,股
2026-07-13,6515,穎崴,1.55,53000,股
2026-07-13,6531,愛普*,1.51,425000,股
2026-07-13,6805,富世達,1.51,270000,股
2026-07-13,3533,嘉澤,0.83,106000,股
2026-07-13,2379,瑞昱,0.8,267000,股
2026-07-13,2376,技嘉,0.73,544000,股
2026-07-13,3034,聯詠,0.63,341000,股
2026-07-13,1303,南亞,0.62,784000,股
2026-07-13,3293,鈊象,0.56,193000,股
2026-07-13,8996,高力,0.47,95000,股
2026-07-13,6415,矽力*-KY,0.43,208000,股
2026-07-13,3491,昇達科,0.42,83000,股
2026-07-13,6526,達發,0.36,131000,股
2026-07-13,4904,遠傳,0.29,765000,股
2026-07-13,5434,崇越,0.21,93000,股
2026-07-13,5289,宜鼎,0.19,31000,股
2026-07-13,3260,威剛,0.17,104000,股
2026-07-13,2451,創見,0.15,145000,股
2026-07-13,8299,群聯,0.15,17000,股
2026-07-13,2458,義隆,0.11,158000,股
2026-07-13,C_NTD,CASH,,1918391495,元
2026-07-13,PM_NTD,PAYMENT,,19381033,元
2026-07-14,2330,台積電,9.45,1019000,股
2026-07-14,2454,聯發科,6.44,459000,股
2026-07-14,2308,台達電,4.1,577000,股
2026-07-14,3037,欣興,3.91,1167000,股
2026-07-14,2383,台光電,3.83,201000,股
2026-07-14,6669,緯穎,3.27,174000,股
2026-07-14,2345,智邦,3.23,370000,股
2026-07-14,3017,奇鋐,3.14,386000,股
2026-07-14,2327,國巨*,3.08,1032000,股
2026-07-14,6274,台燿,2.7,504000,股
2026-07-14,8046,南電,2.67,540000,股
2026-07-14,6223,旺矽,2.55,105000,股
2026-07-14,4958,臻鼎-KY,2.51,1040000,股
2026-07-14,6446,藥華藥,2.39,520191,股
2026-07-14,2059,川湖,2.08,68000,股
2026-07-14,2368,金像電,2.02,519000,股
2026-07-14,3711,日月光投控,2.0,812000,股
2026-07-14,5536,聖暉*,1.89,427000,股
2026-07-14,3665,貿聯-KY,1.88,276000,股
2026-07-14,2408,南亞科,1.87,1088000,股
2026-07-14,5274,信驊,1.79,35900,股
2026-07-14,1590,亞德客-KY,1.75,354000,股
2026-07-14,2344,華邦電,1.74,2753000,股
2026-07-14,3443,創意電子,1.74,113000,股
2026-07-14,2360,致茂,1.71,245000,股
2026-07-14,8210,勤誠,1.71,402000,股
2026-07-14,2412,中華電,1.69,3314000,股
2026-07-14,2303,聯電,1.68,2900000,股
2026-07-14,2395,研華,1.66,819000,股
2026-07-14,3529,力旺,1.64,177000,股
2026-07-14,6515,穎崴,1.54,57000,股
2026-07-14,6531,愛普*,1.5,455000,股
2026-07-14,6805,富世達,1.46,289000,股
2026-07-14,2379,瑞昱,0.83,286000,股
2026-07-14,3533,嘉澤,0.83,113000,股
2026-07-14,2376,技嘉,0.75,582000,股
2026-07-14,1303,南亞,0.68,839000,股
2026-07-14,3034,聯詠,0.65,365000,股
2026-07-14,3293,鈊象,0.56,207000,股
2026-07-14,8996,高力,0.46,102000,股
2026-07-14,6415,矽力*-KY,0.42,223000,股
2026-07-14,3491,昇達科,0.41,89000,股
2026-07-14,6526,達發,0.35,140000,股
2026-07-14,4904,遠傳,0.3,819000,股
2026-07-14,5434,崇越,0.21,100000,股
2026-07-14,5289,宜鼎,0.18,33000,股
2026-07-14,3260,威剛,0.17,111000,股
2026-07-14,2451,創見,0.14,155000,股
2026-07-14,8299,群聯,0.14,18000,股
2026-07-14,2458,義隆,0.12,169000,股
2026-07-14,C_NTD,CASH,,3302819703,元
2026-07-14,PM_NTD,PAYMENT,,13809630,元
2026-07-15,2330,台積電,9.21,1019000,股
2026-07-15,2454,聯發科,6.36,459000,股
2026-07-15,3037,欣興,4.05,1167000,股
2026-07-15,2308,台達電,4.04,577000,股
2026-07-15,2383,台光電,3.78,201000,股
2026-07-15,6669,緯穎,3.28,174000,股
2026-07-15,2345,智邦,3.21,370000,股
2026-07-15,3017,奇鋐,3.1,386000,股
2026-07-15,2327,國巨*,3.05,1032000,股
2026-07-15,8046,南電,2.83,540000,股
2026-07-15,6274,台燿,2.68,504000,股
2026-07-15,6446,藥華藥,2.54,520191,股
2026-07-15,6223,旺矽,2.46,105000,股
2026-07-15,4958,臻鼎-KY,2.38,1040000,股
2026-07-15,2059,川湖,2.14,68000,股
2026-07-15,3711,日月光投控,2.06,812000,股
2026-07-15,5536,聖暉*,1.98,427000,股
2026-07-15,2368,金像電,1.97,519000,股
2026-07-15,3665,貿聯-KY,1.95,276000,股
2026-07-15,2408,南亞科,1.94,1088000,股
2026-07-15,3529,力旺,1.94,207000,股
2026-07-15,5274,信驊,1.85,35900,股
2026-07-15,2344,華邦電,1.84,2753000,股
2026-07-15,1590,亞德客-KY,1.79,354000,股
2026-07-15,2303,聯電,1.78,2900000,股
2026-07-15,6805,富世達,1.78,344000,股
2026-07-15,2360,致茂,1.73,245000,股
2026-07-15,3443,創意電子,1.73,113000,股
2026-07-15,8210,勤誠,1.71,402000,股
2026-07-15,2412,中華電,1.63,3314000,股
2026-07-15,2395,研華,1.62,819000,股
2026-07-15,6531,愛普*,1.59,455000,股
2026-07-15,6515,穎崴,1.53,57000,股
2026-07-15,3533,嘉澤,0.85,113000,股
2026-07-15,2379,瑞昱,0.8,286000,股
2026-07-15,2376,技嘉,0.74,582000,股
2026-07-15,1303,南亞,0.71,839000,股
2026-07-15,3034,聯詠,0.64,365000,股
2026-07-15,3293,鈊象,0.54,207000,股
2026-07-15,8996,高力,0.45,102000,股
2026-07-15,6415,矽力*-KY,0.42,223000,股
2026-07-15,3491,昇達科,0.39,89000,股
2026-07-15,6526,達發,0.33,140000,股
2026-07-15,4904,遠傳,0.29,819000,股
2026-07-15,5434,崇越,0.21,100000,股
2026-07-15,5289,宜鼎,0.18,33000,股
2026-07-15,3260,威剛,0.17,111000,股
2026-07-15,2451,創見,0.15,155000,股
2026-07-15,8299,群聯,0.14,18000,股
2026-07-15,2458,義隆,0.11,169000,股
2026-07-15,C_NTD,CASH,,3094064883,元
2026-07-15,PM_NTD,PAYMENT,,208454790,元
2026-07-16,2330,台積電,9.43,1019000,股
2026-07-16,2454,聯發科,6.36,459000,股
2026-07-16,2308,台達電,4.12,577000,股
2026-07-16,3037,欣興,3.86,1167000,股
2026-07-16,2383,台光電,3.76,201000,股
2026-07-16,6669,緯穎,3.34,174000,股
2026-07-16,2345,智邦,3.22,370000,股
2026-07-16,3017,奇鋐,3.22,386000,股
2026-07-16,2327,國巨*,3.0,1032000,股
2026-07-16,8046,南電,2.58,540000,股
2026-07-16,3711,日月光投控,2.54,992000,股
2026-07-16,6446,藥華藥,2.46,520191,股
2026-07-16,6223,旺矽,2.45,105000,股
2026-07-16,6274,台燿,2.45,504000,股
2026-07-16,3665,貿聯-KY,2.32,316000,股
2026-07-16,4958,臻鼎-KY,2.25,1040000,股
2026-07-16,2059,川湖,2.21,68000,股
2026-07-16,5536,聖暉*,2.02,427000,股
2026-07-16,3529,力旺,1.96,207000,股
2026-07-16,2368,金像電,1.95,519000,股
2026-07-16,5274,信驊,1.87,35900,股
2026-07-16,2360,致茂,1.83,245000,股
2026-07-16,6805,富世達,1.82,344000,股
2026-07-16,1590,亞德客-KY,1.79,354000,股
2026-07-16,2408,南亞科,1.79,1088000,股
2026-07-16,2344,華邦電,1.77,2753000,股
2026-07-16,3443,創意電子,1.77,113000,股
2026-07-16,8210,勤誠,1.77,402000,股
2026-07-16,2303,聯電,1.74,2900000,股
2026-07-16,2412,中華電,1.69,3314000,股
2026-07-16,2395,研華,1.63,819000,股
2026-07-16,6531,愛普*,1.55,455000,股
2026-07-16,6515,穎崴,1.44,57000,股
2026-07-16,3533,嘉澤,1.04,138000,股
2026-07-16,2379,瑞昱,0.76,286000,股
2026-07-16,2376,技嘉,0.74,582000,股
2026-07-16,1303,南亞,0.69,839000,股
2026-07-16,3034,聯詠,0.64,365000,股
2026-07-16,3293,鈊象,0.55,207000,股
2026-07-16,3491,昇達科,0.44,89000,股
2026-07-16,8996,高力,0.43,102000,股
2026-07-16,6415,矽力*-KY,0.4,223000,股
2026-07-16,6526,達發,0.32,140000,股
2026-07-16,4904,遠傳,0.31,819000,股
2026-07-16,5434,崇越,0.22,100000,股
2026-07-16,3260,威剛,0.17,111000,股
2026-07-16,5289,宜鼎,0.17,33000,股
2026-07-16,2451,創見,0.14,155000,股
2026-07-16,8299,群聯,0.13,18000,股
2026-07-16,2458,義隆,0.11,169000,股
2026-07-16,C_NTD,CASH,,1631846002,元
2026-07-17,2330,台積電,9.33,1039000,股
2026-07-17,2454,聯發科,6.29,476000,股
2026-07-17,2308,台達電,4.08,598000,股
2026-07-17,3037,欣興,3.77,1210000,股
2026-07-17,2383,台光電,3.67,208000,股
2026-07-17,3017,奇鋐,3.45,400000,股
2026-07-17,6669,緯穎,3.26,180000,股
2026-07-17,2345,智邦,3.14,383000,股
2026-07-17,2327,國巨*,2.93,1070000,股
2026-07-17,8046,南電,2.53,560000,股
2026-07-17,6446,藥華藥,2.52,537191,股
2026-07-17,3711,日月光投控,2.48,1028000,股
2026-07-17,6223,旺矽,2.39,109000,股
2026-07-17,6274,台燿,2.39,522000,股
2026-07-17,3665,貿聯-KY,2.27,328000,股
2026-07-17,4958,臻鼎-KY,2.2,1078000,股
2026-07-17,2059,川湖,2.17,70000,股
2026-07-17,3529,力旺,1.98,215000,股
2026-07-17,5536,聖暉*,1.98,443000,股
2026-07-17,2368,金像電,1.96,538000,股
2026-07-17,6805,富世達,1.88,357000,股
2026-07-17,5274,信驊,1.87,36900,股
2026-07-17,2412,中華電,1.86,3435000,股
2026-07-17,2360,致茂,1.84,254000,股
2026-07-17,1590,亞德客-KY,1.82,367000,股
2026-07-17,8210,勤誠,1.79,417000,股
2026-07-17,3443,創意電子,1.76,117000,股
2026-07-17,2408,南亞科,1.75,1128000,股
2026-07-17,2344,華邦電,1.73,2853000,股
2026-07-17,2395,研華,1.71,850000,股
2026-07-17,2303,聯電,1.7,3006000,股
2026-07-17,6531,愛普*,1.52,472000,股
2026-07-17,6515,穎崴,1.4,59000,股
2026-07-17,3533,嘉澤,1.05,143000,股
2026-07-17,2379,瑞昱,0.83,296000,股
2026-07-17,2376,技嘉,0.77,603000,股
2026-07-17,1303,南亞,0.68,870000,股
2026-07-17,3034,聯詠,0.68,378000,股
2026-07-17,3293,鈊象,0.58,215000,股
2026-07-17,3491,昇達科,0.49,92000,股
2026-07-17,8996,高力,0.42,106000,股
2026-07-17,6415,矽力*-KY,0.39,231000,股
2026-07-17,4904,遠傳,0.34,849000,股
2026-07-17,6526,達發,0.32,145000,股
2026-07-17,5434,崇越,0.23,104000,股
2026-07-17,3260,威剛,0.17,115000,股
2026-07-17,5289,宜鼎,0.17,34000,股
2026-07-17,2451,創見,0.15,161000,股
2026-07-17,8299,群聯,0.13,19000,股
2026-07-17,2458,義隆,0.11,175000,股
2026-07-17,C_NTD,CASH,,2444854304,元
2026-07-17,PM_NTD,PAYMENT,,9598050,元
2026-07-20,2330,台積電,9.52,1039000,股
2026-07-20,2454,聯發科,6.28,476000,股
2026-07-20,2308,台達電,4.03,598000,股
2026-07-20,2383,台光電,3.61,208000,股
2026-07-20,3037,欣興,3.58,1210000,股
2026-07-20,6669,緯穎,3.52,190000,股
2026-07-20,3017,奇鋐,3.37,400000,股
2026-07-20,2345,智邦,3.16,383000,股
2026-07-20,2327,國巨*,2.66,1070000,股
2026-07-20,3665,貿聯-KY,2.65,368000,股
2026-07-20,3711,日月光投控,2.6,1103000,股
2026-07-20,6446,藥華藥,2.49,537191,股
2026-07-20,8046,南電,2.44,560000,股
2026-07-20,6223,旺矽,2.35,109000,股
2026-07-20,6274,台燿,2.32,522000,股
2026-07-20,1590,亞德客-KY,2.23,422000,股
2026-07-20,2059,川湖,2.14,70000,股
2026-07-20,4958,臻鼎-KY,2.04,1078000,股
2026-07-20,5536,聖暉*,1.99,443000,股
2026-07-20,2368,金像電,1.97,538000,股
2026-07-20,3529,力旺,1.95,215000,股
2026-07-20,2412,中華電,1.89,3435000,股
2026-07-20,5274,信驊,1.88,36900,股
2026-07-20,2360,致茂,1.84,254000,股
2026-07-20,6805,富世達,1.84,357000,股
2026-07-20,8210,勤誠,1.78,417000,股
2026-07-20,2395,研華,1.73,850000,股
2026-07-20,3443,創意電子,1.73,117000,股
2026-07-20,2344,華邦電,1.7,2853000,股
2026-07-20,2408,南亞科,1.7,1128000,股
2026-07-20,2303,聯電,1.54,3006000,股
2026-07-20,6531,愛普*,1.45,472000,股
2026-07-20,6515,穎崴,1.41,59000,股
2026-07-20,3533,嘉澤,1.08,143000,股
2026-07-20,2379,瑞昱,0.83,296000,股
2026-07-20,2376,技嘉,0.79,603000,股
2026-07-20,3034,聯詠,0.68,378000,股
2026-07-20,1303,南亞,0.64,870000,股
2026-07-20,3293,鈊象,0.6,215000,股
2026-07-20,3491,昇達科,0.44,92000,股
2026-07-20,8996,高力,0.41,106000,股
2026-07-20,6415,矽力*-KY,0.39,231000,股
2026-07-20,4904,遠傳,0.35,849000,股
2026-07-20,6526,達發,0.31,145000,股
2026-07-20,5434,崇越,0.22,104000,股
2026-07-20,3260,威剛,0.16,115000,股
2026-07-20,5289,宜鼎,0.16,34000,股
2026-07-20,2451,創見,0.14,161000,股
2026-07-20,8299,群聯,0.13,19000,股
2026-07-20,2458,義隆,0.11,175000,股
2026-07-20,C_NTD,CASH,,2300393424,元
2026-07-20,PM_NTD,PAYMENT,,154612344,元
2026-07-21,2330,台積電,9.29,1039000,股
2026-07-21,2454,聯發科,6.48,476000,股
2026-07-21,2308,台達電,4.07,598000,股
2026-07-21,2383,台光電,3.73,208000,股
2026-07-21,6669,緯穎,3.71,200000,股
2026-07-21,3037,欣興,3.7,1210000,股
2026-07-21,3017,奇鋐,3.44,400000,股
2026-07-21,2345,智邦,3.15,383000,股
2026-07-21,3665,貿聯-KY,2.73,368000,股
2026-07-21,2327,國巨*,2.66,1070000,股
2026-07-21,3711,日月光投控,2.59,1103000,股
2026-07-21,8046,南電,2.47,560000,股
2026-07-21,6274,台燿,2.39,522000,股
2026-07-21,6223,旺矽,2.38,109000,股
2026-07-21,6446,藥華藥,2.34,537191,股
2026-07-21,1590,亞德客-KY,2.13,422000,股
2026-07-21,2059,川湖,2.07,70000,股
2026-07-21,4958,臻鼎-KY,2.04,1078000,股
2026-07-21,2368,金像電,1.96,538000,股
2026-07-21,5536,聖暉*,1.96,443000,股
2026-07-21,5274,信驊,1.93,36900,股
2026-07-21,2360,致茂,1.9,254000,股
2026-07-21,3529,力旺,1.89,215000,股
2026-07-21,8210,勤誠,1.89,437000,股
2026-07-21,6805,富世達,1.87,357000,股
2026-07-21,2395,研華,1.79,850000,股
2026-07-21,3443,創意電子,1.79,117000,股
2026-07-21,2412,中華電,1.77,3435000,股
2026-07-21,2408,南亞科,1.69,1128000,股
2026-07-21,2344,華邦電,1.65,2853000,股
2026-07-21,2303,聯電,1.5,3006000,股
2026-07-21,6531,愛普*,1.5,472000,股
2026-07-21,6515,穎崴,1.46,59000,股
2026-07-21,3533,嘉澤,1.08,143000,股
2026-07-21,2379,瑞昱,0.83,296000,股
2026-07-21,2376,技嘉,0.76,603000,股
2026-07-21,3034,聯詠,0.67,378000,股
2026-07-21,1303,南亞,0.63,870000,股
2026-07-21,3293,鈊象,0.57,215000,股
2026-07-21,3491,昇達科,0.4,92000,股
2026-07-21,6415,矽力*-KY,0.4,231000,股
2026-07-21,8996,高力,0.39,106000,股
2026-07-21,4904,遠傳,0.32,849000,股
2026-07-21,6526,達發,0.31,145000,股
2026-07-21,5434,崇越,0.21,104000,股
2026-07-21,3260,威剛,0.16,115000,股
2026-07-21,5289,宜鼎,0.16,34000,股
2026-07-21,2451,創見,0.14,161000,股
2026-07-21,8299,群聯,0.13,19000,股
2026-07-21,2458,義隆,0.11,175000,股
2026-07-21,C_NTD,CASH,,1532718038,元
2026-07-21,PM_NTD,PAYMENT,,29875320,元
2026-07-22,2330,台積電,8.96,1039000,股
2026-07-22,2454,聯發科,6.58,476000,股
2026-07-22,2308,台達電,4.04,598000,股
2026-07-22,6669,緯穎,3.95,200000,股
2026-07-22,3037,欣興,3.94,1210000,股
2026-07-22,2383,台光電,3.83,208000,股
2026-07-22,3017,奇鋐,3.26,400000,股
2026-07-22,2345,智邦,3.14,383000,股
2026-07-22,3665,貿聯-KY,2.8,368000,股
2026-07-22,2327,國巨*,2.7,1070000,股
2026-07-22,8046,南電,2.63,560000,股
2026-07-22,3711,日月光投控,2.6,1103000,股
2026-07-22,6274,台燿,2.54,522000,股
2026-07-22,6223,旺矽,2.35,109000,股
2026-07-22,6446,藥華藥,2.28,537191,股
2026-07-22,1590,亞德客-KY,2.17,422000,股
2026-07-22,4958,臻鼎-KY,2.17,1078000,股
2026-07-22,5274,信驊,2.06,36900,股
2026-07-22,2059,川湖,2.04,70000,股
2026-07-22,3529,力旺,2.01,215000,股
2026-07-22,2360,致茂,1.94,254000,股
2026-07-22,5536,聖暉*,1.91,443000,股
2026-07-22,3443,創意電子,1.84,117000,股
2026-07-22,2368,金像電,1.82,538000,股
2026-07-22,2395,研華,1.82,850000,股
2026-07-22,2408,南亞科,1.81,1128000,股
2026-07-22,8210,勤誠,1.81,437000,股
2026-07-22,6805,富世達,1.79,357000,股
2026-07-22,2344,華邦電,1.75,2853000,股
2026-07-22,2412,中華電,1.71,3435000,股
2026-07-22,6531,愛普*,1.54,472000,股
2026-07-22,2303,聯電,1.5,3006000,股
2026-07-22,6515,穎崴,1.38,59000,股
2026-07-22,3533,嘉澤,1.03,143000,股
2026-07-22,2379,瑞昱,0.79,296000,股
2026-07-22,2376,技嘉,0.75,603000,股
2026-07-22,3034,聯詠,0.68,378000,股
2026-07-22,1303,南亞,0.65,870000,股
2026-07-22,3293,鈊象,0.55,215000,股
2026-07-22,3491,昇達科,0.43,92000,股
2026-07-22,8996,高力,0.41,106000,股
2026-07-22,6415,矽力*-KY,0.4,231000,股
2026-07-22,4904,遠傳,0.31,849000,股
2026-07-22,6526,達發,0.31,145000,股
2026-07-22,5434,崇越,0.21,104000,股
2026-07-22,5289,宜鼎,0.17,34000,股
2026-07-22,3260,威剛,0.16,115000,股
2026-07-22,2451,創見,0.14,161000,股
2026-07-22,8299,群聯,0.13,19000,股
2026-07-22,2458,義隆,0.11,175000,股
2026-07-22,C_NTD,CASH,,1289679050,元
2026-07-22,PM_NTD,PAYMENT,,2533888,元
2026-07-23,2330,台積電,8.98,1039000,股
2026-07-23,2454,聯發科,6.63,476000,股
2026-07-23,2308,台達電,4.04,598000,股
2026-07-23,6669,緯穎,3.93,200000,股
2026-07-23,3037,欣興,3.89,1210000,股
2026-07-23,2383,台光電,3.81,208000,股
2026-07-23,3017,奇鋐,3.51,400000,股
2026-07-23,2345,智邦,3.2,383000,股
2026-07-23,3665,貿聯-KY,3.02,368000,股
2026-07-23,2327,國巨*,2.68,1070000,股
2026-07-23,3711,日月光投控,2.57,1103000,股
2026-07-23,6274,台燿,2.5,522000,股
2026-07-23,8046,南電,2.47,560000,股
2026-07-23,6223,旺矽,2.45,109000,股
2026-07-23,6446,藥華藥,2.22,537191,股
2026-07-23,1590,亞德客-KY,2.13,422000,股
2026-07-23,2059,川湖,2.06,70000,股
2026-07-23,5274,信驊,2.06,36900,股
2026-07-23,2360,致茂,1.97,254000,股
2026-07-23,4958,臻鼎-KY,1.96,1078000,股
2026-07-23,3529,力旺,1.93,215000,股
2026-07-23,5536,聖暉*,1.9,443000,股
2026-07-23,6805,富世達,1.87,357000,股
2026-07-23,8210,勤誠,1.85,437000,股
2026-07-23,3443,創意電子,1.84,117000,股
2026-07-23,2395,研華,1.83,850000,股
2026-07-23,2368,金像電,1.82,538000,股
2026-07-23,2408,南亞科,1.73,1128000,股
2026-07-23,2412,中華電,1.7,3435000,股
2026-07-23,2344,華邦電,1.65,2853000,股
2026-07-23,6531,愛普*,1.53,472000,股
2026-07-23,2303,聯電,1.5,3006000,股
2026-07-23,6515,穎崴,1.4,59000,股
2026-07-23,3533,嘉澤,1.05,143000,股
2026-07-23,2379,瑞昱,0.79,296000,股
2026-07-23,2376,技嘉,0.77,603000,股
2026-07-23,3034,聯詠,0.68,378000,股
2026-07-23,1303,南亞,0.62,870000,股
2026-07-23,3293,鈊象,0.55,215000,股
2026-07-23,3491,昇達科,0.43,92000,股
2026-07-23,8996,高力,0.41,106000,股
2026-07-23,6415,矽力*-KY,0.39,231000,股
2026-07-23,4904,遠傳,0.31,849000,股
2026-07-23,6526,達發,0.31,145000,股
2026-07-23,5434,崇越,0.21,104000,股
2026-07-23,5289,宜鼎,0.17,34000,股
2026-07-23,3260,威剛,0.16,115000,股
2026-07-23,2451,創見,0.14,161000,股
2026-07-23,8299,群聯,0.13,19000,股
2026-07-23,2458,義隆,0.11,175000,股
2026-07-23,C_NTD,CASH,,1216187985,元
2026-07-24,2330,台積電,9.07,1039000,股
2026-07-24,2454,聯發科,6.63,476000,股
2026-07-24,6669,緯穎,4.36,205000,股
2026-07-24,2308,台達電,3.97,598000,股
2026-07-24,2383,台光電,3.85,218000,股
2026-07-24,3037,欣興,3.77,1210000,股
2026-07-24,3017,奇鋐,3.54,400000,股
2026-07-24,2345,智邦,3.16,383000,股
2026-07-24,3665,貿聯-KY,3.01,368000,股
2026-07-24,2327,國巨*,2.55,1070000,股
2026-07-24,3711,日月光投控,2.51,1103000,股
2026-07-24,6223,旺矽,2.48,117000,股
2026-07-24,6274,台燿,2.42,522000,股
2026-07-24,8046,南電,2.31,560000,股
2026-07-24,6446,藥華藥,2.27,537191,股
2026-07-24,1590,亞德客-KY,2.23,422000,股
2026-07-24,5274,信驊,2.02,36900,股
2026-07-24,2059,川湖,2.01,70000,股
2026-07-24,3529,力旺,1.97,215000,股
2026-07-24,2360,致茂,1.96,254000,股
2026-07-24,4958,臻鼎-KY,1.93,1078000,股
2026-07-24,6805,富世達,1.87,357000,股
2026-07-24,5536,聖暉*,1.84,443000,股
2026-07-24,2395,研華,1.83,850000,股
2026-07-24,2368,金像電,1.8,538000,股
2026-07-24,8210,勤誠,1.78,437000,股
2026-07-24,2412,中華電,1.77,3435000,股
2026-07-24,3443,創意電子,1.77,117000,股
2026-07-24,2408,南亞科,1.68,1128000,股
2026-07-24,2344,華邦電,1.64,2853000,股
2026-07-24,6531,愛普*,1.5,472000,股
2026-07-24,2303,聯電,1.43,3006000,股
2026-07-24,6515,穎崴,1.38,59000,股
2026-07-24,3533,嘉澤,1.05,143000,股
2026-07-24,2379,瑞昱,0.82,296000,股
2026-07-24,2376,技嘉,0.79,603000,股
2026-07-24,3034,聯詠,0.71,378000,股
2026-07-24,1303,南亞,0.57,870000,股
2026-07-24,3293,鈊象,0.57,215000,股
2026-07-24,3491,昇達科,0.41,92000,股
2026-07-24,6415,矽力*-KY,0.4,231000,股
2026-07-24,8996,高力,0.4,106000,股
2026-07-24,4904,遠傳,0.33,849000,股
2026-07-24,6526,達發,0.32,145000,股
2026-07-24,5434,崇越,0.21,104000,股
2026-07-24,5289,宜鼎,0.17,34000,股
2026-07-24,2451,創見,0.16,161000,股
2026-07-24,3260,威剛,0.16,115000,股
2026-07-24,8299,群聯,0.13,19000,股
2026-07-24,2458,義隆,0.11,175000,股
2026-07-24,C_NTD,CASH,,1379349475,元
2026-07-27,2330,台積電,9.02,1039000,股
2026-07-27,2454,聯發科,6.47,476000,股
2026-07-27,6669,緯穎,4.35,205000,股
2026-07-27,2308,台達電,3.88,598000,股
2026-07-27,2383,台光電,3.88,218000,股
2026-07-27,3037,欣興,3.79,1210000,股
2026-07-27,3017,奇鋐,3.55,400000,股
2026-07-27,2345,智邦,3.17,383000,股
2026-07-27,3665,貿聯-KY,2.92,368000,股
2026-07-27,3711,日月光投控,2.48,1103000,股
2026-07-27,2327,國巨*,2.47,1070000,股
2026-07-27,6223,旺矽,2.47,117000,股
2026-07-27,6274,台燿,2.42,522000,股
2026-07-27,6446,藥華藥,2.37,537191,股
2026-07-27,1590,亞德客-KY,2.25,422000,股
2026-07-27,8046,南電,2.22,560000,股
2026-07-27,2059,川湖,2.14,70000,股
2026-07-27,5274,信驊,2.0,36900,股
2026-07-27,2360,致茂,1.97,254000,股
2026-07-27,3529,力旺,1.93,215000,股
2026-07-27,6805,富世達,1.92,357000,股
2026-07-27,4958,臻鼎-KY,1.87,1078000,股
2026-07-27,2408,南亞科,1.82,1128000,股
2026-07-27,2395,研華,1.81,850000,股
2026-07-27,5536,聖暉*,1.81,443000,股
2026-07-27,8210,勤誠,1.81,437000,股
2026-07-27,2368,金像電,1.78,538000,股
2026-07-27,2412,中華電,1.78,3435000,股
2026-07-27,3443,創意電子,1.75,117000,股
2026-07-27,2344,華邦電,1.69,2853000,股
2026-07-27,2303,聯電,1.4,3006000,股
2026-07-27,6515,穎崴,1.39,59000,股
2026-07-27,6531,愛普*,1.35,472000,股
2026-07-27,3533,嘉澤,1.03,143000,股
2026-07-27,2379,瑞昱,0.83,296000,股
2026-07-27,2376,技嘉,0.78,603000,股
2026-07-27,3034,聯詠,0.72,378000,股
2026-07-27,3293,鈊象,0.57,215000,股
2026-07-27,1303,南亞,0.56,870000,股
2026-07-27,3491,昇達科,0.39,92000,股
2026-07-27,8996,高力,0.39,106000,股
2026-07-27,6415,矽力*-KY,0.38,231000,股
2026-07-27,4904,遠傳,0.34,849000,股
2026-07-27,6526,達發,0.31,145000,股
2026-07-27,5434,崇越,0.21,104000,股
2026-07-27,3260,威剛,0.17,115000,股
2026-07-27,5289,宜鼎,0.17,34000,股
2026-07-27,2451,創見,0.16,161000,股
2026-07-27,8299,群聯,0.13,19000,股
2026-07-27,2458,義隆,0.11,175000,股
2026-07-27,C_NTD,CASH,,1340172574,元
2026-07-27,PM_NTD,PAYMENT,,19708405,元
2026-07-28,2330,台積電,9.19,1039000,股
2026-07-28,2454,聯發科,6.12,476000,股
2026-07-28,6669,緯穎,4.23,205000,股
2026-07-28,2383,台光電,4.21,246000,股
2026-07-28,3017,奇鋐,3.87,445000,股
2026-07-28,2308,台達電,3.66,598000,股
2026-07-28,3037,欣興,3.59,1210000,股
2026-07-28,2345,智邦,3.41,431000,股
2026-07-28,3665,貿聯-KY,3.16,368000,股
2026-07-28,3711,日月光投控,2.56,1193000,股
2026-07-28,6223,旺矽,2.54,127000,股
2026-07-28,2327,國巨*,2.34,1070000,股
2026-07-28,6446,藥華藥,2.32,537191,股
2026-07-28,6274,台燿,2.29,522000,股
2026-07-28,1590,亞德客-KY,2.23,422000,股
2026-07-28,8046,南電,2.12,560000,股
2026-07-28,2360,致茂,2.11,280000,股
2026-07-28,2059,川湖,2.02,70000,股
2026-07-28,5274,信驊,1.89,36900,股
2026-07-28,2412,中華電,1.88,3435000,股
2026-07-28,6805,富世達,1.86,357000,股
2026-07-28,2395,研華,1.83,850000,股
2026-07-28,3529,力旺,1.83,215000,股
2026-07-28,4958,臻鼎-KY,1.79,1078000,股
2026-07-28,5536,聖暉*,1.74,443000,股
2026-07-28,8210,勤誠,1.73,437000,股
2026-07-28,2408,南亞科,1.72,1128000,股
2026-07-28,2368,金像電,1.69,538000,股
2026-07-28,3443,創意電子,1.66,117000,股
2026-07-28,2344,華邦電,1.59,2853000,股
2026-07-28,6515,穎崴,1.36,59000,股
2026-07-28,2303,聯電,1.32,3006000,股
2026-07-28,6531,愛普*,1.27,472000,股
2026-07-28,3533,嘉澤,1.02,143000,股
2026-07-28,2379,瑞昱,0.84,296000,股
2026-07-28,2376,技嘉,0.76,603000,股
2026-07-28,3034,聯詠,0.72,378000,股
2026-07-28,3293,鈊象,0.6,215000,股
2026-07-28,1303,南亞,0.53,870000,股
2026-07-28,3491,昇達科,0.39,92000,股
2026-07-28,8996,高力,0.37,106000,股
2026-07-28,6415,矽力*-KY,0.36,231000,股
2026-07-28,4904,遠傳,0.35,849000,股
2026-07-28,6526,達發,0.3,145000,股
2026-07-28,5434,崇越,0.21,104000,股
2026-07-28,2451,創見,0.16,161000,股
2026-07-28,3260,威剛,0.16,115000,股
2026-07-28,5289,宜鼎,0.16,34000,股
2026-07-28,8299,群聯,0.12,19000,股
2026-07-28,2458,義隆,0.1,175000,股
2026-07-28,C_NTD,CASH,,1983917328,元
2026-07-28,PM_NTD,PAYMENT,,12316188,元
2026-07-29,2330,台積電,9.2,1039000,股
2026-07-29,2454,聯發科,6.03,476000,股
2026-07-29,6669,緯穎,4.44,215000,股
2026-07-29,2383,台光電,4.06,246000,股
2026-07-29,3017,奇鋐,3.75,445000,股
2026-07-29,3037,欣興,3.63,1310000,股
2026-07-29,2308,台達電,3.6,598000,股
2026-07-29,2345,智邦,3.31,431000,股
2026-07-29,3665,貿聯-KY,3.3,392000,股
2026-07-29,6223,旺矽,2.45,127000,股
2026-07-29,3711,日月光投控,2.4,1193000,股
2026-07-29,6446,藥華藥,2.33,537191,股
2026-07-29,1590,亞德客-KY,2.25,422000,股
2026-07-29,2327,國巨*,2.18,1070000,股
2026-07-29,6274,台燿,2.14,522000,股
2026-07-29,2360,致茂,2.07,280000,股
2026-07-29,2059,川湖,2.01,70000,股
2026-07-29,8046,南電,1.98,560000,股
2026-07-29,2412,中華電,1.94,3435000,股
2026-07-29,5274,信驊,1.92,36900,股
2026-07-29,2395,研華,1.88,850000,股
2026-07-29,6805,富世達,1.82,357000,股
2026-07-29,3529,力旺,1.8,215000,股
2026-07-29,4958,臻鼎-KY,1.75,1078000,股
2026-07-29,8210,勤誠,1.73,437000,股
2026-07-29,5536,聖暉*,1.68,443000,股
2026-07-29,2408,南亞科,1.6,1128000,股
2026-07-29,2368,金像電,1.58,538000,股
2026-07-29,3443,創意電子,1.55,117000,股
2026-07-29,2344,華邦電,1.49,2853000,股
2026-07-29,6515,穎崴,1.29,59000,股
2026-07-29,2303,聯電,1.24,3006000,股
2026-07-29,6531,愛普*,1.19,472000,股
2026-07-29,3533,嘉澤,0.99,143000,股
2026-07-29,2379,瑞昱,0.88,296000,股
2026-07-29,2376,技嘉,0.78,603000,股
2026-07-29,3034,聯詠,0.77,378000,股
2026-07-29,3293,鈊象,0.64,215000,股
2026-07-29,1303,南亞,0.5,870000,股
2026-07-29,3491,昇達科,0.38,92000,股
2026-07-29,8996,高力,0.37,106000,股
2026-07-29,4904,遠傳,0.36,849000,股
2026-07-29,6415,矽力*-KY,0.35,231000,股
2026-07-29,6526,達發,0.3,145000,股
2026-07-29,5434,崇越,0.21,104000,股
2026-07-29,3260,威剛,0.18,115000,股
2026-07-29,2451,創見,0.17,161000,股
2026-07-29,5289,宜鼎,0.16,34000,股
2026-07-29,8299,群聯,0.12,19000,股
2026-07-29,2458,義隆,0.11,175000,股
2026-07-29,C_NTD,CASH,,2417641604,元
2026-07-29,PM_NTD,PAYMENT,,121006724,元
2026-07-30,2330,台積電,9.27,1039000,股
2026-07-30,2454,聯發科,6.23,476000,股
2026-07-30,2383,台光電,4.29,246000,股
2026-07-30,6669,緯穎,4.26,215000,股
2026-07-30,3017,奇鋐,3.8,445000,股
2026-07-30,3037,欣興,3.79,1310000,股
2026-07-30,2308,台達電,3.7,598000,股
2026-07-30,2345,智邦,3.37,431000,股
2026-07-30,3665,貿聯-KY,3.03,392000,股
2026-07-30,6274,台燿,2.63,643000,股
2026-07-30,6223,旺矽,2.47,127000,股
2026-07-30,3711,日月光投控,2.44,1193000,股
2026-07-30,2303,聯電,2.32,5216000,股
2026-07-30,1590,亞德客-KY,2.29,422000,股
2026-07-30,6446,藥華藥,2.23,537191,股
2026-07-30,2360,致茂,2.16,280000,股
2026-07-30,2059,川湖,2.02,70000,股
2026-07-30,3529,力旺,1.99,215000,股
2026-07-30,2327,國巨*,1.98,1070000,股
2026-07-30,5274,信驊,1.97,36900,股
2026-07-30,2412,中華電,1.95,3435000,股
2026-07-30,8046,南電,1.9,560000,股
2026-07-30,2395,研華,1.88,850000,股
2026-07-30,6805,富世達,1.78,357000,股
2026-07-30,8210,勤誠,1.68,437000,股
2026-07-30,3443,創意電子,1.64,117000,股
2026-07-30,4958,臻鼎-KY,1.64,1078000,股
2026-07-30,5536,聖暉*,1.62,443000,股
2026-07-30,2368,金像電,1.57,538000,股
2026-07-30,2408,南亞科,1.5,1128000,股
2026-07-30,2344,華邦電,1.37,2853000,股
2026-07-30,6515,穎崴,1.26,59000,股
2026-07-30,6531,愛普*,1.16,472000,股
2026-07-30,3533,嘉澤,0.98,143000,股
2026-07-30,2379,瑞昱,0.83,296000,股
2026-07-30,2376,技嘉,0.78,603000,股
2026-07-30,3034,聯詠,0.75,378000,股
2026-07-30,3293,鈊象,0.65,215000,股
2026-07-30,1303,南亞,0.51,870000,股
2026-07-30,4904,遠傳,0.36,849000,股
2026-07-30,6415,矽力*-KY,0.35,231000,股
2026-07-30,3491,昇達科,0.34,92000,股
2026-07-30,8996,高力,0.33,106000,股
2026-07-30,6526,達發,0.29,145000,股
2026-07-30,5434,崇越,0.2,104000,股
2026-07-30,2451,創見,0.18,161000,股
2026-07-30,3260,威剛,0.18,115000,股
2026-07-30,5289,宜鼎,0.16,34000,股
2026-07-30,8299,群聯,0.11,19000,股
2026-07-30,2458,義隆,0.1,175000,股
2026-07-30,C_NTD,CASH,,1865403237,元
2026-07-30,PM_NTD,PAYMENT,,77834952,元
2026-07-31,2330,台積電,9.28,1039000,股
2026-07-31,2454,聯發科,6.23,476000,股
2026-07-31,2383,台光電,4.3,246000,股
2026-07-31,6669,緯穎,4.27,215000,股
2026-07-31,3017,奇鋐,3.8,445000,股
2026-07-31,3037,欣興,3.8,1310000,股
2026-07-31,2308,台達電,3.61,598000,股
2026-07-31,2345,智邦,3.37,431000,股
2026-07-31,3665,貿聯-KY,3.03,392000,股
2026-07-31,6274,台燿,2.63,643000,股
2026-07-31,6223,旺矽,2.47,127000,股
2026-07-31,3711,日月光投控,2.44,1193000,股
2026-07-31,2303,聯電,2.32,5216000,股
2026-07-31,2360,致茂,2.17,280000,股
2026-07-31,6446,藥華藥,2.1,537191,股
2026-07-31,1590,亞德客-KY,2.06,422000,股
2026-07-31,2059,川湖,2.02,70000,股
2026-07-31,2327,國巨*,1.98,1070000,股
2026-07-31,5274,信驊,1.97,36900,股
2026-07-31,3529,力旺,1.96,215000,股
2026-07-31,8046,南電,1.9,560000,股
2026-07-31,6805,富世達,1.77,357000,股
2026-07-31,2395,研華,1.76,850000,股
2026-07-31,2412,中華電,1.76,3435000,股
2026-07-31,8210,勤誠,1.68,437000,股
2026-07-31,3443,創意電子,1.64,117000,股
2026-07-31,4958,臻鼎-KY,1.64,1078000,股
2026-07-31,2368,金像電,1.57,538000,股
2026-07-31,5536,聖暉*,1.51,443000,股
2026-07-31,2408,南亞科,1.5,1128000,股
2026-07-31,2344,華邦電,1.37,2853000,股
2026-07-31,6515,穎崴,1.26,59000,股
2026-07-31,6531,愛普*,1.16,472000,股
2026-07-31,3533,嘉澤,0.98,143000,股
2026-07-31,2376,技嘉,0.75,603000,股
2026-07-31,2379,瑞昱,0.74,296000,股
2026-07-31,3034,聯詠,0.72,378000,股
2026-07-31,3293,鈊象,0.61,215000,股
2026-07-31,1303,南亞,0.51,870000,股
2026-07-31,6415,矽力*-KY,0.35,231000,股
2026-07-31,3491,昇達科,0.33,92000,股
2026-07-31,4904,遠傳,0.33,849000,股
2026-07-31,8996,高力,0.33,106000,股
2026-07-31,6526,達發,0.28,145000,股
2026-07-31,5434,崇越,0.19,104000,股
2026-07-31,2451,創見,0.17,161000,股
2026-07-31,3260,威剛,0.17,115000,股
2026-07-31,5289,宜鼎,0.16,34000,股
2026-07-31,8299,群聯,0.11,19000,股
2026-07-31,2458,義隆,0.1,175000,股
2026-07-31,C_NTD,CASH,,1974850351,元
2026-07-31,M_NTD,MARGIN,,200000000,元
2026-08-03,2330,台積電,8.68,1039000,股
2026-08-03,2454,聯發科,6.56,476000,股
2026-08-03,2383,台光電,4.72,269000,股
2026-08-03,6669,緯穎,4.49,215000,股
2026-08-03,3017,奇鋐,4.0,445000,股
2026-08-03,3037,欣興,3.99,1310000,股
2026-08-03,2345,智邦,3.55,431000,股
2026-08-03,2308,台達電,3.33,598000,股
2026-08-03,3665,貿聯-KY,2.89,392000,股
2026-08-03,6274,台燿,2.76,643000,股
2026-08-03,6223,旺矽,2.6,127000,股
2026-08-03,3711,日月光投控,2.56,1193000,股
2026-08-03,6446,藥華藥,2.21,537191,股
2026-08-03,2303,聯電,2.17,5216000,股
2026-08-03,2059,川湖,2.13,70000,股
2026-08-03,1590,亞德客-KY,2.1,422000,股
2026-08-03,2327,國巨*,2.08,1070000,股
2026-08-03,5274,信驊,2.08,36900,股
2026-08-03,2360,致茂,1.93,280000,股
2026-08-03,8046,南電,1.88,560000,股
2026-08-03,6805,富世達,1.85,357000,股
2026-08-03,3529,力旺,1.81,215000,股
2026-08-03,2395,研華,1.73,850000,股
2026-08-03,3443,創意電子,1.73,117000,股
2026-08-03,8210,勤誠,1.69,437000,股
2026-08-03,2412,中華電,1.68,3435000,股
2026-08-03,2368,金像電,1.65,538000,股
2026-08-03,4958,臻鼎-KY,1.6,1078000,股
2026-08-03,2408,南亞科,1.58,1128000,股
2026-08-03,5536,聖暉*,1.47,443000,股
2026-08-03,2344,華邦電,1.44,2853000,股
2026-08-03,6515,穎崴,1.3,59000,股
2026-08-03,6531,愛普*,1.22,472000,股
2026-08-03,3533,嘉澤,1.01,143000,股
2026-08-03,2379,瑞昱,0.73,296000,股
2026-08-03,2376,技嘉,0.69,603000,股
2026-08-03,3034,聯詠,0.69,378000,股
2026-08-03,3293,鈊象,0.58,215000,股
2026-08-03,1303,南亞,0.51,870000,股
2026-08-03,3491,昇達科,0.35,92000,股
2026-08-03,6415,矽力*-KY,0.35,231000,股
2026-08-03,8996,高力,0.35,106000,股
2026-08-03,4904,遠傳,0.31,849000,股
2026-08-03,6526,達發,0.28,145000,股
2026-08-03,5434,崇越,0.19,104000,股
2026-08-03,5289,宜鼎,0.17,34000,股
2026-08-03,2451,創見,0.16,161000,股
2026-08-03,3260,威剛,0.16,115000,股
2026-08-03,8299,群聯,0.12,19000,股
2026-08-03,2458,義隆,0.1,175000,股
2026-08-03,C_NTD,CASH,,1575933274,元
2026-08-03,M_NTD,MARGIN,,200000000,元
2026-08-03,PM_NTD,PAYMENT,,7866352,元
2026-08-04,2330,台積電,8.36,1039000,股
2026-08-04,2454,聯發科,6.38,476000,股
2026-08-04,2383,台光電,4.8,269000,股
2026-08-04,6669,緯穎,4.63,215000,股
2026-08-04,3037,欣興,4.2,1310000,股
2026-08-04,3017,奇鋐,4.02,445000,股
2026-08-04,2345,智邦,3.47,431000,股
2026-08-04,2308,台達電,3.36,598000,股
2026-08-04,3665,貿聯-KY,3.13,392000,股
2026-08-04,6274,台燿,2.99,643000,股
2026-08-04,6223,旺矽,2.6,127000,股
2026-08-04,3711,日月光投控,2.42,1193000,股
2026-08-04,2059,川湖,2.31,70000,股
2026-08-04,6446,藥華藥,2.26,537191,股
2026-08-04,2303,聯電,2.14,5216000,股
2026-08-04,2327,國巨*,2.1,1070000,股
2026-08-04,1590,亞德客-KY,2.09,422000,股
2026-08-04,8046,南電,2.03,560000,股
2026-08-04,5274,信驊,1.98,36900,股
2026-08-04,6805,富世達,1.97,357000,股
2026-08-04,3529,力旺,1.92,215000,股
2026-08-04,2360,致茂,1.87,280000,股
2026-08-04,8210,勤誠,1.74,437000,股
2026-08-04,2408,南亞科,1.71,1128000,股
2026-08-04,2395,研華,1.7,850000,股
2026-08-04,3443,創意電子,1.68,117000,股
2026-08-04,2368,金像電,1.67,538000,股
2026-08-04,4958,臻鼎-KY,1.66,1078000,股
2026-08-04,2412,中華電,1.63,3435000,股
2026-08-04,2344,華邦電,1.55,2853000,股
2026-08-04,5536,聖暉*,1.52,443000,股
2026-08-04,6515,穎崴,1.35,59000,股
2026-08-04,6531,愛普*,1.32,472000,股
2026-08-04,3533,嘉澤,1.0,143000,股
2026-08-04,2379,瑞昱,0.74,296000,股
2026-08-04,2376,技嘉,0.69,603000,股
2026-08-04,3034,聯詠,0.69,378000,股
2026-08-04,3293,鈊象,0.58,215000,股
2026-08-04,1303,南亞,0.51,870000,股
2026-08-04,8996,高力,0.38,106000,股
2026-08-04,3491,昇達科,0.37,92000,股
2026-08-04,6415,矽力*-KY,0.34,231000,股
2026-08-04,4904,遠傳,0.3,849000,股
2026-08-04,6526,達發,0.29,145000,股
2026-08-04,5434,崇越,0.18,104000,股
2026-08-04,5289,宜鼎,0.17,34000,股
2026-08-04,2451,創見,0.16,161000,股
2026-08-04,3260,威剛,0.16,115000,股
2026-08-04,8299,群聯,0.12,19000,股
2026-08-04,2458,義隆,0.1,175000,股
2026-08-04,C_NTD,CASH,,1575933274,元
2026-08-04,M_NTD,MARGIN,,200000000,元
2026-08-05,2330,台積電,8.52,1039000,股
2026-08-05,2454,聯發科,6.49,476000,股
2026-08-05,2383,台光電,4.81,269000,股
2026-08-05,6669,緯穎,4.53,215000,股
2026-08-05,3037,欣興,4.33,1310000,股
2026-08-05,3017,奇鋐,4.14,445000,股
2026-08-05,2345,智邦,3.5,431000,股
2026-08-05,2308,台達電,3.36,598000,股
2026-08-05,6274,台燿,3.22,643000,股
2026-08-05,3665,貿聯-KY,3.15,392000,股
2026-08-05,6223,旺矽,2.7,127000,股
2026-08-05,6446,藥華藥,2.44,537191,股
2026-08-05,3711,日月光投控,2.41,1193000,股
2026-08-05,2059,川湖,2.26,70000,股
2026-08-05,1590,亞德客-KY,2.17,422000,股
2026-08-05,2303,聯電,2.17,5216000,股
2026-08-05,2327,國巨*,2.11,1070000,股
2026-08-05,5274,信驊,2.02,36900,股
2026-08-05,8046,南電,2.02,560000,股
2026-08-05,6805,富世達,1.95,357000,股
2026-08-05,3529,力旺,1.93,215000,股
2026-08-05,2395,研華,1.83,850000,股
2026-08-05,2360,致茂,1.8,280000,股
2026-08-05,4958,臻鼎-KY,1.79,1078000,股
2026-08-05,3443,創意電子,1.75,117000,股
2026-08-05,8210,勤誠,1.74,437000,股
2026-08-05,2368,金像電,1.72,538000,股
2026-08-05,2408,南亞科,1.71,1128000,股
2026-08-05,2344,華邦電,1.64,2853000,股
2026-08-05,2412,中華電,1.6,3435000,股
2026-08-05,5536,聖暉*,1.54,443000,股
2026-08-05,6515,穎崴,1.38,59000,股
2026-08-05,6531,愛普*,1.38,472000,股
2026-08-05,3533,嘉澤,0.95,143000,股
2026-08-05,2379,瑞昱,0.76,296000,股
2026-08-05,3034,聯詠,0.71,378000,股
2026-08-05,2376,技嘉,0.7,603000,股
2026-08-05,3293,鈊象,0.57,215000,股
2026-08-05,1303,南亞,0.52,870000,股
2026-08-05,3491,昇達科,0.4,92000,股
2026-08-05,8996,高力,0.37,106000,股
2026-08-05,6415,矽力*-KY,0.35,231000,股
2026-08-05,6526,達發,0.31,145000,股
2026-08-05,4904,遠傳,0.29,849000,股
2026-08-05,5434,崇越,0.18,104000,股
2026-08-05,5289,宜鼎,0.17,34000,股
2026-08-05,2451,創見,0.16,161000,股
2026-08-05,3260,威剛,0.16,115000,股
2026-08-05,8299,群聯,0.12,19000,股
2026-08-05,2458,義隆,0.1,175000,股
2026-08-05,C_NTD,CASH,,1462924711,元
2026-08-05,M_NTD,MARGIN,,200000000,元
2026-08-06,2330,台積電,7.98,991000,股
2026-08-06,2454,聯發科,6.35,476000,股
2026-08-06,2383,台光電,4.86,269000,股
2026-08-06,6669,緯穎,4.37,205000,股
2026-08-06,3037,欣興,4.34,1310000,股
2026-08-06,3017,奇鋐,4.24,424000,股
2026-08-06,2345,智邦,3.37,411000,股
2026-08-06,6274,台燿,3.35,643000,股
2026-08-06,2308,台達電,3.26,570000,股
2026-08-06,3665,貿聯-KY,3.02,374000,股
2026-08-06,6223,旺矽,2.72,127000,股
2026-08-06,2059,川湖,2.41,70000,股
2026-08-06,6446,藥華藥,2.36,537191,股
2026-08-06,3711,日月光投控,2.31,1138000,股
2026-08-06,1590,亞德客-KY,2.24,422000,股
2026-08-06,8046,南電,2.11,560000,股
2026-08-06,2327,國巨*,2.08,1070000,股
2026-08-06,2303,聯電,2.06,4976000,股
2026-08-06,6805,富世達,2.04,341000,股
2026-08-06,5274,信驊,1.99,34900,股
2026-08-06,3529,力旺,1.95,215000,股
2026-08-06,2360,致茂,1.8,267000,股
2026-08-06,2368,金像電,1.8,538000,股
2026-08-06,3443,創意電子,1.78,117000,股
2026-08-06,8210,勤誠,1.75,417000,股
2026-08-06,2395,研華,1.72,811000,股
2026-08-06,4958,臻鼎-KY,1.69,1028000,股
2026-08-06,2408,南亞科,1.68,1076000,股
2026-08-06,2344,華邦電,1.66,2853000,股
2026-08-06,5536,聖暉*,1.54,423000,股
2026-08-06,2412,中華電,1.53,3277000,股
2026-08-06,6531,愛普*,1.45,472000,股
2026-08-06,6515,穎崴,1.36,59000,股
2026-08-06,3533,嘉澤,0.91,136000,股
2026-08-06,2379,瑞昱,0.71,282000,股
2026-08-06,2376,技嘉,0.67,575000,股
2026-08-06,3034,聯詠,0.67,361000,股
2026-08-06,3293,鈊象,0.55,205000,股
2026-08-06,1303,南亞,0.5,830000,股
2026-08-06,3491,昇達科,0.42,92000,股
2026-08-06,8996,高力,0.41,106000,股
2026-08-06,6415,矽力*-KY,0.33,220000,股
2026-08-06,6526,達發,0.3,138000,股
2026-08-06,4904,遠傳,0.28,810000,股
2026-08-06,5289,宜鼎,0.18,32000,股
2026-08-06,5434,崇越,0.17,99000,股
2026-08-06,2451,創見,0.16,161000,股
2026-08-06,3260,威剛,0.16,115000,股
2026-08-06,8299,群聯,0.13,19000,股
2026-08-06,2458,義隆,0.09,175000,股
2026-08-06,C_NTD,CASH,,1372835535,元
2026-08-06,M_NTD,MARGIN,,200000000,元
2026-08-07,2330,台積電,8.18,991000,股
2026-08-07,2454,聯發科,6.47,476000,股
2026-08-07,2383,台光電,4.91,269000,股
2026-08-07,3037,欣興,4.36,1310000,股
2026-08-07,6669,緯穎,4.36,205000,股
2026-08-07,3017,奇鋐,4.11,424000,股
2026-08-07,2308,台達電,3.28,570000,股
2026-08-07,6274,台燿,3.23,643000,股
2026-08-07,2345,智邦,3.17,411000,股
2026-08-07,3665,貿聯-KY,2.87,374000,股
2026-08-07,2059,川湖,2.71,70000,股
2026-08-07,6223,旺矽,2.7,127000,股
2026-08-07,3711,日月光投控,2.32,1138000,股
2026-08-07,6446,藥華藥,2.32,537191,股
2026-08-07,1590,亞德客-KY,2.27,422000,股
2026-08-07,8046,南電,2.11,560000,股
2026-08-07,3529,力旺,2.04,215000,股
2026-08-07,2303,聯電,2.01,4976000,股
2026-08-07,2327,國巨*,2.01,1070000,股
2026-08-07,5274,信驊,1.99,34900,股
2026-08-07,6805,富世達,1.98,341000,股
2026-08-07,2360,致茂,1.89,267000,股
2026-08-07,3443,創意電子,1.85,117000,股
2026-08-07,2368,金像電,1.84,538000,股
2026-08-07,2395,研華,1.79,811000,股
2026-08-07,2408,南亞科,1.71,1076000,股
2026-08-07,4958,臻鼎-KY,1.69,1028000,股
2026-08-07,2344,華邦電,1.63,2853000,股
2026-08-07,8210,勤誠,1.62,417000,股
2026-08-07,2412,中華電,1.57,3277000,股
2026-08-07,5536,聖暉*,1.56,423000,股
2026-08-07,6531,愛普*,1.56,472000,股
2026-08-07,6515,穎崴,1.39,59000,股
2026-08-07,3533,嘉澤,0.91,136000,股
2026-08-07,2379,瑞昱,0.74,282000,股
2026-08-07,2376,技嘉,0.69,575000,股
2026-08-07,3034,聯詠,0.68,361000,股
2026-08-07,3293,鈊象,0.57,205000,股
2026-08-07,1303,南亞,0.54,830000,股
2026-08-07,3491,昇達科,0.4,92000,股
2026-08-07,8996,高力,0.39,106000,股
2026-08-07,6415,矽力*-KY,0.34,220000,股
2026-08-07,6526,達發,0.3,138000,股
2026-08-07,4904,遠傳,0.29,810000,股
2026-08-07,2451,創見,0.17,161000,股
2026-08-07,3260,威剛,0.17,115000,股
2026-08-07,5289,宜鼎,0.17,32000,股
2026-08-07,5434,崇越,0.17,99000,股
2026-08-07,8299,群聯,0.13,19000,股
2026-08-07,2458,義隆,0.09,175000,股
2026-08-07,C_NTD,CASH,,1087915136,元
2026-08-07,M_NTD,MARGIN,,200000000,元
2026-08-10,2330,台積電,8.2,991000,股
2026-08-10,2454,聯發科,6.56,476000,股
2026-08-10,2383,台光電,4.95,269000,股
2026-08-10,3037,欣興,4.52,1310000,股
2026-08-10,6669,緯穎,4.29,205000,股
2026-08-10,3017,奇鋐,4.08,424000,股
2026-08-10,2308,台達電,3.6,570000,股
2026-08-10,6274,台燿,3.27,643000,股
2026-08-10,2345,智邦,3.1,411000,股
2026-08-10,2059,川湖,2.9,70000,股
2026-08-10,3665,貿聯-KY,2.85,374000,股
2026-08-10,6223,旺矽,2.75,127000,股
2026-08-10,3711,日月光投控,2.5,1138000,股
2026-08-10,6446,藥華藥,2.49,537191,股
2026-08-10,1590,亞德客-KY,2.31,422000,股
2026-08-10,8046,南電,2.2,560000,股
2026-08-10,2303,聯電,2.13,4976000,股
2026-08-10,2327,國巨*,2.13,1070000,股
2026-08-10,3529,力旺,2.12,215000,股
2026-08-10,6805,富世達,2.08,341000,股
2026-08-10,5274,信驊,2.01,34900,股
2026-08-10,2360,致茂,1.89,267000,股
2026-08-10,2395,研華,1.88,811000,股
2026-08-10,2408,南亞科,1.88,1076000,股
2026-08-10,3443,創意電子,1.84,117000,股
2026-08-10,2344,華邦電,1.78,2853000,股
2026-08-10,2368,金像電,1.73,538000,股
2026-08-10,4958,臻鼎-KY,1.68,1028000,股
2026-08-10,2412,中華電,1.56,3277000,股
2026-08-10,8210,勤誠,1.56,417000,股
2026-08-10,5536,聖暉*,1.54,423000,股
2026-08-10,6531,愛普*,1.52,472000,股
2026-08-10,6515,穎崴,1.4,59000,股
2026-08-10,3533,嘉澤,0.93,136000,股
2026-08-10,2379,瑞昱,0.74,282000,股
2026-08-10,2376,技嘉,0.7,575000,股
2026-08-10,3034,聯詠,0.68,361000,股
2026-08-10,3293,鈊象,0.57,205000,股
2026-08-10,1303,南亞,0.53,830000,股
2026-08-10,3491,昇達科,0.4,92000,股
2026-08-10,8996,高力,0.4,106000,股
2026-08-10,6415,矽力*-KY,0.36,220000,股
2026-08-10,6526,達發,0.3,138000,股
2026-08-10,4904,遠傳,0.29,810000,股
2026-08-10,5434,崇越,0.18,99000,股
2026-08-10,2451,創見,0.17,161000,股
2026-08-10,3260,威剛,0.16,115000,股
2026-08-10,5289,宜鼎,0.16,32000,股
2026-08-10,8299,群聯,0.13,19000,股
2026-08-10,2458,義隆,0.09,175000,股
2026-08-10,C_NTD,CASH,,1379964559,元
2026-08-10,M_NTD,MARGIN,,200000000,元
2026-08-11,2330,台積電,8.21,991000,股
2026-08-11,2454,聯發科,6.62,476000,股
2026-08-11,2383,台光電,5.15,269000,股
2026-08-11,3037,欣興,4.5,1310000,股
2026-08-11,6669,緯穎,4.21,205000,股
2026-08-11,3017,奇鋐,4.05,424000,股
2026-08-11,6274,台燿,3.57,643000,股
2026-08-11,2308,台達電,3.56,570000,股
2026-08-11,2345,智邦,3.04,411000,股
2026-08-11,2059,川湖,2.98,70000,股
2026-08-11,3665,貿聯-KY,2.85,374000,股
2026-08-11,6223,旺矽,2.78,127000,股
2026-08-11,6446,藥華藥,2.71,537191,股
2026-08-11,3711,日月光投控,2.48,1138000,股
2026-08-11,1590,亞德客-KY,2.28,422000,股
2026-08-11,2327,國巨*,2.28,1070000,股
2026-08-11,8046,南電,2.23,560000,股
2026-08-11,2303,聯電,2.12,4976000,股
2026-08-11,6805,富世達,2.11,341000,股
2026-08-11,3443,創意電子,2.01,117000,股
2026-08-11,5274,信驊,1.99,34900,股
2026-08-11,3529,力旺,1.98,215000,股
2026-08-11,2360,致茂,1.92,267000,股
2026-08-11,2395,研華,1.86,811000,股
2026-08-11,2408,南亞科,1.82,1076000,股
2026-08-11,2368,金像電,1.79,538000,股
2026-08-11,2344,華邦電,1.76,2853000,股
2026-08-11,4958,臻鼎-KY,1.74,1028000,股
2026-08-11,2412,中華電,1.54,3277000,股
2026-08-11,8210,勤誠,1.46,417000,股
2026-08-11,6515,穎崴,1.41,59000,股
2026-08-11,5536,聖暉*,1.38,423000,股
2026-08-11,6531,愛普*,1.36,472000,股
2026-08-11,3533,嘉澤,0.94,136000,股
2026-08-11,2379,瑞昱,0.75,282000,股
2026-08-11,2376,技嘉,0.7,575000,股
2026-08-11,3034,聯詠,0.67,361000,股
2026-08-11,3293,鈊象,0.57,205000,股
2026-08-11,1303,南亞,0.55,830000,股
2026-08-11,3491,昇達科,0.41,92000,股
2026-08-11,8996,高力,0.39,106000,股
2026-08-11,6415,矽力*-KY,0.36,220000,股
2026-08-11,6526,達發,0.3,138000,股
2026-08-11,4904,遠傳,0.28,810000,股
2026-08-11,5434,崇越,0.18,99000,股
2026-08-11,2451,創見,0.16,161000,股
2026-08-11,3260,威剛,0.16,115000,股
2026-08-11,5289,宜鼎,0.16,32000,股
2026-08-11,8299,群聯,0.14,19000,股
2026-08-11,2458,義隆,0.09,175000,股
2026-08-11,C_NTD,CASH,,986523144,元
2026-08-11,M_NTD,MARGIN,,200000000,元
2026-08-12,2330,台積電,8.25,991000,股
2026-08-12,2454,聯發科,6.59,476000,股
2026-08-12,2383,台光電,5.32,269000,股
2026-08-12,3037,欣興,4.52,1310000,股
2026-08-12,3017,奇鋐,4.26,424000,股
2026-08-12,6669,緯穎,4.26,205000,股
2026-08-12,6274,台燿,3.55,643000,股
2026-08-12,2308,台達電,3.52,570000,股
2026-08-12,2059,川湖,2.91,70000,股
2026-08-12,6223,旺矽,2.89,127000,股
2026-08-12,2345,智邦,2.8,366000,股
2026-08-12,6446,藥華藥,2.67,537191,股
2026-08-12,3711,日月光投控,2.44,1138000,股
2026-08-12,8046,南電,2.44,560000,股
2026-08-12,1590,亞德客-KY,2.32,422000,股
2026-08-12,2327,國巨*,2.22,1070000,股
2026-08-12,6805,富世達,2.16,341000,股
2026-08-12,2303,聯電,2.11,4976000,股
2026-08-12,5274,信驊,2.09,34900,股
2026-08-12,3443,創意電子,2.07,117000,股
2026-08-12,2360,致茂,2.02,267000,股
2026-08-12,3529,力旺,1.97,215000,股
2026-08-12,2395,研華,1.92,811000,股
2026-08-12,3665,貿聯-KY,1.91,257000,股
2026-08-12,2368,金像電,1.86,538000,股
2026-08-12,2408,南亞科,1.79,1076000,股
2026-08-12,2344,華邦電,1.74,2853000,股
2026-08-12,4958,臻鼎-KY,1.67,1028000,股
2026-08-12,6515,穎崴,1.46,59000,股
2026-08-12,6531,愛普*,1.43,472000,股
2026-08-12,8210,勤誠,0.89,258000,股
2026-08-12,5536,聖暉*,0.8,253000,股
2026-08-12,2379,瑞昱,0.75,282000,股
2026-08-12,2376,技嘉,0.74,575000,股
2026-08-12,3034,聯詠,0.67,361000,股
2026-08-12,2412,中華電,0.6,1277000,股
2026-08-12,3293,鈊象,0.55,205000,股
2026-08-12,1303,南亞,0.54,830000,股
2026-08-12,8996,高力,0.43,106000,股
2026-08-12,3491,昇達科,0.42,92000,股
2026-08-12,3533,嘉澤,0.39,56000,股
2026-08-12,6415,矽力*-KY,0.34,220000,股
2026-08-12,6526,達發,0.29,138000,股
2026-08-12,4904,遠傳,0.28,810000,股
2026-08-12,5434,崇越,0.18,99000,股
2026-08-12,5289,宜鼎,0.17,32000,股
2026-08-12,2451,創見,0.16,161000,股
2026-08-12,3260,威剛,0.16,115000,股
2026-08-12,8299,群聯,0.14,19000,股
2026-08-12,2458,義隆,0.09,175000,股
2026-08-12,C_NTD,CASH,,944125817,元
2026-08-12,M_NTD,MARGIN,,100000000,元
2026-08-13,2330,台積電,8.31,991000,股
2026-08-13,2454,聯發科,6.93,476000,股
2026-08-13,2383,台光電,5.27,269000,股
2026-08-13,3017,奇鋐,4.67,424000,股
2026-08-13,3037,欣興,4.51,1310000,股
2026-08-13,6669,緯穎,4.29,205000,股
2026-08-13,2308,台達電,3.7,570000,股
2026-08-13,6274,台燿,3.54,643000,股
2026-08-13,2059,川湖,2.95,70000,股
2026-08-13,2345,智邦,2.86,366000,股
2026-08-13,6223,旺矽,2.84,127000,股
2026-08-13,3443,創意電子,2.73,143000,股
2026-08-13,6446,藥華藥,2.67,537191,股
2026-08-13,3711,日月光投控,2.45,1138000,股
2026-08-13,2327,國巨*,2.44,1070000,股
2026-08-13,8046,南電,2.34,560000,股
2026-08-13,6805,富世達,2.15,341000,股
2026-08-13,2303,聯電,2.13,4976000,股
2026-08-13,2360,致茂,2.12,267000,股
2026-08-13,5274,信驊,2.1,34900,股
2026-08-13,3529,力旺,2.0,215000,股
2026-08-13,2395,研華,1.95,811000,股
2026-08-13,3665,貿聯-KY,1.95,257000,股
2026-08-13,2408,南亞科,1.91,1076000,股
2026-08-13,2368,金像電,1.87,538000,股
2026-08-13,2344,華邦電,1.74,2853000,股
2026-08-13,4958,臻鼎-KY,1.69,1028000,股
2026-08-13,6531,愛普*,1.41,472000,股
2026-08-13,6515,穎崴,1.37,59000,股
2026-08-13,8210,勤誠,0.88,258000,股
2026-08-13,5536,聖暉*,0.79,253000,股
2026-08-13,2376,技嘉,0.78,575000,股
2026-08-13,2379,瑞昱,0.74,282000,股
2026-08-13,1590,亞德客-KY,0.68,134000,股
2026-08-13,3034,聯詠,0.67,361000,股
2026-08-13,2412,中華電,0.6,1277000,股
2026-08-13,1303,南亞,0.54,830000,股
2026-08-13,3293,鈊象,0.54,205000,股
2026-08-13,8996,高力,0.47,106000,股
2026-08-13,3491,昇達科,0.43,92000,股
2026-08-13,3533,嘉澤,0.35,56000,股
2026-08-13,6415,矽力*-KY,0.35,220000,股
2026-08-13,6526,達發,0.3,138000,股
2026-08-13,4904,遠傳,0.28,810000,股
2026-08-13,5434,崇越,0.18,99000,股
2026-08-13,2451,創見,0.17,161000,股
2026-08-13,5289,宜鼎,0.17,32000,股
2026-08-13,3260,威剛,0.16,115000,股
2026-08-13,8299,群聯,0.15,19000,股
2026-08-13,2458,義隆,0.09,175000,股
2026-08-13,C_NTD,CASH,,409883739,元
2026-08-13,M_NTD,MARGIN,,100000000,元
2026-08-14,2330,台積電,8.21,991000,股
2026-08-14,2454,聯發科,6.94,476000,股
2026-08-14,2383,台光電,5.74,269000,股
2026-08-14,3017,奇鋐,4.75,424000,股
2026-08-14,3037,欣興,4.63,1310000,股
2026-08-14,6669,緯穎,4.57,205000,股
2026-08-14,6274,台燿,3.73,643000,股
2026-08-14,2308,台達電,3.72,570000,股
2026-08-14,2059,川湖,3.03,70000,股
2026-08-14,2345,智邦,2.91,366000,股
2026-08-14,6223,旺矽,2.83,127000,股
2026-08-14,6446,藥華藥,2.79,537191,股
2026-08-14,3443,創意電子,2.71,143000,股
2026-08-14,8046,南電,2.53,560000,股
2026-08-14,3711,日月光投控,2.43,1138000,股
2026-08-14,2327,國巨*,2.3,1070000,股
2026-08-14,5274,信驊,2.14,34900,股
2026-08-14,2360,致茂,2.13,267000,股
2026-08-14,6805,富世達,2.13,341000,股
2026-08-14,2303,聯電,2.08,4976000,股
2026-08-14,3529,力旺,1.98,215000,股
2026-08-14,3665,貿聯-KY,1.96,257000,股
2026-08-14,2395,研華,1.92,811000,股
2026-08-14,2408,南亞科,1.91,1076000,股
2026-08-14,2368,金像電,1.89,538000,股
2026-08-14,2344,華邦電,1.81,2853000,股
2026-08-14,4958,臻鼎-KY,1.74,1028000,股
2026-08-14,6531,愛普*,1.52,472000,股
2026-08-14,6515,穎崴,1.38,59000,股
2026-08-14,8210,勤誠,0.89,258000,股
2026-08-14,5536,聖暉*,0.81,253000,股
2026-08-14,2376,技嘉,0.79,575000,股
2026-08-14,2379,瑞昱,0.7,282000,股
2026-08-14,3034,聯詠,0.64,361000,股
2026-08-14,1303,南亞,0.6,830000,股
2026-08-14,3293,鈊象,0.53,205000,股
2026-08-14,1560,中砂,0.47,186000,股
2026-08-14,8996,高力,0.47,106000,股
2026-08-14,3491,昇達科,0.44,92000,股
2026-08-14,6415,矽力*-KY,0.37,220000,股
2026-08-14,6526,達發,0.29,138000,股
2026-08-14,4904,遠傳,0.28,810000,股
2026-08-14,5434,崇越,0.18,99000,股
2026-08-14,2451,創見,0.16,161000,股
2026-08-14,3260,威剛,0.16,115000,股
2026-08-14,5289,宜鼎,0.16,32000,股
2026-08-14,8299,群聯,0.14,19000,股
2026-08-14,2458,義隆,0.09,175000,股
2026-08-14,1590,亞德客-KY,0.07,14000,股
2026-08-14,2412,中華電,0.04,77000,股
2026-08-14,C_NTD,CASH,,1381722660,元
2026-08-14,M_NTD,MARGIN,,100000000,元
2026-08-17,2330,台積電,8.33,991000,股
2026-08-17,2454,聯發科,6.75,476000,股
2026-08-17,2383,台光電,5.98,269000,股
2026-08-17,3037,欣興,5.14,1310000,股
2026-08-17,6669,緯穎,4.75,205000,股
2026-08-17,3017,奇鋐,4.68,424000,股
2026-08-17,2308,台達電,3.76,570000,股
2026-08-17,6274,台燿,3.6,643000,股
2026-08-17,2059,川湖,3.37,70000,股
2026-08-17,2345,智邦,2.93,366000,股
2026-08-17,3443,創意電子,2.93,143000,股
2026-08-17,6446,藥華藥,2.65,537191,股
2026-08-17,6223,旺矽,2.58,127000,股
2026-08-17,8046,南電,2.54,560000,股
2026-08-17,3711,日月光投控,2.45,1138000,股
2026-08-17,6805,富世達,2.3,341000,股
2026-08-17,2327,國巨*,2.28,1070000,股
2026-08-17,2360,致茂,2.21,267000,股
2026-08-17,2303,聯電,2.12,4976000,股
2026-08-17,5274,信驊,2.08,34900,股
2026-08-17,2408,南亞科,1.97,1076000,股
2026-08-17,3665,貿聯-KY,1.92,257000,股
2026-08-17,2395,研華,1.91,811000,股
2026-08-17,2368,金像電,1.9,538000,股
2026-08-17,2344,華邦電,1.81,2853000,股
2026-08-17,4958,臻鼎-KY,1.81,1028000,股
2026-08-17,3529,力旺,1.8,215000,股
2026-08-17,6531,愛普*,1.44,472000,股
2026-08-17,6515,穎崴,1.37,59000,股
2026-08-17,8210,勤誠,0.91,258000,股
2026-08-17,2376,技嘉,0.72,575000,股
2026-08-17,2379,瑞昱,0.71,282000,股
2026-08-17,3034,聯詠,0.64,361000,股
2026-08-17,1303,南亞,0.58,830000,股
2026-08-17,3293,鈊象,0.52,205000,股
2026-08-17,1560,中砂,0.48,186000,股
2026-08-17,6187,萬潤,0.48,100000,股
2026-08-17,8996,高力,0.45,106000,股
2026-08-17,3491,昇達科,0.43,92000,股
2026-08-17,6526,達發,0.29,138000,股
2026-08-17,5434,崇越,0.18,99000,股
2026-08-17,5289,宜鼎,0.17,32000,股
2026-08-17,2451,創見,0.16,161000,股
2026-08-17,3260,威剛,0.16,115000,股
2026-08-17,8299,群聯,0.14,19000,股
2026-08-17,3008,大立光,0.11,6000,股
2026-08-17,2301,光寶科,0.09,100000,股
2026-08-17,2458,義隆,0.09,175000,股
2026-08-17,1590,亞德客-KY,0.07,14000,股
2026-08-17,2412,中華電,0.04,77000,股
2026-08-17,6415,矽力*-KY,0.03,20000,股
2026-08-17,C_NTD,CASH,,1367398907,元
2026-08-17,M_NTD,MARGIN,,100000000,元
2026-08-18,2330,台積電,8.53,991000,股
2026-08-18,2383,台光電,6.03,269000,股
2026-08-18,3037,欣興,5.42,1310000,股
2026-08-18,2454,聯發科,5.04,359000,股
2026-08-18,6669,緯穎,4.74,205000,股
2026-08-18,3017,奇鋐,4.65,424000,股
2026-08-18,2308,台達電,3.75,570000,股
2026-08-18,2059,川湖,3.64,70000,股
2026-08-18,6274,台燿,3.59,643000,股
2026-08-18,2345,智邦,2.94,366000,股
2026-08-18,3443,創意電子,2.86,143000,股
2026-08-18,8046,南電,2.79,620000,股
2026-08-18,3711,日月光投控,2.46,1138000,股
2026-08-18,6223,旺矽,2.42,127000,股
2026-08-18,6805,富世達,2.42,341000,股
2026-08-18,2327,國巨*,2.23,1070000,股
2026-08-18,2360,致茂,2.23,267000,股
2026-08-18,5274,信驊,2.15,34900,股
2026-08-18,2303,聯電,2.14,4976000,股
2026-08-18,2368,金像電,2.08,538000,股
2026-08-18,3665,貿聯-KY,2.08,257000,股
2026-08-18,2408,南亞科,2.0,1076000,股
2026-08-18,2395,研華,1.99,811000,股
2026-08-18,2344,華邦電,1.82,2853000,股
2026-08-18,3529,力旺,1.82,215000,股
2026-08-18,4958,臻鼎-KY,1.76,1028000,股
2026-08-18,6531,愛普*,1.47,472000,股
2026-08-18,6515,穎崴,1.35,59000,股
2026-08-18,6446,藥華藥,1.02,201191,股
2026-08-18,2301,光寶科,0.98,987000,股
2026-08-18,8210,勤誠,0.96,258000,股
2026-08-18,3653,健策,0.89,48000,股
2026-08-18,2379,瑞昱,0.72,282000,股
2026-08-18,3034,聯詠,0.66,361000,股
2026-08-18,1303,南亞,0.6,830000,股
2026-08-18,3008,大立光,0.59,31000,股
2026-08-18,3293,鈊象,0.55,205000,股
2026-08-18,1560,中砂,0.48,186000,股
2026-08-18,6187,萬潤,0.46,100000,股
2026-08-18,8996,高力,0.45,106000,股
2026-08-18,3491,昇達科,0.42,92000,股
2026-08-18,2615,萬海,0.3,782000,股
2026-08-18,5434,崇越,0.2,99000,股
2026-08-18,5289,宜鼎,0.17,32000,股
2026-08-18,2451,創見,0.16,161000,股
2026-08-18,3260,威剛,0.16,115000,股
2026-08-18,8299,群聯,0.14,19000,股
2026-08-18,6526,達發,0.08,38000,股
2026-08-18,1590,亞德客-KY,0.07,14000,股
2026-08-18,2412,中華電,0.04,77000,股
2026-08-18,C_NTD,CASH,,1266777406,元
2026-08-18,M_NTD,MARGIN,,100000000,元
2026-08-19,2330,台積電,8.62,991000,股
2026-08-19,2383,台光電,5.85,269000,股
2026-08-19,3037,欣興,5.48,1310000,股
2026-08-19,2454,聯發科,5.11,359000,股
2026-08-19,3017,奇鋐,4.86,424000,股
2026-08-19,6669,緯穎,4.84,205000,股
2026-08-19,2308,台達電,3.72,570000,股
2026-08-19,2059,川湖,3.65,70000,股
2026-08-19,6274,台燿,3.57,643000,股
2026-08-19,2345,智邦,2.88,366000,股
2026-08-19,3443,創意電子,2.8,143000,股
2026-08-19,8046,南電,2.71,620000,股
2026-08-19,3711,日月光投控,2.48,1138000,股
2026-08-19,6223,旺矽,2.47,127000,股
2026-08-19,2327,國巨*,2.28,1070000,股
2026-08-19,6805,富世達,2.27,341000,股
2026-08-19,2303,聯電,2.13,4976000,股
2026-08-19,2360,致茂,2.09,267000,股
2026-08-19,3665,貿聯-KY,2.09,257000,股
2026-08-19,2395,研華,2.08,811000,股
2026-08-19,2368,金像電,2.07,538000,股
2026-08-19,5274,信驊,2.04,34900,股
2026-08-19,3653,健策,1.98,98000,股
2026-08-19,2408,南亞科,1.91,1076000,股
2026-08-19,3529,力旺,1.8,215000,股
2026-08-19,4958,臻鼎-KY,1.74,1028000,股
2026-08-19,6515,穎崴,1.39,59000,股
2026-08-19,6446,藥華藥,1.04,201191,股
2026-08-19,2301,光寶科,1.0,987000,股
2026-08-19,6187,萬潤,0.97,200000,股
2026-08-19,8210,勤誠,0.94,258000,股
2026-08-19,2379,瑞昱,0.77,282000,股
2026-08-19,3034,聯詠,0.71,361000,股
2026-08-19,3008,大立光,0.64,31000,股
2026-08-19,1303,南亞,0.58,830000,股
2026-08-19,3293,鈊象,0.57,205000,股
2026-08-19,1560,中砂,0.49,186000,股
2026-08-19,8996,高力,0.45,106000,股
2026-08-19,3491,昇達科,0.42,92000,股
2026-08-19,2615,萬海,0.31,782000,股
2026-08-19,6531,愛普*,0.28,92000,股
2026-08-19,5434,崇越,0.19,99000,股
2026-08-19,5289,宜鼎,0.18,32000,股
2026-08-19,2451,創見,0.17,161000,股
2026-08-19,3260,威剛,0.17,115000,股
2026-08-19,8299,群聯,0.14,19000,股
2026-08-19,2344,華邦電,0.13,203000,股
2026-08-19,1590,亞德客-KY,0.08,14000,股
2026-08-19,6526,達發,0.08,38000,股
2026-08-19,2412,中華電,0.04,77000,股
2026-08-19,C_NTD,CASH,,1036781619,元
2026-08-19,M_NTD,MARGIN,,100000000,元
2026-08-20,2330,台積電,8.67,991000,股
2026-08-20,2383,台光電,5.93,269000,股
2026-08-20,3037,欣興,5.5,1310000,股
2026-08-20,6669,緯穎,4.78,205000,股
2026-08-20,3017,奇鋐,4.66,424000,股
2026-08-20,2454,聯發科,4.38,321000,股
2026-08-20,6274,台燿,3.73,643000,股
2026-08-20,2308,台達電,3.67,570000,股
2026-08-20,2059,川湖,3.59,70000,股
2026-08-20,3443,創意電子,3.38,163000,股
2026-08-20,6223,旺矽,3.27,157000,股
2026-08-20,2345,智邦,2.84,366000,股
2026-08-20,8046,南電,2.73,620000,股
2026-08-20,3711,日月光投控,2.47,1138000,股
2026-08-20,6805,富世達,2.32,341000,股
2026-08-20,2327,國巨*,2.22,1070000,股
2026-08-20,3665,貿聯-KY,2.13,257000,股
2026-08-20,2303,聯電,2.12,4976000,股
2026-08-20,2360,致茂,2.11,267000,股
2026-08-20,2408,南亞科,2.05,1076000,股
2026-08-20,2368,金像電,2.03,538000,股
2026-08-20,5274,信驊,2.03,34900,股
2026-08-20,3653,健策,2.02,98000,股
2026-08-20,2395,研華,2.01,811000,股
2026-08-20,3529,力旺,1.75,215000,股
2026-08-20,4958,臻鼎-KY,1.75,1028000,股
2026-08-20,6515,穎崴,1.39,59000,股
2026-08-20,6446,藥華藥,1.02,201191,股
2026-08-20,2301,光寶科,0.97,987000,股
2026-08-20,6187,萬潤,0.93,200000,股
2026-08-20,8210,勤誠,0.92,258000,股
2026-08-20,3034,聯詠,0.7,361000,股
2026-08-20,3008,大立光,0.63,31000,股
2026-08-20,1303,南亞,0.57,830000,股
2026-08-20,3293,鈊象,0.57,205000,股
2026-08-20,1560,中砂,0.48,186000,股
2026-08-20,3491,昇達科,0.44,92000,股
2026-08-20,8996,高力,0.44,106000,股
2026-08-20,2615,萬海,0.33,782000,股
2026-08-20,6531,愛普*,0.3,92000,股
2026-08-20,2379,瑞昱,0.21,82000,股
2026-08-20,5434,崇越,0.19,99000,股
2026-08-20,5289,宜鼎,0.18,32000,股
2026-08-20,2451,創見,0.17,161000,股
2026-08-20,3260,威剛,0.17,115000,股
2026-08-20,8299,群聯,0.14,19000,股
2026-08-20,2344,華邦電,0.13,203000,股
2026-08-20,6526,達發,0.08,38000,股
2026-08-20,1590,亞德客-KY,0.07,14000,股
2026-08-20,2412,中華電,0.04,77000,股
2026-08-20,C_NTD,CASH,,1201487106,元
2026-08-20,M_NTD,MARGIN,,100000000,元
2026-08-21,2330,台積電,8.96,991000,股
2026-08-21,2383,台光電,5.73,269000,股
2026-08-21,3037,欣興,5.33,1310000,股
2026-08-21,6669,緯穎,4.81,205000,股
2026-08-21,2454,聯發科,4.57,321000,股
2026-08-21,3017,奇鋐,4.56,424000,股
2026-08-21,2308,台達電,3.74,570000,股
2026-08-21,6274,台燿,3.61,643000,股
2026-08-21,2059,川湖,3.52,70000,股
2026-08-21,3443,創意電子,3.43,163000,股
2026-08-21,6223,旺矽,3.22,157000,股
2026-08-21,2345,智邦,2.79,366000,股
2026-08-21,8046,南電,2.64,620000,股
2026-08-21,3711,日月光投控,2.51,1138000,股
2026-08-21,6805,富世達,2.26,341000,股
2026-08-21,2327,國巨*,2.22,1070000,股
2026-08-21,3665,貿聯-KY,2.19,257000,股
2026-08-21,2408,南亞科,2.13,1076000,股
2026-08-21,2360,致茂,2.1,267000,股
2026-08-21,5274,信驊,2.01,34900,股
2026-08-21,2395,研華,1.98,811000,股
2026-08-21,3653,健策,1.98,98000,股
2026-08-21,2368,金像電,1.95,538000,股
2026-08-21,4958,臻鼎-KY,1.7,1028000,股
2026-08-21,2303,聯電,1.47,3366000,股
2026-08-21,6515,穎崴,1.42,59000,股
2026-08-21,6446,藥華藥,1.06,201191,股
2026-08-21,3081,聯亞,0.99,90000,股
2026-08-21,2301,光寶科,0.97,987000,股
2026-08-21,3529,力旺,0.91,113000,股
2026-08-21,8210,勤誠,0.91,258000,股
2026-08-21,6187,萬潤,0.9,200000,股
2026-08-21,2615,萬海,0.75,1611000,股
2026-08-21,3034,聯詠,0.72,361000,股
2026-08-21,3008,大立光,0.65,31000,股
2026-08-21,1303,南亞,0.6,830000,股
2026-08-21,3293,鈊象,0.56,205000,股
2026-08-21,1560,中砂,0.47,186000,股
2026-08-21,3491,昇達科,0.44,92000,股
2026-08-21,8996,高力,0.43,106000,股
2026-08-21,6531,愛普*,0.3,92000,股
2026-08-21,2379,瑞昱,0.22,82000,股
2026-08-21,2451,創見,0.19,161000,股
2026-08-21,5289,宜鼎,0.19,32000,股
2026-08-21,5434,崇越,0.19,99000,股
2026-08-21,3260,威剛,0.18,115000,股
2026-08-21,8299,群聯,0.15,19000,股
2026-08-21,2344,華邦電,0.14,203000,股
2026-08-21,1590,亞德客-KY,0.08,14000,股
2026-08-21,2412,中華電,0.04,77000,股
2026-08-21,C_NTD,CASH,,1197472039,元
2026-08-21,M_NTD,MARGIN,,100000000,元
2026-08-24,2330,台積電,8.93,991000,股
2026-08-24,2383,台光電,5.54,269000,股
2026-08-24,3037,欣興,5.34,1310000,股
2026-08-24,6669,緯穎,4.9,205000,股
2026-08-24,3017,奇鋐,4.59,424000,股
2026-08-24,2454,聯發科,4.58,321000,股
2026-08-24,2059,川湖,3.83,70000,股
2026-08-24,2308,台達電,3.75,570000,股
2026-08-24,6274,台燿,3.55,643000,股
2026-08-24,3443,創意電子,3.32,163000,股
2026-08-24,6223,旺矽,3.31,157000,股
2026-08-24,2345,智邦,2.87,366000,股
2026-08-24,8046,南電,2.67,620000,股
2026-08-24,3711,日月光投控,2.56,1138000,股
2026-08-24,2327,國巨*,2.24,1070000,股
2026-08-24,6805,富世達,2.21,341000,股
2026-08-24,2360,致茂,2.1,267000,股
2026-08-24,2408,南亞科,2.04,1076000,股
2026-08-24,2395,研華,2.02,811000,股
2026-08-24,3665,貿聯-KY,2.0,257000,股
2026-08-24,5274,信驊,2.0,34900,股
2026-08-24,2368,金像電,1.93,538000,股
2026-08-24,3653,健策,1.92,98000,股
2026-08-24,4958,臻鼎-KY,1.7,1028000,股
2026-08-24,2303,聯電,1.58,3366000,股
2026-08-24,6515,穎崴,1.38,59000,股
2026-08-24,6446,藥華藥,1.13,201191,股
2026-08-24,2301,光寶科,1.07,987000,股
2026-08-24,8210,勤誠,0.95,258000,股
2026-08-24,3081,聯亞,0.94,90000,股
2026-08-24,3529,力旺,0.94,113000,股
2026-08-24,6187,萬潤,0.91,200000,股
2026-08-24,2615,萬海,0.76,1611000,股
2026-08-24,3034,聯詠,0.74,361000,股
2026-08-24,8996,高力,0.7,161000,股
2026-08-24,3008,大立光,0.63,31000,股
2026-08-24,1303,南亞,0.57,830000,股
2026-08-24,3293,鈊象,0.56,205000,股
2026-08-24,1560,中砂,0.48,186000,股
2026-08-24,3491,昇達科,0.45,92000,股
2026-08-24,5289,宜鼎,0.39,65000,股
2026-08-24,2451,創見,0.36,301000,股
2026-08-24,3260,威剛,0.33,200000,股
2026-08-24,8299,群聯,0.33,41000,股
2026-08-24,6531,愛普*,0.29,92000,股
2026-08-24,2379,瑞昱,0.22,82000,股
2026-08-24,5434,崇越,0.2,99000,股
2026-08-24,2344,華邦電,0.14,203000,股
2026-08-24,1590,亞德客-KY,0.08,14000,股
2026-08-24,2412,中華電,0.04,77000,股
2026-08-24,C_NTD,CASH,,1158809012,元
2026-08-24,M_NTD,MARGIN,,100000000,元
2026-08-25,2330,台積電,8.91,991000,股
2026-08-25,2383,台光電,5.64,269000,股
2026-08-25,3037,欣興,5.37,1310000,股
2026-08-25,6669,緯穎,4.94,205000,股
2026-08-25,3017,奇鋐,4.68,424000,股
2026-08-25,2454,聯發科,4.49,321000,股
2026-08-25,2059,川湖,3.74,70000,股
2026-08-25,2308,台達電,3.65,570000,股
2026-08-25,6274,台燿,3.58,643000,股
2026-08-25,3443,創意電子,3.4,163000,股
2026-08-25,6223,旺矽,3.29,157000,股
2026-08-25,2345,智邦,2.78,366000,股
2026-08-25,8046,南電,2.69,620000,股
2026-08-25,3711,日月光投控,2.52,1138000,股
2026-08-25,6805,富世達,2.36,341000,股
2026-08-25,2327,國巨*,2.18,1070000,股
2026-08-25,2408,南亞科,2.05,1076000,股
2026-08-25,2395,研華,2.03,811000,股
2026-08-25,5274,信驊,2.01,34900,股
2026-08-25,3665,貿聯-KY,2.0,257000,股
2026-08-25,2360,致茂,1.96,267000,股
2026-08-25,2368,金像電,1.96,538000,股
2026-08-25,3653,健策,1.91,98000,股
2026-08-25,4958,臻鼎-KY,1.71,1028000,股
2026-08-25,2303,聯電,1.58,3366000,股
2026-08-25,6515,穎崴,1.38,59000,股
2026-08-25,6446,藥華藥,1.12,201191,股
2026-08-25,2301,光寶科,1.09,987000,股
2026-08-25,3081,聯亞,1.0,90000,股
2026-08-25,6187,萬潤,0.95,200000,股
2026-08-25,3529,力旺,0.93,113000,股
2026-08-25,8210,勤誠,0.93,258000,股
2026-08-25,2615,萬海,0.76,1611000,股
2026-08-25,3034,聯詠,0.75,361000,股
2026-08-25,8996,高力,0.73,161000,股
2026-08-25,3008,大立光,0.66,31000,股
2026-08-25,1303,南亞,0.59,830000,股
2026-08-25,3293,鈊象,0.55,205000,股
2026-08-25,1560,中砂,0.47,186000,股
2026-08-25,3491,昇達科,0.44,92000,股
2026-08-25,5289,宜鼎,0.37,65000,股
2026-08-25,2451,創見,0.34,301000,股
2026-08-25,8299,群聯,0.32,41000,股
2026-08-25,3260,威剛,0.31,200000,股
2026-08-25,6531,愛普*,0.3,92000,股
2026-08-25,2379,瑞昱,0.22,82000,股
2026-08-25,5434,崇越,0.19,99000,股
2026-08-25,2344,華邦電,0.14,203000,股
2026-08-25,1590,亞德客-KY,0.08,14000,股
2026-08-25,2412,中華電,0.04,77000,股
2026-08-25,C_NTD,CASH,,1238142156,元
2026-08-25,M_NTD,MARGIN,,100000000,元
2026-08-26,2330,台積電,8.76,991000,股
2026-08-26,2383,台光電,5.8,269000,股
2026-08-26,3037,欣興,5.56,1310000,股
2026-08-26,6669,緯穎,5.09,205000,股
2026-08-26,3017,奇鋐,4.89,424000,股
2026-08-26,2454,聯發科,4.63,321000,股
2026-08-26,2059,川湖,3.72,70000,股
2026-08-26,2308,台達電,3.65,570000,股
2026-08-26,3443,創意電子,3.65,163000,股
2026-08-26,6274,台燿,3.6,643000,股
2026-08-26,6223,旺矽,2.89,157000,股
2026-08-26,2345,智邦,2.75,366000,股
2026-08-26,8046,南電,2.68,620000,股
2026-08-26,6805,富世達,2.53,341000,股
2026-08-26,3711,日月光投控,2.46,1138000,股
2026-08-26,2327,國巨*,2.1,1070000,股
2026-08-26,2368,金像電,2.05,538000,股
2026-08-26,3653,健策,2.05,98000,股
2026-08-26,2395,研華,2.04,811000,股
2026-08-26,2408,南亞科,2.04,1076000,股
2026-08-26,5274,信驊,2.0,34900,股
2026-08-26,2360,致茂,1.93,267000,股
2026-08-26,3665,貿聯-KY,1.89,257000,股
2026-08-26,4958,臻鼎-KY,1.7,1028000,股
2026-08-26,2303,聯電,1.52,3366000,股
2026-08-26,6515,穎崴,1.3,59000,股
2026-08-26,6446,藥華藥,1.17,201191,股
2026-08-26,2301,光寶科,1.11,987000,股
2026-08-26,3081,聯亞,1.07,90000,股
2026-08-26,3529,力旺,1.0,113000,股
2026-08-26,6187,萬潤,0.95,200000,股
2026-08-26,8210,勤誠,0.92,258000,股
2026-08-26,3034,聯詠,0.74,361000,股
2026-08-26,3008,大立光,0.71,31000,股
2026-08-26,8996,高力,0.7,161000,股
2026-08-26,2615,萬海,0.68,1611000,股
2026-08-26,1303,南亞,0.63,830000,股
2026-08-26,3293,鈊象,0.53,205000,股
2026-08-26,1560,中砂,0.46,186000,股
2026-08-26,3491,昇達科,0.45,92000,股
2026-08-26,5289,宜鼎,0.36,65000,股
2026-08-26,2451,創見,0.33,301000,股
2026-08-26,8299,群聯,0.32,41000,股
2026-08-26,6531,愛普*,0.31,92000,股
2026-08-26,3260,威剛,0.3,200000,股
2026-08-26,2379,瑞昱,0.22,82000,股
2026-08-26,5434,崇越,0.19,99000,股
2026-08-26,2344,華邦電,0.13,203000,股
2026-08-26,1590,亞德客-KY,0.08,14000,股
2026-08-26,2412,中華電,0.04,77000,股
2026-08-26,C_NTD,CASH,,990913502,元
2026-08-26,M_NTD,MARGIN,,100000000,元
2026-08-26,PM_NTD,PAYMENT,,810738,元
2026-08-27,2330,台積電,8.77,991000,股
2026-08-27,3037,欣興,5.67,1310000,股
2026-08-27,3017,奇鋐,5.49,448000,股
2026-08-27,2383,台光電,5.43,269000,股
2026-08-27,6669,緯穎,5.13,205000,股
2026-08-27,2454,聯發科,4.55,321000,股
2026-08-27,2308,台達電,3.7,570000,股
2026-08-27,2059,川湖,3.68,70000,股
2026-08-27,3443,創意電子,3.54,163000,股
2026-08-27,6274,台燿,3.41,643000,股
2026-08-27,8046,南電,2.95,620000,股
2026-08-27,2345,智邦,2.81,366000,股
2026-08-27,6805,富世達,2.78,341000,股
2026-08-27,6223,旺矽,2.56,137000,股
2026-08-27,3711,日月光投控,2.53,1138000,股
2026-08-27,2327,國巨*,2.18,1070000,股
2026-08-27,2408,南亞科,2.14,1076000,股
2026-08-27,2368,金像電,2.03,538000,股
2026-08-27,3653,健策,2.03,98000,股
2026-08-27,2395,研華,2.01,811000,股
2026-08-27,5274,信驊,1.96,34900,股
2026-08-27,2360,致茂,1.95,267000,股
2026-08-27,3665,貿聯-KY,1.94,257000,股
2026-08-27,4958,臻鼎-KY,1.8,1028000,股
2026-08-27,3081,聯亞,1.61,130000,股
2026-08-27,6446,藥華藥,1.15,201191,股
2026-08-27,3529,力旺,1.1,113000,股
2026-08-27,2301,光寶科,1.09,987000,股
2026-08-27,8996,高力,1.06,221000,股
2026-08-27,6187,萬潤,1.05,200000,股
2026-08-27,2303,聯電,0.93,2146000,股
2026-08-27,8210,勤誠,0.91,258000,股
2026-08-27,3008,大立光,0.79,31000,股
2026-08-27,3034,聯詠,0.73,361000,股
2026-08-27,1303,南亞,0.69,830000,股
2026-08-27,2615,萬海,0.67,1611000,股
2026-08-27,3293,鈊象,0.53,205000,股
2026-08-27,3491,昇達科,0.48,92000,股
2026-08-27,1560,中砂,0.47,186000,股
2026-08-27,5289,宜鼎,0.36,66294,股
2026-08-27,2451,創見,0.33,301000,股
2026-08-27,8299,群聯,0.32,41000,股
2026-08-27,3260,威剛,0.31,200000,股
2026-08-27,6531,愛普*,0.31,92000,股
2026-08-27,2379,瑞昱,0.22,82000,股
2026-08-27,6515,穎崴,0.2,9000,股
2026-08-27,5434,崇越,0.19,99000,股
2026-08-27,2344,華邦電,0.14,203000,股
2026-08-27,1590,亞德客-KY,0.08,14000,股
2026-08-27,2412,中華電,0.04,77000,股
2026-08-27,C_NTD,CASH,,913648576,元
2026-08-27,M_NTD,MARGIN,,100000000,元
2026-08-28,2330,台積電,8.5,944000,股
2026-08-28,3017,奇鋐,5.34,427000,股
2026-08-28,2383,台光電,5.23,256000,股
2026-08-28,6669,緯穎,5.22,195000,股
2026-08-28,3037,欣興,5.15,1248000,股
2026-08-28,2454,聯發科,4.54,306000,股
2026-08-28,2308,台達電,3.7,543000,股
2026-08-28,2059,川湖,3.56,67000,股
2026-08-28,3443,創意電子,3.47,155000,股
2026-08-28,6274,台燿,3.4,613000,股
2026-08-28,6805,富世達,2.84,325000,股
2026-08-28,2345,智邦,2.76,349000,股
2026-08-28,8046,南電,2.73,591000,股
2026-08-28,3711,日月光投控,2.5,1084000,股
2026-08-28,6223,旺矽,2.45,131000,股
2026-08-28,2327,國巨*,2.26,1019000,股
2026-08-28,2368,金像電,2.16,513000,股
2026-08-28,2408,南亞科,2.06,1025000,股
2026-08-28,3665,貿聯-KY,2.06,245000,股
2026-08-28,3653,健策,2.0,93000,股
2026-08-28,2395,研華,1.92,773000,股
2026-08-28,5274,信驊,1.91,32900,股
2026-08-28,2360,致茂,1.9,254000,股
2026-08-28,4958,臻鼎-KY,1.75,979000,股
2026-08-28,3081,聯亞,1.6,130000,股
2026-08-28,2301,光寶科,1.11,940000,股
2026-08-28,6446,藥華藥,1.1,191191,股
2026-08-28,8996,高力,1.04,221000,股
2026-08-28,3529,力旺,1.02,108000,股
2026-08-28,6187,萬潤,1.02,200000,股
2026-08-28,2303,聯電,0.99,2045000,股
2026-08-28,8210,勤誠,0.91,246000,股
2026-08-28,3008,大立光,0.81,31000,股
2026-08-28,3034,聯詠,0.7,344000,股
2026-08-28,1303,南亞,0.65,791000,股
2026-08-28,2615,萬海,0.64,1535000,股
2026-08-28,3293,鈊象,0.51,195000,股
2026-08-28,3491,昇達科,0.49,88000,股
2026-08-28,1560,中砂,0.46,177000,股
2026-08-28,5289,宜鼎,0.35,63294,股
2026-08-28,2451,創見,0.31,287000,股
2026-08-28,8299,群聯,0.31,39000,股
2026-08-28,3260,威剛,0.29,191000,股
2026-08-28,6531,愛普*,0.29,88000,股
2026-08-28,2379,瑞昱,0.21,78000,股
2026-08-28,6515,穎崴,0.19,8000,股
2026-08-28,5434,崇越,0.18,94000,股
2026-08-28,2344,華邦電,0.14,203000,股
2026-08-28,1590,亞德客-KY,0.07,14000,股
2026-08-28,2412,中華電,0.04,73000,股
2026-08-28,C_NTD,CASH,,934174924,元
2026-08-28,M_NTD,MARGIN,,100000000,元
2026-08-31,2330,台積電,8.65,944000,股
2026-08-31,3017,奇鋐,5.57,427000,股
2026-08-31,2383,台光電,5.35,256000,股
2026-08-31,6669,緯穎,5.27,195000,股
2026-08-31,3037,欣興,4.75,1248000,股
2026-08-31,2454,聯發科,4.58,306000,股
2026-08-31,2308,台達電,3.81,543000,股
2026-08-31,2059,川湖,3.62,67000,股
2026-08-31,3443,創意電子,3.6,155000,股
2026-08-31,6274,台燿,3.35,613000,股
2026-08-31,6805,富世達,2.85,325000,股
2026-08-31,8046,南電,2.77,591000,股
2026-08-31,2345,智邦,2.71,349000,股
2026-08-31,6223,旺矽,2.56,131000,股
2026-08-31,3711,日月光投控,2.41,1084000,股
2026-08-31,2368,金像電,2.28,513000,股
2026-08-31,2327,國巨*,2.12,1019000,股
2026-08-31,2408,南亞科,2.12,1025000,股
2026-08-31,3653,健策,2.12,93000,股
2026-08-31,3665,貿聯-KY,2.03,245000,股
2026-08-31,5274,信驊,2.01,32900,股
2026-08-31,2395,研華,1.99,773000,股
2026-08-31,2360,致茂,1.9,254000,股
2026-08-31,4958,臻鼎-KY,1.87,979000,股
2026-08-31,3081,聯亞,1.75,130000,股
2026-08-31,3008,大立光,1.6,55000,股
2026-08-31,2301,光寶科,1.09,940000,股
2026-08-31,6187,萬潤,1.03,200000,股
2026-08-31,6446,藥華藥,1.02,191191,股
2026-08-31,2303,聯電,1.01,2045000,股
2026-08-31,3529,力旺,0.99,108000,股
2026-08-31,8996,高力,0.99,221000,股
2026-08-31,8210,勤誠,0.91,246000,股
2026-08-31,1303,南亞,0.73,791000,股
2026-08-31,3034,聯詠,0.71,344000,股
2026-08-31,2615,萬海,0.67,1535000,股
2026-08-31,3293,鈊象,0.54,195000,股
2026-08-31,1560,中砂,0.46,177000,股
2026-08-31,3491,昇達科,0.46,88000,股
2026-08-31,5289,宜鼎,0.35,63294,股
2026-08-31,2451,創見,0.32,287000,股
2026-08-31,8299,群聯,0.32,39000,股
2026-08-31,6531,愛普*,0.31,88000,股
2026-08-31,3260,威剛,0.3,191000,股
2026-08-31,2379,瑞昱,0.21,78000,股
2026-08-31,6515,穎崴,0.19,8000,股
2026-08-31,5434,崇越,0.18,94000,股
2026-08-31,2344,華邦電,0.14,203000,股
2026-08-31,1590,亞德客-KY,0.08,14000,股
2026-08-31,2412,中華電,0.04,73000,股
2026-08-31,C_NTD,CASH,,1058229604,元
2026-08-31,M_NTD,MARGIN,,100000000,元
2026-09-01,2330,台積電,8.67,944000,股
2026-09-01,6669,緯穎,5.72,195000,股
2026-09-01,3017,奇鋐,5.48,427000,股
2026-09-01,2383,台光電,5.43,256000,股
2026-09-01,2454,聯發科,4.97,306000,股
2026-09-01,3037,欣興,4.56,1248000,股
2026-09-01,2308,台達電,3.81,543000,股
2026-09-01,2059,川湖,3.57,67000,股
2026-09-01,3443,創意電子,3.5,155000,股
2026-09-01,6274,台燿,3.34,613000,股
2026-09-01,2345,智邦,2.9,349000,股
2026-09-01,6805,富世達,2.79,325000,股
2026-09-01,8046,南電,2.72,591000,股
2026-09-01,6223,旺矽,2.67,131000,股
2026-09-01,3711,日月光投控,2.49,1084000,股
2026-09-01,2368,金像電,2.36,513000,股
2026-09-01,2327,國巨*,2.18,1019000,股
2026-09-01,3665,貿聯-KY,2.13,245000,股
2026-09-01,5274,信驊,2.12,32900,股
2026-09-01,2395,研華,2.07,773000,股
2026-09-01,3653,健策,2.06,93000,股
2026-09-01,4958,臻鼎-KY,1.97,979000,股
2026-09-01,2360,致茂,1.94,254000,股
2026-09-01,3081,聯亞,1.68,130000,股
2026-09-01,3008,大立光,1.57,55000,股
2026-09-01,2408,南亞科,1.16,595000,股
2026-09-01,3529,力旺,1.07,108000,股
2026-09-01,2301,光寶科,1.06,940000,股
2026-09-01,6187,萬潤,1.03,200000,股
2026-09-01,2303,聯電,1.02,2045000,股
2026-09-01,8996,高力,0.98,221000,股
2026-09-01,8210,勤誠,0.92,246000,股
2026-09-01,3034,聯詠,0.71,344000,股
2026-09-01,1303,南亞,0.7,791000,股
2026-09-01,2615,萬海,0.66,1535000,股
2026-09-01,3293,鈊象,0.52,195000,股
2026-09-01,1560,中砂,0.5,177000,股
2026-09-01,3491,昇達科,0.49,88000,股
2026-09-01,5289,宜鼎,0.35,63294,股
2026-09-01,6446,藥華藥,0.33,67000,股
2026-09-01,2451,創見,0.32,287000,股
2026-09-01,6531,愛普*,0.32,88000,股
2026-09-01,8299,群聯,0.31,39000,股
2026-09-01,3260,威剛,0.3,191000,股
2026-09-01,2379,瑞昱,0.22,78000,股
2026-09-01,5434,崇越,0.19,94000,股
2026-09-01,2344,華邦電,0.13,203000,股
2026-09-01,1590,亞德客-KY,0.08,14000,股
2026-09-01,2412,中華電,0.04,73000,股
2026-09-01,6510,精測,0.02,2000,股
2026-09-01,C_NTD,CASH,,1949852495,元
2026-09-01,M_NTD,MARGIN,,100000000,元
2026-09-02,2330,台積電,8.71,944000,股
2026-09-02,6669,緯穎,5.87,581644,股
2026-09-02,3017,奇鋐,5.47,427000,股
2026-09-02,2383,台光電,5.39,256000,股
2026-09-02,2454,聯發科,5.06,306000,股
2026-09-02,3037,欣興,4.7,1248000,股
2026-09-02,2308,台達電,3.63,543000,股
2026-09-02,2059,川湖,3.59,67000,股
2026-09-02,3443,創意電子,3.54,155000,股
2026-09-02,6274,台燿,3.34,613000,股
2026-09-02,2345,智邦,2.89,349000,股
2026-09-02,8046,南電,2.74,591000,股
2026-09-02,6223,旺矽,2.68,131000,股
2026-09-02,6805,富世達,2.65,325000,股
2026-09-02,3711,日月光投控,2.47,1084000,股
2026-09-02,3008,大立光,2.42,80000,股
2026-09-02,2368,金像電,2.33,513000,股
2026-09-02,5274,信驊,2.26,32900,股
2026-09-02,2327,國巨*,2.13,1019000,股
2026-09-02,3653,健策,2.08,93000,股
2026-09-02,2395,研華,2.07,773000,股
2026-09-02,3665,貿聯-KY,2.06,245000,股
2026-09-02,2360,致茂,1.94,254000,股
2026-09-02,4958,臻鼎-KY,1.92,979000,股
2026-09-02,8996,高力,1.72,351000,股
2026-09-02,3081,聯亞,1.71,130000,股
2026-09-02,2408,南亞科,1.19,595000,股
2026-09-02,2301,光寶科,1.15,940000,股
2026-09-02,6187,萬潤,1.04,200000,股
2026-09-02,8210,勤誠,0.92,246000,股
2026-09-02,1303,南亞,0.73,791000,股
2026-09-02,3034,聯詠,0.72,344000,股
2026-09-02,2615,萬海,0.67,1535000,股
2026-09-02,3293,鈊象,0.53,195000,股
2026-09-02,3529,力旺,0.5,54000,股
2026-09-02,2303,聯電,0.49,1000000,股
2026-09-02,3491,昇達科,0.49,88000,股
2026-09-02,1560,中砂,0.48,177000,股
2026-09-02,5289,宜鼎,0.35,63294,股
2026-09-02,6446,藥華藥,0.34,67000,股
2026-09-02,2451,創見,0.33,287000,股
2026-09-02,6531,愛普*,0.33,88000,股
2026-09-02,8299,群聯,0.31,39000,股
2026-09-02,3260,威剛,0.3,191000,股
2026-09-02,2379,瑞昱,0.22,78000,股
2026-09-02,5434,崇越,0.19,94000,股
2026-09-02,6510,精測,0.16,12000,股
2026-09-02,2344,華邦電,0.14,203000,股
2026-09-02,1590,亞德客-KY,0.08,14000,股
2026-09-02,2412,中華電,0.04,73000,股
2026-09-02,C_NTD,CASH,,1073669751,元
2026-09-02,M_NTD,MARGIN,,100000000,元
2026-09-03,2330,台積電,9.01,944000,股
2026-09-03,6669,緯穎,5.75,581644,股
2026-09-03,3017,奇鋐,5.63,427000,股
2026-09-03,2383,台光電,5.41,256000,股
2026-09-03,2454,聯發科,5.3,306000,股
2026-09-03,3037,欣興,4.6,1248000,股
2026-09-03,2308,台達電,3.82,543000,股
2026-09-03,2059,川湖,3.6,67000,股
2026-09-03,3443,創意電子,3.59,155000,股
2026-09-03,6274,台燿,3.29,613000,股
2026-09-03,2345,智邦,2.91,349000,股
2026-09-03,6805,富世達,2.72,325000,股
2026-09-03,6223,旺矽,2.64,131000,股
2026-09-03,3711,日月光投控,2.55,1084000,股
2026-09-03,8046,南電,2.55,591000,股
2026-09-03,5274,信驊,2.35,32900,股
2026-09-03,3008,大立光,2.28,80000,股
2026-09-03,3653,健策,2.09,93000,股
2026-09-03,2327,國巨*,2.08,1019000,股
2026-09-03,2395,研華,2.08,773000,股
2026-09-03,3665,貿聯-KY,2.05,245000,股
2026-09-03,2360,致茂,2.04,254000,股
2026-09-03,2368,金像電,1.94,441000,股
2026-09-03,8996,高力,1.66,351000,股
2026-09-03,3081,聯亞,1.62,130000,股
2026-09-03,4958,臻鼎-KY,1.29,696000,股
2026-09-03,2301,光寶科,1.12,940000,股
2026-09-03,6187,萬潤,1.04,200000,股
2026-09-03,8210,勤誠,0.93,246000,股
2026-09-03,2408,南亞科,0.92,485000,股
2026-09-03,1560,中砂,0.79,277000,股
2026-09-03,3034,聯詠,0.72,344000,股
2026-09-03,2615,萬海,0.71,1535000,股
2026-09-03,1303,南亞,0.7,791000,股
2026-09-03,6510,精測,0.66,49000,股
2026-09-03,3293,鈊象,0.55,195000,股
2026-09-03,2303,聯電,0.5,1000000,股
2026-09-03,3529,力旺,0.5,54000,股
2026-09-03,3491,昇達科,0.49,88000,股
2026-09-03,6446,藥華藥,0.36,67000,股
2026-09-03,5289,宜鼎,0.34,63294,股
2026-09-03,2451,創見,0.33,287000,股
2026-09-03,6531,愛普*,0.32,88000,股
2026-09-03,8299,群聯,0.31,39000,股
2026-09-03,3260,威剛,0.3,191000,股
2026-09-03,2379,瑞昱,0.22,78000,股
2026-09-03,5434,崇越,0.2,94000,股
2026-09-03,2344,華邦電,0.14,203000,股
2026-09-03,1590,亞德客-KY,0.08,14000,股
2026-09-03,2412,中華電,0.04,73000,股
2026-09-03,C_NTD,CASH,,1172576817,元
2026-09-03,M_NTD,MARGIN,,100000000,元
2026-09-04,2330,台積電,8.9,944000,股
2026-09-04,3017,奇鋐,5.96,427000,股
2026-09-04,6669,緯穎,5.83,581644,股
2026-09-04,2383,台光電,5.42,256000,股
2026-09-04,2454,聯發科,5.28,306000,股
2026-09-04,3037,欣興,4.4,1248000,股
2026-09-04,2308,台達電,3.88,543000,股
2026-09-04,2059,川湖,3.63,67000,股
2026-09-04,3443,創意電子,3.52,155000,股
2026-09-04,6274,台燿,3.27,613000,股
2026-09-04,2345,智邦,2.87,349000,股
2026-09-04,6805,富世達,2.8,325000,股
2026-09-04,6223,旺矽,2.64,131000,股
2026-09-04,3653,健策,2.6,113000,股
2026-09-04,3711,日月光投控,2.49,1084000,股
2026-09-04,3008,大立光,2.32,80000,股
2026-09-04,5274,信驊,2.25,32900,股
2026-09-04,2327,國巨*,2.24,1019000,股
2026-09-04,2395,研華,2.15,773000,股
2026-09-04,3665,貿聯-KY,2.06,245000,股
2026-09-04,2360,致茂,2.02,254000,股
2026-09-04,8996,高力,1.78,351000,股
2026-09-04,3081,聯亞,1.61,130000,股
2026-09-04,2301,光寶科,1.59,1320000,股
2026-09-04,8046,南電,1.59,386000,股
2026-09-04,2368,金像電,1.27,311000,股
2026-09-04,6187,萬潤,1.02,200000,股
2026-09-04,8210,勤誠,0.95,246000,股
2026-09-04,2408,南亞科,0.94,485000,股
2026-09-04,3491,昇達科,0.91,154000,股
2026-09-04,4958,臻鼎-KY,0.86,476000,股
2026-09-04,1560,中砂,0.75,277000,股
2026-09-04,1303,南亞,0.7,791000,股
2026-09-04,3034,聯詠,0.7,344000,股
2026-09-04,2615,萬海,0.69,1535000,股
2026-09-04,6510,精測,0.64,49000,股
2026-09-04,3293,鈊象,0.54,195000,股
2026-09-04,2303,聯電,0.51,1000000,股
2026-09-04,3529,力旺,0.5,54000,股
2026-09-04,5289,宜鼎,0.34,63294,股
2026-09-04,6446,藥華藥,0.34,67000,股
2026-09-04,2451,創見,0.32,287000,股
2026-09-04,6531,愛普*,0.31,88000,股
2026-09-04,8299,群聯,0.31,39000,股
2026-09-04,3260,威剛,0.3,191000,股
2026-09-04,2379,瑞昱,0.22,78000,股
2026-09-04,5434,崇越,0.2,94000,股
2026-09-04,2344,華邦電,0.14,203000,股
2026-09-04,1590,亞德客-KY,0.08,14000,股
2026-09-04,2412,中華電,0.04,73000,股
2026-09-04,C_NTD,CASH,,791062510,元
2026-09-04,M_NTD,MARGIN,,100000000,元
2026-09-07,2330,台積電,9.03,944000,股
2026-09-07,3017,奇鋐,5.68,427000,股
2026-09-07,2454,聯發科,5.67,306000,股
2026-09-07,2383,台光電,5.47,256000,股
2026-09-07,6669,緯穎,4.76,491644,股
2026-09-07,3037,欣興,4.61,1248000,股
2026-09-07,2308,台達電,3.91,543000,股
2026-09-07,2059,川湖,3.62,67000,股
2026-09-07,3443,創意電子,3.58,155000,股
2026-09-07,6274,台燿,3.27,613000,股
2026-09-07,6805,富世達,2.86,325000,股
2026-09-07,2345,智邦,2.85,349000,股
2026-09-07,6223,旺矽,2.8,131000,股
2026-09-07,3711,日月光投控,2.62,1084000,股
2026-09-07,3653,健策,2.49,113000,股
2026-09-07,5274,信驊,2.46,32900,股
2026-09-07,2327,國巨*,2.33,1019000,股
2026-09-07,2360,致茂,2.2,254000,股
2026-09-07,3008,大立光,2.07,80000,股
2026-09-07,3665,貿聯-KY,1.97,245000,股
2026-09-07,2395,研華,1.71,648000,股
2026-09-07,8996,高力,1.69,351000,股
2026-09-07,8046,南電,1.58,386000,股
2026-09-07,3081,聯亞,1.55,130000,股
2026-09-07,2301,光寶科,1.54,1320000,股
2026-09-07,2368,金像電,1.36,311000,股
2026-09-07,6187,萬潤,1.33,250000,股
2026-09-07,6510,精測,1.07,79000,股
2026-09-07,2408,南亞科,0.98,485000,股
2026-09-07,4958,臻鼎-KY,0.93,476000,股
2026-09-07,3491,昇達科,0.9,154000,股
2026-09-07,8210,勤誠,0.9,246000,股
2026-09-07,1560,中砂,0.79,277000,股
2026-09-07,3034,聯詠,0.72,344000,股
2026-09-07,1303,南亞,0.71,791000,股
2026-09-07,2615,萬海,0.68,1535000,股
2026-09-07,2303,聯電,0.56,1000000,股
2026-09-07,3293,鈊象,0.54,195000,股
2026-09-07,3529,力旺,0.54,54000,股
2026-09-07,5289,宜鼎,0.35,63294,股
2026-09-07,6446,藥華藥,0.35,67000,股
2026-09-07,6531,愛普*,0.33,88000,股
2026-09-07,2451,創見,0.32,287000,股
2026-09-07,8299,群聯,0.32,39000,股
2026-09-07,3260,威剛,0.31,191000,股
2026-09-07,2379,瑞昱,0.22,78000,股
2026-09-07,5434,崇越,0.2,94000,股
2026-09-07,2344,華邦電,0.14,203000,股
2026-09-07,1590,亞德客-KY,0.07,14000,股
2026-09-07,2412,中華電,0.04,73000,股
2026-09-07,C_NTD,CASH,,716731600,元
2026-09-07,M_NTD,MARGIN,,100000000,元
2026-09-07,PM_NTD,PAYMENT,,1511676,元
2026-09-08,2330,台積電,9.27,944000,股
2026-09-08,2454,聯發科,5.73,306000,股
2026-09-08,3017,奇鋐,5.58,427000,股
2026-09-08,2383,台光電,5.43,256000,股
2026-09-08,3037,欣興,4.73,1248000,股
2026-09-08,6669,緯穎,3.92,421644,股
2026-09-08,2308,台達電,3.9,543000,股
2026-09-08,3443,創意電子,3.67,155000,股
2026-09-08,2059,川湖,3.33,67000,股
2026-09-08,6274,台燿,3.28,613000,股
2026-09-08,6223,旺矽,3.02,131000,股
2026-09-08,6805,富世達,2.78,325000,股
2026-09-08,2345,智邦,2.71,349000,股
2026-09-08,3711,日月光投控,2.66,1084000,股
2026-09-08,5274,信驊,2.51,32900,股
2026-09-08,3653,健策,2.49,113000,股
2026-09-08,2327,國巨*,2.3,1019000,股
2026-09-08,2360,致茂,2.29,254000,股
2026-09-08,3008,大立光,2.07,80000,股
2026-09-08,3665,貿聯-KY,1.88,245000,股
2026-09-08,8996,高力,1.71,351000,股
2026-09-08,6187,萬潤,1.6,290000,股
2026-09-08,6510,精測,1.57,109000,股
2026-09-08,8046,南電,1.57,386000,股
2026-09-08,2301,光寶科,1.53,1320000,股
2026-09-08,3081,聯亞,1.48,130000,股
2026-09-08,2368,金像電,1.33,311000,股
2026-09-08,2408,南亞科,1.02,485000,股
2026-09-08,4958,臻鼎-KY,0.96,476000,股
2026-09-08,3131,弘塑,0.95,91000,股
2026-09-08,3491,昇達科,0.91,154000,股
2026-09-08,8210,勤誠,0.89,246000,股
2026-09-08,1560,中砂,0.79,277000,股
2026-09-08,1303,南亞,0.74,791000,股
2026-09-08,3034,聯詠,0.73,344000,股
2026-09-08,2615,萬海,0.68,1535000,股
2026-09-08,3529,力旺,0.61,54000,股
2026-09-08,3293,鈊象,0.55,195000,股
2026-09-08,2303,聯電,0.54,1000000,股
2026-09-08,6446,藥華藥,0.37,67000,股
2026-09-08,5289,宜鼎,0.34,63294,股
2026-09-08,2451,創見,0.33,287000,股
2026-09-08,6531,愛普*,0.33,88000,股
2026-09-08,8299,群聯,0.32,39000,股
2026-09-08,3260,威剛,0.31,191000,股
2026-09-08,2379,瑞昱,0.21,78000,股
2026-09-08,5434,崇越,0.2,94000,股
2026-09-08,2344,華邦電,0.15,203000,股
2026-09-08,1590,亞德客-KY,0.07,14000,股
2026-09-08,2412,中華電,0.04,73000,股
2026-09-08,C_NTD,CASH,,723844496,元
2026-09-08,M_NTD,MARGIN,,100000000,元
2026-09-09,2330,台積電,9.21,944000,股
2026-09-09,3017,奇鋐,5.71,427000,股
2026-09-09,2454,聯發科,5.6,306000,股
2026-09-09,2383,台光電,5.45,256000,股
2026-09-09,3037,欣興,4.91,1248000,股
2026-09-09,6669,緯穎,3.88,421644,股
2026-09-09,2308,台達電,3.86,543000,股
2026-09-09,3443,創意電子,3.64,155000,股
2026-09-09,2059,川湖,3.29,67000,股
2026-09-09,6274,台燿,3.26,613000,股
2026-09-09,6805,富世達,2.95,325000,股
2026-09-09,6223,旺矽,2.91,131000,股
2026-09-09,2345,智邦,2.78,349000,股
2026-09-09,3711,日月光投控,2.75,1084000,股
2026-09-09,3653,健策,2.58,113000,股
2026-09-09,5274,信驊,2.42,32900,股
2026-09-09,2360,致茂,2.35,254000,股
2026-09-09,2327,國巨*,2.28,1019000,股
2026-09-09,3008,大立光,2.18,80000,股
2026-09-09,3665,貿聯-KY,1.92,245000,股
2026-09-09,8996,高力,1.87,351000,股
2026-09-09,8046,南電,1.7,386000,股
2026-09-09,6510,精測,1.56,109000,股
2026-09-09,2301,光寶科,1.53,1320000,股
2026-09-09,6187,萬潤,1.53,290000,股
2026-09-09,3081,聯亞,1.47,130000,股
2026-09-09,2368,金像電,1.35,311000,股
2026-09-09,2408,南亞科,1.0,485000,股
2026-09-09,4958,臻鼎-KY,0.95,476000,股
2026-09-09,3131,弘塑,0.92,91000,股
2026-09-09,3491,昇達科,0.89,154000,股
2026-09-09,8210,勤誠,0.89,246000,股
2026-09-09,1560,中砂,0.8,277000,股
2026-09-09,1303,南亞,0.74,791000,股
2026-09-09,3034,聯詠,0.74,344000,股
2026-09-09,2615,萬海,0.7,1535000,股
2026-09-09,3529,力旺,0.59,54000,股
2026-09-09,2303,聯電,0.56,1000000,股
2026-09-09,3293,鈊象,0.55,195000,股
2026-09-09,6446,藥華藥,0.36,67000,股
2026-09-09,6531,愛普*,0.35,88000,股
2026-09-09,5289,宜鼎,0.34,63294,股
2026-09-09,2451,創見,0.33,287000,股
2026-09-09,8299,群聯,0.32,39000,股
2026-09-09,3260,威剛,0.31,191000,股
2026-09-09,2379,瑞昱,0.22,78000,股
2026-09-09,5434,崇越,0.2,94000,股
2026-09-09,2344,華邦電,0.15,203000,股
2026-09-09,1590,亞德客-KY,0.07,14000,股
2026-09-09,2412,中華電,0.04,73000,股
2026-09-09,C_NTD,CASH,,853170370,元
2026-09-09,M_NTD,MARGIN,,100000000,元
2026-09-10,2330,台積電,9.22,944000,股
2026-09-10,3017,奇鋐,5.89,427000,股
2026-09-10,2454,聯發科,5.76,306000,股
2026-09-10,2383,台光電,5.49,256000,股
2026-09-10,3037,欣興,4.95,1248000,股
2026-09-10,6669,緯穎,3.94,421644,股
2026-09-10,3443,創意電子,3.85,155000,股
2026-09-10,6274,台燿,3.41,613000,股
2026-09-10,2059,川湖,3.37,67000,股
2026-09-10,3653,健策,3.07,133000,股
2026-09-10,6223,旺矽,2.94,131000,股
2026-09-10,6805,富世達,2.84,325000,股
2026-09-10,3711,日月光投控,2.81,1084000,股
2026-09-10,2308,台達電,2.79,418000,股
2026-09-10,2345,智邦,2.74,349000,股
2026-09-10,5274,信驊,2.45,32900,股
2026-09-10,2327,國巨*,2.32,1019000,股
2026-09-10,3008,大立光,2.14,80000,股
2026-09-10,3665,貿聯-KY,1.89,245000,股
2026-09-10,8996,高力,1.82,351000,股
2026-09-10,2360,致茂,1.79,206000,股
2026-09-10,8046,南電,1.65,386000,股
2026-09-10,6510,精測,1.6,109000,股
2026-09-10,2301,光寶科,1.53,1320000,股
2026-09-10,6187,萬潤,1.48,290000,股
2026-09-10,3081,聯亞,1.47,130000,股
2026-09-10,2408,南亞科,1.0,485000,股
2026-09-10,4958,臻鼎-KY,0.94,476000,股
2026-09-10,3131,弘塑,0.89,91000,股
2026-09-10,8210,勤誠,0.89,246000,股
2026-09-10,2368,金像電,0.88,210000,股
2026-09-10,3491,昇達科,0.83,154000,股
2026-09-10,1560,中砂,0.81,277000,股
2026-09-10,1303,南亞,0.77,791000,股
2026-09-10,3034,聯詠,0.75,344000,股
2026-09-10,2615,萬海,0.68,1535000,股
2026-09-10,3529,力旺,0.59,54000,股
2026-09-10,2303,聯電,0.57,1000000,股
2026-09-10,3293,鈊象,0.55,195000,股
2026-09-10,6531,愛普*,0.36,88000,股
2026-09-10,6446,藥華藥,0.35,67000,股
2026-09-10,5289,宜鼎,0.33,63294,股
2026-09-10,2451,創見,0.32,287000,股
2026-09-10,8299,群聯,0.32,39000,股
2026-09-10,3260,威剛,0.31,191000,股
2026-09-10,2379,瑞昱,0.22,78000,股
2026-09-10,5434,崇越,0.2,94000,股
2026-09-10,2344,華邦電,0.15,203000,股
2026-09-10,1590,亞德客-KY,0.07,14000,股
2026-09-10,2412,中華電,0.04,73000,股
2026-09-10,C_NTD,CASH,,831115059,元
2026-09-10,M_NTD,MARGIN,,100000000,元
2026-09-11,2330,台積電,9.27,944000,股
2026-09-11,3017,奇鋐,5.86,427000,股
2026-09-11,2454,聯發科,5.72,306000,股
2026-09-11,2383,台光電,5.59,256000,股
2026-09-11,3037,欣興,4.97,1248000,股
2026-09-11,6669,緯穎,3.97,421644,股
2026-09-11,3443,創意電子,3.86,155000,股
2026-09-11,6274,台燿,3.41,613000,股
2026-09-11,3653,健策,3.12,133000,股
2026-09-11,6223,旺矽,3.0,131000,股
2026-09-11,6805,富世達,2.85,325000,股
2026-09-11,2059,川湖,2.76,56000,股
2026-09-11,3711,日月光投控,2.73,1084000,股
2026-09-11,2345,智邦,2.68,349000,股
2026-09-11,2308,台達電,2.43,368000,股
2026-09-11,5274,信驊,2.4,32900,股
2026-09-11,2327,國巨*,2.26,1019000,股
2026-09-11,3008,大立光,2.17,80000,股
2026-09-11,8996,高力,1.9,351000,股
2026-09-11,3665,貿聯-KY,1.87,245000,股
2026-09-11,2360,致茂,1.81,206000,股
2026-09-11,8046,南電,1.7,386000,股
2026-09-11,6510,精測,1.55,109000,股
2026-09-11,2301,光寶科,1.49,1320000,股
2026-09-11,3081,聯亞,1.49,130000,股
2026-09-11,6187,萬潤,1.48,290000,股
2026-09-11,2408,南亞科,0.97,485000,股
2026-09-11,4958,臻鼎-KY,0.96,476000,股
2026-09-11,8210,勤誠,0.9,246000,股
2026-09-11,1560,中砂,0.89,277000,股
2026-09-11,3491,昇達科,0.89,154000,股
2026-09-11,2368,金像電,0.88,210000,股
2026-09-11,3131,弘塑,0.86,91000,股
2026-09-11,3034,聯詠,0.77,344000,股
2026-09-11,1303,南亞,0.76,791000,股
2026-09-11,2615,萬海,0.7,1535000,股
2026-09-11,2303,聯電,0.57,1000000,股
2026-09-11,3529,力旺,0.57,54000,股
2026-09-11,3293,鈊象,0.55,195000,股
2026-09-11,6446,藥華藥,0.35,67000,股
2026-09-11,6531,愛普*,0.35,88000,股
2026-09-11,5289,宜鼎,0.33,63294,股
2026-09-11,2451,創見,0.32,287000,股
2026-09-11,8299,群聯,0.32,39000,股
2026-09-11,3260,威剛,0.31,191000,股
2026-09-11,2379,瑞昱,0.22,78000,股
2026-09-11,5434,崇越,0.2,94000,股
2026-09-11,2344,華邦電,0.14,203000,股
2026-09-11,1590,亞德客-KY,0.07,14000,股
2026-09-11,2412,中華電,0.04,73000,股
2026-09-11,C_NTD,CASH,,775706069,元
2026-09-11,M_NTD,MARGIN,,100000000,元
2026-09-14,2330,台積電,9.21,944000,股
2026-09-14,3017,奇鋐,5.8,427000,股
2026-09-14,2454,聯發科,5.72,306000,股
2026-09-14,2383,台光電,5.61,256000,股
2026-09-14,3037,欣興,4.96,1248000,股
2026-09-14,3443,創意電子,4.07,155000,股
2026-09-14,6669,緯穎,3.92,421644,股
2026-09-14,6274,台燿,3.54,613000,股
2026-09-14,3653,健策,3.17,133000,股
2026-09-14,6223,旺矽,3.01,131000,股
2026-09-14,6805,富世達,2.89,325000,股
2026-09-14,2059,川湖,2.75,56000,股
2026-09-14,3711,日月光投控,2.72,1084000,股
2026-09-14,2345,智邦,2.68,349000,股
2026-09-14,2308,台達電,2.44,368000,股
2026-09-14,5274,信驊,2.43,32900,股
2026-09-14,2327,國巨*,2.28,1019000,股
2026-09-14,3008,大立光,1.97,80000,股
2026-09-14,3665,貿聯-KY,1.96,245000,股
2026-09-14,2360,致茂,1.81,206000,股
2026-09-14,8996,高力,1.78,351000,股
2026-09-14,8046,南電,1.67,386000,股
2026-09-14,6510,精測,1.51,109000,股
2026-09-14,2301,光寶科,1.5,1320000,股
2026-09-14,3081,聯亞,1.46,130000,股
2026-09-14,6187,萬潤,1.46,290000,股
2026-09-14,4958,臻鼎-KY,0.96,476000,股
2026-09-14,2408,南亞科,0.94,485000,股
2026-09-14,8210,勤誠,0.89,246000,股
2026-09-14,2368,金像電,0.88,210000,股
2026-09-14,3491,昇達科,0.88,154000,股
2026-09-14,1560,中砂,0.86,277000,股
2026-09-14,3131,弘塑,0.86,91000,股
2026-09-14,3034,聯詠,0.78,344000,股
2026-09-14,1303,南亞,0.76,791000,股
2026-09-14,2615,萬海,0.71,1535000,股
2026-09-14,3529,力旺,0.6,54000,股
2026-09-14,2303,聯電,0.58,1000000,股
2026-09-14,3293,鈊象,0.56,195000,股
2026-09-14,6531,愛普*,0.35,88000,股
2026-09-14,5289,宜鼎,0.33,63294,股
2026-09-14,6446,藥華藥,0.33,67000,股
2026-09-14,2451,創見,0.32,287000,股
2026-09-14,3260,威剛,0.31,191000,股
2026-09-14,8299,群聯,0.31,39000,股
2026-09-14,2379,瑞昱,0.23,78000,股
2026-09-14,5434,崇越,0.21,94000,股
2026-09-14,2344,華邦電,0.13,203000,股
2026-09-14,1590,亞德客-KY,0.07,14000,股
2026-09-14,2412,中華電,0.04,73000,股
2026-09-14,C_NTD,CASH,,952424979,元
2026-09-14,M_NTD,MARGIN,,100000000,元
2026-09-15,2330,台積電,9.47,944000,股
2026-09-15,2454,聯發科,5.7,306000,股
2026-09-15,3017,奇鋐,5.59,427000,股
2026-09-15,2383,台光電,5.51,256000,股
2026-09-15,3037,欣興,4.99,1248000,股
2026-09-15,6669,緯穎,4.1,421644,股
2026-09-15,3443,創意電子,3.93,155000,股
2026-09-15,6274,台燿,3.53,613000,股
2026-09-15,6223,旺矽,3.0,131000,股
2026-09-15,3653,健策,2.97,133000,股
2026-09-15,2059,川湖,2.76,56000,股
2026-09-15,2345,智邦,2.7,349000,股
2026-09-15,3711,日月光投控,2.7,1084000,股
2026-09-15,2308,台達電,2.58,368000,股
2026-09-15,5274,信驊,2.42,32900,股
2026-09-15,2327,國巨*,2.3,1019000,股
2026-09-15,3665,貿聯-KY,2.04,245000,股
2026-09-15,6805,富世達,1.92,225000,股
2026-09-15,2360,致茂,1.8,206000,股
2026-09-15,8996,高力,1.8,351000,股
2026-09-15,8046,南電,1.76,386000,股
2026-09-15,3008,大立光,1.53,60000,股
2026-09-15,2301,光寶科,1.52,1320000,股
2026-09-15,6510,精測,1.49,109000,股
2026-09-15,6187,萬潤,1.48,290000,股
2026-09-15,3081,聯亞,1.46,130000,股
2026-09-15,4958,臻鼎-KY,0.96,476000,股
2026-09-15,2408,南亞科,0.95,485000,股
2026-09-15,8210,勤誠,0.9,246000,股
2026-09-15,3131,弘塑,0.89,91000,股
2026-09-15,3491,昇達科,0.88,154000,股
2026-09-15,1560,中砂,0.86,277000,股
2026-09-15,3034,聯詠,0.78,344000,股
2026-09-15,1303,南亞,0.74,791000,股
2026-09-15,2615,萬海,0.72,1535000,股
2026-09-15,3529,力旺,0.6,54000,股
2026-09-15,2303,聯電,0.58,1000000,股
2026-09-15,3293,鈊象,0.57,195000,股
2026-09-15,2368,金像電,0.53,130000,股
2026-09-15,5289,宜鼎,0.34,63294,股
2026-09-15,6446,藥華藥,0.34,67000,股
2026-09-15,2451,創見,0.33,287000,股
2026-09-15,6531,愛普*,0.33,88000,股
2026-09-15,3260,威剛,0.31,191000,股
2026-09-15,8299,群聯,0.31,39000,股
2026-09-15,2379,瑞昱,0.23,78000,股
2026-09-15,5434,崇越,0.21,94000,股
2026-09-15,2344,華邦電,0.14,203000,股
2026-09-15,1590,亞德客-KY,0.08,14000,股
2026-09-15,2412,中華電,0.04,73000,股
2026-09-15,C_NTD,CASH,,1087905249,元
2026-09-15,M_NTD,MARGIN,,100000000,元
2026-09-16,2330,台積電,9.34,944000,股
2026-09-16,2454,聯發科,5.76,306000,股
2026-09-16,3017,奇鋐,5.63,427000,股
2026-09-16,2383,台光電,5.41,256000,股
2026-09-16,3037,欣興,4.98,1248000,股
2026-09-16,3443,創意電子,3.97,155000,股
2026-09-16,6669,緯穎,3.79,421644,股
2026-09-16,6274,台燿,3.6,613000,股
2026-09-16,6223,旺矽,3.05,131000,股
2026-09-16,3653,健策,2.9,133000,股
2026-09-16,2059,川湖,2.8,56000,股
2026-09-16,3711,日月光投控,2.73,1084000,股
2026-09-16,2345,智邦,2.67,349000,股
2026-09-16,2308,台達電,2.62,368000,股
2026-09-16,5274,信驊,2.5,32900,股
2026-09-16,2327,國巨*,2.27,1019000,股
2026-09-16,3665,貿聯-KY,2.03,245000,股
2026-09-16,6805,富世達,1.91,225000,股
2026-09-16,8996,高力,1.9,351000,股
2026-09-16,2360,致茂,1.79,206000,股
2026-09-16,8046,南電,1.77,386000,股
2026-09-16,3008,大立光,1.55,60000,股
2026-09-16,2301,光寶科,1.52,1320000,股
2026-09-16,3081,聯亞,1.52,130000,股
2026-09-16,6187,萬潤,1.47,290000,股
2026-09-16,6510,精測,1.46,109000,股
2026-09-16,2408,南亞科,0.99,485000,股
2026-09-16,4958,臻鼎-KY,0.98,476000,股
2026-09-16,3491,昇達科,0.92,154000,股
2026-09-16,3131,弘塑,0.88,91000,股
2026-09-16,1560,中砂,0.85,277000,股
2026-09-16,3034,聯詠,0.78,344000,股
2026-09-16,3231,緯創,0.76,1000000,股
2026-09-16,1303,南亞,0.74,791000,股
2026-09-16,2615,萬海,0.73,1535000,股
2026-09-16,3529,力旺,0.61,54000,股
2026-09-16,2303,聯電,0.59,1000000,股
2026-09-16,3293,鈊象,0.57,195000,股
2026-09-16,2368,金像電,0.54,130000,股
2026-09-16,6531,愛普*,0.35,88000,股
2026-09-16,2451,創見,0.34,287000,股
2026-09-16,5289,宜鼎,0.34,63294,股
2026-09-16,6446,藥華藥,0.34,67000,股
2026-09-16,3260,威剛,0.32,191000,股
2026-09-16,8299,群聯,0.32,39000,股
2026-09-16,2379,瑞昱,0.23,78000,股
2026-09-16,5434,崇越,0.21,94000,股
2026-09-16,2344,華邦電,0.14,203000,股
2026-09-16,1590,亞德客-KY,0.07,14000,股
2026-09-16,2412,中華電,0.04,73000,股
2026-09-16,C_NTD,CASH,,1040358009,元
2026-09-16,M_NTD,MARGIN,,100000000,元
2026-09-17,2330,台積電,9.56,944000,股
2026-09-17,2454,聯發科,5.75,306000,股
2026-09-17,3017,奇鋐,5.68,427000,股
2026-09-17,2383,台光電,5.02,256000,股
2026-09-17,3037,欣興,4.9,1248000,股
2026-09-17,3443,創意電子,4.21,155000,股
2026-09-17,6669,緯穎,3.76,421644,股
2026-09-17,6274,台燿,3.38,613000,股
2026-09-17,6223,旺矽,3.01,131000,股
2026-09-17,3653,健策,2.97,133000,股
2026-09-17,2059,川湖,2.87,56000,股
2026-09-17,3711,日月光投控,2.78,1084000,股
2026-09-17,2345,智邦,2.62,349000,股
2026-09-17,2308,台達電,2.59,368000,股
2026-09-17,5274,信驊,2.51,32900,股
2026-09-17,2327,國巨*,2.25,1019000,股
2026-09-17,3665,貿聯-KY,2.06,245000,股
2026-09-17,6805,富世達,1.96,225000,股
2026-09-17,8996,高力,1.9,351000,股
2026-09-17,2360,致茂,1.79,206000,股
2026-09-17,8046,南電,1.72,386000,股
2026-09-17,2301,光寶科,1.53,1320000,股
2026-09-17,3008,大立光,1.51,60000,股
2026-09-17,3081,聯亞,1.48,130000,股
2026-09-17,6187,萬潤,1.46,290000,股
2026-09-17,6510,精測,1.46,109000,股
2026-09-17,2408,南亞科,0.99,485000,股
2026-09-17,3491,昇達科,0.95,154000,股
2026-09-17,4958,臻鼎-KY,0.95,476000,股
2026-09-17,1560,中砂,0.94,277000,股
2026-09-17,3131,弘塑,0.91,91000,股
2026-09-17,1303,南亞,0.78,791000,股
2026-09-17,3034,聯詠,0.78,344000,股
2026-09-17,3231,緯創,0.78,1000000,股
2026-09-17,2615,萬海,0.77,1535000,股
2026-09-17,2303,聯電,0.62,1000000,股
2026-09-17,3529,力旺,0.61,54000,股
2026-09-17,3293,鈊象,0.59,195000,股
2026-09-17,2368,金像電,0.52,130000,股
2026-09-17,6531,愛普*,0.34,88000,股
2026-09-17,2451,創見,0.33,287000,股
2026-09-17,5289,宜鼎,0.33,63294,股
2026-09-17,6446,藥華藥,0.33,67000,股
2026-09-17,8299,群聯,0.32,39000,股
2026-09-17,3260,威剛,0.31,191000,股
2026-09-17,2379,瑞昱,0.23,78000,股
2026-09-17,5434,崇越,0.21,94000,股
2026-09-17,2344,華邦電,0.14,203000,股
2026-09-17,1590,亞德客-KY,0.07,14000,股
2026-09-17,2412,中華電,0.04,73000,股
2026-09-17,C_NTD,CASH,,1446146474,元
2026-09-17,M_NTD,MARGIN,,100000000,元
2026-09-18,2330,台積電,9.33,944000,股
2026-09-18,3017,奇鋐,5.89,427000,股
2026-09-18,2454,聯發科,5.79,306000,股
2026-09-18,2383,台光電,5.03,256000,股
2026-09-18,3037,欣興,4.92,1248000,股
2026-09-18,3443,創意電子,4.45,155000,股
2026-09-18,6669,緯穎,3.63,421644,股
2026-09-18,6274,台燿,3.38,613000,股
2026-09-18,6223,旺矽,3.05,131000,股
2026-09-18,3653,健策,2.95,133000,股
2026-09-18,2059,川湖,2.81,56000,股
2026-09-18,3711,日月光投控,2.78,1084000,股
2026-09-18,2345,智邦,2.6,349000,股
2026-09-18,2308,台達電,2.57,368000,股
2026-09-18,5274,信驊,2.55,32900,股
2026-09-18,2327,國巨*,2.25,1019000,股
2026-09-18,3665,貿聯-KY,2.18,245000,股
2026-09-18,6805,富世達,2.08,225000,股
2026-09-18,8996,高力,2.02,351000,股
2026-09-18,2360,致茂,1.9,206000,股
2026-09-18,8046,南電,1.71,386000,股
2026-09-18,3008,大立光,1.55,60000,股
2026-09-18,6510,精測,1.54,109000,股
2026-09-18,2301,光寶科,1.5,1320000,股
2026-09-18,3081,聯亞,1.5,130000,股
2026-09-18,6187,萬潤,1.46,290000,股
2026-09-18,2408,南亞科,1.02,485000,股
2026-09-18,1560,中砂,1.0,277000,股
2026-09-18,3491,昇達科,0.97,154000,股
2026-09-18,4958,臻鼎-KY,0.91,476000,股
2026-09-18,3131,弘塑,0.89,91000,股
2026-09-18,3034,聯詠,0.77,344000,股
2026-09-18,1303,南亞,0.76,791000,股
2026-09-18,3231,緯創,0.75,1000000,股
2026-09-18,2615,萬海,0.74,1535000,股
2026-09-18,2303,聯電,0.63,1000000,股
2026-09-18,3529,力旺,0.62,54000,股
2026-09-18,3293,鈊象,0.57,195000,股
2026-09-18,2368,金像電,0.53,130000,股
2026-09-18,6531,愛普*,0.34,88000,股
2026-09-18,8299,群聯,0.34,39000,股
2026-09-18,2451,創見,0.33,287000,股
2026-09-18,5289,宜鼎,0.33,63294,股
2026-09-18,6446,藥華藥,0.32,67000,股
2026-09-18,3260,威剛,0.3,191000,股
2026-09-18,2379,瑞昱,0.23,78000,股
2026-09-18,5434,崇越,0.2,94000,股
2026-09-18,2344,華邦電,0.15,203000,股
2026-09-18,1590,亞德客-KY,0.07,14000,股
2026-09-18,2412,中華電,0.04,73000,股
2026-09-18,C_NTD,CASH,,1418494958,元
2026-09-18,M_NTD,MARGIN,,100000000,元
2026-09-21,2330,台積電,9.31,944000,股
2026-09-21,2454,聯發科,6.09,306000,股
2026-09-21,3017,奇鋐,5.8,427000,股
2026-09-21,3037,欣興,5.06,1248000,股
2026-09-21,2383,台光電,4.98,256000,股
2026-09-21,3443,創意電子,4.69,155000,股
2026-09-21,6669,緯穎,3.6,421644,股
2026-09-21,6274,台燿,3.5,613000,股
2026-09-21,3653,健策,3.06,133000,股
2026-09-21,3711,日月光投控,2.86,1084000,股
2026-09-21,6223,旺矽,2.86,131000,股
2026-09-21,2059,川湖,2.85,56000,股
2026-09-21,2308,台達電,2.74,368000,股
2026-09-21,5274,信驊,2.59,32900,股
2026-09-21,2345,智邦,2.55,349000,股
2026-09-21,2327,國巨*,2.26,1019000,股
2026-09-21,3665,貿聯-KY,2.24,245000,股
2026-09-21,6805,富世達,2.16,225000,股
2026-09-21,8996,高力,2.1,351000,股
2026-09-21,2360,致茂,1.94,206000,股
2026-09-21,8046,南電,1.63,386000,股
2026-09-21,3008,大立光,1.53,60000,股
2026-09-21,2301,光寶科,1.51,1320000,股
2026-09-21,6510,精測,1.51,109000,股
2026-09-21,3081,聯亞,1.49,130000,股
2026-09-21,6187,萬潤,1.42,290000,股
2026-09-21,1560,中砂,1.01,277000,股
2026-09-21,2408,南亞科,0.99,485000,股
2026-09-21,3491,昇達科,0.93,154000,股
2026-09-21,3131,弘塑,0.89,91000,股
2026-09-21,4958,臻鼎-KY,0.89,476000,股
2026-09-21,1303,南亞,0.75,791000,股
2026-09-21,3034,聯詠,0.75,344000,股
2026-09-21,3231,緯創,0.74,1000000,股
2026-09-21,2615,萬海,0.71,1535000,股
2026-09-21,2303,聯電,0.62,1000000,股
2026-09-21,3529,力旺,0.61,54000,股
2026-09-21,3293,鈊象,0.56,195000,股
2026-09-21,2368,金像電,0.54,130000,股
2026-09-21,2451,創見,0.33,287000,股
2026-09-21,5289,宜鼎,0.33,63294,股
2026-09-21,6531,愛普*,0.33,88000,股
2026-09-21,8299,群聯,0.33,39000,股
2026-09-21,6446,藥華藥,0.31,67000,股
2026-09-21,3260,威剛,0.3,191000,股
2026-09-21,2379,瑞昱,0.23,78000,股
2026-09-21,5434,崇越,0.2,94000,股
2026-09-21,2344,華邦電,0.14,203000,股
2026-09-21,1590,亞德客-KY,0.07,14000,股
2026-09-21,2412,中華電,0.04,73000,股
2026-09-21,C_NTD,CASH,,1418494958,元
2026-09-21,M_NTD,MARGIN,,100000000,元
2026-09-22,2330,台積電,8.9,903000,股
2026-09-22,2454,聯發科,6.08,293000,股
2026-09-22,3017,奇鋐,5.54,408000,股
2026-09-22,3037,欣興,5.35,1193000,股
2026-09-22,3443,創意電子,4.96,148000,股
2026-09-22,2383,台光電,4.77,245000,股
2026-09-22,6669,緯穎,3.55,419644,股
2026-09-22,6274,台燿,3.38,586000,股
2026-09-22,3653,健策,2.97,127000,股
2026-09-22,3711,日月光投控,2.88,1036000,股
2026-09-22,2059,川湖,2.74,54000,股
2026-09-22,2308,台達電,2.68,352000,股
2026-09-22,6223,旺矽,2.68,125000,股
2026-09-22,5274,信驊,2.67,31900,股
2026-09-22,2345,智邦,2.56,334000,股
2026-09-22,2327,國巨*,2.23,974000,股
2026-09-22,8996,高力,2.23,336000,股
2026-09-22,6805,富世達,2.15,215000,股
2026-09-22,3665,貿聯-KY,2.1,234000,股
2026-09-22,2360,致茂,1.92,197000,股
2026-09-22,8046,南電,1.72,369000,股
2026-09-22,6510,精測,1.54,104000,股
2026-09-22,3008,大立光,1.46,57000,股
2026-09-22,2301,光寶科,1.44,1262000,股
2026-09-22,3081,聯亞,1.4,124000,股
2026-09-22,6187,萬潤,1.35,277000,股
2026-09-22,1560,中砂,1.01,265000,股
2026-09-22,2408,南亞科,0.92,464000,股
2026-09-22,4958,臻鼎-KY,0.89,455000,股
2026-09-22,3491,昇達科,0.87,147000,股
2026-09-22,3131,弘塑,0.84,87000,股
2026-09-22,3034,聯詠,0.73,329000,股
2026-09-22,1303,南亞,0.7,756000,股
2026-09-22,3231,緯創,0.69,956000,股
2026-09-22,2615,萬海,0.68,1468000,股
2026-09-22,3529,力旺,0.65,52000,股
2026-09-22,2303,聯電,0.61,956000,股
2026-09-22,3293,鈊象,0.54,186000,股
2026-09-22,2368,金像電,0.52,124000,股
2026-09-22,8299,群聯,0.32,37000,股
2026-09-22,2451,創見,0.31,274000,股
2026-09-22,5289,宜鼎,0.31,60294,股
2026-09-22,6531,愛普*,0.31,84000,股
2026-09-22,6446,藥華藥,0.3,64000,股
2026-09-22,3260,威剛,0.28,183000,股
2026-09-22,2379,瑞昱,0.23,75000,股
2026-09-22,5434,崇越,0.19,90000,股
2026-09-22,2344,華邦電,0.13,194000,股
2026-09-22,1590,亞德客-KY,0.07,13000,股
2026-09-22,2412,中華電,0.04,70000,股
2026-09-22,C_NTD,CASH,,1418494958,元
2026-09-22,M_NTD,MARGIN,,100000000,元
2026-09-23,2330,台積電,8.9,870000,股
2026-09-23,2454,聯發科,5.99,282000,股
2026-09-23,3017,奇鋐,5.58,393000,股
2026-09-23,3037,欣興,5.46,1150000,股
2026-09-23,3443,創意電子,4.91,143000,股
2026-09-23,2383,台光電,4.85,236000,股
2026-09-23,6669,緯穎,3.61,418644,股
2026-09-23,6274,台燿,3.38,565000,股
2026-09-23,3653,健策,3.2,122000,股
2026-09-23,3711,日月光投控,2.83,998000,股
2026-09-23,6223,旺矽,2.76,120000,股
2026-09-23,2059,川湖,2.64,52000,股
2026-09-23,2308,台達電,2.64,339000,股
2026-09-23,5274,信驊,2.57,30900,股
2026-09-23,2345,智邦,2.49,322000,股
2026-09-23,2327,國巨*,2.2,939000,股
2026-09-23,6805,富世達,2.2,207000,股
2026-09-23,3665,貿聯-KY,2.16,226000,股
2026-09-23,8996,高力,2.04,324000,股
2026-09-23,2360,致茂,1.81,190000,股
2026-09-23,8046,南電,1.76,356000,股
2026-09-23,6510,精測,1.42,100000,股
2026-09-23,2301,光寶科,1.41,1216000,股
2026-09-23,3008,大立光,1.39,55000,股
2026-09-23,6187,萬潤,1.32,267000,股
2026-09-23,3081,聯亞,1.31,119000,股
2026-09-23,1560,中砂,1.0,255000,股
2026-09-23,2408,南亞科,0.94,447000,股
2026-09-23,3491,昇達科,0.91,142000,股
2026-09-23,4958,臻鼎-KY,0.85,438000,股
2026-09-23,3131,弘塑,0.81,84000,股
2026-09-23,3034,聯詠,0.71,317000,股
2026-09-23,1303,南亞,0.68,729000,股
2026-09-23,3231,緯創,0.68,921000,股
2026-09-23,3529,力旺,0.68,50000,股
2026-09-23,2615,萬海,0.66,1415000,股
2026-09-23,2303,聯電,0.6,921000,股
2026-09-23,2368,金像電,0.56,119000,股
2026-09-23,3293,鈊象,0.53,179000,股
2026-09-23,6531,愛普*,0.33,81000,股
2026-09-23,8299,群聯,0.33,36000,股
2026-09-23,2451,創見,0.31,264000,股
2026-09-23,5289,宜鼎,0.31,58294,股
2026-09-23,6446,藥華藥,0.3,62000,股
2026-09-23,3260,威剛,0.28,176000,股
2026-09-23,2379,瑞昱,0.22,72000,股
2026-09-23,5434,崇越,0.19,87000,股
2026-09-23,2344,華邦電,0.13,187000,股
2026-09-23,1590,亞德客-KY,0.07,13000,股
2026-09-23,2412,中華電,0.04,67000,股
2026-09-23,C_NTD,CASH,,1320618300,元
2026-09-23,M_NTD,MARGIN,,100000000,元
2026-09-24,2330,台積電,8.95,870000,股
2026-09-24,2454,聯發科,6.19,282000,股
2026-09-24,3017,奇鋐,5.8,393000,股
2026-09-24,3037,欣興,5.66,1150000,股
2026-09-24,3443,創意電子,5.07,143000,股
2026-09-24,2383,台光電,4.95,236000,股
2026-09-24,6669,緯穎,3.68,418644,股
2026-09-24,3653,健策,3.51,122000,股
2026-09-24,6274,台燿,3.51,565000,股
2026-09-24,3711,日月光投控,2.9,998000,股
2026-09-24,6223,旺矽,2.7,120000,股
2026-09-24,2308,台達電,2.69,339000,股
2026-09-24,2059,川湖,2.67,52000,股
2026-09-24,5274,信驊,2.55,30900,股
2026-09-24,2345,智邦,2.54,322000,股
2026-09-24,2327,國巨*,2.26,939000,股
2026-09-24,3665,貿聯-KY,2.2,226000,股
2026-09-24,6805,富世達,2.18,207000,股
2026-09-24,8996,高力,2.06,324000,股
2026-09-24,8046,南電,1.83,356000,股
2026-09-24,2360,致茂,1.81,190000,股
2026-09-24,2301,光寶科,1.45,1216000,股
2026-09-24,3008,大立光,1.43,55000,股
2026-09-24,6510,精測,1.38,100000,股
2026-09-24,3081,聯亞,1.33,119000,股
2026-09-24,6187,萬潤,1.33,267000,股
2026-09-24,1560,中砂,1.03,255000,股
2026-09-24,2408,南亞科,0.93,447000,股
2026-09-24,3491,昇達科,0.92,142000,股
2026-09-24,4958,臻鼎-KY,0.87,438000,股
2026-09-24,3131,弘塑,0.84,84000,股
2026-09-24,1303,南亞,0.72,729000,股
2026-09-24,3034,聯詠,0.72,317000,股
2026-09-24,3231,緯創,0.71,921000,股
2026-09-24,2615,萬海,0.68,1415000,股
2026-09-24,3529,力旺,0.67,50000,股
2026-09-24,2303,聯電,0.59,921000,股
2026-09-24,3293,鈊象,0.57,179000,股
2026-09-24,2368,金像電,0.55,119000,股
2026-09-24,6531,愛普*,0.33,81000,股
2026-09-24,5289,宜鼎,0.32,58294,股
2026-09-24,8299,群聯,0.32,36000,股
2026-09-24,2451,創見,0.31,264000,股
2026-09-24,6446,藥華藥,0.3,62000,股
2026-09-24,3260,威剛,0.28,176000,股
2026-09-24,2379,瑞昱,0.22,72000,股
2026-09-24,5434,崇越,0.2,87000,股
2026-09-24,2344,華邦電,0.13,187000,股
2026-09-24,1590,亞德客-KY,0.07,13000,股
2026-09-24,2412,中華電,0.04,67000,股
2026-09-24,C_NTD,CASH,,2187200011,元
2026-09-24,M_NTD,MARGIN,,100000000,元
2026-09-29,2330,台積電,9.16,870000,股
2026-09-29,2454,聯發科,5.89,282000,股
2026-09-29,3037,欣興,5.7,1150000,股
2026-09-29,3017,奇鋐,5.69,393000,股
2026-09-29,2383,台光電,4.94,236000,股
2026-09-29,3443,創意電子,4.82,143000,股
2026-09-29,6669,緯穎,3.74,418644,股
2026-09-29,3653,健策,3.58,122000,股
2026-09-29,6274,台燿,3.57,565000,股
2026-09-29,3711,日月光投控,2.92,998000,股
2026-09-29,2059,川湖,2.68,52000,股
2026-09-29,2308,台達電,2.65,339000,股
2026-09-29,6223,旺矽,2.65,120000,股
2026-09-29,5274,信驊,2.55,30900,股
2026-09-29,2345,智邦,2.48,322000,股
2026-09-29,3665,貿聯-KY,2.35,226000,股
2026-09-29,6805,富世達,2.22,207000,股
2026-09-29,2327,國巨*,2.19,939000,股
2026-09-29,8996,高力,2.19,324000,股
2026-09-29,8046,南電,1.92,356000,股
2026-09-29,2360,致茂,1.77,190000,股
2026-09-29,6187,萬潤,1.49,267000,股
2026-09-29,2301,光寶科,1.45,1216000,股
2026-09-29,3008,大立光,1.41,55000,股
2026-09-29,3081,聯亞,1.34,119000,股
2026-09-29,6510,精測,1.34,100000,股
2026-09-29,1560,中砂,1.04,255000,股
2026-09-29,2408,南亞科,0.96,447000,股
2026-09-29,4958,臻鼎-KY,0.93,438000,股
2026-09-29,3491,昇達科,0.91,142000,股
2026-09-29,3131,弘塑,0.88,84000,股
2026-09-29,1303,南亞,0.77,729000,股
2026-09-29,3034,聯詠,0.73,317000,股
2026-09-29,3231,緯創,0.73,921000,股
2026-09-29,3529,力旺,0.7,50000,股
2026-09-29,2615,萬海,0.67,1415000,股
2026-09-29,2303,聯電,0.6,921000,股
2026-09-29,3293,鈊象,0.59,179000,股
2026-09-29,2368,金像電,0.57,119000,股
2026-09-29,2451,創見,0.32,264000,股
2026-09-29,5289,宜鼎,0.32,58294,股
2026-09-29,6446,藥華藥,0.32,62000,股
2026-09-29,6531,愛普*,0.32,81000,股
2026-09-29,8299,群聯,0.32,36000,股
2026-09-29,3260,威剛,0.28,176000,股
2026-09-29,2379,瑞昱,0.23,72000,股
2026-09-29,5434,崇越,0.2,87000,股
2026-09-29,2344,華邦電,0.14,187000,股
2026-09-29,1590,亞德客-KY,0.07,13000,股
2026-09-29,2412,中華電,0.04,67000,股
2026-09-29,C_NTD,CASH,,2358464026,元
2026-09-29,M_NTD,MARGIN,,100000000,元
2026-09-30,2330,台積電,9.17,870000,股
2026-09-30,2454,聯發科,5.89,282000,股
2026-09-30,3017,奇鋐,5.74,393000,股
2026-09-30,3037,欣興,5.74,1150000,股
2026-09-30,2383,台光電,4.95,236000,股
2026-09-30,3443,創意電子,4.88,143000,股
2026-09-30,6669,緯穎,3.72,418644,股
2026-09-30,6274,台燿,3.65,565000,股
2026-09-30,3653,健策,3.52,122000,股
2026-09-30,3665,貿聯-KY,3.21,291000,股
2026-09-30,3711,日月光投控,2.98,998000,股
2026-09-30,2308,台達電,2.72,339000,股
2026-09-30,2059,川湖,2.66,52000,股
2026-09-30,6223,旺矽,2.61,120000,股
2026-09-30,8996,高力,2.21,324000,股
2026-09-30,2327,國巨*,2.19,939000,股
2026-09-30,6805,富世達,2.16,207000,股
2026-09-30,8046,南電,2.03,356000,股
2026-09-30,2345,智邦,1.9,252000,股
2026-09-30,5274,信驊,1.82,22900,股
2026-09-30,2360,致茂,1.72,190000,股
2026-09-30,6187,萬潤,1.49,267000,股
2026-09-30,2301,光寶科,1.44,1216000,股
2026-09-30,3008,大立光,1.39,55000,股
2026-09-30,3081,聯亞,1.36,119000,股
2026-09-30,6510,精測,1.3,100000,股
2026-09-30,1560,中砂,1.04,255000,股
2026-09-30,2408,南亞科,0.99,447000,股
2026-09-30,4958,臻鼎-KY,0.94,438000,股
2026-09-30,3131,弘塑,0.9,84000,股
2026-09-30,3491,昇達科,0.9,142000,股
2026-09-30,1303,南亞,0.79,729000,股
2026-09-30,3034,聯詠,0.74,317000,股
2026-09-30,3231,緯創,0.72,921000,股
2026-09-30,3529,力旺,0.7,50000,股
2026-09-30,2615,萬海,0.69,1415000,股
2026-09-30,2303,聯電,0.6,921000,股
2026-09-30,3293,鈊象,0.6,179000,股
2026-09-30,2368,金像電,0.57,119000,股
2026-09-30,8299,群聯,0.33,36000,股
2026-09-30,2451,創見,0.32,264000,股
2026-09-30,5289,宜鼎,0.32,58294,股
2026-09-30,6446,藥華藥,0.32,62000,股
2026-09-30,6531,愛普*,0.32,81000,股
2026-09-30,3260,威剛,0.28,176000,股
2026-09-30,2379,瑞昱,0.23,72000,股
2026-09-30,5434,崇越,0.21,87000,股
2026-09-30,2344,華邦電,0.14,187000,股
2026-09-30,1590,亞德客-KY,0.07,13000,股
2026-09-30,2412,中華電,0.04,67000,股
2026-09-30,C_NTD,CASH,,1618295418,元
2026-09-30,M_NTD,MARGIN,,100000000,元
2026-10-01,2330,台積電,9.26,870000,股
2026-10-01,2454,聯發科,5.96,282000,股
2026-10-01,3037,欣興,5.93,1150000,股
2026-10-01,3017,奇鋐,5.85,393000,股
2026-10-01,2383,台光電,4.98,236000,股
2026-10-01,3443,創意電子,4.79,143000,股
2026-10-01,6669,緯穎,3.75,418644,股
2026-10-01,6274,台燿,3.68,565000,股
2026-10-01,3653,健策,3.56,122000,股
2026-10-01,3665,貿聯-KY,3.15,291000,股
2026-10-01,8046,南電,3.05,506000,股
2026-10-01,3711,日月光投控,3.01,998000,股
2026-10-01,2308,台達電,2.74,339000,股
2026-10-01,2059,川湖,2.61,52000,股
2026-10-01,6223,旺矽,2.56,120000,股
2026-10-01,2327,國巨*,2.4,939000,股
2026-10-01,8996,高力,2.15,324000,股
2026-10-01,2345,智邦,2.03,252000,股
2026-10-01,5274,信驊,1.85,22900,股
2026-10-01,2301,光寶科,1.47,1216000,股
2026-10-01,3008,大立光,1.45,55000,股
2026-10-01,6187,萬潤,1.44,267000,股
2026-10-01,3081,聯亞,1.34,119000,股
2026-10-01,6510,精測,1.27,100000,股
2026-10-01,6805,富世達,1.19,117000,股
2026-10-01,1560,中砂,1.08,255000,股
2026-10-01,2408,南亞科,0.98,447000,股
2026-10-01,2360,致茂,0.97,110000,股
2026-10-01,4958,臻鼎-KY,0.95,438000,股
2026-10-01,3491,昇達科,0.9,142000,股
2026-10-01,3131,弘塑,0.85,84000,股
2026-10-01,1303,南亞,0.79,729000,股
2026-10-01,3034,聯詠,0.74,317000,股
2026-10-01,3231,緯創,0.74,921000,股
2026-10-01,3529,力旺,0.69,50000,股
2026-10-01,2615,萬海,0.68,1415000,股
2026-10-01,2303,聯電,0.63,921000,股
2026-10-01,3293,鈊象,0.62,179000,股
2026-10-01,2368,金像電,0.55,119000,股
2026-10-01,2451,創見,0.32,264000,股
2026-10-01,5289,宜鼎,0.32,58294,股
2026-10-01,6531,愛普*,0.32,81000,股
2026-10-01,8299,群聯,0.32,36000,股
2026-10-01,6446,藥華藥,0.31,62000,股
2026-10-01,3260,威剛,0.28,176000,股
2026-10-01,2379,瑞昱,0.23,72000,股
2026-10-01,5434,崇越,0.21,87000,股
2026-10-01,2344,華邦電,0.14,187000,股
2026-10-01,1590,亞德客-KY,0.07,13000,股
2026-10-01,2412,中華電,0.04,67000,股
2026-10-01,C_NTD,CASH,,1106228907,元
2026-10-01,M_NTD,MARGIN,,100000000,元
2026-10-02,2330,台積電,9.28,870000,股
2026-10-02,3037,欣興,6.4,1150000,股
2026-10-02,2454,聯發科,5.95,282000,股
2026-10-02,3017,奇鋐,5.77,393000,股
2026-10-02,2383,台光電,5.22,236000,股
2026-10-02,3443,創意電子,4.82,143000,股
2026-10-02,6274,台燿,3.9,565000,股
2026-10-02,6669,緯穎,3.72,418644,股
2026-10-02,3653,健策,3.54,122000,股
2026-10-02,3665,貿聯-KY,3.15,291000,股
2026-10-02,8046,南電,3.15,506000,股
2026-10-02,3711,日月光投控,3.04,998000,股
2026-10-02,2308,台達電,2.73,339000,股
2026-10-02,6223,旺矽,2.72,120000,股
2026-10-02,2059,川湖,2.69,52000,股
2026-10-02,2327,國巨*,2.51,939000,股
2026-10-02,2345,智邦,2.11,252000,股
2026-10-02,8996,高力,2.09,324000,股
2026-10-02,5274,信驊,1.84,22900,股
2026-10-02,6187,萬潤,1.54,267000,股
2026-10-02,3008,大立光,1.48,55000,股
2026-10-02,3081,聯亞,1.48,119000,股
2026-10-02,2301,光寶科,1.46,1216000,股
2026-10-02,6510,精測,1.31,100000,股
2026-10-02,6805,富世達,1.15,117000,股
2026-10-02,1560,中砂,1.1,255000,股
2026-10-02,4958,臻鼎-KY,1.05,438000,股
2026-10-02,2360,致茂,1.03,110000,股
2026-10-02,2408,南亞科,1.0,447000,股
2026-10-02,3491,昇達科,0.9,142000,股
2026-10-02,3131,弘塑,0.87,84000,股
2026-10-02,1303,南亞,0.81,729000,股
2026-10-02,3034,聯詠,0.73,317000,股
2026-10-02,3231,緯創,0.73,921000,股
2026-10-02,2615,萬海,0.68,1415000,股
2026-10-02,3529,力旺,0.68,50000,股
2026-10-02,2303,聯電,0.63,921000,股
2026-10-02,3293,鈊象,0.6,179000,股
2026-10-02,2368,金像電,0.56,119000,股
2026-10-02,6531,愛普*,0.35,81000,股
2026-10-02,2451,創見,0.33,264000,股
2026-10-02,5289,宜鼎,0.32,58294,股
2026-10-02,8299,群聯,0.32,36000,股
2026-10-02,6446,藥華藥,0.31,62000,股
2026-10-02,3260,威剛,0.29,176000,股
2026-10-02,2379,瑞昱,0.23,72000,股
2026-10-02,5434,崇越,0.22,87000,股
2026-10-02,2344,華邦電,0.14,187000,股
2026-10-02,1590,亞德客-KY,0.07,13000,股
2026-10-02,2412,中華電,0.04,67000,股
2026-10-02,C_NTD,CASH,,1083615846,元
2026-10-02,M_NTD,MARGIN,,100000000,元
2026-10-05,2330,台積電,8.86,830000,股
2026-10-05,3037,欣興,6.02,1097000,股
2026-10-05,2454,聯發科,5.76,269000,股
2026-10-05,3017,奇鋐,5.57,375000,股
2026-10-05,2383,台光電,5.32,225000,股
2026-10-05,3443,創意電子,5.1,143000,股
2026-10-05,6274,台燿,3.98,539000,股
2026-10-05,6669,緯穎,3.72,417644,股
2026-10-05,3653,健策,3.46,116000,股
2026-10-05,8046,南電,2.99,483000,股
2026-10-05,3711,日月光投控,2.93,952000,股
2026-10-05,3665,貿聯-KY,2.86,278000,股
2026-10-05,2059,川湖,2.77,50000,股
2026-10-05,2308,台達電,2.68,323000,股
2026-10-05,6223,旺矽,2.61,114000,股
2026-10-05,2327,國巨*,2.32,895000,股
2026-10-05,8996,高力,2.14,324000,股
2026-10-05,2345,智邦,2.06,240000,股
2026-10-05,5274,信驊,1.77,21900,股
2026-10-05,6187,萬潤,1.57,255000,股
2026-10-05,3008,大立光,1.45,52000,股
2026-10-05,2301,光寶科,1.43,1160000,股
2026-10-05,3081,聯亞,1.4,113000,股
2026-10-05,6510,精測,1.22,95000,股
2026-10-05,6805,富世達,1.14,112000,股
2026-10-05,1560,中砂,1.05,243000,股
2026-10-05,2360,致茂,1.01,105000,股
2026-10-05,4958,臻鼎-KY,1.0,418000,股
2026-10-05,2408,南亞科,0.94,426000,股
2026-10-05,3491,昇達科,0.91,135000,股
2026-10-05,3131,弘塑,0.84,80000,股
2026-10-05,1303,南亞,0.82,695000,股
2026-10-05,3231,緯創,0.69,878000,股
2026-10-05,3034,聯詠,0.68,302000,股
2026-10-05,3529,力旺,0.63,48000,股
2026-10-05,2615,萬海,0.62,1350000,股
2026-10-05,2368,金像電,0.57,113000,股
2026-10-05,3293,鈊象,0.56,171000,股
2026-10-05,2303,聯電,0.55,878000,股
2026-10-05,6531,愛普*,0.34,77000,股
2026-10-05,2451,創見,0.3,252000,股
2026-10-05,5289,宜鼎,0.3,55294,股
2026-10-05,8299,群聯,0.3,34000,股
2026-10-05,6446,藥華藥,0.29,59000,股
2026-10-05,3260,威剛,0.28,176828,股
2026-10-05,2379,瑞昱,0.22,69000,股
2026-10-05,5434,崇越,0.21,83000,股
2026-10-05,2344,華邦電,0.14,187000,股
2026-10-05,1590,亞德客-KY,0.06,13000,股
2026-10-05,2412,中華電,0.04,64000,股
2026-10-05,C_NTD,CASH,,1167208001,元
2026-10-05,M_NTD,MARGIN,,100000000,元
2026-10-06,2330,台積電,8.98,830000,股
2026-10-06,3037,欣興,6.01,1097000,股
2026-10-06,3017,奇鋐,5.78,375000,股
2026-10-06,2383,台光電,5.64,225000,股
2026-10-06,2454,聯發科,5.54,269000,股
2026-10-06,3443,創意電子,5.01,143000,股
2026-10-06,6669,緯穎,4.0,417644,股
2026-10-06,6274,台燿,3.96,539000,股
2026-10-06,3653,健策,3.44,116000,股
2026-10-06,8046,南電,3.04,483000,股
2026-10-06,3711,日月光投控,2.96,952000,股
2026-10-06,2308,台達電,2.77,323000,股
2026-10-06,2059,川湖,2.74,50000,股
2026-10-06,3665,貿聯-KY,2.7,278000,股
2026-10-06,6223,旺矽,2.7,114000,股
2026-10-06,2327,國巨*,2.34,895000,股
2026-10-06,8996,高力,2.17,324000,股
2026-10-06,2345,智邦,2.06,240000,股
2026-10-06,5274,信驊,1.74,21900,股
2026-10-06,6187,萬潤,1.64,255000,股
2026-10-06,3008,大立光,1.49,52000,股
2026-10-06,2301,光寶科,1.45,1160000,股
2026-10-06,3081,聯亞,1.38,113000,股
2026-10-06,6510,精測,1.21,95000,股
2026-10-06,6805,富世達,1.13,112000,股
2026-10-06,1560,中砂,1.05,243000,股
2026-10-06,2360,致茂,1.03,105000,股
2026-10-06,4958,臻鼎-KY,1.0,418000,股
2026-10-06,3491,昇達科,0.97,135000,股
2026-10-06,2408,南亞科,0.94,426000,股
2026-10-06,1303,南亞,0.85,695000,股
2026-10-06,3131,弘塑,0.85,80000,股
2026-10-06,3231,緯創,0.7,878000,股
2026-10-06,3034,聯詠,0.68,302000,股
2026-10-06,2615,萬海,0.63,1350000,股
2026-10-06,3529,力旺,0.63,48000,股
2026-10-06,2368,金像電,0.6,113000,股
2026-10-06,3293,鈊象,0.56,171000,股
2026-10-06,2303,聯電,0.54,878000,股
2026-10-06,6531,愛普*,0.34,77000,股
2026-10-06,8299,群聯,0.3,34000,股
2026-10-06,2451,創見,0.29,252000,股
2026-10-06,5289,宜鼎,0.29,55294,股
2026-10-06,6446,藥華藥,0.29,59000,股
2026-10-06,3260,威剛,0.27,176828,股
2026-10-06,2379,瑞昱,0.22,69000,股
2026-10-06,5434,崇越,0.21,83000,股
2026-10-06,2344,華邦電,0.14,187000,股
2026-10-06,1590,亞德客-KY,0.07,13000,股
2026-10-06,2412,中華電,0.04,64000,股
2026-10-06,C_NTD,CASH,,1015120181,元
2026-10-06,M_NTD,MARGIN,,100000000,元
2026-10-07,2330,台積電,9.18,830000,股
2026-10-07,3037,欣興,6.13,1097000,股
2026-10-07,2383,台光電,5.73,225000,股
2026-10-07,3017,奇鋐,5.69,375000,股
2026-10-07,2454,聯發科,5.57,269000,股
2026-10-07,3443,創意電子,5.18,143000,股
2026-10-07,6274,台燿,3.97,539000,股
2026-10-07,6669,緯穎,3.72,387644,股
2026-10-07,3653,健策,3.38,116000,股
2026-10-07,8046,南電,3.06,483000,股
2026-10-07,3711,日月光投控,2.98,952000,股
2026-10-07,2308,台達電,2.75,323000,股
2026-10-07,3665,貿聯-KY,2.75,278000,股
2026-10-07,6223,旺矽,2.7,114000,股
2026-10-07,2059,川湖,2.52,50000,股
2026-10-07,2327,國巨*,2.48,895000,股
2026-10-07,8996,高力,2.28,324000,股
2026-10-07,2345,智邦,2.07,240000,股
2026-10-07,6187,萬潤,1.68,255000,股
2026-10-07,3008,大立光,1.52,52000,股
2026-10-07,3081,聯亞,1.52,113000,股
2026-10-07,2301,光寶科,1.49,1160000,股
2026-10-07,5274,信驊,1.28,16900,股
2026-10-07,6510,精測,1.23,95000,股
2026-10-07,6805,富世達,1.18,112000,股
2026-10-07,2360,致茂,1.08,105000,股
2026-10-07,1560,中砂,1.06,243000,股
2026-10-07,4958,臻鼎-KY,1.06,418000,股
2026-10-07,3491,昇達科,0.99,135000,股
2026-10-07,2408,南亞科,0.94,426000,股
2026-10-07,1303,南亞,0.93,695000,股
2026-10-07,3131,弘塑,0.84,80000,股
2026-10-07,3231,緯創,0.7,878000,股
2026-10-07,3034,聯詠,0.68,302000,股
2026-10-07,2615,萬海,0.64,1350000,股
2026-10-07,2368,金像電,0.6,113000,股
2026-10-07,3293,鈊象,0.57,171000,股
2026-10-07,2303,聯電,0.56,878000,股
2026-10-07,6531,愛普*,0.33,77000,股
2026-10-07,2451,創見,0.31,252000,股
2026-10-07,5289,宜鼎,0.3,55294,股
2026-10-07,6446,藥華藥,0.3,59000,股
2026-10-07,8299,群聯,0.3,34000,股
2026-10-07,3260,威剛,0.28,176828,股
2026-10-07,3529,力旺,0.23,18000,股
2026-10-07,2379,瑞昱,0.22,69000,股
2026-10-07,5434,崇越,0.21,83000,股
2026-10-07,2344,華邦電,0.14,187000,股
2026-10-07,1590,亞德客-KY,0.07,13000,股
2026-10-07,2412,中華電,0.04,64000,股
2026-10-07,C_NTD,CASH,,1550426435,元
2026-10-07,M_NTD,MARGIN,,100000000,元
2026-10-08,2330,台積電,9.17,830000,股
2026-10-08,3037,欣興,6.04,1097000,股
2026-10-08,2383,台光電,5.85,225000,股
2026-10-08,3017,奇鋐,5.59,375000,股
2026-10-08,2454,聯發科,5.47,269000,股
2026-10-08,3443,創意電子,5.18,143000,股
2026-10-08,6274,台燿,4.07,539000,股
2026-10-08,6669,緯穎,3.76,387644,股
2026-10-08,3653,健策,3.6,116000,股
2026-10-08,8046,南電,3.09,483000,股
2026-10-08,3711,日月光投控,3.07,952000,股
2026-10-08,3665,貿聯-KY,2.84,278000,股
2026-10-08,2308,台達電,2.75,323000,股
2026-10-08,6223,旺矽,2.75,114000,股
2026-10-08,2327,國巨*,2.46,895000,股
2026-10-08,8996,高力,2.4,324000,股
2026-10-08,2059,川湖,2.3,50000,股
2026-10-08,2345,智邦,2.15,240000,股
2026-10-08,6187,萬潤,1.69,255000,股
2026-10-08,2301,光寶科,1.5,1160000,股
2026-10-08,3008,大立光,1.5,52000,股
2026-10-08,3081,聯亞,1.45,113000,股
2026-10-08,6510,精測,1.37,95000,股
2026-10-08,5274,信驊,1.28,16900,股
2026-10-08,6805,富世達,1.15,112000,股
2026-10-08,4958,臻鼎-KY,1.07,418000,股
2026-10-08,1560,中砂,1.06,243000,股
2026-10-08,2360,致茂,1.06,105000,股
2026-10-08,3491,昇達科,0.99,135000,股
2026-10-08,2408,南亞科,0.98,426000,股
2026-10-08,1303,南亞,0.93,695000,股
2026-10-08,3131,弘塑,0.85,80000,股
2026-10-08,3231,緯創,0.72,878000,股
2026-10-08,3034,聯詠,0.7,302000,股
2026-10-08,2615,萬海,0.65,1350000,股
2026-10-08,2368,金像電,0.63,113000,股
2026-10-08,3293,鈊象,0.58,171000,股
2026-10-08,2303,聯電,0.56,878000,股
2026-10-08,6531,愛普*,0.33,77000,股
2026-10-08,2451,創見,0.31,252000,股
2026-10-08,6446,藥華藥,0.31,59000,股
2026-10-08,5289,宜鼎,0.3,55294,股
2026-10-08,8299,群聯,0.3,34000,股
2026-10-08,3260,威剛,0.28,176828,股
2026-10-08,3529,力旺,0.23,18000,股
2026-10-08,2379,瑞昱,0.22,69000,股
2026-10-08,5434,崇越,0.21,83000,股
2026-10-08,2344,華邦電,0.14,187000,股
2026-10-08,1590,亞德客-KY,0.07,13000,股
2026-10-08,2412,中華電,0.04,64000,股
2026-10-08,C_NTD,CASH,,1224699737,元
2026-10-08,M_NTD,MARGIN,,100000000,元
