date,code,name,weight,shares,unit
2026-05-11,C_NTD,CASH,35.04,27743766247,元
2026-05-11,2330,台積電,11.69,4140000,股
2026-05-11,2383,台光電,4.44,725000,股
2026-05-11,2308,台達電,4.25,1500000,股
2026-05-11,3017,奇鋐,4.2,1300000,股
2026-05-11,3665,貿聯-KY,3.52,960000,股
2026-05-11,2303,聯電,3.43,28620000,股
2026-05-11,3037,欣興,3.32,3050000,股
2026-05-11,2345,智邦,2.93,895000,股
2026-05-11,3711,日月光投控,2.71,4000000,股
2026-05-11,8299,群聯,2.71,805000,股
2026-05-11,6669,緯穎,2.39,355000,股
2026-05-11,2368,金像電,2.3,1300000,股
2026-05-11,8046,南電,2.18,1900000,股
2026-05-11,6223,旺矽,1.64,260000,股
2026-05-11,3533,嘉澤,1.55,430000,股
2026-05-11,5347,世界,1.47,6680000,股
2026-05-11,5274,信驊,1.42,63000,股
2026-05-11,2360,致茂,1.03,345000,股
2026-05-11,6274,台燿,1.01,551000,股
2026-05-11,3529,力旺,0.84,150000,股
2026-05-11,6515,穎崴,0.83,65000,股
2026-05-11,3044,健鼎,0.82,1320000,股
2026-05-11,3081,聯亞,0.81,230000,股
2026-05-11,2454,聯發科,0.76,155000,股
2026-05-11,8996,高力,0.73,545000,股
2026-05-11,3443,創意,0.68,94000,股
2026-05-11,4958,臻鼎-KY,0.67,1280000,股
2026-05-11,8210,勤誠,0.67,340000,股
2026-05-11,2313,華通,0.61,2000000,股
2026-05-11,3583,辛耘,0.61,560000,股
2026-05-11,6147,頎邦,0.6,2400000,股
2026-05-11,8358,金居,0.6,1020000,股
2026-05-11,3211,順達,0.56,1100000,股
2026-05-11,4979,華星光,0.56,660000,股
2026-05-11,2337,旺宏,0.5,2500000,股
2026-05-11,4966,譜瑞-KY,0.45,485000,股
2026-05-11,1560,中砂,0.43,540000,股
2026-05-11,3036,文曄,0.41,1220000,股
2026-05-11,3105,穩懋,0.33,500000,股
2026-05-11,2327,國巨*,0.32,650000,股
2026-05-11,6805,富世達,0.23,90000,股
2026-05-11,6442,光聖,0.14,55000,股
2026-05-11,2891,中信金,0.08,1200000,股
2026-05-11,2455,全新,0.07,145000,股
2026-05-11,M_NTD,MARGIN,0.0,0,元
2026-05-11,PFUR_NTD,PAYABLES FOR UNITS REDEEMED,0.0,0,元
2026-05-11,RDI_NTD,RECEIVABLES FOR DISPOSAL OF INVESTMENTS,-23.49,-18600394581,元
2026-05-12,C_NTD,CASH,18.56,21845189286,元
2026-05-12,2330,台積電,13.49,7040000,股
2026-05-12,2383,台光電,4.11,986000,股
2026-05-12,3017,奇鋐,4.01,1871000,股
2026-05-12,2303,聯電,3.79,42695000,股
2026-05-12,3037,欣興,3.41,4589000,股
2026-05-12,2308,台達電,3.4,1823000,股
2026-05-12,3711,日月光投控,3.26,6920000,股
2026-05-12,2345,智邦,2.64,1230000,股
2026-05-12,8299,群聯,2.61,1128000,股
2026-05-12,3665,貿聯-KY,2.5,1060000,股
2026-05-12,6669,緯穎,2.44,496000,股
2026-05-12,2368,金像電,2.29,1941000,股
2026-05-12,8046,南電,1.98,2590000,股
2026-05-12,5274,信驊,1.58,103000,股
2026-05-12,3653,健策,1.43,430000,股
2026-05-12,5347,世界,1.43,9900000,股
2026-05-12,3533,嘉澤,1.32,555000,股
2026-05-12,6223,旺矽,1.21,260000,股
2026-05-12,2360,致茂,1.06,509000,股
2026-05-12,4958,臻鼎-KY,0.79,2280000,股
2026-05-12,3529,力旺,0.76,217000,股
2026-05-12,8996,高力,0.75,833000,股
2026-05-12,3044,健鼎,0.72,1756000,股
2026-05-12,6274,台燿,0.68,551000,股
2026-05-12,8210,勤誠,0.68,513000,股
2026-05-12,6515,穎崴,0.67,79000,股
2026-05-12,2327,國巨*,0.66,1860000,股
2026-05-12,3081,聯亞,0.66,255000,股
2026-05-12,2313,華通,0.6,2731000,股
2026-05-12,8358,金居,0.55,1350000,股
2026-05-12,3443,創意,0.54,114000,股
2026-05-12,3583,辛耘,0.52,641000,股
2026-05-12,2454,聯發科,0.49,155000,股
2026-05-12,1560,中砂,0.48,850000,股
2026-05-12,3036,文曄,0.48,2065000,股
2026-05-12,4979,華星光,0.48,860000,股
2026-05-12,6147,頎邦,0.48,2900000,股
2026-05-12,4966,譜瑞-KY,0.46,704000,股
2026-05-12,2882,國泰金,0.45,7000000,股
2026-05-12,3211,順達,0.44,1300000,股
2026-05-12,2337,旺宏,0.43,3300000,股
2026-05-12,3105,穩懋,0.33,757000,股
2026-05-12,7769,鴻勁,0.29,50000,股
2026-05-12,6805,富世達,0.18,115000,股
2026-05-12,6442,光聖,0.11,67000,股
2026-05-12,2049,上銀,0.09,300000,股
2026-05-12,2481,強茂,0.08,830000,股
2026-05-12,2891,中信金,0.08,1800000,股
2026-05-12,2455,全新,0.05,145000,股
2026-05-12,M_NTD,MARGIN,0.0,0,元
2026-05-12,PFUR_NTD,PAYABLES FOR UNITS REDEEMED,0.0,0,元
2026-05-12,RDI_NTD,RECEIVABLES FOR DISPOSAL OF INVESTMENTS,-32.09,-37764310038,元
2026-05-13,C_NTD,CASH,37.64,54019145748,元
2026-05-13,2330,台積電,19.24,12440000,股
2026-05-13,3017,奇鋐,4.79,2660000,股
2026-05-13,2383,台光電,4.27,1244000,股
2026-05-13,2303,聯電,3.69,53850000,股
2026-05-13,3037,欣興,3.54,5689000,股
2026-05-13,3711,日月光投控,3.41,8920000,股
2026-05-13,2368,金像電,2.77,2941000,股
2026-05-13,2308,台達電,2.75,1823000,股
2026-05-13,2345,智邦,2.43,1430000,股
2026-05-13,6669,緯穎,2.37,610000,股
2026-05-13,8299,群聯,2.06,1128000,股
2026-05-13,3665,貿聯-KY,2.02,1160000,股
2026-05-13,5274,信驊,1.8,145000,股
2026-05-13,2337,旺宏,1.62,13832000,股
2026-05-13,8046,南電,1.59,2590000,股
2026-05-13,6223,旺矽,1.2,300000,股
2026-05-13,5347,世界,1.16,9901000,股
2026-05-13,4958,臻鼎-KY,1.11,3600000,股
2026-05-13,3533,嘉澤,1.09,605000,股
2026-05-13,3653,健策,1.06,430000,股
2026-05-13,2327,國巨*,1.04,3560000,股
2026-05-13,2360,致茂,0.89,529000,股
2026-05-13,2882,國泰金,0.86,16001000,股
2026-05-13,7769,鴻勁,0.86,166000,股
2026-05-13,3044,健鼎,0.7,1894000,股
2026-05-13,3529,力旺,0.7,255000,股
2026-05-13,8996,高力,0.63,883000,股
2026-05-13,2344,華邦電,0.61,7200000,股
2026-05-13,8210,勤誠,0.59,553000,股
2026-05-13,6274,台燿,0.56,551000,股
2026-05-13,3443,創意,0.54,145000,股
2026-05-13,6515,穎崴,0.54,79000,股
2026-05-13,2313,華通,0.5,3031000,股
2026-05-13,3081,聯亞,0.5,255000,股
2026-05-13,3583,辛耘,0.49,734000,股
2026-05-13,8358,金居,0.49,1551000,股
2026-05-13,3036,文曄,0.47,2365000,股
2026-05-13,2891,中信金,0.45,11801000,股
2026-05-13,3211,順達,0.44,1601000,股
2026-05-13,4966,譜瑞-KY,0.44,784000,股
2026-05-13,6147,頎邦,0.41,3100000,股
2026-05-13,1560,中砂,0.38,851000,股
2026-05-13,2454,聯發科,0.38,155000,股
2026-05-13,4979,華星光,0.36,860000,股
2026-05-13,3105,穩懋,0.33,957000,股
2026-05-13,6805,富世達,0.27,215000,股
2026-05-13,6442,光聖,0.2,160000,股
2026-05-13,2481,強茂,0.17,2001000,股
2026-05-13,2049,上銀,0.15,601000,股
2026-05-13,2455,全新,0.04,145000,股
2026-05-13,M_NTD,MARGIN,0.0,0,元
2026-05-13,PFUR_NTD,PAYABLES FOR UNITS REDEEMED,0.0,0,元
2026-05-13,RDI_NTD,RECEIVABLES FOR DISPOSAL OF INVESTMENTS,-40.38,-57952644772,元
2026-05-14,C_NTD,CASH,37.2,56237609235,元
2026-05-14,2330,台積電,18.68,12440000,股
2026-05-14,3017,奇鋐,4.5,2660000,股
2026-05-14,3037,欣興,4.23,7250000,股
2026-05-14,2383,台光電,4.05,1244000,股
2026-05-14,2303,聯電,3.93,55032000,股
2026-05-14,2368,金像電,3.57,3770000,股
2026-05-14,3711,日月光投控,3.23,8920000,股
2026-05-14,2308,台達電,2.6,1823000,股
2026-05-14,2345,智邦,2.53,1430000,股
2026-05-14,6669,緯穎,2.19,610000,股
2026-05-14,8299,群聯,2.15,1128000,股
2026-05-14,5274,信驊,1.77,150000,股
2026-05-14,3665,貿聯-KY,1.73,1160000,股
2026-05-14,2337,旺宏,1.55,13832000,股
2026-05-14,8046,南電,1.45,2590000,股
2026-05-14,2344,華邦電,1.39,15690000,股
2026-05-14,6223,旺矽,1.25,300000,股
2026-05-14,5347,世界,1.15,9901000,股
2026-05-14,4958,臻鼎-KY,1.14,3950000,股
2026-05-14,2327,國巨*,1.09,3560000,股
2026-05-14,3533,嘉澤,0.98,605000,股
2026-05-14,3653,健策,0.96,430000,股
2026-05-14,7769,鴻勁,0.83,166000,股
2026-05-14,2882,國泰金,0.81,16001000,股
2026-05-14,2360,致茂,0.79,529000,股
2026-05-14,3529,力旺,0.66,255000,股
2026-05-14,8996,高力,0.65,928000,股
2026-05-14,3044,健鼎,0.64,1894000,股
2026-05-14,6515,穎崴,0.55,79000,股
2026-05-14,6274,台燿,0.53,551000,股
2026-05-14,8210,勤誠,0.53,553000,股
2026-05-14,3081,聯亞,0.5,255000,股
2026-05-14,3583,辛耘,0.5,820000,股
2026-05-14,2313,華通,0.49,3031000,股
2026-05-14,3443,創意,0.49,145000,股
2026-05-14,8358,金居,0.48,1700000,股
2026-05-14,2891,中信金,0.43,11801000,股
2026-05-14,3036,文曄,0.42,2365000,股
2026-05-14,4966,譜瑞-KY,0.42,784000,股
2026-05-14,3211,順達,0.4,1601000,股
2026-05-14,6147,頎邦,0.38,3100000,股
2026-05-14,1560,中砂,0.37,851000,股
2026-05-14,2454,聯發科,0.35,155000,股
2026-05-14,4979,華星光,0.34,860000,股
2026-05-14,3105,穩懋,0.31,957000,股
2026-05-14,6442,光聖,0.26,210000,股
2026-05-14,6805,富世達,0.25,215000,股
2026-05-14,2049,上銀,0.15,601000,股
2026-05-14,2481,強茂,0.15,2001000,股
2026-05-14,2455,全新,0.03,145000,股
2026-05-14,M_NTD,MARGIN,0.0,0,元
2026-05-14,PFUR_NTD,PAYABLES FOR UNITS REDEEMED,0.0,0,元
2026-05-14,RDI_NTD,RECEIVABLES FOR DISPOSAL OF INVESTMENTS,-22.87,-34571834013,元
2026-05-15,C_NTD,CASH,19.27,30132406137,元
2026-05-15,2330,台積電,18.02,12440000,股
2026-05-15,2303,聯電,4.2,59660000,股
2026-05-15,3017,奇鋐,4.18,2660000,股
2026-05-15,3037,欣興,3.81,7250000,股
2026-05-15,2383,台光電,3.67,1244000,股
2026-05-15,3711,日月光投控,3.12,8920000,股
2026-05-15,2368,金像電,3.11,3770000,股
2026-05-15,2308,台達電,2.42,1823000,股
2026-05-15,2345,智邦,2.4,1500000,股
2026-05-15,6669,緯穎,2.0,610000,股
2026-05-15,8299,群聯,1.91,1128000,股
2026-05-15,2344,華邦電,1.82,22000000,股
2026-05-15,6223,旺矽,1.73,460000,股
2026-05-15,5274,信驊,1.65,150000,股
2026-05-15,2327,國巨*,1.63,5580000,股
2026-05-15,3665,貿聯-KY,1.55,1160000,股
2026-05-15,2337,旺宏,1.44,13832000,股
2026-05-15,8046,南電,1.3,2590000,股
2026-05-15,5347,世界,1.12,9901000,股
2026-05-15,4958,臻鼎-KY,1.01,3950000,股
2026-05-15,3653,健策,0.95,430000,股
2026-05-15,3533,嘉澤,0.9,605000,股
2026-05-15,2882,國泰金,0.8,16001000,股
2026-05-15,2360,致茂,0.76,529000,股
2026-05-15,6515,穎崴,0.75,120000,股
2026-05-15,7769,鴻勁,0.73,166000,股
2026-05-15,3529,力旺,0.62,255000,股
2026-05-15,8996,高力,0.62,928000,股
2026-05-15,3044,健鼎,0.58,1894000,股
2026-05-15,8210,勤誠,0.5,553000,股
2026-05-15,3583,辛耘,0.47,820000,股
2026-05-15,2313,華通,0.46,3031000,股
2026-05-15,6274,台燿,0.46,551000,股
2026-05-15,3443,創意,0.45,145000,股
2026-05-15,3081,聯亞,0.43,255000,股
2026-05-15,8358,金居,0.42,1700000,股
2026-05-15,2891,中信金,0.41,11801000,股
2026-05-15,3036,文曄,0.41,2365000,股
2026-05-15,6147,頎邦,0.41,3100000,股
2026-05-15,4966,譜瑞-KY,0.4,784000,股
2026-05-15,3211,順達,0.37,1601000,股
2026-05-15,1560,中砂,0.35,851000,股
2026-05-15,2454,聯發科,0.32,155000,股
2026-05-15,6442,光聖,0.31,280000,股
2026-05-15,4979,華星光,0.29,860000,股
2026-05-15,3105,穩懋,0.28,957000,股
2026-05-15,6805,富世達,0.24,215000,股
2026-05-15,2481,強茂,0.19,2510000,股
2026-05-15,2049,上銀,0.15,601000,股
2026-05-15,2455,全新,0.03,145000,股
2026-05-15,M_NTD,MARGIN,0.0,0,元
2026-05-15,PFUR_NTD,PAYABLES FOR UNITS REDEEMED,0.0,0,元
2026-05-15,RDI_NTD,RECEIVABLES FOR DISPOSAL OF INVESTMENTS,-5.46,-8529758198,元
2026-05-18,C_NTD,CASH,19.75,33734982996,元
2026-05-18,2330,台積電,18.06,13770000,股
2026-05-18,2303,聯電,4.38,67400000,股
2026-05-18,3017,奇鋐,3.84,2720000,股
2026-05-18,2383,台光電,3.59,1350000,股
2026-05-18,3037,欣興,3.54,7400000,股
2026-05-18,3711,日月光投控,2.97,9940000,股
2026-05-18,2368,金像電,2.83,3860000,股
2026-05-18,2345,智邦,2.51,1720000,股
2026-05-18,2308,台達電,2.16,1823000,股
2026-05-18,2327,國巨*,2.08,7100000,股
2026-05-18,6223,旺矽,2.01,560000,股
2026-05-18,6669,緯穎,1.94,650000,股
2026-05-18,2344,華邦電,1.88,24600000,股
2026-05-18,8299,群聯,1.86,1163000,股
2026-05-18,3665,貿聯-KY,1.52,1285000,股
2026-05-18,5274,信驊,1.47,155000,股
2026-05-18,2337,旺宏,1.33,14232000,股
2026-05-18,8046,南電,1.23,2655000,股
2026-05-18,3533,嘉澤,0.97,710000,股
2026-05-18,4958,臻鼎-KY,0.92,4045000,股
2026-05-18,5347,世界,0.92,9911000,股
2026-05-18,6515,穎崴,0.84,140000,股
2026-05-18,3653,健策,0.82,430000,股
2026-05-18,2882,國泰金,0.72,16001000,股
2026-05-18,2360,致茂,0.68,529000,股
2026-05-18,7769,鴻勁,0.65,166000,股
2026-05-18,8996,高力,0.59,970000,股
2026-05-18,3044,健鼎,0.52,1894000,股
2026-05-18,3529,力旺,0.52,255000,股
2026-05-18,6147,頎邦,0.48,4000000,股
2026-05-18,3583,辛耘,0.47,900000,股
2026-05-18,2313,華通,0.46,3031000,股
2026-05-18,8210,勤誠,0.45,553000,股
2026-05-18,8358,金居,0.43,1700000,股
2026-05-18,6274,台燿,0.41,551000,股
2026-05-18,3081,聯亞,0.4,255000,股
2026-05-18,3443,創意,0.4,145000,股
2026-05-18,2891,中信金,0.38,11801000,股
2026-05-18,6442,光聖,0.38,360000,股
2026-05-18,3036,文曄,0.36,2365000,股
2026-05-18,4966,譜瑞-KY,0.35,784000,股
2026-05-18,3211,順達,0.34,1601000,股
2026-05-18,1560,中砂,0.32,851000,股
2026-05-18,2454,聯發科,0.31,155000,股
2026-05-18,4979,華星光,0.28,860000,股
2026-05-18,3105,穩懋,0.25,957000,股
2026-05-18,6805,富世達,0.22,215000,股
2026-05-18,2481,強茂,0.19,2510000,股
2026-05-18,2049,上銀,0.13,601000,股
2026-05-18,2455,全新,0.03,145000,股
2026-05-18,M_NTD,MARGIN,0.0,0,元
2026-05-18,PFUR_NTD,PAYABLES FOR UNITS REDEEMED,0.0,0,元
2026-05-18,RDI_NTD,RECEIVABLES FOR DISPOSAL OF INVESTMENTS,-7.78,-13279541504,元
2026-05-19,C_NTD,CASH,25.51,43967905912,元
2026-05-19,2330,台積電,17.62,13770000,股
2026-05-19,2303,聯電,4.81,73400000,股
2026-05-19,3017,奇鋐,4.05,2920000,股
2026-05-19,3037,欣興,3.81,8030000,股
2026-05-19,2383,台光電,3.55,1350000,股
2026-05-19,2368,金像電,3.1,4160000,股
2026-05-19,3711,日月光投控,2.72,9940000,股
2026-05-19,2345,智邦,2.48,1790000,股
2026-05-19,2327,國巨*,2.13,7400000,股
2026-05-19,2308,台達電,2.03,1823000,股
2026-05-19,6223,旺矽,1.86,560000,股
2026-05-19,6669,緯穎,1.84,650000,股
2026-05-19,2344,華邦電,1.68,24600000,股
2026-05-19,8299,群聯,1.66,1163000,股
2026-05-19,3665,貿聯-KY,1.48,1285000,股
2026-05-19,5274,信驊,1.43,155000,股
2026-05-19,8046,南電,1.23,2655000,股
2026-05-19,2337,旺宏,1.19,14232000,股
2026-05-19,4958,臻鼎-KY,1.07,4500000,股
2026-05-19,3533,嘉澤,1.05,780000,股
2026-05-19,5347,世界,0.91,9911000,股
2026-05-19,3653,健策,0.77,430000,股
2026-05-19,6515,穎崴,0.77,140000,股
2026-05-19,2882,國泰金,0.72,16001000,股
2026-05-19,2313,華通,0.64,4300000,股
2026-05-19,7769,鴻勁,0.64,166000,股
2026-05-19,2360,致茂,0.63,529000,股
2026-05-19,8996,高力,0.59,970000,股
2026-05-19,6147,頎邦,0.55,4700000,股
2026-05-19,3044,健鼎,0.51,1894000,股
2026-05-19,3529,力旺,0.49,255000,股
2026-05-19,6442,光聖,0.45,450000,股
2026-05-19,3583,辛耘,0.44,900000,股
2026-05-19,8210,勤誠,0.43,553000,股
2026-05-19,8358,金居,0.42,1700000,股
2026-05-19,6274,台燿,0.39,551000,股
2026-05-19,2891,中信金,0.38,11801000,股
2026-05-19,3443,創意,0.38,145000,股
2026-05-19,3081,聯亞,0.37,255000,股
2026-05-19,3036,文曄,0.36,2365000,股
2026-05-19,3211,順達,0.33,1601000,股
2026-05-19,4966,譜瑞-KY,0.33,784000,股
2026-05-19,6805,富世達,0.33,320000,股
2026-05-19,1560,中砂,0.32,851000,股
2026-05-19,2454,聯發科,0.28,155000,股
2026-05-19,4979,華星光,0.26,860000,股
2026-05-19,3105,穩懋,0.25,957000,股
2026-05-19,2049,上銀,0.22,1010000,股
2026-05-19,2481,強茂,0.2,2510000,股
2026-05-19,2455,全新,0.03,145000,股
2026-05-19,M_NTD,MARGIN,0.0,0,元
2026-05-19,PFUR_NTD,PAYABLES FOR UNITS REDEEMED,0.0,0,元
2026-05-19,RDI_NTD,RECEIVABLES FOR DISPOSAL OF INVESTMENTS,-7.48,-12894039230,元
2026-05-20,C_NTD,CASH,22.41,39317491610,元
2026-05-20,2330,台積電,17.44,14000000,股
2026-05-20,2303,聯電,4.52,73400000,股
2026-05-20,3017,奇鋐,3.89,2920000,股
2026-05-20,3037,欣興,3.89,8300000,股
2026-05-20,2383,台光電,3.38,1350000,股
2026-05-20,2368,金像電,2.93,4160000,股
2026-05-20,3711,日月光投控,2.7,9940000,股
2026-05-20,2345,智邦,2.52,1880000,股
2026-05-20,2327,國巨*,2.3,7750000,股
2026-05-20,2308,台達電,1.99,1823000,股
2026-05-20,6669,緯穎,1.9,680000,股
2026-05-20,6223,旺矽,1.81,560000,股
2026-05-20,2344,華邦電,1.62,24600000,股
2026-05-20,8299,群聯,1.5,1163000,股
2026-05-20,3665,貿聯-KY,1.44,1285000,股
2026-05-20,5274,信驊,1.37,155000,股
2026-05-20,8046,南電,1.25,2655000,股
2026-05-20,4958,臻鼎-KY,1.21,4850000,股
2026-05-20,2337,旺宏,1.14,14232000,股
2026-05-20,3533,嘉澤,1.14,850000,股
2026-05-20,5347,世界,0.9,9911000,股
2026-05-20,2360,致茂,0.74,630000,股
2026-05-20,3653,健策,0.74,430000,股
2026-05-20,6515,穎崴,0.72,140000,股
2026-05-20,2882,國泰金,0.71,16001000,股
2026-05-20,7769,鴻勁,0.66,166000,股
2026-05-20,2313,華通,0.63,4300000,股
2026-05-20,6147,頎邦,0.58,4700000,股
2026-05-20,8996,高力,0.57,1000000,股
2026-05-20,3044,健鼎,0.55,2100000,股
2026-05-20,3529,力旺,0.52,270000,股
2026-05-20,6442,光聖,0.52,520000,股
2026-05-20,3443,創意,0.5,190000,股
2026-05-20,3081,聯亞,0.47,320000,股
2026-05-20,8358,金居,0.45,1700000,股
2026-05-20,3583,辛耘,0.42,900000,股
2026-05-20,8210,勤誠,0.41,553000,股
2026-05-20,2891,中信金,0.39,11801000,股
2026-05-20,6805,富世達,0.39,400000,股
2026-05-20,3036,文曄,0.38,2365000,股
2026-05-20,6274,台燿,0.38,551000,股
2026-05-20,4966,譜瑞-KY,0.34,784000,股
2026-05-20,3211,順達,0.32,1601000,股
2026-05-20,2454,聯發科,0.29,155000,股
2026-05-20,4979,華星光,0.28,860000,股
2026-05-20,3105,穩懋,0.24,957000,股
2026-05-20,2049,上銀,0.21,1010000,股
2026-05-20,2481,強茂,0.19,2510000,股
2026-05-20,1560,中砂,0.03,78000,股
2026-05-20,2455,全新,0.03,145000,股
2026-05-20,M_NTD,MARGIN,0.0,0,元
2026-05-20,PFUR_NTD,PAYABLES FOR UNITS REDEEMED,0.0,0,元
2026-05-20,RDI_NTD,RECEIVABLES FOR DISPOSAL OF INVESTMENTS,-3.37,-5908834333,元
2026-05-21,C_NTD,CASH,21.31,38947740149,元
2026-05-21,2330,台積電,17.09,14000000,股
2026-05-21,2303,聯電,4.79,75500000,股
2026-05-21,3017,奇鋐,4.29,3140000,股
2026-05-21,3037,欣興,4.22,8520000,股
2026-05-21,2383,台光電,3.46,1350000,股
2026-05-21,2368,金像電,3.09,4390000,股
2026-05-21,3711,日月光投控,2.77,9940000,股
2026-05-21,2345,智邦,2.55,1880000,股
2026-05-21,2327,國巨*,2.44,7801000,股
2026-05-21,6669,緯穎,2.12,725000,股
2026-05-21,2308,台達電,2.03,1823000,股
2026-05-21,6223,旺矽,1.73,560000,股
2026-05-21,2344,華邦電,1.7,27300000,股
2026-05-21,3665,貿聯-KY,1.52,1285000,股
2026-05-21,8299,群聯,1.49,1163000,股
2026-05-21,8046,南電,1.48,3100000,股
2026-05-21,4958,臻鼎-KY,1.39,5400000,股
2026-05-21,5274,信驊,1.39,155000,股
2026-05-21,3533,嘉澤,1.26,915000,股
2026-05-21,2337,旺宏,1.1,14232000,股
2026-05-21,5347,世界,0.89,9911000,股
2026-05-21,6515,穎崴,0.86,165000,股
2026-05-21,2360,致茂,0.78,630000,股
2026-05-21,3653,健策,0.78,430000,股
2026-05-21,7769,鴻勁,0.7,166000,股
2026-05-21,6442,光聖,0.66,680000,股
2026-05-21,3443,創意,0.62,223000,股
2026-05-21,2313,華通,0.61,4300000,股
2026-05-21,3044,健鼎,0.61,2300000,股
2026-05-21,6147,頎邦,0.61,5000000,股
2026-05-21,8996,高力,0.61,1040000,股
2026-05-21,3529,力旺,0.59,305000,股
2026-05-21,6805,富世達,0.5,500000,股
2026-05-21,8210,勤誠,0.5,680000,股
2026-05-21,8358,金居,0.46,1700000,股
2026-05-21,3081,聯亞,0.45,320000,股
2026-05-21,2454,聯發科,0.43,222000,股
2026-05-21,3583,辛耘,0.42,900000,股
2026-05-21,6274,台燿,0.4,551000,股
2026-05-21,3036,文曄,0.38,2365000,股
2026-05-21,4966,譜瑞-KY,0.34,784000,股
2026-05-21,3211,順達,0.31,1601000,股
2026-05-21,2882,國泰金,0.3,6985000,股
2026-05-21,4979,華星光,0.28,860000,股
2026-05-21,3105,穩懋,0.25,957000,股
2026-05-21,2049,上銀,0.21,1010000,股
2026-05-21,2481,強茂,0.18,2510000,股
2026-05-21,2455,全新,0.06,300000,股
2026-05-21,1560,中砂,0.03,78000,股
2026-05-21,6196,帆宣,0.03,110000,股
2026-05-21,M_NTD,MARGIN,0.0,0,元
2026-05-21,PFUR_NTD,PAYABLES FOR UNITS REDEEMED,0.0,0,元
2026-05-21,RDI_NTD,RECEIVABLES FOR DISPOSAL OF INVESTMENTS,-2.83,-5174755228,元
2026-05-22,C_NTD,CASH,19.95,37435105507,元
2026-05-22,2330,台積電,16.83,14000000,股
2026-05-22,3037,欣興,4.63,8960000,股
2026-05-22,2303,聯電,4.59,75500000,股
2026-05-22,3017,奇鋐,4.41,3250000,股
2026-05-22,2383,台光電,3.6,1350000,股
2026-05-22,3711,日月光投控,3.34,11165000,股
2026-05-22,2368,金像電,3.21,4530000,股
2026-05-22,2327,國巨*,2.87,8559000,股
2026-05-22,2345,智邦,2.48,1880000,股
2026-05-22,6669,緯穎,2.24,760000,股
2026-05-22,2308,台達電,2.04,1823000,股
2026-05-22,2344,華邦電,1.82,27300000,股
2026-05-22,6223,旺矽,1.8,560000,股
2026-05-22,8046,南電,1.77,3550000,股
2026-05-22,3665,貿聯-KY,1.52,1285000,股
2026-05-22,4958,臻鼎-KY,1.51,5492000,股
2026-05-22,8299,群聯,1.51,1163000,股
2026-05-22,5274,信驊,1.47,155000,股
2026-05-22,3533,嘉澤,1.38,1010000,股
2026-05-22,2454,聯發科,1.3,632000,股
2026-05-22,2337,旺宏,1.13,14232000,股
2026-05-22,2360,致茂,0.87,720000,股
2026-05-22,5347,世界,0.86,9911000,股
2026-05-22,3653,健策,0.84,430000,股
2026-05-22,3443,創意,0.78,285000,股
2026-05-22,6515,穎崴,0.77,165000,股
2026-05-22,6442,光聖,0.76,760000,股
2026-05-22,3529,力旺,0.68,350000,股
2026-05-22,7769,鴻勁,0.68,166000,股
2026-05-22,8996,高力,0.67,1070000,股
2026-05-22,3081,聯亞,0.66,460000,股
2026-05-22,2313,華通,0.64,4300000,股
2026-05-22,3044,健鼎,0.6,2300000,股
2026-05-22,6147,頎邦,0.57,5000000,股
2026-05-22,8210,勤誠,0.49,680000,股
2026-05-22,6805,富世達,0.48,500000,股
2026-05-22,8358,金居,0.47,1700000,股
2026-05-22,6274,台燿,0.43,551000,股
2026-05-22,3583,辛耘,0.42,900000,股
2026-05-22,3036,文曄,0.36,2365000,股
2026-05-22,3211,順達,0.33,1601000,股
2026-05-22,4966,譜瑞-KY,0.33,784000,股
2026-05-22,4979,華星光,0.29,860000,股
2026-05-22,3105,穩懋,0.27,957000,股
2026-05-22,2049,上銀,0.2,1010000,股
2026-05-22,2481,強茂,0.18,2510000,股
2026-05-22,6196,帆宣,0.1,410000,股
2026-05-22,2455,全新,0.07,300000,股
2026-05-22,1560,中砂,0.03,78000,股
2026-05-22,2882,國泰金,0.0,1000,股
2026-05-22,M_NTD,MARGIN,0.0,0,元
2026-05-22,PFUR_NTD,PAYABLES FOR UNITS REDEEMED,-0.03,-51026010,元
2026-05-22,RDI_NTD,RECEIVABLES FOR DISPOSAL OF INVESTMENTS,-4.46,-8369314432,元
2026-05-25,C_NTD,CASH,16.75,32407245446,元
2026-05-25,2330,台積電,16.71,14000000,股
2026-05-25,2303,聯電,4.88,75500000,股
2026-05-25,3037,欣興,4.58,8960000,股
2026-05-25,3017,奇鋐,4.33,3250000,股
2026-05-25,3711,日月光投控,3.86,12101000,股
2026-05-25,2383,台光電,3.84,1350000,股
2026-05-25,2368,金像電,3.42,4650000,股
2026-05-25,2327,國巨*,3.13,8760000,股
2026-05-25,2345,智邦,2.56,1950000,股
2026-05-25,6669,緯穎,2.2,760000,股
2026-05-25,2308,台達電,2.16,1823000,股
2026-05-25,2344,華邦電,1.95,29300000,股
2026-05-25,6223,旺矽,1.92,600000,股
2026-05-25,8046,南電,1.62,3550000,股
2026-05-25,3665,貿聯-KY,1.58,1285000,股
2026-05-25,4958,臻鼎-KY,1.5,5492000,股
2026-05-25,8299,群聯,1.49,1163000,股
2026-05-25,3533,嘉澤,1.47,1100000,股
2026-05-25,5274,信驊,1.42,155000,股
2026-05-25,2454,聯發科,1.39,632000,股
2026-05-25,2337,旺宏,1.12,14232000,股
2026-05-25,2360,致茂,1.01,795000,股
2026-05-25,3443,創意,0.91,330000,股
2026-05-25,3081,聯亞,0.89,590000,股
2026-05-25,6442,光聖,0.88,830000,股
2026-05-25,5347,世界,0.86,9911000,股
2026-05-25,3653,健策,0.84,430000,股
2026-05-25,3529,力旺,0.75,390000,股
2026-05-25,6515,穎崴,0.75,165000,股
2026-05-25,2313,華通,0.66,4300000,股
2026-05-25,7769,鴻勁,0.66,166000,股
2026-05-25,8996,高力,0.66,1130000,股
2026-05-25,6147,頎邦,0.61,5000000,股
2026-05-25,3044,健鼎,0.59,2300000,股
2026-05-25,8210,勤誠,0.5,680000,股
2026-05-25,8358,金居,0.48,1700000,股
2026-05-25,6274,台燿,0.46,551000,股
2026-05-25,6805,富世達,0.45,500000,股
2026-05-25,3583,辛耘,0.43,900000,股
2026-05-25,3036,文曄,0.37,2365000,股
2026-05-25,4966,譜瑞-KY,0.33,784000,股
2026-05-25,4979,華星光,0.29,860000,股
2026-05-25,3105,穩懋,0.27,957000,股
2026-05-25,2049,上銀,0.21,1010000,股
2026-05-25,2481,強茂,0.17,2510000,股
2026-05-25,2455,全新,0.1,450000,股
2026-05-25,6196,帆宣,0.1,410000,股
2026-05-25,1560,中砂,0.03,78000,股
2026-05-25,2882,國泰金,0.0,1000,股
2026-05-25,3211,順達,0.0,1000,股
2026-05-25,M_NTD,MARGIN,0.0,0,元
2026-05-25,PFUR_NTD,PAYABLES FOR UNITS REDEEMED,-0.32,-615779286,元
2026-05-25,RDI_NTD,RECEIVABLES FOR DISPOSAL OF INVESTMENTS,-3.98,-7697274088,元
2026-05-26,2330,台積電,16.34,14000000,股
2026-05-26,C_NTD,CASH,13.17,25615189639,元
2026-05-26,2303,聯電,5.35,79700000,股
2026-05-26,3037,欣興,5.0,8960000,股
2026-05-26,3017,奇鋐,4.55,3250000,股
2026-05-26,3711,日月光投控,3.8,12101000,股
2026-05-26,2383,台光電,3.67,1350000,股
2026-05-26,2368,金像電,3.46,4650000,股
2026-05-26,2327,國巨*,2.98,8760000,股
2026-05-26,2345,智邦,2.63,1950000,股
2026-05-26,2308,台達電,2.2,1823000,股
2026-05-26,2344,華邦電,2.12,29300000,股
2026-05-26,6669,緯穎,2.06,760000,股
2026-05-26,6223,旺矽,2.01,625000,股
2026-05-26,8046,南電,1.68,3550000,股
2026-05-26,3533,嘉澤,1.57,1160000,股
2026-05-26,4958,臻鼎-KY,1.52,5492000,股
2026-05-26,3665,貿聯-KY,1.5,1285000,股
2026-05-26,8299,群聯,1.5,1163000,股
2026-05-26,2454,聯發科,1.39,632000,股
2026-05-26,5274,信驊,1.37,155000,股
2026-05-26,2337,旺宏,1.27,15350000,股
2026-05-26,3081,聯亞,1.06,650000,股
2026-05-26,2360,致茂,1.02,795000,股
2026-05-26,3443,創意,1.01,370000,股
2026-05-26,6442,光聖,0.97,830000,股
2026-05-26,5347,世界,0.84,9911000,股
2026-05-26,3653,健策,0.81,430000,股
2026-05-26,6515,穎崴,0.76,165000,股
2026-05-26,8996,高力,0.75,1169000,股
2026-05-26,3529,力旺,0.7,390000,股
2026-05-26,6147,頎邦,0.67,5000000,股
2026-05-26,7769,鴻勁,0.67,166000,股
2026-05-26,2313,華通,0.63,4300000,股
2026-05-26,6274,台燿,0.61,751000,股
2026-05-26,3044,健鼎,0.6,2300000,股
2026-05-26,8210,勤誠,0.5,680000,股
2026-05-26,8358,金居,0.47,1700000,股
2026-05-26,6805,富世達,0.46,500000,股
2026-05-26,3583,辛耘,0.42,900000,股
2026-05-26,4966,譜瑞-KY,0.33,784000,股
2026-05-26,4979,華星光,0.3,860000,股
2026-05-26,3189,景碩,0.29,800000,股
2026-05-26,3105,穩懋,0.28,957000,股
2026-05-26,3036,文曄,0.23,1500000,股
2026-05-26,2049,上銀,0.21,1010000,股
2026-05-26,6196,帆宣,0.2,770000,股
2026-05-26,2481,強茂,0.19,2510000,股
2026-05-26,2455,全新,0.1,450000,股
2026-05-26,1560,中砂,0.03,78000,股
2026-05-26,3211,順達,0.0,1000,股
2026-05-26,M_NTD,MARGIN,0.0,0,元
2026-05-26,PFUR_NTD,PAYABLES FOR UNITS REDEEMED,-0.69,-1334606226,元
2026-05-26,RDI_NTD,RECEIVABLES FOR DISPOSAL OF INVESTMENTS,-2.4,-4668891094,元
2026-05-27,2330,台積電,16.42,14000000,股
2026-05-27,C_NTD,CASH,9.84,19299305205,元
2026-05-27,2303,聯電,5.83,79700000,股
2026-05-27,3037,欣興,4.93,8960000,股
2026-05-27,3017,奇鋐,4.47,3250000,股
2026-05-27,3711,日月光投控,3.96,12101000,股
2026-05-27,2383,台光電,3.65,1350000,股
2026-05-27,2368,金像電,3.3,4700000,股
2026-05-27,2327,國巨*,3.13,8760000,股
2026-05-27,2345,智邦,2.61,1950000,股
2026-05-27,2308,台達電,2.58,2010000,股
2026-05-27,2344,華邦電,2.42,30560000,股
2026-05-27,6223,旺矽,2.13,655000,股
2026-05-27,2454,聯發科,1.99,840000,股
2026-05-27,6669,緯穎,1.97,760000,股
2026-05-27,8046,南電,1.64,3550000,股
2026-05-27,3533,嘉澤,1.55,1160000,股
2026-05-27,4958,臻鼎-KY,1.49,5492000,股
2026-05-27,8299,群聯,1.47,1163000,股
2026-05-27,5274,信驊,1.44,155000,股
2026-05-27,3665,貿聯-KY,1.39,1285000,股
2026-05-27,3653,健策,1.25,670000,股
2026-05-27,2337,旺宏,1.22,15350000,股
2026-05-27,2360,致茂,1.12,840000,股
2026-05-27,3443,創意,1.04,400000,股
2026-05-27,3081,聯亞,1.0,680000,股
2026-05-27,6442,光聖,0.86,830000,股
2026-05-27,5347,世界,0.84,9911000,股
2026-05-27,6515,穎崴,0.82,165000,股
2026-05-27,8996,高力,0.72,1169000,股
2026-05-27,6147,頎邦,0.68,5000000,股
2026-05-27,6274,台燿,0.67,801000,股
2026-05-27,3529,力旺,0.66,390000,股
2026-05-27,7769,鴻勁,0.66,166000,股
2026-05-27,3044,健鼎,0.61,2300000,股
2026-05-27,3189,景碩,0.49,1380000,股
2026-05-27,8358,金居,0.49,1700000,股
2026-05-27,8210,勤誠,0.48,680000,股
2026-05-27,6488,環球晶,0.47,1000000,股
2026-05-27,6805,富世達,0.44,500000,股
2026-05-27,2313,華通,0.43,3000000,股
2026-05-27,3583,辛耘,0.4,900000,股
2026-05-27,4979,華星光,0.38,1200000,股
2026-05-27,4966,譜瑞-KY,0.35,784000,股
2026-05-27,3105,穩懋,0.27,957000,股
2026-05-27,3036,文曄,0.23,1500000,股
2026-05-27,6196,帆宣,0.22,870000,股
2026-05-27,2049,上銀,0.21,1010000,股
2026-05-27,2481,強茂,0.19,2510000,股
2026-05-27,2455,全新,0.1,450000,股
2026-05-27,1560,中砂,0.03,78000,股
2026-05-27,M_NTD,MARGIN,0.0,0,元
2026-05-27,PFUR_NTD,PAYABLES FOR UNITS REDEEMED,-0.85,-1660152986,元
2026-05-27,RDI_NTD,RECEIVABLES FOR DISPOSAL OF INVESTMENTS,-3.5,-6872299466,元
2026-05-28,2330,台積電,17.06,14200000,股
2026-05-28,C_NTD,CASH,6.55,12502790742,元
2026-05-28,2303,聯電,5.92,79700000,股
2026-05-28,3037,欣興,4.81,8960000,股
2026-05-28,3017,奇鋐,4.39,3250000,股
2026-05-28,3711,日月光投控,3.97,12101000,股
2026-05-28,2383,台光電,3.57,1350000,股
2026-05-28,2327,國巨*,3.4,8760000,股
2026-05-28,2368,金像電,3.21,4700000,股
2026-05-28,2308,台達電,2.51,2010000,股
2026-05-28,2345,智邦,2.49,1950000,股
2026-05-28,2344,華邦電,2.38,31560000,股
2026-05-28,2454,聯發科,2.31,1000000,股
2026-05-28,6223,旺矽,2.03,655000,股
2026-05-28,6669,緯穎,1.97,760000,股
2026-05-28,8046,南電,1.58,3550000,股
2026-05-28,3533,嘉澤,1.51,1160000,股
2026-05-28,8299,群聯,1.49,1163000,股
2026-05-28,5274,信驊,1.45,155000,股
2026-05-28,3665,貿聯-KY,1.42,1285000,股
2026-05-28,3653,健策,1.41,770000,股
2026-05-28,4958,臻鼎-KY,1.4,5492000,股
2026-05-28,2337,旺宏,1.29,15350000,股
2026-05-28,2360,致茂,1.13,840000,股
2026-05-28,3443,創意,0.96,400000,股
2026-05-28,3081,聯亞,0.94,680000,股
2026-05-28,7769,鴻勁,0.88,219000,股
2026-05-28,5347,世界,0.84,9911000,股
2026-05-28,6442,光聖,0.82,830000,股
2026-05-28,6515,穎崴,0.79,165000,股
2026-05-28,6147,頎邦,0.73,5000000,股
2026-05-28,6274,台燿,0.73,911000,股
2026-05-28,3529,力旺,0.71,390000,股
2026-05-28,8996,高力,0.67,1169000,股
2026-05-28,6488,環球晶,0.64,1310000,股
2026-05-28,3044,健鼎,0.59,2300000,股
2026-05-28,3189,景碩,0.49,1380000,股
2026-05-28,8358,金居,0.49,1700000,股
2026-05-28,8210,勤誠,0.47,680000,股
2026-05-28,6805,富世達,0.46,500000,股
2026-05-28,3583,辛耘,0.41,900000,股
2026-05-28,4979,華星光,0.38,1200000,股
2026-05-28,4966,譜瑞-KY,0.35,784000,股
2026-05-28,3105,穩懋,0.26,957000,股
2026-05-28,3036,文曄,0.23,1500000,股
2026-05-28,6196,帆宣,0.23,870000,股
2026-05-28,2049,上銀,0.21,1010000,股
2026-05-28,2481,強茂,0.19,2510000,股
2026-05-28,2455,全新,0.09,450000,股
2026-05-28,1560,中砂,0.03,78000,股
2026-05-28,2313,華通,0.0,1000,股
2026-05-28,M_NTD,MARGIN,0.0,0,元
2026-05-28,PFUR_NTD,PAYABLES FOR UNITS REDEEMED,-0.57,-1095399710,元
2026-05-28,RDI_NTD,RECEIVABLES FOR DISPOSAL OF INVESTMENTS,-3.35,-6391916533,元
2026-05-29,2330,台積電,17.19,14200000,股
2026-05-29,2303,聯電,5.92,79700000,股
2026-05-29,3037,欣興,4.86,8960000,股
2026-05-29,3017,奇鋐,4.45,3250000,股
2026-05-29,3711,日月光投控,3.8,12101000,股
2026-05-29,C_NTD,CASH,3.68,7163859727,元
2026-05-29,2383,台光電,3.55,1350000,股
2026-05-29,2327,國巨*,3.32,8760000,股
2026-05-29,2368,金像電,3.19,4700000,股
2026-05-29,2308,台達電,2.83,2250000,股
2026-05-29,2344,華邦電,2.68,33000000,股
2026-05-29,2345,智邦,2.44,1950000,股
2026-05-29,2454,聯發科,2.22,1000000,股
2026-05-29,6669,緯穎,2.21,790000,股
2026-05-29,6223,旺矽,2.01,655000,股
2026-05-29,3533,嘉澤,1.58,1160000,股
2026-05-29,8046,南電,1.55,3550000,股
2026-05-29,8299,群聯,1.54,1163000,股
2026-05-29,4958,臻鼎-KY,1.45,5492000,股
2026-05-29,3653,健策,1.4,770000,股
2026-05-29,3665,貿聯-KY,1.38,1285000,股
2026-05-29,2337,旺宏,1.31,15350000,股
2026-05-29,7769,鴻勁,1.18,279000,股
2026-05-29,2360,致茂,1.09,840000,股
2026-05-29,3443,創意,0.96,400000,股
2026-05-29,3081,聯亞,0.91,680000,股
2026-05-29,6274,台燿,0.89,1020000,股
2026-05-29,5274,信驊,0.88,90000,股
2026-05-29,5347,世界,0.86,9911000,股
2026-05-29,6147,頎邦,0.79,5000000,股
2026-05-29,6442,光聖,0.79,830000,股
2026-05-29,6488,環球晶,0.78,1497000,股
2026-05-29,6515,穎崴,0.74,165000,股
2026-05-29,3529,力旺,0.68,390000,股
2026-05-29,8996,高力,0.66,1169000,股
2026-05-29,3044,健鼎,0.62,2300000,股
2026-05-29,6805,富世達,0.57,570000,股
2026-05-29,8358,金居,0.53,1710000,股
2026-05-29,3189,景碩,0.52,1380000,股
2026-05-29,8210,勤誠,0.48,680000,股
2026-05-29,3583,辛耘,0.4,900000,股
2026-05-29,4979,華星光,0.38,1200000,股
2026-05-29,4966,譜瑞-KY,0.34,784000,股
2026-05-29,3105,穩懋,0.26,957000,股
2026-05-29,6196,帆宣,0.23,870000,股
2026-05-29,3036,文曄,0.22,1500000,股
2026-05-29,2481,強茂,0.21,2510000,股
2026-05-29,2049,上銀,0.2,1010000,股
2026-05-29,2455,全新,0.1,450000,股
2026-05-29,1560,中砂,0.03,78000,股
2026-05-29,2313,華通,0.0,1000,股
2026-05-29,M_NTD,MARGIN,0.0,0,元
2026-05-29,PFUR_NTD,PAYABLES FOR UNITS REDEEMED,-0.41,-788301934,元
2026-05-29,RDI_NTD,RECEIVABLES FOR DISPOSAL OF INVESTMENTS,-1.34,-2614854721,元
2026-06-01,2330,台積電,17.28,14200000,股
2026-06-01,2303,聯電,6.01,79700000,股
2026-06-01,3037,欣興,4.86,8960000,股
2026-06-01,3017,奇鋐,4.68,3250000,股
2026-06-01,3711,日月光投控,3.76,12101000,股
2026-06-01,2327,國巨*,3.58,8760000,股
2026-06-01,2383,台光電,3.54,1350000,股
2026-06-01,2368,金像電,3.22,4700000,股
2026-06-01,2344,華邦電,2.95,34000000,股
2026-06-01,2308,台達電,2.81,2250000,股
2026-06-01,C_NTD,CASH,2.66,5148865982,元
2026-06-01,2345,智邦,2.53,1950000,股
2026-06-01,2454,聯發科,2.47,1050000,股
2026-06-01,6669,緯穎,2.25,790000,股
2026-06-01,6223,旺矽,1.92,655000,股
2026-06-01,8046,南電,1.66,3550000,股
2026-06-01,8299,群聯,1.66,1163000,股
2026-06-01,3533,嘉澤,1.6,1160000,股
2026-06-01,4958,臻鼎-KY,1.56,5492000,股
2026-06-01,3653,健策,1.53,770000,股
2026-06-01,3665,貿聯-KY,1.41,1285000,股
2026-06-01,2337,旺宏,1.33,15350000,股
2026-06-01,2360,致茂,1.12,840000,股
2026-06-01,7769,鴻勁,1.08,279000,股
2026-06-01,3443,創意,1.03,430000,股
2026-06-01,3081,聯亞,0.94,680000,股
2026-06-01,5347,世界,0.92,9911000,股
2026-06-01,6274,台燿,0.9,1020000,股
2026-06-01,6442,光聖,0.81,830000,股
2026-06-01,6147,頎邦,0.74,5000000,股
2026-06-01,6515,穎崴,0.74,165000,股
2026-06-01,6488,環球晶,0.73,1497000,股
2026-06-01,3529,力旺,0.66,390000,股
2026-06-01,8996,高力,0.63,1169000,股
2026-06-01,3044,健鼎,0.62,2300000,股
2026-06-01,6805,富世達,0.62,570000,股
2026-06-01,8358,金居,0.59,1710000,股
2026-06-01,3189,景碩,0.55,1380000,股
2026-06-01,8210,勤誠,0.49,680000,股
2026-06-01,5274,信驊,0.48,50000,股
2026-06-01,3583,辛耘,0.4,900000,股
2026-06-01,4966,譜瑞-KY,0.4,900000,股
2026-06-01,4979,華星光,0.4,1200000,股
2026-06-01,3105,穩懋,0.26,957000,股
2026-06-01,6196,帆宣,0.23,870000,股
2026-06-01,2049,上銀,0.2,1010000,股
2026-06-01,2481,強茂,0.2,2510000,股
2026-06-01,2455,全新,0.1,450000,股
2026-06-01,1560,中砂,0.03,78000,股
2026-06-01,2313,華通,0.0,1000,股
2026-06-01,3036,文曄,0.0,1000,股
2026-06-01,M_NTD,MARGIN,0.0,0,元
2026-06-01,RDI_NTD,RECEIVABLES FOR DISPOSAL OF INVESTMENTS,-0.14,-265514351,元
2026-06-01,PFUR_NTD,PAYABLES FOR UNITS REDEEMED,-1.88,-3635332244,元
2026-06-02,2330,台積電,17.66,14200000,股
2026-06-02,2303,聯電,5.89,79700000,股
2026-06-02,3017,奇鋐,4.58,3250000,股
2026-06-02,3037,欣興,4.56,8960000,股
2026-06-02,C_NTD,CASH,3.9,7467706233,元
2026-06-02,2327,國巨*,3.87,8760000,股
2026-06-02,3711,日月光投控,3.73,12101000,股
2026-06-02,2383,台光電,3.43,1350000,股
2026-06-02,2344,華邦電,3.35,34800000,股
2026-06-02,2368,金像電,3.13,4700000,股
2026-06-02,2308,台達電,2.77,2250000,股
2026-06-02,2454,聯發科,2.48,1050000,股
2026-06-02,2345,智邦,2.47,1950000,股
2026-06-02,6669,緯穎,2.26,790000,股
2026-06-02,6223,旺矽,1.89,655000,股
2026-06-02,3653,健策,1.73,830000,股
2026-06-02,8299,群聯,1.71,1163000,股
2026-06-02,8046,南電,1.6,3550000,股
2026-06-02,3533,嘉澤,1.58,1160000,股
2026-06-02,2337,旺宏,1.5,16350000,股
2026-06-02,4958,臻鼎-KY,1.49,5492000,股
2026-06-02,3665,貿聯-KY,1.32,1150000,股
2026-06-02,2360,致茂,1.06,840000,股
2026-06-02,7769,鴻勁,1.05,279000,股
2026-06-02,3443,創意,1.02,430000,股
2026-06-02,3081,聯亞,0.91,680000,股
2026-06-02,5347,世界,0.89,9911000,股
2026-06-02,6274,台燿,0.85,1020000,股
2026-06-02,6442,光聖,0.82,830000,股
2026-06-02,6488,環球晶,0.74,1497000,股
2026-06-02,6147,頎邦,0.73,5000000,股
2026-06-02,3529,力旺,0.72,390000,股
2026-06-02,6515,穎崴,0.7,165000,股
2026-06-02,6805,富世達,0.65,570000,股
2026-06-02,8996,高力,0.64,1169000,股
2026-06-02,3044,健鼎,0.61,2300000,股
2026-06-02,8358,金居,0.56,1710000,股
2026-06-02,3189,景碩,0.54,1380000,股
2026-06-02,8210,勤誠,0.49,680000,股
2026-06-02,5274,信驊,0.47,50000,股
2026-06-02,3583,辛耘,0.4,900000,股
2026-06-02,4966,譜瑞-KY,0.39,900000,股
2026-06-02,4979,華星光,0.39,1200000,股
2026-06-02,3105,穩懋,0.26,957000,股
2026-06-02,6196,帆宣,0.23,870000,股
2026-06-02,2049,上銀,0.19,1010000,股
2026-06-02,2317,鴻海,0.19,1200000,股
2026-06-02,2455,全新,0.09,450000,股
2026-06-02,2481,強茂,0.08,1100000,股
2026-06-02,RDI_NTD,RECEIVABLES FOR DISPOSAL OF INVESTMENTS,0.04,82394067,元
2026-06-02,1560,中砂,0.03,78000,股
2026-06-02,3036,文曄,0.0,1000,股
2026-06-02,M_NTD,MARGIN,0.0,0,元
2026-06-02,PFUR_NTD,PAYABLES FOR UNITS REDEEMED,-2.01,-3849573404,元
2026-06-03,2330,台積電,17.98,14200000,股
2026-06-03,2303,聯電,5.43,79700000,股
2026-06-03,3017,奇鋐,4.84,3250000,股
2026-06-03,3037,欣興,4.68,8960000,股
2026-06-03,C_NTD,CASH,4.17,7983931704,元
2026-06-03,3711,日月光投控,3.9,12101000,股
2026-06-03,2327,國巨*,3.75,8760000,股
2026-06-03,2368,金像電,3.4,4700000,股
2026-06-03,2383,台光電,3.4,1350000,股
2026-06-03,2344,華邦電,3.34,36000000,股
2026-06-03,2308,台達電,2.88,2250000,股
2026-06-03,2345,智邦,2.78,2060000,股
2026-06-03,2454,聯發科,2.49,1050000,股
2026-06-03,6669,緯穎,2.31,790000,股
2026-06-03,6223,旺矽,2.19,710000,股
2026-06-03,3653,健策,1.69,830000,股
2026-06-03,8046,南電,1.68,3550000,股
2026-06-03,3533,嘉澤,1.66,1240000,股
2026-06-03,4958,臻鼎-KY,1.46,5492000,股
2026-06-03,2337,旺宏,1.38,16350000,股
2026-06-03,3665,貿聯-KY,1.38,1150000,股
2026-06-03,8299,群聯,1.3,930000,股
2026-06-03,2360,致茂,1.12,840000,股
2026-06-03,7769,鴻勁,1.1,279000,股
2026-06-03,6274,台燿,1.06,1200000,股
2026-06-03,3443,創意,1.03,430000,股
2026-06-03,3081,聯亞,1.0,680000,股
2026-06-03,6442,光聖,0.89,830000,股
2026-06-03,5347,世界,0.87,9911000,股
2026-06-03,6488,環球晶,0.74,1497000,股
2026-06-03,3529,力旺,0.73,390000,股
2026-06-03,6147,頎邦,0.72,5000000,股
2026-06-03,6515,穎崴,0.71,165000,股
2026-06-03,8996,高力,0.67,1169000,股
2026-06-03,6805,富世達,0.62,570000,股
2026-06-03,8358,金居,0.55,1710000,股
2026-06-03,3189,景碩,0.53,1380000,股
2026-06-03,2317,鴻海,0.52,3200000,股
2026-06-03,8210,勤誠,0.52,680000,股
2026-06-03,3044,健鼎,0.48,1800000,股
2026-06-03,5274,信驊,0.42,45000,股
2026-06-03,3583,辛耘,0.4,900000,股
2026-06-03,4979,華星光,0.4,1200000,股
2026-06-03,4966,譜瑞-KY,0.38,900000,股
2026-06-03,3105,穩懋,0.26,957000,股
2026-06-03,6196,帆宣,0.23,870000,股
2026-06-03,2049,上銀,0.19,1010000,股
2026-06-03,2455,全新,0.1,450000,股
2026-06-03,1303,南亞,0.09,1600000,股
2026-06-03,2481,強茂,0.09,1100000,股
2026-06-03,1560,中砂,0.03,78000,股
2026-06-03,M_NTD,MARGIN,0.0,0,元
2026-06-03,RDI_NTD,RECEIVABLES FOR DISPOSAL OF INVESTMENTS,-0.85,-1619639273,元
2026-06-03,PFUR_NTD,PAYABLES FOR UNITS REDEEMED,-2.82,-5403637707,元
2026-06-04,2330,台積電,18.21,14200000,股
2026-06-04,3017,奇鋐,4.73,3250000,股
2026-06-04,3037,欣興,4.68,8960000,股
2026-06-04,2303,聯電,4.57,68000000,股
2026-06-04,3711,日月光投控,3.86,12101000,股
2026-06-04,2383,台光電,3.51,1350000,股
2026-06-04,2327,國巨*,3.5,8760000,股
2026-06-04,2344,華邦電,3.47,36000000,股
2026-06-04,2368,金像電,3.41,4700000,股
2026-06-04,2308,台達電,2.93,2250000,股
2026-06-04,2345,智邦,2.78,2060000,股
2026-06-04,C_NTD,CASH,2.72,5067306305,元
2026-06-04,2454,聯發科,2.5,1050000,股
2026-06-04,6223,旺矽,2.41,740000,股
2026-06-04,6669,緯穎,2.37,790000,股
2026-06-04,8046,南電,1.68,3550000,股
2026-06-04,3653,健策,1.66,830000,股
2026-06-04,3533,嘉澤,1.6,1240000,股
2026-06-04,4958,臻鼎-KY,1.45,5492000,股
2026-06-04,2337,旺宏,1.38,16350000,股
2026-06-04,3665,貿聯-KY,1.26,1090000,股
2026-06-04,2360,致茂,1.18,840000,股
2026-06-04,7769,鴻勁,1.11,279000,股
2026-06-04,6274,台燿,1.09,1200000,股
2026-06-04,3443,創意,1.02,430000,股
2026-06-04,3081,聯亞,1.0,720000,股
2026-06-04,8299,群聯,0.97,700000,股
2026-06-04,6442,光聖,0.96,830000,股
2026-06-04,5347,世界,0.87,9911000,股
2026-06-04,6515,穎崴,0.77,165000,股
2026-06-04,3529,力旺,0.74,390000,股
2026-06-04,6147,頎邦,0.73,5000000,股
2026-06-04,6488,環球晶,0.7,1497000,股
2026-06-04,8996,高力,0.7,1169000,股
2026-06-04,6805,富世達,0.61,570000,股
2026-06-04,8210,勤誠,0.52,680000,股
2026-06-04,8358,金居,0.52,1710000,股
2026-06-04,3189,景碩,0.51,1380000,股
2026-06-04,2317,鴻海,0.5,3200000,股
2026-06-04,RDI_NTD,RECEIVABLES FOR DISPOSAL OF INVESTMENTS,0.5,922500587,元
2026-06-04,5274,信驊,0.44,45000,股
2026-06-04,3583,辛耘,0.42,900000,股
2026-06-04,4979,華星光,0.38,1200000,股
2026-06-04,4966,譜瑞-KY,0.37,900000,股
2026-06-04,3044,健鼎,0.28,1000000,股
2026-06-04,3105,穩懋,0.25,957000,股
2026-06-04,6196,帆宣,0.24,870000,股
2026-06-04,1303,南亞,0.21,3600000,股
2026-06-04,2049,上銀,0.19,1010000,股
2026-06-04,2455,全新,0.1,450000,股
2026-06-04,2481,強茂,0.09,1100000,股
2026-06-04,1560,中砂,0.03,78000,股
2026-06-04,M_NTD,MARGIN,0.0,0,元
2026-06-04,PFUR_NTD,PAYABLES FOR UNITS REDEEMED,-1.67,-3104981027,元
2026-06-05,2330,台積電,18.4,14200000,股
2026-06-05,2303,聯電,4.9,68000000,股
2026-06-05,3017,奇鋐,4.63,3250000,股
2026-06-05,3037,欣興,4.58,8960000,股
2026-06-05,3711,日月光投控,3.83,12101000,股
2026-06-05,2327,國巨*,3.69,8760000,股
2026-06-05,2383,台光電,3.61,1350000,股
2026-06-05,2368,金像電,3.39,4700000,股
2026-06-05,2344,華邦電,3.19,36000000,股
2026-06-05,2308,台達電,2.83,2250000,股
2026-06-05,2345,智邦,2.81,2060000,股
2026-06-05,2454,聯發科,2.47,1050000,股
2026-06-05,6223,旺矽,2.46,780000,股
2026-06-05,6669,緯穎,2.45,790000,股
2026-06-05,RDI_NTD,RECEIVABLES FOR DISPOSAL OF INVESTMENTS,2.43,4429282366,元
2026-06-05,C_NTD,CASH,2.38,4336494568,元
2026-06-05,3653,健策,1.65,830000,股
2026-06-05,3533,嘉澤,1.61,1240000,股
2026-06-05,4958,臻鼎-KY,1.52,5492000,股
2026-06-05,2337,旺宏,1.34,16350000,股
2026-06-05,3665,貿聯-KY,1.31,1090000,股
2026-06-05,2360,致茂,1.18,840000,股
2026-06-05,6274,台燿,1.15,1300000,股
2026-06-05,7769,鴻勁,1.11,279000,股
2026-06-05,3081,聯亞,1.05,720000,股
2026-06-05,3443,創意,1.04,430000,股
2026-06-05,6442,光聖,0.93,830000,股
2026-06-05,5347,世界,0.88,9911000,股
2026-06-05,6147,頎邦,0.83,5600000,股
2026-06-05,6515,穎崴,0.76,165000,股
2026-06-05,3529,力旺,0.73,390000,股
2026-06-05,8996,高力,0.72,1169000,股
2026-06-05,6488,環球晶,0.67,1497000,股
2026-06-05,6805,富世達,0.61,570000,股
2026-06-05,8358,金居,0.56,1710000,股
2026-06-05,3189,景碩,0.54,1380000,股
2026-06-05,8210,勤誠,0.51,680000,股
2026-06-05,2317,鴻海,0.5,3200000,股
2026-06-05,8046,南電,0.5,1080000,股
2026-06-05,8299,群聯,0.47,350000,股
2026-06-05,3583,辛耘,0.43,900000,股
2026-06-05,5274,信驊,0.43,45000,股
2026-06-05,4979,華星光,0.39,1200000,股
2026-06-05,4966,譜瑞-KY,0.36,900000,股
2026-06-05,3044,健鼎,0.27,1000000,股
2026-06-05,1303,南亞,0.25,4300000,股
2026-06-05,3105,穩懋,0.25,957000,股
2026-06-05,6196,帆宣,0.24,870000,股
2026-06-05,2049,上銀,0.19,1010000,股
2026-06-05,2455,全新,0.1,450000,股
2026-06-05,2481,強茂,0.1,1100000,股
2026-06-05,1560,中砂,0.03,78000,股
2026-06-05,M_NTD,MARGIN,0.0,0,元
2026-06-05,PFUR_NTD,PAYABLES FOR UNITS REDEEMED,-2.04,-3724348827,元
2026-06-08,2330,台積電,18.32,14200000,股
2026-06-08,3017,奇鋐,4.69,3250000,股
2026-06-08,2303,聯電,4.62,68000000,股
2026-06-08,3037,欣興,4.59,8960000,股
2026-06-08,2327,國巨*,3.7,8760000,股
2026-06-08,3711,日月光投控,3.67,12101000,股
2026-06-08,2383,台光電,3.62,1350000,股
2026-06-08,2368,金像電,3.59,4700000,股
2026-06-08,C_NTD,CASH,3.27,5809700025,元
2026-06-08,2344,華邦電,3.12,36000000,股
2026-06-08,2345,智邦,2.86,2100000,股
2026-06-08,2308,台達電,2.85,2250000,股
2026-06-08,6223,旺矽,2.42,780000,股
2026-06-08,2454,聯發科,2.4,1050000,股
2026-06-08,6669,緯穎,2.34,790000,股
2026-06-08,3653,健策,1.78,830000,股
2026-06-08,3533,嘉澤,1.6,1240000,股
2026-06-08,4958,臻鼎-KY,1.58,5492000,股
2026-06-08,2337,旺宏,1.32,16350000,股
2026-06-08,3665,貿聯-KY,1.28,1090000,股
2026-06-08,RDI_NTD,RECEIVABLES FOR DISPOSAL OF INVESTMENTS,1.17,2089268291,元
2026-06-08,2360,致茂,1.16,840000,股
2026-06-08,6274,台燿,1.12,1300000,股
2026-06-08,7769,鴻勁,1.1,279000,股
2026-06-08,3443,創意,1.03,430000,股
2026-06-08,3081,聯亞,1.01,720000,股
2026-06-08,6442,光聖,0.92,830000,股
2026-06-08,5347,世界,0.87,9911000,股
2026-06-08,8996,高力,0.82,1200000,股
2026-06-08,6515,穎崴,0.78,165000,股
2026-06-08,6147,頎邦,0.76,5600000,股
2026-06-08,3529,力旺,0.7,390000,股
2026-06-08,6488,環球晶,0.65,1497000,股
2026-06-08,6805,富世達,0.61,570000,股
2026-06-08,8358,金居,0.56,1710000,股
2026-06-08,3189,景碩,0.54,1380000,股
2026-06-08,8210,勤誠,0.53,680000,股
2026-06-08,8046,南電,0.5,1080000,股
2026-06-08,2317,鴻海,0.48,3200000,股
2026-06-08,5274,信驊,0.44,45000,股
2026-06-08,8299,群聯,0.44,350000,股
2026-06-08,3583,辛耘,0.41,900000,股
2026-06-08,4979,華星光,0.36,1200000,股
2026-06-08,4966,譜瑞-KY,0.34,900000,股
2026-06-08,1303,南亞,0.29,5300000,股
2026-06-08,3044,健鼎,0.27,1000000,股
2026-06-08,3105,穩懋,0.24,957000,股
2026-06-08,6196,帆宣,0.24,870000,股
2026-06-08,2049,上銀,0.19,1010000,股
2026-06-08,2455,全新,0.09,450000,股
2026-06-08,2481,強茂,0.09,1100000,股
2026-06-08,1560,中砂,0.03,78000,股
2026-06-08,M_NTD,MARGIN,0.0,0,元
2026-06-08,PFUR_NTD,PAYABLES FOR UNITS REDEEMED,-0.99,-1758555360,元
2026-06-09,2330,台積電,17.92,14200000,股
2026-06-09,2303,聯電,4.75,68000000,股
2026-06-09,3037,欣興,4.75,8960000,股
2026-06-09,3017,奇鋐,4.53,3250000,股
2026-06-09,C_NTD,CASH,4.39,8014644469,元
2026-06-09,2327,國巨*,3.96,8760000,股
2026-06-09,2368,金像電,3.85,4700000,股
2026-06-09,3711,日月光投控,3.77,12101000,股
2026-06-09,2383,台光電,3.74,1350000,股
2026-06-09,2308,台達電,3.21,2430000,股
2026-06-09,2344,華邦電,3.08,36000000,股
2026-06-09,2345,智邦,2.85,2100000,股
2026-06-09,2454,聯發科,2.72,1110000,股
2026-06-09,6223,旺矽,2.67,830000,股
2026-06-09,6669,緯穎,2.29,790000,股
2026-06-09,3653,健策,1.79,830000,股
2026-06-09,4958,臻鼎-KY,1.64,5492000,股
2026-06-09,3533,嘉澤,1.59,1240000,股
2026-06-09,2337,旺宏,1.3,16350000,股
2026-06-09,3665,貿聯-KY,1.29,1090000,股
2026-06-09,6274,台燿,1.26,1420000,股
2026-06-09,2360,致茂,1.1,840000,股
2026-06-09,7769,鴻勁,1.06,279000,股
2026-06-09,3443,創意,1.01,430000,股
2026-06-09,3081,聯亞,0.98,720000,股
2026-06-09,6442,光聖,0.95,830000,股
2026-06-09,8996,高力,0.9,1234000,股
2026-06-09,5347,世界,0.87,9911000,股
2026-06-09,6515,穎崴,0.78,165000,股
2026-06-09,6147,頎邦,0.77,5600000,股
2026-06-09,3529,力旺,0.67,390000,股
2026-06-09,6488,環球晶,0.66,1497000,股
2026-06-09,6805,富世達,0.61,570000,股
2026-06-09,8358,金居,0.57,1710000,股
2026-06-09,8210,勤誠,0.56,680000,股
2026-06-09,3189,景碩,0.54,1380000,股
2026-06-09,8046,南電,0.54,1080000,股
2026-06-09,2317,鴻海,0.49,3200000,股
2026-06-09,8299,群聯,0.45,350000,股
2026-06-09,5274,信驊,0.44,45000,股
2026-06-09,3583,辛耘,0.43,900000,股
2026-06-09,4979,華星光,0.37,1200000,股
2026-06-09,4966,譜瑞-KY,0.34,900000,股
2026-06-09,1303,南亞,0.29,5300000,股
2026-06-09,3105,穩懋,0.26,957000,股
2026-06-09,6196,帆宣,0.25,870000,股
2026-06-09,2049,上銀,0.19,1010000,股
2026-06-09,2455,全新,0.1,450000,股
2026-06-09,3044,健鼎,0.05,200000,股
2026-06-09,1560,中砂,0.03,78000,股
2026-06-09,2481,強茂,0.0,1000,股
2026-06-09,M_NTD,MARGIN,0.0,0,元
2026-06-09,RDI_NTD,RECEIVABLES FOR DISPOSAL OF INVESTMENTS,-0.49,-887643817,元
2026-06-10,2330,台積電,18.55,14200000,股
2026-06-10,2303,聯電,4.67,68000000,股
2026-06-10,2327,國巨*,4.63,9760000,股
2026-06-10,3037,欣興,4.59,8960000,股
2026-06-10,3017,奇鋐,4.44,3250000,股
2026-06-10,2368,金像電,3.87,4700000,股
2026-06-10,2383,台光電,3.86,1350000,股
2026-06-10,3711,日月光投控,3.78,12101000,股
2026-06-10,2344,華邦電,3.11,36000000,股
2026-06-10,2308,台達電,3.1,2430000,股
2026-06-10,6223,旺矽,2.91,870000,股
2026-06-10,2345,智邦,2.88,2100000,股
2026-06-10,2454,聯發科,2.82,1170000,股
2026-06-10,6669,緯穎,2.32,790000,股
2026-06-10,3653,健策,1.83,830000,股
2026-06-10,4958,臻鼎-KY,1.6,5492000,股
2026-06-10,3533,嘉澤,1.56,1240000,股
2026-06-10,3665,貿聯-KY,1.36,1090000,股
2026-06-10,6274,台燿,1.32,1520000,股
2026-06-10,2337,旺宏,1.28,16350000,股
2026-06-10,7769,鴻勁,1.11,279000,股
2026-06-10,2360,致茂,1.08,840000,股
2026-06-10,3443,創意,1.0,430000,股
2026-06-10,3081,聯亞,0.94,720000,股
2026-06-10,8996,高力,0.94,1334000,股
2026-06-10,6442,光聖,0.91,830000,股
2026-06-10,5347,世界,0.88,9911000,股
2026-06-10,6515,穎崴,0.78,165000,股
2026-06-10,6147,頎邦,0.73,5600000,股
2026-06-10,3529,力旺,0.67,390000,股
2026-06-10,6488,環球晶,0.67,1497000,股
2026-06-10,6805,富世達,0.58,570000,股
2026-06-10,8210,勤誠,0.57,680000,股
2026-06-10,8358,金居,0.55,1710000,股
2026-06-10,3189,景碩,0.53,1380000,股
2026-06-10,8046,南電,0.53,1080000,股
2026-06-10,2317,鴻海,0.49,3200000,股
2026-06-10,5274,信驊,0.44,45000,股
2026-06-10,8299,群聯,0.44,350000,股
2026-06-10,3583,辛耘,0.41,900000,股
2026-06-10,4966,譜瑞-KY,0.35,900000,股
2026-06-10,4979,華星光,0.34,1155000,股
2026-06-10,1303,南亞,0.29,5300000,股
2026-06-10,3105,穩懋,0.26,957000,股
2026-06-10,6196,帆宣,0.25,870000,股
2026-06-10,2049,上銀,0.19,1010000,股
2026-06-10,2455,全新,0.09,450000,股
2026-06-10,1560,中砂,0.03,78000,股
2026-06-10,2481,強茂,0.0,1000,股
2026-06-10,3044,健鼎,0.0,1000,股
2026-06-10,C_NTD,CASH,,6404084696,元
2026-06-10,M_NTD,MARGIN,,0,元
2026-06-10,RDI_NTD,RECEIVABLES FOR DISPOSAL OF INVESTMENTS,,-2240533576,元
2026-06-11,2330,台積電,18.1,14200000,股
2026-06-11,2303,聯電,4.82,68000000,股
2026-06-11,2327,國巨*,4.72,9900000,股
2026-06-11,3037,欣興,4.34,8960000,股
2026-06-11,3017,奇鋐,4.3,3250000,股
2026-06-11,2383,台光電,3.9,1350000,股
2026-06-11,3711,日月光投控,3.73,12101000,股
2026-06-11,2368,金像電,3.58,4700000,股
2026-06-11,2344,華邦電,3.19,36000000,股
2026-06-11,6223,旺矽,3.0,870000,股
2026-06-11,2308,台達電,2.97,2430000,股
2026-06-11,2345,智邦,2.71,2100000,股
2026-06-11,2454,聯發科,2.71,1170000,股
2026-06-11,6669,緯穎,2.19,790000,股
2026-06-11,3653,健策,1.7,830000,股
2026-06-11,4958,臻鼎-KY,1.68,5600000,股
2026-06-11,3533,嘉澤,1.51,1240000,股
2026-06-11,3665,貿聯-KY,1.33,1090000,股
2026-06-11,2337,旺宏,1.3,16350000,股
2026-06-11,6274,台燿,1.27,1520000,股
2026-06-11,7769,鴻勁,1.12,279000,股
2026-06-11,2360,致茂,1.04,840000,股
2026-06-11,3443,創意,1.0,430000,股
2026-06-11,5347,世界,0.91,9911000,股
2026-06-11,6442,光聖,0.86,830000,股
2026-06-11,8996,高力,0.86,1334000,股
2026-06-11,3081,聯亞,0.85,690000,股
2026-06-11,6515,穎崴,0.82,165000,股
2026-06-11,6147,頎邦,0.71,5600000,股
2026-06-11,3529,力旺,0.67,390000,股
2026-06-11,6488,環球晶,0.67,1497000,股
2026-06-11,6805,富世達,0.57,570000,股
2026-06-11,8210,勤誠,0.55,680000,股
2026-06-11,8358,金居,0.52,1710000,股
2026-06-11,8046,南電,0.49,1080000,股
2026-06-11,3189,景碩,0.48,1380000,股
2026-06-11,2317,鴻海,0.47,3200000,股
2026-06-11,5274,信驊,0.45,45000,股
2026-06-11,8299,群聯,0.44,350000,股
2026-06-11,3583,辛耘,0.4,900000,股
2026-06-11,1303,南亞,0.38,7000000,股
2026-06-11,4966,譜瑞-KY,0.34,900000,股
2026-06-11,4979,華星光,0.27,1000000,股
2026-06-11,3105,穩懋,0.26,957000,股
2026-06-11,6196,帆宣,0.25,870000,股
2026-06-11,2049,上銀,0.18,1010000,股
2026-06-11,1560,中砂,0.12,340000,股
2026-06-11,2455,全新,0.08,450000,股
2026-06-11,2481,強茂,0.0,1000,股
2026-06-11,3044,健鼎,0.0,1000,股
2026-06-11,C_NTD,CASH,,5859418494,元
2026-06-11,M_NTD,MARGIN,,0,元
2026-06-11,RDI_NTD,RECEIVABLES FOR DISPOSAL OF INVESTMENTS,,-1955569139,元
2026-06-12,2330,台積電,18.16,14200000,股
2026-06-12,2303,聯電,5.35,72400000,股
2026-06-12,2327,國巨*,4.69,9900000,股
2026-06-12,3037,欣興,4.47,8960000,股
2026-06-12,3017,奇鋐,4.33,3250000,股
2026-06-12,3711,日月光投控,3.95,12101000,股
2026-06-12,2344,華邦電,3.62,38000000,股
2026-06-12,2383,台光電,3.61,1350000,股
2026-06-12,2368,金像電,3.43,4700000,股
2026-06-12,6223,旺矽,3.23,900000,股
2026-06-12,2308,台達電,2.98,2430000,股
2026-06-12,2454,聯發科,2.78,1200000,股
2026-06-12,2345,智邦,2.71,2100000,股
2026-06-12,6669,緯穎,2.12,790000,股
2026-06-12,4958,臻鼎-KY,1.8,5900000,股
2026-06-12,3653,健策,1.7,830000,股
2026-06-12,3533,嘉澤,1.54,1240000,股
2026-06-12,3665,貿聯-KY,1.39,1090000,股
2026-06-12,2337,旺宏,1.33,16350000,股
2026-06-12,6274,台燿,1.2,1520000,股
2026-06-12,7769,鴻勁,1.11,279000,股
2026-06-12,2360,致茂,1.07,840000,股
2026-06-12,6515,穎崴,1.06,200000,股
2026-06-12,3443,創意,1.04,430000,股
2026-06-12,5347,世界,0.93,9911000,股
2026-06-12,6442,光聖,0.85,830000,股
2026-06-12,8996,高力,0.85,1334000,股
2026-06-12,6488,環球晶,0.72,1497000,股
2026-06-12,3081,聯亞,0.69,570000,股
2026-06-12,6147,頎邦,0.69,5600000,股
2026-06-12,3529,力旺,0.67,390000,股
2026-06-12,6805,富世達,0.58,570000,股
2026-06-12,8210,勤誠,0.56,680000,股
2026-06-12,8358,金居,0.54,1710000,股
2026-06-12,8046,南電,0.49,1080000,股
2026-06-12,3189,景碩,0.47,1380000,股
2026-06-12,2317,鴻海,0.46,3200000,股
2026-06-12,5274,信驊,0.46,45000,股
2026-06-12,8299,群聯,0.45,350000,股
2026-06-12,1303,南亞,0.41,7000000,股
2026-06-12,3583,辛耘,0.4,900000,股
2026-06-12,4966,譜瑞-KY,0.34,900000,股
2026-06-12,3105,穩懋,0.27,957000,股
2026-06-12,6196,帆宣,0.26,870000,股
2026-06-12,4979,華星光,0.25,916000,股
2026-06-12,1560,中砂,0.22,600000,股
2026-06-12,2049,上銀,0.18,1010000,股
2026-06-12,3211,順達,0.16,700000,股
2026-06-12,2455,全新,0.09,450000,股
2026-06-12,2481,強茂,0.0,1000,股
2026-06-12,C_NTD,CASH,,7442604797,元
2026-06-12,M_NTD,MARGIN,,0,元
2026-06-12,RDI_NTD,RECEIVABLES FOR DISPOSAL OF INVESTMENTS,,-2292205803,元
2026-06-15,2330,台積電,18.44,14200000,股
2026-06-15,2303,聯電,5.6,72400000,股
2026-06-15,2327,國巨*,5.09,9900000,股
2026-06-15,3037,欣興,4.7,8960000,股
2026-06-15,3017,奇鋐,4.28,3250000,股
2026-06-15,2344,華邦電,3.93,38000000,股
2026-06-15,2383,台光電,3.71,1350000,股
2026-06-15,2368,金像電,3.39,4700000,股
2026-06-15,6223,旺矽,3.17,900000,股
2026-06-15,2454,聯發科,3.13,1280000,股
2026-06-15,2308,台達電,2.94,2430000,股
2026-06-15,3711,日月光投控,2.87,8900000,股
2026-06-15,2345,智邦,2.79,2100000,股
2026-06-15,6669,緯穎,2.12,790000,股
2026-06-15,4958,臻鼎-KY,1.94,6020000,股
2026-06-15,3653,健策,1.74,830000,股
2026-06-15,3533,嘉澤,1.56,1240000,股
2026-06-15,2337,旺宏,1.42,16350000,股
2026-06-15,3665,貿聯-KY,1.35,1090000,股
2026-06-15,6274,台燿,1.3,1520000,股
2026-06-15,3443,創意,1.13,430000,股
2026-06-15,7769,鴻勁,1.1,279000,股
2026-06-15,6515,穎崴,1.09,200000,股
2026-06-15,2360,致茂,1.04,840000,股
2026-06-15,5347,世界,0.95,9911000,股
2026-06-15,8996,高力,0.92,1334000,股
2026-06-15,6488,環球晶,0.88,1700000,股
2026-06-15,6442,光聖,0.87,830000,股
2026-06-15,3081,聯亞,0.73,570000,股
2026-06-15,6147,頎邦,0.72,5600000,股
2026-06-15,3529,力旺,0.68,390000,股
2026-06-15,8358,金居,0.58,1710000,股
2026-06-15,6805,富世達,0.54,570000,股
2026-06-15,8210,勤誠,0.53,680000,股
2026-06-15,8046,南電,0.51,1080000,股
2026-06-15,3189,景碩,0.5,1380000,股
2026-06-15,1303,南亞,0.48,7550000,股
2026-06-15,2317,鴻海,0.47,3200000,股
2026-06-15,5274,信驊,0.44,45000,股
2026-06-15,8299,群聯,0.44,350000,股
2026-06-15,3583,辛耘,0.4,900000,股
2026-06-15,4966,譜瑞-KY,0.33,900000,股
2026-06-15,1560,中砂,0.31,800000,股
2026-06-15,6196,帆宣,0.31,1000000,股
2026-06-15,3105,穩懋,0.27,957000,股
2026-06-15,3211,順達,0.26,1100000,股
2026-06-15,4979,華星光,0.22,748000,股
2026-06-15,2049,上銀,0.18,1010000,股
2026-06-15,2455,全新,0.09,450000,股
2026-06-15,2481,強茂,0.0,1000,股
2026-06-15,C_NTD,CASH,,7181430219,元
2026-06-15,M_NTD,MARGIN,,0,元
2026-06-15,RDI_NTD,RECEIVABLES FOR DISPOSAL OF INVESTMENTS,,-1017978273,元
2026-06-16,2330,台積電,19.14,14200000,股
2026-06-16,2303,聯電,5.73,72400000,股
2026-06-16,2327,國巨*,5.28,9900000,股
2026-06-16,3037,欣興,4.94,8960000,股
2026-06-16,3017,奇鋐,4.33,3250000,股
2026-06-16,2344,華邦電,4.2,38000000,股
2026-06-16,2383,台光電,3.88,1350000,股
2026-06-16,2368,金像電,3.55,4700000,股
2026-06-16,2454,聯發科,3.28,1280000,股
2026-06-16,6223,旺矽,3.26,900000,股
2026-06-16,2308,台達電,3.04,2430000,股
2026-06-16,2345,智邦,2.97,2100000,股
2026-06-16,4958,臻鼎-KY,2.26,6440000,股
2026-06-16,6669,緯穎,2.16,790000,股
2026-06-16,3711,日月光投控,2.06,6200000,股
2026-06-16,3653,健策,1.76,830000,股
2026-06-16,3533,嘉澤,1.6,1240000,股
2026-06-16,2337,旺宏,1.53,16350000,股
2026-06-16,6274,台燿,1.49,1650000,股
2026-06-16,3443,創意,1.19,430000,股
2026-06-16,3665,貿聯-KY,1.17,980000,股
2026-06-16,7769,鴻勁,1.15,279000,股
2026-06-16,6515,穎崴,1.12,200000,股
2026-06-16,8996,高力,1.03,1334000,股
2026-06-16,6488,環球晶,1.0,1700000,股
2026-06-16,5347,世界,0.95,9911000,股
2026-06-16,6442,光聖,0.87,830000,股
2026-06-16,2360,致茂,0.8,610000,股
2026-06-16,3081,聯亞,0.73,570000,股
2026-06-16,6147,頎邦,0.72,5600000,股
2026-06-16,3529,力旺,0.7,390000,股
2026-06-16,8358,金居,0.61,1710000,股
2026-06-16,6805,富世達,0.55,570000,股
2026-06-16,8046,南電,0.55,1080000,股
2026-06-16,3189,景碩,0.5,1380000,股
2026-06-16,1303,南亞,0.49,7550000,股
2026-06-16,2317,鴻海,0.48,3200000,股
2026-06-16,5274,信驊,0.46,45000,股
2026-06-16,3583,辛耘,0.41,900000,股
2026-06-16,8210,勤誠,0.41,540000,股
2026-06-16,3211,順達,0.38,1560000,股
2026-06-16,4966,譜瑞-KY,0.33,900000,股
2026-06-16,1560,中砂,0.31,800000,股
2026-06-16,6196,帆宣,0.3,1000000,股
2026-06-16,3105,穩懋,0.26,957000,股
2026-06-16,4979,華星光,0.21,650000,股
2026-06-16,2049,上銀,0.18,1010000,股
2026-06-16,6415,矽力*-KY,0.17,500000,股
2026-06-16,2455,全新,0.1,450000,股
2026-06-16,8299,群聯,0.0,1000,股
2026-06-16,C_NTD,CASH,,7165585945,元
2026-06-16,M_NTD,MARGIN,,0,元
2026-06-16,RDI_NTD,RECEIVABLES FOR DISPOSAL OF INVESTMENTS,,3341027220,元
2026-06-17,2330,台積電,19.28,14200000,股
2026-06-17,2303,聯電,5.77,72400000,股
2026-06-17,2327,國巨*,5.63,10050000,股
2026-06-17,3037,欣興,5.04,8960000,股
2026-06-17,2344,華邦電,4.4,38800000,股
2026-06-17,3017,奇鋐,4.38,3250000,股
2026-06-17,2383,台光電,4.0,1350000,股
2026-06-17,2368,金像電,3.67,4700000,股
2026-06-17,6223,旺矽,3.29,900000,股
2026-06-17,2454,聯發科,3.25,1280000,股
2026-06-17,2308,台達電,2.98,2430000,股
2026-06-17,2345,智邦,2.98,2100000,股
2026-06-17,4958,臻鼎-KY,2.34,6440000,股
2026-06-17,6669,緯穎,2.29,790000,股
2026-06-17,3653,健策,1.89,830000,股
2026-06-17,3533,嘉澤,1.62,1240000,股
2026-06-17,6274,台燿,1.62,1700000,股
2026-06-17,3711,日月光投控,1.52,4500000,股
2026-06-17,2337,旺宏,1.5,16350000,股
2026-06-17,6488,環球晶,1.25,2000000,股
2026-06-17,3443,創意,1.24,430000,股
2026-06-17,7769,鴻勁,1.16,279000,股
2026-06-17,8996,高力,1.16,1346000,股
2026-06-17,6515,穎崴,1.08,200000,股
2026-06-17,3665,貿聯-KY,0.98,820000,股
2026-06-17,5347,世界,0.94,9911000,股
2026-06-17,6442,光聖,0.84,801000,股
2026-06-17,2360,致茂,0.77,610000,股
2026-06-17,6147,頎邦,0.73,5600000,股
2026-06-17,3529,力旺,0.7,390000,股
2026-06-17,8358,金居,0.62,1710000,股
2026-06-17,3081,聯亞,0.58,450000,股
2026-06-17,6805,富世達,0.56,570000,股
2026-06-17,3189,景碩,0.55,1380000,股
2026-06-17,1303,南亞,0.54,7550000,股
2026-06-17,8046,南電,0.54,1080000,股
2026-06-17,2317,鴻海,0.5,3200000,股
2026-06-17,5274,信驊,0.47,45000,股
2026-06-17,3583,辛耘,0.42,900000,股
2026-06-17,3211,順達,0.38,1560000,股
2026-06-17,8210,勤誠,0.38,500000,股
2026-06-17,4966,譜瑞-KY,0.35,900000,股
2026-06-17,1560,中砂,0.31,800000,股
2026-06-17,6196,帆宣,0.31,1000000,股
2026-06-17,3105,穩懋,0.28,957000,股
2026-06-17,6415,矽力*-KY,0.24,750000,股
2026-06-17,2049,上銀,0.19,1010000,股
2026-06-17,4979,華星光,0.19,600000,股
2026-06-17,2455,全新,0.11,450000,股
2026-06-17,8299,群聯,0.0,1000,股
2026-06-17,C_NTD,CASH,,10365591433,元
2026-06-17,M_NTD,MARGIN,,0,元
2026-06-17,RDI_NTD,RECEIVABLES FOR DISPOSAL OF INVESTMENTS,,3274220609,元
2026-06-18,2330,台積電,18.29,13300000,股
2026-06-18,2327,國巨*,6.19,10050000,股
2026-06-18,2303,聯電,6.01,72400000,股
2026-06-18,3037,欣興,4.95,8960000,股
2026-06-18,2344,華邦電,4.84,38800000,股
2026-06-18,3017,奇鋐,4.45,3250000,股
2026-06-18,2383,台光電,4.31,1350000,股
2026-06-18,2368,金像電,3.63,4700000,股
2026-06-18,6223,旺矽,3.29,900000,股
2026-06-18,2454,聯發科,3.21,1280000,股
2026-06-18,2308,台達電,2.98,2430000,股
2026-06-18,2345,智邦,2.92,2100000,股
2026-06-18,4958,臻鼎-KY,2.36,6440000,股
2026-06-18,6669,緯穎,2.31,790000,股
2026-06-18,3653,健策,1.88,830000,股
2026-06-18,6274,台燿,1.78,1700000,股
2026-06-18,3533,嘉澤,1.62,1240000,股
2026-06-18,2337,旺宏,1.58,16350000,股
2026-06-18,3711,日月光投控,1.57,4500000,股
2026-06-18,8996,高力,1.36,1502000,股
2026-06-18,6488,環球晶,1.27,2000000,股
2026-06-18,3443,創意,1.19,430000,股
2026-06-18,7769,鴻勁,1.11,279000,股
2026-06-18,6515,穎崴,1.08,200000,股
2026-06-18,5347,世界,0.99,9911000,股
2026-06-18,3665,貿聯-KY,0.98,820000,股
2026-06-18,6442,光聖,0.89,801000,股
2026-06-18,6147,頎邦,0.81,5600000,股
2026-06-18,2360,致茂,0.8,610000,股
2026-06-18,3529,力旺,0.73,390000,股
2026-06-18,8358,金居,0.68,1710000,股
2026-06-18,3081,聯亞,0.63,450000,股
2026-06-18,1303,南亞,0.6,7550000,股
2026-06-18,3189,景碩,0.57,1380000,股
2026-06-18,6805,富世達,0.57,570000,股
2026-06-18,8046,南電,0.54,1080000,股
2026-06-18,2317,鴻海,0.49,3200000,股
2026-06-18,5274,信驊,0.49,45000,股
2026-06-18,3583,辛耘,0.46,900000,股
2026-06-18,3211,順達,0.39,1560000,股
2026-06-18,4966,譜瑞-KY,0.36,900000,股
2026-06-18,1560,中砂,0.32,800000,股
2026-06-18,6196,帆宣,0.32,1000000,股
2026-06-18,3105,穩懋,0.29,957000,股
2026-06-18,6415,矽力*-KY,0.27,750000,股
2026-06-18,8210,勤誠,0.22,280000,股
2026-06-18,2049,上銀,0.19,1010000,股
2026-06-18,4979,華星光,0.19,600000,股
2026-06-18,2455,全新,0.11,450000,股
2026-06-18,8299,群聯,0.0,1000,股
2026-06-18,C_NTD,CASH,,11350146648,元
2026-06-18,M_NTD,MARGIN,,0,元
2026-06-18,RDI_NTD,RECEIVABLES FOR DISPOSAL OF INVESTMENTS,,3025898691,元
2026-06-22,2330,台積電,18.14,12900000,股
2026-06-22,2303,聯電,6.49,72400000,股
2026-06-22,2327,國巨*,5.99,10050000,股
2026-06-22,3037,欣興,5.04,8960000,股
2026-06-22,2344,華邦電,4.82,38800000,股
2026-06-22,3017,奇鋐,4.41,3250000,股
2026-06-22,2383,台光電,4.4,1350000,股
2026-06-22,2368,金像電,3.67,4700000,股
2026-06-22,2454,聯發科,3.3,1320000,股
2026-06-22,6223,旺矽,3.24,900000,股
2026-06-22,2345,智邦,3.05,2100000,股
2026-06-22,2308,台達電,2.93,2430000,股
2026-06-22,4958,臻鼎-KY,2.24,6440000,股
2026-06-22,6669,緯穎,2.15,790000,股
2026-06-22,6274,台燿,1.81,1700000,股
2026-06-22,3653,健策,1.79,830000,股
2026-06-22,2337,旺宏,1.7,16350000,股
2026-06-22,3711,日月光投控,1.7,4500000,股
2026-06-22,3533,嘉澤,1.61,1240000,股
2026-06-22,8996,高力,1.31,1502000,股
2026-06-22,6488,環球晶,1.25,2000000,股
2026-06-22,3443,創意,1.15,430000,股
2026-06-22,7769,鴻勁,1.08,279000,股
2026-06-22,5347,世界,1.06,9911000,股
2026-06-22,6515,穎崴,1.06,200000,股
2026-06-22,6147,頎邦,0.87,5600000,股
2026-06-22,6442,光聖,0.78,670000,股
2026-06-22,8358,金居,0.75,1950000,股
2026-06-22,3189,景碩,0.7,1572000,股
2026-06-22,3529,力旺,0.69,390000,股
2026-06-22,1303,南亞,0.64,7550000,股
2026-06-22,2360,致茂,0.58,450000,股
2026-06-22,6805,富世達,0.58,570000,股
2026-06-22,3665,貿聯-KY,0.56,500000,股
2026-06-22,8046,南電,0.52,1080000,股
2026-06-22,5274,信驊,0.49,45000,股
2026-06-22,2317,鴻海,0.48,3200000,股
2026-06-22,3081,聯亞,0.48,360000,股
2026-06-22,3583,辛耘,0.45,900000,股
2026-06-22,3211,順達,0.4,1560000,股
2026-06-22,4966,譜瑞-KY,0.35,900000,股
2026-06-22,6415,矽力*-KY,0.34,900000,股
2026-06-22,1560,中砂,0.32,800000,股
2026-06-22,6196,帆宣,0.31,1000000,股
2026-06-22,2049,上銀,0.19,1010000,股
2026-06-22,4979,華星光,0.19,600000,股
2026-06-22,2455,全新,0.1,450000,股
2026-06-22,3105,穩懋,0.0,1000,股
2026-06-22,8210,勤誠,0.0,1000,股
2026-06-22,8299,群聯,0.0,1000,股
2026-06-22,C_NTD,CASH,,7526415571,元
2026-06-22,M_NTD,MARGIN,,0,元
2026-06-22,RDI_NTD,RECEIVABLES FOR DISPOSAL OF INVESTMENTS,,4922678238,元
2026-06-23,2330,台積電,18.37,12900000,股
2026-06-23,2303,聯電,7.19,74000000,股
2026-06-23,2327,國巨*,5.86,10050000,股
2026-06-23,3037,欣興,4.99,8960000,股
2026-06-23,2344,華邦電,4.69,38800000,股
2026-06-23,3017,奇鋐,4.51,3250000,股
2026-06-23,2383,台光電,4.4,1350000,股
2026-06-23,2454,聯發科,3.63,1400000,股
2026-06-23,6223,旺矽,3.44,900000,股
2026-06-23,2368,金像電,3.4,4700000,股
2026-06-23,2345,智邦,2.92,2100000,股
2026-06-23,2308,台達電,2.89,2430000,股
2026-06-23,4958,臻鼎-KY,2.16,6440000,股
2026-06-23,6669,緯穎,2.11,790000,股
2026-06-23,3653,健策,1.82,830000,股
2026-06-23,3711,日月光投控,1.7,4500000,股
2026-06-23,6274,台燿,1.69,1700000,股
2026-06-23,2337,旺宏,1.61,16350000,股
2026-06-23,3533,嘉澤,1.58,1240000,股
2026-06-23,8996,高力,1.29,1560000,股
2026-06-23,3443,創意,1.16,430000,股
2026-06-23,6488,環球晶,1.16,2000000,股
2026-06-23,7769,鴻勁,1.09,279000,股
2026-06-23,6515,穎崴,1.08,200000,股
2026-06-23,5347,世界,1.06,9911000,股
2026-06-23,6147,頎邦,0.89,6000000,股
2026-06-23,8358,金居,0.73,1950000,股
2026-06-23,3529,力旺,0.71,390000,股
2026-06-23,1303,南亞,0.67,7550000,股
2026-06-23,3189,景碩,0.65,1572000,股
2026-06-23,6442,光聖,0.65,570000,股
2026-06-23,2360,致茂,0.58,450000,股
2026-06-23,6805,富世達,0.58,570000,股
2026-06-23,3665,貿聯-KY,0.57,500000,股
2026-06-23,5274,信驊,0.48,45000,股
2026-06-23,2317,鴻海,0.47,3200000,股
2026-06-23,3583,辛耘,0.45,900000,股
2026-06-23,8046,南電,0.41,795000,股
2026-06-23,3211,順達,0.38,1560000,股
2026-06-23,4966,譜瑞-KY,0.34,900000,股
2026-06-23,6415,矽力*-KY,0.33,900000,股
2026-06-23,1560,中砂,0.32,800000,股
2026-06-23,3081,聯亞,0.31,240000,股
2026-06-23,6196,帆宣,0.31,1000000,股
2026-06-23,2049,上銀,0.2,1010000,股
2026-06-23,4979,華星光,0.18,600000,股
2026-06-23,2455,全新,0.1,450000,股
2026-06-23,3105,穩懋,0.0,1000,股
2026-06-23,8210,勤誠,0.0,1000,股
2026-06-23,8299,群聯,0.0,1000,股
2026-06-23,C_NTD,CASH,,7159736723,元
2026-06-23,M_NTD,MARGIN,,0,元
2026-06-23,RDI_NTD,RECEIVABLES FOR DISPOSAL OF INVESTMENTS,,2623797531,元
2026-06-24,2330,台積電,17.78,12900000,股
2026-06-24,2303,聯電,7.66,74600000,股
2026-06-24,2327,國巨*,6.08,10050000,股
2026-06-24,3037,欣興,4.81,8960000,股
2026-06-24,3017,奇鋐,4.74,3250000,股
2026-06-24,2344,華邦電,4.59,38800000,股
2026-06-24,2383,台光電,4.33,1350000,股
2026-06-24,6223,旺矽,3.89,940000,股
2026-06-24,2454,聯發科,3.55,1435000,股
2026-06-24,2368,金像電,3.04,4200000,股
2026-06-24,2345,智邦,2.88,2100000,股
2026-06-24,2308,台達電,2.8,2430000,股
2026-06-24,4958,臻鼎-KY,2.18,6440000,股
2026-06-24,6669,緯穎,2.1,790000,股
2026-06-24,3653,健策,1.74,830000,股
2026-06-24,6274,台燿,1.73,1700000,股
2026-06-24,3711,日月光投控,1.69,4500000,股
2026-06-24,2337,旺宏,1.62,16350000,股
2026-06-24,3533,嘉澤,1.6,1240000,股
2026-06-24,8996,高力,1.3,1560000,股
2026-06-24,3443,創意,1.21,430000,股
2026-06-24,5347,世界,1.14,9911000,股
2026-06-24,6488,環球晶,1.11,2000000,股
2026-06-24,6515,穎崴,1.1,200000,股
2026-06-24,7769,鴻勁,1.09,279000,股
2026-06-24,6147,頎邦,0.86,6000000,股
2026-06-24,3189,景碩,0.77,1800000,股
2026-06-24,8358,金居,0.72,1950000,股
2026-06-24,3529,力旺,0.71,390000,股
2026-06-24,1303,南亞,0.68,7550000,股
2026-06-24,6442,光聖,0.64,570000,股
2026-06-24,6805,富世達,0.59,570000,股
2026-06-24,3665,貿聯-KY,0.58,500000,股
2026-06-24,2360,致茂,0.56,450000,股
2026-06-24,5274,信驊,0.48,45000,股
2026-06-24,2317,鴻海,0.47,3200000,股
2026-06-24,3583,辛耘,0.45,900000,股
2026-06-24,8046,南電,0.44,795000,股
2026-06-24,3211,順達,0.38,1560000,股
2026-06-24,1560,中砂,0.35,800000,股
2026-06-24,4966,譜瑞-KY,0.34,900000,股
2026-06-24,6196,帆宣,0.31,1000000,股
2026-06-24,6415,矽力*-KY,0.31,900000,股
2026-06-24,3081,聯亞,0.2,160000,股
2026-06-24,2049,上銀,0.19,1010000,股
2026-06-24,4979,華星光,0.17,600000,股
2026-06-24,2455,全新,0.1,450000,股
2026-06-24,3105,穩懋,0.0,1000,股
2026-06-24,8210,勤誠,0.0,1000,股
2026-06-24,8299,群聯,0.0,1000,股
2026-06-24,C_NTD,CASH,,4523475393,元
2026-06-24,M_NTD,MARGIN,,0,元
2026-06-24,RDI_NTD,RECEIVABLES FOR DISPOSAL OF INVESTMENTS,,-27843602,元
2026-06-25,2330,台積電,17.62,12900000,股
2026-06-25,2303,聯電,7.65,75000000,股
2026-06-25,2327,國巨*,6.46,10050000,股
2026-06-25,3037,欣興,5.22,8960000,股
2026-06-25,2344,華邦電,4.87,38800000,股
2026-06-25,3017,奇鋐,4.65,3250000,股
2026-06-25,2383,台光電,4.35,1350000,股
2026-06-25,6223,旺矽,3.71,940000,股
2026-06-25,2454,聯發科,3.54,1435000,股
2026-06-25,2345,智邦,2.86,2100000,股
2026-06-25,2308,台達電,2.75,2430000,股
2026-06-25,2368,金像電,2.62,3700000,股
2026-06-25,4958,臻鼎-KY,2.22,6440000,股
2026-06-25,6669,緯穎,2.05,790000,股
2026-06-25,3711,日月光投控,1.65,4500000,股
2026-06-25,6274,台燿,1.65,1700000,股
2026-06-25,3653,健策,1.61,830000,股
2026-06-25,3533,嘉澤,1.58,1240000,股
2026-06-25,8996,高力,1.3,1560000,股
2026-06-25,2337,旺宏,1.28,13850000,股
2026-06-25,3443,創意,1.25,450000,股
2026-06-25,5347,世界,1.25,9911000,股
2026-06-25,6488,環球晶,1.19,2000000,股
2026-06-25,7769,鴻勁,1.1,279000,股
2026-06-25,6515,穎崴,1.04,200000,股
2026-06-25,3189,景碩,0.91,1968000,股
2026-06-25,6147,頎邦,0.82,6000000,股
2026-06-25,3529,力旺,0.72,390000,股
2026-06-25,8358,金居,0.7,1950000,股
2026-06-25,1303,南亞,0.67,7550000,股
2026-06-25,6442,光聖,0.61,570000,股
2026-06-25,6805,富世達,0.57,570000,股
2026-06-25,2360,致茂,0.56,450000,股
2026-06-25,2317,鴻海,0.47,3200000,股
2026-06-25,8046,南電,0.47,795000,股
2026-06-25,5274,信驊,0.45,45000,股
2026-06-25,3583,辛耘,0.44,900000,股
2026-06-25,3665,貿聯-KY,0.44,400000,股
2026-06-25,3211,順達,0.36,1560000,股
2026-06-25,4966,譜瑞-KY,0.34,900000,股
2026-06-25,1560,中砂,0.33,800000,股
2026-06-25,6196,帆宣,0.32,1000000,股
2026-06-25,6415,矽力*-KY,0.32,900000,股
2026-06-25,2049,上銀,0.19,1010000,股
2026-06-25,4979,華星光,0.14,500000,股
2026-06-25,2455,全新,0.1,450000,股
2026-06-25,3081,聯亞,0.0,1000,股
2026-06-25,3105,穩懋,0.0,1000,股
2026-06-25,8210,勤誠,0.0,1000,股
2026-06-25,8299,群聯,0.0,1000,股
2026-06-25,C_NTD,CASH,,3213906209,元
2026-06-25,M_NTD,MARGIN,,0,元
2026-06-25,RDI_NTD,RECEIVABLES FOR DISPOSAL OF INVESTMENTS,,1375109400,元
2026-06-26,2330,台積電,18.19,12900000,股
2026-06-26,2303,聯電,7.41,75000000,股
2026-06-26,2327,國巨*,6.15,10050000,股
2026-06-26,3037,欣興,5.27,8960000,股
2026-06-26,2344,華邦電,4.83,38800000,股
2026-06-26,3017,奇鋐,4.42,3250000,股
2026-06-26,2383,台光電,4.28,1350000,股
2026-06-26,6223,旺矽,3.68,940000,股
2026-06-26,2454,聯發科,3.36,1435000,股
2026-06-26,2345,智邦,3.01,2100000,股
2026-06-26,2308,台達電,2.65,2430000,股
2026-06-26,2368,金像電,2.65,3700000,股
2026-06-26,4958,臻鼎-KY,2.25,6440000,股
2026-06-26,6669,緯穎,2.04,790000,股
2026-06-26,3711,日月光投控,1.71,4500000,股
2026-06-26,3653,健策,1.7,830000,股
2026-06-26,6274,台燿,1.62,1700000,股
2026-06-26,3533,嘉澤,1.57,1240000,股
2026-06-26,3189,景碩,1.41,2940000,股
2026-06-26,8996,高力,1.29,1560000,股
2026-06-26,5347,世界,1.21,9911000,股
2026-06-26,3443,創意,1.2,450000,股
2026-06-26,6488,環球晶,1.13,2000000,股
2026-06-26,7769,鴻勁,1.09,279000,股
2026-06-26,6515,穎崴,0.99,200000,股
2026-06-26,2337,旺宏,0.98,10000000,股
2026-06-26,6147,頎邦,0.78,6000000,股
2026-06-26,3529,力旺,0.69,390000,股
2026-06-26,1303,南亞,0.67,7550000,股
2026-06-26,8358,金居,0.67,1950000,股
2026-06-26,6805,富世達,0.56,570000,股
2026-06-26,2360,致茂,0.55,450000,股
2026-06-26,8046,南電,0.54,795000,股
2026-06-26,2317,鴻海,0.48,3200000,股
2026-06-26,3583,辛耘,0.44,900000,股
2026-06-26,5274,信驊,0.42,45000,股
2026-06-26,3211,順達,0.37,1560000,股
2026-06-26,1560,中砂,0.34,800000,股
2026-06-26,4966,譜瑞-KY,0.33,900000,股
2026-06-26,6442,光聖,0.33,322000,股
2026-06-26,6196,帆宣,0.32,1000000,股
2026-06-26,6415,矽力*-KY,0.31,900000,股
2026-06-26,3665,貿聯-KY,0.28,250000,股
2026-06-26,2049,上銀,0.19,1010000,股
2026-06-26,2455,全新,0.09,450000,股
2026-06-26,4979,華星光,0.08,300000,股
2026-06-26,3081,聯亞,0.0,1000,股
2026-06-26,3105,穩懋,0.0,1000,股
2026-06-26,8210,勤誠,0.0,1000,股
2026-06-26,8299,群聯,0.0,1000,股
2026-06-26,C_NTD,CASH,,2824054766,元
2026-06-26,M_NTD,MARGIN,,0,元
2026-06-26,RDI_NTD,RECEIVABLES FOR DISPOSAL OF INVESTMENTS,,1893463725,元
2026-06-29,2330,台積電,18.34,12900000,股
2026-06-29,2303,聯電,7.38,75000000,股
2026-06-29,2327,國巨*,6.27,10050000,股
2026-06-29,3037,欣興,5.25,8960000,股
2026-06-29,2344,華邦電,4.73,38800000,股
2026-06-29,3017,奇鋐,4.48,3250000,股
2026-06-29,2383,台光電,4.41,1350000,股
2026-06-29,6223,旺矽,3.42,940000,股
2026-06-29,2454,聯發科,3.37,1435000,股
2026-06-29,2345,智邦,2.95,2100000,股
2026-06-29,2308,台達電,2.78,2430000,股
2026-06-29,4958,臻鼎-KY,2.21,6440000,股
2026-06-29,6669,緯穎,2.17,790000,股
2026-06-29,2368,金像電,2.01,2900000,股
2026-06-29,3711,日月光投控,1.69,4500000,股
2026-06-29,3653,健策,1.65,830000,股
2026-06-29,3533,嘉澤,1.59,1240000,股
2026-06-29,6274,台燿,1.59,1700000,股
2026-06-29,3189,景碩,1.56,3200000,股
2026-06-29,8996,高力,1.38,1560000,股
2026-06-29,5347,世界,1.24,9911000,股
2026-06-29,3443,創意,1.19,450000,股
2026-06-29,6488,環球晶,1.1,2000000,股
2026-06-29,7769,鴻勁,1.07,279000,股
2026-06-29,6515,穎崴,0.96,200000,股
2026-06-29,2337,旺宏,0.95,10000000,股
2026-06-29,6147,頎邦,0.76,6000000,股
2026-06-29,1303,南亞,0.69,7550000,股
2026-06-29,3529,力旺,0.68,390000,股
2026-06-29,8358,金居,0.64,1950000,股
2026-06-29,2360,致茂,0.56,450000,股
2026-06-29,6805,富世達,0.56,570000,股
2026-06-29,8046,南電,0.52,795000,股
2026-06-29,2317,鴻海,0.47,3200000,股
2026-06-29,3583,辛耘,0.46,900000,股
2026-06-29,5274,信驊,0.41,45000,股
2026-06-29,1560,中砂,0.4,900000,股
2026-06-29,3211,順達,0.37,1560000,股
2026-06-29,4966,譜瑞-KY,0.34,900000,股
2026-06-29,6196,帆宣,0.32,1000000,股
2026-06-29,6415,矽力*-KY,0.32,900000,股
2026-06-29,6442,光聖,0.29,300000,股
2026-06-29,2049,上銀,0.19,1010000,股
2026-06-29,3665,貿聯-KY,0.19,166000,股
2026-06-29,2455,全新,0.09,450000,股
2026-06-29,4979,華星光,0.08,300000,股
2026-06-29,3081,聯亞,0.0,1000,股
2026-06-29,3105,穩懋,0.0,1000,股
2026-06-29,8210,勤誠,0.0,1000,股
2026-06-29,8299,群聯,0.0,1000,股
2026-06-29,C_NTD,CASH,,5017169026,元
2026-06-29,M_NTD,MARGIN,,0,元
2026-06-29,RDI_NTD,RECEIVABLES FOR DISPOSAL OF INVESTMENTS,,1430785282,元
2026-06-30,2330,台積電,18.03,12900000,股
2026-06-30,2303,聯電,7.15,75000000,股
2026-06-30,2327,國巨*,6.64,10050000,股
2026-06-30,3037,欣興,5.56,8960000,股
2026-06-30,3017,奇鋐,4.95,3380000,股
2026-06-30,2344,華邦電,4.67,38800000,股
2026-06-30,2383,台光電,3.75,1200000,股
2026-06-30,2454,聯發科,3.53,1435000,股
2026-06-30,6223,旺矽,3.32,940000,股
2026-06-30,2345,智邦,3.04,2100000,股
2026-06-30,2308,台達電,2.75,2430000,股
2026-06-30,4958,臻鼎-KY,2.35,6440000,股
2026-06-30,6669,緯穎,2.12,790000,股
2026-06-30,3711,日月光投控,1.97,5000000,股
2026-06-30,2368,金像電,1.91,2750000,股
2026-06-30,3189,景碩,1.66,3217000,股
2026-06-30,6274,台燿,1.66,1700000,股
2026-06-30,3653,健策,1.65,830000,股
2026-06-30,3533,嘉澤,1.52,1240000,股
2026-06-30,8996,高力,1.4,1560000,股
2026-06-30,3443,創意,1.26,450000,股
2026-06-30,5347,世界,1.24,9911000,股
2026-06-30,6488,環球晶,1.17,2000000,股
2026-06-30,7769,鴻勁,1.05,279000,股
2026-06-30,6515,穎崴,0.94,200000,股
2026-06-30,2337,旺宏,0.9,10000000,股
2026-06-30,1303,南亞,0.73,7550000,股
2026-06-30,8358,金居,0.68,1950000,股
2026-06-30,3529,力旺,0.66,390000,股
2026-06-30,2360,致茂,0.56,450000,股
2026-06-30,6805,富世達,0.56,570000,股
2026-06-30,8046,南電,0.55,795000,股
2026-06-30,2317,鴻海,0.47,3200000,股
2026-06-30,3583,辛耘,0.47,900000,股
2026-06-30,5274,信驊,0.43,45000,股
2026-06-30,6147,頎邦,0.43,3500000,股
2026-06-30,1560,中砂,0.4,900000,股
2026-06-30,3211,順達,0.37,1560000,股
2026-06-30,4966,譜瑞-KY,0.33,900000,股
2026-06-30,6196,帆宣,0.32,1000000,股
2026-06-30,6415,矽力*-KY,0.31,900000,股
2026-06-30,6442,光聖,0.29,300000,股
2026-06-30,2049,上銀,0.19,1010000,股
2026-06-30,3665,貿聯-KY,0.18,166000,股
2026-06-30,6239,力成,0.1,500000,股
2026-06-30,2455,全新,0.09,450000,股
2026-06-30,4979,華星光,0.08,300000,股
2026-06-30,3081,聯亞,0.0,1000,股
2026-06-30,8210,勤誠,0.0,1000,股
2026-06-30,8299,群聯,0.0,1000,股
2026-06-30,C_NTD,CASH,,5358718385,元
2026-06-30,M_NTD,MARGIN,,0,元
2026-06-30,RDI_NTD,RECEIVABLES FOR DISPOSAL OF INVESTMENTS,,1484118663,元
2026-07-01,2330,台積電,18.39,12800000,股
2026-07-01,2303,聯電,7.27,75000000,股
2026-07-01,2327,國巨*,6.57,10050000,股
2026-07-01,3037,欣興,5.34,8960000,股
2026-07-01,3017,奇鋐,5.18,3450000,股
2026-07-01,2344,華邦電,4.23,38800000,股
2026-07-01,2383,台光電,3.62,1140000,股
2026-07-01,6223,旺矽,3.61,940000,股
2026-07-01,2454,聯發科,3.57,1435000,股
2026-07-01,2345,智邦,3.2,2100000,股
2026-07-01,2308,台達電,2.77,2430000,股
2026-07-01,6669,緯穎,2.28,790000,股
2026-07-01,4958,臻鼎-KY,2.23,6440000,股
2026-07-01,3711,日月光投控,2.14,5300000,股
2026-07-01,2368,金像電,1.92,2750000,股
2026-07-01,6274,台燿,1.65,1700000,股
2026-07-01,3189,景碩,1.64,3217000,股
2026-07-01,3653,健策,1.62,830000,股
2026-07-01,3533,嘉澤,1.54,1240000,股
2026-07-01,8996,高力,1.39,1560000,股
2026-07-01,3443,創意,1.3,450000,股
2026-07-01,6488,環球晶,1.27,2000000,股
2026-07-01,7769,鴻勁,1.11,279000,股
2026-07-01,6515,穎崴,1.02,200000,股
2026-07-01,2337,旺宏,0.82,10000000,股
2026-07-01,1303,南亞,0.79,7550000,股
2026-07-01,3529,力旺,0.66,390000,股
2026-07-01,8358,金居,0.66,1950000,股
2026-07-01,5347,世界,0.65,5500000,股
2026-07-01,2360,致茂,0.59,450000,股
2026-07-01,6805,富世達,0.56,570000,股
2026-07-01,8046,南電,0.54,795000,股
2026-07-01,3583,辛耘,0.47,900000,股
2026-07-01,2317,鴻海,0.46,3200000,股
2026-07-01,1560,中砂,0.44,1000000,股
2026-07-01,5274,信驊,0.44,45000,股
2026-07-01,6147,頎邦,0.44,3500000,股
2026-07-01,3211,順達,0.37,1560000,股
2026-07-01,6196,帆宣,0.33,1000000,股
2026-07-01,4966,譜瑞-KY,0.32,900000,股
2026-07-01,6415,矽力*-KY,0.3,900000,股
2026-07-01,6442,光聖,0.27,300000,股
2026-07-01,2049,上銀,0.2,1010000,股
2026-07-01,3665,貿聯-KY,0.19,166000,股
2026-07-01,6239,力成,0.1,500000,股
2026-07-01,2455,全新,0.09,450000,股
2026-07-01,4979,華星光,0.03,100000,股
2026-07-01,3081,聯亞,0.0,1000,股
2026-07-01,8210,勤誠,0.0,1000,股
2026-07-01,8299,群聯,0.0,1000,股
2026-07-01,C_NTD,CASH,,5929354917,元
2026-07-01,M_NTD,MARGIN,,0,元
2026-07-01,RDI_NTD,RECEIVABLES FOR DISPOSAL OF INVESTMENTS,,1748522183,元
2026-07-02,2330,台積電,18.23,12800000,股
2026-07-02,2303,聯電,7.17,75000000,股
2026-07-02,2327,國巨*,6.13,10050000,股
2026-07-02,3017,奇鋐,5.46,3450000,股
2026-07-02,3037,欣興,5.07,8960000,股
2026-07-02,6223,旺矽,4.19,1000000,股
2026-07-02,2344,華邦電,4.11,38800000,股
2026-07-02,2383,台光電,3.73,1140000,股
2026-07-02,2454,聯發科,3.6,1435000,股
2026-07-02,2345,智邦,3.34,2100000,股
2026-07-02,2308,台達電,2.77,2430000,股
2026-07-02,6669,緯穎,2.37,790000,股
2026-07-02,3711,日月光投控,2.35,5600000,股
2026-07-02,4958,臻鼎-KY,2.23,6440000,股
2026-07-02,2368,金像電,1.96,2750000,股
2026-07-02,3653,健策,1.67,830000,股
2026-07-02,6274,台燿,1.66,1700000,股
2026-07-02,3533,嘉澤,1.56,1240000,股
2026-07-02,3189,景碩,1.54,3217000,股
2026-07-02,3443,創意,1.48,480000,股
2026-07-02,6488,環球晶,1.39,2000000,股
2026-07-02,8996,高力,1.28,1560000,股
2026-07-02,7769,鴻勁,1.13,279000,股
2026-07-02,6515,穎崴,1.08,200000,股
2026-07-02,1303,南亞,0.86,7550000,股
2026-07-02,2337,旺宏,0.84,10000000,股
2026-07-02,3529,力旺,0.67,390000,股
2026-07-02,8358,金居,0.64,1950000,股
2026-07-02,2360,致茂,0.57,450000,股
2026-07-02,6805,富世達,0.55,570000,股
2026-07-02,8046,南電,0.53,795000,股
2026-07-02,3583,辛耘,0.47,900000,股
2026-07-02,5274,信驊,0.46,45000,股
2026-07-02,1560,中砂,0.44,1000000,股
2026-07-02,2317,鴻海,0.44,3200000,股
2026-07-02,3211,順達,0.37,1560000,股
2026-07-02,4966,譜瑞-KY,0.34,900000,股
2026-07-02,6196,帆宣,0.34,1000000,股
2026-07-02,6415,矽力*-KY,0.32,900000,股
2026-07-02,6442,光聖,0.28,300000,股
2026-07-02,2049,上銀,0.21,1010000,股
2026-07-02,3665,貿聯-KY,0.2,166000,股
2026-07-02,6147,頎邦,0.12,1000000,股
2026-07-02,5347,世界,0.11,1000000,股
2026-07-02,6239,力成,0.1,500000,股
2026-07-02,2455,全新,0.09,450000,股
2026-07-02,3081,聯亞,0.0,1000,股
2026-07-02,4979,華星光,0.0,1000,股
2026-07-02,8210,勤誠,0.0,1000,股
2026-07-02,8299,群聯,0.0,1000,股
2026-07-02,C_NTD,CASH,,5213664048,元
2026-07-02,M_NTD,MARGIN,,0,元
2026-07-02,RDI_NTD,RECEIVABLES FOR DISPOSAL OF INVESTMENTS,,1733755327,元
2026-07-03,2330,台積電,18.01,12800000,股
2026-07-03,2303,聯電,7.36,75000000,股
2026-07-03,2327,國巨*,6.04,10050000,股
2026-07-03,3017,奇鋐,5.48,3450000,股
2026-07-03,3037,欣興,5.0,8960000,股
2026-07-03,6223,旺矽,4.25,1000000,股
2026-07-03,2344,華邦電,4.2,39600000,股
2026-07-03,2383,台光電,3.99,1140000,股
2026-07-03,2454,聯發科,3.46,1435000,股
2026-07-03,2345,智邦,3.3,2100000,股
2026-07-03,2308,台達電,2.9,2430000,股
2026-07-03,6669,緯穎,2.39,790000,股
2026-07-03,4958,臻鼎-KY,2.27,6440000,股
2026-07-03,3711,日月光投控,2.2,5600000,股
2026-07-03,2368,金像電,2.06,2750000,股
2026-07-03,6274,台燿,1.75,1700000,股
2026-07-03,3533,嘉澤,1.55,1240000,股
2026-07-03,3189,景碩,1.54,3217000,股
2026-07-03,3653,健策,1.53,780000,股
2026-07-03,6488,環球晶,1.44,2000000,股
2026-07-03,3443,創意,1.39,480000,股
2026-07-03,8996,高力,1.24,1560000,股
2026-07-03,6515,穎崴,1.14,200000,股
2026-07-03,7769,鴻勁,1.1,279000,股
2026-07-03,1303,南亞,0.86,7550000,股
2026-07-03,2337,旺宏,0.82,10000000,股
2026-07-03,8358,金居,0.66,1950000,股
2026-07-03,3529,力旺,0.62,390000,股
2026-07-03,2360,致茂,0.59,450000,股
2026-07-03,8046,南電,0.54,795000,股
2026-07-03,6805,富世達,0.53,570000,股
2026-07-03,5274,信驊,0.45,45000,股
2026-07-03,2317,鴻海,0.44,3200000,股
2026-07-03,3583,辛耘,0.44,900000,股
2026-07-03,1560,中砂,0.43,1000000,股
2026-07-03,3211,順達,0.36,1560000,股
2026-07-03,4966,譜瑞-KY,0.34,900000,股
2026-07-03,6196,帆宣,0.34,1000000,股
2026-07-03,6415,矽力*-KY,0.31,900000,股
2026-07-03,6442,光聖,0.28,300000,股
2026-07-03,2049,上銀,0.2,1010000,股
2026-07-03,3665,貿聯-KY,0.19,166000,股
2026-07-03,6147,頎邦,0.12,1000000,股
2026-07-03,6239,力成,0.1,500000,股
2026-07-03,2455,全新,0.09,450000,股
2026-07-03,3264,欣銓,0.04,300000,股
2026-07-03,4979,華星光,0.0,1000,股
2026-07-03,5347,世界,0.0,1000,股
2026-07-03,8210,勤誠,0.0,1000,股
2026-07-03,8299,群聯,0.0,1000,股
2026-07-03,C_NTD,CASH,,4845700551,元
2026-07-03,M_NTD,MARGIN,,0,元
2026-07-03,RDI_NTD,RECEIVABLES FOR DISPOSAL OF INVESTMENTS,,781184247,元
2026-07-06,2330,台積電,18.64,12800000,股
2026-07-06,2303,聯電,7.37,75000000,股
2026-07-06,2327,國巨*,5.98,10050000,股
2026-07-06,3017,奇鋐,5.45,3450000,股
2026-07-06,2344,華邦電,4.29,39600000,股
2026-07-06,3037,欣興,4.07,7500000,股
2026-07-06,6223,旺矽,4.06,1000000,股
2026-07-06,2383,台光電,3.69,1140000,股
2026-07-06,2454,聯發科,3.64,1490000,股
2026-07-06,2345,智邦,3.29,2100000,股
2026-07-06,2308,台達電,2.87,2430000,股
2026-07-06,6669,緯穎,2.35,790000,股
2026-07-06,3711,日月光投控,2.25,5600000,股
2026-07-06,4958,臻鼎-KY,2.21,6440000,股
2026-07-06,2368,金像電,1.99,2750000,股
2026-07-06,6274,台燿,1.64,1700000,股
2026-07-06,6488,環球晶,1.58,2000000,股
2026-07-06,3533,嘉澤,1.56,1240000,股
2026-07-06,3653,健策,1.53,780000,股
2026-07-06,3189,景碩,1.45,3217000,股
2026-07-06,8996,高力,1.32,1560000,股
2026-07-06,3443,創意,1.31,480000,股
2026-07-06,7769,鴻勁,1.12,279000,股
2026-07-06,6515,穎崴,1.06,200000,股
2026-07-06,2337,旺宏,0.86,10000000,股
2026-07-06,1303,南亞,0.83,7550000,股
2026-07-06,8358,金居,0.65,1950000,股
2026-07-06,2360,致茂,0.58,450000,股
2026-07-06,6805,富世達,0.53,570000,股
2026-07-06,8046,南電,0.51,795000,股
2026-07-06,2317,鴻海,0.46,3200000,股
2026-07-06,3583,辛耘,0.46,900000,股
2026-07-06,3211,順達,0.45,1800000,股
2026-07-06,3529,力旺,0.45,269000,股
2026-07-06,1560,中砂,0.44,1000000,股
2026-07-06,5274,信驊,0.43,45000,股
2026-07-06,6196,帆宣,0.34,1000000,股
2026-07-06,6415,矽力*-KY,0.33,900000,股
2026-07-06,4966,譜瑞-KY,0.3,800000,股
2026-07-06,6442,光聖,0.28,300000,股
2026-07-06,2049,上銀,0.22,1010000,股
2026-07-06,3665,貿聯-KY,0.19,166000,股
2026-07-06,6239,力成,0.18,900000,股
2026-07-06,6147,頎邦,0.13,1000000,股
2026-07-06,2455,全新,0.09,450000,股
2026-07-06,3264,欣銓,0.09,600000,股
2026-07-06,4979,華星光,0.0,1000,股
2026-07-06,5347,世界,0.0,1000,股
2026-07-06,8210,勤誠,0.0,1000,股
2026-07-06,8299,群聯,0.0,1000,股
2026-07-06,C_NTD,CASH,,3811676191,元
2026-07-06,M_NTD,MARGIN,,0,元
2026-07-06,RDI_NTD,RECEIVABLES FOR DISPOSAL OF INVESTMENTS,,1329432015,元
2026-07-07,2330,台積電,19.44,12800000,股
2026-07-07,2303,聯電,7.23,75000000,股
2026-07-07,2327,國巨*,5.66,10050000,股
2026-07-07,3017,奇鋐,5.26,3450000,股
2026-07-07,2344,華邦電,4.29,39600000,股
2026-07-07,2454,聯發科,4.01,1600000,股
2026-07-07,6223,旺矽,3.93,1000000,股
2026-07-07,2383,台光電,3.7,1140000,股
2026-07-07,3037,欣興,3.69,7064000,股
2026-07-07,2345,智邦,3.21,2100000,股
2026-07-07,2308,台達電,2.86,2430000,股
2026-07-07,6669,緯穎,2.47,790000,股
2026-07-07,3711,日月光投控,2.39,5900000,股
2026-07-07,4958,臻鼎-KY,2.2,6440000,股
2026-07-07,2368,金像電,1.94,2750000,股
2026-07-07,6274,台燿,1.67,1700000,股
2026-07-07,3653,健策,1.55,780000,股
2026-07-07,3533,嘉澤,1.52,1240000,股
2026-07-07,6488,環球晶,1.5,2000000,股
2026-07-07,3189,景碩,1.38,3217000,股
2026-07-07,3443,創意,1.34,480000,股
2026-07-07,8996,高力,1.3,1560000,股
2026-07-07,7769,鴻勁,1.07,279000,股
2026-07-07,6515,穎崴,1.0,200000,股
2026-07-07,2337,旺宏,0.87,10000000,股
2026-07-07,1303,南亞,0.78,7550000,股
2026-07-07,8358,金居,0.63,1950000,股
2026-07-07,2360,致茂,0.55,450000,股
2026-07-07,6805,富世達,0.53,570000,股
2026-07-07,8046,南電,0.51,795000,股
2026-07-07,2317,鴻海,0.47,3200000,股
2026-07-07,3529,力旺,0.46,269000,股
2026-07-07,3583,辛耘,0.45,900000,股
2026-07-07,1560,中砂,0.44,1000000,股
2026-07-07,3211,順達,0.44,1800000,股
2026-07-07,5274,信驊,0.44,49500,股
2026-07-07,6196,帆宣,0.35,1000000,股
2026-07-07,4966,譜瑞-KY,0.32,800000,股
2026-07-07,6415,矽力*-KY,0.31,900000,股
2026-07-07,6442,光聖,0.29,300000,股
2026-07-07,2049,上銀,0.22,1010000,股
2026-07-07,3665,貿聯-KY,0.2,166000,股
2026-07-07,6239,力成,0.18,900000,股
2026-07-07,6147,頎邦,0.12,1000000,股
2026-07-07,2455,全新,0.09,450000,股
2026-07-07,3264,欣銓,0.09,600000,股
2026-07-07,4979,華星光,0.0,1000,股
2026-07-07,5347,世界,0.0,1000,股
2026-07-07,8210,勤誠,0.0,1000,股
2026-07-07,8299,群聯,0.0,1000,股
2026-07-07,C_NTD,CASH,,3168214606,元
2026-07-07,M_NTD,MARGIN,,0,元
2026-07-07,RDI_NTD,RECEIVABLES FOR DISPOSAL OF INVESTMENTS,,913522452,元
2026-07-08,2330,台積電,19.48,12800000,股
2026-07-08,2303,聯電,7.55,75000000,股
2026-07-08,2327,國巨*,4.95,9000000,股
2026-07-08,3017,奇鋐,4.95,3450000,股
2026-07-08,2344,華邦電,4.12,39600000,股
2026-07-08,6223,旺矽,3.99,1000000,股
2026-07-08,2454,聯發科,3.95,1600000,股
2026-07-08,3037,欣興,3.76,7064000,股
2026-07-08,2383,台光電,3.74,1140000,股
2026-07-08,2345,智邦,3.13,2100000,股
2026-07-08,2308,台達電,2.83,2430000,股
2026-07-08,6669,緯穎,2.46,790000,股
2026-07-08,3711,日月光投控,2.28,5900000,股
2026-07-08,4958,臻鼎-KY,2.25,6440000,股
2026-07-08,2368,金像電,1.95,2750000,股
2026-07-08,6274,台燿,1.73,1700000,股
2026-07-08,6488,環球晶,1.6,2100000,股
2026-07-08,3653,健策,1.54,780000,股
2026-07-08,3533,嘉澤,1.52,1240000,股
2026-07-08,3189,景碩,1.5,3217000,股
2026-07-08,3443,創意,1.3,480000,股
2026-07-08,8996,高力,1.27,1560000,股
2026-07-08,7769,鴻勁,1.04,279000,股
2026-07-08,6515,穎崴,0.95,200000,股
2026-07-08,1303,南亞,0.89,7920000,股
2026-07-08,2337,旺宏,0.86,10000000,股
2026-07-08,8046,南電,0.72,1050000,股
2026-07-08,8358,金居,0.63,1950000,股
2026-07-08,2360,致茂,0.52,450000,股
2026-07-08,6805,富世達,0.49,570000,股
2026-07-08,3211,順達,0.48,1800000,股
2026-07-08,2317,鴻海,0.47,3200000,股
2026-07-08,3583,辛耘,0.44,900000,股
2026-07-08,1560,中砂,0.43,1000000,股
2026-07-08,5274,信驊,0.43,49500,股
2026-07-08,6196,帆宣,0.34,1000000,股
2026-07-08,4966,譜瑞-KY,0.33,800000,股
2026-07-08,6415,矽力*-KY,0.31,900000,股
2026-07-08,6442,光聖,0.28,300000,股
2026-07-08,3529,力旺,0.26,160000,股
2026-07-08,2049,上銀,0.21,1010000,股
2026-07-08,3665,貿聯-KY,0.19,166000,股
2026-07-08,6239,力成,0.18,900000,股
2026-07-08,6147,頎邦,0.12,1000000,股
2026-07-08,2455,全新,0.09,450000,股
2026-07-08,3264,欣銓,0.09,600000,股
2026-07-08,4979,華星光,0.0,1000,股
2026-07-08,5347,世界,0.0,1000,股
2026-07-08,8210,勤誠,0.0,1000,股
2026-07-08,8299,群聯,0.0,1000,股
2026-07-08,C_NTD,CASH,,4096509472,元
2026-07-08,M_NTD,MARGIN,,0,元
2026-07-08,RDI_NTD,RECEIVABLES FOR DISPOSAL OF INVESTMENTS,,466916344,元
2026-07-09,2330,台積電,19.01,12800000,股
2026-07-09,2303,聯電,7.19,75000000,股
2026-07-09,3017,奇鋐,4.99,3450000,股
2026-07-09,2327,國巨*,4.98,9000000,股
2026-07-09,6223,旺矽,4.35,1000000,股
2026-07-09,2344,華邦電,4.3,39600000,股
2026-07-09,2454,聯發科,3.86,1600000,股
2026-07-09,3037,欣興,3.8,7064000,股
2026-07-09,2383,台光電,3.71,1140000,股
2026-07-09,2345,智邦,3.19,2100000,股
2026-07-09,2308,台達電,2.81,2430000,股
2026-07-09,3711,日月光投控,2.46,5900000,股
2026-07-09,6669,緯穎,2.45,790000,股
2026-07-09,4958,臻鼎-KY,2.33,6440000,股
2026-07-09,2368,金像電,1.82,2750000,股
2026-07-09,6488,環球晶,1.79,2152000,股
2026-07-09,6274,台燿,1.64,1700000,股
2026-07-09,3189,景碩,1.57,3217000,股
2026-07-09,3653,健策,1.54,780000,股
2026-07-09,3533,嘉澤,1.49,1240000,股
2026-07-09,3443,創意,1.28,480000,股
2026-07-09,8996,高力,1.21,1600000,股
2026-07-09,7769,鴻勁,1.14,279000,股
2026-07-09,1303,南亞,0.95,8500000,股
2026-07-09,6515,穎崴,0.95,200000,股
2026-07-09,8046,南電,0.92,1226000,股
2026-07-09,2337,旺宏,0.88,10000000,股
2026-07-09,8358,金居,0.64,1950000,股
2026-07-09,6805,富世達,0.51,570000,股
2026-07-09,2360,致茂,0.5,450000,股
2026-07-09,3211,順達,0.5,1800000,股
2026-07-09,2317,鴻海,0.47,3200000,股
2026-07-09,3583,辛耘,0.45,900000,股
2026-07-09,1560,中砂,0.44,1000000,股
2026-07-09,5274,信驊,0.42,49500,股
2026-07-09,4966,譜瑞-KY,0.32,800000,股
2026-07-09,6415,矽力*-KY,0.29,900000,股
2026-07-09,6442,光聖,0.27,300000,股
2026-07-09,2049,上銀,0.21,1010000,股
2026-07-09,3665,貿聯-KY,0.19,166000,股
2026-07-09,6239,力成,0.18,900000,股
2026-07-09,6196,帆宣,0.15,442000,股
2026-07-09,2455,全新,0.09,450000,股
2026-07-09,3264,欣銓,0.09,600000,股
2026-07-09,3529,力旺,0.08,50000,股
2026-07-09,4979,華星光,0.0,1000,股
2026-07-09,5347,世界,0.0,1000,股
2026-07-09,6147,頎邦,0.0,1000,股
2026-07-09,8210,勤誠,0.0,1000,股
2026-07-09,8299,群聯,0.0,1000,股
2026-07-09,C_NTD,CASH,,4074281338,元
2026-07-09,M_NTD,MARGIN,,0,元
2026-07-09,RDI_NTD,RECEIVABLES FOR DISPOSAL OF INVESTMENTS,,1105308377,元
2026-07-13,2330,台積電,19.41,12800000,股
2026-07-13,2303,聯電,7.15,75000000,股
2026-07-13,3017,奇鋐,4.77,3450000,股
2026-07-13,2344,華邦電,4.15,40000000,股
2026-07-13,6223,旺矽,4.13,1000000,股
2026-07-13,2327,國巨*,3.96,7800000,股
2026-07-13,3037,欣興,3.96,7064000,股
2026-07-13,2454,聯發科,3.8,1600000,股
2026-07-13,2383,台光電,3.63,1140000,股
2026-07-13,2345,智邦,3.14,2100000,股
2026-07-13,2308,台達電,2.85,2430000,股
2026-07-13,4958,臻鼎-KY,2.79,6940000,股
2026-07-13,3711,日月光投控,2.46,5900000,股
2026-07-13,6669,緯穎,2.43,790000,股
2026-07-13,6488,環球晶,1.99,2152000,股
2026-07-13,2368,金像電,1.79,2750000,股
2026-07-13,3189,景碩,1.64,3217000,股
2026-07-13,6274,台燿,1.64,1700000,股
2026-07-13,3653,健策,1.55,780000,股
2026-07-13,3533,嘉澤,1.53,1240000,股
2026-07-13,3443,創意,1.27,480000,股
2026-07-13,8996,高力,1.23,1600000,股
2026-07-13,7769,鴻勁,1.16,279000,股
2026-07-13,8046,南電,1.14,1440000,股
2026-07-13,1303,南亞,1.05,8500000,股
2026-07-13,6515,穎崴,0.92,200000,股
2026-07-13,2337,旺宏,0.86,10000000,股
2026-07-13,8358,金居,0.54,1750000,股
2026-07-13,2360,致茂,0.52,450000,股
2026-07-13,3211,順達,0.51,1800000,股
2026-07-13,6805,富世達,0.5,570000,股
2026-07-13,2317,鴻海,0.47,3200000,股
2026-07-13,3583,辛耘,0.44,900000,股
2026-07-13,1560,中砂,0.43,1000000,股
2026-07-13,5274,信驊,0.42,49500,股
2026-07-13,4966,譜瑞-KY,0.32,800000,股
2026-07-13,6415,矽力*-KY,0.29,900000,股
2026-07-13,6442,光聖,0.26,300000,股
2026-07-13,2049,上銀,0.21,1010000,股
2026-07-13,3665,貿聯-KY,0.19,166000,股
2026-07-13,6239,力成,0.17,900000,股
2026-07-13,2455,全新,0.09,450000,股
2026-07-13,3264,欣銓,0.08,600000,股
2026-07-13,3529,力旺,0.0,1000,股
2026-07-13,4979,華星光,0.0,1000,股
2026-07-13,5347,世界,0.0,1000,股
2026-07-13,6147,頎邦,0.0,1000,股
2026-07-13,6196,帆宣,0.0,1000,股
2026-07-13,8210,勤誠,0.0,1000,股
2026-07-13,8299,群聯,0.0,1000,股
2026-07-13,C_NTD,CASH,,3594875498,元
2026-07-13,M_NTD,MARGIN,,0,元
2026-07-13,RDI_NTD,RECEIVABLES FOR DISPOSAL OF INVESTMENTS,,1147321662,元
2026-07-14,2330,台積電,19.41,12800000,股
2026-07-14,2303,聯電,7.1,75000000,股
2026-07-14,3017,奇鋐,4.58,3450000,股
2026-07-14,2344,華邦電,4.12,40000000,股
2026-07-14,6223,旺矽,3.97,1000000,股
2026-07-14,3037,欣興,3.87,7064000,股
2026-07-14,2327,國巨*,3.8,7800000,股
2026-07-14,2454,聯發科,3.67,1600000,股
2026-07-14,2383,台光電,3.55,1140000,股
2026-07-14,2345,智邦,3.0,2100000,股
2026-07-14,2308,台達電,2.82,2430000,股
2026-07-14,4958,臻鼎-KY,2.74,6940000,股
2026-07-14,6669,緯穎,2.43,790000,股
2026-07-14,3711,日月光投控,2.37,5900000,股
2026-07-14,6488,環球晶,2.14,2250000,股
2026-07-14,2368,金像電,1.75,2750000,股
2026-07-14,3189,景碩,1.62,3217000,股
2026-07-14,3533,嘉澤,1.5,1240000,股
2026-07-14,3653,健策,1.5,780000,股
2026-07-14,6274,台燿,1.49,1700000,股
2026-07-14,8046,南電,1.25,1550000,股
2026-07-14,3443,創意,1.21,480000,股
2026-07-14,1303,南亞,1.18,9000000,股
2026-07-14,8996,高力,1.18,1600000,股
2026-07-14,7769,鴻勁,1.12,279000,股
2026-07-14,6515,穎崴,0.88,200000,股
2026-07-14,2337,旺宏,0.87,10000000,股
2026-07-14,5274,信驊,0.52,64500,股
2026-07-14,2360,致茂,0.51,450000,股
2026-07-14,3211,順達,0.5,1800000,股
2026-07-14,8358,金居,0.5,1750000,股
2026-07-14,2317,鴻海,0.47,3200000,股
2026-07-14,6805,富世達,0.47,570000,股
2026-07-14,3583,辛耘,0.43,900000,股
2026-07-14,1560,中砂,0.42,1000000,股
2026-07-14,4966,譜瑞-KY,0.31,800000,股
2026-07-14,6415,矽力*-KY,0.28,900000,股
2026-07-14,6442,光聖,0.25,300000,股
2026-07-14,2049,上銀,0.2,1010000,股
2026-07-14,3665,貿聯-KY,0.18,166000,股
2026-07-14,6239,力成,0.17,900000,股
2026-07-14,2455,全新,0.09,450000,股
2026-07-14,3008,大立光,0.08,30000,股
2026-07-14,3264,欣銓,0.08,600000,股
2026-07-14,3529,力旺,0.0,1000,股
2026-07-14,5347,世界,0.0,1000,股
2026-07-14,6147,頎邦,0.0,1000,股
2026-07-14,6196,帆宣,0.0,1000,股
2026-07-14,8210,勤誠,0.0,1000,股
2026-07-14,8299,群聯,0.0,1000,股
2026-07-14,C_NTD,CASH,,4400917360,元
2026-07-14,M_NTD,MARGIN,,0,元
2026-07-14,RDI_NTD,RECEIVABLES FOR DISPOSAL OF INVESTMENTS,,65725584,元
2026-07-15,2330,台積電,18.98,12800000,股
2026-07-15,2303,聯電,7.57,75000000,股
2026-07-15,3017,奇鋐,4.54,3450000,股
2026-07-15,2344,華邦電,4.39,40000000,股
2026-07-15,3037,欣興,4.02,7064000,股
2026-07-15,6223,旺矽,3.85,1000000,股
2026-07-15,2327,國巨*,3.78,7800000,股
2026-07-15,2454,聯發科,3.64,1600000,股
2026-07-15,2383,台光電,3.52,1140000,股
2026-07-15,2345,智邦,2.99,2100000,股
2026-07-15,2308,台達電,2.91,2530000,股
2026-07-15,4958,臻鼎-KY,2.61,6940000,股
2026-07-15,3711,日月光投控,2.45,5900000,股
2026-07-15,6669,緯穎,2.45,790000,股
2026-07-15,6488,環球晶,2.02,2250000,股
2026-07-15,2368,金像電,1.71,2750000,股
2026-07-15,3189,景碩,1.65,3217000,股
2026-07-15,3653,健策,1.55,780000,股
2026-07-15,3533,嘉澤,1.53,1240000,股
2026-07-15,8046,南電,1.5,1750000,股
2026-07-15,6274,台燿,1.48,1700000,股
2026-07-15,1303,南亞,1.37,9900000,股
2026-07-15,3443,創意,1.2,480000,股
2026-07-15,8996,高力,1.15,1600000,股
2026-07-15,7769,鴻勁,1.14,279000,股
2026-07-15,2337,旺宏,0.9,10000000,股
2026-07-15,6515,穎崴,0.88,200000,股
2026-07-15,5274,信驊,0.67,79500,股
2026-07-15,2360,致茂,0.63,540000,股
2026-07-15,8358,金居,0.49,1750000,股
2026-07-15,6805,富世達,0.48,570000,股
2026-07-15,3211,順達,0.47,1800000,股
2026-07-15,2317,鴻海,0.46,3200000,股
2026-07-15,3583,辛耘,0.46,900000,股
2026-07-15,1560,中砂,0.45,1000000,股
2026-07-15,4966,譜瑞-KY,0.31,800000,股
2026-07-15,3665,貿聯-KY,0.29,250000,股
2026-07-15,6415,矽力*-KY,0.28,900000,股
2026-07-15,6442,光聖,0.26,300000,股
2026-07-15,2049,上銀,0.2,1010000,股
2026-07-15,6239,力成,0.17,900000,股
2026-07-15,2455,全新,0.09,450000,股
2026-07-15,3264,欣銓,0.08,600000,股
2026-07-15,3008,大立光,0.07,30000,股
2026-07-15,2404,漢唐,0.05,60000,股
2026-07-15,5347,世界,0.0,1000,股
2026-07-15,6147,頎邦,0.0,1000,股
2026-07-15,6196,帆宣,0.0,1000,股
2026-07-15,8210,勤誠,0.0,1000,股
2026-07-15,8299,群聯,0.0,1000,股
2026-07-15,C_NTD,CASH,,7787449083,元
2026-07-15,M_NTD,MARGIN,,0,元
2026-07-15,RDI_NTD,RECEIVABLES FOR DISPOSAL OF INVESTMENTS,,-1993602988,元
2026-07-16,2330,台積電,19.52,12800000,股
2026-07-16,2303,聯電,7.41,75000000,股
2026-07-16,3017,奇鋐,4.74,3450000,股
2026-07-16,2344,華邦電,4.25,40000000,股
2026-07-16,3037,欣興,3.85,7064000,股
2026-07-16,6223,旺矽,3.84,1000000,股
2026-07-16,2327,國巨*,3.74,7800000,股
2026-07-16,2454,聯發科,3.66,1600000,股
2026-07-16,2383,台光電,3.51,1140000,股
2026-07-16,2308,台達電,3.06,2600000,股
2026-07-16,2345,智邦,3.01,2100000,股
2026-07-16,3711,日月光投控,2.59,6150000,股
2026-07-16,6669,緯穎,2.5,790000,股
2026-07-16,4958,臻鼎-KY,2.48,6940000,股
2026-07-16,6488,環球晶,1.9,2250000,股
2026-07-16,2368,金像電,1.71,2750000,股
2026-07-16,3653,健策,1.64,780000,股
2026-07-16,3533,嘉澤,1.55,1240000,股
2026-07-16,3189,景碩,1.53,3217000,股
2026-07-16,8046,南電,1.38,1750000,股
2026-07-16,6274,台燿,1.36,1700000,股
2026-07-16,1303,南亞,1.35,9900000,股
2026-07-16,3443,創意,1.24,480000,股
2026-07-16,7769,鴻勁,1.15,279000,股
2026-07-16,8996,高力,1.11,1600000,股
2026-07-16,2337,旺宏,0.84,10000000,股
2026-07-16,2360,致茂,0.84,680000,股
2026-07-16,6515,穎崴,0.83,200000,股
2026-07-16,5274,信驊,0.81,94500,股
2026-07-16,6805,富世達,0.5,570000,股
2026-07-16,2317,鴻海,0.48,3200000,股
2026-07-16,3211,順達,0.47,1800000,股
2026-07-16,8358,金居,0.47,1750000,股
2026-07-16,3583,辛耘,0.46,900000,股
2026-07-16,3665,貿聯-KY,0.36,300000,股
2026-07-16,1560,中砂,0.34,750000,股
2026-07-16,4966,譜瑞-KY,0.31,800000,股
2026-07-16,6415,矽力*-KY,0.26,900000,股
2026-07-16,6442,光聖,0.25,300000,股
2026-07-16,2049,上銀,0.21,1010000,股
2026-07-16,6239,力成,0.18,900000,股
2026-07-16,3008,大立光,0.16,60000,股
2026-07-16,2455,全新,0.09,450000,股
2026-07-16,3264,欣銓,0.09,600000,股
2026-07-16,2404,漢唐,0.05,60000,股
2026-07-16,5347,世界,0.0,1000,股
2026-07-16,6147,頎邦,0.0,1000,股
2026-07-16,6196,帆宣,0.0,1000,股
2026-07-16,8210,勤誠,0.0,1000,股
2026-07-16,8299,群聯,0.0,1000,股
2026-07-16,C_NTD,CASH,,7306156280,元
2026-07-16,M_NTD,MARGIN,,0,元
2026-07-16,RDI_NTD,RECEIVABLES FOR DISPOSAL OF INVESTMENTS,,-2114099395,元
2026-07-17,2330,台積電,18.93,12800000,股
2026-07-17,2303,聯電,6.97,75000000,股
2026-07-17,3017,奇鋐,4.9,3450000,股
2026-07-17,2344,華邦電,4.0,40000000,股
2026-07-17,3037,欣興,3.62,7064000,股
2026-07-17,6223,旺矽,3.62,1000000,股
2026-07-17,2454,聯發科,3.59,1650000,股
2026-07-17,2383,台光電,3.31,1140000,股
2026-07-17,2327,國巨*,3.16,7000000,股
2026-07-17,2308,台達電,3.03,2700000,股
2026-07-17,2345,智邦,2.93,2170000,股
2026-07-17,3711,日月光投控,2.44,6150000,股
2026-07-17,6669,緯穎,2.36,790000,股
2026-07-17,4958,臻鼎-KY,2.33,6934000,股
2026-07-17,6488,環球晶,1.8,2250000,股
2026-07-17,2368,金像電,1.65,2750000,股
2026-07-17,3653,健策,1.62,780000,股
2026-07-17,3533,嘉澤,1.49,1240000,股
2026-07-17,3189,景碩,1.44,3217000,股
2026-07-17,8046,南電,1.3,1750000,股
2026-07-17,6274,台燿,1.28,1700000,股
2026-07-17,1303,南亞,1.27,9900000,股
2026-07-17,3443,創意,1.19,480000,股
2026-07-17,7769,鴻勁,1.09,279000,股
2026-07-17,8996,高力,1.05,1600000,股
2026-07-17,2337,旺宏,0.81,10000000,股
2026-07-17,2360,致茂,0.81,680000,股
2026-07-17,5274,信驊,0.79,94500,股
2026-07-17,6515,穎崴,0.67,171000,股
2026-07-17,6805,富世達,0.5,570000,股
2026-07-17,2317,鴻海,0.48,3200000,股
2026-07-17,3211,順達,0.45,1800000,股
2026-07-17,8358,金居,0.45,1750000,股
2026-07-17,3583,辛耘,0.43,900000,股
2026-07-17,3665,貿聯-KY,0.34,300000,股
2026-07-17,1560,中砂,0.32,750000,股
2026-07-17,4966,譜瑞-KY,0.3,800000,股
2026-07-17,6415,矽力*-KY,0.25,900000,股
2026-07-17,6442,光聖,0.25,300000,股
2026-07-17,2049,上銀,0.2,1010000,股
2026-07-17,6239,力成,0.17,900000,股
2026-07-17,3008,大立光,0.16,60000,股
2026-07-17,2404,漢唐,0.1,140000,股
2026-07-17,2455,全新,0.08,450000,股
2026-07-17,3264,欣銓,0.08,600000,股
2026-07-17,5347,世界,0.0,1000,股
2026-07-17,6147,頎邦,0.0,1000,股
2026-07-17,6196,帆宣,0.0,1000,股
2026-07-17,8210,勤誠,0.0,1000,股
2026-07-17,8299,群聯,0.0,1000,股
2026-07-17,C_NTD,CASH,,6152764703,元
2026-07-17,M_NTD,MARGIN,,0,元
2026-07-17,RDI_NTD,RECEIVABLES FOR DISPOSAL OF INVESTMENTS,,-689112873,元
2026-07-20,2330,台積電,19.08,12800000,股
2026-07-20,2303,聯電,6.26,75000000,股
2026-07-20,3017,奇鋐,4.73,3450000,股
2026-07-20,2344,華邦電,3.88,40000000,股
2026-07-20,2454,聯發科,3.54,1650000,股
2026-07-20,6223,旺矽,3.5,1000000,股
2026-07-20,3037,欣興,3.4,7064000,股
2026-07-20,2383,台光電,3.22,1140000,股
2026-07-20,2308,台達電,2.96,2700000,股
2026-07-20,2345,智邦,2.91,2170000,股
2026-07-20,2327,國巨*,2.43,6000000,股
2026-07-20,6669,緯穎,2.38,790000,股
2026-07-20,3711,日月光投控,2.36,6150000,股
2026-07-20,4958,臻鼎-KY,2.13,6934000,股
2026-07-20,6488,環球晶,1.91,2350000,股
2026-07-20,3653,健策,1.64,800000,股
2026-07-20,3533,嘉澤,1.52,1240000,股
2026-07-20,3189,景碩,1.4,3217000,股
2026-07-20,8046,南電,1.24,1750000,股
2026-07-20,2368,金像電,1.23,2060000,股
2026-07-20,6274,台燿,1.23,1700000,股
2026-07-20,1303,南亞,1.19,9900000,股
2026-07-20,3443,創意,1.15,480000,股
2026-07-20,7769,鴻勁,1.08,279000,股
2026-07-20,8996,高力,1.0,1600000,股
2026-07-20,5274,信驊,0.91,109500,股
2026-07-20,2360,致茂,0.8,680000,股
2026-07-20,2337,旺宏,0.75,10000000,股
2026-07-20,6515,穎崴,0.63,161000,股
2026-07-20,2317,鴻海,0.48,3200000,股
2026-07-20,6805,富世達,0.48,570000,股
2026-07-20,3583,辛耘,0.42,900000,股
2026-07-20,3665,貿聯-KY,0.42,360000,股
2026-07-20,8358,金居,0.42,1750000,股
2026-07-20,3211,順達,0.41,1800000,股
2026-07-20,1560,中砂,0.31,750000,股
2026-07-20,4966,譜瑞-KY,0.29,800000,股
2026-07-20,6415,矽力*-KY,0.25,900000,股
2026-07-20,6442,光聖,0.24,300000,股
2026-07-20,2049,上銀,0.19,1010000,股
2026-07-20,3008,大立光,0.15,60000,股
2026-07-20,6239,力成,0.15,900000,股
2026-07-20,2404,漢唐,0.1,140000,股
2026-07-20,3264,欣銓,0.08,600000,股
2026-07-20,2455,全新,0.06,336000,股
2026-07-20,5347,世界,0.0,1000,股
2026-07-20,6147,頎邦,0.0,1000,股
2026-07-20,6196,帆宣,0.0,1000,股
2026-07-20,8210,勤誠,0.0,1000,股
2026-07-20,8299,群聯,0.0,1000,股
2026-07-20,C_NTD,CASH,,10820072740,元
2026-07-20,M_NTD,MARGIN,,0,元
2026-07-20,RDI_NTD,RECEIVABLES FOR DISPOSAL OF INVESTMENTS,,994852011,元
2026-07-21,2330,台積電,18.78,12800000,股
2026-07-21,2303,聯電,6.14,75000000,股
2026-07-21,3017,奇鋐,4.87,3450000,股
2026-07-21,2344,華邦電,3.79,40000000,股
2026-07-21,2454,聯發科,3.75,1680000,股
2026-07-21,2383,台光電,3.7,1260000,股
2026-07-21,3037,欣興,3.59,7142000,股
2026-07-21,6223,旺矽,3.58,1000000,股
2026-07-21,2308,台達電,3.15,2820000,股
2026-07-21,2345,智邦,2.97,2200000,股
2026-07-21,3711,日月光投控,2.47,6400000,股
2026-07-21,2327,國巨*,2.45,6000000,股
2026-07-21,6669,緯穎,2.4,790000,股
2026-07-21,4958,臻鼎-KY,2.15,6934000,股
2026-07-21,3653,健策,1.87,874000,股
2026-07-21,6488,環球晶,1.72,2350000,股
2026-07-21,3533,嘉澤,1.53,1240000,股
2026-07-21,3189,景碩,1.46,3217000,股
2026-07-21,8046,南電,1.27,1750000,股
2026-07-21,6274,台燿,1.26,1680000,股
2026-07-21,2368,金像電,1.23,2060000,股
2026-07-21,3443,創意,1.2,480000,股
2026-07-21,7769,鴻勁,1.19,300000,股
2026-07-21,1303,南亞,1.18,9900000,股
2026-07-21,8996,高力,0.96,1600000,股
2026-07-21,5274,信驊,0.94,109500,股
2026-07-21,2360,致茂,0.83,680000,股
2026-07-21,2337,旺宏,0.75,10000000,股
2026-07-21,6515,穎崴,0.6,149000,股
2026-07-21,6805,富世達,0.53,620000,股
2026-07-21,2317,鴻海,0.48,3200000,股
2026-07-21,3665,貿聯-KY,0.46,376000,股
2026-07-21,3211,順達,0.42,1800000,股
2026-07-21,8358,金居,0.42,1750000,股
2026-07-21,3583,辛耘,0.41,900000,股
2026-07-21,1560,中砂,0.31,750000,股
2026-07-21,4966,譜瑞-KY,0.28,800000,股
2026-07-21,6415,矽力*-KY,0.25,900000,股
2026-07-21,6239,力成,0.23,1400000,股
2026-07-21,2049,上銀,0.19,1010000,股
2026-07-21,6442,光聖,0.17,225000,股
2026-07-21,3008,大立光,0.15,60000,股
2026-07-21,2404,漢唐,0.1,140000,股
2026-07-21,3264,欣銓,0.08,600000,股
2026-07-21,2455,全新,0.06,336000,股
2026-07-21,6285,啟碁,0.01,100000,股
2026-07-21,5347,世界,0.0,1000,股
2026-07-21,6147,頎邦,0.0,1000,股
2026-07-21,6196,帆宣,0.0,1000,股
2026-07-21,8299,群聯,0.0,1000,股
2026-07-21,C_NTD,CASH,,14767869265,元
2026-07-21,M_NTD,MARGIN,,0,元
2026-07-21,RDI_NTD,RECEIVABLES FOR DISPOSAL OF INVESTMENTS,,-807814770,元
2026-07-22,2330,台積電,17.34,12200000,股
2026-07-22,2303,聯電,6.25,76000000,股
2026-07-22,3017,奇鋐,4.63,3450000,股
2026-07-22,2344,華邦電,4.05,40000000,股
2026-07-22,2383,台光電,4.04,1330000,股
2026-07-22,3037,欣興,4.04,7530000,股
2026-07-22,2454,聯發科,3.94,1730000,股
2026-07-22,6223,旺矽,3.55,1000000,股
2026-07-22,2308,台達電,3.25,2920000,股
2026-07-22,2345,智邦,3.06,2260000,股
2026-07-22,6669,緯穎,2.57,790000,股
2026-07-22,2327,國巨*,2.5,6000000,股
2026-07-22,3711,日月光投控,2.49,6400000,股
2026-07-22,4958,臻鼎-KY,2.3,6934000,股
2026-07-22,3653,健策,1.81,874000,股
2026-07-22,6488,環球晶,1.73,2350000,股
2026-07-22,3189,景碩,1.52,3217000,股
2026-07-22,3533,嘉澤,1.48,1240000,股
2026-07-22,6274,台燿,1.35,1680000,股
2026-07-22,8046,南電,1.35,1750000,股
2026-07-22,1303,南亞,1.32,10700000,股
2026-07-22,3443,創意,1.32,510000,股
2026-07-22,2368,金像電,1.15,2060000,股
2026-07-22,7769,鴻勁,1.14,300000,股
2026-07-22,8996,高力,1.02,1600000,股
2026-07-22,5274,信驊,1.01,109500,股
2026-07-22,2360,致茂,0.96,760000,股
2026-07-22,2337,旺宏,0.8,10000000,股
2026-07-22,3665,貿聯-KY,0.61,490000,股
2026-07-22,6515,穎崴,0.57,149000,股
2026-07-22,6805,富世達,0.51,620000,股
2026-07-22,2317,鴻海,0.48,3200000,股
2026-07-22,3211,順達,0.47,2000000,股
2026-07-22,8358,金居,0.43,1750000,股
2026-07-22,3583,辛耘,0.41,900000,股
2026-07-22,6239,力成,0.33,1900000,股
2026-07-22,1560,中砂,0.31,750000,股
2026-07-22,4966,譜瑞-KY,0.29,800000,股
2026-07-22,6415,矽力*-KY,0.26,900000,股
2026-07-22,2049,上銀,0.19,1010000,股
2026-07-22,6442,光聖,0.18,225000,股
2026-07-22,3008,大立光,0.14,60000,股
2026-07-22,2404,漢唐,0.13,180000,股
2026-07-22,3264,欣銓,0.08,600000,股
2026-07-22,2455,全新,0.06,336000,股
2026-07-22,6285,啟碁,0.04,250000,股
2026-07-22,5347,世界,0.0,1000,股
2026-07-22,6147,頎邦,0.0,1000,股
2026-07-22,6196,帆宣,0.0,1000,股
2026-07-22,8299,群聯,0.0,1000,股
2026-07-22,C_NTD,CASH,,16512829464,元
2026-07-22,M_NTD,MARGIN,,0,元
2026-07-22,RDI_NTD,RECEIVABLES FOR DISPOSAL OF INVESTMENTS,,-2625485509,元
2026-07-23,2330,台積電,16.55,11600000,股
2026-07-23,2303,聯電,6.24,76000000,股
2026-07-23,3017,奇鋐,4.99,3450000,股
2026-07-23,3037,欣興,4.04,7600000,股
2026-07-23,2383,台光電,4.02,1330000,股
2026-07-23,2454,聯發科,3.98,1730000,股
2026-07-23,2344,華邦電,3.82,40000000,股
2026-07-23,6223,旺矽,3.71,1000000,股
2026-07-23,2308,台達電,3.39,3040000,股
2026-07-23,2345,智邦,3.12,2260000,股
2026-07-23,2327,國巨*,2.48,6000000,股
2026-07-23,3711,日月光投控,2.46,6400000,股
2026-07-23,3653,健策,2.05,931000,股
2026-07-23,6669,緯穎,1.95,600000,股
2026-07-23,4958,臻鼎-KY,1.85,6154000,股
2026-07-23,6488,環球晶,1.56,2350000,股
2026-07-23,3189,景碩,1.5,3217000,股
2026-07-23,3533,嘉澤,1.5,1240000,股
2026-07-23,6274,台燿,1.33,1680000,股
2026-07-23,3443,創意,1.32,510000,股
2026-07-23,8046,南電,1.28,1750000,股
2026-07-23,1303,南亞,1.25,10700000,股
2026-07-23,2368,金像電,1.15,2060000,股
2026-07-23,5274,信驊,1.15,124500,股
2026-07-23,7769,鴻勁,1.15,300000,股
2026-07-23,8996,高力,1.02,1600000,股
2026-07-23,2360,致茂,0.97,760000,股
2026-07-23,3665,貿聯-KY,0.81,600000,股
2026-07-23,2337,旺宏,0.77,10000000,股
2026-07-23,6805,富世達,0.6,700000,股
2026-07-23,6515,穎崴,0.58,149000,股
2026-07-23,2317,鴻海,0.49,3200000,股
2026-07-23,3211,順達,0.46,2000000,股
2026-07-23,8358,金居,0.42,1750000,股
2026-07-23,3583,辛耘,0.41,900000,股
2026-07-23,6239,力成,0.41,2350000,股
2026-07-23,1560,中砂,0.31,750000,股
2026-07-23,4966,譜瑞-KY,0.29,800000,股
2026-07-23,6415,矽力*-KY,0.25,900000,股
2026-07-23,2049,上銀,0.19,1010000,股
2026-07-23,6442,光聖,0.19,225000,股
2026-07-23,3008,大立光,0.15,60000,股
2026-07-23,2404,漢唐,0.12,180000,股
2026-07-23,3264,欣銓,0.08,600000,股
2026-07-23,2455,全新,0.07,336000,股
2026-07-23,6285,啟碁,0.04,250000,股
2026-07-23,5347,世界,0.0,1000,股
2026-07-23,6147,頎邦,0.0,1000,股
2026-07-23,6196,帆宣,0.0,1000,股
2026-07-23,8299,群聯,0.0,1000,股
2026-07-23,C_NTD,CASH,,14481740802,元
2026-07-23,M_NTD,MARGIN,,0,元
2026-07-23,RDI_NTD,RECEIVABLES FOR DISPOSAL OF INVESTMENTS,,655869379,元
2026-07-24,2330,台積電,16.82,11600000,股
2026-07-24,2303,聯電,6.0,76000000,股
2026-07-24,3017,奇鋐,5.07,3450000,股
2026-07-24,2454,聯發科,4.0,1730000,股
2026-07-24,3037,欣興,3.93,7600000,股
2026-07-24,2383,台光電,3.9,1330000,股
2026-07-24,2344,華邦電,3.81,40000000,股
2026-07-24,6223,旺矽,3.52,1000000,股
2026-07-24,2308,台達電,3.35,3040000,股
2026-07-24,2345,智邦,3.1,2260000,股
2026-07-24,3711,日月光投控,2.42,6400000,股
2026-07-24,2327,國巨*,2.38,6000000,股
2026-07-24,6669,緯穎,2.12,600000,股
2026-07-24,3653,健策,1.97,931000,股
2026-07-24,4958,臻鼎-KY,1.83,6154000,股
2026-07-24,3533,嘉澤,1.51,1240000,股
2026-07-24,6488,環球晶,1.49,2350000,股
2026-07-24,3189,景碩,1.41,3217000,股
2026-07-24,6274,台燿,1.3,1680000,股
2026-07-24,3443,創意,1.28,510000,股
2026-07-24,8046,南電,1.2,1750000,股
2026-07-24,1303,南亞,1.17,10700000,股
2026-07-24,5274,信驊,1.13,124500,股
2026-07-24,7769,鴻勁,1.12,300000,股
2026-07-24,2368,金像電,1.0,1800000,股
2026-07-24,8996,高力,0.99,1600000,股
2026-07-24,2360,致茂,0.98,760000,股
2026-07-24,3665,貿聯-KY,0.93,680000,股
2026-07-24,2337,旺宏,0.77,10000000,股
2026-07-24,6805,富世達,0.61,700000,股
2026-07-24,6515,穎崴,0.58,149000,股
2026-07-24,2317,鴻海,0.5,3200000,股
2026-07-24,3211,順達,0.47,2000000,股
2026-07-24,6239,力成,0.45,2600000,股
2026-07-24,3583,辛耘,0.4,900000,股
2026-07-24,8358,金居,0.4,1750000,股
2026-07-24,1560,中砂,0.31,750000,股
2026-07-24,4966,譜瑞-KY,0.3,800000,股
2026-07-24,6415,矽力*-KY,0.26,900000,股
2026-07-24,2049,上銀,0.2,1010000,股
2026-07-24,6442,光聖,0.18,225000,股
2026-07-24,3008,大立光,0.15,60000,股
2026-07-24,2404,漢唐,0.12,180000,股
2026-07-24,3264,欣銓,0.08,600000,股
2026-07-24,2455,全新,0.07,336000,股
2026-07-24,6285,啟碁,0.04,250000,股
2026-07-24,5347,世界,0.0,1000,股
2026-07-24,6147,頎邦,0.0,1000,股
2026-07-24,6196,帆宣,0.0,1000,股
2026-07-24,8299,群聯,0.0,1000,股
2026-07-24,C_NTD,CASH,,13715567074,元
2026-07-24,M_NTD,MARGIN,,0,元
2026-07-24,RDI_NTD,RECEIVABLES FOR DISPOSAL OF INVESTMENTS,,1609614145,元
2026-07-27,2330,台積電,16.7,11600000,股
2026-07-27,2303,聯電,5.87,76000000,股
2026-07-27,3017,奇鋐,5.07,3450000,股
2026-07-27,2383,台光電,4.01,1360000,股
2026-07-27,3037,欣興,3.95,7600000,股
2026-07-27,2344,華邦電,3.92,40000000,股
2026-07-27,2454,聯發科,3.9,1730000,股
2026-07-27,6223,旺矽,3.5,1000000,股
2026-07-27,2308,台達電,3.27,3040000,股
2026-07-27,2345,智邦,3.1,2260000,股
2026-07-27,3711,日月光投控,2.38,6400000,股
2026-07-27,2327,國巨*,2.3,6000000,股
2026-07-27,6669,緯穎,2.11,600000,股
2026-07-27,3653,健策,2.01,931000,股
2026-07-27,4958,臻鼎-KY,1.77,6154000,股
2026-07-27,6488,環球晶,1.53,2350000,股
2026-07-27,3533,嘉澤,1.48,1240000,股
2026-07-27,3189,景碩,1.4,3217000,股
2026-07-27,6274,台燿,1.29,1680000,股
2026-07-27,3443,創意,1.27,510000,股
2026-07-27,8046,南電,1.15,1750000,股
2026-07-27,1303,南亞,1.14,10700000,股
2026-07-27,5274,信驊,1.12,124500,股
2026-07-27,7769,鴻勁,1.12,300000,股
2026-07-27,2368,金像電,0.99,1800000,股
2026-07-27,3665,貿聯-KY,0.99,750000,股
2026-07-27,2360,致茂,0.98,760000,股
2026-07-27,8996,高力,0.98,1600000,股
2026-07-27,2337,旺宏,0.77,10000000,股
2026-07-27,6805,富世達,0.62,700000,股
2026-07-27,6515,穎崴,0.58,149000,股
2026-07-27,2317,鴻海,0.5,3200000,股
2026-07-27,3211,順達,0.46,2000000,股
2026-07-27,6239,力成,0.44,2600000,股
2026-07-27,1560,中砂,0.42,1000000,股
2026-07-27,3583,辛耘,0.41,900000,股
2026-07-27,8358,金居,0.4,1750000,股
2026-07-27,4966,譜瑞-KY,0.3,800000,股
2026-07-27,6415,矽力*-KY,0.25,900000,股
2026-07-27,2049,上銀,0.2,1010000,股
2026-07-27,6442,光聖,0.18,225000,股
2026-07-27,3008,大立光,0.15,60000,股
2026-07-27,2404,漢唐,0.12,180000,股
2026-07-27,3264,欣銓,0.08,600000,股
2026-07-27,2455,全新,0.07,336000,股
2026-07-27,3450,聯鈞,0.05,200000,股
2026-07-27,6285,啟碁,0.04,250000,股
2026-07-27,5347,世界,0.0,1000,股
2026-07-27,6196,帆宣,0.0,1000,股
2026-07-27,8299,群聯,0.0,1000,股
2026-07-27,C_NTD,CASH,,15335883372,元
2026-07-27,M_NTD,MARGIN,,0,元
2026-07-27,RDI_NTD,RECEIVABLES FOR DISPOSAL OF INVESTMENTS,,-572899969,元
2026-07-28,2330,台積電,16.91,11600000,股
2026-07-28,2303,聯電,5.52,76000000,股
2026-07-28,3017,奇鋐,4.94,3450000,股
2026-07-28,2383,台光電,3.84,1360000,股
2026-07-28,3037,欣興,3.71,7600000,股
2026-07-28,2344,華邦電,3.68,40000000,股
2026-07-28,2454,聯發科,3.67,1730000,股
2026-07-28,6223,旺矽,3.3,1000000,股
2026-07-28,2308,台達電,3.07,3040000,股
2026-07-28,2345,智邦,2.95,2260000,股
2026-07-28,3711,日月光投控,2.27,6400000,股
2026-07-28,2327,國巨*,2.16,6000000,股
2026-07-28,6669,緯穎,2.04,600000,股
2026-07-28,3653,健策,2.01,931000,股
2026-07-28,4958,臻鼎-KY,1.68,6154000,股
2026-07-28,3533,嘉澤,1.46,1240000,股
2026-07-28,6488,環球晶,1.44,2350000,股
2026-07-28,3189,景碩,1.31,3217000,股
2026-07-28,6274,台燿,1.21,1680000,股
2026-07-28,3443,創意,1.19,510000,股
2026-07-28,3665,貿聯-KY,1.17,825000,股
2026-07-28,7769,鴻勁,1.1,300000,股
2026-07-28,8046,南電,1.09,1750000,股
2026-07-28,1303,南亞,1.07,10700000,股
2026-07-28,5274,信驊,1.05,124500,股
2026-07-28,2360,致茂,0.94,760000,股
2026-07-28,2368,金像電,0.93,1800000,股
2026-07-28,8996,高力,0.93,1600000,股
2026-07-28,2337,旺宏,0.72,10000000,股
2026-07-28,6805,富世達,0.6,700000,股
2026-07-28,6515,穎崴,0.57,149000,股
2026-07-28,2317,鴻海,0.49,3200000,股
2026-07-28,3211,順達,0.43,2000000,股
2026-07-28,6239,力成,0.42,2600000,股
2026-07-28,1560,中砂,0.41,1000000,股
2026-07-28,3583,辛耘,0.4,900000,股
2026-07-28,8358,金居,0.37,1750000,股
2026-07-28,4966,譜瑞-KY,0.3,800000,股
2026-07-28,6415,矽力*-KY,0.22,834000,股
2026-07-28,3008,大立光,0.2,80000,股
2026-07-28,2049,上銀,0.19,1010000,股
2026-07-28,6442,光聖,0.18,225000,股
2026-07-28,2404,漢唐,0.12,180000,股
2026-07-28,3450,聯鈞,0.08,300000,股
2026-07-28,2455,全新,0.07,336000,股
2026-07-28,3264,欣銓,0.07,600000,股
2026-07-28,6285,啟碁,0.04,250000,股
2026-07-28,5347,世界,0.0,1000,股
2026-07-28,6196,帆宣,0.0,1000,股
2026-07-28,8299,群聯,0.0,1000,股
2026-07-28,C_NTD,CASH,,16574084004,元
2026-07-28,M_NTD,MARGIN,,0,元
2026-07-28,RDI_NTD,RECEIVABLES FOR DISPOSAL OF INVESTMENTS,,-819390819,元
2026-07-29,2330,台積電,17.07,11760000,股
2026-07-29,2303,聯電,5.14,76000000,股
2026-07-29,3017,奇鋐,4.77,3450000,股
2026-07-29,2383,台光電,3.68,1360000,股
2026-07-29,2454,聯發科,3.6,1730000,股
2026-07-29,3037,欣興,3.45,7600000,股
2026-07-29,2344,華邦電,3.43,40000000,股
2026-07-29,6223,旺矽,3.16,1000000,股
2026-07-29,2308,台達電,3.0,3040000,股
2026-07-29,2345,智邦,2.85,2260000,股
2026-07-29,3653,健策,2.16,990000,股
2026-07-29,3711,日月光投控,2.11,6400000,股
2026-07-29,6669,緯穎,2.03,600000,股
2026-07-29,2327,國巨*,2.01,6000000,股
2026-07-29,4958,臻鼎-KY,1.64,6154000,股
2026-07-29,3533,嘉澤,1.41,1240000,股
2026-07-29,6488,環球晶,1.34,2350000,股
2026-07-29,3189,景碩,1.22,3217000,股
2026-07-29,3665,貿聯-KY,1.21,880000,股
2026-07-29,6274,台燿,1.13,1680000,股
2026-07-29,3443,創意,1.11,510000,股
2026-07-29,5274,信驊,1.06,124500,股
2026-07-29,7769,鴻勁,1.02,300000,股
2026-07-29,8046,南電,1.02,1750000,股
2026-07-29,2360,致茂,0.92,760000,股
2026-07-29,8996,高力,0.91,1600000,股
2026-07-29,6805,富世達,0.58,700000,股
2026-07-29,2368,金像電,0.52,1080000,股
2026-07-29,2317,鴻海,0.5,3200000,股
2026-07-29,2337,旺宏,0.5,7498000,股
2026-07-29,1303,南亞,0.43,4587000,股
2026-07-29,6515,穎崴,0.43,119000,股
2026-07-29,3211,順達,0.41,2000000,股
2026-07-29,6239,力成,0.4,2600000,股
2026-07-29,1560,中砂,0.39,1000000,股
2026-07-29,3583,辛耘,0.37,900000,股
2026-07-29,8358,金居,0.32,1604000,股
2026-07-29,4966,譜瑞-KY,0.3,800000,股
2026-07-29,3008,大立光,0.28,110000,股
2026-07-29,2049,上銀,0.19,1010000,股
2026-07-29,6442,光聖,0.16,225000,股
2026-07-29,6415,矽力*-KY,0.15,624000,股
2026-07-29,2404,漢唐,0.12,180000,股
2026-07-29,3264,欣銓,0.08,700000,股
2026-07-29,3450,聯鈞,0.07,300000,股
2026-07-29,2455,全新,0.06,336000,股
2026-07-29,6285,啟碁,0.04,250000,股
2026-07-29,5347,世界,0.0,1000,股
2026-07-29,6196,帆宣,0.0,1000,股
2026-07-29,8299,群聯,0.0,1000,股
2026-07-29,C_NTD,CASH,,19713472017,元
2026-07-29,M_NTD,MARGIN,,0,元
2026-07-29,RDI_NTD,RECEIVABLES FOR DISPOSAL OF INVESTMENTS,,907505289,元
2026-07-30,2330,台積電,17.4,12000000,股
2026-07-30,2303,聯電,5.5,76000000,股
2026-07-30,3017,奇鋐,4.79,3450000,股
2026-07-30,2383,台光電,3.99,1405000,股
2026-07-30,2454,聯發科,3.82,1795000,股
2026-07-30,3037,欣興,3.58,7600000,股
2026-07-30,6223,旺矽,3.16,1000000,股
2026-07-30,2344,華邦電,3.12,40000000,股
2026-07-30,2308,台達電,3.06,3040000,股
2026-07-30,2345,智邦,2.91,2290000,股
2026-07-30,3711,日月光投控,2.13,6400000,股
2026-07-30,3653,健策,2.04,990000,股
2026-07-30,6669,緯穎,1.93,600000,股
2026-07-30,2327,國巨*,1.8,6000000,股
2026-07-30,4958,臻鼎-KY,1.52,6154000,股
2026-07-30,3533,嘉澤,1.38,1240000,股
2026-07-30,5274,信驊,1.25,144500,股
2026-07-30,3189,景碩,1.22,3217000,股
2026-07-30,6488,環球晶,1.2,2350000,股
2026-07-30,3443,創意,1.16,510000,股
2026-07-30,6274,台燿,1.12,1680000,股
2026-07-30,3665,貿聯-KY,1.11,880000,股
2026-07-30,7769,鴻勁,1.11,300000,股
2026-07-30,2360,致茂,1.06,840000,股
2026-07-30,8046,南電,0.96,1750000,股
2026-07-30,8996,高力,0.82,1600000,股
2026-07-30,6805,富世達,0.57,700000,股
2026-07-30,2317,鴻海,0.48,3200000,股
2026-07-30,2337,旺宏,0.45,7498000,股
2026-07-30,1303,南亞,0.44,4587000,股
2026-07-30,1560,中砂,0.38,1000000,股
2026-07-30,3211,順達,0.38,2000000,股
2026-07-30,6239,力成,0.37,2600000,股
2026-07-30,3583,辛耘,0.35,900000,股
2026-07-30,3008,大立光,0.34,140000,股
2026-07-30,6515,穎崴,0.31,89000,股
2026-07-30,4966,譜瑞-KY,0.28,800000,股
2026-07-30,8358,金居,0.23,1312000,股
2026-07-30,2368,金像電,0.2,420000,股
2026-07-30,2049,上銀,0.19,1010000,股
2026-07-30,6442,光聖,0.16,225000,股
2026-07-30,6415,矽力*-KY,0.15,624000,股
2026-07-30,2404,漢唐,0.12,180000,股
2026-07-30,3264,欣銓,0.07,700000,股
2026-07-30,3450,聯鈞,0.07,300000,股
2026-07-30,2455,全新,0.06,336000,股
2026-07-30,6285,啟碁,0.03,250000,股
2026-07-30,5347,世界,0.0,1000,股
2026-07-30,6196,帆宣,0.0,1000,股
2026-07-30,8299,群聯,0.0,1000,股
2026-07-30,C_NTD,CASH,,22263955933,元
2026-07-30,M_NTD,MARGIN,,0,元
2026-07-30,RDI_NTD,RECEIVABLES FOR DISPOSAL OF INVESTMENTS,,352552131,元
2026-07-31,2330,台積電,18.45,12680000,股
2026-07-31,2303,聯電,5.52,76000000,股
2026-07-31,3017,奇鋐,4.8,3450000,股
2026-07-31,2383,台光電,4.0,1405000,股
2026-07-31,2454,聯發科,3.83,1795000,股
2026-07-31,3037,欣興,3.59,7600000,股
2026-07-31,6223,旺矽,3.17,1000000,股
2026-07-31,2344,華邦電,3.12,40000000,股
2026-07-31,2308,台達電,2.99,3040000,股
2026-07-31,2345,智邦,2.92,2290000,股
2026-07-31,3711,日月光投控,2.13,6400000,股
2026-07-31,3653,健策,2.05,990000,股
2026-07-31,6669,緯穎,1.94,600000,股
2026-07-31,2327,國巨*,1.81,6000000,股
2026-07-31,4958,臻鼎-KY,1.53,6154000,股
2026-07-31,3533,嘉澤,1.38,1240000,股
2026-07-31,5274,信驊,1.26,144500,股
2026-07-31,6488,環球晶,1.24,2411000,股
2026-07-31,3189,景碩,1.23,3217000,股
2026-07-31,3443,創意,1.16,510000,股
2026-07-31,2360,致茂,1.13,897000,股
2026-07-31,6274,台燿,1.12,1680000,股
2026-07-31,3665,貿聯-KY,1.11,880000,股
2026-07-31,7769,鴻勁,1.11,300000,股
2026-07-31,8046,南電,0.97,1750000,股
2026-07-31,8996,高力,0.82,1600000,股
2026-07-31,6805,富世達,0.57,700000,股
2026-07-31,2317,鴻海,0.48,3200000,股
2026-07-31,2337,旺宏,0.45,7498000,股
2026-07-31,1303,南亞,0.44,4587000,股
2026-07-31,1560,中砂,0.43,1113000,股
2026-07-31,6239,力成,0.43,3026000,股
2026-07-31,3211,順達,0.35,2000000,股
2026-07-31,3583,辛耘,0.35,900000,股
2026-07-31,3008,大立光,0.34,140000,股
2026-07-31,4966,譜瑞-KY,0.27,800000,股
2026-07-31,8358,金居,0.23,1312000,股
2026-07-31,6515,穎崴,0.21,59000,股
2026-07-31,2049,上銀,0.18,1010000,股
2026-07-31,6442,光聖,0.16,225000,股
2026-07-31,2404,漢唐,0.15,220000,股
2026-07-31,6415,矽力*-KY,0.15,624000,股
2026-07-31,3264,欣銓,0.07,700000,股
2026-07-31,3450,聯鈞,0.07,300000,股
2026-07-31,2455,全新,0.06,336000,股
2026-07-31,2481,強茂,0.06,869000,股
2026-07-31,6285,啟碁,0.03,250000,股
2026-07-31,1717,長興,0.01,200000,股
2026-07-31,5347,世界,0.0,1000,股
2026-07-31,6196,帆宣,0.0,1000,股
2026-07-31,8299,群聯,0.0,1000,股
2026-07-31,C_NTD,CASH,,24429863123,元
2026-07-31,M_NTD,MARGIN,,0,元
2026-07-31,RDI_NTD,RECEIVABLES FOR DISPOSAL OF INVESTMENTS,,-2438456664,元
2026-08-03,2330,台積電,17.45,12680000,股
2026-08-03,2303,聯電,5.33,77800000,股
2026-08-03,3017,奇鋐,5.11,3450000,股
2026-08-03,2383,台光電,4.32,1495000,股
2026-08-03,2454,聯發科,4.08,1795000,股
2026-08-03,3037,欣興,3.82,7600000,股
2026-08-03,6223,旺矽,3.37,1000000,股
2026-08-03,2344,華邦電,3.32,40000000,股
2026-08-03,2345,智邦,3.13,2307000,股
2026-08-03,2308,台達電,2.79,3040000,股
2026-08-03,3711,日月光投控,2.27,6400000,股
2026-08-03,3653,健策,2.25,1030000,股
2026-08-03,6669,緯穎,2.06,600000,股
2026-08-03,2327,國巨*,1.92,6000000,股
2026-08-03,4958,臻鼎-KY,1.51,6154000,股
2026-08-03,5274,信驊,1.47,158500,股
2026-08-03,3533,嘉澤,1.44,1240000,股
2026-08-03,6488,環球晶,1.31,2600000,股
2026-08-03,3189,景碩,1.3,3217000,股
2026-08-03,3443,創意,1.24,510000,股
2026-08-03,3665,貿聯-KY,1.23,1010000,股
2026-08-03,6274,台燿,1.19,1680000,股
2026-08-03,7769,鴻勁,1.12,300000,股
2026-08-03,2360,致茂,1.02,897000,股
2026-08-03,8046,南電,0.97,1750000,股
2026-08-03,8996,高力,0.87,1600000,股
2026-08-03,6805,富世達,0.6,700000,股
2026-08-03,1560,中砂,0.53,1350000,股
2026-08-03,6239,力成,0.52,3740000,股
2026-08-03,2337,旺宏,0.48,7498000,股
2026-08-03,2317,鴻海,0.47,3200000,股
2026-08-03,1303,南亞,0.44,4587000,股
2026-08-03,3008,大立光,0.39,170000,股
2026-08-03,3211,順達,0.36,2000000,股
2026-08-03,3583,辛耘,0.35,900000,股
2026-08-03,4966,譜瑞-KY,0.27,800000,股
2026-08-03,8358,金居,0.25,1312000,股
2026-08-03,2049,上銀,0.19,1010000,股
2026-08-03,6442,光聖,0.17,225000,股
2026-08-03,2404,漢唐,0.16,250000,股
2026-08-03,6415,矽力*-KY,0.15,624000,股
2026-08-03,6515,穎崴,0.11,29000,股
2026-08-03,3264,欣銓,0.08,700000,股
2026-08-03,3450,聯鈞,0.08,337000,股
2026-08-03,2481,強茂,0.07,869000,股
2026-08-03,2455,全新,0.06,336000,股
2026-08-03,6285,啟碁,0.03,250000,股
2026-08-03,1717,長興,0.02,500000,股
2026-08-03,5347,世界,0.0,1000,股
2026-08-03,6196,帆宣,0.0,1000,股
2026-08-03,8299,群聯,0.0,1000,股
2026-08-03,C_NTD,CASH,,26184060647,元
2026-08-03,M_NTD,MARGIN,,0,元
2026-08-03,RDI_NTD,RECEIVABLES FOR DISPOSAL OF INVESTMENTS,,-3501472226,元
2026-08-04,2330,台積電,16.85,12680000,股
2026-08-04,2303,聯電,5.28,77800000,股
2026-08-04,3017,奇鋐,5.14,3450000,股
2026-08-04,2383,台光電,4.4,1495000,股
2026-08-04,3037,欣興,4.27,8060000,股
2026-08-04,2454,聯發科,4.23,1910000,股
2026-08-04,2344,華邦電,3.7,41155000,股
2026-08-04,6223,旺矽,3.55,1050000,股
2026-08-04,2345,智邦,3.07,2307000,股
2026-08-04,2308,台達電,2.82,3040000,股
2026-08-04,3653,健策,2.45,1030000,股
2026-08-04,3711,日月光投控,2.4,7160000,股
2026-08-04,2327,國巨*,2.27,7000000,股
2026-08-04,6669,緯穎,2.13,600000,股
2026-08-04,4958,臻鼎-KY,1.56,6154000,股
2026-08-04,3665,貿聯-KY,1.45,1101000,股
2026-08-04,6488,環球晶,1.44,2646000,股
2026-08-04,3533,嘉澤,1.43,1240000,股
2026-08-04,3189,景碩,1.42,3226000,股
2026-08-04,5274,信驊,1.41,158500,股
2026-08-04,6274,台燿,1.29,1680000,股
2026-08-04,3443,創意,1.21,510000,股
2026-08-04,7769,鴻勁,1.06,300000,股
2026-08-04,8046,南電,1.05,1750000,股
2026-08-04,2360,致茂,0.99,897000,股
2026-08-04,8996,高力,0.94,1600000,股
2026-08-04,6239,力成,0.65,4400000,股
2026-08-04,6805,富世達,0.64,700000,股
2026-08-04,1560,中砂,0.58,1500000,股
2026-08-04,2337,旺宏,0.52,7498000,股
2026-08-04,2317,鴻海,0.46,3200000,股
2026-08-04,1303,南亞,0.45,4587000,股
2026-08-04,3008,大立光,0.43,172000,股
2026-08-04,3211,順達,0.37,2000000,股
2026-08-04,3583,辛耘,0.36,900000,股
2026-08-04,4966,譜瑞-KY,0.27,800000,股
2026-08-04,8358,金居,0.26,1312000,股
2026-08-04,2049,上銀,0.19,1010000,股
2026-08-04,6442,光聖,0.18,225000,股
2026-08-04,2404,漢唐,0.16,250000,股
2026-08-04,3450,聯鈞,0.16,650000,股
2026-08-04,6415,矽力*-KY,0.15,624000,股
2026-08-04,2481,強茂,0.08,1100000,股
2026-08-04,3264,欣銓,0.08,700000,股
2026-08-04,2455,全新,0.07,336000,股
2026-08-04,6285,啟碁,0.05,350000,股
2026-08-04,1717,長興,0.03,700000,股
2026-08-04,5347,世界,0.0,1000,股
2026-08-04,6196,帆宣,0.0,1000,股
2026-08-04,8299,群聯,0.0,1000,股
2026-08-04,C_NTD,CASH,,23694573460,元
2026-08-04,M_NTD,MARGIN,,0,元
2026-08-04,RDI_NTD,RECEIVABLES FOR DISPOSAL OF INVESTMENTS,,-4793582604,元
2026-08-05,2330,台積電,17.04,12680000,股
2026-08-05,2303,聯電,5.39,79000000,股
2026-08-05,3017,奇鋐,5.26,3450000,股
2026-08-05,3037,欣興,4.58,8460000,股
2026-08-05,2383,台光電,4.38,1495000,股
2026-08-05,2454,聯發科,4.27,1910000,股
2026-08-05,2344,華邦電,4.0,42300000,股
2026-08-05,6223,旺矽,3.66,1050000,股
2026-08-05,2345,智邦,3.08,2307000,股
2026-08-05,2308,台達電,2.8,3040000,股
2026-08-05,2327,國巨*,2.58,8000000,股
2026-08-05,3653,健策,2.5,1030000,股
2026-08-05,3711,日月光投控,2.37,7160000,股
2026-08-05,3189,景碩,1.78,3850000,股
2026-08-05,6669,緯穎,1.73,500000,股
2026-08-05,4958,臻鼎-KY,1.68,6154000,股
2026-08-05,3665,貿聯-KY,1.45,1101000,股
2026-08-05,5274,信驊,1.42,158500,股
2026-08-05,6274,台燿,1.38,1680000,股
2026-08-05,3533,嘉澤,1.35,1240000,股
2026-08-05,6488,環球晶,1.29,2646000,股
2026-08-05,3443,創意,1.25,510000,股
2026-08-05,7769,鴻勁,1.09,300000,股
2026-08-05,8046,南電,1.04,1750000,股
2026-08-05,2360,致茂,0.95,897000,股
2026-08-05,8996,高力,0.93,1600000,股
2026-08-05,6239,力成,0.76,5330000,股
2026-08-05,3008,大立光,0.66,260000,股
2026-08-05,6805,富世達,0.63,700000,股
2026-08-05,1560,中砂,0.57,1500000,股
2026-08-05,2337,旺宏,0.49,7498000,股
2026-08-05,2317,鴻海,0.46,3200000,股
2026-08-05,3211,順達,0.36,2000000,股
2026-08-05,3583,辛耘,0.35,900000,股
2026-08-05,3450,聯鈞,0.27,1000000,股
2026-08-05,8358,金居,0.26,1312000,股
2026-08-05,4966,譜瑞-KY,0.23,670000,股
2026-08-05,2049,上銀,0.21,1010000,股
2026-08-05,1303,南亞,0.2,2000000,股
2026-08-05,6442,光聖,0.17,225000,股
2026-08-05,2404,漢唐,0.16,250000,股
2026-08-05,2481,強茂,0.08,1100000,股
2026-08-05,3264,欣銓,0.08,700000,股
2026-08-05,2455,全新,0.07,336000,股
2026-08-05,6415,矽力*-KY,0.07,300000,股
2026-08-05,6285,啟碁,0.05,350000,股
2026-08-05,1717,長興,0.04,1058000,股
2026-08-05,5347,世界,0.0,1000,股
2026-08-05,6196,帆宣,0.0,1000,股
2026-08-05,8299,群聯,0.0,1000,股
2026-08-05,C_NTD,CASH,,21568271007,元
2026-08-05,M_NTD,MARGIN,,0,元
2026-08-05,RDI_NTD,RECEIVABLES FOR DISPOSAL OF INVESTMENTS,,-4302901015,元
2026-08-06,2330,台積電,16.69,12680000,股
2026-08-06,3017,奇鋐,5.65,3450000,股
2026-08-06,2303,聯電,5.34,79000000,股
2026-08-06,3037,欣興,4.58,8460000,股
2026-08-06,2383,台光電,4.41,1495000,股
2026-08-06,2454,聯發科,4.36,2000000,股
2026-08-06,2344,華邦電,4.03,42300000,股
2026-08-06,6223,旺矽,3.68,1050000,股
2026-08-06,2345,智邦,3.09,2307000,股
2026-08-06,2308,台達電,2.84,3040000,股
2026-08-06,3653,健策,2.55,1030000,股
2026-08-06,2327,國巨*,2.54,8000000,股
2026-08-06,3711,日月光投控,2.48,7500000,股
2026-08-06,3189,景碩,2.02,4250000,股
2026-08-06,6669,緯穎,1.74,500000,股
2026-08-06,5274,信驊,1.72,184500,股
2026-08-06,4958,臻鼎-KY,1.65,6154000,股
2026-08-06,3665,貿聯-KY,1.58,1200000,股
2026-08-06,6274,台燿,1.43,1680000,股
2026-08-06,3533,嘉澤,1.36,1240000,股
2026-08-06,6488,環球晶,1.28,2646000,股
2026-08-06,3443,創意,1.27,510000,股
2026-08-06,8046,南電,1.08,1750000,股
2026-08-06,8996,高力,1.01,1600000,股
2026-08-06,2360,致茂,0.99,897000,股
2026-08-06,7769,鴻勁,0.94,260000,股
2026-08-06,6239,力成,0.8,5330000,股
2026-08-06,6805,富世達,0.69,700000,股
2026-08-06,3008,大立光,0.67,260000,股
2026-08-06,1560,中砂,0.58,1500000,股
2026-08-06,2337,旺宏,0.54,7498000,股
2026-08-06,2317,鴻海,0.47,3200000,股
2026-08-06,3211,順達,0.4,2000000,股
2026-08-06,3583,辛耘,0.37,900000,股
2026-08-06,3450,聯鈞,0.33,1200000,股
2026-08-06,8358,金居,0.28,1312000,股
2026-08-06,2049,上銀,0.2,1010000,股
2026-08-06,4966,譜瑞-KY,0.2,580000,股
2026-08-06,6442,光聖,0.18,225000,股
2026-08-06,2404,漢唐,0.16,250000,股
2026-08-06,1303,南亞,0.1,1000000,股
2026-08-06,2481,強茂,0.09,1100000,股
2026-08-06,3264,欣銓,0.08,700000,股
2026-08-06,2455,全新,0.07,336000,股
2026-08-06,6415,矽力*-KY,0.07,300000,股
2026-08-06,1717,長興,0.05,1250000,股
2026-08-06,6285,啟碁,0.05,350000,股
2026-08-06,5347,世界,0.0,1000,股
2026-08-06,6196,帆宣,0.0,1000,股
2026-08-06,8299,群聯,0.0,1000,股
2026-08-06,C_NTD,CASH,,17114866541,元
2026-08-06,M_NTD,MARGIN,,0,元
2026-08-06,RDI_NTD,RECEIVABLES FOR DISPOSAL OF INVESTMENTS,,-2595362276,元
2026-08-07,2330,台積電,17.14,12680000,股
2026-08-07,3017,奇鋐,5.48,3450000,股
2026-08-07,2303,聯電,5.23,79000000,股
2026-08-07,3037,欣興,4.61,8460000,股
2026-08-07,2383,台光電,4.47,1495000,股
2026-08-07,2454,聯發科,4.45,2000000,股
2026-08-07,2344,華邦電,3.94,42300000,股
2026-08-07,6223,旺矽,3.65,1050000,股
2026-08-07,2345,智邦,2.91,2307000,股
2026-08-07,2308,台達電,2.86,3040000,股
2026-08-07,3653,健策,2.57,1030000,股
2026-08-07,3711,日月光投控,2.5,7500000,股
2026-08-07,2327,國巨*,2.46,8000000,股
2026-08-07,3189,景碩,1.99,4250000,股
2026-08-07,6669,緯穎,1.74,500000,股
2026-08-07,5274,信驊,1.72,184500,股
2026-08-07,3665,貿聯-KY,1.51,1200000,股
2026-08-07,4958,臻鼎-KY,1.4,5200000,股
2026-08-07,6274,台燿,1.38,1680000,股
2026-08-07,3533,嘉澤,1.35,1240000,股
2026-08-07,3443,創意,1.32,510000,股
2026-08-07,6488,環球晶,1.32,2646000,股
2026-08-07,8046,南電,1.08,1750000,股
2026-08-07,2360,致茂,1.04,897000,股
2026-08-07,8996,高力,0.95,1600000,股
2026-08-07,6239,力成,0.8,5330000,股
2026-08-07,7769,鴻勁,0.72,200000,股
2026-08-07,6805,富世達,0.67,700000,股
2026-08-07,3008,大立光,0.65,260000,股
2026-08-07,1560,中砂,0.57,1500000,股
2026-08-07,2337,旺宏,0.52,7498000,股
2026-08-07,2317,鴻海,0.47,3200000,股
2026-08-07,3211,順達,0.39,2000000,股
2026-08-07,3450,聯鈞,0.38,1400000,股
2026-08-07,3583,辛耘,0.36,900000,股
2026-08-07,8358,金居,0.26,1312000,股
2026-08-07,2049,上銀,0.22,1010000,股
2026-08-07,4966,譜瑞-KY,0.17,500000,股
2026-08-07,6442,光聖,0.17,225000,股
2026-08-07,2404,漢唐,0.16,250000,股
2026-08-07,1303,南亞,0.11,1000000,股
2026-08-07,2481,強茂,0.08,1100000,股
2026-08-07,3264,欣銓,0.08,700000,股
2026-08-07,6415,矽力*-KY,0.08,300000,股
2026-08-07,2455,全新,0.07,336000,股
2026-08-07,1717,長興,0.06,1500000,股
2026-08-07,6285,啟碁,0.05,350000,股
2026-08-07,5347,世界,0.0,1000,股
2026-08-07,6196,帆宣,0.0,1000,股
2026-08-07,8299,群聯,0.0,1000,股
2026-08-07,C_NTD,CASH,,13948211949,元
2026-08-07,M_NTD,MARGIN,,0,元
2026-08-07,RDI_NTD,RECEIVABLES FOR DISPOSAL OF INVESTMENTS,,-434637689,元
2026-08-10,2330,台積電,16.94,12680000,股
2026-08-10,2303,聯電,5.45,79000000,股
2026-08-10,3017,奇鋐,5.35,3450000,股
2026-08-10,3037,欣興,4.71,8460000,股
2026-08-10,2383,台光電,4.6,1550000,股
2026-08-10,2454,聯發科,4.45,2000000,股
2026-08-10,2344,華邦電,4.26,42300000,股
2026-08-10,6223,旺矽,3.67,1050000,股
2026-08-10,2308,台達電,3.1,3040000,股
2026-08-10,2327,國巨*,2.89,9000000,股
2026-08-10,3711,日月光投控,2.83,8000000,股
2026-08-10,2345,智邦,2.8,2307000,股
2026-08-10,3653,健策,2.04,877000,股
2026-08-10,3189,景碩,1.99,4250000,股
2026-08-10,5274,信驊,1.85,199500,股
2026-08-10,6669,緯穎,1.69,500000,股
2026-08-10,3665,貿聯-KY,1.48,1200000,股
2026-08-10,6274,台燿,1.38,1680000,股
2026-08-10,3533,嘉澤,1.36,1240000,股
2026-08-10,3443,創意,1.3,510000,股
2026-08-10,6488,環球晶,1.27,2646000,股
2026-08-10,8046,南電,1.11,1750000,股
2026-08-10,2360,致茂,1.02,897000,股
2026-08-10,4958,臻鼎-KY,0.98,3700000,股
2026-08-10,8996,高力,0.97,1600000,股
2026-08-10,6239,力成,0.87,5360000,股
2026-08-10,6805,富世達,0.69,700000,股
2026-08-10,3008,大立光,0.64,260000,股
2026-08-10,7769,鴻勁,0.62,175000,股
2026-08-10,1560,中砂,0.58,1500000,股
2026-08-10,2337,旺宏,0.56,7498000,股
2026-08-10,2317,鴻海,0.48,3200000,股
2026-08-10,3450,聯鈞,0.47,1600000,股
2026-08-10,3211,順達,0.42,2000000,股
2026-08-10,3583,辛耘,0.35,900000,股
2026-08-10,8358,金居,0.25,1312000,股
2026-08-10,2049,上銀,0.22,1010000,股
2026-08-10,6442,光聖,0.18,225000,股
2026-08-10,4966,譜瑞-KY,0.17,500000,股
2026-08-10,2404,漢唐,0.16,250000,股
2026-08-10,1303,南亞,0.1,1000000,股
2026-08-10,3264,欣銓,0.09,700000,股
2026-08-10,2481,強茂,0.08,1100000,股
2026-08-10,1717,長興,0.07,1900000,股
2026-08-10,2455,全新,0.07,336000,股
2026-08-10,6415,矽力*-KY,0.07,250000,股
2026-08-10,6285,啟碁,0.05,350000,股
2026-08-10,5347,世界,0.0,1000,股
2026-08-10,6196,帆宣,0.0,1000,股
2026-08-10,8299,群聯,0.0,1000,股
2026-08-10,C_NTD,CASH,,10774005494,元
2026-08-10,M_NTD,MARGIN,,0,元
2026-08-10,RDI_NTD,RECEIVABLES FOR DISPOSAL OF INVESTMENTS,,723888865,元
2026-08-11,2330,台積電,16.92,12680000,股
2026-08-11,2303,聯電,5.41,79000000,股
2026-08-11,3017,奇鋐,5.31,3450000,股
2026-08-11,2383,台光電,4.93,1600000,股
2026-08-11,3037,欣興,4.68,8460000,股
2026-08-11,2454,聯發科,4.48,2000000,股
2026-08-11,2344,華邦電,4.2,42300000,股
2026-08-11,6223,旺矽,3.69,1050000,股
2026-08-11,2327,國巨*,3.09,9000000,股
2026-08-11,2308,台達電,3.06,3040000,股
2026-08-11,3711,日月光投控,2.8,8000000,股
2026-08-11,2345,智邦,2.74,2307000,股
2026-08-11,3189,景碩,1.99,4250000,股
2026-08-11,5274,信驊,1.83,199500,股
2026-08-11,3653,健策,1.81,800000,股
2026-08-11,6669,緯穎,1.65,500000,股
2026-08-11,6274,台燿,1.5,1680000,股
2026-08-11,3665,貿聯-KY,1.47,1200000,股
2026-08-11,3443,創意,1.41,510000,股
2026-08-11,3533,嘉澤,1.38,1240000,股
2026-08-11,6488,環球晶,1.25,2646000,股
2026-08-11,8046,南電,1.12,1750000,股
2026-08-11,2360,致茂,1.04,897000,股
2026-08-11,8996,高力,0.95,1600000,股
2026-08-11,6239,力成,0.84,5360000,股
2026-08-11,4958,臻鼎-KY,0.82,3000000,股
2026-08-11,6805,富世達,0.7,700000,股
2026-08-11,1303,南亞,0.64,6000000,股
2026-08-11,3008,大立光,0.63,260000,股
2026-08-11,7769,鴻勁,0.58,165000,股
2026-08-11,1560,中砂,0.57,1500000,股
2026-08-11,2337,旺宏,0.55,7498000,股
2026-08-11,2317,鴻海,0.47,3200000,股
2026-08-11,3211,順達,0.45,2000000,股
2026-08-11,3450,聯鈞,0.42,1600000,股
2026-08-11,3583,辛耘,0.35,900000,股
2026-08-11,8358,金居,0.28,1312000,股
2026-08-11,2049,上銀,0.21,1010000,股
2026-08-11,6442,光聖,0.18,225000,股
2026-08-11,4966,譜瑞-KY,0.17,500000,股
2026-08-11,2404,漢唐,0.16,250000,股
2026-08-11,1717,長興,0.09,2300000,股
2026-08-11,2481,強茂,0.09,1100000,股
2026-08-11,3264,欣銓,0.09,700000,股
2026-08-11,2455,全新,0.07,336000,股
2026-08-11,6285,啟碁,0.05,350000,股
2026-08-11,6415,矽力*-KY,0.05,200000,股
2026-08-11,5347,世界,0.0,1000,股
2026-08-11,6196,帆宣,0.0,1000,股
2026-08-11,8299,群聯,0.0,1000,股
2026-08-11,C_NTD,CASH,,12423561761,元
2026-08-11,M_NTD,MARGIN,,0,元
2026-08-11,RDI_NTD,RECEIVABLES FOR DISPOSAL OF INVESTMENTS,,-570770162,元
2026-08-12,2330,台積電,16.94,12680000,股
2026-08-12,3017,奇鋐,5.66,3515000,股
2026-08-12,2303,聯電,5.37,79000000,股
2026-08-12,2383,台光電,5.18,1635000,股
2026-08-12,3037,欣興,4.68,8460000,股
2026-08-12,2454,聯發科,4.44,2000000,股
2026-08-12,2344,華邦電,4.14,42300000,股
2026-08-12,6223,旺矽,3.87,1060000,股
2026-08-12,2308,台達電,3.01,3040000,股
2026-08-12,2327,國巨*,3.0,9000000,股
2026-08-12,2345,智邦,2.83,2307000,股
2026-08-12,3711,日月光投控,2.75,8000000,股
2026-08-12,5274,信驊,2.06,214500,股
2026-08-12,3189,景碩,2.02,4250000,股
2026-08-12,3653,健策,1.98,800000,股
2026-08-12,6669,緯穎,1.67,500000,股
2026-08-12,6274,台燿,1.49,1680000,股
2026-08-12,3443,創意,1.45,510000,股
2026-08-12,3665,貿聯-KY,1.43,1200000,股
2026-08-12,3533,嘉澤,1.38,1240000,股
2026-08-12,6488,環球晶,1.37,2646000,股
2026-08-12,8046,南電,1.26,1795000,股
2026-08-12,3008,大立光,1.17,462000,股
2026-08-12,2360,致茂,1.09,897000,股
2026-08-12,8996,高力,1.04,1600000,股
2026-08-12,6239,力成,0.83,5360000,股
2026-08-12,1303,南亞,0.73,7000000,股
2026-08-12,6805,富世達,0.71,700000,股
2026-08-12,1560,中砂,0.6,1500000,股
2026-08-12,2337,旺宏,0.57,7498000,股
2026-08-12,2317,鴻海,0.48,3200000,股
2026-08-12,7769,鴻勁,0.47,130000,股
2026-08-12,3211,順達,0.46,2000000,股
2026-08-12,3450,聯鈞,0.45,1600000,股
2026-08-12,3583,辛耘,0.37,900000,股
2026-08-12,2049,上銀,0.21,1010000,股
2026-08-12,8358,金居,0.21,900000,股
2026-08-12,6442,光聖,0.2,225000,股
2026-08-12,2404,漢唐,0.16,250000,股
2026-08-12,4966,譜瑞-KY,0.16,500000,股
2026-08-12,4958,臻鼎-KY,0.13,500000,股
2026-08-12,1717,長興,0.11,2500000,股
2026-08-12,2481,強茂,0.08,1100000,股
2026-08-12,3264,欣銓,0.08,700000,股
2026-08-12,2455,全新,0.07,336000,股
2026-08-12,6285,啟碁,0.05,350000,股
2026-08-12,6415,矽力*-KY,0.04,150000,股
2026-08-12,5347,世界,0.0,1000,股
2026-08-12,6196,帆宣,0.0,1000,股
2026-08-12,8299,群聯,0.0,1000,股
2026-08-12,C_NTD,CASH,,11939092388,元
2026-08-12,M_NTD,MARGIN,,0,元
2026-08-12,RDI_NTD,RECEIVABLES FOR DISPOSAL OF INVESTMENTS,,-832613484,元
2026-08-13,2330,台積電,16.05,12000000,股
2026-08-13,3017,奇鋐,6.18,3515000,股
2026-08-13,2303,聯電,5.4,79000000,股
2026-08-13,2383,台光電,5.11,1635000,股
2026-08-13,2454,聯發科,4.73,2040000,股
2026-08-13,3037,欣興,4.65,8460000,股
2026-08-13,6223,旺矽,3.78,1060000,股
2026-08-13,2327,國巨*,3.56,9785000,股
2026-08-13,2308,台達電,3.15,3040000,股
2026-08-13,2345,智邦,2.88,2307000,股
2026-08-13,3711,日月光投控,2.75,8000000,股
2026-08-13,2344,華邦電,2.72,28000000,股
2026-08-13,5274,信驊,2.06,214500,股
2026-08-13,3653,健策,2.04,800000,股
2026-08-13,3189,景碩,1.99,4250000,股
2026-08-13,6669,緯穎,1.67,500000,股
2026-08-13,3443,創意,1.55,510000,股
2026-08-13,6488,環球晶,1.49,2646000,股
2026-08-13,6274,台燿,1.48,1680000,股
2026-08-13,8046,南電,1.46,2190000,股
2026-08-13,3665,貿聯-KY,1.45,1200000,股
2026-08-13,3008,大立光,1.31,510000,股
2026-08-13,2360,致茂,1.26,1000000,股
2026-08-13,8996,高力,1.13,1600000,股
2026-08-13,3533,嘉澤,1.04,1050000,股
2026-08-13,6239,力成,0.83,5360000,股
2026-08-13,1303,南亞,0.73,7000000,股
2026-08-13,6805,富世達,0.7,700000,股
2026-08-13,1560,中砂,0.58,1500000,股
2026-08-13,2337,旺宏,0.56,7498000,股
2026-08-13,7769,鴻勁,0.48,130000,股
2026-08-13,2317,鴻海,0.46,3200000,股
2026-08-13,3450,聯鈞,0.46,1600000,股
2026-08-13,3211,順達,0.45,2000000,股
2026-08-13,3583,辛耘,0.32,800000,股
2026-08-13,8358,金居,0.21,900000,股
2026-08-13,6442,光聖,0.19,225000,股
2026-08-13,2404,漢唐,0.16,250000,股
2026-08-13,4966,譜瑞-KY,0.16,500000,股
2026-08-13,4958,臻鼎-KY,0.13,500000,股
2026-08-13,2481,強茂,0.12,1500000,股
2026-08-13,1717,長興,0.11,2500000,股
2026-08-13,3264,欣銓,0.09,700000,股
2026-08-13,2455,全新,0.07,336000,股
2026-08-13,6285,啟碁,0.05,350000,股
2026-08-13,2049,上銀,0.0,1000,股
2026-08-13,5347,世界,0.0,1000,股
2026-08-13,6196,帆宣,0.0,1000,股
2026-08-13,6415,矽力*-KY,0.0,1000,股
2026-08-13,8299,群聯,0.0,1000,股
2026-08-13,C_NTD,CASH,,13451578932,元
2026-08-13,M_NTD,MARGIN,,0,元
2026-08-13,RDI_NTD,RECEIVABLES FOR DISPOSAL OF INVESTMENTS,,3070319573,元
2026-08-14,2330,台積電,15.99,12000000,股
2026-08-14,3017,奇鋐,6.33,3515000,股
2026-08-14,2383,台光電,5.8,1690000,股
2026-08-14,2303,聯電,5.32,79000000,股
2026-08-14,2454,聯發科,4.94,2110000,股
2026-08-14,3037,欣興,4.8,8460000,股
2026-08-14,6223,旺矽,3.8,1060000,股
2026-08-14,2327,國巨*,3.39,9785000,股
2026-08-14,2308,台達電,3.19,3040000,股
2026-08-14,2345,智邦,2.95,2307000,股
2026-08-14,2344,華邦電,2.86,28000000,股
2026-08-14,3711,日月光投控,2.74,8000000,股
2026-08-14,6669,緯穎,2.18,610000,股
2026-08-14,3653,健策,2.16,800000,股
2026-08-14,5274,信驊,2.11,214500,股
2026-08-14,3189,景碩,2.04,4250000,股
2026-08-14,8046,南電,1.59,2190000,股
2026-08-14,6274,台燿,1.57,1680000,股
2026-08-14,3443,創意,1.55,510000,股
2026-08-14,6488,環球晶,1.49,2646000,股
2026-08-14,3665,貿聯-KY,1.47,1200000,股
2026-08-14,3008,大立光,1.46,570000,股
2026-08-14,2360,致茂,1.28,1000000,股
2026-08-14,8996,高力,1.14,1600000,股
2026-08-14,1303,南亞,0.86,7421000,股
2026-08-14,6239,力成,0.83,5360000,股
2026-08-14,3533,嘉澤,0.77,800000,股
2026-08-14,6805,富世達,0.7,700000,股
2026-08-14,1560,中砂,0.61,1500000,股
2026-08-14,2337,旺宏,0.57,7498000,股
2026-08-14,7769,鴻勁,0.48,130000,股
2026-08-14,2317,鴻海,0.46,3200000,股
2026-08-14,3450,聯鈞,0.45,1600000,股
2026-08-14,3211,順達,0.44,2000000,股
2026-08-14,3583,辛耘,0.32,800000,股
2026-08-14,8358,金居,0.21,900000,股
2026-08-14,6442,光聖,0.2,225000,股
2026-08-14,2404,漢唐,0.16,250000,股
2026-08-14,4966,譜瑞-KY,0.16,500000,股
2026-08-14,4958,臻鼎-KY,0.14,500000,股
2026-08-14,2481,強茂,0.12,1500000,股
2026-08-14,1717,長興,0.1,2500000,股
2026-08-14,3264,欣銓,0.09,700000,股
2026-08-14,2455,全新,0.07,336000,股
2026-08-14,6285,啟碁,0.05,350000,股
2026-08-14,2049,上銀,0.0,1000,股
2026-08-14,5347,世界,0.0,1000,股
2026-08-14,6196,帆宣,0.0,1000,股
2026-08-14,6415,矽力*-KY,0.0,1000,股
2026-08-14,8299,群聯,0.0,1000,股
2026-08-14,C_NTD,CASH,,12965033843,元
2026-08-14,M_NTD,MARGIN,,0,元
2026-08-14,RDI_NTD,RECEIVABLES FOR DISPOSAL OF INVESTMENTS,,2084778377,元
2026-08-17,2330,台積電,16.18,12000000,股
2026-08-17,3017,奇鋐,6.22,3515000,股
2026-08-17,2383,台光電,6.03,1690000,股
2026-08-17,2303,聯電,5.39,79000000,股
2026-08-17,3037,欣興,5.32,8460000,股
2026-08-17,2454,聯發科,4.8,2110000,股
2026-08-17,6223,旺矽,3.45,1060000,股
2026-08-17,2327,國巨*,3.34,9785000,股
2026-08-17,2308,台達電,3.22,3040000,股
2026-08-17,2345,智邦,2.97,2307000,股
2026-08-17,2344,華邦電,2.86,28000000,股
2026-08-17,3711,日月光投控,2.76,8000000,股
2026-08-17,3653,健策,2.4,800000,股
2026-08-17,6669,緯穎,2.27,610000,股
2026-08-17,3189,景碩,2.16,4250000,股
2026-08-17,5274,信驊,2.05,214500,股
2026-08-17,8046,南電,1.92,2640000,股
2026-08-17,3008,大立光,1.78,626000,股
2026-08-17,3443,創意,1.68,510000,股
2026-08-17,6488,環球晶,1.52,2646000,股
2026-08-17,6274,台燿,1.51,1680000,股
2026-08-17,3665,貿聯-KY,1.44,1200000,股
2026-08-17,2360,致茂,1.33,1000000,股
2026-08-17,8996,高力,1.09,1600000,股
2026-08-17,1303,南亞,1.01,9000000,股
2026-08-17,6239,力成,0.84,5360000,股
2026-08-17,6805,富世達,0.76,700000,股
2026-08-17,3533,嘉澤,0.67,700000,股
2026-08-17,1560,中砂,0.63,1500000,股
2026-08-17,3450,聯鈞,0.49,1600000,股
2026-08-17,7769,鴻勁,0.49,130000,股
2026-08-17,2317,鴻海,0.46,3200000,股
2026-08-17,2337,旺宏,0.44,6000000,股
2026-08-17,3211,順達,0.44,2000000,股
2026-08-17,3583,辛耘,0.33,800000,股
2026-08-17,6442,光聖,0.21,225000,股
2026-08-17,8358,金居,0.19,800000,股
2026-08-17,2404,漢唐,0.16,250000,股
2026-08-17,4966,譜瑞-KY,0.16,500000,股
2026-08-17,4958,臻鼎-KY,0.14,500000,股
2026-08-17,2481,強茂,0.12,1500000,股
2026-08-17,1717,長興,0.1,2500000,股
2026-08-17,3264,欣銓,0.09,700000,股
2026-08-17,2455,全新,0.08,336000,股
2026-08-17,6285,啟碁,0.05,350000,股
2026-08-17,2049,上銀,0.0,1000,股
2026-08-17,5347,世界,0.0,1000,股
2026-08-17,6196,帆宣,0.0,1000,股
2026-08-17,6415,矽力*-KY,0.0,1000,股
2026-08-17,8299,群聯,0.0,1000,股
2026-08-17,C_NTD,CASH,,13709917803,元
2026-08-17,M_NTD,MARGIN,,0,元
2026-08-17,RDI_NTD,RECEIVABLES FOR DISPOSAL OF INVESTMENTS,,-2100821930,元
2026-08-18,2330,台積電,16.45,12000000,股
2026-08-18,2383,台光電,6.04,1690000,股
2026-08-18,3037,欣興,5.58,8460000,股
2026-08-18,2303,聯電,5.42,79000000,股
2026-08-18,3017,奇鋐,5.25,3000000,股
2026-08-18,2454,聯發科,4.72,2110000,股
2026-08-18,2327,國巨*,3.25,9785000,股
2026-08-18,6223,旺矽,3.22,1060000,股
2026-08-18,2308,台達電,3.19,3040000,股
2026-08-18,3653,健策,3.03,1020000,股
2026-08-18,2345,智邦,2.96,2307000,股
2026-08-18,2344,華邦電,2.85,28000000,股
2026-08-18,3711,日月光投控,2.76,8000000,股
2026-08-18,6669,緯穎,2.25,610000,股
2026-08-18,3189,景碩,2.12,4250000,股
2026-08-18,5274,信驊,2.11,214500,股
2026-08-18,3008,大立光,1.91,626000,股
2026-08-18,8046,南電,1.89,2640000,股
2026-08-18,6488,環球晶,1.71,2800000,股
2026-08-18,3443,創意,1.63,510000,股
2026-08-18,3665,貿聯-KY,1.55,1200000,股
2026-08-18,6274,台燿,1.5,1680000,股
2026-08-18,2360,致茂,1.33,1000000,股
2026-08-18,8996,高力,1.08,1600000,股
2026-08-18,1303,南亞,1.04,9000000,股
2026-08-18,6239,力成,0.82,5360000,股
2026-08-18,6805,富世達,0.79,700000,股
2026-08-18,3533,嘉澤,0.57,610000,股
2026-08-18,3450,聯鈞,0.53,1600000,股
2026-08-18,7769,鴻勁,0.49,130000,股
2026-08-18,2317,鴻海,0.46,3200000,股
2026-08-18,3211,順達,0.44,2000000,股
2026-08-18,1560,中砂,0.43,1050000,股
2026-08-18,2337,旺宏,0.42,6000000,股
2026-08-18,3583,辛耘,0.32,800000,股
2026-08-18,6442,光聖,0.2,225000,股
2026-08-18,8358,金居,0.19,800000,股
2026-08-18,2059,川湖,0.17,20000,股
2026-08-18,2404,漢唐,0.16,250000,股
2026-08-18,4966,譜瑞-KY,0.16,500000,股
2026-08-18,4958,臻鼎-KY,0.14,500000,股
2026-08-18,2481,強茂,0.12,1500000,股
2026-08-18,1717,長興,0.1,2500000,股
2026-08-18,3264,欣銓,0.08,700000,股
2026-08-18,2455,全新,0.05,200000,股
2026-08-18,6285,啟碁,0.05,350000,股
2026-08-18,2049,上銀,0.0,1000,股
2026-08-18,5347,世界,0.0,1000,股
2026-08-18,6196,帆宣,0.0,1000,股
2026-08-18,8299,群聯,0.0,1000,股
2026-08-18,C_NTD,CASH,,12477282289,元
2026-08-18,M_NTD,MARGIN,,0,元
2026-08-18,RDI_NTD,RECEIVABLES FOR DISPOSAL OF INVESTMENTS,,-352206745,元
2026-08-19,2330,台積電,16.56,12000000,股
2026-08-19,2383,台光電,5.84,1690000,股
2026-08-19,3037,欣興,5.61,8460000,股
2026-08-19,3017,奇鋐,5.45,3000000,股
2026-08-19,2454,聯發科,4.76,2110000,股
2026-08-19,2303,聯電,4.75,70000000,股
2026-08-19,3653,健策,3.46,1080000,股
2026-08-19,2327,國巨*,3.31,9785000,股
2026-08-19,6223,旺矽,3.27,1060000,股
2026-08-19,2308,台達電,3.15,3040000,股
2026-08-19,2345,智邦,2.88,2307000,股
2026-08-19,3711,日月光投控,2.76,8000000,股
2026-08-19,6669,緯穎,2.28,610000,股
2026-08-19,3189,景碩,2.12,4250000,股
2026-08-19,3008,大立光,2.04,626000,股
2026-08-19,8046,南電,1.83,2640000,股
2026-08-19,2344,華邦電,1.78,18000000,股
2026-08-19,5274,信驊,1.67,179500,股
2026-08-19,6488,環球晶,1.62,2800000,股
2026-08-19,3443,創意,1.59,510000,股
2026-08-19,3665,貿聯-KY,1.55,1200000,股
2026-08-19,6274,台燿,1.48,1680000,股
2026-08-19,2360,致茂,1.25,1000000,股
2026-08-19,8996,高力,1.07,1600000,股
2026-08-19,1303,南亞,0.99,9000000,股
2026-08-19,6239,力成,0.83,5360000,股
2026-08-19,6805,富世達,0.74,700000,股
2026-08-19,3450,聯鈞,0.6,1800000,股
2026-08-19,3533,嘉澤,0.5,525000,股
2026-08-19,7769,鴻勁,0.49,130000,股
2026-08-19,2317,鴻海,0.46,3200000,股
2026-08-19,3211,順達,0.43,2000000,股
2026-08-19,2337,旺宏,0.42,6000000,股
2026-08-19,3583,辛耘,0.33,800000,股
2026-08-19,1560,中砂,0.29,700000,股
2026-08-19,6442,光聖,0.2,225000,股
2026-08-19,8358,金居,0.19,800000,股
2026-08-19,2059,川湖,0.17,20000,股
2026-08-19,4966,譜瑞-KY,0.17,500000,股
2026-08-19,2404,漢唐,0.16,250000,股
2026-08-19,4958,臻鼎-KY,0.13,500000,股
2026-08-19,2481,強茂,0.12,1500000,股
2026-08-19,1717,長興,0.1,2500000,股
2026-08-19,3264,欣銓,0.08,700000,股
2026-08-19,2455,全新,0.05,200000,股
2026-08-19,6285,啟碁,0.05,350000,股
2026-08-19,2049,上銀,0.0,1000,股
2026-08-19,5347,世界,0.0,1000,股
2026-08-19,6196,帆宣,0.0,1000,股
2026-08-19,8299,群聯,0.0,1000,股
2026-08-19,C_NTD,CASH,,8393280373,元
2026-08-19,M_NTD,MARGIN,,0,元
2026-08-19,RDI_NTD,RECEIVABLES FOR DISPOSAL OF INVESTMENTS,,3646296404,元
2026-08-20,2330,台積電,16.66,12000000,股
2026-08-20,2383,台光電,5.91,1690000,股
2026-08-20,3037,欣興,5.64,8460000,股
2026-08-20,3017,奇鋐,5.23,3000000,股
2026-08-20,2454,聯發科,4.56,2110000,股
2026-08-20,2303,聯電,4.05,60000000,股
2026-08-20,6223,旺矽,3.63,1100000,股
2026-08-20,3653,健策,3.54,1080000,股
2026-08-20,2327,國巨*,3.21,9785000,股
2026-08-20,2308,台達電,3.1,3040000,股
2026-08-20,2345,智邦,2.84,2307000,股
2026-08-20,3711,日月光投控,2.76,8000000,股
2026-08-20,6669,緯穎,2.26,610000,股
2026-08-20,3189,景碩,2.11,4250000,股
2026-08-20,3008,大立光,2.02,626000,股
2026-08-20,8046,南電,1.84,2640000,股
2026-08-20,3443,創意,1.81,550000,股
2026-08-20,5274,信驊,1.65,179500,股
2026-08-20,6488,環球晶,1.63,2800000,股
2026-08-20,3665,貿聯-KY,1.58,1200000,股
2026-08-20,2344,華邦電,1.55,15000000,股
2026-08-20,6274,台燿,1.55,1680000,股
2026-08-20,2360,致茂,1.25,1000000,股
2026-08-20,8996,高力,1.06,1600000,股
2026-08-20,1303,南亞,0.98,9000000,股
2026-08-20,6239,力成,0.84,5360000,股
2026-08-20,6805,富世達,0.76,700000,股
2026-08-20,3450,聯鈞,0.58,1800000,股
2026-08-20,3533,嘉澤,0.49,525000,股
2026-08-20,7769,鴻勁,0.49,130000,股
2026-08-20,2317,鴻海,0.46,3200000,股
2026-08-20,3211,順達,0.42,2000000,股
2026-08-20,3583,辛耘,0.33,800000,股
2026-08-20,2337,旺宏,0.32,4500000,股
2026-08-20,6442,光聖,0.2,225000,股
2026-08-20,8358,金居,0.19,800000,股
2026-08-20,4966,譜瑞-KY,0.17,500000,股
2026-08-20,1560,中砂,0.16,393000,股
2026-08-20,2059,川湖,0.16,20000,股
2026-08-20,2404,漢唐,0.16,250000,股
2026-08-20,4958,臻鼎-KY,0.14,500000,股
2026-08-20,1717,長興,0.1,2500000,股
2026-08-20,3264,欣銓,0.09,700000,股
2026-08-20,2481,強茂,0.06,700000,股
2026-08-20,2455,全新,0.05,200000,股
2026-08-20,6285,啟碁,0.05,350000,股
2026-08-20,2049,上銀,0.0,1000,股
2026-08-20,5347,世界,0.0,1000,股
2026-08-20,6196,帆宣,0.0,1000,股
2026-08-20,8299,群聯,0.0,1000,股
2026-08-20,C_NTD,CASH,,5796712604,元
2026-08-20,M_NTD,MARGIN,,0,元
2026-08-20,RDI_NTD,RECEIVABLES FOR DISPOSAL OF INVESTMENTS,,4903799722,元
2026-08-20,RP_NTD,RP,,7253375044,元
2026-08-21,2330,台積電,17.12,12000000,股
2026-08-21,2383,台光電,5.68,1690000,股
2026-08-21,3037,欣興,5.43,8460000,股
2026-08-21,3017,奇鋐,5.09,3000000,股
2026-08-21,2454,聯發科,4.73,2110000,股
2026-08-21,2303,聯電,4.14,60000000,股
2026-08-21,6223,旺矽,3.56,1100000,股
2026-08-21,3653,健策,3.45,1080000,股
2026-08-21,2327,國巨*,3.21,9785000,股
2026-08-21,2308,台達電,3.15,3040000,股
2026-08-21,2345,智邦,2.78,2307000,股
2026-08-21,3711,日月光投控,2.78,8000000,股
2026-08-21,6669,緯穎,2.26,610000,股
2026-08-21,3008,大立光,2.08,626000,股
2026-08-21,3189,景碩,2.04,4250000,股
2026-08-21,3443,創意,2.02,610000,股
2026-08-21,8046,南電,1.77,2640000,股
2026-08-21,5274,信驊,1.63,179500,股
2026-08-21,3665,貿聯-KY,1.62,1200000,股
2026-08-21,2344,華邦電,1.61,15000000,股
2026-08-21,6274,台燿,1.59,1800000,股
2026-08-21,6488,環球晶,1.56,2800000,股
2026-08-21,2360,致茂,1.24,1000000,股
2026-08-21,8996,高力,1.03,1600000,股
2026-08-21,1303,南亞,1.02,9000000,股
2026-08-21,6239,力成,0.85,5360000,股
2026-08-21,6805,富世達,0.73,700000,股
2026-08-21,3450,聯鈞,0.59,1800000,股
2026-08-21,3533,嘉澤,0.5,525000,股
2026-08-21,7769,鴻勁,0.49,130000,股
2026-08-21,2317,鴻海,0.46,3200000,股
2026-08-21,3211,順達,0.41,2000000,股
2026-08-21,2337,旺宏,0.33,4500000,股
2026-08-21,3583,辛耘,0.33,800000,股
2026-08-21,8358,金居,0.21,800000,股
2026-08-21,6442,光聖,0.2,225000,股
2026-08-21,4966,譜瑞-KY,0.17,500000,股
2026-08-21,1560,中砂,0.16,393000,股
2026-08-21,2059,川湖,0.16,20000,股
2026-08-21,2404,漢唐,0.16,250000,股
2026-08-21,4958,臻鼎-KY,0.13,500000,股
2026-08-21,1717,長興,0.11,2500000,股
2026-08-21,3264,欣銓,0.08,700000,股
2026-08-21,2455,全新,0.05,200000,股
2026-08-21,6285,啟碁,0.05,350000,股
2026-08-21,2049,上銀,0.0,1000,股
2026-08-21,2481,強茂,0.0,1000,股
2026-08-21,5347,世界,0.0,1000,股
2026-08-21,6196,帆宣,0.0,1000,股
2026-08-21,8299,群聯,0.0,1000,股
2026-08-21,C_NTD,CASH,,9286669198,元
2026-08-21,M_NTD,MARGIN,,0,元
2026-08-21,RDI_NTD,RECEIVABLES FOR DISPOSAL OF INVESTMENTS,,1284587441,元
2026-08-21,RP_NTD,RP,,5928296508,元
2026-08-24,2330,台積電,17.19,12000000,股
2026-08-24,2383,台光電,5.53,1690000,股
2026-08-24,3037,欣興,5.49,8460000,股
2026-08-24,3017,奇鋐,5.17,3000000,股
2026-08-24,2454,聯發科,4.79,2110000,股
2026-08-24,2303,聯電,4.47,60000000,股
2026-08-24,6223,旺矽,3.69,1100000,股
2026-08-24,3653,健策,3.36,1080000,股
2026-08-24,2327,國巨*,3.25,9785000,股
2026-08-24,2308,台達電,3.18,3040000,股
2026-08-24,2345,智邦,2.88,2307000,股
2026-08-24,3711,日月光投控,2.86,8000000,股
2026-08-24,6669,緯穎,2.32,610000,股
2026-08-24,3189,景碩,2.04,4250000,股
2026-08-24,3008,大立光,2.03,626000,股
2026-08-24,3443,創意,1.97,610000,股
2026-08-24,8046,南電,1.81,2640000,股
2026-08-24,6488,環球晶,1.71,2800000,股
2026-08-24,5274,信驊,1.64,179500,股
2026-08-24,2344,華邦電,1.6,15000000,股
2026-08-24,6274,台燿,1.58,1800000,股
2026-08-24,3665,貿聯-KY,1.48,1200000,股
2026-08-24,2360,致茂,1.25,1000000,股
2026-08-24,8996,高力,1.1,1600000,股
2026-08-24,1303,南亞,0.98,9000000,股
2026-08-24,6239,力成,0.87,5360000,股
2026-08-24,6805,富世達,0.72,700000,股
2026-08-24,3450,聯鈞,0.55,1800000,股
2026-08-24,3533,嘉澤,0.51,525000,股
2026-08-24,7769,鴻勁,0.49,130000,股
2026-08-24,2317,鴻海,0.47,3200000,股
2026-08-24,3211,順達,0.39,2000000,股
2026-08-24,2337,旺宏,0.34,4500000,股
2026-08-24,3583,辛耘,0.33,800000,股
2026-08-24,2059,川湖,0.3,35000,股
2026-08-24,6442,光聖,0.2,225000,股
2026-08-24,8358,金居,0.2,800000,股
2026-08-24,4966,譜瑞-KY,0.17,500000,股
2026-08-24,1560,中砂,0.16,393000,股
2026-08-24,2404,漢唐,0.16,250000,股
2026-08-24,4958,臻鼎-KY,0.13,500000,股
2026-08-24,1717,長興,0.11,2500000,股
2026-08-24,3264,欣銓,0.09,700000,股
2026-08-24,2455,全新,0.05,200000,股
2026-08-24,6285,啟碁,0.05,350000,股
2026-08-24,2049,上銀,0.0,1000,股
2026-08-24,2481,強茂,0.0,1000,股
2026-08-24,5347,世界,0.0,1000,股
2026-08-24,6196,帆宣,0.0,1000,股
2026-08-24,8299,群聯,0.0,1000,股
2026-08-24,C_NTD,CASH,,11364667291,元
2026-08-24,M_NTD,MARGIN,,0,元
2026-08-24,RDI_NTD,RECEIVABLES FOR DISPOSAL OF INVESTMENTS,,-646697135,元
2026-08-24,RP_NTD,RP,,4979461838,元
2026-08-25,2330,台積電,17.14,12000000,股
2026-08-25,2383,台光電,5.63,1690000,股
2026-08-25,3037,欣興,5.51,8460000,股
2026-08-25,3017,奇鋐,5.44,3100000,股
2026-08-25,2454,聯發科,4.69,2110000,股
2026-08-25,2303,聯電,4.46,60000000,股
2026-08-25,6223,旺矽,3.67,1100000,股
2026-08-25,3653,健策,3.34,1080000,股
2026-08-25,2327,國巨*,3.17,9785000,股
2026-08-25,2308,台達電,3.09,3040000,股
2026-08-25,3711,日月光投控,2.81,8000000,股
2026-08-25,2345,智邦,2.79,2307000,股
2026-08-25,6669,緯穎,2.41,630000,股
2026-08-25,3008,大立光,2.13,626000,股
2026-08-25,3189,景碩,2.11,4250000,股
2026-08-25,3443,創意,2.02,610000,股
2026-08-25,8046,南電,1.82,2640000,股
2026-08-25,5274,信驊,1.64,179500,股
2026-08-25,6488,環球晶,1.63,2800000,股
2026-08-25,2344,華邦電,1.6,15000000,股
2026-08-25,6274,台燿,1.59,1800000,股
2026-08-25,3665,貿聯-KY,1.48,1200000,股
2026-08-25,8996,高力,1.24,1720000,股
2026-08-25,2360,致茂,1.17,1000000,股
2026-08-25,1303,南亞,1.12,10000000,股
2026-08-25,6239,力成,0.87,5360000,股
2026-08-25,6805,富世達,0.86,780000,股
2026-08-25,7769,鴻勁,0.48,130000,股
2026-08-25,2317,鴻海,0.46,3200000,股
2026-08-25,3211,順達,0.39,2000000,股
2026-08-25,2337,旺宏,0.33,4500000,股
2026-08-25,3583,辛耘,0.33,800000,股
2026-08-25,2059,川湖,0.3,35000,股
2026-08-25,3533,嘉澤,0.29,300000,股
2026-08-25,6442,光聖,0.21,225000,股
2026-08-25,8358,金居,0.2,800000,股
2026-08-25,1560,中砂,0.16,393000,股
2026-08-25,2404,漢唐,0.16,250000,股
2026-08-25,3450,聯鈞,0.13,400000,股
2026-08-25,4958,臻鼎-KY,0.13,500000,股
2026-08-25,1717,長興,0.11,2500000,股
2026-08-25,3264,欣銓,0.09,700000,股
2026-08-25,4966,譜瑞-KY,0.07,220000,股
2026-08-25,2455,全新,0.05,200000,股
2026-08-25,6285,啟碁,0.05,350000,股
2026-08-25,2049,上銀,0.0,1000,股
2026-08-25,2481,強茂,0.0,1000,股
2026-08-25,5347,世界,0.0,1000,股
2026-08-25,6196,帆宣,0.0,1000,股
2026-08-25,8299,群聯,0.0,1000,股
2026-08-25,C_NTD,CASH,,10178153121,元
2026-08-25,M_NTD,MARGIN,,0,元
2026-08-25,RDI_NTD,RECEIVABLES FOR DISPOSAL OF INVESTMENTS,,87354442,元
2026-08-25,RP_NTD,RP,,5737461838,元
2026-08-26,2330,台積電,16.87,12000000,股
2026-08-26,2383,台光電,5.8,1690000,股
2026-08-26,3017,奇鋐,5.79,3150000,股
2026-08-26,3037,欣興,5.71,8460000,股
2026-08-26,2454,聯發科,4.85,2110000,股
2026-08-26,2303,聯電,4.31,60000000,股
2026-08-26,3653,健策,3.62,1087000,股
2026-08-26,6223,旺矽,3.23,1100000,股
2026-08-26,2327,國巨*,3.06,9785000,股
2026-08-26,2308,台達電,2.93,2880000,股
2026-08-26,2345,智邦,2.76,2307000,股
2026-08-26,3711,日月光投控,2.76,8000000,股
2026-08-26,6669,緯穎,2.61,660000,股
2026-08-26,3189,景碩,2.33,4550000,股
2026-08-26,3008,大立光,2.29,626000,股
2026-08-26,3443,創意,2.21,621000,股
2026-08-26,8046,南電,1.81,2640000,股
2026-08-26,6274,台燿,1.69,1900000,股
2026-08-26,5274,信驊,1.64,179500,股
2026-08-26,2344,華邦電,1.58,15000000,股
2026-08-26,6488,環球晶,1.55,2800000,股
2026-08-26,3665,貿聯-KY,1.4,1200000,股
2026-08-26,1303,南亞,1.25,10358000,股
2026-08-26,8996,高力,1.21,1737000,股
2026-08-26,2360,致茂,1.15,1000000,股
2026-08-26,6805,富世達,1.02,866000,股
2026-08-26,6239,力成,0.89,5360000,股
2026-08-26,7769,鴻勁,0.48,130000,股
2026-08-26,2317,鴻海,0.46,3200000,股
2026-08-26,3211,順達,0.42,2000000,股
2026-08-26,3583,辛耘,0.35,800000,股
2026-08-26,2337,旺宏,0.33,4500000,股
2026-08-26,2059,川湖,0.3,35000,股
2026-08-26,3533,嘉澤,0.24,250000,股
2026-08-26,6442,光聖,0.21,225000,股
2026-08-26,8358,金居,0.21,800000,股
2026-08-26,1560,中砂,0.16,393000,股
2026-08-26,2404,漢唐,0.16,250000,股
2026-08-26,3450,聯鈞,0.13,400000,股
2026-08-26,4958,臻鼎-KY,0.13,500000,股
2026-08-26,1717,長興,0.1,2500000,股
2026-08-26,3264,欣銓,0.09,700000,股
2026-08-26,4966,譜瑞-KY,0.07,220000,股
2026-08-26,2455,全新,0.05,200000,股
2026-08-26,6285,啟碁,0.05,350000,股
2026-08-26,2049,上銀,0.0,1000,股
2026-08-26,2481,強茂,0.0,1000,股
2026-08-26,5347,世界,0.0,1000,股
2026-08-26,6196,帆宣,0.0,1000,股
2026-08-26,8299,群聯,0.0,1000,股
2026-08-26,C_NTD,CASH,,10569798466,元
2026-08-26,M_NTD,MARGIN,,0,元
2026-08-26,RDI_NTD,RECEIVABLES FOR DISPOSAL OF INVESTMENTS,,-479094741,元
2026-08-26,RP_NTD,RP,,5457566030,元
2026-08-27,2330,台積電,17.19,12000000,股
2026-08-27,3017,奇鋐,6.25,3150000,股
2026-08-27,3037,欣興,5.93,8460000,股
2026-08-27,2383,台光電,5.23,1600000,股
2026-08-27,2454,聯發科,4.85,2110000,股
2026-08-27,3653,健策,3.65,1087000,股
2026-08-27,2303,聯電,3.52,50000000,股
2026-08-27,6223,旺矽,3.33,1100000,股
2026-08-27,2327,國巨*,3.23,9785000,股
2026-08-27,2308,台達電,3.03,2880000,股
2026-08-27,3008,大立光,2.88,700000,股
2026-08-27,2345,智邦,2.87,2307000,股
2026-08-27,6669,緯穎,2.67,660000,股
2026-08-27,3711,日月光投控,2.52,7000000,股
2026-08-27,3189,景碩,2.47,4550000,股
2026-08-27,3443,創意,2.19,621000,股
2026-08-27,8046,南電,2.03,2640000,股
2026-08-27,2344,華邦電,1.66,15000000,股
2026-08-27,5274,信驊,1.63,179500,股
2026-08-27,6274,台燿,1.63,1900000,股
2026-08-27,6488,環球晶,1.59,2800000,股
2026-08-27,3665,貿聯-KY,1.47,1200000,股
2026-08-27,1303,南亞,1.4,10378000,股
2026-08-27,8996,高力,1.35,1737000,股
2026-08-27,6805,富世達,1.24,936000,股
2026-08-27,2360,致茂,1.18,1000000,股
2026-08-27,6239,力成,0.88,5360000,股
2026-08-27,7769,鴻勁,0.49,130000,股
2026-08-27,2317,鴻海,0.48,3200000,股
2026-08-27,3211,順達,0.47,2000000,股
2026-08-27,3583,辛耘,0.36,800000,股
2026-08-27,2337,旺宏,0.34,4500000,股
2026-08-27,2059,川湖,0.3,35000,股
2026-08-27,3533,嘉澤,0.24,250000,股
2026-08-27,8358,金居,0.23,800000,股
2026-08-27,6442,光聖,0.21,225000,股
2026-08-27,2404,漢唐,0.16,250000,股
2026-08-27,3450,聯鈞,0.14,400000,股
2026-08-27,1560,中砂,0.12,300000,股
2026-08-27,1717,長興,0.11,2500000,股
2026-08-27,3264,欣銓,0.09,700000,股
2026-08-27,4966,譜瑞-KY,0.08,220000,股
2026-08-27,2455,全新,0.05,200000,股
2026-08-27,6285,啟碁,0.05,350000,股
2026-08-27,2049,上銀,0.0,1000,股
2026-08-27,2481,強茂,0.0,1000,股
2026-08-27,4958,臻鼎-KY,0.0,1000,股
2026-08-27,5347,世界,0.0,1000,股
2026-08-27,6196,帆宣,0.0,1000,股
2026-08-27,8299,群聯,0.0,1000,股
2026-08-27,C_NTD,CASH,,9293121405,元
2026-08-27,M_NTD,MARGIN,,0,元
2026-08-27,RDI_NTD,RECEIVABLES FOR DISPOSAL OF INVESTMENTS,,1128312859,元
2026-08-27,RP_NTD,RP,,5457566030,元
2026-08-28,2330,台積電,16.02,11100000,股
2026-08-28,3017,奇鋐,6.31,3150000,股
2026-08-28,3037,欣興,5.6,8460000,股
2026-08-28,2383,台光電,5.24,1600000,股
2026-08-28,2454,聯發科,5.01,2110000,股
2026-08-28,2303,聯電,3.88,50000000,股
2026-08-28,3653,健策,3.75,1087000,股
2026-08-28,2327,國巨*,3.48,9785000,股
2026-08-28,6223,旺矽,3.3,1100000,股
2026-08-28,3008,大立光,3.2,760000,股
2026-08-28,2308,台達電,3.14,2880000,股
2026-08-28,6669,緯穎,3.01,700000,股
2026-08-28,2345,智邦,2.92,2307000,股
2026-08-28,3711,日月光投控,2.59,7000000,股
2026-08-28,3189,景碩,2.44,4550000,股
2026-08-28,3443,創意,2.33,650000,股
2026-08-28,8046,南電,1.95,2640000,股
2026-08-28,3665,貿聯-KY,1.74,1293000,股
2026-08-28,6274,台燿,1.69,1900000,股
2026-08-28,6488,環球晶,1.62,2800000,股
2026-08-28,6805,富世達,1.47,1050000,股
2026-08-28,1303,南亞,1.45,11000000,股
2026-08-28,5274,信驊,1.39,149500,股
2026-08-28,8996,高力,1.31,1737000,股
2026-08-28,2344,華邦電,1.3,12000000,股
2026-08-28,2360,致茂,1.2,1000000,股
2026-08-28,6239,力成,0.92,5360000,股
2026-08-28,7769,鴻勁,0.5,130000,股
2026-08-28,2317,鴻海,0.48,3200000,股
2026-08-28,3211,順達,0.48,2000000,股
2026-08-28,3583,辛耘,0.36,800000,股
2026-08-28,2337,旺宏,0.34,4500000,股
2026-08-28,2059,川湖,0.3,35000,股
2026-08-28,3533,嘉澤,0.26,250000,股
2026-08-28,6442,光聖,0.22,225000,股
2026-08-28,8358,金居,0.19,600000,股
2026-08-28,2404,漢唐,0.16,250000,股
2026-08-28,3450,聯鈞,0.15,400000,股
2026-08-28,1717,長興,0.13,2800000,股
2026-08-28,1560,中砂,0.12,300000,股
2026-08-28,3264,欣銓,0.1,700000,股
2026-08-28,4966,譜瑞-KY,0.08,220000,股
2026-08-28,2455,全新,0.05,200000,股
2026-08-28,6285,啟碁,0.05,350000,股
2026-08-28,2049,上銀,0.0,1000,股
2026-08-28,2481,強茂,0.0,1000,股
2026-08-28,4958,臻鼎-KY,0.0,1000,股
2026-08-28,5347,世界,0.0,1000,股
2026-08-28,6196,帆宣,0.0,1000,股
2026-08-28,8299,群聯,0.0,1000,股
2026-08-28,C_NTD,CASH,,8765278891,元
2026-08-28,M_NTD,MARGIN,,0,元
2026-08-28,RDI_NTD,RECEIVABLES FOR DISPOSAL OF INVESTMENTS,,3654126552,元
2026-08-28,RP_NTD,RP,,4808333632,元
2026-08-31,2330,台積電,16.22,11000000,股
2026-08-31,3017,奇鋐,6.62,3150000,股
2026-08-31,2383,台光電,5.38,1600000,股
2026-08-31,3037,欣興,5.18,8460000,股
2026-08-31,2454,聯發科,5.08,2110000,股
2026-08-31,3653,健策,4.1,1115000,股
2026-08-31,2303,聯電,3.96,50000000,股
2026-08-31,3008,大立光,3.8,810000,股
2026-08-31,6223,旺矽,3.46,1100000,股
2026-08-31,2327,國巨*,3.27,9785000,股
2026-08-31,2308,台達電,3.25,2880000,股
2026-08-31,6669,緯穎,3.05,700000,股
2026-08-31,2345,智邦,2.88,2307000,股
2026-08-31,3711,日月光投控,2.51,7000000,股
2026-08-31,3443,創意,2.43,650000,股
2026-08-31,8046,南電,1.99,2640000,股
2026-08-31,3665,貿聯-KY,1.72,1293000,股
2026-08-31,3189,景碩,1.71,3400000,股
2026-08-31,6274,台燿,1.67,1900000,股
2026-08-31,1303,南亞,1.64,11000000,股
2026-08-31,6488,環球晶,1.57,2800000,股
2026-08-31,6805,富世達,1.48,1050000,股
2026-08-31,5274,信驊,1.47,149500,股
2026-08-31,2344,華邦電,1.34,12000000,股
2026-08-31,8996,高力,1.25,1737000,股
2026-08-31,2360,致茂,1.2,1000000,股
2026-08-31,6239,力成,0.91,5360000,股
2026-08-31,2317,鴻海,0.49,3200000,股
2026-08-31,3211,順達,0.47,2000000,股
2026-08-31,7769,鴻勁,0.47,130000,股
2026-08-31,3583,辛耘,0.36,800000,股
2026-08-31,2337,旺宏,0.35,4500000,股
2026-08-31,2059,川湖,0.3,35000,股
2026-08-31,3533,嘉澤,0.26,250000,股
2026-08-31,6442,光聖,0.22,225000,股
2026-08-31,8358,金居,0.2,600000,股
2026-08-31,2404,漢唐,0.16,250000,股
2026-08-31,3450,聯鈞,0.16,400000,股
2026-08-31,1717,長興,0.14,2800000,股
2026-08-31,1560,中砂,0.13,300000,股
2026-08-31,2455,全新,0.11,386000,股
2026-08-31,3264,欣銓,0.1,700000,股
2026-08-31,2449,京元電子,0.08,500000,股
2026-08-31,4966,譜瑞-KY,0.08,220000,股
2026-08-31,6285,啟碁,0.05,350000,股
2026-08-31,2049,上銀,0.0,1000,股
2026-08-31,2481,強茂,0.0,1000,股
2026-08-31,4958,臻鼎-KY,0.0,1000,股
2026-08-31,5347,世界,0.0,1000,股
2026-08-31,6196,帆宣,0.0,1000,股
2026-08-31,8299,群聯,0.0,1000,股
2026-08-31,C_NTD,CASH,,12457357495,元
2026-08-31,M_NTD,MARGIN,,0,元
2026-08-31,RDI_NTD,RECEIVABLES FOR DISPOSAL OF INVESTMENTS,,2162354124,元
2026-08-31,RP_NTD,RP,,3300089384,元
2026-09-01,2330,台積電,15.86,10800000,股
2026-09-01,3017,奇鋐,6.47,3150000,股
2026-09-01,2454,聯發科,5.48,2110000,股
2026-09-01,2383,台光電,5.43,1600000,股
2026-09-01,3037,欣興,4.95,8460000,股
2026-09-01,2303,聯電,3.99,50000000,股
2026-09-01,3653,健策,3.95,1115000,股
2026-09-01,3008,大立光,3.7,810000,股
2026-09-01,6223,旺矽,3.58,1100000,股
2026-09-01,6669,緯穎,3.29,700000,股
2026-09-01,2308,台達電,3.23,2880000,股
2026-09-01,2345,智邦,3.06,2307000,股
2026-09-01,2327,國巨*,2.74,8000000,股
2026-09-01,3443,創意,2.35,650000,股
2026-09-01,3711,日月光投控,2.2,6000000,股
2026-09-01,8046,南電,1.95,2640000,股
2026-09-01,3665,貿聯-KY,1.8,1293000,股
2026-09-01,3189,景碩,1.79,3400000,股
2026-09-01,1303,南亞,1.69,12000000,股
2026-09-01,6488,環球晶,1.68,2800000,股
2026-09-01,6274,台燿,1.66,1900000,股
2026-09-01,5274,信驊,1.54,149500,股
2026-09-01,6805,富世達,1.44,1050000,股
2026-09-01,8996,高力,1.23,1737000,股
2026-09-01,2360,致茂,1.22,1000000,股
2026-09-01,6239,力成,0.92,5360000,股
2026-09-01,2344,華邦電,0.74,7000000,股
2026-09-01,2317,鴻海,0.49,3200000,股
2026-09-01,3211,順達,0.49,2000000,股
2026-09-01,7769,鴻勁,0.46,130000,股
2026-09-01,3583,辛耘,0.37,800000,股
2026-09-01,3450,聯鈞,0.32,860000,股
2026-09-01,2059,川湖,0.3,35000,股
2026-09-01,2449,京元電子,0.29,1700000,股
2026-09-01,3533,嘉澤,0.26,250000,股
2026-09-01,2337,旺宏,0.22,3000000,股
2026-09-01,6442,光聖,0.22,225000,股
2026-09-01,8358,金居,0.19,600000,股
2026-09-01,2404,漢唐,0.17,250000,股
2026-09-01,1717,長興,0.16,3100000,股
2026-09-01,1560,中砂,0.13,300000,股
2026-09-01,2455,全新,0.12,386000,股
2026-09-01,3264,欣銓,0.1,700000,股
2026-09-01,4966,譜瑞-KY,0.08,220000,股
2026-09-01,6285,啟碁,0.05,350000,股
2026-09-01,2049,上銀,0.0,1000,股
2026-09-01,2481,強茂,0.0,1000,股
2026-09-01,4958,臻鼎-KY,0.0,1000,股
2026-09-01,5347,世界,0.0,1000,股
2026-09-01,6196,帆宣,0.0,1000,股
2026-09-01,8299,群聯,0.0,1000,股
2026-09-01,C_NTD,CASH,,8461882340,元
2026-09-01,M_NTD,MARGIN,,0,元
2026-09-01,RDI_NTD,RECEIVABLES FOR DISPOSAL OF INVESTMENTS,,2668305718,元
2026-09-01,RP_NTD,RP,,4176089384,元
2026-09-02,2330,台積電,15.59,10500000,股
2026-09-02,3017,奇鋐,6.49,3150000,股
2026-09-02,2454,聯發科,5.62,2110000,股
2026-09-02,2383,台光電,5.43,1600000,股
2026-09-02,3037,欣興,5.13,8460000,股
2026-09-02,3653,健策,4.01,1115000,股
2026-09-02,3008,大立光,3.94,810000,股
2026-09-02,2303,聯電,3.92,50000000,股
2026-09-02,6223,旺矽,3.62,1100000,股
2026-09-02,6669,緯穎,3.39,2087956,股
2026-09-02,2345,智邦,3.07,2307000,股
2026-09-02,2308,台達電,2.96,2750000,股
2026-09-02,2327,國巨*,2.69,8000000,股
2026-09-02,3443,創意,2.39,650000,股
2026-09-02,5274,信驊,2.09,189500,股
2026-09-02,1303,南亞,2.0,13500000,股
2026-09-02,8046,南電,1.97,2640000,股
2026-09-02,3189,景碩,1.79,3400000,股
2026-09-02,3665,貿聯-KY,1.75,1293000,股
2026-09-02,6488,環球晶,1.69,2800000,股
2026-09-02,6274,台燿,1.67,1900000,股
2026-09-02,3711,日月光投控,1.65,4500000,股
2026-09-02,8996,高力,1.37,1737000,股
2026-09-02,2360,致茂,1.23,1000000,股
2026-09-02,6805,富世達,1.12,850000,股
2026-09-02,6239,力成,0.93,5360000,股
2026-09-02,2344,華邦電,0.56,5000000,股
2026-09-02,2317,鴻海,0.5,3200000,股
2026-09-02,3211,順達,0.49,2000000,股
2026-09-02,7769,鴻勁,0.46,130000,股
2026-09-02,3450,聯鈞,0.41,1100000,股
2026-09-02,3583,辛耘,0.38,800000,股
2026-09-02,2059,川湖,0.3,35000,股
2026-09-02,2449,京元電子,0.29,1700000,股
2026-09-02,3533,嘉澤,0.27,250000,股
2026-09-02,6442,光聖,0.25,225000,股
2026-09-02,1717,長興,0.16,3100000,股
2026-09-02,2404,漢唐,0.16,250000,股
2026-09-02,2337,旺宏,0.15,2000000,股
2026-09-02,1560,中砂,0.13,300000,股
2026-09-02,2455,全新,0.13,386000,股
2026-09-02,8358,金居,0.13,400000,股
2026-09-02,3264,欣銓,0.1,700000,股
2026-09-02,2882,國泰金,0.08,1200000,股
2026-09-02,4966,譜瑞-KY,0.08,220000,股
2026-09-02,2301,光寶科,0.06,300000,股
2026-09-02,6285,啟碁,0.05,350000,股
2026-09-02,2049,上銀,0.0,1000,股
2026-09-02,2481,強茂,0.0,1000,股
2026-09-02,4958,臻鼎-KY,0.0,1000,股
2026-09-02,6196,帆宣,0.0,1000,股
2026-09-02,8299,群聯,0.0,1000,股
2026-09-02,C_NTD,CASH,,7619396271,元
2026-09-02,M_NTD,MARGIN,,0,元
2026-09-02,RDI_NTD,RECEIVABLES FOR DISPOSAL OF INVESTMENTS,,3619104637,元
2026-09-02,RP_NTD,RP,,3426046480,元
2026-09-03,2330,台積電,15.99,10500000,股
2026-09-03,3017,奇鋐,6.62,3150000,股
2026-09-03,2454,聯發科,5.84,2110000,股
2026-09-03,2383,台光電,5.39,1600000,股
2026-09-03,3037,欣興,4.98,8460000,股
2026-09-03,3653,健策,3.99,1115000,股
2026-09-03,2303,聯電,3.98,50000000,股
2026-09-03,3008,大立光,3.69,810000,股
2026-09-03,6223,旺矽,3.54,1100000,股
2026-09-03,6669,緯穎,3.29,2087956,股
2026-09-03,2308,台達電,3.08,2750000,股
2026-09-03,2345,智邦,3.07,2307000,股
2026-09-03,2327,國巨*,2.61,8000000,股
2026-09-03,3443,創意,2.4,650000,股
2026-09-03,5274,信驊,2.39,210500,股
2026-09-03,1303,南亞,1.9,13500000,股
2026-09-03,8046,南電,1.82,2640000,股
2026-09-03,3665,貿聯-KY,1.73,1293000,股
2026-09-03,3711,日月光投控,1.69,4500000,股
2026-09-03,3189,景碩,1.68,3400000,股
2026-09-03,6488,環球晶,1.65,2800000,股
2026-09-03,6274,台燿,1.63,1900000,股
2026-09-03,8996,高力,1.31,1737000,股
2026-09-03,2360,致茂,1.28,1000000,股
2026-09-03,6239,力成,0.94,5360000,股
2026-09-03,6805,富世達,0.87,650000,股
2026-09-03,2344,華邦電,0.54,5000000,股
2026-09-03,2317,鴻海,0.5,3200000,股
2026-09-03,7769,鴻勁,0.49,130000,股
2026-09-03,3211,順達,0.48,2000000,股
2026-09-03,3450,聯鈞,0.39,1100000,股
2026-09-03,6442,光聖,0.39,350000,股
2026-09-03,3583,辛耘,0.38,800000,股
2026-09-03,2059,川湖,0.3,35000,股
2026-09-03,2882,國泰金,0.29,4000000,股
2026-09-03,2449,京元電子,0.28,1700000,股
2026-09-03,3533,嘉澤,0.27,250000,股
2026-09-03,2404,漢唐,0.16,250000,股
2026-09-03,1717,長興,0.15,3100000,股
2026-09-03,2337,旺宏,0.15,2000000,股
2026-09-03,1560,中砂,0.14,300000,股
2026-09-03,2455,全新,0.13,386000,股
2026-09-03,2481,強茂,0.13,1351000,股
2026-09-03,8358,金居,0.12,400000,股
2026-09-03,3264,欣銓,0.1,700000,股
2026-09-03,2301,光寶科,0.06,300000,股
2026-09-03,6285,啟碁,0.05,350000,股
2026-09-03,4966,譜瑞-KY,0.01,16000,股
2026-09-03,2049,上銀,0.0,1000,股
2026-09-03,6196,帆宣,0.0,1000,股
2026-09-03,8299,群聯,0.0,1000,股
2026-09-03,C_NTD,CASH,,7639160269,元
2026-09-03,M_NTD,MARGIN,,0,元
2026-09-03,RDI_NTD,RECEIVABLES FOR DISPOSAL OF INVESTMENTS,,744685392,元
2026-09-03,RP_NTD,RP,,3426046480,元
2026-09-04,2330,台積電,15.47,10300000,股
2026-09-04,3017,奇鋐,7.01,3150000,股
2026-09-04,2454,聯發科,5.8,2110000,股
2026-09-04,2383,台光電,5.4,1600000,股
2026-09-04,3037,欣興,4.75,8460000,股
2026-09-04,3653,健策,4.08,1115000,股
2026-09-04,2303,聯電,4.05,50000000,股
2026-09-04,6223,旺矽,3.53,1100000,股
2026-09-04,3008,大立光,3.39,736000,股
2026-09-04,6669,緯穎,3.34,2087956,股
2026-09-04,2308,台達電,3.13,2750000,股
2026-09-04,2345,智邦,3.02,2307000,股
2026-09-04,2327,國巨*,2.8,8000000,股
2026-09-04,3443,創意,2.35,650000,股
2026-09-04,5274,信驊,2.29,210500,股
2026-09-04,1303,南亞,1.9,13500000,股
2026-09-04,8046,南電,1.74,2640000,股
2026-09-04,3189,景碩,1.73,3400000,股
2026-09-04,3665,貿聯-KY,1.73,1293000,股
2026-09-04,6488,環球晶,1.71,2800000,股
2026-09-04,3711,日月光投控,1.65,4500000,股
2026-09-04,6274,台燿,1.62,1900000,股
2026-09-04,8996,高力,1.41,1737000,股
2026-09-04,2360,致茂,1.26,1000000,股
2026-09-04,6239,力成,0.92,5360000,股
2026-09-04,6805,富世達,0.89,650000,股
2026-09-04,2317,鴻海,0.51,3200000,股
2026-09-04,3211,順達,0.48,2000000,股
2026-09-04,7769,鴻勁,0.48,130000,股
2026-09-04,3450,聯鈞,0.4,1100000,股
2026-09-04,6442,光聖,0.38,350000,股
2026-09-04,3583,辛耘,0.35,800000,股
2026-09-04,2059,川湖,0.3,35000,股
2026-09-04,2882,國泰金,0.29,4000000,股
2026-09-04,2449,京元電子,0.28,1700000,股
2026-09-04,3533,嘉澤,0.26,250000,股
2026-09-04,2481,強茂,0.19,2000000,股
2026-09-04,2404,漢唐,0.17,250000,股
2026-09-04,2344,華邦電,0.16,1500000,股
2026-09-04,2455,全新,0.13,386000,股
2026-09-04,8358,金居,0.12,400000,股
2026-09-04,3264,欣銓,0.1,700000,股
2026-09-04,1560,中砂,0.08,191000,股
2026-09-04,2337,旺宏,0.08,1000000,股
2026-09-04,1717,長興,0.07,1500000,股
2026-09-04,2301,光寶科,0.06,300000,股
2026-09-04,6285,啟碁,0.05,350000,股
2026-09-04,2049,上銀,0.0,1000,股
2026-09-04,6196,帆宣,0.0,1000,股
2026-09-04,8299,群聯,0.0,1000,股
2026-09-04,C_NTD,CASH,,9260398206,元
2026-09-04,M_NTD,MARGIN,,0,元
2026-09-04,RDI_NTD,RECEIVABLES FOR DISPOSAL OF INVESTMENTS,,1171153518,元
2026-09-04,RP_NTD,RP,,2720182758,元
2026-09-07,2330,台積電,15.47,10100000,股
2026-09-07,3017,奇鋐,6.71,3150000,股
2026-09-07,2454,聯發科,6.55,2210000,股
2026-09-07,2383,台光電,5.47,1600000,股
2026-09-07,3037,欣興,5.0,8460000,股
2026-09-07,2303,聯電,4.9,55000000,股
2026-09-07,3653,健策,3.93,1115000,股
2026-09-07,6223,旺矽,3.76,1100000,股
2026-09-07,6669,緯穎,3.24,2087956,股
2026-09-07,2308,台達電,3.17,2750000,股
2026-09-07,2345,智邦,3.02,2307000,股
2026-09-07,2327,國巨*,2.93,8000000,股
2026-09-07,3008,大立光,2.84,686000,股
2026-09-07,5274,信驊,2.52,210500,股
2026-09-07,3443,創意,2.14,580000,股
2026-09-07,1303,南亞,1.94,13500000,股
2026-09-07,8046,南電,1.73,2640000,股
2026-09-07,3189,景碩,1.72,3400000,股
2026-09-07,6488,環球晶,1.69,2800000,股
2026-09-07,3665,貿聯-KY,1.67,1293000,股
2026-09-07,6274,台燿,1.62,1900000,股
2026-09-07,3711,日月光投控,1.55,4000000,股
2026-09-07,2360,致茂,1.39,1000000,股
2026-09-07,8996,高力,1.22,1580000,股
2026-09-07,6239,力成,0.93,5360000,股
2026-09-07,6805,富世達,0.92,650000,股
2026-09-07,7769,鴻勁,0.53,130000,股
2026-09-07,2317,鴻海,0.51,3200000,股
2026-09-07,3211,順達,0.48,2000000,股
2026-09-07,2449,京元電子,0.44,2600000,股
2026-09-07,3450,聯鈞,0.4,1100000,股
2026-09-07,6442,光聖,0.37,350000,股
2026-09-07,3583,辛耘,0.36,800000,股
2026-09-07,2059,川湖,0.3,35000,股
2026-09-07,2481,強茂,0.3,3000000,股
2026-09-07,2882,國泰金,0.29,4000000,股
2026-09-07,3533,嘉澤,0.26,250000,股
2026-09-07,2344,華邦電,0.17,1500000,股
2026-09-07,2404,漢唐,0.17,250000,股
2026-09-07,8358,金居,0.13,400000,股
2026-09-07,2455,全新,0.12,386000,股
2026-09-07,3264,欣銓,0.1,700000,股
2026-09-07,1560,中砂,0.09,191000,股
2026-09-07,2337,旺宏,0.08,1000000,股
2026-09-07,1717,長興,0.07,1500000,股
2026-09-07,2301,光寶科,0.06,300000,股
2026-09-07,6285,啟碁,0.05,350000,股
2026-09-07,2049,上銀,0.0,1000,股
2026-09-07,6196,帆宣,0.0,1000,股
2026-09-07,8299,群聯,0.0,1000,股
2026-09-07,C_NTD,CASH,,5452062101,元
2026-09-07,M_NTD,MARGIN,,0,元
2026-09-07,RDI_NTD,RECEIVABLES FOR DISPOSAL OF INVESTMENTS,,1927441065,元
2026-09-07,RP_NTD,RP,,3854421740,元
2026-09-08,2330,台積電,15.86,10100000,股
2026-09-08,2454,聯發科,6.62,2210000,股
2026-09-08,3017,奇鋐,5.95,2850000,股
2026-09-08,2383,台光電,5.43,1600000,股
2026-09-08,3037,欣興,5.13,8460000,股
2026-09-08,2303,聯電,4.79,55000000,股
2026-09-08,6223,旺矽,4.05,1100000,股
2026-09-08,3653,健策,3.93,1115000,股
2026-09-08,2308,台達電,3.16,2750000,股
2026-09-08,6669,緯穎,2.96,1987956,股
2026-09-08,2327,國巨*,2.88,8000000,股
2026-09-08,2345,智邦,2.87,2307000,股
2026-09-08,5274,信驊,2.57,210500,股
2026-09-08,3008,大立光,2.48,600000,股
2026-09-08,3443,創意,2.2,580000,股
2026-09-08,1303,南亞,2.02,13500000,股
2026-09-08,3189,景碩,1.73,3400000,股
2026-09-08,8046,南電,1.72,2640000,股
2026-09-08,6488,環球晶,1.7,2800000,股
2026-09-08,6274,台燿,1.62,1900000,股
2026-09-08,3665,貿聯-KY,1.59,1293000,股
2026-09-08,3711,日月光投控,1.57,4000000,股
2026-09-08,2360,致茂,1.44,1000000,股
2026-09-08,8996,高力,1.23,1580000,股
2026-09-08,6239,力成,0.94,5360000,股
2026-09-08,6805,富世達,0.89,650000,股
2026-09-08,7769,鴻勁,0.58,130000,股
2026-09-08,2317,鴻海,0.51,3200000,股
2026-09-08,3211,順達,0.48,2000000,股
2026-09-08,2449,京元電子,0.44,2600000,股
2026-09-08,3583,辛耘,0.38,800000,股
2026-09-08,6442,光聖,0.38,350000,股
2026-09-08,3450,聯鈞,0.37,1100000,股
2026-09-08,2481,強茂,0.29,3000000,股
2026-09-08,2882,國泰金,0.29,4000000,股
2026-09-08,2059,川湖,0.28,35000,股
2026-09-08,3533,嘉澤,0.26,250000,股
2026-09-08,2344,華邦電,0.18,1500000,股
2026-09-08,2404,漢唐,0.17,250000,股
2026-09-08,2455,全新,0.13,386000,股
2026-09-08,8358,金居,0.13,400000,股
2026-09-08,3264,欣銓,0.1,700000,股
2026-09-08,1560,中砂,0.09,191000,股
2026-09-08,2337,旺宏,0.08,1000000,股
2026-09-08,1717,長興,0.07,1500000,股
2026-09-08,2301,光寶科,0.06,300000,股
2026-09-08,6285,啟碁,0.05,350000,股
2026-09-08,2049,上銀,0.0,1000,股
2026-09-08,6196,帆宣,0.0,1000,股
2026-09-08,8299,群聯,0.0,1000,股
2026-09-08,C_NTD,CASH,,7235460895,元
2026-09-08,M_NTD,MARGIN,,0,元
2026-09-08,RDI_NTD,RECEIVABLES FOR DISPOSAL OF INVESTMENTS,,1888873681,元
2026-09-08,RP_NTD,RP,,3854421740,元
2026-09-09,2330,台積電,15.59,10000000,股
2026-09-09,2454,聯發科,6.46,2210000,股
2026-09-09,3017,奇鋐,6.09,2850000,股
2026-09-09,2383,台光電,5.44,1600000,股
2026-09-09,3037,欣興,5.31,8460000,股
2026-09-09,2303,聯電,4.92,55000000,股
2026-09-09,3653,健策,4.06,1115000,股
2026-09-09,6223,旺矽,3.91,1100000,股
2026-09-09,2308,台達電,3.12,2750000,股
2026-09-09,2345,智邦,2.94,2307000,股
2026-09-09,6669,緯穎,2.92,1987956,股
2026-09-09,2327,國巨*,2.86,8000000,股
2026-09-09,3008,大立光,2.61,600000,股
2026-09-09,3443,創意,2.17,580000,股
2026-09-09,1303,南亞,2.02,13500000,股
2026-09-09,8046,南電,1.85,2640000,股
2026-09-09,3189,景碩,1.75,3400000,股
2026-09-09,6488,環球晶,1.69,2800000,股
2026-09-09,5274,信驊,1.65,140500,股
2026-09-09,3665,貿聯-KY,1.62,1293000,股
2026-09-09,3711,日月光投控,1.62,4000000,股
2026-09-09,6274,台燿,1.62,1900000,股
2026-09-09,2360,致茂,1.48,1000000,股
2026-09-09,8996,高力,1.34,1580000,股
2026-09-09,6805,富世達,1.1,760000,股
2026-09-09,6239,力成,0.95,5360000,股
2026-09-09,7769,鴻勁,0.55,130000,股
2026-09-09,2317,鴻海,0.51,3200000,股
2026-09-09,3211,順達,0.46,2000000,股
2026-09-09,2449,京元電子,0.44,2600000,股
2026-09-09,6442,光聖,0.38,350000,股
2026-09-09,3583,辛耘,0.37,800000,股
2026-09-09,3450,聯鈞,0.36,1100000,股
2026-09-09,2481,強茂,0.29,3000000,股
2026-09-09,2882,國泰金,0.28,4000000,股
2026-09-09,2059,川湖,0.27,35000,股
2026-09-09,3533,嘉澤,0.26,250000,股
2026-09-09,2344,華邦電,0.17,1500000,股
2026-09-09,2404,漢唐,0.17,250000,股
2026-09-09,2455,全新,0.13,386000,股
2026-09-09,3264,欣銓,0.1,700000,股
2026-09-09,1560,中砂,0.09,191000,股
2026-09-09,2337,旺宏,0.08,1000000,股
2026-09-09,1717,長興,0.07,1500000,股
2026-09-09,8358,金居,0.07,200000,股
2026-09-09,2301,光寶科,0.06,300000,股
2026-09-09,6285,啟碁,0.05,350000,股
2026-09-09,2049,上銀,0.0,1000,股
2026-09-09,6196,帆宣,0.0,1000,股
2026-09-09,8299,群聯,0.0,1000,股
2026-09-09,C_NTD,CASH,,6895086642,元
2026-09-09,M_NTD,MARGIN,,0,元
2026-09-09,RDI_NTD,RECEIVABLES FOR DISPOSAL OF INVESTMENTS,,3152903551,元
2026-09-09,RP_NTD,RP,,4074325080,元
2026-09-10,2330,台積電,15.37,9800000,股
2026-09-10,2454,聯發科,6.68,2210000,股
2026-09-10,3017,奇鋐,6.31,2850000,股
2026-09-10,2383,台光電,5.51,1600000,股
2026-09-10,3037,欣興,5.38,8460000,股
2026-09-10,2303,聯電,5.02,55000000,股
2026-09-10,3653,健策,4.13,1115000,股
2026-09-10,6223,旺矽,3.96,1100000,股
2026-09-10,6669,緯穎,2.98,1987956,股
2026-09-10,2308,台達電,2.95,2750000,股
2026-09-10,2327,國巨*,2.93,8000000,股
2026-09-10,2345,智邦,2.9,2307000,股
2026-09-10,3008,大立光,2.58,600000,股
2026-09-10,3443,創意,2.31,580000,股
2026-09-10,1303,南亞,2.11,13500000,股
2026-09-10,8046,南電,1.81,2640000,股
2026-09-10,3189,景碩,1.8,3400000,股
2026-09-10,6274,台燿,1.7,1900000,股
2026-09-10,3711,日月光投控,1.66,4000000,股
2026-09-10,6488,環球晶,1.64,2800000,股
2026-09-10,3665,貿聯-KY,1.6,1293000,股
2026-09-10,5274,信驊,1.44,120500,股
2026-09-10,2360,致茂,1.4,1000000,股
2026-09-10,8996,高力,1.32,1580000,股
2026-09-10,6805,富世達,1.07,760000,股
2026-09-10,6239,力成,0.97,5360000,股
2026-09-10,7769,鴻勁,0.54,130000,股
2026-09-10,2317,鴻海,0.51,3200000,股
2026-09-10,3211,順達,0.48,2000000,股
2026-09-10,2449,京元電子,0.45,2600000,股
2026-09-10,6442,光聖,0.4,350000,股
2026-09-10,3450,聯鈞,0.37,1100000,股
2026-09-10,3583,辛耘,0.37,800000,股
2026-09-10,2481,強茂,0.3,3000000,股
2026-09-10,2059,川湖,0.28,35000,股
2026-09-10,2882,國泰金,0.28,4000000,股
2026-09-10,3533,嘉澤,0.2,200000,股
2026-09-10,2404,漢唐,0.17,250000,股
2026-09-10,2455,全新,0.13,386000,股
2026-09-10,2344,華邦電,0.11,1000000,股
2026-09-10,3264,欣銓,0.11,700000,股
2026-09-10,1560,中砂,0.09,191000,股
2026-09-10,1717,長興,0.07,1500000,股
2026-09-10,2301,光寶科,0.06,300000,股
2026-09-10,6285,啟碁,0.05,350000,股
2026-09-10,8358,金居,0.03,100000,股
2026-09-10,2049,上銀,0.0,1000,股
2026-09-10,2337,旺宏,0.0,1000,股
2026-09-10,6196,帆宣,0.0,1000,股
2026-09-10,8299,群聯,0.0,1000,股
2026-09-10,C_NTD,CASH,,7010382185,元
2026-09-10,M_NTD,MARGIN,,0,元
2026-09-10,RDI_NTD,RECEIVABLES FOR DISPOSAL OF INVESTMENTS,,2579837073,元
2026-09-10,RP_NTD,RP,,3474325080,元
2026-09-11,2330,台積電,15.45,9800000,股
2026-09-11,2454,聯發科,6.63,2210000,股
2026-09-11,3017,奇鋐,6.28,2850000,股
2026-09-11,2383,台光電,5.62,1600000,股
2026-09-11,3037,欣興,5.41,8460000,股
2026-09-11,2303,聯電,5.06,55000000,股
2026-09-11,3653,健策,4.21,1115000,股
2026-09-11,6223,旺矽,4.04,1100000,股
2026-09-11,6669,緯穎,3.0,1987956,股
2026-09-11,2308,台達電,2.91,2750000,股
2026-09-11,2327,國巨*,2.85,8000000,股
2026-09-11,2345,智邦,2.85,2307000,股
2026-09-11,3008,大立光,2.61,600000,股
2026-09-11,3443,創意,2.32,580000,股
2026-09-11,1303,南亞,2.07,13500000,股
2026-09-11,8046,南電,1.87,2640000,股
2026-09-11,3189,景碩,1.83,3400000,股
2026-09-11,6274,台燿,1.7,1900000,股
2026-09-11,6488,環球晶,1.65,2800000,股
2026-09-11,3665,貿聯-KY,1.59,1293000,股
2026-09-11,2360,致茂,1.41,1000000,股
2026-09-11,5274,信驊,1.41,120500,股
2026-09-11,8996,高力,1.37,1580000,股
2026-09-11,6805,富世達,1.07,760000,股
2026-09-11,6239,力成,0.96,5360000,股
2026-09-11,3711,日月光投控,0.81,2000000,股
2026-09-11,7769,鴻勁,0.54,130000,股
2026-09-11,2317,鴻海,0.52,3200000,股
2026-09-11,3211,順達,0.47,2000000,股
2026-09-11,2449,京元電子,0.45,2600000,股
2026-09-11,6442,光聖,0.38,350000,股
2026-09-11,3450,聯鈞,0.37,1100000,股
2026-09-11,3583,辛耘,0.37,800000,股
2026-09-11,2481,強茂,0.29,3000000,股
2026-09-11,2882,國泰金,0.29,4000000,股
2026-09-11,2059,川湖,0.28,35000,股
2026-09-11,3533,嘉澤,0.21,200000,股
2026-09-11,2404,漢唐,0.16,250000,股
2026-09-11,2455,全新,0.13,386000,股
2026-09-11,2344,華邦電,0.11,1000000,股
2026-09-11,3264,欣銓,0.11,700000,股
2026-09-11,1560,中砂,0.1,191000,股
2026-09-11,1717,長興,0.07,1500000,股
2026-09-11,2301,光寶科,0.05,300000,股
2026-09-11,6285,啟碁,0.05,350000,股
2026-09-11,8358,金居,0.03,100000,股
2026-09-11,2049,上銀,0.0,1000,股
2026-09-11,2337,旺宏,0.0,1000,股
2026-09-11,6196,帆宣,0.0,1000,股
2026-09-11,8299,群聯,0.0,1000,股
2026-09-11,C_NTD,CASH,,8164494045,元
2026-09-11,M_NTD,MARGIN,,0,元
2026-09-11,RDI_NTD,RECEIVABLES FOR DISPOSAL OF INVESTMENTS,,2395349174,元
2026-09-11,RP_NTD,RP,,3048350129,元
2026-09-14,2330,台積電,15.36,9800000,股
2026-09-14,2454,聯發科,6.64,2210000,股
2026-09-14,3017,奇鋐,6.21,2850000,股
2026-09-14,2383,台光電,5.63,1600000,股
2026-09-14,3037,欣興,5.4,8460000,股
2026-09-14,2303,聯電,5.16,55000000,股
2026-09-14,3653,健策,4.27,1115000,股
2026-09-14,6223,旺矽,4.05,1100000,股
2026-09-14,6669,緯穎,2.97,1987956,股
2026-09-14,2308,台達電,2.93,2750000,股
2026-09-14,2327,國巨*,2.87,8000000,股
2026-09-14,2345,智邦,2.85,2307000,股
2026-09-14,3443,創意,2.61,620000,股
2026-09-14,3008,大立光,2.12,536000,股
2026-09-14,1303,南亞,2.08,13500000,股
2026-09-14,3189,景碩,1.87,3550000,股
2026-09-14,8046,南電,1.83,2640000,股
2026-09-14,6274,台燿,1.76,1900000,股
2026-09-14,3665,貿聯-KY,1.66,1293000,股
2026-09-14,6488,環球晶,1.66,2800000,股
2026-09-14,5274,信驊,1.43,120500,股
2026-09-14,2360,致茂,1.41,1000000,股
2026-09-14,8996,高力,1.29,1580000,股
2026-09-14,6805,富世達,1.08,760000,股
2026-09-14,6239,力成,0.96,5360000,股
2026-09-14,3711,日月光投控,0.81,2000000,股
2026-09-14,7769,鴻勁,0.54,130000,股
2026-09-14,2317,鴻海,0.52,3200000,股
2026-09-14,3211,順達,0.48,2000000,股
2026-09-14,2449,京元電子,0.45,2600000,股
2026-09-14,3450,聯鈞,0.37,1100000,股
2026-09-14,6442,光聖,0.37,350000,股
2026-09-14,3583,辛耘,0.36,800000,股
2026-09-14,2481,強茂,0.31,3000000,股
2026-09-14,2882,國泰金,0.3,4000000,股
2026-09-14,2059,川湖,0.28,35000,股
2026-09-14,3533,嘉澤,0.21,200000,股
2026-09-14,2404,漢唐,0.17,250000,股
2026-09-14,2455,全新,0.14,386000,股
2026-09-14,3264,欣銓,0.1,700000,股
2026-09-14,1560,中砂,0.09,191000,股
2026-09-14,1717,長興,0.07,1500000,股
2026-09-14,2301,光寶科,0.05,300000,股
2026-09-14,6285,啟碁,0.05,350000,股
2026-09-14,8358,金居,0.03,100000,股
2026-09-14,2049,上銀,0.0,1000,股
2026-09-14,2337,旺宏,0.0,1000,股
2026-09-14,2344,華邦電,0.0,1000,股
2026-09-14,6196,帆宣,0.0,1000,股
2026-09-14,8299,群聯,0.0,1000,股
2026-09-14,C_NTD,CASH,,8598485395,元
2026-09-14,M_NTD,MARGIN,,0,元
2026-09-14,RDI_NTD,RECEIVABLES FOR DISPOSAL OF INVESTMENTS,,1371365473,元
2026-09-14,RP_NTD,RP,,3318409687,元
2026-09-15,2330,台積電,15.71,9800000,股
2026-09-15,2454,聯發科,6.58,2210000,股
2026-09-15,3017,奇鋐,5.97,2850000,股
2026-09-15,2383,台光電,5.5,1600000,股
2026-09-15,3037,欣興,5.41,8460000,股
2026-09-15,2303,聯電,5.12,55000000,股
2026-09-15,6223,旺矽,4.02,1100000,股
2026-09-15,3653,健策,3.98,1115000,股
2026-09-15,2308,台達電,3.09,2750000,股
2026-09-15,6669,緯穎,3.09,1987956,股
2026-09-15,2327,國巨*,2.89,8000000,股
2026-09-15,2345,智邦,2.85,2307000,股
2026-09-15,3443,創意,2.51,620000,股
2026-09-15,8046,南電,2.02,2770000,股
2026-09-15,1303,南亞,2.01,13500000,股
2026-09-15,3189,景碩,1.98,3700000,股
2026-09-15,6274,台燿,1.75,1900000,股
2026-09-15,3665,貿聯-KY,1.72,1293000,股
2026-09-15,6488,環球晶,1.72,2800000,股
2026-09-15,3008,大立光,1.55,380000,股
2026-09-15,5274,信驊,1.42,120500,股
2026-09-15,2360,致茂,1.4,1000000,股
2026-09-15,8996,高力,1.3,1580000,股
2026-09-15,6805,富世達,1.03,760000,股
2026-09-15,6239,力成,0.97,5360000,股
2026-09-15,7769,鴻勁,0.54,130000,股
2026-09-15,2317,鴻海,0.53,3200000,股
2026-09-15,3211,順達,0.49,2000000,股
2026-09-15,2449,京元電子,0.45,2600000,股
2026-09-15,3711,日月光投控,0.4,1000000,股
2026-09-15,3450,聯鈞,0.36,1100000,股
2026-09-15,3583,辛耘,0.36,800000,股
2026-09-15,6442,光聖,0.36,350000,股
2026-09-15,2481,強茂,0.31,3000000,股
2026-09-15,2882,國泰金,0.3,4000000,股
2026-09-15,2059,川湖,0.28,35000,股
2026-09-15,3533,嘉澤,0.2,200000,股
2026-09-15,2404,漢唐,0.17,250000,股
2026-09-15,2455,全新,0.13,386000,股
2026-09-15,3264,欣銓,0.1,700000,股
2026-09-15,1560,中砂,0.09,191000,股
2026-09-15,1717,長興,0.07,1500000,股
2026-09-15,2301,光寶科,0.06,300000,股
2026-09-15,6285,啟碁,0.05,350000,股
2026-09-15,8358,金居,0.03,100000,股
2026-09-15,2049,上銀,0.0,1000,股
2026-09-15,2337,旺宏,0.0,1000,股
2026-09-15,2344,華邦電,0.0,1000,股
2026-09-15,6196,帆宣,0.0,1000,股
2026-09-15,8299,群聯,0.0,1000,股
2026-09-15,C_NTD,CASH,,8362926078,元
2026-09-15,M_NTD,MARGIN,,0,元
2026-09-15,RDI_NTD,RECEIVABLES FOR DISPOSAL OF INVESTMENTS,,1422387891,元
2026-09-15,RP_NTD,RP,,3318409687,元
2026-09-16,2330,台積電,15.52,9800000,股
2026-09-16,2454,聯發科,6.66,2210000,股
2026-09-16,3017,奇鋐,6.02,2850000,股
2026-09-16,2383,台光電,5.41,1600000,股
2026-09-16,3037,欣興,5.41,8460000,股
2026-09-16,2303,聯電,5.2,55000000,股
2026-09-16,6223,旺矽,4.1,1100000,股
2026-09-16,3653,健策,3.89,1115000,股
2026-09-16,2308,台達電,3.13,2750000,股
2026-09-16,6669,緯穎,2.86,1987956,股
2026-09-16,2327,國巨*,2.85,8000000,股
2026-09-16,2345,智邦,2.82,2307000,股
2026-09-16,3443,創意,2.55,620000,股
2026-09-16,3189,景碩,2.1,3850000,股
2026-09-16,8046,南電,2.04,2770000,股
2026-09-16,1303,南亞,2.01,13500000,股
2026-09-16,6274,台燿,1.79,1900000,股
2026-09-16,6488,環球晶,1.75,2800000,股
2026-09-16,3665,貿聯-KY,1.72,1293000,股
2026-09-16,3008,大立光,1.57,380000,股
2026-09-16,5274,信驊,1.46,120500,股
2026-09-16,2360,致茂,1.39,1000000,股
2026-09-16,8996,高力,1.37,1580000,股
2026-09-16,6805,富世達,1.03,760000,股
2026-09-16,6239,力成,0.98,5360000,股
2026-09-16,2317,鴻海,0.53,3200000,股
2026-09-16,7769,鴻勁,0.53,130000,股
2026-09-16,3211,順達,0.49,2000000,股
2026-09-16,2449,京元電子,0.45,2600000,股
2026-09-16,3450,聯鈞,0.4,1102000,股
2026-09-16,3711,日月光投控,0.4,1000000,股
2026-09-16,6442,光聖,0.37,350000,股
2026-09-16,2059,川湖,0.36,45000,股
2026-09-16,3583,辛耘,0.36,800000,股
2026-09-16,2481,強茂,0.34,3000000,股
2026-09-16,2882,國泰金,0.3,4000000,股
2026-09-16,2408,南亞科,0.25,760000,股
2026-09-16,2404,漢唐,0.17,250000,股
2026-09-16,3533,嘉澤,0.16,160000,股
2026-09-16,2455,全新,0.13,386000,股
2026-09-16,3264,欣銓,0.1,700000,股
2026-09-16,1560,中砂,0.09,191000,股
2026-09-16,1717,長興,0.07,1500000,股
2026-09-16,2301,光寶科,0.06,300000,股
2026-09-16,6285,啟碁,0.05,350000,股
2026-09-16,8358,金居,0.03,100000,股
2026-09-16,2049,上銀,0.0,1000,股
2026-09-16,2337,旺宏,0.0,1000,股
2026-09-16,2344,華邦電,0.0,1000,股
2026-09-16,6196,帆宣,0.0,1000,股
2026-09-16,8299,群聯,0.0,1000,股
2026-09-16,C_NTD,CASH,,7111731334,元
2026-09-16,M_NTD,MARGIN,,0,元
2026-09-16,RDI_NTD,RECEIVABLES FOR DISPOSAL OF INVESTMENTS,,702770270,元
2026-09-16,RP_NTD,RP,,4153255035,元
2026-09-17,2330,台積電,15.86,9800000,股
2026-09-17,2454,聯發科,6.64,2210000,股
2026-09-17,3017,奇鋐,6.06,2850000,股
2026-09-17,2303,聯電,5.71,58000000,股
2026-09-17,3037,欣興,5.31,8460000,股
2026-09-17,2383,台光電,5.01,1600000,股
2026-09-17,6223,旺矽,4.04,1100000,股
2026-09-17,3653,健策,3.98,1115000,股
2026-09-17,2308,台達電,3.09,2750000,股
2026-09-17,6669,緯穎,2.83,1987956,股
2026-09-17,2327,國巨*,2.82,8000000,股
2026-09-17,2345,智邦,2.77,2307000,股
2026-09-17,3443,創意,2.69,620000,股
2026-09-17,1303,南亞,2.13,13500000,股
2026-09-17,3189,景碩,2.07,3850000,股
2026-09-17,8046,南電,1.97,2770000,股
2026-09-17,3665,貿聯-KY,1.73,1293000,股
2026-09-17,6488,環球晶,1.7,2800000,股
2026-09-17,6274,台燿,1.67,1900000,股
2026-09-17,5274,信驊,1.47,120500,股
2026-09-17,2360,致茂,1.39,1000000,股
2026-09-17,8996,高力,1.37,1580000,股
2026-09-17,3008,大立光,1.12,280000,股
2026-09-17,6805,富世達,1.06,760000,股
2026-09-17,6239,力成,0.98,5360000,股
2026-09-17,2317,鴻海,0.53,3200000,股
2026-09-17,7769,鴻勁,0.53,130000,股
2026-09-17,3211,順達,0.48,2000000,股
2026-09-17,2449,京元電子,0.46,2600000,股
2026-09-17,3450,聯鈞,0.46,1300000,股
2026-09-17,2059,川湖,0.45,55000,股
2026-09-17,3711,日月光投控,0.41,1000000,股
2026-09-17,2408,南亞科,0.39,1200000,股
2026-09-17,3583,辛耘,0.37,800000,股
2026-09-17,6442,光聖,0.35,350000,股
2026-09-17,2481,強茂,0.33,3000000,股
2026-09-17,2882,國泰金,0.3,4000000,股
2026-09-17,2404,漢唐,0.17,250000,股
2026-09-17,2455,全新,0.14,386000,股
2026-09-17,3533,嘉澤,0.12,120000,股
2026-09-17,3264,欣銓,0.11,700000,股
2026-09-17,1560,中砂,0.1,191000,股
2026-09-17,1717,長興,0.07,1500000,股
2026-09-17,2301,光寶科,0.06,300000,股
2026-09-17,6285,啟碁,0.05,350000,股
2026-09-17,8358,金居,0.03,100000,股
2026-09-17,2049,上銀,0.0,1000,股
2026-09-17,2337,旺宏,0.0,1000,股
2026-09-17,2344,華邦電,0.0,1000,股
2026-09-17,6196,帆宣,0.0,1000,股
2026-09-17,8299,群聯,0.0,1000,股
2026-09-17,C_NTD,CASH,,8065724357,元
2026-09-17,M_NTD,MARGIN,,0,元
2026-09-17,RDI_NTD,RECEIVABLES FOR DISPOSAL OF INVESTMENTS,,-780523326,元
2026-09-17,RP_NTD,RP,,4368255035,元
2026-09-18,2330,台積電,15.41,9700000,股
2026-09-18,2454,聯發科,6.72,2210000,股
2026-09-18,3017,奇鋐,6.31,2850000,股
2026-09-18,2303,聯電,6.04,60000000,股
2026-09-18,3037,欣興,5.36,8460000,股
2026-09-18,2383,台光電,5.05,1600000,股
2026-09-18,6223,旺矽,4.12,1100000,股
2026-09-18,3653,健策,3.98,1115000,股
2026-09-18,2308,台達電,3.08,2750000,股
2026-09-18,3443,創意,2.86,620000,股
2026-09-18,2327,國巨*,2.84,8000000,股
2026-09-18,2345,智邦,2.76,2307000,股
2026-09-18,6669,緯穎,2.75,1987956,股
2026-09-18,3189,景碩,2.15,4000000,股
2026-09-18,1303,南亞,2.07,13500000,股
2026-09-18,8046,南電,1.97,2770000,股
2026-09-18,3665,貿聯-KY,1.85,1293000,股
2026-09-18,6488,環球晶,1.71,2800000,股
2026-09-18,6274,台燿,1.68,1900000,股
2026-09-18,5274,信驊,1.5,120500,股
2026-09-18,2360,致茂,1.48,1000000,股
2026-09-18,8996,高力,1.46,1580000,股
2026-09-18,3008,大立光,1.16,280000,股
2026-09-18,6805,富世達,1.13,762000,股
2026-09-18,2408,南亞科,0.68,2000000,股
2026-09-18,7769,鴻勁,0.55,130000,股
2026-09-18,2317,鴻海,0.52,3200000,股
2026-09-18,6239,力成,0.51,2800000,股
2026-09-18,2449,京元電子,0.49,2600000,股
2026-09-18,3211,順達,0.48,2000000,股
2026-09-18,3450,聯鈞,0.45,1300000,股
2026-09-18,2059,川湖,0.44,55000,股
2026-09-18,3711,日月光投控,0.41,1000000,股
2026-09-18,3583,辛耘,0.36,800000,股
2026-09-18,6442,光聖,0.36,350000,股
2026-09-18,2481,強茂,0.33,3000000,股
2026-09-18,2882,國泰金,0.29,4000000,股
2026-09-18,2404,漢唐,0.18,250000,股
2026-09-18,2455,全新,0.14,386000,股
2026-09-18,1560,中砂,0.11,191000,股
2026-09-18,3533,嘉澤,0.08,80000,股
2026-09-18,1717,長興,0.07,1500000,股
2026-09-18,2301,光寶科,0.05,300000,股
2026-09-18,6285,啟碁,0.05,350000,股
2026-09-18,8358,金居,0.03,100000,股
2026-09-18,2049,上銀,0.0,1000,股
2026-09-18,2337,旺宏,0.0,1000,股
2026-09-18,2344,華邦電,0.0,1000,股
2026-09-18,3264,欣銓,0.0,1000,股
2026-09-18,6196,帆宣,0.0,1000,股
2026-09-18,8299,群聯,0.0,1000,股
2026-09-18,C_NTD,CASH,,7520429068,元
2026-09-18,M_NTD,MARGIN,,0,元
2026-09-18,RDI_NTD,RECEIVABLES FOR DISPOSAL OF INVESTMENTS,,111108070,元
2026-09-18,RP_NTD,RP,,4382237825,元
2026-09-21,2330,台積電,15.25,9600000,股
2026-09-21,2454,聯發科,7.09,2210000,股
2026-09-21,3017,奇鋐,6.23,2850000,股
2026-09-21,2303,聯電,6.03,60000000,股
2026-09-21,3037,欣興,5.53,8460000,股
2026-09-21,2383,台光電,5.02,1600000,股
2026-09-21,3653,健策,4.13,1115000,股
2026-09-21,6223,旺矽,3.87,1100000,股
2026-09-21,2308,台達電,3.4,2830000,股
2026-09-21,3443,創意,3.15,645000,股
2026-09-21,2327,國巨*,2.85,8000000,股
2026-09-21,6669,緯穎,2.74,1987956,股
2026-09-21,2345,智邦,2.57,2180000,股
2026-09-21,3189,景碩,2.12,4000000,股
2026-09-21,1303,南亞,2.07,13500000,股
2026-09-21,3665,貿聯-KY,1.9,1293000,股
2026-09-21,8046,南電,1.88,2770000,股
2026-09-21,6274,台燿,1.75,1900000,股
2026-09-21,6488,環球晶,1.67,2800000,股
2026-09-21,5274,信驊,1.53,120500,股
2026-09-21,8996,高力,1.52,1580000,股
2026-09-21,6805,富世達,1.3,840000,股
2026-09-21,2360,致茂,1.17,770000,股
2026-09-21,3008,大立光,1.15,280000,股
2026-09-21,2449,京元電子,0.68,3500000,股
2026-09-21,2408,南亞科,0.66,2000000,股
2026-09-21,2059,川湖,0.53,65000,股
2026-09-21,3450,聯鈞,0.52,1500000,股
2026-09-21,2317,鴻海,0.51,3200000,股
2026-09-21,3211,順達,0.5,2000000,股
2026-09-21,7769,鴻勁,0.5,130000,股
2026-09-21,3711,日月光投控,0.42,1000000,股
2026-09-21,3583,辛耘,0.36,800000,股
2026-09-21,6239,力成,0.34,1800000,股
2026-09-21,6442,光聖,0.34,350000,股
2026-09-21,2481,強茂,0.32,3000000,股
2026-09-21,2882,國泰金,0.29,4000000,股
2026-09-21,2404,漢唐,0.18,250000,股
2026-09-21,2455,全新,0.14,386000,股
2026-09-21,1560,中砂,0.11,191000,股
2026-09-21,1717,長興,0.07,1500000,股
2026-09-21,2301,光寶科,0.06,300000,股
2026-09-21,6285,啟碁,0.05,350000,股
2026-09-21,3533,嘉澤,0.04,40000,股
2026-09-21,8358,金居,0.03,100000,股
2026-09-21,2049,上銀,0.0,1000,股
2026-09-21,2337,旺宏,0.0,1000,股
2026-09-21,2344,華邦電,0.0,1000,股
2026-09-21,3264,欣銓,0.0,1000,股
2026-09-21,6196,帆宣,0.0,1000,股
2026-09-21,8299,群聯,0.0,1000,股
2026-09-21,C_NTD,CASH,,7687010893,元
2026-09-21,M_NTD,MARGIN,,0,元
2026-09-21,RDI_NTD,RECEIVABLES FOR DISPOSAL OF INVESTMENTS,,676227108,元
2026-09-21,RP_NTD,RP,,3992237825,元
2026-09-22,2330,台積電,14.74,9400000,股
2026-09-22,2454,聯發科,7.3,2210000,股
2026-09-22,3017,奇鋐,6.16,2850000,股
2026-09-22,2303,聯電,6.12,60000000,股
2026-09-22,3037,欣興,6.04,8460000,股
2026-09-22,2383,台光電,4.96,1600000,股
2026-09-22,3653,健策,4.14,1115000,股
2026-09-22,6223,旺矽,3.75,1100000,股
2026-09-22,2308,台達電,3.51,2900000,股
2026-09-22,3443,創意,3.45,646000,股
2026-09-22,2327,國巨*,2.91,8000000,股
2026-09-22,2345,智邦,2.52,2060000,股
2026-09-22,6669,緯穎,2.52,1867956,股
2026-09-22,3189,景碩,2.32,4000000,股
2026-09-22,8046,南電,2.06,2770000,股
2026-09-22,1303,南亞,1.99,13500000,股
2026-09-22,3665,貿聯-KY,1.85,1293000,股
2026-09-22,6274,台燿,1.74,1900000,股
2026-09-22,6488,環球晶,1.73,2800000,股
2026-09-22,8996,高力,1.71,1625000,股
2026-09-22,5274,信驊,1.61,120500,股
2026-09-22,6805,富世達,1.34,840000,股
2026-09-22,3008,大立光,1.14,280000,股
2026-09-22,2360,致茂,1.06,680000,股
2026-09-22,2449,京元電子,0.81,4000000,股
2026-09-22,2408,南亞科,0.63,2000000,股
2026-09-22,2059,川湖,0.61,75000,股
2026-09-22,2317,鴻海,0.52,3200000,股
2026-09-22,7769,鴻勁,0.51,130000,股
2026-09-22,3450,聯鈞,0.5,1500000,股
2026-09-22,3211,順達,0.49,2000000,股
2026-09-22,3711,日月光投控,0.44,1000000,股
2026-09-22,3583,辛耘,0.36,800000,股
2026-09-22,6442,光聖,0.34,350000,股
2026-09-22,2481,強茂,0.33,3000000,股
2026-09-22,2882,國泰金,0.29,4000000,股
2026-09-22,2404,漢唐,0.18,250000,股
2026-09-22,2455,全新,0.13,386000,股
2026-09-22,1560,中砂,0.12,191000,股
2026-09-22,1717,長興,0.07,1500000,股
2026-09-22,2301,光寶科,0.05,300000,股
2026-09-22,6285,啟碁,0.05,350000,股
2026-09-22,8358,金居,0.03,100000,股
2026-09-22,2049,上銀,0.0,1000,股
2026-09-22,2337,旺宏,0.0,1000,股
2026-09-22,2344,華邦電,0.0,1000,股
2026-09-22,3264,欣銓,0.0,1000,股
2026-09-22,6196,帆宣,0.0,1000,股
2026-09-22,6239,力成,0.0,1000,股
2026-09-22,8299,群聯,0.0,1000,股
2026-09-22,C_NTD,CASH,,8121787272,元
2026-09-22,M_NTD,MARGIN,,0,元
2026-09-22,RDI_NTD,RECEIVABLES FOR DISPOSAL OF INVESTMENTS,,1628895497,元
2026-09-22,RP_NTD,RP,,3992237825,元
2026-09-23,2330,台積電,13.73,8400000,股
2026-09-23,2454,聯發科,7.49,2210000,股
2026-09-23,3017,奇鋐,6.47,2850000,股
2026-09-23,3037,欣興,6.42,8460000,股
2026-09-23,2303,聯電,6.28,60000000,股
2026-09-23,2383,台光電,5.25,1600000,股
2026-09-23,3653,健策,4.67,1115000,股
2026-09-23,6223,旺矽,4.04,1100000,股
2026-09-23,2308,台達電,3.6,2900000,股
2026-09-23,3443,創意,3.54,646000,股
2026-09-23,2327,國巨*,3.0,8000000,股
2026-09-23,6669,緯穎,2.52,1827956,股
2026-09-23,3189,景碩,2.37,4000000,股
2026-09-23,2345,智邦,2.35,1900000,股
2026-09-23,8046,南電,2.19,2770000,股
2026-09-23,1303,南亞,2.01,13500000,股
2026-09-23,3665,貿聯-KY,1.98,1293000,股
2026-09-23,6274,台燿,1.81,1900000,股
2026-09-23,6488,環球晶,1.74,2800000,股
2026-09-23,8996,高力,1.64,1625000,股
2026-09-23,6805,富世達,1.43,840000,股
2026-09-23,5274,信驊,1.27,95500,股
2026-09-23,3008,大立光,1.13,280000,股
2026-09-23,2408,南亞科,0.94,2800000,股
2026-09-23,2449,京元電子,0.8,4000000,股
2026-09-23,2360,致茂,0.71,470000,股
2026-09-23,2059,川湖,0.61,75000,股
2026-09-23,2317,鴻海,0.54,3200000,股
2026-09-23,3450,聯鈞,0.51,1500000,股
2026-09-23,3211,順達,0.5,2000000,股
2026-09-23,3583,辛耘,0.36,800000,股
2026-09-23,6442,光聖,0.35,350000,股
2026-09-23,2481,強茂,0.34,3000000,股
2026-09-23,7769,鴻勁,0.31,80000,股
2026-09-23,2882,國泰金,0.29,4000000,股
2026-09-23,2455,全新,0.14,386000,股
2026-09-23,1560,中砂,0.12,191000,股
2026-09-23,2301,光寶科,0.06,300000,股
2026-09-23,6285,啟碁,0.05,350000,股
2026-09-23,1717,長興,0.04,900000,股
2026-09-23,8358,金居,0.03,100000,股
2026-09-23,2049,上銀,0.0,1000,股
2026-09-23,2337,旺宏,0.0,1000,股
2026-09-23,2344,華邦電,0.0,1000,股
2026-09-23,2404,漢唐,0.0,1000,股
2026-09-23,3264,欣銓,0.0,1000,股
2026-09-23,3711,日月光投控,0.0,1000,股
2026-09-23,6196,帆宣,0.0,1000,股
2026-09-23,6239,力成,0.0,1000,股
2026-09-23,8299,群聯,0.0,1000,股
2026-09-23,C_NTD,CASH,,7570449088,元
2026-09-23,M_NTD,MARGIN,,0,元
2026-09-23,RDI_NTD,RECEIVABLES FOR DISPOSAL OF INVESTMENTS,,6063140450,元
2026-09-23,RP_NTD,RP,,3962409492,元
2026-09-24,2330,台積電,12.81,7700000,股
2026-09-24,2454,聯發科,7.85,2210000,股
2026-09-24,3017,奇鋐,6.81,2850000,股
2026-09-24,3037,欣興,6.74,8460000,股
2026-09-24,2303,聯電,5.38,52000000,股
2026-09-24,3653,健策,5.19,1115000,股
2026-09-24,2383,台光電,4.75,1400000,股
2026-09-24,6223,旺矽,4.0,1100000,股
2026-09-24,2308,台達電,3.72,2900000,股
2026-09-24,3443,創意,3.7,646000,股
2026-09-24,2327,國巨*,3.12,8000000,股
2026-09-24,3189,景碩,2.79,4310000,股
2026-09-24,6669,緯穎,2.51,1767956,股
2026-09-24,2345,智邦,2.42,1900000,股
2026-09-24,8046,南電,2.42,2900000,股
2026-09-24,3665,貿聯-KY,2.03,1293000,股
2026-09-24,6274,台燿,1.91,1900000,股
2026-09-24,6488,環球晶,1.78,2800000,股
2026-09-24,8996,高力,1.67,1625000,股
2026-09-24,1303,南亞,1.6,10000000,股
2026-09-24,6805,富世達,1.43,840000,股
2026-09-24,5274,信驊,1.27,95500,股
2026-09-24,3008,大立光,1.18,280000,股
2026-09-24,2408,南亞科,0.95,2800000,股
2026-09-24,2449,京元電子,0.84,4000000,股
2026-09-24,2059,川湖,0.62,75000,股
2026-09-24,2317,鴻海,0.54,3200000,股
2026-09-24,3450,聯鈞,0.52,1500000,股
2026-09-24,3211,順達,0.51,2000000,股
2026-09-24,2360,致茂,0.48,310000,股
2026-09-24,3583,辛耘,0.38,800000,股
2026-09-24,6442,光聖,0.36,350000,股
2026-09-24,2481,強茂,0.35,3000000,股
2026-09-24,2882,國泰金,0.3,4000000,股
2026-09-24,2455,全新,0.14,386000,股
2026-09-24,1560,中砂,0.12,191000,股
2026-09-24,2301,光寶科,0.06,300000,股
2026-09-24,6285,啟碁,0.06,350000,股
2026-09-24,1717,長興,0.04,900000,股
2026-09-24,8358,金居,0.03,100000,股
2026-09-24,2049,上銀,0.0,1000,股
2026-09-24,2337,旺宏,0.0,1000,股
2026-09-24,2344,華邦電,0.0,1000,股
2026-09-24,2404,漢唐,0.0,1000,股
2026-09-24,3264,欣銓,0.0,1000,股
2026-09-24,3711,日月光投控,0.0,1000,股
2026-09-24,6196,帆宣,0.0,1000,股
2026-09-24,6239,力成,0.0,1000,股
2026-09-24,7769,鴻勁,0.0,1000,股
2026-09-24,8299,群聯,0.0,1000,股
2026-09-24,C_NTD,CASH,,8450947291,元
2026-09-24,M_NTD,MARGIN,,0,元
2026-09-24,RDI_NTD,RECEIVABLES FOR DISPOSAL OF INVESTMENTS,,10014294462,元
2026-09-24,RP_NTD,RP,,3462409492,元
2026-09-29,2330,台積電,13.09,7700000,股
2026-09-29,2454,聯發科,7.45,2210000,股
2026-09-29,3037,欣興,6.77,8460000,股
2026-09-29,3017,奇鋐,5.84,2500000,股
2026-09-29,2303,聯電,5.48,52000000,股
2026-09-29,3653,健策,5.28,1115000,股
2026-09-29,2383,台光電,4.73,1400000,股
2026-09-29,6223,旺矽,3.92,1100000,股
2026-09-29,2308,台達電,3.66,2900000,股
2026-09-29,3443,創意,3.32,610000,股
2026-09-29,2327,國巨*,3.01,8000000,股
2026-09-29,3189,景碩,2.83,4310000,股
2026-09-29,6669,緯穎,2.55,1767956,股
2026-09-29,8046,南電,2.53,2900000,股
2026-09-29,2345,智邦,2.24,1800000,股
2026-09-29,3665,貿聯-KY,2.17,1293000,股
2026-09-29,6274,台燿,1.94,1900000,股
2026-09-29,8996,高力,1.85,1700000,股
2026-09-29,6488,環球晶,1.82,2800000,股
2026-09-29,1303,南亞,1.7,10000000,股
2026-09-29,6805,富世達,1.45,840000,股
2026-09-29,5274,信驊,1.27,95500,股
2026-09-29,3008,大立光,1.16,280000,股
2026-09-29,2408,南亞科,0.97,2800000,股
2026-09-29,2449,京元電子,0.81,4000000,股
2026-09-29,2059,川湖,0.62,75000,股
2026-09-29,2317,鴻海,0.55,3200000,股
2026-09-29,3450,聯鈞,0.54,1500000,股
2026-09-29,3211,順達,0.53,2000000,股
2026-09-29,3583,辛耘,0.39,800000,股
2026-09-29,2481,強茂,0.36,3000000,股
2026-09-29,6442,光聖,0.36,350000,股
2026-09-29,2882,國泰金,0.31,4000000,股
2026-09-29,2360,致茂,0.21,140000,股
2026-09-29,2455,全新,0.14,386000,股
2026-09-29,1560,中砂,0.13,191000,股
2026-09-29,2301,光寶科,0.06,300000,股
2026-09-29,6285,啟碁,0.06,350000,股
2026-09-29,1717,長興,0.04,900000,股
2026-09-29,8358,金居,0.03,100000,股
2026-09-29,2049,上銀,0.0,1000,股
2026-09-29,2337,旺宏,0.0,1000,股
2026-09-29,2344,華邦電,0.0,1000,股
2026-09-29,2404,漢唐,0.0,1000,股
2026-09-29,3264,欣銓,0.0,1000,股
2026-09-29,3711,日月光投控,0.0,1000,股
2026-09-29,6196,帆宣,0.0,1000,股
2026-09-29,6239,力成,0.0,1000,股
2026-09-29,7769,鴻勁,0.0,1000,股
2026-09-29,8299,群聯,0.0,1000,股
2026-09-29,C_NTD,CASH,,11100103435,元
2026-09-29,M_NTD,MARGIN,,0,元
2026-09-29,RDI_NTD,RECEIVABLES FOR DISPOSAL OF INVESTMENTS,,7122735902,元
2026-09-29,RP_NTD,RP,,3462409492,元
2026-09-30,2330,台積電,13.09,7700000,股
2026-09-30,2454,聯發科,7.45,2210000,股
2026-09-30,3037,欣興,6.81,8460000,股
2026-09-30,3017,奇鋐,5.88,2500000,股
2026-09-30,2303,聯電,5.51,52000000,股
2026-09-30,3653,健策,5.2,1115000,股
2026-09-30,2383,台光電,4.73,1400000,股
2026-09-30,2308,台達電,3.76,2900000,股
2026-09-30,6223,旺矽,3.51,1000000,股
2026-09-30,3443,創意,3.36,610000,股
2026-09-30,2327,國巨*,3.0,8000000,股
2026-09-30,3189,景碩,2.86,4310000,股
2026-09-30,8046,南電,2.66,2900000,股
2026-09-30,6669,緯穎,2.53,1767956,股
2026-09-30,3665,貿聯-KY,2.49,1400000,股
2026-09-30,2345,智邦,2.07,1700000,股
2026-09-30,6488,環球晶,1.99,2800000,股
2026-09-30,6274,台燿,1.98,1900000,股
2026-09-30,8996,高力,1.98,1800000,股
2026-09-30,1303,南亞,1.75,10000000,股
2026-09-30,5274,信驊,1.23,95500,股
2026-09-30,6805,富世達,1.18,700000,股
2026-09-30,2408,南亞科,1.0,2800000,股
2026-09-30,2449,京元電子,0.81,4000000,股
2026-09-30,3008,大立光,0.81,200000,股
2026-09-30,2059,川湖,0.62,75000,股
2026-09-30,2317,鴻海,0.55,3200000,股
2026-09-30,3211,順達,0.55,2000000,股
2026-09-30,3450,聯鈞,0.54,1500000,股
2026-09-30,3583,辛耘,0.39,800000,股
2026-09-30,6442,光聖,0.36,350000,股
2026-09-30,2481,強茂,0.35,3000000,股
2026-09-30,2882,國泰金,0.3,4000000,股
2026-09-30,2455,全新,0.15,386000,股
2026-09-30,2360,致茂,0.14,95000,股
2026-09-30,1560,中砂,0.13,191000,股
2026-09-30,2301,光寶科,0.06,300000,股
2026-09-30,6285,啟碁,0.06,350000,股
2026-09-30,1717,長興,0.05,900000,股
2026-09-30,8358,金居,0.03,100000,股
2026-09-30,2049,上銀,0.0,1000,股
2026-09-30,2337,旺宏,0.0,1000,股
2026-09-30,2344,華邦電,0.0,1000,股
2026-09-30,2404,漢唐,0.0,1000,股
2026-09-30,3264,欣銓,0.0,1000,股
2026-09-30,3711,日月光投控,0.0,1000,股
2026-09-30,6196,帆宣,0.0,1000,股
2026-09-30,6239,力成,0.0,1000,股
2026-09-30,7769,鴻勁,0.0,1000,股
2026-09-30,8299,群聯,0.0,1000,股
2026-09-30,C_NTD,CASH,,9904476305,元
2026-09-30,M_NTD,MARGIN,,0,元
2026-09-30,RDI_NTD,RECEIVABLES FOR DISPOSAL OF INVESTMENTS,,3053949045,元
2026-09-30,RP_NTD,RP,,4180466732,元
2026-10-01,2330,台積電,13.1,7700000,股
2026-10-01,2454,聯發科,7.46,2210000,股
2026-10-01,3037,欣興,6.97,8460000,股
2026-10-01,3017,奇鋐,5.95,2500000,股
2026-10-01,2303,聯電,5.69,52000000,股
2026-10-01,3653,健策,5.2,1115000,股
2026-10-01,2383,台光電,4.72,1400000,股
2026-10-01,2308,台達電,3.75,2900000,股
2026-10-01,2327,國巨*,3.26,8000000,股
2026-10-01,6223,旺矽,3.17,930000,股
2026-10-01,3443,創意,3.05,570000,股
2026-10-01,3189,景碩,2.95,4310000,股
2026-10-01,8046,南電,2.9,3010000,股
2026-10-01,3665,貿聯-KY,2.53,1460000,股
2026-10-01,6669,緯穎,2.53,1767956,股
2026-10-01,2345,智邦,2.06,1600000,股
2026-10-01,6488,環球晶,2.06,2800000,股
2026-10-01,6274,台燿,1.98,1900000,股
2026-10-01,8996,高力,1.91,1800000,股
2026-10-01,1303,南亞,1.72,10000000,股
2026-10-01,5274,信驊,1.23,95500,股
2026-10-01,2408,南亞科,0.99,2800000,股
2026-10-01,6805,富世達,0.86,530000,股
2026-10-01,3008,大立光,0.84,200000,股
2026-10-01,2449,京元電子,0.8,4000000,股
2026-10-01,2059,川湖,0.6,75000,股
2026-10-01,2317,鴻海,0.55,3200000,股
2026-10-01,3211,順達,0.53,2000000,股
2026-10-01,3450,聯鈞,0.52,1500000,股
2026-10-01,3583,辛耘,0.38,800000,股
2026-10-01,2481,強茂,0.36,3000000,股
2026-10-01,6442,光聖,0.35,350000,股
2026-10-01,2882,國泰金,0.3,4000000,股
2026-10-01,1560,中砂,0.13,191000,股
2026-10-01,2360,致茂,0.13,95000,股
2026-10-01,2455,全新,0.11,300000,股
2026-10-01,2301,光寶科,0.06,300000,股
2026-10-01,6285,啟碁,0.06,350000,股
2026-10-01,1717,長興,0.04,900000,股
2026-10-01,8358,金居,0.03,100000,股
2026-10-01,2049,上銀,0.0,1000,股
2026-10-01,2337,旺宏,0.0,1000,股
2026-10-01,2344,華邦電,0.0,1000,股
2026-10-01,2404,漢唐,0.0,1000,股
2026-10-01,3264,欣銓,0.0,1000,股
2026-10-01,3711,日月光投控,0.0,1000,股
2026-10-01,6196,帆宣,0.0,1000,股
2026-10-01,6239,力成,0.0,1000,股
2026-10-01,7769,鴻勁,0.0,1000,股
2026-10-01,8299,群聯,0.0,1000,股
2026-10-01,C_NTD,CASH,,6232787898,元
2026-10-01,M_NTD,MARGIN,,0,元
2026-10-01,RDI_NTD,RECEIVABLES FOR DISPOSAL OF INVESTMENTS,,2153678939,元
2026-10-01,RP_NTD,RP,,4630466732,元
2026-10-02,2330,台積電,13.16,7700000,股
2026-10-02,3037,欣興,7.55,8460000,股
2026-10-02,2454,聯發科,7.48,2210000,股
2026-10-02,2303,聯電,5.74,52000000,股
2026-10-02,3653,健策,5.18,1115000,股
2026-10-02,2383,台光電,4.96,1400000,股
2026-10-02,3017,奇鋐,4.94,2100000,股
2026-10-02,2308,台達電,3.74,2900000,股
2026-10-02,2327,國巨*,3.42,8000000,股
2026-10-02,6223,旺矽,3.38,930000,股
2026-10-02,3189,景碩,3.09,4310000,股
2026-10-02,3443,創意,3.08,570000,股
2026-10-02,8046,南電,3.0,3010000,股
2026-10-02,3665,貿聯-KY,2.53,1460000,股
2026-10-02,6669,緯穎,2.42,1697956,股
2026-10-02,6488,環球晶,2.3,2824000,股
2026-10-02,2345,智邦,2.15,1600000,股
2026-10-02,6274,台燿,2.1,1900000,股
2026-10-02,8996,高力,1.86,1800000,股
2026-10-02,1303,南亞,1.78,10000000,股
2026-10-02,5274,信驊,1.23,95500,股
2026-10-02,2408,南亞科,1.01,2800000,股
2026-10-02,3008,大立光,0.86,200000,股
2026-10-02,2449,京元電子,0.81,4000000,股
2026-10-02,2059,川湖,0.62,75000,股
2026-10-02,3450,聯鈞,0.56,1500000,股
2026-10-02,2317,鴻海,0.55,3200000,股
2026-10-02,6805,富世達,0.55,350000,股
2026-10-02,3211,順達,0.54,2000000,股
2026-10-02,3583,辛耘,0.39,800000,股
2026-10-02,6442,光聖,0.39,350000,股
2026-10-02,2882,國泰金,0.3,4000000,股
2026-10-02,2481,強茂,0.24,2000000,股
2026-10-02,1560,中砂,0.13,191000,股
2026-10-02,2455,全新,0.12,300000,股
2026-10-02,2301,光寶科,0.06,300000,股
2026-10-02,6285,啟碁,0.06,350000,股
2026-10-02,1717,長興,0.05,900000,股
2026-10-02,2360,致茂,0.02,15000,股
2026-10-02,8358,金居,0.02,50000,股
2026-10-02,2049,上銀,0.0,1000,股
2026-10-02,2337,旺宏,0.0,1000,股
2026-10-02,2344,華邦電,0.0,1000,股
2026-10-02,2404,漢唐,0.0,1000,股
2026-10-02,3264,欣銓,0.0,1000,股
2026-10-02,3711,日月光投控,0.0,1000,股
2026-10-02,6196,帆宣,0.0,1000,股
2026-10-02,6239,力成,0.0,1000,股
2026-10-02,7769,鴻勁,0.0,1000,股
2026-10-02,8299,群聯,0.0,1000,股
2026-10-02,C_NTD,CASH,,7236268662,元
2026-10-02,M_NTD,MARGIN,,0,元
2026-10-02,RDI_NTD,RECEIVABLES FOR DISPOSAL OF INVESTMENTS,,3253684135,元
2026-10-02,RP_NTD,RP,,4465466732,元
2026-10-05,2330,台積電,13.31,7700000,股
2026-10-05,2454,聯發科,7.66,2210000,股
2026-10-05,3037,欣興,7.53,8460000,股
2026-10-05,3653,健策,5.39,1115000,股
2026-10-05,2383,台光電,5.36,1400000,股
2026-10-05,3017,奇鋐,5.06,2100000,股
2026-10-05,2308,台達電,3.9,2900000,股
2026-10-05,2303,聯電,3.89,38000000,股
2026-10-05,2327,國巨*,3.53,8400000,股
2026-10-05,6223,旺矽,3.45,930000,股
2026-10-05,3443,創意,3.29,570000,股
2026-10-05,3189,景碩,3.27,4450000,股
2026-10-05,8046,南電,3.02,3010000,股
2026-10-05,6669,緯穎,2.45,1697956,股
2026-10-05,3665,貿聯-KY,2.44,1460000,股
2026-10-05,6274,台燿,2.27,1900000,股
2026-10-05,6488,環球晶,2.24,2824000,股
2026-10-05,2345,智邦,2.23,1600000,股
2026-10-05,8996,高力,1.93,1800000,股
2026-10-05,1303,南亞,1.92,10000000,股
2026-10-05,5274,信驊,1.25,95500,股
2026-10-05,2408,南亞科,1.0,2800000,股
2026-10-05,3008,大立光,0.9,200000,股
2026-10-05,2449,京元電子,0.79,4000000,股
2026-10-05,2059,川湖,0.67,75000,股
2026-10-05,6805,富世達,0.58,350000,股
2026-10-05,2317,鴻海,0.55,3200000,股
2026-10-05,3450,聯鈞,0.55,1500000,股
2026-10-05,3211,順達,0.54,2000000,股
2026-10-05,3583,辛耘,0.4,800000,股
2026-10-05,6442,光聖,0.4,350000,股
2026-10-05,2882,國泰金,0.3,4000000,股
2026-10-05,2481,強茂,0.16,1300000,股
2026-10-05,1560,中砂,0.13,191000,股
2026-10-05,2455,全新,0.12,300000,股
2026-10-05,2301,光寶科,0.06,300000,股
2026-10-05,6285,啟碁,0.06,350000,股
2026-10-05,1717,長興,0.05,900000,股
2026-10-05,8358,金居,0.02,50000,股
2026-10-05,2049,上銀,0.0,1000,股
2026-10-05,2337,旺宏,0.0,1000,股
2026-10-05,2344,華邦電,0.0,1000,股
2026-10-05,2360,致茂,0.0,1000,股
2026-10-05,2404,漢唐,0.0,1000,股
2026-10-05,3264,欣銓,0.0,1000,股
2026-10-05,3711,日月光投控,0.0,1000,股
2026-10-05,6196,帆宣,0.0,1000,股
2026-10-05,6239,力成,0.0,1000,股
2026-10-05,7769,鴻勁,0.0,1000,股
2026-10-05,8299,群聯,0.0,1000,股
2026-10-05,C_NTD,CASH,,6777936129,元
2026-10-05,M_NTD,MARGIN,,0,元
2026-10-05,RDI_NTD,RECEIVABLES FOR DISPOSAL OF INVESTMENTS,,4166379378,元
2026-10-05,RP_NTD,RP,,5040398678,元
2026-10-06,2330,台積電,13.64,7700000,股
2026-10-06,3037,欣興,7.0,7800000,股
2026-10-06,2454,聯發科,6.57,1950000,股
2026-10-06,2383,台光電,5.75,1400000,股
2026-10-06,3653,健策,5.41,1115000,股
2026-10-06,3017,奇鋐,5.3,2100000,股
2026-10-06,2308,台達電,4.07,2900000,股
2026-10-06,6223,旺矽,3.61,930000,股
2026-10-06,2327,國巨*,3.6,8400000,股
2026-10-06,3443,創意,3.56,620000,股
2026-10-06,3189,景碩,3.26,4450000,股
2026-10-06,8046,南電,3.1,3010000,股
2026-10-06,6669,緯穎,2.66,1697956,股
2026-10-06,2303,聯電,2.43,24000000,股
2026-10-06,3665,貿聯-KY,2.33,1460000,股
2026-10-06,6488,環球晶,2.33,2824000,股
2026-10-06,6274,台燿,2.28,1900000,股
2026-10-06,2345,智邦,2.25,1600000,股
2026-10-06,1303,南亞,2.21,11000000,股
2026-10-06,8996,高力,1.97,1800000,股
2026-10-06,5274,信驊,1.24,95500,股
2026-10-06,2408,南亞科,1.01,2800000,股
2026-10-06,3008,大立光,0.94,200000,股
2026-10-06,2449,京元電子,0.82,4000000,股
2026-10-06,2059,川湖,0.67,75000,股
2026-10-06,6805,富世達,0.58,350000,股
2026-10-06,2317,鴻海,0.56,3200000,股
2026-10-06,3450,聯鈞,0.55,1500000,股
2026-10-06,3211,順達,0.54,2000000,股
2026-10-06,3583,辛耘,0.42,800000,股
2026-10-06,6442,光聖,0.4,350000,股
2026-10-06,2882,國泰金,0.31,4000000,股
2026-10-06,2368,金像電,0.17,200000,股
2026-10-06,2481,強茂,0.16,1300000,股
2026-10-06,1560,中砂,0.13,191000,股
2026-10-06,2455,全新,0.08,200000,股
2026-10-06,2301,光寶科,0.06,300000,股
2026-10-06,6285,啟碁,0.06,350000,股
2026-10-06,1717,長興,0.05,900000,股
2026-10-06,8358,金居,0.02,50000,股
2026-10-06,2049,上銀,0.0,1000,股
2026-10-06,2337,旺宏,0.0,1000,股
2026-10-06,2344,華邦電,0.0,1000,股
2026-10-06,2360,致茂,0.0,1000,股
2026-10-06,2404,漢唐,0.0,1000,股
2026-10-06,3264,欣銓,0.0,1000,股
2026-10-06,3711,日月光投控,0.0,1000,股
2026-10-06,6196,帆宣,0.0,1000,股
2026-10-06,6239,力成,0.0,1000,股
2026-10-06,7769,鴻勁,0.0,1000,股
2026-10-06,8299,群聯,0.0,1000,股
2026-10-06,C_NTD,CASH,,7285058765,元
2026-10-06,M_NTD,MARGIN,,0,元
2026-10-06,RDI_NTD,RECEIVABLES FOR DISPOSAL OF INVESTMENTS,,5169117218,元
2026-10-06,RP_NTD,RP,,5920398678,元
2026-10-07,2330,台積電,13.75,7700000,股
2026-10-07,3037,欣興,7.03,7800000,股
2026-10-07,2454,聯發科,6.51,1950000,股
2026-10-07,2383,台光電,5.75,1400000,股
2026-10-07,3653,健策,5.24,1115000,股
2026-10-07,3017,奇鋐,5.14,2100000,股
2026-10-07,2308,台達電,3.99,2900000,股
2026-10-07,2327,國巨*,3.93,8800000,股
2026-10-07,3443,創意,3.74,640000,股
2026-10-07,6223,旺矽,3.55,930000,股
2026-10-07,3189,景碩,3.38,4450000,股
2026-10-07,8046,南電,3.08,3010000,股
2026-10-07,6669,緯穎,2.63,1697956,股
2026-10-07,1303,南亞,2.49,11500000,股
2026-10-07,6274,台燿,2.38,2000000,股
2026-10-07,3665,貿聯-KY,2.33,1460000,股
2026-10-07,2345,智邦,2.23,1600000,股
2026-10-07,2303,聯電,2.05,20000000,股
2026-10-07,8996,高力,2.05,1800000,股
2026-10-07,6488,環球晶,1.34,1600000,股
2026-10-07,5274,信驊,1.17,95500,股
2026-10-07,2408,南亞科,0.99,2800000,股
2026-10-07,3008,大立光,0.95,200000,股
2026-10-07,2449,京元電子,0.83,4000000,股
2026-10-07,2059,川湖,0.61,75000,股
2026-10-07,6805,富世達,0.59,350000,股
2026-10-07,2317,鴻海,0.56,3200000,股
2026-10-07,3450,聯鈞,0.55,1500000,股
2026-10-07,3211,順達,0.54,2000000,股
2026-10-07,6442,光聖,0.44,350000,股
2026-10-07,3583,辛耘,0.41,800000,股
2026-10-07,2882,國泰金,0.31,4000000,股
2026-10-07,2368,金像電,0.28,320000,股
2026-10-07,2481,強茂,0.16,1300000,股
2026-10-07,1560,中砂,0.13,191000,股
2026-10-07,2455,全新,0.08,200000,股
2026-10-07,2301,光寶科,0.06,300000,股
2026-10-07,6285,啟碁,0.06,350000,股
2026-10-07,1717,長興,0.05,900000,股
2026-10-07,2049,上銀,0.0,1000,股
2026-10-07,2337,旺宏,0.0,1000,股
2026-10-07,2344,華邦電,0.0,1000,股
2026-10-07,2360,致茂,0.0,1000,股
2026-10-07,2404,漢唐,0.0,1000,股
2026-10-07,3264,欣銓,0.0,1000,股
2026-10-07,3711,日月光投控,0.0,1000,股
2026-10-07,6196,帆宣,0.0,1000,股
2026-10-07,6239,力成,0.0,1000,股
2026-10-07,7769,鴻勁,0.0,1000,股
2026-10-07,8299,群聯,0.0,1000,股
2026-10-07,8358,金居,0.0,1000,股
2026-10-07,C_NTD,CASH,,6866274657,元
2026-10-07,M_NTD,MARGIN,,0,元
2026-10-07,RDI_NTD,RECEIVABLES FOR DISPOSAL OF INVESTMENTS,,4433943315,元
2026-10-07,RP_NTD,RP,,4994244579,元
2026-10-08,2330,台積電,13.68,7700000,股
2026-10-08,3037,欣興,6.9,7800000,股
2026-10-08,2454,聯發科,6.37,1950000,股
2026-10-08,2383,台光電,5.85,1400000,股
2026-10-08,3653,健策,5.57,1115000,股
2026-10-08,3017,奇鋐,5.03,2100000,股
2026-10-08,2308,台達電,3.97,2900000,股
2026-10-08,2327,國巨*,3.89,8800000,股
2026-10-08,3443,創意,3.73,640000,股
2026-10-08,6223,旺矽,3.61,930000,股
2026-10-08,3189,景碩,3.33,4450000,股
2026-10-08,8046,南電,3.09,3010000,股
2026-10-08,6669,緯穎,2.65,1697956,股
2026-10-08,6274,台燿,2.55,2100000,股
2026-10-08,1303,南亞,2.48,11500000,股
2026-10-08,3665,貿聯-KY,2.4,1460000,股
2026-10-08,2345,智邦,2.31,1600000,股
2026-10-08,8996,高力,2.14,1800000,股
2026-10-08,2303,聯電,2.06,20000000,股
2026-10-08,5274,信驊,1.43,117500,股
2026-10-08,2408,南亞科,1.04,2800000,股
2026-10-08,3008,大立光,0.93,200000,股
2026-10-08,2449,京元電子,0.85,4000000,股
2026-10-08,6488,環球晶,0.63,800000,股
2026-10-08,6805,富世達,0.58,350000,股
2026-10-08,2317,鴻海,0.56,3200000,股
2026-10-08,2059,川湖,0.55,75000,股
2026-10-08,3450,聯鈞,0.55,1500000,股
2026-10-08,3211,順達,0.54,2000000,股
2026-10-08,6442,光聖,0.44,350000,股
2026-10-08,2368,金像電,0.43,480000,股
2026-10-08,3583,辛耘,0.41,800000,股
2026-10-08,2882,國泰金,0.31,4000000,股
2026-10-08,2481,強茂,0.16,1300000,股
2026-10-08,1560,中砂,0.13,191000,股
2026-10-08,2455,全新,0.08,200000,股
2026-10-08,2301,光寶科,0.06,300000,股
2026-10-08,6285,啟碁,0.06,350000,股
2026-10-08,1717,長興,0.05,900000,股
2026-10-08,2049,上銀,0.0,1000,股
2026-10-08,2344,華邦電,0.0,1000,股
2026-10-08,2360,致茂,0.0,1000,股
2026-10-08,2404,漢唐,0.0,1000,股
2026-10-08,3264,欣銓,0.0,1000,股
2026-10-08,3711,日月光投控,0.0,1000,股
2026-10-08,6196,帆宣,0.0,1000,股
2026-10-08,6239,力成,0.0,1000,股
2026-10-08,7769,鴻勁,0.0,1000,股
2026-10-08,8299,群聯,0.0,1000,股
2026-10-08,8358,金居,0.0,1000,股
2026-10-08,C_NTD,CASH,,8973424566,元
2026-10-08,M_NTD,MARGIN,,0,元
2026-10-08,RDI_NTD,RECEIVABLES FOR DISPOSAL OF INVESTMENTS,,1286991421,元
2026-10-08,RP_NTD,RP,,4319244579,元
