date,code,name,weight,shares,unit
2026-06-05,NVDA US,NVIDIA Corp,8.36,85000,股
2026-06-05,AAPL US,Apple Inc,6.97,47400,股
2026-06-05,MU US,Micron Technology Inc,5.42,13100,股
2026-06-05,AMZN US,Amazon.com Inc,5.39,45800,股
2026-06-05,MSFT US,Microsoft Corp,4.13,20700,股
2026-06-05,AMD US,Advanced Micro Devices Inc,3.88,17400,股
2026-06-05,GOOG US,Alphabet Inc,3.88,22200,股
2026-06-05,GOOGL US,Alphabet Inc,3.88,22000,股
2026-06-05,META US,Meta Platforms Inc,3.4,12000,股
2026-06-05,AVGO US,Broadcom Inc,2.9,15700,股
2026-06-05,ARM US,ARM Holdings PLC,2.82,17200,股
2026-06-05,LRCX US,Lam Research Corp,2.39,16500,股
2026-06-05,WDC US,Western Digital Corp,2.3,9400,股
2026-06-05,PANW US,Palo Alto Networks Inc,2.21,17000,股
2026-06-05,TXN US,Texas Instruments Inc,2.0,14700,股
2026-06-05,ADI US,Analog Devices Inc,1.73,9000,股
2026-06-05,COHR US,Coherent Corp,1.71,9500,股
2026-06-05,CDNS US,Cadence Design Systems Inc,1.62,9000,股
2026-06-05,KLAC US,KLA Corp,1.57,1700,股
2026-06-05,CIEN US,Ciena Corp,1.52,6500,股
2026-06-05,MRVL US,Marvell Technology Inc,1.51,12000,股
2026-06-05,MCHP US,Microchip Technology Inc,1.44,34000,股
2026-06-05,LITE US,Lumentum Holdings Inc,1.4,3400,股
2026-06-05,TSM US,Taiwan Semiconductor Manufacturing Co Ltd,1.31,6600,股
2026-06-05,ASML US,ASML Holding NV,1.1,1400,股
2026-06-05,STX US,Seagate Technology Holdings PLC,1.05,2600,股
2026-06-05,NXPI US,NXP Semiconductors NV,0.98,6900,股
2026-06-05,CLS US,Celestica Inc,0.91,5100,股
2026-06-05,ON US,ON Semiconductor Corp,0.68,12100,股
2026-06-08,NVDA US,NVIDIA Corp,8.38,85000,股
2026-06-08,AAPL US,Apple Inc,6.73,47400,股
2026-06-08,MU US,Micron Technology Inc,5.86,13100,股
2026-06-08,AMZN US,Amazon.com Inc,5.29,45800,股
2026-06-08,AMD US,Advanced Micro Devices Inc,4.02,17400,股
2026-06-08,MSFT US,Microsoft Corp,4.02,20700,股
2026-06-08,GOOG US,Alphabet Inc,3.78,22200,股
2026-06-08,GOOGL US,Alphabet Inc,3.77,22000,股
2026-06-08,META US,Meta Platforms Inc,3.31,12000,股
2026-06-08,AVGO US,Broadcom Inc,2.93,15700,股
2026-06-08,ARM US,ARM Holdings PLC,2.81,17200,股
2026-06-08,LRCX US,Lam Research Corp,2.52,16500,股
2026-06-08,WDC US,Western Digital Corp,2.33,9400,股
2026-06-08,PANW US,Palo Alto Networks Inc,2.13,17000,股
2026-06-08,TXN US,Texas Instruments Inc,2.01,14700,股
2026-06-08,COHR US,Coherent Corp,1.8,9500,股
2026-06-08,ADI US,Analog Devices Inc,1.71,9000,股
2026-06-08,KLAC US,KLA Corp,1.69,1700,股
2026-06-08,CDNS US,Cadence Design Systems Inc,1.67,9000,股
2026-06-08,MRVL US,Marvell Technology Inc,1.63,12000,股
2026-06-08,MCHP US,Microchip Technology Inc,1.46,34000,股
2026-06-08,CIEN US,Ciena Corp,1.43,6500,股
2026-06-08,LITE US,Lumentum Holdings Inc,1.43,3400,股
2026-06-08,TSM US,Taiwan Semiconductor Manufacturing Co Ltd,1.33,6600,股
2026-06-08,ASML US,ASML Holding NV,1.15,1400,股
2026-06-08,STX US,Seagate Technology Holdings PLC,1.07,2600,股
2026-06-08,NXPI US,NXP Semiconductors NV,0.98,6900,股
2026-06-08,CLS US,Celestica Inc,0.93,5100,股
2026-06-08,V US,Visa Inc,0.93,6200,股
2026-06-08,PLTR US,Palantir Technologies Inc,0.9,14000,股
2026-06-08,ANET US,Arista Networks Inc,0.88,12000,股
2026-06-08,CRWD US,Crowdstrike Holdings Inc,0.71,2300,股
2026-06-08,NFLX US,Netflix Inc,0.7,18000,股
2026-06-08,ON US,ON Semiconductor Corp,0.69,12100,股
2026-06-08,AXON US,Axon Enterprise Inc,0.67,3000,股
2026-06-08,TER US,Teradyne Inc,0.41,2300,股
2026-06-08,SNOW US,Snowflake Inc,0.4,3500,股
2026-06-08,SPOT US,Spotify Technology SA,0.4,1700,股
2026-06-08,MDB US,MongoDB Inc,0.38,2300,股
2026-06-08,MELI US,MercadoLibre Inc,0.38,500,股
2026-06-08,NOW US,ServiceNow Inc,0.38,7000,股
2026-06-08,TTWO US,Take-Two Interactive Software Inc,0.38,3800,股
2026-06-08,BABA US,Alibaba Group Holding Ltd,0.37,6500,股
2026-06-08,BKNG US,Booking Holdings Inc,0.37,4800,股
2026-06-08,SHOP US,Shopify Inc,0.37,7000,股
2026-06-08,SIMO US,Silicon Motion Technology Corp,0.37,3000,股
2026-06-08,DASH US,DoorDash Inc,0.35,4900,股
2026-06-08,UBER US,Uber Technologies Inc,0.33,10000,股
2026-06-08,FSLY US,Fastly Inc,0.3,33100,股
2026-06-08,INTC US,Intel Corp,0.23,4500,股
2026-06-08,ZS US,Zscaler Inc,0.18,3000,股
2026-06-09,NVDA US,NVIDIA Corp,8.06,104300,股
2026-06-09,MU US,Micron Technology Inc,5.6,16100,股
2026-06-09,AAPL US,Apple Inc,5.12,47400,股
2026-06-09,AMZN US,Amazon.com Inc,4.16,45800,股
2026-06-09,GOOGL US,Alphabet Inc,3.93,29000,股
2026-06-09,AMD US,Advanced Micro Devices Inc,3.76,21300,股
2026-06-09,MSFT US,Microsoft Corp,3.1,20700,股
2026-06-09,GOOG US,Alphabet Inc,2.99,22200,股
2026-06-09,LRCX US,Lam Research Corp,2.87,23600,股
2026-06-09,AVGO US,Broadcom Inc,2.67,18300,股
2026-06-09,META US,Meta Platforms Inc,2.61,12000,股
2026-06-09,WDC US,Western Digital Corp,2.19,11400,股
2026-06-09,TXN US,Texas Instruments Inc,2.12,19800,股
2026-06-09,ARM US,ARM Holdings PLC,2.08,17200,股
2026-06-09,ADI US,Analog Devices Inc,1.73,11500,股
2026-06-09,CDNS US,Cadence Design Systems Inc,1.71,11800,股
2026-06-09,PANW US,Palo Alto Networks Inc,1.65,17000,股
2026-06-09,LITE US,Lumentum Holdings Inc,1.56,5100,股
2026-06-09,MRVL US,Marvell Technology Inc,1.56,15700,股
2026-06-09,MCHP US,Microchip Technology Inc,1.55,45600,股
2026-06-09,ASML US,ASML Holding NV,1.39,2100,股
2026-06-09,KLAC US,KLA Corp,1.35,1700,股
2026-06-09,CIEN US,Ciena Corp,1.27,7800,股
2026-06-09,COHR US,Coherent Corp,1.26,9500,股
2026-06-09,STX US,Seagate Technology Holdings PLC,1.19,3800,股
2026-06-09,NXPI US,NXP Semiconductors NV,1.15,10400,股
2026-06-09,TSM US,Taiwan Semiconductor Manufacturing Co Ltd,1.05,6600,股
2026-06-09,NFLX US,Netflix Inc,1.03,34000,股
2026-06-09,INTC US,Intel Corp,0.95,23700,股
2026-06-09,CRWD US,Crowdstrike Holdings Inc,0.89,3700,股
2026-06-09,ANET US,Arista Networks Inc,0.87,15300,股
2026-06-09,CLS US,Celestica Inc,0.84,6100,股
2026-06-09,ON US,ON Semiconductor Corp,0.75,17300,股
2026-06-09,V US,Visa Inc,0.75,6200,股
2026-06-09,AXON US,Axon Enterprise Inc,0.72,4300,股
2026-06-09,PLTR US,Palantir Technologies Inc,0.69,14000,股
2026-06-09,DASH US,DoorDash Inc,0.66,11400,股
2026-06-09,SHOP US,Shopify Inc,0.64,15600,股
2026-06-09,BKNG US,Booking Holdings Inc,0.62,10200,股
2026-06-09,MELI US,MercadoLibre Inc,0.61,1000,股
2026-06-09,SNOW US,Snowflake Inc,0.59,6600,股
2026-06-09,TTWO US,Take-Two Interactive Software Inc,0.56,7100,股
2026-06-09,MDB US,MongoDB Inc,0.54,4300,股
2026-06-09,UBER US,Uber Technologies Inc,0.54,20600,股
2026-06-09,SIMO US,Silicon Motion Technology Corp,0.52,5400,股
2026-06-09,NOW US,ServiceNow Inc,0.5,12500,股
2026-06-09,TER US,Teradyne Inc,0.47,3400,股
2026-06-09,SPOT US,Spotify Technology SA,0.46,2500,股
2026-06-09,ZS US,Zscaler Inc,0.32,6800,股
2026-06-09,BABA US,Alibaba Group Holding Ltd,0.29,6500,股
2026-06-09,INTU US,Intuit Inc,0.25,2300,股
2026-06-09,FSLY US,Fastly Inc,0.23,33100,股
2026-06-10,NVDA US,NVIDIA Corp,7.57,104300,股
2026-06-10,AAPL US,Apple Inc,6.22,58500,股
2026-06-10,MU US,Micron Technology Inc,5.24,16100,股
2026-06-10,AMZN US,Amazon.com Inc,4.71,54300,股
2026-06-10,GOOGL US,Alphabet Inc,3.77,29000,股
2026-06-10,MSFT US,Microsoft Corp,3.77,26000,股
2026-06-10,GOOG US,Alphabet Inc,3.56,27600,股
2026-06-10,AMD US,Advanced Micro Devices Inc,3.51,21300,股
2026-06-10,META US,Meta Platforms Inc,2.81,13500,股
2026-06-10,LRCX US,Lam Research Corp,2.77,23600,股
2026-06-10,AVGO US,Broadcom Inc,2.73,20100,股
2026-06-10,PANW US,Palo Alto Networks Inc,2.22,23100,股
2026-06-10,WDC US,Western Digital Corp,2.18,12200,股
2026-06-10,TXN US,Texas Instruments Inc,2.04,19800,股
2026-06-10,ARM US,ARM Holdings PLC,1.93,17200,股
2026-06-10,KLAC US,KLA Corp,1.79,2300,股
2026-06-10,ADI US,Analog Devices Inc,1.78,12400,股
2026-06-10,CDNS US,Cadence Design Systems Inc,1.66,11800,股
2026-06-10,LITE US,Lumentum Holdings Inc,1.59,5100,股
2026-06-10,COHR US,Coherent Corp,1.48,11400,股
2026-06-10,MCHP US,Microchip Technology Inc,1.46,45600,股
2026-06-10,MRVL US,Marvell Technology Inc,1.45,15700,股
2026-06-10,NFLX US,Netflix Inc,1.42,47500,股
2026-06-10,ASML US,ASML Holding NV,1.33,2100,股
2026-06-10,TSM US,Taiwan Semiconductor Manufacturing Co Ltd,1.31,8800,股
2026-06-10,CIEN US,Ciena Corp,1.24,7800,股
2026-06-10,PLTR US,Palantir Technologies Inc,1.24,26200,股
2026-06-10,V US,Visa Inc,1.21,10300,股
2026-06-10,STX US,Seagate Technology Holdings PLC,1.13,3800,股
2026-06-10,INTC US,Intel Corp,1.12,28700,股
2026-06-10,NXPI US,NXP Semiconductors NV,1.08,10400,股
2026-06-10,CRWD US,Crowdstrike Holdings Inc,0.87,3700,股
2026-06-10,ANET US,Arista Networks Inc,0.85,15300,股
2026-06-10,CLS US,Celestica Inc,0.81,6100,股
2026-06-10,BABA US,Alibaba Group Holding Ltd,0.71,16800,股
2026-06-10,AXON US,Axon Enterprise Inc,0.7,4300,股
2026-06-10,ON US,ON Semiconductor Corp,0.7,17300,股
2026-06-10,DASH US,DoorDash Inc,0.63,11400,股
2026-06-10,SHOP US,Shopify Inc,0.62,15600,股
2026-06-10,BKNG US,Booking Holdings Inc,0.6,10200,股
2026-06-10,MELI US,MercadoLibre Inc,0.58,1000,股
2026-06-10,SNOW US,Snowflake Inc,0.58,6600,股
2026-06-10,MDB US,MongoDB Inc,0.55,4300,股
2026-06-10,TTWO US,Take-Two Interactive Software Inc,0.55,7100,股
2026-06-10,UBER US,Uber Technologies Inc,0.52,20600,股
2026-06-10,SIMO US,Silicon Motion Technology Corp,0.5,5400,股
2026-06-10,NOW US,ServiceNow Inc,0.48,12500,股
2026-06-10,SPOT US,Spotify Technology SA,0.46,2500,股
2026-06-10,TER US,Teradyne Inc,0.43,3400,股
2026-06-10,ZS US,Zscaler Inc,0.31,6800,股
2026-06-10,INTU US,Intuit Inc,0.24,2300,股
2026-06-10,FSLY US,Fastly Inc,0.23,33100,股
2026-06-11,NVDA US,NVIDIA Corp,7.65,107000,股
2026-06-11,AAPL US,Apple Inc,6.08,58500,股
2026-06-11,MU US,Micron Technology Inc,5.95,17000,股
2026-06-11,AMZN US,Amazon.com Inc,4.61,54300,股
2026-06-11,AMD US,Advanced Micro Devices Inc,3.66,21300,股
2026-06-11,GOOGL US,Alphabet Inc,3.65,29000,股
2026-06-11,MSFT US,Microsoft Corp,3.57,26000,股
2026-06-11,GOOG US,Alphabet Inc,3.46,27600,股
2026-06-11,LRCX US,Lam Research Corp,3.01,23600,股
2026-06-11,AVGO US,Broadcom Inc,2.72,20100,股
2026-06-11,META US,Meta Platforms Inc,2.7,13500,股
2026-06-11,PANW US,Palo Alto Networks Inc,2.38,24200,股
2026-06-11,WDC US,Western Digital Corp,2.27,12200,股
2026-06-11,ARM US,ARM Holdings PLC,2.07,17200,股
2026-06-11,TXN US,Texas Instruments Inc,2.07,19800,股
2026-06-11,KLAC US,KLA Corp,1.95,2300,股
2026-06-11,ADI US,Analog Devices Inc,1.8,12400,股
2026-06-11,CDNS US,Cadence Design Systems Inc,1.59,11800,股
2026-06-11,LITE US,Lumentum Holdings Inc,1.59,5100,股
2026-06-11,MRVL US,Marvell Technology Inc,1.55,15700,股
2026-06-11,MCHP US,Microchip Technology Inc,1.49,45600,股
2026-06-11,COHR US,Coherent Corp,1.46,11400,股
2026-06-11,ASML US,ASML Holding NV,1.4,2100,股
2026-06-11,NFLX US,Netflix Inc,1.36,47500,股
2026-06-11,TSM US,Taiwan Semiconductor Manufacturing Co Ltd,1.3,8800,股
2026-06-11,CIEN US,Ciena Corp,1.22,7800,股
2026-06-11,PLTR US,Palantir Technologies Inc,1.21,26200,股
2026-06-11,INTC US,Intel Corp,1.18,28700,股
2026-06-11,STX US,Seagate Technology Holdings PLC,1.16,3800,股
2026-06-11,V US,Visa Inc,1.15,10300,股
2026-06-11,NXPI US,NXP Semiconductors NV,1.11,10400,股
2026-06-11,CRWD US,Crowdstrike Holdings Inc,0.9,3700,股
2026-06-11,ANET US,Arista Networks Inc,0.84,15300,股
2026-06-11,CLS US,Celestica Inc,0.83,6100,股
2026-06-11,ON US,ON Semiconductor Corp,0.7,17300,股
2026-06-11,AXON US,Axon Enterprise Inc,0.67,4300,股
2026-06-11,BABA US,Alibaba Group Holding Ltd,0.67,16800,股
2026-06-11,DASH US,DoorDash Inc,0.62,11400,股
2026-06-11,SHOP US,Shopify Inc,0.61,15600,股
2026-06-11,BKNG US,Booking Holdings Inc,0.59,10200,股
2026-06-11,MELI US,MercadoLibre Inc,0.57,1000,股
2026-06-11,SNOW US,Snowflake Inc,0.56,6600,股
2026-06-11,MDB US,MongoDB Inc,0.54,4300,股
2026-06-11,TTWO US,Take-Two Interactive Software Inc,0.53,7100,股
2026-06-11,SIMO US,Silicon Motion Technology Corp,0.52,5400,股
2026-06-11,UBER US,Uber Technologies Inc,0.5,20600,股
2026-06-11,TER US,Teradyne Inc,0.46,3400,股
2026-06-11,NOW US,ServiceNow Inc,0.45,12500,股
2026-06-11,SPOT US,Spotify Technology SA,0.43,2500,股
2026-06-11,ZS US,Zscaler Inc,0.3,6800,股
2026-06-11,FSLY US,Fastly Inc,0.22,33100,股
2026-06-11,INTU US,Intuit Inc,0.22,2300,股
2026-06-12,NVDA US,NVIDIA Corp,7.77,107000,股
2026-06-12,AAPL US,Apple Inc,6.07,58500,股
2026-06-12,MU US,Micron Technology Inc,5.95,17000,股
2026-06-12,AMZN US,Amazon.com Inc,4.62,54300,股
2026-06-12,AMD US,Advanced Micro Devices Inc,3.89,21300,股
2026-06-12,GOOGL US,Alphabet Inc,3.72,29000,股
2026-06-12,MSFT US,Microsoft Corp,3.62,26000,股
2026-06-12,GOOG US,Alphabet Inc,3.53,27600,股
2026-06-12,LRCX US,Lam Research Corp,3.09,23600,股
2026-06-12,AVGO US,Broadcom Inc,2.74,20100,股
2026-06-12,META US,Meta Platforms Inc,2.73,13500,股
2026-06-12,WDC US,Western Digital Corp,2.45,12200,股
2026-06-12,PANW US,Palo Alto Networks Inc,2.41,24200,股
2026-06-12,TXN US,Texas Instruments Inc,2.13,19800,股
2026-06-12,KLAC US,KLA Corp,2.09,23000,股
2026-06-12,ADI US,Analog Devices Inc,1.85,12400,股
2026-06-12,LITE US,Lumentum Holdings Inc,1.68,5100,股
2026-06-12,CDNS US,Cadence Design Systems Inc,1.62,11800,股
2026-06-12,COHR US,Coherent Corp,1.57,11400,股
2026-06-12,MRVL US,Marvell Technology Inc,1.57,15700,股
2026-06-12,MCHP US,Microchip Technology Inc,1.55,45600,股
2026-06-12,ASML US,ASML Holding NV,1.4,2100,股
2026-06-12,NFLX US,Netflix Inc,1.36,47500,股
2026-06-12,TSM US,Taiwan Semiconductor Manufacturing Co Ltd,1.33,8800,股
2026-06-12,INTC US,Intel Corp,1.28,28700,股
2026-06-12,STX US,Seagate Technology Holdings PLC,1.26,3800,股
2026-06-12,CIEN US,Ciena Corp,1.24,7800,股
2026-06-12,PLTR US,Palantir Technologies Inc,1.2,26200,股
2026-06-12,V US,Visa Inc,1.18,10300,股
2026-06-12,NXPI US,NXP Semiconductors NV,1.13,10400,股
2026-06-12,ARM US,ARM Holdings PLC,1.01,7400,股
2026-06-12,CRWD US,Crowdstrike Holdings Inc,0.9,3700,股
2026-06-12,ANET US,Arista Networks Inc,0.89,15300,股
2026-06-12,CLS US,Celestica Inc,0.86,6100,股
2026-06-12,ON US,ON Semiconductor Corp,0.72,17300,股
2026-06-12,AXON US,Axon Enterprise Inc,0.68,4300,股
2026-06-12,BABA US,Alibaba Group Holding Ltd,0.68,16800,股
2026-06-12,DASH US,DoorDash Inc,0.61,11400,股
2026-06-12,BKNG US,Booking Holdings Inc,0.6,10200,股
2026-06-12,SHOP US,Shopify Inc,0.6,15600,股
2026-06-12,MELI US,MercadoLibre Inc,0.57,1000,股
2026-06-12,SNOW US,Snowflake Inc,0.55,6600,股
2026-06-12,SIMO US,Silicon Motion Technology Corp,0.54,5400,股
2026-06-12,TTWO US,Take-Two Interactive Software Inc,0.54,7100,股
2026-06-12,MDB US,MongoDB Inc,0.53,4300,股
2026-06-12,UBER US,Uber Technologies Inc,0.51,20600,股
2026-06-12,TER US,Teradyne Inc,0.49,3400,股
2026-06-12,NOW US,ServiceNow Inc,0.46,12500,股
2026-06-12,SPOT US,Spotify Technology SA,0.43,2500,股
2026-06-12,ZS US,Zscaler Inc,0.31,6800,股
2026-06-12,INTU US,Intuit Inc,0.23,2300,股
2026-06-12,FSLY US,Fastly Inc,0.22,33100,股
2026-06-15,NVDA US,NVIDIA Corp,7.88,107000,股
2026-06-15,MU US,Micron Technology Inc,6.4,17000,股
2026-06-15,AAPL US,Apple Inc,6.0,58500,股
2026-06-15,AMZN US,Amazon.com Inc,4.62,54300,股
2026-06-15,AMD US,Advanced Micro Devices Inc,4.03,21300,股
2026-06-15,GOOGL US,Alphabet Inc,3.71,29000,股
2026-06-15,MSFT US,Microsoft Corp,3.6,26000,股
2026-06-15,GOOG US,Alphabet Inc,3.51,27600,股
2026-06-15,LRCX US,Lam Research Corp,3.18,23600,股
2026-06-15,META US,Meta Platforms Inc,2.77,13500,股
2026-06-15,WDC US,Western Digital Corp,2.76,12200,股
2026-06-15,AVGO US,Broadcom Inc,2.74,20100,股
2026-06-15,PANW US,Palo Alto Networks Inc,2.38,24200,股
2026-06-15,TXN US,Texas Instruments Inc,2.15,19800,股
2026-06-15,KLAC US,KLA Corp,2.04,23000,股
2026-06-15,ADI US,Analog Devices Inc,1.84,12400,股
2026-06-15,LITE US,Lumentum Holdings Inc,1.69,5100,股
2026-06-15,MRVL US,Marvell Technology Inc,1.68,15700,股
2026-06-15,COHR US,Coherent Corp,1.63,11400,股
2026-06-15,CDNS US,Cadence Design Systems Inc,1.61,11800,股
2026-06-15,MCHP US,Microchip Technology Inc,1.58,45600,股
2026-06-15,ASML US,ASML Holding NV,1.38,2100,股
2026-06-15,NFLX US,Netflix Inc,1.34,47500,股
2026-06-15,STX US,Seagate Technology Holdings PLC,1.34,3800,股
2026-06-15,TSM US,Taiwan Semiconductor Manufacturing Co Ltd,1.34,8800,股
2026-06-15,INTC US,Intel Corp,1.27,28700,股
2026-06-15,CIEN US,Ciena Corp,1.25,7800,股
2026-06-15,PLTR US,Palantir Technologies Inc,1.22,26200,股
2026-06-15,V US,Visa Inc,1.15,10300,股
2026-06-15,NXPI US,NXP Semiconductors NV,1.14,10400,股
2026-06-15,ARM US,ARM Holdings PLC,1.06,7400,股
2026-06-15,ANET US,Arista Networks Inc,0.9,15300,股
2026-06-15,CRWD US,Crowdstrike Holdings Inc,0.89,3700,股
2026-06-15,CLS US,Celestica Inc,0.85,6100,股
2026-06-15,ON US,ON Semiconductor Corp,0.75,17300,股
2026-06-15,AXON US,Axon Enterprise Inc,0.66,4300,股
2026-06-15,DASH US,DoorDash Inc,0.66,11400,股
2026-06-15,BABA US,Alibaba Group Holding Ltd,0.65,16800,股
2026-06-15,BKNG US,Booking Holdings Inc,0.62,10200,股
2026-06-15,SHOP US,Shopify Inc,0.61,15600,股
2026-06-15,MELI US,MercadoLibre Inc,0.57,1000,股
2026-06-15,SNOW US,Snowflake Inc,0.55,6600,股
2026-06-15,MDB US,MongoDB Inc,0.53,4300,股
2026-06-15,TTWO US,Take-Two Interactive Software Inc,0.53,7100,股
2026-06-15,SIMO US,Silicon Motion Technology Corp,0.52,5400,股
2026-06-15,UBER US,Uber Technologies Inc,0.52,20600,股
2026-06-15,TER US,Teradyne Inc,0.51,3400,股
2026-06-15,NOW US,ServiceNow Inc,0.45,12500,股
2026-06-15,SPOT US,Spotify Technology SA,0.42,2500,股
2026-06-15,ZS US,Zscaler Inc,0.31,6800,股
2026-06-15,INTU US,Intuit Inc,0.22,2300,股
2026-06-15,FSLY US,Fastly Inc,0.21,33100,股
2026-06-16,NVDA US,NVIDIA Corp,8.05,107000,股
2026-06-16,AAPL US,Apple Inc,6.35,58500,股
2026-06-16,MU US,Micron Technology Inc,6.3,17000,股
2026-06-16,AMZN US,Amazon.com Inc,4.85,54300,股
2026-06-16,AMD US,Advanced Micro Devices Inc,3.92,21300,股
2026-06-16,GOOGL US,Alphabet Inc,3.55,26200,股
2026-06-16,GOOG US,Alphabet Inc,3.54,26300,股
2026-06-16,MSFT US,Microsoft Corp,3.5,24500,股
2026-06-16,LRCX US,Lam Research Corp,3.16,23600,股
2026-06-16,WDC US,Western Digital Corp,3.01,12200,股
2026-06-16,META US,Meta Platforms Inc,2.94,13500,股
2026-06-16,AVGO US,Broadcom Inc,2.6,19000,股
2026-06-16,PANW US,Palo Alto Networks Inc,2.46,24200,股
2026-06-16,TXN US,Texas Instruments Inc,2.2,19800,股
2026-06-16,KLAC US,KLA Corp,1.98,23000,股
2026-06-16,ADI US,Analog Devices Inc,1.87,12400,股
2026-06-16,CDNS US,Cadence Design Systems Inc,1.66,11800,股
2026-06-16,LITE US,Lumentum Holdings Inc,1.62,5100,股
2026-06-16,MRVL US,Marvell Technology Inc,1.59,15700,股
2026-06-16,COHR US,Coherent Corp,1.58,11400,股
2026-06-16,MCHP US,Microchip Technology Inc,1.58,45600,股
2026-06-16,STX US,Seagate Technology Holdings PLC,1.42,3800,股
2026-06-16,ASML US,ASML Holding NV,1.37,2100,股
2026-06-16,NFLX US,Netflix Inc,1.36,47500,股
2026-06-16,TSM US,Taiwan Semiconductor Manufacturing Co Ltd,1.36,8800,股
2026-06-16,PLTR US,Palantir Technologies Inc,1.27,26200,股
2026-06-16,V US,Visa Inc,1.24,10300,股
2026-06-16,CIEN US,Ciena Corp,1.22,7800,股
2026-06-16,INTC US,Intel Corp,1.22,28700,股
2026-06-16,NXPI US,NXP Semiconductors NV,1.14,10400,股
2026-06-16,ARM US,ARM Holdings PLC,1.06,7400,股
2026-06-16,ANET US,Arista Networks Inc,0.93,15300,股
2026-06-16,CRWD US,Crowdstrike Holdings Inc,0.91,3700,股
2026-06-16,CLS US,Celestica Inc,0.85,6100,股
2026-06-16,ON US,ON Semiconductor Corp,0.74,17300,股
2026-06-16,DASH US,DoorDash Inc,0.7,11400,股
2026-06-16,AXON US,Axon Enterprise Inc,0.68,4300,股
2026-06-16,BABA US,Alibaba Group Holding Ltd,0.68,16800,股
2026-06-16,BKNG US,Booking Holdings Inc,0.65,10200,股
2026-06-16,SHOP US,Shopify Inc,0.64,15600,股
2026-06-16,TER US,Teradyne Inc,0.62,4200,股
2026-06-16,MELI US,MercadoLibre Inc,0.61,1000,股
2026-06-16,TTWO US,Take-Two Interactive Software Inc,0.59,7100,股
2026-06-16,SNOW US,Snowflake Inc,0.57,6600,股
2026-06-16,SIMO US,Silicon Motion Technology Corp,0.55,5400,股
2026-06-16,UBER US,Uber Technologies Inc,0.55,20600,股
2026-06-16,MDB US,MongoDB Inc,0.54,4300,股
2026-06-16,NOW US,ServiceNow Inc,0.46,12500,股
2026-06-16,SPOT US,Spotify Technology SA,0.43,2500,股
2026-06-16,FSLY US,Fastly Inc,0.21,33100,股
2026-06-16,ZS US,Zscaler Inc,0.18,3900,股
2026-06-17,NVDA US,NVIDIA Corp,7.97,107000,股
2026-06-17,MU US,Micron Technology Inc,6.46,17000,股
2026-06-17,AAPL US,Apple Inc,6.31,58500,股
2026-06-17,AMZN US,Amazon.com Inc,4.7,54300,股
2026-06-17,AMD US,Advanced Micro Devices Inc,3.98,21300,股
2026-06-17,GOOG US,Alphabet Inc,3.47,26300,股
2026-06-17,GOOGL US,Alphabet Inc,3.47,26200,股
2026-06-17,MSFT US,Microsoft Corp,3.38,24500,股
2026-06-17,LRCX US,Lam Research Corp,3.22,23600,股
2026-06-17,WDC US,Western Digital Corp,3.16,12200,股
2026-06-17,META US,Meta Platforms Inc,2.79,13500,股
2026-06-17,AVGO US,Broadcom Inc,2.72,19000,股
2026-06-17,PANW US,Palo Alto Networks Inc,2.49,24200,股
2026-06-17,TXN US,Texas Instruments Inc,2.18,19800,股
2026-06-17,KLAC US,KLA Corp,2.0,23000,股
2026-06-17,ADI US,Analog Devices Inc,1.87,12400,股
2026-06-17,CDNS US,Cadence Design Systems Inc,1.67,11800,股
2026-06-17,MRVL US,Marvell Technology Inc,1.66,15700,股
2026-06-17,LITE US,Lumentum Holdings Inc,1.62,5100,股
2026-06-17,COHR US,Coherent Corp,1.57,11400,股
2026-06-17,MCHP US,Microchip Technology Inc,1.56,45600,股
2026-06-17,STX US,Seagate Technology Holdings PLC,1.48,3800,股
2026-06-17,ASML US,ASML Holding NV,1.43,2100,股
2026-06-17,TSM US,Taiwan Semiconductor Manufacturing Co Ltd,1.39,8800,股
2026-06-17,NFLX US,Netflix Inc,1.33,47500,股
2026-06-17,INTC US,Intel Corp,1.27,28700,股
2026-06-17,PLTR US,Palantir Technologies Inc,1.25,26200,股
2026-06-17,CIEN US,Ciena Corp,1.24,7800,股
2026-06-17,V US,Visa Inc,1.24,10300,股
2026-06-17,ARM US,ARM Holdings PLC,1.13,7400,股
2026-06-17,NXPI US,NXP Semiconductors NV,1.13,10400,股
2026-06-17,ANET US,Arista Networks Inc,0.92,15300,股
2026-06-17,CRWD US,Crowdstrike Holdings Inc,0.92,3700,股
2026-06-17,CLS US,Celestica Inc,0.85,6100,股
2026-06-17,ON US,ON Semiconductor Corp,0.71,17300,股
2026-06-17,DASH US,DoorDash Inc,0.69,11400,股
2026-06-17,AXON US,Axon Enterprise Inc,0.66,4300,股
2026-06-17,BABA US,Alibaba Group Holding Ltd,0.66,16800,股
2026-06-17,BKNG US,Booking Holdings Inc,0.64,10200,股
2026-06-17,TER US,Teradyne Inc,0.62,4200,股
2026-06-17,SHOP US,Shopify Inc,0.61,15600,股
2026-06-17,SIMO US,Silicon Motion Technology Corp,0.6,5400,股
2026-06-17,MELI US,MercadoLibre Inc,0.59,1000,股
2026-06-17,TTWO US,Take-Two Interactive Software Inc,0.59,7100,股
2026-06-17,SNOW US,Snowflake Inc,0.56,6600,股
2026-06-17,UBER US,Uber Technologies Inc,0.53,20600,股
2026-06-17,MDB US,MongoDB Inc,0.52,4300,股
2026-06-17,NOW US,ServiceNow Inc,0.43,12500,股
2026-06-17,SPOT US,Spotify Technology SA,0.41,2500,股
2026-06-17,FSLY US,Fastly Inc,0.21,33100,股
2026-06-17,ZS US,Zscaler Inc,0.18,3900,股
2026-06-18,NVDA US,NVIDIA Corp,8.02,107000,股
2026-06-18,MU US,Micron Technology Inc,6.83,17000,股
2026-06-18,AAPL US,Apple Inc,6.17,58500,股
2026-06-18,AMZN US,Amazon.com Inc,4.7,54300,股
2026-06-18,AMD US,Advanced Micro Devices Inc,4.05,21300,股
2026-06-18,GOOG US,Alphabet Inc,3.42,26300,股
2026-06-18,GOOGL US,Alphabet Inc,3.41,26200,股
2026-06-18,MSFT US,Microsoft Corp,3.29,24500,股
2026-06-18,LRCX US,Lam Research Corp,3.25,23600,股
2026-06-18,WDC US,Western Digital Corp,3.22,12200,股
2026-06-18,AVGO US,Broadcom Inc,2.77,19000,股
2026-06-18,META US,Meta Platforms Inc,2.76,13500,股
2026-06-18,PANW US,Palo Alto Networks Inc,2.47,24200,股
2026-06-18,TXN US,Texas Instruments Inc,2.26,19800,股
2026-06-18,KLAC US,KLA Corp,2.11,23000,股
2026-06-18,ADI US,Analog Devices Inc,1.91,12400,股
2026-06-18,MRVL US,Marvell Technology Inc,1.73,15700,股
2026-06-18,CDNS US,Cadence Design Systems Inc,1.62,11800,股
2026-06-18,MCHP US,Microchip Technology Inc,1.61,45600,股
2026-06-18,COHR US,Coherent Corp,1.57,11400,股
2026-06-18,LITE US,Lumentum Holdings Inc,1.54,5100,股
2026-06-18,ASML US,ASML Holding NV,1.44,2100,股
2026-06-18,STX US,Seagate Technology Holdings PLC,1.44,3800,股
2026-06-18,TSM US,Taiwan Semiconductor Manufacturing Co Ltd,1.44,8800,股
2026-06-18,INTC US,Intel Corp,1.36,28700,股
2026-06-18,NFLX US,Netflix Inc,1.3,47500,股
2026-06-18,PLTR US,Palantir Technologies Inc,1.19,26200,股
2026-06-18,V US,Visa Inc,1.19,10300,股
2026-06-18,CIEN US,Ciena Corp,1.18,7800,股
2026-06-18,ARM US,ARM Holdings PLC,1.15,7400,股
2026-06-18,NXPI US,NXP Semiconductors NV,1.15,10400,股
2026-06-18,ANET US,Arista Networks Inc,0.92,15300,股
2026-06-18,CRWD US,Crowdstrike Holdings Inc,0.9,3700,股
2026-06-18,CLS US,Celestica Inc,0.8,6100,股
2026-06-18,ON US,ON Semiconductor Corp,0.75,17300,股
2026-06-18,DASH US,DoorDash Inc,0.7,11400,股
2026-06-18,TER US,Teradyne Inc,0.65,4200,股
2026-06-18,AXON US,Axon Enterprise Inc,0.64,4300,股
2026-06-18,BABA US,Alibaba Group Holding Ltd,0.64,16800,股
2026-06-18,BKNG US,Booking Holdings Inc,0.62,10200,股
2026-06-18,SIMO US,Silicon Motion Technology Corp,0.62,5400,股
2026-06-18,SHOP US,Shopify Inc,0.6,15600,股
2026-06-18,TTWO US,Take-Two Interactive Software Inc,0.6,7100,股
2026-06-18,MELI US,MercadoLibre Inc,0.58,1000,股
2026-06-18,SNOW US,Snowflake Inc,0.54,6600,股
2026-06-18,UBER US,Uber Technologies Inc,0.52,20600,股
2026-06-18,MDB US,MongoDB Inc,0.51,4300,股
2026-06-18,NOW US,ServiceNow Inc,0.42,12500,股
2026-06-18,SPOT US,Spotify Technology SA,0.41,2500,股
2026-06-18,FSLY US,Fastly Inc,0.21,33100,股
2026-06-18,ZS US,Zscaler Inc,0.17,3900,股
2026-06-22,NVDA US,NVIDIA Corp,8.06,107000,股
2026-06-22,MU US,Micron Technology Inc,7.42,17000,股
2026-06-22,AAPL US,Apple Inc,6.26,58500,股
2026-06-22,AMZN US,Amazon.com Inc,4.55,54300,股
2026-06-22,AMD US,Advanced Micro Devices Inc,4.37,22000,股
2026-06-22,LRCX US,Lam Research Corp,3.48,23600,股
2026-06-22,GOOG US,Alphabet Inc,3.31,26300,股
2026-06-22,GOOGL US,Alphabet Inc,3.3,26200,股
2026-06-22,MSFT US,Microsoft Corp,3.24,24500,股
2026-06-22,WDC US,Western Digital Corp,3.22,12200,股
2026-06-22,META US,Meta Platforms Inc,2.74,13500,股
2026-06-22,AVGO US,Broadcom Inc,2.68,19000,股
2026-06-22,TXN US,Texas Instruments Inc,2.55,21300,股
2026-06-22,PANW US,Palo Alto Networks Inc,2.5,24200,股
2026-06-22,KLAC US,KLA Corp,2.23,23000,股
2026-06-22,ADI US,Analog Devices Inc,1.99,12400,股
2026-06-22,COHR US,Coherent Corp,1.75,11400,股
2026-06-22,MRVL US,Marvell Technology Inc,1.74,15700,股
2026-06-22,MCHP US,Microchip Technology Inc,1.69,45600,股
2026-06-22,CDNS US,Cadence Design Systems Inc,1.65,11800,股
2026-06-22,LITE US,Lumentum Holdings Inc,1.64,5100,股
2026-06-22,STX US,Seagate Technology Holdings PLC,1.5,3800,股
2026-06-22,TSM US,Taiwan Semiconductor Manufacturing Co Ltd,1.48,8800,股
2026-06-22,ASML US,ASML Holding NV,1.46,2100,股
2026-06-22,INTC US,Intel Corp,1.46,28700,股
2026-06-22,CIEN US,Ciena Corp,1.29,7800,股
2026-06-22,NFLX US,Netflix Inc,1.25,47500,股
2026-06-22,NXPI US,NXP Semiconductors NV,1.21,10400,股
2026-06-22,V US,Visa Inc,1.21,10300,股
2026-06-22,PLTR US,Palantir Technologies Inc,1.13,26200,股
2026-06-22,ARM US,ARM Holdings PLC,1.09,7400,股
2026-06-22,CRWD US,Crowdstrike Holdings Inc,1.05,4300,股
2026-06-22,ANET US,Arista Networks Inc,0.96,15300,股
2026-06-22,CLS US,Celestica Inc,0.83,6100,股
2026-06-22,ON US,ON Semiconductor Corp,0.82,17300,股
2026-06-22,DASH US,DoorDash Inc,0.71,11400,股
2026-06-22,TER US,Teradyne Inc,0.69,4200,股
2026-06-22,SIMO US,Silicon Motion Technology Corp,0.66,5400,股
2026-06-22,AXON US,Axon Enterprise Inc,0.64,4300,股
2026-06-22,BABA US,Alibaba Group Holding Ltd,0.64,16800,股
2026-06-22,BKNG US,Booking Holdings Inc,0.62,10200,股
2026-06-22,SHOP US,Shopify Inc,0.61,15600,股
2026-06-22,TTWO US,Take-Two Interactive Software Inc,0.61,7100,股
2026-06-22,MELI US,MercadoLibre Inc,0.57,1000,股
2026-06-22,SNOW US,Snowflake Inc,0.54,6600,股
2026-06-22,UBER US,Uber Technologies Inc,0.53,20600,股
2026-06-22,MDB US,MongoDB Inc,0.49,4300,股
2026-06-22,NOW US,ServiceNow Inc,0.42,12500,股
2026-06-22,SPOT US,Spotify Technology SA,0.41,2500,股
2026-06-22,FSLY US,Fastly Inc,0.2,33100,股
2026-06-22,ZS US,Zscaler Inc,0.17,3900,股
2026-06-23,NVDA US,NVIDIA Corp,8.28,107000,股
2026-06-23,MU US,Micron Technology Inc,6.9,17000,股
2026-06-23,AAPL US,Apple Inc,6.64,58500,股
2026-06-23,AMZN US,Amazon.com Inc,4.68,51800,股
2026-06-23,AMD US,Advanced Micro Devices Inc,4.41,22000,股
2026-06-23,GOOGL US,Alphabet Inc,3.5,26200,股
2026-06-23,LRCX US,Lam Research Corp,3.38,23600,股
2026-06-23,GOOG US,Alphabet Inc,3.3,24700,股
2026-06-23,MSFT US,Microsoft Corp,3.17,22000,股
2026-06-23,WDC US,Western Digital Corp,3.16,12200,股
2026-06-23,AVGO US,Broadcom Inc,2.79,19000,股
2026-06-23,PANW US,Palo Alto Networks Inc,2.72,24200,股
2026-06-23,META US,Meta Platforms Inc,2.71,12500,股
2026-06-23,TXN US,Texas Instruments Inc,2.5,21300,股
2026-06-23,KLAC US,KLA Corp,2.17,23000,股
2026-06-23,ADI US,Analog Devices Inc,1.95,12400,股
2026-06-23,CDNS US,Cadence Design Systems Inc,1.73,11800,股
2026-06-23,MRVL US,Marvell Technology Inc,1.69,15700,股
2026-06-23,COHR US,Coherent Corp,1.68,11400,股
2026-06-23,MCHP US,Microchip Technology Inc,1.64,45600,股
2026-06-23,LITE US,Lumentum Holdings Inc,1.63,5100,股
2026-06-23,STX US,Seagate Technology Holdings PLC,1.52,3800,股
2026-06-23,TSM US,Taiwan Semiconductor Manufacturing Co Ltd,1.48,8800,股
2026-06-23,INTC US,Intel Corp,1.47,28700,股
2026-06-23,ASML US,ASML Holding NV,1.44,2100,股
2026-06-23,CIEN US,Ciena Corp,1.38,7800,股
2026-06-23,NFLX US,Netflix Inc,1.33,47500,股
2026-06-23,V US,Visa Inc,1.31,10300,股
2026-06-23,NXPI US,NXP Semiconductors NV,1.2,10400,股
2026-06-23,PLTR US,Palantir Technologies Inc,1.18,26200,股
2026-06-23,CRWD US,Crowdstrike Holdings Inc,1.13,4300,股
2026-06-23,ARM US,ARM Holdings PLC,1.05,7400,股
2026-06-23,ANET US,Arista Networks Inc,0.96,15300,股
2026-06-23,CLS US,Celestica Inc,0.83,6100,股
2026-06-23,ON US,ON Semiconductor Corp,0.78,17300,股
2026-06-23,DASH US,DoorDash Inc,0.75,11400,股
2026-06-23,AXON US,Axon Enterprise Inc,0.72,4300,股
2026-06-23,TER US,Teradyne Inc,0.68,4200,股
2026-06-23,BABA US,Alibaba Group Holding Ltd,0.67,16800,股
2026-06-23,BKNG US,Booking Holdings Inc,0.67,10200,股
2026-06-23,SIMO US,Silicon Motion Technology Corp,0.66,5400,股
2026-06-23,TTWO US,Take-Two Interactive Software Inc,0.66,7100,股
2026-06-23,SHOP US,Shopify Inc,0.65,15600,股
2026-06-23,MELI US,MercadoLibre Inc,0.61,1000,股
2026-06-23,SNOW US,Snowflake Inc,0.59,6600,股
2026-06-23,UBER US,Uber Technologies Inc,0.55,20600,股
2026-06-23,MDB US,MongoDB Inc,0.53,4300,股
2026-06-23,NOW US,ServiceNow Inc,0.46,12500,股
2026-06-23,SPOT US,Spotify Technology SA,0.44,2500,股
2026-06-23,FSLY US,Fastly Inc,0.21,33100,股
2026-06-23,ZS US,Zscaler Inc,0.19,3900,股
2026-06-24,NVDA US,NVIDIA Corp,8.17,107000,股
2026-06-24,MU US,Micron Technology Inc,6.87,17000,股
2026-06-24,AAPL US,Apple Inc,6.61,58500,股
2026-06-24,AMZN US,Amazon.com Inc,4.68,51800,股
2026-06-24,AMD US,Advanced Micro Devices Inc,4.41,22000,股
2026-06-24,GOOGL US,Alphabet Inc,3.49,26200,股
2026-06-24,LRCX US,Lam Research Corp,3.41,23600,股
2026-06-24,GOOG US,Alphabet Inc,3.29,24700,股
2026-06-24,MSFT US,Microsoft Corp,3.1,22000,股
2026-06-24,WDC US,Western Digital Corp,3.03,12200,股
2026-06-24,AVGO US,Broadcom Inc,2.8,19000,股
2026-06-24,META US,Meta Platforms Inc,2.69,12500,股
2026-06-24,PANW US,Palo Alto Networks Inc,2.66,24200,股
2026-06-24,TXN US,Texas Instruments Inc,2.49,21300,股
2026-06-24,KLAC US,KLA Corp,2.13,23000,股
2026-06-24,ADI US,Analog Devices Inc,1.98,12400,股
2026-06-24,COHR US,Coherent Corp,1.73,11400,股
2026-06-24,CDNS US,Cadence Design Systems Inc,1.69,11800,股
2026-06-24,MRVL US,Marvell Technology Inc,1.68,15700,股
2026-06-24,LITE US,Lumentum Holdings Inc,1.66,5100,股
2026-06-24,MCHP US,Microchip Technology Inc,1.63,45600,股
2026-06-24,TSM US,Taiwan Semiconductor Manufacturing Co Ltd,1.5,8800,股
2026-06-24,INTC US,Intel Corp,1.46,28700,股
2026-06-24,STX US,Seagate Technology Holdings PLC,1.46,3800,股
2026-06-24,ASML US,ASML Holding NV,1.43,2100,股
2026-06-24,CIEN US,Ciena Corp,1.39,7800,股
2026-06-24,NFLX US,Netflix Inc,1.32,47500,股
2026-06-24,V US,Visa Inc,1.32,10300,股
2026-06-24,NXPI US,NXP Semiconductors NV,1.18,10400,股
2026-06-24,PLTR US,Palantir Technologies Inc,1.15,26200,股
2026-06-24,CRWD US,Crowdstrike Holdings Inc,1.12,4300,股
2026-06-24,ARM US,ARM Holdings PLC,1.02,7400,股
2026-06-24,ANET US,Arista Networks Inc,0.95,15300,股
2026-06-24,CLS US,Celestica Inc,0.85,6100,股
2026-06-24,DASH US,DoorDash Inc,0.78,11400,股
2026-06-24,ON US,ON Semiconductor Corp,0.77,17300,股
2026-06-24,AXON US,Axon Enterprise Inc,0.76,4300,股
2026-06-24,BKNG US,Booking Holdings Inc,0.71,10200,股
2026-06-24,SHOP US,Shopify Inc,0.69,15600,股
2026-06-24,TER US,Teradyne Inc,0.69,4200,股
2026-06-24,SIMO US,Silicon Motion Technology Corp,0.67,5400,股
2026-06-24,BABA US,Alibaba Group Holding Ltd,0.65,16800,股
2026-06-24,TTWO US,Take-Two Interactive Software Inc,0.65,7100,股
2026-06-24,MELI US,MercadoLibre Inc,0.64,1000,股
2026-06-24,UBER US,Uber Technologies Inc,0.59,20600,股
2026-06-24,SNOW US,Snowflake Inc,0.58,6600,股
2026-06-24,MDB US,MongoDB Inc,0.5,4300,股
2026-06-24,NOW US,ServiceNow Inc,0.45,12500,股
2026-06-24,SPOT US,Spotify Technology SA,0.44,2500,股
2026-06-24,FSLY US,Fastly Inc,0.21,33100,股
2026-06-24,ZS US,Zscaler Inc,0.19,3900,股
2026-06-25,NVDA US,NVIDIA Corp,8.01,107000,股
2026-06-25,MU US,Micron Technology Inc,7.88,17000,股
2026-06-25,AAPL US,Apple Inc,6.15,58500,股
2026-06-25,AMZN US,Amazon.com Inc,4.49,51800,股
2026-06-25,AMD US,Advanced Micro Devices Inc,4.48,22000,股
2026-06-25,LRCX US,Lam Research Corp,3.62,23600,股
2026-06-25,GOOGL US,Alphabet Inc,3.44,26200,股
2026-06-25,GOOG US,Alphabet Inc,3.23,24700,股
2026-06-25,WDC US,Western Digital Corp,3.15,12200,股
2026-06-25,MSFT US,Microsoft Corp,2.97,22000,股
2026-06-25,AVGO US,Broadcom Inc,2.75,19000,股
2026-06-25,PANW US,Palo Alto Networks Inc,2.71,24200,股
2026-06-25,META US,Meta Platforms Inc,2.59,12500,股
2026-06-25,TXN US,Texas Instruments Inc,2.54,21300,股
2026-06-25,KLAC US,KLA Corp,2.27,23000,股
2026-06-25,ADI US,Analog Devices Inc,1.98,12400,股
2026-06-25,COHR US,Coherent Corp,1.77,11400,股
2026-06-25,MRVL US,Marvell Technology Inc,1.69,15700,股
2026-06-25,LITE US,Lumentum Holdings Inc,1.68,5100,股
2026-06-25,CDNS US,Cadence Design Systems Inc,1.66,11800,股
2026-06-25,MCHP US,Microchip Technology Inc,1.64,45600,股
2026-06-25,STX US,Seagate Technology Holdings PLC,1.49,3800,股
2026-06-25,ASML US,ASML Holding NV,1.48,2100,股
2026-06-25,INTC US,Intel Corp,1.46,28700,股
2026-06-25,TSM US,Taiwan Semiconductor Manufacturing Co Ltd,1.46,8800,股
2026-06-25,CIEN US,Ciena Corp,1.44,7800,股
2026-06-25,V US,Visa Inc,1.3,10300,股
2026-06-25,NFLX US,Netflix Inc,1.29,47500,股
2026-06-25,NXPI US,NXP Semiconductors NV,1.19,10400,股
2026-06-25,CRWD US,Crowdstrike Holdings Inc,1.12,4300,股
2026-06-25,PLTR US,Palantir Technologies Inc,1.07,26200,股
2026-06-25,ARM US,ARM Holdings PLC,0.98,7400,股
2026-06-25,ANET US,Arista Networks Inc,0.97,15300,股
2026-06-25,CLS US,Celestica Inc,0.84,6100,股
2026-06-25,ON US,ON Semiconductor Corp,0.78,17300,股
2026-06-25,DASH US,DoorDash Inc,0.77,11400,股
2026-06-25,TER US,Teradyne Inc,0.76,4200,股
2026-06-25,AXON US,Axon Enterprise Inc,0.73,4300,股
2026-06-25,BKNG US,Booking Holdings Inc,0.69,10200,股
2026-06-25,SHOP US,Shopify Inc,0.67,15600,股
2026-06-25,SIMO US,Silicon Motion Technology Corp,0.67,5400,股
2026-06-25,TTWO US,Take-Two Interactive Software Inc,0.65,7100,股
2026-06-25,MELI US,MercadoLibre Inc,0.62,1000,股
2026-06-25,BABA US,Alibaba Group Holding Ltd,0.61,16800,股
2026-06-25,SNOW US,Snowflake Inc,0.57,6600,股
2026-06-25,UBER US,Uber Technologies Inc,0.57,20600,股
2026-06-25,MDB US,MongoDB Inc,0.48,4300,股
2026-06-25,NOW US,ServiceNow Inc,0.43,12500,股
2026-06-25,SPOT US,Spotify Technology SA,0.42,2500,股
2026-06-25,FSLY US,Fastly Inc,0.21,33100,股
2026-06-25,ZS US,Zscaler Inc,0.18,3900,股
2026-06-26,NVDA US,NVIDIA Corp,7.79,103000,股
2026-06-26,MU US,Micron Technology Inc,7.54,17000,股
2026-06-26,AAPL US,Apple Inc,6.5,58500,股
2026-06-26,AMD US,Advanced Micro Devices Inc,5.02,24600,股
2026-06-26,AMZN US,Amazon.com Inc,4.72,51800,股
2026-06-26,LRCX US,Lam Research Corp,3.8,25600,股
2026-06-26,GOOGL US,Alphabet Inc,3.46,26200,股
2026-06-26,GOOG US,Alphabet Inc,3.24,24700,股
2026-06-26,MSFT US,Microsoft Corp,3.21,22000,股
2026-06-26,PANW US,Palo Alto Networks Inc,2.88,24200,股
2026-06-26,WDC US,Western Digital Corp,2.8,12200,股
2026-06-26,META US,Meta Platforms Inc,2.69,12500,股
2026-06-26,TXN US,Texas Instruments Inc,2.66,23800,股
2026-06-26,AVGO US,Broadcom Inc,2.37,16600,股
2026-06-26,KLAC US,KLA Corp,2.24,23000,股
2026-06-26,ADI US,Analog Devices Inc,1.88,12400,股
2026-06-26,CDNS US,Cadence Design Systems Inc,1.74,11800,股
2026-06-26,COHR US,Coherent Corp,1.7,11400,股
2026-06-26,MRVL US,Marvell Technology Inc,1.64,15700,股
2026-06-26,LITE US,Lumentum Holdings Inc,1.63,5100,股
2026-06-26,MCHP US,Microchip Technology Inc,1.57,45600,股
2026-06-26,TSM US,Taiwan Semiconductor Manufacturing Co Ltd,1.49,8800,股
2026-06-26,ASML US,ASML Holding NV,1.48,2100,股
2026-06-26,CIEN US,Ciena Corp,1.46,7800,股
2026-06-26,INTC US,Intel Corp,1.44,28700,股
2026-06-26,NFLX US,Netflix Inc,1.37,47500,股
2026-06-26,V US,Visa Inc,1.36,10300,股
2026-06-26,STX US,Seagate Technology Holdings PLC,1.34,3800,股
2026-06-26,CRWD US,Crowdstrike Holdings Inc,1.18,4300,股
2026-06-26,PLTR US,Palantir Technologies Inc,1.16,26200,股
2026-06-26,NXPI US,NXP Semiconductors NV,1.13,10400,股
2026-06-26,ARM US,ARM Holdings PLC,0.97,7400,股
2026-06-26,ANET US,Arista Networks Inc,0.94,15300,股
2026-06-26,DASH US,DoorDash Inc,0.82,11400,股
2026-06-26,CLS US,Celestica Inc,0.81,6100,股
2026-06-26,AXON US,Axon Enterprise Inc,0.78,4300,股
2026-06-26,BKNG US,Booking Holdings Inc,0.72,10200,股
2026-06-26,TER US,Teradyne Inc,0.72,4200,股
2026-06-26,SHOP US,Shopify Inc,0.71,15600,股
2026-06-26,TTWO US,Take-Two Interactive Software Inc,0.66,7100,股
2026-06-26,SIMO US,Silicon Motion Technology Corp,0.65,5400,股
2026-06-26,SNOW US,Snowflake Inc,0.64,6600,股
2026-06-26,BABA US,Alibaba Group Holding Ltd,0.62,16800,股
2026-06-26,ON US,ON Semiconductor Corp,0.61,17300,股
2026-06-26,UBER US,Uber Technologies Inc,0.61,20600,股
2026-06-26,MDB US,MongoDB Inc,0.53,4300,股
2026-06-26,NOW US,ServiceNow Inc,0.48,12500,股
2026-06-26,SPOT US,Spotify Technology SA,0.45,2500,股
2026-06-26,FSLY US,Fastly Inc,0.22,33100,股
2026-06-26,ZS US,Zscaler Inc,0.2,3900,股
2026-06-29,NVDA US,NVIDIA Corp,7.68,103000,股
2026-06-29,MU US,Micron Technology Inc,7.45,17000,股
2026-06-29,AAPL US,Apple Inc,6.31,58500,股
2026-06-29,AMD US,Advanced Micro Devices Inc,5.08,24600,股
2026-06-29,AMZN US,Amazon.com Inc,4.76,51800,股
2026-06-29,LRCX US,Lam Research Corp,4.03,25600,股
2026-06-29,GOOGL US,Alphabet Inc,3.55,26200,股
2026-06-29,GOOG US,Alphabet Inc,3.32,24700,股
2026-06-29,MSFT US,Microsoft Corp,3.1,22000,股
2026-06-29,PANW US,Palo Alto Networks Inc,3.07,24200,股
2026-06-29,WDC US,Western Digital Corp,3.04,12200,股
2026-06-29,META US,Meta Platforms Inc,2.69,12500,股
2026-06-29,TXN US,Texas Instruments Inc,2.6,23800,股
2026-06-29,KLAC US,KLA Corp,2.45,23000,股
2026-06-29,AVGO US,Broadcom Inc,2.37,16600,股
2026-06-29,ADI US,Analog Devices Inc,1.86,12400,股
2026-06-29,COHR US,Coherent Corp,1.71,11400,股
2026-06-29,CDNS US,Cadence Design Systems Inc,1.68,11800,股
2026-06-29,MRVL US,Marvell Technology Inc,1.67,15700,股
2026-06-29,LITE US,Lumentum Holdings Inc,1.66,5100,股
2026-06-29,MCHP US,Microchip Technology Inc,1.55,45600,股
2026-06-29,TSM US,Taiwan Semiconductor Manufacturing Co Ltd,1.53,8800,股
2026-06-29,ASML US,ASML Holding NV,1.51,2100,股
2026-06-29,INTC US,Intel Corp,1.45,28700,股
2026-06-29,CIEN US,Ciena Corp,1.43,7800,股
2026-06-29,STX US,Seagate Technology Holdings PLC,1.41,3800,股
2026-06-29,V US,Visa Inc,1.35,10300,股
2026-06-29,NFLX US,Netflix Inc,1.34,47500,股
2026-06-29,CRWD US,Crowdstrike Holdings Inc,1.22,4300,股
2026-06-29,PLTR US,Palantir Technologies Inc,1.16,26200,股
2026-06-29,NXPI US,NXP Semiconductors NV,1.11,10400,股
2026-06-29,ARM US,ARM Holdings PLC,0.97,7400,股
2026-06-29,ANET US,Arista Networks Inc,0.96,15300,股
2026-06-29,AXON US,Axon Enterprise Inc,0.84,4300,股
2026-06-29,DASH US,DoorDash Inc,0.81,11400,股
2026-06-29,CLS US,Celestica Inc,0.8,6100,股
2026-06-29,TER US,Teradyne Inc,0.74,4200,股
2026-06-29,BKNG US,Booking Holdings Inc,0.71,10200,股
2026-06-29,SIMO US,Silicon Motion Technology Corp,0.69,5400,股
2026-06-29,SHOP US,Shopify Inc,0.68,15600,股
2026-06-29,TTWO US,Take-Two Interactive Software Inc,0.67,7100,股
2026-06-29,SNOW US,Snowflake Inc,0.64,6600,股
2026-06-29,BABA US,Alibaba Group Holding Ltd,0.61,16800,股
2026-06-29,UBER US,Uber Technologies Inc,0.6,20600,股
2026-06-29,MDB US,MongoDB Inc,0.56,4300,股
2026-06-29,NOW US,ServiceNow Inc,0.48,12500,股
2026-06-29,SPOT US,Spotify Technology SA,0.44,2500,股
2026-06-29,ON US,ON Semiconductor Corp,0.25,7500,股
2026-06-29,FSLY US,Fastly Inc,0.23,33100,股
2026-06-29,ZS US,Zscaler Inc,0.21,3900,股
2026-06-30,NVDA US,NVIDIA Corp,7.8,103000,股
2026-06-30,MU US,Micron Technology Inc,7.43,17000,股
2026-06-30,AAPL US,Apple Inc,6.15,56200,股
2026-06-30,AMD US,Advanced Micro Devices Inc,5.41,24600,股
2026-06-30,AMZN US,Amazon.com Inc,4.43,49100,股
2026-06-30,LRCX US,Lam Research Corp,4.2,25600,股
2026-06-30,GOOGL US,Alphabet Inc,3.54,26200,股
2026-06-30,GOOG US,Alphabet Inc,3.3,24700,股
2026-06-30,PANW US,Palo Alto Networks Inc,3.12,24200,股
2026-06-30,MSFT US,Microsoft Corp,3.11,22000,股
2026-06-30,WDC US,Western Digital Corp,2.95,12200,股
2026-06-30,TXN US,Texas Instruments Inc,2.68,23800,股
2026-06-30,KLAC US,KLA Corp,2.63,23000,股
2026-06-30,META US,Meta Platforms Inc,2.54,11900,股
2026-06-30,AVGO US,Broadcom Inc,2.37,16600,股
2026-06-30,ADI US,Analog Devices Inc,1.86,12400,股
2026-06-30,MRVL US,Marvell Technology Inc,1.77,15700,股
2026-06-30,COHR US,Coherent Corp,1.7,11400,股
2026-06-30,CDNS US,Cadence Design Systems Inc,1.68,11800,股
2026-06-30,LITE US,Lumentum Holdings Inc,1.66,5100,股
2026-06-30,TSM US,Taiwan Semiconductor Manufacturing Co Ltd,1.59,8800,股
2026-06-30,ASML US,ASML Holding NV,1.58,2100,股
2026-06-30,MCHP US,Microchip Technology Inc,1.57,45600,股
2026-06-30,INTC US,Intel Corp,1.52,28700,股
2026-06-30,CIEN US,Ciena Corp,1.45,7800,股
2026-06-30,STX US,Seagate Technology Holdings PLC,1.39,3800,股
2026-06-30,V US,Visa Inc,1.34,10300,股
2026-06-30,NFLX US,Netflix Inc,1.28,47500,股
2026-06-30,CRWD US,Crowdstrike Holdings Inc,1.24,4300,股
2026-06-30,PLTR US,Palantir Technologies Inc,1.16,26200,股
2026-06-30,NXPI US,NXP Semiconductors NV,1.11,10400,股
2026-06-30,ARM US,ARM Holdings PLC,0.99,7400,股
2026-06-30,ANET US,Arista Networks Inc,0.98,15300,股
2026-06-30,AXON US,Axon Enterprise Inc,0.91,4300,股
2026-06-30,CLS US,Celestica Inc,0.84,6100,股
2026-06-30,DASH US,DoorDash Inc,0.8,11400,股
2026-06-30,TER US,Teradyne Inc,0.77,4200,股
2026-06-30,BKNG US,Booking Holdings Inc,0.69,10200,股
2026-06-30,SIMO US,Silicon Motion Technology Corp,0.68,5400,股
2026-06-30,SHOP US,Shopify Inc,0.67,15600,股
2026-06-30,TTWO US,Take-Two Interactive Software Inc,0.67,7100,股
2026-06-30,SNOW US,Snowflake Inc,0.64,6600,股
2026-06-30,BABA US,Alibaba Group Holding Ltd,0.61,16800,股
2026-06-30,UBER US,Uber Technologies Inc,0.56,20600,股
2026-06-30,MDB US,MongoDB Inc,0.55,4300,股
2026-06-30,NOW US,ServiceNow Inc,0.47,12500,股
2026-06-30,SPOT US,Spotify Technology SA,0.43,2500,股
2026-06-30,ON US,ON Semiconductor Corp,0.27,7500,股
2026-06-30,FSLY US,Fastly Inc,0.23,33100,股
2026-06-30,ZS US,Zscaler Inc,0.21,3900,股
2026-07-01,NVDA US,NVIDIA Corp,7.67,99000,股
2026-07-01,MU US,Micron Technology Inc,6.92,17000,股
2026-07-01,AAPL US,Apple Inc,6.53,56200,股
2026-07-01,AMD US,Advanced Micro Devices Inc,5.25,24600,股
2026-07-01,AMZN US,Amazon.com Inc,4.53,47500,股
2026-07-01,LRCX US,Lam Research Corp,3.95,25600,股
2026-07-01,GOOG US,Alphabet Inc,3.49,24700,股
2026-07-01,GOOGL US,Alphabet Inc,3.48,24400,股
2026-07-01,PANW US,Palo Alto Networks Inc,3.36,24200,股
2026-07-01,MSFT US,Microsoft Corp,3.17,20900,股
2026-07-01,META US,Meta Platforms Inc,2.88,11900,股
2026-07-01,WDC US,Western Digital Corp,2.88,12200,股
2026-07-01,TXN US,Texas Instruments Inc,2.8,23800,股
2026-07-01,AVGO US,Broadcom Inc,2.42,16600,股
2026-07-01,KLAC US,KLA Corp,2.41,23000,股
2026-07-01,ADI US,Analog Devices Inc,1.9,12400,股
2026-07-01,CDNS US,Cadence Design Systems Inc,1.76,11800,股
2026-07-01,MRVL US,Marvell Technology Inc,1.68,15700,股
2026-07-01,COHR US,Coherent Corp,1.66,11400,股
2026-07-01,LITE US,Lumentum Holdings Inc,1.61,5100,股
2026-07-01,MCHP US,Microchip Technology Inc,1.6,45600,股
2026-07-01,TSM US,Taiwan Semiconductor Manufacturing Co Ltd,1.54,8800,股
2026-07-01,ASML US,ASML Holding NV,1.53,2100,股
2026-07-01,INTC US,Intel Corp,1.44,28700,股
2026-07-01,V US,Visa Inc,1.43,10300,股
2026-07-01,CIEN US,Ciena Corp,1.42,7800,股
2026-07-01,STX US,Seagate Technology Holdings PLC,1.37,3800,股
2026-07-01,CRWD US,Crowdstrike Holdings Inc,1.31,4300,股
2026-07-01,PLTR US,Palantir Technologies Inc,1.3,26200,股
2026-07-01,NFLX US,Netflix Inc,1.16,39500,股
2026-07-01,NXPI US,NXP Semiconductors NV,1.15,10400,股
2026-07-01,ANET US,Arista Networks Inc,1.01,15300,股
2026-07-01,AXON US,Axon Enterprise Inc,1.01,4300,股
2026-07-01,ARM US,ARM Holdings PLC,0.98,7400,股
2026-07-01,CLS US,Celestica Inc,0.87,6100,股
2026-07-01,DASH US,DoorDash Inc,0.85,11400,股
2026-07-01,BKNG US,Booking Holdings Inc,0.73,10200,股
2026-07-01,TER US,Teradyne Inc,0.71,4200,股
2026-07-01,TTWO US,Take-Two Interactive Software Inc,0.7,7100,股
2026-07-01,SIMO US,Silicon Motion Technology Corp,0.68,5400,股
2026-07-01,SNOW US,Snowflake Inc,0.68,6600,股
2026-07-01,BABA US,Alibaba Group Holding Ltd,0.65,16800,股
2026-07-01,SHOP US,Shopify Inc,0.63,13100,股
2026-07-01,MDB US,MongoDB Inc,0.61,4300,股
2026-07-01,UBER US,Uber Technologies Inc,0.59,20600,股
2026-07-01,NOW US,ServiceNow Inc,0.52,12500,股
2026-07-01,SPOT US,Spotify Technology SA,0.34,1800,股
2026-07-01,ON US,ON Semiconductor Corp,0.28,7500,股
2026-07-01,FSLY US,Fastly Inc,0.24,33100,股
2026-07-01,ZS US,Zscaler Inc,0.23,3900,股
2026-07-02,NVDA US,NVIDIA Corp,8.1,99000,股
2026-07-02,AAPL US,Apple Inc,6.98,53900,股
2026-07-02,MU US,Micron Technology Inc,6.47,15800,股
2026-07-02,AMD US,Advanced Micro Devices Inc,5.35,24600,股
2026-07-02,AMZN US,Amazon.com Inc,4.61,45300,股
2026-07-02,LRCX US,Lam Research Corp,3.78,25600,股
2026-07-02,GOOG US,Alphabet Inc,3.44,23000,股
2026-07-02,MSFT US,Microsoft Corp,3.43,20900,股
2026-07-02,GOOGL US,Alphabet Inc,3.41,22600,股
2026-07-02,PANW US,Palo Alto Networks Inc,3.17,21700,股
2026-07-02,TXN US,Texas Instruments Inc,2.93,23800,股
2026-07-02,WDC US,Western Digital Corp,2.76,12200,股
2026-07-02,META US,Meta Platforms Inc,2.69,11000,股
2026-07-02,AVGO US,Broadcom Inc,2.31,15300,股
2026-07-02,KLAC US,KLA Corp,2.27,23000,股
2026-07-02,CDNS US,Cadence Design Systems Inc,1.85,11800,股
2026-07-02,ADI US,Analog Devices Inc,1.69,10700,股
2026-07-02,MCHP US,Microchip Technology Inc,1.62,45600,股
2026-07-02,MRVL US,Marvell Technology Inc,1.62,15700,股
2026-07-02,COHR US,Coherent Corp,1.6,11400,股
2026-07-02,TSM US,Taiwan Semiconductor Manufacturing Co Ltd,1.6,8800,股
2026-07-02,ASML US,ASML Holding NV,1.56,2100,股
2026-07-02,INTC US,Intel Corp,1.45,28700,股
2026-07-02,PLTR US,Palantir Technologies Inc,1.42,26200,股
2026-07-02,CRWD US,Crowdstrike Holdings Inc,1.4,17200,股
2026-07-02,CIEN US,Ciena Corp,1.38,7800,股
2026-07-02,STX US,Seagate Technology Holdings PLC,1.31,3800,股
2026-07-02,NFLX US,Netflix Inc,1.29,39500,股
2026-07-02,V US,Visa Inc,1.23,8100,股
2026-07-02,LITE US,Lumentum Holdings Inc,1.19,3900,股
2026-07-02,NXPI US,NXP Semiconductors NV,1.19,10400,股
2026-07-02,AXON US,Axon Enterprise Inc,1.08,4300,股
2026-07-02,ANET US,Arista Networks Inc,1.03,15300,股
2026-07-02,ARM US,ARM Holdings PLC,0.98,7400,股
2026-07-02,DASH US,DoorDash Inc,0.92,11400,股
2026-07-02,CLS US,Celestica Inc,0.86,6100,股
2026-07-02,BKNG US,Booking Holdings Inc,0.79,10200,股
2026-07-02,TTWO US,Take-Two Interactive Software Inc,0.76,7100,股
2026-07-02,SNOW US,Snowflake Inc,0.72,6600,股
2026-07-02,SIMO US,Silicon Motion Technology Corp,0.68,5400,股
2026-07-02,SHOP US,Shopify Inc,0.66,13100,股
2026-07-02,TER US,Teradyne Inc,0.65,4200,股
2026-07-02,MDB US,MongoDB Inc,0.64,4300,股
2026-07-02,UBER US,Uber Technologies Inc,0.64,20600,股
2026-07-02,NOW US,ServiceNow Inc,0.56,12500,股
2026-07-02,BABA US,Alibaba Group Holding Ltd,0.42,10400,股
2026-07-02,SPOT US,Spotify Technology SA,0.37,1800,股
2026-07-02,ON US,ON Semiconductor Corp,0.29,7500,股
2026-07-02,FSLY US,Fastly Inc,0.25,33100,股
2026-07-02,ZS US,Zscaler Inc,0.24,3900,股
2026-07-03,NVDA US,NVIDIA Corp,8.1,99000,股
2026-07-03,AAPL US,Apple Inc,6.98,53900,股
2026-07-03,MU US,Micron Technology Inc,6.47,15800,股
2026-07-03,AMD US,Advanced Micro Devices Inc,5.35,24600,股
2026-07-03,AMZN US,Amazon.com Inc,4.61,45300,股
2026-07-03,LRCX US,Lam Research Corp,3.78,25600,股
2026-07-03,GOOG US,Alphabet Inc,3.44,23000,股
2026-07-03,MSFT US,Microsoft Corp,3.43,20900,股
2026-07-03,GOOGL US,Alphabet Inc,3.41,22600,股
2026-07-03,PANW US,Palo Alto Networks Inc,3.17,21700,股
2026-07-03,TXN US,Texas Instruments Inc,2.93,23800,股
2026-07-03,WDC US,Western Digital Corp,2.76,12200,股
2026-07-03,META US,Meta Platforms Inc,2.69,11000,股
2026-07-03,AVGO US,Broadcom Inc,2.31,15300,股
2026-07-03,KLAC US,KLA Corp,2.27,23000,股
2026-07-03,CDNS US,Cadence Design Systems Inc,1.85,11800,股
2026-07-03,ADI US,Analog Devices Inc,1.69,10700,股
2026-07-03,MCHP US,Microchip Technology Inc,1.62,45600,股
2026-07-03,MRVL US,Marvell Technology Inc,1.62,15700,股
2026-07-03,COHR US,Coherent Corp,1.6,11400,股
2026-07-03,TSM US,Taiwan Semiconductor Manufacturing Co Ltd,1.6,8800,股
2026-07-03,ASML US,ASML Holding NV,1.56,2100,股
2026-07-03,INTC US,Intel Corp,1.45,28700,股
2026-07-03,PLTR US,Palantir Technologies Inc,1.42,26200,股
2026-07-03,CRWD US,Crowdstrike Holdings Inc,1.4,17200,股
2026-07-03,CIEN US,Ciena Corp,1.38,7800,股
2026-07-03,STX US,Seagate Technology Holdings PLC,1.31,3800,股
2026-07-03,NFLX US,Netflix Inc,1.29,39500,股
2026-07-03,V US,Visa Inc,1.23,8100,股
2026-07-03,LITE US,Lumentum Holdings Inc,1.19,3900,股
2026-07-03,NXPI US,NXP Semiconductors NV,1.19,10400,股
2026-07-03,AXON US,Axon Enterprise Inc,1.08,4300,股
2026-07-03,ANET US,Arista Networks Inc,1.03,15300,股
2026-07-03,ARM US,ARM Holdings PLC,0.98,7400,股
2026-07-03,DASH US,DoorDash Inc,0.92,11400,股
2026-07-03,CLS US,Celestica Inc,0.86,6100,股
2026-07-03,BKNG US,Booking Holdings Inc,0.79,10200,股
2026-07-03,TTWO US,Take-Two Interactive Software Inc,0.76,7100,股
2026-07-03,SNOW US,Snowflake Inc,0.72,6600,股
2026-07-03,SIMO US,Silicon Motion Technology Corp,0.68,5400,股
2026-07-03,SHOP US,Shopify Inc,0.66,13100,股
2026-07-03,TER US,Teradyne Inc,0.65,4200,股
2026-07-03,MDB US,MongoDB Inc,0.64,4300,股
2026-07-03,UBER US,Uber Technologies Inc,0.64,20600,股
2026-07-03,NOW US,ServiceNow Inc,0.56,12500,股
2026-07-03,BABA US,Alibaba Group Holding Ltd,0.42,10400,股
2026-07-03,SPOT US,Spotify Technology SA,0.37,1800,股
2026-07-03,ON US,ON Semiconductor Corp,0.29,7500,股
2026-07-03,FSLY US,Fastly Inc,0.25,33100,股
2026-07-03,ZS US,Zscaler Inc,0.24,3900,股
2026-07-06,NVDA US,NVIDIA Corp,7.94,99000,股
2026-07-06,AAPL US,Apple Inc,6.94,53900,股
2026-07-06,MU US,Micron Technology Inc,6.41,15800,股
2026-07-06,AMD US,Advanced Micro Devices Inc,5.59,24600,股
2026-07-06,AMZN US,Amazon.com Inc,4.2,41800,股
2026-07-06,LRCX US,Lam Research Corp,3.69,25600,股
2026-07-06,GOOG US,Alphabet Inc,3.46,23000,股
2026-07-06,GOOGL US,Alphabet Inc,3.41,22600,股
2026-07-06,MSFT US,Microsoft Corp,3.33,20900,股
2026-07-06,PANW US,Palo Alto Networks Inc,3.2,21700,股
2026-07-06,TXN US,Texas Instruments Inc,2.98,23800,股
2026-07-06,WDC US,Western Digital Corp,2.9,12200,股
2026-07-06,META US,Meta Platforms Inc,2.72,11000,股
2026-07-06,AVGO US,Broadcom Inc,2.36,15300,股
2026-07-06,KLAC US,KLA Corp,2.21,23000,股
2026-07-06,CDNS US,Cadence Design Systems Inc,1.83,11800,股
2026-07-06,ADI US,Analog Devices Inc,1.71,10700,股
2026-07-06,MCHP US,Microchip Technology Inc,1.65,45600,股
2026-07-06,TSM US,Taiwan Semiconductor Manufacturing Co Ltd,1.64,8800,股
2026-07-06,MRVL US,Marvell Technology Inc,1.61,15700,股
2026-07-06,ASML US,ASML Holding NV,1.58,2100,股
2026-07-06,COHR US,Coherent Corp,1.58,11400,股
2026-07-06,INTC US,Intel Corp,1.44,28700,股
2026-07-06,PLTR US,Palantir Technologies Inc,1.43,26200,股
2026-07-06,CRWD US,Crowdstrike Holdings Inc,1.41,17200,股
2026-07-06,STX US,Seagate Technology Holdings PLC,1.36,3800,股
2026-07-06,AXON US,Axon Enterprise Inc,1.26,4900,股
2026-07-06,NFLX US,Netflix Inc,1.24,39500,股
2026-07-06,CIEN US,Ciena Corp,1.2,6700,股
2026-07-06,NXPI US,NXP Semiconductors NV,1.2,10400,股
2026-07-06,V US,Visa Inc,1.19,8100,股
2026-07-06,LITE US,Lumentum Holdings Inc,1.17,3900,股
2026-07-06,ARM US,ARM Holdings PLC,1.13,8500,股
2026-07-06,CLS US,Celestica Inc,0.88,6100,股
2026-07-06,SIMO US,Silicon Motion Technology Corp,0.87,6600,股
2026-07-06,ANET US,Arista Networks Inc,0.76,10600,股
2026-07-06,BKNG US,Booking Holdings Inc,0.76,10200,股
2026-07-06,TTWO US,Take-Two Interactive Software Inc,0.76,7100,股
2026-07-06,SPCX US,Space Exploration Technologies Corp,0.75,11300,股
2026-07-06,SNOW US,Snowflake Inc,0.71,6600,股
2026-07-06,DASH US,DoorDash Inc,0.67,8600,股
2026-07-06,TER US,Teradyne Inc,0.66,4200,股
2026-07-06,SHOP US,Shopify Inc,0.65,13100,股
2026-07-06,MDB US,MongoDB Inc,0.63,4300,股
2026-07-06,UBER US,Uber Technologies Inc,0.61,20600,股
2026-07-06,NOW US,ServiceNow Inc,0.56,12500,股
2026-07-06,BABA US,Alibaba Group Holding Ltd,0.42,10400,股
2026-07-06,SPOT US,Spotify Technology SA,0.36,1800,股
2026-07-06,FSLY US,Fastly Inc,0.25,33100,股
2026-07-06,ZS US,Zscaler Inc,0.24,3900,股
2026-07-06,ON US,ON Semiconductor Corp,0.14,3600,股
2026-07-07,NVDA US,NVIDIA Corp,8.32,99000,股
2026-07-07,AAPL US,Apple Inc,7.15,53900,股
2026-07-07,MU US,Micron Technology Inc,6.33,15800,股
2026-07-07,AMD US,Advanced Micro Devices Inc,5.42,24600,股
2026-07-07,AMZN US,Amazon.com Inc,4.18,39800,股
2026-07-07,GOOG US,Alphabet Inc,3.57,23000,股
2026-07-07,LRCX US,Lam Research Corp,3.56,25600,股
2026-07-07,GOOGL US,Alphabet Inc,3.54,22600,股
2026-07-07,MSFT US,Microsoft Corp,3.47,20900,股
2026-07-07,PANW US,Palo Alto Networks Inc,2.98,20700,股
2026-07-07,TXN US,Texas Instruments Inc,2.98,23800,股
2026-07-07,META US,Meta Platforms Inc,2.89,11000,股
2026-07-07,WDC US,Western Digital Corp,2.77,12200,股
2026-07-07,AVGO US,Broadcom Inc,2.42,15300,股
2026-07-07,KLAC US,KLA Corp,2.12,23000,股
2026-07-07,CDNS US,Cadence Design Systems Inc,1.87,11800,股
2026-07-07,ADI US,Analog Devices Inc,1.73,10700,股
2026-07-07,MCHP US,Microchip Technology Inc,1.64,45600,股
2026-07-07,TSM US,Taiwan Semiconductor Manufacturing Co Ltd,1.62,8800,股
2026-07-07,ASML US,ASML Holding NV,1.57,2100,股
2026-07-07,MRVL US,Marvell Technology Inc,1.55,15700,股
2026-07-07,COHR US,Coherent Corp,1.53,11400,股
2026-07-07,INTC US,Intel Corp,1.35,28700,股
2026-07-07,AXON US,Axon Enterprise Inc,1.34,4900,股
2026-07-07,STX US,Seagate Technology Holdings PLC,1.34,3800,股
2026-07-07,PLTR US,Palantir Technologies Inc,1.3,22600,股
2026-07-07,NFLX US,Netflix Inc,1.28,39500,股
2026-07-07,CRWD US,Crowdstrike Holdings Inc,1.22,14700,股
2026-07-07,V US,Visa Inc,1.22,8100,股
2026-07-07,NXPI US,NXP Semiconductors NV,1.21,10400,股
2026-07-07,CIEN US,Ciena Corp,1.2,6700,股
2026-07-07,LITE US,Lumentum Holdings Inc,1.16,3900,股
2026-07-07,ARM US,ARM Holdings PLC,1.09,8500,股
2026-07-07,CLS US,Celestica Inc,0.9,6100,股
2026-07-07,SIMO US,Silicon Motion Technology Corp,0.83,6600,股
2026-07-07,BKNG US,Booking Holdings Inc,0.79,10200,股
2026-07-07,TTWO US,Take-Two Interactive Software Inc,0.78,7100,股
2026-07-07,ANET US,Arista Networks Inc,0.75,10600,股
2026-07-07,SNOW US,Snowflake Inc,0.74,6600,股
2026-07-07,DASH US,DoorDash Inc,0.72,8600,股
2026-07-07,SPCX US,Space Exploration Technologies Corp,0.72,11300,股
2026-07-07,SHOP US,Shopify Inc,0.68,13100,股
2026-07-07,MDB US,MongoDB Inc,0.66,4300,股
2026-07-07,UBER US,Uber Technologies Inc,0.65,20600,股
2026-07-07,TER US,Teradyne Inc,0.62,4200,股
2026-07-07,BABA US,Alibaba Group Holding Ltd,0.44,10400,股
2026-07-07,NOW US,ServiceNow Inc,0.38,8000,股
2026-07-07,SPOT US,Spotify Technology SA,0.38,1800,股
2026-07-07,FSLY US,Fastly Inc,0.26,33100,股
2026-07-07,ZS US,Zscaler Inc,0.15,2300,股
2026-07-07,ON US,ON Semiconductor Corp,0.14,3600,股
2026-07-08,NVDA US,NVIDIA Corp,8.56,99000,股
2026-07-08,AAPL US,Apple Inc,7.16,53900,股
2026-07-08,MU US,Micron Technology Inc,6.35,15800,股
2026-07-08,AMD US,Advanced Micro Devices Inc,5.39,24600,股
2026-07-08,AMZN US,Amazon.com Inc,4.11,39800,股
2026-07-08,LRCX US,Lam Research Corp,3.61,25600,股
2026-07-08,GOOG US,Alphabet Inc,3.5,23000,股
2026-07-08,GOOGL US,Alphabet Inc,3.47,22600,股
2026-07-08,MSFT US,Microsoft Corp,3.39,20900,股
2026-07-08,TXN US,Texas Instruments Inc,3.04,23800,股
2026-07-08,WDC US,Western Digital Corp,2.84,12200,股
2026-07-08,META US,Meta Platforms Inc,2.81,11000,股
2026-07-08,PANW US,Palo Alto Networks Inc,2.81,20700,股
2026-07-08,AVGO US,Broadcom Inc,2.52,15300,股
2026-07-08,KLAC US,KLA Corp,2.16,23000,股
2026-07-08,CDNS US,Cadence Design Systems Inc,1.87,11800,股
2026-07-08,ADI US,Analog Devices Inc,1.75,10700,股
2026-07-08,MCHP US,Microchip Technology Inc,1.65,45600,股
2026-07-08,TSM US,Taiwan Semiconductor Manufacturing Co Ltd,1.63,8800,股
2026-07-08,ASML US,ASML Holding NV,1.57,2100,股
2026-07-08,MRVL US,Marvell Technology Inc,1.54,15700,股
2026-07-08,COHR US,Coherent Corp,1.53,11400,股
2026-07-08,STX US,Seagate Technology Holdings PLC,1.38,3800,股
2026-07-08,INTC US,Intel Corp,1.34,28700,股
2026-07-08,NFLX US,Netflix Inc,1.27,39500,股
2026-07-08,PLTR US,Palantir Technologies Inc,1.27,22600,股
2026-07-08,AXON US,Axon Enterprise Inc,1.25,4900,股
2026-07-08,CIEN US,Ciena Corp,1.25,6700,股
2026-07-08,NXPI US,NXP Semiconductors NV,1.25,10400,股
2026-07-08,CRWD US,Crowdstrike Holdings Inc,1.19,14700,股
2026-07-08,V US,Visa Inc,1.19,8100,股
2026-07-08,LITE US,Lumentum Holdings Inc,1.17,3900,股
2026-07-08,ARM US,ARM Holdings PLC,1.08,8500,股
2026-07-08,CLS US,Celestica Inc,0.93,6100,股
2026-07-08,SIMO US,Silicon Motion Technology Corp,0.88,6600,股
2026-07-08,ANET US,Arista Networks Inc,0.81,10600,股
2026-07-08,TTWO US,Take-Two Interactive Software Inc,0.76,7100,股
2026-07-08,BKNG US,Booking Holdings Inc,0.75,10200,股
2026-07-08,SNOW US,Snowflake Inc,0.73,6600,股
2026-07-08,SPCX US,Space Exploration Technologies Corp,0.71,11300,股
2026-07-08,DASH US,DoorDash Inc,0.69,8600,股
2026-07-08,SHOP US,Shopify Inc,0.66,13100,股
2026-07-08,MDB US,MongoDB Inc,0.65,4300,股
2026-07-08,UBER US,Uber Technologies Inc,0.64,20600,股
2026-07-08,TER US,Teradyne Inc,0.63,4200,股
2026-07-08,BABA US,Alibaba Group Holding Ltd,0.48,10400,股
2026-07-08,NOW US,ServiceNow Inc,0.37,8000,股
2026-07-08,SPOT US,Spotify Technology SA,0.37,1800,股
2026-07-08,FSLY US,Fastly Inc,0.28,33100,股
2026-07-08,ON US,ON Semiconductor Corp,0.14,3600,股
2026-07-08,ZS US,Zscaler Inc,0.14,2300,股
2026-07-09,NVDA US,NVIDIA Corp,8.39,99000,股
2026-07-09,AAPL US,Apple Inc,7.12,53900,股
2026-07-09,MU US,Micron Technology Inc,6.54,15800,股
2026-07-09,AMD US,Advanced Micro Devices Inc,5.62,24600,股
2026-07-09,AMZN US,Amazon.com Inc,4.11,39800,股
2026-07-09,LRCX US,Lam Research Corp,3.78,25600,股
2026-07-09,GOOG US,Alphabet Inc,3.42,23000,股
2026-07-09,GOOGL US,Alphabet Inc,3.39,22600,股
2026-07-09,MSFT US,Microsoft Corp,3.35,20900,股
2026-07-09,TXN US,Texas Instruments Inc,3.07,23800,股
2026-07-09,WDC US,Western Digital Corp,2.94,12200,股
2026-07-09,PANW US,Palo Alto Networks Inc,2.92,20700,股
2026-07-09,META US,Meta Platforms Inc,2.9,11000,股
2026-07-09,AVGO US,Broadcom Inc,2.56,15300,股
2026-07-09,KLAC US,KLA Corp,2.2,23000,股
2026-07-09,CDNS US,Cadence Design Systems Inc,1.9,11800,股
2026-07-09,ADI US,Analog Devices Inc,1.76,10700,股
2026-07-09,MCHP US,Microchip Technology Inc,1.68,45600,股
2026-07-09,TSM US,Taiwan Semiconductor Manufacturing Co Ltd,1.61,8800,股
2026-07-09,MRVL US,Marvell Technology Inc,1.59,15700,股
2026-07-09,ASML US,ASML Holding NV,1.58,2100,股
2026-07-09,COHR US,Coherent Corp,1.56,11400,股
2026-07-09,STX US,Seagate Technology Holdings PLC,1.41,3800,股
2026-07-09,INTC US,Intel Corp,1.35,28700,股
2026-07-09,CIEN US,Ciena Corp,1.29,6700,股
2026-07-09,LITE US,Lumentum Holdings Inc,1.28,3900,股
2026-07-09,NXPI US,NXP Semiconductors NV,1.26,10400,股
2026-07-09,NFLX US,Netflix Inc,1.24,39500,股
2026-07-09,CRWD US,Crowdstrike Holdings Inc,1.22,14700,股
2026-07-09,PLTR US,Palantir Technologies Inc,1.22,22600,股
2026-07-09,AXON US,Axon Enterprise Inc,1.19,4900,股
2026-07-09,V US,Visa Inc,1.18,8100,股
2026-07-09,ARM US,ARM Holdings PLC,1.16,8500,股
2026-07-09,CLS US,Celestica Inc,0.9,6100,股
2026-07-09,SIMO US,Silicon Motion Technology Corp,0.89,6600,股
2026-07-09,ANET US,Arista Networks Inc,0.82,10600,股
2026-07-09,BKNG US,Booking Holdings Inc,0.75,10200,股
2026-07-09,SNOW US,Snowflake Inc,0.74,6600,股
2026-07-09,TTWO US,Take-Two Interactive Software Inc,0.73,7100,股
2026-07-09,SPCX US,Space Exploration Technologies Corp,0.72,11300,股
2026-07-09,DASH US,DoorDash Inc,0.69,8600,股
2026-07-09,SHOP US,Shopify Inc,0.67,13100,股
2026-07-09,MDB US,MongoDB Inc,0.65,4300,股
2026-07-09,TER US,Teradyne Inc,0.64,4200,股
2026-07-09,UBER US,Uber Technologies Inc,0.64,20600,股
2026-07-09,BABA US,Alibaba Group Holding Ltd,0.48,10400,股
2026-07-09,SPOT US,Spotify Technology SA,0.37,1800,股
2026-07-09,NOW US,ServiceNow Inc,0.36,8000,股
2026-07-09,FSLY US,Fastly Inc,0.28,33100,股
2026-07-09,ON US,ON Semiconductor Corp,0.15,3600,股
2026-07-09,ZS US,Zscaler Inc,0.14,2300,股
2026-07-13,NVDA US,NVIDIA Corp,8.7,99000,股
2026-07-13,AAPL US,Apple Inc,7.35,53900,股
2026-07-13,MU US,Micron Technology Inc,6.36,15800,股
2026-07-13,AMD US,Advanced Micro Devices Inc,5.65,24600,股
2026-07-13,AMZN US,Amazon.com Inc,3.97,37400,股
2026-07-13,LRCX US,Lam Research Corp,3.63,25600,股
2026-07-13,GOOG US,Alphabet Inc,3.46,23000,股
2026-07-13,GOOGL US,Alphabet Inc,3.42,22600,股
2026-07-13,MSFT US,Microsoft Corp,3.21,19100,股
2026-07-13,META US,Meta Platforms Inc,3.1,11000,股
2026-07-13,TXN US,Texas Instruments Inc,3.05,23800,股
2026-07-13,PANW US,Palo Alto Networks Inc,2.94,20700,股
2026-07-13,WDC US,Western Digital Corp,2.91,12200,股
2026-07-13,AVGO US,Broadcom Inc,2.52,15300,股
2026-07-13,KLAC US,KLA Corp,2.34,24500,股
2026-07-13,CDNS US,Cadence Design Systems Inc,1.92,11800,股
2026-07-13,ADI US,Analog Devices Inc,1.77,10700,股
2026-07-13,MCHP US,Microchip Technology Inc,1.65,45600,股
2026-07-13,TSM US,Taiwan Semiconductor Manufacturing Co Ltd,1.59,8800,股
2026-07-13,ASML US,ASML Holding NV,1.56,2100,股
2026-07-13,COHR US,Coherent Corp,1.51,11400,股
2026-07-13,MRVL US,Marvell Technology Inc,1.47,15700,股
2026-07-13,STX US,Seagate Technology Holdings PLC,1.4,3800,股
2026-07-13,LITE US,Lumentum Holdings Inc,1.29,3900,股
2026-07-13,CIEN US,Ciena Corp,1.28,6700,股
2026-07-13,INTC US,Intel Corp,1.27,28700,股
2026-07-13,PLTR US,Palantir Technologies Inc,1.26,22600,股
2026-07-13,NFLX US,Netflix Inc,1.25,39500,股
2026-07-13,NXPI US,NXP Semiconductors NV,1.24,10400,股
2026-07-13,CRWD US,Crowdstrike Holdings Inc,1.19,14700,股
2026-07-13,AXON US,Axon Enterprise Inc,1.15,4900,股
2026-07-13,ARM US,ARM Holdings PLC,1.09,8500,股
2026-07-13,V US,Visa Inc,1.01,6600,股
2026-07-13,CLS US,Celestica Inc,0.9,6100,股
2026-07-13,SIMO US,Silicon Motion Technology Corp,0.85,6600,股
2026-07-13,ANET US,Arista Networks Inc,0.82,10600,股
2026-07-13,BKNG US,Booking Holdings Inc,0.77,10200,股
2026-07-13,SNOW US,Snowflake Inc,0.76,6600,股
2026-07-13,SKHY US,SK hynix Inc,0.75,11400,股
2026-07-13,TER US,Teradyne Inc,0.75,5100,股
2026-07-13,TTWO US,Take-Two Interactive Software Inc,0.74,7100,股
2026-07-13,SHOP US,Shopify Inc,0.7,13100,股
2026-07-13,SPCX US,Space Exploration Technologies Corp,0.68,11300,股
2026-07-13,MDB US,MongoDB Inc,0.62,4300,股
2026-07-13,BABA US,Alibaba Group Holding Ltd,0.5,10400,股
2026-07-13,UBER US,Uber Technologies Inc,0.45,14200,股
2026-07-13,DASH US,DoorDash Inc,0.4,4900,股
2026-07-13,NOW US,ServiceNow Inc,0.38,8000,股
2026-07-13,SPOT US,Spotify Technology SA,0.37,1800,股
2026-07-13,FSLY US,Fastly Inc,0.28,33100,股
2026-07-13,ZS US,Zscaler Inc,0.14,2300,股
2026-07-14,NVDA US,NVIDIA Corp,8.3,92200,股
2026-07-14,AAPL US,Apple Inc,7.23,53900,股
2026-07-14,MU US,Micron Technology Inc,6.62,15800,股
2026-07-14,AMD US,Advanced Micro Devices Inc,5.74,24600,股
2026-07-14,AMZN US,Amazon.com Inc,3.94,37400,股
2026-07-14,LRCX US,Lam Research Corp,3.77,25600,股
2026-07-14,GOOG US,Alphabet Inc,3.3,21700,股
2026-07-14,GOOGL US,Alphabet Inc,3.26,21300,股
2026-07-14,MSFT US,Microsoft Corp,3.13,19100,股
2026-07-14,PANW US,Palo Alto Networks Inc,3.11,20700,股
2026-07-14,META US,Meta Platforms Inc,3.1,11000,股
2026-07-14,TXN US,Texas Instruments Inc,3.1,23800,股
2026-07-14,WDC US,Western Digital Corp,2.93,12200,股
2026-07-14,KLAC US,KLA Corp,2.4,24500,股
2026-07-14,AVGO US,Broadcom Inc,2.34,14100,股
2026-07-14,CDNS US,Cadence Design Systems Inc,1.89,11800,股
2026-07-14,ADI US,Analog Devices Inc,1.79,10700,股
2026-07-14,MCHP US,Microchip Technology Inc,1.69,45600,股
2026-07-14,ASML US,ASML Holding NV,1.59,2100,股
2026-07-14,TSM US,Taiwan Semiconductor Manufacturing Co Ltd,1.58,8800,股
2026-07-14,COHR US,Coherent Corp,1.51,11400,股
2026-07-14,MRVL US,Marvell Technology Inc,1.49,15700,股
2026-07-14,STX US,Seagate Technology Holdings PLC,1.42,3800,股
2026-07-14,LITE US,Lumentum Holdings Inc,1.35,3900,股
2026-07-14,CRWD US,Crowdstrike Holdings Inc,1.32,14700,股
2026-07-14,INTC US,Intel Corp,1.32,28700,股
2026-07-14,PLTR US,Palantir Technologies Inc,1.29,22600,股
2026-07-14,CIEN US,Ciena Corp,1.28,6700,股
2026-07-14,NXPI US,NXP Semiconductors NV,1.26,10400,股
2026-07-14,AXON US,Axon Enterprise Inc,1.14,4900,股
2026-07-14,ARM US,ARM Holdings PLC,1.02,8500,股
2026-07-14,V US,Visa Inc,1.0,6600,股
2026-07-14,NFLX US,Netflix Inc,0.97,31000,股
2026-07-14,SKHY US,SK hynix Inc,0.94,11400,股
2026-07-14,CLS US,Celestica Inc,0.9,6100,股
2026-07-14,SIMO US,Silicon Motion Technology Corp,0.87,6600,股
2026-07-14,SNOW US,Snowflake Inc,0.78,6600,股
2026-07-14,TER US,Teradyne Inc,0.77,5100,股
2026-07-14,BKNG US,Booking Holdings Inc,0.76,10200,股
2026-07-14,ANET US,Arista Networks Inc,0.72,9300,股
2026-07-14,TTWO US,Take-Two Interactive Software Inc,0.72,7100,股
2026-07-14,SPCX US,Space Exploration Technologies Corp,0.66,11300,股
2026-07-14,MDB US,MongoDB Inc,0.63,4300,股
2026-07-14,SHOP US,Shopify Inc,0.55,10300,股
2026-07-14,BABA US,Alibaba Group Holding Ltd,0.5,10400,股
2026-07-14,UBER US,Uber Technologies Inc,0.44,14200,股
2026-07-14,DASH US,DoorDash Inc,0.39,4900,股
2026-07-14,SPOT US,Spotify Technology SA,0.37,1800,股
2026-07-14,NOW US,ServiceNow Inc,0.36,8000,股
2026-07-14,FSLY US,Fastly Inc,0.29,33100,股
2026-07-14,ZS US,Zscaler Inc,0.15,2300,股
2026-07-15,NVDA US,NVIDIA Corp,8.57,92200,股
2026-07-15,AAPL US,Apple Inc,7.71,53900,股
2026-07-15,MU US,Micron Technology Inc,6.24,15800,股
2026-07-15,AMD US,Advanced Micro Devices Inc,5.69,24600,股
2026-07-15,AMZN US,Amazon.com Inc,4.01,36000,股
2026-07-15,LRCX US,Lam Research Corp,3.75,25600,股
2026-07-15,GOOG US,Alphabet Inc,3.51,21700,股
2026-07-15,GOOGL US,Alphabet Inc,3.45,21300,股
2026-07-15,MSFT US,Microsoft Corp,3.3,19100,股
2026-07-15,PANW US,Palo Alto Networks Inc,3.2,20700,股
2026-07-15,TXN US,Texas Instruments Inc,3.13,23800,股
2026-07-15,META US,Meta Platforms Inc,3.12,10500,股
2026-07-15,WDC US,Western Digital Corp,2.74,12200,股
2026-07-15,AVGO US,Broadcom Inc,2.43,14100,股
2026-07-15,KLAC US,KLA Corp,2.4,24500,股
2026-07-15,CDNS US,Cadence Design Systems Inc,1.91,11800,股
2026-07-15,ADI US,Analog Devices Inc,1.83,10700,股
2026-07-15,MCHP US,Microchip Technology Inc,1.72,45600,股
2026-07-15,ASML US,ASML Holding NV,1.67,2100,股
2026-07-15,TSM US,Taiwan Semiconductor Manufacturing Co Ltd,1.61,8800,股
2026-07-15,COHR US,Coherent Corp,1.49,11400,股
2026-07-15,MRVL US,Marvell Technology Inc,1.41,15700,股
2026-07-15,STX US,Seagate Technology Holdings PLC,1.37,3800,股
2026-07-15,CRWD US,Crowdstrike Holdings Inc,1.33,14700,股
2026-07-15,INTC US,Intel Corp,1.29,28700,股
2026-07-15,LITE US,Lumentum Holdings Inc,1.28,3900,股
2026-07-15,NXPI US,NXP Semiconductors NV,1.27,10400,股
2026-07-15,CIEN US,Ciena Corp,1.22,6700,股
2026-07-15,AXON US,Axon Enterprise Inc,1.16,4900,股
2026-07-15,PLTR US,Palantir Technologies Inc,1.12,19100,股
2026-07-15,SKHY US,SK hynix Inc,1.07,13900,股
2026-07-15,ARM US,ARM Holdings PLC,1.03,8500,股
2026-07-15,V US,Visa Inc,1.02,6600,股
2026-07-15,NFLX US,Netflix Inc,1.0,31000,股
2026-07-15,CLS US,Celestica Inc,0.89,6100,股
2026-07-15,SIMO US,Silicon Motion Technology Corp,0.85,6600,股
2026-07-15,SNOW US,Snowflake Inc,0.78,6600,股
2026-07-15,TER US,Teradyne Inc,0.76,5100,股
2026-07-15,ANET US,Arista Networks Inc,0.7,9300,股
2026-07-15,SPCX US,Space Exploration Technologies Corp,0.67,11300,股
2026-07-15,MDB US,MongoDB Inc,0.63,4300,股
2026-07-15,BKNG US,Booking Holdings Inc,0.6,7500,股
2026-07-15,TTWO US,Take-Two Interactive Software Inc,0.54,5100,股
2026-07-15,BABA US,Alibaba Group Holding Ltd,0.53,10400,股
2026-07-15,UBER US,Uber Technologies Inc,0.45,14200,股
2026-07-15,SHOP US,Shopify Inc,0.4,7500,股
2026-07-15,FSLY US,Fastly Inc,0.29,33100,股
2026-07-15,DASH US,DoorDash Inc,0.25,3000,股
2026-07-15,SPOT US,Spotify Technology SA,0.25,1200,股
2026-07-15,NOW US,ServiceNow Inc,0.22,4700,股
2026-07-15,ZS US,Zscaler Inc,0.15,2300,股
2026-07-16,NVDA US,NVIDIA Corp,8.63,92200,股
2026-07-16,AAPL US,Apple Inc,8.13,53900,股
2026-07-16,MU US,Micron Technology Inc,6.1,15800,股
2026-07-16,AMD US,Advanced Micro Devices Inc,5.58,24600,股
2026-07-16,AMZN US,Amazon.com Inc,4.07,36000,股
2026-07-16,LRCX US,Lam Research Corp,3.72,25600,股
2026-07-16,GOOG US,Alphabet Inc,3.47,21700,股
2026-07-16,MSFT US,Microsoft Corp,3.47,19100,股
2026-07-16,GOOGL US,Alphabet Inc,3.42,21300,股
2026-07-16,PANW US,Palo Alto Networks Inc,3.32,20700,股
2026-07-16,META US,Meta Platforms Inc,3.16,10500,股
2026-07-16,TXN US,Texas Instruments Inc,3.14,23800,股
2026-07-16,WDC US,Western Digital Corp,2.58,12200,股
2026-07-16,KLAC US,KLA Corp,2.43,24500,股
2026-07-16,AVGO US,Broadcom Inc,2.39,14100,股
2026-07-16,CDNS US,Cadence Design Systems Inc,1.95,11800,股
2026-07-16,ADI US,Analog Devices Inc,1.84,10700,股
2026-07-16,ASML US,ASML Holding NV,1.7,2100,股
2026-07-16,MCHP US,Microchip Technology Inc,1.69,45600,股
2026-07-16,TSM US,Taiwan Semiconductor Manufacturing Co Ltd,1.63,8800,股
2026-07-16,COHR US,Coherent Corp,1.43,11400,股
2026-07-16,CRWD US,Crowdstrike Holdings Inc,1.36,14700,股
2026-07-16,MRVL US,Marvell Technology Inc,1.34,15700,股
2026-07-16,STX US,Seagate Technology Holdings PLC,1.28,3800,股
2026-07-16,NXPI US,NXP Semiconductors NV,1.27,10400,股
2026-07-16,INTC US,Intel Corp,1.26,28700,股
2026-07-16,LITE US,Lumentum Holdings Inc,1.25,3900,股
2026-07-16,AXON US,Axon Enterprise Inc,1.2,4900,股
2026-07-16,CIEN US,Ciena Corp,1.18,6700,股
2026-07-16,PLTR US,Palantir Technologies Inc,1.16,19100,股
2026-07-16,V US,Visa Inc,1.09,6600,股
2026-07-16,NFLX US,Netflix Inc,1.04,31000,股
2026-07-16,ARM US,ARM Holdings PLC,1.01,8500,股
2026-07-16,SKHY US,SK hynix Inc,0.96,13900,股
2026-07-16,CLS US,Celestica Inc,0.84,6100,股
2026-07-16,SIMO US,Silicon Motion Technology Corp,0.81,6600,股
2026-07-16,SNOW US,Snowflake Inc,0.81,6600,股
2026-07-16,TER US,Teradyne Inc,0.74,5100,股
2026-07-16,ANET US,Arista Networks Inc,0.71,9300,股
2026-07-16,SPCX US,Space Exploration Technologies Corp,0.67,11300,股
2026-07-16,MDB US,MongoDB Inc,0.64,4300,股
2026-07-16,BKNG US,Booking Holdings Inc,0.63,7500,股
2026-07-16,BABA US,Alibaba Group Holding Ltd,0.55,10400,股
2026-07-16,TTWO US,Take-Two Interactive Software Inc,0.55,5100,股
2026-07-16,UBER US,Uber Technologies Inc,0.48,14200,股
2026-07-16,SHOP US,Shopify Inc,0.42,7500,股
2026-07-16,FSLY US,Fastly Inc,0.3,33100,股
2026-07-16,SPOT US,Spotify Technology SA,0.26,1200,股
2026-07-16,DASH US,DoorDash Inc,0.25,3000,股
2026-07-16,NOW US,ServiceNow Inc,0.22,4700,股
2026-07-16,ZS US,Zscaler Inc,0.15,2300,股
2026-07-17,NVDA US,NVIDIA Corp,8.55,92200,股
2026-07-17,AAPL US,Apple Inc,8.22,53900,股
2026-07-17,MU US,Micron Technology Inc,6.13,15800,股
2026-07-17,AMD US,Advanced Micro Devices Inc,5.57,24600,股
2026-07-17,AMZN US,Amazon.com Inc,4.07,36000,股
2026-07-17,LRCX US,Lam Research Corp,3.67,25600,股
2026-07-17,MSFT US,Microsoft Corp,3.44,19100,股
2026-07-17,GOOG US,Alphabet Inc,3.43,21700,股
2026-07-17,PANW US,Palo Alto Networks Inc,3.39,20700,股
2026-07-17,GOOGL US,Alphabet Inc,3.38,21300,股
2026-07-17,META US,Meta Platforms Inc,3.1,10500,股
2026-07-17,WDC US,Western Digital Corp,2.66,12200,股
2026-07-17,TXN US,Texas Instruments Inc,2.61,20100,股
2026-07-17,AVGO US,Broadcom Inc,2.39,14100,股
2026-07-17,KLAC US,KLA Corp,2.38,24500,股
2026-07-17,ADI US,Analog Devices Inc,1.84,10700,股
2026-07-17,CDNS US,Cadence Design Systems Inc,1.78,11800,股
2026-07-17,ASML US,ASML Holding NV,1.68,2100,股
2026-07-17,TSM US,Taiwan Semiconductor Manufacturing Co Ltd,1.6,8800,股
2026-07-17,MCHP US,Microchip Technology Inc,1.49,40200,股
2026-07-17,COHR US,Coherent Corp,1.45,11400,股
2026-07-17,STX US,Seagate Technology Holdings PLC,1.37,3800,股
2026-07-17,CRWD US,Crowdstrike Holdings Inc,1.36,14700,股
2026-07-17,MRVL US,Marvell Technology Inc,1.35,15700,股
2026-07-17,LITE US,Lumentum Holdings Inc,1.31,3900,股
2026-07-17,NXPI US,NXP Semiconductors NV,1.27,10400,股
2026-07-17,INTC US,Intel Corp,1.25,28700,股
2026-07-17,PLTR US,Palantir Technologies Inc,1.16,19100,股
2026-07-17,CIEN US,Ciena Corp,1.15,6700,股
2026-07-17,AXON US,Axon Enterprise Inc,1.14,4900,股
2026-07-17,V US,Visa Inc,1.08,6600,股
2026-07-17,ARM US,ARM Holdings PLC,1.04,8500,股
2026-07-17,NFLX US,Netflix Inc,0.98,31000,股
2026-07-17,SKHY US,SK hynix Inc,0.98,13900,股
2026-07-17,CLS US,Celestica Inc,0.84,6100,股
2026-07-17,SNOW US,Snowflake Inc,0.81,6600,股
2026-07-17,SIMO US,Silicon Motion Technology Corp,0.8,6600,股
2026-07-17,TER US,Teradyne Inc,0.75,5100,股
2026-07-17,ANET US,Arista Networks Inc,0.72,9300,股
2026-07-17,SPCX US,Space Exploration Technologies Corp,0.64,11300,股
2026-07-17,BKNG US,Booking Holdings Inc,0.62,7500,股
2026-07-17,MDB US,MongoDB Inc,0.61,4300,股
2026-07-17,BABA US,Alibaba Group Holding Ltd,0.55,10400,股
2026-07-17,TTWO US,Take-Two Interactive Software Inc,0.55,5100,股
2026-07-17,UBER US,Uber Technologies Inc,0.47,14200,股
2026-07-17,SHOP US,Shopify Inc,0.42,7500,股
2026-07-17,FSLY US,Fastly Inc,0.31,33100,股
2026-07-17,SPOT US,Spotify Technology SA,0.26,1200,股
2026-07-17,DASH US,DoorDash Inc,0.25,3000,股
2026-07-17,NOW US,ServiceNow Inc,0.22,4700,股
2026-07-17,ZS US,Zscaler Inc,0.16,2300,股
2026-07-20,NVDA US,NVIDIA Corp,8.52,92200,股
2026-07-20,AAPL US,Apple Inc,8.04,53900,股
2026-07-20,MU US,Micron Technology Inc,6.24,15800,股
2026-07-20,AMD US,Advanced Micro Devices Inc,5.65,24600,股
2026-07-20,AMZN US,Amazon.com Inc,4.11,36000,股
2026-07-20,LRCX US,Lam Research Corp,3.58,25600,股
2026-07-20,MSFT US,Microsoft Corp,3.51,19100,股
2026-07-20,GOOG US,Alphabet Inc,3.48,21700,股
2026-07-20,GOOGL US,Alphabet Inc,3.42,21300,股
2026-07-20,PANW US,Palo Alto Networks Inc,3.29,20700,股
2026-07-20,META US,Meta Platforms Inc,3.1,10500,股
2026-07-20,WDC US,Western Digital Corp,2.71,12200,股
2026-07-20,TXN US,Texas Instruments Inc,2.61,20100,股
2026-07-20,AVGO US,Broadcom Inc,2.43,14100,股
2026-07-20,KLAC US,KLA Corp,2.32,24500,股
2026-07-20,ADI US,Analog Devices Inc,1.82,10700,股
2026-07-20,CDNS US,Cadence Design Systems Inc,1.78,11800,股
2026-07-20,ASML US,ASML Holding NV,1.67,2100,股
2026-07-20,TSM US,Taiwan Semiconductor Manufacturing Co Ltd,1.62,8800,股
2026-07-20,COHR US,Coherent Corp,1.49,11400,股
2026-07-20,MCHP US,Microchip Technology Inc,1.48,40200,股
2026-07-20,MRVL US,Marvell Technology Inc,1.4,15700,股
2026-07-20,STX US,Seagate Technology Holdings PLC,1.39,3800,股
2026-07-20,LITE US,Lumentum Holdings Inc,1.36,3900,股
2026-07-20,CRWD US,Crowdstrike Holdings Inc,1.33,14700,股
2026-07-20,INTC US,Intel Corp,1.27,28700,股
2026-07-20,NXPI US,NXP Semiconductors NV,1.27,10400,股
2026-07-20,AXON US,Axon Enterprise Inc,1.18,4900,股
2026-07-20,PLTR US,Palantir Technologies Inc,1.18,19100,股
2026-07-20,CIEN US,Ciena Corp,1.16,6700,股
2026-07-20,V US,Visa Inc,1.09,6600,股
2026-07-20,ARM US,ARM Holdings PLC,1.05,8500,股
2026-07-20,NFLX US,Netflix Inc,0.96,31000,股
2026-07-20,SKHY US,SK hynix Inc,0.96,13900,股
2026-07-20,CLS US,Celestica Inc,0.86,6100,股
2026-07-20,SNOW US,Snowflake Inc,0.83,6600,股
2026-07-20,TER US,Teradyne Inc,0.78,5100,股
2026-07-20,SIMO US,Silicon Motion Technology Corp,0.76,6600,股
2026-07-20,ANET US,Arista Networks Inc,0.72,9300,股
2026-07-20,MDB US,MongoDB Inc,0.63,4300,股
2026-07-20,SPCX US,Space Exploration Technologies Corp,0.62,11300,股
2026-07-20,BKNG US,Booking Holdings Inc,0.61,7500,股
2026-07-20,BABA US,Alibaba Group Holding Ltd,0.57,10400,股
2026-07-20,TTWO US,Take-Two Interactive Software Inc,0.56,5100,股
2026-07-20,UBER US,Uber Technologies Inc,0.47,14200,股
2026-07-20,SHOP US,Shopify Inc,0.43,7500,股
2026-07-20,FSLY US,Fastly Inc,0.31,33100,股
2026-07-20,SPOT US,Spotify Technology SA,0.27,1200,股
2026-07-20,DASH US,DoorDash Inc,0.26,3000,股
2026-07-20,NOW US,ServiceNow Inc,0.22,4700,股
2026-07-20,ZS US,Zscaler Inc,0.16,2300,股
2026-07-21,NVDA US,NVIDIA Corp,8.51,92200,股
2026-07-21,AAPL US,Apple Inc,7.82,53900,股
2026-07-21,MU US,Micron Technology Inc,6.79,15800,股
2026-07-21,AMD US,Advanced Micro Devices Inc,5.93,24600,股
2026-07-21,AMZN US,Amazon.com Inc,3.95,36000,股
2026-07-21,LRCX US,Lam Research Corp,3.65,25600,股
2026-07-21,MSFT US,Microsoft Corp,3.36,19100,股
2026-07-21,GOOG US,Alphabet Inc,3.33,21700,股
2026-07-21,GOOGL US,Alphabet Inc,3.27,21300,股
2026-07-21,PANW US,Palo Alto Networks Inc,3.14,20700,股
2026-07-21,META US,Meta Platforms Inc,2.99,10500,股
2026-07-21,WDC US,Western Digital Corp,2.96,12200,股
2026-07-21,TXN US,Texas Instruments Inc,2.59,20100,股
2026-07-21,AVGO US,Broadcom Inc,2.41,14100,股
2026-07-21,KLAC US,KLA Corp,2.36,24500,股
2026-07-21,ADI US,Analog Devices Inc,1.81,10700,股
2026-07-21,CDNS US,Cadence Design Systems Inc,1.8,11800,股
2026-07-21,ASML US,ASML Holding NV,1.68,2100,股
2026-07-21,TSM US,Taiwan Semiconductor Manufacturing Co Ltd,1.65,8800,股
2026-07-21,COHR US,Coherent Corp,1.6,11400,股
2026-07-21,STX US,Seagate Technology Holdings PLC,1.5,3800,股
2026-07-21,MCHP US,Microchip Technology Inc,1.48,40200,股
2026-07-21,LITE US,Lumentum Holdings Inc,1.45,3900,股
2026-07-21,MRVL US,Marvell Technology Inc,1.45,15700,股
2026-07-21,INTC US,Intel Corp,1.34,28700,股
2026-07-21,NXPI US,NXP Semiconductors NV,1.26,10400,股
2026-07-21,CRWD US,Crowdstrike Holdings Inc,1.24,14700,股
2026-07-21,CIEN US,Ciena Corp,1.21,6700,股
2026-07-21,PLTR US,Palantir Technologies Inc,1.12,19100,股
2026-07-21,AXON US,Axon Enterprise Inc,1.11,4900,股
2026-07-21,ARM US,ARM Holdings PLC,1.09,8500,股
2026-07-21,SKHY US,SK hynix Inc,1.06,13900,股
2026-07-21,V US,Visa Inc,1.04,6600,股
2026-07-21,NFLX US,Netflix Inc,0.94,31000,股
2026-07-21,CLS US,Celestica Inc,0.92,6100,股
2026-07-21,TER US,Teradyne Inc,0.84,5100,股
2026-07-21,SIMO US,Silicon Motion Technology Corp,0.81,6600,股
2026-07-21,SNOW US,Snowflake Inc,0.79,6600,股
2026-07-21,ANET US,Arista Networks Inc,0.72,9300,股
2026-07-21,SPCX US,Space Exploration Technologies Corp,0.62,11300,股
2026-07-21,BKNG US,Booking Holdings Inc,0.6,7500,股
2026-07-21,MDB US,MongoDB Inc,0.59,4300,股
2026-07-21,BABA US,Alibaba Group Holding Ltd,0.54,10400,股
2026-07-21,TTWO US,Take-Two Interactive Software Inc,0.53,5100,股
2026-07-21,UBER US,Uber Technologies Inc,0.45,14200,股
2026-07-21,SHOP US,Shopify Inc,0.41,7500,股
2026-07-21,FSLY US,Fastly Inc,0.3,33100,股
2026-07-21,SPOT US,Spotify Technology SA,0.26,1200,股
2026-07-21,DASH US,DoorDash Inc,0.25,3000,股
2026-07-21,NOW US,ServiceNow Inc,0.21,4700,股
2026-07-21,ZS US,Zscaler Inc,0.15,2300,股
2026-07-22,NVDA US,NVIDIA Corp,8.49,89900,股
2026-07-22,AAPL US,Apple Inc,7.85,53900,股
2026-07-22,MU US,Micron Technology Inc,6.77,15800,股
2026-07-22,AMD US,Advanced Micro Devices Inc,6.07,24600,股
2026-07-22,AMZN US,Amazon.com Inc,3.94,36000,股
2026-07-22,LRCX US,Lam Research Corp,3.65,25600,股
2026-07-22,MSFT US,Microsoft Corp,3.33,19100,股
2026-07-22,GOOG US,Alphabet Inc,3.32,21700,股
2026-07-22,GOOGL US,Alphabet Inc,3.26,21300,股
2026-07-22,PANW US,Palo Alto Networks Inc,3.1,20700,股
2026-07-22,WDC US,Western Digital Corp,3.04,12200,股
2026-07-22,META US,Meta Platforms Inc,2.94,10500,股
2026-07-22,TXN US,Texas Instruments Inc,2.64,20100,股
2026-07-22,AVGO US,Broadcom Inc,2.5,14100,股
2026-07-22,KLAC US,KLA Corp,2.35,24500,股
2026-07-22,ADI US,Analog Devices Inc,1.85,10700,股
2026-07-22,CDNS US,Cadence Design Systems Inc,1.78,11800,股
2026-07-22,ASML US,ASML Holding NV,1.69,2100,股
2026-07-22,TSM US,Taiwan Semiconductor Manufacturing Co Ltd,1.66,8800,股
2026-07-22,COHR US,Coherent Corp,1.59,11400,股
2026-07-22,STX US,Seagate Technology Holdings PLC,1.54,3800,股
2026-07-22,MCHP US,Microchip Technology Inc,1.53,40200,股
2026-07-22,MRVL US,Marvell Technology Inc,1.48,15700,股
2026-07-22,LITE US,Lumentum Holdings Inc,1.45,3900,股
2026-07-22,INTC US,Intel Corp,1.32,28700,股
2026-07-22,NXPI US,NXP Semiconductors NV,1.3,10400,股
2026-07-22,CRWD US,Crowdstrike Holdings Inc,1.24,14700,股
2026-07-22,CIEN US,Ciena Corp,1.19,6700,股
2026-07-22,ARM US,ARM Holdings PLC,1.08,8500,股
2026-07-22,AXON US,Axon Enterprise Inc,1.08,4900,股
2026-07-22,PLTR US,Palantir Technologies Inc,1.06,19100,股
2026-07-22,V US,Visa Inc,1.04,6600,股
2026-07-22,SKHY US,SK hynix Inc,1.03,13900,股
2026-07-22,CLS US,Celestica Inc,0.91,6100,股
2026-07-22,TER US,Teradyne Inc,0.84,5100,股
2026-07-22,SIMO US,Silicon Motion Technology Corp,0.83,6600,股
2026-07-22,SNOW US,Snowflake Inc,0.79,6600,股
2026-07-22,NFLX US,Netflix Inc,0.74,24100,股
2026-07-22,ANET US,Arista Networks Inc,0.73,9300,股
2026-07-22,BKNG US,Booking Holdings Inc,0.6,7500,股
2026-07-22,MDB US,MongoDB Inc,0.59,4300,股
2026-07-22,SPCX US,Space Exploration Technologies Corp,0.58,11300,股
2026-07-22,BABA US,Alibaba Group Holding Ltd,0.54,10400,股
2026-07-22,TTWO US,Take-Two Interactive Software Inc,0.53,5100,股
2026-07-22,UBER US,Uber Technologies Inc,0.45,14200,股
2026-07-22,SHOP US,Shopify Inc,0.4,7500,股
2026-07-22,FSLY US,Fastly Inc,0.3,33100,股
2026-07-22,SPOT US,Spotify Technology SA,0.25,1200,股
2026-07-22,DASH US,DoorDash Inc,0.24,3000,股
2026-07-22,NOW US,ServiceNow Inc,0.2,4700,股
2026-07-22,ZS US,Zscaler Inc,0.15,2300,股
2026-07-23,NVDA US,NVIDIA Corp,8.5,89900,股
2026-07-23,AAPL US,Apple Inc,7.85,53900,股
2026-07-23,MU US,Micron Technology Inc,7.09,15800,股
2026-07-23,AMD US,Advanced Micro Devices Inc,6.01,24600,股
2026-07-23,AMZN US,Amazon.com Inc,3.81,36000,股
2026-07-23,LRCX US,Lam Research Corp,3.71,25600,股
2026-07-23,MSFT US,Microsoft Corp,3.3,19100,股
2026-07-23,GOOG US,Alphabet Inc,3.13,21700,股
2026-07-23,WDC US,Western Digital Corp,3.09,12200,股
2026-07-23,GOOGL US,Alphabet Inc,3.07,21300,股
2026-07-23,PANW US,Palo Alto Networks Inc,3.05,20700,股
2026-07-23,META US,Meta Platforms Inc,2.88,10500,股
2026-07-23,TXN US,Texas Instruments Inc,2.6,20100,股
2026-07-23,AVGO US,Broadcom Inc,2.51,14100,股
2026-07-23,KLAC US,KLA Corp,2.43,24500,股
2026-07-23,ADI US,Analog Devices Inc,1.84,10700,股
2026-07-23,CDNS US,Cadence Design Systems Inc,1.77,11800,股
2026-07-23,ASML US,ASML Holding NV,1.72,2100,股
2026-07-23,TSM US,Taiwan Semiconductor Manufacturing Co Ltd,1.66,8800,股
2026-07-23,COHR US,Coherent Corp,1.62,11400,股
2026-07-23,STX US,Seagate Technology Holdings PLC,1.57,3800,股
2026-07-23,MRVL US,Marvell Technology Inc,1.49,15700,股
2026-07-23,MCHP US,Microchip Technology Inc,1.48,40200,股
2026-07-23,LITE US,Lumentum Holdings Inc,1.47,3900,股
2026-07-23,NXPI US,NXP Semiconductors NV,1.31,10400,股
2026-07-23,INTC US,Intel Corp,1.3,28700,股
2026-07-23,CIEN US,Ciena Corp,1.24,6700,股
2026-07-23,CRWD US,Crowdstrike Holdings Inc,1.22,14700,股
2026-07-23,ARM US,ARM Holdings PLC,1.09,8500,股
2026-07-23,AXON US,Axon Enterprise Inc,1.09,4900,股
2026-07-23,PLTR US,Palantir Technologies Inc,1.07,19100,股
2026-07-23,SKHY US,SK hynix Inc,1.07,13900,股
2026-07-23,V US,Visa Inc,1.05,6600,股
2026-07-23,CLS US,Celestica Inc,0.93,6100,股
2026-07-23,SIMO US,Silicon Motion Technology Corp,0.86,6600,股
2026-07-23,TER US,Teradyne Inc,0.86,5100,股
2026-07-23,SNOW US,Snowflake Inc,0.79,6600,股
2026-07-23,NFLX US,Netflix Inc,0.75,24100,股
2026-07-23,ANET US,Arista Networks Inc,0.74,9300,股
2026-07-23,SPCX US,Space Exploration Technologies Corp,0.61,11300,股
2026-07-23,BKNG US,Booking Holdings Inc,0.59,7500,股
2026-07-23,MDB US,MongoDB Inc,0.58,4300,股
2026-07-23,BABA US,Alibaba Group Holding Ltd,0.54,10400,股
2026-07-23,TTWO US,Take-Two Interactive Software Inc,0.53,5100,股
2026-07-23,UBER US,Uber Technologies Inc,0.44,14200,股
2026-07-23,SHOP US,Shopify Inc,0.38,7500,股
2026-07-23,FSLY US,Fastly Inc,0.29,33100,股
2026-07-23,SPOT US,Spotify Technology SA,0.25,1200,股
2026-07-23,DASH US,DoorDash Inc,0.23,3000,股
2026-07-23,NOW US,ServiceNow Inc,0.2,4700,股
2026-07-23,IOT US,Samsara Inc,0.19,13400,股
2026-07-23,ZS US,Zscaler Inc,0.15,2300,股
2026-07-24,NVDA US,NVIDIA Corp,8.51,89900,股
2026-07-24,AAPL US,Apple Inc,8.24,53900,股
2026-07-24,MU US,Micron Technology Inc,6.68,15800,股
2026-07-24,AMD US,Advanced Micro Devices Inc,5.9,24600,股
2026-07-24,AMZN US,Amazon.com Inc,3.84,36000,股
2026-07-24,LRCX US,Lam Research Corp,3.59,25600,股
2026-07-24,MSFT US,Microsoft Corp,3.35,19100,股
2026-07-24,GOOG US,Alphabet Inc,3.18,21700,股
2026-07-24,GOOGL US,Alphabet Inc,3.13,21300,股
2026-07-24,PANW US,Palo Alto Networks Inc,3.08,20700,股
2026-07-24,WDC US,Western Digital Corp,2.91,12200,股
2026-07-24,META US,Meta Platforms Inc,2.87,10500,股
2026-07-24,TXN US,Texas Instruments Inc,2.58,20100,股
2026-07-24,AVGO US,Broadcom Inc,2.47,14100,股
2026-07-24,KLAC US,KLA Corp,2.37,24500,股
2026-07-24,ADI US,Analog Devices Inc,1.83,10700,股
2026-07-24,CDNS US,Cadence Design Systems Inc,1.77,11800,股
2026-07-24,ASML US,ASML Holding NV,1.69,2100,股
2026-07-24,TSM US,Taiwan Semiconductor Manufacturing Co Ltd,1.63,8800,股
2026-07-24,STX US,Seagate Technology Holdings PLC,1.49,3800,股
2026-07-24,COHR US,Coherent Corp,1.48,11400,股
2026-07-24,MCHP US,Microchip Technology Inc,1.46,40200,股
2026-07-24,MRVL US,Marvell Technology Inc,1.4,15700,股
2026-07-24,LITE US,Lumentum Holdings Inc,1.37,3900,股
2026-07-24,NXPI US,NXP Semiconductors NV,1.29,10400,股
2026-07-24,CRWD US,Crowdstrike Holdings Inc,1.24,14700,股
2026-07-24,INTC US,Intel Corp,1.22,28700,股
2026-07-24,CIEN US,Ciena Corp,1.2,6700,股
2026-07-24,PLTR US,Palantir Technologies Inc,1.08,19100,股
2026-07-24,V US,Visa Inc,1.08,6600,股
2026-07-24,ARM US,ARM Holdings PLC,1.02,8500,股
2026-07-24,SKHY US,SK hynix Inc,0.99,13900,股
2026-07-24,AXON US,Axon Enterprise Inc,0.92,4000,股
2026-07-24,CLS US,Celestica Inc,0.86,6100,股
2026-07-24,SIMO US,Silicon Motion Technology Corp,0.82,6600,股
2026-07-24,TER US,Teradyne Inc,0.82,5100,股
2026-07-24,SNOW US,Snowflake Inc,0.81,6600,股
2026-07-24,NFLX US,Netflix Inc,0.78,24100,股
2026-07-24,ANET US,Arista Networks Inc,0.74,9300,股
2026-07-24,BKNG US,Booking Holdings Inc,0.61,7500,股
2026-07-24,SPCX US,Space Exploration Technologies Corp,0.6,11300,股
2026-07-24,MDB US,MongoDB Inc,0.59,4300,股
2026-07-24,BABA US,Alibaba Group Holding Ltd,0.54,10400,股
2026-07-24,TTWO US,Take-Two Interactive Software Inc,0.54,5100,股
2026-07-24,UBER US,Uber Technologies Inc,0.43,14200,股
2026-07-24,SHOP US,Shopify Inc,0.39,7500,股
2026-07-24,FSLY US,Fastly Inc,0.31,33100,股
2026-07-24,SPOT US,Spotify Technology SA,0.27,1200,股
2026-07-24,DASH US,DoorDash Inc,0.24,3000,股
2026-07-24,NOW US,ServiceNow Inc,0.21,4700,股
2026-07-24,IOT US,Samsara Inc,0.2,13400,股
2026-07-24,ZS US,Zscaler Inc,0.15,2300,股
2026-07-27,AAPL US,Apple Inc,8.45,53900,股
2026-07-27,NVDA US,NVIDIA Corp,8.24,89900,股
2026-07-27,MU US,Micron Technology Inc,6.63,15800,股
2026-07-27,AMD US,Advanced Micro Devices Inc,5.68,24600,股
2026-07-27,AMZN US,Amazon.com Inc,3.89,36000,股
2026-07-27,LRCX US,Lam Research Corp,3.48,25600,股
2026-07-27,MSFT US,Microsoft Corp,3.47,19100,股
2026-07-27,GOOG US,Alphabet Inc,3.31,21700,股
2026-07-27,GOOGL US,Alphabet Inc,3.24,21300,股
2026-07-27,PANW US,Palo Alto Networks Inc,3.06,20700,股
2026-07-27,META US,Meta Platforms Inc,2.91,10500,股
2026-07-27,WDC US,Western Digital Corp,2.83,12200,股
2026-07-27,TXN US,Texas Instruments Inc,2.62,20100,股
2026-07-27,AVGO US,Broadcom Inc,2.52,14100,股
2026-07-27,KLAC US,KLA Corp,2.32,24500,股
2026-07-27,ADI US,Analog Devices Inc,1.86,10700,股
2026-07-27,CDNS US,Cadence Design Systems Inc,1.86,11800,股
2026-07-27,TSM US,Taiwan Semiconductor Manufacturing Co Ltd,1.64,8800,股
2026-07-27,ASML US,ASML Holding NV,1.62,2100,股
2026-07-27,MCHP US,Microchip Technology Inc,1.46,40200,股
2026-07-27,STX US,Seagate Technology Holdings PLC,1.45,3800,股
2026-07-27,COHR US,Coherent Corp,1.44,11400,股
2026-07-27,MRVL US,Marvell Technology Inc,1.39,15700,股
2026-07-27,LITE US,Lumentum Holdings Inc,1.3,3900,股
2026-07-27,NXPI US,NXP Semiconductors NV,1.3,10400,股
2026-07-27,CRWD US,Crowdstrike Holdings Inc,1.23,14700,股
2026-07-27,INTC US,Intel Corp,1.23,28700,股
2026-07-27,CIEN US,Ciena Corp,1.18,6700,股
2026-07-27,PLTR US,Palantir Technologies Inc,1.17,19100,股
2026-07-27,V US,Visa Inc,1.12,6600,股
2026-07-27,ARM US,ARM Holdings PLC,1.06,8500,股
2026-07-27,AXON US,Axon Enterprise Inc,0.98,4000,股
2026-07-27,SKHY US,SK hynix Inc,0.93,13900,股
2026-07-27,CLS US,Celestica Inc,0.91,6100,股
2026-07-27,SNOW US,Snowflake Inc,0.84,6600,股
2026-07-27,TER US,Teradyne Inc,0.8,5100,股
2026-07-27,NFLX US,Netflix Inc,0.79,24100,股
2026-07-27,SIMO US,Silicon Motion Technology Corp,0.75,6600,股
2026-07-27,ANET US,Arista Networks Inc,0.74,9300,股
2026-07-27,BKNG US,Booking Holdings Inc,0.65,7500,股
2026-07-27,MDB US,MongoDB Inc,0.62,4300,股
2026-07-27,SPCX US,Space Exploration Technologies Corp,0.6,11300,股
2026-07-27,TTWO US,Take-Two Interactive Software Inc,0.58,5100,股
2026-07-27,BABA US,Alibaba Group Holding Ltd,0.56,10400,股
2026-07-27,UBER US,Uber Technologies Inc,0.45,14200,股
2026-07-27,SHOP US,Shopify Inc,0.44,7500,股
2026-07-27,FSLY US,Fastly Inc,0.31,33100,股
2026-07-27,SPOT US,Spotify Technology SA,0.28,1200,股
2026-07-27,DASH US,DoorDash Inc,0.26,3000,股
2026-07-27,NOW US,ServiceNow Inc,0.23,4700,股
2026-07-27,IOT US,Samsara Inc,0.22,13400,股
2026-07-27,ZS US,Zscaler Inc,0.16,2300,股
2026-07-28,AAPL US,Apple Inc,8.74,53900,股
2026-07-28,NVDA US,NVIDIA Corp,8.45,89900,股
2026-07-28,MU US,Micron Technology Inc,6.19,15800,股
2026-07-28,AMD US,Advanced Micro Devices Inc,5.34,24600,股
2026-07-28,AMZN US,Amazon.com Inc,3.97,36000,股
2026-07-28,MSFT US,Microsoft Corp,3.58,19100,股
2026-07-28,GOOG US,Alphabet Inc,3.44,21700,股
2026-07-28,GOOGL US,Alphabet Inc,3.39,21300,股
2026-07-28,LRCX US,Lam Research Corp,3.29,25600,股
2026-07-28,PANW US,Palo Alto Networks Inc,3.15,20700,股
2026-07-28,META US,Meta Platforms Inc,2.97,10500,股
2026-07-28,WDC US,Western Digital Corp,2.7,12200,股
2026-07-28,TXN US,Texas Instruments Inc,2.66,20100,股
2026-07-28,AVGO US,Broadcom Inc,2.56,14100,股
2026-07-28,KLAC US,KLA Corp,2.23,24500,股
2026-07-28,CDNS US,Cadence Design Systems Inc,1.94,11800,股
2026-07-28,ADI US,Analog Devices Inc,1.87,10700,股
2026-07-28,TSM US,Taiwan Semiconductor Manufacturing Co Ltd,1.65,8800,股
2026-07-28,ASML US,ASML Holding NV,1.59,2100,股
2026-07-28,MCHP US,Microchip Technology Inc,1.45,40200,股
2026-07-28,STX US,Seagate Technology Holdings PLC,1.36,3800,股
2026-07-28,COHR US,Coherent Corp,1.32,11400,股
2026-07-28,MRVL US,Marvell Technology Inc,1.31,15700,股
2026-07-28,NXPI US,NXP Semiconductors NV,1.29,10400,股
2026-07-28,CRWD US,Crowdstrike Holdings Inc,1.28,14700,股
2026-07-28,LITE US,Lumentum Holdings Inc,1.21,3900,股
2026-07-28,INTC US,Intel Corp,1.18,28700,股
2026-07-28,V US,Visa Inc,1.15,6600,股
2026-07-28,PLTR US,Palantir Technologies Inc,1.13,19100,股
2026-07-28,CIEN US,Ciena Corp,1.12,6700,股
2026-07-28,AXON US,Axon Enterprise Inc,1.05,4000,股
2026-07-28,CLS US,Celestica Inc,1.02,6100,股
2026-07-28,ARM US,ARM Holdings PLC,0.99,8500,股
2026-07-28,SKHY US,SK hynix Inc,0.86,13900,股
2026-07-28,SNOW US,Snowflake Inc,0.85,6600,股
2026-07-28,NFLX US,Netflix Inc,0.83,24100,股
2026-07-28,TER US,Teradyne Inc,0.78,5100,股
2026-07-28,ANET US,Arista Networks Inc,0.75,9300,股
2026-07-28,BKNG US,Booking Holdings Inc,0.71,7500,股
2026-07-28,SIMO US,Silicon Motion Technology Corp,0.7,6600,股
2026-07-28,MDB US,MongoDB Inc,0.64,4300,股
2026-07-28,SPCX US,Space Exploration Technologies Corp,0.63,11300,股
2026-07-28,TTWO US,Take-Two Interactive Software Inc,0.6,5100,股
2026-07-28,BABA US,Alibaba Group Holding Ltd,0.57,10400,股
2026-07-28,UBER US,Uber Technologies Inc,0.48,14200,股
2026-07-28,SHOP US,Shopify Inc,0.47,7500,股
2026-07-28,FSLY US,Fastly Inc,0.33,33100,股
2026-07-28,SPOT US,Spotify Technology SA,0.29,1200,股
2026-07-28,DASH US,DoorDash Inc,0.28,3000,股
2026-07-28,NOW US,ServiceNow Inc,0.25,4700,股
2026-07-28,IOT US,Samsara Inc,0.24,13400,股
2026-07-28,ZS US,Zscaler Inc,0.17,2300,股
2026-07-29,AAPL US,Apple Inc,8.93,53900,股
2026-07-29,NVDA US,NVIDIA Corp,8.4,89900,股
2026-07-29,MU US,Micron Technology Inc,5.74,15800,股
2026-07-29,AMD US,Advanced Micro Devices Inc,5.2,24600,股
2026-07-29,AMZN US,Amazon.com Inc,4.01,36000,股
2026-07-29,MSFT US,Microsoft Corp,3.67,19100,股
2026-07-29,GOOG US,Alphabet Inc,3.58,21700,股
2026-07-29,GOOGL US,Alphabet Inc,3.53,21300,股
2026-07-29,PANW US,Palo Alto Networks Inc,3.2,20700,股
2026-07-29,LRCX US,Lam Research Corp,3.18,25600,股
2026-07-29,META US,Meta Platforms Inc,3.02,10500,股
2026-07-29,WDC US,Western Digital Corp,2.77,12200,股
2026-07-29,TXN US,Texas Instruments Inc,2.68,20100,股
2026-07-29,AVGO US,Broadcom Inc,2.57,14100,股
2026-07-29,KLAC US,KLA Corp,2.05,24500,股
2026-07-29,CDNS US,Cadence Design Systems Inc,1.93,11800,股
2026-07-29,ADI US,Analog Devices Inc,1.86,10700,股
2026-07-29,TSM US,Taiwan Semiconductor Manufacturing Co Ltd,1.62,8800,股
2026-07-29,ASML US,ASML Holding NV,1.6,2100,股
2026-07-29,STX US,Seagate Technology Holdings PLC,1.43,3800,股
2026-07-29,MCHP US,Microchip Technology Inc,1.41,40200,股
2026-07-29,CRWD US,Crowdstrike Holdings Inc,1.3,14700,股
2026-07-29,MRVL US,Marvell Technology Inc,1.26,15700,股
2026-07-29,COHR US,Coherent Corp,1.25,11400,股
2026-07-29,NXPI US,NXP Semiconductors NV,1.23,10400,股
2026-07-29,V US,Visa Inc,1.2,6600,股
2026-07-29,INTC US,Intel Corp,1.16,28700,股
2026-07-29,LITE US,Lumentum Holdings Inc,1.16,3900,股
2026-07-29,PLTR US,Palantir Technologies Inc,1.16,19100,股
2026-07-29,CIEN US,Ciena Corp,1.09,6700,股
2026-07-29,AXON US,Axon Enterprise Inc,1.05,4000,股
2026-07-29,CLS US,Celestica Inc,0.99,6100,股
2026-07-29,ARM US,ARM Holdings PLC,0.94,8500,股
2026-07-29,SNOW US,Snowflake Inc,0.92,6600,股
2026-07-29,NFLX US,Netflix Inc,0.87,24100,股
2026-07-29,SKHY US,SK hynix Inc,0.87,13900,股
2026-07-29,TER US,Teradyne Inc,0.8,5100,股
2026-07-29,BKNG US,Booking Holdings Inc,0.74,7500,股
2026-07-29,ANET US,Arista Networks Inc,0.72,9300,股
2026-07-29,MDB US,MongoDB Inc,0.68,4300,股
2026-07-29,SIMO US,Silicon Motion Technology Corp,0.68,6600,股
2026-07-29,SPCX US,Space Exploration Technologies Corp,0.63,11300,股
2026-07-29,TTWO US,Take-Two Interactive Software Inc,0.62,5100,股
2026-07-29,BABA US,Alibaba Group Holding Ltd,0.59,10400,股
2026-07-29,UBER US,Uber Technologies Inc,0.5,14200,股
2026-07-29,SHOP US,Shopify Inc,0.48,7500,股
2026-07-29,FSLY US,Fastly Inc,0.34,33100,股
2026-07-29,SPOT US,Spotify Technology SA,0.31,1200,股
2026-07-29,DASH US,DoorDash Inc,0.29,3000,股
2026-07-29,NOW US,ServiceNow Inc,0.27,4700,股
2026-07-29,IOT US,Samsara Inc,0.26,13400,股
2026-07-29,ZS US,Zscaler Inc,0.17,2300,股
2026-07-30,AAPL US,Apple Inc,8.32,53900,股
2026-07-30,NVDA US,NVIDIA Corp,8.16,89900,股
2026-07-30,MU US,Micron Technology Inc,6.43,15800,股
2026-07-30,AMD US,Advanced Micro Devices Inc,5.55,24600,股
2026-07-30,MSFT US,Microsoft Corp,4.01,19100,股
2026-07-30,AMZN US,Amazon.com Inc,3.94,36000,股
2026-07-30,LRCX US,Lam Research Corp,3.55,25600,股
2026-07-30,GOOG US,Alphabet Inc,3.37,21700,股
2026-07-30,GOOGL US,Alphabet Inc,3.31,21300,股
2026-07-30,PANW US,Palo Alto Networks Inc,3.14,20700,股
2026-07-30,WDC US,Western Digital Corp,3.03,12200,股
2026-07-30,META US,Meta Platforms Inc,2.63,10500,股
2026-07-30,TXN US,Texas Instruments Inc,2.61,20100,股
2026-07-30,AVGO US,Broadcom Inc,2.54,14100,股
2026-07-30,KLAC US,KLA Corp,2.06,24500,股
2026-07-30,ADI US,Analog Devices Inc,1.83,10700,股
2026-07-30,CDNS US,Cadence Design Systems Inc,1.83,11800,股
2026-07-30,TSM US,Taiwan Semiconductor Manufacturing Co Ltd,1.65,8800,股
2026-07-30,ASML US,ASML Holding NV,1.61,2100,股
2026-07-30,STX US,Seagate Technology Holdings PLC,1.51,3800,股
2026-07-30,MCHP US,Microchip Technology Inc,1.4,40200,股
2026-07-30,MRVL US,Marvell Technology Inc,1.34,15700,股
2026-07-30,COHR US,Coherent Corp,1.32,11400,股
2026-07-30,CRWD US,Crowdstrike Holdings Inc,1.27,14700,股
2026-07-30,LITE US,Lumentum Holdings Inc,1.26,3900,股
2026-07-30,INTC US,Intel Corp,1.22,28700,股
2026-07-30,NXPI US,NXP Semiconductors NV,1.19,10400,股
2026-07-30,CIEN US,Ciena Corp,1.16,6700,股
2026-07-30,V US,Visa Inc,1.12,6600,股
2026-07-30,PLTR US,Palantir Technologies Inc,1.09,19100,股
2026-07-30,CLS US,Celestica Inc,1.0,6100,股
2026-07-30,AXON US,Axon Enterprise Inc,0.98,4000,股
2026-07-30,ARM US,ARM Holdings PLC,0.96,8500,股
2026-07-30,SKHY US,SK hynix Inc,0.96,13900,股
2026-07-30,SNOW US,Snowflake Inc,0.92,6600,股
2026-07-30,TER US,Teradyne Inc,0.87,5100,股
2026-07-30,NFLX US,Netflix Inc,0.82,24100,股
2026-07-30,SIMO US,Silicon Motion Technology Corp,0.78,6600,股
2026-07-30,ANET US,Arista Networks Inc,0.74,9300,股
2026-07-30,BKNG US,Booking Holdings Inc,0.67,7500,股
2026-07-30,MDB US,MongoDB Inc,0.65,4300,股
2026-07-30,SPCX US,Space Exploration Technologies Corp,0.59,11300,股
2026-07-30,TTWO US,Take-Two Interactive Software Inc,0.59,5100,股
2026-07-30,BABA US,Alibaba Group Holding Ltd,0.56,10400,股
2026-07-30,UBER US,Uber Technologies Inc,0.46,14200,股
2026-07-30,SHOP US,Shopify Inc,0.43,7500,股
2026-07-30,FSLY US,Fastly Inc,0.33,33100,股
2026-07-30,SPOT US,Spotify Technology SA,0.29,1200,股
2026-07-30,DASH US,DoorDash Inc,0.28,3000,股
2026-07-30,NOW US,ServiceNow Inc,0.24,4700,股
2026-07-30,IOT US,Samsara Inc,0.22,13400,股
2026-07-30,ZS US,Zscaler Inc,0.16,2300,股
2026-07-31,NVDA US,NVIDIA Corp,8.42,89900,股
2026-07-31,AAPL US,Apple Inc,7.75,53900,股
2026-07-31,MU US,Micron Technology Inc,6.06,15800,股
2026-07-31,AMD US,Advanced Micro Devices Inc,5.45,24600,股
2026-07-31,AMZN US,Amazon.com Inc,4.55,36000,股
2026-07-31,MSFT US,Microsoft Corp,4.13,19100,股
2026-07-31,GOOG US,Alphabet Inc,3.6,21700,股
2026-07-31,GOOGL US,Alphabet Inc,3.53,21300,股
2026-07-31,LRCX US,Lam Research Corp,3.49,25600,股
2026-07-31,PANW US,Palo Alto Networks Inc,3.2,20700,股
2026-07-31,WDC US,Western Digital Corp,3.1,12200,股
2026-07-31,META US,Meta Platforms Inc,2.72,10500,股
2026-07-31,TXN US,Texas Instruments Inc,2.58,20100,股
2026-07-31,AVGO US,Broadcom Inc,2.56,14100,股
2026-07-31,KLAC US,KLA Corp,2.09,24500,股
2026-07-31,CDNS US,Cadence Design Systems Inc,1.87,11800,股
2026-07-31,ADI US,Analog Devices Inc,1.83,10700,股
2026-07-31,TSM US,Taiwan Semiconductor Manufacturing Co Ltd,1.66,8800,股
2026-07-31,COHR US,Coherent Corp,1.6,13100,股
2026-07-31,ASML US,ASML Holding NV,1.59,2100,股
2026-07-31,STX US,Seagate Technology Holdings PLC,1.52,3800,股
2026-07-31,MCHP US,Microchip Technology Inc,1.39,40200,股
2026-07-31,MRVL US,Marvell Technology Inc,1.37,15700,股
2026-07-31,CRWD US,Crowdstrike Holdings Inc,1.31,14700,股
2026-07-31,LITE US,Lumentum Holdings Inc,1.3,3900,股
2026-07-31,INTC US,Intel Corp,1.21,28700,股
2026-07-31,CIEN US,Ciena Corp,1.18,6700,股
2026-07-31,V US,Visa Inc,1.13,6600,股
2026-07-31,NXPI US,NXP Semiconductors NV,1.11,10400,股
2026-07-31,PLTR US,Palantir Technologies Inc,1.09,19100,股
2026-07-31,AXON US,Axon Enterprise Inc,0.98,4000,股
2026-07-31,ARM US,ARM Holdings PLC,0.95,8500,股
2026-07-31,CLS US,Celestica Inc,0.94,6100,股
2026-07-31,SKHY US,SK hynix Inc,0.93,13900,股
2026-07-31,SNOW US,Snowflake Inc,0.9,6600,股
2026-07-31,TER US,Teradyne Inc,0.87,5100,股
2026-07-31,NFLX US,Netflix Inc,0.8,24100,股
2026-07-31,ANET US,Arista Networks Inc,0.78,9300,股
2026-07-31,SIMO US,Silicon Motion Technology Corp,0.78,6600,股
2026-07-31,MDB US,MongoDB Inc,0.68,4300,股
2026-07-31,BKNG US,Booking Holdings Inc,0.67,7500,股
2026-07-31,BABA US,Alibaba Group Holding Ltd,0.59,10400,股
2026-07-31,TTWO US,Take-Two Interactive Software Inc,0.58,5100,股
2026-07-31,SPCX US,Space Exploration Technologies Corp,0.57,11300,股
2026-07-31,UBER US,Uber Technologies Inc,0.47,14200,股
2026-07-31,SHOP US,Shopify Inc,0.41,7500,股
2026-07-31,FSLY US,Fastly Inc,0.35,33100,股
2026-07-31,SPOT US,Spotify Technology SA,0.28,1200,股
2026-07-31,DASH US,DoorDash Inc,0.27,3000,股
2026-07-31,NOW US,ServiceNow Inc,0.24,4700,股
2026-07-31,IOT US,Samsara Inc,0.23,13400,股
2026-07-31,ZS US,Zscaler Inc,0.16,2300,股
2026-08-03,NVDA US,NVIDIA Corp,8.5,89900,股
2026-08-03,AAPL US,Apple Inc,7.48,53900,股
2026-08-03,MU US,Micron Technology Inc,5.99,15800,股
2026-08-03,AMD US,Advanced Micro Devices Inc,5.45,24600,股
2026-08-03,AMZN US,Amazon.com Inc,4.67,36000,股
2026-08-03,MSFT US,Microsoft Corp,4.26,19100,股
2026-08-03,GOOG US,Alphabet Inc,3.69,21700,股
2026-08-03,GOOGL US,Alphabet Inc,3.64,21300,股
2026-08-03,LRCX US,Lam Research Corp,3.45,25600,股
2026-08-03,PANW US,Palo Alto Networks Inc,3.28,20700,股
2026-08-03,WDC US,Western Digital Corp,2.94,12200,股
2026-08-03,META US,Meta Platforms Inc,2.83,10500,股
2026-08-03,AVGO US,Broadcom Inc,2.53,14100,股
2026-08-03,TXN US,Texas Instruments Inc,2.47,20100,股
2026-08-03,KLAC US,KLA Corp,2.05,24500,股
2026-08-03,CDNS US,Cadence Design Systems Inc,1.81,11800,股
2026-08-03,ADI US,Analog Devices Inc,1.77,10700,股
2026-08-03,COHR US,Coherent Corp,1.73,13100,股
2026-08-03,TSM US,Taiwan Semiconductor Manufacturing Co Ltd,1.63,8800,股
2026-08-03,ASML US,ASML Holding NV,1.58,2100,股
2026-08-03,STX US,Seagate Technology Holdings PLC,1.44,3800,股
2026-08-03,LITE US,Lumentum Holdings Inc,1.39,3900,股
2026-08-03,MRVL US,Marvell Technology Inc,1.39,15700,股
2026-08-03,MCHP US,Microchip Technology Inc,1.38,40200,股
2026-08-03,CRWD US,Crowdstrike Holdings Inc,1.36,14700,股
2026-08-03,CIEN US,Ciena Corp,1.2,6700,股
2026-08-03,INTC US,Intel Corp,1.19,28700,股
2026-08-03,PLTR US,Palantir Technologies Inc,1.1,19100,股
2026-08-03,V US,Visa Inc,1.1,6600,股
2026-08-03,NXPI US,NXP Semiconductors NV,1.07,10400,股
2026-08-03,AXON US,Axon Enterprise Inc,1.05,4000,股
2026-08-03,CLS US,Celestica Inc,0.95,6100,股
2026-08-03,ARM US,ARM Holdings PLC,0.93,8500,股
2026-08-03,SNOW US,Snowflake Inc,0.93,6600,股
2026-08-03,SKHY US,SK hynix Inc,0.91,13900,股
2026-08-03,TER US,Teradyne Inc,0.85,5100,股
2026-08-03,NFLX US,Netflix Inc,0.81,24100,股
2026-08-03,ANET US,Arista Networks Inc,0.79,9300,股
2026-08-03,SIMO US,Silicon Motion Technology Corp,0.76,6600,股
2026-08-03,MDB US,MongoDB Inc,0.7,4300,股
2026-08-03,BKNG US,Booking Holdings Inc,0.66,7500,股
2026-08-03,BABA US,Alibaba Group Holding Ltd,0.61,10400,股
2026-08-03,SPCX US,Space Exploration Technologies Corp,0.59,11300,股
2026-08-03,TTWO US,Take-Two Interactive Software Inc,0.57,5100,股
2026-08-03,UBER US,Uber Technologies Inc,0.46,14200,股
2026-08-03,SHOP US,Shopify Inc,0.4,7500,股
2026-08-03,FSLY US,Fastly Inc,0.35,33100,股
2026-08-03,DASH US,DoorDash Inc,0.27,3000,股
2026-08-03,SPOT US,Spotify Technology SA,0.27,1200,股
2026-08-03,NOW US,ServiceNow Inc,0.25,4700,股
2026-08-03,IOT US,Samsara Inc,0.23,13400,股
2026-08-03,ZS US,Zscaler Inc,0.16,2300,股
2026-08-04,NVDA US,NVIDIA Corp,8.41,89900,股
2026-08-04,AAPL US,Apple Inc,7.37,53900,股
2026-08-04,MU US,Micron Technology Inc,6.23,15800,股
2026-08-04,AMD US,Advanced Micro Devices Inc,5.64,24600,股
2026-08-04,AMZN US,Amazon.com Inc,4.41,36000,股
2026-08-04,MSFT US,Microsoft Corp,4.16,19100,股
2026-08-04,GOOG US,Alphabet Inc,3.6,21700,股
2026-08-04,LRCX US,Lam Research Corp,3.59,25600,股
2026-08-04,GOOGL US,Alphabet Inc,3.55,21300,股
2026-08-04,PANW US,Palo Alto Networks Inc,3.35,20700,股
2026-08-04,WDC US,Western Digital Corp,2.96,12200,股
2026-08-04,META US,Meta Platforms Inc,2.73,10500,股
2026-08-04,AVGO US,Broadcom Inc,2.6,14100,股
2026-08-04,TXN US,Texas Instruments Inc,2.52,20100,股
2026-08-04,KLAC US,KLA Corp,2.12,24500,股
2026-08-04,COHR US,Coherent Corp,1.87,13100,股
2026-08-04,ADI US,Analog Devices Inc,1.8,10700,股
2026-08-04,CDNS US,Cadence Design Systems Inc,1.78,11800,股
2026-08-04,TSM US,Taiwan Semiconductor Manufacturing Co Ltd,1.62,8800,股
2026-08-04,ASML US,ASML Holding NV,1.59,2100,股
2026-08-04,MRVL US,Marvell Technology Inc,1.52,15700,股
2026-08-04,LITE US,Lumentum Holdings Inc,1.46,3900,股
2026-08-04,MCHP US,Microchip Technology Inc,1.43,40200,股
2026-08-04,STX US,Seagate Technology Holdings PLC,1.42,3800,股
2026-08-04,CRWD US,Crowdstrike Holdings Inc,1.37,14700,股
2026-08-04,PLTR US,Palantir Technologies Inc,1.37,19100,股
2026-08-04,INTC US,Intel Corp,1.28,28700,股
2026-08-04,NXPI US,NXP Semiconductors NV,1.09,10400,股
2026-08-04,V US,Visa Inc,1.08,6600,股
2026-08-04,AXON US,Axon Enterprise Inc,1.07,4000,股
2026-08-04,ARM US,ARM Holdings PLC,1.05,8500,股
2026-08-04,CLS US,Celestica Inc,1.0,6100,股
2026-08-04,SKHY US,SK hynix Inc,0.95,13900,股
2026-08-04,SNOW US,Snowflake Inc,0.92,6600,股
2026-08-04,TER US,Teradyne Inc,0.91,5100,股
2026-08-04,ANET US,Arista Networks Inc,0.78,9300,股
2026-08-04,NFLX US,Netflix Inc,0.78,24100,股
2026-08-04,SIMO US,Silicon Motion Technology Corp,0.78,6600,股
2026-08-04,MDB US,MongoDB Inc,0.72,4300,股
2026-08-04,BKNG US,Booking Holdings Inc,0.64,7500,股
2026-08-04,SPCX US,Space Exploration Technologies Corp,0.63,11300,股
2026-08-04,BABA US,Alibaba Group Holding Ltd,0.59,10400,股
2026-08-04,TTWO US,Take-Two Interactive Software Inc,0.54,5100,股
2026-08-04,UBER US,Uber Technologies Inc,0.45,14200,股
2026-08-04,SHOP US,Shopify Inc,0.41,7500,股
2026-08-04,FSLY US,Fastly Inc,0.36,33100,股
2026-08-04,DASH US,DoorDash Inc,0.27,3000,股
2026-08-04,NOW US,ServiceNow Inc,0.25,4700,股
2026-08-04,SPOT US,Spotify Technology SA,0.25,1200,股
2026-08-04,IOT US,Samsara Inc,0.23,13400,股
2026-08-04,CIEN US,Ciena Corp,0.22,1200,股
2026-08-04,ZS US,Zscaler Inc,0.17,2300,股
2026-08-05,NVDA US,NVIDIA Corp,8.9,89900,股
2026-08-05,AAPL US,Apple Inc,7.57,53900,股
2026-08-05,MU US,Micron Technology Inc,6.37,15800,股
2026-08-05,AMD US,Advanced Micro Devices Inc,5.35,24600,股
2026-08-05,AMZN US,Amazon.com Inc,4.43,36000,股
2026-08-05,MSFT US,Microsoft Corp,4.2,19100,股
2026-08-05,LRCX US,Lam Research Corp,3.55,25600,股
2026-08-05,GOOG US,Alphabet Inc,3.53,21700,股
2026-08-05,GOOGL US,Alphabet Inc,3.48,21300,股
2026-08-05,PANW US,Palo Alto Networks Inc,3.39,20700,股
2026-08-05,WDC US,Western Digital Corp,2.86,12200,股
2026-08-05,META US,Meta Platforms Inc,2.79,10500,股
2026-08-05,AVGO US,Broadcom Inc,2.66,14100,股
2026-08-05,TXN US,Texas Instruments Inc,2.23,17800,股
2026-08-05,COHR US,Coherent Corp,2.13,14400,股
2026-08-05,KLAC US,KLA Corp,2.13,24500,股
2026-08-05,ADI US,Analog Devices Inc,1.82,10700,股
2026-08-05,CDNS US,Cadence Design Systems Inc,1.8,11800,股
2026-08-05,LITE US,Lumentum Holdings Inc,1.64,4400,股
2026-08-05,ASML US,ASML Holding NV,1.59,2100,股
2026-08-05,MRVL US,Marvell Technology Inc,1.5,15700,股
2026-08-05,STX US,Seagate Technology Holdings PLC,1.44,3800,股
2026-08-05,TSM US,Taiwan Semiconductor Manufacturing Co Ltd,1.4,7500,股
2026-08-05,CRWD US,Crowdstrike Holdings Inc,1.39,14700,股
2026-08-05,PLTR US,Palantir Technologies Inc,1.37,19100,股
2026-08-05,INTC US,Intel Corp,1.31,28700,股
2026-08-05,MCHP US,Microchip Technology Inc,1.17,33200,股
2026-08-05,AXON US,Axon Enterprise Inc,1.1,4000,股
2026-08-05,V US,Visa Inc,1.1,6600,股
2026-08-05,NXPI US,NXP Semiconductors NV,1.09,10400,股
2026-08-05,ARM US,ARM Holdings PLC,1.05,8500,股
2026-08-05,CLS US,Celestica Inc,1.0,6100,股
2026-08-05,SKHY US,SK hynix Inc,0.95,13900,股
2026-08-05,SNOW US,Snowflake Inc,0.94,6600,股
2026-08-05,TER US,Teradyne Inc,0.9,5100,股
2026-08-05,ANET US,Arista Networks Inc,0.83,9300,股
2026-08-05,NFLX US,Netflix Inc,0.81,24100,股
2026-08-05,MDB US,MongoDB Inc,0.73,4300,股
2026-08-05,SIMO US,Silicon Motion Technology Corp,0.73,6600,股
2026-08-05,BKNG US,Booking Holdings Inc,0.7,7500,股
2026-08-05,BABA US,Alibaba Group Holding Ltd,0.6,10400,股
2026-08-05,SPCX US,Space Exploration Technologies Corp,0.55,11300,股
2026-08-05,TTWO US,Take-Two Interactive Software Inc,0.54,5100,股
2026-08-05,SHOP US,Shopify Inc,0.49,7500,股
2026-08-05,UBER US,Uber Technologies Inc,0.44,14200,股
2026-08-05,FSLY US,Fastly Inc,0.39,33100,股
2026-08-05,DASH US,DoorDash Inc,0.28,3000,股
2026-08-05,SPOT US,Spotify Technology SA,0.26,1200,股
2026-08-05,NOW US,ServiceNow Inc,0.25,4700,股
2026-08-05,IOT US,Samsara Inc,0.23,13400,股
2026-08-05,ZS US,Zscaler Inc,0.17,2300,股
2026-08-06,NVDA US,NVIDIA Corp,8.96,89900,股
2026-08-06,AAPL US,Apple Inc,7.67,53900,股
2026-08-06,MU US,Micron Technology Inc,6.34,15800,股
2026-08-06,AMD US,Advanced Micro Devices Inc,5.48,24600,股
2026-08-06,AMZN US,Amazon.com Inc,4.46,36000,股
2026-08-06,MSFT US,Microsoft Corp,4.35,19100,股
2026-08-06,LRCX US,Lam Research Corp,3.56,25600,股
2026-08-06,GOOG US,Alphabet Inc,3.52,21700,股
2026-08-06,GOOGL US,Alphabet Inc,3.47,21300,股
2026-08-06,PANW US,Palo Alto Networks Inc,3.39,20700,股
2026-08-06,META US,Meta Platforms Inc,2.82,10500,股
2026-08-06,AVGO US,Broadcom Inc,2.7,14100,股
2026-08-06,WDC US,Western Digital Corp,2.51,12200,股
2026-08-06,TXN US,Texas Instruments Inc,2.26,17800,股
2026-08-06,COHR US,Coherent Corp,2.19,14400,股
2026-08-06,KLAC US,KLA Corp,2.16,24500,股
2026-08-06,ADI US,Analog Devices Inc,1.84,10700,股
2026-08-06,CDNS US,Cadence Design Systems Inc,1.82,11800,股
2026-08-06,LITE US,Lumentum Holdings Inc,1.68,4400,股
2026-08-06,ASML US,ASML Holding NV,1.63,2100,股
2026-08-06,MRVL US,Marvell Technology Inc,1.51,15700,股
2026-08-06,STX US,Seagate Technology Holdings PLC,1.48,3800,股
2026-08-06,TSM US,Taiwan Semiconductor Manufacturing Co Ltd,1.43,7500,股
2026-08-06,CRWD US,Crowdstrike Holdings Inc,1.39,14700,股
2026-08-06,PLTR US,Palantir Technologies Inc,1.36,19100,股
2026-08-06,INTC US,Intel Corp,1.3,28700,股
2026-08-06,MCHP US,Microchip Technology Inc,1.12,33200,股
2026-08-06,ARM US,ARM Holdings PLC,1.11,8500,股
2026-08-06,V US,Visa Inc,1.11,6600,股
2026-08-06,NXPI US,NXP Semiconductors NV,1.1,10400,股
2026-08-06,SNOW US,Snowflake Inc,0.96,6600,股
2026-08-06,AXON US,Axon Enterprise Inc,0.95,4000,股
2026-08-06,SKHY US,SK hynix Inc,0.91,13900,股
2026-08-06,TER US,Teradyne Inc,0.89,5100,股
2026-08-06,CLS US,Celestica Inc,0.87,6100,股
2026-08-06,ANET US,Arista Networks Inc,0.81,9300,股
2026-08-06,NFLX US,Netflix Inc,0.81,24100,股
2026-08-06,SIMO US,Silicon Motion Technology Corp,0.8,6600,股
2026-08-06,MDB US,MongoDB Inc,0.72,4300,股
2026-08-06,BKNG US,Booking Holdings Inc,0.71,7500,股
2026-08-06,BABA US,Alibaba Group Holding Ltd,0.6,10400,股
2026-08-06,SPCX US,Space Exploration Technologies Corp,0.59,11300,股
2026-08-06,TTWO US,Take-Two Interactive Software Inc,0.54,5100,股
2026-08-06,SHOP US,Shopify Inc,0.5,7500,股
2026-08-06,UBER US,Uber Technologies Inc,0.46,14200,股
2026-08-06,FSLY US,Fastly Inc,0.34,33100,股
2026-08-06,DASH US,DoorDash Inc,0.29,3000,股
2026-08-06,SPOT US,Spotify Technology SA,0.26,1200,股
2026-08-06,NOW US,ServiceNow Inc,0.25,4700,股
2026-08-06,IOT US,Samsara Inc,0.23,13400,股
2026-08-06,ZS US,Zscaler Inc,0.17,2300,股
2026-08-07,NVDA US,NVIDIA Corp,9.03,89900,股
2026-08-07,AAPL US,Apple Inc,7.58,53900,股
2026-08-07,MU US,Micron Technology Inc,6.22,15800,股
2026-08-07,AMD US,Advanced Micro Devices Inc,5.33,24600,股
2026-08-07,AMZN US,Amazon.com Inc,4.43,36000,股
2026-08-07,MSFT US,Microsoft Corp,4.28,19100,股
2026-08-07,LRCX US,Lam Research Corp,3.58,25600,股
2026-08-07,GOOG US,Alphabet Inc,3.44,21700,股
2026-08-07,GOOGL US,Alphabet Inc,3.39,21300,股
2026-08-07,PANW US,Palo Alto Networks Inc,3.38,20700,股
2026-08-07,META US,Meta Platforms Inc,2.79,10500,股
2026-08-07,AVGO US,Broadcom Inc,2.71,14100,股
2026-08-07,COHR US,Coherent Corp,2.45,14400,股
2026-08-07,WDC US,Western Digital Corp,2.38,12200,股
2026-08-07,TXN US,Texas Instruments Inc,2.28,17800,股
2026-08-07,KLAC US,KLA Corp,2.18,24500,股
2026-08-07,ADI US,Analog Devices Inc,1.87,10700,股
2026-08-07,CDNS US,Cadence Design Systems Inc,1.8,11800,股
2026-08-07,LITE US,Lumentum Holdings Inc,1.76,4400,股
2026-08-07,ASML US,ASML Holding NV,1.64,2100,股
2026-08-07,MRVL US,Marvell Technology Inc,1.54,15700,股
2026-08-07,PLTR US,Palantir Technologies Inc,1.47,19100,股
2026-08-07,CRWD US,Crowdstrike Holdings Inc,1.41,14700,股
2026-08-07,TSM US,Taiwan Semiconductor Manufacturing Co Ltd,1.41,7500,股
2026-08-07,STX US,Seagate Technology Holdings PLC,1.39,3800,股
2026-08-07,INTC US,Intel Corp,1.31,28700,股
2026-08-07,MCHP US,Microchip Technology Inc,1.26,33200,股
2026-08-07,NXPI US,NXP Semiconductors NV,1.12,10400,股
2026-08-07,ARM US,ARM Holdings PLC,1.08,8500,股
2026-08-07,V US,Visa Inc,1.07,6600,股
2026-08-07,AXON US,Axon Enterprise Inc,1.02,4000,股
2026-08-07,SNOW US,Snowflake Inc,0.98,6600,股
2026-08-07,CLS US,Celestica Inc,0.87,6100,股
2026-08-07,TER US,Teradyne Inc,0.87,5100,股
2026-08-07,SKHY US,SK hynix Inc,0.86,13900,股
2026-08-07,NFLX US,Netflix Inc,0.8,24100,股
2026-08-07,ANET US,Arista Networks Inc,0.79,9300,股
2026-08-07,MDB US,MongoDB Inc,0.77,4300,股
2026-08-07,SIMO US,Silicon Motion Technology Corp,0.76,6600,股
2026-08-07,BKNG US,Booking Holdings Inc,0.72,7500,股
2026-08-07,SPCX US,Space Exploration Technologies Corp,0.67,11300,股
2026-08-07,BABA US,Alibaba Group Holding Ltd,0.6,10400,股
2026-08-07,TTWO US,Take-Two Interactive Software Inc,0.56,5100,股
2026-08-07,SHOP US,Shopify Inc,0.51,7500,股
2026-08-07,UBER US,Uber Technologies Inc,0.48,14200,股
2026-08-07,FSLY US,Fastly Inc,0.34,33100,股
2026-08-07,DASH US,DoorDash Inc,0.29,3000,股
2026-08-07,NOW US,ServiceNow Inc,0.26,4700,股
2026-08-07,SPOT US,Spotify Technology SA,0.26,1200,股
2026-08-07,IOT US,Samsara Inc,0.25,13400,股
2026-08-07,ZS US,Zscaler Inc,0.17,2300,股
2026-08-10,NVDA US,NVIDIA Corp,8.99,89900,股
2026-08-10,AAPL US,Apple Inc,7.21,51000,股
2026-08-10,MU US,Micron Technology Inc,5.8,14700,股
2026-08-10,AMD US,Advanced Micro Devices Inc,4.8,22300,股
2026-08-10,AMZN US,Amazon.com Inc,4.59,36000,股
2026-08-10,MSFT US,Microsoft Corp,4.43,19100,股
2026-08-10,PANW US,Palo Alto Networks Inc,3.65,20700,股
2026-08-10,LRCX US,Lam Research Corp,3.6,25600,股
2026-08-10,GOOG US,Alphabet Inc,3.54,21700,股
2026-08-10,GOOGL US,Alphabet Inc,3.49,21300,股
2026-08-10,META US,Meta Platforms Inc,2.86,10500,股
2026-08-10,AVGO US,Broadcom Inc,2.73,14100,股
2026-08-10,TXN US,Texas Instruments Inc,2.29,17800,股
2026-08-10,WDC US,Western Digital Corp,2.23,11100,股
2026-08-10,KLAC US,KLA Corp,2.16,24500,股
2026-08-10,COHR US,Coherent Corp,2.15,14400,股
2026-08-10,ADI US,Analog Devices Inc,1.88,10700,股
2026-08-10,CDNS US,Cadence Design Systems Inc,1.8,11800,股
2026-08-10,ASML US,ASML Holding NV,1.67,2100,股
2026-08-10,LITE US,Lumentum Holdings Inc,1.64,4400,股
2026-08-10,PLTR US,Palantir Technologies Inc,1.53,19100,股
2026-08-10,CRWD US,Crowdstrike Holdings Inc,1.52,14700,股
2026-08-10,MRVL US,Marvell Technology Inc,1.5,15700,股
2026-08-10,TSM US,Taiwan Semiconductor Manufacturing Co Ltd,1.44,7500,股
2026-08-10,INTC US,Intel Corp,1.28,28700,股
2026-08-10,MCHP US,Microchip Technology Inc,1.24,33200,股
2026-08-10,STX US,Seagate Technology Holdings PLC,1.21,3300,股
2026-08-10,NXPI US,NXP Semiconductors NV,1.11,10400,股
2026-08-10,AXON US,Axon Enterprise Inc,1.09,4000,股
2026-08-10,V US,Visa Inc,1.09,6600,股
2026-08-10,ARM US,ARM Holdings PLC,1.04,8500,股
2026-08-10,SNOW US,Snowflake Inc,1.01,6600,股
2026-08-10,CLS US,Celestica Inc,0.88,6100,股
2026-08-10,SKHY US,SK hynix Inc,0.86,13900,股
2026-08-10,TER US,Teradyne Inc,0.85,5100,股
2026-08-10,NFLX US,Netflix Inc,0.84,24100,股
2026-08-10,ANET US,Arista Networks Inc,0.82,9300,股
2026-08-10,MDB US,MongoDB Inc,0.82,4300,股
2026-08-10,BKNG US,Booking Holdings Inc,0.73,7500,股
2026-08-10,SPCX US,Space Exploration Technologies Corp,0.72,11300,股
2026-08-10,SIMO US,Silicon Motion Technology Corp,0.7,6600,股
2026-08-10,BABA US,Alibaba Group Holding Ltd,0.63,10400,股
2026-08-10,TTWO US,Take-Two Interactive Software Inc,0.59,5100,股
2026-08-10,SHOP US,Shopify Inc,0.53,7500,股
2026-08-10,UBER US,Uber Technologies Inc,0.51,14200,股
2026-08-10,FSLY US,Fastly Inc,0.42,33100,股
2026-08-10,DASH US,DoorDash Inc,0.29,3000,股
2026-08-10,SPOT US,Spotify Technology SA,0.28,1200,股
2026-08-10,NOW US,ServiceNow Inc,0.27,4700,股
2026-08-10,IOT US,Samsara Inc,0.24,13400,股
2026-08-10,ZS US,Zscaler Inc,0.19,2300,股
2026-08-11,NVDA US,NVIDIA Corp,8.97,89900,股
2026-08-11,AAPL US,Apple Inc,7.15,51000,股
2026-08-11,MU US,Micron Technology Inc,5.87,14700,股
2026-08-11,AMD US,Advanced Micro Devices Inc,4.86,22300,股
2026-08-11,AMZN US,Amazon.com Inc,4.5,36000,股
2026-08-11,MSFT US,Microsoft Corp,4.42,19100,股
2026-08-11,LRCX US,Lam Research Corp,3.66,25600,股
2026-08-11,PANW US,Palo Alto Networks Inc,3.65,20700,股
2026-08-11,GOOG US,Alphabet Inc,3.42,21700,股
2026-08-11,GOOGL US,Alphabet Inc,3.36,21300,股
2026-08-11,META US,Meta Platforms Inc,2.89,10500,股
2026-08-11,AVGO US,Broadcom Inc,2.7,14100,股
2026-08-11,TXN US,Texas Instruments Inc,2.3,17800,股
2026-08-11,KLAC US,KLA Corp,2.26,24500,股
2026-08-11,WDC US,Western Digital Corp,2.23,11100,股
2026-08-11,COHR US,Coherent Corp,2.17,14400,股
2026-08-11,ADI US,Analog Devices Inc,1.89,10700,股
2026-08-11,CDNS US,Cadence Design Systems Inc,1.78,11800,股
2026-08-11,ASML US,ASML Holding NV,1.74,2100,股
2026-08-11,LITE US,Lumentum Holdings Inc,1.66,4400,股
2026-08-11,PLTR US,Palantir Technologies Inc,1.54,19100,股
2026-08-11,MRVL US,Marvell Technology Inc,1.53,15700,股
2026-08-11,CRWD US,Crowdstrike Holdings Inc,1.5,14700,股
2026-08-11,TSM US,Taiwan Semiconductor Manufacturing Co Ltd,1.45,7500,股
2026-08-11,INTC US,Intel Corp,1.29,28700,股
2026-08-11,MCHP US,Microchip Technology Inc,1.24,33200,股
2026-08-11,STX US,Seagate Technology Holdings PLC,1.24,3300,股
2026-08-11,AXON US,Axon Enterprise Inc,1.17,4000,股
2026-08-11,NXPI US,NXP Semiconductors NV,1.13,10400,股
2026-08-11,V US,Visa Inc,1.1,6600,股
2026-08-11,ARM US,ARM Holdings PLC,1.05,8500,股
2026-08-11,SNOW US,Snowflake Inc,1.01,6600,股
2026-08-11,SKHY US,SK hynix Inc,0.9,13900,股
2026-08-11,TER US,Teradyne Inc,0.89,5100,股
2026-08-11,CLS US,Celestica Inc,0.87,6100,股
2026-08-11,MDB US,MongoDB Inc,0.87,4300,股
2026-08-11,ANET US,Arista Networks Inc,0.85,9300,股
2026-08-11,NFLX US,Netflix Inc,0.83,24100,股
2026-08-11,BKNG US,Booking Holdings Inc,0.73,7500,股
2026-08-11,SPCX US,Space Exploration Technologies Corp,0.69,11300,股
2026-08-11,SIMO US,Silicon Motion Technology Corp,0.68,6600,股
2026-08-11,BABA US,Alibaba Group Holding Ltd,0.61,10400,股
2026-08-11,TTWO US,Take-Two Interactive Software Inc,0.59,5100,股
2026-08-11,SHOP US,Shopify Inc,0.53,7500,股
2026-08-11,UBER US,Uber Technologies Inc,0.51,14200,股
2026-08-11,FSLY US,Fastly Inc,0.44,33100,股
2026-08-11,DASH US,DoorDash Inc,0.29,3000,股
2026-08-11,NOW US,ServiceNow Inc,0.28,4700,股
2026-08-11,SPOT US,Spotify Technology SA,0.28,1200,股
2026-08-11,IOT US,Samsara Inc,0.25,13400,股
2026-08-11,ZS US,Zscaler Inc,0.19,2300,股
2026-08-12,NVDA US,NVIDIA Corp,9.13,89900,股
2026-08-12,AAPL US,Apple Inc,7.0,51000,股
2026-08-12,MU US,Micron Technology Inc,6.08,14700,股
2026-08-12,AMD US,Advanced Micro Devices Inc,4.89,22300,股
2026-08-12,AMZN US,Amazon.com Inc,4.37,36000,股
2026-08-12,MSFT US,Microsoft Corp,4.27,19100,股
2026-08-12,LRCX US,Lam Research Corp,3.79,25600,股
2026-08-12,PANW US,Palo Alto Networks Inc,3.64,20700,股
2026-08-12,GOOG US,Alphabet Inc,3.37,21700,股
2026-08-12,GOOGL US,Alphabet Inc,3.32,21300,股
2026-08-12,META US,Meta Platforms Inc,2.76,10500,股
2026-08-12,AVGO US,Broadcom Inc,2.66,14100,股
2026-08-12,COHR US,Coherent Corp,2.32,14400,股
2026-08-12,KLAC US,KLA Corp,2.32,24500,股
2026-08-12,WDC US,Western Digital Corp,2.29,11100,股
2026-08-12,TXN US,Texas Instruments Inc,2.23,17800,股
2026-08-12,ADI US,Analog Devices Inc,1.87,10700,股
2026-08-12,LITE US,Lumentum Holdings Inc,1.86,4400,股
2026-08-12,ASML US,ASML Holding NV,1.73,2100,股
2026-08-12,CDNS US,Cadence Design Systems Inc,1.73,11800,股
2026-08-12,MRVL US,Marvell Technology Inc,1.55,15700,股
2026-08-12,CRWD US,Crowdstrike Holdings Inc,1.48,14700,股
2026-08-12,PLTR US,Palantir Technologies Inc,1.48,19100,股
2026-08-12,TSM US,Taiwan Semiconductor Manufacturing Co Ltd,1.46,7500,股
2026-08-12,INTC US,Intel Corp,1.32,28700,股
2026-08-12,STX US,Seagate Technology Holdings PLC,1.32,3300,股
2026-08-12,MCHP US,Microchip Technology Inc,1.2,33200,股
2026-08-12,NXPI US,NXP Semiconductors NV,1.1,10400,股
2026-08-12,AXON US,Axon Enterprise Inc,1.09,4000,股
2026-08-12,V US,Visa Inc,1.08,6600,股
2026-08-12,ARM US,ARM Holdings PLC,1.05,8500,股
2026-08-12,SNOW US,Snowflake Inc,1.0,6600,股
2026-08-12,SKHY US,SK hynix Inc,0.97,13900,股
2026-08-12,CLS US,Celestica Inc,0.94,6100,股
2026-08-12,TER US,Teradyne Inc,0.93,5100,股
2026-08-12,ANET US,Arista Networks Inc,0.89,9300,股
2026-08-12,MDB US,MongoDB Inc,0.85,4300,股
2026-08-12,NFLX US,Netflix Inc,0.81,24100,股
2026-08-12,SPCX US,Space Exploration Technologies Corp,0.75,11300,股
2026-08-12,BKNG US,Booking Holdings Inc,0.72,7500,股
2026-08-12,SIMO US,Silicon Motion Technology Corp,0.72,6600,股
2026-08-12,BABA US,Alibaba Group Holding Ltd,0.59,10400,股
2026-08-12,TTWO US,Take-Two Interactive Software Inc,0.56,5100,股
2026-08-12,SHOP US,Shopify Inc,0.51,7500,股
2026-08-12,UBER US,Uber Technologies Inc,0.49,14200,股
2026-08-12,FSLY US,Fastly Inc,0.43,33100,股
2026-08-12,DASH US,DoorDash Inc,0.29,3000,股
2026-08-12,NOW US,ServiceNow Inc,0.27,4700,股
2026-08-12,SPOT US,Spotify Technology SA,0.27,1200,股
2026-08-12,IOT US,Samsara Inc,0.24,13400,股
2026-08-12,ZS US,Zscaler Inc,0.19,2300,股
2026-08-13,NVDA US,NVIDIA Corp,9.11,89900,股
2026-08-13,AAPL US,Apple Inc,7.03,51000,股
2026-08-13,MU US,Micron Technology Inc,6.31,14700,股
2026-08-13,AMD US,Advanced Micro Devices Inc,4.36,20000,股
2026-08-13,AMZN US,Amazon.com Inc,4.31,36000,股
2026-08-13,MSFT US,Microsoft Corp,4.29,19100,股
2026-08-13,PANW US,Palo Alto Networks Inc,3.45,19300,股
2026-08-13,GOOG US,Alphabet Inc,3.37,21700,股
2026-08-13,GOOGL US,Alphabet Inc,3.33,21300,股
2026-08-13,LRCX US,Lam Research Corp,2.92,19200,股
2026-08-13,META US,Meta Platforms Inc,2.82,10500,股
2026-08-13,AVGO US,Broadcom Inc,2.66,14100,股
2026-08-13,KLAC US,KLA Corp,2.32,24500,股
2026-08-13,TXN US,Texas Instruments Inc,2.2,17800,股
2026-08-13,WDC US,Western Digital Corp,2.2,10000,股
2026-08-13,COHR US,Coherent Corp,2.13,14400,股
2026-08-13,ADI US,Analog Devices Inc,1.84,10700,股
2026-08-13,ASML US,ASML Holding NV,1.75,2100,股
2026-08-13,LITE US,Lumentum Holdings Inc,1.75,4400,股
2026-08-13,CDNS US,Cadence Design Systems Inc,1.73,11800,股
2026-08-13,MRVL US,Marvell Technology Inc,1.58,15700,股
2026-08-13,PLTR US,Palantir Technologies Inc,1.54,19100,股
2026-08-13,CRWD US,Crowdstrike Holdings Inc,1.5,14700,股
2026-08-13,TSM US,Taiwan Semiconductor Manufacturing Co Ltd,1.46,7500,股
2026-08-13,INTC US,Intel Corp,1.36,28700,股
2026-08-13,MCHP US,Microchip Technology Inc,1.16,33200,股
2026-08-13,STX US,Seagate Technology Holdings PLC,1.12,2700,股
2026-08-13,AXON US,Axon Enterprise Inc,1.11,4000,股
2026-08-13,NXPI US,NXP Semiconductors NV,1.09,10400,股
2026-08-13,V US,Visa Inc,1.09,6600,股
2026-08-13,ARM US,ARM Holdings PLC,1.07,8500,股
2026-08-13,SKHY US,SK hynix Inc,1.04,13900,股
2026-08-13,SNOW US,Snowflake Inc,1.01,6600,股
2026-08-13,CLS US,Celestica Inc,0.96,6100,股
2026-08-13,TER US,Teradyne Inc,0.95,5100,股
2026-08-13,CIEN US,Ciena Corp,0.92,4600,股
2026-08-13,MDB US,MongoDB Inc,0.92,4300,股
2026-08-13,ANET US,Arista Networks Inc,0.86,9300,股
2026-08-13,NFLX US,Netflix Inc,0.85,24100,股
2026-08-13,SIMO US,Silicon Motion Technology Corp,0.74,6600,股
2026-08-13,BKNG US,Booking Holdings Inc,0.72,7500,股
2026-08-13,SPCX US,Space Exploration Technologies Corp,0.72,11300,股
2026-08-13,BABA US,Alibaba Group Holding Ltd,0.57,10400,股
2026-08-13,TTWO US,Take-Two Interactive Software Inc,0.56,5100,股
2026-08-13,SHOP US,Shopify Inc,0.54,7500,股
2026-08-13,UBER US,Uber Technologies Inc,0.49,14200,股
2026-08-13,FSLY US,Fastly Inc,0.45,33100,股
2026-08-13,DASH US,DoorDash Inc,0.29,3000,股
2026-08-13,NOW US,ServiceNow Inc,0.27,4700,股
2026-08-13,SPOT US,Spotify Technology SA,0.27,1200,股
2026-08-13,IOT US,Samsara Inc,0.25,13400,股
2026-08-13,ZS US,Zscaler Inc,0.2,2300,股
2026-08-14,NVDA US,NVIDIA Corp,9.21,89900,股
2026-08-14,AAPL US,Apple Inc,7.09,51000,股
2026-08-14,MU US,Micron Technology Inc,6.49,14700,股
2026-08-14,AMD US,Advanced Micro Devices Inc,4.68,20000,股
2026-08-14,AMZN US,Amazon.com Inc,4.3,36000,股
2026-08-14,MSFT US,Microsoft Corp,4.3,19100,股
2026-08-14,GOOG US,Alphabet Inc,3.39,21700,股
2026-08-14,PANW US,Palo Alto Networks Inc,3.37,19300,股
2026-08-14,GOOGL US,Alphabet Inc,3.35,21300,股
2026-08-14,LRCX US,Lam Research Corp,2.9,19200,股
2026-08-14,META US,Meta Platforms Inc,2.81,10500,股
2026-08-14,AVGO US,Broadcom Inc,2.52,14100,股
2026-08-14,WDC US,Western Digital Corp,2.31,10000,股
2026-08-14,KLAC US,KLA Corp,2.27,24500,股
2026-08-14,TXN US,Texas Instruments Inc,2.26,17800,股
2026-08-14,COHR US,Coherent Corp,2.13,14400,股
2026-08-14,ADI US,Analog Devices Inc,1.89,10700,股
2026-08-14,LITE US,Lumentum Holdings Inc,1.85,4400,股
2026-08-14,ASML US,ASML Holding NV,1.76,2100,股
2026-08-14,CDNS US,Cadence Design Systems Inc,1.74,11800,股
2026-08-14,MRVL US,Marvell Technology Inc,1.58,15700,股
2026-08-14,PLTR US,Palantir Technologies Inc,1.51,19100,股
2026-08-14,CRWD US,Crowdstrike Holdings Inc,1.45,14700,股
2026-08-14,TSM US,Taiwan Semiconductor Manufacturing Co Ltd,1.45,7500,股
2026-08-14,INTC US,Intel Corp,1.34,28700,股
2026-08-14,MCHP US,Microchip Technology Inc,1.19,33200,股
2026-08-14,STX US,Seagate Technology Holdings PLC,1.19,2700,股
2026-08-14,AXON US,Axon Enterprise Inc,1.11,4000,股
2026-08-14,NXPI US,NXP Semiconductors NV,1.11,10400,股
2026-08-14,V US,Visa Inc,1.09,6600,股
2026-08-14,ARM US,ARM Holdings PLC,1.08,8500,股
2026-08-14,SKHY US,SK hynix Inc,1.05,13900,股
2026-08-14,SNOW US,Snowflake Inc,0.99,6600,股
2026-08-14,TER US,Teradyne Inc,0.97,5100,股
2026-08-14,CLS US,Celestica Inc,0.93,6100,股
2026-08-14,CIEN US,Ciena Corp,0.9,4600,股
2026-08-14,MDB US,MongoDB Inc,0.9,4300,股
2026-08-14,NFLX US,Netflix Inc,0.86,24100,股
2026-08-14,ANET US,Arista Networks Inc,0.84,9300,股
2026-08-14,SIMO US,Silicon Motion Technology Corp,0.81,6600,股
2026-08-14,BKNG US,Booking Holdings Inc,0.72,7500,股
2026-08-14,SPCX US,Space Exploration Technologies Corp,0.72,11300,股
2026-08-14,BABA US,Alibaba Group Holding Ltd,0.59,10400,股
2026-08-14,TTWO US,Take-Two Interactive Software Inc,0.57,5100,股
2026-08-14,SHOP US,Shopify Inc,0.53,7500,股
2026-08-14,UBER US,Uber Technologies Inc,0.49,14200,股
2026-08-14,FSLY US,Fastly Inc,0.45,33100,股
2026-08-14,DASH US,DoorDash Inc,0.3,3000,股
2026-08-14,SPOT US,Spotify Technology SA,0.28,1200,股
2026-08-14,NOW US,ServiceNow Inc,0.26,4700,股
2026-08-14,IOT US,Samsara Inc,0.24,13400,股
2026-08-14,ZS US,Zscaler Inc,0.19,2300,股
2026-08-17,NVDA US,NVIDIA Corp,9.24,89900,股
2026-08-17,AAPL US,Apple Inc,7.11,51000,股
2026-08-17,MU US,Micron Technology Inc,6.79,14700,股
2026-08-17,AMD US,Advanced Micro Devices Inc,4.62,20000,股
2026-08-17,AMZN US,Amazon.com Inc,4.29,36000,股
2026-08-17,MSFT US,Microsoft Corp,4.19,19100,股
2026-08-17,GOOG US,Alphabet Inc,3.38,21700,股
2026-08-17,GOOGL US,Alphabet Inc,3.34,21300,股
2026-08-17,PANW US,Palo Alto Networks Inc,3.31,19300,股
2026-08-17,LRCX US,Lam Research Corp,3.01,19200,股
2026-08-17,META US,Meta Platforms Inc,2.73,10500,股
2026-08-17,AVGO US,Broadcom Inc,2.52,14100,股
2026-08-17,WDC US,Western Digital Corp,2.45,10000,股
2026-08-17,COHR US,Coherent Corp,2.31,14400,股
2026-08-17,KLAC US,KLA Corp,2.3,24500,股
2026-08-17,TXN US,Texas Instruments Inc,2.3,17800,股
2026-08-17,LITE US,Lumentum Holdings Inc,1.95,4400,股
2026-08-17,ADI US,Analog Devices Inc,1.91,10700,股
2026-08-17,ASML US,ASML Holding NV,1.8,2100,股
2026-08-17,CDNS US,Cadence Design Systems Inc,1.74,11800,股
2026-08-17,MRVL US,Marvell Technology Inc,1.68,15700,股
2026-08-17,PLTR US,Palantir Technologies Inc,1.5,19100,股
2026-08-17,TSM US,Taiwan Semiconductor Manufacturing Co Ltd,1.47,7500,股
2026-08-17,CRWD US,Crowdstrike Holdings Inc,1.43,14700,股
2026-08-17,INTC US,Intel Corp,1.36,28700,股
2026-08-17,STX US,Seagate Technology Holdings PLC,1.23,2700,股
2026-08-17,MCHP US,Microchip Technology Inc,1.22,33200,股
2026-08-17,AXON US,Axon Enterprise Inc,1.1,4000,股
2026-08-17,SKHY US,SK hynix Inc,1.09,13900,股
2026-08-17,V US,Visa Inc,1.08,6600,股
2026-08-17,ARM US,ARM Holdings PLC,1.05,8500,股
2026-08-17,TER US,Teradyne Inc,1.03,5100,股
2026-08-17,SNOW US,Snowflake Inc,0.99,6600,股
2026-08-17,CLS US,Celestica Inc,0.95,6100,股
2026-08-17,CIEN US,Ciena Corp,0.93,4600,股
2026-08-17,ANET US,Arista Networks Inc,0.86,9300,股
2026-08-17,MDB US,MongoDB Inc,0.86,4300,股
2026-08-17,NFLX US,Netflix Inc,0.84,24100,股
2026-08-17,SIMO US,Silicon Motion Technology Corp,0.82,6600,股
2026-08-17,SPCX US,Space Exploration Technologies Corp,0.75,11300,股
2026-08-17,BKNG US,Booking Holdings Inc,0.7,7500,股
2026-08-17,BABA US,Alibaba Group Holding Ltd,0.59,10400,股
2026-08-17,TTWO US,Take-Two Interactive Software Inc,0.56,5100,股
2026-08-17,SHOP US,Shopify Inc,0.51,7500,股
2026-08-17,UBER US,Uber Technologies Inc,0.49,14200,股
2026-08-17,FSLY US,Fastly Inc,0.44,33100,股
2026-08-17,DASH US,DoorDash Inc,0.29,3000,股
2026-08-17,SPOT US,Spotify Technology SA,0.27,1200,股
2026-08-17,NOW US,ServiceNow Inc,0.25,4700,股
2026-08-17,IOT US,Samsara Inc,0.24,13400,股
2026-08-17,ZS US,Zscaler Inc,0.19,2300,股
2026-08-18,NVDA US,NVIDIA Corp,8.85,83000,股
2026-08-18,AAPL US,Apple Inc,7.32,48800,股
2026-08-18,MU US,Micron Technology Inc,6.28,13800,股
2026-08-18,AMD US,Advanced Micro Devices Inc,4.69,20000,股
2026-08-18,MSFT US,Microsoft Corp,4.45,19100,股
2026-08-18,AMZN US,Amazon.com Inc,4.29,34200,股
2026-08-18,PANW US,Palo Alto Networks Inc,3.49,19300,股
2026-08-18,GOOG US,Alphabet Inc,3.27,19800,股
2026-08-18,GOOGL US,Alphabet Inc,3.23,19400,股
2026-08-18,LRCX US,Lam Research Corp,3.05,19200,股
2026-08-18,META US,Meta Platforms Inc,2.76,10500,股
2026-08-18,WDC US,Western Digital Corp,2.4,10000,股
2026-08-18,AVGO US,Broadcom Inc,2.39,13000,股
2026-08-18,TXN US,Texas Instruments Inc,2.35,17800,股
2026-08-18,KLAC US,KLA Corp,2.31,24500,股
2026-08-18,COHR US,Coherent Corp,2.14,14400,股
2026-08-18,ADI US,Analog Devices Inc,1.95,10700,股
2026-08-18,LITE US,Lumentum Holdings Inc,1.86,4400,股
2026-08-18,ASML US,ASML Holding NV,1.83,2100,股
2026-08-18,MRVL US,Marvell Technology Inc,1.64,15700,股
2026-08-18,PLTR US,Palantir Technologies Inc,1.59,19100,股
2026-08-18,CRWD US,Crowdstrike Holdings Inc,1.51,14700,股
2026-08-18,TSM US,Taiwan Semiconductor Manufacturing Co Ltd,1.5,7500,股
2026-08-18,CDNS US,Cadence Design Systems Inc,1.47,9600,股
2026-08-18,INTC US,Intel Corp,1.34,28700,股
2026-08-18,MCHP US,Microchip Technology Inc,1.26,33200,股
2026-08-18,AXON US,Axon Enterprise Inc,1.2,4000,股
2026-08-18,STX US,Seagate Technology Holdings PLC,1.18,2700,股
2026-08-18,V US,Visa Inc,1.16,6600,股
2026-08-18,SKHY US,SK hynix Inc,1.05,13900,股
2026-08-18,ARM US,ARM Holdings PLC,1.04,8500,股
2026-08-18,SNOW US,Snowflake Inc,1.04,6600,股
2026-08-18,TER US,Teradyne Inc,1.0,5100,股
2026-08-18,CLS US,Celestica Inc,0.92,6100,股
2026-08-18,NFLX US,Netflix Inc,0.91,24100,股
2026-08-18,CIEN US,Ciena Corp,0.9,4600,股
2026-08-18,MDB US,MongoDB Inc,0.9,4300,股
2026-08-18,ANET US,Arista Networks Inc,0.87,9300,股
2026-08-18,SIMO US,Silicon Motion Technology Corp,0.8,6600,股
2026-08-18,SPCX US,Space Exploration Technologies Corp,0.78,11300,股
2026-08-18,BKNG US,Booking Holdings Inc,0.76,7500,股
2026-08-18,BABA US,Alibaba Group Holding Ltd,0.64,10400,股
2026-08-18,TTWO US,Take-Two Interactive Software Inc,0.6,5100,股
2026-08-18,SHOP US,Shopify Inc,0.53,7500,股
2026-08-18,UBER US,Uber Technologies Inc,0.51,14200,股
2026-08-18,FSLY US,Fastly Inc,0.43,33100,股
2026-08-18,DASH US,DoorDash Inc,0.31,3000,股
2026-08-18,SPOT US,Spotify Technology SA,0.3,1200,股
2026-08-18,NOW US,ServiceNow Inc,0.27,4700,股
2026-08-18,IOT US,Samsara Inc,0.26,13400,股
2026-08-18,ZS US,Zscaler Inc,0.21,2300,股
2026-08-19,NVDA US,NVIDIA Corp,8.86,83000,股
2026-08-19,AAPL US,Apple Inc,7.57,48800,股
2026-08-19,MU US,Micron Technology Inc,6.33,13800,股
2026-08-19,AMD US,Advanced Micro Devices Inc,4.57,20000,股
2026-08-19,MSFT US,Microsoft Corp,4.53,19100,股
2026-08-19,AMZN US,Amazon.com Inc,4.45,34200,股
2026-08-19,PANW US,Palo Alto Networks Inc,3.4,19300,股
2026-08-19,GOOG US,Alphabet Inc,3.31,19800,股
2026-08-19,GOOGL US,Alphabet Inc,3.27,19400,股
2026-08-19,LRCX US,Lam Research Corp,2.89,19200,股
2026-08-19,META US,Meta Platforms Inc,2.81,10500,股
2026-08-19,TXN US,Texas Instruments Inc,2.33,17800,股
2026-08-19,AVGO US,Broadcom Inc,2.31,13000,股
2026-08-19,WDC US,Western Digital Corp,2.26,10000,股
2026-08-19,KLAC US,KLA Corp,2.25,24500,股
2026-08-19,COHR US,Coherent Corp,2.03,14400,股
2026-08-19,ADI US,Analog Devices Inc,1.96,10700,股
2026-08-19,MRVL US,Marvell Technology Inc,1.82,15700,股
2026-08-19,ASML US,ASML Holding NV,1.8,2100,股
2026-08-19,LITE US,Lumentum Holdings Inc,1.78,4400,股
2026-08-19,PLTR US,Palantir Technologies Inc,1.64,19100,股
2026-08-19,TSM US,Taiwan Semiconductor Manufacturing Co Ltd,1.51,7500,股
2026-08-19,CDNS US,Cadence Design Systems Inc,1.48,9600,股
2026-08-19,CRWD US,Crowdstrike Holdings Inc,1.45,14700,股
2026-08-19,INTC US,Intel Corp,1.3,28700,股
2026-08-19,AXON US,Axon Enterprise Inc,1.26,4000,股
2026-08-19,MCHP US,Microchip Technology Inc,1.25,33200,股
2026-08-19,V US,Visa Inc,1.18,6600,股
2026-08-19,STX US,Seagate Technology Holdings PLC,1.1,2700,股
2026-08-19,SKHY US,SK hynix Inc,1.06,13900,股
2026-08-19,SNOW US,Snowflake Inc,1.05,6600,股
2026-08-19,ARM US,ARM Holdings PLC,1.04,8500,股
2026-08-19,NFLX US,Netflix Inc,0.95,24100,股
2026-08-19,TER US,Teradyne Inc,0.95,5100,股
2026-08-19,MDB US,MongoDB Inc,0.93,4300,股
2026-08-19,CIEN US,Ciena Corp,0.9,4600,股
2026-08-19,CLS US,Celestica Inc,0.9,6100,股
2026-08-19,ANET US,Arista Networks Inc,0.85,9300,股
2026-08-19,BKNG US,Booking Holdings Inc,0.78,7500,股
2026-08-19,SIMO US,Silicon Motion Technology Corp,0.78,6600,股
2026-08-19,SPCX US,Space Exploration Technologies Corp,0.77,11300,股
2026-08-19,BABA US,Alibaba Group Holding Ltd,0.66,10400,股
2026-08-19,TTWO US,Take-Two Interactive Software Inc,0.59,5100,股
2026-08-19,SHOP US,Shopify Inc,0.54,7500,股
2026-08-19,UBER US,Uber Technologies Inc,0.54,14200,股
2026-08-19,FSLY US,Fastly Inc,0.38,33100,股
2026-08-19,DASH US,DoorDash Inc,0.32,3000,股
2026-08-19,SPOT US,Spotify Technology SA,0.31,1200,股
2026-08-19,NOW US,ServiceNow Inc,0.29,4700,股
2026-08-19,IOT US,Samsara Inc,0.26,13400,股
2026-08-19,ZS US,Zscaler Inc,0.21,2300,股
2026-08-20,NVDA US,NVIDIA Corp,8.82,83000,股
2026-08-20,AAPL US,Apple Inc,7.45,48800,股
2026-08-20,MU US,Micron Technology Inc,6.59,13800,股
2026-08-20,AMD US,Advanced Micro Devices Inc,4.6,20000,股
2026-08-20,MSFT US,Microsoft Corp,4.51,19100,股
2026-08-20,AMZN US,Amazon.com Inc,4.36,34200,股
2026-08-20,PANW US,Palo Alto Networks Inc,3.31,19300,股
2026-08-20,GOOG US,Alphabet Inc,3.28,19800,股
2026-08-20,GOOGL US,Alphabet Inc,3.24,19400,股
2026-08-20,LRCX US,Lam Research Corp,2.92,19200,股
2026-08-20,META US,Meta Platforms Inc,2.81,10500,股
2026-08-20,AVGO US,Broadcom Inc,2.32,13000,股
2026-08-20,TXN US,Texas Instruments Inc,2.32,17800,股
2026-08-20,WDC US,Western Digital Corp,2.3,10000,股
2026-08-20,KLAC US,KLA Corp,2.23,24500,股
2026-08-20,COHR US,Coherent Corp,2.05,14400,股
2026-08-20,ADI US,Analog Devices Inc,1.94,10700,股
2026-08-20,MRVL US,Marvell Technology Inc,1.93,15700,股
2026-08-20,LITE US,Lumentum Holdings Inc,1.9,4400,股
2026-08-20,ASML US,ASML Holding NV,1.8,2100,股
2026-08-20,PLTR US,Palantir Technologies Inc,1.63,19100,股
2026-08-20,TSM US,Taiwan Semiconductor Manufacturing Co Ltd,1.53,7500,股
2026-08-20,CDNS US,Cadence Design Systems Inc,1.48,9600,股
2026-08-20,CRWD US,Crowdstrike Holdings Inc,1.37,14700,股
2026-08-20,INTC US,Intel Corp,1.3,28700,股
2026-08-20,MCHP US,Microchip Technology Inc,1.23,33200,股
2026-08-20,AXON US,Axon Enterprise Inc,1.21,4000,股
2026-08-20,V US,Visa Inc,1.18,6600,股
2026-08-20,STX US,Seagate Technology Holdings PLC,1.13,2700,股
2026-08-20,SKHY US,SK hynix Inc,1.11,13900,股
2026-08-20,ARM US,ARM Holdings PLC,1.05,8500,股
2026-08-20,SNOW US,Snowflake Inc,1.04,6600,股
2026-08-20,TER US,Teradyne Inc,0.96,5100,股
2026-08-20,NFLX US,Netflix Inc,0.95,24100,股
2026-08-20,CLS US,Celestica Inc,0.9,6100,股
2026-08-20,CIEN US,Ciena Corp,0.89,4600,股
2026-08-20,MDB US,MongoDB Inc,0.89,4300,股
2026-08-20,ANET US,Arista Networks Inc,0.84,9300,股
2026-08-20,SIMO US,Silicon Motion Technology Corp,0.81,6600,股
2026-08-20,BKNG US,Booking Holdings Inc,0.77,7500,股
2026-08-20,SPCX US,Space Exploration Technologies Corp,0.74,11300,股
2026-08-20,BABA US,Alibaba Group Holding Ltd,0.67,10400,股
2026-08-20,TTWO US,Take-Two Interactive Software Inc,0.6,5100,股
2026-08-20,UBER US,Uber Technologies Inc,0.55,14200,股
2026-08-20,SHOP US,Shopify Inc,0.54,7500,股
2026-08-20,FSLY US,Fastly Inc,0.37,33100,股
2026-08-20,DASH US,DoorDash Inc,0.33,3000,股
2026-08-20,SPOT US,Spotify Technology SA,0.31,1200,股
2026-08-20,NOW US,ServiceNow Inc,0.3,4700,股
2026-08-20,IOT US,Samsara Inc,0.26,13400,股
2026-08-20,ZS US,Zscaler Inc,0.2,2300,股
2026-08-21,NVDA US,NVIDIA Corp,8.74,83000,股
2026-08-21,AAPL US,Apple Inc,7.4,48800,股
2026-08-21,MU US,Micron Technology Inc,6.54,13800,股
2026-08-21,AMD US,Advanced Micro Devices Inc,4.64,20000,股
2026-08-21,MSFT US,Microsoft Corp,4.52,19100,股
2026-08-21,AMZN US,Amazon.com Inc,4.33,34200,股
2026-08-21,PANW US,Palo Alto Networks Inc,3.38,19300,股
2026-08-21,GOOG US,Alphabet Inc,3.32,19800,股
2026-08-21,GOOGL US,Alphabet Inc,3.28,19400,股
2026-08-21,LRCX US,Lam Research Corp,2.95,19200,股
2026-08-21,META US,Meta Platforms Inc,2.83,10500,股
2026-08-21,AVGO US,Broadcom Inc,2.35,13000,股
2026-08-21,TXN US,Texas Instruments Inc,2.31,17800,股
2026-08-21,WDC US,Western Digital Corp,2.25,10000,股
2026-08-21,KLAC US,KLA Corp,2.21,24500,股
2026-08-21,COHR US,Coherent Corp,2.04,14400,股
2026-08-21,ADI US,Analog Devices Inc,1.96,10700,股
2026-08-21,LITE US,Lumentum Holdings Inc,1.87,4400,股
2026-08-21,ASML US,ASML Holding NV,1.82,2100,股
2026-08-21,MRVL US,Marvell Technology Inc,1.82,15700,股
2026-08-21,PLTR US,Palantir Technologies Inc,1.68,19100,股
2026-08-21,TSM US,Taiwan Semiconductor Manufacturing Co Ltd,1.54,7500,股
2026-08-21,CDNS US,Cadence Design Systems Inc,1.5,9600,股
2026-08-21,CRWD US,Crowdstrike Holdings Inc,1.38,14700,股
2026-08-21,INTC US,Intel Corp,1.27,28700,股
2026-08-21,MCHP US,Microchip Technology Inc,1.24,33200,股
2026-08-21,AXON US,Axon Enterprise Inc,1.23,4000,股
2026-08-21,V US,Visa Inc,1.2,6600,股
2026-08-21,STX US,Seagate Technology Holdings PLC,1.12,2700,股
2026-08-21,SKHY US,SK hynix Inc,1.11,13900,股
2026-08-21,SNOW US,Snowflake Inc,1.08,6600,股
2026-08-21,ARM US,ARM Holdings PLC,1.01,8500,股
2026-08-21,NFLX US,Netflix Inc,0.94,24100,股
2026-08-21,TER US,Teradyne Inc,0.94,5100,股
2026-08-21,MDB US,MongoDB Inc,0.91,4300,股
2026-08-21,CIEN US,Ciena Corp,0.89,4600,股
2026-08-21,CLS US,Celestica Inc,0.89,6100,股
2026-08-21,ANET US,Arista Networks Inc,0.86,9300,股
2026-08-21,SIMO US,Silicon Motion Technology Corp,0.84,6600,股
2026-08-21,BKNG US,Booking Holdings Inc,0.77,7500,股
2026-08-21,SPCX US,Space Exploration Technologies Corp,0.76,11300,股
2026-08-21,BABA US,Alibaba Group Holding Ltd,0.61,10400,股
2026-08-21,TTWO US,Take-Two Interactive Software Inc,0.6,5100,股
2026-08-21,SHOP US,Shopify Inc,0.55,7500,股
2026-08-21,UBER US,Uber Technologies Inc,0.55,14200,股
2026-08-21,FSLY US,Fastly Inc,0.4,33100,股
2026-08-21,DASH US,DoorDash Inc,0.33,3000,股
2026-08-21,SPOT US,Spotify Technology SA,0.31,1200,股
2026-08-21,NOW US,ServiceNow Inc,0.3,4700,股
2026-08-21,IOT US,Samsara Inc,0.26,13400,股
2026-08-21,ZS US,Zscaler Inc,0.2,2300,股
2026-08-24,NVDA US,NVIDIA Corp,8.66,83000,股
2026-08-24,AAPL US,Apple Inc,7.56,48800,股
2026-08-24,MU US,Micron Technology Inc,6.27,13800,股
2026-08-24,MSFT US,Microsoft Corp,4.65,19100,股
2026-08-24,AMD US,Advanced Micro Devices Inc,4.56,20000,股
2026-08-24,AMZN US,Amazon.com Inc,4.47,34200,股
2026-08-24,GOOG US,Alphabet Inc,3.41,19800,股
2026-08-24,GOOGL US,Alphabet Inc,3.37,19400,股
2026-08-24,LRCX US,Lam Research Corp,2.97,19200,股
2026-08-24,META US,Meta Platforms Inc,2.93,10500,股
2026-08-24,PANW US,Palo Alto Networks Inc,2.73,15600,股
2026-08-24,AVGO US,Broadcom Inc,2.33,13000,股
2026-08-24,TXN US,Texas Instruments Inc,2.3,17800,股
2026-08-24,WDC US,Western Digital Corp,2.17,10000,股
2026-08-24,ADI US,Analog Devices Inc,1.98,10700,股
2026-08-24,COHR US,Coherent Corp,1.98,14400,股
2026-08-24,ASML US,ASML Holding NV,1.82,2100,股
2026-08-24,LITE US,Lumentum Holdings Inc,1.82,4400,股
2026-08-24,MRVL US,Marvell Technology Inc,1.8,15700,股
2026-08-24,KLAC US,KLA Corp,1.68,18500,股
2026-08-24,PLTR US,Palantir Technologies Inc,1.68,19100,股
2026-08-24,TSM US,Taiwan Semiconductor Manufacturing Co Ltd,1.54,7500,股
2026-08-24,CDNS US,Cadence Design Systems Inc,1.51,9600,股
2026-08-24,CRWD US,Crowdstrike Holdings Inc,1.4,14700,股
2026-08-24,SNOW US,Snowflake Inc,1.34,8300,股
2026-08-24,V US,Visa Inc,1.26,6600,股
2026-08-24,INTC US,Intel Corp,1.25,28700,股
2026-08-24,MCHP US,Microchip Technology Inc,1.23,33200,股
2026-08-24,AXON US,Axon Enterprise Inc,1.19,4000,股
2026-08-24,SKHY US,SK hynix Inc,1.08,13900,股
2026-08-24,STX US,Seagate Technology Holdings PLC,1.07,2700,股
2026-08-24,ARM US,ARM Holdings PLC,1.01,8500,股
2026-08-24,NFLX US,Netflix Inc,0.96,24100,股
2026-08-24,TER US,Teradyne Inc,0.93,5100,股
2026-08-24,CLS US,Celestica Inc,0.9,6100,股
2026-08-24,ANET US,Arista Networks Inc,0.87,9300,股
2026-08-24,SHOP US,Shopify Inc,0.87,11600,股
2026-08-24,MDB US,MongoDB Inc,0.86,4300,股
2026-08-24,CIEN US,Ciena Corp,0.85,4600,股
2026-08-24,NOW US,ServiceNow Inc,0.82,12900,股
2026-08-24,BKNG US,Booking Holdings Inc,0.8,7500,股
2026-08-24,SIMO US,Silicon Motion Technology Corp,0.8,6600,股
2026-08-24,SPCX US,Space Exploration Technologies Corp,0.76,11300,股
2026-08-24,BABA US,Alibaba Group Holding Ltd,0.61,10400,股
2026-08-24,TTWO US,Take-Two Interactive Software Inc,0.59,5100,股
2026-08-24,UBER US,Uber Technologies Inc,0.56,14200,股
2026-08-24,FSLY US,Fastly Inc,0.38,33100,股
2026-08-24,DASH US,DoorDash Inc,0.34,3000,股
2026-08-24,SPOT US,Spotify Technology SA,0.32,1200,股
2026-08-24,IOT US,Samsara Inc,0.27,13400,股
2026-08-24,ZS US,Zscaler Inc,0.2,2300,股
2026-08-25,NVDA US,NVIDIA Corp,8.73,83000,股
2026-08-25,AAPL US,Apple Inc,7.46,48800,股
2026-08-25,MU US,Micron Technology Inc,6.35,13800,股
2026-08-25,MSFT US,Microsoft Corp,5.12,21100,股
2026-08-25,AMD US,Advanced Micro Devices Inc,4.73,20000,股
2026-08-25,AMZN US,Amazon.com Inc,4.4,34200,股
2026-08-25,GOOG US,Alphabet Inc,3.35,19800,股
2026-08-25,GOOGL US,Alphabet Inc,3.32,19400,股
2026-08-25,LRCX US,Lam Research Corp,2.98,19200,股
2026-08-25,META US,Meta Platforms Inc,2.95,10500,股
2026-08-25,PANW US,Palo Alto Networks Inc,2.62,15600,股
2026-08-25,AVGO US,Broadcom Inc,2.29,13000,股
2026-08-25,TXN US,Texas Instruments Inc,2.28,17800,股
2026-08-25,WDC US,Western Digital Corp,2.22,10000,股
2026-08-25,COHR US,Coherent Corp,2.05,14400,股
2026-08-25,ADI US,Analog Devices Inc,1.97,10700,股
2026-08-25,LITE US,Lumentum Holdings Inc,1.92,4400,股
2026-08-25,MRVL US,Marvell Technology Inc,1.86,15700,股
2026-08-25,ASML US,ASML Holding NV,1.81,2100,股
2026-08-25,KLAC US,KLA Corp,1.67,18500,股
2026-08-25,PLTR US,Palantir Technologies Inc,1.63,19100,股
2026-08-25,CDNS US,Cadence Design Systems Inc,1.57,9600,股
2026-08-25,TSM US,Taiwan Semiconductor Manufacturing Co Ltd,1.54,7500,股
2026-08-25,CRWD US,Crowdstrike Holdings Inc,1.34,14700,股
2026-08-25,SNOW US,Snowflake Inc,1.3,8300,股
2026-08-25,V US,Visa Inc,1.25,6600,股
2026-08-25,INTC US,Intel Corp,1.24,28700,股
2026-08-25,AXON US,Axon Enterprise Inc,1.21,4000,股
2026-08-25,MCHP US,Microchip Technology Inc,1.2,33200,股
2026-08-25,SKHY US,SK hynix Inc,1.09,13900,股
2026-08-25,STX US,Seagate Technology Holdings PLC,1.09,2700,股
2026-08-25,ARM US,ARM Holdings PLC,1.01,8500,股
2026-08-25,NFLX US,Netflix Inc,0.98,24100,股
2026-08-25,CLS US,Celestica Inc,0.92,6100,股
2026-08-25,TER US,Teradyne Inc,0.92,5100,股
2026-08-25,ANET US,Arista Networks Inc,0.88,9300,股
2026-08-25,CIEN US,Ciena Corp,0.88,4600,股
2026-08-25,SHOP US,Shopify Inc,0.88,11600,股
2026-08-25,MDB US,MongoDB Inc,0.86,4300,股
2026-08-25,NOW US,ServiceNow Inc,0.81,12900,股
2026-08-25,BKNG US,Booking Holdings Inc,0.79,7500,股
2026-08-25,SIMO US,Silicon Motion Technology Corp,0.79,6600,股
2026-08-25,SPCX US,Space Exploration Technologies Corp,0.77,11300,股
2026-08-25,BABA US,Alibaba Group Holding Ltd,0.61,10400,股
2026-08-25,TTWO US,Take-Two Interactive Software Inc,0.59,5100,股
2026-08-25,UBER US,Uber Technologies Inc,0.56,14200,股
2026-08-25,FSLY US,Fastly Inc,0.38,33100,股
2026-08-25,DASH US,DoorDash Inc,0.35,3000,股
2026-08-25,SPOT US,Spotify Technology SA,0.33,1200,股
2026-08-25,IOT US,Samsara Inc,0.26,13400,股
2026-08-25,ZS US,Zscaler Inc,0.19,2300,股
2026-08-26,NVDA US,NVIDIA Corp,8.19,83000,股
2026-08-26,AAPL US,Apple Inc,7.38,50100,股
2026-08-26,MU US,Micron Technology Inc,6.09,13800,股
2026-08-26,MSFT US,Microsoft Corp,5.23,22400,股
2026-08-26,AMZN US,Amazon.com Inc,4.65,38000,股
2026-08-26,AMD US,Advanced Micro Devices Inc,4.52,20000,股
2026-08-26,GOOGL US,Alphabet Inc,3.58,22300,股
2026-08-26,GOOG US,Alphabet Inc,3.16,19800,股
2026-08-26,META US,Meta Platforms Inc,2.84,10500,股
2026-08-26,LRCX US,Lam Research Corp,2.82,19200,股
2026-08-26,PANW US,Palo Alto Networks Inc,2.49,15600,股
2026-08-26,WDC US,Western Digital Corp,2.34,10600,股
2026-08-26,TXN US,Texas Instruments Inc,2.19,17800,股
2026-08-26,AVGO US,Broadcom Inc,2.17,13000,股
2026-08-26,COHR US,Coherent Corp,1.99,14400,股
2026-08-26,LITE US,Lumentum Holdings Inc,1.94,4400,股
2026-08-26,ADI US,Analog Devices Inc,1.87,10700,股
2026-08-26,MRVL US,Marvell Technology Inc,1.81,15700,股
2026-08-26,PLTR US,Palantir Technologies Inc,1.79,21500,股
2026-08-26,ASML US,ASML Holding NV,1.72,2100,股
2026-08-26,KLAC US,KLA Corp,1.6,18500,股
2026-08-26,CDNS US,Cadence Design Systems Inc,1.51,9600,股
2026-08-26,TSM US,Taiwan Semiconductor Manufacturing Co Ltd,1.47,7500,股
2026-08-26,V US,Visa Inc,1.32,7300,股
2026-08-26,CRWD US,Crowdstrike Holdings Inc,1.31,14700,股
2026-08-26,SNOW US,Snowflake Inc,1.23,8300,股
2026-08-26,INTC US,Intel Corp,1.19,28700,股
2026-08-26,CIEN US,Ciena Corp,1.16,6100,股
2026-08-26,MCHP US,Microchip Technology Inc,1.16,33200,股
2026-08-26,AXON US,Axon Enterprise Inc,1.14,4000,股
2026-08-26,STX US,Seagate Technology Holdings PLC,1.07,2700,股
2026-08-26,SKHY US,SK hynix Inc,1.03,13900,股
2026-08-26,ARM US,ARM Holdings PLC,1.0,8500,股
2026-08-26,BKNG US,Booking Holdings Inc,0.98,10000,股
2026-08-26,SHOP US,Shopify Inc,0.94,13300,股
2026-08-26,NFLX US,Netflix Inc,0.92,24100,股
2026-08-26,ANET US,Arista Networks Inc,0.88,9300,股
2026-08-26,CLS US,Celestica Inc,0.88,6100,股
2026-08-26,TER US,Teradyne Inc,0.87,5100,股
2026-08-26,SIMO US,Silicon Motion Technology Corp,0.82,6600,股
2026-08-26,NOW US,ServiceNow Inc,0.76,12900,股
2026-08-26,TTWO US,Take-Two Interactive Software Inc,0.75,6800,股
2026-08-26,SPCX US,Space Exploration Technologies Corp,0.74,11300,股
2026-08-26,MDB US,MongoDB Inc,0.73,3800,股
2026-08-26,DASH US,DoorDash Inc,0.61,5500,股
2026-08-26,BABA US,Alibaba Group Holding Ltd,0.59,10400,股
2026-08-26,SPOT US,Spotify Technology SA,0.54,2100,股
2026-08-26,UBER US,Uber Technologies Inc,0.52,14200,股
2026-08-26,IOT US,Samsara Inc,0.37,19600,股
2026-08-26,FSLY US,Fastly Inc,0.36,33100,股
2026-08-26,ZS US,Zscaler Inc,0.18,2300,股
2026-08-27,NVDA US,NVIDIA Corp,8.71,83000,股
2026-08-27,AAPL US,Apple Inc,7.27,50100,股
2026-08-27,MU US,Micron Technology Inc,6.17,14300,股
2026-08-27,MSFT US,Microsoft Corp,5.22,22400,股
2026-08-27,AMD US,Advanced Micro Devices Inc,4.75,21600,股
2026-08-27,AMZN US,Amazon.com Inc,4.49,38000,股
2026-08-27,GOOGL US,Alphabet Inc,3.5,22300,股
2026-08-27,GOOG US,Alphabet Inc,3.08,19800,股
2026-08-27,LRCX US,Lam Research Corp,2.82,19200,股
2026-08-27,META US,Meta Platforms Inc,2.77,10500,股
2026-08-27,PANW US,Palo Alto Networks Inc,2.76,15600,股
2026-08-27,WDC US,Western Digital Corp,2.26,10600,股
2026-08-27,AVGO US,Broadcom Inc,2.23,13000,股
2026-08-27,TXN US,Texas Instruments Inc,2.19,17800,股
2026-08-27,COHR US,Coherent Corp,1.96,14400,股
2026-08-27,LITE US,Lumentum Holdings Inc,1.94,4400,股
2026-08-27,ADI US,Analog Devices Inc,1.85,10700,股
2026-08-27,PLTR US,Palantir Technologies Inc,1.84,21500,股
2026-08-27,ASML US,ASML Holding NV,1.68,2100,股
2026-08-27,KLAC US,KLA Corp,1.57,18500,股
2026-08-27,MRVL US,Marvell Technology Inc,1.56,14000,股
2026-08-27,CRWD US,Crowdstrike Holdings Inc,1.55,14700,股
2026-08-27,CDNS US,Cadence Design Systems Inc,1.54,9600,股
2026-08-27,TSM US,Taiwan Semiconductor Manufacturing Co Ltd,1.48,7500,股
2026-08-27,V US,Visa Inc,1.28,7300,股
2026-08-27,SNOW US,Snowflake Inc,1.26,8300,股
2026-08-27,INTC US,Intel Corp,1.22,28700,股
2026-08-27,MCHP US,Microchip Technology Inc,1.16,33200,股
2026-08-27,AXON US,Axon Enterprise Inc,1.13,4000,股
2026-08-27,CIEN US,Ciena Corp,1.13,6100,股
2026-08-27,STX US,Seagate Technology Holdings PLC,1.06,2700,股
2026-08-27,SKHY US,SK hynix Inc,1.04,13900,股
2026-08-27,ARM US,ARM Holdings PLC,1.0,8500,股
2026-08-27,SHOP US,Shopify Inc,0.95,13300,股
2026-08-27,BKNG US,Booking Holdings Inc,0.93,10000,股
2026-08-27,CLS US,Celestica Inc,0.89,6100,股
2026-08-27,NFLX US,Netflix Inc,0.89,24100,股
2026-08-27,TER US,Teradyne Inc,0.88,5100,股
2026-08-27,ANET US,Arista Networks Inc,0.86,9300,股
2026-08-27,NOW US,ServiceNow Inc,0.82,12900,股
2026-08-27,SIMO US,Silicon Motion Technology Corp,0.78,6600,股
2026-08-27,MDB US,MongoDB Inc,0.77,3800,股
2026-08-27,SPCX US,Space Exploration Technologies Corp,0.73,11300,股
2026-08-27,TTWO US,Take-Two Interactive Software Inc,0.73,6800,股
2026-08-27,DASH US,DoorDash Inc,0.59,5500,股
2026-08-27,BABA US,Alibaba Group Holding Ltd,0.56,10400,股
2026-08-27,SPOT US,Spotify Technology SA,0.51,2100,股
2026-08-27,UBER US,Uber Technologies Inc,0.5,14200,股
2026-08-27,FSLY US,Fastly Inc,0.38,33100,股
2026-08-27,IOT US,Samsara Inc,0.38,19600,股
2026-08-28,NVDA US,NVIDIA Corp,8.42,83000,股
2026-08-28,AAPL US,Apple Inc,7.49,50100,股
2026-08-28,MU US,Micron Technology Inc,6.23,14300,股
2026-08-28,MSFT US,Microsoft Corp,5.38,22400,股
2026-08-28,AMZN US,Amazon.com Inc,4.73,38000,股
2026-08-28,AMD US,Advanced Micro Devices Inc,4.7,21600,股
2026-08-28,GOOGL US,Alphabet Inc,3.61,22300,股
2026-08-28,GOOG US,Alphabet Inc,3.17,19800,股
2026-08-28,META US,Meta Platforms Inc,2.84,10500,股
2026-08-28,LRCX US,Lam Research Corp,2.71,19200,股
2026-08-28,PANW US,Palo Alto Networks Inc,2.71,15600,股
2026-08-28,WDC US,Western Digital Corp,2.28,10600,股
2026-08-28,AVGO US,Broadcom Inc,2.24,13000,股
2026-08-28,TXN US,Texas Instruments Inc,2.15,17800,股
2026-08-28,COHR US,Coherent Corp,1.88,14400,股
2026-08-28,PLTR US,Palantir Technologies Inc,1.87,21500,股
2026-08-28,LITE US,Lumentum Holdings Inc,1.84,4400,股
2026-08-28,ADI US,Analog Devices Inc,1.81,10700,股
2026-08-28,ASML US,ASML Holding NV,1.66,2100,股
2026-08-28,CDNS US,Cadence Design Systems Inc,1.53,9600,股
2026-08-28,KLAC US,KLA Corp,1.52,18500,股
2026-08-28,CRWD US,Crowdstrike Holdings Inc,1.5,14700,股
2026-08-28,TSM US,Taiwan Semiconductor Manufacturing Co Ltd,1.46,7500,股
2026-08-28,MRVL US,Marvell Technology Inc,1.42,14000,股
2026-08-28,V US,Visa Inc,1.3,7300,股
2026-08-28,SNOW US,Snowflake Inc,1.27,8300,股
2026-08-28,INTC US,Intel Corp,1.2,28700,股
2026-08-28,MCHP US,Microchip Technology Inc,1.13,33200,股
2026-08-28,AXON US,Axon Enterprise Inc,1.12,4000,股
2026-08-28,CIEN US,Ciena Corp,1.08,6100,股
2026-08-28,SKHY US,SK hynix Inc,1.05,13900,股
2026-08-28,STX US,Seagate Technology Holdings PLC,1.05,2700,股
2026-08-28,BKNG US,Booking Holdings Inc,0.96,10000,股
2026-08-28,ARM US,ARM Holdings PLC,0.95,8500,股
2026-08-28,SHOP US,Shopify Inc,0.95,13300,股
2026-08-28,NFLX US,Netflix Inc,0.92,24100,股
2026-08-28,NOW US,ServiceNow Inc,0.87,12900,股
2026-08-28,ANET US,Arista Networks Inc,0.85,9300,股
2026-08-28,CLS US,Celestica Inc,0.85,6100,股
2026-08-28,TER US,Teradyne Inc,0.85,5100,股
2026-08-28,MDB US,MongoDB Inc,0.79,3800,股
2026-08-28,SIMO US,Silicon Motion Technology Corp,0.76,6600,股
2026-08-28,SPCX US,Space Exploration Technologies Corp,0.75,11300,股
2026-08-28,TTWO US,Take-Two Interactive Software Inc,0.75,6800,股
2026-08-28,DASH US,DoorDash Inc,0.61,5500,股
2026-08-28,BABA US,Alibaba Group Holding Ltd,0.58,10400,股
2026-08-28,SPOT US,Spotify Technology SA,0.54,2100,股
2026-08-28,UBER US,Uber Technologies Inc,0.52,14200,股
2026-08-28,IOT US,Samsara Inc,0.38,19600,股
2026-08-28,FSLY US,Fastly Inc,0.36,33100,股
2026-08-31,NVDA US,NVIDIA Corp,8.6,83000,股
2026-08-31,AAPL US,Apple Inc,7.43,50100,股
2026-08-31,MU US,Micron Technology Inc,6.41,14300,股
2026-08-31,MSFT US,Microsoft Corp,5.32,22400,股
2026-08-31,AMD US,Advanced Micro Devices Inc,4.76,21600,股
2026-08-31,AMZN US,Amazon.com Inc,4.62,38000,股
2026-08-31,GOOGL US,Alphabet Inc,3.54,22300,股
2026-08-31,GOOG US,Alphabet Inc,3.11,19800,股
2026-08-31,META US,Meta Platforms Inc,2.81,10500,股
2026-08-31,PANW US,Palo Alto Networks Inc,2.79,15600,股
2026-08-31,LRCX US,Lam Research Corp,2.71,19200,股
2026-08-31,AVGO US,Broadcom Inc,2.25,13000,股
2026-08-31,WDC US,Western Digital Corp,2.23,10600,股
2026-08-31,TXN US,Texas Instruments Inc,2.17,17800,股
2026-08-31,LITE US,Lumentum Holdings Inc,1.88,4400,股
2026-08-31,COHR US,Coherent Corp,1.87,14400,股
2026-08-31,PLTR US,Palantir Technologies Inc,1.87,21500,股
2026-08-31,ADI US,Analog Devices Inc,1.81,10700,股
2026-08-31,ASML US,ASML Holding NV,1.67,2100,股
2026-08-31,CRWD US,Crowdstrike Holdings Inc,1.59,14700,股
2026-08-31,CDNS US,Cadence Design Systems Inc,1.52,9600,股
2026-08-31,KLAC US,KLA Corp,1.52,18500,股
2026-08-31,TSM US,Taiwan Semiconductor Manufacturing Co Ltd,1.46,7500,股
2026-08-31,V US,Visa Inc,1.3,7300,股
2026-08-31,SNOW US,Snowflake Inc,1.29,8300,股
2026-08-31,INTC US,Intel Corp,1.2,28700,股
2026-08-31,MRVL US,Marvell Technology Inc,1.15,11600,股
2026-08-31,MCHP US,Microchip Technology Inc,1.14,33200,股
2026-08-31,CIEN US,Ciena Corp,1.09,6100,股
2026-08-31,SKHY US,SK hynix Inc,1.07,13900,股
2026-08-31,AXON US,Axon Enterprise Inc,1.06,4000,股
2026-08-31,STX US,Seagate Technology Holdings PLC,1.05,2700,股
2026-08-31,ARM US,ARM Holdings PLC,0.96,8500,股
2026-08-31,BKNG US,Booking Holdings Inc,0.93,10000,股
2026-08-31,SHOP US,Shopify Inc,0.92,13300,股
2026-08-31,NFLX US,Netflix Inc,0.91,24100,股
2026-08-31,NOW US,ServiceNow Inc,0.89,12900,股
2026-08-31,ANET US,Arista Networks Inc,0.85,9300,股
2026-08-31,CLS US,Celestica Inc,0.85,6100,股
2026-08-31,TER US,Teradyne Inc,0.83,5100,股
2026-08-31,MDB US,MongoDB Inc,0.81,3800,股
2026-08-31,SIMO US,Silicon Motion Technology Corp,0.76,6600,股
2026-08-31,SPCX US,Space Exploration Technologies Corp,0.76,11300,股
2026-08-31,TTWO US,Take-Two Interactive Software Inc,0.7,6800,股
2026-08-31,DASH US,DoorDash Inc,0.6,5500,股
2026-08-31,BABA US,Alibaba Group Holding Ltd,0.55,10400,股
2026-08-31,SPOT US,Spotify Technology SA,0.53,2100,股
2026-08-31,UBER US,Uber Technologies Inc,0.5,14200,股
2026-08-31,IOT US,Samsara Inc,0.37,19600,股
2026-08-31,FSLY US,Fastly Inc,0.35,33100,股
2026-09-01,NVDA US,NVIDIA Corp,8.58,83000,股
2026-09-01,AAPL US,Apple Inc,7.76,50100,股
2026-09-01,MU US,Micron Technology Inc,6.36,14300,股
2026-09-01,MSFT US,Microsoft Corp,5.35,22400,股
2026-09-01,AMD US,Advanced Micro Devices Inc,4.73,21600,股
2026-09-01,AMZN US,Amazon.com Inc,4.61,38000,股
2026-09-01,GOOGL US,Alphabet Inc,3.56,22300,股
2026-09-01,GOOG US,Alphabet Inc,3.13,19800,股
2026-09-01,META US,Meta Platforms Inc,2.89,10500,股
2026-09-01,PANW US,Palo Alto Networks Inc,2.69,15600,股
2026-09-01,LRCX US,Lam Research Corp,2.65,19200,股
2026-09-01,AVGO US,Broadcom Inc,2.29,13000,股
2026-09-01,WDC US,Western Digital Corp,2.27,10600,股
2026-09-01,TXN US,Texas Instruments Inc,2.15,17800,股
2026-09-01,COHR US,Coherent Corp,1.87,14400,股
2026-09-01,PLTR US,Palantir Technologies Inc,1.84,21500,股
2026-09-01,LITE US,Lumentum Holdings Inc,1.82,4400,股
2026-09-01,ADI US,Analog Devices Inc,1.81,10700,股
2026-09-01,ASML US,ASML Holding NV,1.67,2100,股
2026-09-01,CRWD US,Crowdstrike Holdings Inc,1.51,14700,股
2026-09-01,KLAC US,KLA Corp,1.51,18500,股
2026-09-01,TSM US,Taiwan Semiconductor Manufacturing Co Ltd,1.48,7500,股
2026-09-01,CDNS US,Cadence Design Systems Inc,1.43,9600,股
2026-09-01,V US,Visa Inc,1.3,7300,股
2026-09-01,SNOW US,Snowflake Inc,1.26,8300,股
2026-09-01,INTC US,Intel Corp,1.22,28700,股
2026-09-01,MRVL US,Marvell Technology Inc,1.16,11600,股
2026-09-01,MCHP US,Microchip Technology Inc,1.13,33200,股
2026-09-01,SKHY US,SK hynix Inc,1.06,13900,股
2026-09-01,CIEN US,Ciena Corp,1.05,6100,股
2026-09-01,STX US,Seagate Technology Holdings PLC,1.05,2700,股
2026-09-01,AXON US,Axon Enterprise Inc,0.99,4000,股
2026-09-01,ARM US,ARM Holdings PLC,0.95,8500,股
2026-09-01,BKNG US,Booking Holdings Inc,0.93,10000,股
2026-09-01,NFLX US,Netflix Inc,0.93,24100,股
2026-09-01,SHOP US,Shopify Inc,0.89,13300,股
2026-09-01,NOW US,ServiceNow Inc,0.88,12900,股
2026-09-01,CLS US,Celestica Inc,0.85,6100,股
2026-09-01,ANET US,Arista Networks Inc,0.84,9300,股
2026-09-01,TER US,Teradyne Inc,0.82,5100,股
2026-09-01,MDB US,MongoDB Inc,0.79,3800,股
2026-09-01,SPCX US,Space Exploration Technologies Corp,0.77,11300,股
2026-09-01,SIMO US,Silicon Motion Technology Corp,0.75,6600,股
2026-09-01,TTWO US,Take-Two Interactive Software Inc,0.7,6800,股
2026-09-01,DASH US,DoorDash Inc,0.59,5500,股
2026-09-01,BABA US,Alibaba Group Holding Ltd,0.56,10400,股
2026-09-01,SPOT US,Spotify Technology SA,0.54,2100,股
2026-09-01,UBER US,Uber Technologies Inc,0.51,14200,股
2026-09-01,IOT US,Samsara Inc,0.36,19600,股
2026-09-01,FSLY US,Fastly Inc,0.33,33100,股
2026-09-02,NVDA US,NVIDIA Corp,8.91,83000,股
2026-09-02,AAPL US,Apple Inc,7.77,50100,股
2026-09-02,MU US,Micron Technology Inc,6.53,14300,股
2026-09-02,MSFT US,Microsoft Corp,5.31,22400,股
2026-09-02,AMD US,Advanced Micro Devices Inc,4.71,21600,股
2026-09-02,AMZN US,Amazon.com Inc,4.62,38000,股
2026-09-02,GOOGL US,Alphabet Inc,3.59,22300,股
2026-09-02,GOOG US,Alphabet Inc,3.15,19800,股
2026-09-02,META US,Meta Platforms Inc,2.97,10500,股
2026-09-02,LRCX US,Lam Research Corp,2.64,19200,股
2026-09-02,PANW US,Palo Alto Networks Inc,2.45,15600,股
2026-09-02,AVGO US,Broadcom Inc,2.28,13000,股
2026-09-02,WDC US,Western Digital Corp,2.27,10600,股
2026-09-02,TXN US,Texas Instruments Inc,2.16,17800,股
2026-09-02,COHR US,Coherent Corp,1.85,14400,股
2026-09-02,LITE US,Lumentum Holdings Inc,1.83,4400,股
2026-09-02,ADI US,Analog Devices Inc,1.82,10700,股
2026-09-02,PLTR US,Palantir Technologies Inc,1.74,21500,股
2026-09-02,ASML US,ASML Holding NV,1.69,2100,股
2026-09-02,KLAC US,KLA Corp,1.52,18500,股
2026-09-02,TSM US,Taiwan Semiconductor Manufacturing Co Ltd,1.49,7500,股
2026-09-02,CRWD US,Crowdstrike Holdings Inc,1.43,14700,股
2026-09-02,CDNS US,Cadence Design Systems Inc,1.41,9600,股
2026-09-02,V US,Visa Inc,1.32,7300,股
2026-09-02,INTC US,Intel Corp,1.23,28700,股
2026-09-02,SNOW US,Snowflake Inc,1.21,8300,股
2026-09-02,MCHP US,Microchip Technology Inc,1.15,33200,股
2026-09-02,MRVL US,Marvell Technology Inc,1.14,11600,股
2026-09-02,SKHY US,SK hynix Inc,1.09,13900,股
2026-09-02,STX US,Seagate Technology Holdings PLC,1.04,2700,股
2026-09-02,CIEN US,Ciena Corp,1.03,6100,股
2026-09-02,AXON US,Axon Enterprise Inc,0.97,4000,股
2026-09-02,ARM US,ARM Holdings PLC,0.95,8500,股
2026-09-02,BKNG US,Booking Holdings Inc,0.95,10000,股
2026-09-02,NFLX US,Netflix Inc,0.95,24100,股
2026-09-02,SHOP US,Shopify Inc,0.9,13300,股
2026-09-02,NOW US,ServiceNow Inc,0.84,12900,股
2026-09-02,ANET US,Arista Networks Inc,0.83,9300,股
2026-09-02,TER US,Teradyne Inc,0.83,5100,股
2026-09-02,CLS US,Celestica Inc,0.81,6100,股
2026-09-02,SIMO US,Silicon Motion Technology Corp,0.76,6600,股
2026-09-02,SPCX US,Space Exploration Technologies Corp,0.76,11300,股
2026-09-02,TTWO US,Take-Two Interactive Software Inc,0.7,6800,股
2026-09-02,MDB US,MongoDB Inc,0.68,3800,股
2026-09-02,DASH US,DoorDash Inc,0.59,5500,股
2026-09-02,BABA US,Alibaba Group Holding Ltd,0.56,10400,股
2026-09-02,SPOT US,Spotify Technology SA,0.56,2100,股
2026-09-02,UBER US,Uber Technologies Inc,0.52,14200,股
2026-09-02,IOT US,Samsara Inc,0.34,19600,股
2026-09-02,FSLY US,Fastly Inc,0.32,33100,股
2026-09-03,NVDA US,NVIDIA Corp,8.95,83000,股
2026-09-03,AAPL US,Apple Inc,7.77,50100,股
2026-09-03,MU US,Micron Technology Inc,6.48,14300,股
2026-09-03,MSFT US,Microsoft Corp,5.4,22400,股
2026-09-03,AMD US,Advanced Micro Devices Inc,4.66,21600,股
2026-09-03,AMZN US,Amazon.com Inc,4.65,38000,股
2026-09-03,GOOGL US,Alphabet Inc,3.61,22300,股
2026-09-03,GOOG US,Alphabet Inc,3.17,19800,股
2026-09-03,META US,Meta Platforms Inc,3.03,10500,股
2026-09-03,LRCX US,Lam Research Corp,2.66,19200,股
2026-09-03,PANW US,Palo Alto Networks Inc,2.45,15600,股
2026-09-03,WDC US,Western Digital Corp,2.21,10600,股
2026-09-03,AVGO US,Broadcom Inc,2.19,13000,股
2026-09-03,TXN US,Texas Instruments Inc,2.14,17800,股
2026-09-03,PLTR US,Palantir Technologies Inc,1.85,21500,股
2026-09-03,ADI US,Analog Devices Inc,1.8,10700,股
2026-09-03,COHR US,Coherent Corp,1.8,14400,股
2026-09-03,LITE US,Lumentum Holdings Inc,1.76,4400,股
2026-09-03,ASML US,ASML Holding NV,1.63,2100,股
2026-09-03,KLAC US,KLA Corp,1.51,18500,股
2026-09-03,CRWD US,Crowdstrike Holdings Inc,1.49,14700,股
2026-09-03,TSM US,Taiwan Semiconductor Manufacturing Co Ltd,1.48,7500,股
2026-09-03,SNOW US,Snowflake Inc,1.4,8300,股
2026-09-03,CDNS US,Cadence Design Systems Inc,1.38,9600,股
2026-09-03,V US,Visa Inc,1.31,7300,股
2026-09-03,INTC US,Intel Corp,1.24,28700,股
2026-09-03,MCHP US,Microchip Technology Inc,1.15,33200,股
2026-09-03,MRVL US,Marvell Technology Inc,1.14,11600,股
2026-09-03,SKHY US,SK hynix Inc,1.08,13900,股
2026-09-03,AXON US,Axon Enterprise Inc,1.02,4000,股
2026-09-03,STX US,Seagate Technology Holdings PLC,1.02,2700,股
2026-09-03,ARM US,ARM Holdings PLC,0.97,8500,股
2026-09-03,NFLX US,Netflix Inc,0.94,24100,股
2026-09-03,BKNG US,Booking Holdings Inc,0.92,10000,股
2026-09-03,CIEN US,Ciena Corp,0.92,6100,股
2026-09-03,SHOP US,Shopify Inc,0.92,13300,股
2026-09-03,CLS US,Celestica Inc,0.89,6100,股
2026-09-03,NOW US,ServiceNow Inc,0.89,12900,股
2026-09-03,ANET US,Arista Networks Inc,0.84,9300,股
2026-09-03,TER US,Teradyne Inc,0.82,5100,股
2026-09-03,SPCX US,Space Exploration Technologies Corp,0.8,11300,股
2026-09-03,SIMO US,Silicon Motion Technology Corp,0.74,6600,股
2026-09-03,MDB US,MongoDB Inc,0.69,3800,股
2026-09-03,TTWO US,Take-Two Interactive Software Inc,0.69,6800,股
2026-09-03,DASH US,DoorDash Inc,0.58,5500,股
2026-09-03,SPOT US,Spotify Technology SA,0.56,2100,股
2026-09-03,BABA US,Alibaba Group Holding Ltd,0.55,10400,股
2026-09-03,UBER US,Uber Technologies Inc,0.51,14200,股
2026-09-03,IOT US,Samsara Inc,0.36,19600,股
2026-09-03,FSLY US,Fastly Inc,0.33,33100,股
2026-09-04,NVDA US,NVIDIA Corp,8.99,83000,股
2026-09-04,AAPL US,Apple Inc,7.49,50100,股
2026-09-04,MU US,Micron Technology Inc,6.79,14300,股
2026-09-04,MSFT US,Microsoft Corp,5.23,22400,股
2026-09-04,AMD US,Advanced Micro Devices Inc,4.82,21600,股
2026-09-04,AMZN US,Amazon.com Inc,4.59,38000,股
2026-09-04,GOOGL US,Alphabet Inc,3.53,22300,股
2026-09-04,GOOG US,Alphabet Inc,3.1,19800,股
2026-09-04,META US,Meta Platforms Inc,3.03,10500,股
2026-09-04,LRCX US,Lam Research Corp,2.76,19200,股
2026-09-04,PANW US,Palo Alto Networks Inc,2.43,15600,股
2026-09-04,WDC US,Western Digital Corp,2.32,10600,股
2026-09-04,AVGO US,Broadcom Inc,2.17,13000,股
2026-09-04,TXN US,Texas Instruments Inc,2.15,17800,股
2026-09-04,COHR US,Coherent Corp,1.9,14400,股
2026-09-04,ADI US,Analog Devices Inc,1.81,10700,股
2026-09-04,LITE US,Lumentum Holdings Inc,1.81,4400,股
2026-09-04,PLTR US,Palantir Technologies Inc,1.75,21500,股
2026-09-04,ASML US,ASML Holding NV,1.68,2100,股
2026-09-04,KLAC US,KLA Corp,1.6,18500,股
2026-09-04,TSM US,Taiwan Semiconductor Manufacturing Co Ltd,1.5,7500,股
2026-09-04,CRWD US,Crowdstrike Holdings Inc,1.46,14700,股
2026-09-04,CDNS US,Cadence Design Systems Inc,1.31,9600,股
2026-09-04,SNOW US,Snowflake Inc,1.31,8300,股
2026-09-04,INTC US,Intel Corp,1.28,28700,股
2026-09-04,V US,Visa Inc,1.28,7300,股
2026-09-04,MRVL US,Marvell Technology Inc,1.21,11600,股
2026-09-04,MCHP US,Microchip Technology Inc,1.15,33200,股
2026-09-04,SKHY US,SK hynix Inc,1.15,13900,股
2026-09-04,STX US,Seagate Technology Holdings PLC,1.07,2700,股
2026-09-04,ARM US,ARM Holdings PLC,1.0,8500,股
2026-09-04,AXON US,Axon Enterprise Inc,0.96,4000,股
2026-09-04,CIEN US,Ciena Corp,0.92,6100,股
2026-09-04,BKNG US,Booking Holdings Inc,0.9,10000,股
2026-09-04,SHOP US,Shopify Inc,0.9,13300,股
2026-09-04,CLS US,Celestica Inc,0.89,6100,股
2026-09-04,NFLX US,Netflix Inc,0.88,24100,股
2026-09-04,NOW US,ServiceNow Inc,0.85,12900,股
2026-09-04,TER US,Teradyne Inc,0.85,5100,股
2026-09-04,ANET US,Arista Networks Inc,0.84,9300,股
2026-09-04,SIMO US,Silicon Motion Technology Corp,0.79,6600,股
2026-09-04,SPCX US,Space Exploration Technologies Corp,0.78,11300,股
2026-09-04,TTWO US,Take-Two Interactive Software Inc,0.68,6800,股
2026-09-04,MDB US,MongoDB Inc,0.65,3800,股
2026-09-04,BABA US,Alibaba Group Holding Ltd,0.55,10400,股
2026-09-04,DASH US,DoorDash Inc,0.54,5500,股
2026-09-04,SPOT US,Spotify Technology SA,0.53,2100,股
2026-09-04,UBER US,Uber Technologies Inc,0.5,14200,股
2026-09-04,IOT US,Samsara Inc,0.37,19600,股
2026-09-04,FSLY US,Fastly Inc,0.32,33100,股
2026-09-07,NVDA US,NVIDIA Corp,8.99,83000,股
2026-09-07,AAPL US,Apple Inc,7.49,50100,股
2026-09-07,MU US,Micron Technology Inc,6.79,14300,股
2026-09-07,MSFT US,Microsoft Corp,5.23,22400,股
2026-09-07,AMD US,Advanced Micro Devices Inc,4.82,21600,股
2026-09-07,AMZN US,Amazon.com Inc,4.59,38000,股
2026-09-07,GOOGL US,Alphabet Inc,3.53,22300,股
2026-09-07,GOOG US,Alphabet Inc,3.1,19800,股
2026-09-07,META US,Meta Platforms Inc,3.03,10500,股
2026-09-07,LRCX US,Lam Research Corp,2.76,19200,股
2026-09-07,PANW US,Palo Alto Networks Inc,2.43,15600,股
2026-09-07,WDC US,Western Digital Corp,2.32,10600,股
2026-09-07,AVGO US,Broadcom Inc,2.17,13000,股
2026-09-07,TXN US,Texas Instruments Inc,2.15,17800,股
2026-09-07,COHR US,Coherent Corp,1.9,14400,股
2026-09-07,ADI US,Analog Devices Inc,1.81,10700,股
2026-09-07,LITE US,Lumentum Holdings Inc,1.81,4400,股
2026-09-07,PLTR US,Palantir Technologies Inc,1.75,21500,股
2026-09-07,ASML US,ASML Holding NV,1.68,2100,股
2026-09-07,KLAC US,KLA Corp,1.6,18500,股
2026-09-07,TSM US,Taiwan Semiconductor Manufacturing Co Ltd,1.5,7500,股
2026-09-07,CRWD US,Crowdstrike Holdings Inc,1.46,14700,股
2026-09-07,CDNS US,Cadence Design Systems Inc,1.31,9600,股
2026-09-07,SNOW US,Snowflake Inc,1.31,8300,股
2026-09-07,INTC US,Intel Corp,1.29,28700,股
2026-09-07,V US,Visa Inc,1.28,7300,股
2026-09-07,MRVL US,Marvell Technology Inc,1.21,11600,股
2026-09-07,MCHP US,Microchip Technology Inc,1.15,33200,股
2026-09-07,SKHY US,SK hynix Inc,1.15,13900,股
2026-09-07,STX US,Seagate Technology Holdings PLC,1.07,2700,股
2026-09-07,ARM US,ARM Holdings PLC,1.0,8500,股
2026-09-07,AXON US,Axon Enterprise Inc,0.96,4000,股
2026-09-07,CIEN US,Ciena Corp,0.92,6100,股
2026-09-07,BKNG US,Booking Holdings Inc,0.9,10000,股
2026-09-07,SHOP US,Shopify Inc,0.9,13300,股
2026-09-07,CLS US,Celestica Inc,0.89,6100,股
2026-09-07,NFLX US,Netflix Inc,0.88,24100,股
2026-09-07,NOW US,ServiceNow Inc,0.85,12900,股
2026-09-07,TER US,Teradyne Inc,0.85,5100,股
2026-09-07,ANET US,Arista Networks Inc,0.84,9300,股
2026-09-07,SIMO US,Silicon Motion Technology Corp,0.79,6600,股
2026-09-07,SPCX US,Space Exploration Technologies Corp,0.78,11300,股
2026-09-07,TTWO US,Take-Two Interactive Software Inc,0.68,6800,股
2026-09-07,MDB US,MongoDB Inc,0.65,3800,股
2026-09-07,BABA US,Alibaba Group Holding Ltd,0.55,10400,股
2026-09-07,DASH US,DoorDash Inc,0.54,5500,股
2026-09-07,SPOT US,Spotify Technology SA,0.53,2100,股
2026-09-07,UBER US,Uber Technologies Inc,0.5,14200,股
2026-09-07,IOT US,Samsara Inc,0.37,19600,股
2026-09-07,FSLY US,Fastly Inc,0.32,33100,股
2026-09-08,NVDA US,NVIDIA Corp,8.69,83000,股
2026-09-08,AAPL US,Apple Inc,7.38,50100,股
2026-09-08,MU US,Micron Technology Inc,6.66,14300,股
2026-09-08,MSFT US,Microsoft Corp,5.15,22400,股
2026-09-08,AMD US,Advanced Micro Devices Inc,5.09,21600,股
2026-09-08,AMZN US,Amazon.com Inc,4.55,38000,股
2026-09-08,GOOGL US,Alphabet Inc,3.51,22300,股
2026-09-08,GOOG US,Alphabet Inc,3.09,19800,股
2026-09-08,META US,Meta Platforms Inc,3.0,10500,股
2026-09-08,LRCX US,Lam Research Corp,2.86,19200,股
2026-09-08,PANW US,Palo Alto Networks Inc,2.45,15600,股
2026-09-08,WDC US,Western Digital Corp,2.36,10600,股
2026-09-08,AVGO US,Broadcom Inc,2.23,13000,股
2026-09-08,TXN US,Texas Instruments Inc,2.15,17800,股
2026-09-08,COHR US,Coherent Corp,2.02,14400,股
2026-09-08,LITE US,Lumentum Holdings Inc,2.0,4400,股
2026-09-08,ADI US,Analog Devices Inc,1.81,10700,股
2026-09-08,ASML US,ASML Holding NV,1.73,2100,股
2026-09-08,PLTR US,Palantir Technologies Inc,1.7,21500,股
2026-09-08,KLAC US,KLA Corp,1.63,18500,股
2026-09-08,TSM US,Taiwan Semiconductor Manufacturing Co Ltd,1.53,7500,股
2026-09-08,CRWD US,Crowdstrike Holdings Inc,1.44,14700,股
2026-09-08,INTC US,Intel Corp,1.4,28700,股
2026-09-08,SNOW US,Snowflake Inc,1.3,8300,股
2026-09-08,CDNS US,Cadence Design Systems Inc,1.27,9600,股
2026-09-08,V US,Visa Inc,1.25,7300,股
2026-09-08,MRVL US,Marvell Technology Inc,1.22,11600,股
2026-09-08,SKHY US,SK hynix Inc,1.2,13900,股
2026-09-08,STX US,Seagate Technology Holdings PLC,1.14,2700,股
2026-09-08,MCHP US,Microchip Technology Inc,1.13,33200,股
2026-09-08,ARM US,ARM Holdings PLC,1.03,8500,股
2026-09-08,CIEN US,Ciena Corp,0.97,6100,股
2026-09-08,AXON US,Axon Enterprise Inc,0.94,4000,股
2026-09-08,CLS US,Celestica Inc,0.94,6100,股
2026-09-08,TER US,Teradyne Inc,0.88,5100,股
2026-09-08,NFLX US,Netflix Inc,0.86,24100,股
2026-09-08,ANET US,Arista Networks Inc,0.84,9300,股
2026-09-08,BKNG US,Booking Holdings Inc,0.84,10000,股
2026-09-08,SIMO US,Silicon Motion Technology Corp,0.84,6600,股
2026-09-08,SHOP US,Shopify Inc,0.83,13300,股
2026-09-08,NOW US,ServiceNow Inc,0.81,12900,股
2026-09-08,SPCX US,Space Exploration Technologies Corp,0.81,11300,股
2026-09-08,TTWO US,Take-Two Interactive Software Inc,0.68,6800,股
2026-09-08,MDB US,MongoDB Inc,0.63,3800,股
2026-09-08,BABA US,Alibaba Group Holding Ltd,0.55,10400,股
2026-09-08,SPOT US,Spotify Technology SA,0.52,2100,股
2026-09-08,DASH US,DoorDash Inc,0.51,5500,股
2026-09-08,UBER US,Uber Technologies Inc,0.48,14200,股
2026-09-08,IOT US,Samsara Inc,0.37,19600,股
2026-09-08,FSLY US,Fastly Inc,0.33,33100,股
2026-09-09,NVDA US,NVIDIA Corp,8.67,83000,股
2026-09-09,AAPL US,Apple Inc,7.37,50100,股
2026-09-09,MU US,Micron Technology Inc,6.86,14300,股
2026-09-09,AMD US,Advanced Micro Devices Inc,5.25,21600,股
2026-09-09,MSFT US,Microsoft Corp,5.14,22400,股
2026-09-09,AMZN US,Amazon.com Inc,4.47,38000,股
2026-09-09,GOOGL US,Alphabet Inc,3.44,22300,股
2026-09-09,META US,Meta Platforms Inc,3.2,10500,股
2026-09-09,GOOG US,Alphabet Inc,3.03,19800,股
2026-09-09,LRCX US,Lam Research Corp,2.83,19200,股
2026-09-09,PANW US,Palo Alto Networks Inc,2.44,15600,股
2026-09-09,WDC US,Western Digital Corp,2.38,10600,股
2026-09-09,AVGO US,Broadcom Inc,2.21,13000,股
2026-09-09,TXN US,Texas Instruments Inc,2.17,17800,股
2026-09-09,COHR US,Coherent Corp,2.04,14400,股
2026-09-09,LITE US,Lumentum Holdings Inc,2.03,4400,股
2026-09-09,ADI US,Analog Devices Inc,1.82,10700,股
2026-09-09,PLTR US,Palantir Technologies Inc,1.7,21500,股
2026-09-09,ASML US,ASML Holding NV,1.69,2100,股
2026-09-09,KLAC US,KLA Corp,1.58,18500,股
2026-09-09,TSM US,Taiwan Semiconductor Manufacturing Co Ltd,1.52,7500,股
2026-09-09,CRWD US,Crowdstrike Holdings Inc,1.42,14700,股
2026-09-09,INTC US,Intel Corp,1.42,28700,股
2026-09-09,STX US,Seagate Technology Holdings PLC,1.4,3400,股
2026-09-09,SKHY US,SK hynix Inc,1.29,13900,股
2026-09-09,CDNS US,Cadence Design Systems Inc,1.27,9600,股
2026-09-09,MRVL US,Marvell Technology Inc,1.27,11600,股
2026-09-09,V US,Visa Inc,1.25,7300,股
2026-09-09,CIEN US,Ciena Corp,1.15,7300,股
2026-09-09,MCHP US,Microchip Technology Inc,1.13,33200,股
2026-09-09,SNOW US,Snowflake Inc,1.07,6900,股
2026-09-09,ARM US,ARM Holdings PLC,1.05,8500,股
2026-09-09,CLS US,Celestica Inc,0.95,6100,股
2026-09-09,AXON US,Axon Enterprise Inc,0.91,4000,股
2026-09-09,TER US,Teradyne Inc,0.91,5100,股
2026-09-09,NFLX US,Netflix Inc,0.85,24100,股
2026-09-09,SIMO US,Silicon Motion Technology Corp,0.85,6600,股
2026-09-09,ANET US,Arista Networks Inc,0.84,9300,股
2026-09-09,BKNG US,Booking Holdings Inc,0.81,10000,股
2026-09-09,NOW US,ServiceNow Inc,0.79,12900,股
2026-09-09,SHOP US,Shopify Inc,0.79,13300,股
2026-09-09,SPCX US,Space Exploration Technologies Corp,0.78,11300,股
2026-09-09,TTWO US,Take-Two Interactive Software Inc,0.67,6800,股
2026-09-09,BABA US,Alibaba Group Holding Ltd,0.53,10400,股
2026-09-09,IOT US,Samsara Inc,0.52,28600,股
2026-09-09,DASH US,DoorDash Inc,0.51,5500,股
2026-09-09,SPOT US,Spotify Technology SA,0.51,2100,股
2026-09-09,UBER US,Uber Technologies Inc,0.47,14200,股
2026-09-09,MDB US,MongoDB Inc,0.42,2500,股
2026-09-09,FSLY US,Fastly Inc,0.35,33100,股
2026-09-10,NVDA US,NVIDIA Corp,8.57,83000,股
2026-09-10,AAPL US,Apple Inc,7.75,50100,股
2026-09-10,MU US,Micron Technology Inc,6.62,14300,股
2026-09-10,MSFT US,Microsoft Corp,5.22,22400,股
2026-09-10,AMD US,Advanced Micro Devices Inc,5.15,21600,股
2026-09-10,AMZN US,Amazon.com Inc,4.53,38000,股
2026-09-10,GOOGL US,Alphabet Inc,3.51,22300,股
2026-09-10,META US,Meta Platforms Inc,3.2,10500,股
2026-09-10,GOOG US,Alphabet Inc,3.1,19800,股
2026-09-10,LRCX US,Lam Research Corp,2.71,19200,股
2026-09-10,PANW US,Palo Alto Networks Inc,2.5,15600,股
2026-09-10,WDC US,Western Digital Corp,2.31,10600,股
2026-09-10,AVGO US,Broadcom Inc,2.22,13000,股
2026-09-10,TXN US,Texas Instruments Inc,2.18,17800,股
2026-09-10,COHR US,Coherent Corp,2.0,14400,股
2026-09-10,LITE US,Lumentum Holdings Inc,1.95,4400,股
2026-09-10,ADI US,Analog Devices Inc,1.83,10700,股
2026-09-10,PLTR US,Palantir Technologies Inc,1.69,21500,股
2026-09-10,ASML US,ASML Holding NV,1.68,2100,股
2026-09-10,KLAC US,KLA Corp,1.55,18500,股
2026-09-10,TSM US,Taiwan Semiconductor Manufacturing Co Ltd,1.52,7500,股
2026-09-10,CRWD US,Crowdstrike Holdings Inc,1.45,14700,股
2026-09-10,STX US,Seagate Technology Holdings PLC,1.39,3400,股
2026-09-10,INTC US,Intel Corp,1.36,28700,股
2026-09-10,CDNS US,Cadence Design Systems Inc,1.29,9600,股
2026-09-10,V US,Visa Inc,1.27,7300,股
2026-09-10,MRVL US,Marvell Technology Inc,1.25,11600,股
2026-09-10,SKHY US,SK hynix Inc,1.24,13900,股
2026-09-10,CIEN US,Ciena Corp,1.16,7300,股
2026-09-10,MCHP US,Microchip Technology Inc,1.12,33200,股
2026-09-10,SNOW US,Snowflake Inc,1.08,6900,股
2026-09-10,ARM US,ARM Holdings PLC,1.02,8500,股
2026-09-10,CLS US,Celestica Inc,0.94,6100,股
2026-09-10,AXON US,Axon Enterprise Inc,0.91,4000,股
2026-09-10,TER US,Teradyne Inc,0.89,5100,股
2026-09-10,NFLX US,Netflix Inc,0.87,24100,股
2026-09-10,ANET US,Arista Networks Inc,0.83,9300,股
2026-09-10,BKNG US,Booking Holdings Inc,0.83,10000,股
2026-09-10,SIMO US,Silicon Motion Technology Corp,0.83,6600,股
2026-09-10,NOW US,ServiceNow Inc,0.8,12900,股
2026-09-10,SHOP US,Shopify Inc,0.8,13300,股
2026-09-10,SPCX US,Space Exploration Technologies Corp,0.79,11300,股
2026-09-10,TTWO US,Take-Two Interactive Software Inc,0.7,6800,股
2026-09-10,BABA US,Alibaba Group Holding Ltd,0.53,10400,股
2026-09-10,DASH US,DoorDash Inc,0.52,5500,股
2026-09-10,IOT US,Samsara Inc,0.52,28600,股
2026-09-10,SPOT US,Spotify Technology SA,0.52,2100,股
2026-09-10,UBER US,Uber Technologies Inc,0.49,14200,股
2026-09-10,MDB US,MongoDB Inc,0.44,2500,股
2026-09-10,FSLY US,Fastly Inc,0.36,33100,股
2026-09-11,NVDA US,NVIDIA Corp,8.52,83000,股
2026-09-11,AAPL US,Apple Inc,7.81,50100,股
2026-09-11,MU US,Micron Technology Inc,6.54,14300,股
2026-09-11,AMD US,Advanced Micro Devices Inc,5.23,21600,股
2026-09-11,MSFT US,Microsoft Corp,5.21,22400,股
2026-09-11,AMZN US,Amazon.com Inc,4.58,38000,股
2026-09-11,GOOGL US,Alphabet Inc,3.54,22300,股
2026-09-11,META US,Meta Platforms Inc,3.19,10500,股
2026-09-11,GOOG US,Alphabet Inc,3.12,19800,股
2026-09-11,LRCX US,Lam Research Corp,2.69,19200,股
2026-09-11,PANW US,Palo Alto Networks Inc,2.42,15600,股
2026-09-11,TXN US,Texas Instruments Inc,2.24,17800,股
2026-09-11,WDC US,Western Digital Corp,2.22,10600,股
2026-09-11,AVGO US,Broadcom Inc,2.21,13000,股
2026-09-11,COHR US,Coherent Corp,2.06,14400,股
2026-09-11,LITE US,Lumentum Holdings Inc,1.91,4400,股
2026-09-11,ADI US,Analog Devices Inc,1.9,10700,股
2026-09-11,INTC US,Intel Corp,1.89,39200,股
2026-09-11,PLTR US,Palantir Technologies Inc,1.69,21500,股
2026-09-11,ASML US,ASML Holding NV,1.67,2100,股
2026-09-11,KLAC US,KLA Corp,1.57,18500,股
2026-09-11,TSM US,Taiwan Semiconductor Manufacturing Co Ltd,1.52,7500,股
2026-09-11,CRWD US,Crowdstrike Holdings Inc,1.43,14700,股
2026-09-11,STX US,Seagate Technology Holdings PLC,1.32,3400,股
2026-09-11,CDNS US,Cadence Design Systems Inc,1.3,9600,股
2026-09-11,MRVL US,Marvell Technology Inc,1.29,11600,股
2026-09-11,V US,Visa Inc,1.27,7300,股
2026-09-11,SKHY US,SK hynix Inc,1.24,13900,股
2026-09-11,CIEN US,Ciena Corp,1.2,7300,股
2026-09-11,MCHP US,Microchip Technology Inc,1.16,33200,股
2026-09-11,SNOW US,Snowflake Inc,1.07,6900,股
2026-09-11,CLS US,Celestica Inc,0.99,6100,股
2026-09-11,TER US,Teradyne Inc,0.91,5100,股
2026-09-11,AXON US,Axon Enterprise Inc,0.9,4000,股
2026-09-11,NFLX US,Netflix Inc,0.88,24100,股
2026-09-11,SIMO US,Silicon Motion Technology Corp,0.88,6600,股
2026-09-11,ANET US,Arista Networks Inc,0.87,9300,股
2026-09-11,BKNG US,Booking Holdings Inc,0.82,10000,股
2026-09-11,NOW US,ServiceNow Inc,0.8,12900,股
2026-09-11,SHOP US,Shopify Inc,0.8,13300,股
2026-09-11,SPCX US,Space Exploration Technologies Corp,0.8,11300,股
2026-09-11,TTWO US,Take-Two Interactive Software Inc,0.69,6800,股
2026-09-11,BABA US,Alibaba Group Holding Ltd,0.53,10400,股
2026-09-11,DASH US,DoorDash Inc,0.52,5500,股
2026-09-11,IOT US,Samsara Inc,0.52,28600,股
2026-09-11,SPOT US,Spotify Technology SA,0.52,2100,股
2026-09-11,UBER US,Uber Technologies Inc,0.48,14200,股
2026-09-11,MDB US,MongoDB Inc,0.42,2500,股
2026-09-11,FSLY US,Fastly Inc,0.36,33100,股
2026-09-14,NVDA US,NVIDIA Corp,8.42,83000,股
2026-09-14,AAPL US,Apple Inc,8.03,50100,股
2026-09-14,MU US,Micron Technology Inc,6.36,14300,股
2026-09-14,MSFT US,Microsoft Corp,5.45,22400,股
2026-09-14,AMD US,Advanced Micro Devices Inc,5.13,21600,股
2026-09-14,AMZN US,Amazon.com Inc,4.64,38000,股
2026-09-14,GOOGL US,Alphabet Inc,3.75,22300,股
2026-09-14,META US,Meta Platforms Inc,3.36,10500,股
2026-09-14,GOOG US,Alphabet Inc,3.29,19800,股
2026-09-14,PANW US,Palo Alto Networks Inc,2.81,15600,股
2026-09-14,LRCX US,Lam Research Corp,2.53,19200,股
2026-09-14,TXN US,Texas Instruments Inc,2.26,17800,股
2026-09-14,WDC US,Western Digital Corp,2.18,10600,股
2026-09-14,AVGO US,Broadcom Inc,2.16,13000,股
2026-09-14,ADI US,Analog Devices Inc,1.86,10700,股
2026-09-14,INTC US,Intel Corp,1.83,39200,股
2026-09-14,PLTR US,Palantir Technologies Inc,1.79,21500,股
2026-09-14,LITE US,Lumentum Holdings Inc,1.77,4400,股
2026-09-14,CRWD US,Crowdstrike Holdings Inc,1.67,14700,股
2026-09-14,COHR US,Coherent Corp,1.59,12400,股
2026-09-14,KLAC US,KLA Corp,1.51,18500,股
2026-09-14,TSM US,Taiwan Semiconductor Manufacturing Co Ltd,1.51,7500,股
2026-09-14,STX US,Seagate Technology Holdings PLC,1.32,3400,股
2026-09-14,V US,Visa Inc,1.32,7300,股
2026-09-14,CDNS US,Cadence Design Systems Inc,1.29,9600,股
2026-09-14,MRVL US,Marvell Technology Inc,1.22,11600,股
2026-09-14,ASML US,ASML Holding NV,1.21,1600,股
2026-09-14,SKHY US,SK hynix Inc,1.17,13900,股
2026-09-14,MCHP US,Microchip Technology Inc,1.14,33200,股
2026-09-14,CIEN US,Ciena Corp,1.12,7300,股
2026-09-14,SNOW US,Snowflake Inc,1.1,6900,股
2026-09-14,AXON US,Axon Enterprise Inc,0.94,4000,股
2026-09-14,CLS US,Celestica Inc,0.93,6100,股
2026-09-14,NFLX US,Netflix Inc,0.93,24100,股
2026-09-14,NOW US,ServiceNow Inc,0.88,12900,股
2026-09-14,SHOP US,Shopify Inc,0.86,13300,股
2026-09-14,ANET US,Arista Networks Inc,0.84,9300,股
2026-09-14,BKNG US,Booking Holdings Inc,0.84,10000,股
2026-09-14,SPCX US,Space Exploration Technologies Corp,0.81,11300,股
2026-09-14,TER US,Teradyne Inc,0.81,5100,股
2026-09-14,SIMO US,Silicon Motion Technology Corp,0.75,6600,股
2026-09-14,TTWO US,Take-Two Interactive Software Inc,0.73,6800,股
2026-09-14,IOT US,Samsara Inc,0.59,28600,股
2026-09-14,SPOT US,Spotify Technology SA,0.56,2100,股
2026-09-14,BABA US,Alibaba Group Holding Ltd,0.55,10400,股
2026-09-14,DASH US,DoorDash Inc,0.54,5500,股
2026-09-14,UBER US,Uber Technologies Inc,0.5,14200,股
2026-09-14,MDB US,MongoDB Inc,0.46,2500,股
2026-09-14,FSLY US,Fastly Inc,0.4,33100,股
2026-09-15,NVDA US,NVIDIA Corp,8.51,83000,股
2026-09-15,AAPL US,Apple Inc,8.04,50100,股
2026-09-15,MU US,Micron Technology Inc,6.24,13900,股
2026-09-15,MSFT US,Microsoft Corp,5.39,22400,股
2026-09-15,AMD US,Advanced Micro Devices Inc,5.27,21600,股
2026-09-15,AMZN US,Amazon.com Inc,4.57,38000,股
2026-09-15,GOOGL US,Alphabet Inc,3.72,22300,股
2026-09-15,META US,Meta Platforms Inc,3.41,10500,股
2026-09-15,GOOG US,Alphabet Inc,3.27,19800,股
2026-09-15,PANW US,Palo Alto Networks Inc,2.83,15600,股
2026-09-15,LRCX US,Lam Research Corp,2.52,19200,股
2026-09-15,TXN US,Texas Instruments Inc,2.27,17800,股
2026-09-15,AVGO US,Broadcom Inc,2.14,13000,股
2026-09-15,WDC US,Western Digital Corp,2.11,10600,股
2026-09-15,ADI US,Analog Devices Inc,1.87,10700,股
2026-09-15,INTC US,Intel Corp,1.84,39200,股
2026-09-15,PLTR US,Palantir Technologies Inc,1.8,21500,股
2026-09-15,CRWD US,Crowdstrike Holdings Inc,1.73,14700,股
2026-09-15,LITE US,Lumentum Holdings Inc,1.58,3900,股
2026-09-15,COHR US,Coherent Corp,1.54,11700,股
2026-09-15,KLAC US,KLA Corp,1.5,18500,股
2026-09-15,TSM US,Taiwan Semiconductor Manufacturing Co Ltd,1.5,7500,股
2026-09-15,V US,Visa Inc,1.33,7300,股
2026-09-15,CDNS US,Cadence Design Systems Inc,1.27,9600,股
2026-09-15,STX US,Seagate Technology Holdings PLC,1.27,3400,股
2026-09-15,MRVL US,Marvell Technology Inc,1.25,11600,股
2026-09-15,ASML US,ASML Holding NV,1.23,1600,股
2026-09-15,CIEN US,Ciena Corp,1.18,7300,股
2026-09-15,MCHP US,Microchip Technology Inc,1.15,33200,股
2026-09-15,SKHY US,SK hynix Inc,1.08,12800,股
2026-09-15,SNOW US,Snowflake Inc,1.08,6900,股
2026-09-15,CLS US,Celestica Inc,0.94,6100,股
2026-09-15,NFLX US,Netflix Inc,0.91,24100,股
2026-09-15,NOW US,ServiceNow Inc,0.89,12900,股
2026-09-15,ANET US,Arista Networks Inc,0.87,9300,股
2026-09-15,AXON US,Axon Enterprise Inc,0.86,4000,股
2026-09-15,SHOP US,Shopify Inc,0.84,13300,股
2026-09-15,BKNG US,Booking Holdings Inc,0.83,10000,股
2026-09-15,TER US,Teradyne Inc,0.82,5100,股
2026-09-15,SPCX US,Space Exploration Technologies Corp,0.79,11300,股
2026-09-15,SIMO US,Silicon Motion Technology Corp,0.76,6600,股
2026-09-15,TTWO US,Take-Two Interactive Software Inc,0.7,6800,股
2026-09-15,IOT US,Samsara Inc,0.58,28600,股
2026-09-15,SPOT US,Spotify Technology SA,0.57,2100,股
2026-09-15,BABA US,Alibaba Group Holding Ltd,0.55,10400,股
2026-09-15,DASH US,DoorDash Inc,0.53,5500,股
2026-09-15,UBER US,Uber Technologies Inc,0.49,14200,股
2026-09-15,MDB US,MongoDB Inc,0.46,2500,股
2026-09-15,FSLY US,Fastly Inc,0.39,33100,股
2026-09-16,NVDA US,NVIDIA Corp,8.55,83000,股
2026-09-16,AAPL US,Apple Inc,8.02,50100,股
2026-09-16,MU US,Micron Technology Inc,6.2,13900,股
2026-09-16,AMD US,Advanced Micro Devices Inc,5.33,21600,股
2026-09-16,MSFT US,Microsoft Corp,5.29,22400,股
2026-09-16,AMZN US,Amazon.com Inc,4.5,38000,股
2026-09-16,GOOGL US,Alphabet Inc,3.68,22300,股
2026-09-16,META US,Meta Platforms Inc,3.4,10500,股
2026-09-16,GOOG US,Alphabet Inc,3.24,19800,股
2026-09-16,PANW US,Palo Alto Networks Inc,2.82,15600,股
2026-09-16,LRCX US,Lam Research Corp,2.49,19200,股
2026-09-16,TXN US,Texas Instruments Inc,2.23,17800,股
2026-09-16,AVGO US,Broadcom Inc,2.13,13000,股
2026-09-16,WDC US,Western Digital Corp,2.13,10600,股
2026-09-16,INTC US,Intel Corp,1.91,39200,股
2026-09-16,ADI US,Analog Devices Inc,1.87,10700,股
2026-09-16,PLTR US,Palantir Technologies Inc,1.8,21500,股
2026-09-16,LITE US,Lumentum Holdings Inc,1.73,3900,股
2026-09-16,CRWD US,Crowdstrike Holdings Inc,1.71,14700,股
2026-09-16,COHR US,Coherent Corp,1.63,11700,股
2026-09-16,TSM US,Taiwan Semiconductor Manufacturing Co Ltd,1.51,7500,股
2026-09-16,KLAC US,KLA Corp,1.49,18500,股
2026-09-16,V US,Visa Inc,1.3,7300,股
2026-09-16,CDNS US,Cadence Design Systems Inc,1.29,9600,股
2026-09-16,MRVL US,Marvell Technology Inc,1.28,11600,股
2026-09-16,STX US,Seagate Technology Holdings PLC,1.28,3400,股
2026-09-16,ASML US,ASML Holding NV,1.23,1600,股
2026-09-16,CIEN US,Ciena Corp,1.2,7300,股
2026-09-16,MCHP US,Microchip Technology Inc,1.11,33200,股
2026-09-16,SNOW US,Snowflake Inc,1.1,6900,股
2026-09-16,SKHY US,SK hynix Inc,1.08,12800,股
2026-09-16,CLS US,Celestica Inc,0.95,6100,股
2026-09-16,AXON US,Axon Enterprise Inc,0.9,4000,股
2026-09-16,NFLX US,Netflix Inc,0.89,24100,股
2026-09-16,ANET US,Arista Networks Inc,0.88,9300,股
2026-09-16,NOW US,ServiceNow Inc,0.87,12900,股
2026-09-16,TER US,Teradyne Inc,0.84,5100,股
2026-09-16,BKNG US,Booking Holdings Inc,0.83,10000,股
2026-09-16,SHOP US,Shopify Inc,0.83,13300,股
2026-09-16,SPCX US,Space Exploration Technologies Corp,0.82,11300,股
2026-09-16,SIMO US,Silicon Motion Technology Corp,0.77,6600,股
2026-09-16,TTWO US,Take-Two Interactive Software Inc,0.69,6800,股
2026-09-16,IOT US,Samsara Inc,0.56,28600,股
2026-09-16,SPOT US,Spotify Technology SA,0.55,2100,股
2026-09-16,BABA US,Alibaba Group Holding Ltd,0.54,10400,股
2026-09-16,DASH US,DoorDash Inc,0.52,5500,股
2026-09-16,UBER US,Uber Technologies Inc,0.49,14200,股
2026-09-16,MDB US,MongoDB Inc,0.45,2500,股
2026-09-16,FSLY US,Fastly Inc,0.38,33100,股
2026-09-17,NVDA US,NVIDIA Corp,8.59,83000,股
2026-09-17,AAPL US,Apple Inc,7.98,50100,股
2026-09-17,MU US,Micron Technology Inc,6.42,13900,股
2026-09-17,AMD US,Advanced Micro Devices Inc,5.56,21600,股
2026-09-17,MSFT US,Microsoft Corp,5.27,22400,股
2026-09-17,AMZN US,Amazon.com Inc,4.51,38000,股
2026-09-17,GOOGL US,Alphabet Inc,3.66,22300,股
2026-09-17,META US,Meta Platforms Inc,3.38,10500,股
2026-09-17,GOOG US,Alphabet Inc,3.22,19800,股
2026-09-17,PANW US,Palo Alto Networks Inc,2.76,15600,股
2026-09-17,LRCX US,Lam Research Corp,2.44,19200,股
2026-09-17,TXN US,Texas Instruments Inc,2.17,17800,股
2026-09-17,AVGO US,Broadcom Inc,2.13,13000,股
2026-09-17,WDC US,Western Digital Corp,2.12,10600,股
2026-09-17,ADI US,Analog Devices Inc,1.83,10700,股
2026-09-17,PLTR US,Palantir Technologies Inc,1.79,21500,股
2026-09-17,CRWD US,Crowdstrike Holdings Inc,1.71,14700,股
2026-09-17,LITE US,Lumentum Holdings Inc,1.65,3900,股
2026-09-17,COHR US,Coherent Corp,1.64,11700,股
2026-09-17,TSM US,Taiwan Semiconductor Manufacturing Co Ltd,1.52,7500,股
2026-09-17,KLAC US,KLA Corp,1.48,18500,股
2026-09-17,INTC US,Intel Corp,1.35,26200,股
2026-09-17,MRVL US,Marvell Technology Inc,1.32,11600,股
2026-09-17,STX US,Seagate Technology Holdings PLC,1.29,3400,股
2026-09-17,V US,Visa Inc,1.28,7300,股
2026-09-17,CDNS US,Cadence Design Systems Inc,1.27,9600,股
2026-09-17,ASML US,ASML Holding NV,1.23,1600,股
2026-09-17,CIEN US,Ciena Corp,1.19,7300,股
2026-09-17,MCHP US,Microchip Technology Inc,1.11,33200,股
2026-09-17,SKHY US,SK hynix Inc,1.11,12800,股
2026-09-17,SNOW US,Snowflake Inc,1.1,6900,股
2026-09-17,CLS US,Celestica Inc,0.95,6100,股
2026-09-17,ANET US,Arista Networks Inc,0.88,9300,股
2026-09-17,AXON US,Axon Enterprise Inc,0.86,4000,股
2026-09-17,NFLX US,Netflix Inc,0.86,24100,股
2026-09-17,TER US,Teradyne Inc,0.85,5100,股
2026-09-17,NOW US,ServiceNow Inc,0.84,12900,股
2026-09-17,SPCX US,Space Exploration Technologies Corp,0.83,11300,股
2026-09-17,BKNG US,Booking Holdings Inc,0.81,10000,股
2026-09-17,SHOP US,Shopify Inc,0.81,13300,股
2026-09-17,SIMO US,Silicon Motion Technology Corp,0.79,6600,股
2026-09-17,ARM US,ARM Holdings PLC,0.75,6000,股
2026-09-17,TTWO US,Take-Two Interactive Software Inc,0.68,6800,股
2026-09-17,IOT US,Samsara Inc,0.54,28600,股
2026-09-17,BABA US,Alibaba Group Holding Ltd,0.53,10400,股
2026-09-17,SPOT US,Spotify Technology SA,0.52,2100,股
2026-09-17,DASH US,DoorDash Inc,0.51,5500,股
2026-09-17,UBER US,Uber Technologies Inc,0.48,14200,股
2026-09-17,MDB US,MongoDB Inc,0.46,2500,股
2026-09-17,FSLY US,Fastly Inc,0.38,33100,股
2026-09-18,NVDA US,NVIDIA Corp,8.7,83000,股
2026-09-18,AAPL US,Apple Inc,7.91,50100,股
2026-09-18,MU US,Micron Technology Inc,6.64,13900,股
2026-09-18,AMD US,Advanced Micro Devices Inc,5.68,21600,股
2026-09-18,MSFT US,Microsoft Corp,5.2,22400,股
2026-09-18,AMZN US,Amazon.com Inc,4.53,38000,股
2026-09-18,GOOGL US,Alphabet Inc,3.66,22300,股
2026-09-18,META US,Meta Platforms Inc,3.29,10500,股
2026-09-18,GOOG US,Alphabet Inc,3.2,19800,股
2026-09-18,PANW US,Palo Alto Networks Inc,2.67,15600,股
2026-09-18,LRCX US,Lam Research Corp,2.6,19200,股
2026-09-18,TXN US,Texas Instruments Inc,2.23,17800,股
2026-09-18,WDC US,Western Digital Corp,2.2,10600,股
2026-09-18,AVGO US,Broadcom Inc,2.18,13000,股
2026-09-18,ADI US,Analog Devices Inc,1.89,10700,股
2026-09-18,PLTR US,Palantir Technologies Inc,1.79,21500,股
2026-09-18,COHR US,Coherent Corp,1.74,11700,股
2026-09-18,LITE US,Lumentum Holdings Inc,1.71,3900,股
2026-09-18,CRWD US,Crowdstrike Holdings Inc,1.64,14700,股
2026-09-18,KLAC US,KLA Corp,1.54,18500,股
2026-09-18,TSM US,Taiwan Semiconductor Manufacturing Co Ltd,1.53,7500,股
2026-09-18,STX US,Seagate Technology Holdings PLC,1.37,3400,股
2026-09-18,INTC US,Intel Corp,1.34,26200,股
2026-09-18,MRVL US,Marvell Technology Inc,1.33,11600,股
2026-09-18,CDNS US,Cadence Design Systems Inc,1.28,9600,股
2026-09-18,ASML US,ASML Holding NV,1.26,1600,股
2026-09-18,V US,Visa Inc,1.26,7300,股
2026-09-18,CIEN US,Ciena Corp,1.2,7300,股
2026-09-18,MCHP US,Microchip Technology Inc,1.14,33200,股
2026-09-18,SKHY US,SK hynix Inc,1.13,12800,股
2026-09-18,SNOW US,Snowflake Inc,1.08,6900,股
2026-09-18,CLS US,Celestica Inc,0.95,6100,股
2026-09-18,TER US,Teradyne Inc,0.89,5100,股
2026-09-18,ANET US,Arista Networks Inc,0.87,9300,股
2026-09-18,AXON US,Axon Enterprise Inc,0.84,4000,股
2026-09-18,SIMO US,Silicon Motion Technology Corp,0.84,6600,股
2026-09-18,NOW US,ServiceNow Inc,0.82,12900,股
2026-09-18,NFLX US,Netflix Inc,0.81,24100,股
2026-09-18,SPCX US,Space Exploration Technologies Corp,0.81,11300,股
2026-09-18,SHOP US,Shopify Inc,0.8,13300,股
2026-09-18,BKNG US,Booking Holdings Inc,0.79,10000,股
2026-09-18,ARM US,ARM Holdings PLC,0.78,6000,股
2026-09-18,TTWO US,Take-Two Interactive Software Inc,0.66,6800,股
2026-09-18,BABA US,Alibaba Group Holding Ltd,0.55,10400,股
2026-09-18,IOT US,Samsara Inc,0.53,28600,股
2026-09-18,DASH US,DoorDash Inc,0.5,5500,股
2026-09-18,SPOT US,Spotify Technology SA,0.5,2100,股
2026-09-18,UBER US,Uber Technologies Inc,0.47,14200,股
2026-09-18,MDB US,MongoDB Inc,0.45,2500,股
2026-09-18,FSLY US,Fastly Inc,0.37,33100,股
2026-09-21,NVDA US,NVIDIA Corp,8.62,83000,股
2026-09-21,AAPL US,Apple Inc,7.78,50100,股
2026-09-21,MU US,Micron Technology Inc,6.65,13900,股
2026-09-21,AMD US,Advanced Micro Devices Inc,6.09,21600,股
2026-09-21,MSFT US,Microsoft Corp,4.85,21100,股
2026-09-21,AMZN US,Amazon.com Inc,4.5,38000,股
2026-09-21,GOOGL US,Alphabet Inc,3.63,22300,股
2026-09-21,META US,Meta Platforms Inc,3.57,10500,股
2026-09-21,GOOG US,Alphabet Inc,3.05,19000,股
2026-09-21,LRCX US,Lam Research Corp,2.66,19200,股
2026-09-21,PANW US,Palo Alto Networks Inc,2.66,15600,股
2026-09-21,TXN US,Texas Instruments Inc,2.21,17800,股
2026-09-21,WDC US,Western Digital Corp,2.18,10600,股
2026-09-21,AVGO US,Broadcom Inc,2.16,13000,股
2026-09-21,ADI US,Analog Devices Inc,1.88,10700,股
2026-09-21,PLTR US,Palantir Technologies Inc,1.8,21500,股
2026-09-21,COHR US,Coherent Corp,1.72,11700,股
2026-09-21,LITE US,Lumentum Holdings Inc,1.71,3900,股
2026-09-21,CRWD US,Crowdstrike Holdings Inc,1.58,13800,股
2026-09-21,KLAC US,KLA Corp,1.56,18500,股
2026-09-21,TSM US,Taiwan Semiconductor Manufacturing Co Ltd,1.53,7500,股
2026-09-21,INTC US,Intel Corp,1.46,26200,股
2026-09-21,MRVL US,Marvell Technology Inc,1.37,11600,股
2026-09-21,STX US,Seagate Technology Holdings PLC,1.37,3400,股
2026-09-21,CDNS US,Cadence Design Systems Inc,1.3,9600,股
2026-09-21,CIEN US,Ciena Corp,1.22,7300,股
2026-09-21,MCHP US,Microchip Technology Inc,1.14,33200,股
2026-09-21,V US,Visa Inc,1.14,6700,股
2026-09-21,SKHY US,SK hynix Inc,1.11,12800,股
2026-09-21,ASML US,ASML Holding NV,1.1,1400,股
2026-09-21,SNOW US,Snowflake Inc,1.07,6900,股
2026-09-21,CLS US,Celestica Inc,0.96,6100,股
2026-09-21,ARM US,ARM Holdings PLC,0.89,6000,股
2026-09-21,TER US,Teradyne Inc,0.89,5100,股
2026-09-21,ANET US,Arista Networks Inc,0.88,9300,股
2026-09-21,SHOP US,Shopify Inc,0.84,13300,股
2026-09-21,AXON US,Axon Enterprise Inc,0.83,4000,股
2026-09-21,NFLX US,Netflix Inc,0.81,24100,股
2026-09-21,NOW US,ServiceNow Inc,0.81,12900,股
2026-09-21,SIMO US,Silicon Motion Technology Corp,0.81,6600,股
2026-09-21,SPCX US,Space Exploration Technologies Corp,0.79,11300,股
2026-09-21,TTWO US,Take-Two Interactive Software Inc,0.65,6800,股
2026-09-21,BKNG US,Booking Holdings Inc,0.58,7500,股
2026-09-21,BABA US,Alibaba Group Holding Ltd,0.55,10400,股
2026-09-21,IOT US,Samsara Inc,0.5,28600,股
2026-09-21,SPOT US,Spotify Technology SA,0.5,2100,股
2026-09-21,DASH US,DoorDash Inc,0.49,5500,股
2026-09-21,MDB US,MongoDB Inc,0.47,2500,股
2026-09-21,UBER US,Uber Technologies Inc,0.46,14200,股
2026-09-21,FSLY US,Fastly Inc,0.42,33100,股
2026-09-22,NVDA US,NVIDIA Corp,8.62,81300,股
2026-09-22,AAPL US,Apple Inc,7.59,48100,股
2026-09-22,MU US,Micron Technology Inc,7.07,13900,股
2026-09-22,AMD US,Advanced Micro Devices Inc,6.25,21600,股
2026-09-22,MSFT US,Microsoft Corp,4.67,20200,股
2026-09-22,AMZN US,Amazon.com Inc,4.1,34600,股
2026-09-22,META US,Meta Platforms Inc,3.59,10500,股
2026-09-22,GOOGL US,Alphabet Inc,3.49,21400,股
2026-09-22,GOOG US,Alphabet Inc,3.06,19000,股
2026-09-22,LRCX US,Lam Research Corp,2.77,19200,股
2026-09-22,PANW US,Palo Alto Networks Inc,2.57,14800,股
2026-09-22,WDC US,Western Digital Corp,2.29,10600,股
2026-09-22,TXN US,Texas Instruments Inc,2.24,17800,股
2026-09-22,AVGO US,Broadcom Inc,2.2,13000,股
2026-09-22,PLTR US,Palantir Technologies Inc,1.85,21500,股
2026-09-22,ADI US,Analog Devices Inc,1.74,9600,股
2026-09-22,LITE US,Lumentum Holdings Inc,1.71,3900,股
2026-09-22,COHR US,Coherent Corp,1.69,11700,股
2026-09-22,KLAC US,KLA Corp,1.62,18500,股
2026-09-22,CRWD US,Crowdstrike Holdings Inc,1.6,13800,股
2026-09-22,TSM US,Taiwan Semiconductor Manufacturing Co Ltd,1.57,7500,股
2026-09-22,INTC US,Intel Corp,1.51,26200,股
2026-09-22,STX US,Seagate Technology Holdings PLC,1.45,3400,股
2026-09-22,MRVL US,Marvell Technology Inc,1.41,11600,股
2026-09-22,CDNS US,Cadence Design Systems Inc,1.35,9600,股
2026-09-22,CIEN US,Ciena Corp,1.25,7300,股
2026-09-22,MCHP US,Microchip Technology Inc,1.17,33200,股
2026-09-22,SKHY US,SK hynix Inc,1.16,12800,股
2026-09-22,ASML US,ASML Holding NV,1.14,1400,股
2026-09-22,SNOW US,Snowflake Inc,1.08,6900,股
2026-09-22,CLS US,Celestica Inc,1.01,6100,股
2026-09-22,V US,Visa Inc,1.01,6000,股
2026-09-22,TER US,Teradyne Inc,0.94,5100,股
2026-09-22,ARM US,ARM Holdings PLC,0.93,6000,股
2026-09-22,SHOP US,Shopify Inc,0.91,13300,股
2026-09-22,ANET US,Arista Networks Inc,0.89,9300,股
2026-09-22,SIMO US,Silicon Motion Technology Corp,0.87,6600,股
2026-09-22,NOW US,ServiceNow Inc,0.82,12900,股
2026-09-22,NFLX US,Netflix Inc,0.81,24100,股
2026-09-22,SPCX US,Space Exploration Technologies Corp,0.81,11300,股
2026-09-22,AXON US,Axon Enterprise Inc,0.72,3400,股
2026-09-22,TTWO US,Take-Two Interactive Software Inc,0.65,6800,股
2026-09-22,BKNG US,Booking Holdings Inc,0.57,7500,股
2026-09-22,BABA US,Alibaba Group Holding Ltd,0.56,10400,股
2026-09-22,IOT US,Samsara Inc,0.51,28600,股
2026-09-22,MDB US,MongoDB Inc,0.5,2500,股
2026-09-22,DASH US,DoorDash Inc,0.49,5500,股
2026-09-22,SPOT US,Spotify Technology SA,0.49,2100,股
2026-09-22,UBER US,Uber Technologies Inc,0.46,14200,股
2026-09-22,FSLY US,Fastly Inc,0.4,33100,股
2026-09-23,NVDA US,NVIDIA Corp,8.45,76600,股
2026-09-23,AAPL US,Apple Inc,7.44,44900,股
2026-09-23,MU US,Micron Technology Inc,6.85,13000,股
2026-09-23,AMD US,Advanced Micro Devices Inc,6.07,20100,股
2026-09-23,MSFT US,Microsoft Corp,4.97,20200,股
2026-09-23,AMZN US,Amazon.com Inc,3.92,32000,股
2026-09-23,META US,Meta Platforms Inc,3.84,10500,股
2026-09-23,GOOGL US,Alphabet Inc,3.14,18900,股
2026-09-23,PANW US,Palo Alto Networks Inc,2.86,14800,股
2026-09-23,GOOG US,Alphabet Inc,2.81,17100,股
2026-09-23,LRCX US,Lam Research Corp,2.67,17700,股
2026-09-23,WDC US,Western Digital Corp,2.47,10600,股
2026-09-23,AVGO US,Broadcom Inc,2.27,13000,股
2026-09-23,TXN US,Texas Instruments Inc,2.22,16600,股
2026-09-23,PLTR US,Palantir Technologies Inc,1.87,19800,股
2026-09-23,KLAC US,KLA Corp,1.71,18500,股
2026-09-23,ADI US,Analog Devices Inc,1.67,8800,股
2026-09-23,CRWD US,Crowdstrike Holdings Inc,1.65,12800,股
2026-09-23,TSM US,Taiwan Semiconductor Manufacturing Co Ltd,1.65,7500,股
2026-09-23,INTC US,Intel Corp,1.58,26200,股
2026-09-23,LITE US,Lumentum Holdings Inc,1.57,3400,股
2026-09-23,STX US,Seagate Technology Holdings PLC,1.54,3400,股
2026-09-23,COHR US,Coherent Corp,1.52,10300,股
2026-09-23,MRVL US,Marvell Technology Inc,1.49,11600,股
2026-09-23,CDNS US,Cadence Design Systems Inc,1.46,9600,股
2026-09-23,MCHP US,Microchip Technology Inc,1.23,33200,股
2026-09-23,ASML US,ASML Holding NV,1.2,1400,股
2026-09-23,SKHY US,SK hynix Inc,1.19,12800,股
2026-09-23,CIEN US,Ciena Corp,1.14,6500,股
2026-09-23,SNOW US,Snowflake Inc,1.14,6900,股
2026-09-23,CLS US,Celestica Inc,1.08,6100,股
2026-09-23,V US,Visa Inc,1.07,6000,股
2026-09-23,ARM US,ARM Holdings PLC,0.98,6000,股
2026-09-23,ANET US,Arista Networks Inc,0.93,9300,股
2026-09-23,NOW US,ServiceNow Inc,0.89,12900,股
2026-09-23,NFLX US,Netflix Inc,0.85,24100,股
2026-09-23,SHOP US,Shopify Inc,0.83,11800,股
2026-09-23,SPCX US,Space Exploration Technologies Corp,0.82,11300,股
2026-09-23,TER US,Teradyne Inc,0.82,4300,股
2026-09-23,TTWO US,Take-Two Interactive Software Inc,0.69,6800,股
2026-09-23,SIMO US,Silicon Motion Technology Corp,0.61,4500,股
2026-09-23,BABA US,Alibaba Group Holding Ltd,0.57,10400,股
2026-09-23,IOT US,Samsara Inc,0.55,28600,股
2026-09-23,AXON US,Axon Enterprise Inc,0.53,2400,股
2026-09-23,MDB US,MongoDB Inc,0.53,2500,股
2026-09-23,SPOT US,Spotify Technology SA,0.53,2100,股
2026-09-23,FSLY US,Fastly Inc,0.48,33100,股
2026-09-23,BKNG US,Booking Holdings Inc,0.43,5600,股
2026-09-23,DASH US,DoorDash Inc,0.4,4300,股
2026-09-23,UBER US,Uber Technologies Inc,0.26,7700,股
2026-09-24,NVDA US,NVIDIA Corp,8.67,76600,股
2026-09-24,AAPL US,Apple Inc,7.58,44900,股
2026-09-24,MU US,Micron Technology Inc,7.06,13000,股
2026-09-24,AMD US,Advanced Micro Devices Inc,6.36,20100,股
2026-09-24,MSFT US,Microsoft Corp,5.06,20200,股
2026-09-24,META US,Meta Platforms Inc,4.11,10500,股
2026-09-24,AMZN US,Amazon.com Inc,4.01,32000,股
2026-09-24,GOOGL US,Alphabet Inc,3.25,18900,股
2026-09-24,GOOG US,Alphabet Inc,2.91,17100,股
2026-09-24,PANW US,Palo Alto Networks Inc,2.9,14800,股
2026-09-24,LRCX US,Lam Research Corp,2.73,17700,股
2026-09-24,WDC US,Western Digital Corp,2.4,10600,股
2026-09-24,AVGO US,Broadcom Inc,2.29,13000,股
2026-09-24,TXN US,Texas Instruments Inc,2.26,16600,股
2026-09-24,PLTR US,Palantir Technologies Inc,1.92,19800,股
2026-09-24,KLAC US,KLA Corp,1.74,18500,股
2026-09-24,TSM US,Taiwan Semiconductor Manufacturing Co Ltd,1.7,7500,股
2026-09-24,ADI US,Analog Devices Inc,1.69,8800,股
2026-09-24,INTC US,Intel Corp,1.68,26200,股
2026-09-24,CRWD US,Crowdstrike Holdings Inc,1.67,12800,股
2026-09-24,LITE US,Lumentum Holdings Inc,1.59,3400,股
2026-09-24,CDNS US,Cadence Design Systems Inc,1.55,9600,股
2026-09-24,STX US,Seagate Technology Holdings PLC,1.55,3400,股
2026-09-24,MRVL US,Marvell Technology Inc,1.51,11600,股
2026-09-24,COHR US,Coherent Corp,1.5,10300,股
2026-09-24,MCHP US,Microchip Technology Inc,1.25,33200,股
2026-09-24,ASML US,ASML Holding NV,1.21,1400,股
2026-09-24,SKHY US,SK hynix Inc,1.2,12800,股
2026-09-24,CIEN US,Ciena Corp,1.17,6500,股
2026-09-24,SNOW US,Snowflake Inc,1.16,6900,股
2026-09-24,CLS US,Celestica Inc,1.15,6100,股
2026-09-24,V US,Visa Inc,1.11,6000,股
2026-09-24,ANET US,Arista Networks Inc,0.96,9300,股
2026-09-24,ARM US,ARM Holdings PLC,0.92,6000,股
2026-09-24,NOW US,ServiceNow Inc,0.89,12900,股
2026-09-24,NFLX US,Netflix Inc,0.87,24100,股
2026-09-24,SHOP US,Shopify Inc,0.86,11800,股
2026-09-24,SPCX US,Space Exploration Technologies Corp,0.84,11300,股
2026-09-24,TER US,Teradyne Inc,0.84,4300,股
2026-09-24,TTWO US,Take-Two Interactive Software Inc,0.69,6800,股
2026-09-24,SIMO US,Silicon Motion Technology Corp,0.62,4500,股
2026-09-24,BABA US,Alibaba Group Holding Ltd,0.58,10400,股
2026-09-24,IOT US,Samsara Inc,0.57,28600,股
2026-09-24,AXON US,Axon Enterprise Inc,0.54,2400,股
2026-09-24,SPOT US,Spotify Technology SA,0.54,2100,股
2026-09-24,MDB US,MongoDB Inc,0.53,2500,股
2026-09-24,BKNG US,Booking Holdings Inc,0.44,5600,股
2026-09-24,FSLY US,Fastly Inc,0.44,33100,股
2026-09-24,DASH US,DoorDash Inc,0.41,4300,股
2026-09-24,UBER US,Uber Technologies Inc,0.27,7700,股
2026-09-29,NVDA US,NVIDIA Corp,8.75,75600,股
2026-09-29,AAPL US,Apple Inc,7.53,44900,股
2026-09-29,MU US,Micron Technology Inc,6.72,12400,股
2026-09-29,AMD US,Advanced Micro Devices Inc,6.22,20100,股
2026-09-29,MSFT US,Microsoft Corp,5.23,20200,股
2026-09-29,AMZN US,Amazon.com Inc,4.02,32000,股
2026-09-29,META US,Meta Platforms Inc,3.95,10500,股
2026-09-29,GOOGL US,Alphabet Inc,3.28,18900,股
2026-09-29,GOOG US,Alphabet Inc,2.94,17100,股
2026-09-29,LRCX US,Lam Research Corp,2.92,17700,股
2026-09-29,PANW US,Palo Alto Networks Inc,2.73,13800,股
2026-09-29,WDC US,Western Digital Corp,2.45,10600,股
2026-09-29,TXN US,Texas Instruments Inc,2.38,16600,股
2026-09-29,AVGO US,Broadcom Inc,2.35,13000,股
2026-09-29,PLTR US,Palantir Technologies Inc,1.89,19800,股
2026-09-29,CRWD US,Crowdstrike Holdings Inc,1.71,12800,股
2026-09-29,LITE US,Lumentum Holdings Inc,1.69,3400,股
2026-09-29,ADI US,Analog Devices Inc,1.68,8300,股
2026-09-29,KLAC US,KLA Corp,1.63,16300,股
2026-09-29,STX US,Seagate Technology Holdings PLC,1.58,3400,股
2026-09-29,MRVL US,Marvell Technology Inc,1.56,11600,股
2026-09-29,INTC US,Intel Corp,1.55,26200,股
2026-09-29,TSM US,Taiwan Semiconductor Manufacturing Co Ltd,1.51,6500,股
2026-09-29,CDNS US,Cadence Design Systems Inc,1.49,9000,股
2026-09-29,MCHP US,Microchip Technology Inc,1.33,33200,股
2026-09-29,COHR US,Coherent Corp,1.32,8900,股
2026-09-29,ASML US,ASML Holding NV,1.31,1400,股
2026-09-29,SKHY US,SK hynix Inc,1.22,12800,股
2026-09-29,CIEN US,Ciena Corp,1.17,6500,股
2026-09-29,CLS US,Celestica Inc,1.14,6100,股
2026-09-29,V US,Visa Inc,1.12,6000,股
2026-09-29,SNOW US,Snowflake Inc,1.06,6300,股
2026-09-29,ARM US,ARM Holdings PLC,0.9,6000,股
2026-09-29,SHOP US,Shopify Inc,0.89,11800,股
2026-09-29,TER US,Teradyne Inc,0.88,4300,股
2026-09-29,ANET US,Arista Networks Inc,0.86,8300,股
2026-09-29,NFLX US,Netflix Inc,0.86,24100,股
2026-09-29,NOW US,ServiceNow Inc,0.85,12900,股
2026-09-29,SPCX US,Space Exploration Technologies Corp,0.65,8500,股
2026-09-29,SIMO US,Silicon Motion Technology Corp,0.63,4500,股
2026-09-29,TTWO US,Take-Two Interactive Software Inc,0.6,5800,股
2026-09-29,BABA US,Alibaba Group Holding Ltd,0.57,10400,股
2026-09-29,IOT US,Samsara Inc,0.55,28600,股
2026-09-29,SPOT US,Spotify Technology SA,0.53,2100,股
2026-09-29,AXON US,Axon Enterprise Inc,0.51,2400,股
2026-09-29,BKNG US,Booking Holdings Inc,0.46,5600,股
2026-09-29,FSLY US,Fastly Inc,0.43,33100,股
2026-09-29,MDB US,MongoDB Inc,0.43,2500,股
2026-09-29,DASH US,DoorDash Inc,0.41,4300,股
2026-09-29,UBER US,Uber Technologies Inc,0.27,7700,股
2026-09-30,NVDA US,NVIDIA Corp,8.56,72100,股
2026-09-30,AAPL US,Apple Inc,7.54,43800,股
2026-09-30,MU US,Micron Technology Inc,6.61,12000,股
2026-09-30,AMD US,Advanced Micro Devices Inc,6.1,19300,股
2026-09-30,MSFT US,Microsoft Corp,4.96,18700,股
2026-09-30,META US,Meta Platforms Inc,3.94,10500,股
2026-09-30,AMZN US,Amazon.com Inc,3.79,29400,股
2026-09-30,GOOGL US,Alphabet Inc,3.36,18900,股
2026-09-30,GOOG US,Alphabet Inc,3.01,17100,股
2026-09-30,PANW US,Palo Alto Networks Inc,2.83,13800,股
2026-09-30,LRCX US,Lam Research Corp,2.8,16500,股
2026-09-30,WDC US,Western Digital Corp,2.49,10600,股
2026-09-30,AVGO US,Broadcom Inc,2.36,13000,股
2026-09-30,TXN US,Texas Instruments Inc,2.24,15500,股
2026-09-30,PLTR US,Palantir Technologies Inc,1.91,19800,股
2026-09-30,CRWD US,Crowdstrike Holdings Inc,1.75,12800,股
2026-09-30,LITE US,Lumentum Holdings Inc,1.71,3400,股
2026-09-30,ADI US,Analog Devices Inc,1.7,8300,股
2026-09-30,KLAC US,KLA Corp,1.64,16300,股
2026-09-30,INTC US,Intel Corp,1.63,26200,股
2026-09-30,STX US,Seagate Technology Holdings PLC,1.62,3400,股
2026-09-30,MRVL US,Marvell Technology Inc,1.58,11600,股
2026-09-30,CDNS US,Cadence Design Systems Inc,1.54,9000,股
2026-09-30,TSM US,Taiwan Semiconductor Manufacturing Co Ltd,1.53,6500,股
2026-09-30,MCHP US,Microchip Technology Inc,1.33,33200,股
2026-09-30,COHR US,Coherent Corp,1.32,8900,股
2026-09-30,SKHY US,SK hynix Inc,1.22,12800,股
2026-09-30,CIEN US,Ciena Corp,1.18,6500,股
2026-09-30,CLS US,Celestica Inc,1.14,6100,股
2026-09-30,ASML US,ASML Holding NV,1.12,1200,股
2026-09-30,SNOW US,Snowflake Inc,1.11,6300,股
2026-09-30,V US,Visa Inc,0.97,5200,股
2026-09-30,ARM US,ARM Holdings PLC,0.9,6000,股
2026-09-30,SHOP US,Shopify Inc,0.9,11800,股
2026-09-30,NOW US,ServiceNow Inc,0.89,12900,股
2026-09-30,TER US,Teradyne Inc,0.89,4300,股
2026-09-30,ANET US,Arista Networks Inc,0.87,8300,股
2026-09-30,NFLX US,Netflix Inc,0.87,24100,股
2026-09-30,SPCX US,Space Exploration Technologies Corp,0.66,8500,股
2026-09-30,TTWO US,Take-Two Interactive Software Inc,0.62,5800,股
2026-09-30,IOT US,Samsara Inc,0.56,28600,股
2026-09-30,SIMO US,Silicon Motion Technology Corp,0.55,3800,股
2026-09-30,AXON US,Axon Enterprise Inc,0.52,2400,股
2026-09-30,BKNG US,Booking Holdings Inc,0.47,5600,股
2026-09-30,FSLY US,Fastly Inc,0.44,33100,股
2026-09-30,BABA US,Alibaba Group Holding Ltd,0.43,7700,股
2026-09-30,DASH US,DoorDash Inc,0.41,4300,股
2026-09-30,SPOT US,Spotify Technology SA,0.4,1600,股
2026-09-30,MDB US,MongoDB Inc,0.32,1800,股
2026-09-30,UBER US,Uber Technologies Inc,0.27,7700,股
2026-10-01,NVDA US,NVIDIA Corp,8.65,72100,股
2026-10-01,AAPL US,Apple Inc,7.55,43800,股
2026-10-01,MU US,Micron Technology Inc,6.53,11400,股
2026-10-01,AMD US,Advanced Micro Devices Inc,6.2,19300,股
2026-10-01,MSFT US,Microsoft Corp,5.0,18700,股
2026-10-01,AMZN US,Amazon.com Inc,3.81,29400,股
2026-10-01,META US,Meta Platforms Inc,3.67,9700,股
2026-10-01,GOOGL US,Alphabet Inc,3.34,18900,股
2026-10-01,GOOG US,Alphabet Inc,2.99,17100,股
2026-10-01,LRCX US,Lam Research Corp,2.82,15900,股
2026-10-01,PANW US,Palo Alto Networks Inc,2.73,13200,股
2026-10-01,AVGO US,Broadcom Inc,2.33,13000,股
2026-10-01,WDC US,Western Digital Corp,2.32,9600,股
2026-10-01,TXN US,Texas Instruments Inc,2.28,15500,股
2026-10-01,PLTR US,Palantir Technologies Inc,1.96,19800,股
2026-10-01,LITE US,Lumentum Holdings Inc,1.86,3400,股
2026-10-01,ADI US,Analog Devices Inc,1.75,8300,股
2026-10-01,STX US,Seagate Technology Holdings PLC,1.68,3400,股
2026-10-01,CRWD US,Crowdstrike Holdings Inc,1.65,11900,股
2026-10-01,INTC US,Intel Corp,1.64,26200,股
2026-10-01,MRVL US,Marvell Technology Inc,1.62,11600,股
2026-10-01,KLAC US,KLA Corp,1.6,15300,股
2026-10-01,CDNS US,Cadence Design Systems Inc,1.54,8400,股
2026-10-01,TSM US,Taiwan Semiconductor Manufacturing Co Ltd,1.44,6000,股
2026-10-01,COHR US,Coherent Corp,1.37,8200,股
2026-10-01,MCHP US,Microchip Technology Inc,1.36,33200,股
2026-10-01,CIEN US,Ciena Corp,1.29,6500,股
2026-10-01,SKHY US,SK hynix Inc,1.29,12800,股
2026-10-01,CLS US,Celestica Inc,1.19,6100,股
2026-10-01,ASML US,ASML Holding NV,1.13,1200,股
2026-10-01,SNOW US,Snowflake Inc,1.12,6300,股
2026-10-01,V US,Visa Inc,0.98,5200,股
2026-10-01,NOW US,ServiceNow Inc,0.93,12900,股
2026-10-01,ARM US,ARM Holdings PLC,0.92,6000,股
2026-10-01,SHOP US,Shopify Inc,0.92,11800,股
2026-10-01,ANET US,Arista Networks Inc,0.89,8300,股
2026-10-01,NFLX US,Netflix Inc,0.85,24100,股
2026-10-01,TER US,Teradyne Inc,0.82,3800,股
2026-10-01,SPCX US,Space Exploration Technologies Corp,0.66,8500,股
2026-10-01,TTWO US,Take-Two Interactive Software Inc,0.62,5800,股
2026-10-01,SIMO US,Silicon Motion Technology Corp,0.55,3800,股
2026-10-01,AXON US,Axon Enterprise Inc,0.53,2400,股
2026-10-01,BKNG US,Booking Holdings Inc,0.47,5600,股
2026-10-01,IOT US,Samsara Inc,0.47,22600,股
2026-10-01,FSLY US,Fastly Inc,0.46,33100,股
2026-10-01,BABA US,Alibaba Group Holding Ltd,0.43,7700,股
2026-10-01,DASH US,DoorDash Inc,0.41,4300,股
2026-10-01,MDB US,MongoDB Inc,0.33,1800,股
2026-10-01,SPOT US,Spotify Technology SA,0.31,1200,股
2026-10-01,UBER US,Uber Technologies Inc,0.27,7700,股
2026-10-02,NVDA US,NVIDIA Corp,8.75,70100,股
2026-10-02,AAPL US,Apple Inc,7.36,41500,股
2026-10-02,MU US,Micron Technology Inc,6.29,11000,股
2026-10-02,AMD US,Advanced Micro Devices Inc,6.07,18000,股
2026-10-02,MSFT US,Microsoft Corp,4.95,18000,股
2026-10-02,AMZN US,Amazon.com Inc,3.93,29400,股
2026-10-02,META US,Meta Platforms Inc,3.52,9100,股
2026-10-02,GOOGL US,Alphabet Inc,3.45,18900,股
2026-10-02,GOOG US,Alphabet Inc,3.09,17100,股
2026-10-02,LRCX US,Lam Research Corp,2.94,15900,股
2026-10-02,PANW US,Palo Alto Networks Inc,2.83,13200,股
2026-10-02,AVGO US,Broadcom Inc,2.45,13000,股
2026-10-02,TXN US,Texas Instruments Inc,2.42,15500,股
2026-10-02,LITE US,Lumentum Holdings Inc,1.96,3400,股
2026-10-02,WDC US,Western Digital Corp,1.94,8800,股
2026-10-02,ADI US,Analog Devices Inc,1.84,8300,股
2026-10-02,PLTR US,Palantir Technologies Inc,1.79,17800,股
2026-10-02,CRWD US,Crowdstrike Holdings Inc,1.71,11900,股
2026-10-02,KLAC US,KLA Corp,1.68,15300,股
2026-10-02,MRVL US,Marvell Technology Inc,1.68,11600,股
2026-10-02,INTC US,Intel Corp,1.66,26200,股
2026-10-02,CDNS US,Cadence Design Systems Inc,1.57,8400,股
2026-10-02,STX US,Seagate Technology Holdings PLC,1.53,3400,股
2026-10-02,TSM US,Taiwan Semiconductor Manufacturing Co Ltd,1.51,6000,股
2026-10-02,COHR US,Coherent Corp,1.47,8200,股
2026-10-02,MCHP US,Microchip Technology Inc,1.44,33200,股
2026-10-02,CIEN US,Ciena Corp,1.35,6500,股
2026-10-02,SKHY US,SK hynix Inc,1.33,12800,股
2026-10-02,CLS US,Celestica Inc,1.26,6100,股
2026-10-02,ASML US,ASML Holding NV,1.19,1200,股
2026-10-02,SNOW US,Snowflake Inc,1.14,6300,股
2026-10-02,V US,Visa Inc,1.0,5200,股
2026-10-02,ARM US,ARM Holdings PLC,0.98,6000,股
2026-10-02,SHOP US,Shopify Inc,0.95,11800,股
2026-10-02,ANET US,Arista Networks Inc,0.92,8300,股
2026-10-02,NOW US,ServiceNow Inc,0.92,12900,股
2026-10-02,TER US,Teradyne Inc,0.91,3800,股
2026-10-02,NFLX US,Netflix Inc,0.86,24100,股
2026-10-02,SPCX US,Space Exploration Technologies Corp,0.72,8500,股
2026-10-02,TTWO US,Take-Two Interactive Software Inc,0.63,5800,股
2026-10-02,SIMO US,Silicon Motion Technology Corp,0.57,3800,股
2026-10-02,AXON US,Axon Enterprise Inc,0.53,2400,股
2026-10-02,IOT US,Samsara Inc,0.49,22600,股
2026-10-02,BKNG US,Booking Holdings Inc,0.47,5600,股
2026-10-02,FSLY US,Fastly Inc,0.45,33100,股
2026-10-02,BABA US,Alibaba Group Holding Ltd,0.43,7700,股
2026-10-02,DASH US,DoorDash Inc,0.43,4300,股
2026-10-02,MDB US,MongoDB Inc,0.34,1800,股
2026-10-02,SPOT US,Spotify Technology SA,0.3,1200,股
2026-10-02,UBER US,Uber Technologies Inc,0.28,7700,股
2026-10-05,NVDA US,NVIDIA Corp,8.82,68500,股
2026-10-05,AAPL US,Apple Inc,7.28,40600,股
2026-10-05,AMD US,Advanced Micro Devices Inc,6.13,18000,股
2026-10-05,MU US,Micron Technology Inc,6.13,10700,股
2026-10-05,MSFT US,Microsoft Corp,5.09,18000,股
2026-10-05,AMZN US,Amazon.com Inc,3.98,29400,股
2026-10-05,META US,Meta Platforms Inc,3.64,9100,股
2026-10-05,GOOGL US,Alphabet Inc,3.34,17900,股
2026-10-05,GOOG US,Alphabet Inc,3.17,17100,股
2026-10-05,LRCX US,Lam Research Corp,2.96,15900,股
2026-10-05,PANW US,Palo Alto Networks Inc,2.76,12600,股
2026-10-05,TXN US,Texas Instruments Inc,2.32,14600,股
2026-10-05,AVGO US,Broadcom Inc,2.13,10900,股
2026-10-05,WDC US,Western Digital Corp,2.09,8800,股
2026-10-05,LITE US,Lumentum Holdings Inc,2.0,3400,股
2026-10-05,ADI US,Analog Devices Inc,1.87,8300,股
2026-10-05,PLTR US,Palantir Technologies Inc,1.82,17800,股
2026-10-05,CRWD US,Crowdstrike Holdings Inc,1.75,11900,股
2026-10-05,KLAC US,KLA Corp,1.7,15300,股
2026-10-05,MRVL US,Marvell Technology Inc,1.69,11600,股
2026-10-05,INTC US,Intel Corp,1.64,26200,股
2026-10-05,TSM US,Taiwan Semiconductor Manufacturing Co Ltd,1.57,6000,股
2026-10-05,CDNS US,Cadence Design Systems Inc,1.49,7800,股
2026-10-05,COHR US,Coherent Corp,1.47,8200,股
2026-10-05,CIEN US,Ciena Corp,1.36,6500,股
2026-10-05,MCHP US,Microchip Technology Inc,1.34,30500,股
2026-10-05,SKHY US,SK hynix Inc,1.34,12800,股
2026-10-05,CLS US,Celestica Inc,1.26,6100,股
2026-10-05,STX US,Seagate Technology Holdings PLC,1.24,2600,股
2026-10-05,ASML US,ASML Holding NV,1.2,1200,股
2026-10-05,SNOW US,Snowflake Inc,1.04,5700,股
2026-10-05,V US,Visa Inc,1.04,5200,股
2026-10-05,ARM US,ARM Holdings PLC,0.98,6000,股
2026-10-05,ANET US,Arista Networks Inc,0.93,8300,股
2026-10-05,SHOP US,Shopify Inc,0.91,10600,股
2026-10-05,TER US,Teradyne Inc,0.91,3800,股
2026-10-05,NFLX US,Netflix Inc,0.88,24100,股
2026-10-05,NOW US,ServiceNow Inc,0.8,10900,股
2026-10-05,SPCX US,Space Exploration Technologies Corp,0.78,8500,股
2026-10-05,SIMO US,Silicon Motion Technology Corp,0.58,3800,股
2026-10-05,TTWO US,Take-Two Interactive Software Inc,0.54,4900,股
2026-10-05,AXON US,Axon Enterprise Inc,0.53,2400,股
2026-10-05,IOT US,Samsara Inc,0.52,22600,股
2026-10-05,BKNG US,Booking Holdings Inc,0.48,5600,股
2026-10-05,BABA US,Alibaba Group Holding Ltd,0.46,7700,股
2026-10-05,DASH US,DoorDash Inc,0.44,4300,股
2026-10-05,FSLY US,Fastly Inc,0.35,25100,股
2026-10-05,MDB US,MongoDB Inc,0.35,1800,股
2026-10-05,SPOT US,Spotify Technology SA,0.31,1200,股
2026-10-05,UBER US,Uber Technologies Inc,0.29,7700,股
2026-10-06,NVDA US,NVIDIA Corp,8.82,67700,股
2026-10-06,AAPL US,Apple Inc,7.16,39400,股
2026-10-06,AMD US,Advanced Micro Devices Inc,6.37,18000,股
2026-10-06,MU US,Micron Technology Inc,5.98,10500,股
2026-10-06,MSFT US,Microsoft Corp,5.01,17400,股
2026-10-06,AMZN US,Amazon.com Inc,4.1,29400,股
2026-10-06,META US,Meta Platforms Inc,3.66,9100,股
2026-10-06,GOOGL US,Alphabet Inc,3.22,17000,股
2026-10-06,GOOG US,Alphabet Inc,3.21,17100,股
2026-10-06,PANW US,Palo Alto Networks Inc,2.88,12600,股
2026-10-06,LRCX US,Lam Research Corp,2.78,15300,股
2026-10-06,TXN US,Texas Instruments Inc,2.36,14600,股
2026-10-06,AVGO US,Broadcom Inc,2.23,10900,股
2026-10-06,LITE US,Lumentum Holdings Inc,2.1,3400,股
2026-10-06,WDC US,Western Digital Corp,1.97,8800,股
2026-10-06,ADI US,Analog Devices Inc,1.9,8300,股
2026-10-06,PLTR US,Palantir Technologies Inc,1.86,17800,股
2026-10-06,MRVL US,Marvell Technology Inc,1.81,11600,股
2026-10-06,CRWD US,Crowdstrike Holdings Inc,1.7,11200,股
2026-10-06,KLAC US,KLA Corp,1.65,15300,股
2026-10-06,INTC US,Intel Corp,1.6,26200,股
2026-10-06,TSM US,Taiwan Semiconductor Manufacturing Co Ltd,1.58,6000,股
2026-10-06,CDNS US,Cadence Design Systems Inc,1.53,7800,股
2026-10-06,COHR US,Coherent Corp,1.51,8200,股
2026-10-06,MCHP US,Microchip Technology Inc,1.35,30500,股
2026-10-06,CIEN US,Ciena Corp,1.33,5500,股
2026-10-06,CLS US,Celestica Inc,1.29,6100,股
2026-10-06,SKHY US,SK hynix Inc,1.27,12800,股
2026-10-06,ASML US,ASML Holding NV,1.2,1200,股
2026-10-06,STX US,Seagate Technology Holdings PLC,1.14,2600,股
2026-10-06,V US,Visa Inc,1.05,5200,股
2026-10-06,SNOW US,Snowflake Inc,1.04,5700,股
2026-10-06,ARM US,ARM Holdings PLC,0.99,6000,股
2026-10-06,SHOP US,Shopify Inc,0.95,10600,股
2026-10-06,NFLX US,Netflix Inc,0.9,24100,股
2026-10-06,TER US,Teradyne Inc,0.89,3800,股
2026-10-06,ANET US,Arista Networks Inc,0.86,7300,股
2026-10-06,NOW US,ServiceNow Inc,0.82,10900,股
2026-10-06,SPCX US,Space Exploration Technologies Corp,0.8,8500,股
2026-10-06,SIMO US,Silicon Motion Technology Corp,0.59,3800,股
2026-10-06,AXON US,Axon Enterprise Inc,0.55,2400,股
2026-10-06,TTWO US,Take-Two Interactive Software Inc,0.54,4900,股
2026-10-06,IOT US,Samsara Inc,0.51,22600,股
2026-10-06,BKNG US,Booking Holdings Inc,0.48,5600,股
2026-10-06,BABA US,Alibaba Group Holding Ltd,0.46,7700,股
2026-10-06,DASH US,DoorDash Inc,0.45,4300,股
2026-10-06,FSLY US,Fastly Inc,0.35,25100,股
2026-10-06,MDB US,MongoDB Inc,0.35,1800,股
2026-10-06,SPOT US,Spotify Technology SA,0.32,1200,股
2026-10-06,UBER US,Uber Technologies Inc,0.29,7700,股
2026-10-07,NVDA US,NVIDIA Corp,8.82,67700,股
2026-10-07,AAPL US,Apple Inc,7.29,39400,股
2026-10-07,AMD US,Advanced Micro Devices Inc,6.39,18000,股
2026-10-07,MU US,Micron Technology Inc,6.28,10500,股
2026-10-07,MSFT US,Microsoft Corp,5.07,17400,股
2026-10-07,AMZN US,Amazon.com Inc,4.2,29400,股
2026-10-07,META US,Meta Platforms Inc,3.61,9100,股
2026-10-07,GOOGL US,Alphabet Inc,3.27,17000,股
2026-10-07,GOOG US,Alphabet Inc,3.26,17100,股
2026-10-07,PANW US,Palo Alto Networks Inc,2.81,12600,股
2026-10-07,LRCX US,Lam Research Corp,2.77,15300,股
2026-10-07,TXN US,Texas Instruments Inc,2.32,14600,股
2026-10-07,AVGO US,Broadcom Inc,2.26,10900,股
2026-10-07,LITE US,Lumentum Holdings Inc,2.08,3400,股
2026-10-07,WDC US,Western Digital Corp,1.96,8800,股
2026-10-07,PLTR US,Palantir Technologies Inc,1.9,17800,股
2026-10-07,ADI US,Analog Devices Inc,1.87,8300,股
2026-10-07,MRVL US,Marvell Technology Inc,1.81,11600,股
2026-10-07,KLAC US,KLA Corp,1.65,15300,股
2026-10-07,CRWD US,Crowdstrike Holdings Inc,1.63,11200,股
2026-10-07,INTC US,Intel Corp,1.63,26200,股
2026-10-07,TSM US,Taiwan Semiconductor Manufacturing Co Ltd,1.56,6000,股
2026-10-07,CDNS US,Cadence Design Systems Inc,1.53,7800,股
2026-10-07,COHR US,Coherent Corp,1.51,8200,股
2026-10-07,CIEN US,Ciena Corp,1.35,5500,股
2026-10-07,MCHP US,Microchip Technology Inc,1.31,30500,股
2026-10-07,CLS US,Celestica Inc,1.25,6100,股
2026-10-07,SKHY US,SK hynix Inc,1.25,12800,股
2026-10-07,ASML US,ASML Holding NV,1.19,1200,股
2026-10-07,STX US,Seagate Technology Holdings PLC,1.15,2600,股
2026-10-07,V US,Visa Inc,1.06,5200,股
2026-10-07,SNOW US,Snowflake Inc,1.04,5700,股
2026-10-07,ARM US,ARM Holdings PLC,0.97,6000,股
2026-10-07,SHOP US,Shopify Inc,0.97,10600,股
2026-10-07,NFLX US,Netflix Inc,0.92,24100,股
2026-10-07,ANET US,Arista Networks Inc,0.87,7300,股
2026-10-07,TER US,Teradyne Inc,0.86,3800,股
2026-10-07,NOW US,ServiceNow Inc,0.83,10900,股
2026-10-07,SPCX US,Space Exploration Technologies Corp,0.78,8500,股
2026-10-07,SIMO US,Silicon Motion Technology Corp,0.6,3800,股
2026-10-07,TTWO US,Take-Two Interactive Software Inc,0.55,4900,股
2026-10-07,AXON US,Axon Enterprise Inc,0.54,2400,股
2026-10-07,IOT US,Samsara Inc,0.5,22600,股
2026-10-07,BKNG US,Booking Holdings Inc,0.48,5600,股
2026-10-07,BABA US,Alibaba Group Holding Ltd,0.45,7700,股
2026-10-07,DASH US,DoorDash Inc,0.45,4300,股
2026-10-07,MDB US,MongoDB Inc,0.36,1800,股
2026-10-07,FSLY US,Fastly Inc,0.35,25100,股
2026-10-07,SPOT US,Spotify Technology SA,0.34,1200,股
2026-10-07,UBER US,Uber Technologies Inc,0.29,7700,股
