date,code,name,weight,shares,unit
2025-12-16,C_NTD,,,1291413113,元
2025-12-17,C_NTD,,,1291396195,元
2025-12-18,C_NTD,,,1291379306,元
2025-12-19,C_NTD,,,1291362419,元
2025-12-22,C_NTD,,,1291417543,元
2025-12-23,C_NTD,,,1291400659,元
2025-12-24,2330,台積電,1.16,10000,股
2025-12-24,6669,緯穎,0.66,2000,股
2025-12-24,6805,富世達,0.61,5000,股
2025-12-24,2308,台達電,0.59,8000,股
2025-12-24,3017,奇鋐,0.58,5000,股
2025-12-24,3131,弘塑,0.58,5000,股
2025-12-24,5536,聖暉,0.58,10000,股
2025-12-24,1815,富喬,0.53,75000,股
2025-12-24,6139,亞翔,0.52,12000,股
2025-12-24,7769,鴻勁,0.51,2000,股
2025-12-24,3211,順達,0.5,20000,股
2025-12-24,3661,世芯-KY,0.49,2000,股
2025-12-24,C_NTD,,,1196728154,元
2025-12-26,2330,台積電,2.34,20000,股
2025-12-26,6669,緯穎,1.33,4000,股
2025-12-26,6805,富世達,1.24,10000,股
2025-12-26,5536,聖暉,1.22,20000,股
2025-12-26,3131,弘塑,1.19,10000,股
2025-12-26,2308,台達電,1.18,16000,股
2025-12-26,3017,奇鋐,1.18,10000,股
2025-12-26,2059,川湖,1.14,4000,股
2025-12-26,6139,亞翔,1.09,24000,股
2025-12-26,7769,鴻勁,1.05,4000,股
2025-12-26,2455,全新,1.0,83000,股
2025-12-26,3211,順達,1.0,40000,股
2025-12-26,3661,世芯-KY,0.99,4000,股
2025-12-26,3665,貿聯-KY,0.96,8000,股
2025-12-26,2345,智邦,0.94,10000,股
2025-12-26,1815,富喬,0.54,75000,股
2025-12-26,C_NTD,,,1055374233,元
2025-12-29,2330,台積電,8.04,68000,股
2025-12-29,3017,奇鋐,5.02,42000,股
2025-12-29,6805,富世達,4.99,40000,股
2025-12-29,3661,世芯-KY,4.19,16000,股
2025-12-29,3211,順達,4.16,156000,股
2025-12-29,6139,亞翔,4.0,95000,股
2025-12-29,3665,貿聯-KY,3.96,34000,股
2025-12-29,5536,聖暉,3.95,66000,股
2025-12-29,6669,緯穎,3.36,10000,股
2025-12-29,2059,川湖,3.2,11000,股
2025-12-29,7769,鴻勁,3.14,12000,股
2025-12-29,2455,全新,3.01,250000,股
2025-12-29,3324,雙鴻,3.0,38000,股
2025-12-29,2308,台達電,2.98,40000,股
2025-12-29,3363,上詮,2.93,93000,股
2025-12-29,2345,智邦,2.54,27000,股
2025-12-29,3653,健策,2.53,12000,股
2025-12-29,3131,弘塑,2.32,20000,股
2025-12-29,8299,群聯,2.07,20000,股
2025-12-29,1319,東陽,2.01,265000,股
2025-12-29,3529,力旺,2.01,15000,股
2025-12-29,5234,達興材料,1.05,40000,股
2025-12-29,1815,富喬,0.57,75000,股
2025-12-29,C_NTD,,,322951218,元
2025-12-30,2330,台積電,7.97,68000,股
2025-12-30,6805,富世達,5.01,40000,股
2025-12-30,3017,奇鋐,4.96,42000,股
2025-12-30,3661,世芯-KY,4.3,16000,股
2025-12-30,3211,順達,4.12,156000,股
2025-12-30,6139,亞翔,4.01,95000,股
2025-12-30,5536,聖暉,3.96,66000,股
2025-12-30,3665,貿聯-KY,3.95,34000,股
2025-12-30,6669,緯穎,3.39,10000,股
2025-12-30,2059,川湖,3.21,11000,股
2025-12-30,7769,鴻勁,3.17,12000,股
2025-12-30,3324,雙鴻,3.02,38000,股
2025-12-30,3363,上詮,2.98,93000,股
2025-12-30,2455,全新,2.97,250000,股
2025-12-30,2308,台達電,2.96,40000,股
2025-12-30,3653,健策,2.55,12000,股
2025-12-30,2345,智邦,2.48,27000,股
2025-12-30,3131,弘塑,2.38,20000,股
2025-12-30,8299,群聯,2.07,20000,股
2025-12-30,3529,力旺,2.04,15000,股
2025-12-30,1319,東陽,1.99,265000,股
2025-12-30,5234,達興材料,1.03,40000,股
2025-12-30,1815,富喬,0.56,75000,股
2025-12-30,C_NTD,,,322930190,元
2025-12-31,2330,台積電,9.01,112000,股
2025-12-31,6805,富世達,5.57,66000,股
2025-12-31,3017,奇鋐,5.41,69000,股
2025-12-31,3661,世芯-KY,4.74,26000,股
2025-12-31,3211,順達,4.5,257000,股
2025-12-31,6139,亞翔,4.5,157000,股
2025-12-31,3665,貿聯-KY,4.42,56000,股
2025-12-31,5536,聖暉,4.42,109000,股
2025-12-31,6669,緯穎,3.96,17000,股
2025-12-31,7769,鴻勁,3.56,20000,股
2025-12-31,2059,川湖,3.5,18000,股
2025-12-31,2308,台達電,3.3,66000,股
2025-12-31,3324,雙鴻,3.3,63000,股
2025-12-31,2455,全新,3.25,413000,股
2025-12-31,3653,健策,2.85,20000,股
2025-12-31,2345,智邦,2.77,45000,股
2025-12-31,3131,弘塑,2.67,33000,股
2025-12-31,8299,群聯,2.48,33000,股
2025-12-31,3529,力旺,2.25,25000,股
2025-12-31,3363,上詮,2.21,93000,股
2025-12-31,1319,東陽,2.2,437000,股
2025-12-31,6274,台燿,2.0,78000,股
2025-12-31,5234,達興材料,1.19,66000,股
2025-12-31,1815,富喬,0.37,75000,股
2025-12-31,C_NTD,,,299947930,元
2026-01-02,2330,台積電,8.64,112000,股
2026-01-02,6805,富世達,4.93,66000,股
2026-01-02,3017,奇鋐,4.89,69000,股
2026-01-02,3661,世芯-KY,4.6,26000,股
2026-01-02,6139,亞翔,4.32,157000,股
2026-01-02,3665,貿聯-KY,4.16,56000,股
2026-01-02,3211,順達,4.11,257000,股
2026-01-02,5536,聖暉,4.04,109000,股
2026-01-02,6669,緯穎,3.71,17000,股
2026-01-02,7769,鴻勁,3.34,20000,股
2026-01-02,2308,台達電,3.2,66000,股
2026-01-02,3324,雙鴻,3.07,63000,股
2026-01-02,3131,弘塑,3.05,39000,股
2026-01-02,2059,川湖,3.03,18000,股
2026-01-02,2455,全新,3.02,413000,股
2026-01-02,1319,東陽,2.55,537000,股
2026-01-02,3653,健策,2.52,20000,股
2026-01-02,2345,智邦,2.51,45000,股
2026-01-02,8299,群聯,2.32,33000,股
2026-01-02,3529,力旺,2.09,25000,股
2026-01-02,3363,上詮,2.05,93000,股
2026-01-02,5234,達興材料,1.91,103000,股
2026-01-02,8358,金居,1.88,133000,股
2026-01-02,6274,台燿,1.83,78000,股
2026-01-02,1815,富喬,0.33,75000,股
2026-01-02,C_NTD,,,368022884,元
2026-01-05,2330,台積電,9.05,112000,股
2026-01-05,3017,奇鋐,4.84,69000,股
2026-01-05,6805,富世達,4.76,66000,股
2026-01-05,3661,世芯-KY,4.59,26000,股
2026-01-05,6139,亞翔,4.52,157000,股
2026-01-05,3665,貿聯-KY,4.27,56000,股
2026-01-05,5536,聖暉,4.19,109000,股
2026-01-05,3211,順達,3.89,257000,股
2026-01-05,6669,緯穎,3.73,17000,股
2026-01-05,3131,弘塑,3.33,39000,股
2026-01-05,2308,台達電,3.23,66000,股
2026-01-05,7769,鴻勁,3.23,20000,股
2026-01-05,3324,雙鴻,3.06,63000,股
2026-01-05,2455,全新,2.97,413000,股
2026-01-05,2059,川湖,2.79,18000,股
2026-01-05,2345,智邦,2.58,45000,股
2026-01-05,1319,東陽,2.52,537000,股
2026-01-05,3653,健策,2.51,20000,股
2026-01-05,8299,群聯,2.35,33000,股
2026-01-05,3529,力旺,2.0,25000,股
2026-01-05,3363,上詮,1.99,93000,股
2026-01-05,5234,達興材料,1.92,103000,股
2026-01-05,6274,台燿,1.79,78000,股
2026-01-05,8358,金居,1.76,133000,股
2026-01-05,1815,富喬,0.32,75000,股
2026-01-05,C_NTD,,,367933044,元
2026-01-06,2330,台積電,9.37,112000,股
2026-01-06,3017,奇鋐,4.83,69000,股
2026-01-06,3661,世芯-KY,4.77,26000,股
2026-01-06,6805,富世達,4.76,66000,股
2026-01-06,5536,聖暉,4.7,117000,股
2026-01-06,6139,亞翔,4.65,157000,股
2026-01-06,3665,貿聯-KY,4.33,56000,股
2026-01-06,3211,順達,3.99,257000,股
2026-01-06,6669,緯穎,3.85,17000,股
2026-01-06,2308,台達電,3.4,66000,股
2026-01-06,3131,弘塑,3.37,39000,股
2026-01-06,7769,鴻勁,3.2,20000,股
2026-01-06,3324,雙鴻,3.11,63000,股
2026-01-06,2455,全新,3.0,413000,股
2026-01-06,2059,川湖,2.83,18000,股
2026-01-06,2345,智邦,2.74,45000,股
2026-01-06,8299,群聯,2.62,33000,股
2026-01-06,3653,健策,2.59,20000,股
2026-01-06,1319,東陽,2.51,537000,股
2026-01-06,5234,達興材料,2.45,135000,股
2026-01-06,3529,力旺,2.12,25000,股
2026-01-06,3363,上詮,1.97,93000,股
2026-01-06,6274,台燿,1.82,78000,股
2026-01-06,8358,金居,1.78,133000,股
2026-01-06,1815,富喬,0.32,75000,股
2026-01-06,C_NTD,,,304032362,元
2026-01-07,2330,台積電,9.37,112000,股
2026-01-07,3661,世芯-KY,4.78,26000,股
2026-01-07,3017,奇鋐,4.74,69000,股
2026-01-07,5536,聖暉,4.69,117000,股
2026-01-07,6139,亞翔,4.67,157000,股
2026-01-07,6805,富世達,4.63,66000,股
2026-01-07,2455,全新,4.18,543000,股
2026-01-07,3211,順達,4.03,257000,股
2026-01-07,3665,貿聯-KY,4.0,56000,股
2026-01-07,6669,緯穎,3.97,17000,股
2026-01-07,3131,弘塑,3.56,39000,股
2026-01-07,2308,台達電,3.4,66000,股
2026-01-07,7769,鴻勁,3.32,20000,股
2026-01-07,3324,雙鴻,3.08,63000,股
2026-01-07,2059,川湖,2.93,18000,股
2026-01-07,8299,群聯,2.76,33000,股
2026-01-07,2345,智邦,2.71,45000,股
2026-01-07,1319,東陽,2.55,537000,股
2026-01-07,3653,健策,2.48,20000,股
2026-01-07,5234,達興材料,2.44,135000,股
2026-01-07,3529,力旺,2.22,25000,股
2026-01-07,3363,上詮,1.95,93000,股
2026-01-07,6274,台燿,1.81,78000,股
2026-01-07,8358,金居,1.77,133000,股
2026-01-07,8112,至上,1.58,375000,股
2026-01-07,1815,富喬,0.33,75000,股
2026-01-07,C_NTD,,,241928505,元
2026-01-08,2330,台積電,9.54,112000,股
2026-01-08,3017,奇鋐,4.73,69000,股
2026-01-08,3661,世芯-KY,4.73,26000,股
2026-01-08,6139,亞翔,4.68,157000,股
2026-01-08,5536,聖暉,4.65,117000,股
2026-01-08,6805,富世達,4.55,66000,股
2026-01-08,2455,全新,4.12,543000,股
2026-01-08,6669,緯穎,4.0,17000,股
2026-01-08,3665,貿聯-KY,3.99,56000,股
2026-01-08,3211,順達,3.94,257000,股
2026-01-08,3131,弘塑,3.61,39000,股
2026-01-08,2308,台達電,3.37,66000,股
2026-01-08,7769,鴻勁,3.16,20000,股
2026-01-08,3324,雙鴻,3.01,63000,股
2026-01-08,2345,智邦,2.88,45000,股
2026-01-08,2059,川湖,2.87,18000,股
2026-01-08,8299,群聯,2.84,33000,股
2026-01-08,1319,東陽,2.58,537000,股
2026-01-08,5234,達興材料,2.52,135000,股
2026-01-08,3653,健策,2.47,20000,股
2026-01-08,3529,力旺,2.1,25000,股
2026-01-08,3363,上詮,2.01,93000,股
2026-01-08,6274,台燿,1.84,78000,股
2026-01-08,8358,金居,1.71,133000,股
2026-01-08,8112,至上,1.55,375000,股
2026-01-08,4966,譜瑞-KY,1.44,46000,股
2026-01-08,1815,富喬,0.33,75000,股
2026-01-08,C_NTD,,,212758314,元
2026-01-09,2330,台積電,9.55,112000,股
2026-01-09,3017,奇鋐,4.81,69000,股
2026-01-09,6139,亞翔,4.79,157000,股
2026-01-09,3661,世芯-KY,4.71,26000,股
2026-01-09,6805,富世達,4.57,66000,股
2026-01-09,5536,聖暉,4.55,117000,股
2026-01-09,2455,全新,4.06,543000,股
2026-01-09,3665,貿聯-KY,4.05,56000,股
2026-01-09,3211,順達,3.91,257000,股
2026-01-09,6669,緯穎,3.66,17000,股
2026-01-09,3131,弘塑,3.54,39000,股
2026-01-09,2308,台達電,3.4,66000,股
2026-01-09,7769,鴻勁,3.34,20000,股
2026-01-09,3324,雙鴻,3.08,63000,股
2026-01-09,2345,智邦,2.77,45000,股
2026-01-09,8299,群聯,2.73,33000,股
2026-01-09,3653,健策,2.6,20000,股
2026-01-09,1319,東陽,2.58,537000,股
2026-01-09,5234,達興材料,2.5,135000,股
2026-01-09,3529,力旺,2.09,25000,股
2026-01-09,4966,譜瑞-KY,2.06,64000,股
2026-01-09,3363,上詮,2.02,93000,股
2026-01-09,6274,台燿,1.84,78000,股
2026-01-09,8358,金居,1.74,133000,股
2026-01-09,8112,至上,1.48,375000,股
2026-01-09,1815,富喬,0.34,75000,股
2026-01-09,C_NTD,,,260088372,元
2026-01-12,2330,台積電,9.54,112000,股
2026-01-12,2455,全新,4.95,606000,股
2026-01-12,3661,世芯-KY,4.76,26000,股
2026-01-12,3017,奇鋐,4.71,69000,股
2026-01-12,5536,聖暉,4.67,117000,股
2026-01-12,6139,亞翔,4.58,157000,股
2026-01-12,6805,富世達,4.43,66000,股
2026-01-12,3665,貿聯-KY,3.94,56000,股
2026-01-12,3211,順達,3.86,257000,股
2026-01-12,3131,弘塑,3.59,39000,股
2026-01-12,2308,台達電,3.51,66000,股
2026-01-12,6669,緯穎,3.51,17000,股
2026-01-12,7769,鴻勁,3.47,20000,股
2026-01-12,3324,雙鴻,3.06,63000,股
2026-01-12,8299,群聯,2.95,33000,股
2026-01-12,2345,智邦,2.73,45000,股
2026-01-12,3653,健策,2.56,20000,股
2026-01-12,1319,東陽,2.54,537000,股
2026-01-12,5234,達興材料,2.42,135000,股
2026-01-12,3529,力旺,2.14,25000,股
2026-01-12,3363,上詮,2.03,93000,股
2026-01-12,4966,譜瑞-KY,2.01,64000,股
2026-01-12,6274,台燿,1.87,78000,股
2026-01-12,8358,金居,1.72,133000,股
2026-01-12,8112,至上,1.49,375000,股
2026-01-12,3455,由田,1.04,170000,股
2026-01-12,1815,富喬,0.33,75000,股
2026-01-12,C_NTD,,,229623550,元
2026-01-13,2330,台積電,9.71,112000,股
2026-01-13,3661,世芯-KY,4.84,26000,股
2026-01-13,5536,聖暉,4.81,117000,股
2026-01-13,2455,全新,4.79,606000,股
2026-01-13,6139,亞翔,4.79,157000,股
2026-01-13,3017,奇鋐,4.7,69000,股
2026-01-13,6805,富世達,4.33,66000,股
2026-01-13,3665,貿聯-KY,4.03,56000,股
2026-01-13,3211,順達,3.81,257000,股
2026-01-13,3131,弘塑,3.53,39000,股
2026-01-13,7769,鴻勁,3.51,20000,股
2026-01-13,2308,台達電,3.45,66000,股
2026-01-13,6669,緯穎,3.36,17000,股
2026-01-13,3324,雙鴻,3.04,63000,股
2026-01-13,8299,群聯,2.96,33000,股
2026-01-13,2345,智邦,2.69,45000,股
2026-01-13,1319,東陽,2.6,537000,股
2026-01-13,5234,達興材料,2.52,135000,股
2026-01-13,3653,健策,2.42,20000,股
2026-01-13,3529,力旺,2.13,25000,股
2026-01-13,3363,上詮,1.96,93000,股
2026-01-13,4966,譜瑞-KY,1.94,64000,股
2026-01-13,6274,台燿,1.89,78000,股
2026-01-13,8358,金居,1.71,133000,股
2026-01-13,8112,至上,1.47,375000,股
2026-01-13,3455,由田,1.06,170000,股
2026-01-13,6446,藥華藥,1.0,38000,股
2026-01-13,1815,富喬,0.33,75000,股
2026-01-13,C_NTD,,,209672414,元
2026-01-14,2330,台積電,9.6,112000,股
2026-01-14,3017,奇鋐,4.91,69000,股
2026-01-14,2455,全新,4.86,606000,股
2026-01-14,6139,亞翔,4.8,157000,股
2026-01-14,5536,聖暉,4.71,117000,股
2026-01-14,3661,世芯-KY,4.51,26000,股
2026-01-14,6805,富世達,4.3,66000,股
2026-01-14,3665,貿聯-KY,4.2,56000,股
2026-01-14,3211,順達,3.79,257000,股
2026-01-14,3131,弘塑,3.6,39000,股
2026-01-14,2308,台達電,3.51,66000,股
2026-01-14,7769,鴻勁,3.51,20000,股
2026-01-14,6669,緯穎,3.37,17000,股
2026-01-14,3324,雙鴻,3.13,63000,股
2026-01-14,8299,群聯,2.94,33000,股
2026-01-14,2345,智邦,2.74,45000,股
2026-01-14,1319,東陽,2.65,537000,股
2026-01-14,5234,達興材料,2.47,135000,股
2026-01-14,3653,健策,2.46,20000,股
2026-01-14,3529,力旺,2.12,25000,股
2026-01-14,3455,由田,2.04,332000,股
2026-01-14,6446,藥華藥,2.01,76000,股
2026-01-14,3363,上詮,1.97,93000,股
2026-01-14,4966,譜瑞-KY,1.9,64000,股
2026-01-14,6274,台燿,1.9,78000,股
2026-01-14,8358,金居,1.74,133000,股
2026-01-14,8112,至上,1.45,375000,股
2026-01-14,C_NTD,,,176216865,元
2026-01-15,2330,台積電,9.53,112000,股
2026-01-15,2455,全新,5.14,606000,股
2026-01-15,3017,奇鋐,4.79,69000,股
2026-01-15,6139,亞翔,4.79,157000,股
2026-01-15,5536,聖暉,4.73,117000,股
2026-01-15,6805,富世達,4.25,66000,股
2026-01-15,3665,貿聯-KY,4.14,56000,股
2026-01-15,3211,順達,3.76,257000,股
2026-01-15,3131,弘塑,3.5,39000,股
2026-01-15,7769,鴻勁,3.49,20000,股
2026-01-15,2308,台達電,3.47,66000,股
2026-01-15,6669,緯穎,3.38,17000,股
2026-01-15,3324,雙鴻,3.07,63000,股
2026-01-15,8299,群聯,2.98,33000,股
2026-01-15,1319,東陽,2.84,537000,股
2026-01-15,2345,智邦,2.81,45000,股
2026-01-15,5234,達興材料,2.48,135000,股
2026-01-15,3653,健策,2.4,20000,股
2026-01-15,3455,由田,2.11,332000,股
2026-01-15,3529,力旺,2.11,25000,股
2026-01-15,6446,藥華藥,2.04,76000,股
2026-01-15,3661,世芯-KY,2.01,12000,股
2026-01-15,3363,上詮,1.94,93000,股
2026-01-15,6274,台燿,1.89,78000,股
2026-01-15,8358,金居,1.79,133000,股
2026-01-15,8112,至上,1.45,375000,股
2026-01-15,C_NTD,,,260350353,元
2026-01-16,2330,台積電,9.87,112000,股
2026-01-16,2455,全新,5.23,606000,股
2026-01-16,3017,奇鋐,4.75,69000,股
2026-01-16,5536,聖暉,4.67,117000,股
2026-01-16,6139,亞翔,4.64,157000,股
2026-01-16,6805,富世達,4.41,66000,股
2026-01-16,3665,貿聯-KY,3.97,56000,股
2026-01-16,2308,台達電,3.76,66000,股
2026-01-16,3211,順達,3.71,257000,股
2026-01-16,7769,鴻勁,3.58,20000,股
2026-01-16,3131,弘塑,3.54,39000,股
2026-01-16,6669,緯穎,3.29,17000,股
2026-01-16,8299,群聯,3.16,33000,股
2026-01-16,3324,雙鴻,3.09,63000,股
2026-01-16,1319,東陽,3.05,537000,股
2026-01-16,2345,智邦,2.8,45000,股
2026-01-16,3653,健策,2.44,20000,股
2026-01-16,5234,達興材料,2.43,135000,股
2026-01-16,6446,藥華藥,2.26,76000,股
2026-01-16,3529,力旺,2.12,25000,股
2026-01-16,3455,由田,2.09,332000,股
2026-01-16,3661,世芯-KY,2.03,12000,股
2026-01-16,6274,台燿,1.94,78000,股
2026-01-16,3363,上詮,1.89,93000,股
2026-01-16,8358,金居,1.83,133000,股
2026-01-16,8112,至上,1.51,375000,股
2026-01-16,6683,雍智科技,1.04,50000,股
2026-01-16,C_NTD,,,214897991,元
2026-01-19,2330,台積電,10.11,112000,股
2026-01-19,2455,全新,5.22,606000,股
2026-01-19,6139,亞翔,4.77,157000,股
2026-01-19,3017,奇鋐,4.53,69000,股
2026-01-19,5536,聖暉,4.51,117000,股
2026-01-19,2308,台達電,3.79,66000,股
2026-01-19,7769,鴻勁,3.59,20000,股
2026-01-19,3131,弘塑,3.5,39000,股
2026-01-19,8299,群聯,3.35,33000,股
2026-01-19,6669,緯穎,3.24,17000,股
2026-01-19,1319,東陽,3.03,537000,股
2026-01-19,3324,雙鴻,2.97,63000,股
2026-01-19,2345,智邦,2.69,45000,股
2026-01-19,3653,健策,2.49,20000,股
2026-01-19,5234,達興材料,2.43,135000,股
2026-01-19,6446,藥華藥,2.25,76000,股
2026-01-19,6683,雍智科技,2.25,100000,股
2026-01-19,6805,富世達,2.17,33000,股
2026-01-19,3529,力旺,2.15,25000,股
2026-01-19,3661,世芯-KY,2.11,12000,股
2026-01-19,3455,由田,2.07,332000,股
2026-01-19,3211,順達,1.99,140000,股
2026-01-19,3363,上詮,1.92,93000,股
2026-01-19,3665,貿聯-KY,1.89,28000,股
2026-01-19,8358,金居,1.89,133000,股
2026-01-19,6274,台燿,1.88,78000,股
2026-01-19,8112,至上,1.58,375000,股
2026-01-19,2327,國巨,1.52,100000,股
2026-01-19,3037,欣興,0.62,40000,股
2026-01-19,C_NTD,,,263177936,元
2026-01-20,2330,台積電,10.15,112000,股
2026-01-20,2455,全新,5.71,606000,股
2026-01-20,6139,亞翔,4.66,157000,股
2026-01-20,3017,奇鋐,4.56,69000,股
2026-01-20,5536,聖暉,4.23,117000,股
2026-01-20,2308,台達電,3.81,66000,股
2026-01-20,7769,鴻勁,3.57,20000,股
2026-01-20,3131,弘塑,3.48,39000,股
2026-01-20,8299,群聯,3.38,33000,股
2026-01-20,6669,緯穎,3.19,17000,股
2026-01-20,3324,雙鴻,2.98,63000,股
2026-01-20,1319,東陽,2.96,537000,股
2026-01-20,2345,智邦,2.72,45000,股
2026-01-20,3653,健策,2.51,20000,股
2026-01-20,5234,達興材料,2.44,135000,股
2026-01-20,6683,雍智科技,2.28,100000,股
2026-01-20,6446,藥華藥,2.26,76000,股
2026-01-20,3661,世芯-KY,2.08,12000,股
2026-01-20,3455,由田,2.07,332000,股
2026-01-20,3529,力旺,2.05,25000,股
2026-01-20,3211,順達,2.04,140000,股
2026-01-20,2327,國巨,2.0,135000,股
2026-01-20,3363,上詮,1.97,93000,股
2026-01-20,3665,貿聯-KY,1.92,28000,股
2026-01-20,8358,金居,1.92,133000,股
2026-01-20,6274,台燿,1.89,78000,股
2026-01-20,8112,至上,1.46,375000,股
2026-01-20,3037,欣興,0.63,40000,股
2026-01-20,C_NTD,,,295402402,元
2026-01-21,2330,台積電,9.53,105000,股
2026-01-21,2455,全新,5.58,606000,股
2026-01-21,3017,奇鋐,4.61,69000,股
2026-01-21,6139,亞翔,4.59,157000,股
2026-01-21,2308,台達電,3.91,66000,股
2026-01-21,7769,鴻勁,3.73,20000,股
2026-01-21,3131,弘塑,3.56,39000,股
2026-01-21,8299,群聯,3.28,33000,股
2026-01-21,6669,緯穎,3.2,17000,股
2026-01-21,1319,東陽,3.09,537000,股
2026-01-21,3324,雙鴻,2.96,63000,股
2026-01-21,2345,智邦,2.7,45000,股
2026-01-21,3653,健策,2.43,20000,股
2026-01-21,5234,達興材料,2.43,135000,股
2026-01-21,6683,雍智科技,2.27,100000,股
2026-01-21,6446,藥華藥,2.18,76000,股
2026-01-21,5536,聖暉,2.08,59000,股
2026-01-21,3211,順達,2.03,140000,股
2026-01-21,3455,由田,2.01,332000,股
2026-01-21,3529,力旺,2.01,25000,股
2026-01-21,3363,上詮,1.98,93000,股
2026-01-21,8358,金居,1.96,133000,股
2026-01-21,2327,國巨,1.95,135000,股
2026-01-21,3665,貿聯-KY,1.9,28000,股
2026-01-21,6274,台燿,1.88,78000,股
2026-01-21,3037,欣興,1.67,100000,股
2026-01-21,8112,至上,1.43,375000,股
2026-01-21,6415,矽力*-KY,1.02,73000,股
2026-01-21,3661,世芯-KY,1.01,6000,股
2026-01-21,C_NTD,,,326827787,元
2026-01-22,2330,台積電,9.47,105000,股
2026-01-22,2455,全新,5.51,606000,股
2026-01-22,3017,奇鋐,4.79,69000,股
2026-01-22,6139,亞翔,4.49,157000,股
2026-01-22,2308,台達電,4.21,66000,股
2026-01-22,7769,鴻勁,4.17,22000,股
2026-01-22,3131,弘塑,3.57,39000,股
2026-01-22,8299,群聯,3.48,33000,股
2026-01-22,6669,緯穎,3.28,17000,股
2026-01-22,1319,東陽,3.04,537000,股
2026-01-22,3324,雙鴻,3.0,63000,股
2026-01-22,2345,智邦,2.65,45000,股
2026-01-22,3653,健策,2.62,20000,股
2026-01-22,5234,達興材料,2.33,135000,股
2026-01-22,3211,順達,2.2,140000,股
2026-01-22,6446,藥華藥,2.17,76000,股
2026-01-22,6683,雍智科技,2.14,100000,股
2026-01-22,2327,國巨,2.05,135000,股
2026-01-22,3665,貿聯-KY,2.04,28000,股
2026-01-22,8358,金居,2.01,133000,股
2026-01-22,3363,上詮,1.96,93000,股
2026-01-22,3455,由田,1.96,332000,股
2026-01-22,6274,台燿,1.94,78000,股
2026-01-22,3529,力旺,1.91,25000,股
2026-01-22,3037,欣興,1.68,100000,股
2026-01-22,8112,至上,1.45,375000,股
2026-01-22,3661,世芯-KY,1.01,6000,股
2026-01-22,6415,矽力*-KY,0.97,73000,股
2026-01-22,C_NTD,,,349590326,元
2026-01-23,2330,台積電,9.72,105000,股
2026-01-23,8299,群聯,5.02,48000,股
2026-01-23,3017,奇鋐,4.96,69000,股
2026-01-23,6139,亞翔,4.53,157000,股
2026-01-23,2308,台達電,4.35,66000,股
2026-01-23,7769,鴻勁,4.29,22000,股
2026-01-23,3131,弘塑,3.58,39000,股
2026-01-23,6669,緯穎,3.29,17000,股
2026-01-23,3324,雙鴻,3.06,63000,股
2026-01-23,1319,東陽,3.03,537000,股
2026-01-23,2455,全新,2.94,331000,股
2026-01-23,3653,健策,2.92,20000,股
2026-01-23,8358,金居,2.89,201000,股
2026-01-23,2345,智邦,2.77,45000,股
2026-01-23,6446,藥華藥,2.38,76000,股
2026-01-23,5234,達興材料,2.37,135000,股
2026-01-23,3211,順達,2.34,140000,股
2026-01-23,6683,雍智科技,2.33,100000,股
2026-01-23,2327,國巨,2.06,135000,股
2026-01-23,6274,台燿,2.06,78000,股
2026-01-23,3665,貿聯-KY,2.04,28000,股
2026-01-23,2368,金像電,2.03,60000,股
2026-01-23,3363,上詮,2.01,93000,股
2026-01-23,3455,由田,1.99,332000,股
2026-01-23,3529,力旺,1.99,25000,股
2026-01-23,3037,欣興,1.77,100000,股
2026-01-23,8112,至上,1.47,375000,股
2026-01-23,3661,世芯-KY,1.08,6000,股
2026-01-23,6415,矽力*-KY,1.01,73000,股
2026-01-23,C_NTD,,,262691588,元
2026-01-26,2330,台積電,9.89,105000,股
2026-01-26,8299,群聯,5.35,48000,股
2026-01-26,3017,奇鋐,5.07,69000,股
2026-01-26,7769,鴻勁,4.48,22000,股
2026-01-26,2308,台達電,4.36,66000,股
2026-01-26,3131,弘塑,3.7,39000,股
2026-01-26,6669,緯穎,3.5,17000,股
2026-01-26,3324,雙鴻,3.15,63000,股
2026-01-26,1319,東陽,3.14,537000,股
2026-01-26,2455,全新,2.99,331000,股
2026-01-26,3653,健策,2.94,20000,股
2026-01-26,8358,金居,2.91,201000,股
2026-01-26,2345,智邦,2.78,45000,股
2026-01-26,6446,藥華藥,2.69,76000,股
2026-01-26,6683,雍智科技,2.49,100000,股
2026-01-26,3211,順達,2.38,140000,股
2026-01-26,5234,達興材料,2.38,135000,股
2026-01-26,3529,力旺,2.19,25000,股
2026-01-26,2368,金像電,2.15,60000,股
2026-01-26,3665,貿聯-KY,2.15,28000,股
2026-01-26,6274,台燿,2.14,78000,股
2026-01-26,2327,國巨,2.08,135000,股
2026-01-26,3455,由田,2.06,332000,股
2026-01-26,3363,上詮,2.04,93000,股
2026-01-26,6139,亞翔,2.03,70000,股
2026-01-26,3037,欣興,1.79,100000,股
2026-01-26,6510,精測,1.73,10000,股
2026-01-26,3443,創意,1.69,12000,股
2026-01-26,8112,至上,1.58,375000,股
2026-01-26,2454,聯發科,1.52,16000,股
2026-01-26,3661,世芯-KY,1.13,6000,股
2026-01-26,6415,矽力*-KY,1.02,73000,股
2026-01-26,C_NTD,,,158224750,元
2026-01-27,2330,台積電,9.97,105000,股
2026-01-27,8299,群聯,5.43,48000,股
2026-01-27,3017,奇鋐,5.22,69000,股
2026-01-27,7769,鴻勁,4.43,22000,股
2026-01-27,2308,台達電,4.4,66000,股
2026-01-27,3131,弘塑,3.67,39000,股
2026-01-27,6669,緯穎,3.35,17000,股
2026-01-27,1319,東陽,3.29,537000,股
2026-01-27,3324,雙鴻,3.11,63000,股
2026-01-27,2455,全新,3.03,331000,股
2026-01-27,8358,金居,3.03,201000,股
2026-01-27,3653,健策,2.98,20000,股
2026-01-27,6446,藥華藥,2.93,76000,股
2026-01-27,2345,智邦,2.77,45000,股
2026-01-27,3443,創意,2.76,20000,股
2026-01-27,6683,雍智科技,2.58,100000,股
2026-01-27,3529,力旺,2.39,25000,股
2026-01-27,3211,順達,2.33,140000,股
2026-01-27,6274,台燿,2.2,78000,股
2026-01-27,2368,金像電,2.19,60000,股
2026-01-27,2327,國巨,2.12,135000,股
2026-01-27,3665,貿聯-KY,2.12,28000,股
2026-01-27,3363,上詮,2.06,93000,股
2026-01-27,3455,由田,2.04,332000,股
2026-01-27,6139,亞翔,2.03,70000,股
2026-01-27,3037,欣興,1.89,100000,股
2026-01-27,6510,精測,1.75,10000,股
2026-01-27,8112,至上,1.58,375000,股
2026-01-27,2454,聯發科,1.51,16000,股
2026-01-27,5234,達興材料,1.18,67000,股
2026-01-27,6415,矽力*-KY,1.12,73000,股
2026-01-27,3661,世芯-KY,1.1,6000,股
2026-01-27,C_NTD,,,139447995,元
2026-01-28,2330,台積電,10.5,105000,股
2026-01-28,8299,群聯,6.03,48000,股
2026-01-28,3017,奇鋐,5.56,69000,股
2026-01-28,2308,台達電,4.64,66000,股
2026-01-28,7769,鴻勁,4.58,22000,股
2026-01-28,3131,弘塑,3.86,39000,股
2026-01-28,6669,緯穎,3.46,17000,股
2026-01-28,1319,東陽,3.34,537000,股
2026-01-28,3324,雙鴻,3.22,63000,股
2026-01-28,2455,全新,3.16,331000,股
2026-01-28,3653,健策,3.09,20000,股
2026-01-28,8358,金居,3.04,201000,股
2026-01-28,6683,雍智科技,2.92,100000,股
2026-01-28,2345,智邦,2.89,45000,股
2026-01-28,3443,創意,2.84,20000,股
2026-01-28,3529,力旺,2.71,25000,股
2026-01-28,3211,順達,2.62,140000,股
2026-01-28,2368,金像電,2.37,60000,股
2026-01-28,6274,台燿,2.31,78000,股
2026-01-28,6139,亞翔,2.27,70000,股
2026-01-28,3363,上詮,2.24,93000,股
2026-01-28,3665,貿聯-KY,2.22,28000,股
2026-01-28,2327,國巨,2.12,135000,股
2026-01-28,3455,由田,2.12,332000,股
2026-01-28,3037,欣興,2.02,100000,股
2026-01-28,6510,精測,1.73,10000,股
2026-01-28,8112,至上,1.67,375000,股
2026-01-28,2454,聯發科,1.57,16000,股
2026-01-28,6415,矽力*-KY,1.15,73000,股
2026-01-28,C_NTD,,,141065019,元
2026-01-29,2330,台積電,10.65,105000,股
2026-01-29,8299,群聯,6.22,48000,股
2026-01-29,3017,奇鋐,5.8,69000,股
2026-01-29,2308,台達電,4.65,66000,股
2026-01-29,7769,鴻勁,4.64,22000,股
2026-01-29,3131,弘塑,4.0,39000,股
2026-01-29,6669,緯穎,3.55,17000,股
2026-01-29,3443,創意,3.48,23000,股
2026-01-29,3324,雙鴻,3.33,63000,股
2026-01-29,1319,東陽,3.29,537000,股
2026-01-29,3653,健策,3.25,20000,股
2026-01-29,2455,全新,3.18,331000,股
2026-01-29,8358,金居,2.98,201000,股
2026-01-29,2345,智邦,2.96,45000,股
2026-01-29,6683,雍智科技,2.94,100000,股
2026-01-29,3529,力旺,2.68,25000,股
2026-01-29,3211,順達,2.6,140000,股
2026-01-29,6139,亞翔,2.41,70000,股
2026-01-29,2368,金像電,2.33,60000,股
2026-01-29,3363,上詮,2.26,93000,股
2026-01-29,6274,台燿,2.23,78000,股
2026-01-29,3665,貿聯-KY,2.15,28000,股
2026-01-29,2327,國巨,2.1,135000,股
2026-01-29,3455,由田,2.07,332000,股
2026-01-29,3037,欣興,1.94,100000,股
2026-01-29,6510,精測,1.77,10000,股
2026-01-29,8112,至上,1.7,375000,股
2026-01-29,2454,聯發科,1.6,16000,股
2026-01-29,6415,矽力*-KY,1.23,73000,股
2026-01-29,C_NTD,,,107209764,元
2026-01-30,2330,台積電,10.32,95000,股
2026-01-30,8299,群聯,6.99,48000,股
2026-01-30,3017,奇鋐,6.17,69000,股
2026-01-30,7769,鴻勁,5.05,22000,股
2026-01-30,2308,台達電,4.93,66000,股
2026-01-30,3131,弘塑,3.99,39000,股
2026-01-30,6669,緯穎,3.72,17000,股
2026-01-30,3443,創意,3.69,23000,股
2026-01-30,1319,東陽,3.6,537000,股
2026-01-30,6683,雍智科技,3.53,100000,股
2026-01-30,3324,雙鴻,3.51,63000,股
2026-01-30,3653,健策,3.48,20000,股
2026-01-30,2455,全新,3.4,331000,股
2026-01-30,8358,金居,3.22,201000,股
2026-01-30,2345,智邦,3.07,45000,股
2026-01-30,3211,順達,2.9,140000,股
2026-01-30,3529,力旺,2.8,25000,股
2026-01-30,2368,金像電,2.58,60000,股
2026-01-30,6274,台燿,2.4,78000,股
2026-01-30,3363,上詮,2.37,93000,股
2026-01-30,3037,欣興,2.32,100000,股
2026-01-30,2327,國巨,2.29,135000,股
2026-01-30,3665,貿聯-KY,2.23,28000,股
2026-01-30,6510,精測,2.02,10000,股
2026-01-30,2454,聯發科,1.72,16000,股
2026-01-30,6415,矽力*-KY,1.25,73000,股
2026-01-30,C_NTD,,,104872228,元
2026-02-02,2330,台積電,9.55,84000,股
2026-02-02,8299,群聯,6.63,48000,股
2026-02-02,3017,奇鋐,6.62,69000,股
2026-02-02,7769,鴻勁,5.32,22000,股
2026-02-02,2308,台達電,5.0,66000,股
2026-02-02,6683,雍智科技,4.08,100000,股
2026-02-02,3131,弘塑,4.03,39000,股
2026-02-02,3443,創意,3.98,23000,股
2026-02-02,6669,緯穎,3.95,17000,股
2026-02-02,3324,雙鴻,3.81,63000,股
2026-02-02,3653,健策,3.81,20000,股
2026-02-02,1319,東陽,3.74,537000,股
2026-02-02,2455,全新,3.34,331000,股
2026-02-02,2345,智邦,3.31,45000,股
2026-02-02,8358,金居,3.15,201000,股
2026-02-02,3363,上詮,2.94,99729,股
2026-02-02,3211,順達,2.88,140000,股
2026-02-02,3529,力旺,2.74,25000,股
2026-02-02,2368,金像電,2.73,60000,股
2026-02-02,6274,台燿,2.49,78000,股
2026-02-02,3665,貿聯-KY,2.39,28000,股
2026-02-02,3037,欣興,2.35,100000,股
2026-02-02,6510,精測,2.21,10000,股
2026-02-02,2454,聯發科,1.76,16000,股
2026-02-02,2344,華邦電,1.53,205000,股
2026-02-02,6415,矽力*-KY,1.36,73000,股
2026-02-02,C_NTD,,,67103355,元
2026-02-03,2330,台積電,9.55,84000,股
2026-02-03,3017,奇鋐,7.13,69000,股
2026-02-03,8299,群聯,6.03,48000,股
2026-02-03,7769,鴻勁,5.36,22000,股
2026-02-03,2308,台達電,5.07,66000,股
2026-02-03,6683,雍智科技,4.4,100000,股
2026-02-03,3131,弘塑,4.03,39000,股
2026-02-03,3324,雙鴻,4.0,63000,股
2026-02-03,3653,健策,3.97,20000,股
2026-02-03,3443,創意,3.93,23000,股
2026-02-03,1319,東陽,3.77,537000,股
2026-02-03,2455,全新,3.6,331000,股
2026-02-03,2345,智邦,3.37,45000,股
2026-02-03,8358,金居,3.14,201000,股
2026-02-03,2368,金像電,2.86,60000,股
2026-02-03,3211,順達,2.84,140000,股
2026-02-03,3363,上詮,2.7,99729,股
2026-02-03,3529,力旺,2.67,25000,股
2026-02-03,2454,聯發科,2.61,23000,股
2026-02-03,3665,貿聯-KY,2.49,28000,股
2026-02-03,6274,台燿,2.49,78000,股
2026-02-03,3037,欣興,2.43,100000,股
2026-02-03,6510,精測,2.38,10000,股
2026-02-03,6669,緯穎,1.88,8000,股
2026-02-03,2344,華邦電,1.37,205000,股
2026-02-03,6415,矽力*-KY,1.37,73000,股
2026-02-03,C_NTD,,,72398896,元
2026-02-04,2330,台積電,9.61,84000,股
2026-02-04,3017,奇鋐,7.41,69000,股
2026-02-04,8299,群聯,6.32,48000,股
2026-02-04,7769,鴻勁,5.37,22000,股
2026-02-04,2308,台達電,5.12,66000,股
2026-02-04,6683,雍智科技,4.83,100000,股
2026-02-04,3324,雙鴻,4.1,63000,股
2026-02-04,3653,健策,3.99,20000,股
2026-02-04,2455,全新,3.85,331000,股
2026-02-04,3443,創意,3.73,23000,股
2026-02-04,2345,智邦,3.42,45000,股
2026-02-04,8358,金居,3.35,201000,股
2026-02-04,2368,金像電,3.07,60000,股
2026-02-04,3363,上詮,2.82,99729,股
2026-02-04,3211,順達,2.8,140000,股
2026-02-04,3529,力旺,2.75,25000,股
2026-02-04,6274,台燿,2.69,78000,股
2026-02-04,2454,聯發科,2.65,23000,股
2026-02-04,6510,精測,2.56,10000,股
2026-02-04,3037,欣興,2.49,100000,股
2026-02-04,2344,華邦電,2.43,350000,股
2026-02-04,3665,貿聯-KY,2.41,28000,股
2026-02-04,1319,東陽,1.99,285000,股
2026-02-04,6415,矽力*-KY,1.35,73000,股
2026-02-04,6805,富世達,0.98,10000,股
2026-02-04,C_NTD,,,123487531,元
2026-02-05,2330,台積電,10.14,84000,股
2026-02-05,3017,奇鋐,7.69,69000,股
2026-02-05,8299,群聯,6.63,48000,股
2026-02-05,7769,鴻勁,5.57,22000,股
2026-02-05,2308,台達電,5.19,66000,股
2026-02-05,3324,雙鴻,4.31,63000,股
2026-02-05,3653,健策,4.1,20000,股
2026-02-05,3443,創意,3.68,23000,股
2026-02-05,2344,華邦電,3.5,500000,股
2026-02-05,2345,智邦,3.46,45000,股
2026-02-05,8358,金居,3.44,201000,股
2026-02-05,2368,金像電,3.12,60000,股
2026-02-05,3529,力旺,3.07,25000,股
2026-02-05,2455,全新,3.01,258000,股
2026-02-05,6683,雍智科技,3.01,63000,股
2026-02-05,3363,上詮,2.96,99729,股
2026-02-05,3211,順達,2.89,140000,股
2026-02-05,2454,聯發科,2.78,23000,股
2026-02-05,6274,台燿,2.77,78000,股
2026-02-05,6510,精測,2.67,10000,股
2026-02-05,3037,欣興,2.5,100000,股
2026-02-05,3665,貿聯-KY,2.41,28000,股
2026-02-05,6805,富世達,2.12,20000,股
2026-02-05,2337,旺宏,2.04,340000,股
2026-02-05,6415,矽力*-KY,1.36,73000,股
2026-02-05,C_NTD,,,81658284,元
2026-02-06,2330,台積電,9.34,76000,股
2026-02-06,8299,群聯,6.28,48000,股
2026-02-06,3017,奇鋐,6.05,55000,股
2026-02-06,7769,鴻勁,5.6,22000,股
2026-02-06,3324,雙鴻,4.48,63000,股
2026-02-06,3653,健策,4.1,20000,股
2026-02-06,2308,台達電,4.08,51000,股
2026-02-06,3443,創意,3.77,23000,股
2026-02-06,2345,智邦,3.7,45000,股
2026-02-06,2344,華邦電,3.37,500000,股
2026-02-06,8358,金居,3.3,201000,股
2026-02-06,3529,力旺,3.19,25000,股
2026-02-06,2368,金像電,3.08,60000,股
2026-02-06,3363,上詮,2.95,99729,股
2026-02-06,2455,全新,2.93,258000,股
2026-02-06,3211,順達,2.81,140000,股
2026-02-06,6274,台燿,2.79,78000,股
2026-02-06,2454,聯發科,2.71,23000,股
2026-02-06,6683,雍智科技,2.59,53000,股
2026-02-06,6510,精測,2.55,10000,股
2026-02-06,3665,貿聯-KY,2.48,28000,股
2026-02-06,3037,欣興,2.35,100000,股
2026-02-06,6805,富世達,2.13,20000,股
2026-02-06,2383,台光電,1.99,15000,股
2026-02-06,2337,旺宏,1.9,340000,股
2026-02-06,6415,矽力*-KY,1.37,73000,股
2026-02-06,C_NTD,,,117445101,元
2026-02-09,2330,台積電,9.38,75000,股
2026-02-09,8299,群聯,6.37,48000,股
2026-02-09,3017,奇鋐,5.84,53000,股
2026-02-09,7769,鴻勁,5.83,22000,股
2026-02-09,3324,雙鴻,4.8,63000,股
2026-02-09,3653,健策,4.33,20000,股
2026-02-09,2345,智邦,4.05,45000,股
2026-02-09,2308,台達電,3.9,48000,股
2026-02-09,3443,創意,3.87,23000,股
2026-02-09,2344,華邦電,3.7,500000,股
2026-02-09,8358,金居,3.46,201000,股
2026-02-09,2368,金像電,3.29,60000,股
2026-02-09,3529,力旺,3.23,25000,股
2026-02-09,2455,全新,3.07,258000,股
2026-02-09,3363,上詮,3.02,99729,股
2026-02-09,2454,聯發科,2.9,23000,股
2026-02-09,6274,台燿,2.84,78000,股
2026-02-09,3211,順達,2.77,140000,股
2026-02-09,6510,精測,2.75,10000,股
2026-02-09,3665,貿聯-KY,2.42,28000,股
2026-02-09,3037,欣興,2.39,100000,股
2026-02-09,6683,雍智科技,2.23,45000,股
2026-02-09,2383,台光電,2.15,15000,股
2026-02-09,6805,富世達,2.14,20000,股
2026-02-09,2337,旺宏,2.08,340000,股
2026-02-09,6415,矽力*-KY,1.34,73000,股
2026-02-09,C_NTD,,,84899643,元
2026-02-10,2330,台積電,9.69,75000,股
2026-02-10,7769,鴻勁,6.05,22000,股
2026-02-10,8299,群聯,6.02,48000,股
2026-02-10,3017,奇鋐,5.9,53000,股
2026-02-10,3324,雙鴻,4.67,63000,股
2026-02-10,3653,健策,4.6,20000,股
2026-02-10,2345,智邦,4.3,45000,股
2026-02-10,3443,創意,3.96,23000,股
2026-02-10,2308,台達電,3.91,48000,股
2026-02-10,2344,華邦電,3.56,500000,股
2026-02-10,8358,金居,3.56,201000,股
2026-02-10,2368,金像電,3.49,60000,股
2026-02-10,3363,上詮,3.11,99729,股
2026-02-10,3529,力旺,3.1,25000,股
2026-02-10,2454,聯發科,2.92,23000,股
2026-02-10,2455,全新,2.87,220000,股
2026-02-10,6274,台燿,2.85,78000,股
2026-02-10,6510,精測,2.7,10000,股
2026-02-10,3211,順達,2.69,140000,股
2026-02-10,3665,貿聯-KY,2.65,28000,股
2026-02-10,3037,欣興,2.55,100000,股
2026-02-10,6683,雍智科技,2.22,45000,股
2026-02-10,2383,台光電,2.17,15000,股
2026-02-10,6805,富世達,2.17,20000,股
2026-02-10,2337,旺宏,2.09,340000,股
2026-02-10,6415,矽力*-KY,1.34,73000,股
2026-02-10,C_NTD,,,70917759,元
2026-02-11,2330,台積電,9.38,72000,股
2026-02-11,7769,鴻勁,6.5,22000,股
2026-02-11,8299,群聯,6.06,48000,股
2026-02-11,3017,奇鋐,5.79,53000,股
2026-02-11,3324,雙鴻,4.56,63000,股
2026-02-11,2345,智邦,4.44,45000,股
2026-02-11,3653,健策,4.36,20000,股
2026-02-11,2308,台達電,4.11,48000,股
2026-02-11,3443,創意,3.87,23000,股
2026-02-11,8358,金居,3.69,201000,股
2026-02-11,2344,華邦電,3.59,500000,股
2026-02-11,2368,金像電,3.38,60000,股
2026-02-11,3529,力旺,3.38,25000,股
2026-02-11,3363,上詮,3.09,99729,股
2026-02-11,2454,聯發科,2.9,23000,股
2026-02-11,6274,台燿,2.82,78000,股
2026-02-11,6510,精測,2.71,10000,股
2026-02-11,2455,全新,2.69,220000,股
2026-02-11,3211,順達,2.67,140000,股
2026-02-11,3665,貿聯-KY,2.6,28000,股
2026-02-11,3037,欣興,2.51,100000,股
2026-02-11,6683,雍智科技,2.42,45000,股
2026-02-11,2337,旺宏,2.28,340000,股
2026-02-11,2383,台光電,2.24,15000,股
2026-02-11,6805,富世達,2.1,20000,股
2026-02-11,6415,矽力*-KY,1.39,73000,股
2026-02-11,C_NTD,,,65883346,元
2026-02-23,2330,台積電,9.26,72000,股
2026-02-23,7769,鴻勁,6.55,22000,股
2026-02-23,8299,群聯,6.25,48000,股
2026-02-23,3017,奇鋐,5.45,53000,股
2026-02-23,3324,雙鴻,4.33,63000,股
2026-02-23,2345,智邦,4.26,45000,股
2026-02-23,2308,台達電,4.24,48000,股
2026-02-23,3653,健策,4.17,20000,股
2026-02-23,2344,華邦電,3.89,500000,股
2026-02-23,8358,金居,3.72,201000,股
2026-02-23,3443,創意,3.69,23000,股
2026-02-23,3529,力旺,3.69,25000,股
2026-02-23,3363,上詮,3.38,99729,股
2026-02-23,2368,金像電,3.32,60000,股
2026-02-23,6274,台燿,2.84,78000,股
2026-02-23,2454,聯發科,2.79,23000,股
2026-02-23,2455,全新,2.78,220000,股
2026-02-23,3037,欣興,2.74,100000,股
2026-02-23,3211,順達,2.65,140000,股
2026-02-23,6510,精測,2.6,10000,股
2026-02-23,6683,雍智科技,2.52,45000,股
2026-02-23,3665,貿聯-KY,2.44,28000,股
2026-02-23,2337,旺宏,2.38,340000,股
2026-02-23,2383,台光電,2.21,15000,股
2026-02-23,6805,富世達,2.0,20000,股
2026-02-23,6415,矽力*-KY,1.41,73000,股
2026-02-23,C_NTD,,,65528139,元
2026-02-24,2330,台積電,9.2,72000,股
2026-02-24,7769,鴻勁,6.59,22000,股
2026-02-24,8299,群聯,6.46,48000,股
2026-02-24,3017,奇鋐,5.34,53000,股
2026-02-24,2308,台達電,4.32,48000,股
2026-02-24,3324,雙鴻,4.3,63000,股
2026-02-24,2345,智邦,4.11,45000,股
2026-02-24,2344,華邦電,3.97,500000,股
2026-02-24,8358,金居,3.93,201000,股
2026-02-24,3529,力旺,3.88,25000,股
2026-02-24,3653,健策,3.82,20000,股
2026-02-24,3443,創意,3.74,23000,股
2026-02-24,3363,上詮,3.57,99729,股
2026-02-24,2368,金像電,3.25,60000,股
2026-02-24,2383,台光電,3.15,21000,股
2026-02-24,3037,欣興,2.9,100000,股
2026-02-24,2455,全新,2.86,220000,股
2026-02-24,6274,台燿,2.85,78000,股
2026-02-24,2454,聯發科,2.73,23000,股
2026-02-24,6683,雍智科技,2.55,45000,股
2026-02-24,2337,旺宏,2.51,340000,股
2026-02-24,6510,精測,2.43,10000,股
2026-02-24,3665,貿聯-KY,2.36,28000,股
2026-02-24,6805,富世達,1.92,20000,股
2026-02-24,2360,致茂,1.91,24000,股
2026-02-24,6415,矽力*-KY,1.35,73000,股
2026-02-24,C_NTD,,,61560572,元
2026-02-25,2330,台積電,9.22,72000,股
2026-02-25,7769,鴻勁,6.73,22000,股
2026-02-25,8299,群聯,5.87,48000,股
2026-02-25,3017,奇鋐,5.64,53000,股
2026-02-25,3324,雙鴻,4.63,63000,股
2026-02-25,2308,台達電,4.38,48000,股
2026-02-25,2345,智邦,4.15,45000,股
2026-02-25,3653,健策,3.98,20000,股
2026-02-25,3529,力旺,3.95,25000,股
2026-02-25,3363,上詮,3.77,99729,股
2026-02-25,3443,創意,3.77,23000,股
2026-02-25,2344,華邦電,3.75,500000,股
2026-02-25,8358,金居,3.73,201000,股
2026-02-25,2383,台光電,3.23,21000,股
2026-02-25,2368,金像電,3.22,60000,股
2026-02-25,6805,富世達,2.97,30000,股
2026-02-25,3037,欣興,2.91,100000,股
2026-02-25,6274,台燿,2.86,78000,股
2026-02-25,2455,全新,2.77,220000,股
2026-02-25,2454,聯發科,2.73,23000,股
2026-02-25,6510,精測,2.49,10000,股
2026-02-25,3665,貿聯-KY,2.39,28000,股
2026-02-25,6683,雍智科技,2.39,45000,股
2026-02-25,2337,旺宏,2.33,340000,股
2026-02-25,2360,致茂,1.91,24000,股
2026-02-25,C_NTD,,,66053930,元
2026-02-26,2330,台積電,8.99,72000,股
2026-02-26,7769,鴻勁,6.69,22000,股
2026-02-26,3017,奇鋐,5.85,53000,股
2026-02-26,8299,群聯,5.68,48000,股
2026-02-26,3324,雙鴻,4.55,63000,股
2026-02-26,2308,台達電,4.29,48000,股
2026-02-26,3443,創意,3.99,23000,股
2026-02-26,3529,力旺,3.96,25000,股
2026-02-26,2345,智邦,3.94,45000,股
2026-02-26,3653,健策,3.9,20000,股
2026-02-26,2344,華邦電,3.83,500000,股
2026-02-26,3363,上詮,3.76,99729,股
2026-02-26,8358,金居,3.65,201000,股
2026-02-26,2383,台光電,3.21,21000,股
2026-02-26,6805,富世達,3.21,30000,股
2026-02-26,2368,金像電,3.1,60000,股
2026-02-26,3037,欣興,3.01,100000,股
2026-02-26,2455,全新,2.99,220000,股
2026-02-26,2454,聯發科,2.8,23000,股
2026-02-26,6274,台燿,2.66,78000,股
2026-02-26,6683,雍智科技,2.58,45000,股
2026-02-26,3665,貿聯-KY,2.47,28000,股
2026-02-26,6510,精測,2.35,10000,股
2026-02-26,2337,旺宏,2.34,340000,股
2026-02-26,2360,致茂,2.07,24000,股
2026-02-26,C_NTD,,,66020072,元
2026-03-02,2330,台積電,8.94,72000,股
2026-03-02,7769,鴻勁,6.05,22000,股
2026-03-02,3017,奇鋐,5.88,53000,股
2026-03-02,8299,群聯,5.79,48000,股
2026-03-02,2308,台達電,4.3,48000,股
2026-03-02,2345,智邦,4.0,45000,股
2026-03-02,3529,力旺,4.0,25000,股
2026-03-02,3363,上詮,3.94,99729,股
2026-03-02,2344,華邦電,3.91,500000,股
2026-03-02,3653,健策,3.83,20000,股
2026-03-02,3443,創意,3.82,23000,股
2026-03-02,8358,金居,3.62,201000,股
2026-03-02,2455,全新,3.31,220000,股
2026-03-02,6805,富世達,3.29,30000,股
2026-03-02,2383,台光電,3.14,21000,股
2026-03-02,3037,欣興,3.02,100000,股
2026-03-02,2368,金像電,2.97,60000,股
2026-03-02,2454,聯發科,2.75,23000,股
2026-03-02,3665,貿聯-KY,2.65,28000,股
2026-03-02,6274,台燿,2.65,78000,股
2026-03-02,2337,旺宏,2.48,340000,股
2026-03-02,6683,雍智科技,2.46,45000,股
2026-03-02,2360,致茂,2.29,24000,股
2026-03-02,6510,精測,2.28,10000,股
2026-03-02,3324,雙鴻,2.27,32000,股
2026-03-02,6223,旺矽,1.41,8000,股
2026-03-02,C_NTD,,,78417835,元
2026-03-03,2330,台積電,9.03,72000,股
2026-03-03,3017,奇鋐,6.17,53000,股
2026-03-03,7769,鴻勁,5.92,22000,股
2026-03-03,8299,群聯,5.46,48000,股
2026-03-03,2308,台達電,4.17,48000,股
2026-03-03,2345,智邦,4.14,45000,股
2026-03-03,6223,旺矽,4.07,22000,股
2026-03-03,3363,上詮,4.02,99729,股
2026-03-03,3653,健策,3.94,20000,股
2026-03-03,3529,力旺,3.78,25000,股
2026-03-03,3443,創意,3.71,23000,股
2026-03-03,2344,華邦電,3.65,500000,股
2026-03-03,2455,全新,3.59,220000,股
2026-03-03,8358,金居,3.45,201000,股
2026-03-03,6805,富世達,3.42,30000,股
2026-03-03,2383,台光電,3.16,21000,股
2026-03-03,3037,欣興,3.0,100000,股
2026-03-03,3665,貿聯-KY,2.99,28000,股
2026-03-03,2368,金像電,2.98,60000,股
2026-03-03,6274,台燿,2.72,78000,股
2026-03-03,2454,聯發科,2.71,23000,股
2026-03-03,6683,雍智科技,2.43,45000,股
2026-03-03,6510,精測,2.32,10000,股
2026-03-03,2337,旺宏,2.3,340000,股
2026-03-03,3324,雙鴻,2.24,32000,股
2026-03-03,2360,致茂,2.17,24000,股
2026-03-03,C_NTD,,,37888036,元
2026-03-04,2330,台積電,9.51,72000,股
2026-03-04,3017,奇鋐,6.57,53000,股
2026-03-04,7769,鴻勁,6.2,22000,股
2026-03-04,8299,群聯,5.8,48000,股
2026-03-04,2308,台達電,4.27,48000,股
2026-03-04,2345,智邦,4.16,45000,股
2026-03-04,6223,旺矽,4.14,22000,股
2026-03-04,3653,健策,4.08,20000,股
2026-03-04,3363,上詮,3.95,99729,股
2026-03-04,8358,金居,3.73,201000,股
2026-03-04,3443,創意,3.71,23000,股
2026-03-04,2344,華邦電,3.68,500000,股
2026-03-04,2455,全新,3.53,220000,股
2026-03-04,6805,富世達,3.49,30000,股
2026-03-04,2383,台光電,3.26,21000,股
2026-03-04,3665,貿聯-KY,3.19,28000,股
2026-03-04,2368,金像電,3.01,60000,股
2026-03-04,3037,欣興,2.95,100000,股
2026-03-04,2454,聯發科,2.8,23000,股
2026-03-04,6274,台燿,2.71,78000,股
2026-03-04,6510,精測,2.39,10000,股
2026-03-04,6683,雍智科技,2.39,45000,股
2026-03-04,2337,旺宏,2.36,340000,股
2026-03-04,2360,致茂,2.28,24000,股
2026-03-04,C_NTD,,,82443835,元
2026-03-05,2330,台積電,9.47,71000,股
2026-03-05,3017,奇鋐,6.77,53000,股
2026-03-05,7769,鴻勁,6.26,21000,股
2026-03-05,8299,群聯,5.81,46000,股
2026-03-05,2308,台達電,4.22,45000,股
2026-03-05,6223,旺矽,4.19,21000,股
2026-03-05,2345,智邦,4.18,42000,股
2026-03-05,3363,上詮,3.99,92729,股
2026-03-05,3653,健策,3.97,18000,股
2026-03-05,2344,華邦電,3.66,466000,股
2026-03-05,3443,創意,3.64,22000,股
2026-03-05,8358,金居,3.58,201000,股
2026-03-05,6805,富世達,3.49,29000,股
2026-03-05,2455,全新,3.37,220000,股
2026-03-05,2383,台光電,3.15,19000,股
2026-03-05,3665,貿聯-KY,3.15,26000,股
2026-03-05,2368,金像電,3.05,59000,股
2026-03-05,3037,欣興,2.94,93000,股
2026-03-05,2454,聯發科,2.74,22000,股
2026-03-05,6274,台燿,2.7,76000,股
2026-03-05,2337,旺宏,2.56,340000,股
2026-03-05,6683,雍智科技,2.37,41000,股
2026-03-05,6510,精測,2.28,9000,股
2026-03-05,2360,致茂,2.27,23000,股
2026-03-05,C_NTD,,,88664358,元
2026-03-06,2330,台積電,9.45,71000,股
2026-03-06,3017,奇鋐,6.89,53000,股
2026-03-06,7769,鴻勁,6.23,21000,股
2026-03-06,8299,群聯,5.73,46000,股
2026-03-06,6223,旺矽,4.38,21000,股
2026-03-06,2345,智邦,4.33,42000,股
2026-03-06,3653,健策,4.33,18000,股
2026-03-06,2308,台達電,4.18,45000,股
2026-03-06,3363,上詮,3.87,92729,股
2026-03-06,6805,富世達,3.77,29000,股
2026-03-06,3443,創意,3.69,22000,股
2026-03-06,8358,金居,3.65,201000,股
2026-03-06,2344,華邦電,3.49,466000,股
2026-03-06,2455,全新,3.36,220000,股
2026-03-06,2368,金像電,3.29,59000,股
2026-03-06,3665,貿聯-KY,3.24,26000,股
2026-03-06,2383,台光電,3.16,19000,股
2026-03-06,3037,欣興,2.83,93000,股
2026-03-06,2454,聯發科,2.73,22000,股
2026-03-06,6274,台燿,2.7,76000,股
2026-03-06,6683,雍智科技,2.62,41000,股
2026-03-06,2337,旺宏,2.45,340000,股
2026-03-06,6510,精測,2.34,9000,股
2026-03-06,2360,致茂,2.23,23000,股
2026-03-06,6770,力積電,0.98,216000,股
2026-03-06,C_NTD,,,57812972,元
2026-03-09,2330,台積電,9.77,71000,股
2026-03-09,3017,奇鋐,6.71,53000,股
2026-03-09,7769,鴻勁,6.27,21000,股
2026-03-09,8299,群聯,5.61,46000,股
2026-03-09,2345,智邦,4.41,42000,股
2026-03-09,3653,健策,4.35,18000,股
2026-03-09,6223,旺矽,4.34,21000,股
2026-03-09,2308,台達電,4.17,45000,股
2026-03-09,3363,上詮,3.76,92729,股
2026-03-09,6805,富世達,3.67,29000,股
2026-03-09,3443,創意,3.66,22000,股
2026-03-09,2344,華邦電,3.58,466000,股
2026-03-09,8358,金居,3.55,201000,股
2026-03-09,2368,金像電,3.41,59000,股
2026-03-09,2455,全新,3.27,220000,股
2026-03-09,3665,貿聯-KY,3.15,26000,股
2026-03-09,2383,台光電,3.14,19000,股
2026-03-09,6683,雍智科技,2.8,41000,股
2026-03-09,2454,聯發科,2.79,22000,股
2026-03-09,3037,欣興,2.75,93000,股
2026-03-09,6274,台燿,2.62,76000,股
2026-03-09,2337,旺宏,2.39,340000,股
2026-03-09,6510,精測,2.28,9000,股
2026-03-09,2360,致茂,2.17,23000,股
2026-03-09,6770,力積電,0.98,216000,股
2026-03-09,C_NTD,,,57725046,元
2026-03-10,2330,台積電,9.55,71000,股
2026-03-10,3017,奇鋐,6.53,53000,股
2026-03-10,7769,鴻勁,6.27,21000,股
2026-03-10,8299,群聯,5.84,46000,股
2026-03-10,3653,健策,4.58,18000,股
2026-03-10,6223,旺矽,4.57,21000,股
2026-03-10,2345,智邦,4.38,42000,股
2026-03-10,2308,台達電,4.22,45000,股
2026-03-10,3363,上詮,3.84,92729,股
2026-03-10,6805,富世達,3.69,29000,股
2026-03-10,3443,創意,3.59,22000,股
2026-03-10,2344,華邦電,3.58,466000,股
2026-03-10,2368,金像電,3.51,59000,股
2026-03-10,8358,金居,3.29,201000,股
2026-03-10,2383,台光電,3.28,19000,股
2026-03-10,2455,全新,3.22,220000,股
2026-03-10,3665,貿聯-KY,2.96,26000,股
2026-03-10,6683,雍智科技,2.94,41000,股
2026-03-10,3037,欣興,2.87,93000,股
2026-03-10,2454,聯發科,2.73,22000,股
2026-03-10,6274,台燿,2.58,76000,股
2026-03-10,2360,致茂,2.28,23000,股
2026-03-10,6510,精測,2.27,9000,股
2026-03-10,2337,旺宏,2.24,340000,股
2026-03-10,6770,力積電,0.98,216000,股
2026-03-10,C_NTD,,,57698471,元
2026-03-11,2330,台積電,9.46,71000,股
2026-03-11,3017,奇鋐,6.77,53000,股
2026-03-11,7769,鴻勁,6.24,21000,股
2026-03-11,8299,群聯,5.97,46000,股
2026-03-11,6223,旺矽,4.74,21000,股
2026-03-11,2308,台達電,4.33,45000,股
2026-03-11,3653,健策,4.31,18000,股
2026-03-11,2345,智邦,4.29,42000,股
2026-03-11,3363,上詮,3.87,92729,股
2026-03-11,6805,富世達,3.72,29000,股
2026-03-11,2344,華邦電,3.65,466000,股
2026-03-11,2368,金像電,3.64,59000,股
2026-03-11,3443,創意,3.59,22000,股
2026-03-11,3665,貿聯-KY,3.41,30000,股
2026-03-11,2455,全新,3.35,220000,股
2026-03-11,2383,台光電,3.2,19000,股
2026-03-11,8358,金居,3.11,201000,股
2026-03-11,6683,雍智科技,3.04,41000,股
2026-03-11,3037,欣興,2.98,93000,股
2026-03-11,2454,聯發科,2.67,22000,股
2026-03-11,6274,台燿,2.55,76000,股
2026-03-11,2360,致茂,2.36,23000,股
2026-03-11,2337,旺宏,2.33,340000,股
2026-03-11,6510,精測,2.32,9000,股
2026-03-11,6770,力積電,0.98,216000,股
2026-03-11,C_NTD,,,45221927,元
2026-03-12,2330,台積電,9.27,71000,股
2026-03-12,3017,奇鋐,6.88,53000,股
2026-03-12,7769,鴻勁,6.29,21000,股
2026-03-12,8299,群聯,5.77,46000,股
2026-03-12,6223,旺矽,5.25,21000,股
2026-03-12,2345,智邦,4.38,42000,股
2026-03-12,3653,健策,4.29,18000,股
2026-03-12,2308,台達電,4.27,45000,股
2026-03-12,3363,上詮,3.76,92729,股
2026-03-12,2368,金像電,3.72,59000,股
2026-03-12,6805,富世達,3.7,29000,股
2026-03-12,2344,華邦電,3.52,466000,股
2026-03-12,3443,創意,3.49,22000,股
2026-03-12,2383,台光電,3.42,19000,股
2026-03-12,2455,全新,3.4,220000,股
2026-03-12,3665,貿聯-KY,3.4,30000,股
2026-03-12,6683,雍智科技,3.36,41000,股
2026-03-12,8358,金居,3.19,201000,股
2026-03-12,3037,欣興,3.09,93000,股
2026-03-12,6510,精測,2.5,9000,股
2026-03-12,2360,致茂,2.38,23000,股
2026-03-12,6274,台燿,2.38,76000,股
2026-03-12,2337,旺宏,2.33,340000,股
2026-03-12,5234,達興材料,1.0,36000,股
2026-03-12,6770,力積電,0.94,216000,股
2026-03-12,C_NTD,,,58078189,元
2026-03-13,2330,台積電,9.19,71000,股
2026-03-13,3017,奇鋐,6.86,53000,股
2026-03-13,7769,鴻勁,5.76,21000,股
2026-03-13,8299,群聯,5.75,46000,股
2026-03-13,6223,旺矽,5.17,21000,股
2026-03-13,2308,台達電,4.32,45000,股
2026-03-13,2345,智邦,4.14,42000,股
2026-03-13,3653,健策,4.05,18000,股
2026-03-13,3363,上詮,4.02,92729,股
2026-03-13,2368,金像電,3.83,59000,股
2026-03-13,6274,台燿,3.66,106000,股
2026-03-13,2455,全新,3.63,220000,股
2026-03-13,2383,台光電,3.57,19000,股
2026-03-13,6805,富世達,3.53,29000,股
2026-03-13,2344,華邦電,3.52,466000,股
2026-03-13,3443,創意,3.49,22000,股
2026-03-13,8358,金居,3.37,201000,股
2026-03-13,3665,貿聯-KY,3.31,30000,股
2026-03-13,3037,欣興,3.28,93000,股
2026-03-13,6683,雍智科技,3.21,41000,股
2026-03-13,2337,旺宏,2.56,340000,股
2026-03-13,2360,致茂,2.44,23000,股
2026-03-13,6510,精測,2.41,9000,股
2026-03-13,5234,達興材料,0.99,36000,股
2026-03-13,6770,力積電,0.96,216000,股
2026-03-13,C_NTD,,,43177875,元
2026-03-16,2330,台積電,9.0,71000,股
2026-03-16,3017,奇鋐,6.66,53000,股
2026-03-16,8299,群聯,6.26,46000,股
2026-03-16,7769,鴻勁,5.88,21000,股
2026-03-16,6223,旺矽,5.14,21000,股
2026-03-16,2308,台達電,4.2,45000,股
2026-03-16,3653,健策,4.19,18000,股
2026-03-16,2345,智邦,4.01,42000,股
2026-03-16,3363,上詮,4.01,92729,股
2026-03-16,2344,華邦電,3.74,466000,股
2026-03-16,2368,金像電,3.68,59000,股
2026-03-16,6274,台燿,3.66,106000,股
2026-03-16,3037,欣興,3.51,93000,股
2026-03-16,6805,富世達,3.49,29000,股
2026-03-16,2455,全新,3.46,220000,股
2026-03-16,8358,金居,3.45,201000,股
2026-03-16,3443,創意,3.42,22000,股
2026-03-16,3665,貿聯-KY,3.39,30000,股
2026-03-16,2383,台光電,3.37,19000,股
2026-03-16,6683,雍智科技,3.18,41000,股
2026-03-16,2337,旺宏,2.78,340000,股
2026-03-16,6510,精測,2.31,9000,股
2026-03-16,2360,致茂,2.29,23000,股
2026-03-16,5234,達興材料,0.99,36000,股
2026-03-16,6770,力積電,0.97,216000,股
2026-03-16,C_NTD,,,43084095,元
2026-03-17,2330,台積電,8.91,71000,股
2026-03-17,3017,奇鋐,6.77,53000,股
2026-03-17,8299,群聯,6.0,46000,股
2026-03-17,7769,鴻勁,5.96,21000,股
2026-03-17,6223,旺矽,5.04,21000,股
2026-03-17,3653,健策,4.5,18000,股
2026-03-17,2308,台達電,4.35,45000,股
2026-03-17,2345,智邦,4.1,42000,股
2026-03-17,2344,華邦電,3.86,466000,股
2026-03-17,3363,上詮,3.79,92729,股
2026-03-17,2368,金像電,3.63,59000,股
2026-03-17,6274,台燿,3.59,106000,股
2026-03-17,8358,金居,3.55,201000,股
2026-03-17,3665,貿聯-KY,3.5,30000,股
2026-03-17,2383,台光電,3.44,19000,股
2026-03-17,6805,富世達,3.4,29000,股
2026-03-17,3037,欣興,3.39,93000,股
2026-03-17,3443,創意,3.38,22000,股
2026-03-17,6683,雍智科技,3.19,41000,股
2026-03-17,2337,旺宏,2.98,340000,股
2026-03-17,6510,精測,2.28,9000,股
2026-03-17,2360,致茂,2.27,23000,股
2026-03-17,2455,全新,1.84,127000,股
2026-03-17,6770,力積電,1.04,216000,股
2026-03-17,5234,達興材料,0.97,36000,股
2026-03-17,C_NTD,,,63706812,元
2026-03-18,2330,台積電,8.8,71000,股
2026-03-18,3017,奇鋐,6.38,53000,股
2026-03-18,8299,群聯,5.91,46000,股
2026-03-18,6223,旺矽,5.1,21000,股
2026-03-18,3653,健策,4.66,18000,股
2026-03-18,6274,台燿,4.63,134000,股
2026-03-18,2345,智邦,4.37,42000,股
2026-03-18,2308,台達電,4.29,45000,股
2026-03-18,3665,貿聯-KY,4.29,39000,股
2026-03-18,2344,華邦電,3.88,466000,股
2026-03-18,3363,上詮,3.82,92729,股
2026-03-18,3443,創意,3.6,22000,股
2026-03-18,8358,金居,3.58,201000,股
2026-03-18,2368,金像電,3.52,59000,股
2026-03-18,3037,欣興,3.51,93000,股
2026-03-18,6805,富世達,3.47,29000,股
2026-03-18,2383,台光電,3.34,19000,股
2026-03-18,6683,雍智科技,3.2,41000,股
2026-03-18,2337,旺宏,3.17,340000,股
2026-03-18,7769,鴻勁,3.13,11000,股
2026-03-18,2360,致茂,2.34,23000,股
2026-03-18,6510,精測,2.19,9000,股
2026-03-18,2455,全新,1.88,127000,股
2026-03-18,6770,力積電,1.01,216000,股
2026-03-18,5234,達興材料,0.93,36000,股
2026-03-18,C_NTD,,,77206877,元
2026-03-19,2330,台積電,8.41,71000,股
2026-03-19,3017,奇鋐,6.84,53000,股
2026-03-19,8299,群聯,5.78,46000,股
2026-03-19,6274,台燿,5.01,134000,股
2026-03-19,6223,旺矽,4.93,21000,股
2026-03-19,3653,健策,4.5,18000,股
2026-03-19,3665,貿聯-KY,4.3,39000,股
2026-03-19,2345,智邦,4.28,42000,股
2026-03-19,2308,台達電,4.19,45000,股
2026-03-19,3443,創意,4.01,24000,股
2026-03-19,3363,上詮,3.97,92729,股
2026-03-19,2368,金像電,3.8,59000,股
2026-03-19,6805,富世達,3.67,29000,股
2026-03-19,2344,華邦電,3.64,466000,股
2026-03-19,2383,台光電,3.52,19000,股
2026-03-19,3037,欣興,3.46,93000,股
2026-03-19,8358,金居,3.46,201000,股
2026-03-19,2337,旺宏,3.42,340000,股
2026-03-19,6683,雍智科技,3.07,41000,股
2026-03-19,2360,致茂,2.35,23000,股
2026-03-19,6510,精測,2.05,9000,股
2026-03-19,2455,全新,1.85,127000,股
2026-03-19,7769,鴻勁,1.6,6000,股
2026-03-19,6770,力積電,1.04,216000,股
2026-03-19,5234,達興材料,0.9,36000,股
2026-03-19,C_NTD,,,92874285,元
2026-03-20,2330,台積電,7.88,71000,股
2026-03-20,3017,奇鋐,6.55,53000,股
2026-03-20,8299,群聯,5.31,46000,股
2026-03-20,6223,旺矽,4.89,21000,股
2026-03-20,6274,台燿,4.48,134000,股
2026-03-20,3665,貿聯-KY,4.29,39000,股
2026-03-20,3653,健策,4.18,18000,股
2026-03-20,3363,上詮,4.1,92729,股
2026-03-20,2345,智邦,4.08,42000,股
2026-03-20,2308,台達電,4.0,45000,股
2026-03-20,3443,創意,3.83,24000,股
2026-03-20,2368,金像電,3.52,59000,股
2026-03-20,6805,富世達,3.5,29000,股
2026-03-20,2337,旺宏,3.28,340000,股
2026-03-20,2383,台光電,3.22,19000,股
2026-03-20,6683,雍智科技,3.18,41000,股
2026-03-20,3037,欣興,3.11,93000,股
2026-03-20,8358,金居,2.98,201000,股
2026-03-20,2344,華邦電,2.24,338000,股
2026-03-20,2360,致茂,2.2,23000,股
2026-03-20,6510,精測,1.95,9000,股
2026-03-20,2455,全新,1.76,127000,股
2026-03-20,7769,鴻勁,1.49,6000,股
2026-03-20,6770,力積電,0.98,216000,股
2026-03-20,5234,達興材料,0.82,36000,股
2026-03-20,C_NTD,,,201995735,元
2026-03-23,2330,台積電,7.94,71000,股
2026-03-23,3017,奇鋐,6.53,53000,股
2026-03-23,8299,群聯,5.11,46000,股
2026-03-23,6274,台燿,4.98,150000,股
2026-03-23,6223,旺矽,4.82,21000,股
2026-03-23,2308,台達電,4.44,51000,股
2026-03-23,3653,健策,4.28,18000,股
2026-03-23,3665,貿聯-KY,4.26,39000,股
2026-03-23,2345,智邦,4.06,42000,股
2026-03-23,3443,創意,3.84,24000,股
2026-03-23,3363,上詮,3.79,92729,股
2026-03-23,2368,金像電,3.51,59000,股
2026-03-23,6805,富世達,3.34,29000,股
2026-03-23,2383,台光電,3.28,19000,股
2026-03-23,2337,旺宏,3.12,340000,股
2026-03-23,6683,雍智科技,2.94,41000,股
2026-03-23,3037,欣興,2.87,93000,股
2026-03-23,8358,金居,2.76,201000,股
2026-03-23,2344,華邦電,2.24,338000,股
2026-03-23,2360,致茂,2.16,23000,股
2026-03-23,6510,精測,1.9,9000,股
2026-03-23,2455,全新,1.74,127000,股
2026-03-23,7769,鴻勁,1.46,6000,股
2026-03-23,6770,力積電,0.92,216000,股
2026-03-23,C_NTD,,,221900160,元
2026-03-24,2330,台積電,8.11,71000,股
2026-03-24,3017,奇鋐,6.51,53000,股
2026-03-24,6274,台燿,5.12,150000,股
2026-03-24,8299,群聯,4.89,46000,股
2026-03-24,6223,旺矽,4.87,21000,股
2026-03-24,2308,台達電,4.56,51000,股
2026-03-24,3653,健策,4.49,18000,股
2026-03-24,3665,貿聯-KY,4.26,39000,股
2026-03-24,2345,智邦,4.07,42000,股
2026-03-24,3363,上詮,3.89,92729,股
2026-03-24,3443,創意,3.8,24000,股
2026-03-24,6805,富世達,3.36,29000,股
2026-03-24,2368,金像電,3.31,59000,股
2026-03-24,2383,台光電,3.22,19000,股
2026-03-24,2337,旺宏,2.93,340000,股
2026-03-24,6683,雍智科技,2.85,41000,股
2026-03-24,8358,金居,2.81,201000,股
2026-03-24,3037,欣興,2.7,93000,股
2026-03-24,2360,致茂,2.15,23000,股
2026-03-24,2344,華邦電,2.12,338000,股
2026-03-24,2455,全新,1.94,127000,股
2026-03-24,6510,精測,1.82,9000,股
2026-03-24,6442,光聖,1.59,13000,股
2026-03-24,7769,鴻勁,1.41,6000,股
2026-03-24,6770,力積電,0.86,216000,股
2026-03-24,C_NTD,,,196017150,元
2026-03-25,2330,台積電,7.98,71000,股
2026-03-25,3017,奇鋐,6.78,53000,股
2026-03-25,6223,旺矽,6.17,27000,股
2026-03-25,6274,台燿,5.3,150000,股
2026-03-25,8299,群聯,4.83,46000,股
2026-03-25,2308,台達電,4.82,51000,股
2026-03-25,3653,健策,4.33,18000,股
2026-03-25,2345,智邦,4.31,42000,股
2026-03-25,3665,貿聯-KY,4.29,39000,股
2026-03-25,3363,上詮,3.83,92729,股
2026-03-25,3443,創意,3.62,24000,股
2026-03-25,6805,富世達,3.37,29000,股
2026-03-25,2368,金像電,3.31,59000,股
2026-03-25,2383,台光電,3.29,19000,股
2026-03-25,6683,雍智科技,2.95,41000,股
2026-03-25,2337,旺宏,2.94,340000,股
2026-03-25,3037,欣興,2.87,93000,股
2026-03-25,8358,金居,2.78,201000,股
2026-03-25,2360,致茂,2.28,23000,股
2026-03-25,2455,全新,2.06,127000,股
2026-03-25,2344,華邦電,2.02,338000,股
2026-03-25,6510,精測,1.75,9000,股
2026-03-25,6442,光聖,1.68,13000,股
2026-03-25,7769,鴻勁,1.41,6000,股
2026-03-25,6739,竹陞科技,1.02,14000,股
2026-03-25,6770,力積電,0.86,216000,股
2026-03-25,C_NTD,,,150201431,元
2026-03-26,2330,台積電,7.96,71000,股
2026-03-26,3017,奇鋐,7.35,53000,股
2026-03-26,6223,旺矽,6.01,27000,股
2026-03-26,6274,台燿,5.54,150000,股
2026-03-26,2308,台達電,4.71,51000,股
2026-03-26,8299,群聯,4.62,46000,股
2026-03-26,2383,台光電,4.49,25000,股
2026-03-26,3653,健策,4.32,18000,股
2026-03-26,3665,貿聯-KY,4.31,39000,股
2026-03-26,2345,智邦,4.29,42000,股
2026-03-26,3443,創意,3.71,24000,股
2026-03-26,3363,上詮,3.61,92729,股
2026-03-26,6805,富世達,3.37,29000,股
2026-03-26,2368,金像電,3.3,59000,股
2026-03-26,6683,雍智科技,3.15,41000,股
2026-03-26,8358,金居,3.06,201000,股
2026-03-26,3037,欣興,2.84,93000,股
2026-03-26,2337,旺宏,2.65,340000,股
2026-03-26,2360,致茂,2.3,23000,股
2026-03-26,2455,全新,2.1,127000,股
2026-03-26,2344,華邦電,1.98,338000,股
2026-03-26,6510,精測,1.69,9000,股
2026-03-26,6442,光聖,1.65,13000,股
2026-03-26,7769,鴻勁,1.41,6000,股
2026-03-26,6739,竹陞科技,1.08,14000,股
2026-03-26,6770,力積電,0.83,216000,股
2026-03-26,C_NTD,,,126108604,元
2026-03-27,2330,台積電,7.88,71000,股
2026-03-27,3017,奇鋐,7.09,53000,股
2026-03-27,6223,旺矽,6.03,27000,股
2026-03-27,6274,台燿,5.73,150000,股
2026-03-27,3665,貿聯-KY,5.44,48000,股
2026-03-27,2308,台達電,4.7,51000,股
2026-03-27,2383,台光電,4.44,25000,股
2026-03-27,3653,健策,4.43,18000,股
2026-03-27,8299,群聯,4.39,46000,股
2026-03-27,2345,智邦,4.24,42000,股
2026-03-27,3363,上詮,3.63,92729,股
2026-03-27,3443,創意,3.6,24000,股
2026-03-27,6683,雍智科技,3.46,41000,股
2026-03-27,6805,富世達,3.37,29000,股
2026-03-27,2368,金像電,3.32,59000,股
2026-03-27,8358,金居,2.9,201000,股
2026-03-27,3037,欣興,2.86,93000,股
2026-03-27,2337,旺宏,2.59,340000,股
2026-03-27,2360,致茂,2.26,23000,股
2026-03-27,2455,全新,2.09,127000,股
2026-03-27,6510,精測,1.78,9000,股
2026-03-27,6442,光聖,1.68,13000,股
2026-03-27,7769,鴻勁,1.39,6000,股
2026-03-27,6739,竹陞科技,1.05,14000,股
2026-03-27,6770,力積電,0.78,216000,股
2026-03-27,C_NTD,,,145282008,元
2026-03-30,2330,台積電,7.79,71000,股
2026-03-30,3017,奇鋐,6.98,53000,股
2026-03-30,6223,旺矽,6.22,27000,股
2026-03-30,3665,貿聯-KY,5.57,48000,股
2026-03-30,6274,台燿,5.57,150000,股
2026-03-30,2308,台達電,4.67,51000,股
2026-03-30,8299,群聯,4.55,46000,股
2026-03-30,3653,健策,4.32,18000,股
2026-03-30,2383,台光電,4.29,25000,股
2026-03-30,2345,智邦,4.24,42000,股
2026-03-30,6683,雍智科技,3.84,41000,股
2026-03-30,3363,上詮,3.49,92729,股
2026-03-30,3443,創意,3.42,24000,股
2026-03-30,2368,金像電,3.27,59000,股
2026-03-30,6805,富世達,3.27,29000,股
2026-03-30,8358,金居,2.89,201000,股
2026-03-30,3037,欣興,2.83,93000,股
2026-03-30,2337,旺宏,2.68,340000,股
2026-03-30,2360,致茂,2.31,23000,股
2026-03-30,2455,全新,2.14,127000,股
2026-03-30,6510,精測,1.84,9000,股
2026-03-30,6442,光聖,1.69,13000,股
2026-03-30,3491,昇達科,1.56,16000,股
2026-03-30,6739,竹陞科技,1.53,21000,股
2026-03-30,7769,鴻勁,1.37,6000,股
2026-03-30,6770,力積電,0.77,216000,股
2026-03-30,C_NTD,,,111346681,元
2026-03-31,2330,台積電,8.12,71000,股
2026-03-31,3017,奇鋐,6.85,53000,股
2026-03-31,6223,旺矽,6.3,27000,股
2026-03-31,6274,台燿,5.54,150000,股
2026-03-31,3665,貿聯-KY,5.42,48000,股
2026-03-31,2308,台達電,4.57,51000,股
2026-03-31,8299,群聯,4.48,46000,股
2026-03-31,3653,健策,4.44,18000,股
2026-03-31,2383,台光電,4.22,25000,股
2026-03-31,2345,智邦,4.12,42000,股
2026-03-31,6683,雍智科技,3.65,41000,股
2026-03-31,3443,創意,3.37,24000,股
2026-03-31,3363,上詮,3.31,92729,股
2026-03-31,2368,金像電,3.3,59000,股
2026-03-31,6805,富世達,3.3,29000,股
2026-03-31,8358,金居,3.09,201000,股
2026-03-31,3037,欣興,2.68,93000,股
2026-03-31,2337,旺宏,2.55,340000,股
2026-03-31,3491,昇達科,2.31,25000,股
2026-03-31,2360,致茂,2.19,23000,股
2026-03-31,2455,全新,2.03,127000,股
2026-03-31,6510,精測,1.8,9000,股
2026-03-31,6442,光聖,1.6,13000,股
2026-03-31,6739,竹陞科技,1.51,21000,股
2026-03-31,7769,鴻勁,1.37,6000,股
2026-03-31,6770,力積電,0.74,216000,股
2026-03-31,C_NTD,,,109770449,元
2026-04-01,2330,台積電,7.95,71000,股
2026-04-01,3017,奇鋐,6.75,53000,股
2026-04-01,6223,旺矽,6.44,27000,股
2026-04-01,6274,台燿,5.64,150000,股
2026-04-01,3665,貿聯-KY,5.53,48000,股
2026-04-01,8299,群聯,4.58,46000,股
2026-04-01,2308,台達電,4.54,51000,股
2026-04-01,2383,台光電,4.32,25000,股
2026-04-01,3653,健策,4.29,18000,股
2026-04-01,2345,智邦,4.21,42000,股
2026-04-01,6683,雍智科技,3.72,41000,股
2026-04-01,3443,創意,3.41,24000,股
2026-04-01,3363,上詮,3.39,92729,股
2026-04-01,2368,金像電,3.37,59000,股
2026-04-01,6805,富世達,3.37,29000,股
2026-04-01,8358,金居,2.95,201000,股
2026-04-01,3037,欣興,2.74,93000,股
2026-04-01,2337,旺宏,2.61,340000,股
2026-04-01,3491,昇達科,2.26,25000,股
2026-04-01,2360,致茂,2.23,23000,股
2026-04-01,2455,全新,2.02,127000,股
2026-04-01,6510,精測,1.82,9000,股
2026-04-01,6442,光聖,1.59,13000,股
2026-04-01,6739,竹陞科技,1.54,21000,股
2026-04-01,7769,鴻勁,1.4,6000,股
2026-04-01,6770,力積電,0.72,216000,股
2026-04-01,C_NTD,,,109738279,元
2026-04-02,2330,台積電,7.87,71000,股
2026-04-02,3017,奇鋐,6.72,53000,股
2026-04-02,6223,旺矽,6.22,27000,股
2026-04-02,6274,台燿,5.7,150000,股
2026-04-02,3665,貿聯-KY,5.63,48000,股
2026-04-02,2308,台達電,4.47,51000,股
2026-04-02,8299,群聯,4.38,46000,股
2026-04-02,2383,台光電,4.26,25000,股
2026-04-02,2345,智邦,4.09,42000,股
2026-04-02,3653,健策,4.09,18000,股
2026-04-02,6683,雍智科技,3.64,41000,股
2026-04-02,3363,上詮,3.41,92729,股
2026-04-02,3443,創意,3.41,24000,股
2026-04-02,6805,富世達,3.35,29000,股
2026-04-02,2368,金像電,3.27,59000,股
2026-04-02,3491,昇達科,3.2,35000,股
2026-04-02,3037,欣興,2.96,93000,股
2026-04-02,8358,金居,2.83,201000,股
2026-04-02,2337,旺宏,2.69,340000,股
2026-04-02,2360,致茂,2.16,23000,股
2026-04-02,2455,全新,2.01,127000,股
2026-04-02,6510,精測,1.74,9000,股
2026-04-02,6739,竹陞科技,1.66,21000,股
2026-04-02,6442,光聖,1.59,13000,股
2026-04-02,7769,鴻勁,1.41,6000,股
2026-04-02,6770,力積電,0.71,216000,股
2026-04-02,C_NTD,,,106755480,元
2026-04-07,2330,台積電,7.77,71000,股
2026-04-07,3017,奇鋐,6.33,53000,股
2026-04-07,6223,旺矽,6.22,27000,股
2026-04-07,6274,台燿,6.02,150000,股
2026-04-07,3665,貿聯-KY,5.62,48000,股
2026-04-07,2308,台達電,4.54,51000,股
2026-04-07,8299,群聯,4.25,46000,股
2026-04-07,2383,台光電,4.24,25000,股
2026-04-07,2345,智邦,3.99,42000,股
2026-04-07,3653,健策,3.98,18000,股
2026-04-07,3363,上詮,3.6,92729,股
2026-04-07,6683,雍智科技,3.57,41000,股
2026-04-07,3491,昇達科,3.38,35000,股
2026-04-07,3443,創意,3.34,24000,股
2026-04-07,2368,金像電,3.22,59000,股
2026-04-07,6805,富世達,3.16,29000,股
2026-04-07,3037,欣興,3.08,93000,股
2026-04-07,8358,金居,2.88,201000,股
2026-04-07,2337,旺宏,2.73,340000,股
2026-04-07,2360,致茂,2.12,23000,股
2026-04-07,2455,全新,2.12,127000,股
2026-04-07,6510,精測,1.76,9000,股
2026-04-07,6739,竹陞科技,1.75,21000,股
2026-04-07,6442,光聖,1.6,13000,股
2026-04-07,7769,鴻勁,1.41,6000,股
2026-04-07,6770,力積電,0.69,216000,股
2026-04-07,C_NTD,,,112858628,元
2026-04-08,2330,台積電,7.65,71000,股
2026-04-08,3017,奇鋐,6.53,53000,股
2026-04-08,6223,旺矽,6.43,27000,股
2026-04-08,6274,台燿,6.01,150000,股
2026-04-08,3665,貿聯-KY,5.34,48000,股
2026-04-08,2308,台達電,4.69,51000,股
2026-04-08,2383,台光電,4.38,25000,股
2026-04-08,8299,群聯,4.38,46000,股
2026-04-08,3653,健策,3.99,18000,股
2026-04-08,2345,智邦,3.97,42000,股
2026-04-08,3363,上詮,3.69,92729,股
2026-04-08,3491,昇達科,3.46,35000,股
2026-04-08,3443,創意,3.33,24000,股
2026-04-08,6683,雍智科技,3.28,41000,股
2026-04-08,2368,金像電,3.25,59000,股
2026-04-08,3037,欣興,3.19,93000,股
2026-04-08,6805,富世達,3.03,29000,股
2026-04-08,8358,金居,2.97,201000,股
2026-04-08,2337,旺宏,2.82,340000,股
2026-04-08,2360,致茂,2.19,23000,股
2026-04-08,2455,全新,2.04,127000,股
2026-04-08,6739,竹陞科技,1.8,21000,股
2026-04-08,6510,精測,1.71,9000,股
2026-04-08,6442,光聖,1.55,13000,股
2026-04-08,7769,鴻勁,1.41,6000,股
2026-04-08,6770,力積電,0.69,216000,股
2026-04-08,C_NTD,,,112822725,元
2026-04-09,2330,台積電,7.52,71000,股
2026-04-09,6223,旺矽,6.54,27000,股
2026-04-09,6274,台燿,6.48,150000,股
2026-04-09,3017,奇鋐,6.42,53000,股
2026-04-09,3665,貿聯-KY,5.54,48000,股
2026-04-09,2308,台達電,4.55,51000,股
2026-04-09,6683,雍智科技,4.5,52000,股
2026-04-09,2383,台光電,4.36,25000,股
2026-04-09,3443,創意,4.17,29000,股
2026-04-09,3653,健策,4.14,18000,股
2026-04-09,8299,群聯,4.03,46000,股
2026-04-09,2345,智邦,3.85,42000,股
2026-04-09,3363,上詮,3.84,92729,股
2026-04-09,3037,欣興,3.66,108000,股
2026-04-09,2368,金像電,3.5,59000,股
2026-04-09,3491,昇達科,3.34,35000,股
2026-04-09,8358,金居,2.96,201000,股
2026-04-09,6805,富世達,2.89,29000,股
2026-04-09,2337,旺宏,2.62,340000,股
2026-04-09,2360,致茂,2.29,23000,股
2026-04-09,2455,全新,1.98,127000,股
2026-04-09,6739,竹陞科技,1.7,21000,股
2026-04-09,6510,精測,1.66,9000,股
2026-04-09,6442,光聖,1.49,13000,股
2026-04-09,7769,鴻勁,1.38,6000,股
2026-04-09,6770,力積電,0.63,216000,股
2026-04-09,C_NTD,,,72749449,元
2026-04-10,2330,台積電,7.51,71000,股
2026-04-10,6223,旺矽,6.6,27000,股
2026-04-10,6274,台燿,6.41,150000,股
2026-04-10,3017,奇鋐,6.35,53000,股
2026-04-10,3665,貿聯-KY,5.59,48000,股
2026-04-10,2308,台達電,4.68,51000,股
2026-04-10,6683,雍智科技,4.68,52000,股
2026-04-10,2383,台光電,4.52,25000,股
2026-04-10,3443,創意,4.09,29000,股
2026-04-10,2345,智邦,4.08,42000,股
2026-04-10,8299,群聯,4.04,46000,股
2026-04-10,3491,昇達科,4.03,42000,股
2026-04-10,3653,健策,3.93,18000,股
2026-04-10,3363,上詮,3.85,92729,股
2026-04-10,3037,欣興,3.65,108000,股
2026-04-10,2368,金像電,3.4,59000,股
2026-04-10,8358,金居,2.91,201000,股
2026-04-10,6805,富世達,2.86,29000,股
2026-04-10,2337,旺宏,2.63,340000,股
2026-04-10,2360,致茂,2.17,23000,股
2026-04-10,2455,全新,2.01,127000,股
2026-04-10,6510,精測,1.66,9000,股
2026-04-10,6739,竹陞科技,1.65,21000,股
2026-04-10,6442,光聖,1.6,13000,股
2026-04-10,2313,華通,0.98,65000,股
2026-04-10,6770,力積電,0.63,216000,股
2026-04-10,C_NTD,,,66255942,元
2026-04-13,2330,台積電,7.33,71000,股
2026-04-13,6223,旺矽,6.37,27000,股
2026-04-13,6274,台燿,6.24,150000,股
2026-04-13,3017,奇鋐,6.05,53000,股
2026-04-13,3665,貿聯-KY,5.54,48000,股
2026-04-13,6683,雍智科技,4.99,52000,股
2026-04-13,2308,台達電,4.61,51000,股
2026-04-13,2383,台光電,4.31,25000,股
2026-04-13,3443,創意,4.18,29000,股
2026-04-13,8299,群聯,4.11,46000,股
2026-04-13,2345,智邦,3.97,42000,股
2026-04-13,3491,昇達科,3.89,42000,股
2026-04-13,3653,健策,3.78,18000,股
2026-04-13,3363,上詮,3.59,92729,股
2026-04-13,2360,致茂,3.51,36000,股
2026-04-13,3037,欣興,3.51,108000,股
2026-04-13,2368,金像電,3.23,59000,股
2026-04-13,8358,金居,2.99,201000,股
2026-04-13,2337,旺宏,2.6,340000,股
2026-04-13,2455,全新,1.93,127000,股
2026-04-13,6739,竹陞科技,1.65,21000,股
2026-04-13,6510,精測,1.6,9000,股
2026-04-13,6442,光聖,1.5,13000,股
2026-04-13,6805,富世達,1.37,15000,股
2026-04-13,2313,華通,0.94,65000,股
2026-04-13,6770,力積電,0.61,216000,股
2026-04-13,C_NTD,,,107745524,元
2026-04-14,2330,台積電,7.26,71000,股
2026-04-14,6274,台燿,6.42,150000,股
2026-04-14,6223,旺矽,6.13,27000,股
2026-04-14,3017,奇鋐,6.09,53000,股
2026-04-14,3665,貿聯-KY,5.48,48000,股
2026-04-14,6683,雍智科技,4.64,52000,股
2026-04-14,2383,台光電,4.48,25000,股
2026-04-14,2308,台達電,4.44,51000,股
2026-04-14,3443,創意,4.4,29000,股
2026-04-14,8299,群聯,4.03,46000,股
2026-04-14,2345,智邦,3.95,42000,股
2026-04-14,3491,昇達科,3.62,42000,股
2026-04-14,3653,健策,3.58,18000,股
2026-04-14,3363,上詮,3.45,92729,股
2026-04-14,2368,金像電,3.38,59000,股
2026-04-14,2360,致茂,3.3,36000,股
2026-04-14,3037,欣興,3.21,108000,股
2026-04-14,8358,金居,3.16,201000,股
2026-04-14,2337,旺宏,2.63,340000,股
2026-04-14,2455,全新,1.77,127000,股
2026-04-14,6739,竹陞科技,1.55,21000,股
2026-04-14,6510,精測,1.5,9000,股
2026-04-14,6442,光聖,1.34,13000,股
2026-04-14,6805,富世達,1.29,15000,股
2026-04-14,2313,華通,0.83,65000,股
2026-04-14,6770,力積電,0.59,216000,股
2026-04-14,C_NTD,,,150313611,元
2026-04-15,2330,台積電,6.93,71000,股
2026-04-15,6274,台燿,6.66,150000,股
2026-04-15,6223,旺矽,5.83,27000,股
2026-04-15,3017,奇鋐,5.78,53000,股
2026-04-15,3665,貿聯-KY,5.29,48000,股
2026-04-15,6683,雍智科技,4.66,52000,股
2026-04-15,2383,台光電,4.47,25000,股
2026-04-15,2308,台達電,4.27,51000,股
2026-04-15,3443,創意,4.18,29000,股
2026-04-15,2345,智邦,3.88,42000,股
2026-04-15,3491,昇達科,3.76,46000,股
2026-04-15,3363,上詮,3.58,92729,股
2026-04-15,8299,群聯,3.52,46000,股
2026-04-15,3653,健策,3.51,18000,股
2026-04-15,2360,致茂,3.41,36000,股
2026-04-15,2368,金像電,3.23,59000,股
2026-04-15,8358,金居,3.15,201000,股
2026-04-15,3037,欣興,3.13,108000,股
2026-04-15,2337,旺宏,2.27,340000,股
2026-04-15,2455,全新,1.64,127000,股
2026-04-15,6739,竹陞科技,1.6,21000,股
2026-04-15,6510,精測,1.52,9000,股
2026-04-15,6187,萬潤,1.49,28000,股
2026-04-15,6442,光聖,1.28,13000,股
2026-04-15,6805,富世達,1.28,15000,股
2026-04-15,2313,華通,0.8,65000,股
2026-04-15,6770,力積電,0.54,216000,股
2026-04-15,C_NTD,,,177613800,元
2026-04-16,2330,台積電,6.66,71000,股
2026-04-16,6274,台燿,6.48,150000,股
2026-04-16,6223,旺矽,5.97,27000,股
2026-04-16,3017,奇鋐,5.82,53000,股
2026-04-16,3665,貿聯-KY,5.17,48000,股
2026-04-16,6683,雍智科技,4.42,52000,股
2026-04-16,3443,創意,4.37,29000,股
2026-04-16,2360,致茂,4.34,47000,股
2026-04-16,2383,台光電,4.31,25000,股
2026-04-16,2308,台達電,4.23,51000,股
2026-04-16,6187,萬潤,3.88,78000,股
2026-04-16,2345,智邦,3.85,42000,股
2026-04-16,3491,昇達科,3.62,46000,股
2026-04-16,3653,健策,3.55,18000,股
2026-04-16,3363,上詮,3.46,92729,股
2026-04-16,8299,群聯,3.28,46000,股
2026-04-16,3037,欣興,3.13,108000,股
2026-04-16,2368,金像電,3.09,59000,股
2026-04-16,8358,金居,3.03,201000,股
2026-04-16,2337,旺宏,2.13,340000,股
2026-04-16,2455,全新,1.66,127000,股
2026-04-16,6739,竹陞科技,1.49,21000,股
2026-04-16,6510,精測,1.48,9000,股
2026-04-16,8210,勤誠,1.42,31000,股
2026-04-16,6805,富世達,1.28,15000,股
2026-04-16,6442,光聖,1.21,13000,股
2026-04-16,2313,華通,0.76,65000,股
2026-04-16,6770,力積電,0.52,216000,股
2026-04-16,C_NTD,,,119426005,元
2026-04-17,2330,台積電,5.93,71000,股
2026-04-17,6274,台燿,5.84,150000,股
2026-04-17,6223,旺矽,5.77,27000,股
2026-04-17,3017,奇鋐,5.24,53000,股
2026-04-17,6187,萬潤,4.85,97000,股
2026-04-17,3665,貿聯-KY,4.67,48000,股
2026-04-17,2360,致茂,4.36,47000,股
2026-04-17,6683,雍智科技,4.0,52000,股
2026-04-17,2383,台光電,3.91,25000,股
2026-04-17,3443,創意,3.89,29000,股
2026-04-17,2308,台達電,3.86,51000,股
2026-04-17,2345,智邦,3.58,42000,股
2026-04-17,3363,上詮,3.43,92729,股
2026-04-17,3653,健策,3.38,18000,股
2026-04-17,3491,昇達科,3.16,46000,股
2026-04-17,8358,金居,3.04,201000,股
2026-04-17,8299,群聯,2.97,46000,股
2026-04-17,3037,欣興,2.86,108000,股
2026-04-17,2368,金像電,2.85,59000,股
2026-04-17,2337,旺宏,1.83,340000,股
2026-04-17,8210,勤誠,1.81,43000,股
2026-04-17,2455,全新,1.62,127000,股
2026-04-17,7751,竑騰,1.4,18000,股
2026-04-17,6510,精測,1.39,9000,股
2026-04-17,6739,竹陞科技,1.35,21000,股
2026-04-17,6442,光聖,1.15,13000,股
2026-04-17,6805,富世達,1.15,15000,股
2026-04-17,2313,華通,0.7,65000,股
2026-04-17,C_NTD,,,242294279,元
2026-04-20,2330,台積電,5.66,71000,股
2026-04-20,6274,台燿,5.61,150000,股
2026-04-20,6187,萬潤,5.54,115000,股
2026-04-20,6223,旺矽,5.45,27000,股
2026-04-20,3017,奇鋐,5.19,53000,股
2026-04-20,2360,致茂,4.84,60000,股
2026-04-20,3665,貿聯-KY,4.65,48000,股
2026-04-20,3443,創意,4.08,29000,股
2026-04-20,6683,雍智科技,3.96,52000,股
2026-04-20,2308,台達電,3.81,51000,股
2026-04-20,2383,台光電,3.79,25000,股
2026-04-20,3363,上詮,3.6,92729,股
2026-04-20,3653,健策,3.56,18000,股
2026-04-20,2345,智邦,3.31,42000,股
2026-04-20,8358,金居,3.19,201000,股
2026-04-20,3491,昇達科,3.07,46000,股
2026-04-20,8299,群聯,2.96,46000,股
2026-04-20,7751,竑騰,2.91,38000,股
2026-04-20,3037,欣興,2.88,108000,股
2026-04-20,2368,金像電,2.81,59000,股
2026-04-20,8210,勤誠,1.73,43000,股
2026-04-20,2455,全新,1.66,127000,股
2026-04-20,2337,旺宏,1.61,340000,股
2026-04-20,6510,精測,1.35,9000,股
2026-04-20,6739,竹陞科技,1.32,21000,股
2026-04-20,6442,光聖,1.21,13000,股
2026-04-20,6805,富世達,1.12,15000,股
2026-04-20,2313,華通,0.64,65000,股
2026-04-20,C_NTD,,,215682104,元
2026-04-21,6187,萬潤,6.14,125000,股
2026-04-21,2330,台積電,5.37,71000,股
2026-04-21,6274,台燿,5.33,150000,股
2026-04-21,3017,奇鋐,5.02,53000,股
2026-04-21,2383,台光電,4.96,34000,股
2026-04-21,6223,旺矽,4.92,27000,股
2026-04-21,2308,台達電,4.76,64000,股
2026-04-21,2360,致茂,4.49,60000,股
2026-04-21,3665,貿聯-KY,4.3,48000,股
2026-04-21,3443,創意,4.0,29000,股
2026-04-21,6683,雍智科技,3.6,52000,股
2026-04-21,3653,健策,3.57,18000,股
2026-04-21,2345,智邦,3.4,42000,股
2026-04-21,3363,上詮,3.39,92729,股
2026-04-21,7751,竑騰,3.21,45000,股
2026-04-21,3491,昇達科,3.01,46000,股
2026-04-21,8299,群聯,3.0,46000,股
2026-04-21,6739,竹陞科技,2.97,47000,股
2026-04-21,8358,金居,2.92,201000,股
2026-04-21,3037,欣興,2.83,108000,股
2026-04-21,2368,金像電,2.67,59000,股
2026-04-21,2337,旺宏,1.66,340000,股
2026-04-21,8210,勤誠,1.62,43000,股
2026-04-21,2455,全新,1.59,127000,股
2026-04-21,6510,精測,1.36,9000,股
2026-04-21,6442,光聖,1.12,13000,股
2026-04-21,6805,富世達,1.06,15000,股
2026-04-21,2313,華通,0.61,65000,股
2026-04-21,C_NTD,,,192643207,元
2026-04-22,6187,萬潤,6.33,125000,股
2026-04-22,2383,台光電,6.08,41000,股
2026-04-22,6274,台燿,5.32,150000,股
2026-04-22,2330,台積電,5.31,71000,股
2026-04-22,3017,奇鋐,5.21,53000,股
2026-04-22,6223,旺矽,4.75,27000,股
2026-04-22,2308,台達電,4.7,64000,股
2026-04-22,3665,貿聯-KY,4.47,48000,股
2026-04-22,2360,致茂,4.44,60000,股
2026-04-22,3443,創意,3.88,29000,股
2026-04-22,6683,雍智科技,3.58,52000,股
2026-04-22,3653,健策,3.55,18000,股
2026-04-22,7751,竑騰,3.4,45000,股
2026-04-22,2345,智邦,3.37,42000,股
2026-04-22,3363,上詮,3.23,92729,股
2026-04-22,8299,群聯,2.98,46000,股
2026-04-22,3491,昇達科,2.88,46000,股
2026-04-22,8358,金居,2.88,201000,股
2026-04-22,3037,欣興,2.82,108000,股
2026-04-22,6739,竹陞科技,2.78,47000,股
2026-04-22,2368,金像電,2.69,59000,股
2026-04-22,8210,勤誠,2.02,53000,股
2026-04-22,2455,全新,1.69,127000,股
2026-04-22,2337,旺宏,1.67,340000,股
2026-04-22,6510,精測,1.38,9000,股
2026-04-22,6805,富世達,1.09,15000,股
2026-04-22,6442,光聖,1.06,13000,股
2026-04-22,2313,華通,0.59,65000,股
2026-04-22,C_NTD,,,161110457,元
2026-04-23,6187,萬潤,6.45,148000,股
2026-04-23,3017,奇鋐,6.05,65000,股
2026-04-23,2383,台光電,5.84,41000,股
2026-04-23,2308,台達電,5.5,80000,股
2026-04-23,2330,台積電,5.13,71000,股
2026-04-23,6274,台燿,4.95,150000,股
2026-04-23,3665,貿聯-KY,4.59,48000,股
2026-04-23,6223,旺矽,4.49,27000,股
2026-04-23,2360,致茂,4.04,60000,股
2026-04-23,3443,創意,3.94,29000,股
2026-04-23,7751,竑騰,3.43,45000,股
2026-04-23,3653,健策,3.32,18000,股
2026-04-23,6683,雍智科技,3.25,52000,股
2026-04-23,8210,勤誠,3.06,80000,股
2026-04-23,2345,智邦,3.03,42000,股
2026-04-23,3363,上詮,2.93,92729,股
2026-04-23,3037,欣興,2.73,108000,股
2026-04-23,8299,群聯,2.72,46000,股
2026-04-23,2368,金像電,2.59,59000,股
2026-04-23,8358,金居,2.58,201000,股
2026-04-23,6739,竹陞科技,2.5,47000,股
2026-04-23,3491,昇達科,2.48,46000,股
2026-04-23,6805,富世達,1.99,30000,股
2026-04-23,2455,全新,1.53,127000,股
2026-04-23,2337,旺宏,1.49,340000,股
2026-04-23,6510,精測,1.2,9000,股
2026-04-23,2313,華通,0.5,65000,股
2026-04-23,C_NTD,,,222083574,元
2026-04-24,3017,奇鋐,6.48,65000,股
2026-04-24,2383,台光電,6.21,41000,股
2026-04-24,6187,萬潤,5.86,148000,股
2026-04-24,2308,台達電,5.62,80000,股
2026-04-24,6274,台燿,5.31,150000,股
2026-04-24,2330,台積電,5.25,71000,股
2026-04-24,3665,貿聯-KY,4.49,48000,股
2026-04-24,6223,旺矽,4.25,27000,股
2026-04-24,3443,創意,3.96,29000,股
2026-04-24,2360,致茂,3.9,60000,股
2026-04-24,7751,竑騰,3.66,45000,股
2026-04-24,8210,勤誠,3.28,80000,股
2026-04-24,3653,健策,3.27,18000,股
2026-04-24,6683,雍智科技,3.21,52000,股
2026-04-24,2345,智邦,3.04,42000,股
2026-04-24,3037,欣興,2.89,108000,股
2026-04-24,2368,金像電,2.78,59000,股
2026-04-24,8299,群聯,2.62,46000,股
2026-04-24,3363,上詮,2.58,92729,股
2026-04-24,3491,昇達科,2.45,46000,股
2026-04-24,8358,金居,2.45,201000,股
2026-04-24,6739,竹陞科技,2.36,47000,股
2026-04-24,6805,富世達,1.95,30000,股
2026-04-24,6669,緯穎,1.57,10000,股
2026-04-24,2337,旺宏,1.52,340000,股
2026-04-24,2455,全新,1.49,127000,股
2026-04-24,6510,精測,1.11,9000,股
2026-04-24,2313,華通,0.47,65000,股
2026-04-24,C_NTD,,,176470855,元
2026-04-27,2383,台光電,6.59,41000,股
2026-04-27,3017,奇鋐,6.26,65000,股
2026-04-27,2308,台達電,5.49,80000,股
2026-04-27,2330,台積電,5.47,71000,股
2026-04-27,6187,萬潤,5.43,148000,股
2026-04-27,6274,台燿,5.05,150000,股
2026-04-27,6223,旺矽,4.48,27000,股
2026-04-27,3665,貿聯-KY,4.29,48000,股
2026-04-27,7751,竑騰,4.05,45000,股
2026-04-27,2360,致茂,3.93,60000,股
2026-04-27,3443,創意,3.9,29000,股
2026-04-27,8210,勤誠,3.17,80000,股
2026-04-27,2345,智邦,3.1,42000,股
2026-04-27,3037,欣興,3.08,108000,股
2026-04-27,3653,健策,3.03,18000,股
2026-04-27,6683,雍智科技,3.02,52000,股
2026-04-27,8299,群聯,2.87,46000,股
2026-04-27,2368,金像電,2.85,59000,股
2026-04-27,3491,昇達科,2.51,46000,股
2026-04-27,6739,竹陞科技,2.4,47000,股
2026-04-27,3363,上詮,2.33,92729,股
2026-04-27,8358,金居,2.29,201000,股
2026-04-27,6805,富世達,2.11,30000,股
2026-04-27,2337,旺宏,1.68,340000,股
2026-04-27,6669,緯穎,1.66,10000,股
2026-04-27,2455,全新,1.34,127000,股
2026-04-27,6510,精測,1.09,9000,股
2026-04-27,8155,博智,0.96,68000,股
2026-04-27,2313,華通,0.52,65000,股
2026-04-27,C_NTD,,,148375466,元
2026-04-28,3017,奇鋐,6.08,65000,股
2026-04-28,2383,台光電,6.03,41000,股
2026-04-28,2308,台達電,5.72,80000,股
2026-04-28,6187,萬潤,5.55,148000,股
2026-04-28,2330,台積電,5.29,71000,股
2026-04-28,6274,台燿,4.87,150000,股
2026-04-28,6223,旺矽,4.43,27000,股
2026-04-28,3665,貿聯-KY,4.25,48000,股
2026-04-28,2360,致茂,4.17,60000,股
2026-04-28,3443,創意,4.09,29000,股
2026-04-28,2345,智邦,3.24,42000,股
2026-04-28,6683,雍智科技,3.23,52000,股
2026-04-28,8210,勤誠,3.15,80000,股
2026-04-28,8299,群聯,3.05,46000,股
2026-04-28,3037,欣興,3.0,108000,股
2026-04-28,3653,健策,3.0,18000,股
2026-04-28,2368,金像電,2.76,59000,股
2026-04-28,3491,昇達科,2.51,46000,股
2026-04-28,8358,金居,2.45,201000,股
2026-04-28,6739,竹陞科技,2.39,47000,股
2026-04-28,3363,上詮,2.32,92729,股
2026-04-28,6805,富世達,2.1,30000,股
2026-04-28,7751,竑騰,2.01,22000,股
2026-04-28,8155,博智,1.94,140000,股
2026-04-28,2337,旺宏,1.82,340000,股
2026-04-28,6669,緯穎,1.61,10000,股
2026-04-28,2455,全新,1.36,127000,股
2026-04-28,6510,精測,1.12,9000,股
2026-04-28,2313,華通,0.52,65000,股
2026-04-28,C_NTD,,,177113729,元
2026-04-29,3017,奇鋐,6.3,65000,股
2026-04-29,2383,台光電,6.23,41000,股
2026-04-29,2308,台達電,5.92,80000,股
2026-04-29,6187,萬潤,5.57,148000,股
2026-04-29,2330,台積電,5.29,71000,股
2026-04-29,6274,台燿,5.0,150000,股
2026-04-29,6223,旺矽,4.57,27000,股
2026-04-29,3665,貿聯-KY,4.56,48000,股
2026-04-29,2360,致茂,4.22,60000,股
2026-04-29,3443,創意,4.09,29000,股
2026-04-29,6683,雍智科技,3.44,52000,股
2026-04-29,3653,健策,3.35,18000,股
2026-04-29,3037,欣興,3.3,120000,股
2026-04-29,8299,群聯,3.26,46000,股
2026-04-29,2345,智邦,3.17,42000,股
2026-04-29,8210,勤誠,3.06,80000,股
2026-04-29,2368,金像電,2.74,59000,股
2026-04-29,8358,金居,2.54,201000,股
2026-04-29,3491,昇達科,2.45,46000,股
2026-04-29,3363,上詮,2.39,92729,股
2026-04-29,6739,竹陞科技,2.39,47000,股
2026-04-29,8028,昇陽半導體,2.15,255000,股
2026-04-29,6805,富世達,2.12,30000,股
2026-04-29,8155,博智,1.99,140000,股
2026-04-29,6669,緯穎,1.66,10000,股
2026-04-29,2455,全新,1.37,127000,股
2026-04-29,6510,精測,1.12,9000,股
2026-04-29,2337,旺宏,0.97,170000,股
2026-04-29,C_NTD,,,139773248,元
2026-04-30,2383,台光電,6.31,41000,股
2026-04-30,3017,奇鋐,6.24,65000,股
2026-04-30,6187,萬潤,6.06,148000,股
2026-04-30,2308,台達電,5.86,80000,股
2026-04-30,2330,台積電,5.13,71000,股
2026-04-30,6274,台燿,5.13,150000,股
2026-04-30,3665,貿聯-KY,4.5,48000,股
2026-04-30,6223,旺矽,4.5,27000,股
2026-04-30,2360,致茂,4.31,60000,股
2026-04-30,3443,創意,4.18,29000,股
2026-04-30,6683,雍智科技,3.74,52000,股
2026-04-30,3037,欣興,3.59,120000,股
2026-04-30,3653,健策,3.28,18000,股
2026-04-30,2345,智邦,3.24,42000,股
2026-04-30,8210,勤誠,3.06,80000,股
2026-04-30,8299,群聯,2.96,46000,股
2026-04-30,2368,金像電,2.78,59000,股
2026-04-30,8358,金居,2.64,201000,股
2026-04-30,3363,上詮,2.41,92729,股
2026-04-30,3491,昇達科,2.41,46000,股
2026-04-30,6739,竹陞科技,2.26,47000,股
2026-04-30,8028,昇陽半導體,2.12,255000,股
2026-04-30,6805,富世達,2.1,30000,股
2026-04-30,8155,博智,1.97,140000,股
2026-04-30,6669,緯穎,1.58,10000,股
2026-04-30,2455,全新,1.49,127000,股
2026-04-30,6510,精測,1.05,9000,股
2026-04-30,2337,旺宏,0.89,170000,股
2026-04-30,C_NTD,,,123384129,元
2026-05-04,2330,台積電,6.3,90000,股
2026-05-04,6187,萬潤,6.06,148000,股
2026-05-04,2383,台光電,6.0,41000,股
2026-05-04,3017,奇鋐,5.77,65000,股
2026-05-04,2308,台達電,5.47,80000,股
2026-05-04,6274,台燿,5.12,150000,股
2026-05-04,3037,欣興,4.77,170000,股
2026-05-04,3665,貿聯-KY,4.34,48000,股
2026-05-04,6223,旺矽,4.29,27000,股
2026-05-04,2360,致茂,4.27,60000,股
2026-05-04,3443,創意,4.18,29000,股
2026-05-04,6683,雍智科技,3.74,52000,股
2026-05-04,2345,智邦,3.24,42000,股
2026-05-04,3653,健策,2.94,18000,股
2026-05-04,8299,群聯,2.85,46000,股
2026-05-04,8210,勤誠,2.83,80000,股
2026-05-04,2368,金像電,2.62,59000,股
2026-05-04,8358,金居,2.49,201000,股
2026-05-04,3491,昇達科,2.41,46000,股
2026-05-04,3363,上詮,2.39,92729,股
2026-05-04,6739,竹陞科技,2.34,52000,股
2026-05-04,6805,富世達,2.05,30000,股
2026-05-04,8028,昇陽半導體,1.92,255000,股
2026-05-04,8155,博智,1.79,140000,股
2026-05-04,6669,緯穎,1.5,10000,股
2026-05-04,2455,全新,1.39,127000,股
2026-05-04,6510,精測,1.05,9000,股
2026-05-04,C_NTD,,,191803141,元
2026-05-05,2330,台積電,5.95,90000,股
2026-05-05,6187,萬潤,5.85,148000,股
2026-05-05,2383,台光電,5.7,41000,股
2026-05-05,6274,台燿,5.37,150000,股
2026-05-05,3017,奇鋐,5.16,65000,股
2026-05-05,2308,台達電,5.09,80000,股
2026-05-05,3037,欣興,4.51,170000,股
2026-05-05,3443,創意,4.12,29000,股
2026-05-05,3665,貿聯-KY,4.05,48000,股
2026-05-05,6223,旺矽,3.96,27000,股
2026-05-05,2360,致茂,3.94,60000,股
2026-05-05,6683,雍智科技,3.92,52000,股
2026-05-05,2345,智邦,3.08,42000,股
2026-05-05,8210,勤誠,2.97,80000,股
2026-05-05,8155,博智,2.9,216000,股
2026-05-05,8299,群聯,2.86,46000,股
2026-05-05,2368,金像電,2.56,59000,股
2026-05-05,8358,金居,2.56,201000,股
2026-05-05,3653,健策,2.53,18000,股
2026-05-05,3363,上詮,2.37,92729,股
2026-05-05,3491,昇達科,2.29,46000,股
2026-05-05,6739,竹陞科技,2.16,52000,股
2026-05-05,8028,昇陽半導體,1.8,255000,股
2026-05-05,6805,富世達,1.76,30000,股
2026-05-05,2455,全新,1.44,127000,股
2026-05-05,6669,緯穎,1.4,10000,股
2026-05-05,2408,南亞科,1.21,161000,股
2026-05-05,6510,精測,0.97,9000,股
2026-05-05,C_NTD,,,256463417,元
2026-05-06,2383,台光電,5.81,41000,股
2026-05-06,2330,台積電,5.8,90000,股
2026-05-06,6274,台燿,5.65,150000,股
2026-05-06,6187,萬潤,5.15,148000,股
2026-05-06,2308,台達電,5.07,80000,股
2026-05-06,3017,奇鋐,4.53,65000,股
2026-05-06,3037,欣興,4.18,170000,股
2026-05-06,3443,創意,4.12,29000,股
2026-05-06,2360,致茂,4.03,60000,股
2026-05-06,6223,旺矽,3.83,27000,股
2026-05-06,3665,貿聯-KY,3.78,48000,股
2026-05-06,6683,雍智科技,3.57,52000,股
2026-05-06,8155,博智,3.33,262000,股
2026-05-06,8299,群聯,3.06,46000,股
2026-05-06,8210,勤誠,3.04,80000,股
2026-05-06,2345,智邦,2.99,42000,股
2026-05-06,8358,金居,2.64,201000,股
2026-05-06,6739,竹陞科技,2.5,60000,股
2026-05-06,2368,金像電,2.44,59000,股
2026-05-06,3653,健策,2.22,18000,股
2026-05-06,3363,上詮,2.17,92729,股
2026-05-06,6805,富世達,2.15,40000,股
2026-05-06,3491,昇達科,2.14,46000,股
2026-05-06,8028,昇陽半導體,1.73,255000,股
2026-05-06,6669,緯穎,1.42,10000,股
2026-05-06,2408,南亞科,1.3,161000,股
2026-05-06,2455,全新,1.27,127000,股
2026-05-06,6510,精測,0.98,9000,股
2026-05-06,C_NTD,,,317597150,元
2026-05-07,6274,台燿,6.16,150000,股
2026-05-07,2330,台積電,5.91,90000,股
2026-05-07,3017,奇鋐,5.9,86000,股
2026-05-07,2383,台光電,5.78,41000,股
2026-05-07,2308,台達電,5.18,80000,股
2026-05-07,6187,萬潤,4.75,148000,股
2026-05-07,3037,欣興,4.66,183000,股
2026-05-07,3443,創意,4.49,29000,股
2026-05-07,2360,致茂,3.96,60000,股
2026-05-07,6223,旺矽,3.86,27000,股
2026-05-07,3665,貿聯-KY,3.79,48000,股
2026-05-07,6683,雍智科技,3.52,52000,股
2026-05-07,8155,博智,3.34,262000,股
2026-05-07,6805,富世達,3.16,58000,股
2026-05-07,8299,群聯,3.12,46000,股
2026-05-07,2345,智邦,3.05,42000,股
2026-05-07,8358,金居,2.68,201000,股
2026-05-07,2368,金像電,2.43,59000,股
2026-05-07,6739,竹陞科技,2.33,60000,股
2026-05-07,3363,上詮,2.15,92729,股
2026-05-07,3491,昇達科,2.12,46000,股
2026-05-07,3653,健策,1.98,18000,股
2026-05-07,8028,昇陽半導體,1.66,255000,股
2026-05-07,6669,緯穎,1.39,10000,股
2026-05-07,2408,南亞科,1.31,161000,股
2026-05-07,2455,全新,1.23,127000,股
2026-05-07,6510,精測,0.95,9000,股
2026-05-07,C_NTD,,,321645632,元
2026-05-08,3017,奇鋐,6.14,86000,股
2026-05-08,2330,台積電,6.01,90000,股
2026-05-08,6274,台燿,6.0,150000,股
2026-05-08,2383,台光電,5.68,41000,股
2026-05-08,2308,台達電,5.14,80000,股
2026-05-08,6187,萬潤,4.62,148000,股
2026-05-08,3443,創意,4.41,29000,股
2026-05-08,6805,富世達,4.39,76000,股
2026-05-08,3037,欣興,4.37,183000,股
2026-05-08,6223,旺矽,3.96,27000,股
2026-05-08,2360,致茂,3.9,60000,股
2026-05-08,3665,貿聯-KY,3.85,48000,股
2026-05-08,8155,博智,3.39,262000,股
2026-05-08,6683,雍智科技,3.35,52000,股
2026-05-08,8299,群聯,3.26,46000,股
2026-05-08,2345,智邦,2.91,42000,股
2026-05-08,8358,金居,2.67,201000,股
2026-05-08,6739,竹陞科技,2.32,60000,股
2026-05-08,2368,金像電,2.29,59000,股
2026-05-08,3491,昇達科,2.22,46000,股
2026-05-08,3363,上詮,2.19,92729,股
2026-05-08,3653,健策,1.92,18000,股
2026-05-08,8028,昇陽半導體,1.68,255000,股
2026-05-08,6669,緯穎,1.52,10000,股
2026-05-08,2408,南亞科,1.29,161000,股
2026-05-08,2455,全新,1.25,127000,股
2026-05-08,6510,精測,0.94,9000,股
2026-05-08,C_NTD,,,285523110,元
2026-05-11,3017,奇鋐,6.18,86000,股
2026-05-11,6274,台燿,6.14,150000,股
2026-05-11,2330,台積電,5.66,90000,股
2026-05-11,2383,台光電,5.59,41000,股
2026-05-11,2308,台達電,5.05,80000,股
2026-05-11,3443,創意,4.67,29000,股
2026-05-11,6187,萬潤,4.62,148000,股
2026-05-11,3037,欣興,4.43,183000,股
2026-05-11,6805,富世達,4.26,76000,股
2026-05-11,2360,致茂,3.98,60000,股
2026-05-11,3665,貿聯-KY,3.92,48000,股
2026-05-11,6223,旺矽,3.78,27000,股
2026-05-11,8299,群聯,3.45,46000,股
2026-05-11,6683,雍智科技,3.32,52000,股
2026-05-11,8155,博智,3.09,262000,股
2026-05-11,2345,智邦,3.06,42000,股
2026-05-11,8358,金居,2.61,201000,股
2026-05-11,6739,竹陞科技,2.43,60000,股
2026-05-11,3491,昇達科,2.35,46000,股
2026-05-11,2368,金像電,2.32,59000,股
2026-05-11,3363,上詮,2.22,92729,股
2026-05-11,3653,健策,2.03,18000,股
2026-05-11,8028,昇陽半導體,1.68,255000,股
2026-05-11,3081,聯亞,1.56,20000,股
2026-05-11,6669,緯穎,1.5,10000,股
2026-05-11,2408,南亞科,1.36,161000,股
2026-05-11,2455,全新,1.29,127000,股
2026-05-11,6781,AES-KY,1.0,27000,股
2026-05-11,6510,精測,0.96,9000,股
2026-05-11,C_NTD,,,194123586,元
2026-05-12,6274,台燿,6.08,150000,股
2026-05-12,3017,奇鋐,6.06,86000,股
2026-05-12,2330,台積電,5.67,90000,股
2026-05-12,2383,台光電,5.62,41000,股
2026-05-12,6187,萬潤,5.05,148000,股
2026-05-12,2308,台達電,4.91,80000,股
2026-05-12,3037,欣興,4.48,183000,股
2026-05-12,6223,旺矽,4.14,27000,股
2026-05-12,2360,致茂,4.09,60000,股
2026-05-12,6805,富世達,3.93,76000,股
2026-05-12,3665,貿聯-KY,3.72,48000,股
2026-05-12,8299,群聯,3.5,46000,股
2026-05-12,6683,雍智科技,3.45,52000,股
2026-05-12,8155,博智,3.08,262000,股
2026-05-12,2345,智邦,2.96,42000,股
2026-05-12,3443,創意,2.96,19000,股
2026-05-12,8358,金居,2.68,201000,股
2026-05-12,3363,上詮,2.38,92729,股
2026-05-12,2368,金像電,2.29,59000,股
2026-05-12,3491,昇達科,2.27,46000,股
2026-05-12,6739,竹陞科技,2.26,60000,股
2026-05-12,3653,健策,1.97,18000,股
2026-05-12,3081,聯亞,1.71,20000,股
2026-05-12,8028,昇陽半導體,1.7,255000,股
2026-05-12,6669,緯穎,1.62,10000,股
2026-05-12,6781,AES-KY,1.51,42000,股
2026-05-12,2408,南亞科,1.44,161000,股
2026-05-12,2455,全新,1.33,127000,股
2026-05-12,6510,精測,0.97,9000,股
2026-05-12,C_NTD,,,220801970,元
2026-05-13,3017,奇鋐,6.33,86000,股
2026-05-13,6274,台燿,6.19,150000,股
2026-05-13,2383,台光電,5.75,41000,股
2026-05-13,2330,台積電,5.69,90000,股
2026-05-13,6187,萬潤,5.16,148000,股
2026-05-13,2308,台達電,4.93,80000,股
2026-05-13,3037,欣興,4.65,183000,股
2026-05-13,6223,旺矽,4.4,27000,股
2026-05-13,2360,致茂,4.11,60000,股
2026-05-13,6805,富世達,3.96,76000,股
2026-05-13,8299,群聯,3.43,46000,股
2026-05-13,3665,貿聯-KY,3.42,48000,股
2026-05-13,6683,雍智科技,3.16,52000,股
2026-05-13,8155,博智,3.16,262000,股
2026-05-13,2345,智邦,2.91,42000,股
2026-05-13,3443,創意,2.88,19000,股
2026-05-13,8358,金居,2.61,201000,股
2026-05-13,2368,金像電,2.27,59000,股
2026-05-13,3363,上詮,2.25,92729,股
2026-05-13,3491,昇達科,2.25,46000,股
2026-05-13,6739,竹陞科技,2.19,60000,股
2026-05-13,3653,健策,1.81,18000,股
2026-05-13,8028,昇陽半導體,1.73,255000,股
2026-05-13,3081,聯亞,1.61,20000,股
2026-05-13,6669,緯穎,1.59,10000,股
2026-05-13,6781,AES-KY,1.48,42000,股
2026-05-13,2408,南亞科,1.47,161000,股
2026-05-13,2455,全新,1.35,127000,股
2026-05-13,6510,精測,0.97,9000,股
2026-05-13,C_NTD,,,220727100,元
2026-05-14,3017,奇鋐,6.32,86000,股
2026-05-14,6274,台燿,6.26,150000,股
2026-05-14,2330,台積電,5.88,90000,股
2026-05-14,2383,台光電,5.8,41000,股
2026-05-14,2308,台達電,4.96,80000,股
2026-05-14,6223,旺矽,4.89,27000,股
2026-05-14,6187,萬潤,4.85,148000,股
2026-05-14,3037,欣興,4.64,183000,股
2026-05-14,2360,致茂,3.9,60000,股
2026-05-14,6805,富世達,3.89,76000,股
2026-05-14,8299,群聯,3.81,46000,股
2026-05-14,2345,智邦,3.23,42000,股
2026-05-14,8155,博智,3.15,262000,股
2026-05-14,3081,聯亞,3.13,37000,股
2026-05-14,3665,貿聯-KY,3.11,48000,股
2026-05-14,6683,雍智科技,2.88,52000,股
2026-05-14,8358,金居,2.47,201000,股
2026-05-14,2368,金像電,2.43,59000,股
2026-05-14,3363,上詮,2.41,92729,股
2026-05-14,6739,竹陞科技,2.3,60000,股
2026-05-14,3491,昇達科,2.15,46000,股
2026-05-14,8028,昇陽半導體,1.92,255000,股
2026-05-14,3653,健策,1.74,18000,股
2026-05-14,2408,南亞科,1.58,161000,股
2026-05-14,6669,緯穎,1.56,10000,股
2026-05-14,3443,創意,1.46,10000,股
2026-05-14,6781,AES-KY,1.43,42000,股
2026-05-14,2455,全新,1.31,127000,股
2026-05-14,6510,精測,1.07,9000,股
2026-05-14,8996,高力,1.01,33000,股
2026-05-14,C_NTD,,,154802897,元
2026-05-15,3017,奇鋐,6.43,86000,股
2026-05-15,2330,台積電,6.21,90000,股
2026-05-15,6274,台燿,5.96,150000,股
2026-05-15,2383,台光電,5.76,41000,股
2026-05-15,6187,萬潤,5.07,148000,股
2026-05-15,2308,台達電,5.05,80000,股
2026-05-15,6223,旺矽,4.85,27000,股
2026-05-15,3037,欣興,4.57,183000,股
2026-05-15,2360,致茂,4.09,60000,股
2026-05-15,6805,富世達,4.01,76000,股
2026-05-15,8299,群聯,3.71,46000,股
2026-05-15,2345,智邦,3.2,42000,股
2026-05-15,8155,博智,3.18,262000,股
2026-05-15,3665,貿聯-KY,3.06,48000,股
2026-05-15,3081,聯亞,2.99,37000,股
2026-05-15,6683,雍智科技,2.75,52000,股
2026-05-15,8358,金居,2.38,201000,股
2026-05-15,3363,上詮,2.37,92729,股
2026-05-15,3491,昇達科,2.37,46000,股
2026-05-15,6739,竹陞科技,2.35,60000,股
2026-05-15,8028,昇陽半導體,2.23,255000,股
2026-05-15,6510,精測,2.05,18000,股
2026-05-15,3653,健策,1.9,18000,股
2026-05-15,6669,緯穎,1.56,10000,股
2026-05-15,2408,南亞科,1.53,161000,股
2026-05-15,3443,創意,1.48,10000,股
2026-05-15,6781,AES-KY,1.48,42000,股
2026-05-15,2455,全新,1.39,127000,股
2026-05-15,2368,金像電,1.37,35000,股
2026-05-15,8996,高力,1.04,33000,股
2026-05-15,C_NTD,,,118551307,元
2026-05-18,3017,奇鋐,6.32,86000,股
2026-05-18,2330,台積電,6.14,90000,股
2026-05-18,6274,台燿,5.76,150000,股
2026-05-18,2383,台光電,5.68,41000,股
2026-05-18,6187,萬潤,5.12,148000,股
2026-05-18,6223,旺矽,5.05,27000,股
2026-05-18,2308,台達電,4.92,80000,股
2026-05-18,3037,欣興,4.55,183000,股
2026-05-18,6805,富世達,4.02,76000,股
2026-05-18,2360,致茂,3.99,60000,股
2026-05-18,8299,群聯,3.83,46000,股
2026-05-18,8155,博智,3.28,262000,股
2026-05-18,2345,智邦,3.19,42000,股
2026-05-18,3081,聯亞,3.06,37000,股
2026-05-18,3665,貿聯-KY,2.96,48000,股
2026-05-18,6683,雍智科技,2.85,52000,股
2026-05-18,8358,金居,2.62,201000,股
2026-05-18,3491,昇達科,2.6,46000,股
2026-05-18,6739,竹陞科技,2.29,60000,股
2026-05-18,3363,上詮,2.27,92729,股
2026-05-18,8028,昇陽半導體,2.16,255000,股
2026-05-18,6510,精測,2.04,18000,股
2026-05-18,3653,健策,1.79,18000,股
2026-05-18,6669,緯穎,1.55,10000,股
2026-05-18,6781,AES-KY,1.52,42000,股
2026-05-18,2408,南亞科,1.5,161000,股
2026-05-18,2455,全新,1.5,127000,股
2026-05-18,3443,創意,1.44,10000,股
2026-05-18,2368,金像電,1.33,35000,股
2026-05-18,8996,高力,1.05,33000,股
2026-05-18,C_NTD,,,118346726,元
2026-05-19,3017,奇鋐,6.48,86000,股
2026-05-19,2330,台積電,6.26,90000,股
2026-05-19,2383,台光電,5.86,41000,股
2026-05-19,6274,台燿,5.79,150000,股
2026-05-19,3037,欣興,5.75,223000,股
2026-05-19,6187,萬潤,5.2,148000,股
2026-05-19,6223,旺矽,4.88,27000,股
2026-05-19,2308,台達電,4.83,80000,股
2026-05-19,6805,富世達,4.24,76000,股
2026-05-19,2360,致茂,3.89,60000,股
2026-05-19,8299,群聯,3.58,46000,股
2026-05-19,8155,博智,3.3,262000,股
2026-05-19,2345,智邦,3.17,42000,股
2026-05-19,3665,貿聯-KY,3.01,48000,股
2026-05-19,3081,聯亞,2.91,37000,股
2026-05-19,8358,金居,2.72,201000,股
2026-05-19,6683,雍智科技,2.66,52000,股
2026-05-19,3491,昇達科,2.56,46000,股
2026-05-19,6739,竹陞科技,2.3,60000,股
2026-05-19,3363,上詮,2.27,92729,股
2026-05-19,8028,昇陽半導體,2.11,255000,股
2026-05-19,6510,精測,1.96,18000,股
2026-05-19,3653,健策,1.75,18000,股
2026-05-19,6669,緯穎,1.54,10000,股
2026-05-19,2455,全新,1.53,127000,股
2026-05-19,6781,AES-KY,1.49,42000,股
2026-05-19,2368,金像電,1.42,35000,股
2026-05-19,3443,創意,1.41,10000,股
2026-05-19,2408,南亞科,1.39,161000,股
2026-05-19,8996,高力,1.08,33000,股
2026-05-19,C_NTD,,,84152838,元
2026-05-20,3017,奇鋐,6.29,86000,股
2026-05-20,2330,台積電,6.15,90000,股
2026-05-20,3037,欣興,5.74,223000,股
2026-05-20,6274,台燿,5.65,150000,股
2026-05-20,2383,台光電,5.64,41000,股
2026-05-20,6187,萬潤,5.02,148000,股
2026-05-20,6223,旺矽,4.8,27000,股
2026-05-20,2308,台達電,4.79,80000,股
2026-05-20,6805,富世達,4.09,76000,股
2026-05-20,2360,致茂,3.88,60000,股
2026-05-20,8299,群聯,3.26,46000,股
2026-05-20,8155,博智,3.21,262000,股
2026-05-20,2345,智邦,3.09,42000,股
2026-05-20,3081,聯亞,2.99,37000,股
2026-05-20,3665,貿聯-KY,2.95,48000,股
2026-05-20,6683,雍智科技,2.9,52000,股
2026-05-20,8358,金居,2.89,201000,股
2026-05-20,3491,昇達科,2.53,46000,股
2026-05-20,6739,竹陞科技,2.33,60000,股
2026-05-20,3363,上詮,2.25,92729,股
2026-05-20,8028,昇陽半導體,2.06,255000,股
2026-05-20,6510,精測,1.91,18000,股
2026-05-20,3653,健策,1.71,18000,股
2026-05-20,2455,全新,1.59,127000,股
2026-05-20,6669,緯穎,1.54,10000,股
2026-05-20,3443,創意,1.44,10000,股
2026-05-20,6781,AES-KY,1.43,42000,股
2026-05-20,2408,南亞科,1.38,161000,股
2026-05-20,2368,金像電,1.35,35000,股
2026-05-20,8996,高力,1.03,33000,股
2026-05-20,C_NTD,,,131700552,元
2026-05-21,3017,奇鋐,6.35,86000,股
2026-05-21,3037,欣興,5.97,223000,股
2026-05-21,2330,台積電,5.94,90000,股
2026-05-21,6274,台燿,5.88,150000,股
2026-05-21,2383,台光電,5.69,41000,股
2026-05-21,2308,台達電,4.8,80000,股
2026-05-21,6187,萬潤,4.77,148000,股
2026-05-21,6223,旺矽,4.51,27000,股
2026-05-21,6805,富世達,4.07,76000,股
2026-05-21,2360,致茂,4.03,60000,股
2026-05-21,8155,博智,3.2,262000,股
2026-05-21,8299,群聯,3.18,46000,股
2026-05-21,2345,智邦,3.08,42000,股
2026-05-21,3665,貿聯-KY,3.06,48000,股
2026-05-21,8358,金居,2.96,201000,股
2026-05-21,3081,聯亞,2.8,37000,股
2026-05-21,6683,雍智科技,2.59,52000,股
2026-05-21,3491,昇達科,2.52,46000,股
2026-05-21,2455,全新,2.34,205000,股
2026-05-21,3363,上詮,2.24,92729,股
2026-05-21,6739,竹陞科技,2.22,60000,股
2026-05-21,8028,昇陽半導體,2.02,255000,股
2026-05-21,6510,精測,1.78,18000,股
2026-05-21,3653,健策,1.77,18000,股
2026-05-21,6669,緯穎,1.58,10000,股
2026-05-21,3443,創意,1.5,10000,股
2026-05-21,6781,AES-KY,1.42,42000,股
2026-05-21,2408,南亞科,1.4,161000,股
2026-05-21,2368,金像電,1.33,35000,股
2026-05-21,8996,高力,1.04,33000,股
2026-05-21,C_NTD,,,133942337,元
2026-05-22,3017,奇鋐,6.22,86000,股
2026-05-22,6274,台燿,6.21,150000,股
2026-05-22,3037,欣興,6.15,223000,股
2026-05-22,2383,台光電,5.84,41000,股
2026-05-22,2330,台積電,5.77,90000,股
2026-05-22,6187,萬潤,4.8,148000,股
2026-05-22,2308,台達電,4.77,80000,股
2026-05-22,6223,旺矽,4.63,27000,股
2026-05-22,6805,富世達,3.88,76000,股
2026-05-22,2360,致茂,3.87,60000,股
2026-05-22,8299,群聯,3.18,46000,股
2026-05-22,8155,博智,3.08,262000,股
2026-05-22,3665,貿聯-KY,3.04,48000,股
2026-05-22,8358,金居,2.98,201000,股
2026-05-22,2345,智邦,2.95,42000,股
2026-05-22,3081,聯亞,2.85,37000,股
2026-05-22,3491,昇達科,2.52,46000,股
2026-05-22,2455,全新,2.48,205000,股
2026-05-22,6683,雍智科技,2.44,52000,股
2026-05-22,3363,上詮,2.25,92729,股
2026-05-22,6739,竹陞科技,2.18,60000,股
2026-05-22,8028,昇陽半導體,2.13,255000,股
2026-05-22,3653,健策,1.87,18000,股
2026-05-22,6510,精測,1.74,18000,股
2026-05-22,6669,緯穎,1.57,10000,股
2026-05-22,3443,創意,1.46,10000,股
2026-05-22,6781,AES-KY,1.45,42000,股
2026-05-22,2408,南亞科,1.42,161000,股
2026-05-22,2368,金像電,1.32,35000,股
2026-05-22,8996,高力,1.1,33000,股
2026-05-22,5274,信驊,1.01,2000,股
2026-05-22,C_NTD,,,99276663,元
2026-05-25,6274,台燿,6.54,150000,股
2026-05-25,2383,台光電,6.15,41000,股
2026-05-25,3017,奇鋐,6.03,86000,股
2026-05-25,3037,欣興,6.01,223000,股
2026-05-25,2330,台積電,5.66,90000,股
2026-05-25,2308,台達電,4.99,80000,股
2026-05-25,6187,萬潤,4.88,148000,股
2026-05-25,6223,旺矽,4.56,27000,股
2026-05-25,2360,致茂,4.02,60000,股
2026-05-25,6805,富世達,3.61,76000,股
2026-05-25,3665,貿聯-KY,3.12,48000,股
2026-05-25,8299,群聯,3.11,46000,股
2026-05-25,8155,博智,3.0,262000,股
2026-05-25,8358,金居,2.98,201000,股
2026-05-25,3081,聯亞,2.95,37000,股
2026-05-25,2345,智邦,2.91,42000,股
2026-05-25,3491,昇達科,2.62,46000,股
2026-05-25,6683,雍智科技,2.57,52000,股
2026-05-25,2455,全新,2.48,205000,股
2026-05-25,6739,竹陞科技,2.21,60000,股
2026-05-25,8028,昇陽半導體,2.16,255000,股
2026-05-25,3363,上詮,2.14,92729,股
2026-05-25,3653,健策,1.85,18000,股
2026-05-25,6510,精測,1.69,18000,股
2026-05-25,6669,緯穎,1.53,10000,股
2026-05-25,3443,創意,1.45,10000,股
2026-05-25,6781,AES-KY,1.44,42000,股
2026-05-25,2368,金像電,1.36,35000,股
2026-05-25,2408,南亞科,1.3,161000,股
2026-05-25,8996,高力,1.02,33000,股
2026-05-25,5274,信驊,0.97,2000,股
2026-05-25,C_NTD,,,99054011,元
2026-05-26,3037,欣興,6.55,223000,股
2026-05-26,6274,台燿,6.42,150000,股
2026-05-26,3017,奇鋐,6.35,86000,股
2026-05-26,2383,台光電,5.88,41000,股
2026-05-26,2330,台積電,5.53,90000,股
2026-05-26,2308,台達電,5.09,80000,股
2026-05-26,6187,萬潤,4.63,148000,股
2026-05-26,6223,旺矽,4.56,27000,股
2026-05-26,2360,致茂,4.06,60000,股
2026-05-26,6805,富世達,3.67,76000,股
2026-05-26,3081,聯亞,3.17,37000,股
2026-05-26,8299,群聯,3.12,46000,股
2026-05-26,2345,智邦,2.98,42000,股
2026-05-26,8155,博智,2.97,262000,股
2026-05-26,3665,貿聯-KY,2.94,48000,股
2026-05-26,8358,金居,2.9,201000,股
2026-05-26,3491,昇達科,2.59,46000,股
2026-05-26,6683,雍智科技,2.54,52000,股
2026-05-26,2455,全新,2.35,205000,股
2026-05-26,3363,上詮,2.22,92729,股
2026-05-26,6739,竹陞科技,2.21,60000,股
2026-05-26,2454,聯發科,1.96,17000,股
2026-05-26,3653,健策,1.79,18000,股
2026-05-26,6510,精測,1.67,18000,股
2026-05-26,3443,創意,1.43,10000,股
2026-05-26,6669,緯穎,1.43,10000,股
2026-05-26,6781,AES-KY,1.42,42000,股
2026-05-26,2368,金像電,1.37,35000,股
2026-05-26,2408,南亞科,1.32,161000,股
2026-05-26,8996,高力,1.11,33000,股
2026-05-26,5274,信驊,0.93,2000,股
2026-05-26,C_NTD,,,104116678,元
2026-05-27,6274,台燿,6.66,150000,股
2026-05-27,3037,欣興,6.56,223000,股
2026-05-27,3017,奇鋐,6.33,86000,股
2026-05-27,2383,台光電,5.93,41000,股
2026-05-27,2330,台積電,5.64,90000,股
2026-05-27,2308,台達電,5.49,80000,股
2026-05-27,6223,旺矽,4.7,27000,股
2026-05-27,6187,萬潤,4.56,148000,股
2026-05-27,2360,致茂,4.29,60000,股
2026-05-27,6805,富世達,3.6,76000,股
2026-05-27,8299,群聯,3.11,46000,股
2026-05-27,8358,金居,3.07,201000,股
2026-05-27,2345,智邦,3.0,42000,股
2026-05-27,3081,聯亞,2.91,37000,股
2026-05-27,8155,博智,2.86,262000,股
2026-05-27,3491,昇達科,2.61,46000,股
2026-05-27,6683,雍智科技,2.52,52000,股
2026-05-27,2455,全新,2.34,205000,股
2026-05-27,2454,聯發科,2.15,17000,股
2026-05-27,3363,上詮,2.14,92729,股
2026-05-27,6739,竹陞科技,2.12,60000,股
2026-05-27,8996,高力,1.99,60000,股
2026-05-27,3653,健策,1.8,18000,股
2026-05-27,6510,精測,1.57,18000,股
2026-05-27,5274,信驊,1.49,3000,股
2026-05-27,3443,創意,1.39,10000,股
2026-05-27,6669,緯穎,1.38,10000,股
2026-05-27,6781,AES-KY,1.38,42000,股
2026-05-27,2408,南亞科,1.37,161000,股
2026-05-27,2368,金像電,1.31,35000,股
2026-05-27,3665,貿聯-KY,0.92,16000,股
2026-05-27,C_NTD,,,103326114,元
2026-05-28,6274,台燿,6.5,150000,股
2026-05-28,3037,欣興,6.43,223000,股
2026-05-28,3017,奇鋐,6.25,86000,股
2026-05-28,2383,台光電,5.83,41000,股
2026-05-28,2330,台積電,5.81,90000,股
2026-05-28,2308,台達電,5.38,80000,股
2026-05-28,6187,萬潤,5.17,148000,股
2026-05-28,6223,旺矽,4.5,27000,股
2026-05-28,2360,致茂,4.34,60000,股
2026-05-28,6805,富世達,3.78,76000,股
2026-05-28,8299,群聯,3.17,46000,股
2026-05-28,8358,金居,3.13,201000,股
2026-05-28,8155,博智,2.9,262000,股
2026-05-28,2345,智邦,2.88,42000,股
2026-05-28,3081,聯亞,2.76,37000,股
2026-05-28,3491,昇達科,2.59,46000,股
2026-05-28,6683,雍智科技,2.49,52000,股
2026-05-28,2455,全新,2.26,205000,股
2026-05-28,3363,上詮,2.13,92729,股
2026-05-28,6739,竹陞科技,2.12,60000,股
2026-05-28,2454,聯發科,2.11,17000,股
2026-05-28,8996,高力,1.85,60000,股
2026-05-28,3653,健策,1.77,18000,股
2026-05-28,6510,精測,1.66,18000,股
2026-05-28,5274,信驊,1.51,3000,股
2026-05-28,2408,南亞科,1.47,161000,股
2026-05-28,6669,緯穎,1.39,10000,股
2026-05-28,6781,AES-KY,1.37,42000,股
2026-05-28,2368,金像電,1.29,35000,股
2026-05-28,3443,創意,1.29,10000,股
2026-05-28,3665,貿聯-KY,0.95,16000,股
2026-05-28,C_NTD,,,103247729,元
2026-05-29,6274,台燿,6.99,150000,股
2026-05-29,3037,欣興,6.49,223000,股
2026-05-29,3017,奇鋐,6.32,86000,股
2026-05-29,2330,台積電,5.85,90000,股
2026-05-29,2383,台光電,5.79,41000,股
2026-05-29,2308,台達電,5.39,80000,股
2026-05-29,6187,萬潤,5.25,170000,股
2026-05-29,6223,旺矽,4.44,27000,股
2026-05-29,2360,致茂,4.17,60000,股
2026-05-29,6805,富世達,4.05,76000,股
2026-05-29,8358,金居,3.37,201000,股
2026-05-29,8299,群聯,3.27,46000,股
2026-05-29,8155,博智,2.88,262000,股
2026-05-29,2345,智邦,2.81,42000,股
2026-05-29,3491,昇達科,2.79,46000,股
2026-05-29,3081,聯亞,2.67,37000,股
2026-05-29,2455,全新,2.39,205000,股
2026-05-29,6683,雍智科技,2.39,52000,股
2026-05-29,3363,上詮,2.04,92729,股
2026-05-29,6739,竹陞科技,2.04,60000,股
2026-05-29,2454,聯發科,2.02,17000,股
2026-05-29,8996,高力,1.8,60000,股
2026-05-29,3653,健策,1.76,18000,股
2026-05-29,5274,信驊,1.57,3000,股
2026-05-29,2408,南亞科,1.54,161000,股
2026-05-29,6669,緯穎,1.5,10000,股
2026-05-29,6781,AES-KY,1.34,42000,股
2026-05-29,2368,金像電,1.27,35000,股
2026-05-29,3665,貿聯-KY,0.92,16000,股
2026-05-29,C_NTD,,,177197899,元
2026-06-01,6274,台燿,6.95,150000,股
2026-06-01,3017,奇鋐,6.51,86000,股
2026-06-01,3037,欣興,6.37,223000,股
2026-06-01,2330,台積電,5.76,90000,股
2026-06-01,2383,台光電,5.65,41000,股
2026-06-01,2308,台達電,5.26,80000,股
2026-06-01,6187,萬潤,4.95,170000,股
2026-06-01,6805,富世達,4.38,76000,股
2026-06-01,2360,致茂,4.21,60000,股
2026-06-01,6223,旺矽,4.17,27000,股
2026-06-01,8358,金居,3.65,201000,股
2026-06-01,8299,群聯,3.46,46000,股
2026-06-01,2345,智邦,2.87,42000,股
2026-06-01,8155,博智,2.84,262000,股
2026-06-01,3491,昇達科,2.71,46000,股
2026-06-01,3081,聯亞,2.7,37000,股
2026-06-01,6683,雍智科技,2.42,52000,股
2026-06-01,2455,全新,2.32,205000,股
2026-06-01,2454,聯發科,2.11,17000,股
2026-06-01,6739,竹陞科技,2.05,60000,股
2026-06-01,3363,上詮,2.04,92729,股
2026-06-01,3653,健策,1.88,18000,股
2026-06-01,8996,高力,1.7,60000,股
2026-06-01,2408,南亞科,1.67,161000,股
2026-06-01,5274,信驊,1.51,3000,股
2026-06-01,6669,緯穎,1.5,10000,股
2026-06-01,6781,AES-KY,1.37,42000,股
2026-06-01,2368,金像電,1.26,35000,股
2026-06-01,3665,貿聯-KY,0.92,16000,股
2026-06-01,C_NTD,,,176966464,元
2026-06-02,3017,奇鋐,6.77,86000,股
2026-06-02,3037,欣興,6.34,223000,股
2026-06-02,2330,台積電,6.25,90000,股
2026-06-02,6274,台燿,6.03,130000,股
2026-06-02,2383,台光電,5.81,41000,股
2026-06-02,2308,台達電,5.51,80000,股
2026-06-02,6187,萬潤,5.01,170000,股
2026-06-02,6805,富世達,4.86,76000,股
2026-06-02,6223,旺矽,4.34,27000,股
2026-06-02,2360,致茂,4.24,60000,股
2026-06-02,8299,群聯,3.78,46000,股
2026-06-02,8358,金居,3.68,201000,股
2026-06-02,8155,博智,3.0,262000,股
2026-06-02,2345,智邦,2.97,42000,股
2026-06-02,3081,聯亞,2.78,37000,股
2026-06-02,3491,昇達科,2.78,46000,股
2026-06-02,6683,雍智科技,2.65,52000,股
2026-06-02,2455,全新,2.39,205000,股
2026-06-02,6739,竹陞科技,2.25,60000,股
2026-06-02,2454,聯發科,2.24,17000,股
2026-06-02,3363,上詮,2.17,92729,股
2026-06-02,3653,健策,2.1,18000,股
2026-06-02,2408,南亞科,1.97,161000,股
2026-06-02,8996,高力,1.84,60000,股
2026-06-02,5274,信驊,1.58,3000,股
2026-06-02,2368,金像電,1.3,35000,股
2026-06-02,3665,貿聯-KY,1.02,16000,股
2026-06-02,4764,雙鍵,0.49,56000,股
2026-06-02,C_NTD,,,131937599,元
2026-06-03,3017,奇鋐,7.0,86000,股
2026-06-03,3037,欣興,6.35,223000,股
2026-06-03,6274,台燿,6.28,130000,股
2026-06-03,2330,台積電,6.22,90000,股
2026-06-03,2383,台光電,5.64,41000,股
2026-06-03,2308,台達電,5.6,80000,股
2026-06-03,6187,萬潤,5.16,170000,股
2026-06-03,6223,旺矽,4.54,27000,股
2026-06-03,6805,富世達,4.51,76000,股
2026-06-03,2360,致茂,4.35,60000,股
2026-06-03,8299,群聯,3.52,46000,股
2026-06-03,8358,金居,3.52,201000,股
2026-06-03,2345,智邦,3.09,42000,股
2026-06-03,3081,聯亞,2.98,37000,股
2026-06-03,8155,博智,2.95,262000,股
2026-06-03,3491,昇達科,2.65,46000,股
2026-06-03,6683,雍智科技,2.54,52000,股
2026-06-03,2455,全新,2.42,205000,股
2026-06-03,3363,上詮,2.34,92729,股
2026-06-03,6739,竹陞科技,2.23,60000,股
2026-06-03,2454,聯發科,2.2,17000,股
2026-06-03,3653,健策,2.0,18000,股
2026-06-03,8996,高力,1.87,60000,股
2026-06-03,2408,南亞科,1.84,161000,股
2026-06-03,5274,信驊,1.54,3000,股
2026-06-03,2368,金像電,1.38,35000,股
2026-06-03,3665,貿聯-KY,1.05,16000,股
2026-06-03,4764,雙鍵,0.99,118000,股
2026-06-03,C_NTD,,,113642979,元
2026-06-04,3017,奇鋐,6.77,86000,股
2026-06-04,6274,台燿,6.4,130000,股
2026-06-04,3037,欣興,6.29,223000,股
2026-06-04,2330,台積電,6.24,90000,股
2026-06-04,2383,台光電,5.75,41000,股
2026-06-04,2308,台達電,5.64,80000,股
2026-06-04,6187,萬潤,5.51,170000,股
2026-06-04,6223,旺矽,4.76,27000,股
2026-06-04,2360,致茂,4.57,60000,股
2026-06-04,6805,富世達,4.38,76000,股
2026-06-04,8299,群聯,3.45,46000,股
2026-06-04,8358,金居,3.3,201000,股
2026-06-04,2345,智邦,3.06,42000,股
2026-06-04,8155,博智,2.91,262000,股
2026-06-04,3081,聯亞,2.77,37000,股
2026-06-04,3491,昇達科,2.61,46000,股
2026-06-04,6683,雍智科技,2.54,52000,股
2026-06-04,3665,貿聯-KY,2.5,40000,股
2026-06-04,2455,全新,2.39,205000,股
2026-06-04,3363,上詮,2.26,92729,股
2026-06-04,6739,竹陞科技,2.22,60000,股
2026-06-04,2454,聯發科,2.19,17000,股
2026-06-04,8996,高力,2.08,64000,股
2026-06-04,3653,健策,1.95,18000,股
2026-06-04,2408,南亞科,1.85,161000,股
2026-06-04,5274,信驊,1.59,3000,股
2026-06-04,2368,金像電,1.37,35000,股
2026-06-04,4764,雙鍵,0.98,118000,股
2026-06-04,C_NTD,,,56974741,元
2026-06-05,3017,奇鋐,6.63,86000,股
2026-06-05,2330,台積電,6.31,90000,股
2026-06-05,6274,台燿,6.2,130000,股
2026-06-05,3037,欣興,6.16,223000,股
2026-06-05,2383,台光電,5.93,41000,股
2026-06-05,6187,萬潤,5.64,170000,股
2026-06-05,2308,台達電,5.45,80000,股
2026-06-05,6223,旺矽,4.61,27000,股
2026-06-05,2360,致茂,4.56,60000,股
2026-06-05,6805,富世達,4.39,76000,股
2026-06-05,8358,金居,3.55,201000,股
2026-06-05,8299,群聯,3.34,46000,股
2026-06-05,3665,貿聯-KY,3.13,48000,股
2026-06-05,2345,智邦,3.1,42000,股
2026-06-05,3081,聯亞,2.91,37000,股
2026-06-05,8155,博智,2.88,262000,股
2026-06-05,3491,昇達科,2.64,46000,股
2026-06-05,3363,上詮,2.49,92729,股
2026-06-05,6683,雍智科技,2.48,52000,股
2026-06-05,2455,全新,2.42,205000,股
2026-06-05,2454,聯發科,2.17,17000,股
2026-06-05,8996,高力,2.13,64000,股
2026-06-05,3653,健策,1.93,18000,股
2026-06-05,2408,南亞科,1.72,161000,股
2026-06-05,5274,信驊,1.56,3000,股
2026-06-05,2368,金像電,1.36,35000,股
2026-06-05,6739,竹陞科技,1.08,30000,股
2026-06-05,4764,雙鍵,0.99,118000,股
2026-06-05,C_NTD,,,75301160,元
2026-06-08,3017,奇鋐,6.79,86000,股
2026-06-08,2330,台積電,6.35,90000,股
2026-06-08,3037,欣興,6.24,223000,股
2026-06-08,6274,台燿,6.13,130000,股
2026-06-08,2383,台光電,6.01,41000,股
2026-06-08,6187,萬潤,5.64,170000,股
2026-06-08,2308,台達電,5.54,80000,股
2026-06-08,6223,旺矽,4.58,27000,股
2026-06-08,2360,致茂,4.52,60000,股
2026-06-08,6805,富世達,4.43,76000,股
2026-06-08,8358,金居,3.62,201000,股
2026-06-08,8299,群聯,3.18,46000,股
2026-06-08,2345,智邦,3.12,42000,股
2026-06-08,3665,貿聯-KY,3.09,48000,股
2026-06-08,8155,博智,2.9,262000,股
2026-06-08,3081,聯亞,2.84,37000,股
2026-06-08,3491,昇達科,2.52,46000,股
2026-06-08,6683,雍智科技,2.39,52000,股
2026-06-08,8996,高力,2.38,64000,股
2026-06-08,3363,上詮,2.36,92729,股
2026-06-08,2455,全新,2.27,205000,股
2026-06-08,2454,聯發科,2.13,17000,股
2026-06-08,3653,健策,2.11,18000,股
2026-06-08,2408,南亞科,1.68,161000,股
2026-06-08,5274,信驊,1.62,3000,股
2026-06-08,2368,金像電,1.46,35000,股
2026-06-08,4764,雙鍵,0.98,118000,股
2026-06-08,C_NTD,,,101185393,元
2026-06-09,3017,奇鋐,6.56,86000,股
2026-06-09,3037,欣興,6.48,223000,股
2026-06-09,6274,台燿,6.29,130000,股
2026-06-09,2383,台光電,6.23,41000,股
2026-06-09,2330,台積電,6.22,90000,股
2026-06-09,2308,台達電,5.79,80000,股
2026-06-09,6187,萬潤,5.76,170000,股
2026-06-09,6223,旺矽,4.76,27000,股
2026-06-09,6805,富世達,4.44,76000,股
2026-06-09,2360,致茂,4.3,60000,股
2026-06-09,8358,金居,3.68,201000,股
2026-06-09,8299,群聯,3.25,46000,股
2026-06-09,3665,貿聯-KY,3.1,48000,股
2026-06-09,8155,博智,2.86,262000,股
2026-06-09,3081,聯亞,2.76,37000,股
2026-06-09,8996,高力,2.55,64000,股
2026-06-09,3491,昇達科,2.5,46000,股
2026-06-09,2455,全新,2.43,205000,股
2026-06-09,6683,雍智科技,2.35,52000,股
2026-06-09,3363,上詮,2.31,92729,股
2026-06-09,2454,聯發科,2.28,17000,股
2026-06-09,3653,健策,2.12,18000,股
2026-06-09,2345,智邦,2.08,28000,股
2026-06-09,2408,南亞科,1.75,161000,股
2026-06-09,5274,信驊,1.61,3000,股
2026-06-09,2368,金像電,1.57,35000,股
2026-06-09,4764,雙鍵,0.96,118000,股
2026-06-09,C_NTD,,,100592435,元
2026-06-10,2330,台積電,6.52,90000,股
2026-06-10,3017,奇鋐,6.52,86000,股
2026-06-10,2383,台光電,6.51,41000,股
2026-06-10,3037,欣興,6.34,223000,股
2026-06-10,6274,台燿,6.27,130000,股
2026-06-10,6187,萬潤,5.82,170000,股
2026-06-10,2308,台達電,5.66,80000,股
2026-06-10,6223,旺矽,5.01,27000,股
2026-06-10,6805,富世達,4.29,76000,股
2026-06-10,2360,致茂,4.26,60000,股
2026-06-10,8358,金居,3.59,201000,股
2026-06-10,3665,貿聯-KY,3.33,48000,股
2026-06-10,8299,群聯,3.19,46000,股
2026-06-10,8155,博智,2.99,262000,股
2026-06-10,3081,聯亞,2.67,37000,股
2026-06-10,8996,高力,2.51,64000,股
2026-06-10,6683,雍智科技,2.36,52000,股
2026-06-10,2455,全新,2.34,205000,股
2026-06-10,2454,聯發科,2.27,17000,股
2026-06-10,3363,上詮,2.23,92729,股
2026-06-10,3653,健策,2.2,18000,股
2026-06-10,2345,智邦,2.13,28000,股
2026-06-10,2408,南亞科,1.72,161000,股
2026-06-10,5274,信驊,1.62,3000,股
2026-06-10,2368,金像電,1.6,35000,股
2026-06-10,6139,亞翔,1.54,65000,股
2026-06-10,3491,昇達科,1.21,23000,股
2026-06-10,4764,雙鍵,0.98,118000,股
2026-06-10,C_NTD,,,72628410,元
2026-06-11,2383,台光電,6.79,41000,股
2026-06-11,2330,台積電,6.59,90000,股
2026-06-11,3017,奇鋐,6.53,86000,股
2026-06-11,6274,台燿,6.24,130000,股
2026-06-11,3037,欣興,6.19,223000,股
2026-06-11,6187,萬潤,5.69,170000,股
2026-06-11,2308,台達電,5.62,80000,股
2026-06-11,6223,旺矽,5.35,27000,股
2026-06-11,6805,富世達,4.32,76000,股
2026-06-11,2360,致茂,4.27,60000,股
2026-06-11,3665,貿聯-KY,3.37,48000,股
2026-06-11,8299,群聯,3.29,46000,股
2026-06-11,8155,博智,2.96,262000,股
2026-06-11,3081,聯亞,2.6,37000,股
2026-06-11,8996,高力,2.37,64000,股
2026-06-11,6683,雍智科技,2.35,52000,股
2026-06-11,2454,聯發科,2.26,17000,股
2026-06-11,3363,上詮,2.2,92729,股
2026-06-11,2455,全新,2.13,205000,股
2026-06-11,3653,健策,2.12,18000,股
2026-06-11,2345,智邦,2.07,28000,股
2026-06-11,8358,金居,2.0,114000,股
2026-06-11,2408,南亞科,1.78,161000,股
2026-06-11,5274,信驊,1.72,3000,股
2026-06-11,6139,亞翔,1.55,65000,股
2026-06-11,2368,金像電,1.53,35000,股
2026-06-11,3491,昇達科,1.26,23000,股
2026-06-11,4764,雙鍵,0.99,118000,股
2026-06-11,C_NTD,,,118595014,元
2026-06-12,2330,台積電,6.58,90000,股
2026-06-12,3017,奇鋐,6.54,86000,股
2026-06-12,3037,欣興,6.36,223000,股
2026-06-12,2383,台光電,6.26,41000,股
2026-06-12,6274,台燿,5.88,130000,股
2026-06-12,6187,萬潤,5.83,170000,股
2026-06-12,2308,台達電,5.6,80000,股
2026-06-12,6223,旺矽,5.54,27000,股
2026-06-12,6805,富世達,4.39,76000,股
2026-06-12,2360,致茂,4.36,60000,股
2026-06-12,3665,貿聯-KY,3.65,50000,股
2026-06-12,8299,群聯,3.36,46000,股
2026-06-12,8155,博智,2.91,262000,股
2026-06-12,3081,聯亞,2.57,37000,股
2026-06-12,6683,雍智科技,2.38,52000,股
2026-06-12,8996,高力,2.32,64000,股
2026-06-12,2455,全新,2.28,205000,股
2026-06-12,2454,聯發科,2.25,17000,股
2026-06-12,3363,上詮,2.16,92729,股
2026-06-12,3653,健策,2.1,18000,股
2026-06-12,2345,智邦,2.07,28000,股
2026-06-12,8358,金居,2.07,114000,股
2026-06-12,2408,南亞科,1.9,161000,股
2026-06-12,5274,信驊,1.75,3000,股
2026-06-12,6139,亞翔,1.65,65000,股
2026-06-12,2368,金像電,1.46,35000,股
2026-06-12,3491,昇達科,1.23,23000,股
2026-06-12,4764,雙鍵,0.98,118000,股
2026-06-12,3167,大量,0.92,36000,股
2026-06-12,C_NTD,,,83548934,元
2026-06-15,3037,欣興,6.62,223000,股
2026-06-15,2330,台積電,6.61,90000,股
2026-06-15,3017,奇鋐,6.4,86000,股
2026-06-15,2383,台光電,6.37,41000,股
2026-06-15,6274,台燿,6.31,130000,股
2026-06-15,6187,萬潤,5.94,170000,股
2026-06-15,2308,台達電,5.46,80000,股
2026-06-15,6223,旺矽,5.37,27000,股
2026-06-15,2360,致茂,4.2,60000,股
2026-06-15,6805,富世達,4.07,76000,股
2026-06-15,3665,貿聯-KY,3.5,50000,股
2026-06-15,8299,群聯,3.3,46000,股
2026-06-15,8155,博智,3.04,262000,股
2026-06-15,3081,聯亞,2.67,37000,股
2026-06-15,6683,雍智科技,2.55,52000,股
2026-06-15,8996,高力,2.48,64000,股
2026-06-15,2454,聯發科,2.35,17000,股
2026-06-15,2455,全新,2.34,205000,股
2026-06-15,8358,金居,2.2,114000,股
2026-06-15,3653,健策,2.13,18000,股
2026-06-15,2345,智邦,2.1,28000,股
2026-06-15,3363,上詮,2.03,92729,股
2026-06-15,2408,南亞科,1.97,161000,股
2026-06-15,6139,亞翔,1.78,65000,股
2026-06-15,5274,信驊,1.65,3000,股
2026-06-15,2368,金像電,1.43,35000,股
2026-06-15,4764,雙鍵,1.01,118000,股
2026-06-15,3167,大量,0.93,36000,股
2026-06-15,C_NTD,,,103418713,元
2026-06-16,2330,台積電,6.68,90000,股
2026-06-16,2383,台光電,6.49,41000,股
2026-06-16,6274,台燿,6.47,130000,股
2026-06-16,3017,奇鋐,6.31,86000,股
2026-06-16,6187,萬潤,6.0,170000,股
2026-06-16,3037,欣興,5.77,190000,股
2026-06-16,6223,旺矽,5.38,27000,股
2026-06-16,2308,台達電,4.48,65000,股
2026-06-16,2360,致茂,4.32,60000,股
2026-06-16,6805,富世達,4.06,76000,股
2026-06-16,3665,貿聯-KY,3.28,50000,股
2026-06-16,8155,博智,3.27,262000,股
2026-06-16,6683,雍智科技,2.77,52000,股
2026-06-16,8996,高力,2.73,64000,股
2026-06-16,3081,聯亞,2.61,37000,股
2026-06-16,2455,全新,2.57,205000,股
2026-06-16,2454,聯發科,2.4,17000,股
2026-06-16,8299,群聯,2.35,32000,股
2026-06-16,8358,金居,2.23,114000,股
2026-06-16,2345,智邦,2.18,28000,股
2026-06-16,2408,南亞科,2.12,161000,股
2026-06-16,3653,健策,2.11,18000,股
2026-06-16,3363,上詮,2.03,92729,股
2026-06-16,5274,信驊,1.68,3000,股
2026-06-16,6139,亞翔,1.63,65000,股
2026-06-16,2368,金像電,1.46,35000,股
2026-06-16,4764,雙鍵,1.12,118000,股
2026-06-16,3443,創意,0.91,6000,股
2026-06-16,3167,大量,0.89,36000,股
2026-06-16,C_NTD,,,119549436,元
2026-06-17,6274,台燿,6.69,130000,股
2026-06-17,2330,台積電,6.61,90000,股
2026-06-17,2383,台光電,6.57,41000,股
2026-06-17,3017,奇鋐,6.26,86000,股
2026-06-17,6187,萬潤,6.05,170000,股
2026-06-17,3037,欣興,5.78,190000,股
2026-06-17,6223,旺矽,5.34,27000,股
2026-06-17,2308,台達電,4.31,65000,股
2026-06-17,8996,高力,4.06,87000,股
2026-06-17,6805,富世達,4.01,76000,股
2026-06-17,8155,博智,3.32,262000,股
2026-06-17,3665,貿聯-KY,3.22,50000,股
2026-06-17,2455,全新,2.7,205000,股
2026-06-17,6683,雍智科技,2.63,52000,股
2026-06-17,3081,聯亞,2.56,37000,股
2026-06-17,2454,聯發科,2.34,17000,股
2026-06-17,8299,群聯,2.3,32000,股
2026-06-17,8358,金居,2.25,114000,股
2026-06-17,3653,健策,2.21,18000,股
2026-06-17,2408,南亞科,2.17,161000,股
2026-06-17,2345,智邦,2.15,28000,股
2026-06-17,2360,致茂,2.06,30000,股
2026-06-17,3363,上詮,1.96,92729,股
2026-06-17,5274,信驊,1.71,3000,股
2026-06-17,6139,亞翔,1.61,65000,股
2026-06-17,2368,金像電,1.48,35000,股
2026-06-17,6515,穎崴,1.46,5000,股
2026-06-17,4764,雙鍵,1.15,118000,股
2026-06-17,3443,創意,0.94,6000,股
2026-06-17,3167,大量,0.89,36000,股
2026-06-17,C_NTD,,,104882281,元
2026-06-18,2383,台光電,7.02,41000,股
2026-06-18,2330,台積電,6.63,90000,股
2026-06-18,6187,萬潤,6.42,170000,股
2026-06-18,3017,奇鋐,6.31,86000,股
2026-06-18,6274,台燿,6.17,110000,股
2026-06-18,3037,欣興,5.62,190000,股
2026-06-18,6223,旺矽,5.29,27000,股
2026-06-18,2308,台達電,4.27,65000,股
2026-06-18,8996,高力,4.23,87000,股
2026-06-18,6805,富世達,4.08,76000,股
2026-06-18,8155,博智,3.24,262000,股
2026-06-18,3665,貿聯-KY,3.21,50000,股
2026-06-18,3081,聯亞,2.76,37000,股
2026-06-18,6683,雍智科技,2.62,52000,股
2026-06-18,2455,全新,2.61,205000,股
2026-06-18,8299,群聯,2.47,32000,股
2026-06-18,8358,金居,2.44,114000,股
2026-06-18,2454,聯發科,2.28,17000,股
2026-06-18,2408,南亞科,2.26,161000,股
2026-06-18,3653,健策,2.18,18000,股
2026-06-18,2345,智邦,2.08,28000,股
2026-06-18,3363,上詮,2.02,92729,股
2026-06-18,5274,信驊,1.74,3000,股
2026-06-18,6139,亞翔,1.63,65000,股
2026-06-18,2368,金像電,1.45,35000,股
2026-06-18,6515,穎崴,1.44,5000,股
2026-06-18,4764,雙鍵,1.22,118000,股
2026-06-18,2360,致茂,1.06,15000,股
2026-06-18,3167,大量,0.9,36000,股
2026-06-18,3443,創意,0.89,6000,股
2026-06-18,C_NTD,,,113495635,元
2026-06-22,2383,台光電,7.28,41000,股
2026-06-22,2330,台積電,6.88,90000,股
2026-06-22,6187,萬潤,6.53,170000,股
2026-06-22,6274,台燿,6.37,110000,股
2026-06-22,3017,奇鋐,6.34,86000,股
2026-06-22,3037,欣興,5.82,190000,股
2026-06-22,6223,旺矽,5.29,27000,股
2026-06-22,2308,台達電,4.26,65000,股
2026-06-22,6805,富世達,4.21,76000,股
2026-06-22,8996,高力,4.12,87000,股
2026-06-22,8155,博智,3.25,262000,股
2026-06-22,3665,貿聯-KY,3.03,50000,股
2026-06-22,3443,創意,2.75,19000,股
2026-06-22,3081,聯亞,2.68,37000,股
2026-06-22,2455,全新,2.56,205000,股
2026-06-22,6683,雍智科技,2.54,52000,股
2026-06-22,8299,群聯,2.52,32000,股
2026-06-22,2408,南亞科,2.48,161000,股
2026-06-22,8358,金居,2.4,114000,股
2026-06-22,2454,聯發科,2.31,17000,股
2026-06-22,2345,智邦,2.21,28000,股
2026-06-22,3653,健策,2.11,18000,股
2026-06-22,3363,上詮,2.01,92729,股
2026-06-22,5274,信驊,1.76,3000,股
2026-06-22,6139,亞翔,1.6,65000,股
2026-06-22,6515,穎崴,1.44,5000,股
2026-06-22,4764,雙鍵,1.19,118000,股
2026-06-22,2360,致茂,1.06,15000,股
2026-06-22,3167,大量,0.88,36000,股
2026-06-22,C_NTD,,,69661704,元
2026-06-23,2330,台積電,7.28,90000,股
2026-06-23,3017,奇鋐,6.77,86000,股
2026-06-23,2383,台光電,6.29,34000,股
2026-06-23,3037,欣興,6.01,190000,股
2026-06-23,6223,旺矽,5.86,27000,股
2026-06-23,6274,台燿,5.24,93000,股
2026-06-23,6187,萬潤,4.94,130000,股
2026-06-23,6805,富世達,4.36,76000,股
2026-06-23,8996,高力,4.1,87000,股
2026-06-23,8155,博智,3.31,262000,股
2026-06-23,3665,貿聯-KY,3.25,50000,股
2026-06-23,2308,台達電,3.17,47000,股
2026-06-23,6683,雍智科技,2.98,52000,股
2026-06-23,3443,創意,2.92,19000,股
2026-06-23,3081,聯亞,2.75,37000,股
2026-06-23,2455,全新,2.65,205000,股
2026-06-23,8299,群聯,2.52,32000,股
2026-06-23,2454,聯發科,2.5,17000,股
2026-06-23,8358,金居,2.43,114000,股
2026-06-23,2408,南亞科,2.38,161000,股
2026-06-23,3653,健策,2.24,18000,股
2026-06-23,2345,智邦,2.21,28000,股
2026-06-23,3363,上詮,2.06,92729,股
2026-06-23,5274,信驊,1.8,3000,股
2026-06-23,6139,亞翔,1.67,65000,股
2026-06-23,6515,穎崴,1.53,5000,股
2026-06-23,4764,雙鍵,1.33,118000,股
2026-06-23,2327,國巨,1.03,31000,股
2026-06-23,3167,大量,0.91,36000,股
2026-06-23,C_NTD,,,108326256,元
2026-06-24,3017,奇鋐,7.11,86000,股
2026-06-24,2330,台積電,7.03,90000,股
2026-06-24,6223,旺矽,6.33,27000,股
2026-06-24,2383,台光電,6.17,34000,股
2026-06-24,3037,欣興,5.78,190000,股
2026-06-24,6274,台燿,5.36,93000,股
2026-06-24,6187,萬潤,4.5,130000,股
2026-06-24,6805,富世達,4.48,76000,股
2026-06-24,8996,高力,4.12,87000,股
2026-06-24,8155,博智,3.31,262000,股
2026-06-24,6683,雍智科技,3.29,52000,股
2026-06-24,3665,貿聯-KY,3.27,50000,股
2026-06-24,2308,台達電,3.07,47000,股
2026-06-24,3443,創意,3.03,19000,股
2026-06-24,2455,全新,2.66,205000,股
2026-06-24,8299,群聯,2.61,32000,股
2026-06-24,3081,聯亞,2.6,37000,股
2026-06-24,2454,聯發科,2.38,17000,股
2026-06-24,8358,金居,2.38,114000,股
2026-06-24,2408,南亞科,2.33,161000,股
2026-06-24,2345,智邦,2.17,28000,股
2026-06-24,3653,健策,2.14,18000,股
2026-06-24,3363,上詮,2.03,92729,股
2026-06-24,5274,信驊,1.8,3000,股
2026-06-24,6139,亞翔,1.74,65000,股
2026-06-24,6515,穎崴,1.55,5000,股
2026-06-24,4764,雙鍵,1.24,118000,股
2026-06-24,2327,國巨,1.06,31000,股
2026-06-24,3167,大量,0.93,36000,股
2026-06-24,C_NTD,,,108261469,元
2026-06-25,3017,奇鋐,7.1,86000,股
2026-06-25,2330,台積電,7.09,90000,股
2026-06-25,3037,欣興,6.38,190000,股
2026-06-25,2383,台光電,6.32,34000,股
2026-06-25,6223,旺矽,6.14,27000,股
2026-06-25,6274,台燿,5.21,93000,股
2026-06-25,6805,富世達,4.38,76000,股
2026-06-25,6187,萬潤,4.22,116000,股
2026-06-25,8996,高力,4.18,87000,股
2026-06-25,8155,博智,3.38,262000,股
2026-06-25,6683,雍智科技,3.23,52000,股
2026-06-25,3665,貿聯-KY,3.16,50000,股
2026-06-25,2308,台達電,3.07,47000,股
2026-06-25,3443,創意,3.04,19000,股
2026-06-25,2327,國巨,2.71,73000,股
2026-06-25,2455,全新,2.62,205000,股
2026-06-25,8299,群聯,2.61,32000,股
2026-06-25,3081,聯亞,2.58,37000,股
2026-06-25,2408,南亞科,2.53,161000,股
2026-06-25,2454,聯發科,2.41,17000,股
2026-06-25,8358,金居,2.37,114000,股
2026-06-25,2345,智邦,2.2,28000,股
2026-06-25,3653,健策,2.01,18000,股
2026-06-25,3363,上詮,1.92,92729,股
2026-06-25,6139,亞翔,1.87,65000,股
2026-06-25,5274,信驊,1.72,3000,股
2026-06-25,6515,穎崴,1.5,5000,股
2026-06-25,4764,雙鍵,1.18,118000,股
2026-06-25,3167,大量,0.93,36000,股
2026-06-25,C_NTD,,,59335489,元
2026-06-26,2330,台積電,7.39,90000,股
2026-06-26,3017,奇鋐,6.8,86000,股
2026-06-26,3037,欣興,6.5,190000,股
2026-06-26,2383,台光電,6.27,34000,股
2026-06-26,6223,旺矽,6.16,27000,股
2026-06-26,6187,萬潤,4.37,116000,股
2026-06-26,6805,富世達,4.37,76000,股
2026-06-26,8996,高力,4.18,87000,股
2026-06-26,6274,台燿,4.16,75000,股
2026-06-26,8155,博智,3.37,262000,股
2026-06-26,3665,貿聯-KY,3.25,50000,股
2026-06-26,6683,雍智科技,3.1,52000,股
2026-06-26,2308,台達電,2.98,47000,股
2026-06-26,3443,創意,2.95,19000,股
2026-06-26,3081,聯亞,2.64,37000,股
2026-06-26,2327,國巨,2.6,73000,股
2026-06-26,8299,群聯,2.59,32000,股
2026-06-26,2408,南亞科,2.54,161000,股
2026-06-26,2455,全新,2.5,205000,股
2026-06-26,2345,智邦,2.34,28000,股
2026-06-26,2454,聯發科,2.31,17000,股
2026-06-26,8358,金居,2.28,114000,股
2026-06-26,3653,健策,2.15,18000,股
2026-06-26,6139,亞翔,2.0,65000,股
2026-06-26,3363,上詮,1.87,92729,股
2026-06-26,5274,信驊,1.64,3000,股
2026-06-26,6515,穎崴,1.44,5000,股
2026-06-26,4764,雙鍵,1.14,118000,股
2026-06-26,3167,大量,0.97,36000,股
2026-06-26,C_NTD,,,89855730,元
2026-06-29,2330,台積電,7.48,90000,股
2026-06-29,3017,奇鋐,6.94,86000,股
2026-06-29,2383,台光電,6.5,34000,股
2026-06-29,3037,欣興,6.5,190000,股
2026-06-29,6223,旺矽,5.74,27000,股
2026-06-29,8996,高力,4.5,87000,股
2026-06-29,6805,富世達,4.33,76000,股
2026-06-29,6274,台燿,4.09,75000,股
2026-06-29,2327,國巨,4.05,111000,股
2026-06-29,8155,博智,3.38,262000,股
2026-06-29,3665,貿聯-KY,3.3,50000,股
2026-06-29,2308,台達電,3.14,47000,股
2026-06-29,6683,雍智科技,3.05,52000,股
2026-06-29,3443,創意,2.95,19000,股
2026-06-29,6187,萬潤,2.75,80000,股
2026-06-29,3081,聯亞,2.64,37000,股
2026-06-29,8299,群聯,2.63,32000,股
2026-06-29,2408,南亞科,2.56,161000,股
2026-06-29,2455,全新,2.42,205000,股
2026-06-29,2454,聯發科,2.33,17000,股
2026-06-29,2345,智邦,2.3,28000,股
2026-06-29,6139,亞翔,2.18,65000,股
2026-06-29,8358,金居,2.18,114000,股
2026-06-29,3653,健策,2.1,18000,股
2026-06-29,3363,上詮,1.84,92729,股
2026-06-29,5274,信驊,1.6,3000,股
2026-06-29,6515,穎崴,1.41,5000,股
2026-06-29,4764,雙鍵,1.17,118000,股
2026-06-29,3167,大量,0.98,36000,股
2026-06-29,C_NTD,,,85228235,元
2026-06-30,3017,奇鋐,7.31,86000,股
2026-06-30,2330,台積電,7.3,90000,股
2026-06-30,3037,欣興,6.85,190000,股
2026-06-30,2383,台光電,6.17,34000,股
2026-06-30,6223,旺矽,5.54,27000,股
2026-06-30,8996,高力,4.54,87000,股
2026-06-30,6805,富世達,4.3,76000,股
2026-06-30,2327,國巨,4.26,111000,股
2026-06-30,6274,台燿,4.24,75000,股
2026-06-30,3443,創意,3.92,24000,股
2026-06-30,8155,博智,3.31,262000,股
2026-06-30,3665,貿聯-KY,3.22,50000,股
2026-06-30,2308,台達電,3.09,47000,股
2026-06-30,6683,雍智科技,3.02,52000,股
2026-06-30,6187,萬潤,2.69,80000,股
2026-06-30,8299,群聯,2.57,32000,股
2026-06-30,3081,聯亞,2.52,37000,股
2026-06-30,2408,南亞科,2.45,161000,股
2026-06-30,2454,聯發科,2.43,17000,股
2026-06-30,2455,全新,2.4,205000,股
2026-06-30,2345,智邦,2.35,28000,股
2026-06-30,8358,金居,2.3,114000,股
2026-06-30,3653,健策,2.08,18000,股
2026-06-30,6139,亞翔,2.02,65000,股
2026-06-30,3363,上詮,1.8,92729,股
2026-06-30,5274,信驊,1.67,3000,股
2026-06-30,6515,穎崴,1.36,5000,股
2026-06-30,4764,雙鍵,1.2,118000,股
2026-06-30,3167,大量,1.02,36000,股
2026-06-30,C_NTD,,,61931549,元
2026-07-01,2330,台積電,7.52,90000,股
2026-07-01,3017,奇鋐,7.51,86000,股
2026-07-01,3037,欣興,6.59,190000,股
2026-07-01,2383,台光電,6.28,34000,股
2026-07-01,6223,旺矽,6.03,27000,股
2026-07-01,8996,高力,4.51,87000,股
2026-07-01,6805,富世達,4.31,76000,股
2026-07-01,6274,台燿,4.23,75000,股
2026-07-01,2327,國巨,4.22,111000,股
2026-07-01,3443,創意,4.04,24000,股
2026-07-01,3665,貿聯-KY,3.35,50000,股
2026-07-01,8155,博智,3.29,262000,股
2026-07-01,6683,雍智科技,3.16,52000,股
2026-07-01,2308,台達電,3.12,47000,股
2026-07-01,6187,萬潤,2.84,80000,股
2026-07-01,2345,智邦,2.48,28000,股
2026-07-01,2454,聯發科,2.46,17000,股
2026-07-01,2455,全新,2.45,205000,股
2026-07-01,3081,聯亞,2.44,37000,股
2026-07-01,2408,南亞科,2.26,161000,股
2026-07-01,8358,金居,2.23,114000,股
2026-07-01,3653,健策,2.04,18000,股
2026-07-01,6139,亞翔,1.98,65000,股
2026-07-01,5274,信驊,1.72,3000,股
2026-07-01,3363,上詮,1.66,92729,股
2026-07-01,6515,穎崴,1.48,5000,股
2026-07-01,4764,雙鍵,1.18,118000,股
2026-07-01,3167,大量,1.01,36000,股
2026-07-01,C_NTD,,,108664215,元
2026-07-02,3017,奇鋐,7.95,86000,股
2026-07-02,2330,台積電,7.48,90000,股
2026-07-02,6223,旺矽,6.61,27000,股
2026-07-02,2383,台光電,6.49,34000,股
2026-07-02,3037,欣興,6.28,190000,股
2026-07-02,3443,創意,4.32,24000,股
2026-07-02,6274,台燿,4.28,75000,股
2026-07-02,6805,富世達,4.28,76000,股
2026-07-02,8996,高力,4.15,87000,股
2026-07-02,2327,國巨,3.95,111000,股
2026-07-02,3665,貿聯-KY,3.44,50000,股
2026-07-02,8155,博智,3.39,262000,股
2026-07-02,2308,台達電,3.12,47000,股
2026-07-02,6683,雍智科技,3.11,52000,股
2026-07-02,2345,智邦,2.6,28000,股
2026-07-02,2454,聯發科,2.49,17000,股
2026-07-02,3081,聯亞,2.42,37000,股
2026-07-02,2455,全新,2.41,205000,股
2026-07-02,2408,南亞科,2.21,161000,股
2026-07-02,8358,金居,2.19,114000,股
2026-07-02,3653,健策,2.11,18000,股
2026-07-02,6139,亞翔,2.06,65000,股
2026-07-02,5274,信驊,1.8,3000,股
2026-07-02,3363,上詮,1.65,92729,股
2026-07-02,3131,弘塑,1.58,12000,股
2026-07-02,6515,穎崴,1.57,5000,股
2026-07-02,4764,雙鍵,1.21,118000,股
2026-07-02,3167,大量,0.97,36000,股
2026-07-02,6187,萬潤,0.92,27000,股
2026-07-02,C_NTD,,,87681716,元
2026-07-03,3017,奇鋐,7.96,86000,股
2026-07-03,2330,台積電,7.38,90000,股
2026-07-03,2383,台光電,6.93,34000,股
2026-07-03,6223,旺矽,6.68,27000,股
2026-07-03,3037,欣興,6.17,190000,股
2026-07-03,6274,台燿,4.5,75000,股
2026-07-03,6805,富世達,4.15,76000,股
2026-07-03,3443,創意,4.05,24000,股
2026-07-03,8996,高力,4.02,87000,股
2026-07-03,2327,國巨,3.89,111000,股
2026-07-03,8155,博智,3.38,262000,股
2026-07-03,3665,貿聯-KY,3.34,50000,股
2026-07-03,2308,台達電,3.27,47000,股
2026-07-03,6683,雍智科技,3.15,52000,股
2026-07-03,6139,亞翔,3.05,96000,股
2026-07-03,3081,聯亞,2.6,37000,股
2026-07-03,2345,智邦,2.57,28000,股
2026-07-03,2455,全新,2.46,205000,股
2026-07-03,2454,聯發科,2.39,17000,股
2026-07-03,8358,金居,2.25,114000,股
2026-07-03,2408,南亞科,2.21,161000,股
2026-07-03,3653,健策,2.06,18000,股
2026-07-03,3363,上詮,1.81,92729,股
2026-07-03,5274,信驊,1.74,3000,股
2026-07-03,6515,穎崴,1.66,5000,股
2026-07-03,3131,弘塑,1.52,12000,股
2026-07-03,4764,雙鍵,1.19,118000,股
2026-07-03,3167,大量,1.06,36000,股
2026-07-03,8028,昇陽半導體,1.01,90000,股
2026-07-03,C_NTD,,,46727375,元
2026-07-06,3017,奇鋐,7.99,86000,股
2026-07-06,2330,台積電,7.7,90000,股
2026-07-06,2383,台光電,6.47,34000,股
2026-07-06,6223,旺矽,6.44,27000,股
2026-07-06,3037,欣興,6.06,190000,股
2026-07-06,8996,高力,4.31,87000,股
2026-07-06,6274,台燿,4.25,75000,股
2026-07-06,6805,富世達,4.15,76000,股
2026-07-06,2327,國巨,3.88,111000,股
2026-07-06,3443,創意,3.84,24000,股
2026-07-06,8155,博智,3.4,262000,股
2026-07-06,3665,貿聯-KY,3.38,50000,股
2026-07-06,6683,雍智科技,3.22,52000,股
2026-07-06,6139,亞翔,3.11,96000,股
2026-07-06,3081,聯亞,2.85,41000,股
2026-07-06,2345,智邦,2.58,28000,股
2026-07-06,2454,聯發科,2.44,17000,股
2026-07-06,2455,全新,2.41,205000,股
2026-07-06,2408,南亞科,2.35,161000,股
2026-07-06,8358,金居,2.23,114000,股
2026-07-06,3653,健策,2.08,18000,股
2026-07-06,8028,昇陽半導體,2.02,176000,股
2026-07-06,3363,上詮,1.85,92729,股
2026-07-06,5274,信驊,1.7,3000,股
2026-07-06,6515,穎崴,1.55,5000,股
2026-07-06,3131,弘塑,1.43,12000,股
2026-07-06,4764,雙鍵,1.26,118000,股
2026-07-06,3167,大量,1.13,36000,股
2026-07-06,C_NTD,,,111982378,元
2026-07-07,2330,台積電,8.05,90000,股
2026-07-07,3017,奇鋐,7.72,86000,股
2026-07-07,2383,台光電,6.5,34000,股
2026-07-07,6223,旺矽,6.24,27000,股
2026-07-07,3037,欣興,5.85,190000,股
2026-07-07,6274,台燿,4.33,75000,股
2026-07-07,8996,高力,4.26,87000,股
2026-07-07,6805,富世達,4.15,76000,股
2026-07-07,3443,創意,3.94,24000,股
2026-07-07,2327,國巨,3.68,111000,股
2026-07-07,3665,貿聯-KY,3.63,50000,股
2026-07-07,8155,博智,3.36,262000,股
2026-07-07,6683,雍智科技,3.16,52000,股
2026-07-07,3081,聯亞,3.14,45000,股
2026-07-07,6139,亞翔,3.11,96000,股
2026-07-07,2345,智邦,2.52,28000,股
2026-07-07,2454,聯發科,2.51,17000,股
2026-07-07,2455,全新,2.39,205000,股
2026-07-07,2408,南亞科,2.38,161000,股
2026-07-07,8358,金居,2.18,114000,股
2026-07-07,3653,健策,2.11,18000,股
2026-07-07,3167,大量,2.08,68000,股
2026-07-07,8028,昇陽半導體,2.0,176000,股
2026-07-07,3363,上詮,1.99,92729,股
2026-07-07,5274,信驊,1.74,3300,股
2026-07-07,6515,穎崴,1.47,5000,股
2026-07-07,3131,弘塑,1.4,12000,股
2026-07-07,4764,雙鍵,1.28,118000,股
2026-07-07,C_NTD,,,77183857,元
2026-07-08,2330,台積電,8.13,90000,股
2026-07-08,3017,奇鋐,7.33,86000,股
2026-07-08,2383,台光電,6.62,34000,股
2026-07-08,6223,旺矽,6.39,27000,股
2026-07-08,3037,欣興,6.01,190000,股
2026-07-08,6274,台燿,4.52,75000,股
2026-07-08,8996,高力,4.21,87000,股
2026-07-08,3443,創意,3.87,24000,股
2026-07-08,2327,國巨,3.62,111000,股
2026-07-08,3081,聯亞,3.53,46000,股
2026-07-08,3665,貿聯-KY,3.48,50000,股
2026-07-08,8155,博智,3.38,262000,股
2026-07-08,6683,雍智科技,3.17,52000,股
2026-07-08,6139,亞翔,3.05,96000,股
2026-07-08,2455,全新,2.52,205000,股
2026-07-08,2454,聯發科,2.49,17000,股
2026-07-08,2345,智邦,2.48,28000,股
2026-07-08,2408,南亞科,2.34,161000,股
2026-07-08,8358,金居,2.18,114000,股
2026-07-08,3363,上詮,2.17,92729,股
2026-07-08,3653,健策,2.11,18000,股
2026-07-08,3167,大量,2.02,68000,股
2026-07-08,6271,同欣電,1.99,213000,股
2026-07-08,8028,昇陽半導體,1.97,176000,股
2026-07-08,5274,信驊,1.69,3300,股
2026-07-08,6488,環球晶,1.58,35000,股
2026-07-08,6515,穎崴,1.41,5000,股
2026-07-08,3131,弘塑,1.37,12000,股
2026-07-08,4764,雙鍵,1.37,118000,股
2026-07-08,C_NTD,,,81992201,元
2026-07-09,2330,台積電,7.98,90000,股
2026-07-09,3017,奇鋐,7.42,86000,股
2026-07-09,6223,旺矽,7.01,27000,股
2026-07-09,2383,台光電,6.61,34000,股
2026-07-09,3037,欣興,6.1,190000,股
2026-07-09,6274,台燿,4.32,75000,股
2026-07-09,3443,創意,3.82,24000,股
2026-07-09,2327,國巨,3.67,111000,股
2026-07-09,3665,貿聯-KY,3.42,50000,股
2026-07-09,3081,聯亞,3.38,46000,股
2026-07-09,8155,博智,3.37,262000,股
2026-07-09,6683,雍智科技,3.29,52000,股
2026-07-09,6139,亞翔,3.08,96000,股
2026-07-09,2408,南亞科,2.57,161000,股
2026-07-09,2345,智邦,2.54,28000,股
2026-07-09,2455,全新,2.49,205000,股
2026-07-09,2454,聯發科,2.45,17000,股
2026-07-09,8358,金居,2.23,114000,股
2026-07-09,3653,健策,2.12,18000,股
2026-07-09,4764,雙鍵,2.11,171000,股
2026-07-09,3363,上詮,2.07,92729,股
2026-07-09,8028,昇陽半導體,2.02,176000,股
2026-07-09,6271,同欣電,1.97,213000,股
2026-07-09,3167,大量,1.93,68000,股
2026-07-09,6488,環球晶,1.73,35000,股
2026-07-09,5274,信驊,1.65,3300,股
2026-07-09,3131,弘塑,1.46,12000,股
2026-07-09,6515,穎崴,1.42,5000,股
2026-07-09,C_NTD,,,156978701,元
2026-07-13,2330,台積電,8.23,90000,股
2026-07-13,3017,奇鋐,7.17,86000,股
2026-07-13,6223,旺矽,6.72,27000,股
2026-07-13,2383,台光電,6.53,34000,股
2026-07-13,3037,欣興,6.43,190000,股
2026-07-13,6274,台燿,4.36,75000,股
2026-07-13,3443,創意,3.84,24000,股
2026-07-13,2408,南亞科,3.81,240000,股
2026-07-13,3665,貿聯-KY,3.5,50000,股
2026-07-13,3081,聯亞,3.43,46000,股
2026-07-13,2327,國巨,3.4,111000,股
2026-07-13,8155,博智,3.36,262000,股
2026-07-13,6683,雍智科技,3.26,52000,股
2026-07-13,6139,亞翔,3.18,96000,股
2026-07-13,2455,全新,2.53,205000,股
2026-07-13,2345,智邦,2.52,28000,股
2026-07-13,2454,聯發科,2.44,17000,股
2026-07-13,3653,健策,2.16,18000,股
2026-07-13,8358,金居,2.13,114000,股
2026-07-13,3167,大量,2.11,68000,股
2026-07-13,3363,上詮,2.09,92729,股
2026-07-13,8028,昇陽半導體,2.0,176000,股
2026-07-13,6488,環球晶,1.95,35000,股
2026-07-13,4764,雙鍵,1.94,171000,股
2026-07-13,6271,同欣電,1.88,213000,股
2026-07-13,5274,信驊,1.67,3300,股
2026-07-13,3131,弘塑,1.44,12000,股
2026-07-13,6515,穎崴,1.38,5000,股
2026-07-13,8046,南電,1.0,21000,股
2026-07-13,C_NTD,,,94535508,元
2026-07-14,2330,台積電,8.44,90000,股
2026-07-14,3017,奇鋐,7.07,86000,股
2026-07-14,6223,旺矽,6.64,27000,股
2026-07-14,2383,台光電,6.55,34000,股
2026-07-14,3037,欣興,6.44,190000,股
2026-07-14,2408,南亞科,4.17,240000,股
2026-07-14,6274,台燿,4.06,75000,股
2026-07-14,3443,創意,3.74,24000,股
2026-07-14,3081,聯亞,3.58,48000,股
2026-07-14,3665,貿聯-KY,3.44,50000,股
2026-07-14,2327,國巨,3.35,111000,股
2026-07-14,8155,博智,3.3,262000,股
2026-07-14,6488,環球晶,3.23,55000,股
2026-07-14,8046,南電,3.15,63000,股
2026-07-14,6139,亞翔,3.1,96000,股
2026-07-14,6683,雍智科技,3.04,52000,股
2026-07-14,2455,全新,2.5,205000,股
2026-07-14,2345,智邦,2.48,28000,股
2026-07-14,2454,聯發科,2.41,17000,股
2026-07-14,3167,大量,2.29,68000,股
2026-07-14,4764,雙鍵,2.2,171000,股
2026-07-14,3653,健策,2.14,18000,股
2026-07-14,3363,上詮,2.08,92729,股
2026-07-14,8358,金居,2.03,114000,股
2026-07-14,8028,昇陽半導體,1.99,176000,股
2026-07-14,6271,同欣電,1.86,213000,股
2026-07-14,3131,弘塑,1.42,12000,股
2026-07-14,6515,穎崴,1.36,5000,股
2026-07-14,5274,信驊,0.15,300,股
2026-07-14,C_NTD,,,45834315,元
2026-07-15,2330,台積電,8.26,90000,股
2026-07-15,3017,奇鋐,7.0,86000,股
2026-07-15,3037,欣興,6.69,190000,股
2026-07-15,2383,台光電,6.49,34000,股
2026-07-15,6223,旺矽,6.43,27000,股
2026-07-15,2408,南亞科,4.34,240000,股
2026-07-15,6274,台燿,4.05,75000,股
2026-07-15,3443,創意,3.72,24000,股
2026-07-15,3665,貿聯-KY,3.59,50000,股
2026-07-15,3081,聯亞,3.48,52800,股
2026-07-15,8046,南電,3.35,63000,股
2026-07-15,2327,國巨,3.33,111000,股
2026-07-15,8155,博智,3.33,262000,股
2026-07-15,6139,亞翔,3.23,96000,股
2026-07-15,6488,環球晶,3.06,55000,股
2026-07-15,3167,大量,2.95,88000,股
2026-07-15,6683,雍智科技,2.87,52000,股
2026-07-15,2345,智邦,2.46,28000,股
2026-07-15,2455,全新,2.43,205000,股
2026-07-15,2454,聯發科,2.39,17000,股
2026-07-15,4764,雙鍵,2.34,171000,股
2026-07-15,3653,健策,2.22,18000,股
2026-07-15,8028,昇陽半導體,2.11,176000,股
2026-07-15,3363,上詮,2.08,92729,股
2026-07-15,8358,金居,1.98,114000,股
2026-07-15,6271,同欣電,1.79,213000,股
2026-07-15,6515,穎崴,1.36,5000,股
2026-07-15,5274,信驊,0.16,300,股
2026-07-15,C_NTD,,,66128450,元
2026-07-16,2330,台積電,8.6,90000,股
2026-07-16,3017,奇鋐,7.4,86000,股
2026-07-16,2383,台光電,6.56,34000,股
2026-07-16,6223,旺矽,6.5,27000,股
2026-07-16,3037,欣興,6.48,190000,股
2026-07-16,2408,南亞科,4.08,240000,股
2026-07-16,3443,創意,3.89,24000,股
2026-07-16,3665,貿聯-KY,3.78,50000,股
2026-07-16,6274,台燿,3.76,75000,股
2026-07-16,8046,南電,3.75,76000,股
2026-07-16,2327,國巨,3.33,111000,股
2026-07-16,8155,博智,3.32,262000,股
2026-07-16,3081,聯亞,3.31,52800,股
2026-07-16,6139,亞翔,3.22,96000,股
2026-07-16,6488,環球晶,2.92,55000,股
2026-07-16,3167,大量,2.9,88000,股
2026-07-16,6683,雍智科技,2.72,52000,股
2026-07-16,2345,智邦,2.51,28000,股
2026-07-16,2455,全新,2.48,205000,股
2026-07-16,2454,聯發科,2.43,17000,股
2026-07-16,8028,昇陽半導體,2.38,176000,股
2026-07-16,3653,健策,2.36,18000,股
2026-07-16,4764,雙鍵,2.17,171000,股
2026-07-16,3363,上詮,1.99,92729,股
2026-07-16,8358,金居,1.94,114000,股
2026-07-16,6271,同欣電,1.85,213000,股
2026-07-16,6515,穎崴,1.3,5000,股
2026-07-16,5274,信驊,0.16,300,股
2026-07-16,C_NTD,,,49227301,元
2026-07-17,2330,台積電,8.68,90000,股
2026-07-17,3017,奇鋐,7.97,86000,股
2026-07-17,2383,台光電,6.44,34000,股
2026-07-17,6223,旺矽,6.37,27000,股
2026-07-17,3037,欣興,6.35,190000,股
2026-07-17,2408,南亞科,4.0,240000,股
2026-07-17,3443,創意,3.88,24000,股
2026-07-17,3665,貿聯-KY,3.72,50000,股
2026-07-17,6274,台燿,3.7,75000,股
2026-07-17,8046,南電,3.68,76000,股
2026-07-17,8155,博智,3.33,262000,股
2026-07-17,3081,聯亞,3.29,52800,股
2026-07-17,2327,國巨,3.27,111000,股
2026-07-17,6139,亞翔,3.23,96000,股
2026-07-17,6488,環球晶,2.87,55000,股
2026-07-17,3167,大量,2.84,88000,股
2026-07-17,6683,雍智科技,2.66,52000,股
2026-07-17,2345,智邦,2.46,28000,股
2026-07-17,2455,全新,2.43,205000,股
2026-07-17,3653,健策,2.43,18000,股
2026-07-17,2454,聯發科,2.41,17000,股
2026-07-17,8028,昇陽半導體,2.33,176000,股
2026-07-17,4764,雙鍵,2.13,171000,股
2026-07-17,3363,上詮,1.97,92729,股
2026-07-17,8358,金居,1.91,114000,股
2026-07-17,6271,同欣電,1.82,213000,股
2026-07-17,6515,穎崴,1.28,5000,股
2026-07-17,5274,信驊,0.16,300,股
2026-07-17,C_NTD,,,56631865,元
2026-07-20,2330,台積電,8.82,90000,股
2026-07-20,3017,奇鋐,7.76,86000,股
2026-07-20,2383,台光電,6.31,34000,股
2026-07-20,6223,旺矽,6.22,27000,股
2026-07-20,3037,欣興,6.02,190000,股
2026-07-20,2408,南亞科,3.86,240000,股
2026-07-20,3665,貿聯-KY,3.85,50000,股
2026-07-20,3443,創意,3.8,24000,股
2026-07-20,6274,台燿,3.57,75000,股
2026-07-20,8046,南電,3.55,76000,股
2026-07-20,3081,聯亞,3.2,52800,股
2026-07-20,6139,亞翔,3.14,96000,股
2026-07-20,2327,國巨,2.95,111000,股
2026-07-20,6488,環球晶,2.94,55000,股
2026-07-20,3167,大量,2.73,88000,股
2026-07-20,2345,智邦,2.47,28000,股
2026-07-20,3653,健策,2.43,18000,股
2026-07-20,6683,雍智科技,2.43,52000,股
2026-07-20,2454,聯發科,2.4,17000,股
2026-07-20,2455,全新,2.4,205000,股
2026-07-20,8028,昇陽半導體,2.23,176000,股
2026-07-20,3363,上詮,1.97,92729,股
2026-07-20,4764,雙鍵,1.93,171000,股
2026-07-20,8358,金居,1.79,114000,股
2026-07-20,6271,同欣電,1.73,213000,股
2026-07-20,8155,博智,1.56,131000,股
2026-07-20,5274,信驊,0.16,300,股
2026-07-20,C_NTD,,,183841509,元
2026-07-21,2330,台積電,8.64,90000,股
2026-07-21,3017,奇鋐,7.95,86000,股
2026-07-21,2383,台光電,6.54,34000,股
2026-07-21,6223,旺矽,6.32,27000,股
2026-07-21,3037,欣興,6.25,190000,股
2026-07-21,3665,貿聯-KY,3.99,50000,股
2026-07-21,3443,創意,3.94,24000,股
2026-07-21,2408,南亞科,3.87,240000,股
2026-07-21,6274,台燿,3.69,75000,股
2026-07-21,8046,南電,3.6,76000,股
2026-07-21,2454,聯發科,3.51,24000,股
2026-07-21,6139,亞翔,3.12,96000,股
2026-07-21,6488,環球晶,2.64,55000,股
2026-07-21,3167,大量,2.56,88000,股
2026-07-21,3653,健策,2.53,18000,股
2026-07-21,2345,智邦,2.48,28000,股
2026-07-21,6683,雍智科技,2.42,52000,股
2026-07-21,2455,全新,2.41,205000,股
2026-07-21,8028,昇陽半導體,2.14,176000,股
2026-07-21,4764,雙鍵,2.0,171000,股
2026-07-21,3363,上詮,1.93,92729,股
2026-07-21,8358,金居,1.79,114000,股
2026-07-21,6271,同欣電,1.7,213000,股
2026-07-21,3081,聯亞,0.29,4800,股
2026-07-21,5274,信驊,0.17,300,股
2026-07-21,C_NTD,,,339250124,元
2026-07-22,2330,台積電,8.39,90000,股
2026-07-22,3017,奇鋐,7.57,86000,股
2026-07-22,2383,台光電,6.77,34000,股
2026-07-22,3037,欣興,6.7,190000,股
2026-07-22,6223,旺矽,6.29,27000,股
2026-07-22,2408,南亞科,4.15,240000,股
2026-07-22,3665,貿聯-KY,4.11,50000,股
2026-07-22,3443,創意,4.08,24000,股
2026-07-22,6274,台燿,3.95,75000,股
2026-07-22,8046,南電,3.85,76000,股
2026-07-22,2454,聯發科,3.59,24000,股
2026-07-22,6139,亞翔,3.15,96000,股
2026-07-22,6488,環球晶,2.65,55000,股
2026-07-22,2455,全新,2.58,205000,股
2026-07-22,2345,智邦,2.49,28000,股
2026-07-22,6683,雍智科技,2.46,52000,股
2026-07-22,3653,健策,2.45,18000,股
2026-07-22,3167,大量,2.39,88000,股
2026-07-22,8028,昇陽半導體,2.11,176000,股
2026-07-22,3363,上詮,2.04,92729,股
2026-07-22,4764,雙鍵,1.93,171000,股
2026-07-22,8358,金居,1.83,114000,股
2026-07-22,6271,同欣電,1.68,213000,股
2026-07-22,7769,鴻勁,1.24,5000,股
2026-07-22,3081,聯亞,0.31,4800,股
2026-07-22,5274,信驊,0.18,300,股
2026-07-22,C_NTD,,,284643097,元
2026-07-23,2330,台積電,8.33,90000,股
2026-07-23,3017,奇鋐,8.08,86000,股
2026-07-23,2383,台光電,6.67,34000,股
2026-07-23,3037,欣興,6.56,190000,股
2026-07-23,6223,旺矽,6.5,27000,股
2026-07-23,2454,聯發科,4.77,32000,股
2026-07-23,3665,貿聯-KY,4.4,50000,股
2026-07-23,3443,創意,4.05,24000,股
2026-07-23,2408,南亞科,3.94,240000,股
2026-07-23,6274,台燿,3.86,75000,股
2026-07-23,8046,南電,3.6,76000,股
2026-07-23,6139,亞翔,3.17,96000,股
2026-07-23,2455,全新,2.72,205000,股
2026-07-23,3653,健策,2.57,18000,股
2026-07-23,2345,智邦,2.51,28000,股
2026-07-23,7769,鴻勁,2.49,10000,股
2026-07-23,6683,雍智科技,2.47,52000,股
2026-07-23,6488,環球晶,2.37,55000,股
2026-07-23,3167,大量,2.33,88000,股
2026-07-23,3363,上詮,2.1,92729,股
2026-07-23,4764,雙鍵,2.04,171000,股
2026-07-23,8028,昇陽半導體,2.04,176000,股
2026-07-23,8358,金居,1.78,114000,股
2026-07-23,6271,同欣電,1.64,213000,股
2026-07-23,6739,竹陞科技,0.92,20000,股
2026-07-23,3081,聯亞,0.34,4800,股
2026-07-23,5274,信驊,0.18,300,股
2026-07-23,C_NTD,,,196619366,元
2026-07-24,2330,台積電,8.57,90000,股
2026-07-24,3017,奇鋐,8.3,86000,股
2026-07-24,2383,台光電,6.55,34000,股
2026-07-24,3037,欣興,6.46,190000,股
2026-07-24,6223,旺矽,6.24,27000,股
2026-07-24,3443,創意,4.95,30000,股
2026-07-24,2454,聯發科,4.86,32000,股
2026-07-24,3665,貿聯-KY,4.47,50000,股
2026-07-24,2408,南亞科,3.9,240000,股
2026-07-24,6274,台燿,3.8,75000,股
2026-07-24,8046,南電,3.42,76000,股
2026-07-24,6139,亞翔,3.27,96000,股
2026-07-24,2455,全新,2.77,205000,股
2026-07-24,2345,智邦,2.52,28000,股
2026-07-24,6683,雍智科技,2.51,52000,股
2026-07-24,3653,健策,2.5,18000,股
2026-07-24,7769,鴻勁,2.45,10000,股
2026-07-24,6488,環球晶,2.3,55000,股
2026-07-24,3363,上詮,2.19,92729,股
2026-07-24,8028,昇陽半導體,2.14,176000,股
2026-07-24,4764,雙鍵,1.94,171000,股
2026-07-24,8358,金居,1.7,114000,股
2026-07-24,6271,同欣電,1.63,213000,股
2026-07-24,6739,竹陞科技,0.87,20000,股
2026-07-24,3081,聯亞,0.34,4800,股
2026-07-24,5274,信驊,0.18,300,股
2026-07-24,C_NTD,,,225874338,元
2026-07-27,2330,台積電,8.56,90000,股
2026-07-27,3017,奇鋐,8.35,86000,股
2026-07-27,2383,台光電,6.62,34000,股
2026-07-27,3037,欣興,6.52,190000,股
2026-07-27,6223,旺矽,6.25,27000,股
2026-07-27,3443,創意,4.92,30000,股
2026-07-27,2454,聯發科,4.76,32000,股
2026-07-27,3665,貿聯-KY,4.35,50000,股
2026-07-27,2408,南亞科,4.23,240000,股
2026-07-27,6274,台燿,3.81,75000,股
2026-07-27,8046,南電,3.31,76000,股
2026-07-27,6139,亞翔,2.96,96000,股
2026-07-27,2455,全新,2.71,205000,股
2026-07-27,3653,健策,2.57,18000,股
2026-07-27,2345,智邦,2.54,28000,股
2026-07-27,7769,鴻勁,2.47,10000,股
2026-07-27,6683,雍智科技,2.43,52000,股
2026-07-27,6488,環球晶,2.37,55000,股
2026-07-27,3363,上詮,2.24,92729,股
2026-07-27,8028,昇陽半導體,2.21,176000,股
2026-07-27,4764,雙鍵,2.04,171000,股
2026-07-27,8358,金居,1.71,114000,股
2026-07-27,6739,竹陞科技,0.85,20000,股
2026-07-27,3081,聯亞,0.35,4800,股
2026-07-27,5274,信驊,0.18,300,股
2026-07-27,C_NTD,,,264248782,元
2026-07-28,2330,台積電,8.9,90000,股
2026-07-28,3017,奇鋐,8.36,86000,股
2026-07-28,2383,台光電,6.51,34000,股
2026-07-28,3037,欣興,6.3,190000,股
2026-07-28,6223,旺矽,6.05,27000,股
2026-07-28,3665,貿聯-KY,4.81,50000,股
2026-07-28,3443,創意,4.76,30000,股
2026-07-28,2454,聯發科,4.6,32000,股
2026-07-28,2408,南亞科,4.09,240000,股
2026-07-28,6274,台燿,3.68,75000,股
2026-07-28,8046,南電,3.22,76000,股
2026-07-28,6139,亞翔,2.93,96000,股
2026-07-28,2455,全新,2.69,205000,股
2026-07-28,3653,健策,2.63,18000,股
2026-07-28,7769,鴻勁,2.5,10000,股
2026-07-28,2345,智邦,2.48,28000,股
2026-07-28,6683,雍智科技,2.35,52000,股
2026-07-28,6488,環球晶,2.29,55000,股
2026-07-28,3363,上詮,2.17,92729,股
2026-07-28,8028,昇陽半導體,2.14,176000,股
2026-07-28,4764,雙鍵,2.09,171000,股
2026-07-28,8358,金居,1.65,114000,股
2026-07-28,6739,竹陞科技,0.82,20000,股
2026-07-28,3081,聯亞,0.36,4800,股
2026-07-28,5274,信驊,0.17,300,股
2026-07-28,C_NTD,,,264198555,元
2026-07-29,2330,台積電,9.23,90000,股
2026-07-29,3017,奇鋐,8.4,86000,股
2026-07-29,2383,台光電,6.5,34000,股
2026-07-29,3037,欣興,6.1,190000,股
2026-07-29,6223,旺矽,6.03,27000,股
2026-07-29,3665,貿聯-KY,4.87,50000,股
2026-07-29,2454,聯發科,4.7,32000,股
2026-07-29,3443,創意,4.61,30000,股
2026-07-29,2408,南亞科,3.96,240000,股
2026-07-29,6274,台燿,3.57,75000,股
2026-07-29,8046,南電,3.12,76000,股
2026-07-29,6139,亞翔,3.0,96000,股
2026-07-29,3653,健策,2.78,18000,股
2026-07-29,2455,全新,2.61,205000,股
2026-07-29,2345,智邦,2.49,28000,股
2026-07-29,7769,鴻勁,2.41,10000,股
2026-07-29,6683,雍智科技,2.27,52000,股
2026-07-29,6488,環球晶,2.22,55000,股
2026-07-29,3363,上詮,2.1,92729,股
2026-07-29,8028,昇陽半導體,2.07,176000,股
2026-07-29,4764,雙鍵,2.02,171000,股
2026-07-29,8358,金居,1.6,114000,股
2026-07-29,6739,竹陞科技,0.79,20000,股
2026-07-29,3081,聯亞,0.34,4800,股
2026-07-29,5274,信驊,0.18,300,股
2026-07-29,C_NTD,,,257966786,元
2026-07-30,2330,台積電,9.5,90000,股
2026-07-30,3017,奇鋐,8.69,86000,股
2026-07-30,2383,台光電,7.02,34000,股
2026-07-30,3037,欣興,6.51,190000,股
2026-07-30,6223,旺矽,6.2,27000,股
2026-07-30,3443,創意,5.63,34000,股
2026-07-30,2454,聯發科,4.96,32000,股
2026-07-30,3665,貿聯-KY,4.57,50000,股
2026-07-30,2408,南亞科,3.77,240000,股
2026-07-30,8046,南電,3.65,91000,股
2026-07-30,6274,台燿,3.63,75000,股
2026-07-30,6139,亞翔,2.95,96000,股
2026-07-30,3653,健策,2.7,18000,股
2026-07-30,7769,鴻勁,2.69,10000,股
2026-07-30,2455,全新,2.61,205000,股
2026-07-30,2345,智邦,2.59,28000,股
2026-07-30,6683,雍智科技,2.1,52000,股
2026-07-30,3363,上詮,1.94,92729,股
2026-07-30,4764,雙鍵,1.94,171000,股
2026-07-30,8028,昇陽半導體,1.92,176000,股
2026-07-30,8358,金居,1.48,114000,股
2026-07-30,6739,竹陞科技,0.74,20000,股
2026-07-30,3081,聯亞,0.34,4800,股
2026-07-30,5274,信驊,0.19,300,股
2026-07-30,C_NTD,,,244282229,元
2026-07-31,2330,台積電,9.18,90000,股
2026-07-31,3017,奇鋐,8.39,86000,股
2026-07-31,2383,台光電,6.78,34000,股
2026-07-31,3037,欣興,6.29,190000,股
2026-07-31,6223,旺矽,6.0,27000,股
2026-07-31,3443,創意,5.44,34000,股
2026-07-31,2454,聯發科,4.78,32000,股
2026-07-31,3665,貿聯-KY,4.42,50000,股
2026-07-31,2408,南亞科,3.64,240000,股
2026-07-31,8046,南電,3.52,91000,股
2026-07-31,6274,台燿,3.5,75000,股
2026-07-31,6139,亞翔,2.85,96000,股
2026-07-31,3653,健策,2.61,18000,股
2026-07-31,7769,鴻勁,2.6,10000,股
2026-07-31,2455,全新,2.52,205000,股
2026-07-31,2345,智邦,2.5,28000,股
2026-07-31,6683,雍智科技,2.03,52000,股
2026-07-31,3363,上詮,1.87,92729,股
2026-07-31,4764,雙鍵,1.87,171000,股
2026-07-31,8028,昇陽半導體,1.81,176000,股
2026-07-31,8358,金居,1.43,114000,股
2026-07-31,6739,竹陞科技,0.69,20000,股
2026-07-31,3081,聯亞,0.33,4800,股
2026-07-31,5274,信驊,0.18,300,股
2026-07-31,C_NTD,,,351135450,元
2026-08-03,3017,奇鋐,8.76,86000,股
2026-08-03,2330,台積電,8.52,90000,股
2026-08-03,2383,台光電,6.77,34000,股
2026-08-03,3037,欣興,6.57,190000,股
2026-08-03,6223,旺矽,6.26,27000,股
2026-08-03,3443,創意,5.69,34000,股
2026-08-03,2454,聯發科,5.0,32000,股
2026-08-03,3665,貿聯-KY,4.19,50000,股
2026-08-03,2408,南亞科,3.8,240000,股
2026-08-03,6274,台燿,3.66,75000,股
2026-08-03,8046,南電,3.46,91000,股
2026-08-03,6139,亞翔,2.93,96000,股
2026-08-03,3653,健策,2.71,18000,股
2026-08-03,2455,全新,2.63,205000,股
2026-08-03,2345,智邦,2.61,28000,股
2026-08-03,7769,鴻勁,2.57,10000,股
2026-08-03,8028,昇陽半導體,2.27,218000,股
2026-08-03,6683,雍智科技,2.11,52000,股
2026-08-03,3363,上詮,1.95,92729,股
2026-08-03,4764,雙鍵,1.8,171000,股
2026-08-03,6739,竹陞科技,1.8,50000,股
2026-08-03,8358,金居,1.49,114000,股
2026-08-03,3081,聯亞,0.34,4800,股
2026-08-03,5274,信驊,0.19,300,股
2026-08-03,C_NTD,,,298651106,元
2026-08-04,3017,奇鋐,8.65,86000,股
2026-08-04,2330,台積電,8.08,90000,股
2026-08-04,3037,欣興,6.79,190000,股
2026-08-04,2383,台光電,6.76,34000,股
2026-08-04,6223,旺矽,6.16,27000,股
2026-08-04,3443,創意,5.45,34000,股
2026-08-04,2454,聯發科,4.79,32000,股
2026-08-04,3665,貿聯-KY,4.45,50000,股
2026-08-04,2408,南亞科,4.05,240000,股
2026-08-04,6274,台燿,3.89,75000,股
2026-08-04,8046,南電,3.68,91000,股
2026-08-04,6139,亞翔,2.92,96000,股
2026-08-04,3653,健策,2.89,18000,股
2026-08-04,2455,全新,2.8,205000,股
2026-08-04,2345,智邦,2.51,28000,股
2026-08-04,3231,緯創,2.47,327000,股
2026-08-04,7769,鴻勁,2.39,10000,股
2026-08-04,8028,昇陽半導體,2.26,218000,股
2026-08-04,6683,雍智科技,2.19,52000,股
2026-08-04,3363,上詮,2.02,92729,股
2026-08-04,6739,竹陞科技,1.92,50000,股
2026-08-04,4764,雙鍵,1.71,171000,股
2026-08-04,6515,穎崴,1.53,6000,股
2026-08-04,8358,金居,1.5,114000,股
2026-08-04,3081,聯亞,0.36,4800,股
2026-08-04,5274,信驊,0.18,300,股
2026-08-04,C_NTD,,,196301096,元
2026-08-05,3017,奇鋐,8.73,86000,股
2026-08-05,2330,台積電,8.05,90000,股
2026-08-05,3037,欣興,6.85,190000,股
2026-08-05,2383,台光電,6.63,34000,股
2026-08-05,6223,旺矽,6.27,27000,股
2026-08-05,3443,創意,6.2,38000,股
2026-08-05,2454,聯發科,4.76,32000,股
2026-08-05,3665,貿聯-KY,4.38,50000,股
2026-08-05,6274,台燿,4.1,75000,股
2026-08-05,2408,南亞科,3.97,240000,股
2026-08-05,8046,南電,3.59,91000,股
2026-08-05,2455,全新,2.96,205000,股
2026-08-05,3653,健策,2.91,18000,股
2026-08-05,6139,亞翔,2.86,96000,股
2026-08-05,2345,智邦,2.48,28000,股
2026-08-05,7769,鴻勁,2.43,10000,股
2026-08-05,3231,緯創,2.35,327000,股
2026-08-05,6683,雍智科技,2.31,52000,股
2026-08-05,8028,昇陽半導體,2.29,218000,股
2026-08-05,3363,上詮,2.07,92729,股
2026-08-05,6739,竹陞科技,1.94,50000,股
2026-08-05,4764,雙鍵,1.66,171000,股
2026-08-05,6515,穎崴,1.54,6000,股
2026-08-05,8358,金居,1.48,114000,股
2026-08-05,6805,富世達,1.43,24000,股
2026-08-05,3081,聯亞,0.39,4800,股
2026-08-05,5274,信驊,0.18,300,股
2026-08-05,C_NTD,,,139768814,元
2026-08-06,3017,奇鋐,9.24,86000,股
2026-08-06,2330,台積電,7.78,90000,股
2026-08-06,3037,欣興,6.75,190000,股
2026-08-06,2383,台光電,6.59,34000,股
2026-08-06,3443,創意,6.22,38000,股
2026-08-06,6223,旺矽,6.21,27000,股
2026-08-06,2454,聯發科,4.58,32000,股
2026-08-06,3665,貿聯-KY,4.33,50000,股
2026-08-06,6274,台燿,4.19,75000,股
2026-08-06,2408,南亞科,4.02,240000,股
2026-08-06,8046,南電,3.67,91000,股
2026-08-06,6805,富世達,3.15,49000,股
2026-08-06,3653,健策,2.93,18000,股
2026-08-06,2455,全新,2.79,205000,股
2026-08-06,2345,智邦,2.47,28000,股
2026-08-06,7769,鴻勁,2.37,10000,股
2026-08-06,3231,緯創,2.26,327000,股
2026-08-06,6683,雍智科技,2.25,52000,股
2026-08-06,8028,昇陽半導體,2.19,218000,股
2026-08-06,3363,上詮,2.05,92729,股
2026-08-06,6739,竹陞科技,2.04,50000,股
2026-08-06,6515,穎崴,1.98,8000,股
2026-08-06,4764,雙鍵,1.64,171000,股
2026-08-06,8358,金居,1.6,114000,股
2026-08-06,3081,聯亞,0.42,4800,股
2026-08-06,5274,信驊,0.18,300,股
2026-08-06,C_NTD,,,167250456,元
2026-08-07,2330,台積電,8.34,90000,股
2026-08-07,3037,欣興,7.1,190000,股
2026-08-07,2383,台光電,6.97,34000,股
2026-08-07,3443,創意,6.76,38000,股
2026-08-07,6223,旺矽,6.44,27000,股
2026-08-07,3017,奇鋐,6.32,58000,股
2026-08-07,2454,聯發科,4.88,32000,股
2026-08-07,3665,貿聯-KY,4.3,50000,股
2026-08-07,2408,南亞科,4.29,240000,股
2026-08-07,6274,台燿,4.22,75000,股
2026-08-07,8046,南電,3.84,91000,股
2026-08-07,3081,聯亞,3.41,37800,股
2026-08-07,6805,富世達,3.2,49000,股
2026-08-07,3653,健策,3.08,18000,股
2026-08-07,2455,全新,2.92,205000,股
2026-08-07,7769,鴻勁,2.47,10000,股
2026-08-07,2345,智邦,2.43,28000,股
2026-08-07,3231,緯創,2.35,327000,股
2026-08-07,6683,雍智科技,2.28,52000,股
2026-08-07,8028,昇陽半導體,2.17,218000,股
2026-08-07,6515,穎崴,2.12,8000,股
2026-08-07,3363,上詮,2.11,92729,股
2026-08-07,6739,竹陞科技,1.97,50000,股
2026-08-07,8358,金居,1.57,114000,股
2026-08-07,4764,雙鍵,1.34,145000,股
2026-08-07,5274,信驊,0.19,300,股
2026-08-07,C_NTD,,,74829430,元
2026-08-10,2330,台積電,8.19,90000,股
2026-08-10,3037,欣興,7.21,190000,股
2026-08-10,2383,台光電,6.88,34000,股
2026-08-10,3443,創意,6.59,38000,股
2026-08-10,6223,旺矽,6.43,27000,股
2026-08-10,3017,奇鋐,6.14,58000,股
2026-08-10,2454,聯發科,4.85,32000,股
2026-08-10,2408,南亞科,4.61,240000,股
2026-08-10,3665,貿聯-KY,4.19,50000,股
2026-08-10,6274,台燿,4.19,75000,股
2026-08-10,8046,南電,3.93,91000,股
2026-08-10,3081,聯亞,3.67,37800,股
2026-08-10,6805,富世達,3.29,49000,股
2026-08-10,2455,全新,3.02,205000,股
2026-08-10,3653,健策,2.85,18000,股
2026-08-10,6683,雍智科技,2.45,52000,股
2026-08-10,3231,緯創,2.41,327000,股
2026-08-10,7769,鴻勁,2.4,10000,股
2026-08-10,2345,智邦,2.32,28000,股
2026-08-10,3363,上詮,2.27,92729,股
2026-08-10,8028,昇陽半導體,2.2,218000,股
2026-08-10,6515,穎崴,2.09,8000,股
2026-08-10,6739,竹陞科技,2.01,50000,股
2026-08-10,8358,金居,1.51,114000,股
2026-08-10,8996,高力,1.44,35000,股
2026-08-10,5274,信驊,0.19,300,股
2026-08-10,C_NTD,,,70037837,元
2026-08-11,2330,台積電,8.15,90000,股
2026-08-11,3037,欣興,7.12,190000,股
2026-08-11,3443,創意,7.12,38000,股
2026-08-11,2383,台光電,7.11,34000,股
2026-08-11,6223,旺矽,6.44,27000,股
2026-08-11,3017,奇鋐,6.05,58000,股
2026-08-11,2454,聯發科,4.86,32000,股
2026-08-11,6274,台燿,4.55,75000,股
2026-08-11,2408,南亞科,4.44,240000,股
2026-08-11,3665,貿聯-KY,4.16,50000,股
2026-08-11,8046,南電,3.96,91000,股
2026-08-11,3081,聯亞,3.54,37800,股
2026-08-11,6805,富世達,3.32,49000,股
2026-08-11,2455,全新,2.85,205000,股
2026-08-11,3653,健策,2.77,18000,股
2026-08-11,6683,雍智科技,2.45,52000,股
2026-08-11,7769,鴻勁,2.4,10000,股
2026-08-11,3231,緯創,2.36,327000,股
2026-08-11,2345,智邦,2.26,28000,股
2026-08-11,3363,上詮,2.12,92729,股
2026-08-11,6515,穎崴,2.09,8000,股
2026-08-11,6739,竹陞科技,1.9,50000,股
2026-08-11,8358,金居,1.64,114000,股
2026-08-11,8996,高力,1.41,35000,股
2026-08-11,2308,台達電,0.96,14000,股
2026-08-11,5274,信驊,0.19,300,股
2026-08-11,C_NTD,,,100525527,元
2026-08-12,2330,台積電,7.97,90000,股
2026-08-12,2383,台光電,7.15,34000,股
2026-08-12,3443,創意,7.15,38000,股
2026-08-12,3037,欣興,6.97,190000,股
2026-08-12,6223,旺矽,6.54,27000,股
2026-08-12,3017,奇鋐,6.19,58000,股
2026-08-12,2454,聯發科,4.71,32000,股
2026-08-12,6274,台燿,4.4,75000,股
2026-08-12,2408,南亞科,4.25,240000,股
2026-08-12,8046,南電,4.22,91000,股
2026-08-12,3665,貿聯-KY,3.95,50000,股
2026-08-12,3081,聯亞,3.78,37800,股
2026-08-12,6805,富世達,3.3,49000,股
2026-08-12,3653,健策,2.95,18000,股
2026-08-12,2455,全新,2.89,205000,股
2026-08-12,6683,雍智科技,2.42,52000,股
2026-08-12,7769,鴻勁,2.38,10000,股
2026-08-12,3231,緯創,2.32,327000,股
2026-08-12,2345,智邦,2.27,28000,股
2026-08-12,3363,上詮,2.14,92729,股
2026-08-12,6515,穎崴,2.1,8000,股
2026-08-12,6739,竹陞科技,1.89,50000,股
2026-08-12,8358,金居,1.75,114000,股
2026-08-12,8996,高力,1.5,35000,股
2026-08-12,2308,台達電,0.92,14000,股
2026-08-12,5274,信驊,0.19,300,股
2026-08-12,C_NTD,,,100470172,元
2026-08-13,2330,台積電,7.93,90000,股
2026-08-13,3443,創意,7.61,38000,股
2026-08-13,2383,台光電,7.0,34000,股
2026-08-13,3037,欣興,6.87,190000,股
2026-08-13,3017,奇鋐,6.71,58000,股
2026-08-13,6223,旺矽,6.34,27000,股
2026-08-13,2454,聯發科,4.89,32000,股
2026-08-13,2408,南亞科,4.46,240000,股
2026-08-13,6274,台燿,4.34,75000,股
2026-08-13,8046,南電,4.0,91000,股
2026-08-13,3665,貿聯-KY,3.99,50000,股
2026-08-13,3081,聯亞,3.64,37800,股
2026-08-13,6805,富世達,3.44,52000,股
2026-08-13,3653,健策,3.02,18000,股
2026-08-13,7769,鴻勁,2.94,12000,股
2026-08-13,2455,全新,2.85,205000,股
2026-08-13,6683,雍智科技,2.62,52000,股
2026-08-13,3231,緯創,2.33,327000,股
2026-08-13,2345,智邦,2.3,28000,股
2026-08-13,3363,上詮,2.01,92729,股
2026-08-13,6515,穎崴,1.95,8000,股
2026-08-13,2308,台達電,1.91,28000,股
2026-08-13,6739,竹陞科技,1.89,50000,股
2026-08-13,8358,金居,1.74,114000,股
2026-08-13,8996,高力,1.63,35000,股
2026-08-13,5274,信驊,0.19,300,股
2026-08-13,C_NTD,,,38593676,元
2026-08-14,2330,台積電,7.82,90000,股
2026-08-14,2383,台光電,7.6,34000,股
2026-08-14,3037,欣興,7.03,190000,股
2026-08-14,3017,奇鋐,6.8,58000,股
2026-08-14,6223,旺矽,6.3,27000,股
2026-08-14,3443,創意,5.94,30000,股
2026-08-14,2454,聯發科,4.88,32000,股
2026-08-14,6274,台燿,4.56,75000,股
2026-08-14,2408,南亞科,4.46,240000,股
2026-08-14,8046,南電,4.31,91000,股
2026-08-14,3665,貿聯-KY,3.99,50000,股
2026-08-14,3081,聯亞,3.48,37800,股
2026-08-14,6805,富世達,3.4,52000,股
2026-08-14,3653,健策,3.17,18000,股
2026-08-14,7769,鴻勁,2.87,12000,股
2026-08-14,2455,全新,2.82,205000,股
2026-08-14,6683,雍智科技,2.58,52000,股
2026-08-14,2345,智邦,2.34,28000,股
2026-08-14,3363,上詮,1.97,92729,股
2026-08-14,6515,穎崴,1.96,8000,股
2026-08-14,2308,台達電,1.91,28000,股
2026-08-14,6739,竹陞科技,1.83,50000,股
2026-08-14,8358,金居,1.77,114000,股
2026-08-14,8996,高力,1.62,35000,股
2026-08-14,3231,緯創,1.14,162000,股
2026-08-14,5274,信驊,0.19,300,股
2026-08-14,C_NTD,,,89795054,元
2026-08-17,2330,台積電,7.74,90000,股
2026-08-17,2383,台光電,7.74,34000,股
2026-08-17,3037,欣興,7.63,190000,股
2026-08-17,3017,奇鋐,6.55,58000,股
2026-08-17,3443,創意,6.29,30000,股
2026-08-17,6223,旺矽,5.61,27000,股
2026-08-17,2454,聯發科,4.64,32000,股
2026-08-17,2408,南亞科,4.51,240000,股
2026-08-17,6274,台燿,4.3,75000,股
2026-08-17,8046,南電,4.22,91000,股
2026-08-17,3665,貿聯-KY,3.83,50000,股
2026-08-17,3081,聯亞,3.78,37800,股
2026-08-17,6805,富世達,3.59,52000,股
2026-08-17,3653,健策,3.44,18000,股
2026-08-17,2455,全新,3.06,205000,股
2026-08-17,7769,鴻勁,2.9,12000,股
2026-08-17,6683,雍智科技,2.47,52000,股
2026-08-17,2345,智邦,2.3,28000,股
2026-08-17,3363,上詮,2.07,92729,股
2026-08-17,6515,穎崴,1.9,8000,股
2026-08-17,2308,台達電,1.89,28000,股
2026-08-17,6739,竹陞科技,1.84,50000,股
2026-08-17,8358,金居,1.71,114000,股
2026-08-17,8996,高力,1.52,35000,股
2026-08-17,6187,萬潤,1.29,26000,股
2026-08-17,5274,信驊,0.18,300,股
2026-08-17,C_NTD,,,83481079,元
2026-08-18,3037,欣興,8.09,190000,股
2026-08-18,2330,台積電,7.97,90000,股
2026-08-18,2383,台光電,7.85,34000,股
2026-08-18,3017,奇鋐,6.55,58000,股
2026-08-18,6223,旺矽,5.29,27000,股
2026-08-18,3443,創意,4.74,23000,股
2026-08-18,2454,聯發科,4.63,32000,股
2026-08-18,2408,南亞科,4.6,240000,股
2026-08-18,6274,台燿,4.31,75000,股
2026-08-18,8046,南電,4.21,91000,股
2026-08-18,3665,貿聯-KY,4.17,50000,股
2026-08-18,3081,聯亞,4.11,37800,股
2026-08-18,6805,富世達,3.79,52000,股
2026-08-18,3653,健策,3.45,18000,股
2026-08-18,2455,全新,3.18,205000,股
2026-08-18,7769,鴻勁,2.91,12000,股
2026-08-18,6683,雍智科技,2.44,52000,股
2026-08-18,2345,智邦,2.32,28000,股
2026-08-18,3363,上詮,2.02,92729,股
2026-08-18,2308,台達電,1.9,28000,股
2026-08-18,6515,穎崴,1.88,8000,股
2026-08-18,6739,竹陞科技,1.85,50000,股
2026-08-18,8358,金居,1.76,114000,股
2026-08-18,8996,高力,1.53,35000,股
2026-08-18,6187,萬潤,1.22,26000,股
2026-08-18,5274,信驊,0.19,300,股
2026-08-18,C_NTD,,,81823133,元
2026-08-19,2330,台積電,8.17,90000,股
2026-08-19,3037,欣興,7.24,166000,股
2026-08-19,3017,奇鋐,6.93,58000,股
2026-08-19,2383,台光電,6.58,29000,股
2026-08-19,6223,旺矽,5.48,27000,股
2026-08-19,2454,聯發科,4.75,32000,股
2026-08-19,2408,南亞科,4.46,240000,股
2026-08-19,6274,台燿,4.34,75000,股
2026-08-19,3665,貿聯-KY,4.25,50000,股
2026-08-19,8046,南電,4.15,91000,股
2026-08-19,3443,創意,4.09,20000,股
2026-08-19,3081,聯亞,3.91,37800,股
2026-08-19,3653,健策,3.79,18000,股
2026-08-19,6805,富世達,3.61,52000,股
2026-08-19,2455,全新,3.14,205000,股
2026-08-19,7769,鴻勁,2.99,12000,股
2026-08-19,6683,雍智科技,2.39,52000,股
2026-08-19,6187,萬潤,2.37,47000,股
2026-08-19,2345,智邦,2.3,28000,股
2026-08-19,3363,上詮,2.09,92729,股
2026-08-19,6515,穎崴,1.97,8000,股
2026-08-19,2308,台達電,1.91,28000,股
2026-08-19,6739,竹陞科技,1.89,50000,股
2026-08-19,8358,金居,1.81,114000,股
2026-08-19,8996,高力,1.53,35000,股
2026-08-19,5274,信驊,0.18,300,股
2026-08-19,C_NTD,,,95501182,元
2026-08-20,2330,台積電,8.12,90000,股
2026-08-20,3037,欣興,7.19,166000,股
2026-08-20,2383,台光電,6.6,29000,股
2026-08-20,3017,奇鋐,6.58,58000,股
2026-08-20,6223,旺矽,5.8,27000,股
2026-08-20,2408,南亞科,4.72,240000,股
2026-08-20,2454,聯發科,4.5,32000,股
2026-08-20,6274,台燿,4.49,75000,股
2026-08-20,3443,創意,4.28,20000,股
2026-08-20,3665,貿聯-KY,4.28,50000,股
2026-08-20,8046,南電,4.13,91000,股
2026-08-20,3081,聯亞,3.99,37800,股
2026-08-20,3653,健策,3.83,18000,股
2026-08-20,6805,富世達,3.66,52000,股
2026-08-20,2455,全新,3.21,205000,股
2026-08-20,7769,鴻勁,2.94,12000,股
2026-08-20,6187,萬潤,2.26,47000,股
2026-08-20,6683,雍智科技,2.25,52000,股
2026-08-20,2345,智邦,2.24,28000,股
2026-08-20,3363,上詮,2.15,92729,股
2026-08-20,6515,穎崴,1.94,8000,股
2026-08-20,2308,台達電,1.86,28000,股
2026-08-20,6739,竹陞科技,1.86,50000,股
2026-08-20,8358,金居,1.79,114000,股
2026-08-20,8996,高力,1.51,35000,股
2026-08-20,5274,信驊,0.18,300,股
2026-08-20,C_NTD,,,96096709,元
2026-08-21,2330,台積電,8.41,90000,股
2026-08-21,3037,欣興,6.99,166000,股
2026-08-21,3017,奇鋐,6.45,58000,股
2026-08-21,2383,台光電,6.39,29000,股
2026-08-21,6223,旺矽,5.72,27000,股
2026-08-21,2408,南亞科,4.92,240000,股
2026-08-21,2454,聯發科,4.71,32000,股
2026-08-21,3665,貿聯-KY,4.41,50000,股
2026-08-21,3443,創意,4.35,20000,股
2026-08-21,6274,台燿,4.35,75000,股
2026-08-21,3081,聯亞,4.28,37800,股
2026-08-21,8046,南電,4.01,91000,股
2026-08-21,3653,健策,3.77,18000,股
2026-08-21,6805,富世達,3.56,52000,股
2026-08-21,2455,全新,3.23,205000,股
2026-08-21,7769,鴻勁,2.98,12000,股
2026-08-21,2345,智邦,2.21,28000,股
2026-08-21,6187,萬潤,2.18,47000,股
2026-08-21,3363,上詮,2.16,92729,股
2026-08-21,6683,雍智科技,2.16,52000,股
2026-08-21,6515,穎崴,1.99,8000,股
2026-08-21,8358,金居,1.93,114000,股
2026-08-21,2308,台達電,1.9,28000,股
2026-08-21,6739,竹陞科技,1.88,50000,股
2026-08-21,8996,高力,1.48,35000,股
2026-08-21,5274,信驊,0.18,300,股
2026-08-21,C_NTD,,,88197519,元
2026-08-24,2330,台積電,8.59,90000,股
2026-08-24,3037,欣興,7.17,166000,股
2026-08-24,3017,奇鋐,6.66,58000,股
2026-08-24,2383,台光電,6.33,29000,股
2026-08-24,6223,旺矽,6.04,27000,股
2026-08-24,2454,聯發科,4.84,32000,股
2026-08-24,6274,台燿,4.39,75000,股
2026-08-24,3443,創意,4.31,20000,股
2026-08-24,3081,聯亞,4.2,37800,股
2026-08-24,8046,南電,4.15,91000,股
2026-08-24,3665,貿聯-KY,4.12,50000,股
2026-08-24,3653,健策,3.73,18000,股
2026-08-24,6805,富世達,3.57,52000,股
2026-08-24,2408,南亞科,3.36,167000,股
2026-08-24,2455,全新,3.14,205000,股
2026-08-24,7769,鴻勁,3.02,12000,股
2026-08-24,2345,智邦,2.33,28000,股
2026-08-24,6187,萬潤,2.28,47000,股
2026-08-24,6683,雍智科技,2.28,52000,股
2026-08-24,3363,上詮,2.11,92729,股
2026-08-24,6515,穎崴,1.98,8000,股
2026-08-24,2308,台達電,1.95,28000,股
2026-08-24,6739,竹陞科技,1.95,50000,股
2026-08-24,8358,金居,1.91,114000,股
2026-08-24,8996,高力,1.61,35000,股
2026-08-24,5274,信驊,0.18,300,股
2026-08-24,C_NTD,,,94226036,元
2026-08-25,2330,台積電,8.5,90000,股
2026-08-25,3037,欣興,7.15,166000,股
2026-08-25,3017,奇鋐,6.73,58000,股
2026-08-25,2383,台光電,6.38,29000,股
2026-08-25,6223,旺矽,5.95,27000,股
2026-08-25,2454,聯發科,4.7,32000,股
2026-08-25,3081,聯亞,4.4,37800,股
2026-08-25,3443,創意,4.38,20000,股
2026-08-25,6274,台燿,4.38,75000,股
2026-08-25,8046,南電,4.15,91000,股
2026-08-25,3665,貿聯-KY,4.08,50000,股
2026-08-25,6805,富世達,3.77,52000,股
2026-08-25,3653,健策,3.69,18000,股
2026-08-25,2455,全新,3.38,205000,股
2026-08-25,2408,南亞科,3.35,167000,股
2026-08-25,7769,鴻勁,2.93,12000,股
2026-08-25,6187,萬潤,2.35,47000,股
2026-08-25,6683,雍智科技,2.31,52000,股
2026-08-25,3363,上詮,2.27,92729,股
2026-08-25,2345,智邦,2.24,28000,股
2026-08-25,6515,穎崴,1.97,8000,股
2026-08-25,8358,金居,1.92,114000,股
2026-08-25,6739,竹陞科技,1.89,50000,股
2026-08-25,2308,台達電,1.88,28000,股
2026-08-25,8996,高力,1.67,35000,股
2026-08-25,5274,信驊,0.18,300,股
2026-08-25,C_NTD,,,86316062,元
2026-08-26,2330,台積電,8.29,90000,股
2026-08-26,3037,欣興,7.35,166000,股
2026-08-26,3017,奇鋐,6.98,58000,股
2026-08-26,2383,台光電,6.52,29000,股
2026-08-26,6223,旺矽,5.19,27000,股
2026-08-26,2454,聯發科,4.82,32000,股
2026-08-26,3081,聯亞,4.69,37800,股
2026-08-26,3443,創意,4.67,20000,股
2026-08-26,6274,台燿,4.38,75000,股
2026-08-26,8046,南電,4.1,91000,股
2026-08-26,6805,富世達,4.02,52000,股
2026-08-26,3653,健策,3.93,18000,股
2026-08-26,3665,貿聯-KY,3.82,50000,股
2026-08-26,2455,全新,3.35,205000,股
2026-08-26,2408,南亞科,3.29,167000,股
2026-08-26,7769,鴻勁,2.9,12000,股
2026-08-26,6187,萬潤,2.33,47000,股
2026-08-26,3363,上詮,2.3,92729,股
2026-08-26,6683,雍智科技,2.25,52000,股
2026-08-26,2345,智邦,2.19,28000,股
2026-08-26,8358,金居,1.95,114000,股
2026-08-26,6739,竹陞科技,1.91,50000,股
2026-08-26,2308,台達電,1.87,28000,股
2026-08-26,6515,穎崴,1.84,8000,股
2026-08-26,8996,高力,1.6,35000,股
2026-08-26,5274,信驊,0.18,300,股
2026-08-26,C_NTD,,,86262355,元
2026-08-27,2330,台積電,8.15,90000,股
2026-08-27,3037,欣興,7.36,166000,股
2026-08-27,3017,奇鋐,7.28,58000,股
2026-08-27,2383,台光電,6.0,29000,股
2026-08-27,6223,旺矽,5.17,27000,股
2026-08-27,3081,聯亞,4.79,37800,股
2026-08-27,2454,聯發科,4.65,32000,股
2026-08-27,3443,創意,4.45,20000,股
2026-08-27,8046,南電,4.43,91000,股
2026-08-27,6805,富世達,4.35,52000,股
2026-08-27,6274,台燿,4.07,75000,股
2026-08-27,3665,貿聯-KY,3.86,50000,股
2026-08-27,3653,健策,3.82,18000,股
2026-08-27,2408,南亞科,3.4,167000,股
2026-08-27,2455,全新,3.34,205000,股
2026-08-27,7769,鴻勁,2.86,12000,股
2026-08-27,6187,萬潤,2.53,47000,股
2026-08-27,3363,上詮,2.45,92729,股
2026-08-27,6683,雍智科技,2.43,52000,股
2026-08-27,2345,智邦,2.2,28000,股
2026-08-27,8358,金居,2.12,114000,股
2026-08-27,6739,竹陞科技,2.06,50000,股
2026-08-27,2308,台達電,1.86,28000,股
2026-08-27,6515,穎崴,1.84,8000,股
2026-08-27,8996,高力,1.72,35000,股
2026-08-27,5274,信驊,0.17,300,股
2026-08-27,C_NTD,,,69664774,元
2026-08-28,2330,台積電,8.27,90000,股
2026-08-28,3017,奇鋐,7.4,58000,股
2026-08-28,3037,欣興,7.0,166000,股
2026-08-28,2383,台光電,6.04,29000,股
2026-08-28,6223,旺矽,5.16,27000,股
2026-08-28,2454,聯發科,4.84,32000,股
2026-08-28,3443,創意,4.57,20000,股
2026-08-28,3665,貿聯-KY,4.46,52000,股
2026-08-28,8046,南電,4.28,91000,股
2026-08-28,6274,台燿,4.24,75000,股
2026-08-28,3653,健策,3.95,18000,股
2026-08-28,3081,聯亞,3.74,29800,股
2026-08-28,2408,南亞科,3.42,167000,股
2026-08-28,2455,全新,3.38,205000,股
2026-08-28,6805,富世達,3.2,36000,股
2026-08-28,7769,鴻勁,2.96,12000,股
2026-08-28,8358,金居,2.76,134000,股
2026-08-28,3363,上詮,2.47,92729,股
2026-08-28,6187,萬潤,2.44,47000,股
2026-08-28,6683,雍智科技,2.37,52000,股
2026-08-28,2345,智邦,2.26,28000,股
2026-08-28,6739,竹陞科技,2.16,50000,股
2026-08-28,2308,台達電,1.95,28000,股
2026-08-28,6515,穎崴,1.9,8000,股
2026-08-28,8996,高力,1.68,35000,股
2026-08-28,5274,信驊,0.18,300,股
2026-08-28,C_NTD,,,77067518,元
2026-08-31,2330,台積電,8.34,90000,股
2026-08-31,3017,奇鋐,7.65,58000,股
2026-08-31,3037,欣興,6.39,166000,股
2026-08-31,2383,台光電,6.13,29000,股
2026-08-31,6223,旺矽,5.34,27000,股
2026-08-31,2454,聯發科,4.84,32000,股
2026-08-31,3443,創意,4.7,20000,股
2026-08-31,3665,貿聯-KY,4.35,52000,股
2026-08-31,3653,健策,4.15,18000,股
2026-08-31,6274,台燿,4.15,75000,股
2026-08-31,3081,聯亞,4.05,29800,股
2026-08-31,2455,全新,3.77,205000,股
2026-08-31,2408,南亞科,3.49,167000,股
2026-08-31,6805,富世達,3.2,36000,股
2026-08-31,8046,南電,3.03,64000,股
2026-08-31,8358,金居,2.79,134000,股
2026-08-31,3363,上詮,2.67,92729,股
2026-08-31,6187,萬潤,2.44,47000,股
2026-08-31,6683,雍智科技,2.42,52000,股
2026-08-31,6739,竹陞科技,2.27,50000,股
2026-08-31,2345,智邦,2.2,28000,股
2026-08-31,2308,台達電,1.98,28000,股
2026-08-31,6515,穎崴,1.94,8000,股
2026-08-31,8996,高力,1.58,35000,股
2026-08-31,7769,鴻勁,1.35,6000,股
2026-08-31,3661,世芯-KY,1.1,7000,股
2026-08-31,5274,信驊,0.19,300,股
2026-08-31,C_NTD,,,90746876,元
2026-09-01,2330,台積電,8.31,90000,股
2026-09-01,3017,奇鋐,7.48,58000,股
2026-09-01,2383,台光電,6.19,29000,股
2026-09-01,3037,欣興,6.1,166000,股
2026-09-01,6223,旺矽,5.52,27000,股
2026-09-01,2454,聯發科,5.22,32000,股
2026-09-01,3665,貿聯-KY,4.55,52000,股
2026-09-01,3443,創意,4.53,20000,股
2026-09-01,6274,台燿,4.11,75000,股
2026-09-01,2455,全新,4.06,205000,股
2026-09-01,3653,健策,4.01,18000,股
2026-09-01,3081,聯亞,3.86,29800,股
2026-09-01,2408,南亞科,3.27,167000,股
2026-09-01,6805,富世達,3.11,36000,股
2026-09-01,8046,南電,2.97,64000,股
2026-09-01,3363,上詮,2.76,92729,股
2026-09-01,8358,金居,2.67,134000,股
2026-09-01,6683,雍智科技,2.62,52000,股
2026-09-01,6187,萬潤,2.44,47000,股
2026-09-01,2345,智邦,2.34,28000,股
2026-09-01,6739,竹陞科技,2.17,50000,股
2026-09-01,3661,世芯-KY,2.1,13000,股
2026-09-01,6515,穎崴,2.09,8000,股
2026-09-01,2308,台達電,1.98,28000,股
2026-09-01,8996,高力,1.56,35000,股
2026-09-01,7769,鴻勁,1.33,6000,股
2026-09-01,5274,信驊,0.19,300,股
2026-09-01,C_NTD,,,65091501,元
2026-09-02,2330,台積電,8.28,90000,股
2026-09-02,3017,奇鋐,7.41,58000,股
2026-09-02,3037,欣興,6.23,166000,股
2026-09-02,2383,台光電,6.09,29000,股
2026-09-02,6223,旺矽,5.51,27000,股
2026-09-02,2454,聯發科,5.28,32000,股
2026-09-02,3443,創意,4.55,20000,股
2026-09-02,3665,貿聯-KY,4.35,52000,股
2026-09-02,2455,全新,4.29,205000,股
2026-09-02,6274,台燿,4.08,75000,股
2026-09-02,3653,健策,4.01,18000,股
2026-09-02,3081,聯亞,3.9,29800,股
2026-09-02,2408,南亞科,3.34,167000,股
2026-09-02,8046,南電,2.96,64000,股
2026-09-02,6683,雍智科技,2.93,52000,股
2026-09-02,6805,富世達,2.93,36000,股
2026-09-02,3363,上詮,2.79,92729,股
2026-09-02,8358,金居,2.6,134000,股
2026-09-02,6187,萬潤,2.43,47000,股
2026-09-02,2345,智邦,2.31,28000,股
2026-09-02,6515,穎崴,2.18,8000,股
2026-09-02,6739,竹陞科技,2.16,50000,股
2026-09-02,3661,世芯-KY,2.11,13000,股
2026-09-02,2308,台達電,1.87,28000,股
2026-09-02,8996,高力,1.71,35000,股
2026-09-02,6510,精測,1.06,8000,股
2026-09-02,5274,信驊,0.21,300,股
2026-09-02,C_NTD,,,63781419,元
2026-09-03,2330,台積電,8.55,90000,股
2026-09-03,3017,奇鋐,7.61,58000,股
2026-09-03,2383,台光電,6.1,29000,股
2026-09-03,3037,欣興,6.09,166000,股
2026-09-03,2454,聯發科,5.52,32000,股
2026-09-03,3443,創意,4.61,20000,股
2026-09-03,3665,貿聯-KY,4.34,52000,股
2026-09-03,2455,全新,4.28,205000,股
2026-09-03,3653,健策,4.02,18000,股
2026-09-03,6223,旺矽,4.01,20000,股
2026-09-03,6274,台燿,4.01,75000,股
2026-09-03,3081,聯亞,3.7,29800,股
2026-09-03,6805,富世達,3.0,36000,股
2026-09-03,6683,雍智科技,2.86,52000,股
2026-09-03,3363,上詮,2.85,92729,股
2026-09-03,8046,南電,2.75,64000,股
2026-09-03,8358,金居,2.5,134000,股
2026-09-03,6187,萬潤,2.43,47000,股
2026-09-03,2408,南亞科,2.41,127000,股
2026-09-03,2345,智邦,2.33,28000,股
2026-09-03,6515,穎崴,2.23,8000,股
2026-09-03,6739,竹陞科技,2.14,50000,股
2026-09-03,3661,世芯-KY,2.09,13000,股
2026-09-03,6510,精測,2.0,15000,股
2026-09-03,2308,台達電,1.96,28000,股
2026-09-03,8996,高力,1.65,35000,股
2026-09-03,4991,環宇-KY,1.37,71000,股
2026-09-03,5274,信驊,0.21,300,股
2026-09-03,C_NTD,,,59158436,元
2026-09-04,2330,台積電,8.46,90000,股
2026-09-04,3017,奇鋐,8.08,58000,股
2026-09-04,2383,台光電,6.13,29000,股
2026-09-04,3037,欣興,5.84,166000,股
2026-09-04,2454,聯發科,5.51,32000,股
2026-09-04,3443,創意,4.53,20000,股
2026-09-04,3665,貿聯-KY,4.35,52000,股
2026-09-04,2455,全新,4.22,205000,股
2026-09-04,3653,健策,4.12,18000,股
2026-09-04,6223,旺矽,4.02,20000,股
2026-09-04,6274,台燿,3.99,75000,股
2026-09-04,3081,聯亞,3.68,29800,股
2026-09-04,6805,富世達,3.09,36000,股
2026-09-04,6510,精測,2.87,22000,股
2026-09-04,6683,雍智科技,2.76,52000,股
2026-09-04,3363,上詮,2.66,92729,股
2026-09-04,8046,南電,2.63,64000,股
2026-09-04,8358,金居,2.61,134000,股
2026-09-04,2408,南亞科,2.46,127000,股
2026-09-04,6187,萬潤,2.39,47000,股
2026-09-04,2345,智邦,2.29,28000,股
2026-09-04,6515,穎崴,2.21,8000,股
2026-09-04,6739,竹陞科技,2.21,50000,股
2026-09-04,3661,世芯-KY,2.14,13000,股
2026-09-04,2308,台達電,1.99,28000,股
2026-09-04,8996,高力,1.77,35000,股
2026-09-04,4991,環宇-KY,1.38,71000,股
2026-09-04,5274,信驊,0.2,300,股
2026-09-04,C_NTD,,,35280922,元
2026-09-07,2330,台積電,8.6,90000,股
2026-09-07,3017,奇鋐,7.71,58000,股
2026-09-07,2383,台光電,6.19,29000,股
2026-09-07,3037,欣興,6.12,166000,股
2026-09-07,2454,聯發科,5.92,32000,股
2026-09-07,3443,創意,4.61,20000,股
2026-09-07,6223,旺矽,4.27,20000,股
2026-09-07,3665,貿聯-KY,4.18,52000,股
2026-09-07,6274,台燿,3.99,75000,股
2026-09-07,2455,全新,3.98,205000,股
2026-09-07,3653,健策,3.95,18000,股
2026-09-07,3081,聯亞,3.55,29800,股
2026-09-07,6805,富世達,3.17,36000,股
2026-09-07,6510,精測,2.97,22000,股
2026-09-07,6683,雍智科技,2.85,52000,股
2026-09-07,8358,金居,2.68,134000,股
2026-09-07,8046,南電,2.61,64000,股
2026-09-07,3363,上詮,2.6,92729,股
2026-09-07,2408,南亞科,2.55,127000,股
2026-09-07,6187,萬潤,2.5,47000,股
2026-09-07,2345,智邦,2.28,28000,股
2026-09-07,6515,穎崴,2.18,8000,股
2026-09-07,6739,竹陞科技,2.16,50000,股
2026-09-07,3661,世芯-KY,2.04,13000,股
2026-09-07,2308,台達電,2.01,28000,股
2026-09-07,8996,高力,1.69,35000,股
2026-09-07,4991,環宇-KY,1.36,71000,股
2026-09-07,5274,信驊,0.22,300,股
2026-09-07,C_NTD,,,26854151,元
2026-09-08,2330,台積電,8.7,90000,股
2026-09-08,3017,奇鋐,6.69,52000,股
2026-09-08,3037,欣興,6.2,166000,股
2026-09-08,2383,台光電,6.06,29000,股
2026-09-08,2454,聯發科,5.9,32000,股
2026-09-08,3443,創意,4.67,20000,股
2026-09-08,6223,旺矽,4.54,20000,股
2026-09-08,2455,全新,4.13,205000,股
2026-09-08,6274,台燿,3.95,75000,股
2026-09-08,3653,健策,3.91,18000,股
2026-09-08,3081,聯亞,3.34,29800,股
2026-09-08,6510,精測,3.12,22000,股
2026-09-08,6805,富世達,3.04,36000,股
2026-09-08,3665,貿聯-KY,2.95,39000,股
2026-09-08,6683,雍智科技,2.86,52000,股
2026-09-08,8358,金居,2.73,134000,股
2026-09-08,2408,南亞科,2.64,127000,股
2026-09-08,3363,上詮,2.58,92729,股
2026-09-08,8046,南電,2.57,64000,股
2026-09-08,6187,萬潤,2.55,47000,股
2026-09-08,6515,穎崴,2.41,8000,股
2026-09-08,6739,竹陞科技,2.24,50000,股
2026-09-08,2345,智邦,2.14,28000,股
2026-09-08,3661,世芯-KY,2.05,13000,股
2026-09-08,2308,台達電,1.98,28000,股
2026-09-08,4958,臻鼎-KY,1.98,100000,股
2026-09-08,8996,高力,1.68,35000,股
2026-09-08,4991,環宇-KY,1.37,71000,股
2026-09-08,5274,信驊,0.23,300,股
2026-09-08,C_NTD,,,20984043,元
2026-09-09,2330,台積電,8.61,90000,股
2026-09-09,3017,奇鋐,6.82,52000,股
2026-09-09,3037,欣興,6.4,166000,股
2026-09-09,2383,台光電,6.05,29000,股
2026-09-09,2454,聯發科,5.74,32000,股
2026-09-09,3443,創意,4.6,20000,股
2026-09-09,6223,旺矽,4.36,20000,股
2026-09-09,2455,全新,4.24,205000,股
2026-09-09,3653,健策,4.02,18000,股
2026-09-09,6274,台燿,3.91,75000,股
2026-09-09,3081,聯亞,3.3,29800,股
2026-09-09,6805,富世達,3.21,36000,股
2026-09-09,6510,精測,3.08,22000,股
2026-09-09,3665,貿聯-KY,2.99,39000,股
2026-09-09,6683,雍智科技,2.76,52000,股
2026-09-09,8046,南電,2.76,64000,股
2026-09-09,8358,金居,2.73,134000,股
2026-09-09,2408,南亞科,2.58,127000,股
2026-09-09,3363,上詮,2.55,92729,股
2026-09-09,6187,萬潤,2.43,47000,股
2026-09-09,6739,竹陞科技,2.33,50000,股
2026-09-09,6515,穎崴,2.26,8000,股
2026-09-09,2345,智邦,2.19,28000,股
2026-09-09,3661,世芯-KY,1.97,13000,股
2026-09-09,2308,台達電,1.95,28000,股
2026-09-09,4958,臻鼎-KY,1.95,100000,股
2026-09-09,8996,高力,1.83,35000,股
2026-09-09,4991,環宇-KY,1.37,71000,股
2026-09-09,5274,信驊,0.22,300,股
2026-09-09,C_NTD,,,20928350,元
2026-09-10,2330,台積電,8.67,90000,股
2026-09-10,3017,奇鋐,7.07,52000,股
2026-09-10,3037,欣興,6.48,166000,股
2026-09-10,2383,台光電,6.13,29000,股
2026-09-10,2454,聯發科,5.94,32000,股
2026-09-10,3443,創意,4.89,20000,股
2026-09-10,6223,旺矽,4.42,20000,股
2026-09-10,2455,全新,4.29,205000,股
2026-09-10,6274,台燿,4.11,75000,股
2026-09-10,3653,健策,4.1,18000,股
2026-09-10,3081,聯亞,3.31,29800,股
2026-09-10,6510,精測,3.17,22000,股
2026-09-10,6805,富世達,3.1,36000,股
2026-09-10,3665,貿聯-KY,2.96,39000,股
2026-09-10,8358,金居,2.74,134000,股
2026-09-10,8046,南電,2.69,64000,股
2026-09-10,6683,雍智科技,2.64,52000,股
2026-09-10,3363,上詮,2.6,92729,股
2026-09-10,6739,竹陞科技,2.59,50000,股
2026-09-10,2408,南亞科,2.57,127000,股
2026-09-10,6187,萬潤,2.36,47000,股
2026-09-10,6515,穎崴,2.26,8000,股
2026-09-10,2345,智邦,2.16,28000,股
2026-09-10,3661,世芯-KY,2.07,13000,股
2026-09-10,4958,臻鼎-KY,1.94,100000,股
2026-09-10,8996,高力,1.79,35000,股
2026-09-10,4991,環宇-KY,1.36,71000,股
2026-09-10,5274,信驊,0.22,300,股
2026-09-10,C_NTD,,,34630033,元
2026-09-11,2330,台積電,8.72,90000,股
2026-09-11,3017,奇鋐,7.05,52000,股
2026-09-11,3037,欣興,6.52,166000,股
2026-09-11,2383,台光電,6.26,29000,股
2026-09-11,2454,聯發科,5.9,32000,股
2026-09-11,3443,創意,4.92,20000,股
2026-09-11,6223,旺矽,4.52,20000,股
2026-09-11,2455,全新,4.25,205000,股
2026-09-11,3653,健策,4.17,18000,股
2026-09-11,6274,台燿,4.12,75000,股
2026-09-11,3081,聯亞,3.37,29800,股
2026-09-11,6805,富世達,3.11,36000,股
2026-09-11,6510,精測,3.08,22000,股
2026-09-11,3665,貿聯-KY,2.94,39000,股
2026-09-11,8046,南電,2.78,64000,股
2026-09-11,6683,雍智科技,2.7,52000,股
2026-09-11,8358,金居,2.61,134000,股
2026-09-11,6739,竹陞科技,2.55,50000,股
2026-09-11,3363,上詮,2.54,92729,股
2026-09-11,2408,南亞科,2.52,127000,股
2026-09-11,6187,萬潤,2.36,47000,股
2026-09-11,6515,穎崴,2.22,8000,股
2026-09-11,2345,智邦,2.12,28000,股
2026-09-11,4958,臻鼎-KY,1.99,100000,股
2026-09-11,3661,世芯-KY,1.91,13000,股
2026-09-11,8996,高力,1.87,35000,股
2026-09-11,4991,環宇-KY,1.28,71000,股
2026-09-11,5274,信驊,0.22,300,股
2026-09-11,C_NTD,,,34574464,元
2026-09-14,2330,台積電,8.64,90000,股
2026-09-14,3017,奇鋐,6.95,52000,股
2026-09-14,3037,欣興,6.5,166000,股
2026-09-14,2383,台光電,6.26,29000,股
2026-09-14,2454,聯發科,5.89,32000,股
2026-09-14,3443,創意,5.17,20000,股
2026-09-14,6223,旺矽,4.52,20000,股
2026-09-14,2455,全新,4.43,205000,股
2026-09-14,6274,台燿,4.27,75000,股
2026-09-14,3653,健策,4.23,18000,股
2026-09-14,3081,聯亞,3.3,29800,股
2026-09-14,6805,富世達,3.15,36000,股
2026-09-14,3665,貿聯-KY,3.08,39000,股
2026-09-14,6510,精測,3.0,22000,股
2026-09-14,6683,雍智科技,2.8,52000,股
2026-09-14,8358,金居,2.8,134000,股
2026-09-14,8046,南電,2.72,64000,股
2026-09-14,3363,上詮,2.53,92729,股
2026-09-14,2408,南亞科,2.42,127000,股
2026-09-14,6187,萬潤,2.32,47000,股
2026-09-14,6739,竹陞科技,2.31,50000,股
2026-09-14,6515,穎崴,2.13,8000,股
2026-09-14,2345,智邦,2.12,28000,股
2026-09-14,4958,臻鼎-KY,1.98,100000,股
2026-09-14,3661,世芯-KY,1.88,13000,股
2026-09-14,8996,高力,1.74,35000,股
2026-09-14,4991,環宇-KY,1.28,71000,股
2026-09-14,5274,信驊,0.22,300,股
2026-09-14,C_NTD,,,34412188,元
2026-09-15,2330,台積電,8.93,90000,股
2026-09-15,3017,奇鋐,6.74,52000,股
2026-09-15,3037,欣興,6.56,166000,股
2026-09-15,2383,台光電,6.17,29000,股
2026-09-15,2454,聯發科,5.89,32000,股
2026-09-15,3443,創意,5.02,20000,股
2026-09-15,6223,旺矽,4.52,20000,股
2026-09-15,2455,全新,4.43,205000,股
2026-09-15,6274,台燿,4.27,75000,股
2026-09-15,3653,健策,3.97,18000,股
2026-09-15,3081,聯亞,3.31,29800,股
2026-09-15,3665,貿聯-KY,3.21,39000,股
2026-09-15,6683,雍智科技,3.14,52000,股
2026-09-15,6805,富世達,3.03,36000,股
2026-09-15,6510,精測,2.98,22000,股
2026-09-15,8046,南電,2.89,64000,股
2026-09-15,8358,金居,2.69,134000,股
2026-09-15,3363,上詮,2.5,92729,股
2026-09-15,2408,南亞科,2.46,127000,股
2026-09-15,6187,萬潤,2.37,47000,股
2026-09-15,6739,竹陞科技,2.21,50000,股
2026-09-15,2345,智邦,2.14,28000,股
2026-09-15,6515,穎崴,2.1,8000,股
2026-09-15,4958,臻鼎-KY,1.99,100000,股
2026-09-15,3661,世芯-KY,1.81,13000,股
2026-09-15,8996,高力,1.78,35000,股
2026-09-15,4991,環宇-KY,1.23,71000,股
2026-09-15,5274,信驊,0.22,300,股
2026-09-15,C_NTD,,,34358723,元
2026-09-16,2330,台積電,8.75,90000,股
2026-09-16,3017,奇鋐,6.75,52000,股
2026-09-16,3037,欣興,6.52,166000,股
2026-09-16,2383,台光電,6.03,29000,股
2026-09-16,2454,聯發科,5.92,32000,股
2026-09-16,3443,創意,5.04,20000,股
2026-09-16,6223,旺矽,4.58,20000,股
2026-09-16,6274,台燿,4.34,75000,股
2026-09-16,2455,全新,4.31,205000,股
2026-09-16,3653,健策,3.85,18000,股
2026-09-16,3081,聯亞,3.42,29800,股
2026-09-16,6683,雍智科技,3.39,52000,股
2026-09-16,3665,貿聯-KY,3.18,39000,股
2026-09-16,6805,富世達,3.01,36000,股
2026-09-16,6510,精測,2.9,22000,股
2026-09-16,8046,南電,2.89,64000,股
2026-09-16,8358,金居,2.79,134000,股
2026-09-16,3363,上詮,2.59,92729,股
2026-09-16,2408,南亞科,2.56,127000,股
2026-09-16,6187,萬潤,2.34,47000,股
2026-09-16,6739,竹陞科技,2.15,50000,股
2026-09-16,2345,智邦,2.11,28000,股
2026-09-16,6515,穎崴,2.03,8000,股
2026-09-16,4958,臻鼎-KY,2.02,100000,股
2026-09-16,8996,高力,1.86,35000,股
2026-09-16,3491,昇達科,1.47,25000,股
2026-09-16,4991,環宇-KY,1.24,71000,股
2026-09-16,5274,信驊,0.22,300,股
2026-09-16,C_NTD,,,42855712,元
2026-09-17,2330,台積電,9.0,90000,股
2026-09-17,3017,奇鋐,6.83,52000,股
2026-09-17,3037,欣興,6.43,166000,股
2026-09-17,2454,聯發科,5.94,32000,股
2026-09-17,2383,台光電,5.61,29000,股
2026-09-17,3443,創意,5.36,20000,股
2026-09-17,6223,旺矽,4.53,20000,股
2026-09-17,2455,全新,4.51,205000,股
2026-09-17,6274,台燿,4.08,75000,股
2026-09-17,3653,健策,3.97,18000,股
2026-09-17,6683,雍智科技,3.38,52000,股
2026-09-17,3081,聯亞,3.34,29800,股
2026-09-17,3665,貿聯-KY,3.23,39000,股
2026-09-17,6805,富世達,3.1,36000,股
2026-09-17,6510,精測,2.9,22000,股
2026-09-17,8046,南電,2.81,64000,股
2026-09-17,8358,金居,2.64,134000,股
2026-09-17,2408,南亞科,2.55,127000,股
2026-09-17,3491,昇達科,2.51,41000,股
2026-09-17,3363,上詮,2.5,92729,股
2026-09-17,6187,萬潤,2.34,47000,股
2026-09-17,6739,竹陞科技,2.23,50000,股
2026-09-17,2345,智邦,2.08,28000,股
2026-09-17,6515,穎崴,2.02,8000,股
2026-09-17,4958,臻鼎-KY,1.96,100000,股
2026-09-17,8996,高力,1.88,35000,股
2026-09-17,4991,環宇-KY,1.26,71000,股
2026-09-17,5274,信驊,0.23,300,股
2026-09-17,C_NTD,,,18808361,元
2026-09-18,2330,台積電,8.69,90000,股
2026-09-18,3017,奇鋐,7.0,52000,股
2026-09-18,3037,欣興,6.4,166000,股
2026-09-18,2454,聯發科,5.92,32000,股
2026-09-18,3443,創意,5.62,20000,股
2026-09-18,2383,台光電,5.57,29000,股
2026-09-18,2455,全新,4.48,205000,股
2026-09-18,6274,台燿,4.04,75000,股
2026-09-18,3653,健策,3.91,18000,股
2026-09-18,6683,雍智科技,3.41,52000,股
2026-09-18,3665,貿聯-KY,3.38,39000,股
2026-09-18,3081,聯亞,3.37,29800,股
2026-09-18,6805,富世達,3.24,36000,股
2026-09-18,6510,精測,3.04,22000,股
2026-09-18,8358,金居,2.63,134000,股
2026-09-18,2408,南亞科,2.62,127000,股
2026-09-18,3491,昇達科,2.52,41000,股
2026-09-18,6223,旺矽,2.51,11000,股
2026-09-18,3363,上詮,2.49,92729,股
2026-09-18,6187,萬潤,2.31,47000,股
2026-09-18,6739,竹陞科技,2.26,50000,股
2026-09-18,2345,智邦,2.04,28000,股
2026-09-18,6515,穎崴,2.02,8000,股
2026-09-18,8046,南電,1.99,46000,股
2026-09-18,8996,高力,1.97,35000,股
2026-09-18,4958,臻鼎-KY,1.86,100000,股
2026-09-18,4991,環宇-KY,1.32,71000,股
2026-09-18,5274,信驊,0.23,300,股
2026-09-18,C_NTD,,,81169009,元
2026-09-21,2330,台積電,8.66,90000,股
2026-09-21,3017,奇鋐,6.89,52000,股
2026-09-21,3037,欣興,6.57,166000,股
2026-09-21,2454,聯發科,6.22,32000,股
2026-09-21,3443,創意,5.91,20000,股
2026-09-21,2383,台光電,5.51,29000,股
2026-09-21,2455,全新,4.55,205000,股
2026-09-21,6274,台燿,4.18,75000,股
2026-09-21,3653,健策,4.04,18000,股
2026-09-21,3665,貿聯-KY,3.48,39000,股
2026-09-21,6683,雍智科技,3.38,52000,股
2026-09-21,6805,富世達,3.37,36000,股
2026-09-21,3081,聯亞,3.32,29800,股
2026-09-21,6510,精測,2.98,22000,股
2026-09-21,8358,金居,2.56,134000,股
2026-09-21,2408,南亞科,2.54,127000,股
2026-09-21,3491,昇達科,2.42,41000,股
2026-09-21,3363,上詮,2.38,92729,股
2026-09-21,6187,萬潤,2.25,47000,股
2026-09-21,6739,竹陞科技,2.13,50000,股
2026-09-21,8996,高力,2.04,35000,股
2026-09-21,2345,智邦,2.0,28000,股
2026-09-21,8046,南電,1.89,46000,股
2026-09-21,4958,臻鼎-KY,1.82,100000,股
2026-09-21,6515,穎崴,1.8,8000,股
2026-09-21,6223,旺矽,1.71,8000,股
2026-09-21,4991,環宇-KY,1.37,71000,股
2026-09-21,5274,信驊,0.23,300,股
2026-09-21,C_NTD,,,97272163,元
2026-09-22,2330,台積電,8.48,90000,股
2026-09-22,3037,欣興,7.12,166000,股
2026-09-22,3017,奇鋐,6.75,52000,股
2026-09-22,3443,創意,6.42,20000,股
2026-09-22,2454,聯發科,6.35,32000,股
2026-09-22,2383,台光電,5.4,29000,股
2026-09-22,2455,全新,4.3,205000,股
2026-09-22,6274,台燿,4.14,75000,股
2026-09-22,3653,健策,4.02,18000,股
2026-09-22,6805,富世達,3.45,36000,股
2026-09-22,3665,貿聯-KY,3.35,39000,股
2026-09-22,3081,聯亞,3.22,29800,股
2026-09-22,6683,雍智科技,3.17,52000,股
2026-09-22,6510,精測,3.12,22000,股
2026-09-22,8358,金居,2.52,134000,股
2026-09-22,2408,南亞科,2.42,127000,股
2026-09-22,3363,上詮,2.34,92729,股
2026-09-22,3491,昇達科,2.32,41000,股
2026-09-22,8996,高力,2.22,35000,股
2026-09-22,6187,萬潤,2.19,47000,股
2026-09-22,6739,竹陞科技,2.07,50000,股
2026-09-22,2345,智邦,2.05,28000,股
2026-09-22,8046,南電,2.05,46000,股
2026-09-22,4958,臻鼎-KY,1.87,100000,股
2026-09-22,6515,穎崴,1.77,8000,股
2026-09-22,6223,旺矽,1.64,8000,股
2026-09-22,4991,環宇-KY,1.29,71000,股
2026-09-22,5274,信驊,0.24,300,股
2026-09-22,C_NTD,,,97216960,元
2026-09-23,2330,台積電,8.72,90000,股
2026-09-23,3037,欣興,7.46,166000,股
2026-09-23,3017,奇鋐,6.99,52000,股
2026-09-23,2454,聯發科,6.43,32000,股
2026-09-23,2383,台光電,5.64,29000,股
2026-09-23,3443,創意,5.53,17000,股
2026-09-23,3653,健策,4.47,18000,股
2026-09-23,2455,全新,4.39,205000,股
2026-09-23,6274,台燿,4.24,75000,股
2026-09-23,6805,富世達,3.63,36000,股
2026-09-23,3665,貿聯-KY,3.54,39000,股
2026-09-23,3491,昇達科,3.15,52000,股
2026-09-23,3081,聯亞,3.1,29800,股
2026-09-23,6510,精測,2.96,22000,股
2026-09-23,8358,金居,2.58,134000,股
2026-09-23,2408,南亞科,2.54,127000,股
2026-09-23,3363,上詮,2.31,92729,股
2026-09-23,6187,萬潤,2.2,47000,股
2026-09-23,8046,南電,2.16,46000,股
2026-09-23,8996,高力,2.09,35000,股
2026-09-23,2345,智邦,2.05,28000,股
2026-09-23,6683,雍智科技,2.05,34000,股
2026-09-23,6739,竹陞科技,2.05,50000,股
2026-09-23,6515,穎崴,1.86,8000,股
2026-09-23,4958,臻鼎-KY,1.83,100000,股
2026-09-23,6223,旺矽,1.74,8000,股
2026-09-23,4991,環宇-KY,1.23,71000,股
2026-09-23,5274,信驊,0.24,300,股
2026-09-23,C_NTD,,,72453580,元
2026-09-24,2330,台積電,8.66,90000,股
2026-09-24,3037,欣興,7.64,166000,股
2026-09-24,3017,奇鋐,7.18,52000,股
2026-09-24,2454,聯發科,6.57,32000,股
2026-09-24,2383,台光電,5.69,29000,股
2026-09-24,3443,創意,5.63,17000,股
2026-09-24,3653,健策,4.84,18000,股
2026-09-24,2455,全新,4.41,205000,股
2026-09-24,6274,台燿,4.36,75000,股
2026-09-24,3665,貿聯-KY,3.55,39000,股
2026-09-24,6805,富世達,3.54,36000,股
2026-09-24,3491,昇達科,3.14,52000,股
2026-09-24,3081,聯亞,3.13,29800,股
2026-09-24,6510,精測,2.83,22000,股
2026-09-24,8358,金居,2.66,134000,股
2026-09-24,2408,南亞科,2.48,127000,股
2026-09-24,3363,上詮,2.35,92729,股
2026-09-24,8046,南電,2.22,46000,股
2026-09-24,6187,萬潤,2.18,47000,股
2026-09-24,6739,竹陞科技,2.16,50000,股
2026-09-24,8996,高力,2.08,35000,股
2026-09-24,2345,智邦,2.06,28000,股
2026-09-24,3529,力旺,2.01,16000,股
2026-09-24,4958,臻鼎-KY,1.85,100000,股
2026-09-24,6515,穎崴,1.82,8000,股
2026-09-24,6683,雍智科技,1.54,26000,股
2026-09-24,4991,環宇-KY,1.28,71000,股
2026-09-24,6223,旺矽,1.05,5000,股
2026-09-24,5274,信驊,0.23,300,股
2026-09-24,C_NTD,,,22425993,元
2026-09-29,2330,台積電,8.82,90000,股
2026-09-29,3037,欣興,7.66,166000,股
2026-09-29,3017,奇鋐,7.0,52000,股
2026-09-29,2454,聯發科,6.22,32000,股
2026-09-29,2383,台光電,5.65,29000,股
2026-09-29,3653,健策,4.91,18000,股
2026-09-29,3443,創意,4.71,15000,股
2026-09-29,2455,全新,4.41,205000,股
2026-09-29,6274,台燿,4.41,75000,股
2026-09-29,3665,貿聯-KY,4.26,44000,股
2026-09-29,6805,富世達,3.58,36000,股
2026-09-29,3081,聯亞,3.13,29800,股
2026-09-29,3491,昇達科,3.11,52000,股
2026-09-29,6510,精測,2.73,22000,股
2026-09-29,8358,金居,2.64,134000,股
2026-09-29,2408,南亞科,2.54,127000,股
2026-09-29,6187,萬潤,2.44,47000,股
2026-09-29,3363,上詮,2.39,92729,股
2026-09-29,8046,南電,2.31,46000,股
2026-09-29,6739,竹陞科技,2.23,50000,股
2026-09-29,8996,高力,2.2,35000,股
2026-09-29,3529,力旺,2.09,16000,股
2026-09-29,2345,智邦,2.01,28000,股
2026-09-29,4958,臻鼎-KY,1.97,100000,股
2026-09-29,6515,穎崴,1.8,8000,股
2026-09-29,6683,雍智科技,1.52,26000,股
2026-09-29,4991,環宇-KY,1.33,71000,股
2026-09-29,6223,旺矽,1.03,5000,股
2026-09-29,5274,信驊,0.23,300,股
2026-09-29,C_NTD,,,17396446,元
2026-09-30,2330,台積電,8.78,90000,股
2026-09-30,3037,欣興,7.68,166000,股
2026-09-30,3017,奇鋐,7.03,52000,股
2026-09-30,2454,聯發科,6.2,32000,股
2026-09-30,2383,台光電,5.63,29000,股
2026-09-30,3653,健策,4.82,18000,股
2026-09-30,3443,創意,4.75,15000,股
2026-09-30,3665,貿聯-KY,4.49,44000,股
2026-09-30,6274,台燿,4.49,75000,股
2026-09-30,2455,全新,4.45,205000,股
2026-09-30,6805,富世達,3.48,36000,股
2026-09-30,3081,聯亞,3.16,29800,股
2026-09-30,3491,昇達科,3.07,52000,股
2026-09-30,6510,精測,2.65,22000,股
2026-09-30,8358,金居,2.61,134000,股
2026-09-30,8046,南電,2.43,46000,股
2026-09-30,6187,萬潤,2.42,47000,股
2026-09-30,3363,上詮,2.37,92729,股
2026-09-30,6739,竹陞科技,2.23,50000,股
2026-09-30,8996,高力,2.21,35000,股
2026-09-30,3529,力旺,2.08,16000,股
2026-09-30,2408,南亞科,2.04,100000,股
2026-09-30,4958,臻鼎-KY,2.0,100000,股
2026-09-30,2345,智邦,1.96,28000,股
2026-09-30,6515,穎崴,1.87,8000,股
2026-09-30,6683,雍智科技,1.63,26000,股
2026-09-30,4991,環宇-KY,1.36,71000,股
2026-09-30,6223,旺矽,1.01,5000,股
2026-09-30,5274,信驊,0.22,300,股
2026-09-30,C_NTD,,,22629505,元
2026-10-01,2330,台積電,8.89,90000,股
2026-10-01,3037,欣興,7.94,166000,股
2026-10-01,3017,奇鋐,7.18,52000,股
2026-10-01,2454,聯發科,6.27,32000,股
2026-10-01,2383,台光電,5.68,29000,股
2026-10-01,3653,健策,4.87,18000,股
2026-10-01,6274,台燿,4.53,75000,股
2026-10-01,3665,貿聯-KY,4.42,44000,股
2026-10-01,2455,全新,4.4,205000,股
2026-10-01,3443,創意,4.04,13000,股
2026-10-01,6805,富世達,3.39,36000,股
2026-10-01,3081,聯亞,3.12,29800,股
2026-10-01,3491,昇達科,3.05,52000,股
2026-10-01,8358,金居,2.66,134000,股
2026-10-01,6510,精測,2.6,22000,股
2026-10-01,8046,南電,2.57,46000,股
2026-10-01,6187,萬潤,2.36,47000,股
2026-10-01,3363,上詮,2.34,92729,股
2026-10-01,6739,竹陞科技,2.17,50000,股
2026-10-01,8996,高力,2.16,35000,股
2026-10-01,2345,智邦,2.09,28000,股
2026-10-01,2408,南亞科,2.04,100000,股
2026-10-01,3529,力旺,2.04,16000,股
2026-10-01,4958,臻鼎-KY,2.01,100000,股
2026-10-01,6515,穎崴,1.82,8000,股
2026-10-01,6683,雍智科技,1.61,26000,股
2026-10-01,4991,環宇-KY,1.36,71000,股
2026-10-01,6223,旺矽,0.99,5000,股
2026-10-01,5274,信驊,0.22,300,股
2026-10-01,C_NTD,,,29743038,元
2026-10-02,2330,台積電,8.67,90000,股
2026-10-02,3037,欣興,8.34,166000,股
2026-10-02,3017,奇鋐,6.89,52000,股
2026-10-02,2454,聯發科,6.1,32000,股
2026-10-02,2383,台光電,5.79,29000,股
2026-10-02,3653,健策,4.71,18000,股
2026-10-02,6274,台燿,4.68,75000,股
2026-10-02,2455,全新,4.58,205000,股
2026-10-02,3665,貿聯-KY,4.3,44000,股
2026-10-02,3443,創意,3.96,13000,股
2026-10-02,3081,聯亞,3.36,29800,股
2026-10-02,6805,富世達,3.2,36000,股
2026-10-02,3491,昇達科,2.97,52000,股
2026-10-02,8358,金居,2.68,134000,股
2026-10-02,6510,精測,2.6,22000,股
2026-10-02,8046,南電,2.59,46000,股
2026-10-02,3363,上詮,2.4,92729,股
2026-10-02,6739,竹陞科技,2.26,50000,股
2026-10-02,4958,臻鼎-KY,2.16,100000,股
2026-10-02,2345,智邦,2.12,28000,股
2026-10-02,8996,高力,2.04,35000,股
2026-10-02,2408,南亞科,2.03,100000,股
2026-10-02,3529,力旺,1.95,16000,股
2026-10-02,4991,環宇-KY,1.89,92000,股
2026-10-02,6515,穎崴,1.87,8000,股
2026-10-02,6683,雍智科技,1.49,26000,股
2026-10-02,3455,由田,1.46,135000,股
2026-10-02,6223,旺矽,1.02,5000,股
2026-10-02,5274,信驊,0.22,300,股
2026-10-02,C_NTD,,,43192965,元
2026-10-05,2330,台積電,8.75,90000,股
2026-10-05,3037,欣興,8.3,166000,股
2026-10-05,3017,奇鋐,7.04,52000,股
2026-10-05,2383,台光電,6.24,29000,股
2026-10-05,2454,聯發科,6.24,32000,股
2026-10-05,6274,台燿,5.04,75000,股
2026-10-05,3653,健策,4.9,18000,股
2026-10-05,3443,創意,4.22,13000,股
2026-10-05,3665,貿聯-KY,4.13,44000,股
2026-10-05,2455,全新,3.66,160000,股
2026-10-05,3081,聯亞,3.37,29800,股
2026-10-05,6805,富世達,3.33,36000,股
2026-10-05,3491,昇達科,3.2,52000,股
2026-10-05,8358,金居,2.88,134000,股
2026-10-05,8046,南電,2.6,46000,股
2026-10-05,6510,精測,2.58,22000,股
2026-10-05,4991,環宇-KY,2.41,122000,股
2026-10-05,3363,上詮,2.32,92729,股
2026-10-05,2345,智邦,2.19,28000,股
2026-10-05,4958,臻鼎-KY,2.17,100000,股
2026-10-05,8996,高力,2.11,35000,股
2026-10-05,2408,南亞科,2.0,100000,股
2026-10-05,3455,由田,1.96,183000,股
2026-10-05,3529,力旺,1.91,16000,股
2026-10-05,6515,穎崴,1.87,8000,股
2026-10-05,6223,旺矽,1.04,5000,股
2026-10-05,5274,信驊,0.22,300,股
2026-10-05,C_NTD,,,87756592,元
2026-10-06,2330,台積電,9.16,90000,股
2026-10-06,3017,奇鋐,7.54,52000,股
2026-10-06,3037,欣興,7.53,146000,股
2026-10-06,2383,台光電,6.84,29000,股
2026-10-06,2454,聯發科,6.2,32000,股
2026-10-06,6274,台燿,5.18,75000,股
2026-10-06,3653,健策,5.02,18000,股
2026-10-06,3443,創意,4.29,13000,股
2026-10-06,3665,貿聯-KY,4.03,44000,股
2026-10-06,2455,全新,3.57,160000,股
2026-10-06,3491,昇達科,3.51,52000,股
2026-10-06,3081,聯亞,3.43,29800,股
2026-10-06,6805,富世達,3.42,36000,股
2026-10-06,8358,金居,2.91,134000,股
2026-10-06,8046,南電,2.73,46000,股
2026-10-06,6510,精測,2.65,22000,股
2026-10-06,4991,環宇-KY,2.43,122000,股
2026-10-06,3363,上詮,2.37,92729,股
2026-10-06,4958,臻鼎-KY,2.26,100000,股
2026-10-06,8996,高力,2.2,35000,股
2026-10-06,2368,金像電,2.13,43000,股
2026-10-06,2408,南亞科,2.07,100000,股
2026-10-06,3455,由田,2.0,183000,股
2026-10-06,3529,力旺,1.96,16000,股
2026-10-06,6515,穎崴,1.93,8000,股
2026-10-06,6223,旺矽,1.12,5000,股
2026-10-06,5274,信驊,0.22,300,股
2026-10-06,C_NTD,,,33518116,元
2026-10-07,2330,台積電,9.25,90000,股
2026-10-07,3017,奇鋐,7.33,52000,股
2026-10-07,2383,台光電,6.86,29000,股
2026-10-07,3037,欣興,6.54,126000,股
2026-10-07,2454,聯發科,6.15,32000,股
2026-10-07,6274,台燿,5.13,75000,股
2026-10-07,3653,健策,4.87,18000,股
2026-10-07,3443,創意,4.37,13000,股
2026-10-07,3665,貿聯-KY,4.05,44000,股
2026-10-07,3081,聯亞,3.72,29800,股
2026-10-07,3491,昇達科,3.53,52000,股
2026-10-07,6805,富世達,3.51,36000,股
2026-10-07,2368,金像電,2.97,60000,股
2026-10-07,8358,金居,2.93,134000,股
2026-10-07,8046,南電,2.71,46000,股
2026-10-07,6510,精測,2.64,22000,股
2026-10-07,2455,全新,2.56,115000,股
2026-10-07,4991,環宇-KY,2.51,122000,股
2026-10-07,3363,上詮,2.5,92729,股
2026-10-07,4958,臻鼎-KY,2.37,100000,股
2026-10-07,8996,高力,2.29,35000,股
2026-10-07,2408,南亞科,2.04,100000,股
2026-10-07,3455,由田,2.04,183000,股
2026-10-07,3529,力旺,1.92,16000,股
2026-10-07,6515,穎崴,1.76,8000,股
2026-10-07,6223,旺矽,1.1,5000,股
2026-10-07,7856,漢測,1.05,6000,股
2026-10-07,5274,信驊,0.21,300,股
2026-10-07,C_NTD,,,27506400,元
2026-10-08,2330,台積電,9.19,90000,股
2026-10-08,3017,奇鋐,7.16,52000,股
2026-10-08,2383,台光電,6.97,29000,股
2026-10-08,2454,聯發科,6.01,32000,股
2026-10-08,3037,欣興,5.9,116000,股
2026-10-08,6274,台燿,5.23,75000,股
2026-10-08,3653,健策,5.17,18000,股
2026-10-08,3443,創意,4.35,13000,股
2026-10-08,3665,貿聯-KY,4.16,44000,股
2026-10-08,3081,聯亞,3.53,29800,股
2026-10-08,3491,昇達科,3.51,52000,股
2026-10-08,6805,富世達,3.42,36000,股
2026-10-08,6510,精測,3.32,25000,股
2026-10-08,2368,金像電,3.09,60000,股
2026-10-08,8358,金居,2.87,134000,股
2026-10-08,8046,南電,2.72,46000,股
2026-10-08,2455,全新,2.57,115000,股
2026-10-08,4991,環宇-KY,2.5,122000,股
2026-10-08,3363,上詮,2.48,92729,股
2026-10-08,8996,高力,2.4,35000,股
2026-10-08,4958,臻鼎-KY,2.37,100000,股
2026-10-08,2408,南亞科,2.13,100000,股
2026-10-08,3455,由田,2.08,183000,股
2026-10-08,3529,力旺,1.87,16000,股
2026-10-08,6515,穎崴,1.8,8000,股
2026-10-08,6223,旺矽,1.12,5000,股
2026-10-08,7856,漢測,1.02,6000,股
2026-10-08,5274,信驊,0.21,300,股
2026-10-08,C_NTD,,,21353400,元
