date,code,name,weight,shares,unit
2025-11-03,NVDA US,NVIDIACORP(輝達公司),3.95,39000,股
2025-11-03,AVGO US,BROADCOM LTD,3.55,20000,股
2025-11-03,MU US,MICRON TECHNOLOGY INC,3.22,28000,股
2025-11-03,2330,台積電,2.88,120000,股
2025-11-03,2308,台達電,2.81,180000,股
2025-11-03,CLS US,CELESTICA INC,2.57,15000,股
2025-11-03,MSFT US,MICROSOFTCORP(微軟公司),2.53,10000,股
2025-11-03,RHM GR,RHEINMETALL AG,2.5,2500,股
2025-11-03,ENR GR,SIEMENS ENERGY AG,2.49,40000,股
2025-11-03,9984 JP,SOFTBANK CORP,2.46,28600,股
2025-11-03,BE US,BLOOM ENERGY CORP- A,2.44,35000,股
2025-11-03,3017,奇鋐,2.38,100000,股
2025-11-03,CRDO US,CREDO TECHNOLOGY GROUP HOLDI,2.12,24000,股
2025-11-03,COIN US,COINBASE GLOBAL INC -CLASS A,2.1,13000,股
2025-11-03,GOOGL US,ALPHABETINC-CLA(Alphabet公司),2.09,15000,股
2025-11-03,3665,貿聯-KY,2.08,90000,股
2025-11-03,285A JP,KIOXIA HOLDINGS CORP,2.06,60000,股
2025-11-03,PLTR US,PALANTIR TECHNOLOGIES INC-A,2.03,20000,股
2025-11-03,HOOD US,ROBINHOOD MARKETS INC - A,2.02,28000,股
2025-11-03,7011 JP,MITSUBISHI HEAVY INDUSTRIES,1.9,128800,股
2025-11-03,5803 JP,FUJIKURA LTD,1.88,28000,股
2025-11-03,HOT GR,HOCHTIEF AG,1.87,13000,股
2025-11-03,CIEN US,CIENA CORP,1.86,20000,股
2025-11-03,5706 JP,Mitsui Mining ＆ Smelting Co,1.85,37000,股
2025-11-03,9988 HK,ALIBABA GROUP HOLDING LTD,1.85,180000,股
2025-11-03,CCJ US,CAMECO CORP,1.83,37000,股
2025-11-03,RR/ LN,ROLLS-ROYCE HOLDINGS PLC,1.8,240000,股
2025-11-03,SNDK US,SANDISK CORP,1.72,17000,股
2025-11-03,LITE US,LUMENTUM HOLDINGS INC.lite us,1.49,15214,股
2025-11-03,GEV US,GE VERNOVA INC,1.42,5000,股
2025-11-03,KTOS US,KRATOS DEFENSE \u0026 SECURITY,1.34,30000,股
2025-11-03,2383,台光電,1.12,50000,股
2025-11-03,NBIS US,NEBIUS GROUP NV,1.0,17000,股
2025-11-03,MPWR US,MONOLITHIC POWER SYSTEMS INC,0.98,2000,股
2025-11-03,CRWD US,CROWDSTRIKE HOLDINGS INC - A,0.95,3500,股
2025-11-03,SNOW US,SNOWFLAKEINC-CLASSA(Snowflake公司),0.95,7000,股
2025-11-03,OKLO US,OKLO INC,0.94,15159,股
2025-11-03,TSLA US,TESLAINC(特斯拉公司),0.92,4000,股
2025-11-03,SAF FP,SAFRAN SA,0.88,5000,股
2025-11-03,LEU US,CENTRUS ENERGY CORP-CLASS A,0.86,5101,股
2025-11-03,SHOP US,SHOPIFY INC - CLASS A,0.85,10000,股
2025-11-03,RBLX US,ROBLOX CORP -CLASS A,0.84,16000,股
2025-11-03,ORCL US,ORACLE CORP,0.82,6500,股
2025-11-03,SE US,SEA LTD-ADR,0.77,10000,股
2025-11-03,LGN US,LEGENCE CORP-CL A,0.71,35000,股
2025-11-03,IREN US,IREN LTD,0.6,18000,股
2025-11-03,MP US,MP MATERIALS CORP,0.57,20000,股
2025-11-03,ONDS US,ONDAS HOLDINGS INC,0.54,180000,股
2025-11-03,OVH FP,OVH GROUPE SAS,0.29,60000,股
2025-11-03,CRCL US,CIRCLE INTERNET GROUP INC,0.26,4500,股
2025-11-04,NVDA US,NVIDIACORP(輝達公司),3.92,39000,股
2025-11-04,AVGO US,BROADCOM LTD,3.56,20000,股
2025-11-04,MU US,MICRON TECHNOLOGY INC,3.09,28000,股
2025-11-04,2330,台積電,2.96,120000,股
2025-11-04,2308,台達電,2.88,180000,股
2025-11-04,MSFT US,MICROSOFTCORP(微軟公司),2.6,10000,股
2025-11-04,CLS US,CELESTICA INC,2.55,15000,股
2025-11-04,RHM GR,RHEINMETALL AG,2.52,2500,股
2025-11-04,ENR GR,SIEMENS ENERGY AG,2.48,40000,股
2025-11-04,9984 JP,SOFTBANK CORP,2.37,28600,股
2025-11-04,3017,奇鋐,2.35,100000,股
2025-11-04,BE US,BLOOM ENERGY CORP- A,2.29,35000,股
2025-11-04,285A JP,KIOXIA HOLDINGS CORP,2.13,60000,股
2025-11-04,GOOGL US,ALPHABETINC-CLA(Alphabet公司),2.11,15000,股
2025-11-04,SNDK US,SANDISK CORP,2.07,21000,股
2025-11-04,3665,貿聯-KY,2.03,90000,股
2025-11-04,COIN US,COINBASE GLOBAL INC -CLASS A,2.02,13000,股
2025-11-04,CRDO US,CREDO TECHNOLOGY GROUP HOLDI,2.0,24000,股
2025-11-04,5706 JP,Mitsui Mining ＆ Smelting Co,1.96,37000,股
2025-11-04,HOT GR,HOCHTIEF AG,1.96,13000,股
2025-11-04,7011 JP,MITSUBISHI HEAVY INDUSTRIES,1.95,128800,股
2025-11-04,HOOD US,ROBINHOOD MARKETS INC - A,1.94,28000,股
2025-11-04,PLTR US,PALANTIR TECHNOLOGIES INC-A,1.93,20000,股
2025-11-04,5803 JP,FUJIKURA LTD,1.91,28000,股
2025-11-04,9988 HK,ALIBABA GROUP HOLDING LTD,1.86,180000,股
2025-11-04,CIEN US,CIENA CORP,1.85,20000,股
2025-11-04,RR/ LN,ROLLS-ROYCE HOLDINGS PLC,1.83,240000,股
2025-11-04,CCJ US,CAMECO CORP,1.82,37000,股
2025-11-04,KTOS US,KRATOS DEFENSE \u0026 SECURITY,1.48,32500,股
2025-11-04,LITE US,LUMENTUM HOLDINGS INC.lite us,1.45,15214,股
2025-11-04,SNOW US,SNOWFLAKEINC-CLASSA(Snowflake公司),1.41,10500,股
2025-11-04,GEV US,GE VERNOVA INC,1.39,5000,股
2025-11-04,2383,台光電,1.2,50000,股
2025-11-04,MPWR US,MONOLITHIC POWER SYSTEMS INC,0.97,2000,股
2025-11-04,CRWD US,CROWDSTRIKE HOLDINGS INC - A,0.95,3500,股
2025-11-04,NBIS US,NEBIUS GROUP NV,0.95,17000,股
2025-11-04,SAF FP,SAFRAN SA,0.9,5000,股
2025-11-04,TSLA US,TESLAINC(特斯拉公司),0.9,4000,股
2025-11-04,OKLO US,OKLO INC,0.86,15159,股
2025-11-04,LEU US,CENTRUS ENERGY CORP-CLASS A,0.85,5101,股
2025-11-04,RBLX US,ROBLOX CORP -CLASS A,0.84,16000,股
2025-11-04,ORCL US,ORACLE CORP,0.82,6500,股
2025-11-04,SHOP US,SHOPIFY INC - CLASS A,0.81,10000,股
2025-11-04,SE US,SEA LTD-ADR,0.79,10000,股
2025-11-04,LGN US,LEGENCE CORP-CL A,0.68,35000,股
2025-11-04,IREN US,IREN LTD,0.61,18000,股
2025-11-04,MP US,MP MATERIALS CORP,0.56,20000,股
2025-11-04,ALAB US,ASTERA LABS INC,0.54,6000,股
2025-11-04,ONDS US,ONDAS HOLDINGS INC,0.54,180000,股
2025-11-04,OVH FP,OVH GROUPE SAS,0.29,60000,股
2025-11-04,CRCL US,CIRCLE INTERNET GROUP INC,0.25,4500,股
2025-11-05,NVDA US,NVIDIACORP(輝達公司),3.75,44000,股
2025-11-05,AVGO US,BROADCOM LTD,3.61,23000,股
2025-11-05,MU US,MICRON TECHNOLOGY INC,3.08,29711,股
2025-11-05,ENR GR,SIEMENS ENERGY AG,2.59,48000,股
2025-11-05,RHM GR,RHEINMETALL AG,2.58,3000,股
2025-11-05,CLS US,CELESTICA INC,2.5,16218,股
2025-11-05,2330,台積電,2.47,120000,股
2025-11-05,2308,台達電,2.46,180000,股
2025-11-05,GOOGL US,ALPHABETINC-CLA(Alphabet公司),2.3,18500,股
2025-11-05,MSFT US,MICROSOFTCORP(微軟公司),2.22,10000,股
2025-11-05,BE US,BLOOM ENERGY CORP- A,2.18,35349,股
2025-11-05,HOT GR,HOCHTIEF AG,2.17,16500,股
2025-11-05,SNDK US,SANDISK CORP,2.11,22350,股
2025-11-05,COIN US,COINBASE GLOBAL INC -CLASS A,2.09,15000,股
2025-11-05,CRDO US,CREDO TECHNOLOGY GROUP HOLDI,2.08,27500,股
2025-11-05,285A JP,KIOXIA HOLDINGS CORP,2.06,68800,股
2025-11-05,9984 JP,SOFTBANK CORP,2.06,32000,股
2025-11-05,3017,奇鋐,2.04,100000,股
2025-11-05,3665,貿聯-KY,2.04,105000,股
2025-11-05,RR/ LN,ROLLS-ROYCE HOLDINGS PLC,1.98,300000,股
2025-11-05,5803 JP,FUJIKURA LTD,1.84,33000,股
2025-11-05,CIEN US,CIENA CORP,1.82,21256,股
2025-11-05,CCJ US,CAMECO CORP,1.75,42000,股
2025-11-05,5706 JP,Mitsui Mining ＆ Smelting Co,1.74,40000,股
2025-11-05,HOOD US,ROBINHOOD MARKETS INC - A,1.74,28000,股
2025-11-05,PLTR US,PALANTIR TECHNOLOGIES INC-A,1.64,20000,股
2025-11-05,7011 JP,MITSUBISHI HEAVY INDUSTRIES,1.63,128800,股
2025-11-05,9988 HK,ALIBABA GROUP HOLDING LTD,1.6,180000,股
2025-11-05,LITE US,LUMENTUM HOLDINGS INC.lite us,1.55,15214,股
2025-11-05,SNOW US,SNOWFLAKEINC-CLASSA(Snowflake公司),1.5,13000,股
2025-11-05,KTOS US,KRATOS DEFENSE \u0026 SECURITY,1.45,43000,股
2025-11-05,2383,台光電,1.42,70000,股
2025-11-05,GEV US,GE VERNOVA INC,1.22,5000,股
2025-11-05,CRWD US,CROWDSTRIKE HOLDINGS INC - A,1.17,5000,股
2025-11-05,SHOP US,SHOPIFY INC - CLASS A,1.07,15000,股
2025-11-05,SAF FP,SAFRAN SA,1.02,6600,股
2025-11-05,ALAB US,ASTERA LABS INC,0.95,12000,股
2025-11-05,LEU US,CENTRUS ENERGY CORP-CLASS A,0.92,6500,股
2025-11-05,MPWR US,MONOLITHIC POWER SYSTEMS INC,0.87,2000,股
2025-11-05,NBIS US,NEBIUS GROUP NV,0.87,17000,股
2025-11-05,LGN US,LEGENCE CORP-CL A,0.85,50000,股
2025-11-05,OKLO US,OKLO INC,0.83,15659,股
2025-11-05,TSLA US,TESLAINC(特斯拉公司),0.81,4000,股
2025-11-05,ORCL US,ORACLE CORP,0.71,6500,股
2025-11-05,RBLX US,ROBLOX CORP -CLASS A,0.71,16000,股
2025-11-05,SE US,SEA LTD-ADR,0.69,10000,股
2025-11-05,IREN US,IREN LTD,0.65,19400,股
2025-11-05,MP US,MP MATERIALS CORP,0.48,20000,股
2025-11-05,ONDS US,ONDAS HOLDINGS INC,0.47,180000,股
2025-11-05,OVH FP,OVH GROUPE SAS,0.24,60000,股
2025-11-05,CRCL US,CIRCLE INTERNET GROUP INC,0.22,4500,股
2025-11-05,2059,川湖,0.18,3000,股
2025-11-06,NVDA US,NVIDIACORP(輝達公司),4.09,50000,股
2025-11-06,AVGO US,BROADCOM LTD,4.02,26000,股
2025-11-06,MU US,MICRON TECHNOLOGY INC,3.08,29711,股
2025-11-06,2308,台達電,2.89,210000,股
2025-11-06,CLS US,CELESTICA INC,2.85,19218,股
2025-11-06,RHM GR,RHEINMETALL AG,2.57,3000,股
2025-11-06,ENR GR,SIEMENS ENERGY AG,2.51,48000,股
2025-11-06,2330,台積電,2.47,120000,股
2025-11-06,BE US,BLOOM ENERGY CORP- A,2.46,41349,股
2025-11-06,CIEN US,CIENA CORP,2.34,26756,股
2025-11-06,5706 JP,Mitsui Mining ＆ Smelting Co,2.33,50000,股
2025-11-06,GOOGL US,ALPHABETINC-CLA(Alphabet公司),2.29,18500,股
2025-11-06,HOT GR,HOCHTIEF AG,2.24,16500,股
2025-11-06,285A JP,KIOXIA HOLDINGS CORP,2.23,68800,股
2025-11-06,MSFT US,MICROSOFTCORP(微軟公司),2.16,10000,股
2025-11-06,9984 JP,SOFTBANK CORP,2.11,32000,股
2025-11-06,3017,奇鋐,2.1,100000,股
2025-11-06,7011 JP,MITSUBISHI HEAVY INDUSTRIES,2.1,161000,股
2025-11-06,3665,貿聯-KY,2.02,105000,股
2025-11-06,SNDK US,SANDISK CORP,2.02,22350,股
2025-11-06,5803 JP,FUJIKURA LTD,2.01,33000,股
2025-11-06,CCJ US,CAMECO CORP,1.96,50000,股
2025-11-06,CRDO US,CREDO TECHNOLOGY GROUP HOLDI,1.95,27500,股
2025-11-06,COIN US,COINBASE GLOBAL INC -CLASS A,1.93,15000,股
2025-11-06,RR/ LN,ROLLS-ROYCE HOLDINGS PLC,1.93,300000,股
2025-11-06,9988 HK,ALIBABA GROUP HOLDING LTD,1.66,180000,股
2025-11-06,LITE US,LUMENTUM HOLDINGS INC.lite us,1.59,15214,股
2025-11-06,HOOD US,ROBINHOOD MARKETS INC - A,1.55,28000,股
2025-11-06,PLTR US,PALANTIR TECHNOLOGIES INC-A,1.52,20000,股
2025-11-06,SNOW US,SNOWFLAKEINC-CLASSA(Snowflake公司),1.5,13000,股
2025-11-06,2383,台光電,1.43,70000,股
2025-11-06,KTOS US,KRATOS DEFENSE \u0026 SECURITY,1.35,43000,股
2025-11-06,GEV US,GE VERNOVA INC,1.2,5000,股
2025-11-06,CRWD US,CROWDSTRIKE HOLDINGS INC - A,1.16,5000,股
2025-11-06,2059,川湖,1.03,17000,股
2025-11-06,SHOP US,SHOPIFY INC - CLASS A,1.02,15000,股
2025-11-06,SAF FP,SAFRAN SA,1.0,6600,股
2025-11-06,6857 JP,ADVANTEST CORP,0.9,15000,股
2025-11-06,CWR LN,CERES POWER HOLDINGS PLC,0.86,400000,股
2025-11-06,ALAB US,ASTERA LABS INC,0.85,12000,股
2025-11-06,MPWR US,MONOLITHIC POWER SYSTEMS INC,0.83,2000,股
2025-11-06,NBIS US,NEBIUS GROUP NV,0.81,17000,股
2025-11-06,LEU US,CENTRUS ENERGY CORP-CLASS A,0.79,6500,股
2025-11-06,LGN US,LEGENCE CORP-CL A,0.79,50000,股
2025-11-06,TSLA US,TESLAINC(特斯拉公司),0.78,4000,股
2025-11-06,OKLO US,OKLO INC,0.73,15659,股
2025-11-06,ORCL US,ORACLE CORP,0.69,6500,股
2025-11-06,SE US,SEA LTD-ADR,0.67,10000,股
2025-11-06,IREN US,IREN LTD,0.56,19400,股
2025-11-06,MP US,MP MATERIALS CORP,0.45,20000,股
2025-11-06,ONDS US,ONDAS HOLDINGS INC,0.41,180000,股
2025-11-06,OVH FP,OVH GROUPE SAS,0.23,60000,股
2025-11-06,CRCL US,CIRCLE INTERNET GROUP INC,0.2,4500,股
2025-11-07,NVDA US,NVIDIACORP(輝達公司),4.21,55000,股
2025-11-07,AVGO US,BROADCOM LTD,4.05,28500,股
2025-11-07,MU US,MICRON TECHNOLOGY INC,3.19,33000,股
2025-11-07,CLS US,CELESTICA INC,2.78,21218,股
2025-11-07,2308,台達電,2.66,210000,股
2025-11-07,CIEN US,CIENA CORP,2.61,32256,股
2025-11-07,BE US,BLOOM ENERGY CORP- A,2.55,46349,股
2025-11-07,RHM GR,RHEINMETALL AG,2.46,3000,股
2025-11-07,GOOGL US,ALPHABETINC-CLA(Alphabet公司),2.38,21000,股
2025-11-07,ENR GR,SIEMENS ENERGY AG,2.33,48000,股
2025-11-07,2330,台積電,2.3,120000,股
2025-11-07,285A JP,KIOXIA HOLDINGS CORP,2.2,68800,股
2025-11-07,SNDK US,SANDISK CORP,2.18,22350,股
2025-11-07,HOT GR,HOCHTIEF AG,2.11,16500,股
2025-11-07,5706 JP,Mitsui Mining ＆ Smelting Co,2.07,50000,股
2025-11-07,MSFT US,MICROSOFTCORP(微軟公司),2.02,10000,股
2025-11-07,CRDO US,CREDO TECHNOLOGY GROUP HOLDI,2.0,30000,股
2025-11-07,3665,貿聯-KY,1.95,105000,股
2025-11-07,LITE US,LUMENTUM HOLDINGS INC.lite us,1.95,20000,股
2025-11-07,3017,奇鋐,1.92,100000,股
2025-11-07,7011 JP,MITSUBISHI HEAVY INDUSTRIES,1.9,161000,股
2025-11-07,COIN US,COINBASE GLOBAL INC -CLASS A,1.89,15000,股
2025-11-07,CCJ US,CAMECO CORP,1.88,50000,股
2025-11-07,9984 JP,SOFTBANK CORP,1.84,32000,股
2025-11-07,RR/ LN,ROLLS-ROYCE HOLDINGS PLC,1.82,300000,股
2025-11-07,5803 JP,FUJIKURA LTD,1.79,33000,股
2025-11-07,SNOW US,SNOWFLAKEINC-CLASSA(Snowflake公司),1.66,15500,股
2025-11-07,9988 HK,ALIBABA GROUP HOLDING LTD,1.51,180000,股
2025-11-07,HOOD US,ROBINHOOD MARKETS INC - A,1.48,28000,股
2025-11-07,PLTR US,PALANTIR TECHNOLOGIES INC-A,1.45,20000,股
2025-11-07,KTOS US,KRATOS DEFENSE \u0026 SECURITY,1.36,43000,股
2025-11-07,2383,台光電,1.26,70000,股
2025-11-07,GEV US,GE VERNOVA INC,1.17,5000,股
2025-11-07,CRWD US,CROWDSTRIKE HOLDINGS INC - A,1.1,5000,股
2025-11-07,TSLA US,TESLAINC(特斯拉公司),0.96,5500,股
2025-11-07,SAF FP,SAFRAN SA,0.93,6600,股
2025-11-07,SHOP US,SHOPIFY INC - CLASS A,0.93,15000,股
2025-11-07,2059,川湖,0.91,17000,股
2025-11-07,CWR LN,CERES POWER HOLDINGS PLC,0.89,470000,股
2025-11-07,LEU US,CENTRUS ENERGY CORP-CLASS A,0.85,7113,股
2025-11-07,ALAB US,ASTERA LABS INC,0.81,12000,股
2025-11-07,6857 JP,ADVANTEST CORP,0.79,15000,股
2025-11-07,MPWR US,MONOLITHIC POWER SYSTEMS INC,0.78,2000,股
2025-11-07,NBIS US,NEBIUS GROUP NV,0.77,17000,股
2025-11-07,LGN US,LEGENCE CORP-CL A,0.72,50000,股
2025-11-07,OKLO US,OKLO INC,0.72,15659,股
2025-11-07,IREN US,IREN LTD,0.69,27000,股
2025-11-07,ORCL US,ORACLE CORP,0.63,6500,股
2025-11-07,SE US,SEA LTD-ADR,0.61,10000,股
2025-11-07,MP US,MP MATERIALS CORP,0.52,21734,股
2025-11-07,ONDS US,ONDAS HOLDINGS INC,0.43,180000,股
2025-11-07,OVH FP,OVH GROUPE SAS,0.22,60000,股
2025-11-07,CRCL US,CIRCLE INTERNET GROUP INC,0.19,4500,股
2025-11-10,NVDA US,NVIDIACORP(輝達公司),4.25,55000,股
2025-11-10,AVGO US,BROADCOM LTD,3.96,28500,股
2025-11-10,MU US,MICRON TECHNOLOGY INC,3.27,33245,股
2025-11-10,BE US,BLOOM ENERGY CORP- A,2.88,53349,股
2025-11-10,CLS US,CELESTICA INC,2.84,21218,股
2025-11-10,CIEN US,CIENA CORP,2.61,32256,股
2025-11-10,2308,台達電,2.58,210000,股
2025-11-10,3665,貿聯-KY,2.5,130000,股
2025-11-10,SNDK US,SANDISK CORP,2.42,23284,股
2025-11-10,RHM GR,RHEINMETALL AG,2.4,3000,股
2025-11-10,GOOGL US,ALPHABETINC-CLA(Alphabet公司),2.36,21000,股
2025-11-10,285A JP,KIOXIA HOLDINGS CORP,2.31,68800,股
2025-11-10,ENR GR,SIEMENS ENERGY AG,2.31,48000,股
2025-11-10,2330,台積電,2.22,120000,股
2025-11-10,HOT GR,HOCHTIEF AG,2.08,16500,股
2025-11-10,LITE US,LUMENTUM HOLDINGS INC.lite us,2.02,20000,股
2025-11-10,5706 JP,Mitsui Mining ＆ Smelting Co,2.01,50000,股
2025-11-10,CRDO US,CREDO TECHNOLOGY GROUP HOLDI,1.98,30000,股
2025-11-10,5803 JP,FUJIKURA LTD,1.96,38000,股
2025-11-10,MSFT US,MICROSOFTCORP(微軟公司),1.96,10000,股
2025-11-10,3017,奇鋐,1.94,100000,股
2025-11-10,COIN US,COINBASE GLOBAL INC -CLASS A,1.85,15000,股
2025-11-10,CCJ US,CAMECO CORP,1.83,50000,股
2025-11-10,9984 JP,SOFTBANK CORP,1.79,32000,股
2025-11-10,RR/ LN,ROLLS-ROYCE HOLDINGS PLC,1.78,300000,股
2025-11-10,7011 JP,MITSUBISHI HEAVY INDUSTRIES,1.77,161000,股
2025-11-10,HOOD US,ROBINHOOD MARKETS INC - A,1.69,32000,股
2025-11-10,SNOW US,SNOWFLAKEINC-CLASSA(Snowflake公司),1.62,15500,股
2025-11-10,KTOS US,KRATOS DEFENSE \u0026 SECURITY,1.54,50000,股
2025-11-10,PLTR US,PALANTIR TECHNOLOGIES INC-A,1.5,20000,股
2025-11-10,9988 HK,ALIBABA GROUP HOLDING LTD,1.47,180000,股
2025-11-10,2383,台光電,1.19,70000,股
2025-11-10,GEV US,GE VERNOVA INC,1.13,5000,股
2025-11-10,CRWD US,CROWDSTRIKE HOLDINGS INC - A,1.08,5000,股
2025-11-10,6857 JP,ADVANTEST CORP,1.04,20000,股
2025-11-10,CWR LN,CERES POWER HOLDINGS PLC,0.99,470000,股
2025-11-10,TSLA US,TESLAINC(特斯拉公司),0.95,5500,股
2025-11-10,SHOP US,SHOPIFY INC - CLASS A,0.93,15000,股
2025-11-10,SAF FP,SAFRAN SA,0.91,6600,股
2025-11-10,LEU US,CENTRUS ENERGY CORP-CLASS A,0.9,8000,股
2025-11-10,2059,川湖,0.89,17000,股
2025-11-10,ALAB US,ASTERA LABS INC,0.81,12000,股
2025-11-10,MPWR US,MONOLITHIC POWER SYSTEMS INC,0.76,2000,股
2025-11-10,NBIS US,NEBIUS GROUP NV,0.73,17000,股
2025-11-10,LGN US,LEGENCE CORP-CL A,0.71,50000,股
2025-11-10,OKLO US,OKLO INC,0.68,15659,股
2025-11-10,IREN US,IREN LTD,0.63,27000,股
2025-11-10,ORCL US,ORACLE CORP,0.61,6500,股
2025-11-10,SE US,SEA LTD-ADR,0.6,10000,股
2025-11-10,MP US,MP MATERIALS CORP,0.54,21734,股
2025-11-10,ONDS US,ONDAS HOLDINGS INC,0.41,180000,股
2025-11-10,OVH FP,OVH GROUPE SAS,0.21,60000,股
2025-11-10,CRCL US,CIRCLE INTERNET GROUP INC,0.18,4500,股
2025-11-11,NVDA US,NVIDIACORP(輝達公司),4.22,55000,股
2025-11-11,AVGO US,BROADCOM LTD,3.99,28500,股
2025-11-11,MU US,MICRON TECHNOLOGY INC,3.19,33245,股
2025-11-11,CLS US,CELESTICA INC,2.8,21218,股
2025-11-11,BE US,BLOOM ENERGY CORP- A,2.7,53349,股
2025-11-11,CIEN US,CIENA CORP,2.66,32256,股
2025-11-11,2308,台達電,2.61,210000,股
2025-11-11,3665,貿聯-KY,2.58,130000,股
2025-11-11,LITE US,LUMENTUM HOLDINGS INC.lite us,2.51,25000,股
2025-11-11,SNDK US,SANDISK CORP,2.51,23284,股
2025-11-11,GOOGL US,ALPHABETINC-CLA(Alphabet公司),2.43,21000,股
2025-11-11,RHM GR,RHEINMETALL AG,2.39,3000,股
2025-11-11,ENR GR,SIEMENS ENERGY AG,2.37,48000,股
2025-11-11,285A JP,KIOXIA HOLDINGS CORP,2.34,68800,股
2025-11-11,2330,台積電,2.25,120000,股
2025-11-11,HOT GR,HOCHTIEF AG,2.1,16500,股
2025-11-11,MSFT US,MICROSOFTCORP(微軟公司),2.02,10000,股
2025-11-11,5706 JP,Mitsui Mining ＆ Smelting Co,2.0,50000,股
2025-11-11,3017,奇鋐,1.97,100000,股
2025-11-11,5803 JP,FUJIKURA LTD,1.89,38000,股
2025-11-11,CRDO US,CREDO TECHNOLOGY GROUP HOLDI,1.89,30000,股
2025-11-11,9984 JP,SOFTBANK CORP,1.87,32000,股
2025-11-11,CCJ US,CAMECO CORP,1.84,50000,股
2025-11-11,COIN US,COINBASE GLOBAL INC -CLASS A,1.81,15000,股
2025-11-11,7011 JP,MITSUBISHI HEAVY INDUSTRIES,1.8,161000,股
2025-11-11,RR/ LN,ROLLS-ROYCE HOLDINGS PLC,1.8,300000,股
2025-11-11,HOOD US,ROBINHOOD MARKETS INC - A,1.68,32000,股
2025-11-11,SNOW US,SNOWFLAKEINC-CLASSA(Snowflake公司),1.67,15500,股
2025-11-11,KTOS US,KRATOS DEFENSE \u0026 SECURITY,1.52,50000,股
2025-11-11,PLTR US,PALANTIR TECHNOLOGIES INC-A,1.52,20000,股
2025-11-11,9988 HK,ALIBABA GROUP HOLDING LTD,1.48,180000,股
2025-11-11,2383,台光電,1.18,70000,股
2025-11-11,GEV US,GE VERNOVA INC,1.15,5000,股
2025-11-11,CRWD US,CROWDSTRIKE HOLDINGS INC - A,1.11,5000,股
2025-11-11,6857 JP,ADVANTEST CORP,1.02,20000,股
2025-11-11,CWR LN,CERES POWER HOLDINGS PLC,0.97,470000,股
2025-11-11,TSLA US,TESLAINC(特斯拉公司),0.96,5500,股
2025-11-11,SHOP US,SHOPIFY INC - CLASS A,0.95,15000,股
2025-11-11,SAF FP,SAFRAN SA,0.94,6600,股
2025-11-11,300308 CH,ZHONGJI INNOLIGHT CO LTD-A,0.91,35000,股
2025-11-11,2059,川湖,0.88,17000,股
2025-11-11,LEU US,CENTRUS ENERGY CORP-CLASS A,0.88,8000,股
2025-11-11,ALAB US,ASTERA LABS INC,0.8,12000,股
2025-11-11,MPWR US,MONOLITHIC POWER SYSTEMS INC,0.76,2000,股
2025-11-11,LGN US,LEGENCE CORP-CL A,0.72,50000,股
2025-11-11,NBIS US,NEBIUS GROUP NV,0.69,17000,股
2025-11-11,OKLO US,OKLO INC,0.65,15659,股
2025-11-11,IREN US,IREN LTD,0.62,27000,股
2025-11-11,ORCL US,ORACLE CORP,0.61,6500,股
2025-11-11,SE US,SEA LTD-ADR,0.57,10000,股
2025-11-11,MP US,MP MATERIALS CORP,0.54,21734,股
2025-11-11,WDC US,WESTERN DIGITAL CORP,0.54,8000,股
2025-11-11,ONDS US,ONDAS HOLDINGS INC,0.42,180000,股
2025-11-11,OVH FP,OVH GROUPE SAS,0.21,60000,股
2025-11-11,CRCL US,CIRCLE INTERNET GROUP INC,0.18,4500,股
2025-11-12,NVDA US,NVIDIACORP(輝達公司),4.17,55000,股
2025-11-12,AVGO US,BROADCOM LTD,3.96,28500,股
2025-11-12,MU US,MICRON TECHNOLOGY INC,3.19,33245,股
2025-11-12,CLS US,CELESTICA INC,2.78,21218,股
2025-11-12,BE US,BLOOM ENERGY CORP- A,2.65,53349,股
2025-11-12,CIEN US,CIENA CORP,2.65,32256,股
2025-11-12,SNDK US,SANDISK CORP,2.58,23284,股
2025-11-12,2308,台達電,2.56,210000,股
2025-11-12,LITE US,LUMENTUM HOLDINGS INC.lite us,2.48,25000,股
2025-11-12,3665,貿聯-KY,2.46,130000,股
2025-11-12,5706 JP,Mitsui Mining ＆ Smelting Co,2.42,50000,股
2025-11-12,RHM GR,RHEINMETALL AG,2.39,3000,股
2025-11-12,GOOGL US,ALPHABETINC-CLA(Alphabet公司),2.36,21000,股
2025-11-12,ENR GR,SIEMENS ENERGY AG,2.33,48000,股
2025-11-12,285A JP,KIOXIA HOLDINGS CORP,2.31,68800,股
2025-11-12,2330,台積電,2.23,120000,股
2025-11-12,HOT GR,HOCHTIEF AG,2.15,16500,股
2025-11-12,MSFT US,MICROSOFTCORP(微軟公司),2.0,10000,股
2025-11-12,5803 JP,FUJIKURA LTD,1.93,38000,股
2025-11-12,3017,奇鋐,1.9,100000,股
2025-11-12,CRDO US,CREDO TECHNOLOGY GROUP HOLDI,1.88,30000,股
2025-11-12,CCJ US,CAMECO CORP,1.81,50000,股
2025-11-12,COIN US,COINBASE GLOBAL INC -CLASS A,1.79,15000,股
2025-11-12,9984 JP,SOFTBANK CORP,1.78,32000,股
2025-11-12,RR/ LN,ROLLS-ROYCE HOLDINGS PLC,1.78,300000,股
2025-11-12,7011 JP,MITSUBISHI HEAVY INDUSTRIES,1.76,161000,股
2025-11-12,HOOD US,ROBINHOOD MARKETS INC - A,1.67,32000,股
2025-11-12,SNOW US,SNOWFLAKEINC-CLASSA(Snowflake公司),1.64,15500,股
2025-11-12,KTOS US,KRATOS DEFENSE \u0026 SECURITY,1.5,50000,股
2025-11-12,PLTR US,PALANTIR TECHNOLOGIES INC-A,1.44,20000,股
2025-11-12,9988 HK,ALIBABA GROUP HOLDING LTD,1.42,180000,股
2025-11-12,2383,台光電,1.19,70000,股
2025-11-12,GEV US,GE VERNOVA INC,1.13,5000,股
2025-11-12,CRWD US,CROWDSTRIKE HOLDINGS INC - A,1.07,5000,股
2025-11-12,6857 JP,ADVANTEST CORP,1.0,20000,股
2025-11-12,300308 CH,ZHONGJI INNOLIGHT CO LTD-A,0.95,35000,股
2025-11-12,CWR LN,CERES POWER HOLDINGS PLC,0.93,470000,股
2025-11-12,SAF FP,SAFRAN SA,0.93,6600,股
2025-11-12,TSLA US,TESLAINC(特斯拉公司),0.93,5500,股
2025-11-12,SHOP US,SHOPIFY INC - CLASS A,0.92,15000,股
2025-11-12,3715,定穎投控,0.9,600000,股
2025-11-12,LEU US,CENTRUS ENERGY CORP-CLASS A,0.86,8000,股
2025-11-12,2059,川湖,0.83,17000,股
2025-11-12,MPWR US,MONOLITHIC POWER SYSTEMS INC,0.75,2000,股
2025-11-12,ALAB US,ASTERA LABS INC,0.74,12000,股
2025-11-12,LGN US,LEGENCE CORP-CL A,0.72,50000,股
2025-11-12,OKLO US,OKLO INC,0.68,15659,股
2025-11-12,NBIS US,NEBIUS GROUP NV,0.63,17000,股
2025-11-12,IREN US,IREN LTD,0.59,27000,股
2025-11-12,ORCL US,ORACLE CORP,0.58,6500,股
2025-11-12,SE US,SEA LTD-ADR,0.56,10000,股
2025-11-12,WDC US,WESTERN DIGITAL CORP,0.52,8000,股
2025-11-12,MP US,MP MATERIALS CORP,0.51,21734,股
2025-11-12,ONDS US,ONDAS HOLDINGS INC,0.39,180000,股
2025-11-12,OVH FP,OVH GROUPE SAS,0.21,60000,股
2025-11-12,CRCL US,CIRCLE INTERNET GROUP INC,0.15,4500,股
2025-11-13,NVDA US,NVIDIACORP(輝達公司),4.17,55000,股
2025-11-13,AVGO US,BROADCOM LTD,3.93,28500,股
2025-11-13,MU US,MICRON TECHNOLOGY INC,3.68,38245,股
2025-11-13,5706 JP,Mitsui Mining ＆ Smelting Co,3.05,60000,股
2025-11-13,LITE US,LUMENTUM HOLDINGS INC.lite us,2.76,30000,股
2025-11-13,3665,貿聯-KY,2.72,130000,股
2025-11-13,2308,台達電,2.63,210000,股
2025-11-13,5803 JP,FUJIKURA LTD,2.55,47000,股
2025-11-13,CIEN US,CIENA CORP,2.54,32256,股
2025-11-13,CLS US,CELESTICA INC,2.52,21218,股
2025-11-13,RHM GR,RHEINMETALL AG,2.47,3000,股
2025-11-13,ENR GR,SIEMENS ENERGY AG,2.45,48000,股
2025-11-13,GOOGL US,ALPHABETINC-CLA(Alphabet公司),2.37,21000,股
2025-11-13,285A JP,KIOXIA HOLDINGS CORP,2.35,68800,股
2025-11-13,2330,台積電,2.29,120000,股
2025-11-13,BE US,BLOOM ENERGY CORP- A,2.24,53349,股
2025-11-13,HOT GR,HOCHTIEF AG,2.19,16500,股
2025-11-13,SNDK US,SANDISK CORP,2.07,20917,股
2025-11-13,MSFT US,MICROSOFTCORP(微軟公司),2.04,10000,股
2025-11-13,3017,奇鋐,1.95,100000,股
2025-11-13,7011 JP,MITSUBISHI HEAVY INDUSTRIES,1.85,161000,股
2025-11-13,RR/ LN,ROLLS-ROYCE HOLDINGS PLC,1.79,300000,股
2025-11-13,9984 JP,SOFTBANK CORP,1.77,32000,股
2025-11-13,CCJ US,CAMECO CORP,1.74,50000,股
2025-11-13,CRDO US,CREDO TECHNOLOGY GROUP HOLDI,1.74,30000,股
2025-11-13,COIN US,COINBASE GLOBAL INC -CLASS A,1.72,15000,股
2025-11-13,SNOW US,SNOWFLAKEINC-CLASSA(Snowflake公司),1.62,15500,股
2025-11-13,HOOD US,ROBINHOOD MARKETS INC - A,1.58,32000,股
2025-11-13,9988 HK,ALIBABA GROUP HOLDING LTD,1.52,180000,股
2025-11-13,300308 CH,ZHONGJI INNOLIGHT CO LTD-A,1.51,55000,股
2025-11-13,KTOS US,KRATOS DEFENSE \u0026 SECURITY,1.45,50000,股
2025-11-13,6857 JP,ADVANTEST CORP,1.41,26000,股
2025-11-13,3715,定穎投控,1.4,820000,股
2025-11-13,PLTR US,PALANTIR TECHNOLOGIES INC-A,1.4,20000,股
2025-11-13,2383,台光電,1.26,70000,股
2025-11-13,GEV US,GE VERNOVA INC,1.13,5000,股
2025-11-13,CRWD US,CROWDSTRIKE HOLDINGS INC - A,1.07,5000,股
2025-11-13,SAF FP,SAFRAN SA,0.95,6600,股
2025-11-13,CWR LN,CERES POWER HOLDINGS PLC,0.93,470000,股
2025-11-13,TSLA US,TESLAINC(特斯拉公司),0.9,5500,股
2025-11-13,SHOP US,SHOPIFY INC - CLASS A,0.89,15000,股
2025-11-13,2059,川湖,0.84,17000,股
2025-11-13,LEU US,CENTRUS ENERGY CORP-CLASS A,0.82,8000,股
2025-11-13,MPWR US,MONOLITHIC POWER SYSTEMS INC,0.75,2000,股
2025-11-13,ALAB US,ASTERA LABS INC,0.7,12000,股
2025-11-13,LGN US,LEGENCE CORP-CL A,0.68,50000,股
2025-11-13,OKLO US,OKLO INC,0.65,15659,股
2025-11-13,IREN US,IREN LTD,0.53,27000,股
2025-11-13,MP US,MP MATERIALS CORP,0.51,21734,股
2025-11-13,WDC US,WESTERN DIGITAL CORP,0.51,8000,股
2025-11-13,ONDS US,ONDAS HOLDINGS INC,0.48,180000,股
2025-11-13,9696 HK,TIANQI LITHIUM CORP-H,0.27,90000,股
2025-11-13,OVH FP,OVH GROUPE SAS,0.22,60000,股
2025-11-13,CRCL US,CIRCLE INTERNET GROUP INC,0.15,4500,股
2025-11-14,NVDA US,NVIDIACORP(輝達公司),4.29,60000,股
2025-11-14,AVGO US,BROADCOM LTD,4.12,32000,股
2025-11-14,MU US,MICRON TECHNOLOGY INC,4.01,43245,股
2025-11-14,LITE US,LUMENTUM HOLDINGS INC.lite us,2.88,33000,股
2025-11-14,5706 JP,Mitsui Mining ＆ Smelting Co,2.84,60000,股
2025-11-14,CIEN US,CIENA CORP,2.76,38256,股
2025-11-14,GOOGL US,ALPHABETINC-CLA(Alphabet公司),2.6,25000,股
2025-11-14,ENR GR,SIEMENS ENERGY AG,2.58,53500,股
2025-11-14,RHM GR,RHEINMETALL AG,2.51,3350,股
2025-11-14,CLS US,CELESTICA INC,2.48,21218,股
2025-11-14,3665,貿聯-KY,2.38,130000,股
2025-11-14,2308,台達電,2.33,210000,股
2025-11-14,BE US,BLOOM ENERGY CORP- A,2.29,54358,股
2025-11-14,HOT GR,HOCHTIEF AG,2.29,18500,股
2025-11-14,5803 JP,FUJIKURA LTD,2.21,47000,股
2025-11-14,2330,台積電,2.07,120000,股
2025-11-14,SNDK US,SANDISK CORP,2.0,20917,股
2025-11-14,MSFT US,MICROSOFTCORP(微軟公司),1.92,10000,股
2025-11-14,SNOW US,SNOWFLAKEINC-CLASSA(Snowflake公司),1.84,19000,股
2025-11-14,3017,奇鋐,1.71,100000,股
2025-11-14,CRDO US,CREDO TECHNOLOGY GROUP HOLDI,1.64,30000,股
2025-11-14,RR/ LN,ROLLS-ROYCE HOLDINGS PLC,1.64,300000,股
2025-11-14,7011 JP,MITSUBISHI HEAVY INDUSTRIES,1.63,161000,股
2025-11-14,COIN US,COINBASE GLOBAL INC -CLASS A,1.6,15000,股
2025-11-14,CCJ US,CAMECO CORP,1.59,50000,股
2025-11-14,9984 JP,SOFTBANK CORP,1.54,32000,股
2025-11-14,HOOD US,ROBINHOOD MARKETS INC - A,1.47,32000,股
2025-11-14,2383,台光電,1.41,85000,股
2025-11-14,CRWD US,CROWDSTRIKE HOLDINGS INC - A,1.41,7000,股
2025-11-14,KTOS US,KRATOS DEFENSE \u0026 SECURITY,1.36,50000,股
2025-11-14,300308 CH,ZHONGJI INNOLIGHT CO LTD-A,1.35,55000,股
2025-11-14,9988 HK,ALIBABA GROUP HOLDING LTD,1.35,180000,股
2025-11-14,PLTR US,PALANTIR TECHNOLOGIES INC-A,1.31,20000,股
2025-11-14,6857 JP,ADVANTEST CORP,1.23,26000,股
2025-11-14,3715,定穎投控,1.19,820000,股
2025-11-14,GEV US,GE VERNOVA INC,1.09,5000,股
2025-11-14,CWR LN,CERES POWER HOLDINGS PLC,0.95,540000,股
2025-11-14,SAF FP,SAFRAN SA,0.88,6600,股
2025-11-14,285A JP,KIOXIA HOLDINGS CORP,0.84,34400,股
2025-11-14,TSLA US,TESLAINC(特斯拉公司),0.84,5500,股
2025-11-14,SHOP US,SHOPIFY INC - CLASS A,0.82,15000,股
2025-11-14,2059,川湖,0.76,17000,股
2025-11-14,LGN US,LEGENCE CORP-CL A,0.76,50000,股
2025-11-14,LEU US,CENTRUS ENERGY CORP-CLASS A,0.75,8000,股
2025-11-14,WDC US,WESTERN DIGITAL CORP,0.71,12000,股
2025-11-14,MPWR US,MONOLITHIC POWER SYSTEMS INC,0.69,2000,股
2025-11-14,OKLO US,OKLO INC,0.57,15659,股
2025-11-14,ONDS US,ONDAS HOLDINGS INC,0.49,180000,股
2025-11-14,MP US,MP MATERIALS CORP,0.48,21734,股
2025-11-14,IREN US,IREN LTD,0.47,27000,股
2025-11-14,9696 HK,TIANQI LITHIUM CORP-H,0.23,90000,股
2025-11-14,OVH FP,OVH GROUPE SAS,0.2,60000,股
2025-11-14,CRCL US,CIRCLE INTERNET GROUP INC,0.14,4500,股
2025-11-17,MU US,MICRON TECHNOLOGY INC,4.34,48245,股
2025-11-17,NVDA US,NVIDIACORP(輝達公司),4.16,60000,股
2025-11-17,AVGO US,BROADCOM LTD,4.07,32000,股
2025-11-17,LITE US,LUMENTUM HOLDINGS INC.lite us,3.87,43000,股
2025-11-17,GOOGL US,ALPHABETINC-CLA(Alphabet公司),3.49,33000,股
2025-11-17,5706 JP,Mitsui Mining ＆ Smelting Co,3.06,60000,股
2025-11-17,CIEN US,CIENA CORP,2.73,38256,股
2025-11-17,5803 JP,FUJIKURA LTD,2.67,56000,股
2025-11-17,ENR GR,SIEMENS ENERGY AG,2.61,53500,股
2025-11-17,3665,貿聯-KY,2.52,130000,股
2025-11-17,BE US,BLOOM ENERGY CORP- A,2.52,63358,股
2025-11-17,RHM GR,RHEINMETALL AG,2.48,3350,股
2025-11-17,CLS US,CELESTICA INC,2.44,21218,股
2025-11-17,2308,台達電,2.29,210000,股
2025-11-17,HOT GR,HOCHTIEF AG,2.26,18500,股
2025-11-17,2330,台積電,2.07,120000,股
2025-11-17,SNDK US,SANDISK CORP,2.07,20917,股
2025-11-17,CRWD US,CROWDSTRIKE HOLDINGS INC - A,1.97,10000,股
2025-11-17,MSFT US,MICROSOFTCORP(微軟公司),1.89,10000,股
2025-11-17,SNOW US,SNOWFLAKEINC-CLASSA(Snowflake公司),1.78,19000,股
2025-11-17,6857 JP,ADVANTEST CORP,1.73,36000,股
2025-11-17,3017,奇鋐,1.69,100000,股
2025-11-17,7011 JP,MITSUBISHI HEAVY INDUSTRIES,1.63,161000,股
2025-11-17,CRDO US,CREDO TECHNOLOGY GROUP HOLDI,1.62,30000,股
2025-11-17,RR/ LN,ROLLS-ROYCE HOLDINGS PLC,1.6,300000,股
2025-11-17,9984 JP,SOFTBANK CORP,1.56,32000,股
2025-11-17,CCJ US,CAMECO CORP,1.54,50000,股
2025-11-17,2383,台光電,1.47,85000,股
2025-11-17,COIN US,COINBASE GLOBAL INC -CLASS A,1.47,15000,股
2025-11-17,300308 CH,ZHONGJI INNOLIGHT CO LTD-A,1.39,55000,股
2025-11-17,HOOD US,ROBINHOOD MARKETS INC - A,1.38,32000,股
2025-11-17,9988 HK,ALIBABA GROUP HOLDING LTD,1.33,180000,股
2025-11-17,KTOS US,KRATOS DEFENSE \u0026 SECURITY,1.3,50000,股
2025-11-17,PLTR US,PALANTIR TECHNOLOGIES INC-A,1.27,20000,股
2025-11-17,3715,定穎投控,1.18,820000,股
2025-11-17,GEV US,GE VERNOVA INC,1.07,5000,股
2025-11-17,CWR LN,CERES POWER HOLDINGS PLC,0.98,540000,股
2025-11-17,285A JP,KIOXIA HOLDINGS CORP,0.92,34400,股
2025-11-17,SAF FP,SAFRAN SA,0.87,6600,股
2025-11-17,TSLA US,TESLAINC(特斯拉公司),0.84,5500,股
2025-11-17,SHOP US,SHOPIFY INC - CLASS A,0.78,15000,股
2025-11-17,2059,川湖,0.75,17000,股
2025-11-17,LGN US,LEGENCE CORP-CL A,0.75,50000,股
2025-11-17,LEU US,CENTRUS ENERGY CORP-CLASS A,0.73,8000,股
2025-11-17,WDC US,WESTERN DIGITAL CORP,0.72,12000,股
2025-11-17,MPWR US,MONOLITHIC POWER SYSTEMS INC,0.67,2000,股
2025-11-17,OKLO US,OKLO INC,0.55,15659,股
2025-11-17,9696 HK,TIANQI LITHIUM CORP-H,0.54,200000,股
2025-11-17,MP US,MP MATERIALS CORP,0.46,21734,股
2025-11-17,ONDS US,ONDAS HOLDINGS INC,0.42,180000,股
2025-11-17,OVH FP,OVH GROUPE SAS,0.19,60000,股
2025-11-17,CRCL US,CIRCLE INTERNET GROUP INC,0.13,4500,股
2025-11-18,C_USD,CASH,6.19,16476858,元
2025-11-18,C_NTD,CASH,4.58,380446508,元
2025-11-18,LITE US,LUMENTUM HOLDINGS INC.lite us,4.18,45000,股
2025-11-18,MU US,MICRON TECHNOLOGY INC,4.14,48245,股
2025-11-18,AVGO US,BROADCOM LTD,4.09,32000,股
2025-11-18,NVDA US,NVIDIACORP(輝達公司),4.09,60000,股
2025-11-18,GOOGL US,ALPHABETINC-CLA(Alphabet公司),3.84,36000,股
2025-11-18,5706 JP,Mitsui Mining ＆ Smelting Co,2.82,60000,股
2025-11-18,ENR GR,SIEMENS ENERGY AG,2.8,60000,股
2025-11-18,RHM GR,RHEINMETALL AG,2.71,3600,股
2025-11-18,CIEN US,CIENA CORP,2.69,38256,股
2025-11-18,5803 JP,FUJIKURA LTD,2.6,60000,股
2025-11-18,BE US,BLOOM ENERGY CORP- A,2.5,63358,股
2025-11-18,3665,貿聯-KY,2.46,130000,股
2025-11-18,CLS US,CELESTICA INC,2.39,21218,股
2025-11-18,2308,台達電,2.27,210000,股
2025-11-18,HOT GR,HOCHTIEF AG,2.27,18500,股
2025-11-18,2330,台積電,2.03,120000,股
2025-11-18,CRWD US,CROWDSTRIKE HOLDINGS INC - A,1.93,10000,股
2025-11-18,SNDK US,SANDISK CORP,1.92,20917,股
2025-11-18,MSFT US,MICROSOFTCORP(微軟公司),1.85,10000,股
2025-11-18,SNOW US,SNOWFLAKEINC-CLASSA(Snowflake公司),1.82,19000,股
2025-11-18,6857 JP,ADVANTEST CORP,1.68,36000,股
2025-11-18,3017,奇鋐,1.65,100000,股
2025-11-18,300308 CH,ZHONGJI INNOLIGHT CO LTD-A,1.62,65000,股
2025-11-18,RR/ LN,ROLLS-ROYCE HOLDINGS PLC,1.59,300000,股
2025-11-18,7011 JP,MITSUBISHI HEAVY INDUSTRIES,1.57,161000,股
2025-11-18,CRDO US,CREDO TECHNOLOGY GROUP HOLDI,1.57,30000,股
2025-11-18,CCJ US,CAMECO CORP,1.56,50000,股
2025-11-18,COIN US,COINBASE GLOBAL INC -CLASS A,1.48,15000,股
2025-11-18,9984 JP,SOFTBANK CORP,1.46,32000,股
2025-11-18,2383,台光電,1.38,85000,股
2025-11-18,HOOD US,ROBINHOOD MARKETS INC - A,1.37,32000,股
2025-11-18,9988 HK,ALIBABA GROUP HOLDING LTD,1.34,180000,股
2025-11-18,KTOS US,KRATOS DEFENSE \u0026 SECURITY,1.32,50000,股
2025-11-18,PLTR US,PALANTIR TECHNOLOGIES INC-A,1.26,20000,股
2025-11-18,GEV US,GE VERNOVA INC,1.25,6000,股
2025-11-18,3715,定穎投控,1.15,820000,股
2025-11-18,WDC US,WESTERN DIGITAL CORP,1.15,20000,股
2025-11-18,CWR LN,CERES POWER HOLDINGS PLC,0.92,540000,股
2025-11-18,LGN US,LEGENCE CORP-CL A,0.92,54307,股
2025-11-18,285A JP,KIOXIA HOLDINGS CORP,0.86,34400,股
2025-11-18,SAF FP,SAFRAN SA,0.86,6600,股
2025-11-18,TSLA US,TESLAINC(特斯拉公司),0.83,5500,股
2025-11-18,SHOP US,SHOPIFY INC - CLASS A,0.79,15000,股
2025-11-18,LEU US,CENTRUS ENERGY CORP-CLASS A,0.74,8000,股
2025-11-18,2059,川湖,0.73,17000,股
2025-11-18,OKLO US,OKLO INC,0.57,15659,股
2025-11-18,ONDS US,ONDAS HOLDINGS INC,0.53,180000,股
2025-11-18,9696 HK,TIANQI LITHIUM CORP-H,0.51,200000,股
2025-11-18,MP US,MP MATERIALS CORP,0.48,21734,股
2025-11-18,M_USD,MARGIN,0.38,1000000,元
2025-11-18,C_CNH,CASH,0.26,21194247,元
2025-11-18,OVH FP,OVH GROUPE SAS,0.2,60000,股
2025-11-18,RDI_EUR,RECEIVABLES FOR DISPOSAL OF INVESTMENTS,-0.01,-1144173,元
2025-11-18,RDI_CNH,RECEIVABLES FOR DISPOSAL OF INVESTMENTS,-0.06,-4815737,元
2025-11-18,RDI_HKD,RECEIVABLES FOR DISPOSAL OF INVESTMENTS,-0.08,-6342442,元
2025-11-18,PFUR_NTD,PAYABLES FOR UNITS REDEEMED,-0.12,-9756590,元
2025-11-18,RDI_USD,RECEIVABLES FOR DISPOSAL OF INVESTMENTS,-0.47,-1249798,元
2025-11-18,RDI_JPY,RECEIVABLES FOR DISPOSAL OF INVESTMENTS,-5.42,-449886535,元
2025-11-19,C_NTD,CASH,6.24,528167756,元
2025-11-19,LITE US,LUMENTUM HOLDINGS INC.lite us,4.47,45000,股
2025-11-19,C_USD,CASH,4.42,11972979,元
2025-11-19,MU US,MICRON TECHNOLOGY INC,4.28,51245,股
2025-11-19,AVGO US,BROADCOM LTD,4.19,32000,股
2025-11-19,NVDA US,NVIDIACORP(輝達公司),4.13,60000,股
2025-11-19,GOOGL US,ALPHABETINC-CLA(Alphabet公司),3.89,36000,股
2025-11-19,ENR GR,SIEMENS ENERGY AG,2.82,60000,股
2025-11-19,5706 JP,Mitsui Mining ＆ Smelting Co,2.77,60000,股
2025-11-19,RHM GR,RHEINMETALL AG,2.76,4000,股
2025-11-19,5803 JP,FUJIKURA LTD,2.75,65000,股
2025-11-19,3665,貿聯-KY,2.71,145000,股
2025-11-19,CIEN US,CIENA CORP,2.67,38256,股
2025-11-19,BE US,BLOOM ENERGY CORP- A,2.55,63358,股
2025-11-19,CLS US,CELESTICA INC,2.45,21218,股
2025-11-19,2308,台達電,2.22,210000,股
2025-11-19,HOT GR,HOCHTIEF AG,2.21,18500,股
2025-11-19,300308 CH,ZHONGJI INNOLIGHT CO LTD-A,2.03,80000,股
2025-11-19,2330,台積電,1.98,120000,股
2025-11-19,CRWD US,CROWDSTRIKE HOLDINGS INC - A,1.92,10000,股
2025-11-19,SNDK US,SANDISK CORP,1.9,20917,股
2025-11-19,MSFT US,MICROSOFTCORP(微軟公司),1.8,10000,股
2025-11-19,SNOW US,SNOWFLAKEINC-CLASSA(Snowflake公司),1.78,19000,股
2025-11-19,6857 JP,ADVANTEST CORP,1.64,36000,股
2025-11-19,CCJ US,CAMECO CORP,1.59,50000,股
2025-11-19,3017,奇鋐,1.58,100000,股
2025-11-19,CRDO US,CREDO TECHNOLOGY GROUP HOLDI,1.57,30000,股
2025-11-19,RR/ LN,ROLLS-ROYCE HOLDINGS PLC,1.55,300000,股
2025-11-19,7011 JP,MITSUBISHI HEAVY INDUSTRIES,1.5,161000,股
2025-11-19,9984 JP,SOFTBANK CORP,1.43,32000,股
2025-11-19,COIN US,COINBASE GLOBAL INC -CLASS A,1.43,15000,股
2025-11-19,HOOD US,ROBINHOOD MARKETS INC - A,1.4,32000,股
2025-11-19,2383,台光電,1.34,85000,股
2025-11-19,9988 HK,ALIBABA GROUP HOLDING LTD,1.33,180000,股
2025-11-19,GEV US,GE VERNOVA INC,1.32,6000,股
2025-11-19,KTOS US,KRATOS DEFENSE \u0026 SECURITY,1.31,50000,股
2025-11-19,PLTR US,PALANTIR TECHNOLOGIES INC-A,1.22,20000,股
2025-11-19,WDC US,WESTERN DIGITAL CORP,1.14,20000,股
2025-11-19,3715,定穎投控,1.1,820000,股
2025-11-19,CWR LN,CERES POWER HOLDINGS PLC,0.95,540000,股
2025-11-19,285A JP,KIOXIA HOLDINGS CORP,0.89,34400,股
2025-11-19,LGN US,LEGENCE CORP-CL A,0.89,54307,股
2025-11-19,SAF FP,SAFRAN SA,0.84,6600,股
2025-11-19,TSLA US,TESLAINC(特斯拉公司),0.82,5500,股
2025-11-19,SHOP US,SHOPIFY INC - CLASS A,0.81,15000,股
2025-11-19,LEU US,CENTRUS ENERGY CORP-CLASS A,0.78,8000,股
2025-11-19,2059,川湖,0.72,17000,股
2025-11-19,OKLO US,OKLO INC,0.59,15659,股
2025-11-19,9696 HK,TIANQI LITHIUM CORP-H,0.52,200000,股
2025-11-19,MP US,MP MATERIALS CORP,0.51,21734,股
2025-11-19,ONDS US,ONDAS HOLDINGS INC,0.5,180000,股
2025-11-19,M_USD,MARGIN,0.37,1000000,元
2025-11-19,C_CNH,CASH,0.19,16378510,元
2025-11-19,OVH FP,OVH GROUPE SAS,0.19,60000,股
2025-11-19,RDI_EUR,RECEIVABLES FOR DISPOSAL OF INVESTMENTS,-0.02,-1815595,元
2025-11-19,RDI_CNH,RECEIVABLES FOR DISPOSAL OF INVESTMENTS,-0.09,-7342348,元
2025-11-19,PFUR_NTD,PAYABLES FOR UNITS REDEEMED,-0.12,-9756590,元
2025-11-19,RDI_USD,RECEIVABLES FOR DISPOSAL OF INVESTMENTS,-0.25,-681590,元
2025-11-19,RDI_NTD,RECEIVABLES FOR DISPOSAL OF INVESTMENTS,-0.28,-23903880,元
2025-11-19,RDI_JPY,RECEIVABLES FOR DISPOSAL OF INVESTMENTS,-1.92,-162597641,元
2025-11-20,C_USD,CASH,6.38,16750967,元
2025-11-20,GOOGL US,ALPHABETINC-CLA(Alphabet公司),4.41,40000,股
2025-11-20,C_NTD,CASH,4.32,354726753,元
2025-11-20,AVGO US,BROADCOM LTD,4.22,32000,股
2025-11-20,NVDA US,NVIDIACORP(輝達公司),4.12,60000,股
2025-11-20,LITE US,LUMENTUM HOLDINGS INC.lite us,3.99,45000,股
2025-11-20,MU US,MICRON TECHNOLOGY INC,3.93,51245,股
2025-11-20,5803 JP,FUJIKURA LTD,3.19,70000,股
2025-11-20,5706 JP,Mitsui Mining ＆ Smelting Co,3.02,60000,股
2025-11-20,3665,貿聯-KY,2.96,145000,股
2025-11-20,ENR GR,SIEMENS ENERGY AG,2.84,60000,股
2025-11-20,RHM GR,RHEINMETALL AG,2.83,4000,股
2025-11-20,CIEN US,CIENA CORP,2.57,38256,股
2025-11-20,300308 CH,ZHONGJI INNOLIGHT CO LTD-A,2.55,97000,股
2025-11-20,6857 JP,ADVANTEST CORP,2.51,50000,股
2025-11-20,2330,台積電,2.48,140000,股
2025-11-20,2308,台達電,2.44,210000,股
2025-11-20,HOT GR,HOCHTIEF AG,2.31,18500,股
2025-11-20,CLS US,CELESTICA INC,2.28,21218,股
2025-11-20,BE US,BLOOM ENERGY CORP- A,2.25,63358,股
2025-11-20,3017,奇鋐,2.11,130000,股
2025-11-20,CRWD US,CROWDSTRIKE HOLDINGS INC - A,1.91,10000,股
2025-11-20,MSFT US,MICROSOFTCORP(微軟公司),1.82,10000,股
2025-11-20,SNOW US,SNOWFLAKEINC-CLASSA(Snowflake公司),1.77,19000,股
2025-11-20,RR/ LN,ROLLS-ROYCE HOLDINGS PLC,1.61,300000,股
2025-11-20,7011 JP,MITSUBISHI HEAVY INDUSTRIES,1.6,161000,股
2025-11-20,CCJ US,CAMECO CORP,1.56,50000,股
2025-11-20,SNDK US,SANDISK CORP,1.56,20917,股
2025-11-20,CRDO US,CREDO TECHNOLOGY GROUP HOLDI,1.54,30000,股
2025-11-20,2383,台光電,1.48,85000,股
2025-11-20,9984 JP,SOFTBANK CORP,1.48,32000,股
2025-11-20,9988 HK,ALIBABA GROUP HOLDING LTD,1.36,180000,股
2025-11-20,COIN US,COINBASE GLOBAL INC -CLASS A,1.36,15000,股
2025-11-20,HOOD US,ROBINHOOD MARKETS INC - A,1.29,32000,股
2025-11-20,KTOS US,KRATOS DEFENSE \u0026 SECURITY,1.28,50000,股
2025-11-20,GEV US,GE VERNOVA INC,1.27,6000,股
2025-11-20,3715,定穎投控,1.23,820000,股
2025-11-20,PLTR US,PALANTIR TECHNOLOGIES INC-A,1.19,20000,股
2025-11-20,WDC US,WESTERN DIGITAL CORP,1.07,20000,股
2025-11-20,CWR LN,CERES POWER HOLDINGS PLC,0.99,540000,股
2025-11-20,285A JP,KIOXIA HOLDINGS CORP,0.94,34400,股
2025-11-20,SAF FP,SAFRAN SA,0.87,6600,股
2025-11-20,LGN US,LEGENCE CORP-CL A,0.85,54307,股
2025-11-20,TSLA US,TESLAINC(特斯拉公司),0.83,5500,股
2025-11-20,2059,川湖,0.75,17000,股
2025-11-20,LEU US,CENTRUS ENERGY CORP-CLASS A,0.73,8000,股
2025-11-20,9696 HK,TIANQI LITHIUM CORP-H,0.52,200000,股
2025-11-20,OKLO US,OKLO INC,0.52,15659,股
2025-11-20,MP US,MP MATERIALS CORP,0.47,21734,股
2025-11-20,ONDS US,ONDAS HOLDINGS INC,0.43,180000,股
2025-11-20,M_USD,MARGIN,0.38,1000000,元
2025-11-20,SOLS US,SOLSTICE ADV MATERIALS INC,0.3,18000,股
2025-11-20,OVH FP,OVH GROUPE SAS,0.2,60000,股
2025-11-20,C_CNH,CASH,0.11,9036162,元
2025-11-20,RDI_USD,RECEIVABLES FOR DISPOSAL OF INVESTMENTS,0.09,236708,元
2025-11-20,RDI_EUR,RECEIVABLES FOR DISPOSAL OF INVESTMENTS,-0.01,-671422,元
2025-11-20,RDI_CNH,RECEIVABLES FOR DISPOSAL OF INVESTMENTS,-0.1,-8520325,元
2025-11-20,PFUR_NTD,PAYABLES FOR UNITS REDEEMED,-0.69,-56713060,元
2025-11-20,RDI_NTD,RECEIVABLES FOR DISPOSAL OF INVESTMENTS,-1.14,-93588495,元
2025-11-20,RDI_JPY,RECEIVABLES FOR DISPOSAL OF INVESTMENTS,-5.78,-475471033,元
2025-11-21,C_USD,CASH,5.92,15631616,元
2025-11-21,GOOGL US,ALPHABETINC-CLA(Alphabet公司),4.82,42500,股
2025-11-21,NVDA US,NVIDIACORP(輝達公司),4.4,65000,股
2025-11-21,AVGO US,BROADCOM LTD,4.38,34000,股
2025-11-21,LITE US,LUMENTUM HOLDINGS INC.lite us,4.35,45000,股
2025-11-21,C_NTD,CASH,4.33,359092737,元
2025-11-21,MU US,MICRON TECHNOLOGY INC,4.22,53745,股
2025-11-21,5803 JP,FUJIKURA LTD,2.92,70000,股
2025-11-21,ENR GR,SIEMENS ENERGY AG,2.89,64000,股
2025-11-21,RHM GR,RHEINMETALL AG,2.82,4300,股
2025-11-21,3665,貿聯-KY,2.8,145000,股
2025-11-21,5706 JP,Mitsui Mining ＆ Smelting Co,2.64,60000,股
2025-11-21,2330,台積電,2.59,155000,股
2025-11-21,CIEN US,CIENA CORP,2.58,38256,股
2025-11-21,CLS US,CELESTICA INC,2.57,24218,股
2025-11-21,300308 CH,ZHONGJI INNOLIGHT CO LTD-A,2.39,97000,股
2025-11-21,HOT GR,HOCHTIEF AG,2.36,20000,股
2025-11-21,2308,台達電,2.26,210000,股
2025-11-21,6857 JP,ADVANTEST CORP,2.21,50000,股
2025-11-21,BE US,BLOOM ENERGY CORP- A,2.16,63358,股
2025-11-21,3017,奇鋐,2.09,140000,股
2025-11-21,CRWD US,CROWDSTRIKE HOLDINGS INC - A,1.86,10000,股
2025-11-21,MSFT US,MICROSOFTCORP(微軟公司),1.79,10000,股
2025-11-21,CCJ US,CAMECO CORP,1.68,56000,股
2025-11-21,SNOW US,SNOWFLAKEINC-CLASSA(Snowflake公司),1.68,19000,股
2025-11-21,SNDK US,SANDISK CORP,1.59,20917,股
2025-11-21,RR/ LN,ROLLS-ROYCE HOLDINGS PLC,1.54,300000,股
2025-11-21,CRDO US,CREDO TECHNOLOGY GROUP HOLDI,1.52,30000,股
2025-11-21,7011 JP,MITSUBISHI HEAVY INDUSTRIES,1.49,161000,股
2025-11-21,2383,台光電,1.34,85000,股
2025-11-21,KTOS US,KRATOS DEFENSE \u0026 SECURITY,1.31,50000,股
2025-11-21,HOOD US,ROBINHOOD MARKETS INC - A,1.3,32000,股
2025-11-21,9988 HK,ALIBABA GROUP HOLDING LTD,1.29,180000,股
2025-11-21,GEV US,GE VERNOVA INC,1.26,6000,股
2025-11-21,PLTR US,PALANTIR TECHNOLOGIES INC-A,1.17,20000,股
2025-11-21,3715,定穎投控,1.1,820000,股
2025-11-21,WDC US,WESTERN DIGITAL CORP,1.05,20000,股
2025-11-21,COIN US,COINBASE GLOBAL INC -CLASS A,1.02,11250,股
2025-11-21,LGN US,LEGENCE CORP-CL A,0.84,54307,股
2025-11-21,285A JP,KIOXIA HOLDINGS CORP,0.83,34400,股
2025-11-21,CWR LN,CERES POWER HOLDINGS PLC,0.83,540000,股
2025-11-21,SAF FP,SAFRAN SA,0.83,6600,股
2025-11-21,TSLA US,TESLAINC(特斯拉公司),0.81,5500,股
2025-11-21,2059,川湖,0.72,17000,股
2025-11-21,9984 JP,SOFTBANK CORP,0.66,16000,股
2025-11-21,LEU US,CENTRUS ENERGY CORP-CLASS A,0.55,6000,股
2025-11-21,9696 HK,TIANQI LITHIUM CORP-H,0.46,200000,股
2025-11-21,ONDS US,ONDAS HOLDINGS INC,0.46,180000,股
2025-11-21,MP US,MP MATERIALS CORP,0.45,21734,股
2025-11-21,OKLO US,OKLO INC,0.39,11744,股
2025-11-21,M_USD,MARGIN,0.38,1000000,元
2025-11-21,SOLS US,SOLSTICE ADV MATERIALS INC,0.3,18000,股
2025-11-21,OVH FP,OVH GROUPE SAS,0.2,60000,股
2025-11-21,C_CNH,CASH,0.01,515838,元
2025-11-21,RDI_EUR,RECEIVABLES FOR DISPOSAL OF INVESTMENTS,-0.02,-1292091,元
2025-11-21,PFUR_NTD,PAYABLES FOR UNITS REDEEMED,-0.68,-56713060,元
2025-11-21,RDI_USD,RECEIVABLES FOR DISPOSAL OF INVESTMENTS,-0.92,-2420055,元
2025-11-21,RDI_NTD,RECEIVABLES FOR DISPOSAL OF INVESTMENTS,-1.24,-102732630,元
2025-11-21,RDI_JPY,RECEIVABLES FOR DISPOSAL OF INVESTMENTS,-1.33,-110534930,元
2025-11-24,C_USD,CASH,7.27,20711561,元
2025-11-24,GOOGL US,ALPHABETINC-CLA(Alphabet公司),4.9,43899,股
2025-11-24,LITE US,LUMENTUM HOLDINGS INC.lite us,4.72,45000,股
2025-11-24,NVDA US,NVIDIACORP(輝達公司),4.61,72000,股
2025-11-24,AVGO US,BROADCOM LTD,4.53,34141,股
2025-11-24,MU US,MICRON TECHNOLOGY INC,4.23,53836,股
2025-11-24,C_NTD,CASH,3.52,315445236,元
2025-11-24,ENR GR,SIEMENS ENERGY AG,2.75,64000,股
2025-11-24,CLS US,CELESTICA INC,2.74,24218,股
2025-11-24,5803 JP,FUJIKURA LTD,2.71,70000,股
2025-11-24,CIEN US,CIENA CORP,2.61,38256,股
2025-11-24,2330,台積電,2.53,165000,股
2025-11-24,RHM GR,RHEINMETALL AG,2.53,4450,股
2025-11-24,3665,貿聯-KY,2.52,145000,股
2025-11-24,5706 JP,Mitsui Mining ＆ Smelting Co,2.46,60000,股
2025-11-24,HOT GR,HOCHTIEF AG,2.33,20000,股
2025-11-24,300308 CH,ZHONGJI INNOLIGHT CO LTD-A,2.19,97000,股
2025-11-24,BE US,BLOOM ENERGY CORP- A,2.12,63358,股
2025-11-24,2308,台達電,2.09,210000,股
2025-11-24,6857 JP,ADVANTEST CORP,2.05,50000,股
2025-11-24,3017,奇鋐,1.94,140000,股
2025-11-24,CRWD US,CROWDSTRIKE HOLDINGS INC - A,1.78,10000,股
2025-11-24,MSFT US,MICROSOFTCORP(微軟公司),1.66,10000,股
2025-11-24,SNDK US,SANDISK CORP,1.66,20917,股
2025-11-24,CCJ US,CAMECO CORP,1.64,56000,股
2025-11-24,SNOW US,SNOWFLAKEINC-CLASSA(Snowflake公司),1.61,19000,股
2025-11-24,CRDO US,CREDO TECHNOLOGY GROUP HOLDI,1.59,30000,股
2025-11-24,RR/ LN,ROLLS-ROYCE HOLDINGS PLC,1.51,320000,股
2025-11-24,7011 JP,MITSUBISHI HEAVY INDUSTRIES,1.39,161000,股
2025-11-24,KTOS US,KRATOS DEFENSE \u0026 SECURITY,1.3,50000,股
2025-11-24,HOOD US,ROBINHOOD MARKETS INC - A,1.29,32000,股
2025-11-24,2383,台光電,1.25,85000,股
2025-11-24,9988 HK,ALIBABA GROUP HOLDING LTD,1.25,180000,股
2025-11-24,GEV US,GE VERNOVA INC,1.22,6000,股
2025-11-24,PLTR US,PALANTIR TECHNOLOGIES INC-A,1.14,20000,股
2025-11-24,WDC US,WESTERN DIGITAL CORP,1.06,20069,股
2025-11-24,COIN US,COINBASE GLOBAL INC -CLASS A,1.01,11250,股
2025-11-24,3715,定穎投控,0.99,820000,股
2025-11-24,LGN US,LEGENCE CORP-CL A,0.85,55159,股
2025-11-24,CWR LN,CERES POWER HOLDINGS PLC,0.81,540000,股
2025-11-24,TSLA US,TESLAINC(特斯拉公司),0.81,5500,股
2025-11-24,285A JP,KIOXIA HOLDINGS CORP,0.77,34400,股
2025-11-24,SAF FP,SAFRAN SA,0.75,6600,股
2025-11-24,2059,川湖,0.66,17000,股
2025-11-24,9984 JP,SOFTBANK CORP,0.61,16000,股
2025-11-24,ONDS US,ONDAS HOLDINGS INC,0.55,180000,股
2025-11-24,LEU US,CENTRUS ENERGY CORP-CLASS A,0.53,6000,股
2025-11-24,MP US,MP MATERIALS CORP,0.45,21734,股
2025-11-24,OKLO US,OKLO INC,0.37,11744,股
2025-11-24,M_USD,MARGIN,0.35,1000000,元
2025-11-24,SOLS US,SOLSTICE ADV MATERIALS INC,0.29,18000,股
2025-11-24,VRT US,VERTIV HOLDINGS CO,0.25,4217,股
2025-11-24,9696 HK,TIANQI LITHIUM CORP-H,0.21,100000,股
2025-11-24,OVH FP,OVH GROUPE SAS,0.18,60000,股
2025-11-24,RDI_HKD,RECEIVABLES FOR DISPOSAL OF INVESTMENTS,0.05,4507586,元
2025-11-24,C_CNH,CASH,0.01,515838,元
2025-11-24,RDI_GBP,RECEIVABLES FOR DISPOSAL OF INVESTMENTS,0.0,-207224,元
2025-11-24,RDI_EUR,RECEIVABLES FOR DISPOSAL OF INVESTMENTS,-0.02,-1511670,元
2025-11-24,PFUR_NTD,PAYABLES FOR UNITS REDEEMED,-0.52,-46956470,元
2025-11-24,RDI_NTD,RECEIVABLES FOR DISPOSAL OF INVESTMENTS,-0.52,-46966920,元
2025-11-24,RDI_USD,RECEIVABLES FOR DISPOSAL OF INVESTMENTS,-0.89,-2522415,元
2025-11-24,RDI_JPY,RECEIVABLES FOR DISPOSAL OF INVESTMENTS,-1.23,-110534930,元
2025-11-25,C_USD,CASH,7.82,22545532,元
2025-11-25,GOOGL US,ALPHABETINC-CLA(Alphabet公司),4.93,43899,股
2025-11-25,AVGO US,BROADCOM LTD,4.56,34141,股
2025-11-25,LITE US,LUMENTUM HOLDINGS INC.lite us,4.55,45000,股
2025-11-25,NVDA US,NVIDIACORP(輝達公司),4.44,72000,股
2025-11-25,MU US,MICRON TECHNOLOGY INC,4.19,53836,股
2025-11-25,C_NTD,CASH,3.78,342286989,元
2025-11-25,CLS US,CELESTICA INC,2.75,24218,股
2025-11-25,ENR GR,SIEMENS ENERGY AG,2.74,64000,股
2025-11-25,5803 JP,FUJIKURA LTD,2.69,70000,股
2025-11-25,RHM GR,RHEINMETALL AG,2.62,4450,股
2025-11-25,CIEN US,CIENA CORP,2.61,38256,股
2025-11-25,2330,台積電,2.58,165000,股
2025-11-25,3665,貿聯-KY,2.47,145000,股
2025-11-25,3017,奇鋐,2.39,165000,股
2025-11-25,HOT GR,HOCHTIEF AG,2.35,20000,股
2025-11-25,5706 JP,Mitsui Mining ＆ Smelting Co,2.32,60000,股
2025-11-25,300308 CH,ZHONGJI INNOLIGHT CO LTD-A,2.28,97000,股
2025-11-25,2308,台達電,2.11,210000,股
2025-11-25,6857 JP,ADVANTEST CORP,2.11,50000,股
2025-11-25,BE US,BLOOM ENERGY CORP- A,2.07,63358,股
2025-11-25,CRWD US,CROWDSTRIKE HOLDINGS INC - A,1.78,10000,股
2025-11-25,CCJ US,CAMECO CORP,1.7,56000,股
2025-11-25,MSFT US,MICROSOFTCORP(微軟公司),1.66,10000,股
2025-11-25,SNOW US,SNOWFLAKEINC-CLASSA(Snowflake公司),1.65,19000,股
2025-11-25,CRDO US,CREDO TECHNOLOGY GROUP HOLDI,1.61,30000,股
2025-11-25,SNDK US,SANDISK CORP,1.6,20917,股
2025-11-25,RR/ LN,ROLLS-ROYCE HOLDINGS PLC,1.52,320000,股
2025-11-25,7011 JP,MITSUBISHI HEAVY INDUSTRIES,1.38,161000,股
2025-11-25,2383,台光電,1.36,85000,股
2025-11-25,KTOS US,KRATOS DEFENSE \u0026 SECURITY,1.3,50000,股
2025-11-25,WDC US,WESTERN DIGITAL CORP,1.29,24000,股
2025-11-25,HOOD US,ROBINHOOD MARKETS INC - A,1.28,32000,股
2025-11-25,PLTR US,PALANTIR TECHNOLOGIES INC-A,1.28,22500,股
2025-11-25,9988 HK,ALIBABA GROUP HOLDING LTD,1.27,180000,股
2025-11-25,RDI_JPY,RECEIVABLES FOR DISPOSAL OF INVESTMENTS,1.24,112535417,元
2025-11-25,GEV US,GE VERNOVA INC,1.19,6000,股
2025-11-25,3715,定穎投控,1.08,820000,股
2025-11-25,COIN US,COINBASE GLOBAL INC -CLASS A,0.99,11250,股
2025-11-25,LGN US,LEGENCE CORP-CL A,0.94,60500,股
2025-11-25,VRT US,VERTIV HOLDINGS CO,0.88,15000,股
2025-11-25,TSLA US,TESLAINC(特斯拉公司),0.8,5500,股
2025-11-25,CWR LN,CERES POWER HOLDINGS PLC,0.76,540000,股
2025-11-25,SAF FP,SAFRAN SA,0.76,6600,股
2025-11-25,285A JP,KIOXIA HOLDINGS CORP,0.75,34400,股
2025-11-25,2059,川湖,0.65,17000,股
2025-11-25,ONDS US,ONDAS HOLDINGS INC,0.53,180000,股
2025-11-25,LEU US,CENTRUS ENERGY CORP-CLASS A,0.52,6000,股
2025-11-25,5801 JP,FURUKAWA ELECTRIC CO LTD,0.5,25000,股
2025-11-25,SOLS US,SOLSTICE ADV MATERIALS INC,0.49,30000,股
2025-11-25,MP US,MP MATERIALS CORP,0.44,21734,股
2025-11-25,9984 JP,SOFTBANK CORP,0.41,12000,股
2025-11-25,M_USD,MARGIN,0.35,1000000,元
2025-11-25,OKLO US,OKLO INC,0.35,11744,股
2025-11-25,OVH FP,OVH GROUPE SAS,0.19,60000,股
2025-11-25,RDI_HKD,RECEIVABLES FOR DISPOSAL OF INVESTMENTS,0.1,9202534,元
2025-11-25,C_CNH,CASH,0.01,515838,元
2025-11-25,C_EUR,CASH,0.0,4,元
2025-11-25,RDI_EUR,RECEIVABLES FOR DISPOSAL OF INVESTMENTS,0.0,-219578,元
2025-11-25,RDI_GBP,RECEIVABLES FOR DISPOSAL OF INVESTMENTS,0.0,-207224,元
2025-11-25,RDI_NTD,RECEIVABLES FOR DISPOSAL OF INVESTMENTS,-0.51,-45940895,元
2025-11-25,PFUR_NTD,PAYABLES FOR UNITS REDEEMED,-0.94,-85498350,元
2025-11-25,RDI_USD,RECEIVABLES FOR DISPOSAL OF INVESTMENTS,-1.25,-3593898,元
2025-11-26,C_USD,CASH,6.55,19298455,元
2025-11-26,GOOGL US,ALPHABETINC-CLA(Alphabet公司),5.23,48100,股
2025-11-26,AVGO US,BROADCOM LTD,5.08,37641,股
2025-11-26,LITE US,LUMENTUM HOLDINGS INC.lite us,4.71,45000,股
2025-11-26,NVDA US,NVIDIACORP(輝達公司),4.41,72000,股
2025-11-26,MU US,MICRON TECHNOLOGY INC,4.21,53836,股
2025-11-26,C_NTD,CASH,4.19,386377860,元
2025-11-26,CLS US,CELESTICA INC,3.18,28218,股
2025-11-26,ENR GR,SIEMENS ENERGY AG,2.81,64000,股
2025-11-26,3017,奇鋐,2.78,185000,股
2025-11-26,5803 JP,FUJIKURA LTD,2.74,70000,股
2025-11-26,RHM GR,RHEINMETALL AG,2.63,4450,股
2025-11-26,CIEN US,CIENA CORP,2.6,38256,股
2025-11-26,2330,台積電,2.57,165000,股
2025-11-26,300308 CH,ZHONGJI INNOLIGHT CO LTD-A,2.53,97000,股
2025-11-26,C_JPY,CASH,2.47,227640650,元
2025-11-26,3665,貿聯-KY,2.36,145000,股
2025-11-26,HOT GR,HOCHTIEF AG,2.36,20000,股
2025-11-26,5706 JP,Mitsui Mining ＆ Smelting Co,2.34,60000,股
2025-11-26,BE US,BLOOM ENERGY CORP- A,2.18,63358,股
2025-11-26,2308,台達電,2.15,210000,股
2025-11-26,6857 JP,ADVANTEST CORP,2.12,50000,股
2025-11-26,CCJ US,CAMECO CORP,1.99,66000,股
2025-11-26,WDC US,WESTERN DIGITAL CORP,1.77,33000,股
2025-11-26,CRWD US,CROWDSTRIKE HOLDINGS INC - A,1.7,10000,股
2025-11-26,CRDO US,CREDO TECHNOLOGY GROUP HOLDI,1.67,30000,股
2025-11-26,MSFT US,MICROSOFTCORP(微軟公司),1.65,10000,股
2025-11-26,SNOW US,SNOWFLAKEINC-CLASSA(Snowflake公司),1.6,19000,股
2025-11-26,SNDK US,SANDISK CORP,1.53,20917,股
2025-11-26,RR/ LN,ROLLS-ROYCE HOLDINGS PLC,1.52,320000,股
2025-11-26,HOOD US,ROBINHOOD MARKETS INC - A,1.39,32000,股
2025-11-26,7011 JP,MITSUBISHI HEAVY INDUSTRIES,1.38,161000,股
2025-11-26,2383,台光電,1.35,85000,股
2025-11-26,KTOS US,KRATOS DEFENSE \u0026 SECURITY,1.29,50000,股
2025-11-26,PLTR US,PALANTIR TECHNOLOGIES INC-A,1.27,22500,股
2025-11-26,9988 HK,ALIBABA GROUP HOLDING LTD,1.22,180000,股
2025-11-26,GEV US,GE VERNOVA INC,1.2,6000,股
2025-11-26,3715,定穎投控,1.05,820000,股
2025-11-26,LGN US,LEGENCE CORP-CL A,0.94,60500,股
2025-11-26,VRT US,VERTIV HOLDINGS CO,0.88,15000,股
2025-11-26,CWR LN,CERES POWER HOLDINGS PLC,0.82,540000,股
2025-11-26,TSLA US,TESLAINC(特斯拉公司),0.8,5500,股
2025-11-26,SAF FP,SAFRAN SA,0.75,6600,股
2025-11-26,COIN US,COINBASE GLOBAL INC -CLASS A,0.67,7500,股
2025-11-26,2059,川湖,0.63,17000,股
2025-11-26,285A JP,KIOXIA HOLDINGS CORP,0.63,34400,股
2025-11-26,5801 JP,FURUKAWA ELECTRIC CO LTD,0.5,25000,股
2025-11-26,SOLS US,SOLSTICE ADV MATERIALS INC,0.47,30000,股
2025-11-26,MP US,MP MATERIALS CORP,0.44,21734,股
2025-11-26,9984 JP,SOFTBANK CORP,0.42,12000,股
2025-11-26,OKLO US,OKLO INC,0.35,11744,股
2025-11-26,M_USD,MARGIN,0.34,1000000,元
2025-11-26,LEU US,CENTRUS ENERGY CORP-CLASS A,0.26,3000,股
2025-11-26,ONDS US,ONDAS HOLDINGS INC,0.25,90000,股
2025-11-26,OVH FP,OVH GROUPE SAS,0.2,60000,股
2025-11-26,2454,聯發科,0.15,11000,股
2025-11-26,RDI_HKD,RECEIVABLES FOR DISPOSAL OF INVESTMENTS,0.05,4694947,元
2025-11-26,C_CNH,CASH,0.01,515838,元
2025-11-26,C_EUR,CASH,0.0,4,元
2025-11-26,RDI_NTD,RECEIVABLES FOR DISPOSAL OF INVESTMENTS,-0.8,-73823750,元
2025-11-26,PFUR_NTD,PAYABLES FOR UNITS REDEEMED,-0.98,-90409158,元
2025-11-26,RDI_USD,RECEIVABLES FOR DISPOSAL OF INVESTMENTS,-1.33,-3907568,元
2025-11-26,RDI_JPY,RECEIVABLES FOR DISPOSAL OF INVESTMENTS,-1.75,-161971801,元
2025-11-27,C_USD,CASH,6.55,19298455,元
2025-11-27,C_NTD,CASH,4.19,386377860,元
2025-11-27,C_JPY,CASH,2.47,227640650,元
2025-11-27,M_USD,MARGIN,0.34,1000000,元
2025-11-27,RDI_HKD,RECEIVABLES FOR DISPOSAL OF INVESTMENTS,0.05,4694947,元
2025-11-27,C_CNH,CASH,0.01,515838,元
2025-11-27,C_EUR,CASH,0.0,4,元
2025-11-27,RDI_NTD,RECEIVABLES FOR DISPOSAL OF INVESTMENTS,-0.8,-73823750,元
2025-11-27,PFUR_NTD,PAYABLES FOR UNITS REDEEMED,-0.98,-90409158,元
2025-11-27,RDI_USD,RECEIVABLES FOR DISPOSAL OF INVESTMENTS,-1.33,-3907568,元
2025-11-27,RDI_JPY,RECEIVABLES FOR DISPOSAL OF INVESTMENTS,-1.75,-161971801,元
2025-11-28,C_USD,CASH,5.51,16413847,元
2025-11-28,GOOGL US,ALPHABETINC-CLA(Alphabet公司),5.17,48100,股
2025-11-28,AVGO US,BROADCOM LTD,5.09,37641,股
2025-11-28,LITE US,LUMENTUM HOLDINGS INC.lite us,4.91,45000,股
2025-11-28,NVDA US,NVIDIACORP(輝達公司),4.28,72000,股
2025-11-28,MU US,MICRON TECHNOLOGY INC,4.27,53836,股
2025-11-28,CLS US,CELESTICA INC,3.26,28218,股
2025-11-28,ENR GR,SIEMENS ENERGY AG,2.86,64000,股
2025-11-28,C_NTD,CASH,2.84,265597640,元
2025-11-28,3017,奇鋐,2.72,185000,股
2025-11-28,5803 JP,FUJIKURA LTD,2.7,70000,股
2025-11-28,CIEN US,CIENA CORP,2.62,38256,股
2025-11-28,2330,台積電,2.54,165000,股
2025-11-28,RHM GR,RHEINMETALL AG,2.53,4450,股
2025-11-28,3665,貿聯-KY,2.5,145000,股
2025-11-28,300308 CH,ZHONGJI INNOLIGHT CO LTD-A,2.37,97000,股
2025-11-28,HOT GR,HOCHTIEF AG,2.37,20000,股
2025-11-28,BE US,BLOOM ENERGY CORP- A,2.32,63358,股
2025-11-28,5706 JP,Mitsui Mining ＆ Smelting Co,2.29,60000,股
2025-11-28,6857 JP,ADVANTEST CORP,2.21,50000,股
2025-11-28,2308,台達電,2.09,210000,股
2025-11-28,CCJ US,CAMECO CORP,1.96,66000,股
2025-11-28,2383,台光電,1.87,115000,股
2025-11-28,WDC US,WESTERN DIGITAL CORP,1.81,33000,股
2025-11-28,CRDO US,CREDO TECHNOLOGY GROUP HOLDI,1.79,30000,股
2025-11-28,CRWD US,CROWDSTRIKE HOLDINGS INC - A,1.71,10000,股
2025-11-28,MSFT US,MICROSOFTCORP(微軟公司),1.65,10000,股
2025-11-28,SNOW US,SNOWFLAKEINC-CLASSA(Snowflake公司),1.6,19000,股
2025-11-28,SNDK US,SANDISK CORP,1.57,20917,股
2025-11-28,RR/ LN,ROLLS-ROYCE HOLDINGS PLC,1.52,320000,股
2025-11-28,2454,聯發科,1.49,100000,股
2025-11-28,HOOD US,ROBINHOOD MARKETS INC - A,1.38,32000,股
2025-11-28,7011 JP,MITSUBISHI HEAVY INDUSTRIES,1.36,161000,股
2025-11-28,KTOS US,KRATOS DEFENSE \u0026 SECURITY,1.28,50000,股
2025-11-28,PLTR US,PALANTIR TECHNOLOGIES INC-A,1.27,22500,股
2025-11-28,GEV US,GE VERNOVA INC,1.21,6000,股
2025-11-28,9988 HK,ALIBABA GROUP HOLDING LTD,1.18,180000,股
2025-11-28,5801 JP,FURUKAWA ELECTRIC CO LTD,1.06,50000,股
2025-11-28,3715,定穎投控,1.04,820000,股
2025-11-28,3110 JP,NITTO BOSEKI CO LTD,0.94,32000,股
2025-11-28,LGN US,LEGENCE CORP-CL A,0.93,60500,股
2025-11-28,VRT US,VERTIV HOLDINGS CO,0.9,15000,股
2025-11-28,CWR LN,CERES POWER HOLDINGS PLC,0.89,540000,股
2025-11-28,SAF FP,SAFRAN SA,0.74,6600,股
2025-11-28,2059,川湖,0.69,17000,股
2025-11-28,COIN US,COINBASE GLOBAL INC -CLASS A,0.69,7500,股
2025-11-28,TSEM US,TOWER SEMICONDUCTOR LTD,0.54,15000,股
2025-11-28,SOLS US,SOLSTICE ADV MATERIALS INC,0.48,30000,股
2025-11-28,MP US,MP MATERIALS CORP,0.45,21734,股
2025-11-28,TSLA US,TESLAINC(特斯拉公司),0.4,2750,股
2025-11-28,OKLO US,OKLO INC,0.36,11744,股
2025-11-28,M_USD,MARGIN,0.34,1000000,元
2025-11-28,LEU US,CENTRUS ENERGY CORP-CLASS A,0.26,3000,股
2025-11-28,OVH FP,OVH GROUPE SAS,0.2,60000,股
2025-11-28,RDI_USD,RECEIVABLES FOR DISPOSAL OF INVESTMENTS,0.09,280965,元
2025-11-28,C_CNH,CASH,0.01,515838,元
2025-11-28,C_EUR,CASH,0.0,4,元
2025-11-28,PFUR_NTD,PAYABLES FOR UNITS REDEEMED,-0.89,-83445800,元
2025-11-28,RDI_JPY,RECEIVABLES FOR DISPOSAL OF INVESTMENTS,-1.72,-160581166,元
2025-11-28,RDI_NTD,RECEIVABLES FOR DISPOSAL OF INVESTMENTS,-1.79,-167091925,元
2025-12-01,C_USD,CASH,5.2,15186812,元
2025-12-01,GOOGL US,ALPHABETINC-CLA(Alphabet公司),5.19,48100,股
2025-12-01,AVGO US,BROADCOM LTD,4.98,37641,股
2025-12-01,LITE US,LUMENTUM HOLDINGS INC.lite us,4.9,45000,股
2025-12-01,MU US,MICRON TECHNOLOGY INC,4.44,53836,股
2025-12-01,NVDA US,NVIDIACORP(輝達公司),4.44,72000,股
2025-12-01,CLS US,CELESTICA INC,3.08,28218,股
2025-12-01,ENR GR,SIEMENS ENERGY AG,2.87,64000,股
2025-12-01,3017,奇鋐,2.7,185000,股
2025-12-01,CIEN US,CIENA CORP,2.63,38256,股
2025-12-01,RHM GR,RHEINMETALL AG,2.55,4450,股
2025-12-01,2330,台積電,2.54,165000,股
2025-12-01,300308 CH,ZHONGJI INNOLIGHT CO LTD-A,2.53,97000,股
2025-12-01,3665,貿聯-KY,2.53,145000,股
2025-12-01,HOT GR,HOCHTIEF AG,2.35,20000,股
2025-12-01,2308,台達電,2.23,210000,股
2025-12-01,5706 JP,Mitsui Mining ＆ Smelting Co,2.2,60000,股
2025-12-01,6857 JP,ADVANTEST CORP,2.17,50000,股
2025-12-01,BE US,BLOOM ENERGY CORP- A,2.15,63358,股
2025-12-01,C_NTD,CASH,2.11,193416820,元
2025-12-01,5803 JP,FUJIKURA LTD,1.98,55000,股
2025-12-01,CCJ US,CAMECO CORP,1.98,66000,股
2025-12-01,2383,台光電,1.85,115000,股
2025-12-01,WDC US,WESTERN DIGITAL CORP,1.85,33000,股
2025-12-01,CRDO US,CREDO TECHNOLOGY GROUP HOLDI,1.76,30000,股
2025-12-01,CRWD US,CROWDSTRIKE HOLDINGS INC - A,1.73,10000,股
2025-12-01,MSFT US,MICROSOFTCORP(微軟公司),1.67,10000,股
2025-12-01,SNOW US,SNOWFLAKEINC-CLASSA(Snowflake公司),1.64,19000,股
2025-12-01,2454,聯發科,1.58,100000,股
2025-12-01,SNDK US,SANDISK CORP,1.51,20917,股
2025-12-01,RR/ LN,ROLLS-ROYCE HOLDINGS PLC,1.5,320000,股
2025-12-01,3110 JP,NITTO BOSEKI CO LTD,1.44,48000,股
2025-12-01,7011 JP,MITSUBISHI HEAVY INDUSTRIES,1.38,161000,股
2025-12-01,HOOD US,ROBINHOOD MARKETS INC - A,1.35,32000,股
2025-12-01,PLTR US,PALANTIR TECHNOLOGIES INC-A,1.29,22500,股
2025-12-01,KTOS US,KRATOS DEFENSE \u0026 SECURITY,1.25,50000,股
2025-12-01,9988 HK,ALIBABA GROUP HOLDING LTD,1.23,180000,股
2025-12-01,GEV US,GE VERNOVA INC,1.19,6000,股
2025-12-01,RDI_JPY,RECEIVABLES FOR DISPOSAL OF INVESTMENTS,1.08,99366169,元
2025-12-01,5801 JP,FURUKAWA ELECTRIC CO LTD,1.06,50000,股
2025-12-01,3715,定穎投控,1.04,820000,股
2025-12-01,LGN US,LEGENCE CORP-CL A,0.93,60500,股
2025-12-01,VRT US,VERTIV HOLDINGS CO,0.92,15000,股
2025-12-01,CWR LN,CERES POWER HOLDINGS PLC,0.87,540000,股
2025-12-01,SAF FP,SAFRAN SA,0.75,6600,股
2025-12-01,COIN US,COINBASE GLOBAL INC -CLASS A,0.67,7500,股
2025-12-01,2059,川湖,0.64,17000,股
2025-12-01,TSEM US,TOWER SEMICONDUCTOR LTD,0.58,15000,股
2025-12-01,SOLS US,SOLSTICE ADV MATERIALS INC,0.49,30000,股
2025-12-01,MP US,MP MATERIALS CORP,0.43,21734,股
2025-12-01,TSLA US,TESLAINC(特斯拉公司),0.41,2750,股
2025-12-01,OKLO US,OKLO INC,0.35,11744,股
2025-12-01,M_USD,MARGIN,0.34,1000000,元
2025-12-01,LEU US,CENTRUS ENERGY CORP-CLASS A,0.26,3000,股
2025-12-01,OVH FP,OVH GROUPE SAS,0.2,60000,股
2025-12-01,C_CNH,CASH,0.01,516312,元
2025-12-01,C_EUR,CASH,0.0,4,元
2025-12-01,C_GBP,CASH,0.0,3,元
2025-12-01,C_HKD,CASH,0.0,0,元
2025-12-01,RDI_NTD,RECEIVABLES FOR DISPOSAL OF INVESTMENTS,-1.04,-94929835,元
2025-12-01,PFUR_NTD,PAYABLES FOR UNITS REDEEMED,-1.07,-98161385,元
2025-12-02,GOOGL US,ALPHABETINC-CLA(Alphabet公司),5.2,48100,股
2025-12-02,AVGO US,BROADCOM LTD,4.91,37641,股
2025-12-02,LITE US,LUMENTUM HOLDINGS INC.lite us,4.66,45000,股
2025-12-02,NVDA US,NVIDIACORP(輝達公司),4.47,72000,股
2025-12-02,MU US,MICRON TECHNOLOGY INC,4.41,53836,股
2025-12-02,C_USD,CASH,4.34,12682644,元
2025-12-02,ENR GY,SIEMENS ENERGY AG,2.95,64000,股
2025-12-02,CLS US,CELESTICA INC,2.94,28218,股
2025-12-02,3017,奇鋐,2.65,185000,股
2025-12-02,CIEN US,CIENA CORP,2.65,38256,股
2025-12-02,RHM GY,RHEINMETALL AG,2.63,4450,股
2025-12-02,2308,台達電,2.58,240000,股
2025-12-02,2330,台積電,2.57,165000,股
2025-12-02,300308 CH,ZHONGJI INNOLIGHT CO LTD-A,2.54,97000,股
2025-12-02,HOT GY,HOCHTIEF AG,2.46,20000,股
2025-12-02,3665,貿聯-KY,2.42,145000,股
2025-12-02,BE US,BLOOM ENERGY CORP- A,2.28,63358,股
2025-12-02,5706 JP,Mitsui Mining ＆ Smelting Co,2.24,60000,股
2025-12-02,6857 JP,ADVANTEST CORP,2.17,50000,股
2025-12-02,C_NTD,CASH,2.15,197734891,元
2025-12-02,5803 JP,FUJIKURA LTD,2.0,55000,股
2025-12-02,CCJ US,CAMECO CORP,1.99,66000,股
2025-12-02,CRDO US,CREDO TECHNOLOGY GROUP HOLDI,1.93,30000,股
2025-12-02,WDC US,WESTERN DIGITAL CORP,1.81,33000,股
2025-12-02,2383,台光電,1.8,115000,股
2025-12-02,CRWD US,CROWDSTRIKE HOLDINGS INC - A,1.77,10000,股
2025-12-02,SNOW US,SNOWFLAKEINC-CLASSA(Snowflake公司),1.69,19000,股
2025-12-02,MSFT US,MICROSOFTCORP(微軟公司),1.68,10000,股
2025-12-02,2454,聯發科,1.54,100000,股
2025-12-02,RR/ LN,ROLLS-ROYCE HOLDINGS PLC,1.51,320000,股
2025-12-02,SNDK US,SANDISK CORP,1.47,20917,股
2025-12-02,HOOD US,ROBINHOOD MARKETS INC - A,1.38,32000,股
2025-12-02,7011 JP,MITSUBISHI HEAVY INDUSTRIES,1.36,161000,股
2025-12-02,3110 JP,NITTO BOSEKI CO LTD,1.32,48000,股
2025-12-02,PLTR US,PALANTIR TECHNOLOGIES INC-A,1.31,22500,股
2025-12-02,TSEM US,TOWER SEMICONDUCTOR LTD,1.27,32000,股
2025-12-02,9988 HK,ALIBABA GROUP HOLDING LTD,1.24,180000,股
2025-12-02,GEV US,GE VERNOVA INC,1.23,6000,股
2025-12-02,KTOS US,KRATOS DEFENSE \u0026 SECURITY,1.21,50000,股
2025-12-02,5801 JP,FURUKAWA ELECTRIC CO LTD,1.06,50000,股
2025-12-02,3715,定穎投控,1.02,820000,股
2025-12-02,VRT US,VERTIV HOLDINGS CO,0.93,15000,股
2025-12-02,LGN US,LEGENCE CORP-CL A,0.91,60500,股
2025-12-02,CWR LN,CERES POWER HOLDINGS PLC,0.85,540000,股
2025-12-02,SAF FP,SAFRAN SA,0.76,6600,股
2025-12-02,2368,金像電,0.65,100000,股
2025-12-02,SOLS US,SOLSTICE ADV MATERIALS INC,0.48,30000,股
2025-12-02,COIN US,COINBASE GLOBAL INC -CLASS A,0.45,5000,股
2025-12-02,M_USD,MARGIN,0.34,1000000,元
2025-12-02,RDI_USD,RECEIVABLES FOR DISPOSAL OF INVESTMENTS,0.34,982381,元
2025-12-02,RDI_JPY,RECEIVABLES FOR DISPOSAL OF INVESTMENTS,0.24,22144124,元
2025-12-02,MP US,MP MATERIALS CORP,0.21,10000,股
2025-12-02,OVH FP,OVH GROUPE SAS,0.2,60000,股
2025-12-02,OKLO US,OKLO INC,0.19,6000,股
2025-12-02,TSLA US,TESLAINC(特斯拉公司),0.18,1200,股
2025-12-02,LEU US,CENTRUS ENERGY CORP-CLASS A,0.14,1500,股
2025-12-02,C_CNH,CASH,0.01,516312,元
2025-12-02,C_EUR,CASH,0.0,4,元
2025-12-02,C_GBP,CASH,0.0,3,元
2025-12-02,C_HKD,CASH,0.0,0,元
2025-12-02,RDI_NTD,RECEIVABLES FOR DISPOSAL OF INVESTMENTS,-0.36,-32916745,元
2025-12-02,PFUR_NTD,PAYABLES FOR UNITS REDEEMED,-1.07,-98161385,元
2025-12-03,GOOGL US,ALPHABETINC-CLA(Alphabet公司),5.26,48100,股
2025-12-03,AVGO US,BROADCOM LTD,4.9,37641,股
2025-12-03,C_USD,CASH,4.73,13807118,元
2025-12-03,LITE US,LUMENTUM HOLDINGS INC.lite us,4.67,45000,股
2025-12-03,NVDA US,NVIDIACORP(輝達公司),4.42,72000,股
2025-12-03,MU US,MICRON TECHNOLOGY INC,4.31,53836,股
2025-12-03,CLS US,CELESTICA INC,2.98,28218,股
2025-12-03,ENR GY,SIEMENS ENERGY AG,2.91,64000,股
2025-12-03,3017,奇鋐,2.74,185000,股
2025-12-03,RHM GY,RHEINMETALL AG,2.69,4450,股
2025-12-03,2308,台達電,2.61,240000,股
2025-12-03,2330,台積電,2.61,165000,股
2025-12-03,CIEN US,CIENA CORP,2.53,38256,股
2025-12-03,HOT GY,HOCHTIEF AG,2.51,20000,股
2025-12-03,300308 CH,ZHONGJI INNOLIGHT CO LTD-A,2.46,97000,股
2025-12-03,3665,貿聯-KY,2.42,145000,股
2025-12-03,5706 JP,Mitsui Mining ＆ Smelting Co,2.35,60000,股
2025-12-03,6857 JP,ADVANTEST CORP,2.29,50000,股
2025-12-03,BE US,BLOOM ENERGY CORP- A,2.22,63358,股
2025-12-03,CCJ US,CAMECO CORP,2.02,66000,股
2025-12-03,CRDO US,CREDO TECHNOLOGY GROUP HOLDI,1.94,30000,股
2025-12-03,2383,台光電,1.8,115000,股
2025-12-03,CRWD US,CROWDSTRIKE HOLDINGS INC - A,1.79,10000,股
2025-12-03,WDC US,WESTERN DIGITAL CORP,1.76,33000,股
2025-12-03,C_NTD,CASH,1.74,159193011,元
2025-12-03,SNOW US,SNOWFLAKEINC-CLASSA(Snowflake公司),1.72,19000,股
2025-12-03,MSFT US,MICROSOFTCORP(微軟公司),1.63,10000,股
2025-12-03,RR/ LN,ROLLS-ROYCE HOLDINGS PLC,1.54,320000,股
2025-12-03,2454,聯發科,1.53,100000,股
2025-12-03,5803 JP,FUJIKURA LTD,1.5,40000,股
2025-12-03,HOOD US,ROBINHOOD MARKETS INC - A,1.46,32000,股
2025-12-03,SNDK US,SANDISK CORP,1.39,20917,股
2025-12-03,7011 JP,MITSUBISHI HEAVY INDUSTRIES,1.38,161000,股
2025-12-03,PLTR US,PALANTIR TECHNOLOGIES INC-A,1.36,22500,股
2025-12-03,TSEM US,TOWER SEMICONDUCTOR LTD,1.27,32000,股
2025-12-03,3110 JP,NITTO BOSEKI CO LTD,1.25,48000,股
2025-12-03,KTOS US,KRATOS DEFENSE \u0026 SECURITY,1.25,50000,股
2025-12-03,GEV US,GE VERNOVA INC,1.24,6000,股
2025-12-03,9988 HK,ALIBABA GROUP HOLDING LTD,1.22,180000,股
2025-12-03,5801 JP,FURUKAWA ELECTRIC CO LTD,1.11,50000,股
2025-12-03,3715,定穎投控,1.03,820000,股
2025-12-03,LGN US,LEGENCE CORP-CL A,0.95,60500,股
2025-12-03,VRT US,VERTIV HOLDINGS CO,0.92,15000,股
2025-12-03,CWR LN,CERES POWER HOLDINGS PLC,0.86,540000,股
2025-12-03,SAF FP,SAFRAN SA,0.78,6600,股
2025-12-03,2368,金像電,0.64,100000,股
2025-12-03,5802 JP,SUMITOMO ELECTRIC INDUSTRIES,0.5,33000,股
2025-12-03,SOLS US,SOLSTICE ADV MATERIALS INC,0.49,30000,股
2025-12-03,COIN US,COINBASE GLOBAL INC -CLASS A,0.47,5000,股
2025-12-03,M_USD,MARGIN,0.34,1000000,元
2025-12-03,RDI_JPY,RECEIVABLES FOR DISPOSAL OF INVESTMENTS,0.29,26694610,元
2025-12-03,MP US,MP MATERIALS CORP,0.2,10000,股
2025-12-03,OKLO US,OKLO INC,0.2,6000,股
2025-12-03,OVH FP,OVH GROUPE SAS,0.2,60000,股
2025-12-03,RDI_USD,RECEIVABLES FOR DISPOSAL OF INVESTMENTS,0.18,528924,元
2025-12-03,LEU US,CENTRUS ENERGY CORP-CLASS A,0.14,1500,股
2025-12-03,C_CNH,CASH,0.01,516312,元
2025-12-03,C_EUR,CASH,0.0,4,元
2025-12-03,C_GBP,CASH,0.0,3,元
2025-12-03,C_HKD,CASH,0.0,0,元
2025-12-03,RDI_NTD,RECEIVABLES FOR DISPOSAL OF INVESTMENTS,-0.36,-32916745,元
2025-12-03,PFUR_NTD,PAYABLES FOR UNITS REDEEMED,-1.03,-94011198,元
2025-12-04,GOOGL US,ALPHABETINC-CLA(Alphabet公司),5.17,48100,股
2025-12-04,LITE US,LUMENTUM HOLDINGS INC.lite us,4.99,45000,股
2025-12-04,AVGO US,BROADCOM LTD,4.85,37641,股
2025-12-04,C_USD,CASH,4.85,14336042,元
2025-12-04,NVDA US,NVIDIACORP(輝達公司),4.46,72000,股
2025-12-04,MU US,MICRON TECHNOLOGY INC,4.13,53836,股
2025-12-04,CLS US,CELESTICA INC,3.08,28218,股
2025-12-04,RDI_JPY,RECEIVABLES FOR DISPOSAL OF INVESTMENTS,3.03,280248235,元
2025-12-04,ENR GY,SIEMENS ENERGY AG,2.95,64000,股
2025-12-04,RHM GY,RHEINMETALL AG,2.7,4450,股
2025-12-04,3017,奇鋐,2.65,185000,股
2025-12-04,2308,台達電,2.59,240000,股
2025-12-04,2330,台積電,2.57,165000,股
2025-12-04,BE US,BLOOM ENERGY CORP- A,2.53,63358,股
2025-12-04,CIEN US,CIENA CORP,2.53,38256,股
2025-12-04,HOT GY,HOCHTIEF AG,2.52,20000,股
2025-12-04,300308 CH,ZHONGJI INNOLIGHT CO LTD-A,2.49,97000,股
2025-12-04,3665,貿聯-KY,2.39,145000,股
2025-12-04,5706 JP,Mitsui Mining ＆ Smelting Co,2.29,60000,股
2025-12-04,6857 JP,ADVANTEST CORP,2.25,50000,股
2025-12-04,CCJ US,CAMECO CORP,2.1,66000,股
2025-12-04,CRDO US,CREDO TECHNOLOGY GROUP HOLDI,1.84,30000,股
2025-12-04,WDC US,WESTERN DIGITAL CORP,1.8,33000,股
2025-12-04,2383,台光電,1.77,115000,股
2025-12-04,HOOD US,ROBINHOOD MARKETS INC - A,1.76,38000,股
2025-12-04,CRWD US,CROWDSTRIKE HOLDINGS INC - A,1.74,10000,股
2025-12-04,MSFT US,MICROSOFTCORP(微軟公司),1.63,10000,股
2025-12-04,SNOW US,SNOWFLAKEINC-CLASSA(Snowflake公司),1.59,20000,股
2025-12-04,RR/ LN,ROLLS-ROYCE HOLDINGS PLC,1.57,320000,股
2025-12-04,PLTR US,PALANTIR TECHNOLOGIES INC-A,1.56,26000,股
2025-12-04,2454,聯發科,1.52,100000,股
2025-12-04,SNDK US,SANDISK CORP,1.51,20917,股
2025-12-04,7011 JP,MITSUBISHI HEAVY INDUSTRIES,1.42,161000,股
2025-12-04,C_NTD,CASH,1.31,121365458,元
2025-12-04,KTOS US,KRATOS DEFENSE \u0026 SECURITY,1.31,50000,股
2025-12-04,GEV US,GE VERNOVA INC,1.28,6000,股
2025-12-04,TSEM US,TOWER SEMICONDUCTOR LTD,1.25,32000,股
2025-12-04,3110 JP,NITTO BOSEKI CO LTD,1.21,48000,股
2025-12-04,9988 HK,ALIBABA GROUP HOLDING LTD,1.21,180000,股
2025-12-04,5801 JP,FURUKAWA ELECTRIC CO LTD,1.07,50000,股
2025-12-04,3715,定穎投控,0.99,820000,股
2025-12-04,LGN US,LEGENCE CORP-CL A,0.99,60500,股
2025-12-04,VRT US,VERTIV HOLDINGS CO,0.93,15000,股
2025-12-04,5803 JP,FUJIKURA LTD,0.92,25000,股
2025-12-04,CWR LN,CERES POWER HOLDINGS PLC,0.82,540000,股
2025-12-04,SAF FP,SAFRAN SA,0.76,6600,股
2025-12-04,2368,金像電,0.63,100000,股
2025-12-04,TER US,TERADYNE INC,0.5,7500,股
2025-12-04,5802 JP,SUMITOMO ELECTRIC INDUSTRIES,0.48,33000,股
2025-12-04,SOLS US,SOLSTICE ADV MATERIALS INC,0.48,30000,股
2025-12-04,COIN US,COINBASE GLOBAL INC -CLASS A,0.46,5000,股
2025-12-04,M_USD,MARGIN,0.34,1000000,元
2025-12-04,OKLO US,OKLO INC,0.23,6000,股
2025-12-04,MP US,MP MATERIALS CORP,0.21,10000,股
2025-12-04,OVH FP,OVH GROUPE SAS,0.2,60000,股
2025-12-04,LEU US,CENTRUS ENERGY CORP-CLASS A,0.14,1500,股
2025-12-04,C_CNH,CASH,0.01,516312,元
2025-12-04,C_EUR,CASH,0.0,4,元
2025-12-04,C_GBP,CASH,0.0,3,元
2025-12-04,C_HKD,CASH,0.0,0,元
2025-12-04,PFUR_NTD,PAYABLES FOR UNITS REDEEMED,-0.96,-89100390,元
2025-12-04,RDI_USD,RECEIVABLES FOR DISPOSAL OF INVESTMENTS,-1.07,-3158458,元
2025-12-05,GOOGL US,ALPHABETINC-CLA(Alphabet公司),5.22,48100,股
2025-12-05,LITE US,LUMENTUM HOLDINGS INC.lite us,5.04,45000,股
2025-12-05,AVGO US,BROADCOM LTD,4.96,37641,股
2025-12-05,NVDA US,NVIDIACORP(輝達公司),4.44,72000,股
2025-12-05,MU US,MICRON TECHNOLOGY INC,4.31,53836,股
2025-12-05,C_USD,CASH,3.83,11349035,元
2025-12-05,CLS US,CELESTICA INC,3.1,28218,股
2025-12-05,ENR GY,SIEMENS ENERGY AG,2.95,64000,股
2025-12-05,3017,奇鋐,2.77,185000,股
2025-12-05,RHM GY,RHEINMETALL AG,2.68,4450,股
2025-12-05,CIEN US,CIENA CORP,2.61,38256,股
2025-12-05,2330,台積電,2.6,165000,股
2025-12-05,BE US,BLOOM ENERGY CORP- A,2.55,63358,股
2025-12-05,2308,台達電,2.54,240000,股
2025-12-05,300308 CH,ZHONGJI INNOLIGHT CO LTD-A,2.49,97000,股
2025-12-05,HOT GY,HOCHTIEF AG,2.48,20000,股
2025-12-05,3665,貿聯-KY,2.39,145000,股
2025-12-05,5706 JP,Mitsui Mining ＆ Smelting Co,2.36,60000,股
2025-12-05,6857 JP,ADVANTEST CORP,2.21,50000,股
2025-12-05,CCJ US,CAMECO CORP,2.03,66000,股
2025-12-05,WDC US,WESTERN DIGITAL CORP,1.88,33000,股
2025-12-05,2383,台光電,1.86,115000,股
2025-12-05,CRDO US,CREDO TECHNOLOGY GROUP HOLDI,1.78,30000,股
2025-12-05,CRWD US,CROWDSTRIKE HOLDINGS INC - A,1.73,10000,股
2025-12-05,HOOD US,ROBINHOOD MARKETS INC - A,1.69,38000,股
2025-12-05,SNDK US,SANDISK CORP,1.61,20917,股
2025-12-05,GEV US,GE VERNOVA INC,1.6,7500,股
2025-12-05,PLTR US,PALANTIR TECHNOLOGIES INC-A,1.6,26000,股
2025-12-05,RR/ LN,ROLLS-ROYCE HOLDINGS PLC,1.56,320000,股
2025-12-05,SNOW US,SNOWFLAKEINC-CLASSA(Snowflake公司),1.55,20000,股
2025-12-05,2454,聯發科,1.54,100000,股
2025-12-05,7011 JP,MITSUBISHI HEAVY INDUSTRIES,1.44,161000,股
2025-12-05,RDI_USD,RECEIVABLES FOR DISPOSAL OF INVESTMENTS,1.3,3863880,元
2025-12-05,3110 JP,NITTO BOSEKI CO LTD,1.29,48000,股
2025-12-05,KTOS US,KRATOS DEFENSE \u0026 SECURITY,1.29,50000,股
2025-12-05,TSEM US,TOWER SEMICONDUCTOR LTD,1.23,32000,股
2025-12-05,5801 JP,FURUKAWA ELECTRIC CO LTD,1.06,50000,股
2025-12-05,9988 HK,ALIBABA GROUP HOLDING LTD,1.01,150000,股
2025-12-05,3715,定穎投控,0.99,820000,股
2025-12-05,LGN US,LEGENCE CORP-CL A,0.96,60500,股
2025-12-05,VRT US,VERTIV HOLDINGS CO,0.96,15000,股
2025-12-05,5803 JP,FUJIKURA LTD,0.94,25000,股
2025-12-05,CWR LN,CERES POWER HOLDINGS PLC,0.83,540000,股
2025-12-05,C_NTD,CASH,0.77,71332463,元
2025-12-05,SAF FP,SAFRAN SA,0.76,6600,股
2025-12-05,2368,金像電,0.64,100000,股
2025-12-05,TER US,TERADYNE INC,0.51,7500,股
2025-12-05,4062 JP,IBIDEN CO LTD,0.5,18000,股
2025-12-05,5802 JP,SUMITOMO ELECTRIC INDUSTRIES,0.48,33000,股
2025-12-05,SOLS US,SOLSTICE ADV MATERIALS INC,0.48,30000,股
2025-12-05,COIN US,COINBASE GLOBAL INC -CLASS A,0.46,5000,股
2025-12-05,M_USD,MARGIN,0.34,1000000,元
2025-12-05,RDI_JPY,RECEIVABLES FOR DISPOSAL OF INVESTMENTS,0.24,21761851,元
2025-12-05,MP US,MP MATERIALS CORP,0.21,10000,股
2025-12-05,OKLO US,OKLO INC,0.21,6000,股
2025-12-05,OVH FP,OVH GROUPE SAS,0.17,60000,股
2025-12-05,LEU US,CENTRUS ENERGY CORP-CLASS A,0.13,1500,股
2025-12-05,RDI_HKD,RECEIVABLES FOR DISPOSAL OF INVESTMENTS,0.05,4622531,元
2025-12-05,C_CNH,CASH,0.01,516312,元
2025-12-05,C_EUR,CASH,0.0,4,元
2025-12-05,C_GBP,CASH,0.0,3,元
2025-12-05,C_HKD,CASH,0.0,0,元
2025-12-05,PFUR_NTD,PAYABLES FOR UNITS REDEEMED,-1.18,-109147166,元
2025-12-08,AVGO US,BROADCOM LTD,5.37,40000,股
2025-12-08,GOOGL US,ALPHABETINC-CLA(Alphabet公司),5.26,50000,股
2025-12-08,LITE US,LUMENTUM HOLDINGS INC.lite us,5.16,45000,股
2025-12-08,MU US,MICRON TECHNOLOGY INC,4.8,58000,股
2025-12-08,C_USD,CASH,4.65,13846727,元
2025-12-08,NVDA US,NVIDIACORP(輝達公司),4.48,72000,股
2025-12-08,CLS US,CELESTICA INC,3.22,28218,股
2025-12-08,ENR GY,SIEMENS ENERGY AG,2.94,64000,股
2025-12-08,3017,奇鋐,2.76,185000,股
2025-12-08,RHM GY,RHEINMETALL AG,2.76,4450,股
2025-12-08,2330,台積電,2.65,165000,股
2025-12-08,300308 CH,ZHONGJI INNOLIGHT CO LTD-A,2.62,97000,股
2025-12-08,2308,台達電,2.53,240000,股
2025-12-08,HOT GY,HOCHTIEF AG,2.51,20000,股
2025-12-08,5706 JP,Mitsui Mining ＆ Smelting Co,2.38,60000,股
2025-12-08,BE US,BLOOM ENERGY CORP- A,2.37,63358,股
2025-12-08,3665,貿聯-KY,2.36,145000,股
2025-12-08,6857 JP,ADVANTEST CORP,2.19,50000,股
2025-12-08,CIEN US,CIENA CORP,2.14,30000,股
2025-12-08,CCJ US,CAMECO CORP,2.01,66000,股
2025-12-08,GEV US,GE VERNOVA INC,1.88,9000,股
2025-12-08,WDC US,WESTERN DIGITAL CORP,1.88,33000,股
2025-12-08,2383,台光電,1.84,115000,股
2025-12-08,CRDO US,CREDO TECHNOLOGY GROUP HOLDI,1.8,30000,股
2025-12-08,HOOD US,ROBINHOOD MARKETS INC - A,1.74,38000,股
2025-12-08,CRWD US,CROWDSTRIKE HOLDINGS INC - A,1.73,10000,股
2025-12-08,C_NTD,CASH,1.62,150465878,元
2025-12-08,PLTR US,PALANTIR TECHNOLOGIES INC-A,1.58,26000,股
2025-12-08,RR/ LN,ROLLS-ROYCE HOLDINGS PLC,1.58,320000,股
2025-12-08,SNDK US,SANDISK CORP,1.58,20917,股
2025-12-08,2454,聯發科,1.55,100000,股
2025-12-08,SNOW US,SNOWFLAKEINC-CLASSA(Snowflake公司),1.51,20000,股
2025-12-08,7011 JP,MITSUBISHI HEAVY INDUSTRIES,1.46,161000,股
2025-12-08,KTOS US,KRATOS DEFENSE \u0026 SECURITY,1.29,50000,股
2025-12-08,TSEM US,TOWER SEMICONDUCTOR LTD,1.27,32000,股
2025-12-08,3110 JP,NITTO BOSEKI CO LTD,1.23,48000,股
2025-12-08,5801 JP,FURUKAWA ELECTRIC CO LTD,1.09,50000,股
2025-12-08,3715,定穎投控,1.03,820000,股
2025-12-08,LGN US,LEGENCE CORP-CL A,0.96,60500,股
2025-12-08,VRT US,VERTIV HOLDINGS CO,0.93,15000,股
2025-12-08,4062 JP,IBIDEN CO LTD,0.82,30000,股
2025-12-08,TER US,TERADYNE INC,0.82,12000,股
2025-12-08,CWR LN,CERES POWER HOLDINGS PLC,0.8,540000,股
2025-12-08,SAF FP,SAFRAN SA,0.76,6600,股
2025-12-08,2368,金像電,0.63,100000,股
2025-12-08,5803 JP,FUJIKURA LTD,0.5,12500,股
2025-12-08,9988 HK,ALIBABA GROUP HOLDING LTD,0.5,75000,股
2025-12-08,5802 JP,SUMITOMO ELECTRIC INDUSTRIES,0.49,33000,股
2025-12-08,SOLS US,SOLSTICE ADV MATERIALS INC,0.47,30000,股
2025-12-08,COIN US,COINBASE GLOBAL INC -CLASS A,0.46,5000,股
2025-12-08,M_USD,MARGIN,0.34,1000000,元
2025-12-08,MP US,MP MATERIALS CORP,0.21,10000,股
2025-12-08,OKLO US,OKLO INC,0.21,6000,股
2025-12-08,RDI_HKD,RECEIVABLES FOR DISPOSAL OF INVESTMENTS,0.17,16086120,元
2025-12-08,LEU US,CENTRUS ENERGY CORP-CLASS A,0.13,1500,股
2025-12-08,OVH FP,OVH GROUPE SAS,0.08,30000,股
2025-12-08,C_CNH,CASH,0.01,516312,元
2025-12-08,C_EUR,CASH,0.0,4,元
2025-12-08,C_GBP,CASH,0.0,3,元
2025-12-08,C_HKD,CASH,0.0,0,元
2025-12-08,RDI_EUR,RECEIVABLES FOR DISPOSAL OF INVESTMENTS,0.0,204858,元
2025-12-08,RDI_USD,RECEIVABLES FOR DISPOSAL OF INVESTMENTS,-0.9,-2677536,元
2025-12-08,PFUR_NTD,PAYABLES FOR UNITS REDEEMED,-1.45,-134800661,元
2025-12-08,RDI_JPY,RECEIVABLES FOR DISPOSAL OF INVESTMENTS,-1.66,-154347666,元
2025-12-09,AVGO US,BROADCOM LTD,5.49,40000,股
2025-12-09,LITE US,LUMENTUM HOLDINGS INC.lite us,5.47,45000,股
2025-12-09,GOOGL US,ALPHABETINC-CLA(Alphabet公司),5.35,50000,股
2025-12-09,MU US,MICRON TECHNOLOGY INC,4.94,58000,股
2025-12-09,NVDA US,NVIDIACORP(輝達公司),4.5,72000,股
2025-12-09,C_USD,CASH,3.47,10266589,元
2025-12-09,CLS US,CELESTICA INC,3.26,28218,股
2025-12-09,ENR GY,SIEMENS ENERGY AG,2.98,64000,股
2025-12-09,RHM GY,RHEINMETALL AG,2.87,4450,股
2025-12-09,3017,奇鋐,2.82,185000,股
2025-12-09,300308 CH,ZHONGJI INNOLIGHT CO LTD-A,2.81,97000,股
2025-12-09,2330,台積電,2.64,165000,股
2025-12-09,2308,台達電,2.52,240000,股
2025-12-09,HOT GY,HOCHTIEF AG,2.52,20000,股
2025-12-09,5706 JP,Mitsui Mining ＆ Smelting Co,2.34,60000,股
2025-12-09,BE US,BLOOM ENERGY CORP- A,2.34,63358,股
2025-12-09,3665,貿聯-KY,2.31,145000,股
2025-12-09,6857 JP,ADVANTEST CORP,2.19,50000,股
2025-12-09,CIEN US,CIENA CORP,2.17,30000,股
2025-12-09,CCJ US,CAMECO CORP,2.08,66000,股
2025-12-09,GEV US,GE VERNOVA INC,1.9,9000,股
2025-12-09,WDC US,WESTERN DIGITAL CORP,1.89,33000,股
2025-12-09,2383,台光電,1.87,115000,股
2025-12-09,CRWD US,CROWDSTRIKE HOLDINGS INC - A,1.75,10000,股
2025-12-09,HOOD US,ROBINHOOD MARKETS INC - A,1.74,38000,股
2025-12-09,CRDO US,CREDO TECHNOLOGY GROUP HOLDI,1.72,30000,股
2025-12-09,C_NTD,CASH,1.63,150465878,元
2025-12-09,PLTR US,PALANTIR TECHNOLOGIES INC-A,1.6,26000,股
2025-12-09,RR/ LN,ROLLS-ROYCE HOLDINGS PLC,1.6,320000,股
2025-12-09,SNDK US,SANDISK CORP,1.55,20917,股
2025-12-09,2454,聯發科,1.54,100000,股
2025-12-09,SNOW US,SNOWFLAKEINC-CLASSA(Snowflake公司),1.5,20000,股
2025-12-09,7011 JP,MITSUBISHI HEAVY INDUSTRIES,1.49,161000,股
2025-12-09,TSEM US,TOWER SEMICONDUCTOR LTD,1.34,32000,股
2025-12-09,KTOS US,KRATOS DEFENSE \u0026 SECURITY,1.3,50000,股
2025-12-09,4062 JP,IBIDEN CO LTD,1.12,40000,股
2025-12-09,5801 JP,FURUKAWA ELECTRIC CO LTD,1.09,50000,股
2025-12-09,3715,定穎投控,1.03,820000,股
2025-12-09,LGN US,LEGENCE CORP-CL A,0.99,60500,股
2025-12-09,5802 JP,SUMITOMO ELECTRIC INDUSTRIES,0.92,60000,股
2025-12-09,VRT US,VERTIV HOLDINGS CO,0.9,15000,股
2025-12-09,TER US,TERADYNE INC,0.81,12000,股
2025-12-09,CWR LN,CERES POWER HOLDINGS PLC,0.77,540000,股
2025-12-09,SAF FP,SAFRAN SA,0.76,6600,股
2025-12-09,2368,金像電,0.64,100000,股
2025-12-09,3110 JP,NITTO BOSEKI CO LTD,0.59,24000,股
2025-12-09,5803 JP,FUJIKURA LTD,0.5,12500,股
2025-12-09,SOLS US,SOLSTICE ADV MATERIALS INC,0.48,30000,股
2025-12-09,COIN US,COINBASE GLOBAL INC -CLASS A,0.47,5000,股
2025-12-09,M_USD,MARGIN,0.34,1000000,元
2025-12-09,RDI_HKD,RECEIVABLES FOR DISPOSAL OF INVESTMENTS,0.25,22748523,元
2025-12-09,RDI_JPY,RECEIVABLES FOR DISPOSAL OF INVESTMENTS,0.23,21419621,元
2025-12-09,OKLO US,OKLO INC,0.21,6000,股
2025-12-09,MP US,MP MATERIALS CORP,0.2,10000,股
2025-12-09,LEU US,CENTRUS ENERGY CORP-CLASS A,0.13,1500,股
2025-12-09,C_CNH,CASH,0.01,516312,元
2025-12-09,C_EUR,CASH,0.0,4,元
2025-12-09,C_GBP,CASH,0.0,3,元
2025-12-09,C_HKD,CASH,0.0,0,元
2025-12-09,RDI_EUR,RECEIVABLES FOR DISPOSAL OF INVESTMENTS,0.0,415999,元
2025-12-09,PFUR_NTD,PAYABLES FOR UNITS REDEEMED,-2.67,-246469053,元
2025-12-10,AVGO US,BROADCOM LTD,5.57,40000,股
2025-12-10,LITE US,LUMENTUM HOLDINGS INC.lite us,5.55,45000,股
2025-12-10,GOOGL US,ALPHABETINC-CLA(Alphabet公司),5.4,50000,股
2025-12-10,MU US,MICRON TECHNOLOGY INC,5.16,58000,股
2025-12-10,NVDA US,NVIDIACORP(輝達公司),4.46,72000,股
2025-12-10,CLS US,CELESTICA INC,3.32,28218,股
2025-12-10,ENR GY,SIEMENS ENERGY AG,3.1,64000,股
2025-12-10,C_USD,CASH,2.86,8473270,元
2025-12-10,300308 CH,ZHONGJI INNOLIGHT CO LTD-A,2.85,97000,股
2025-12-10,3017,奇鋐,2.85,185000,股
2025-12-10,RHM GY,RHEINMETALL AG,2.81,4450,股
2025-12-10,2330,台積電,2.69,165000,股
2025-12-10,HOT GY,HOCHTIEF AG,2.61,20000,股
2025-12-10,C_NTD,CASH,2.6,240678185,元
2025-12-10,2308,台達電,2.51,240000,股
2025-12-10,3665,貿聯-KY,2.39,145000,股
2025-12-10,5706 JP,Mitsui Mining ＆ Smelting Co,2.38,60000,股
2025-12-10,CIEN US,CIENA CORP,2.24,30000,股
2025-12-10,GEV US,GE VERNOVA INC,2.19,9000,股
2025-12-10,6857 JP,ADVANTEST CORP,2.17,50000,股
2025-12-10,BE US,BLOOM ENERGY CORP- A,2.16,63358,股
2025-12-10,CCJ US,CAMECO CORP,2.09,66000,股
2025-12-10,WDC US,WESTERN DIGITAL CORP,2.03,33000,股
2025-12-10,2383,台光電,1.99,115000,股
2025-12-10,CRWD US,CROWDSTRIKE HOLDINGS INC - A,1.75,10000,股
2025-12-10,HOOD US,ROBINHOOD MARKETS INC - A,1.74,38000,股
2025-12-10,PLTR US,PALANTIR TECHNOLOGIES INC-A,1.65,26000,股
2025-12-10,RR/ LN,ROLLS-ROYCE HOLDINGS PLC,1.59,320000,股
2025-12-10,2454,聯發科,1.58,100000,股
2025-12-10,7011 JP,MITSUBISHI HEAVY INDUSTRIES,1.47,161000,股
2025-12-10,SNOW US,SNOWFLAKEINC-CLASSA(Snowflake公司),1.46,20000,股
2025-12-10,TSEM US,TOWER SEMICONDUCTOR LTD,1.37,32000,股
2025-12-10,KTOS US,KRATOS DEFENSE \u0026 SECURITY,1.3,50000,股
2025-12-10,SNDK US,SANDISK CORP,1.1,14000,股
2025-12-10,4062 JP,IBIDEN CO LTD,1.09,40000,股
2025-12-10,5801 JP,FURUKAWA ELECTRIC CO LTD,1.07,50000,股
2025-12-10,CRDO US,CREDO TECHNOLOGY GROUP HOLDI,1.07,20000,股
2025-12-10,3715,定穎投控,1.04,820000,股
2025-12-10,LGN US,LEGENCE CORP-CL A,0.92,60500,股
2025-12-10,VRT US,VERTIV HOLDINGS CO,0.92,15000,股
2025-12-10,5802 JP,SUMITOMO ELECTRIC INDUSTRIES,0.9,60000,股
2025-12-10,TER US,TERADYNE INC,0.83,12000,股
2025-12-10,SAF FP,SAFRAN SA,0.76,6600,股
2025-12-10,CWR LN,CERES POWER HOLDINGS PLC,0.75,540000,股
2025-12-10,2368,金像電,0.67,100000,股
2025-12-10,3110 JP,NITTO BOSEKI CO LTD,0.61,24000,股
2025-12-10,RDI_USD,RECEIVABLES FOR DISPOSAL OF INVESTMENTS,0.61,1798017,元
2025-12-10,5803 JP,FUJIKURA LTD,0.5,12500,股
2025-12-10,SOLS US,SOLSTICE ADV MATERIALS INC,0.5,30000,股
2025-12-10,COHR US,COHERENT INC,0.47,7000,股
2025-12-10,COIN US,COINBASE GLOBAL INC -CLASS A,0.46,5000,股
2025-12-10,M_USD,MARGIN,0.34,1000000,元
2025-12-10,MP US,MP MATERIALS CORP,0.2,10000,股
2025-12-10,OKLO US,OKLO INC,0.2,6000,股
2025-12-10,LEU US,CENTRUS ENERGY CORP-CLASS A,0.13,1500,股
2025-12-10,RDI_HKD,RECEIVABLES FOR DISPOSAL OF INVESTMENTS,0.12,11284935,元
2025-12-10,C_CNH,CASH,0.01,516312,元
2025-12-10,C_EUR,CASH,0.0,4,元
2025-12-10,C_GBP,CASH,0.0,3,元
2025-12-10,C_HKD,CASH,0.0,0,元
2025-12-10,RDI_EUR,RECEIVABLES FOR DISPOSAL OF INVESTMENTS,0.0,211141,元
2025-12-10,RDI_JPY,RECEIVABLES FOR DISPOSAL OF INVESTMENTS,-0.61,-56024487,元
2025-12-10,PFUR_NTD,PAYABLES FOR UNITS REDEEMED,-3.46,-319998082,元
2025-12-11,LITE US,LUMENTUM HOLDINGS INC.lite us,5.78,45000,股
2025-12-11,AVGO US,BROADCOM LTD,5.61,40000,股
2025-12-11,GOOGL US,ALPHABETINC-CLA(Alphabet公司),5.4,50000,股
2025-12-11,MU US,MICRON TECHNOLOGY INC,5.18,58000,股
2025-12-11,NVDA US,NVIDIACORP(輝達公司),4.5,72000,股
2025-12-11,C_NTD,CASH,3.83,346727585,元
2025-12-11,CLS US,CELESTICA INC,3.43,28218,股
2025-12-11,ENR GY,SIEMENS ENERGY AG,3.19,64000,股
2025-12-11,RDI_JPY,RECEIVABLES FOR DISPOSAL OF INVESTMENTS,3.04,274674994,元
2025-12-11,3017,奇鋐,2.92,185000,股
2025-12-11,RHM GY,RHEINMETALL AG,2.88,4450,股
2025-12-11,C_USD,CASH,2.84,8213873,元
2025-12-11,300308 CH,ZHONGJI INNOLIGHT CO LTD-A,2.79,97000,股
2025-12-11,2330,台積電,2.68,165000,股
2025-12-11,HOT GY,HOCHTIEF AG,2.66,20000,股
2025-12-11,2308,台達電,2.51,240000,股
2025-12-11,CIEN US,CIENA CORP,2.51,30000,股
2025-12-11,3665,貿聯-KY,2.46,145000,股
2025-12-11,BE US,BLOOM ENERGY CORP- A,2.39,63358,股
2025-12-11,5706 JP,Mitsui Mining ＆ Smelting Co,2.34,60000,股
2025-12-11,6857 JP,ADVANTEST CORP,2.33,50000,股
2025-12-11,GEV US,GE VERNOVA INC,2.19,9000,股
2025-12-11,CCJ US,CAMECO CORP,2.18,66000,股
2025-12-11,WDC US,WESTERN DIGITAL CORP,2.13,33000,股
2025-12-11,2383,台光電,2.03,115000,股
2025-12-11,CRWD US,CROWDSTRIKE HOLDINGS INC - A,1.79,10000,股
2025-12-11,PLTR US,PALANTIR TECHNOLOGIES INC-A,1.68,26000,股
2025-12-11,RR/ LN,ROLLS-ROYCE HOLDINGS PLC,1.63,320000,股
2025-12-11,HOOD US,ROBINHOOD MARKETS INC - A,1.62,38000,股
2025-12-11,7011 JP,MITSUBISHI HEAVY INDUSTRIES,1.44,161000,股
2025-12-11,TSEM US,TOWER SEMICONDUCTOR LTD,1.43,32000,股
2025-12-11,KTOS US,KRATOS DEFENSE \u0026 SECURITY,1.36,50000,股
2025-12-11,SNDK US,SANDISK CORP,1.17,14000,股
2025-12-11,4062 JP,IBIDEN CO LTD,1.12,40000,股
2025-12-11,3715,定穎投控,1.1,820000,股
2025-12-11,2454,聯發科,1.08,70000,股
2025-12-11,CRDO US,CREDO TECHNOLOGY GROUP HOLDI,1.07,20000,股
2025-12-11,5801 JP,FURUKAWA ELECTRIC CO LTD,1.06,50000,股
2025-12-11,LGN US,LEGENCE CORP-CL A,0.96,60500,股
2025-12-11,VRT US,VERTIV HOLDINGS CO,0.93,15000,股
2025-12-11,5802 JP,SUMITOMO ELECTRIC INDUSTRIES,0.89,60000,股
2025-12-11,TER US,TERADYNE INC,0.85,12000,股
2025-12-11,SAF FP,SAFRAN SA,0.78,6600,股
2025-12-11,SNOW US,SNOWFLAKEINC-CLASSA(Snowflake公司),0.76,10000,股
2025-12-11,RDI_USD,RECEIVABLES FOR DISPOSAL OF INVESTMENTS,0.75,2184893,元
2025-12-11,2368,金像電,0.67,100000,股
2025-12-11,CWR LN,CERES POWER HOLDINGS PLC,0.55,431227,股
2025-12-11,SOLS US,SOLSTICE ADV MATERIALS INC,0.52,30000,股
2025-12-11,5803 JP,FUJIKURA LTD,0.5,12500,股
2025-12-11,7769,鴻勁,0.49,14000,股
2025-12-11,COHR US,COHERENT INC,0.48,7000,股
2025-12-11,COIN US,COINBASE GLOBAL INC -CLASS A,0.46,5000,股
2025-12-11,M_USD,MARGIN,0.35,1000000,元
2025-12-11,MP US,MP MATERIALS CORP,0.21,10000,股
2025-12-11,OKLO US,OKLO INC,0.21,6000,股
2025-12-11,LEU US,CENTRUS ENERGY CORP-CLASS A,0.14,1500,股
2025-12-11,C_CNH,CASH,0.01,516312,元
2025-12-11,C_EUR,CASH,0.0,4,元
2025-12-11,C_GBP,CASH,0.0,3,元
2025-12-11,C_HKD,CASH,0.0,0,元
2025-12-11,RDI_GBP,RECEIVABLES FOR DISPOSAL OF INVESTMENTS,0.0,312639,元
2025-12-11,RDI_NTD,RECEIVABLES FOR DISPOSAL OF INVESTMENTS,-0.02,-2137725,元
2025-12-11,PFUR_NTD,PAYABLES FOR UNITS REDEEMED,-5.52,-499514937,元
2025-12-12,C_NTD,CASH,5.7,489624197,元
2025-12-12,GOOGL US,ALPHABETINC-CLA(Alphabet公司),5.61,50000,股
2025-12-12,LITE US,LUMENTUM HOLDINGS INC.lite us,5.3,45000,股
2025-12-12,AVGO US,BROADCOM LTD,5.22,40000,股
2025-12-12,MU US,MICRON TECHNOLOGY INC,5.08,58000,股
2025-12-12,NVDA US,NVIDIACORP(輝達公司),4.57,72000,股
2025-12-12,RDI_JPY,RECEIVABLES FOR DISPOSAL OF INVESTMENTS,4.32,371445473,元
2025-12-12,ENR GY,SIEMENS ENERGY AG,3.22,64000,股
2025-12-12,CLS US,CELESTICA INC,3.14,28218,股
2025-12-12,3017,奇鋐,3.07,185000,股
2025-12-12,RHM GY,RHEINMETALL AG,3.06,4450,股
2025-12-12,300308 CH,ZHONGJI INNOLIGHT CO LTD-A,2.91,97000,股
2025-12-12,2330,台積電,2.84,165000,股
2025-12-12,HOT GY,HOCHTIEF AG,2.79,20000,股
2025-12-12,2308,台達電,2.62,240000,股
2025-12-12,3665,貿聯-KY,2.59,145000,股
2025-12-12,5706 JP,Mitsui Mining ＆ Smelting Co,2.53,60000,股
2025-12-12,6857 JP,ADVANTEST CORP,2.42,50000,股
2025-12-12,CIEN US,CIENA CORP,2.38,30000,股
2025-12-12,CCJ US,CAMECO CORP,2.19,66000,股
2025-12-12,GEV US,GE VERNOVA INC,2.19,9000,股
2025-12-12,BE US,BLOOM ENERGY CORP- A,2.18,63358,股
2025-12-12,2383,台光電,2.15,115000,股
2025-12-12,WDC US,WESTERN DIGITAL CORP,2.11,33000,股
2025-12-12,PLTR US,PALANTIR TECHNOLOGIES INC-A,2.0,30000,股
2025-12-12,CRWD US,CROWDSTRIKE HOLDINGS INC - A,1.83,10000,股
2025-12-12,RR/ LN,ROLLS-ROYCE HOLDINGS PLC,1.7,320000,股
2025-12-12,HOOD US,ROBINHOOD MARKETS INC - A,1.65,38000,股
2025-12-12,7011 JP,MITSUBISHI HEAVY INDUSTRIES,1.56,161000,股
2025-12-12,C_USD,CASH,1.42,3898766,元
2025-12-12,KTOS US,KRATOS DEFENSE \u0026 SECURITY,1.38,50000,股
2025-12-12,TSEM US,TOWER SEMICONDUCTOR LTD,1.38,32000,股
2025-12-12,4062 JP,IBIDEN CO LTD,1.19,40000,股
2025-12-12,3715,定穎投控,1.15,820000,股
2025-12-12,5801 JP,FURUKAWA ELECTRIC CO LTD,1.14,50000,股
2025-12-12,SNDK US,SANDISK CORP,1.05,14000,股
2025-12-12,5802 JP,SUMITOMO ELECTRIC INDUSTRIES,0.93,60000,股
2025-12-12,LGN US,LEGENCE CORP-CL A,0.92,60500,股
2025-12-12,7769,鴻勁,0.89,24000,股
2025-12-12,VRT US,VERTIV HOLDINGS CO,0.88,15000,股
2025-12-12,TER US,TERADYNE INC,0.84,12000,股
2025-12-12,SAF FP,SAFRAN SA,0.82,6600,股
2025-12-12,CRDO US,CREDO TECHNOLOGY GROUP HOLDI,0.78,15000,股
2025-12-12,RDI_NTD,RECEIVABLES FOR DISPOSAL OF INVESTMENTS,0.73,62821380,元
2025-12-12,2368,金像電,0.72,100000,股
2025-12-12,SOLS US,SOLSTICE ADV MATERIALS INC,0.54,30000,股
2025-12-12,COIN US,COINBASE GLOBAL INC -CLASS A,0.49,5000,股
2025-12-12,COHR US,COHERENT INC,0.45,7000,股
2025-12-12,CWR LN,CERES POWER HOLDINGS PLC,0.4,300000,股
2025-12-12,RDI_USD,RECEIVABLES FOR DISPOSAL OF INVESTMENTS,0.4,1089867,元
2025-12-12,SNOW US,SNOWFLAKEINC-CLASSA(Snowflake公司),0.4,5000,股
2025-12-12,M_USD,MARGIN,0.36,1000000,元
2025-12-12,6954 JP,Fanuc LTD,0.31,21200,股
2025-12-12,MP US,MP MATERIALS CORP,0.21,10000,股
2025-12-12,OKLO US,OKLO INC,0.19,6000,股
2025-12-12,LEU US,CENTRUS ENERGY CORP-CLASS A,0.14,1500,股
2025-12-12,C_CNH,CASH,0.01,516312,元
2025-12-12,RDI_GBP,RECEIVABLES FOR DISPOSAL OF INVESTMENTS,0.01,680183,元
2025-12-12,C_EUR,CASH,0.0,4,元
2025-12-12,C_GBP,CASH,0.0,3,元
2025-12-12,C_HKD,CASH,0.0,0,元
2025-12-12,PFUR_NTD,PAYABLES FOR UNITS REDEEMED,-5.91,-508204717,元
2025-12-15,C_NTD,CASH,6.19,540640292,元
2025-12-15,GOOGL US,ALPHABETINC-CLA(Alphabet公司),5.54,50000,股
2025-12-15,LITE US,LUMENTUM HOLDINGS INC.lite us,5.41,45000,股
2025-12-15,MU US,MICRON TECHNOLOGY INC,4.95,58000,股
2025-12-15,AVGO US,BROADCOM LTD,4.88,40000,股
2025-12-15,NVDA US,NVIDIACORP(輝達公司),4.56,72000,股
2025-12-15,ENR GY,SIEMENS ENERGY AG,3.23,64000,股
2025-12-15,CLS US,CELESTICA INC,3.07,28218,股
2025-12-15,RHM GY,RHEINMETALL AG,2.95,4450,股
2025-12-15,3017,奇鋐,2.92,185000,股
2025-12-15,HOT GY,HOCHTIEF AG,2.86,20000,股
2025-12-15,300308 CH,ZHONGJI INNOLIGHT CO LTD-A,2.82,97000,股
2025-12-15,2330,台積電,2.74,165000,股
2025-12-15,2308,台達電,2.53,240000,股
2025-12-15,3665,貿聯-KY,2.45,145000,股
2025-12-15,5706 JP,Mitsui Mining ＆ Smelting Co,2.41,60000,股
2025-12-15,CIEN US,CIENA CORP,2.33,30000,股
2025-12-15,6857 JP,ADVANTEST CORP,2.25,50000,股
2025-12-15,GEV US,GE VERNOVA INC,2.2,9000,股
2025-12-15,CCJ US,CAMECO CORP,2.13,66000,股
2025-12-15,2383,台光電,2.11,115000,股
2025-12-15,BE US,BLOOM ENERGY CORP- A,2.04,63358,股
2025-12-15,WDC US,WESTERN DIGITAL CORP,2.04,33000,股
2025-12-15,PLTR US,PALANTIR TECHNOLOGIES INC-A,1.98,30000,股
2025-12-15,CRWD US,CROWDSTRIKE HOLDINGS INC - A,1.75,10000,股
2025-12-15,RR/ LN,ROLLS-ROYCE HOLDINGS PLC,1.71,320000,股
2025-12-15,HOOD US,ROBINHOOD MARKETS INC - A,1.57,38000,股
2025-12-15,7011 JP,MITSUBISHI HEAVY INDUSTRIES,1.52,161000,股
2025-12-15,C_USD,CASH,1.5,4173506,元
2025-12-15,TSEM US,TOWER SEMICONDUCTOR LTD,1.36,32000,股
2025-12-15,KTOS US,KRATOS DEFENSE \u0026 SECURITY,1.33,50000,股
2025-12-15,3715,定穎投控,1.11,820000,股
2025-12-15,RDI_JPY,RECEIVABLES FOR DISPOSAL OF INVESTMENTS,1.11,96770479,元
2025-12-15,4062 JP,IBIDEN CO LTD,1.1,40000,股
2025-12-15,5801 JP,FURUKAWA ELECTRIC CO LTD,1.09,50000,股
2025-12-15,SNDK US,SANDISK CORP,1.02,14000,股
2025-12-15,5802 JP,SUMITOMO ELECTRIC INDUSTRIES,0.92,60000,股
2025-12-15,LGN US,LEGENCE CORP-CL A,0.89,60500,股
2025-12-15,7769,鴻勁,0.88,24000,股
2025-12-15,VRT US,VERTIV HOLDINGS CO,0.87,15000,股
2025-12-15,TER US,TERADYNE INC,0.84,12000,股
2025-12-15,SAF FP,SAFRAN SA,0.82,6600,股
2025-12-15,CRDO US,CREDO TECHNOLOGY GROUP HOLDI,0.77,15000,股
2025-12-15,RDI_NTD,RECEIVABLES FOR DISPOSAL OF INVESTMENTS,0.74,64959105,元
2025-12-15,2368,金像電,0.69,100000,股
2025-12-15,SOLS US,SOLSTICE ADV MATERIALS INC,0.53,30000,股
2025-12-15,COHR US,COHERENT INC,0.45,7000,股
2025-12-15,COIN US,COINBASE GLOBAL INC -CLASS A,0.45,5000,股
2025-12-15,SNOW US,SNOWFLAKEINC-CLASSA(Snowflake公司),0.39,5000,股
2025-12-15,CWR LN,CERES POWER HOLDINGS PLC,0.38,300000,股
2025-12-15,M_USD,MARGIN,0.36,1000000,元
2025-12-15,6954 JP,Fanuc LTD,0.3,21200,股
2025-12-15,MP US,MP MATERIALS CORP,0.19,10000,股
2025-12-15,OKLO US,OKLO INC,0.18,6000,股
2025-12-15,LEU US,CENTRUS ENERGY CORP-CLASS A,0.12,1500,股
2025-12-15,C_CNH,CASH,0.01,516312,元
2025-12-15,C_EUR,CASH,0.0,4,元
2025-12-15,C_GBP,CASH,0.0,3,元
2025-12-15,C_HKD,CASH,0.0,0,元
2025-12-15,RDI_GBP,RECEIVABLES FOR DISPOSAL OF INVESTMENTS,0.0,367544,元
2025-12-15,PFUR_NTD,PAYABLES FOR UNITS REDEEMED,-5.36,-467835637,元
2025-12-16,GOOGL US,ALPHABETINC-CLA(Alphabet公司),5.69,52000,股
2025-12-16,C_NTD,CASH,5.59,494208550,元
2025-12-16,LITE US,LUMENTUM HOLDINGS INC.lite us,5.08,45000,股
2025-12-16,AVGO US,BROADCOM LTD,4.87,40000,股
2025-12-16,MU US,MICRON TECHNOLOGY INC,4.81,58000,股
2025-12-16,NVDA US,NVIDIACORP(輝達公司),4.57,72000,股
2025-12-16,C_USD,CASH,4.37,12284216,元
2025-12-16,ENR GY,SIEMENS ENERGY AG,3.21,64000,股
2025-12-16,CLS US,CELESTICA INC,2.91,28218,股
2025-12-16,3017,奇鋐,2.81,185000,股
2025-12-16,RHM GY,RHEINMETALL AG,2.8,4450,股
2025-12-16,HOT GY,HOCHTIEF AG,2.79,20000,股
2025-12-16,300308 CH,ZHONGJI INNOLIGHT CO LTD-A,2.71,97000,股
2025-12-16,GEV US,GE VERNOVA INC,2.69,11000,股
2025-12-16,2330,台積電,2.68,165000,股
2025-12-16,2308,台達電,2.45,240000,股
2025-12-16,3665,貿聯-KY,2.36,145000,股
2025-12-16,5706 JP,Mitsui Mining ＆ Smelting Co,2.31,60000,股
2025-12-16,CIEN US,CIENA CORP,2.25,30000,股
2025-12-16,6857 JP,ADVANTEST CORP,2.21,50000,股
2025-12-16,WDC US,WESTERN DIGITAL CORP,2.06,33000,股
2025-12-16,CCJ US,CAMECO CORP,2.05,66000,股
2025-12-16,PLTR US,PALANTIR TECHNOLOGIES INC-A,2.01,30000,股
2025-12-16,2383,台光電,1.94,115000,股
2025-12-16,CRWD US,CROWDSTRIKE HOLDINGS INC - A,1.74,10000,股
2025-12-16,RR/ LN,ROLLS-ROYCE HOLDINGS PLC,1.68,320000,股
2025-12-16,HOOD US,ROBINHOOD MARKETS INC - A,1.62,38000,股
2025-12-16,BE US,BLOOM ENERGY CORP- A,1.5,48000,股
2025-12-16,SNDK US,SANDISK CORP,1.49,20000,股
2025-12-16,7011 JP,MITSUBISHI HEAVY INDUSTRIES,1.47,161000,股
2025-12-16,TSEM US,TOWER SEMICONDUCTOR LTD,1.31,32000,股
2025-12-16,KTOS US,KRATOS DEFENSE \u0026 SECURITY,1.3,50000,股
2025-12-16,TER US,TERADYNE INC,1.3,19000,股
2025-12-16,3715,定穎投控,1.06,820000,股
2025-12-16,4062 JP,IBIDEN CO LTD,1.05,40000,股
2025-12-16,5801 JP,FURUKAWA ELECTRIC CO LTD,1.04,50000,股
2025-12-16,7769,鴻勁,1.01,28000,股
2025-12-16,LGN US,LEGENCE CORP-CL A,0.91,60500,股
2025-12-16,5802 JP,SUMITOMO ELECTRIC INDUSTRIES,0.86,60000,股
2025-12-16,VRT US,VERTIV HOLDINGS CO,0.86,15000,股
2025-12-16,SAF FP,SAFRAN SA,0.81,6600,股
2025-12-16,ENS US,ENERSYS,0.78,15000,股
2025-12-16,CRDO US,CREDO TECHNOLOGY GROUP HOLDI,0.75,15000,股
2025-12-16,2368,金像電,0.67,100000,股
2025-12-16,SOLS US,SOLSTICE ADV MATERIALS INC,0.51,30000,股
2025-12-16,COHR US,COHERENT INC,0.44,7000,股
2025-12-16,M_USD,MARGIN,0.36,1000000,元
2025-12-16,CWR LN,CERES POWER HOLDINGS PLC,0.34,300000,股
2025-12-16,6954 JP,Fanuc LTD,0.28,21200,股
2025-12-16,COIN US,COINBASE GLOBAL INC -CLASS A,0.27,3000,股
2025-12-16,MP US,MP MATERIALS CORP,0.19,10000,股
2025-12-16,OKLO US,OKLO INC,0.18,6000,股
2025-12-16,LEU US,CENTRUS ENERGY CORP-CLASS A,0.13,1500,股
2025-12-16,C_CNH,CASH,0.01,516312,元
2025-12-16,C_EUR,CASH,0.0,4,元
2025-12-16,C_GBP,CASH,0.0,3,元
2025-12-16,C_HKD,CASH,0.0,0,元
2025-12-16,RDI_NTD,RECEIVABLES FOR DISPOSAL OF INVESTMENTS,-0.14,-12617605,元
2025-12-16,RDI_USD,RECEIVABLES FOR DISPOSAL OF INVESTMENTS,-1.37,-3838926,元
2025-12-16,PFUR_NTD,PAYABLES FOR UNITS REDEEMED,-4.03,-356167245,元
2025-12-17,C_USD,CASH,5.6,15469773,元
2025-12-17,GOOGL US,ALPHABETINC-CLA(Alphabet公司),5.6,52000,股
2025-12-17,LITE US,LUMENTUM HOLDINGS INC.lite us,5.23,45000,股
2025-12-17,MU US,MICRON TECHNOLOGY INC,4.74,58000,股
2025-12-17,AVGO US,BROADCOM LTD,4.73,40000,股
2025-12-17,NVDA US,NVIDIACORP(輝達公司),4.46,72000,股
2025-12-17,C_NTD,CASH,4.34,377763304,元
2025-12-17,ENR GY,SIEMENS ENERGY AG,3.14,64000,股
2025-12-17,300308 CH,ZHONGJI INNOLIGHT CO LTD-A,2.95,97000,股
2025-12-17,RHM GY,RHEINMETALL AG,2.89,4450,股
2025-12-17,3017,奇鋐,2.85,185000,股
2025-12-17,HOT GY,HOCHTIEF AG,2.72,20000,股
2025-12-17,2330,台積電,2.71,165000,股
2025-12-17,2308,台達電,2.45,240000,股
2025-12-17,GEV US,GE VERNOVA INC,2.45,11000,股
2025-12-17,5706 JP,Mitsui Mining ＆ Smelting Co,2.41,60000,股
2025-12-17,CLS US,CELESTICA INC,2.4,24000,股
2025-12-17,3665,貿聯-KY,2.39,145000,股
2025-12-17,6857 JP,ADVANTEST CORP,2.27,50000,股
2025-12-17,CIEN US,CIENA CORP,2.22,30000,股
2025-12-17,CCJ US,CAMECO CORP,2.03,66000,股
2025-12-17,WDC US,WESTERN DIGITAL CORP,1.99,33000,股
2025-12-17,2383,台光電,1.98,115000,股
2025-12-17,SNDK US,SANDISK CORP,1.95,26000,股
2025-12-17,PLTR US,PALANTIR TECHNOLOGIES INC-A,1.93,30000,股
2025-12-17,TER US,TERADYNE INC,1.81,27000,股
2025-12-17,RR/ LN,ROLLS-ROYCE HOLDINGS PLC,1.71,320000,股
2025-12-17,CRWD US,CROWDSTRIKE HOLDINGS INC - A,1.7,10000,股
2025-12-17,HOOD US,ROBINHOOD MARKETS INC - A,1.6,38000,股
2025-12-17,7011 JP,MITSUBISHI HEAVY INDUSTRIES,1.47,161000,股
2025-12-17,7769,鴻勁,1.43,38000,股
2025-12-17,BE US,BLOOM ENERGY CORP- A,1.34,48000,股
2025-12-17,TSEM US,TOWER SEMICONDUCTOR LTD,1.31,32000,股
2025-12-17,KTOS US,KRATOS DEFENSE \u0026 SECURITY,1.27,50000,股
2025-12-17,COHR US,COHERENT INC,1.17,19000,股
2025-12-17,4062 JP,IBIDEN CO LTD,1.09,40000,股
2025-12-17,3715,定穎投控,1.07,820000,股
2025-12-17,5801 JP,FURUKAWA ELECTRIC CO LTD,1.07,50000,股
2025-12-17,LGN US,LEGENCE CORP-CL A,0.91,60500,股
2025-12-17,5802 JP,SUMITOMO ELECTRIC INDUSTRIES,0.89,60000,股
2025-12-17,SAF FP,SAFRAN SA,0.82,6600,股
2025-12-17,VRT US,VERTIV HOLDINGS CO,0.82,15000,股
2025-12-17,6954 JP,Fanuc LTD,0.78,57500,股
2025-12-17,ENS US,ENERSYS,0.76,15000,股
2025-12-17,CRDO US,CREDO TECHNOLOGY GROUP HOLDI,0.73,15000,股
2025-12-17,2368,金像電,0.67,100000,股
2025-12-17,SOLS US,SOLSTICE ADV MATERIALS INC,0.53,30000,股
2025-12-17,M_USD,MARGIN,0.36,1000000,元
2025-12-17,COIN US,COINBASE GLOBAL INC -CLASS A,0.27,3000,股
2025-12-17,CWR LN,CERES POWER HOLDINGS PLC,0.24,225000,股
2025-12-17,MP US,MP MATERIALS CORP,0.19,10000,股
2025-12-17,OKLO US,OKLO INC,0.17,6000,股
2025-12-17,LEU US,CENTRUS ENERGY CORP-CLASS A,0.12,1500,股
2025-12-17,C_CNH,CASH,0.01,516312,元
2025-12-17,C_EUR,CASH,0.0,4,元
2025-12-17,C_GBP,CASH,0.0,3,元
2025-12-17,C_HKD,CASH,0.0,0,元
2025-12-17,RDI_GBP,RECEIVABLES FOR DISPOSAL OF INVESTMENTS,0.0,173932,元
2025-12-17,RDI_NTD,RECEIVABLES FOR DISPOSAL OF INVESTMENTS,-0.52,-45395350,元
2025-12-17,RDI_USD,RECEIVABLES FOR DISPOSAL OF INVESTMENTS,-1.34,-3708137,元
2025-12-17,RDI_JPY,RECEIVABLES FOR DISPOSAL OF INVESTMENTS,-2.44,-211976568,元
2025-12-17,PFUR_NTD,PAYABLES FOR UNITS REDEEMED,-2.85,-248246523,元
2025-12-18,GOOGL US,ALPHABETINC-CLA(Alphabet公司),5.49,52000,股
2025-12-18,LITE US,LUMENTUM HOLDINGS INC.lite us,5.3,45000,股
2025-12-18,MU US,MICRON TECHNOLOGY INC,5.04,58000,股
2025-12-18,AVGO US,BROADCOM LTD,4.61,40000,股
2025-12-18,NVDA US,NVIDIACORP(輝達公司),4.38,72000,股
2025-12-18,C_USD,CASH,4.1,11764523,元
2025-12-18,ENR GY,SIEMENS ENERGY AG,3.14,64000,股
2025-12-18,RHM GY,RHEINMETALL AG,2.83,4450,股
2025-12-18,3017,奇鋐,2.79,185000,股
2025-12-18,300308 CH,ZHONGJI INNOLIGHT CO LTD-A,2.75,97000,股
2025-12-18,HOT GY,HOCHTIEF AG,2.72,20000,股
2025-12-18,2330,台積電,2.61,165000,股
2025-12-18,GEV US,GE VERNOVA INC,2.46,11000,股
2025-12-18,2308,台達電,2.37,240000,股
2025-12-18,5706 JP,Mitsui Mining ＆ Smelting Co,2.32,60000,股
2025-12-18,3665,貿聯-KY,2.31,145000,股
2025-12-18,CIEN US,CIENA CORP,2.21,30000,股
2025-12-18,6857 JP,ADVANTEST CORP,2.11,50000,股
2025-12-18,TER US,TERADYNE INC,2.06,31000,股
2025-12-18,CCJ US,CAMECO CORP,2.02,66000,股
2025-12-18,WDC US,WESTERN DIGITAL CORP,2.02,33000,股
2025-12-18,SNDK US,SANDISK CORP,1.99,26000,股
2025-12-18,PLTR US,PALANTIR TECHNOLOGIES INC-A,1.95,30000,股
2025-12-18,2383,台光電,1.91,115000,股
2025-12-18,C_NTD,CASH,1.9,171850294,元
2025-12-18,CLS US,CELESTICA INC,1.89,20000,股
2025-12-18,7769,鴻勁,1.83,50000,股
2025-12-18,RR/ LN,ROLLS-ROYCE HOLDINGS PLC,1.71,320000,股
2025-12-18,CRWD US,CROWDSTRIKE HOLDINGS INC - A,1.67,10000,股
2025-12-18,COHR US,COHERENT INC,1.66,27000,股
2025-12-18,HOOD US,ROBINHOOD MARKETS INC - A,1.56,38000,股
2025-12-18,7011 JP,MITSUBISHI HEAVY INDUSTRIES,1.37,161000,股
2025-12-18,TSEM US,TOWER SEMICONDUCTOR LTD,1.3,32000,股
2025-12-18,KTOS US,KRATOS DEFENSE \u0026 SECURITY,1.25,50000,股
2025-12-18,3715,定穎投控,1.02,820000,股
2025-12-18,5801 JP,FURUKAWA ELECTRIC CO LTD,1.01,50000,股
2025-12-18,BE US,BLOOM ENERGY CORP- A,1.01,36000,股
2025-12-18,4062 JP,IBIDEN CO LTD,1.0,40000,股
2025-12-18,LGN US,LEGENCE CORP-CL A,0.92,60500,股
2025-12-18,5802 JP,SUMITOMO ELECTRIC INDUSTRIES,0.82,60000,股
2025-12-18,SAF FP,SAFRAN SA,0.82,6600,股
2025-12-18,VRT US,VERTIV HOLDINGS CO,0.81,15000,股
2025-12-18,ENS US,ENERSYS,0.76,15000,股
2025-12-18,6954 JP,Fanuc LTD,0.73,57500,股
2025-12-18,CRDO US,CREDO TECHNOLOGY GROUP HOLDI,0.73,15000,股
2025-12-18,2368,金像電,0.65,100000,股
2025-12-18,KLAC US,KLA CORP,0.64,1500,股
2025-12-18,SOLS US,SOLSTICE ADV MATERIALS INC,0.51,30000,股
2025-12-18,M_USD,MARGIN,0.35,1000000,元
2025-12-18,COIN US,COINBASE GLOBAL INC -CLASS A,0.25,3000,股
2025-12-18,MP US,MP MATERIALS CORP,0.18,10000,股
2025-12-18,CWR LN,CERES POWER HOLDINGS PLC,0.13,125000,股
2025-12-18,C_CNH,CASH,0.13,12016312,元
2025-12-18,LEU US,CENTRUS ENERGY CORP-CLASS A,0.12,1500,股
2025-12-18,C_EUR,CASH,0.0,4,元
2025-12-18,C_GBP,CASH,0.0,3,元
2025-12-18,C_HKD,CASH,0.0,0,元
2025-12-18,RDI_GBP,RECEIVABLES FOR DISPOSAL OF INVESTMENTS,0.0,388103,元
2025-12-18,RDI_USD,RECEIVABLES FOR DISPOSAL OF INVESTMENTS,-0.5,-1446894,元
2025-12-18,PFUR_NTD,PAYABLES FOR UNITS REDEEMED,-0.76,-68729668,元
2025-12-18,RDI_NTD,RECEIVABLES FOR DISPOSAL OF INVESTMENTS,-0.8,-72432360,元
2025-12-18,RDI_JPY,RECEIVABLES FOR DISPOSAL OF INVESTMENTS,-2.35,-211976568,元
2025-12-19,LITE US,LUMENTUM HOLDINGS INC.lite us,5.66,45000,股
2025-12-19,GOOGL US,ALPHABETINC-CLA(Alphabet公司),5.41,52000,股
2025-12-19,MU US,MICRON TECHNOLOGY INC,5.22,58000,股
2025-12-19,AVGO US,BROADCOM LTD,4.61,40000,股
2025-12-19,NVDA US,NVIDIACORP(輝達公司),4.41,72000,股
2025-12-19,C_USD,CASH,4.06,11985562,元
2025-12-19,ENR GY,SIEMENS ENERGY AG,3.05,64000,股
2025-12-19,300308 CH,ZHONGJI INNOLIGHT CO LTD-A,2.89,105000,股
2025-12-19,3017,奇鋐,2.88,185000,股
2025-12-19,RHM GY,RHEINMETALL AG,2.75,4450,股
2025-12-19,HOT GY,HOCHTIEF AG,2.67,20000,股
2025-12-19,2330,台積電,2.53,165000,股
2025-12-19,GEV US,GE VERNOVA INC,2.45,11000,股
2025-12-19,2308,台達電,2.35,240000,股
2025-12-19,CIEN US,CIENA CORP,2.34,30000,股
2025-12-19,3665,貿聯-KY,2.24,145000,股
2025-12-19,5706 JP,Mitsui Mining ＆ Smelting Co,2.23,60000,股
2025-12-19,SNDK US,SANDISK CORP,2.09,26000,股
2025-12-19,6857 JP,ADVANTEST CORP,2.08,50000,股
2025-12-19,TER US,TERADYNE INC,2.05,31000,股
2025-12-19,WDC US,WESTERN DIGITAL CORP,2.02,33000,股
2025-12-19,CCJ US,CAMECO CORP,2.01,66000,股
2025-12-19,PLTR US,PALANTIR TECHNOLOGIES INC-A,1.96,30000,股
2025-12-19,2383,台光電,1.91,115000,股
2025-12-19,7769,鴻勁,1.77,50000,股
2025-12-19,COHR US,COHERENT INC,1.7,27000,股
2025-12-19,RR/ LN,ROLLS-ROYCE HOLDINGS PLC,1.7,320000,股
2025-12-19,CRWD US,CROWDSTRIKE HOLDINGS INC - A,1.63,10000,股
2025-12-19,HOOD US,ROBINHOOD MARKETS INC - A,1.56,38000,股
2025-12-19,C_NTD,CASH,1.5,139589349,元
2025-12-19,7011 JP,MITSUBISHI HEAVY INDUSTRIES,1.36,161000,股
2025-12-19,2368,金像電,1.31,200000,股
2025-12-19,CLS US,CELESTICA INC,1.29,13000,股
2025-12-19,TSEM US,TOWER SEMICONDUCTOR LTD,1.29,32000,股
2025-12-19,KTOS US,KRATOS DEFENSE \u0026 SECURITY,1.28,50000,股
2025-12-19,BE US,BLOOM ENERGY CORP- A,1.08,36000,股
2025-12-19,3715,定穎投控,1.06,833938,股
2025-12-19,KLAC US,KLA CORP,1.05,2500,股
2025-12-19,4062 JP,IBIDEN CO LTD,1.01,40000,股
2025-12-19,5801 JP,FURUKAWA ELECTRIC CO LTD,1.01,50000,股
2025-12-19,LGN US,LEGENCE CORP-CL A,0.9,60500,股
2025-12-19,5802 JP,SUMITOMO ELECTRIC INDUSTRIES,0.82,60000,股
2025-12-19,VRT US,VERTIV HOLDINGS CO,0.81,15000,股
2025-12-19,SAF FP,SAFRAN SA,0.8,6600,股
2025-12-19,CRDO US,CREDO TECHNOLOGY GROUP HOLDI,0.76,15000,股
2025-12-19,ENS US,ENERSYS,0.75,15000,股
2025-12-19,6954 JP,Fanuc LTD,0.71,57500,股
2025-12-19,SOLS US,SOLSTICE ADV MATERIALS INC,0.51,30000,股
2025-12-19,M_USD,MARGIN,0.34,1000000,元
2025-12-19,RDI_USD,RECEIVABLES FOR DISPOSAL OF INVESTMENTS,0.26,759940,元
2025-12-19,COIN US,COINBASE GLOBAL INC -CLASS A,0.25,3000,股
2025-12-19,MP US,MP MATERIALS CORP,0.18,10000,股
2025-12-19,C_CNH,CASH,0.13,12016312,元
2025-12-19,LEU US,CENTRUS ENERGY CORP-CLASS A,0.13,1500,股
2025-12-19,RDI_GBP,RECEIVABLES FOR DISPOSAL OF INVESTMENTS,0.01,486905,元
2025-12-19,C_EUR,CASH,0.0,4,元
2025-12-19,C_GBP,CASH,0.0,3,元
2025-12-19,C_HKD,CASH,0.0,0,元
2025-12-19,RDI_CNH,RECEIVABLES FOR DISPOSAL OF INVESTMENTS,-0.05,-4631115,元
2025-12-19,PFUR_NTD,PAYABLES FOR UNITS REDEEMED,-0.16,-14876928,元
2025-12-19,RDI_NTD,RECEIVABLES FOR DISPOSAL OF INVESTMENTS,-1.08,-100806706,元
2025-12-22,LITE US,LUMENTUM HOLDINGS INC.lite us,5.88,45000,股
2025-12-22,GOOGL US,ALPHABETINC-CLA(Alphabet公司),5.39,52000,股
2025-12-22,MU US,MICRON TECHNOLOGY INC,5.37,58000,股
2025-12-22,AVGO US,BROADCOM LTD,4.57,40000,股
2025-12-22,NVDA US,NVIDIACORP(輝達公司),4.43,72000,股
2025-12-22,C_USD,CASH,4.36,13015780,元
2025-12-22,RDI_JPY,RECEIVABLES FOR DISPOSAL OF INVESTMENTS,3.35,315094934,元
2025-12-22,300308 CH,ZHONGJI INNOLIGHT CO LTD-A,3.09,105000,股
2025-12-22,ENR GY,SIEMENS ENERGY AG,3.0,64000,股
2025-12-22,3017,奇鋐,2.9,185000,股
2025-12-22,RHM GY,RHEINMETALL AG,2.7,4450,股
2025-12-22,HOT GY,HOCHTIEF AG,2.62,20000,股
2025-12-22,2330,台積電,2.57,165000,股
2025-12-22,GEV US,GE VERNOVA INC,2.44,11000,股
2025-12-22,2308,台達電,2.43,240000,股
2025-12-22,CIEN US,CIENA CORP,2.38,30000,股
2025-12-22,5706 JP,Mitsui Mining ＆ Smelting Co,2.36,60000,股
2025-12-22,3665,貿聯-KY,2.27,145000,股
2025-12-22,6857 JP,ADVANTEST CORP,2.13,50000,股
2025-12-22,SNDK US,SANDISK CORP,2.1,26000,股
2025-12-22,TER US,TERADYNE INC,2.05,31000,股
2025-12-22,CCJ US,CAMECO CORP,2.03,66000,股
2025-12-22,2383,台光電,1.95,115000,股
2025-12-22,PLTR US,PALANTIR TECHNOLOGIES INC-A,1.95,30000,股
2025-12-22,WDC US,WESTERN DIGITAL CORP,1.95,33000,股
2025-12-22,7769,鴻勁,1.75,50000,股
2025-12-22,COHR US,COHERENT INC,1.73,27000,股
2025-12-22,RR/ LN,ROLLS-ROYCE HOLDINGS PLC,1.66,320000,股
2025-12-22,CRWD US,CROWDSTRIKE HOLDINGS INC - A,1.62,10000,股
2025-12-22,HOOD US,ROBINHOOD MARKETS INC - A,1.56,38000,股
2025-12-22,2368,金像電,1.38,200000,股
2025-12-22,KTOS US,KRATOS DEFENSE \u0026 SECURITY,1.37,50000,股
2025-12-22,CLS US,CELESTICA INC,1.34,13000,股
2025-12-22,TSEM US,TOWER SEMICONDUCTOR LTD,1.27,32000,股
2025-12-22,BE US,BLOOM ENERGY CORP- A,1.11,36000,股
2025-12-22,C_NTD,CASH,1.08,101281809,元
2025-12-22,3715,定穎投控,1.06,833938,股
2025-12-22,KLAC US,KLA CORP,1.06,2500,股
2025-12-22,4062 JP,IBIDEN CO LTD,1.04,40000,股
2025-12-22,5801 JP,FURUKAWA ELECTRIC CO LTD,1.04,50000,股
2025-12-22,LGN US,LEGENCE CORP-CL A,0.89,60500,股
2025-12-22,5802 JP,SUMITOMO ELECTRIC INDUSTRIES,0.86,60000,股
2025-12-22,VRT US,VERTIV HOLDINGS CO,0.84,15000,股
2025-12-22,SAF FP,SAFRAN SA,0.78,6600,股
2025-12-22,CRDO US,CREDO TECHNOLOGY GROUP HOLDI,0.75,15000,股
2025-12-22,ENS US,ENERSYS,0.75,15000,股
2025-12-22,6954 JP,Fanuc LTD,0.74,57500,股
2025-12-22,7011 JP,MITSUBISHI HEAVY INDUSTRIES,0.66,80000,股
2025-12-22,6869 HK,YANGTZE OPTICAL FIBRE AND-H,0.5,200000,股
2025-12-22,SOLS US,SOLSTICE ADV MATERIALS INC,0.5,30000,股
2025-12-22,M_USD,MARGIN,0.33,1000366,元
2025-12-22,COIN US,COINBASE GLOBAL INC -CLASS A,0.25,3000,股
2025-12-22,MP US,MP MATERIALS CORP,0.18,10000,股
2025-12-22,LEU US,CENTRUS ENERGY CORP-CLASS A,0.13,1500,股
2025-12-22,C_CNH,CASH,0.08,7385197,元
2025-12-22,C_EUR,CASH,0.0,4,元
2025-12-22,C_GBP,CASH,0.0,3,元
2025-12-22,C_HKD,CASH,0.0,0,元
2025-12-22,RDI_GBP,RECEIVABLES FOR DISPOSAL OF INVESTMENTS,0.0,272733,元
2025-12-22,RDI_HKD,RECEIVABLES FOR DISPOSAL OF INVESTMENTS,-0.12,-11492511,元
2025-12-22,RDI_NTD,RECEIVABLES FOR DISPOSAL OF INVESTMENTS,-0.65,-61152091,元
2025-12-22,PFUR_NTD,PAYABLES FOR UNITS REDEEMED,-1.07,-100897268,元
2025-12-23,RDI_JPY,RECEIVABLES FOR DISPOSAL OF INVESTMENTS,6.65,625133941,元
2025-12-23,LITE US,LUMENTUM HOLDINGS INC.lite us,5.85,45000,股
2025-12-23,GOOGL US,ALPHABETINC-CLA(Alphabet公司),5.48,52000,股
2025-12-23,MU US,MICRON TECHNOLOGY INC,5.37,58000,股
2025-12-23,AVGO US,BROADCOM LTD,4.69,40000,股
2025-12-23,NVDA US,NVIDIACORP(輝達公司),4.57,72000,股
2025-12-23,C_USD,CASH,4.48,13380777,元
2025-12-23,300308 CH,ZHONGJI INNOLIGHT CO LTD-A,3.11,105000,股
2025-12-23,ENR GY,SIEMENS ENERGY AG,3.05,64000,股
2025-12-23,3017,奇鋐,2.97,185000,股
2025-12-23,RHM GY,RHEINMETALL AG,2.71,4450,股
2025-12-23,2330,台積電,2.61,165000,股
2025-12-23,HOT GY,HOCHTIEF AG,2.61,20000,股
2025-12-23,GEV US,GE VERNOVA INC,2.44,11000,股
2025-12-23,CIEN US,CIENA CORP,2.42,30000,股
2025-12-23,2308,台達電,2.41,240000,股
2025-12-23,5706 JP,Mitsui Mining ＆ Smelting Co,2.33,60000,股
2025-12-23,3665,貿聯-KY,2.25,145000,股
2025-12-23,SNDK US,SANDISK CORP,2.14,26000,股
2025-12-23,6857 JP,ADVANTEST CORP,2.11,50000,股
2025-12-23,CCJ US,CAMECO CORP,2.07,66000,股
2025-12-23,TER US,TERADYNE INC,2.06,31000,股
2025-12-23,2383,台光電,1.98,115000,股
2025-12-23,WDC US,WESTERN DIGITAL CORP,1.97,33000,股
2025-12-23,PLTR US,PALANTIR TECHNOLOGIES INC-A,1.95,30000,股
2025-12-23,KTOS US,KRATOS DEFENSE \u0026 SECURITY,1.93,70000,股
2025-12-23,7769,鴻勁,1.75,50000,股
2025-12-23,COHR US,COHERENT INC,1.74,27000,股
2025-12-23,RR/ LN,ROLLS-ROYCE HOLDINGS PLC,1.68,320000,股
2025-12-23,CRWD US,CROWDSTRIKE HOLDINGS INC - A,1.61,10000,股
2025-12-23,HOOD US,ROBINHOOD MARKETS INC - A,1.53,38000,股
2025-12-23,2368,金像電,1.38,200000,股
2025-12-23,CLS US,CELESTICA INC,1.32,13000,股
2025-12-23,TSEM US,TOWER SEMICONDUCTOR LTD,1.3,32000,股
2025-12-23,BE US,BLOOM ENERGY CORP- A,1.1,36000,股
2025-12-23,3715,定穎投控,1.08,833938,股
2025-12-23,4062 JP,IBIDEN CO LTD,1.08,40000,股
2025-12-23,5801 JP,FURUKAWA ELECTRIC CO LTD,1.06,50000,股
2025-12-23,KLAC US,KLA CORP,1.06,2500,股
2025-12-23,LGN US,LEGENCE CORP-CL A,0.91,60500,股
2025-12-23,5802 JP,SUMITOMO ELECTRIC INDUSTRIES,0.85,60000,股
2025-12-23,VRT US,VERTIV HOLDINGS CO,0.84,15000,股
2025-12-23,SAF FP,SAFRAN SA,0.78,6600,股
2025-12-23,ENS US,ENERSYS,0.75,15000,股
2025-12-23,CRDO US,CREDO TECHNOLOGY GROUP HOLDI,0.74,15000,股
2025-12-23,6954 JP,Fanuc LTD,0.73,57500,股
2025-12-23,SOLS US,SOLSTICE ADV MATERIALS INC,0.49,30000,股
2025-12-23,6869 HK,YANGTZE OPTICAL FIBRE AND-H,0.47,200000,股
2025-12-23,C_NTD,CASH,0.43,40129718,元
2025-12-23,M_USD,MARGIN,0.34,1000366,元
2025-12-23,COIN US,COINBASE GLOBAL INC -CLASS A,0.24,3000,股
2025-12-23,MP US,MP MATERIALS CORP,0.18,10000,股
2025-12-23,LEU US,CENTRUS ENERGY CORP-CLASS A,0.13,1500,股
2025-12-23,C_CNH,CASH,0.08,7385197,元
2025-12-23,C_EUR,CASH,0.0,9,元
2025-12-23,C_GBP,CASH,0.0,3,元
2025-12-23,C_HKD,CASH,0.0,0,元
2025-12-23,RDI_HKD,RECEIVABLES FOR DISPOSAL OF INVESTMENTS,-0.12,-11492511,元
2025-12-23,RDI_USD,RECEIVABLES FOR DISPOSAL OF INVESTMENTS,-0.55,-1642218,元
2025-12-23,PFUR_NTD,PAYABLES FOR UNITS REDEEMED,-1.72,-161930900,元
2025-12-24,LITE US,LUMENTUM HOLDINGS INC.lite us,5.98,45000,股
2025-12-24,MU US,MICRON TECHNOLOGY INC,5.58,58000,股
2025-12-24,GOOGL US,ALPHABETINC-CLA(Alphabet公司),5.48,52000,股
2025-12-24,AVGO US,BROADCOM LTD,4.7,40000,股
2025-12-24,NVDA US,NVIDIACORP(輝達公司),4.56,72000,股
2025-12-24,RDI_JPY,RECEIVABLES FOR DISPOSAL OF INVESTMENTS,3.31,310039007,元
2025-12-24,300308 CH,ZHONGJI INNOLIGHT CO LTD-A,3.19,105000,股
2025-12-24,ENR GY,SIEMENS ENERGY AG,3.06,64000,股
2025-12-24,3017,奇鋐,2.96,185000,股
2025-12-24,C_USD,CASH,2.87,8536246,元
2025-12-24,RHM GY,RHEINMETALL AG,2.72,4450,股
2025-12-24,2330,台積電,2.63,165000,股
2025-12-24,HOT GY,HOCHTIEF AG,2.62,20000,股
2025-12-24,CIEN US,CIENA CORP,2.58,32000,股
2025-12-24,GEV US,GE VERNOVA INC,2.46,11000,股
2025-12-24,2308,台達電,2.44,240000,股
2025-12-24,3665,貿聯-KY,2.4,145000,股
2025-12-24,5706 JP,Mitsui Mining ＆ Smelting Co,2.33,60000,股
2025-12-24,C_NTD,CASH,2.18,203998918,元
2025-12-24,SNDK US,SANDISK CORP,2.18,26000,股
2025-12-24,6857 JP,ADVANTEST CORP,2.17,50000,股
2025-12-24,2383,台光電,2.07,115000,股
2025-12-24,CCJ US,CAMECO CORP,2.07,66000,股
2025-12-24,TER US,TERADYNE INC,2.07,31000,股
2025-12-24,WDC US,WESTERN DIGITAL CORP,1.99,33000,股
2025-12-24,PLTR US,PALANTIR TECHNOLOGIES INC-A,1.95,30000,股
2025-12-24,KTOS US,KRATOS DEFENSE \u0026 SECURITY,1.88,70000,股
2025-12-24,7769,鴻勁,1.74,50000,股
2025-12-24,COHR US,COHERENT INC,1.73,27000,股
2025-12-24,RR/ LN,ROLLS-ROYCE HOLDINGS PLC,1.67,320000,股
2025-12-24,HOOD US,ROBINHOOD MARKETS INC - A,1.54,38000,股
2025-12-24,2368,金像電,1.42,200000,股
2025-12-24,CLS US,CELESTICA INC,1.35,13000,股
2025-12-24,TSEM US,TOWER SEMICONDUCTOR LTD,1.32,32000,股
2025-12-24,4062 JP,IBIDEN CO LTD,1.14,40000,股
2025-12-24,BE US,BLOOM ENERGY CORP- A,1.11,36000,股
2025-12-24,5801 JP,FURUKAWA ELECTRIC CO LTD,1.09,50000,股
2025-12-24,KLAC US,KLA CORP,1.07,2500,股
2025-12-24,3715,定穎投控,1.06,833938,股
2025-12-24,LGN US,LEGENCE CORP-CL A,0.9,60500,股
2025-12-24,5802 JP,SUMITOMO ELECTRIC INDUSTRIES,0.84,60000,股
2025-12-24,VRT US,VERTIV HOLDINGS CO,0.84,15000,股
2025-12-24,CRWD US,CROWDSTRIKE HOLDINGS INC - A,0.8,5000,股
2025-12-24,SAF FP,SAFRAN SA,0.78,6600,股
2025-12-24,CRDO US,CREDO TECHNOLOGY GROUP HOLDI,0.76,15000,股
2025-12-24,RDI_USD,RECEIVABLES FOR DISPOSAL OF INVESTMENTS,0.76,2250198,元
2025-12-24,ENS US,ENERSYS,0.75,15000,股
2025-12-24,6954 JP,Fanuc LTD,0.73,57500,股
2025-12-24,SOLS US,SOLSTICE ADV MATERIALS INC,0.5,30000,股
2025-12-24,6869 HK,YANGTZE OPTICAL FIBRE AND-H,0.49,200000,股
2025-12-24,8210,勤誠,0.35,34000,股
2025-12-24,M_USD,MARGIN,0.34,1000366,元
2025-12-24,MP US,MP MATERIALS CORP,0.18,10000,股
2025-12-24,LEU US,CENTRUS ENERGY CORP-CLASS A,0.13,1500,股
2025-12-24,COIN US,COINBASE GLOBAL INC -CLASS A,0.12,1500,股
2025-12-24,C_CNH,CASH,0.08,7385197,元
2025-12-24,C_EUR,CASH,0.0,9,元
2025-12-24,C_GBP,CASH,0.0,3,元
2025-12-24,C_HKD,CASH,0.0,0,元
2025-12-24,RDI_HKD,RECEIVABLES FOR DISPOSAL OF INVESTMENTS,-0.12,-11492511,元
2025-12-24,RDI_NTD,RECEIVABLES FOR DISPOSAL OF INVESTMENTS,-0.36,-33453420,元
2025-12-24,PFUR_NTD,PAYABLES FOR UNITS REDEEMED,-2.71,-254152406,元
2025-12-26,LITE US,LUMENTUM HOLDINGS INC.lite us,5.94,45000,股
2025-12-26,MU US,MICRON TECHNOLOGY INC,5.58,58000,股
2025-12-26,GOOGL US,ALPHABETINC-CLA(Alphabet公司),5.5,52000,股
2025-12-26,AVGO US,BROADCOM LTD,4.76,40000,股
2025-12-26,NVDA US,NVIDIACORP(輝達公司),4.63,72000,股
2025-12-26,C_NTD,CASH,3.71,345537418,元
2025-12-26,300308 CH,ZHONGJI INNOLIGHT CO LTD-A,3.17,105000,股
2025-12-26,ENR GY,SIEMENS ENERGY AG,3.07,64000,股
2025-12-26,3017,奇鋐,3.02,185000,股
2025-12-26,C_USD,CASH,2.8,8271804,元
2025-12-26,RHM GY,RHEINMETALL AG,2.73,4450,股
2025-12-26,2330,台積電,2.68,165000,股
2025-12-26,HOT GY,HOCHTIEF AG,2.63,20000,股
2025-12-26,CIEN US,CIENA CORP,2.61,32000,股
2025-12-26,2308,台達電,2.46,240000,股
2025-12-26,GEV US,GE VERNOVA INC,2.46,11000,股
2025-12-26,3665,貿聯-KY,2.41,145000,股
2025-12-26,6857 JP,ADVANTEST CORP,2.19,50000,股
2025-12-26,SNDK US,SANDISK CORP,2.19,26000,股
2025-12-26,TER US,TERADYNE INC,2.08,31000,股
2025-12-26,CCJ US,CAMECO CORP,2.07,66000,股
2025-12-26,2383,台光電,2.03,115000,股
2025-12-26,5706 JP,Mitsui Mining ＆ Smelting Co,2.02,54000,股
2025-12-26,WDC US,WESTERN DIGITAL CORP,2.02,33000,股
2025-12-26,PLTR US,PALANTIR TECHNOLOGIES INC-A,1.91,30000,股
2025-12-26,KTOS US,KRATOS DEFENSE \u0026 SECURITY,1.84,70000,股
2025-12-26,7769,鴻勁,1.82,50000,股
2025-12-26,COHR US,COHERENT INC,1.75,27000,股
2025-12-26,RR/ LN,ROLLS-ROYCE HOLDINGS PLC,1.67,320000,股
2025-12-26,HOOD US,ROBINHOOD MARKETS INC - A,1.52,38000,股
2025-12-26,2368,金像電,1.5,200000,股
2025-12-26,CLS US,CELESTICA INC,1.33,13000,股
2025-12-26,TSEM US,TOWER SEMICONDUCTOR LTD,1.31,32000,股
2025-12-26,4062 JP,IBIDEN CO LTD,1.14,40000,股
2025-12-26,3715,定穎投控,1.11,833938,股
2025-12-26,BE US,BLOOM ENERGY CORP- A,1.1,36000,股
2025-12-26,KLAC US,KLA CORP,1.08,2500,股
2025-12-26,5801 JP,FURUKAWA ELECTRIC CO LTD,1.07,50000,股
2025-12-26,LGN US,LEGENCE CORP-CL A,0.91,60500,股
2025-12-26,VRT US,VERTIV HOLDINGS CO,0.85,15000,股
2025-12-26,5802 JP,SUMITOMO ELECTRIC INDUSTRIES,0.81,60000,股
2025-12-26,SAF FP,SAFRAN SA,0.79,6600,股
2025-12-26,ENS US,ENERSYS,0.76,15000,股
2025-12-26,6954 JP,Fanuc LTD,0.74,57500,股
2025-12-26,CRDO US,CREDO TECHNOLOGY GROUP HOLDI,0.73,15000,股
2025-12-26,SOLS US,SOLSTICE ADV MATERIALS INC,0.5,30000,股
2025-12-26,6525 JP,KOKUSAI ELECTRIC CORP,0.49,40000,股
2025-12-26,6869 HK,YANGTZE OPTICAL FIBRE AND-H,0.49,200000,股
2025-12-26,CRWD US,CROWDSTRIKE HOLDINGS INC - A,0.41,2500,股
2025-12-26,RDI_USD,RECEIVABLES FOR DISPOSAL OF INVESTMENTS,0.4,1197095,元
2025-12-26,8210,勤誠,0.36,34000,股
2025-12-26,M_USD,MARGIN,0.34,1000366,元
2025-12-26,MP US,MP MATERIALS CORP,0.18,10000,股
2025-12-26,LEU US,CENTRUS ENERGY CORP-CLASS A,0.13,1500,股
2025-12-26,COIN US,COINBASE GLOBAL INC -CLASS A,0.12,1500,股
2025-12-26,C_CNH,CASH,0.08,7385197,元
2025-12-26,C_EUR,CASH,0.0,9,元
2025-12-26,C_GBP,CASH,0.0,3,元
2025-12-26,C_HKD,CASH,0.0,0,元
2025-12-26,RDI_HKD,RECEIVABLES FOR DISPOSAL OF INVESTMENTS,-0.12,-11492511,元
2025-12-26,RDI_NTD,RECEIVABLES FOR DISPOSAL OF INVESTMENTS,-0.36,-33453420,元
2025-12-26,RDI_JPY,RECEIVABLES FOR DISPOSAL OF INVESTMENTS,-1.31,-121933535,元
2025-12-26,PFUR_NTD,PAYABLES FOR UNITS REDEEMED,-3.06,-284764574,元
2025-12-29,MU US,MICRON TECHNOLOGY INC,5.81,58000,股
2025-12-29,LITE US,LUMENTUM HOLDINGS INC.lite us,5.71,45000,股
2025-12-29,GOOGL US,ALPHABETINC-CLA(Alphabet公司),5.55,52000,股
2025-12-29,AVGO US,BROADCOM LTD,4.76,40000,股
2025-12-29,NVDA US,NVIDIACORP(輝達公司),4.62,72000,股
2025-12-29,C_NTD,CASH,3.22,297207070,元
2025-12-29,300308 CH,ZHONGJI INNOLIGHT CO LTD-A,3.16,105000,股
2025-12-29,3017,奇鋐,3.1,185000,股
2025-12-29,ENR GY,SIEMENS ENERGY AG,3.09,64000,股
2025-12-29,2330,台積電,2.74,165000,股
2025-12-29,C_USD,CASH,2.72,7990241,元
2025-12-29,RHM GY,RHEINMETALL AG,2.72,4450,股
2025-12-29,HOT GY,HOCHTIEF AG,2.67,20000,股
2025-12-29,CIEN US,CIENA CORP,2.6,32000,股
2025-12-29,2308,台達電,2.5,240000,股
2025-12-29,GEV US,GE VERNOVA INC,2.49,11000,股
2025-12-29,3665,貿聯-KY,2.37,145000,股
2025-12-29,6857 JP,ADVANTEST CORP,2.16,50000,股
2025-12-29,SNDK US,SANDISK CORP,2.16,26000,股
2025-12-29,5706 JP,Mitsui Mining ＆ Smelting Co,2.1,54000,股
2025-12-29,2383,台光電,2.09,115000,股
2025-12-29,CCJ US,CAMECO CORP,2.09,66000,股
2025-12-29,TER US,TERADYNE INC,2.08,31000,股
2025-12-29,WDC US,WESTERN DIGITAL CORP,2.02,33000,股
2025-12-29,PLTR US,PALANTIR TECHNOLOGIES INC-A,1.88,30000,股
2025-12-29,KTOS US,KRATOS DEFENSE \u0026 SECURITY,1.85,70000,股
2025-12-29,7769,鴻勁,1.83,50000,股
2025-12-29,COHR US,COHERENT INC,1.74,27000,股
2025-12-29,RR/ LN,ROLLS-ROYCE HOLDINGS PLC,1.67,320000,股
2025-12-29,HOOD US,ROBINHOOD MARKETS INC - A,1.52,38000,股
2025-12-29,2368,金像電,1.51,200000,股
2025-12-29,CLS US,CELESTICA INC,1.34,13000,股
2025-12-29,TSEM US,TOWER SEMICONDUCTOR LTD,1.32,32000,股
2025-12-29,4062 JP,IBIDEN CO LTD,1.16,80000,股
2025-12-29,5801 JP,FURUKAWA ELECTRIC CO LTD,1.09,50000,股
2025-12-29,3715,定穎投控,1.08,833938,股
2025-12-29,BE US,BLOOM ENERGY CORP- A,1.08,36000,股
2025-12-29,KLAC US,KLA CORP,1.07,2500,股
2025-12-29,LGN US,LEGENCE CORP-CL A,0.9,60500,股
2025-12-29,VRT US,VERTIV HOLDINGS CO,0.85,15000,股
2025-12-29,5802 JP,SUMITOMO ELECTRIC INDUSTRIES,0.83,60000,股
2025-12-29,SAF FP,SAFRAN SA,0.78,6600,股
2025-12-29,6954 JP,Fanuc LTD,0.76,57500,股
2025-12-29,ENS US,ENERSYS,0.76,15000,股
2025-12-29,CRDO US,CREDO TECHNOLOGY GROUP HOLDI,0.74,15000,股
2025-12-29,SOLS US,SOLSTICE ADV MATERIALS INC,0.5,30000,股
2025-12-29,6525 JP,KOKUSAI ELECTRIC CORP,0.49,40000,股
2025-12-29,6869 HK,YANGTZE OPTICAL FIBRE AND-H,0.46,200000,股
2025-12-29,CRWD US,CROWDSTRIKE HOLDINGS INC - A,0.41,2500,股
2025-12-29,8210,勤誠,0.36,34000,股
2025-12-29,M_USD,MARGIN,0.34,1000366,元
2025-12-29,MP US,MP MATERIALS CORP,0.18,10000,股
2025-12-29,LEU US,CENTRUS ENERGY CORP-CLASS A,0.13,1500,股
2025-12-29,COIN US,COINBASE GLOBAL INC -CLASS A,0.12,1500,股
2025-12-29,C_CNH,CASH,0.08,7385197,元
2025-12-29,C_EUR,CASH,0.0,9,元
2025-12-29,C_GBP,CASH,0.0,3,元
2025-12-29,C_HKD,CASH,0.0,0,元
2025-12-29,RDI_JPY,RECEIVABLES FOR DISPOSAL OF INVESTMENTS,-1.32,-121933535,元
2025-12-29,PFUR_NTD,PAYABLES FOR UNITS REDEEMED,-3.25,-300330392,元
2025-12-30,MU US,MICRON TECHNOLOGY INC,5.88,58000,股
2025-12-30,LITE US,LUMENTUM HOLDINGS INC.lite us,5.78,45000,股
2025-12-30,GOOGL US,ALPHABETINC-CLA(Alphabet公司),5.65,52000,股
2025-12-30,AVGO US,BROADCOM LTD,4.85,40000,股
2025-12-30,NVDA US,NVIDIACORP(輝達公司),4.68,72000,股
2025-12-30,300308 CH,ZHONGJI INNOLIGHT CO LTD-A,3.29,105000,股
2025-12-30,ENR GY,SIEMENS ENERGY AG,3.14,64000,股
2025-12-30,3017,奇鋐,3.12,185000,股
2025-12-30,RHM GY,RHEINMETALL AG,2.83,4450,股
2025-12-30,2330,台積電,2.77,165000,股
2025-12-30,HOT GY,HOCHTIEF AG,2.75,20000,股
2025-12-30,CIEN US,CIENA CORP,2.64,32000,股
2025-12-30,2308,台達電,2.55,240000,股
2025-12-30,GEV US,GE VERNOVA INC,2.51,11000,股
2025-12-30,C_USD,CASH,2.5,7209722,元
2025-12-30,3665,貿聯-KY,2.41,145000,股
2025-12-30,C_NTD,CASH,2.33,211186730,元
2025-12-30,6857 JP,ADVANTEST CORP,2.18,50000,股
2025-12-30,SNDK US,SANDISK CORP,2.16,26000,股
2025-12-30,5706 JP,Mitsui Mining ＆ Smelting Co,2.11,54000,股
2025-12-30,TER US,TERADYNE INC,2.11,31000,股
2025-12-30,2383,台光電,2.09,115000,股
2025-12-30,CCJ US,CAMECO CORP,2.09,66000,股
2025-12-30,WDC US,WESTERN DIGITAL CORP,2.01,33000,股
2025-12-30,RDI_USD,RECEIVABLES FOR DISPOSAL OF INVESTMENTS,1.92,5525105,元
2025-12-30,7769,鴻勁,1.89,50000,股
2025-12-30,PLTR US,PALANTIR TECHNOLOGIES INC-A,1.88,30000,股
2025-12-30,KTOS US,KRATOS DEFENSE \u0026 SECURITY,1.84,70000,股
2025-12-30,COHR US,COHERENT INC,1.75,27000,股
2025-12-30,RR/ LN,ROLLS-ROYCE HOLDINGS PLC,1.73,320000,股
2025-12-30,2368,金像電,1.53,200000,股
2025-12-30,HOOD US,ROBINHOOD MARKETS INC - A,1.52,38000,股
2025-12-30,TSEM US,TOWER SEMICONDUCTOR LTD,1.34,32000,股
2025-12-30,4062 JP,IBIDEN CO LTD,1.19,80000,股
2025-12-30,3715,定穎投控,1.11,833938,股
2025-12-30,5801 JP,FURUKAWA ELECTRIC CO LTD,1.11,50000,股
2025-12-30,BE US,BLOOM ENERGY CORP- A,1.09,36000,股
2025-12-30,KLAC US,KLA CORP,1.08,2500,股
2025-12-30,LGN US,LEGENCE CORP-CL A,0.91,60500,股
2025-12-30,5802 JP,SUMITOMO ELECTRIC INDUSTRIES,0.84,60000,股
2025-12-30,SAF FP,SAFRAN SA,0.8,6600,股
2025-12-30,6954 JP,Fanuc LTD,0.78,57500,股
2025-12-30,ENS US,ENERSYS,0.77,15000,股
2025-12-30,CLS US,CELESTICA INC,0.67,6500,股
2025-12-30,SOLS US,SOLSTICE ADV MATERIALS INC,0.51,30000,股
2025-12-30,6525 JP,KOKUSAI ELECTRIC CORP,0.49,40000,股
2025-12-30,6869 HK,YANGTZE OPTICAL FIBRE AND-H,0.46,200000,股
2025-12-30,CRWD US,CROWDSTRIKE HOLDINGS INC - A,0.41,2500,股
2025-12-30,8210,勤誠,0.38,34000,股
2025-12-30,CRDO US,CREDO TECHNOLOGY GROUP HOLDI,0.38,7500,股
2025-12-30,M_USD,MARGIN,0.35,1000366,元
2025-12-30,MP US,MP MATERIALS CORP,0.17,10000,股
2025-12-30,LEU US,CENTRUS ENERGY CORP-CLASS A,0.13,1500,股
2025-12-30,COIN US,COINBASE GLOBAL INC -CLASS A,0.12,1500,股
2025-12-30,C_CNH,CASH,0.08,7385197,元
2025-12-30,C_EUR,CASH,0.0,9,元
2025-12-30,C_GBP,CASH,0.0,3,元
2025-12-30,C_HKD,CASH,0.0,0,元
2025-12-30,PFUR_NTD,PAYABLES FOR UNITS REDEEMED,-3.98,-360876110,元
2025-12-31,LITE US,LUMENTUM HOLDINGS INC.lite us,5.81,45000,股
2025-12-31,MU US,MICRON TECHNOLOGY INC,5.8,58000,股
2025-12-31,GOOGL US,ALPHABETINC-CLA(Alphabet公司),5.7,52000,股
2025-12-31,AVGO US,BROADCOM LTD,4.85,40000,股
2025-12-31,NVDA US,NVIDIACORP(輝達公司),4.7,72000,股
2025-12-31,C_NTD,CASH,4.05,363123758,元
2025-12-31,300308 CH,ZHONGJI INNOLIGHT CO LTD-A,3.21,105000,股
2025-12-31,ENR GY,SIEMENS ENERGY AG,3.17,64000,股
2025-12-31,3017,奇鋐,3.11,185000,股
2025-12-31,2330,台積電,2.85,165000,股
2025-12-31,RHM GY,RHEINMETALL AG,2.85,4450,股
2025-12-31,HOT GY,HOCHTIEF AG,2.77,20000,股
2025-12-31,CIEN US,CIENA CORP,2.62,32000,股
2025-12-31,2308,台達電,2.58,240000,股
2025-12-31,GEV US,GE VERNOVA INC,2.52,11000,股
2025-12-31,3665,貿聯-KY,2.46,145000,股
2025-12-31,C_USD,CASH,2.26,6461063,元
2025-12-31,6857 JP,ADVANTEST CORP,2.19,50000,股
2025-12-31,SNDK US,SANDISK CORP,2.16,26000,股
2025-12-31,5706 JP,Mitsui Mining ＆ Smelting Co,2.13,54000,股
2025-12-31,2383,台光電,2.11,115000,股
2025-12-31,CCJ US,CAMECO CORP,2.11,66000,股
2025-12-31,TER US,TERADYNE INC,2.1,31000,股
2025-12-31,WDC US,WESTERN DIGITAL CORP,1.99,33000,股
2025-12-31,7769,鴻勁,1.91,50000,股
2025-12-31,PLTR US,PALANTIR TECHNOLOGIES INC-A,1.87,30000,股
2025-12-31,KTOS US,KRATOS DEFENSE \u0026 SECURITY,1.86,70000,股
2025-12-31,COHR US,COHERENT INC,1.74,27000,股
2025-12-31,RR/ LN,ROLLS-ROYCE HOLDINGS PLC,1.73,320000,股
2025-12-31,2368,金像電,1.53,200000,股
2025-12-31,HOOD US,ROBINHOOD MARKETS INC - A,1.5,38000,股
2025-12-31,TSEM US,TOWER SEMICONDUCTOR LTD,1.32,32000,股
2025-12-31,4062 JP,IBIDEN CO LTD,1.2,80000,股
2025-12-31,3715,定穎投控,1.18,833938,股
2025-12-31,5801 JP,FURUKAWA ELECTRIC CO LTD,1.12,50000,股
2025-12-31,BE US,BLOOM ENERGY CORP- A,1.1,36000,股
2025-12-31,KLAC US,KLA CORP,1.06,2500,股
2025-12-31,8210,勤誠,0.91,81000,股
2025-12-31,LGN US,LEGENCE CORP-CL A,0.91,60500,股
2025-12-31,5802 JP,SUMITOMO ELECTRIC INDUSTRIES,0.85,60000,股
2025-12-31,SAF FP,SAFRAN SA,0.81,6600,股
2025-12-31,6954 JP,Fanuc LTD,0.78,57500,股
2025-12-31,ENS US,ENERSYS,0.77,15000,股
2025-12-31,CLS US,CELESTICA INC,0.67,6500,股
2025-12-31,SOLS US,SOLSTICE ADV MATERIALS INC,0.51,30000,股
2025-12-31,6525 JP,KOKUSAI ELECTRIC CORP,0.49,40000,股
2025-12-31,6869 HK,YANGTZE OPTICAL FIBRE AND-H,0.47,200000,股
2025-12-31,CRWD US,CROWDSTRIKE HOLDINGS INC - A,0.41,2500,股
2025-12-31,CRDO US,CREDO TECHNOLOGY GROUP HOLDI,0.38,7500,股
2025-12-31,M_USD,MARGIN,0.35,1000366,元
2025-12-31,MP US,MP MATERIALS CORP,0.18,10000,股
2025-12-31,LEU US,CENTRUS ENERGY CORP-CLASS A,0.13,1500,股
2025-12-31,COIN US,COINBASE GLOBAL INC -CLASS A,0.12,1500,股
2025-12-31,C_CNH,CASH,0.08,7385539,元
2025-12-31,C_EUR,CASH,0.0,9,元
2025-12-31,C_GBP,CASH,0.0,3,元
2025-12-31,C_HKD,CASH,0.0,0,元
2025-12-31,RDI_NTD,RECEIVABLES FOR DISPOSAL OF INVESTMENTS,-0.53,-47125078,元
2025-12-31,PFUR_NTD,PAYABLES FOR UNITS REDEEMED,-3.68,-329979608,元
2026-01-02,MU US,MICRON TECHNOLOGY INC,6.27,58000,股
2026-01-02,LITE US,LUMENTUM HOLDINGS INC.lite us,5.95,45000,股
2026-01-02,GOOGL US,ALPHABETINC-CLA(Alphabet公司),5.62,52000,股
2026-01-02,AVGO US,BROADCOM LTD,4.77,40000,股
2026-01-02,NVDA US,NVIDIACORP(輝達公司),4.66,72000,股
2026-01-02,C_NTD,CASH,3.44,314929452,元
2026-01-02,ENR GY,SIEMENS ENERGY AG,3.16,64000,股
2026-01-02,300308 CH,ZHONGJI INNOLIGHT CO LTD-A,3.15,105000,股
2026-01-02,3017,奇鋐,2.94,185000,股
2026-01-02,RHM GY,RHEINMETALL AG,2.87,4450,股
2026-01-02,2330,台積電,2.86,165000,股
2026-01-02,HOT GY,HOCHTIEF AG,2.72,20000,股
2026-01-02,CIEN US,CIENA CORP,2.7,32000,股
2026-01-02,2308,台達電,2.61,240000,股
2026-01-02,GEV US,GE VERNOVA INC,2.56,11000,股
2026-01-02,SNDK US,SANDISK CORP,2.45,26000,股
2026-01-02,3665,貿聯-KY,2.42,145000,股
2026-01-02,CCJ US,CAMECO CORP,2.23,66000,股
2026-01-02,TER US,TERADYNE INC,2.21,31000,股
2026-01-02,6857 JP,ADVANTEST CORP,2.14,50000,股
2026-01-02,WDC US,WESTERN DIGITAL CORP,2.12,33000,股
2026-01-02,5706 JP,Mitsui Mining ＆ Smelting Co,2.08,54000,股
2026-01-02,2383,台光電,2.0,115000,股
2026-01-02,KTOS US,KRATOS DEFENSE \u0026 SECURITY,1.9,70000,股
2026-01-02,7769,鴻勁,1.87,50000,股
2026-01-02,COHR US,COHERENT INC,1.8,27000,股
2026-01-02,RR/ LN,ROLLS-ROYCE HOLDINGS PLC,1.77,320000,股
2026-01-02,C_USD,CASH,1.74,5061063,元
2026-01-02,PLTR US,PALANTIR TECHNOLOGIES INC-A,1.73,30000,股
2026-01-02,HOOD US,ROBINHOOD MARKETS INC - A,1.5,38000,股
2026-01-02,2368,金像電,1.4,200000,股
2026-01-02,TSEM US,TOWER SEMICONDUCTOR LTD,1.34,32000,股
2026-01-02,BE US,BLOOM ENERGY CORP- A,1.22,36000,股
2026-01-02,4062 JP,IBIDEN CO LTD,1.18,80000,股
2026-01-02,3715,定穎投控,1.16,833938,股
2026-01-02,5801 JP,FURUKAWA ELECTRIC CO LTD,1.09,50000,股
2026-01-02,KLAC US,KLA CORP,1.09,2500,股
2026-01-02,LGN US,LEGENCE CORP-CL A,0.93,60500,股
2026-01-02,8210,勤誠,0.84,81000,股
2026-01-02,5802 JP,SUMITOMO ELECTRIC INDUSTRIES,0.83,60000,股
2026-01-02,SAF FP,SAFRAN SA,0.82,6600,股
2026-01-02,ENS US,ENERSYS,0.77,15000,股
2026-01-02,6954 JP,Fanuc LTD,0.76,57500,股
2026-01-02,CLS US,CELESTICA INC,0.67,6500,股
2026-01-02,RDI_USD,RECEIVABLES FOR DISPOSAL OF INVESTMENTS,0.51,1490095,元
2026-01-02,SOLS US,SOLSTICE ADV MATERIALS INC,0.51,30000,股
2026-01-02,6525 JP,KOKUSAI ELECTRIC CORP,0.48,40000,股
2026-01-02,6869 HK,YANGTZE OPTICAL FIBRE AND-H,0.46,200000,股
2026-01-02,CRDO US,CREDO TECHNOLOGY GROUP HOLDI,0.37,7500,股
2026-01-02,M_USD,MARGIN,0.34,1000366,元
2026-01-02,MP US,MP MATERIALS CORP,0.19,10000,股
2026-01-02,LEU US,CENTRUS ENERGY CORP-CLASS A,0.14,1500,股
2026-01-02,C_CNH,CASH,0.08,7385539,元
2026-01-02,C_EUR,CASH,0.0,9,元
2026-01-02,C_GBP,CASH,0.0,3,元
2026-01-02,C_HKD,CASH,0.0,0,元
2026-01-02,RDI_NTD,RECEIVABLES FOR DISPOSAL OF INVESTMENTS,-0.51,-47125078,元
2026-01-02,PFUR_NTD,PAYABLES FOR UNITS REDEEMED,-3.05,-278939646,元
2026-01-05,MU US,MICRON TECHNOLOGY INC,6.45,58000,股
2026-01-05,GOOGL US,ALPHABETINC-CLA(Alphabet公司),5.86,52000,股
2026-01-05,LITE US,LUMENTUM HOLDINGS INC.lite us,5.72,45000,股
2026-01-05,AVGO US,BROADCOM LTD,4.89,40000,股
2026-01-05,NVDA US,NVIDIACORP(輝達公司),4.82,72000,股
2026-01-05,RDI_JPY,RECEIVABLES FOR DISPOSAL OF INVESTMENTS,4.57,403851069,元
2026-01-05,ENR GY,SIEMENS ENERGY AG,3.4,64000,股
2026-01-05,300308 CH,ZHONGJI INNOLIGHT CO LTD-A,3.34,105000,股
2026-01-05,RHM GY,RHEINMETALL AG,3.25,4450,股
2026-01-05,2330,台積電,3.12,165000,股
2026-01-05,C_NTD,CASH,3.08,272470286,元
2026-01-05,3017,奇鋐,3.03,185000,股
2026-01-05,HOT GY,HOCHTIEF AG,2.92,20000,股
2026-01-05,2308,台達電,2.74,240000,股
2026-01-05,GEV US,GE VERNOVA INC,2.67,11000,股
2026-01-05,CIEN US,CIENA CORP,2.63,32000,股
2026-01-05,3665,貿聯-KY,2.58,145000,股
2026-01-05,RDI_USD,RECEIVABLES FOR DISPOSAL OF INVESTMENTS,2.54,7134527,元
2026-01-05,SNDK US,SANDISK CORP,2.54,26000,股
2026-01-05,TER US,TERADYNE INC,2.42,31000,股
2026-01-05,6857 JP,ADVANTEST CORP,2.4,50000,股
2026-01-05,CCJ US,CAMECO CORP,2.35,66000,股
2026-01-05,5706 JP,Mitsui Mining ＆ Smelting Co,2.28,54000,股
2026-01-05,KTOS US,KRATOS DEFENSE \u0026 SECURITY,2.24,70000,股
2026-01-05,WDC US,WESTERN DIGITAL CORP,2.21,33000,股
2026-01-05,2383,台光電,2.11,115000,股
2026-01-05,7769,鴻勁,1.89,50000,股
2026-01-05,RR/ LN,ROLLS-ROYCE HOLDINGS PLC,1.89,320000,股
2026-01-05,PLTR US,PALANTIR TECHNOLOGIES INC-A,1.86,30000,股
2026-01-05,C_USD,CASH,1.8,5051159,元
2026-01-05,COHR US,COHERENT INC,1.79,27000,股
2026-01-05,HOOD US,ROBINHOOD MARKETS INC - A,1.67,38000,股
2026-01-05,2368,金像電,1.43,200000,股
2026-01-05,TSEM US,TOWER SEMICONDUCTOR LTD,1.36,32000,股
2026-01-05,BE US,BLOOM ENERGY CORP- A,1.33,36000,股
2026-01-05,4062 JP,IBIDEN CO LTD,1.3,80000,股
2026-01-05,KLAC US,KLA CORP,1.2,2500,股
2026-01-05,RDI_NTD,RECEIVABLES FOR DISPOSAL OF INVESTMENTS,1.12,99349619,元
2026-01-05,5802 JP,SUMITOMO ELECTRIC INDUSTRIES,0.91,60000,股
2026-01-05,8210,勤誠,0.88,81000,股
2026-01-05,SAF FP,SAFRAN SA,0.86,6600,股
2026-01-05,ENS US,ENERSYS,0.83,15000,股
2026-01-05,6954 JP,Fanuc LTD,0.82,57500,股
2026-01-05,6525 JP,KOKUSAI ELECTRIC CORP,0.81,60000,股
2026-01-05,M_USD,MARGIN,0.36,1000366,元
2026-01-05,MP US,MP MATERIALS CORP,0.21,10000,股
2026-01-05,LEU US,CENTRUS ENERGY CORP-CLASS A,0.16,1500,股
2026-01-05,RDI_HKD,RECEIVABLES FOR DISPOSAL OF INVESTMENTS,0.11,10018744,元
2026-01-05,C_CNH,CASH,0.08,7385539,元
2026-01-05,C_EUR,CASH,0.0,9,元
2026-01-05,C_GBP,CASH,0.0,3,元
2026-01-05,C_HKD,CASH,0.0,0,元
2026-01-05,PFUR_NTD,PAYABLES FOR UNITS REDEEMED,-7.83,-692334753,元
2026-01-06,RDI_JPY,RECEIVABLES FOR DISPOSAL OF INVESTMENTS,8.91,790709628,元
2026-01-06,MU US,MICRON TECHNOLOGY INC,7.08,58000,股
2026-01-06,LITE US,LUMENTUM HOLDINGS INC.lite us,6.36,45000,股
2026-01-06,GOOGL US,ALPHABETINC-CLA(Alphabet公司),5.81,52000,股
2026-01-06,AVGO US,BROADCOM LTD,4.89,40000,股
2026-01-06,NVDA US,NVIDIACORP(輝達公司),4.79,72000,股
2026-01-06,C_NTD,CASH,4.5,399517540,元
2026-01-06,ENR GY,SIEMENS ENERGY AG,3.4,64000,股
2026-01-06,300308 CH,ZHONGJI INNOLIGHT CO LTD-A,3.24,105000,股
2026-01-06,RHM GY,RHEINMETALL AG,3.23,4450,股
2026-01-06,SNDK US,SANDISK CORP,3.23,26000,股
2026-01-06,2330,台積電,3.17,165000,股
2026-01-06,HOT GY,HOCHTIEF AG,2.97,20000,股
2026-01-06,C_USD,CASH,2.91,8185686,元
2026-01-06,CIEN US,CIENA CORP,2.89,32000,股
2026-01-06,2308,台達電,2.84,240000,股
2026-01-06,GEV US,GE VERNOVA INC,2.68,11000,股
2026-01-06,3665,貿聯-KY,2.57,145000,股
2026-01-06,WDC US,WESTERN DIGITAL CORP,2.57,33000,股
2026-01-06,TER US,TERADYNE INC,2.52,31000,股
2026-01-06,3017,奇鋐,2.49,155000,股
2026-01-06,6857 JP,ADVANTEST CORP,2.45,50000,股
2026-01-06,CCJ US,CAMECO CORP,2.39,66000,股
2026-01-06,5706 JP,Mitsui Mining ＆ Smelting Co,2.35,54000,股
2026-01-06,KTOS US,KRATOS DEFENSE \u0026 SECURITY,2.29,70000,股
2026-01-06,2383,台光電,2.2,115000,股
2026-01-06,PLTR US,PALANTIR TECHNOLOGIES INC-A,1.92,30000,股
2026-01-06,RR/ LN,ROLLS-ROYCE HOLDINGS PLC,1.92,320000,股
2026-01-06,COHR US,COHERENT INC,1.86,27000,股
2026-01-06,7769,鴻勁,1.84,50000,股
2026-01-06,HOOD US,ROBINHOOD MARKETS INC - A,1.64,38000,股
2026-01-06,RDI_NTD,RECEIVABLES FOR DISPOSAL OF INVESTMENTS,1.6,141789179,元
2026-01-06,RDI_USD,RECEIVABLES FOR DISPOSAL OF INVESTMENTS,1.59,4484598,元
2026-01-06,2368,金像電,1.49,200000,股
2026-01-06,BE US,BLOOM ENERGY CORP- A,1.32,36000,股
2026-01-06,4062 JP,IBIDEN CO LTD,1.28,80000,股
2026-01-06,KLAC US,KLA CORP,1.24,2500,股
2026-01-06,8210,勤誠,0.9,81000,股
2026-01-06,SAF FP,SAFRAN SA,0.86,6600,股
2026-01-06,6954 JP,Fanuc LTD,0.84,57500,股
2026-01-06,ENS US,ENERSYS,0.84,15000,股
2026-01-06,6525 JP,KOKUSAI ELECTRIC CORP,0.79,60000,股
2026-01-06,M_USD,MARGIN,0.36,1000366,元
2026-01-06,LEU US,CENTRUS ENERGY CORP-CLASS A,0.17,1500,股
2026-01-06,RDI_HKD,RECEIVABLES FOR DISPOSAL OF INVESTMENTS,0.11,10018744,元
2026-01-06,C_CNH,CASH,0.0,403207,元
2026-01-06,C_EUR,CASH,0.0,9,元
2026-01-06,C_GBP,CASH,0.0,3,元
2026-01-06,C_HKD,CASH,0.0,0,元
2026-01-06,PFUR_NTD,PAYABLES FOR UNITS REDEEMED,-10.57,-937405227,元
2026-01-07,C_NTD,CASH,7.87,667752101,元
2026-01-07,MU US,MICRON TECHNOLOGY INC,7.31,58000,股
2026-01-07,LITE US,LUMENTUM HOLDINGS INC.lite us,6.56,45000,股
2026-01-07,GOOGL US,ALPHABETINC-CLA(Alphabet公司),6.22,52000,股
2026-01-07,AVGO US,BROADCOM LTD,5.1,40000,股
2026-01-07,NVDA US,NVIDIACORP(輝達公司),5.05,72000,股
2026-01-07,RDI_JPY,RECEIVABLES FOR DISPOSAL OF INVESTMENTS,4.56,386858559,元
2026-01-07,ENR GY,SIEMENS ENERGY AG,3.6,64000,股
2026-01-07,RHM GY,RHEINMETALL AG,3.53,4450,股
2026-01-07,300308 CH,ZHONGJI INNOLIGHT CO LTD-A,3.46,105000,股
2026-01-07,2330,台積電,3.26,165000,股
2026-01-07,HOT GY,HOCHTIEF AG,3.21,20000,股
2026-01-07,CIEN US,CIENA CORP,3.08,32000,股
2026-01-07,SNDK US,SANDISK CORP,3.02,23000,股
2026-01-07,2308,台達電,2.92,240000,股
2026-01-07,GEV US,GE VERNOVA INC,2.7,11000,股
2026-01-07,TER US,TERADYNE INC,2.56,31000,股
2026-01-07,CCJ US,CAMECO CORP,2.55,66000,股
2026-01-07,5706 JP,Mitsui Mining ＆ Smelting Co,2.47,54000,股
2026-01-07,3665,貿聯-KY,2.45,145000,股
2026-01-07,6857 JP,ADVANTEST CORP,2.45,50000,股
2026-01-07,C_USD,CASH,2.43,6527779,元
2026-01-07,KTOS US,KRATOS DEFENSE \u0026 SECURITY,2.38,70000,股
2026-01-07,RDI_NTD,RECEIVABLES FOR DISPOSAL OF INVESTMENTS,2.29,194063628,元
2026-01-07,3017,奇鋐,2.03,125000,股
2026-01-07,PLTR US,PALANTIR TECHNOLOGIES INC-A,2.02,30000,股
2026-01-07,RR/ LN,ROLLS-ROYCE HOLDINGS PLC,2.02,320000,股
2026-01-07,7769,鴻勁,1.96,50000,股
2026-01-07,COHR US,COHERENT INC,1.92,27000,股
2026-01-07,HOOD US,ROBINHOOD MARKETS INC - A,1.65,38000,股
2026-01-07,RDI_USD,RECEIVABLES FOR DISPOSAL OF INVESTMENTS,1.61,4342729,元
2026-01-07,2383,台光電,1.58,85000,股
2026-01-07,BE US,BLOOM ENERGY CORP- A,1.44,36000,股
2026-01-07,4062 JP,IBIDEN CO LTD,1.37,80000,股
2026-01-07,KLAC US,KLA CORP,1.26,2500,股
2026-01-07,WDC US,WESTERN DIGITAL CORP,1.22,16500,股
2026-01-07,8210,勤誠,0.93,81000,股
2026-01-07,SAF FP,SAFRAN SA,0.92,6600,股
2026-01-07,6525 JP,KOKUSAI ELECTRIC CORP,0.88,60000,股
2026-01-07,6954 JP,Fanuc LTD,0.88,57500,股
2026-01-07,ENS US,ENERSYS,0.86,15000,股
2026-01-07,2368,金像電,0.76,100000,股
2026-01-07,M_USD,MARGIN,0.37,1000366,元
2026-01-07,LEU US,CENTRUS ENERGY CORP-CLASS A,0.18,1500,股
2026-01-07,C_CNH,CASH,0.0,403207,元
2026-01-07,C_EUR,CASH,0.0,9,元
2026-01-07,C_GBP,CASH,0.0,3,元
2026-01-07,C_HKD,CASH,0.0,0,元
2026-01-07,PFUR_NTD,PAYABLES FOR UNITS REDEEMED,-13.25,-1123570105,元
2026-01-08,C_NTD,CASH,8.29,680879527,元
2026-01-08,MU US,MICRON TECHNOLOGY INC,7.29,58000,股
2026-01-08,GOOGL US,ALPHABETINC-CLA(Alphabet公司),6.51,52000,股
2026-01-08,LITE US,LUMENTUM HOLDINGS INC.lite us,6.03,45000,股
2026-01-08,C_USD,CASH,5.13,13342249,元
2026-01-08,NVDA US,NVIDIACORP(輝達公司),5.12,72000,股
2026-01-08,AVGO US,BROADCOM LTD,5.11,40000,股
2026-01-08,RHM GY,RHEINMETALL AG,3.7,4450,股
2026-01-08,ENR GY,SIEMENS ENERGY AG,3.55,64000,股
2026-01-08,300308 CH,ZHONGJI INNOLIGHT CO LTD-A,3.44,105000,股
2026-01-08,2330,台積電,3.39,165000,股
2026-01-08,HOT GY,HOCHTIEF AG,3.22,20000,股
2026-01-08,RDI_NTD,RECEIVABLES FOR DISPOSAL OF INVESTMENTS,3.13,256731948,元
2026-01-08,SNDK US,SANDISK CORP,2.96,23000,股
2026-01-08,2308,台達電,2.95,240000,股
2026-01-08,KTOS US,KRATOS DEFENSE \u0026 SECURITY,2.8,70000,股
2026-01-08,CIEN US,CIENA CORP,2.77,32000,股
2026-01-08,CCJ US,CAMECO CORP,2.68,66000,股
2026-01-08,5706 JP,Mitsui Mining ＆ Smelting Co,2.67,54000,股
2026-01-08,GEV US,GE VERNOVA INC,2.66,11000,股
2026-01-08,TER US,TERADYNE INC,2.58,31000,股
2026-01-08,RDI_JPY,RECEIVABLES FOR DISPOSAL OF INVESTMENTS,2.45,201396793,元
2026-01-08,RR/ LN,ROLLS-ROYCE HOLDINGS PLC,2.11,320000,股
2026-01-08,3017,奇鋐,2.06,125000,股
2026-01-08,PLTR US,PALANTIR TECHNOLOGIES INC-A,2.04,30000,股
2026-01-08,3665,貿聯-KY,1.97,115000,股
2026-01-08,6857 JP,ADVANTEST CORP,1.97,40000,股
2026-01-08,7769,鴻勁,1.91,50000,股
2026-01-08,COHR US,COHERENT INC,1.8,27000,股
2026-01-08,BE US,BLOOM ENERGY CORP- A,1.69,36000,股
2026-01-08,HOOD US,ROBINHOOD MARKETS INC - A,1.69,38000,股
2026-01-08,4062 JP,IBIDEN CO LTD,1.35,80000,股
2026-01-08,KLAC US,KLA CORP,1.27,2500,股
2026-01-08,WDC US,WESTERN DIGITAL CORP,1.19,16500,股
2026-01-08,SAF FP,SAFRAN SA,0.95,6600,股
2026-01-08,8210,勤誠,0.91,81000,股
2026-01-08,ENS US,ENERSYS,0.91,15000,股
2026-01-08,6954 JP,Fanuc LTD,0.89,57500,股
2026-01-08,6525 JP,KOKUSAI ELECTRIC CORP,0.88,60000,股
2026-01-08,2383,台光電,0.85,45000,股
2026-01-08,2368,金像電,0.77,100000,股
2026-01-08,M_USD,MARGIN,0.38,1000366,元
2026-01-08,LEU US,CENTRUS ENERGY CORP-CLASS A,0.17,1500,股
2026-01-08,C_CNH,CASH,0.0,403207,元
2026-01-08,C_EUR,CASH,0.0,9,元
2026-01-08,C_GBP,CASH,0.0,3,元
2026-01-08,C_HKD,CASH,0.0,0,元
2026-01-08,PFUR_NTD,PAYABLES FOR UNITS REDEEMED,-14.21,-1166837509,元
2026-01-09,C_NTD,CASH,13.01,1091161051,元
2026-01-09,MU US,MICRON TECHNOLOGY INC,7.55,58000,股
2026-01-09,GOOGL US,ALPHABETINC-CLA(Alphabet公司),6.44,52000,股
2026-01-09,LITE US,LUMENTUM HOLDINGS INC.lite us,5.96,45000,股
2026-01-09,AVGO US,BROADCOM LTD,5.2,40000,股
2026-01-09,NVDA US,NVIDIACORP(輝達公司),5.02,72000,股
2026-01-09,RHM GY,RHEINMETALL AG,3.71,4450,股
2026-01-09,ENR GY,SIEMENS ENERGY AG,3.54,64000,股
2026-01-09,2330,台積電,3.31,165000,股
2026-01-09,300308 CH,ZHONGJI INNOLIGHT CO LTD-A,3.31,105000,股
2026-01-09,SNDK US,SANDISK CORP,3.27,23000,股
2026-01-09,HOT GY,HOCHTIEF AG,3.11,20000,股
2026-01-09,KTOS US,KRATOS DEFENSE \u0026 SECURITY,3.0,70000,股
2026-01-09,2308,台達電,2.9,240000,股
2026-01-09,CIEN US,CIENA CORP,2.78,32000,股
2026-01-09,CCJ US,CAMECO CORP,2.68,66000,股
2026-01-09,GEV US,GE VERNOVA INC,2.58,11000,股
2026-01-09,5706 JP,Mitsui Mining ＆ Smelting Co,2.57,54000,股
2026-01-09,TER US,TERADYNE INC,2.54,31000,股
2026-01-09,RR/ LN,ROLLS-ROYCE HOLDINGS PLC,2.1,320000,股
2026-01-09,3017,奇鋐,2.05,125000,股
2026-01-09,PLTR US,PALANTIR TECHNOLOGIES INC-A,2.01,30000,股
2026-01-09,7769,鴻勁,1.96,50000,股
2026-01-09,3665,貿聯-KY,1.95,115000,股
2026-01-09,BE US,BLOOM ENERGY CORP- A,1.82,36000,股
2026-01-09,COHR US,COHERENT INC,1.81,27000,股
2026-01-09,HOOD US,ROBINHOOD MARKETS INC - A,1.65,38000,股
2026-01-09,6857 JP,ADVANTEST CORP,1.46,30000,股
2026-01-09,C_USD,CASH,1.45,3842249,元
2026-01-09,KLAC US,KLA CORP,1.32,2500,股
2026-01-09,4062 JP,IBIDEN CO LTD,1.29,80000,股
2026-01-09,RDI_NTD,RECEIVABLES FOR DISPOSAL OF INVESTMENTS,1.25,105107880,元
2026-01-09,WDC US,WESTERN DIGITAL CORP,1.25,16500,股
2026-01-09,RDI_JPY,RECEIVABLES FOR DISPOSAL OF INVESTMENTS,0.98,81916659,元
2026-01-09,SAF FP,SAFRAN SA,0.92,6600,股
2026-01-09,ENS US,ENERSYS,0.9,15000,股
2026-01-09,6954 JP,Fanuc LTD,0.89,57500,股
2026-01-09,8210,勤誠,0.88,81000,股
2026-01-09,6525 JP,KOKUSAI ELECTRIC CORP,0.86,60000,股
2026-01-09,2383,台光電,0.84,45000,股
2026-01-09,2368,金像電,0.76,100000,股
2026-01-09,6590 JP,SHIBAURA MECHATRONICS CORP,0.76,15000,股
2026-01-09,BA/ LN,BAE SYSTEMS PLC,0.52,50000,股
2026-01-09,M_USD,MARGIN,0.38,1000366,元
2026-01-09,LEU US,CENTRUS ENERGY CORP-CLASS A,0.17,1500,股
2026-01-09,C_CNH,CASH,0.0,403207,元
2026-01-09,C_EUR,CASH,0.0,9,元
2026-01-09,C_GBP,CASH,0.0,3,元
2026-01-09,C_HKD,CASH,0.0,0,元
2026-01-09,RDI_GBP,RECEIVABLES FOR DISPOSAL OF INVESTMENTS,-0.01,-1036136,元
2026-01-09,PFUR_NTD,PAYABLES FOR UNITS REDEEMED,-13.42,-1125655965,元
2026-01-12,C_NTD,CASH,8.97,752261656,元
2026-01-12,MU US,MICRON TECHNOLOGY INC,7.57,58000,股
2026-01-12,GOOGL US,ALPHABETINC-CLA(Alphabet公司),6.51,52000,股
2026-01-12,AVGO US,BROADCOM LTD,5.32,40000,股
2026-01-12,NVDA US,NVIDIACORP(輝達公司),5.02,72000,股
2026-01-12,LITE US,LUMENTUM HOLDINGS INC.lite us,4.81,37500,股
2026-01-12,RHM GY,RHEINMETALL AG,3.7,4450,股
2026-01-12,ENR GY,SIEMENS ENERGY AG,3.61,64000,股
2026-01-12,SNDK US,SANDISK CORP,3.38,23000,股
2026-01-12,300308 CH,ZHONGJI INNOLIGHT CO LTD-A,3.36,105000,股
2026-01-12,2330,台積電,3.33,165000,股
2026-01-12,HOT GY,HOCHTIEF AG,3.21,20000,股
2026-01-12,KTOS US,KRATOS DEFENSE \u0026 SECURITY,3.11,70000,股
2026-01-12,2308,台達電,3.02,240000,股
2026-01-12,CIEN US,CIENA CORP,2.83,32000,股
2026-01-12,CCJ US,CAMECO CORP,2.73,66000,股
2026-01-12,GEV US,GE VERNOVA INC,2.66,11000,股
2026-01-12,TER US,TERADYNE INC,2.62,31000,股
2026-01-12,5706 JP,Mitsui Mining ＆ Smelting Co,2.57,54000,股
2026-01-12,RR/ LN,ROLLS-ROYCE HOLDINGS PLC,2.09,320000,股
2026-01-12,7769,鴻勁,2.05,50000,股
2026-01-12,PLTR US,PALANTIR TECHNOLOGIES INC-A,2.03,30000,股
2026-01-12,3017,奇鋐,2.02,125000,股
2026-01-12,3665,貿聯-KY,1.91,115000,股
2026-01-12,COHR US,COHERENT INC,1.89,27000,股
2026-01-12,BE US,BLOOM ENERGY CORP- A,1.86,36000,股
2026-01-12,HOOD US,ROBINHOOD MARKETS INC - A,1.69,38000,股
2026-01-12,6857 JP,ADVANTEST CORP,1.45,30000,股
2026-01-12,C_USD,CASH,1.45,3842249,元
2026-01-12,KLAC US,KLA CORP,1.35,2500,股
2026-01-12,WDC US,WESTERN DIGITAL CORP,1.32,16500,股
2026-01-12,4062 JP,IBIDEN CO LTD,1.28,80000,股
2026-01-12,RDI_JPY,RECEIVABLES FOR DISPOSAL OF INVESTMENTS,0.98,81916659,元
2026-01-12,RDI_USD,RECEIVABLES FOR DISPOSAL OF INVESTMENTS,0.95,2509631,元
2026-01-12,SAF FP,SAFRAN SA,0.93,6600,股
2026-01-12,ENS US,ENERSYS,0.91,15000,股
2026-01-12,6954 JP,Fanuc LTD,0.89,57500,股
2026-01-12,8210,勤誠,0.88,81000,股
2026-01-12,2383,台光電,0.86,45000,股
2026-01-12,6525 JP,KOKUSAI ELECTRIC CORP,0.86,60000,股
2026-01-12,2368,金像電,0.79,100000,股
2026-01-12,6590 JP,SHIBAURA MECHATRONICS CORP,0.76,15000,股
2026-01-12,BA/ LN,BAE SYSTEMS PLC,0.53,50000,股
2026-01-12,M_USD,MARGIN,0.38,1000366,元
2026-01-12,LEU US,CENTRUS ENERGY CORP-CLASS A,0.18,1500,股
2026-01-12,C_CNH,CASH,0.0,403207,元
2026-01-12,C_EUR,CASH,0.0,9,元
2026-01-12,C_GBP,CASH,0.0,3,元
2026-01-12,C_HKD,CASH,0.0,0,元
2026-01-12,RDI_GBP,RECEIVABLES FOR DISPOSAL OF INVESTMENTS,-0.01,-1036136,元
2026-01-12,PFUR_NTD,PAYABLES FOR UNITS REDEEMED,-9.29,-779118384,元
2026-01-13,MU US,MICRON TECHNOLOGY INC,7.38,58000,股
2026-01-13,GOOGL US,ALPHABETINC-CLA(Alphabet公司),6.57,52000,股
2026-01-13,C_NTD,CASH,6.23,524215936,元
2026-01-13,AVGO US,BROADCOM LTD,5.34,40000,股
2026-01-13,LITE US,LUMENTUM HOLDINGS INC.lite us,5.1,37500,股
2026-01-13,NVDA US,NVIDIACORP(輝達公司),5.03,72000,股
2026-01-13,RHM GY,RHEINMETALL AG,3.72,4450,股
2026-01-13,ENR GY,SIEMENS ENERGY AG,3.66,64000,股
2026-01-13,SNDK US,SANDISK CORP,3.37,23000,股
2026-01-13,2330,台積電,3.36,165000,股
2026-01-13,300308 CH,ZHONGJI INNOLIGHT CO LTD-A,3.32,105000,股
2026-01-13,HOT GY,HOCHTIEF AG,3.23,20000,股
2026-01-13,KTOS US,KRATOS DEFENSE \u0026 SECURITY,3.15,70000,股
2026-01-13,CIEN US,CIENA CORP,2.97,32000,股
2026-01-13,2308,台達電,2.94,240000,股
2026-01-13,CCJ US,CAMECO CORP,2.7,66000,股
2026-01-13,GEV US,GE VERNOVA INC,2.7,11000,股
2026-01-13,TER US,TERADYNE INC,2.67,31000,股
2026-01-13,5706 JP,Mitsui Mining ＆ Smelting Co,2.4,50000,股
2026-01-13,7769,鴻勁,2.06,50000,股
2026-01-13,PLTR US,PALANTIR TECHNOLOGIES INC-A,2.02,30000,股
2026-01-13,3017,奇鋐,2.0,125000,股
2026-01-13,3665,貿聯-KY,1.94,115000,股
2026-01-13,COHR US,COHERENT INC,1.93,27000,股
2026-01-13,BE US,BLOOM ENERGY CORP- A,1.89,36000,股
2026-01-13,C_USD,CASH,1.78,4740552,元
2026-01-13,HOOD US,ROBINHOOD MARKETS INC - A,1.72,38000,股
2026-01-13,RR/ LN,ROLLS-ROYCE HOLDINGS PLC,1.59,240000,股
2026-01-13,6857 JP,ADVANTEST CORP,1.56,30000,股
2026-01-13,4062 JP,IBIDEN CO LTD,1.38,80000,股
2026-01-13,KLAC US,KLA CORP,1.36,2500,股
2026-01-13,6590 JP,SHIBAURA MECHATRONICS CORP,1.34,25000,股
2026-01-13,WDC US,WESTERN DIGITAL CORP,1.33,16500,股
2026-01-13,BA/ LN,BAE SYSTEMS PLC,1.05,100000,股
2026-01-13,SAF FP,SAFRAN SA,0.94,6600,股
2026-01-13,ENS US,ENERSYS,0.93,15000,股
2026-01-13,8210,勤誠,0.92,81000,股
2026-01-13,6954 JP,Fanuc LTD,0.9,57500,股
2026-01-13,6525 JP,KOKUSAI ELECTRIC CORP,0.84,60000,股
2026-01-13,2368,金像電,0.78,100000,股
2026-01-13,RDI_NTD,RECEIVABLES FOR DISPOSAL OF INVESTMENTS,0.47,39854940,元
2026-01-13,2383,台光電,0.39,20000,股
2026-01-13,M_USD,MARGIN,0.38,1000366,元
2026-01-13,LEU US,CENTRUS ENERGY CORP-CLASS A,0.17,1500,股
2026-01-13,C_CNH,CASH,0.0,403207,元
2026-01-13,C_EUR,CASH,0.0,9,元
2026-01-13,C_GBP,CASH,0.0,3,元
2026-01-13,C_HKD,CASH,0.0,0,元
2026-01-13,RDI_GBP,RECEIVABLES FOR DISPOSAL OF INVESTMENTS,0.0,-14713,元
2026-01-13,RDI_JPY,RECEIVABLES FOR DISPOSAL OF INVESTMENTS,-3.15,-264607623,元
2026-01-13,PFUR_NTD,PAYABLES FOR UNITS REDEEMED,-6.84,-574830799,元
2026-01-14,MU US,MICRON TECHNOLOGY INC,7.41,58000,股
2026-01-14,GOOGL US,ALPHABETINC-CLA(Alphabet公司),6.69,52000,股
2026-01-14,AVGO US,BROADCOM LTD,5.21,40000,股
2026-01-14,LITE US,LUMENTUM HOLDINGS INC.lite us,4.77,37500,股
2026-01-14,NVDA US,NVIDIACORP(輝達公司),4.56,65000,股
2026-01-14,RHM GY,RHEINMETALL AG,3.77,4450,股
2026-01-14,ENR GY,SIEMENS ENERGY AG,3.6,64000,股
2026-01-14,2330,台積電,3.42,165000,股
2026-01-14,300308 CH,ZHONGJI INNOLIGHT CO LTD-A,3.42,105000,股
2026-01-14,SNDK US,SANDISK CORP,3.42,23000,股
2026-01-14,HOT GY,HOCHTIEF AG,3.22,20000,股
2026-01-14,2308,台達電,3.09,240000,股
2026-01-14,KTOS US,KRATOS DEFENSE \u0026 SECURITY,3.03,65000,股
2026-01-14,TER US,TERADYNE INC,2.96,33500,股
2026-01-14,CIEN US,CIENA CORP,2.92,32000,股
2026-01-14,CCJ US,CAMECO CORP,2.8,66000,股
2026-01-14,GEV US,GE VERNOVA INC,2.72,11000,股
2026-01-14,C_NTD,CASH,2.71,223158000,元
2026-01-14,5706 JP,Mitsui Mining ＆ Smelting Co,2.58,50000,股
2026-01-14,3017,奇鋐,2.15,125000,股
2026-01-14,7769,鴻勁,2.13,50000,股
2026-01-14,RDI_USD,RECEIVABLES FOR DISPOSAL OF INVESTMENTS,2.12,5511319,元
2026-01-14,3665,貿聯-KY,2.09,115000,股
2026-01-14,6590 JP,SHIBAURA MECHATRONICS CORP,1.98,34000,股
2026-01-14,COHR US,COHERENT INC,1.91,27000,股
2026-01-14,BE US,BLOOM ENERGY CORP- A,1.84,36000,股
2026-01-14,HOOD US,ROBINHOOD MARKETS INC - A,1.74,38000,股
2026-01-14,6857 JP,ADVANTEST CORP,1.67,30000,股
2026-01-14,PLTR US,PALANTIR TECHNOLOGIES INC-A,1.54,22500,股
2026-01-14,4062 JP,IBIDEN CO LTD,1.43,80000,股
2026-01-14,KLAC US,KLA CORP,1.37,2500,股
2026-01-14,WDC US,WESTERN DIGITAL CORP,1.36,16500,股
2026-01-14,C_USD,CASH,1.15,2986115,元
2026-01-14,BA/ LN,BAE SYSTEMS PLC,1.05,100000,股
2026-01-14,RR/ LN,ROLLS-ROYCE HOLDINGS PLC,1.05,160000,股
2026-01-14,6954 JP,Fanuc LTD,0.96,57500,股
2026-01-14,8210,勤誠,0.96,81000,股
2026-01-14,SAF FP,SAFRAN SA,0.94,6600,股
2026-01-14,6525 JP,KOKUSAI ELECTRIC CORP,0.89,60000,股
2026-01-14,2368,金像電,0.82,100000,股
2026-01-14,RDI_NTD,RECEIVABLES FOR DISPOSAL OF INVESTMENTS,0.48,39854940,元
2026-01-14,2383,台光電,0.41,20000,股
2026-01-14,M_USD,MARGIN,0.38,1000366,元
2026-01-14,RDI_GBP,RECEIVABLES FOR DISPOSAL OF INVESTMENTS,0.01,1011541,元
2026-01-14,C_CNH,CASH,0.0,403207,元
2026-01-14,C_EUR,CASH,0.0,9,元
2026-01-14,C_GBP,CASH,0.0,3,元
2026-01-14,C_HKD,CASH,0.0,0,元
2026-01-14,PFUR_NTD,PAYABLES FOR UNITS REDEEMED,-4.32,-356424598,元
2026-01-14,RDI_JPY,RECEIVABLES FOR DISPOSAL OF INVESTMENTS,-4.42,-364368458,元
2026-01-15,MU US,MICRON TECHNOLOGY INC,7.38,58000,股
2026-01-15,GOOGL US,ALPHABETINC-CLA(Alphabet公司),6.54,52000,股
2026-01-15,AVGO US,BROADCOM LTD,5.19,40000,股
2026-01-15,LITE US,LUMENTUM HOLDINGS INC.lite us,4.86,37500,股
2026-01-15,NVDA US,NVIDIACORP(輝達公司),4.59,65000,股
2026-01-15,RHM GY,RHEINMETALL AG,3.74,4450,股
2026-01-15,ENR GY,SIEMENS ENERGY AG,3.61,64000,股
2026-01-15,300308 CH,ZHONGJI INNOLIGHT CO LTD-A,3.56,105000,股
2026-01-15,SNDK US,SANDISK CORP,3.56,23000,股
2026-01-15,2330,台積電,3.34,165000,股
2026-01-15,HOT GY,HOCHTIEF AG,3.26,20000,股
2026-01-15,KTOS US,KRATOS DEFENSE \u0026 SECURITY,3.06,65000,股
2026-01-15,2308,台達電,3.0,240000,股
2026-01-15,CIEN US,CIENA CORP,2.95,32000,股
2026-01-15,TER US,TERADYNE INC,2.88,33500,股
2026-01-15,C_USD,CASH,2.86,7563472,元
2026-01-15,CCJ US,CAMECO CORP,2.81,66000,股
2026-01-15,GEV US,GE VERNOVA INC,2.67,11000,股
2026-01-15,5706 JP,Mitsui Mining ＆ Smelting Co,2.58,50000,股
2026-01-15,C_NTD,CASH,2.27,189608406,元
2026-01-15,3017,奇鋐,2.07,125000,股
2026-01-15,7769,鴻勁,2.07,50000,股
2026-01-15,3665,貿聯-KY,2.02,115000,股
2026-01-15,COHR US,COHERENT INC,2.0,27000,股
2026-01-15,6590 JP,SHIBAURA MECHATRONICS CORP,1.97,34000,股
2026-01-15,BE US,BLOOM ENERGY CORP- A,1.89,36000,股
2026-01-15,6857 JP,ADVANTEST CORP,1.61,30000,股
2026-01-15,HOOD US,ROBINHOOD MARKETS INC - A,1.58,38000,股
2026-01-15,ASML US,ASML HOLDING NV-NY REG SHS,1.51,3000,股
2026-01-15,KLAC US,KLA CORP,1.46,2500,股
2026-01-15,4062 JP,IBIDEN CO LTD,1.43,80000,股
2026-01-15,WDC US,WESTERN DIGITAL CORP,1.38,16500,股
2026-01-15,BA/ LN,BAE SYSTEMS PLC,1.04,100000,股
2026-01-15,RR/ LN,ROLLS-ROYCE HOLDINGS PLC,1.03,160000,股
2026-01-15,6954 JP,Fanuc LTD,0.93,57500,股
2026-01-15,SAF FP,SAFRAN SA,0.93,6600,股
2026-01-15,8210,勤誠,0.9,81000,股
2026-01-15,6525 JP,KOKUSAI ELECTRIC CORP,0.89,60000,股
2026-01-15,2368,金像電,0.8,100000,股
2026-01-15,PLTR US,PALANTIR TECHNOLOGIES INC-A,0.74,11000,股
2026-01-15,2383,台光電,0.38,20000,股
2026-01-15,M_USD,MARGIN,0.38,1000366,元
2026-01-15,RDI_GBP,RECEIVABLES FOR DISPOSAL OF INVESTMENTS,0.01,1026254,元
2026-01-15,C_CNH,CASH,0.0,403207,元
2026-01-15,C_EUR,CASH,0.0,9,元
2026-01-15,C_GBP,CASH,0.0,3,元
2026-01-15,C_HKD,CASH,0.0,0,元
2026-01-15,RDI_USD,RECEIVABLES FOR DISPOSAL OF INVESTMENTS,-0.76,-1998971,元
2026-01-15,RDI_JPY,RECEIVABLES FOR DISPOSAL OF INVESTMENTS,-2.62,-219240969,元
2026-01-15,PFUR_NTD,PAYABLES FOR UNITS REDEEMED,-3.39,-283020064,元
2026-01-16,MU US,MICRON TECHNOLOGY INC,7.87,58000,股
2026-01-16,GOOGL US,ALPHABETINC-CLA(Alphabet公司),6.42,52000,股
2026-01-16,AVGO US,BROADCOM LTD,4.74,36000,股
2026-01-16,LITE US,LUMENTUM HOLDINGS INC.lite us,4.55,37500,股
2026-01-16,NVDA US,NVIDIACORP(輝達公司),4.53,65000,股
2026-01-16,ENR GY,SIEMENS ENERGY AG,3.79,64000,股
2026-01-16,RHM GY,RHEINMETALL AG,3.68,4450,股
2026-01-16,SNDK US,SANDISK CORP,3.56,23000,股
2026-01-16,300308 CH,ZHONGJI INNOLIGHT CO LTD-A,3.48,105000,股
2026-01-16,C_NTD,CASH,3.45,291405689,元
2026-01-16,2330,台積電,3.4,165000,股
2026-01-16,HOT GY,HOCHTIEF AG,3.24,20000,股
2026-01-16,2308,台達電,3.2,240000,股
2026-01-16,KTOS US,KRATOS DEFENSE \u0026 SECURITY,3.18,65000,股
2026-01-16,CIEN US,CIENA CORP,2.91,32000,股
2026-01-16,CCJ US,CAMECO CORP,2.88,66000,股
2026-01-16,TER US,TERADYNE INC,2.86,33500,股
2026-01-16,GEV US,GE VERNOVA INC,2.81,11000,股
2026-01-16,5706 JP,Mitsui Mining ＆ Smelting Co,2.62,50000,股
2026-01-16,BE US,BLOOM ENERGY CORP- A,2.24,40000,股
2026-01-16,7769,鴻勁,2.09,50000,股
2026-01-16,3017,奇鋐,2.02,125000,股
2026-01-16,6590 JP,SHIBAURA MECHATRONICS CORP,1.94,34000,股
2026-01-16,COHR US,COHERENT INC,1.93,27000,股
2026-01-16,3665,貿聯-KY,1.91,115000,股
2026-01-16,6857 JP,ADVANTEST CORP,1.62,30000,股
2026-01-16,HOOD US,ROBINHOOD MARKETS INC - A,1.55,38000,股
2026-01-16,ASML US,ASML HOLDING NV-NY REG SHS,1.53,3000,股
2026-01-16,4062 JP,IBIDEN CO LTD,1.48,80000,股
2026-01-16,KLAC US,KLA CORP,1.47,2500,股
2026-01-16,WDC US,WESTERN DIGITAL CORP,1.37,16500,股
2026-01-16,C_USD,CASH,1.33,3559451,元
2026-01-16,BA/ LN,BAE SYSTEMS PLC,1.05,100000,股
2026-01-16,RR/ LN,ROLLS-ROYCE HOLDINGS PLC,1.03,160000,股
2026-01-16,SAF FP,SAFRAN SA,0.92,6600,股
2026-01-16,6954 JP,Fanuc LTD,0.9,57500,股
2026-01-16,8210,勤誠,0.89,81000,股
2026-01-16,6525 JP,KOKUSAI ELECTRIC CORP,0.88,60000,股
2026-01-16,2368,金像電,0.8,100000,股
2026-01-16,AMD US,ADVANCEDMICRODEVICES.amdus(超微半導體公司),0.78,9000,股
2026-01-16,M_USD,MARGIN,0.37,1000366,元
2026-01-16,RDI_NTD,RECEIVABLES FOR DISPOSAL OF INVESTMENTS,0.37,31618020,元
2026-01-16,RDI_USD,RECEIVABLES FOR DISPOSAL OF INVESTMENTS,0.23,617104,元
2026-01-16,C_CNH,CASH,0.0,403207,元
2026-01-16,C_EUR,CASH,0.0,9,元
2026-01-16,C_GBP,CASH,0.0,3,元
2026-01-16,C_HKD,CASH,0.0,0,元
2026-01-16,PFUR_NTD,PAYABLES FOR UNITS REDEEMED,-3.82,-322025912,元
2026-01-19,MU US,MICRON TECHNOLOGY INC,7.87,58000,股
2026-01-19,GOOGL US,ALPHABETINC-CLA(Alphabet公司),6.42,52000,股
2026-01-19,AVGO US,BROADCOM LTD,4.74,36000,股
2026-01-19,LITE US,LUMENTUM HOLDINGS INC.lite us,4.55,37500,股
2026-01-19,NVDA US,NVIDIACORP(輝達公司),4.53,65000,股
2026-01-19,ENR GY,SIEMENS ENERGY AG,3.79,64000,股
2026-01-19,RHM GY,RHEINMETALL AG,3.68,4450,股
2026-01-19,SNDK US,SANDISK CORP,3.56,23000,股
2026-01-19,300308 CH,ZHONGJI INNOLIGHT CO LTD-A,3.48,105000,股
2026-01-19,C_NTD,CASH,3.45,291405689,元
2026-01-19,2330,台積電,3.4,165000,股
2026-01-19,HOT GY,HOCHTIEF AG,3.24,20000,股
2026-01-19,2308,台達電,3.2,240000,股
2026-01-19,KTOS US,KRATOS DEFENSE \u0026 SECURITY,3.18,65000,股
2026-01-19,CIEN US,CIENA CORP,2.91,32000,股
2026-01-19,CCJ US,CAMECO CORP,2.88,66000,股
2026-01-19,TER US,TERADYNE INC,2.86,33500,股
2026-01-19,GEV US,GE VERNOVA INC,2.81,11000,股
2026-01-19,5706 JP,Mitsui Mining ＆ Smelting Co,2.62,50000,股
2026-01-19,BE US,BLOOM ENERGY CORP- A,2.24,40000,股
2026-01-19,7769,鴻勁,2.09,50000,股
2026-01-19,3017,奇鋐,2.02,125000,股
2026-01-19,6590 JP,SHIBAURA MECHATRONICS CORP,1.94,34000,股
2026-01-19,COHR US,COHERENT INC,1.93,27000,股
2026-01-19,3665,貿聯-KY,1.91,115000,股
2026-01-19,6857 JP,ADVANTEST CORP,1.62,30000,股
2026-01-19,HOOD US,ROBINHOOD MARKETS INC - A,1.55,38000,股
2026-01-19,ASML US,ASML HOLDING NV-NY REG SHS,1.53,3000,股
2026-01-19,4062 JP,IBIDEN CO LTD,1.48,80000,股
2026-01-19,KLAC US,KLA CORP,1.47,2500,股
2026-01-19,WDC US,WESTERN DIGITAL CORP,1.37,16500,股
2026-01-19,C_USD,CASH,1.33,3559451,元
2026-01-19,BA/ LN,BAE SYSTEMS PLC,1.05,100000,股
2026-01-19,RR/ LN,ROLLS-ROYCE HOLDINGS PLC,1.03,160000,股
2026-01-19,SAF FP,SAFRAN SA,0.92,6600,股
2026-01-19,6954 JP,Fanuc LTD,0.9,57500,股
2026-01-19,8210,勤誠,0.89,81000,股
2026-01-19,6525 JP,KOKUSAI ELECTRIC CORP,0.88,60000,股
2026-01-19,2368,金像電,0.8,100000,股
2026-01-19,AMD US,ADVANCEDMICRODEVICES.amdus(超微半導體公司),0.78,9000,股
2026-01-19,M_USD,MARGIN,0.37,1000366,元
2026-01-19,RDI_NTD,RECEIVABLES FOR DISPOSAL OF INVESTMENTS,0.37,31618020,元
2026-01-19,RDI_USD,RECEIVABLES FOR DISPOSAL OF INVESTMENTS,0.23,617104,元
2026-01-19,C_CNH,CASH,0.0,403207,元
2026-01-19,C_EUR,CASH,0.0,9,元
2026-01-19,C_GBP,CASH,0.0,3,元
2026-01-19,C_HKD,CASH,0.0,0,元
2026-01-19,PFUR_NTD,PAYABLES FOR UNITS REDEEMED,-3.82,-322025912,元
2026-01-20,MU US,MICRON TECHNOLOGY INC,7.96,58000,股
2026-01-20,GOOGL US,ALPHABETINC-CLA(Alphabet公司),6.29,52000,股
2026-01-20,LITE US,LUMENTUM HOLDINGS INC.lite us,5.03,37500,股
2026-01-20,AVGO US,BROADCOM LTD,4.5,36000,股
2026-01-20,SNDK US,SANDISK CORP,3.92,23000,股
2026-01-20,NVDA US,NVIDIACORP(輝達公司),3.91,58500,股
2026-01-20,ENR GY,SIEMENS ENERGY AG,3.72,64000,股
2026-01-20,RHM GY,RHEINMETALL AG,3.72,4450,股
2026-01-20,2330,台積電,3.48,165000,股
2026-01-20,300308 CH,ZHONGJI INNOLIGHT CO LTD-A,3.32,105000,股
2026-01-20,2308,台達電,3.23,240000,股
2026-01-20,KTOS US,KRATOS DEFENSE \u0026 SECURITY,3.14,65000,股
2026-01-20,HOT GY,HOCHTIEF AG,3.09,20000,股
2026-01-20,CIEN US,CIENA CORP,2.9,32000,股
2026-01-20,CCJ US,CAMECO CORP,2.87,66000,股
2026-01-20,C_NTD,CASH,2.87,241029735,元
2026-01-20,GEV US,GE VERNOVA INC,2.83,11000,股
2026-01-20,TER US,TERADYNE INC,2.82,33500,股
2026-01-20,5706 JP,Mitsui Mining ＆ Smelting Co,2.61,50000,股
2026-01-20,BE US,BLOOM ENERGY CORP- A,2.28,40000,股
2026-01-20,7769,鴻勁,2.08,50000,股
2026-01-20,6590 JP,SHIBAURA MECHATRONICS CORP,2.01,34000,股
2026-01-20,COHR US,COHERENT INC,1.96,27000,股
2026-01-20,3017,奇鋐,1.93,125000,股
2026-01-20,AMD US,ADVANCEDMICRODEVICES.amdus(超微半導體公司),1.57,18000,股
2026-01-20,4062 JP,IBIDEN CO LTD,1.51,80000,股
2026-01-20,ASML US,ASML HOLDING NV-NY REG SHS,1.5,3000,股
2026-01-20,KLAC US,KLA CORP,1.4,2500,股
2026-01-20,C_USD,CASH,1.38,3676555,元
2026-01-20,WDC US,WESTERN DIGITAL CORP,1.38,16500,股
2026-01-20,RDI_NTD,RECEIVABLES FOR DISPOSAL OF INVESTMENTS,1.29,108333924,元
2026-01-20,3665,貿聯-KY,1.28,80000,股
2026-01-20,BA/ LN,BAE SYSTEMS PLC,1.04,100000,股
2026-01-20,RR/ LN,ROLLS-ROYCE HOLDINGS PLC,1.03,160000,股
2026-01-20,6857 JP,ADVANTEST CORP,1.02,20000,股
2026-01-20,HOOD US,ROBINHOOD MARKETS INC - A,0.99,25000,股
2026-01-20,5016 JP,JX ADVANCED METALS CORP,0.95,150000,股
2026-01-20,6954 JP,Fanuc LTD,0.89,57500,股
2026-01-20,6525 JP,KOKUSAI ELECTRIC CORP,0.87,60000,股
2026-01-20,8210,勤誠,0.87,81000,股
2026-01-20,M_USD,MARGIN,0.38,1000366,元
2026-01-20,RDI_USD,RECEIVABLES FOR DISPOSAL OF INVESTMENTS,0.17,441134,元
2026-01-20,RDI_EUR,RECEIVABLES FOR DISPOSAL OF INVESTMENTS,0.02,2072905,元
2026-01-20,C_CNH,CASH,0.0,403207,元
2026-01-20,C_EUR,CASH,0.0,9,元
2026-01-20,C_GBP,CASH,0.0,3,元
2026-01-20,C_HKD,CASH,0.0,0,元
2026-01-20,RDI_JPY,RECEIVABLES FOR DISPOSAL OF INVESTMENTS,-2.24,-188033868,元
2026-01-20,PFUR_NTD,PAYABLES FOR UNITS REDEEMED,-2.67,-224556218,元
2026-01-21,MU US,MICRON TECHNOLOGY INC,8.35,58000,股
2026-01-21,RDI_JPY,RECEIVABLES FOR DISPOSAL OF INVESTMENTS,7.08,605607197,元
2026-01-21,GOOGL US,ALPHABETINC-CLA(Alphabet公司),6.32,52000,股
2026-01-21,LITE US,LUMENTUM HOLDINGS INC.lite us,5.03,37500,股
2026-01-21,SNDK US,SANDISK CORP,4.27,23000,股
2026-01-21,NVDA US,NVIDIACORP(輝達公司),3.97,58500,股
2026-01-21,AVGO US,BROADCOM LTD,3.89,32000,股
2026-01-21,ENR GY,SIEMENS ENERGY AG,3.69,64000,股
2026-01-21,RHM GY,RHEINMETALL AG,3.58,4450,股
2026-01-21,2330,台積電,3.35,165000,股
2026-01-21,300308 CH,ZHONGJI INNOLIGHT CO LTD-A,3.25,105000,股
2026-01-21,2308,台達電,3.18,240000,股
2026-01-21,HOT GY,HOCHTIEF AG,3.04,20000,股
2026-01-21,CCJ US,CAMECO CORP,2.99,66000,股
2026-01-21,KTOS US,KRATOS DEFENSE \u0026 SECURITY,2.9,65000,股
2026-01-21,TER US,TERADYNE INC,2.87,33500,股
2026-01-21,C_NTD,CASH,2.77,237070824,元
2026-01-21,CIEN US,CIENA CORP,2.75,32000,股
2026-01-21,GEV US,GE VERNOVA INC,2.72,11000,股
2026-01-21,BE US,BLOOM ENERGY CORP- A,2.23,40000,股
2026-01-21,7769,鴻勁,2.09,50000,股
2026-01-21,5706 JP,Mitsui Mining ＆ Smelting Co,2.06,40000,股
2026-01-21,6590 JP,SHIBAURA MECHATRONICS CORP,2.05,34000,股
2026-01-21,COHR US,COHERENT INC,2.01,27000,股
2026-01-21,AMD US,ADVANCEDMICRODEVICES.amdus(超微半導體公司),1.98,21412,股
2026-01-21,3017,奇鋐,1.87,125000,股
2026-01-21,C_USD,CASH,1.8,4863338,元
2026-01-21,4062 JP,IBIDEN CO LTD,1.56,80000,股
2026-01-21,ASML US,ASML HOLDING NV-NY REG SHS,1.51,3000,股
2026-01-21,WDC US,WESTERN DIGITAL CORP,1.48,16500,股
2026-01-21,KLAC US,KLA CORP,1.41,2500,股
2026-01-21,6857 JP,ADVANTEST CORP,1.02,20000,股
2026-01-21,BA/ LN,BAE SYSTEMS PLC,1.02,100000,股
2026-01-21,RR/ LN,ROLLS-ROYCE HOLDINGS PLC,1.0,160000,股
2026-01-21,5016 JP,JX ADVANCED METALS CORP,0.93,150000,股
2026-01-21,6525 JP,KOKUSAI ELECTRIC CORP,0.93,60000,股
2026-01-21,8210,勤誠,0.86,81000,股
2026-01-21,ALAB US,ASTERA LABS INC,0.65,10000,股
2026-01-21,3665,貿聯-KY,0.61,40000,股
2026-01-21,RDI_NTD,RECEIVABLES FOR DISPOSAL OF INVESTMENTS,0.61,51876660,元
2026-01-21,HOOD US,ROBINHOOD MARKETS INC - A,0.49,12500,股
2026-01-21,M_USD,MARGIN,0.37,1000366,元
2026-01-21,INTC US,INTEL CORP,0.21,10507,股
2026-01-21,RDI_EUR,RECEIVABLES FOR DISPOSAL OF INVESTMENTS,0.02,2072905,元
2026-01-21,C_CNH,CASH,0.0,403207,元
2026-01-21,C_EUR,CASH,0.0,9,元
2026-01-21,C_GBP,CASH,0.0,3,元
2026-01-21,C_HKD,CASH,0.0,0,元
2026-01-21,RDI_USD,RECEIVABLES FOR DISPOSAL OF INVESTMENTS,-0.18,-496127,元
2026-01-21,PFUR_NTD,PAYABLES FOR UNITS REDEEMED,-1.99,-170236750,元
2026-01-22,MU US,MICRON TECHNOLOGY INC,8.22,58000,股
2026-01-22,GOOGL US,ALPHABETINC-CLA(Alphabet公司),6.12,52000,股
2026-01-22,LITE US,LUMENTUM HOLDINGS INC.lite us,4.74,37500,股
2026-01-22,SNDK US,SANDISK CORP,4.13,23000,股
2026-01-22,NVDA US,NVIDIACORP(輝達公司),3.85,58500,股
2026-01-22,AVGO US,BROADCOM LTD,3.71,32000,股
2026-01-22,ENR GY,SIEMENS ENERGY AG,3.66,64000,股
2026-01-22,2308,台達電,3.37,240000,股
2026-01-22,300308 CH,ZHONGJI INNOLIGHT CO LTD-A,3.34,105000,股
2026-01-22,RHM GY,RHEINMETALL AG,3.32,4450,股
2026-01-22,2330,台積電,3.28,165000,股
2026-01-22,HOT GY,HOCHTIEF AG,3.05,20000,股
2026-01-22,C_USD,CASH,2.98,8356071,元
2026-01-22,CCJ US,CAMECO CORP,2.87,66000,股
2026-01-22,TER US,TERADYNE INC,2.73,33500,股
2026-01-22,KTOS US,KRATOS DEFENSE \u0026 SECURITY,2.64,65000,股
2026-01-22,CIEN US,CIENA CORP,2.62,32000,股
2026-01-22,GEV US,GE VERNOVA INC,2.59,11000,股
2026-01-22,6590 JP,SHIBAURA MECHATRONICS CORP,2.48,40000,股
2026-01-22,COHR US,COHERENT INC,2.17,30000,股
2026-01-22,7769,鴻勁,2.09,50000,股
2026-01-22,AMD US,ADVANCEDMICRODEVICES.amdus(超微半導體公司),2.08,23000,股
2026-01-22,BE US,BLOOM ENERGY CORP- A,2.08,40000,股
2026-01-22,4062 JP,IBIDEN CO LTD,2.01,105000,股
2026-01-22,5706 JP,Mitsui Mining ＆ Smelting Co,1.95,40000,股
2026-01-22,3017,奇鋐,1.91,125000,股
2026-01-22,ASML US,ASML HOLDING NV-NY REG SHS,1.49,3000,股
2026-01-22,WDC US,WESTERN DIGITAL CORP,1.43,16500,股
2026-01-22,KLAC US,KLA CORP,1.34,2500,股
2026-01-22,C_NTD,CASH,1.1,97827937,元
2026-01-22,INTC US,INTEL CORP,1.06,55000,股
2026-01-22,6857 JP,ADVANTEST CORP,1.03,20000,股
2026-01-22,BA/ LN,BAE SYSTEMS PLC,0.95,100000,股
2026-01-22,RR/ LN,ROLLS-ROYCE HOLDINGS PLC,0.95,160000,股
2026-01-22,6525 JP,KOKUSAI ELECTRIC CORP,0.92,60000,股
2026-01-22,6515,穎崴,0.89,21000,股
2026-01-22,5016 JP,JX ADVANCED METALS CORP,0.87,150000,股
2026-01-22,8210,勤誠,0.86,81000,股
2026-01-22,ALAB US,ASTERA LABS INC,0.63,10000,股
2026-01-22,MKSI US,MKS INC,0.6,7500,股
2026-01-22,9984 JP,SOFTBANK CORP,0.49,50000,股
2026-01-22,HOOD US,ROBINHOOD MARKETS INC - A,0.47,12500,股
2026-01-22,M_USD,MARGIN,0.36,1000366,元
2026-01-22,RDI_NTD,RECEIVABLES FOR DISPOSAL OF INVESTMENTS,0.28,25255980,元
2026-01-22,C_CNH,CASH,0.0,403207,元
2026-01-22,C_EUR,CASH,0.0,9,元
2026-01-22,C_GBP,CASH,0.0,3,元
2026-01-22,C_HKD,CASH,0.0,0,元
2026-01-22,RDI_JPY,RECEIVABLES FOR DISPOSAL OF INVESTMENTS,0.0,-49404,元
2026-01-22,PFUR_NTD,PAYABLES FOR UNITS REDEEMED,-0.63,-55912015,元
2026-01-22,RDI_USD,RECEIVABLES FOR DISPOSAL OF INVESTMENTS,-1.81,-5086441,元
2026-01-23,MU US,MICRON TECHNOLOGY INC,8.18,58000,股
2026-01-23,GOOGL US,ALPHABETINC-CLA(Alphabet公司),6.02,52000,股
2026-01-23,C_USD,CASH,4.89,13838315,元
2026-01-23,LITE US,LUMENTUM HOLDINGS INC.lite us,4.49,37500,股
2026-01-23,ENR GY,SIEMENS ENERGY AG,3.88,66000,股
2026-01-23,NVDA US,NVIDIACORP(輝達公司),3.88,58500,股
2026-01-23,SNDK US,SANDISK CORP,3.85,23000,股
2026-01-23,AVGO US,BROADCOM LTD,3.62,32000,股
2026-01-23,2308,台達電,3.38,240000,股
2026-01-23,RHM GY,RHEINMETALL AG,3.38,4450,股
2026-01-23,2330,台積電,3.27,165000,股
2026-01-23,300308 CH,ZHONGJI INNOLIGHT CO LTD-A,3.12,105000,股
2026-01-23,HOT GY,HOCHTIEF AG,3.02,20000,股
2026-01-23,CCJ US,CAMECO CORP,2.89,66000,股
2026-01-23,TER US,TERADYNE INC,2.71,33500,股
2026-01-23,CIEN US,CIENA CORP,2.59,32000,股
2026-01-23,GEV US,GE VERNOVA INC,2.55,11000,股
2026-01-23,KTOS US,KRATOS DEFENSE \u0026 SECURITY,2.53,65000,股
2026-01-23,6590 JP,SHIBAURA MECHATRONICS CORP,2.48,40000,股
2026-01-23,AMD US,ADVANCEDMICRODEVICES.amdus(超微半導體公司),2.11,23000,股
2026-01-23,7769,鴻勁,2.09,50000,股
2026-01-23,COHR US,COHERENT INC,2.09,30000,股
2026-01-23,C_NTD,CASH,2.07,185180665,元
2026-01-23,BE US,BLOOM ENERGY CORP- A,2.05,40000,股
2026-01-23,ASML US,ASML HOLDING NV-NY REG SHS,1.96,4000,股
2026-01-23,5706 JP,Mitsui Mining ＆ Smelting Co,1.94,40000,股
2026-01-23,4062 JP,IBIDEN CO LTD,1.93,105000,股
2026-01-23,3017,奇鋐,1.92,125000,股
2026-01-23,6515,穎崴,1.4,32000,股
2026-01-23,WDC US,WESTERN DIGITAL CORP,1.38,16500,股
2026-01-23,KLAC US,KLA CORP,1.34,2500,股
2026-01-23,6857 JP,ADVANTEST CORP,1.05,20000,股
2026-01-23,BA/ LN,BAE SYSTEMS PLC,0.97,100000,股
2026-01-23,RR/ LN,ROLLS-ROYCE HOLDINGS PLC,0.96,160000,股
2026-01-23,5016 JP,JX ADVANCED METALS CORP,0.89,150000,股
2026-01-23,6525 JP,KOKUSAI ELECTRIC CORP,0.88,60000,股
2026-01-23,8210,勤誠,0.88,81000,股
2026-01-23,INTC US,INTEL CORP,0.88,55000,股
2026-01-23,ALAB US,ASTERA LABS INC,0.6,10000,股
2026-01-23,MKSI US,MKS INC,0.57,7500,股
2026-01-23,5274,信驊,0.5,5000,股
2026-01-23,9984 JP,SOFTBANK CORP,0.47,50000,股
2026-01-23,HOOD US,ROBINHOOD MARKETS INC - A,0.47,12500,股
2026-01-23,M_USD,MARGIN,0.35,1000366,元
2026-01-23,C_CNH,CASH,0.0,403207,元
2026-01-23,C_EUR,CASH,0.0,9,元
2026-01-23,C_GBP,CASH,0.0,3,元
2026-01-23,C_HKD,CASH,0.0,0,元
2026-01-23,RDI_EUR,RECEIVABLES FOR DISPOSAL OF INVESTMENTS,0.0,-282763,元
2026-01-23,RDI_USD,RECEIVABLES FOR DISPOSAL OF INVESTMENTS,-0.49,-1384610,元
2026-01-23,PFUR_NTD,PAYABLES FOR UNITS REDEEMED,-0.63,-55912015,元
2026-01-23,RDI_NTD,RECEIVABLES FOR DISPOSAL OF INVESTMENTS,-1.28,-114698670,元
2026-01-23,RDI_JPY,RECEIVABLES FOR DISPOSAL OF INVESTMENTS,-6.67,-595774212,元
2026-01-26,MU US,MICRON TECHNOLOGY INC,7.9,58000,股
2026-01-26,GOOGL US,ALPHABETINC-CLA(Alphabet公司),6.07,52000,股
2026-01-26,LITE US,LUMENTUM HOLDINGS INC.lite us,4.36,37500,股
2026-01-26,ENR GY,SIEMENS ENERGY AG,3.86,66000,股
2026-01-26,NVDA US,NVIDIACORP(輝達公司),3.82,58500,股
2026-01-26,SNDK US,SANDISK CORP,3.79,23000,股
2026-01-26,AVGO US,BROADCOM LTD,3.64,32000,股
2026-01-26,RHM GY,RHEINMETALL AG,3.31,4450,股
2026-01-26,2308,台達電,3.29,240000,股
2026-01-26,2330,台積電,3.22,165000,股
2026-01-26,300308 CH,ZHONGJI INNOLIGHT CO LTD-A,3.12,105000,股
2026-01-26,C_USD,CASH,3.05,8696880,元
2026-01-26,HOT GY,HOCHTIEF AG,3.02,20000,股
2026-01-26,CCJ US,CAMECO CORP,2.8,66000,股
2026-01-26,C_NTD,CASH,2.78,249575825,元
2026-01-26,TER US,TERADYNE INC,2.72,33500,股
2026-01-26,CIEN US,CIENA CORP,2.6,32000,股
2026-01-26,GEV US,GE VERNOVA INC,2.56,11000,股
2026-01-26,6590 JP,SHIBAURA MECHATRONICS CORP,2.41,40000,股
2026-01-26,KTOS US,KRATOS DEFENSE \u0026 SECURITY,2.14,55000,股
2026-01-26,7769,鴻勁,2.11,50000,股
2026-01-26,COHR US,COHERENT INC,2.08,30000,股
2026-01-26,AMD US,ADVANCEDMICRODEVICES.amdus(超微半導體公司),2.02,23000,股
2026-01-26,ASML US,ASML HOLDING NV-NY REG SHS,1.98,4000,股
2026-01-26,5706 JP,Mitsui Mining ＆ Smelting Co,1.97,40000,股
2026-01-26,BE US,BLOOM ENERGY CORP- A,1.96,40000,股
2026-01-26,6515,穎崴,1.95,43000,股
2026-01-26,3017,奇鋐,1.91,125000,股
2026-01-26,4062 JP,IBIDEN CO LTD,1.89,105000,股
2026-01-26,WDC US,WESTERN DIGITAL CORP,1.39,16500,股
2026-01-26,KLAC US,KLA CORP,1.35,2500,股
2026-01-26,6857 JP,ADVANTEST CORP,1.07,20000,股
2026-01-26,5274,信驊,0.99,10000,股
2026-01-26,BA/ LN,BAE SYSTEMS PLC,0.94,100000,股
2026-01-26,8210,勤誠,0.88,81000,股
2026-01-26,5016 JP,JX ADVANCED METALS CORP,0.87,150000,股
2026-01-26,6525 JP,KOKUSAI ELECTRIC CORP,0.85,60000,股
2026-01-26,INTC US,INTEL CORP,0.82,55000,股
2026-01-26,ALAB US,ASTERA LABS INC,0.57,10000,股
2026-01-26,MKSI US,MKS INC,0.57,7500,股
2026-01-26,B US,BARRICK MINING CORP,0.54,30000,股
2026-01-26,ALB US,ALBEMARLE CORP,0.53,8000,股
2026-01-26,HOOD US,ROBINHOOD MARKETS INC - A,0.47,12500,股
2026-01-26,RR/ LN,ROLLS-ROYCE HOLDINGS PLC,0.47,80000,股
2026-01-26,9984 JP,SOFTBANK CORP,0.46,50000,股
2026-01-26,PL US,PLANET LABS PBC,0.45,50000,股
2026-01-26,M_USD,MARGIN,0.35,1000366,元
2026-01-26,RDI_GBP,RECEIVABLES FOR DISPOSAL OF INVESTMENTS,0.01,990664,元
2026-01-26,C_CNH,CASH,0.0,403207,元
2026-01-26,C_EUR,CASH,0.0,9,元
2026-01-26,C_GBP,CASH,0.0,3,元
2026-01-26,C_HKD,CASH,0.0,0,元
2026-01-26,RDI_EUR,RECEIVABLES FOR DISPOSAL OF INVESTMENTS,0.0,-282763,元
2026-01-26,PFUR_NTD,PAYABLES FOR UNITS REDEEMED,-0.19,-16906167,元
2026-01-26,RDI_USD,RECEIVABLES FOR DISPOSAL OF INVESTMENTS,-1.15,-3284728,元
2026-01-26,RDI_NTD,RECEIVABLES FOR DISPOSAL OF INVESTMENTS,-1.96,-176401225,元
2026-01-27,MU US,MICRON TECHNOLOGY INC,8.04,58000,股
2026-01-27,GOOGL US,ALPHABETINC-CLA(Alphabet公司),5.88,52000,股
2026-01-27,LITE US,LUMENTUM HOLDINGS INC.lite us,4.7,37500,股
2026-01-27,ENR GY,SIEMENS ENERGY AG,3.77,66000,股
2026-01-27,SNDK US,SANDISK CORP,3.74,23000,股
2026-01-27,NVDA US,NVIDIACORP(輝達公司),3.73,58500,股
2026-01-27,AVGO US,BROADCOM LTD,3.6,32000,股
2026-01-27,RHM GY,RHEINMETALL AG,3.3,4450,股
2026-01-27,2308,台達電,3.23,240000,股
2026-01-27,2330,台積電,3.16,165000,股
2026-01-27,300308 CH,ZHONGJI INNOLIGHT CO LTD-A,3.14,105000,股
2026-01-27,HOT GY,HOCHTIEF AG,2.9,20000,股
2026-01-27,C_NTD,CASH,2.83,262640771,元
2026-01-27,CCJ US,CAMECO CORP,2.81,66000,股
2026-01-27,TER US,TERADYNE INC,2.71,33500,股
2026-01-27,CIEN US,CIENA CORP,2.68,32000,股
2026-01-27,GEV US,GE VERNOVA INC,2.58,11000,股
2026-01-27,6590 JP,SHIBAURA MECHATRONICS CORP,2.32,40000,股
2026-01-27,KTOS US,KRATOS DEFENSE \u0026 SECURITY,2.2,55000,股
2026-01-27,COHR US,COHERENT INC,2.17,30000,股
2026-01-27,BE US,BLOOM ENERGY CORP- A,2.06,40000,股
2026-01-27,7769,鴻勁,2.03,50000,股
2026-01-27,6515,穎崴,1.98,43000,股
2026-01-27,ASML US,ASML HOLDING NV-NY REG SHS,1.97,4000,股
2026-01-27,AMD US,ADVANCEDMICRODEVICES.amdus(超微半導體公司),1.96,23000,股
2026-01-27,5706 JP,Mitsui Mining ＆ Smelting Co,1.92,40000,股
2026-01-27,3017,奇鋐,1.91,125000,股
2026-01-27,4062 JP,IBIDEN CO LTD,1.84,105000,股
2026-01-27,C_USD,CASH,1.72,5076423,元
2026-01-27,LRCX US,LAM RESEARCH CORP,1.53,19000,股
2026-01-27,WDC US,WESTERN DIGITAL CORP,1.41,16500,股
2026-01-27,KLAC US,KLA CORP,1.37,2500,股
2026-01-27,6857 JP,ADVANTEST CORP,1.09,20000,股
2026-01-27,5274,信驊,0.94,10000,股
2026-01-27,BA/ LN,BAE SYSTEMS PLC,0.93,100000,股
2026-01-27,6525 JP,KOKUSAI ELECTRIC CORP,0.89,60000,股
2026-01-27,5016 JP,JX ADVANCED METALS CORP,0.84,150000,股
2026-01-27,8210,勤誠,0.84,81000,股
2026-01-27,5713 JP,SUMITOMO METAL MINING CO LTD,0.58,30000,股
2026-01-27,ALAB US,ASTERA LABS INC,0.58,10000,股
2026-01-27,MKSI US,MKS INC,0.58,7500,股
2026-01-27,ALB US,ALBEMARLE CORP,0.53,8000,股
2026-01-27,B US,BARRICK MINING CORP,0.53,30000,股
2026-01-27,PL US,PLANET LABS PBC,0.47,50000,股
2026-01-27,9984 JP,SOFTBANK CORP,0.44,50000,股
2026-01-27,HOOD US,ROBINHOOD MARKETS INC - A,0.44,12500,股
2026-01-27,M_USD,MARGIN,0.34,1000366,元
2026-01-27,RDI_GBP,RECEIVABLES FOR DISPOSAL OF INVESTMENTS,0.02,1983550,元
2026-01-27,C_CNH,CASH,0.0,403207,元
2026-01-27,C_EUR,CASH,0.0,9,元
2026-01-27,C_GBP,CASH,0.0,3,元
2026-01-27,C_HKD,CASH,0.0,0,元
2026-01-27,PFUR_NTD,PAYABLES FOR UNITS REDEEMED,-0.43,-39980719,元
2026-01-27,RDI_USD,RECEIVABLES FOR DISPOSAL OF INVESTMENTS,-0.71,-2090225,元
2026-01-27,RDI_NTD,RECEIVABLES FOR DISPOSAL OF INVESTMENTS,-0.95,-88323235,元
2026-01-27,RDI_JPY,RECEIVABLES FOR DISPOSAL OF INVESTMENTS,-2.86,-265415038,元
2026-01-28,MU US,MICRON TECHNOLOGY INC,8.29,58000,股
2026-01-28,GOOGL US,ALPHABETINC-CLA(Alphabet公司),5.74,52000,股
2026-01-28,LITE US,LUMENTUM HOLDINGS INC.lite us,4.74,37500,股
2026-01-28,SNDK US,SANDISK CORP,3.99,23000,股
2026-01-28,ENR GY,SIEMENS ENERGY AG,3.71,66000,股
2026-01-28,NVDA US,NVIDIACORP(輝達公司),3.68,58500,股
2026-01-28,AVGO US,BROADCOM LTD,3.5,32000,股
2026-01-28,RHM GY,RHEINMETALL AG,3.23,4450,股
2026-01-28,2308,台達電,3.22,240000,股
2026-01-28,2330,台積電,3.15,165000,股
2026-01-28,300308 CH,ZHONGJI INNOLIGHT CO LTD-A,3.12,105000,股
2026-01-28,CCJ US,CAMECO CORP,2.91,66000,股
2026-01-28,HOT GY,HOCHTIEF AG,2.78,20000,股
2026-01-28,TER US,TERADYNE INC,2.76,33500,股
2026-01-28,CIEN US,CIENA CORP,2.7,32000,股
2026-01-28,COHR US,COHERENT INC,2.69,37000,股
2026-01-28,GEV US,GE VERNOVA INC,2.57,11000,股
2026-01-28,C_USD,CASH,2.38,7239308,元
2026-01-28,BE US,BLOOM ENERGY CORP- A,2.17,40000,股
2026-01-28,6590 JP,SHIBAURA MECHATRONICS CORP,2.16,40000,股
2026-01-28,LRCX US,LAM RESEARCH CORP,2.12,27000,股
2026-01-28,KTOS US,KRATOS DEFENSE \u0026 SECURITY,2.04,55000,股
2026-01-28,7769,鴻勁,1.99,50000,股
2026-01-28,3017,奇鋐,1.92,125000,股
2026-01-28,AMD US,ADVANCEDMICRODEVICES.amdus(超微半導體公司),1.91,23000,股
2026-01-28,ASML US,ASML HOLDING NV-NY REG SHS,1.87,4000,股
2026-01-28,4062 JP,IBIDEN CO LTD,1.86,105000,股
2026-01-28,5706 JP,Mitsui Mining ＆ Smelting Co,1.86,40000,股
2026-01-28,6515,穎崴,1.81,43000,股
2026-01-28,WDC US,WESTERN DIGITAL CORP,1.52,16500,股
2026-01-28,6525 JP,KOKUSAI ELECTRIC CORP,1.36,90000,股
2026-01-28,MKSI US,MKS INC,1.36,17500,股
2026-01-28,KLAC US,KLA CORP,1.34,2500,股
2026-01-28,C_NTD,CASH,1.3,124097969,元
2026-01-28,6857 JP,ADVANTEST CORP,1.1,20000,股
2026-01-28,5274,信驊,0.93,10000,股
2026-01-28,BA/ LN,BAE SYSTEMS PLC,0.9,100000,股
2026-01-28,5016 JP,JX ADVANCED METALS CORP,0.84,150000,股
2026-01-28,8210,勤誠,0.81,81000,股
2026-01-28,PL US,PLANET LABS PBC,0.69,75000,股
2026-01-28,5713 JP,SUMITOMO METAL MINING CO LTD,0.58,30000,股
2026-01-28,ALAB US,ASTERA LABS INC,0.55,10000,股
2026-01-28,B US,BARRICK MINING CORP,0.52,30000,股
2026-01-28,ALB US,ALBEMARLE CORP,0.48,8000,股
2026-01-28,9984 JP,SOFTBANK CORP,0.45,50000,股
2026-01-28,M_USD,MARGIN,0.33,1000366,元
2026-01-28,RDI_GBP,RECEIVABLES FOR DISPOSAL OF INVESTMENTS,0.01,992886,元
2026-01-28,C_CNH,CASH,0.0,403207,元
2026-01-28,C_EUR,CASH,0.0,9,元
2026-01-28,C_GBP,CASH,0.0,3,元
2026-01-28,C_HKD,CASH,0.0,0,元
2026-01-28,PFUR_NTD,PAYABLES FOR UNITS REDEEMED,-0.61,-58355698,元
2026-01-28,RDI_USD,RECEIVABLES FOR DISPOSAL OF INVESTMENTS,-1.71,-5201184,元
2026-01-28,RDI_JPY,RECEIVABLES FOR DISPOSAL OF INVESTMENTS,-4.93,-470276659,元
2026-01-29,MU US,MICRON TECHNOLOGY INC,8.28,58000,股
2026-01-29,GOOGL US,ALPHABETINC-CLA(Alphabet公司),5.76,52000,股
2026-01-29,LITE US,LUMENTUM HOLDINGS INC.lite us,4.68,37500,股
2026-01-29,SNDK US,SANDISK CORP,4.06,23000,股
2026-01-29,ENR GY,SIEMENS ENERGY AG,3.71,66000,股
2026-01-29,NVDA US,NVIDIACORP(輝達公司),3.69,58500,股
2026-01-29,AVGO US,BROADCOM LTD,3.47,32000,股
2026-01-29,2308,台達電,3.15,240000,股
2026-01-29,RHM GY,RHEINMETALL AG,3.14,4450,股
2026-01-29,2330,台積電,3.12,165000,股
2026-01-29,300308 CH,ZHONGJI INNOLIGHT CO LTD-A,3.04,105000,股
2026-01-29,CCJ US,CAMECO CORP,2.89,66000,股
2026-01-29,HOT GY,HOCHTIEF AG,2.78,20000,股
2026-01-29,TER US,TERADYNE INC,2.76,33500,股
2026-01-29,CIEN US,CIENA CORP,2.66,32000,股
2026-01-29,COHR US,COHERENT INC,2.62,37000,股
2026-01-29,GEV US,GE VERNOVA INC,2.58,11000,股
2026-01-29,LRCX US,LAM RESEARCH CORP,2.19,27000,股
2026-01-29,BE US,BLOOM ENERGY CORP- A,2.05,40000,股
2026-01-29,6590 JP,SHIBAURA MECHATRONICS CORP,2.04,40000,股
2026-01-29,3017,奇鋐,1.96,125000,股
2026-01-29,7769,鴻勁,1.96,50000,股
2026-01-29,KTOS US,KRATOS DEFENSE \u0026 SECURITY,1.95,55000,股
2026-01-29,ASML US,ASML HOLDING NV-NY REG SHS,1.91,4000,股
2026-01-29,AMD US,ADVANCEDMICRODEVICES.amdus(超微半導體公司),1.9,23000,股
2026-01-29,4062 JP,IBIDEN CO LTD,1.86,105000,股
2026-01-29,5706 JP,Mitsui Mining ＆ Smelting Co,1.85,40000,股
2026-01-29,6515,穎崴,1.76,43000,股
2026-01-29,C_NTD,CASH,1.51,144544702,元
2026-01-29,WDC US,WESTERN DIGITAL CORP,1.5,16500,股
2026-01-29,5274,信驊,1.46,15000,股
2026-01-29,MKSI US,MKS INC,1.4,17500,股
2026-01-29,C_USD,CASH,1.39,4239035,元
2026-01-29,KLAC US,KLA CORP,1.38,2500,股
2026-01-29,6525 JP,KOKUSAI ELECTRIC CORP,1.3,90000,股
2026-01-29,B US,BARRICK MINING CORP,0.99,58000,股
2026-01-29,BA/ LN,BAE SYSTEMS PLC,0.89,100000,股
2026-01-29,5713 JP,SUMITOMO METAL MINING CO LTD,0.88,41600,股
2026-01-29,5016 JP,JX ADVANCED METALS CORP,0.84,150000,股
2026-01-29,8210,勤誠,0.79,81000,股
2026-01-29,6857 JP,ADVANTEST CORP,0.68,11800,股
2026-01-29,PL US,PLANET LABS PBC,0.65,75000,股
2026-01-29,ALAB US,ASTERA LABS INC,0.53,10000,股
2026-01-29,ALB US,ALBEMARLE CORP,0.47,8000,股
2026-01-29,9984 JP,SOFTBANK CORP,0.46,50000,股
2026-01-29,M_USD,MARGIN,0.33,1000366,元
2026-01-29,C_CNH,CASH,0.0,403207,元
2026-01-29,C_EUR,CASH,0.0,9,元
2026-01-29,C_GBP,CASH,0.0,3,元
2026-01-29,C_HKD,CASH,0.0,0,元
2026-01-29,RDI_USD,RECEIVABLES FOR DISPOSAL OF INVESTMENTS,-0.48,-1455376,元
2026-01-29,RDI_NTD,RECEIVABLES FOR DISPOSAL OF INVESTMENTS,-0.49,-46466420,元
2026-01-29,RDI_JPY,RECEIVABLES FOR DISPOSAL OF INVESTMENTS,-0.97,-92344298,元
2026-01-29,PFUR_NTD,PAYABLES FOR UNITS REDEEMED,-1.04,-99336505,元
2026-01-30,MU US,MICRON TECHNOLOGY INC,7.92,58000,股
2026-01-30,GOOGL US,ALPHABETINC-CLA(Alphabet公司),5.79,52000,股
2026-01-30,LITE US,LUMENTUM HOLDINGS INC.lite us,5.16,40000,股
2026-01-30,SNDK US,SANDISK CORP,4.36,23000,股
2026-01-30,ENR GY,SIEMENS ENERGY AG,3.74,66000,股
2026-01-30,NVDA US,NVIDIACORP(輝達公司),3.68,58500,股
2026-01-30,AVGO US,BROADCOM LTD,3.49,32000,股
2026-01-30,300308 CH,ZHONGJI INNOLIGHT CO LTD-A,3.23,105000,股
2026-01-30,RHM GY,RHEINMETALL AG,3.11,4450,股
2026-01-30,2308,台達電,3.06,240000,股
2026-01-30,2330,台積電,3.06,165000,股
2026-01-30,COHR US,COHERENT INC,2.79,40000,股
2026-01-30,HOT GY,HOCHTIEF AG,2.78,20000,股
2026-01-30,CCJ US,CAMECO CORP,2.68,66000,股
2026-01-30,TER US,TERADYNE INC,2.66,33500,股
2026-01-30,CIEN US,CIENA CORP,2.65,32000,股
2026-01-30,GEV US,GE VERNOVA INC,2.63,11000,股
2026-01-30,LRCX US,LAM RESEARCH CORP,2.08,27000,股
2026-01-30,C_NTD,CASH,2.07,197485584,元
2026-01-30,6590 JP,SHIBAURA MECHATRONICS CORP,2.0,40000,股
2026-01-30,BE US,BLOOM ENERGY CORP- A,1.99,40000,股
2026-01-30,7769,鴻勁,1.96,50000,股
2026-01-30,3017,奇鋐,1.91,125000,股
2026-01-30,ASML US,ASML HOLDING NV-NY REG SHS,1.87,4000,股
2026-01-30,KTOS US,KRATOS DEFENSE \u0026 SECURITY,1.87,55000,股
2026-01-30,4062 JP,IBIDEN CO LTD,1.85,105000,股
2026-01-30,WDC US,WESTERN DIGITAL CORP,1.81,22000,股
2026-01-30,AMD US,ADVANCEDMICRODEVICES.amdus(超微半導體公司),1.79,23000,股
2026-01-30,6515,穎崴,1.76,43000,股
2026-01-30,5706 JP,Mitsui Mining ＆ Smelting Co,1.74,40000,股
2026-01-30,RDI_JPY,RECEIVABLES FOR DISPOSAL OF INVESTMENTS,1.72,164143745,元
2026-01-30,5274,信驊,1.39,15000,股
2026-01-30,MKSI US,MKS INC,1.36,17500,股
2026-01-30,5713 JP,SUMITOMO METAL MINING CO LTD,1.3,65000,股
2026-01-30,KLAC US,KLA CORP,1.18,2500,股
2026-01-30,C_USD,CASH,0.97,2939968,元
2026-01-30,9984 JP,SOFTBANK CORP,0.91,100000,股
2026-01-30,BA/ LN,BAE SYSTEMS PLC,0.89,100000,股
2026-01-30,B US,BARRICK MINING CORP,0.87,58000,股
2026-01-30,5016 JP,JX ADVANCED METALS CORP,0.81,150000,股
2026-01-30,FLNC US,FLUENCE ENERGY INC,0.81,80000,股
2026-01-30,6525 JP,KOKUSAI ELECTRIC CORP,0.62,45000,股
2026-01-30,PL US,PLANET LABS PBC,0.62,75000,股
2026-01-30,ALAB US,ASTERA LABS INC,0.5,10000,股
2026-01-30,ALB US,ALBEMARLE CORP,0.45,8000,股
2026-01-30,M_USD,MARGIN,0.33,1000366,元
2026-01-30,RDI_NTD,RECEIVABLES FOR DISPOSAL OF INVESTMENTS,0.28,26577232,元
2026-01-30,285A JP,KIOXIA HOLDINGS CORP,0.17,3800,股
2026-01-30,C_CNH,CASH,0.0,403207,元
2026-01-30,C_EUR,CASH,0.0,9,元
2026-01-30,C_GBP,CASH,0.0,3,元
2026-01-30,C_HKD,CASH,0.0,0,元
2026-01-30,PFUR_NTD,PAYABLES FOR UNITS REDEEMED,-1.22,-116629330,元
2026-01-30,RDI_USD,RECEIVABLES FOR DISPOSAL OF INVESTMENTS,-1.84,-5594301,元
2026-02-02,MU US,MICRON TECHNOLOGY INC,8.27,58000,股
2026-02-02,GOOGL US,ALPHABETINC-CLA(Alphabet公司),5.82,52000,股
2026-02-02,LITE US,LUMENTUM HOLDINGS INC.lite us,5.52,40000,股
2026-02-02,SNDK US,SANDISK CORP,4.99,23000,股
2026-02-02,ENR GY,SIEMENS ENERGY AG,3.77,66000,股
2026-02-02,NVDA US,NVIDIACORP(輝達公司),3.54,58500,股
2026-02-02,AVGO US,BROADCOM LTD,3.45,32000,股
2026-02-02,2330,台積電,3.0,165000,股
2026-02-02,RHM GY,RHEINMETALL AG,2.97,4450,股
2026-02-02,300308 CH,ZHONGJI INNOLIGHT CO LTD-A,2.91,105000,股
2026-02-02,2308,台達電,2.9,240000,股
2026-02-02,COHR US,COHERENT INC,2.9,40000,股
2026-02-02,CIEN US,CIENA CORP,2.8,32000,股
2026-02-02,HOT GY,HOCHTIEF AG,2.76,20000,股
2026-02-02,TER US,TERADYNE INC,2.72,33500,股
2026-02-02,GEV US,GE VERNOVA INC,2.71,11000,股
2026-02-02,CCJ US,CAMECO CORP,2.59,66000,股
2026-02-02,LRCX US,LAM RESEARCH CORP,2.09,27000,股
2026-02-02,BE US,BLOOM ENERGY CORP- A,2.04,40000,股
2026-02-02,WDC US,WESTERN DIGITAL CORP,1.94,22000,股
2026-02-02,7769,鴻勁,1.93,50000,股
2026-02-02,3017,奇鋐,1.92,125000,股
2026-02-02,6590 JP,SHIBAURA MECHATRONICS CORP,1.89,40000,股
2026-02-02,ASML US,ASML HOLDING NV-NY REG SHS,1.88,4000,股
2026-02-02,AMD US,ADVANCEDMICRODEVICES.amdus(超微半導體公司),1.85,23000,股
2026-02-02,6515,穎崴,1.8,43000,股
2026-02-02,KTOS US,KRATOS DEFENSE \u0026 SECURITY,1.72,55000,股
2026-02-02,4062 JP,IBIDEN CO LTD,1.71,105000,股
2026-02-02,5706 JP,Mitsui Mining ＆ Smelting Co,1.67,40000,股
2026-02-02,5274,信驊,1.4,15000,股
2026-02-02,C_NTD,CASH,1.37,132833074,元
2026-02-02,C_USD,CASH,1.36,4185800,元
2026-02-02,MKSI US,MKS INC,1.33,17500,股
2026-02-02,5713 JP,SUMITOMO METAL MINING CO LTD,1.14,65000,股
2026-02-02,RDI_USD,RECEIVABLES FOR DISPOSAL OF INVESTMENTS,1.07,3285311,元
2026-02-02,B US,BARRICK MINING CORP,0.88,58000,股
2026-02-02,9984 JP,SOFTBANK CORP,0.86,100000,股
2026-02-02,BA/ LN,BAE SYSTEMS PLC,0.86,100000,股
2026-02-02,FLNC US,FLUENCE ENERGY INC,0.81,80000,股
2026-02-02,RDI_NTD,RECEIVABLES FOR DISPOSAL OF INVESTMENTS,0.75,73043652,元
2026-02-02,5016 JP,JX ADVANCED METALS CORP,0.74,150000,股
2026-02-02,6525 JP,KOKUSAI ELECTRIC CORP,0.57,45000,股
2026-02-02,KLAC US,KLA CORP,0.57,1250,股
2026-02-02,PL US,PLANET LABS PBC,0.56,75000,股
2026-02-02,6787 JP,MEIKO ELECTRONICS CO LTD,0.48,18000,股
2026-02-02,4971 JP,MEC CO LTD,0.46,40000,股
2026-02-02,ALB US,ALBEMARLE CORP,0.43,8000,股
2026-02-02,M_USD,MARGIN,0.33,1000366,元
2026-02-02,285A JP,KIOXIA HOLDINGS CORP,0.31,8000,股
2026-02-02,C_CNH,CASH,0.0,403358,元
2026-02-02,C_EUR,CASH,0.0,9,元
2026-02-02,C_GBP,CASH,0.0,3,元
2026-02-02,C_HKD,CASH,0.0,0,元
2026-02-02,PFUR_NTD,PAYABLES FOR UNITS REDEEMED,-1.2,-116629330,元
2026-02-02,RDI_JPY,RECEIVABLES FOR DISPOSAL OF INVESTMENTS,-5.04,-489416277,元
2026-02-03,MU US,MICRON TECHNOLOGY INC,7.78,58000,股
2026-02-03,GOOGL US,ALPHABETINC-CLA(Alphabet公司),5.65,52000,股
2026-02-03,LITE US,LUMENTUM HOLDINGS INC.lite us,5.57,40000,股
2026-02-03,SNDK US,SANDISK CORP,5.12,23000,股
2026-02-03,ENR GY,SIEMENS ENERGY AG,3.86,66000,股
2026-02-03,TER US,TERADYNE INC,3.03,33500,股
2026-02-03,2330,台積電,3.01,165000,股
2026-02-03,RHM GY,RHEINMETALL AG,2.96,4450,股
2026-02-03,2308,台達電,2.95,240000,股
2026-02-03,COHR US,COHERENT INC,2.93,40000,股
2026-02-03,NVDA US,NVIDIACORP(輝達公司),2.88,50000,股
2026-02-03,CIEN US,CIENA CORP,2.83,32000,股
2026-02-03,AVGO US,BROADCOM LTD,2.77,27000,股
2026-02-03,HOT GY,HOCHTIEF AG,2.76,20000,股
2026-02-03,GEV US,GE VERNOVA INC,2.75,11000,股
2026-02-03,CCJ US,CAMECO CORP,2.66,66000,股
2026-02-03,C_USD,CASH,2.5,7803233,元
2026-02-03,300308 CH,ZHONGJI INNOLIGHT CO LTD-A,2.45,90000,股
2026-02-03,BE US,BLOOM ENERGY CORP- A,2.16,40000,股
2026-02-03,3017,奇鋐,2.07,125000,股
2026-02-03,WDC US,WESTERN DIGITAL CORP,2.04,22000,股
2026-02-03,RDI_USD,RECEIVABLES FOR DISPOSAL OF INVESTMENTS,2.02,6323603,元
2026-02-03,LRCX US,LAM RESEARCH CORP,1.99,27000,股
2026-02-03,6590 JP,SHIBAURA MECHATRONICS CORP,1.98,40000,股
2026-02-03,7769,鴻勁,1.95,50000,股
2026-02-03,6515,穎崴,1.94,43000,股
2026-02-03,C_NTD,CASH,1.85,182802174,元
2026-02-03,4062 JP,IBIDEN CO LTD,1.81,105000,股
2026-02-03,ASML US,ASML HOLDING NV-NY REG SHS,1.79,4000,股
2026-02-03,AMD US,ADVANCEDMICRODEVICES.amdus(超微半導體公司),1.78,23000,股
2026-02-03,5706 JP,Mitsui Mining ＆ Smelting Co,1.71,40000,股
2026-02-03,5274,信驊,1.49,15000,股
2026-02-03,KTOS US,KRATOS DEFENSE \u0026 SECURITY,1.32,40000,股
2026-02-03,MKSI US,MKS INC,1.28,17500,股
2026-02-03,5713 JP,SUMITOMO METAL MINING CO LTD,1.17,65000,股
2026-02-03,9984 JP,SOFTBANK CORP,0.88,100000,股
2026-02-03,B US,BARRICK MINING CORP,0.88,58000,股
2026-02-03,FLNC US,FLUENCE ENERGY INC,0.82,80000,股
2026-02-03,5016 JP,JX ADVANCED METALS CORP,0.77,150000,股
2026-02-03,6525 JP,KOKUSAI ELECTRIC CORP,0.6,45000,股
2026-02-03,6787 JP,MEIKO ELECTRONICS CO LTD,0.58,19600,股
2026-02-03,PL US,PLANET LABS PBC,0.57,75000,股
2026-02-03,285A JP,KIOXIA HOLDINGS CORP,0.48,11300,股
2026-02-03,4971 JP,MEC CO LTD,0.48,40000,股
2026-02-03,ALB US,ALBEMARLE CORP,0.44,8000,股
2026-02-03,M_USD,MARGIN,0.32,1000366,元
2026-02-03,C_CNH,CASH,0.09,9129672,元
2026-02-03,RDI_GBP,RECEIVABLES FOR DISPOSAL OF INVESTMENTS,0.02,1922569,元
2026-02-03,C_EUR,CASH,0.0,9,元
2026-02-03,C_GBP,CASH,0.0,3,元
2026-02-03,C_HKD,CASH,0.0,0,元
2026-02-03,PFUR_NTD,PAYABLES FOR UNITS REDEEMED,-1.86,-183343938,元
2026-02-03,RDI_JPY,RECEIVABLES FOR DISPOSAL OF INVESTMENTS,-6.38,-630098532,元
2026-02-04,MU US,MICRON TECHNOLOGY INC,7.17,58000,股
2026-02-04,LITE US,LUMENTUM HOLDINGS INC.lite us,6.06,40000,股
2026-02-04,GOOGL US,ALPHABETINC-CLA(Alphabet公司),5.64,52000,股
2026-02-04,SNDK US,SANDISK CORP,4.38,23000,股
2026-02-04,ENR GY,SIEMENS ENERGY AG,4.06,71000,股
2026-02-04,C_USD,CASH,3.47,10643126,元
2026-02-04,GEV US,GE VERNOVA INC,3.16,13000,股
2026-02-04,COHR US,COHERENT INC,3.09,45000,股
2026-02-04,2330,台積電,3.04,165000,股
2026-02-04,2308,台達電,3.0,240000,股
2026-02-04,TER US,TERADYNE INC,2.94,33500,股
2026-02-04,RHM GY,RHEINMETALL AG,2.88,4450,股
2026-02-04,CCJ US,CAMECO CORP,2.84,76000,股
2026-02-04,NVDA US,NVIDIACORP(輝達公司),2.84,50000,股
2026-02-04,AVGO US,BROADCOM LTD,2.71,27000,股
2026-02-04,HOT GY,HOCHTIEF AG,2.68,20000,股
2026-02-04,CIEN US,CIENA CORP,2.64,32000,股
2026-02-04,BE US,BLOOM ENERGY CORP- A,2.26,47000,股
2026-02-04,3017,奇鋐,2.16,125000,股
2026-02-04,6515,穎崴,2.02,43000,股
2026-02-04,6590 JP,SHIBAURA MECHATRONICS CORP,1.96,40000,股
2026-02-04,7769,鴻勁,1.96,50000,股
2026-02-04,WDC US,WESTERN DIGITAL CORP,1.93,22000,股
2026-02-04,C_NTD,CASH,1.89,183559050,元
2026-02-04,LRCX US,LAM RESEARCH CORP,1.84,27000,股
2026-02-04,5706 JP,Mitsui Mining ＆ Smelting Co,1.83,40000,股
2026-02-04,ASML US,ASML HOLDING NV-NY REG SHS,1.74,4000,股
2026-02-04,300308 CH,ZHONGJI INNOLIGHT CO LTD-A,1.58,60000,股
2026-02-04,AMD US,ADVANCEDMICRODEVICES.amdus(超微半導體公司),1.5,23000,股
2026-02-04,5274,信驊,1.49,15000,股
2026-02-04,B US,BARRICK MINING CORP,1.39,90000,股
2026-02-04,5713 JP,SUMITOMO METAL MINING CO LTD,1.26,65000,股
2026-02-04,MKSI US,MKS INC,1.25,17500,股
2026-02-04,KTOS US,KRATOS DEFENSE \u0026 SECURITY,1.19,40000,股
2026-02-04,6787 JP,MEIKO ELECTRONICS CO LTD,1.12,38000,股
2026-02-04,285A JP,KIOXIA HOLDINGS CORP,1.0,23000,股
2026-02-04,FCX US,FREEPORT-MCMORAN INC,0.91,45000,股
2026-02-04,9984 JP,SOFTBANK CORP,0.88,100000,股
2026-02-04,5016 JP,JX ADVANCED METALS CORP,0.82,150000,股
2026-02-04,FLNC US,FLUENCE ENERGY INC,0.76,80000,股
2026-02-04,4062 JP,IBIDEN CO LTD,0.75,50000,股
2026-02-04,6525 JP,KOKUSAI ELECTRIC CORP,0.6,45000,股
2026-02-04,5803 JP,FUJIKURA LTD,0.57,12000,股
2026-02-04,PL US,PLANET LABS PBC,0.53,75000,股
2026-02-04,4971 JP,MEC CO LTD,0.48,40000,股
2026-02-04,ALB US,ALBEMARLE CORP,0.44,8000,股
2026-02-04,M_USD,MARGIN,0.33,1000366,元
2026-02-04,C_CNH,CASH,0.27,25692853,元
2026-02-04,RDI_GBP,RECEIVABLES FOR DISPOSAL OF INVESTMENTS,0.02,1922569,元
2026-02-04,C_EUR,CASH,0.0,9,元
2026-02-04,C_GBP,CASH,0.0,3,元
2026-02-04,C_HKD,CASH,0.0,0,元
2026-02-04,RDI_EUR,RECEIVABLES FOR DISPOSAL OF INVESTMENTS,-0.01,-768543,元
2026-02-04,PFUR_NTD,PAYABLES FOR UNITS REDEEMED,-1.53,-148062792,元
2026-02-04,RDI_USD,RECEIVABLES FOR DISPOSAL OF INVESTMENTS,-2.97,-9113632,元
2026-02-04,RDI_JPY,RECEIVABLES FOR DISPOSAL OF INVESTMENTS,-4.78,-463678913,元
2026-02-05,MU US,MICRON TECHNOLOGY INC,7.43,61000,股
2026-02-05,LITE US,LUMENTUM HOLDINGS INC.lite us,6.42,40000,股
2026-02-05,GOOGL US,ALPHABETINC-CLA(Alphabet公司),5.48,52000,股
2026-02-05,SNDK US,SANDISK CORP,4.22,23000,股
2026-02-05,ENR GY,SIEMENS ENERGY AG,4.11,75000,股
2026-02-05,C_USD,CASH,3.53,11089945,元
2026-02-05,GEV US,GE VERNOVA INC,3.05,13000,股
2026-02-05,COHR US,COHERENT INC,3.0,45000,股
2026-02-05,2330,台積電,2.93,165000,股
2026-02-05,TER US,TERADYNE INC,2.89,33500,股
2026-02-05,2308,台達電,2.77,240000,股
2026-02-05,NVDA US,NVIDIACORP(輝達公司),2.74,50000,股
2026-02-05,AVGO US,BROADCOM LTD,2.67,27000,股
2026-02-05,CCJ US,CAMECO CORP,2.64,76000,股
2026-02-05,HOT GY,HOCHTIEF AG,2.63,20000,股
2026-02-05,RHM GY,RHEINMETALL AG,2.62,4450,股
2026-02-05,CIEN US,CIENA CORP,2.58,32000,股
2026-02-05,6590 JP,SHIBAURA MECHATRONICS CORP,2.27,40000,股
2026-02-05,3017,奇鋐,2.05,125000,股
2026-02-05,C_NTD,CASH,2.05,203682244,元
2026-02-05,BE US,BLOOM ENERGY CORP- A,2.04,47000,股
2026-02-05,6515,穎崴,1.91,43000,股
2026-02-05,285A JP,KIOXIA HOLDINGS CORP,1.86,47000,股
2026-02-05,7769,鴻勁,1.86,50000,股
2026-02-05,LRCX US,LAM RESEARCH CORP,1.83,27000,股
2026-02-05,WDC US,WESTERN DIGITAL CORP,1.82,22000,股
2026-02-05,ASML US,ASML HOLDING NV-NY REG SHS,1.72,4000,股
2026-02-05,5706 JP,Mitsui Mining ＆ Smelting Co,1.71,40000,股
2026-02-05,300308 CH,ZHONGJI INNOLIGHT CO LTD-A,1.55,60000,股
2026-02-05,AMD US,ADVANCEDMICRODEVICES.amdus(超微半導體公司),1.41,23000,股
2026-02-05,5274,信驊,1.38,15000,股
2026-02-05,KTOS US,KRATOS DEFENSE \u0026 SECURITY,1.36,50000,股
2026-02-05,FCX US,FREEPORT-MCMORAN INC,1.32,70000,股
2026-02-05,B US,BARRICK MINING CORP,1.26,90000,股
2026-02-05,MKSI US,MKS INC,1.26,17500,股
2026-02-05,5713 JP,SUMITOMO METAL MINING CO LTD,1.16,65000,股
2026-02-05,6787 JP,MEIKO ELECTRONICS CO LTD,1.03,38000,股
2026-02-05,CAT US,CATERPILLAR INC,0.91,4200,股
2026-02-05,9984 JP,SOFTBANK CORP,0.79,100000,股
2026-02-05,3110 JP,NITTO BOSEKI CO LTD,0.77,22000,股
2026-02-05,5016 JP,JX ADVANCED METALS CORP,0.77,150000,股
2026-02-05,3037,欣興,0.73,200000,股
2026-02-05,6525 JP,KOKUSAI ELECTRIC CORP,0.56,45000,股
2026-02-05,5803 JP,FUJIKURA LTD,0.53,12000,股
2026-02-05,PL US,PLANET LABS PBC,0.49,75000,股
2026-02-05,FLNC US,FLUENCE ENERGY INC,0.47,78453,股
2026-02-05,4971 JP,MEC CO LTD,0.46,40000,股
2026-02-05,ALB US,ALBEMARLE CORP,0.4,8000,股
2026-02-05,M_USD,MARGIN,0.32,1000366,元
2026-02-05,C_CNH,CASH,0.17,17018225,元
2026-02-05,C_EUR,CASH,0.0,9,元
2026-02-05,C_GBP,CASH,0.0,3,元
2026-02-05,C_HKD,CASH,0.0,0,元
2026-02-05,RDI_EUR,RECEIVABLES FOR DISPOSAL OF INVESTMENTS,-0.01,-1356053,元
2026-02-05,RDI_NTD,RECEIVABLES FOR DISPOSAL OF INVESTMENTS,-0.74,-73198572,元
2026-02-05,PFUR_NTD,PAYABLES FOR UNITS REDEEMED,-1.08,-107081985,元
2026-02-05,RDI_USD,RECEIVABLES FOR DISPOSAL OF INVESTMENTS,-2.01,-6308414,元
2026-02-05,RDI_JPY,RECEIVABLES FOR DISPOSAL OF INVESTMENTS,-8.65,-860418390,元
2026-02-06,MU US,MICRON TECHNOLOGY INC,7.37,61000,股
2026-02-06,LITE US,LUMENTUM HOLDINGS INC.lite us,6.76,40000,股
2026-02-06,GOOGL US,ALPHABETINC-CLA(Alphabet公司),5.14,52000,股
2026-02-06,SNDK US,SANDISK CORP,4.21,23000,股
2026-02-06,ENR GY,SIEMENS ENERGY AG,4.12,75000,股
2026-02-06,COHR US,COHERENT INC,3.14,45000,股
2026-02-06,C_USD,CASH,3.13,10232197,元
2026-02-06,GEV US,GE VERNOVA INC,3.1,13000,股
2026-02-06,TER US,TERADYNE INC,3.08,33500,股
2026-02-06,AVGO US,BROADCOM LTD,3.0,29401,股
2026-02-06,2330,台積電,2.84,165000,股
2026-02-06,NVDA US,NVIDIACORP(輝達公司),2.84,50000,股
2026-02-06,2308,台達電,2.69,240000,股
2026-02-06,CIEN US,CIENA CORP,2.66,32000,股
2026-02-06,CCJ US,CAMECO CORP,2.65,76000,股
2026-02-06,HOT GY,HOCHTIEF AG,2.64,20000,股
2026-02-06,RHM GY,RHEINMETALL AG,2.58,4450,股
2026-02-06,C_NTD,CASH,2.52,261242113,元
2026-02-06,BE US,BLOOM ENERGY CORP- A,2.06,47000,股
2026-02-06,285A JP,KIOXIA HOLDINGS CORP,2.05,55000,股
2026-02-06,6590 JP,SHIBAURA MECHATRONICS CORP,1.98,40000,股
2026-02-06,3017,奇鋐,1.93,125000,股
2026-02-06,LRCX US,LAM RESEARCH CORP,1.91,27000,股
2026-02-06,WDC US,WESTERN DIGITAL CORP,1.9,22000,股
2026-02-06,6515,穎崴,1.87,43000,股
2026-02-06,7769,鴻勁,1.78,50000,股
2026-02-06,ASML US,ASML HOLDING NV-NY REG SHS,1.73,4000,股
2026-02-06,5706 JP,Mitsui Mining ＆ Smelting Co,1.62,40000,股
2026-02-06,AMD US,ADVANCEDMICRODEVICES.amdus(超微半導體公司),1.47,23000,股
2026-02-06,KTOS US,KRATOS DEFENSE \u0026 SECURITY,1.45,50000,股
2026-02-06,300308 CH,ZHONGJI INNOLIGHT CO LTD-A,1.43,60000,股
2026-02-06,FCX US,FREEPORT-MCMORAN INC,1.3,70000,股
2026-02-06,MKSI US,MKS INC,1.3,17500,股
2026-02-06,5274,信驊,1.29,15000,股
2026-02-06,B US,BARRICK MINING CORP,1.24,90000,股
2026-02-06,3037,欣興,1.15,350000,股
2026-02-06,5713 JP,SUMITOMO METAL MINING CO LTD,1.11,65000,股
2026-02-06,5803 JP,FUJIKURA LTD,1.09,25000,股
2026-02-06,6787 JP,MEIKO ELECTRONICS CO LTD,0.98,38000,股
2026-02-06,CAT US,CATERPILLAR INC,0.93,4200,股
2026-02-06,9984 JP,SOFTBANK CORP,0.78,100000,股
2026-02-06,5016 JP,JX ADVANCED METALS CORP,0.74,150000,股
2026-02-06,3110 JP,NITTO BOSEKI CO LTD,0.73,22000,股
2026-02-06,RDI_USD,RECEIVABLES FOR DISPOSAL OF INVESTMENTS,0.63,2059364,元
2026-02-06,6525 JP,KOKUSAI ELECTRIC CORP,0.53,45000,股
2026-02-06,PL US,PLANET LABS PBC,0.51,75000,股
2026-02-06,4971 JP,MEC CO LTD,0.44,40000,股
2026-02-06,M_USD,MARGIN,0.31,1000366,元
2026-02-06,2383,台光電,0.28,15000,股
2026-02-06,C_CNH,CASH,0.16,17018225,元
2026-02-06,C_EUR,CASH,0.0,9,元
2026-02-06,C_GBP,CASH,0.0,3,元
2026-02-06,C_HKD,CASH,0.0,0,元
2026-02-06,RDI_EUR,RECEIVABLES FOR DISPOSAL OF INVESTMENTS,-0.01,-587510,元
2026-02-06,PFUR_NTD,PAYABLES FOR UNITS REDEEMED,-0.87,-89789160,元
2026-02-06,RDI_NTD,RECEIVABLES FOR DISPOSAL OF INVESTMENTS,-1.49,-153915172,元
2026-02-06,RDI_JPY,RECEIVABLES FOR DISPOSAL OF INVESTMENTS,-8.99,-930571136,元
2026-02-09,MU US,MICRON TECHNOLOGY INC,6.95,61000,股
2026-02-09,LITE US,LUMENTUM HOLDINGS INC.lite us,6.85,40000,股
2026-02-09,GOOGL US,ALPHABETINC-CLA(Alphabet公司),4.43,46000,股
2026-02-09,ENR GY,SIEMENS ENERGY AG,4.17,75000,股
2026-02-09,SNDK US,SANDISK CORP,3.98,23000,股
2026-02-09,COHR US,COHERENT INC,3.24,45000,股
2026-02-09,GEV US,GE VERNOVA INC,3.09,13000,股
2026-02-09,TER US,TERADYNE INC,3.08,33500,股
2026-02-09,AVGO US,BROADCOM LTD,3.0,29401,股
2026-02-09,2330,台積電,2.82,165000,股
2026-02-09,NVDA US,NVIDIACORP(輝達公司),2.82,50000,股
2026-02-09,CIEN US,CIENA CORP,2.75,32000,股
2026-02-09,CCJ US,CAMECO CORP,2.72,76000,股
2026-02-09,2308,台達電,2.67,240000,股
2026-02-09,HOT GY,HOCHTIEF AG,2.66,20000,股
2026-02-09,RHM GY,RHEINMETALL AG,2.58,4450,股
2026-02-09,C_NTD,CASH,2.54,269470468,元
2026-02-09,C_USD,CASH,2.53,8500205,元
2026-02-09,6515,穎崴,2.35,53000,股
2026-02-09,BE US,BLOOM ENERGY CORP- A,2.17,47000,股
2026-02-09,6590 JP,SHIBAURA MECHATRONICS CORP,2.02,40000,股
2026-02-09,285A JP,KIOXIA HOLDINGS CORP,1.97,55000,股
2026-02-09,3017,奇鋐,1.88,125000,股
2026-02-09,WDC US,WESTERN DIGITAL CORP,1.87,22000,股
2026-02-09,LRCX US,LAM RESEARCH CORP,1.84,27000,股
2026-02-09,7769,鴻勁,1.81,50000,股
2026-02-09,5706 JP,Mitsui Mining ＆ Smelting Co,1.71,40000,股
2026-02-09,ASML US,ASML HOLDING NV-NY REG SHS,1.7,4000,股
2026-02-09,AMD US,ADVANCEDMICRODEVICES.amdus(超微半導體公司),1.48,23000,股
2026-02-09,KTOS US,KRATOS DEFENSE \u0026 SECURITY,1.47,50000,股
2026-02-09,300308 CH,ZHONGJI INNOLIGHT CO LTD-A,1.46,60000,股
2026-02-09,5803 JP,FUJIKURA LTD,1.46,35000,股
2026-02-09,5274,信驊,1.34,15000,股
2026-02-09,FCX US,FREEPORT-MCMORAN INC,1.32,70000,股
2026-02-09,MKSI US,MKS INC,1.3,17500,股
2026-02-09,B US,BARRICK MINING CORP,1.25,90000,股
2026-02-09,5713 JP,SUMITOMO METAL MINING CO LTD,1.17,65000,股
2026-02-09,6787 JP,MEIKO ELECTRONICS CO LTD,1.16,38000,股
2026-02-09,3037,欣興,1.14,350000,股
2026-02-09,CAT US,CATERPILLAR INC,0.93,4200,股
2026-02-09,9984 JP,SOFTBANK CORP,0.81,100000,股
2026-02-09,5016 JP,JX ADVANCED METALS CORP,0.77,150000,股
2026-02-09,3110 JP,NITTO BOSEKI CO LTD,0.74,22000,股
2026-02-09,TSEM US,TOWER SEMICONDUCTOR LTD,0.74,17000,股
2026-02-09,2383,台光電,0.65,33000,股
2026-02-09,6525 JP,KOKUSAI ELECTRIC CORP,0.55,45000,股
2026-02-09,PL US,PLANET LABS PBC,0.53,75000,股
2026-02-09,4971 JP,MEC CO LTD,0.46,40000,股
2026-02-09,M_USD,MARGIN,0.3,1000366,元
2026-02-09,C_CNH,CASH,0.13,13318225,元
2026-02-09,C_EUR,CASH,0.0,9,元
2026-02-09,C_GBP,CASH,0.0,3,元
2026-02-09,C_HKD,CASH,0.0,0,元
2026-02-09,RDI_USD,RECEIVABLES FOR DISPOSAL OF INVESTMENTS,-0.17,-561528,元
2026-02-09,PFUR_NTD,PAYABLES FOR UNITS REDEEMED,-1.07,-113778312,元
2026-02-09,RDI_NTD,RECEIVABLES FOR DISPOSAL OF INVESTMENTS,-1.56,-166061860,元
2026-02-09,RDI_JPY,RECEIVABLES FOR DISPOSAL OF INVESTMENTS,-6.46,-686478773,元
2026-02-10,MU US,MICRON TECHNOLOGY INC,6.81,61000,股
2026-02-10,LITE US,LUMENTUM HOLDINGS INC.lite us,6.72,40000,股
2026-02-10,ENR GY,SIEMENS ENERGY AG,4.02,75000,股
2026-02-10,GOOGL US,ALPHABETINC-CLA(Alphabet公司),3.91,41000,股
2026-02-10,SNDK US,SANDISK CORP,3.73,23000,股
2026-02-10,GEV US,GE VERNOVA INC,3.08,13000,股
2026-02-10,COHR US,COHERENT INC,3.07,45000,股
2026-02-10,TER US,TERADYNE INC,3.06,33500,股
2026-02-10,AVGO US,BROADCOM LTD,2.99,29401,股
2026-02-10,2330,台積電,2.94,165000,股
2026-02-10,CIEN US,CIENA CORP,2.86,32000,股
2026-02-10,NVDA US,NVIDIACORP(輝達公司),2.82,50000,股
2026-02-10,2308,台達電,2.7,240000,股
2026-02-10,CCJ US,CAMECO CORP,2.69,76000,股
2026-02-10,RHM GY,RHEINMETALL AG,2.58,4450,股
2026-02-10,HOT GY,HOCHTIEF AG,2.57,20000,股
2026-02-10,6515,穎崴,2.46,53000,股
2026-02-10,BE US,BLOOM ENERGY CORP- A,2.09,47000,股
2026-02-10,285A JP,KIOXIA HOLDINGS CORP,2.0,55000,股
2026-02-10,6590 JP,SHIBAURA MECHATRONICS CORP,1.94,40000,股
2026-02-10,3017,奇鋐,1.92,125000,股
2026-02-10,7769,鴻勁,1.9,50000,股
2026-02-10,LRCX US,LAM RESEARCH CORP,1.83,27000,股
2026-02-10,5706 JP,Mitsui Mining ＆ Smelting Co,1.8,40000,股
2026-02-10,WDC US,WESTERN DIGITAL CORP,1.73,22000,股
2026-02-10,ASML US,ASML HOLDING NV-NY REG SHS,1.69,4000,股
2026-02-10,5803 JP,FUJIKURA LTD,1.55,35000,股
2026-02-10,C_USD,CASH,1.53,5102396,元
2026-02-10,AMD US,ADVANCEDMICRODEVICES.amdus(超微半導體公司),1.47,23000,股
2026-02-10,TSEM US,TOWER SEMICONDUCTOR LTD,1.43,35000,股
2026-02-10,KTOS US,KRATOS DEFENSE \u0026 SECURITY,1.4,50000,股
2026-02-10,5274,信驊,1.33,15000,股
2026-02-10,FCX US,FREEPORT-MCMORAN INC,1.32,70000,股
2026-02-10,MKSI US,MKS INC,1.32,17500,股
2026-02-10,5713 JP,SUMITOMO METAL MINING CO LTD,1.28,65000,股
2026-02-10,C_NTD,CASH,1.28,135071028,元
2026-02-10,B US,BARRICK MINING CORP,1.26,90000,股
2026-02-10,3037,欣興,1.23,350000,股
2026-02-10,6787 JP,MEIKO ELECTRONICS CO LTD,1.23,38000,股
2026-02-10,CAT US,CATERPILLAR INC,0.93,4200,股
2026-02-10,9984 JP,SOFTBANK CORP,0.91,100000,股
2026-02-10,3110 JP,NITTO BOSEKI CO LTD,0.8,22000,股
2026-02-10,5016 JP,JX ADVANCED METALS CORP,0.8,150000,股
2026-02-10,2383,台光電,0.66,33000,股
2026-02-10,6525 JP,KOKUSAI ELECTRIC CORP,0.54,45000,股
2026-02-10,PL US,PLANET LABS PBC,0.51,75000,股
2026-02-10,6869 HK,YANGTZE OPTICAL FIBRE AND-H,0.5,115000,股
2026-02-10,4971 JP,MEC CO LTD,0.49,40000,股
2026-02-10,C_CNH,CASH,0.45,47167662,元
2026-02-10,M_USD,MARGIN,0.3,1000366,元
2026-02-10,C_EUR,CASH,0.0,9,元
2026-02-10,C_GBP,CASH,0.0,3,元
2026-02-10,C_HKD,CASH,0.0,0,元
2026-02-10,RDI_HKD,RECEIVABLES FOR DISPOSAL OF INVESTMENTS,-0.12,-13109134,元
2026-02-10,PFUR_NTD,PAYABLES FOR UNITS REDEEMED,-0.28,-29924664,元
2026-02-10,RDI_USD,RECEIVABLES FOR DISPOSAL OF INVESTMENTS,-0.28,-924946,元
2026-02-10,RDI_NTD,RECEIVABLES FOR DISPOSAL OF INVESTMENTS,-0.81,-85345260,元
2026-02-10,RDI_JPY,RECEIVABLES FOR DISPOSAL OF INVESTMENTS,-2.29,-241702947,元
2026-02-11,MU US,MICRON TECHNOLOGY INC,7.29,61000,股
2026-02-11,LITE US,LUMENTUM HOLDINGS INC.lite us,6.68,40000,股
2026-02-11,ENR GY,SIEMENS ENERGY AG,4.25,75000,股
2026-02-11,SNDK US,SANDISK CORP,4.01,23000,股
2026-02-11,GOOGL US,ALPHABETINC-CLA(Alphabet公司),3.71,41000,股
2026-02-11,TER US,TERADYNE INC,3.13,33500,股
2026-02-11,GEV US,GE VERNOVA INC,3.12,13000,股
2026-02-11,2330,台積電,2.93,165000,股
2026-02-11,AVGO US,BROADCOM LTD,2.93,29401,股
2026-02-11,COHR US,COHERENT INC,2.93,45000,股
2026-02-11,2308,台達電,2.8,240000,股
2026-02-11,CIEN US,CIENA CORP,2.77,32000,股
2026-02-11,NVDA US,NVIDIACORP(輝達公司),2.77,50000,股
2026-02-11,CCJ US,CAMECO CORP,2.64,76000,股
2026-02-11,HOT GY,HOCHTIEF AG,2.6,20000,股
2026-02-11,6515,穎崴,2.46,53000,股
2026-02-11,RHM GY,RHEINMETALL AG,2.46,4450,股
2026-02-11,BE US,BLOOM ENERGY CORP- A,2.13,47000,股
2026-02-11,7769,鴻勁,2.01,50000,股
2026-02-11,285A JP,KIOXIA HOLDINGS CORP,1.97,55000,股
2026-02-11,6590 JP,SHIBAURA MECHATRONICS CORP,1.92,40000,股
2026-02-11,3017,奇鋐,1.86,125000,股
2026-02-11,LRCX US,LAM RESEARCH CORP,1.85,27000,股
2026-02-11,5706 JP,Mitsui Mining ＆ Smelting Co,1.78,40000,股
2026-02-11,WDC US,WESTERN DIGITAL CORP,1.75,22000,股
2026-02-11,TSEM US,TOWER SEMICONDUCTOR LTD,1.68,43000,股
2026-02-11,ASML US,ASML HOLDING NV-NY REG SHS,1.67,4000,股
2026-02-11,C_USD,CASH,1.66,5677450,元
2026-02-11,5803 JP,FUJIKURA LTD,1.53,35000,股
2026-02-11,AMD US,ADVANCEDMICRODEVICES.amdus(超微半導體公司),1.43,23000,股
2026-02-11,5274,信驊,1.35,15000,股
2026-02-11,FCX US,FREEPORT-MCMORAN INC,1.33,70000,股
2026-02-11,MKSI US,MKS INC,1.32,17500,股
2026-02-11,KTOS US,KRATOS DEFENSE \u0026 SECURITY,1.28,50000,股
2026-02-11,5713 JP,SUMITOMO METAL MINING CO LTD,1.26,65000,股
2026-02-11,B US,BARRICK MINING CORP,1.25,90000,股
2026-02-11,6787 JP,MEIKO ELECTRONICS CO LTD,1.22,38000,股
2026-02-11,3037,欣興,1.2,350000,股
2026-02-11,CAT US,CATERPILLAR INC,0.95,4200,股
2026-02-11,9984 JP,SOFTBANK CORP,0.89,100000,股
2026-02-11,3110 JP,NITTO BOSEKI CO LTD,0.79,22000,股
2026-02-11,5016 JP,JX ADVANCED METALS CORP,0.79,150000,股
2026-02-11,C_NTD,CASH,0.79,85460166,元
2026-02-11,2383,台光電,0.67,33000,股
2026-02-11,6525 JP,KOKUSAI ELECTRIC CORP,0.53,45000,股
2026-02-11,4971 JP,MEC CO LTD,0.49,40000,股
2026-02-11,PL US,PLANET LABS PBC,0.47,75000,股
2026-02-11,6869 HK,YANGTZE OPTICAL FIBRE AND-H,0.46,115000,股
2026-02-11,C_CNH,CASH,0.34,36794193,元
2026-02-11,M_USD,MARGIN,0.29,1000366,元
2026-02-11,C_EUR,CASH,0.0,9,元
2026-02-11,C_GBP,CASH,0.0,3,元
2026-02-11,C_HKD,CASH,0.0,0,元
2026-02-11,RDI_HKD,RECEIVABLES FOR DISPOSAL OF INVESTMENTS,-0.12,-13109134,元
2026-02-11,PFUR_NTD,PAYABLES FOR UNITS REDEEMED,-0.28,-29924664,元
2026-02-11,RDI_USD,RECEIVABLES FOR DISPOSAL OF INVESTMENTS,-0.32,-1103389,元
2026-02-11,RDI_JPY,RECEIVABLES FOR DISPOSAL OF INVESTMENTS,-2.24,-241702947,元
2026-02-23,LITE US,LUMENTUM HOLDINGS INC.lite us,7.5,40000,股
2026-02-23,MU US,MICRON TECHNOLOGY INC,7.13,61000,股
2026-02-23,SNDK US,SANDISK CORP,4.26,23000,股
2026-02-23,ENR GY,SIEMENS ENERGY AG,4.08,75000,股
2026-02-23,GOOGL US,ALPHABETINC-CLA(Alphabet公司),3.55,41000,股
2026-02-23,COHR US,COHERENT INC,3.11,45000,股
2026-02-23,CIEN US,CIENA CORP,3.07,32000,股
2026-02-23,GEV US,GE VERNOVA INC,3.0,13000,股
2026-02-23,TER US,TERADYNE INC,2.96,33500,股
2026-02-23,2308,台達電,2.77,240000,股
2026-02-23,2330,台積電,2.77,165000,股
2026-02-23,AVGO US,BROADCOM LTD,2.7,29401,股
2026-02-23,NVDA US,NVIDIACORP(輝達公司),2.66,50000,股
2026-02-23,HOT GY,HOCHTIEF AG,2.64,20000,股
2026-02-23,CCJ US,CAMECO CORP,2.51,76000,股
2026-02-23,RHM GY,RHEINMETALL AG,2.49,4450,股
2026-02-23,5706 JP,Mitsui Mining ＆ Smelting Co,2.25,40000,股
2026-02-23,6515,穎崴,2.2,53000,股
2026-02-23,BE US,BLOOM ENERGY CORP- A,2.09,47000,股
2026-02-23,285A JP,KIOXIA HOLDINGS CORP,2.03,55000,股
2026-02-23,6590 JP,SHIBAURA MECHATRONICS CORP,2.01,40000,股
2026-02-23,7769,鴻勁,1.94,50000,股
2026-02-23,LRCX US,LAM RESEARCH CORP,1.82,27000,股
2026-02-23,C_USD,CASH,1.71,6157391,元
2026-02-23,WDC US,WESTERN DIGITAL CORP,1.71,22000,股
2026-02-23,3017,奇鋐,1.68,125000,股
2026-02-23,ASML US,ASML HOLDING NV-NY REG SHS,1.65,4000,股
2026-02-23,TSEM US,TOWER SEMICONDUCTOR LTD,1.52,43000,股
2026-02-23,6787 JP,MEIKO ELECTRONICS CO LTD,1.47,38000,股
2026-02-23,5803 JP,FUJIKURA LTD,1.44,35000,股
2026-02-23,KTOS US,KRATOS DEFENSE \u0026 SECURITY,1.31,50000,股
2026-02-23,5274,信驊,1.29,15000,股
2026-02-23,FCX US,FREEPORT-MCMORAN INC,1.27,70000,股
2026-02-23,RDI_USD,RECEIVABLES FOR DISPOSAL OF INVESTMENTS,1.27,4550103,元
2026-02-23,3037,欣興,1.25,350000,股
2026-02-23,MKSI US,MKS INC,1.23,17500,股
2026-02-23,5713 JP,SUMITOMO METAL MINING CO LTD,1.17,65000,股
2026-02-23,5016 JP,JX ADVANCED METALS CORP,0.91,150000,股
2026-02-23,CAT US,CATERPILLAR INC,0.88,4200,股
2026-02-23,3110 JP,NITTO BOSEKI CO LTD,0.84,22000,股
2026-02-23,9984 JP,SOFTBANK CORP,0.78,100000,股
2026-02-23,C_NTD,CASH,0.76,85460166,元
2026-02-23,2383,台光電,0.63,33000,股
2026-02-23,B US,BARRICK MINING CORP,0.62,45000,股
2026-02-23,GLW US,CORNING INC,0.61,15000,股
2026-02-23,6525 JP,KOKUSAI ELECTRIC CORP,0.52,45000,股
2026-02-23,6869 HK,YANGTZE OPTICAL FIBRE AND-H,0.52,115000,股
2026-02-23,4971 JP,MEC CO LTD,0.5,40000,股
2026-02-23,PL US,PLANET LABS PBC,0.5,75000,股
2026-02-23,M_USD,MARGIN,0.28,1000366,元
2026-02-23,C_CNH,CASH,0.03,3602107,元
2026-02-23,C_EUR,CASH,0.0,9,元
2026-02-23,C_GBP,CASH,0.0,3,元
2026-02-23,C_HKD,CASH,0.0,0,元
2026-02-23,PFUR_NTD,PAYABLES FOR UNITS REDEEMED,-0.26,-29924664,元
2026-02-24,LITE US,LUMENTUM HOLDINGS INC.lite us,7.39,40000,股
2026-02-24,MU US,MICRON TECHNOLOGY INC,6.84,61000,股
2026-02-24,ENR GY,SIEMENS ENERGY AG,3.94,75000,股
2026-02-24,SNDK US,SANDISK CORP,3.94,23000,股
2026-02-24,COHR US,COHERENT INC,3.08,45000,股
2026-02-24,GEV US,GE VERNOVA INC,3.07,13000,股
2026-02-24,TER US,TERADYNE INC,2.96,33500,股
2026-02-24,CIEN US,CIENA CORP,2.94,32000,股
2026-02-24,GOOGL US,ALPHABETINC-CLA(Alphabet公司),2.92,35000,股
2026-02-24,C_USD,CASH,2.88,10707494,元
2026-02-24,2308,台達電,2.84,240000,股
2026-02-24,2330,台積電,2.77,165000,股
2026-02-24,HOT GY,HOCHTIEF AG,2.59,20000,股
2026-02-24,NVDA US,NVIDIACORP(輝達公司),2.59,50000,股
2026-02-24,AVGO US,BROADCOM LTD,2.57,29401,股
2026-02-24,CCJ US,CAMECO CORP,2.47,76000,股
2026-02-24,RHM GY,RHEINMETALL AG,2.43,4450,股
2026-02-24,5706 JP,Mitsui Mining ＆ Smelting Co,2.29,40000,股
2026-02-24,6515,穎崴,2.16,53000,股
2026-02-24,285A JP,KIOXIA HOLDINGS CORP,2.12,55000,股
2026-02-24,BE US,BLOOM ENERGY CORP- A,2.1,47000,股
2026-02-24,6787 JP,MEIKO ELECTRONICS CO LTD,2.06,55000,股
2026-02-24,7769,鴻勁,1.97,50000,股
2026-02-24,6590 JP,SHIBAURA MECHATRONICS CORP,1.88,40000,股
2026-02-24,LRCX US,LAM RESEARCH CORP,1.77,27000,股
2026-02-24,3017,奇鋐,1.65,125000,股
2026-02-24,ASML US,ASML HOLDING NV-NY REG SHS,1.61,4000,股
2026-02-24,WDC US,WESTERN DIGITAL CORP,1.6,22000,股
2026-02-24,5803 JP,FUJIKURA LTD,1.53,35000,股
2026-02-24,TSEM US,TOWER SEMICONDUCTOR LTD,1.45,43000,股
2026-02-24,3037,欣興,1.33,350000,股
2026-02-24,FCX US,FREEPORT-MCMORAN INC,1.28,70000,股
2026-02-24,5274,信驊,1.25,15000,股
2026-02-24,5713 JP,SUMITOMO METAL MINING CO LTD,1.22,65000,股
2026-02-24,GLW US,CORNING INC,1.22,30000,股
2026-02-24,KTOS US,KRATOS DEFENSE \u0026 SECURITY,1.22,50000,股
2026-02-24,MKSI US,MKS INC,1.18,17500,股
2026-02-24,C_NTD,CASH,1.06,123683028,元
2026-02-24,3110 JP,NITTO BOSEKI CO LTD,1.0,22000,股
2026-02-24,5016 JP,JX ADVANCED METALS CORP,0.96,150000,股
2026-02-24,6227 JP,AIMECHATEC LTD,0.94,23000,股
2026-02-24,CAT US,CATERPILLAR INC,0.87,4200,股
2026-02-24,2383,台光電,0.65,33000,股
2026-02-24,5801 JP,FURUKAWA ELECTRIC CO LTD,0.56,12000,股
2026-02-24,6869 HK,YANGTZE OPTICAL FIBRE AND-H,0.51,115000,股
2026-02-24,4971 JP,MEC CO LTD,0.5,40000,股
2026-02-24,PL US,PLANET LABS PBC,0.5,75000,股
2026-02-24,RDI_USD,RECEIVABLES FOR DISPOSAL OF INVESTMENTS,0.49,1812897,元
2026-02-24,M_USD,MARGIN,0.27,1000366,元
2026-02-24,C_CNH,CASH,0.03,3602107,元
2026-02-24,C_EUR,CASH,0.0,9,元
2026-02-24,C_GBP,CASH,0.0,3,元
2026-02-24,C_HKD,CASH,0.0,0,元
2026-02-24,PFUR_NTD,PAYABLES FOR UNITS REDEEMED,-0.26,-29924664,元
2026-02-24,RDI_JPY,RECEIVABLES FOR DISPOSAL OF INVESTMENTS,-4.55,-532977132,元
2026-02-25,LITE US,LUMENTUM HOLDINGS INC.lite us,7.29,40000,股
2026-02-25,MU US,MICRON TECHNOLOGY INC,6.59,61000,股
2026-02-25,C_USD,CASH,4.67,18520335,元
2026-02-25,ENR GY,SIEMENS ENERGY AG,3.78,75000,股
2026-02-25,SNDK US,SANDISK CORP,3.66,23000,股
2026-02-25,TER US,TERADYNE INC,3.2,37000,股
2026-02-25,COHR US,COHERENT INC,3.04,45000,股
2026-02-25,GEV US,GE VERNOVA INC,2.87,13000,股
2026-02-25,CIEN US,CIENA CORP,2.85,32000,股
2026-02-25,2308,台達電,2.77,240000,股
2026-02-25,GOOGL US,ALPHABETINC-CLA(Alphabet公司),2.76,35000,股
2026-02-25,2330,台積電,2.67,165000,股
2026-02-25,HOT GY,HOCHTIEF AG,2.47,20000,股
2026-02-25,AVGO US,BROADCOM LTD,2.46,29401,股
2026-02-25,NVDA US,NVIDIACORP(輝達公司),2.46,50000,股
2026-02-25,6787 JP,MEIKO ELECTRONICS CO LTD,2.33,65000,股
2026-02-25,5706 JP,Mitsui Mining ＆ Smelting Co,2.31,40000,股
2026-02-25,CCJ US,CAMECO CORP,2.29,76000,股
2026-02-25,RHM GY,RHEINMETALL AG,2.23,4450,股
2026-02-25,6515,穎崴,2.13,53000,股
2026-02-25,BE US,BLOOM ENERGY CORP- A,2.07,47000,股
2026-02-25,7769,鴻勁,1.94,50000,股
2026-02-25,285A JP,KIOXIA HOLDINGS CORP,1.91,55000,股
2026-02-25,6590 JP,SHIBAURA MECHATRONICS CORP,1.84,40000,股
2026-02-25,LRCX US,LAM RESEARCH CORP,1.7,27000,股
2026-02-25,3017,奇鋐,1.68,125000,股
2026-02-25,WDC US,WESTERN DIGITAL CORP,1.61,22000,股
2026-02-25,ASML US,ASML HOLDING NV-NY REG SHS,1.54,4000,股
2026-02-25,5803 JP,FUJIKURA LTD,1.52,35000,股
2026-02-25,5016 JP,JX ADVANCED METALS CORP,1.48,220000,股
2026-02-25,6227 JP,AIMECHATEC LTD,1.39,35000,股
2026-02-25,3037,欣興,1.29,350000,股
2026-02-25,2383,台光電,1.26,65000,股
2026-02-25,GLW US,CORNING INC,1.24,30558,股
2026-02-25,5713 JP,SUMITOMO METAL MINING CO LTD,1.23,65000,股
2026-02-25,FCX US,FREEPORT-MCMORAN INC,1.21,70000,股
2026-02-25,5274,信驊,1.17,15000,股
2026-02-25,KTOS US,KRATOS DEFENSE \u0026 SECURITY,1.11,50000,股
2026-02-25,5801 JP,FURUKAWA ELECTRIC CO LTD,1.09,24000,股
2026-02-25,3110 JP,NITTO BOSEKI CO LTD,0.99,22000,股
2026-02-25,C_NTD,CASH,0.95,118337668,元
2026-02-25,005930 KS,samsung electronics co ltd(005930 KS),0.91,25000,股
2026-02-25,TSEM US,TOWER SEMICONDUCTOR LTD,0.89,28000,股
2026-02-25,CAT US,CATERPILLAR INC,0.81,4200,股
2026-02-25,RDI_USD,RECEIVABLES FOR DISPOSAL OF INVESTMENTS,0.77,3060832,元
2026-02-25,MKSI US,MKS INC,0.52,8000,股
2026-02-25,6869 HK,YANGTZE OPTICAL FIBRE AND-H,0.49,115000,股
2026-02-25,PL US,PLANET LABS PBC,0.47,75000,股
2026-02-25,4971 JP,MEC CO LTD,0.44,40000,股
2026-02-25,M_USD,MARGIN,0.25,1000366,元
2026-02-25,C_CNH,CASH,0.03,3602107,元
2026-02-25,C_EUR,CASH,0.0,9,元
2026-02-25,C_GBP,CASH,0.0,3,元
2026-02-25,C_HKD,CASH,0.0,0,元
2026-02-25,PFUR_NTD,PAYABLES FOR UNITS REDEEMED,-0.05,-5935512,元
2026-02-25,RDI_NTD,RECEIVABLES FOR DISPOSAL OF INVESTMENTS,-0.62,-77387310,元
2026-02-25,RDI_JPY,RECEIVABLES FOR DISPOSAL OF INVESTMENTS,-13.33,-1657738998,元
2026-02-25,RDI_KRW,RECEIVABLES FOR DISPOSAL OF INVESTMENTS,-41.09,-5110511121,元
2026-02-26,C_USD,CASH,7.46,29354237,元
2026-02-26,LITE US,LUMENTUM HOLDINGS INC.lite us,6.87,40000,股
2026-02-26,MU US,MICRON TECHNOLOGY INC,6.43,61000,股
2026-02-26,SNDK US,SANDISK CORP,3.8,23000,股
2026-02-26,ENR GY,SIEMENS ENERGY AG,3.71,75000,股
2026-02-26,TER US,TERADYNE INC,3.38,40000,股
2026-02-26,GEV US,GE VERNOVA INC,2.89,13000,股
2026-02-26,COHR US,COHERENT INC,2.86,45000,股
2026-02-26,5706 JP,Mitsui Mining ＆ Smelting Co,2.82,48000,股
2026-02-26,2308,台達電,2.79,240000,股
2026-02-26,CIEN US,CIENA CORP,2.77,32000,股
2026-02-26,GOOGL US,ALPHABETINC-CLA(Alphabet公司),2.73,35000,股
2026-02-26,2330,台積電,2.68,165000,股
2026-02-26,HOT GY,HOCHTIEF AG,2.41,20000,股
2026-02-26,AVGO US,BROADCOM LTD,2.4,29401,股
2026-02-26,3037,欣興,2.35,600000,股
2026-02-26,NVDA US,NVIDIACORP(輝達公司),2.34,50000,股
2026-02-26,6787 JP,MEIKO ELECTRONICS CO LTD,2.32,65000,股
2026-02-26,CCJ US,CAMECO CORP,2.28,76000,股
2026-02-26,RHM GY,RHEINMETALL AG,2.23,4450,股
2026-02-26,6515,穎崴,2.2,53000,股
2026-02-26,BE US,BLOOM ENERGY CORP- A,2.01,47000,股
2026-02-26,005930 KS,samsung electronics co ltd(005930 KS),1.98,50000,股
2026-02-26,7769,鴻勁,1.98,50000,股
2026-02-26,6590 JP,SHIBAURA MECHATRONICS CORP,1.95,200000,股
2026-02-26,GLW US,CORNING INC,1.93,50558,股
2026-02-26,285A JP,KIOXIA HOLDINGS CORP,1.9,55000,股
2026-02-26,3017,奇鋐,1.79,125000,股
2026-02-26,C_NTD,CASH,1.72,211912556,元
2026-02-26,LRCX US,LAM RESEARCH CORP,1.64,27000,股
2026-02-26,WDC US,WESTERN DIGITAL CORP,1.58,22000,股
2026-02-26,5803 JP,FUJIKURA LTD,1.56,35000,股
2026-02-26,3110 JP,NITTO BOSEKI CO LTD,1.53,37000,股
2026-02-26,ASML US,ASML HOLDING NV-NY REG SHS,1.49,4000,股
2026-02-26,5016 JP,JX ADVANCED METALS CORP,1.48,220000,股
2026-02-26,5801 JP,FURUKAWA ELECTRIC CO LTD,1.37,30000,股
2026-02-26,6227 JP,AIMECHATEC LTD,1.3,41000,股
2026-02-26,2383,台光電,1.29,65000,股
2026-02-26,FCX US,FREEPORT-MCMORAN INC,1.21,70000,股
2026-02-26,5713 JP,SUMITOMO METAL MINING CO LTD,1.2,65000,股
2026-02-26,5274,信驊,1.19,15000,股
2026-02-26,KTOS US,KRATOS DEFENSE \u0026 SECURITY,1.17,50000,股
2026-02-26,TSEM US,TOWER SEMICONDUCTOR LTD,0.88,28000,股
2026-02-26,CAT US,CATERPILLAR INC,0.8,4200,股
2026-02-26,6869 HK,YANGTZE OPTICAL FIBRE AND-H,0.5,115000,股
2026-02-26,PL US,PLANET LABS PBC,0.49,75000,股
2026-02-26,4971 JP,MEC CO LTD,0.46,40000,股
2026-02-26,M_USD,MARGIN,0.25,1000366,元
2026-02-26,C_CNH,CASH,0.03,3602107,元
2026-02-26,C_EUR,CASH,0.0,9,元
2026-02-26,C_GBP,CASH,0.0,3,元
2026-02-26,C_HKD,CASH,0.0,0,元
2026-02-26,PFUR_NTD,PAYABLES FOR UNITS REDEEMED,0.0,0,元
2026-02-26,RDI_USD,RECEIVABLES FOR DISPOSAL OF INVESTMENTS,-0.53,-2092473,元
2026-02-26,RDI_NTD,RECEIVABLES FOR DISPOSAL OF INVESTMENTS,-1.55,-190910669,元
2026-02-26,RDI_JPY,RECEIVABLES FOR DISPOSAL OF INVESTMENTS,-17.0,-2091181675,元
2026-02-26,RDI_KRW,RECEIVABLES FOR DISPOSAL OF INVESTMENTS,-85.33,-10496931459,元
2026-03-02,LITE US,LUMENTUM HOLDINGS INC.lite us,7.58,40000,股
2026-03-02,MU US,MICRON TECHNOLOGY INC,6.09,61000,股
2026-03-02,ENR GY,SIEMENS ENERGY AG,3.46,75000,股
2026-03-02,SNDK US,SANDISK CORP,3.45,23000,股
2026-03-02,5706 JP,Mitsui Mining ＆ Smelting Co,3.34,56000,股
2026-03-02,COHR US,COHERENT INC,3.26,45000,股
2026-03-02,TER US,TERADYNE INC,3.15,40000,股
2026-03-02,GEV US,GE VERNOVA INC,2.99,14000,股
2026-03-02,C_USD,CASH,2.96,12250969,元
2026-03-02,CIEN US,CIENA CORP,2.74,32000,股
2026-03-02,3037,欣興,2.67,720000,股
2026-03-02,2308,台達電,2.63,240000,股
2026-03-02,GOOGL US,ALPHABETINC-CLA(Alphabet公司),2.6,35000,股
2026-03-02,6787 JP,MEIKO ELECTRONICS CO LTD,2.56,65000,股
2026-03-02,2330,台積電,2.51,165000,股
2026-03-02,HOT GY,HOCHTIEF AG,2.32,20000,股
2026-03-02,CCJ US,CAMECO CORP,2.31,76000,股
2026-03-02,GLW US,CORNING INC,2.29,60000,股
2026-03-02,NVDA US,NVIDIACORP(輝達公司),2.21,50000,股
2026-03-02,5801 JP,FURUKAWA ELECTRIC CO LTD,2.07,45000,股
2026-03-02,RHM GY,RHEINMETALL AG,2.06,4450,股
2026-03-02,6515,穎崴,1.95,53000,股
2026-03-02,3110 JP,NITTO BOSEKI CO LTD,1.9,49000,股
2026-03-02,BE US,BLOOM ENERGY CORP- A,1.89,47000,股
2026-03-02,285A JP,KIOXIA HOLDINGS CORP,1.83,55000,股
2026-03-02,005930 KS,samsung electronics co ltd(005930 KS),1.8,50000,股
2026-03-02,6590 JP,SHIBAURA MECHATRONICS CORP,1.72,200000,股
2026-03-02,3017,奇鋐,1.7,125000,股
2026-03-02,5803 JP,FUJIKURA LTD,1.53,35000,股
2026-03-02,LRCX US,LAM RESEARCH CORP,1.51,27000,股
2026-03-02,5016 JP,JX ADVANCED METALS CORP,1.48,220000,股
2026-03-02,C_NTD,CASH,1.45,188924518,元
2026-03-02,WDC US,WESTERN DIGITAL CORP,1.44,22000,股
2026-03-02,FCX US,FREEPORT-MCMORAN INC,1.41,85000,股
2026-03-02,ASML US,ASML HOLDING NV-NY REG SHS,1.38,4000,股
2026-03-02,7769,鴻勁,1.35,40000,股
2026-03-02,5713 JP,SUMITOMO METAL MINING CO LTD,1.31,65000,股
2026-03-02,6227 JP,AIMECHATEC LTD,1.2,41000,股
2026-03-02,RDI_USD,RECEIVABLES FOR DISPOSAL OF INVESTMENTS,1.2,4939942,元
2026-03-02,2383,台光電,1.19,65000,股
2026-03-02,AVGO US,BROADCOM LTD,1.16,15000,股
2026-03-02,5274,信驊,1.1,15000,股
2026-03-02,KTOS US,KRATOS DEFENSE \u0026 SECURITY,1.1,50000,股
2026-03-02,CAT US,CATERPILLAR INC,0.76,4200,股
2026-03-02,6869 HK,YANGTZE OPTICAL FIBRE AND-H,0.59,115000,股
2026-03-02,PL US,PLANET LABS PBC,0.48,75000,股
2026-03-02,4971 JP,MEC CO LTD,0.44,40000,股
2026-03-02,M_USD,MARGIN,0.24,1000366,元
2026-03-02,C_CNH,CASH,0.03,3602826,元
2026-03-02,C_EUR,CASH,0.0,9,元
2026-03-02,C_GBP,CASH,0.0,3,元
2026-03-02,C_HKD,CASH,0.0,0,元
2026-03-02,PFUR_NTD,PAYABLES FOR UNITS REDEEMED,0.0,0,元
2026-03-02,RDI_NTD,RECEIVABLES FOR DISPOSAL OF INVESTMENTS,-1.0,-129464038,元
2026-03-02,RDI_JPY,RECEIVABLES FOR DISPOSAL OF INVESTMENTS,-8.08,-1050042290,元
2026-03-02,RDI_KRW,RECEIVABLES FOR DISPOSAL OF INVESTMENTS,-41.46,-5386420338,元
2026-03-03,LITE US,LUMENTUM HOLDINGS INC.lite us,7.12,40000,股
2026-03-03,C_USD,CASH,6.53,25475694,元
2026-03-03,MU US,MICRON TECHNOLOGY INC,5.94,61000,股
2026-03-03,ENR GY,SIEMENS ENERGY AG,3.48,75000,股
2026-03-03,SNDK US,SANDISK CORP,3.33,23000,股
2026-03-03,5706 JP,Mitsui Mining ＆ Smelting Co,3.3,56000,股
2026-03-03,COHR US,COHERENT INC,3.24,45000,股
2026-03-03,TER US,TERADYNE INC,3.12,40000,股
2026-03-03,GEV US,GE VERNOVA INC,3.02,14000,股
2026-03-03,CIEN US,CIENA CORP,2.73,32000,股
2026-03-03,GOOGL US,ALPHABETINC-CLA(Alphabet公司),2.72,35000,股
2026-03-03,3037,欣興,2.7,720000,股
2026-03-03,2308,台達電,2.61,240000,股
2026-03-03,2330,台積電,2.59,165000,股
2026-03-03,6787 JP,MEIKO ELECTRONICS CO LTD,2.59,71000,股
2026-03-03,005930 KS,samsung electronics co ltd(005930 KS),2.41,74000,股
2026-03-03,HOT GY,HOCHTIEF AG,2.34,20000,股
2026-03-03,NVDA US,NVIDIACORP(輝達公司),2.31,50000,股
2026-03-03,CCJ US,CAMECO CORP,2.29,76000,股
2026-03-03,GLW US,CORNING INC,2.27,60000,股
2026-03-03,5801 JP,FURUKAWA ELECTRIC CO LTD,2.14,45000,股
2026-03-03,RHM GY,RHEINMETALL AG,2.1,4450,股
2026-03-03,6515,穎崴,2.03,53000,股
2026-03-03,5016 JP,JX ADVANCED METALS CORP,1.96,280000,股
2026-03-03,3110 JP,NITTO BOSEKI CO LTD,1.86,49000,股
2026-03-03,BE US,BLOOM ENERGY CORP- A,1.84,47000,股
2026-03-03,3017,奇鋐,1.82,125000,股
2026-03-03,285A JP,KIOXIA HOLDINGS CORP,1.81,55000,股
2026-03-03,6590 JP,SHIBAURA MECHATRONICS CORP,1.73,200000,股
2026-03-03,5803 JP,FUJIKURA LTD,1.56,35000,股
2026-03-03,LRCX US,LAM RESEARCH CORP,1.5,27000,股
2026-03-03,FCX US,FREEPORT-MCMORAN INC,1.43,85000,股
2026-03-03,WDC US,WESTERN DIGITAL CORP,1.41,22000,股
2026-03-03,7769,鴻勁,1.35,40000,股
2026-03-03,6227 JP,AIMECHATEC LTD,1.29,41000,股
2026-03-03,5713 JP,SUMITOMO METAL MINING CO LTD,1.27,65000,股
2026-03-03,2383,台光電,1.22,65000,股
2026-03-03,KTOS US,KRATOS DEFENSE \u0026 SECURITY,1.14,50000,股
2026-03-03,5274,信驊,1.13,15000,股
2026-03-03,RDI_USD,RECEIVABLES FOR DISPOSAL OF INVESTMENTS,1.13,4391860,元
2026-03-03,C_NTD,CASH,0.84,103461152,元
2026-03-03,CAT US,CATERPILLAR INC,0.78,4200,股
2026-03-03,KEYS US,KEYSIGHT TECHNOLOGIES IN,0.78,10000,股
2026-03-03,ASML US,ASML HOLDING NV-NY REG SHS,0.7,2000,股
2026-03-03,6869 HK,YANGTZE OPTICAL FIBRE AND-H,0.58,115000,股
2026-03-03,PL US,PLANET LABS PBC,0.49,75000,股
2026-03-03,EXENS FP,EXOSENS SAS,0.48,25000,股
2026-03-03,4971 JP,MEC CO LTD,0.46,40000,股
2026-03-03,M_USD,MARGIN,0.26,1000366,元
2026-03-03,C_CNH,CASH,0.03,3602826,元
2026-03-03,C_EUR,CASH,0.0,9,元
2026-03-03,C_GBP,CASH,0.0,3,元
2026-03-03,C_HKD,CASH,0.0,0,元
2026-03-03,RDI_EUR,RECEIVABLES FOR DISPOSAL OF INVESTMENTS,-0.01,-1611984,元
2026-03-03,RDI_NTD,RECEIVABLES FOR DISPOSAL OF INVESTMENTS,-0.13,-15940679,元
2026-03-03,PFUR_NTD,PAYABLES FOR UNITS REDEEMED,-0.25,-31410515,元
2026-03-03,RDI_JPY,RECEIVABLES FOR DISPOSAL OF INVESTMENTS,-11.82,-1457906488,元
2026-03-03,RDI_KRW,RECEIVABLES FOR DISPOSAL OF INVESTMENTS,-40.02,-4937160311,元
2026-03-04,LITE US,LUMENTUM HOLDINGS INC.lite us,7.08,40000,股
2026-03-04,MU US,MICRON TECHNOLOGY INC,6.35,61000,股
2026-03-04,C_USD,CASH,6.01,23193173,元
2026-03-04,ENR GY,SIEMENS ENERGY AG,3.68,75000,股
2026-03-04,SNDK US,SANDISK CORP,3.58,23000,股
2026-03-04,COHR US,COHERENT INC,3.21,45000,股
2026-03-04,TER US,TERADYNE INC,3.17,40000,股
2026-03-04,GEV US,GE VERNOVA INC,3.06,14000,股
2026-03-04,5706 JP,Mitsui Mining ＆ Smelting Co,3.03,56000,股
2026-03-04,6787 JP,MEIKO ELECTRONICS CO LTD,2.87,80000,股
2026-03-04,CIEN US,CIENA CORP,2.86,32000,股
2026-03-04,GOOGL US,ALPHABETINC-CLA(Alphabet公司),2.76,35000,股
2026-03-04,005930 KS,samsung electronics co ltd(005930 KS),2.56,80000,股
2026-03-04,2330,台積電,2.52,165000,股
2026-03-04,2308,台達電,2.46,240000,股
2026-03-04,3037,欣興,2.45,720000,股
2026-03-04,GLW US,CORNING INC,2.45,65000,股
2026-03-04,HOT GY,HOCHTIEF AG,2.42,20000,股
2026-03-04,NVDA US,NVIDIACORP(輝達公司),2.38,50000,股
2026-03-04,CCJ US,CAMECO CORP,2.37,76000,股
2026-03-04,5801 JP,FURUKAWA ELECTRIC CO LTD,2.28,50000,股
2026-03-04,RHM GY,RHEINMETALL AG,2.2,4450,股
2026-03-04,3017,奇鋐,2.07,145000,股
2026-03-04,BE US,BLOOM ENERGY CORP- A,2.01,47000,股
2026-03-04,6515,穎崴,1.96,53000,股
2026-03-04,5016 JP,JX ADVANCED METALS CORP,1.81,280000,股
2026-03-04,3110 JP,NITTO BOSEKI CO LTD,1.76,49000,股
2026-03-04,285A JP,KIOXIA HOLDINGS CORP,1.75,55000,股
2026-03-04,6590 JP,SHIBAURA MECHATRONICS CORP,1.64,200000,股
2026-03-04,LRCX US,LAM RESEARCH CORP,1.56,27000,股
2026-03-04,WDC US,WESTERN DIGITAL CORP,1.49,22000,股
2026-03-04,5803 JP,FUJIKURA LTD,1.47,35000,股
2026-03-04,FCX US,FREEPORT-MCMORAN INC,1.46,85000,股
2026-03-04,7769,鴻勁,1.3,40000,股
2026-03-04,6227 JP,AIMECHATEC LTD,1.22,41000,股
2026-03-04,2383,台光電,1.16,65000,股
2026-03-04,KTOS US,KRATOS DEFENSE \u0026 SECURITY,1.16,50000,股
2026-03-04,5713 JP,SUMITOMO METAL MINING CO LTD,1.15,65000,股
2026-03-04,C_NTD,CASH,1.08,131645008,元
2026-03-04,5274,信驊,1.06,15000,股
2026-03-04,CAT US,CATERPILLAR INC,0.8,4200,股
2026-03-04,KEYS US,KEYSIGHT TECHNOLOGIES IN,0.78,10000,股
2026-03-04,6869 HK,YANGTZE OPTICAL FIBRE AND-H,0.57,115000,股
2026-03-04,PL US,PLANET LABS PBC,0.51,75000,股
2026-03-04,EXENS FP,EXOSENS SAS,0.49,25000,股
2026-03-04,SOLS US,SOLSTICE ADV MATERIALS INC,0.49,25000,股
2026-03-04,4971 JP,MEC CO LTD,0.45,40000,股
2026-03-04,M_USD,MARGIN,0.26,1000366,元
2026-03-04,RDI_USD,RECEIVABLES FOR DISPOSAL OF INVESTMENTS,0.05,183329,元
2026-03-04,C_CNH,CASH,0.03,3602826,元
2026-03-04,C_EUR,CASH,0.0,9,元
2026-03-04,C_GBP,CASH,0.0,3,元
2026-03-04,C_HKD,CASH,0.0,0,元
2026-03-04,RDI_EUR,RECEIVABLES FOR DISPOSAL OF INVESTMENTS,-0.01,-1611984,元
2026-03-04,PFUR_NTD,PAYABLES FOR UNITS REDEEMED,-0.26,-31410515,元
2026-03-04,RDI_NTD,RECEIVABLES FOR DISPOSAL OF INVESTMENTS,-0.29,-35185150,元
2026-03-04,RDI_JPY,RECEIVABLES FOR DISPOSAL OF INVESTMENTS,-6.07,-742649849,元
2026-03-04,RDI_KRW,RECEIVABLES FOR DISPOSAL OF INVESTMENTS,-49.07,-6002036512,元
2026-03-05,LITE US,LUMENTUM HOLDINGS INC.lite us,6.74,40000,股
2026-03-05,MU US,MICRON TECHNOLOGY INC,6.27,61000,股
2026-03-05,C_USD,CASH,4.03,15570640,元
2026-03-05,ENR GY,SIEMENS ENERGY AG,3.45,75000,股
2026-03-05,SNDK US,SANDISK CORP,3.37,23000,股
2026-03-05,6787 JP,MEIKO ELECTRONICS CO LTD,3.18,80000,股
2026-03-05,TER US,TERADYNE INC,3.17,40000,股
2026-03-05,5706 JP,Mitsui Mining ＆ Smelting Co,3.16,56000,股
2026-03-05,COHR US,COHERENT INC,2.96,45000,股
2026-03-05,GEV US,GE VERNOVA INC,2.96,14000,股
2026-03-05,005930 KS,samsung electronics co ltd(005930 KS),2.74,80000,股
2026-03-05,GOOGL US,ALPHABETINC-CLA(Alphabet公司),2.73,35000,股
2026-03-05,3037,欣興,2.65,720000,股
2026-03-05,2308,台達電,2.62,240000,股
2026-03-05,2330,台積電,2.56,165000,股
2026-03-05,CIEN US,CIENA CORP,2.48,32000,股
2026-03-05,NVDA US,NVIDIACORP(輝達公司),2.37,50000,股
2026-03-05,5801 JP,FURUKAWA ELECTRIC CO LTD,2.35,50000,股
2026-03-05,HOT GY,HOCHTIEF AG,2.34,20000,股
2026-03-05,GLW US,CORNING INC,2.27,65000,股
2026-03-05,CCJ US,CAMECO CORP,2.25,76000,股
2026-03-05,3017,奇鋐,2.15,145000,股
2026-03-05,6515,穎崴,2.07,53000,股
2026-03-05,RHM GY,RHEINMETALL AG,2.07,4450,股
2026-03-05,BE US,BLOOM ENERGY CORP- A,1.95,47000,股
2026-03-05,3110 JP,NITTO BOSEKI CO LTD,1.88,49000,股
2026-03-05,5016 JP,JX ADVANCED METALS CORP,1.86,280000,股
2026-03-05,285A JP,KIOXIA HOLDINGS CORP,1.84,55000,股
2026-03-05,6590 JP,SHIBAURA MECHATRONICS CORP,1.73,200000,股
2026-03-05,RDI_JPY,RECEIVABLES FOR DISPOSAL OF INVESTMENTS,1.7,207736642,元
2026-03-05,5803 JP,FUJIKURA LTD,1.52,35000,股
2026-03-05,LRCX US,LAM RESEARCH CORP,1.5,27000,股
2026-03-05,WDC US,WESTERN DIGITAL CORP,1.48,22000,股
2026-03-05,7769,鴻勁,1.39,40000,股
2026-03-05,FCX US,FREEPORT-MCMORAN INC,1.38,85000,股
2026-03-05,6227 JP,AIMECHATEC LTD,1.36,41000,股
2026-03-05,2383,台光電,1.26,65000,股
2026-03-05,5274,信驊,1.17,15000,股
2026-03-05,KTOS US,KRATOS DEFENSE \u0026 SECURITY,1.11,50000,股
2026-03-05,C_NTD,CASH,0.97,119178058,元
2026-03-05,CAT US,CATERPILLAR INC,0.77,4200,股
2026-03-05,SOLS US,SOLSTICE ADV MATERIALS INC,0.76,38000,股
2026-03-05,KEYS US,KEYSIGHT TECHNOLOGIES IN,0.74,10000,股
2026-03-05,4971 JP,MEC CO LTD,0.72,60000,股
2026-03-05,6869 HK,YANGTZE OPTICAL FIBRE AND-H,0.57,115000,股
2026-03-05,PL US,PLANET LABS PBC,0.48,75000,股
2026-03-05,EXENS FP,EXOSENS SAS,0.47,25000,股
2026-03-05,M_USD,MARGIN,0.26,1000366,元
2026-03-05,C_CNH,CASH,0.03,3602826,元
2026-03-05,C_EUR,CASH,0.0,9,元
2026-03-05,C_GBP,CASH,0.0,3,元
2026-03-05,C_HKD,CASH,0.0,0,元
2026-03-05,RDI_USD,RECEIVABLES FOR DISPOSAL OF INVESTMENTS,-0.26,-998488,元
2026-03-05,RDI_NTD,RECEIVABLES FOR DISPOSAL OF INVESTMENTS,-0.29,-35185150,元
2026-03-05,PFUR_NTD,PAYABLES FOR UNITS REDEEMED,-0.36,-43825441,元
2026-03-05,RDI_KRW,RECEIVABLES FOR DISPOSAL OF INVESTMENTS,-8.7,-1064876201,元
2026-03-06,MU US,MICRON TECHNOLOGY INC,6.04,61000,股
2026-03-06,LITE US,LUMENTUM HOLDINGS INC.lite us,5.98,40000,股
2026-03-06,ENR GY,SIEMENS ENERGY AG,3.49,75000,股
2026-03-06,6787 JP,MEIKO ELECTRONICS CO LTD,3.41,80000,股
2026-03-06,SNDK US,SANDISK CORP,3.25,23000,股
2026-03-06,C_USD,CASH,3.13,11717242,元
2026-03-06,5706 JP,Mitsui Mining ＆ Smelting Co,3.11,56000,股
2026-03-06,GEV US,GE VERNOVA INC,2.96,14000,股
2026-03-06,TER US,TERADYNE INC,2.92,40000,股
2026-03-06,COHR US,COHERENT INC,2.84,45000,股
2026-03-06,GOOGL US,ALPHABETINC-CLA(Alphabet公司),2.8,35000,股
2026-03-06,005930 KS,samsung electronics co ltd(005930 KS),2.71,80000,股
2026-03-06,2308,台達電,2.67,240000,股
2026-03-06,6515,穎崴,2.66,60000,股
2026-03-06,2330,台積電,2.63,165000,股
2026-03-06,3037,欣興,2.63,720000,股
2026-03-06,CIEN US,CIENA CORP,2.52,32000,股
2026-03-06,RDI_JPY,RECEIVABLES FOR DISPOSAL OF INVESTMENTS,2.42,286912553,元
2026-03-06,5801 JP,FURUKAWA ELECTRIC CO LTD,2.39,50000,股
2026-03-06,NVDA US,NVIDIACORP(輝達公司),2.38,50000,股
2026-03-06,HOT GY,HOCHTIEF AG,2.33,20000,股
2026-03-06,3110 JP,NITTO BOSEKI CO LTD,2.28,56500,股
2026-03-06,3017,奇鋐,2.26,145000,股
2026-03-06,CCJ US,CAMECO CORP,2.23,76000,股
2026-03-06,RHM GY,RHEINMETALL AG,2.2,4450,股
2026-03-06,GLW US,CORNING INC,2.14,65000,股
2026-03-06,5016 JP,JX ADVANCED METALS CORP,1.92,280000,股
2026-03-06,285A JP,KIOXIA HOLDINGS CORP,1.86,55000,股
2026-03-06,6590 JP,SHIBAURA MECHATRONICS CORP,1.77,200000,股
2026-03-06,BE US,BLOOM ENERGY CORP- A,1.7,47000,股
2026-03-06,6227 JP,AIMECHATEC LTD,1.57,41000,股
2026-03-06,5803 JP,FUJIKURA LTD,1.49,35000,股
2026-03-06,LRCX US,LAM RESEARCH CORP,1.44,27000,股
2026-03-06,WDC US,WESTERN DIGITAL CORP,1.44,22000,股
2026-03-06,7769,鴻勁,1.42,40000,股
2026-03-06,FCX US,FREEPORT-MCMORAN INC,1.35,85000,股
2026-03-06,2383,台光電,1.3,65000,股
2026-03-06,C_NTD,CASH,1.29,152507629,元
2026-03-06,5274,信驊,1.23,15000,股
2026-03-06,KTOS US,KRATOS DEFENSE \u0026 SECURITY,1.16,50000,股
2026-03-06,4971 JP,MEC CO LTD,0.9,71000,股
2026-03-06,CAT US,CATERPILLAR INC,0.77,4200,股
2026-03-06,KEYS US,KEYSIGHT TECHNOLOGIES IN,0.73,10000,股
2026-03-06,SOLS US,SOLSTICE ADV MATERIALS INC,0.73,38000,股
2026-03-06,6869 HK,YANGTZE OPTICAL FIBRE AND-H,0.54,115000,股
2026-03-06,PL US,PLANET LABS PBC,0.51,75000,股
2026-03-06,EXENS FP,EXOSENS SAS,0.49,25000,股
2026-03-06,M_USD,MARGIN,0.27,1000366,元
2026-03-06,C_CNH,CASH,0.03,3602826,元
2026-03-06,C_EUR,CASH,0.0,9,元
2026-03-06,C_GBP,CASH,0.0,3,元
2026-03-06,C_HKD,CASH,0.0,0,元
2026-03-06,RDI_NTD,RECEIVABLES FOR DISPOSAL OF INVESTMENTS,-0.31,-36676640,元
2026-03-06,PFUR_NTD,PAYABLES FOR UNITS REDEEMED,-0.37,-43825441,元
2026-03-09,LITE US,LUMENTUM HOLDINGS INC.lite us,6.8,40000,股
2026-03-09,MU US,MICRON TECHNOLOGY INC,6.31,61000,股
2026-03-09,C_USD,CASH,4.02,15162073,元
2026-03-09,SNDK US,SANDISK CORP,3.59,23000,股
2026-03-09,ENR GY,SIEMENS ENERGY AG,3.42,75000,股
2026-03-09,TER US,TERADYNE INC,3.15,40000,股
2026-03-09,GEV US,GE VERNOVA INC,3.09,14000,股
2026-03-09,6787 JP,MEIKO ELECTRONICS CO LTD,3.02,80000,股
2026-03-09,COHR US,COHERENT INC,3.01,45000,股
2026-03-09,GOOGL US,ALPHABETINC-CLA(Alphabet公司),2.85,35000,股
2026-03-09,5706 JP,Mitsui Mining ＆ Smelting Co,2.76,56000,股
2026-03-09,2330,台積電,2.66,177000,股
2026-03-09,6515,穎崴,2.48,60000,股
2026-03-09,005930 KS,samsung electronics co ltd(005930 KS),2.44,80000,股
2026-03-09,2308,台達電,2.43,240000,股
2026-03-09,NVDA US,NVIDIACORP(輝達公司),2.42,50000,股
2026-03-09,CCJ US,CAMECO CORP,2.34,76000,股
2026-03-09,3037,欣興,2.33,720000,股
2026-03-09,HOT GY,HOCHTIEF AG,2.27,20000,股
2026-03-09,GLW US,CORNING INC,2.23,65000,股
2026-03-09,RHM GY,RHEINMETALL AG,2.22,4450,股
2026-03-09,CIEN US,CIENA CORP,2.2,26000,股
2026-03-09,5801 JP,FURUKAWA ELECTRIC CO LTD,2.12,50000,股
2026-03-09,3017,奇鋐,2.01,145000,股
2026-03-09,3110 JP,NITTO BOSEKI CO LTD,1.96,56500,股
2026-03-09,5016 JP,JX ADVANCED METALS CORP,1.73,280000,股
2026-03-09,285A JP,KIOXIA HOLDINGS CORP,1.66,55000,股
2026-03-09,WDC US,WESTERN DIGITAL CORP,1.53,22000,股
2026-03-09,6590 JP,SHIBAURA MECHATRONICS CORP,1.52,200000,股
2026-03-09,LRCX US,LAM RESEARCH CORP,1.51,27000,股
2026-03-09,C_NTD,CASH,1.47,176554493,元
2026-03-09,6227 JP,AIMECHATEC LTD,1.4,41000,股
2026-03-09,FCX US,FREEPORT-MCMORAN INC,1.37,85000,股
2026-03-09,5803 JP,FUJIKURA LTD,1.32,35000,股
2026-03-09,7769,鴻勁,1.31,40000,股
2026-03-09,BE US,BLOOM ENERGY CORP- A,1.29,32000,股
2026-03-09,KTOS US,KRATOS DEFENSE \u0026 SECURITY,1.23,50000,股
2026-03-09,2383,台光電,1.17,65000,股
2026-03-09,5274,信驊,1.15,15000,股
2026-03-09,RDI_USD,RECEIVABLES FOR DISPOSAL OF INVESTMENTS,1.07,4026634,元
2026-03-09,CAT US,CATERPILLAR INC,0.79,4200,股
2026-03-09,4971 JP,MEC CO LTD,0.78,71000,股
2026-03-09,KEYS US,KEYSIGHT TECHNOLOGIES IN,0.75,10000,股
2026-03-09,SOLS US,SOLSTICE ADV MATERIALS INC,0.75,38000,股
2026-03-09,6869 HK,YANGTZE OPTICAL FIBRE AND-H,0.71,146000,股
2026-03-09,EXENS FP,EXOSENS SAS,0.51,25000,股
2026-03-09,PL US,PLANET LABS PBC,0.51,75000,股
2026-03-09,M_USD,MARGIN,0.27,1000366,元
2026-03-09,C_CNH,CASH,0.03,3602826,元
2026-03-09,C_EUR,CASH,0.0,9,元
2026-03-09,C_GBP,CASH,0.0,3,元
2026-03-09,C_HKD,CASH,0.0,0,元
2026-03-09,RDI_HKD,RECEIVABLES FOR DISPOSAL OF INVESTMENTS,-0.03,-4174868,元
2026-03-09,PFUR_NTD,PAYABLES FOR UNITS REDEEMED,-0.36,-43825441,元
2026-03-09,RDI_NTD,RECEIVABLES FOR DISPOSAL OF INVESTMENTS,-0.48,-58313255,元
2026-03-09,RDI_JPY,RECEIVABLES FOR DISPOSAL OF INVESTMENTS,-2.12,-255609740,元
2026-03-10,LITE US,LUMENTUM HOLDINGS INC.lite us,6.83,40000,股
2026-03-10,MU US,MICRON TECHNOLOGY INC,6.25,61000,股
2026-03-10,C_USD,CASH,5.39,21215642,元
2026-03-10,SNDK US,SANDISK CORP,3.62,23000,股
2026-03-10,ENR GY,SIEMENS ENERGY AG,3.5,75000,股
2026-03-10,6787 JP,MEIKO ELECTRONICS CO LTD,3.1,80000,股
2026-03-10,TER US,TERADYNE INC,3.06,40000,股
2026-03-10,GEV US,GE VERNOVA INC,2.99,14000,股
2026-03-10,COHR US,COHERENT INC,2.98,45000,股
2026-03-10,5706 JP,Mitsui Mining ＆ Smelting Co,2.78,56000,股
2026-03-10,GOOGL US,ALPHABETINC-CLA(Alphabet公司),2.73,35000,股
2026-03-10,005930 KS,samsung electronics co ltd(005930 KS),2.62,80000,股
2026-03-10,6515,穎崴,2.62,60000,股
2026-03-10,2330,台積電,2.61,177000,股
2026-03-10,GLW US,CORNING INC,2.6,75000,股
2026-03-10,2308,台達電,2.47,240000,股
2026-03-10,3037,欣興,2.44,720000,股
2026-03-10,5801 JP,FURUKAWA ELECTRIC CO LTD,2.43,55000,股
2026-03-10,NVDA US,NVIDIACORP(輝達公司),2.35,50000,股
2026-03-10,CCJ US,CAMECO CORP,2.32,76000,股
2026-03-10,HOT GY,HOCHTIEF AG,2.26,20000,股
2026-03-10,CIEN US,CIENA CORP,2.23,26000,股
2026-03-10,RHM GY,RHEINMETALL AG,2.17,4450,股
2026-03-10,3017,奇鋐,1.96,145000,股
2026-03-10,3110 JP,NITTO BOSEKI CO LTD,1.93,56500,股
2026-03-10,5016 JP,JX ADVANCED METALS CORP,1.77,280000,股
2026-03-10,285A JP,KIOXIA HOLDINGS CORP,1.74,55000,股
2026-03-10,6590 JP,SHIBAURA MECHATRONICS CORP,1.55,200000,股
2026-03-10,WDC US,WESTERN DIGITAL CORP,1.49,22000,股
2026-03-10,LRCX US,LAM RESEARCH CORP,1.48,27000,股
2026-03-10,6227 JP,AIMECHATEC LTD,1.45,41000,股
2026-03-10,5803 JP,FUJIKURA LTD,1.36,35000,股
2026-03-10,7769,鴻勁,1.31,40000,股
2026-03-10,C_NTD,CASH,1.28,160519494,元
2026-03-10,BE US,BLOOM ENERGY CORP- A,1.25,32000,股
2026-03-10,2383,台光電,1.23,65000,股
2026-03-10,5274,信驊,1.13,15000,股
2026-03-10,KTOS US,KRATOS DEFENSE \u0026 SECURITY,1.13,50000,股
2026-03-10,RDI_USD,RECEIVABLES FOR DISPOSAL OF INVESTMENTS,0.99,3892732,元
2026-03-10,6869 HK,YANGTZE OPTICAL FIBRE AND-H,0.84,146000,股
2026-03-10,4971 JP,MEC CO LTD,0.8,71000,股
2026-03-10,CAT US,CATERPILLAR INC,0.76,4200,股
2026-03-10,KEYS US,KEYSIGHT TECHNOLOGIES IN,0.73,10000,股
2026-03-10,SOLS US,SOLSTICE ADV MATERIALS INC,0.72,38000,股
2026-03-10,EXENS FP,EXOSENS SAS,0.66,33000,股
2026-03-10,6961 JP,ENPLAS CORP,0.63,25000,股
2026-03-10,PL US,PLANET LABS PBC,0.48,75000,股
2026-03-10,M_USD,MARGIN,0.25,1000366,元
2026-03-10,C_CNH,CASH,0.03,3602826,元
2026-03-10,C_EUR,CASH,0.0,9,元
2026-03-10,C_GBP,CASH,0.0,3,元
2026-03-10,C_HKD,CASH,0.0,0,元
2026-03-10,RDI_EUR,RECEIVABLES FOR DISPOSAL OF INVESTMENTS,0.0,-550762,元
2026-03-10,RDI_HKD,RECEIVABLES FOR DISPOSAL OF INVESTMENTS,-0.03,-4174868,元
2026-03-10,RDI_NTD,RECEIVABLES FOR DISPOSAL OF INVESTMENTS,-0.17,-21636615,元
2026-03-10,PFUR_NTD,PAYABLES FOR UNITS REDEEMED,-0.2,-24911474,元
2026-03-10,RDI_JPY,RECEIVABLES FOR DISPOSAL OF INVESTMENTS,-4.16,-521196075,元
2026-03-11,LITE US,LUMENTUM HOLDINGS INC.lite us,6.63,40000,股
2026-03-11,MU US,MICRON TECHNOLOGY INC,6.3,61000,股
2026-03-11,C_USD,CASH,6.07,24574276,元
2026-03-11,SNDK US,SANDISK CORP,3.72,23000,股
2026-03-11,ENR GY,SIEMENS ENERGY AG,3.33,75000,股
2026-03-11,GEV US,GE VERNOVA INC,3.24,15500,股
2026-03-11,TER US,TERADYNE INC,2.98,40000,股
2026-03-11,6787 JP,MEIKO ELECTRONICS CO LTD,2.95,80000,股
2026-03-11,5706 JP,Mitsui Mining ＆ Smelting Co,2.83,56000,股
2026-03-11,COHR US,COHERENT INC,2.79,45000,股
2026-03-11,6515,穎崴,2.75,60000,股
2026-03-11,GLW US,CORNING INC,2.7,83000,股
2026-03-11,2330,台積電,2.67,177000,股
2026-03-11,GOOGL US,ALPHABETINC-CLA(Alphabet公司),2.66,35000,股
2026-03-11,2308,台達電,2.61,240000,股
2026-03-11,3037,欣興,2.61,720000,股
2026-03-11,5801 JP,FURUKAWA ELECTRIC CO LTD,2.55,55000,股
2026-03-11,005930 KS,samsung electronics co ltd(005930 KS),2.54,80000,股
2026-03-11,5016 JP,JX ADVANCED METALS CORP,2.29,350000,股
2026-03-11,NVDA US,NVIDIACORP(輝達公司),2.29,50000,股
2026-03-11,HOT GY,HOCHTIEF AG,2.27,20000,股
2026-03-11,CIEN US,CIENA CORP,2.18,26000,股
2026-03-11,CCJ US,CAMECO CORP,2.16,76000,股
2026-03-11,3017,奇鋐,2.1,145000,股
2026-03-11,3110 JP,NITTO BOSEKI CO LTD,1.97,56500,股
2026-03-11,RHM GY,RHEINMETALL AG,1.94,4450,股
2026-03-11,2383,台光電,1.85,97000,股
2026-03-11,285A JP,KIOXIA HOLDINGS CORP,1.84,55000,股
2026-03-11,6227 JP,AIMECHATEC LTD,1.54,41000,股
2026-03-11,6590 JP,SHIBAURA MECHATRONICS CORP,1.5,200000,股
2026-03-11,LRCX US,LAM RESEARCH CORP,1.46,27000,股
2026-03-11,WDC US,WESTERN DIGITAL CORP,1.46,22000,股
2026-03-11,5803 JP,FUJIKURA LTD,1.4,35000,股
2026-03-11,7769,鴻勁,1.35,40000,股
2026-03-11,BE US,BLOOM ENERGY CORP- A,1.26,32000,股
2026-03-11,C_NTD,CASH,1.23,157691562,元
2026-03-11,5274,信驊,1.17,15000,股
2026-03-11,KTOS US,KRATOS DEFENSE \u0026 SECURITY,1.1,50000,股
2026-03-11,6961 JP,ENPLAS CORP,1.07,43000,股
2026-03-11,4971 JP,MEC CO LTD,0.8,71000,股
2026-03-11,6869 HK,YANGTZE OPTICAL FIBRE AND-H,0.75,146000,股
2026-03-11,CAT US,CATERPILLAR INC,0.73,4200,股
2026-03-11,KEYS US,KEYSIGHT TECHNOLOGIES IN,0.7,10000,股
2026-03-11,SOLS US,SOLSTICE ADV MATERIALS INC,0.7,38000,股
2026-03-11,EXENS FP,EXOSENS SAS,0.63,33000,股
2026-03-11,PL US,PLANET LABS PBC,0.47,75000,股
2026-03-11,M_USD,MARGIN,0.25,1000366,元
2026-03-11,C_CNH,CASH,0.03,3602826,元
2026-03-11,C_EUR,CASH,0.0,9,元
2026-03-11,C_GBP,CASH,0.0,3,元
2026-03-11,C_HKD,CASH,0.0,0,元
2026-03-11,RDI_EUR,RECEIVABLES FOR DISPOSAL OF INVESTMENTS,0.0,-550762,元
2026-03-11,PFUR_NTD,PAYABLES FOR UNITS REDEEMED,-0.34,-43982165,元
2026-03-11,RDI_USD,RECEIVABLES FOR DISPOSAL OF INVESTMENTS,-0.58,-2329568,元
2026-03-11,RDI_NTD,RECEIVABLES FOR DISPOSAL OF INVESTMENTS,-0.62,-79094015,元
2026-03-11,RDI_JPY,RECEIVABLES FOR DISPOSAL OF INVESTMENTS,-8.63,-1109615138,元
2026-03-12,MU US,MICRON TECHNOLOGY INC,6.17,61000,股
2026-03-12,LITE US,LUMENTUM HOLDINGS INC.lite us,6.15,40000,股
2026-03-12,C_USD,CASH,4.56,18294153,元
2026-03-12,SNDK US,SANDISK CORP,3.55,23000,股
2026-03-12,ENR GY,SIEMENS ENERGY AG,3.3,75000,股
2026-03-12,GEV US,GE VERNOVA INC,3.22,15500,股
2026-03-12,6515,穎崴,2.97,60000,股
2026-03-12,5706 JP,Mitsui Mining ＆ Smelting Co,2.95,60000,股
2026-03-12,GLW US,CORNING INC,2.92,90000,股
2026-03-12,6787 JP,MEIKO ELECTRONICS CO LTD,2.91,80000,股
2026-03-12,TER US,TERADYNE INC,2.86,40000,股
2026-03-12,3037,欣興,2.71,720000,股
2026-03-12,COHR US,COHERENT INC,2.71,45000,股
2026-03-12,GOOGL US,ALPHABETINC-CLA(Alphabet公司),2.65,35000,股
2026-03-12,2330,台積電,2.61,177000,股
2026-03-12,2308,台達電,2.57,240000,股
2026-03-12,005930 KS,samsung electronics co ltd(005930 KS),2.54,80000,股
2026-03-12,5801 JP,FURUKAWA ELECTRIC CO LTD,2.5,55000,股
2026-03-12,2383,台光電,2.44,120000,股
2026-03-12,NVDA US,NVIDIACORP(輝達公司),2.29,50000,股
2026-03-12,5016 JP,JX ADVANCED METALS CORP,2.22,350000,股
2026-03-12,HOT GY,HOCHTIEF AG,2.22,20000,股
2026-03-12,CCJ US,CAMECO CORP,2.19,76000,股
2026-03-12,CIEN US,CIENA CORP,2.19,26000,股
2026-03-12,3017,奇鋐,2.13,145000,股
2026-03-12,C_NTD,CASH,2.09,266469143,元
2026-03-12,3110 JP,NITTO BOSEKI CO LTD,1.93,56500,股
2026-03-12,285A JP,KIOXIA HOLDINGS CORP,1.84,55000,股
2026-03-12,RHM GY,RHEINMETALL AG,1.54,3450,股
2026-03-12,6590 JP,SHIBAURA MECHATRONICS CORP,1.5,200000,股
2026-03-12,6227 JP,AIMECHATEC LTD,1.45,41000,股
2026-03-12,WDC US,WESTERN DIGITAL CORP,1.43,22000,股
2026-03-12,5803 JP,FUJIKURA LTD,1.41,35000,股
2026-03-12,LRCX US,LAM RESEARCH CORP,1.41,27000,股
2026-03-12,7769,鴻勁,1.35,40000,股
2026-03-12,BE US,BLOOM ENERGY CORP- A,1.26,32000,股
2026-03-12,5274,信驊,1.23,15000,股
2026-03-12,KTOS US,KRATOS DEFENSE \u0026 SECURITY,1.12,50000,股
2026-03-12,6961 JP,ENPLAS CORP,1.02,43000,股
2026-03-12,4971 JP,MEC CO LTD,0.78,71000,股
2026-03-12,EXENS FP,EXOSENS SAS,0.78,40000,股
2026-03-12,6869 HK,YANGTZE OPTICAL FIBRE AND-H,0.74,146000,股
2026-03-12,KEYS US,KEYSIGHT TECHNOLOGIES IN,0.71,10000,股
2026-03-12,SOLS US,SOLSTICE ADV MATERIALS INC,0.68,38000,股
2026-03-12,PL US,PLANET LABS PBC,0.47,75000,股
2026-03-12,CRCL US,CIRCLE INTERNET GROUP INC,0.34,12000,股
2026-03-12,M_USD,MARGIN,0.25,1000366,元
2026-03-12,RDI_USD,RECEIVABLES FOR DISPOSAL OF INVESTMENTS,0.16,624391,元
2026-03-12,C_CNH,CASH,0.03,3602826,元
2026-03-12,RDI_EUR,RECEIVABLES FOR DISPOSAL OF INVESTMENTS,0.01,1081375,元
2026-03-12,C_EUR,CASH,0.0,9,元
2026-03-12,C_GBP,CASH,0.0,3,元
2026-03-12,C_HKD,CASH,0.0,0,元
2026-03-12,PFUR_NTD,PAYABLES FOR UNITS REDEEMED,-0.25,-31567239,元
2026-03-12,RDI_NTD,RECEIVABLES FOR DISPOSAL OF INVESTMENTS,-1.1,-139884745,元
2026-03-12,RDI_JPY,RECEIVABLES FOR DISPOSAL OF INVESTMENTS,-5.59,-713686683,元
2026-03-13,MU US,MICRON TECHNOLOGY INC,6.43,61000,股
2026-03-13,LITE US,LUMENTUM HOLDINGS INC.lite us,6.16,40000,股
2026-03-13,SNDK US,SANDISK CORP,3.77,23000,股
2026-03-13,C_USD,CASH,3.76,15215921,元
2026-03-13,GEV US,GE VERNOVA INC,3.09,15500,股
2026-03-13,ENR GY,SIEMENS ENERGY AG,3.07,75000,股
2026-03-13,5801 JP,FURUKAWA ELECTRIC CO LTD,3.02,63400,股
2026-03-13,5706 JP,Mitsui Mining ＆ Smelting Co,2.94,60000,股
2026-03-13,6787 JP,MEIKO ELECTRONICS CO LTD,2.94,80000,股
2026-03-13,6515,穎崴,2.92,60000,股
2026-03-13,GLW US,CORNING INC,2.88,90000,股
2026-03-13,3037,欣興,2.83,720000,股
2026-03-13,COHR US,COHERENT INC,2.7,45000,股
2026-03-13,3017,奇鋐,2.67,185000,股
2026-03-13,GOOGL US,ALPHABETINC-CLA(Alphabet公司),2.62,35000,股
2026-03-13,2308,台達電,2.57,240000,股
2026-03-13,2330,台積電,2.55,177000,股
2026-03-13,2383,台光電,2.51,120000,股
2026-03-13,C_NTD,CASH,2.47,319091223,元
2026-03-13,005930 KS,samsung electronics co ltd(005930 KS),2.44,80000,股
2026-03-13,TER US,TERADYNE INC,2.27,32000,股
2026-03-13,NVDA US,NVIDIACORP(輝達公司),2.23,50000,股
2026-03-13,5016 JP,JX ADVANCED METALS CORP,2.2,350000,股
2026-03-13,CIEN US,CIENA CORP,2.17,26000,股
2026-03-13,HOT GY,HOCHTIEF AG,2.16,20000,股
2026-03-13,CCJ US,CAMECO CORP,2.03,76000,股
2026-03-13,3110 JP,NITTO BOSEKI CO LTD,1.94,56500,股
2026-03-13,285A JP,KIOXIA HOLDINGS CORP,1.8,55000,股
2026-03-13,RDI_USD,RECEIVABLES FOR DISPOSAL OF INVESTMENTS,1.65,6686298,元
2026-03-13,RHM GY,RHEINMETALL AG,1.56,3450,股
2026-03-13,6961 JP,ENPLAS CORP,1.55,63000,股
2026-03-13,WDC US,WESTERN DIGITAL CORP,1.48,22000,股
2026-03-13,5803 JP,FUJIKURA LTD,1.44,35000,股
2026-03-13,6227 JP,AIMECHATEC LTD,1.42,41000,股
2026-03-13,6590 JP,SHIBAURA MECHATRONICS CORP,1.42,200000,股
2026-03-13,5274,信驊,1.22,15000,股
2026-03-13,7769,鴻勁,1.22,40000,股
2026-03-13,BE US,BLOOM ENERGY CORP- A,1.22,32000,股
2026-03-13,KTOS US,KRATOS DEFENSE \u0026 SECURITY,1.08,50000,股
2026-03-13,4971 JP,MEC CO LTD,0.77,71000,股
2026-03-13,EXENS FP,EXOSENS SAS,0.76,40000,股
2026-03-13,SOI FP,S.O.I.T.E.C.,0.75,45000,股
2026-03-13,6869 HK,YANGTZE OPTICAL FIBRE AND-H,0.73,146000,股
2026-03-13,CRCL US,CIRCLE INTERNET GROUP INC,0.69,24000,股
2026-03-13,KEYS US,KEYSIGHT TECHNOLOGIES IN,0.69,10000,股
2026-03-13,SOLS US,SOLSTICE ADV MATERIALS INC,0.69,38000,股
2026-03-13,PL US,PLANET LABS PBC,0.46,75000,股
2026-03-13,SMHN GY\r\n,SUSS MICROTEC SE\r\n,0.43,25000,股
2026-03-13,M_USD,MARGIN,0.25,1000366,元
2026-03-13,C_CNH,CASH,0.03,3602826,元
2026-03-13,C_EUR,CASH,0.0,9,元
2026-03-13,C_GBP,CASH,0.0,3,元
2026-03-13,C_HKD,CASH,0.0,0,元
2026-03-13,RDI_EUR,RECEIVABLES FOR DISPOSAL OF INVESTMENTS,-0.02,-3008965,元
2026-03-13,PFUR_NTD,PAYABLES FOR UNITS REDEEMED,-0.24,-31567239,元
2026-03-13,RDI_NTD,RECEIVABLES FOR DISPOSAL OF INVESTMENTS,-1.06,-137502365,元
2026-03-13,RDI_JPY,RECEIVABLES FOR DISPOSAL OF INVESTMENTS,-5.35,-691832695,元
2026-03-16,MU US,MICRON TECHNOLOGY INC,6.57,61000,股
2026-03-16,LITE US,LUMENTUM HOLDINGS INC.lite us,6.09,40000,股
2026-03-16,C_USD,CASH,5.43,22361565,元
2026-03-16,SNDK US,SANDISK CORP,4.63,27000,股
2026-03-16,6787 JP,MEIKO ELECTRONICS CO LTD,3.16,80000,股
2026-03-16,GEV US,GE VERNOVA INC,3.13,15500,股
2026-03-16,ENR GY,SIEMENS ENERGY AG,3.07,75000,股
2026-03-16,5801 JP,FURUKAWA ELECTRIC CO LTD,3.06,68000,股
2026-03-16,3037,欣興,3.01,720000,股
2026-03-16,5706 JP,Mitsui Mining ＆ Smelting Co,2.9,60000,股
2026-03-16,GLW US,CORNING INC,2.9,90000,股
2026-03-16,6515,穎崴,2.81,60000,股
2026-03-16,COHR US,COHERENT INC,2.71,45000,股
2026-03-16,GOOGL US,ALPHABETINC-CLA(Alphabet公司),2.61,35000,股
2026-03-16,3017,奇鋐,2.57,185000,股
2026-03-16,005930 KS,samsung electronics co ltd(005930 KS),2.49,80000,股
2026-03-16,2308,台達電,2.48,240000,股
2026-03-16,2330,台積電,2.48,177000,股
2026-03-16,C_NTD,CASH,2.44,321454963,元
2026-03-16,2383,台光電,2.36,120000,股
2026-03-16,CIEN US,CIENA CORP,2.31,26000,股
2026-03-16,285A JP,KIOXIA HOLDINGS CORP,2.25,65000,股
2026-03-16,NVDA US,NVIDIACORP(輝達公司),2.23,50000,股
2026-03-16,HOT GY,HOCHTIEF AG,2.19,20000,股
2026-03-16,5016 JP,JX ADVANCED METALS CORP,2.15,350000,股
2026-03-16,BE US,BLOOM ENERGY CORP- A,2.06,55000,股
2026-03-16,3110 JP,NITTO BOSEKI CO LTD,1.89,56500,股
2026-03-16,TER US,TERADYNE INC,1.6,22000,股
2026-03-16,RHM GY,RHEINMETALL AG,1.56,3450,股
2026-03-16,6961 JP,ENPLAS CORP,1.53,63000,股
2026-03-16,WDC US,WESTERN DIGITAL CORP,1.53,22000,股
2026-03-16,CCJ US,CAMECO CORP,1.51,56000,股
2026-03-16,6590 JP,SHIBAURA MECHATRONICS CORP,1.49,200000,股
2026-03-16,6227 JP,AIMECHATEC LTD,1.38,41000,股
2026-03-16,5803 JP,FUJIKURA LTD,1.37,35000,股
2026-03-16,7769,鴻勁,1.24,40000,股
2026-03-16,5274,信驊,1.17,15000,股
2026-03-16,KTOS US,KRATOS DEFENSE \u0026 SECURITY,1.09,50000,股
2026-03-16,CRCL US,CIRCLE INTERNET GROUP INC,1.07,35000,股
2026-03-16,EXENS FP,EXOSENS SAS,0.8,40000,股
2026-03-16,SOI FP,S.O.I.T.E.C.,0.79,45000,股
2026-03-16,4971 JP,MEC CO LTD,0.77,71000,股
2026-03-16,6869 HK,YANGTZE OPTICAL FIBRE AND-H,0.73,146000,股
2026-03-16,KEYS US,KEYSIGHT TECHNOLOGIES IN,0.7,10000,股
2026-03-16,SOLS US,SOLSTICE ADV MATERIALS INC,0.68,38000,股
2026-03-16,PL US,PLANET LABS PBC,0.45,75000,股
2026-03-16,SMHN GY,SUSS MICROTEC SE,0.42,25000,股
2026-03-16,M_USD,MARGIN,0.24,1000366,元
2026-03-16,C_CNH,CASH,0.03,3602826,元
2026-03-16,C_EUR,CASH,0.0,9,元
2026-03-16,C_GBP,CASH,0.0,3,元
2026-03-16,C_HKD,CASH,0.0,0,元
2026-03-16,RDI_EUR,RECEIVABLES FOR DISPOSAL OF INVESTMENTS,-0.03,-4090340,元
2026-03-16,PFUR_NTD,PAYABLES FOR UNITS REDEEMED,-0.44,-57240551,元
2026-03-16,RDI_NTD,RECEIVABLES FOR DISPOSAL OF INVESTMENTS,-0.58,-76711635,元
2026-03-16,RDI_USD,RECEIVABLES FOR DISPOSAL OF INVESTMENTS,-0.63,-2573740,元
2026-03-16,RDI_JPY,RECEIVABLES FOR DISPOSAL OF INVESTMENTS,-7.0,-920673818,元
2026-03-17,MU US,MICRON TECHNOLOGY INC,6.78,61000,股
2026-03-17,LITE US,LUMENTUM HOLDINGS INC.lite us,6.26,40000,股
2026-03-17,SNDK US,SANDISK CORP,4.68,27000,股
2026-03-17,RDI_JPY,RECEIVABLES FOR DISPOSAL OF INVESTMENTS,4.29,568569221,元
2026-03-17,GEV US,GE VERNOVA INC,3.15,15500,股
2026-03-17,ENR GY,SIEMENS ENERGY AG,3.11,75000,股
2026-03-17,6515,穎崴,3.0,60000,股
2026-03-17,005930 KS,samsung electronics co ltd(005930 KS),2.99,95000,股
2026-03-17,6787 JP,MEIKO ELECTRONICS CO LTD,2.99,80000,股
2026-03-17,3037,欣興,2.95,720000,股
2026-03-17,5801 JP,FURUKAWA ELECTRIC CO LTD,2.82,68000,股
2026-03-17,GLW US,CORNING INC,2.82,90000,股
2026-03-17,C_USD,CASH,2.78,11533313,元
2026-03-17,5706 JP,Mitsui Mining ＆ Smelting Co,2.73,60000,股
2026-03-17,3017,奇鋐,2.66,185000,股
2026-03-17,COHR US,COHERENT INC,2.66,45000,股
2026-03-17,GOOGL US,ALPHABETINC-CLA(Alphabet公司),2.62,35000,股
2026-03-17,2308,台達電,2.61,240000,股
2026-03-17,2330,台積電,2.5,177000,股
2026-03-17,2383,台光電,2.45,120000,股
2026-03-17,CIEN US,CIENA CORP,2.32,26000,股
2026-03-17,HOT GY,HOCHTIEF AG,2.22,20000,股
2026-03-17,NVDA US,NVIDIACORP(輝達公司),2.19,50000,股
2026-03-17,285A JP,KIOXIA HOLDINGS CORP,2.12,65000,股
2026-03-17,BE US,BLOOM ENERGY CORP- A,2.12,55000,股
2026-03-17,5274,信驊,2.05,24000,股
2026-03-17,5016 JP,JX ADVANCED METALS CORP,2.03,350000,股
2026-03-17,3110 JP,NITTO BOSEKI CO LTD,1.78,56500,股
2026-03-17,C_NTD,CASH,1.75,232246780,元
2026-03-17,WDC US,WESTERN DIGITAL CORP,1.66,22000,股
2026-03-17,CRCL US,CIRCLE INTERNET GROUP INC,1.59,50000,股
2026-03-17,TER US,TERADYNE INC,1.59,22000,股
2026-03-17,RHM GY,RHEINMETALL AG,1.56,3450,股
2026-03-17,6961 JP,ENPLAS CORP,1.35,63000,股
2026-03-17,5803 JP,FUJIKURA LTD,1.3,35000,股
2026-03-17,7769,鴻勁,1.28,40000,股
2026-03-17,6227 JP,AIMECHATEC LTD,1.21,41000,股
2026-03-17,KTOS US,KRATOS DEFENSE \u0026 SECURITY,1.15,50000,股
2026-03-17,CCJ US,CAMECO CORP,0.99,37000,股
2026-03-17,EXENS FP,EXOSENS SAS,0.8,40000,股
2026-03-17,SOI FP,S.O.I.T.E.C.,0.76,45000,股
2026-03-17,4971 JP,MEC CO LTD,0.73,71000,股
2026-03-17,KEYS US,KEYSIGHT TECHNOLOGIES IN,0.69,10000,股
2026-03-17,SOLS US,SOLSTICE ADV MATERIALS INC,0.69,38000,股
2026-03-17,6869 HK,YANGTZE OPTICAL FIBRE AND-H,0.63,146000,股
2026-03-17,RDI_USD,RECEIVABLES FOR DISPOSAL OF INVESTMENTS,0.51,2135137,元
2026-03-17,SMHN GY,SUSS MICROTEC SE,0.41,25000,股
2026-03-17,M_USD,MARGIN,0.24,1000366,元
2026-03-17,C_CNH,CASH,0.03,3602826,元
2026-03-17,C_EUR,CASH,0.0,9,元
2026-03-17,C_GBP,CASH,0.0,3,元
2026-03-17,C_HKD,CASH,0.0,0,元
2026-03-17,PFUR_NTD,PAYABLES FOR UNITS REDEEMED,-0.39,-51186936,元
2026-03-17,RDI_NTD,RECEIVABLES FOR DISPOSAL OF INVESTMENTS,-0.76,-101156055,元
2026-03-17,RDI_KRW,RECEIVABLES FOR DISPOSAL OF INVESTMENTS,-22.26,-2948892313,元
2026-03-18,RDI_JPY,RECEIVABLES FOR DISPOSAL OF INVESTMENTS,6.74,922677964,元
2026-03-18,MU US,MICRON TECHNOLOGY INC,6.55,61000,股
2026-03-18,LITE US,LUMENTUM HOLDINGS INC.lite us,6.52,40000,股
2026-03-18,SNDK US,SANDISK CORP,4.73,27000,股
2026-03-18,6515,穎崴,3.17,60000,股
2026-03-18,005930 KS,samsung electronics co ltd(005930 KS),3.12,95000,股
2026-03-18,6787 JP,MEIKO ELECTRONICS CO LTD,3.1,80000,股
2026-03-18,GEV US,GE VERNOVA INC,3.1,15500,股
2026-03-18,ENR GY,SIEMENS ENERGY AG,3.06,75000,股
2026-03-18,3037,欣興,3.05,720000,股
2026-03-18,5801 JP,FURUKAWA ELECTRIC CO LTD,2.86,68000,股
2026-03-18,5706 JP,Mitsui Mining ＆ Smelting Co,2.85,60000,股
2026-03-18,CIEN US,CIENA CORP,2.78,31000,股
2026-03-18,GLW US,CORNING INC,2.72,90000,股
2026-03-18,COHR US,COHERENT INC,2.69,45000,股
2026-03-18,C_USD,CASH,2.66,11445055,元
2026-03-18,2308,台達電,2.57,240000,股
2026-03-18,GOOGL US,ALPHABETINC-CLA(Alphabet公司),2.51,35000,股
2026-03-18,3017,奇鋐,2.5,185000,股
2026-03-18,BE US,BLOOM ENERGY CORP- A,2.48,68000,股
2026-03-18,2330,台積電,2.46,177000,股
2026-03-18,2383,台光電,2.37,120000,股
2026-03-18,285A JP,KIOXIA HOLDINGS CORP,2.23,65000,股
2026-03-18,HOT GY,HOCHTIEF AG,2.21,20000,股
2026-03-18,5274,信驊,2.16,24000,股
2026-03-18,5016 JP,JX ADVANCED METALS CORP,2.04,350000,股
2026-03-18,CRCL US,CIRCLE INTERNET GROUP INC,2.01,65000,股
2026-03-18,C_NTD,CASH,1.94,264895153,元
2026-03-18,3110 JP,NITTO BOSEKI CO LTD,1.85,56500,股
2026-03-18,NVDA US,NVIDIACORP(輝達公司),1.57,37500,股
2026-03-18,WDC US,WESTERN DIGITAL CORP,1.56,22000,股
2026-03-18,TER US,TERADYNE INC,1.54,22000,股
2026-03-18,RHM GY,RHEINMETALL AG,1.49,3450,股
2026-03-18,6961 JP,ENPLAS CORP,1.38,63000,股
2026-03-18,5803 JP,FUJIKURA LTD,1.32,35000,股
2026-03-18,7769,鴻勁,1.28,40000,股
2026-03-18,6227 JP,AIMECHATEC LTD,1.17,41000,股
2026-03-18,KTOS US,KRATOS DEFENSE \u0026 SECURITY,1.08,50000,股
2026-03-18,EXENS FP,EXOSENS SAS,0.78,40000,股
2026-03-18,SOI FP,S.O.I.T.E.C.,0.76,45000,股
2026-03-18,4971 JP,MEC CO LTD,0.74,71000,股
2026-03-18,009150 KS,Samsung Electro-Mechanics co(009150 ks),0.73,10000,股
2026-03-18,6869 HK,YANGTZE OPTICAL FIBRE AND-H,0.68,146000,股
2026-03-18,KEYS US,KEYSIGHT TECHNOLOGIES IN,0.66,10000,股
2026-03-18,AIXA GY,AIXTRON SE,0.65,70000,股
2026-03-18,CCJ US,CAMECO CORP,0.51,20000,股
2026-03-18,SMHN GY,SUSS MICROTEC SE,0.41,25000,股
2026-03-18,M_USD,MARGIN,0.23,1000366,元
2026-03-18,RDI_USD,RECEIVABLES FOR DISPOSAL OF INVESTMENTS,0.23,983790,元
2026-03-18,C_CNH,CASH,0.03,3602826,元
2026-03-18,C_EUR,CASH,0.0,9,元
2026-03-18,C_GBP,CASH,0.0,3,元
2026-03-18,C_HKD,CASH,0.0,0,元
2026-03-18,RDI_EUR,RECEIVABLES FOR DISPOSAL OF INVESTMENTS,-0.02,-2416987,元
2026-03-18,PFUR_NTD,PAYABLES FOR UNITS REDEEMED,-0.33,-45385025,元
2026-03-18,RDI_NTD,RECEIVABLES FOR DISPOSAL OF INVESTMENTS,-0.74,-101156055,元
2026-03-18,RDI_KRW,RECEIVABLES FOR DISPOSAL OF INVESTMENTS,-55.03,-7532370984,元
2026-03-19,LITE US,LUMENTUM HOLDINGS INC.lite us,7.16,40000,股
2026-03-19,MU US,MICRON TECHNOLOGY INC,6.28,61000,股
2026-03-19,SNDK US,SANDISK CORP,4.83,27000,股
2026-03-19,C_USD,CASH,4.36,18831646,元
2026-03-19,GEV US,GE VERNOVA INC,3.15,15500,股
2026-03-19,6515,穎崴,3.13,60000,股
2026-03-19,3037,欣興,3.03,720000,股
2026-03-19,CIEN US,CIENA CORP,2.96,31000,股
2026-03-19,6787 JP,MEIKO ELECTRONICS CO LTD,2.93,80000,股
2026-03-19,005930 KS,samsung electronics co ltd(005930 KS),2.91,95000,股
2026-03-19,5801 JP,FURUKAWA ELECTRIC CO LTD,2.9,68000,股
2026-03-19,ENR GY,SIEMENS ENERGY AG,2.9,75000,股
2026-03-19,COHR US,COHERENT INC,2.87,45000,股
2026-03-19,GLW US,CORNING INC,2.77,90000,股
2026-03-19,5706 JP,Mitsui Mining ＆ Smelting Co,2.71,60000,股
2026-03-19,3017,奇鋐,2.7,185000,股
2026-03-19,BE US,BLOOM ENERGY CORP- A,2.63,68000,股
2026-03-19,2308,台達電,2.53,240000,股
2026-03-19,2383,台光電,2.51,120000,股
2026-03-19,GOOGL US,ALPHABETINC-CLA(Alphabet公司),2.49,35000,股
2026-03-19,2330,台積電,2.37,177000,股
2026-03-19,285A JP,KIOXIA HOLDINGS CORP,2.11,65000,股
2026-03-19,HOT GY,HOCHTIEF AG,2.11,20000,股
2026-03-19,5274,信驊,2.1,24000,股
2026-03-19,CRCL US,CIRCLE INTERNET GROUP INC,1.93,65000,股
2026-03-19,5016 JP,JX ADVANCED METALS CORP,1.92,350000,股
2026-03-19,3110 JP,NITTO BOSEKI CO LTD,1.77,56500,股
2026-03-19,WDC US,WESTERN DIGITAL CORP,1.62,22000,股
2026-03-19,NVDA US,NVIDIACORP(輝達公司),1.55,37500,股
2026-03-19,TER US,TERADYNE INC,1.54,22000,股
2026-03-19,6961 JP,ENPLAS CORP,1.34,63000,股
2026-03-19,5803 JP,FUJIKURA LTD,1.29,35000,股
2026-03-19,009150 KS,Samsung Electro-Mechanics co(009150 ks),1.23,17000,股
2026-03-19,7769,鴻勁,1.21,40000,股
2026-03-19,6227 JP,AIMECHATEC LTD,1.2,41000,股
2026-03-19,KTOS US,KRATOS DEFENSE \u0026 SECURITY,1.07,50000,股
2026-03-19,C_NTD,CASH,1.02,140867506,元
2026-03-19,RHM GY,RHEINMETALL AG,0.95,2300,股
2026-03-19,EXENS FP,EXOSENS SAS,0.74,40000,股
2026-03-19,4971 JP,MEC CO LTD,0.7,71000,股
2026-03-19,KEYS US,KEYSIGHT TECHNOLOGIES IN,0.67,10000,股
2026-03-19,SOI FP,S.O.I.T.E.C.,0.65,45000,股
2026-03-19,6869 HK,YANGTZE OPTICAL FIBRE AND-H,0.63,146000,股
2026-03-19,AIXA GY,AIXTRON SE,0.61,70000,股
2026-03-19,CCJ US,CAMECO CORP,0.49,20000,股
2026-03-19,SMHN GY,SUSS MICROTEC SE,0.39,25000,股
2026-03-19,M_USD,MARGIN,0.23,1000366,元
2026-03-19,C_CNH,CASH,0.03,3602826,元
2026-03-19,C_EUR,CASH,0.0,9,元
2026-03-19,C_GBP,CASH,0.0,3,元
2026-03-19,C_HKD,CASH,0.0,0,元
2026-03-19,RDI_EUR,RECEIVABLES FOR DISPOSAL OF INVESTMENTS,0.0,-596354,元
2026-03-19,PFUR_NTD,PAYABLES FOR UNITS REDEEMED,-0.33,-45385025,元
2026-03-19,RDI_KRW,RECEIVABLES FOR DISPOSAL OF INVESTMENTS,-57.58,-7945712468,元
2026-03-20,LITE US,LUMENTUM HOLDINGS INC.lite us,6.68,40000,股
2026-03-20,MU US,MICRON TECHNOLOGY INC,6.1,61000,股
2026-03-20,SNDK US,SANDISK CORP,4.53,27000,股
2026-03-20,6515,穎崴,3.51,60000,股
2026-03-20,3017,奇鋐,3.25,215000,股
2026-03-20,GEV US,GE VERNOVA INC,3.12,15500,股
2026-03-20,C_USD,CASH,3.07,12996597,元
2026-03-20,6787 JP,MEIKO ELECTRONICS CO LTD,3.01,80000,股
2026-03-20,005930 KS,samsung electronics co ltd(005930 KS),2.99,95000,股
2026-03-20,5801 JP,FURUKAWA ELECTRIC CO LTD,2.98,68000,股
2026-03-20,3037,欣興,2.94,720000,股
2026-03-20,ENR GY,SIEMENS ENERGY AG,2.88,75000,股
2026-03-20,CIEN US,CIENA CORP,2.81,31000,股
2026-03-20,5706 JP,Mitsui Mining ＆ Smelting Co,2.78,60000,股
2026-03-20,COHR US,COHERENT INC,2.7,45000,股
2026-03-20,GLW US,CORNING INC,2.65,90000,股
2026-03-20,2308,台達電,2.61,240000,股
2026-03-20,2383,台光電,2.49,120000,股
2026-03-20,GOOGL US,ALPHABETINC-CLA(Alphabet公司),2.49,35000,股
2026-03-20,BE US,BLOOM ENERGY CORP- A,2.41,68000,股
2026-03-20,2330,台積電,2.4,177000,股
2026-03-20,285A JP,KIOXIA HOLDINGS CORP,2.17,65000,股
2026-03-20,HOT GY,HOCHTIEF AG,2.12,20000,股
2026-03-20,5274,信驊,2.08,24000,股
2026-03-20,5016 JP,JX ADVANCED METALS CORP,1.98,350000,股
2026-03-20,CRCL US,CIRCLE INTERNET GROUP INC,1.94,65000,股
2026-03-20,3110 JP,NITTO BOSEKI CO LTD,1.82,56500,股
2026-03-20,NVDA US,NVIDIACORP(輝達公司),1.53,37500,股
2026-03-20,WDC US,WESTERN DIGITAL CORP,1.52,22000,股
2026-03-20,TER US,TERADYNE INC,1.51,22000,股
2026-03-20,C_NTD,CASH,1.48,201011131,元
2026-03-20,6961 JP,ENPLAS CORP,1.38,63000,股
2026-03-20,5803 JP,FUJIKURA LTD,1.32,35000,股
2026-03-20,009150 KS,Samsung Electro-Mechanics co(009150 ks),1.24,17000,股
2026-03-20,6227 JP,AIMECHATEC LTD,1.23,41000,股
2026-03-20,7769,鴻勁,1.21,40000,股
2026-03-20,KTOS US,KRATOS DEFENSE \u0026 SECURITY,1.0,50000,股
2026-03-20,SOI FP,S.O.I.T.E.C.,0.92,65000,股
2026-03-20,EXENS FP,EXOSENS SAS,0.91,49000,股
2026-03-20,AIXA GY,AIXTRON SE,0.9,100000,股
2026-03-20,403870 KS,HPSP CO LTD,0.81,100000,股
2026-03-20,VIAV US,VIAVI SOLUTIONS INC,0.74,100000,股
2026-03-20,4971 JP,MEC CO LTD,0.72,71000,股
2026-03-20,6869 HK,YANGTZE OPTICAL FIBRE AND-H,0.68,146000,股
2026-03-20,KEYS US,KEYSIGHT TECHNOLOGIES IN,0.66,10000,股
2026-03-20,RHM GY,RHEINMETALL AG,0.47,1150,股
2026-03-20,047040 KS,DAEWOO ENGINEERING \u0026 CONSTR,0.45,150000,股
2026-03-20,SMHN GY,SUSS MICROTEC SE,0.4,25000,股
2026-03-20,M_USD,MARGIN,0.24,1000366,元
2026-03-20,C_CNH,CASH,0.03,3602826,元
2026-03-20,RDI_EUR,RECEIVABLES FOR DISPOSAL OF INVESTMENTS,0.01,852693,元
2026-03-20,C_EUR,CASH,0.0,9,元
2026-03-20,C_GBP,CASH,0.0,3,元
2026-03-20,C_HKD,CASH,0.0,0,元
2026-03-20,RDI_USD,RECEIVABLES FOR DISPOSAL OF INVESTMENTS,-0.27,-1148063,元
2026-03-20,PFUR_NTD,PAYABLES FOR UNITS REDEEMED,-0.43,-58374095,元
2026-03-20,RDI_NTD,RECEIVABLES FOR DISPOSAL OF INVESTMENTS,-0.45,-60965905,元
2026-03-20,RDI_KRW,RECEIVABLES FOR DISPOSAL OF INVESTMENTS,-83.02,-11247517016,元
2026-03-23,LITE US,LUMENTUM HOLDINGS INC.lite us,6.97,40000,股
2026-03-23,MU US,MICRON TECHNOLOGY INC,5.89,61000,股
2026-03-23,SNDK US,SANDISK CORP,4.53,27000,股
2026-03-23,6787 JP,MEIKO ELECTRONICS CO LTD,3.57,92000,股
2026-03-23,6515,穎崴,3.52,60000,股
2026-03-23,C_USD,CASH,3.46,14499249,元
2026-03-23,GEV US,GE VERNOVA INC,3.27,15500,股
2026-03-23,3017,奇鋐,3.19,215000,股
2026-03-23,ENR GY,SIEMENS ENERGY AG,3.05,75000,股
2026-03-23,CIEN US,CIENA CORP,3.02,31000,股
2026-03-23,5801 JP,FURUKAWA ELECTRIC CO LTD,2.82,68000,股
2026-03-23,GLW US,CORNING INC,2.82,90000,股
2026-03-23,005930 KS,samsung electronics co ltd(005930 KS),2.78,95000,股
2026-03-23,COHR US,COHERENT INC,2.74,45000,股
2026-03-23,2383,台光電,2.7,130000,股
2026-03-23,3037,欣興,2.67,720000,股
2026-03-23,5706 JP,Mitsui Mining ＆ Smelting Co,2.63,60000,股
2026-03-23,GOOGL US,ALPHABETINC-CLA(Alphabet公司),2.53,35000,股
2026-03-23,2308,台達電,2.51,240000,股
2026-03-23,2330,台積電,2.38,177000,股
2026-03-23,BE US,BLOOM ENERGY CORP- A,2.3,68000,股
2026-03-23,HOT GY,HOCHTIEF AG,2.17,20000,股
2026-03-23,285A JP,KIOXIA HOLDINGS CORP,2.09,65000,股
2026-03-23,RDI_JPY,RECEIVABLES FOR DISPOSAL OF INVESTMENTS,2.08,279923757,元
2026-03-23,5274,信驊,2.04,24000,股
2026-03-23,CRCL US,CIRCLE INTERNET GROUP INC,1.97,65000,股
2026-03-23,3110 JP,NITTO BOSEKI CO LTD,1.7,56500,股
2026-03-23,TER US,TERADYNE INC,1.6,22000,股
2026-03-23,NVDA US,NVIDIACORP(輝達公司),1.57,37500,股
2026-03-23,WDC US,WESTERN DIGITAL CORP,1.55,22000,股
2026-03-23,C_NTD,CASH,1.41,190023075,元
2026-03-23,6961 JP,ENPLAS CORP,1.31,63000,股
2026-03-23,5803 JP,FUJIKURA LTD,1.28,35000,股
2026-03-23,7769,鴻勁,1.17,40000,股
2026-03-23,009150 KS,Samsung Electro-Mechanics co(009150 ks),1.13,17000,股
2026-03-23,6227 JP,AIMECHATEC LTD,1.13,41000,股
2026-03-23,KTOS US,KRATOS DEFENSE \u0026 SECURITY,1.0,50000,股
2026-03-23,AIXA GY,AIXTRON SE,0.94,100000,股
2026-03-23,SOI FP,S.O.I.T.E.C.,0.93,65000,股
2026-03-23,5016 JP,JX ADVANCED METALS CORP,0.88,175000,股
2026-03-23,EXENS FP,EXOSENS SAS,0.85,49000,股
2026-03-23,VIAV US,VIAVI SOLUTIONS INC,0.8,100000,股
2026-03-23,403870 KS,HPSP CO LTD,0.78,100000,股
2026-03-23,4971 JP,MEC CO LTD,0.7,71000,股
2026-03-23,KEYS US,KEYSIGHT TECHNOLOGIES IN,0.69,10000,股
2026-03-23,6869 HK,YANGTZE OPTICAL FIBRE AND-H,0.65,146000,股
2026-03-23,RHM GY,RHEINMETALL AG,0.47,1150,股
2026-03-23,SMHN GY,SUSS MICROTEC SE,0.42,25000,股
2026-03-23,047040 KS,DAEWOO ENGINEERING \u0026 CONSTR,0.4,150000,股
2026-03-23,M_USD,MARGIN,0.24,1000366,元
2026-03-23,C_CNH,CASH,0.03,3602826,元
2026-03-23,C_EUR,CASH,0.0,9,元
2026-03-23,C_GBP,CASH,0.0,3,元
2026-03-23,C_HKD,CASH,0.0,0,元
2026-03-23,RDI_EUR,RECEIVABLES FOR DISPOSAL OF INVESTMENTS,-0.01,-967940,元
2026-03-23,PFUR_NTD,PAYABLES FOR UNITS REDEEMED,-0.24,-32700783,元
2026-03-23,RDI_NTD,RECEIVABLES FOR DISPOSAL OF INVESTMENTS,-0.66,-88913825,元
2026-03-23,RDI_KRW,RECEIVABLES FOR DISPOSAL OF INVESTMENTS,-58.59,-7885283219,元
2026-03-24,LITE US,LUMENTUM HOLDINGS INC.lite us,7.57,40000,股
2026-03-24,RDI_JPY,RECEIVABLES FOR DISPOSAL OF INVESTMENTS,6.56,890977576,元
2026-03-24,MU US,MICRON TECHNOLOGY INC,5.7,61000,股
2026-03-24,SNDK US,SANDISK CORP,4.48,27000,股
2026-03-24,6515,穎崴,3.62,60000,股
2026-03-24,6787 JP,MEIKO ELECTRONICS CO LTD,3.52,92000,股
2026-03-24,GEV US,GE VERNOVA INC,3.33,15500,股
2026-03-24,CIEN US,CIENA CORP,3.14,31000,股
2026-03-24,ENR GY,SIEMENS ENERGY AG,3.11,75000,股
2026-03-24,3017,奇鋐,3.08,215000,股
2026-03-24,GLW US,CORNING INC,3.02,90000,股
2026-03-24,COHR US,COHERENT INC,2.89,45000,股
2026-03-24,005930 KS,samsung electronics co ltd(005930 KS),2.87,95000,股
2026-03-24,5801 JP,FURUKAWA ELECTRIC CO LTD,2.84,68000,股
2026-03-24,5706 JP,Mitsui Mining ＆ Smelting Co,2.69,60000,股
2026-03-24,2383,台光電,2.57,130000,股
2026-03-24,2308,台達電,2.5,240000,股
2026-03-24,3037,欣興,2.44,720000,股
2026-03-24,GOOGL US,ALPHABETINC-CLA(Alphabet公司),2.4,35000,股
2026-03-24,2330,台積電,2.36,177000,股
2026-03-24,BE US,BLOOM ENERGY CORP- A,2.34,68000,股
2026-03-24,HOT GY,HOCHTIEF AG,2.16,20000,股
2026-03-24,285A JP,KIOXIA HOLDINGS CORP,2.04,65000,股
2026-03-24,5274,信驊,1.93,24000,股
2026-03-24,C_USD,CASH,1.92,8144496,元
2026-03-24,3110 JP,NITTO BOSEKI CO LTD,1.69,56500,股
2026-03-24,TER US,TERADYNE INC,1.66,22000,股
2026-03-24,C_NTD,CASH,1.61,219019747,元
2026-03-24,WDC US,WESTERN DIGITAL CORP,1.56,22000,股
2026-03-24,CRCL US,CIRCLE INTERNET GROUP INC,1.55,65000,股
2026-03-24,NVDA US,NVIDIACORP(輝達公司),1.55,37500,股
2026-03-24,AIXA GY,AIXTRON SE,1.43,155000,股
2026-03-24,5803 JP,FUJIKURA LTD,1.33,35000,股
2026-03-24,6961 JP,ENPLAS CORP,1.33,63000,股
2026-03-24,009150 KS,Samsung Electro-Mechanics co(009150 ks),1.18,17000,股
2026-03-24,6227 JP,AIMECHATEC LTD,1.16,41000,股
2026-03-24,7769,鴻勁,1.1,40000,股
2026-03-24,KTOS US,KRATOS DEFENSE \u0026 SECURITY,0.91,50000,股
2026-03-24,SOI FP,S.O.I.T.E.C.,0.9,65000,股
2026-03-24,2360,致茂,0.87,80000,股
2026-03-24,VIAV US,VIAVI SOLUTIONS INC,0.85,100000,股
2026-03-24,EXENS FP,EXOSENS SAS,0.83,49000,股
2026-03-24,403870 KS,HPSP CO LTD,0.77,100000,股
2026-03-24,6869 HK,YANGTZE OPTICAL FIBRE AND-H,0.73,146000,股
2026-03-24,4971 JP,MEC CO LTD,0.71,71000,股
2026-03-24,KEYS US,KEYSIGHT TECHNOLOGIES IN,0.7,10000,股
2026-03-24,FSLY US,FASTLY INC - CLASS A,0.67,100000,股
2026-03-24,RHM GY,RHEINMETALL AG,0.46,1150,股
2026-03-24,047040 KS,DAEWOO ENGINEERING \u0026 CONSTR,0.39,150000,股
2026-03-24,SMHN GY,SUSS MICROTEC SE,0.39,25000,股
2026-03-24,M_USD,MARGIN,0.24,1000366,元
2026-03-24,C_CNH,CASH,0.03,3602826,元
2026-03-24,C_EUR,CASH,0.0,9,元
2026-03-24,C_GBP,CASH,0.0,3,元
2026-03-24,C_HKD,CASH,0.0,0,元
2026-03-24,RDI_EUR,RECEIVABLES FOR DISPOSAL OF INVESTMENTS,-0.01,-1846743,元
2026-03-24,PFUR_NTD,PAYABLES FOR UNITS REDEEMED,-0.19,-26257850,元
2026-03-24,RDI_USD,RECEIVABLES FOR DISPOSAL OF INVESTMENTS,-0.67,-2824826,元
2026-03-24,RDI_NTD,RECEIVABLES FOR DISPOSAL OF INVESTMENTS,-1.1,-149504355,元
2026-03-25,LITE US,LUMENTUM HOLDINGS INC.lite us,7.18,40000,股
2026-03-25,MU US,MICRON TECHNOLOGY INC,5.38,61000,股
2026-03-25,SNDK US,SANDISK CORP,4.22,27000,股
2026-03-25,GLW US,CORNING INC,3.89,115000,股
2026-03-25,6787 JP,MEIKO ELECTRONICS CO LTD,3.8,92000,股
2026-03-25,6515,穎崴,3.67,60000,股
2026-03-25,GEV US,GE VERNOVA INC,3.3,15500,股
2026-03-25,3017,奇鋐,3.27,215000,股
2026-03-25,ENR GY,SIEMENS ENERGY AG,3.18,75000,股
2026-03-25,CIEN US,CIENA CORP,3.13,31000,股
2026-03-25,5801 JP,FURUKAWA ELECTRIC CO LTD,3.08,68000,股
2026-03-25,2383,台光電,2.86,139000,股
2026-03-25,COHR US,COHERENT INC,2.83,45000,股
2026-03-25,005930 KS,samsung electronics co ltd(005930 KS),2.8,95000,股
2026-03-25,5706 JP,Mitsui Mining ＆ Smelting Co,2.76,60000,股
2026-03-25,2308,台達電,2.69,240000,股
2026-03-25,3037,欣興,2.64,720000,股
2026-03-25,2330,台積電,2.36,177000,股
2026-03-25,BE US,BLOOM ENERGY CORP- A,2.36,68000,股
2026-03-25,HOT GY,HOCHTIEF AG,2.16,20000,股
2026-03-25,285A JP,KIOXIA HOLDINGS CORP,2.12,65000,股
2026-03-25,RDI_JPY,RECEIVABLES FOR DISPOSAL OF INVESTMENTS,2.05,282917350,元
2026-03-25,5274,信驊,2.0,24000,股
2026-03-25,RDI_USD,RECEIVABLES FOR DISPOSAL OF INVESTMENTS,1.94,8394444,元
2026-03-25,3110 JP,NITTO BOSEKI CO LTD,1.83,56500,股
2026-03-25,C_USD,CASH,1.64,7082638,元
2026-03-25,TER US,TERADYNE INC,1.64,22000,股
2026-03-25,NVDA US,NVIDIACORP(輝達公司),1.55,37500,股
2026-03-25,AIXA GY,AIXTRON SE,1.52,155000,股
2026-03-25,WDC US,WESTERN DIGITAL CORP,1.5,22000,股
2026-03-25,GOOGL US,ALPHABETINC-CLA(Alphabet公司),1.48,22000,股
2026-03-25,5803 JP,FUJIKURA LTD,1.4,35000,股
2026-03-25,6961 JP,ENPLAS CORP,1.37,63000,股
2026-03-25,C_NTD,CASH,1.29,177803047,元
2026-03-25,6227 JP,AIMECHATEC LTD,1.24,41000,股
2026-03-25,009150 KS,Samsung Electro-Mechanics co(009150 ks),1.2,17000,股
2026-03-25,7769,鴻勁,1.12,40000,股
2026-03-25,SOI FP,S.O.I.T.E.C.,0.95,65000,股
2026-03-25,2360,致茂,0.94,80000,股
2026-03-25,VIAV US,VIAVI SOLUTIONS INC,0.86,100000,股
2026-03-25,6869 HK,YANGTZE OPTICAL FIBRE AND-H,0.8,146000,股
2026-03-25,EXENS FP,EXOSENS SAS,0.8,49000,股
2026-03-25,403870 KS,HPSP CO LTD,0.77,100000,股
2026-03-25,4971 JP,MEC CO LTD,0.76,71000,股
2026-03-25,FSLY US,FASTLY INC - CLASS A,0.69,100000,股
2026-03-25,KEYS US,KEYSIGHT TECHNOLOGIES IN,0.68,10000,股
2026-03-25,AXTI US,AXT INC,0.56,36000,股
2026-03-25,268A JP,RIGAKU HOLDINGS CORP,0.48,150000,股
2026-03-25,SMHN GY,SUSS MICROTEC SE,0.4,25000,股
2026-03-25,047040 KS,DAEWOO ENGINEERING \u0026 CONSTR,0.38,150000,股
2026-03-25,M_USD,MARGIN,0.23,1000366,元
2026-03-25,C_CNH,CASH,0.03,3602826,元
2026-03-25,C_EUR,CASH,0.0,9,元
2026-03-25,C_GBP,CASH,0.0,3,元
2026-03-25,C_HKD,CASH,0.0,0,元
2026-03-25,RDI_EUR,RECEIVABLES FOR DISPOSAL OF INVESTMENTS,0.0,-138023,元
2026-03-25,PFUR_NTD,PAYABLES FOR UNITS REDEEMED,-1.01,-139141318,元
2026-03-25,RDI_NTD,RECEIVABLES FOR DISPOSAL OF INVESTMENTS,-1.07,-147377230,元
2026-03-26,LITE US,LUMENTUM HOLDINGS INC.lite us,6.65,40000,股
2026-03-26,MU US,MICRON TECHNOLOGY INC,4.72,55000,股
2026-03-26,C_USD,CASH,4.15,17179697,元
2026-03-26,6787 JP,MEIKO ELECTRONICS CO LTD,4.02,92000,股
2026-03-26,SNDK US,SANDISK CORP,3.93,27000,股
2026-03-26,GLW US,CORNING INC,3.76,115000,股
2026-03-26,3017,奇鋐,3.71,215000,股
2026-03-26,6515,穎崴,3.7,60000,股
2026-03-26,5801 JP,FURUKAWA ELECTRIC CO LTD,3.32,68000,股
2026-03-26,GEV US,GE VERNOVA INC,3.27,15500,股
2026-03-26,ENR GY,SIEMENS ENERGY AG,3.15,75000,股
2026-03-26,2383,台光電,3.1,139000,股
2026-03-26,CIEN US,CIENA CORP,2.9,31000,股
2026-03-26,5706 JP,Mitsui Mining ＆ Smelting Co,2.81,60000,股
2026-03-26,2308,台達電,2.76,240000,股
2026-03-26,005930 KS,samsung electronics co ltd(005930 KS),2.75,95000,股
2026-03-26,3037,欣興,2.74,720000,股
2026-03-26,COHR US,COHERENT INC,2.64,45000,股
2026-03-26,2330,台積電,2.47,177000,股
2026-03-26,BE US,BLOOM ENERGY CORP- A,2.19,68000,股
2026-03-26,HOT GY,HOCHTIEF AG,2.19,20000,股
2026-03-26,5274,信驊,2.1,24000,股
2026-03-26,285A JP,KIOXIA HOLDINGS CORP,2.08,65000,股
2026-03-26,TER US,TERADYNE INC,2.01,28000,股
2026-03-26,3110 JP,NITTO BOSEKI CO LTD,1.87,56500,股
2026-03-26,NVDA US,NVIDIACORP(輝達公司),1.55,37500,股
2026-03-26,AIXA GY,AIXTRON SE,1.53,155000,股
2026-03-26,5803 JP,FUJIKURA LTD,1.49,35000,股
2026-03-26,GOOGL US,ALPHABETINC-CLA(Alphabet公司),1.49,22000,股
2026-03-26,WDC US,WESTERN DIGITAL CORP,1.45,22000,股
2026-03-26,FSLY US,FASTLY INC - CLASS A,1.38,200000,股
2026-03-26,6961 JP,ENPLAS CORP,1.3,63000,股
2026-03-26,009150 KS,Samsung Electro-Mechanics co(009150 ks),1.22,17000,股
2026-03-26,7769,鴻勁,1.17,40000,股
2026-03-26,2360,致茂,0.99,80000,股
2026-03-26,SOI FP,S.O.I.T.E.C.,0.97,65000,股
2026-03-26,VIAV US,VIAVI SOLUTIONS INC,0.83,100000,股
2026-03-26,6869 HK,YANGTZE OPTICAL FIBRE AND-H,0.81,146000,股
2026-03-26,EXENS FP,EXOSENS SAS,0.8,49000,股
2026-03-26,4971 JP,MEC CO LTD,0.78,71000,股
2026-03-26,403870 KS,HPSP CO LTD,0.73,100000,股
2026-03-26,KEYS US,KEYSIGHT TECHNOLOGIES IN,0.68,10000,股
2026-03-26,BKSY US,BLACKSKY TECHNOLOGY INC,0.61,90000,股
2026-03-26,268A JP,RIGAKU HOLDINGS CORP,0.53,150000,股
2026-03-26,AXTI US,AXT INC,0.51,36000,股
2026-03-26,C_NTD,CASH,0.43,56246612,元
2026-03-26,SMHN GY,SUSS MICROTEC SE,0.4,25000,股
2026-03-26,M_USD,MARGIN,0.24,1000366,元
2026-03-26,RDI_NTD,RECEIVABLES FOR DISPOSAL OF INVESTMENTS,0.1,13479806,元
2026-03-26,C_CNH,CASH,0.03,3602826,元
2026-03-26,C_EUR,CASH,0.0,9,元
2026-03-26,C_GBP,CASH,0.0,3,元
2026-03-26,C_HKD,CASH,0.0,0,元
2026-03-26,PFUR_NTD,PAYABLES FOR UNITS REDEEMED,-1.05,-139141318,元
2026-03-27,LITE US,LUMENTUM HOLDINGS INC.lite us,7.75,46000,股
2026-03-27,MU US,MICRON TECHNOLOGY INC,4.71,55000,股
2026-03-27,SNDK US,SANDISK CORP,4.43,30000,股
2026-03-27,6787 JP,MEIKO ELECTRONICS CO LTD,4.16,97000,股
2026-03-27,GLW US,CORNING INC,3.77,115000,股
2026-03-27,6515,穎崴,3.57,60000,股
2026-03-27,3017,奇鋐,3.55,215000,股
2026-03-27,CIEN US,CIENA CORP,3.27,34000,股
2026-03-27,GEV US,GE VERNOVA INC,3.17,15500,股
2026-03-27,5801 JP,FURUKAWA ELECTRIC CO LTD,3.15,68000,股
2026-03-27,2383,台光電,3.04,139000,股
2026-03-27,ENR GY,SIEMENS ENERGY AG,2.99,75000,股
2026-03-27,5706 JP,Mitsui Mining ＆ Smelting Co,2.81,60000,股
2026-03-27,3037,欣興,2.73,720000,股
2026-03-27,2308,台達電,2.72,240000,股
2026-03-27,005930 KS,samsung electronics co ltd(005930 KS),2.67,95000,股
2026-03-27,COHR US,COHERENT INC,2.63,45000,股
2026-03-27,2330,台積電,2.42,177000,股
2026-03-27,BE US,BLOOM ENERGY CORP- A,2.17,68000,股
2026-03-27,HOT GY,HOCHTIEF AG,2.09,20000,股
2026-03-27,5274,信驊,2.08,24000,股
2026-03-27,285A JP,KIOXIA HOLDINGS CORP,1.98,65000,股
2026-03-27,TER US,TERADYNE INC,1.98,28000,股
2026-03-27,3110 JP,NITTO BOSEKI CO LTD,1.82,56500,股
2026-03-27,C_NTD,CASH,1.81,241135747,元
2026-03-27,FSLY US,FASTLY INC - CLASS A,1.64,250000,股
2026-03-27,NVDA US,NVIDIACORP(輝達公司),1.51,37500,股
2026-03-27,2360,致茂,1.46,120000,股
2026-03-27,5803 JP,FUJIKURA LTD,1.45,35000,股
2026-03-27,AIXA GY,AIXTRON SE,1.45,155000,股
2026-03-27,WDC US,WESTERN DIGITAL CORP,1.45,22000,股
2026-03-27,C_USD,CASH,1.2,5012757,元
2026-03-27,009150 KS,Samsung Electro-Mechanics co(009150 ks),1.15,17000,股
2026-03-27,7769,鴻勁,1.14,40000,股
2026-03-27,SOI FP,S.O.I.T.E.C.,0.97,65000,股
2026-03-27,GOOGL US,ALPHABETINC-CLA(Alphabet公司),0.92,14000,股
2026-03-27,VIAV US,VIAVI SOLUTIONS INC,0.83,100000,股
2026-03-27,6869 HK,YANGTZE OPTICAL FIBRE AND-H,0.77,146000,股
2026-03-27,4971 JP,MEC CO LTD,0.75,71000,股
2026-03-27,403870 KS,HPSP CO LTD,0.72,100000,股
2026-03-27,KEYS US,KEYSIGHT TECHNOLOGIES IN,0.67,10000,股
2026-03-27,EXENS FP,EXOSENS SAS,0.59,37000,股
2026-03-27,AXTI US,AXT INC,0.52,36000,股
2026-03-27,268A JP,RIGAKU HOLDINGS CORP,0.51,150000,股
2026-03-27,BKSY US,BLACKSKY TECHNOLOGY INC,0.5,90000,股
2026-03-27,6961 JP,ENPLAS CORP,0.38,20000,股
2026-03-27,SMHN GY,SUSS MICROTEC SE,0.36,25000,股
2026-03-27,RDI_NTD,RECEIVABLES FOR DISPOSAL OF INVESTMENTS,0.27,36103728,元
2026-03-27,M_USD,MARGIN,0.24,1000366,元
2026-03-27,C_CNH,CASH,0.03,3602826,元
2026-03-27,C_EUR,CASH,0.0,9,元
2026-03-27,C_GBP,CASH,0.0,3,元
2026-03-27,C_HKD,CASH,0.0,0,元
2026-03-27,PFUR_NTD,PAYABLES FOR UNITS REDEEMED,-0.95,-126152248,元
2026-03-30,LITE US,LUMENTUM HOLDINGS INC.lite us,7.88,48800,股
2026-03-30,MU US,MICRON TECHNOLOGY INC,4.37,55000,股
2026-03-30,SNDK US,SANDISK CORP,4.24,30000,股
2026-03-30,6787 JP,MEIKO ELECTRONICS CO LTD,4.11,97000,股
2026-03-30,GLW US,CORNING INC,3.65,115000,股
2026-03-30,6515,穎崴,3.55,60000,股
2026-03-30,3017,奇鋐,3.53,215000,股
2026-03-30,5801 JP,FURUKAWA ELECTRIC CO LTD,3.25,68000,股
2026-03-30,CIEN US,CIENA CORP,3.24,36000,股
2026-03-30,GEV US,GE VERNOVA INC,3.13,15500,股
2026-03-30,ENR GY,SIEMENS ENERGY AG,3.02,75000,股
2026-03-30,2383,台光電,2.98,139000,股
2026-03-30,2308,台達電,2.74,240000,股
2026-03-30,3037,欣興,2.74,720000,股
2026-03-30,5706 JP,Mitsui Mining ＆ Smelting Co,2.74,60000,股
2026-03-30,005930 KS,samsung electronics co ltd(005930 KS),2.73,95000,股
2026-03-30,C_NTD,CASH,2.71,352055617,元
2026-03-30,C_USD,CASH,2.52,10209270,元
2026-03-30,COHR US,COHERENT INC,2.44,45000,股
2026-03-30,2330,台積電,2.43,177000,股
2026-03-30,HOT GY,HOCHTIEF AG,2.12,20000,股
2026-03-30,5274,信驊,2.07,24000,股
2026-03-30,285A JP,KIOXIA HOLDINGS CORP,2.01,65000,股
2026-03-30,BE US,BLOOM ENERGY CORP- A,2.01,68000,股
2026-03-30,TER US,TERADYNE INC,1.91,28000,股
2026-03-30,3110 JP,NITTO BOSEKI CO LTD,1.72,56500,股
2026-03-30,FSLY US,FASTLY INC - CLASS A,1.57,250000,股
2026-03-30,NVDA US,NVIDIACORP(輝達公司),1.53,37500,股
2026-03-30,2360,致茂,1.5,120000,股
2026-03-30,5803 JP,FUJIKURA LTD,1.46,210000,股
2026-03-30,AIXA GY,AIXTRON SE,1.43,155000,股
2026-03-30,WDC US,WESTERN DIGITAL CORP,1.37,22000,股
2026-03-30,009150 KS,Samsung Electro-Mechanics co(009150 ks),1.19,17000,股
2026-03-30,7769,鴻勁,1.14,40000,股
2026-03-30,SOI FP,S.O.I.T.E.C.,0.96,65000,股
2026-03-30,GOOGL US,ALPHABETINC-CLA(Alphabet公司),0.94,14000,股
2026-03-30,6869 HK,YANGTZE OPTICAL FIBRE AND-H,0.91,146000,股
2026-03-30,AXTI US,AXT INC,0.88,68000,股
2026-03-30,VIAV US,VIAVI SOLUTIONS INC,0.78,100000,股
2026-03-30,4971 JP,MEC CO LTD,0.73,71000,股
2026-03-30,403870 KS,HPSP CO LTD,0.7,100000,股
2026-03-30,KEYS US,KEYSIGHT TECHNOLOGIES IN,0.66,10000,股
2026-03-30,EXENS FP,EXOSENS SAS,0.62,37000,股
2026-03-30,268A JP,RIGAKU HOLDINGS CORP,0.51,150000,股
2026-03-30,BKSY US,BLACKSKY TECHNOLOGY INC,0.49,90000,股
2026-03-30,6961 JP,ENPLAS CORP,0.37,20000,股
2026-03-30,SMHN GY,SUSS MICROTEC SE,0.35,25000,股
2026-03-30,M_USD,MARGIN,0.25,1000366,元
2026-03-30,C_CNH,CASH,0.0,102826,元
2026-03-30,C_EUR,CASH,0.0,9,元
2026-03-30,C_GBP,CASH,0.0,3,元
2026-03-30,C_HKD,CASH,0.0,0,元
2026-03-30,RDI_NTD,RECEIVABLES FOR DISPOSAL OF INVESTMENTS,-0.76,-98360044,元
2026-03-30,PFUR_NTD,PAYABLES FOR UNITS REDEEMED,-0.97,-126152248,元
2026-03-31,LITE US,LUMENTUM HOLDINGS INC.lite us,8.43,50000,股
2026-03-31,C_NTD,CASH,5.94,791264906,元
2026-03-31,SNDK US,SANDISK CORP,4.57,30000,股
2026-03-31,MU US,MICRON TECHNOLOGY INC,4.46,55000,股
2026-03-31,GLW US,CORNING INC,3.94,120700,股
2026-03-31,CIEN US,CIENA CORP,3.54,38000,股
2026-03-31,6787 JP,MEIKO ELECTRONICS CO LTD,3.52,97000,股
2026-03-31,GEV US,GE VERNOVA INC,3.44,16400,股
2026-03-31,6515,穎崴,3.22,60000,股
2026-03-31,3017,奇鋐,3.21,215000,股
2026-03-31,5801 JP,FURUKAWA ELECTRIC CO LTD,3.11,72000,股
2026-03-31,ENR GY,SIEMENS ENERGY AG,2.94,75000,股
2026-03-31,2383,台光電,2.71,139000,股
2026-03-31,COHR US,COHERENT INC,2.57,45000,股
2026-03-31,5706 JP,Mitsui Mining ＆ Smelting Co,2.53,60000,股
2026-03-31,005930 KS,samsung electronics co ltd(005930 KS),2.49,95000,股
2026-03-31,2308,台達電,2.49,240000,股
2026-03-31,3037,欣興,2.4,720000,股
2026-03-31,2330,台積電,2.34,177000,股
2026-03-31,BE US,BLOOM ENERGY CORP- A,2.21,68000,股
2026-03-31,HOT GY,HOCHTIEF AG,2.11,20000,股
2026-03-31,TER US,TERADYNE INC,1.99,28000,股
2026-03-31,5274,信驊,1.93,24000,股
2026-03-31,285A JP,KIOXIA HOLDINGS CORP,1.86,65000,股
2026-03-31,FSLY US,FASTLY INC - CLASS A,1.74,250000,股
2026-03-31,3110 JP,NITTO BOSEKI CO LTD,1.59,56500,股
2026-03-31,NVDA US,NVIDIACORP(輝達公司),1.57,37500,股
2026-03-31,WDC US,WESTERN DIGITAL CORP,1.43,22000,股
2026-03-31,AIXA GY,AIXTRON SE,1.4,155000,股
2026-03-31,2360,致茂,1.32,120000,股
2026-03-31,5803 JP,FUJIKURA LTD,1.29,210000,股
2026-03-31,009150 KS,Samsung Electro-Mechanics co(009150 ks),1.07,17000,股
2026-03-31,7769,鴻勁,1.05,40000,股
2026-03-31,GOOGL US,ALPHABETINC-CLA(Alphabet公司),0.97,14000,股
2026-03-31,AXTI US,AXT INC,0.93,68000,股
2026-03-31,SOI FP,S.O.I.T.E.C.,0.92,65000,股
2026-03-31,268A JP,RIGAKU HOLDINGS CORP,0.9,300000,股
2026-03-31,6869 HK,YANGTZE OPTICAL FIBRE AND-H,0.82,146000,股
2026-03-31,VIAV US,VIAVI SOLUTIONS INC,0.8,100000,股
2026-03-31,KEYS US,KEYSIGHT TECHNOLOGIES IN,0.68,10000,股
2026-03-31,4971 JP,MEC CO LTD,0.67,71000,股
2026-03-31,403870 KS,HPSP CO LTD,0.64,100000,股
2026-03-31,BKSY US,BLACKSKY TECHNOLOGY INC,0.64,105224,股
2026-03-31,EXENS FP,EXOSENS SAS,0.62,37000,股
2026-03-31,6961 JP,ENPLAS CORP,0.35,20000,股
2026-03-31,SMHN GY,SUSS MICROTEC SE,0.34,25000,股
2026-03-31,M_USD,MARGIN,0.24,1000366,元
2026-03-31,PFUR_NTD,PAYABLES FOR UNITS REDEEMED,-0.95,-126152248,元
2026-03-31,RDI_NTD,RECEIVABLES FOR DISPOSAL OF INVESTMENTS,-1.47,-195501059,元
2026-04-01,LITE US,LUMENTUM HOLDINGS INC.lite us,8.63,50000,股
2026-04-01,C_NTD,CASH,6.3,891666590,元
2026-04-01,SNDK US,SANDISK CORP,4.97,31800,股
2026-04-01,MU US,MICRON TECHNOLOGY INC,4.57,55000,股
2026-04-01,6787 JP,MEIKO ELECTRONICS CO LTD,4.45,108000,股
2026-04-01,GLW US,CORNING INC,3.88,120700,股
2026-04-01,CIEN US,CIENA CORP,3.56,38000,股
2026-04-01,5801 JP,FURUKAWA ELECTRIC CO LTD,3.33,72000,股
2026-04-01,GEV US,GE VERNOVA INC,3.31,16400,股
2026-04-01,3017,奇鋐,3.2,215000,股
2026-04-01,6515,穎崴,3.09,60000,股
2026-04-01,ENR GY,SIEMENS ENERGY AG,2.99,75000,股
2026-04-01,2383,台光電,2.91,144000,股
2026-04-01,005930 KS,samsung electronics co ltd(005930 KS),2.69,95000,股
2026-04-01,2308,台達電,2.68,257000,股
2026-04-01,5706 JP,Mitsui Mining ＆ Smelting Co,2.63,60000,股
2026-04-01,COHR US,COHERENT INC,2.52,45000,股
2026-04-01,3037,欣興,2.48,720000,股
2026-04-01,2330,台積電,2.32,177000,股
2026-04-01,HOT GY,HOCHTIEF AG,2.12,20000,股
2026-04-01,BE US,BLOOM ENERGY CORP- A,2.03,68000,股
2026-04-01,285A JP,KIOXIA HOLDINGS CORP,2.02,65000,股
2026-04-01,TER US,TERADYNE INC,1.97,28000,股
2026-04-01,5274,信驊,1.92,24000,股
2026-04-01,FSLY US,FASTLY INC - CLASS A,1.83,250000,股
2026-04-01,3110 JP,NITTO BOSEKI CO LTD,1.68,56500,股
2026-04-01,NVDA US,NVIDIACORP(輝達公司),1.49,37500,股
2026-04-01,WDC US,WESTERN DIGITAL CORP,1.48,22000,股
2026-04-01,2360,致茂,1.36,120000,股
2026-04-01,AIXA GY,AIXTRON SE,1.36,155000,股
2026-04-01,5803 JP,FUJIKURA LTD,1.33,210000,股
2026-04-01,009150 KS,Samsung Electro-Mechanics co(009150 ks),1.13,17000,股
2026-04-01,7769,鴻勁,1.09,40000,股
2026-04-01,268A JP,RIGAKU HOLDINGS CORP,0.96,300000,股
2026-04-01,GOOGL US,ALPHABETINC-CLA(Alphabet公司),0.94,14000,股
2026-04-01,SOI FP,S.O.I.T.E.C.,0.9,65000,股
2026-04-01,VIAV US,VIAVI SOLUTIONS INC,0.8,100000,股
2026-04-01,6869 HK,YANGTZE OPTICAL FIBRE AND-H,0.78,146000,股
2026-04-01,AXTI US,AXT INC,0.72,68000,股
2026-04-01,4971 JP,MEC CO LTD,0.69,71000,股
2026-04-01,403870 KS,HPSP CO LTD,0.67,100000,股
2026-04-01,BKSY US,BLACKSKY TECHNOLOGY INC,0.66,105224,股
2026-04-01,KEYS US,KEYSIGHT TECHNOLOGIES IN,0.65,10000,股
2026-04-01,EXENS FP,EXOSENS SAS,0.63,37000,股
2026-04-01,6961 JP,ENPLAS CORP,0.36,20000,股
2026-04-01,SMHN GY,SUSS MICROTEC SE,0.34,25000,股
2026-04-01,M_USD,MARGIN,0.23,1000366,元
2026-04-01,PFUR_NTD,PAYABLES FOR UNITS REDEEMED,-0.96,-135510669,元
2026-04-01,RDI_NTD,RECEIVABLES FOR DISPOSAL OF INVESTMENTS,-1.61,-227834830,元
2026-04-02,LITE US,LUMENTUM HOLDINGS INC.lite us,9.42,50000,股
2026-04-02,C_NTD,CASH,5.35,751399492,元
2026-04-02,SNDK US,SANDISK CORP,5.09,31800,股
2026-04-02,MU US,MICRON TECHNOLOGY INC,4.59,55000,股
2026-04-02,6787 JP,MEIKO ELECTRONICS CO LTD,4.12,108000,股
2026-04-02,GLW US,CORNING INC,4.07,120700,股
2026-04-02,CIEN US,CIENA CORP,3.88,38000,股
2026-04-02,GEV US,GE VERNOVA INC,3.36,16400,股
2026-04-02,5801 JP,FURUKAWA ELECTRIC CO LTD,3.34,72000,股
2026-04-02,3017,奇鋐,3.17,215000,股
2026-04-02,ENR GY,SIEMENS ENERGY AG,2.95,75000,股
2026-04-02,2383,台光電,2.86,144000,股
2026-04-02,6515,穎崴,2.82,60000,股
2026-04-02,3037,欣興,2.77,750000,股
2026-04-02,COHR US,COHERENT INC,2.65,45000,股
2026-04-02,2308,台達電,2.62,257000,股
2026-04-02,5706 JP,Mitsui Mining ＆ Smelting Co,2.54,60000,股
2026-04-02,005930 KS,samsung electronics co ltd(005930 KS),2.51,95000,股
2026-04-02,285A JP,KIOXIA HOLDINGS CORP,2.31,76500,股
2026-04-02,2330,台積電,2.28,177000,股
2026-04-02,HOT GY,HOCHTIEF AG,2.14,20000,股
2026-04-02,BE US,BLOOM ENERGY CORP- A,2.1,68000,股
2026-04-02,5274,信驊,2.0,24000,股
2026-04-02,TER US,TERADYNE INC,1.98,28000,股
2026-04-02,FSLY US,FASTLY INC - CLASS A,1.91,250000,股
2026-04-02,3110 JP,NITTO BOSEKI CO LTD,1.58,56500,股
2026-04-02,NVDA US,NVIDIACORP(輝達公司),1.52,37500,股
2026-04-02,WDC US,WESTERN DIGITAL CORP,1.48,22000,股
2026-04-02,AIXA GY,AIXTRON SE,1.36,155000,股
2026-04-02,2360,致茂,1.31,120000,股
2026-04-02,5803 JP,FUJIKURA LTD,1.29,210000,股
2026-04-02,7769,鴻勁,1.09,40000,股
2026-04-02,009150 KS,Samsung Electro-Mechanics co(009150 ks),1.05,17000,股
2026-04-02,268A JP,RIGAKU HOLDINGS CORP,0.98,300000,股
2026-04-02,GOOGL US,ALPHABETINC-CLA(Alphabet公司),0.94,14000,股
2026-04-02,SOI FP,S.O.I.T.E.C.,0.85,65000,股
2026-04-02,VIAV US,VIAVI SOLUTIONS INC,0.84,100000,股
2026-04-02,AXTI US,AXT INC,0.82,68000,股
2026-04-02,6869 HK,YANGTZE OPTICAL FIBRE AND-H,0.8,146000,股
2026-04-02,BKSY US,BLACKSKY TECHNOLOGY INC,0.74,105224,股
2026-04-02,4971 JP,MEC CO LTD,0.67,71000,股
2026-04-02,KEYS US,KEYSIGHT TECHNOLOGIES IN,0.66,10000,股
2026-04-02,EXENS FP,EXOSENS SAS,0.63,37000,股
2026-04-02,403870 KS,HPSP CO LTD,0.61,100000,股
2026-04-02,6961 JP,ENPLAS CORP,0.34,20000,股
2026-04-02,SMHN GY,SUSS MICROTEC SE,0.33,25000,股
2026-04-02,M_USD,MARGIN,0.23,1000366,元
2026-04-02,RDI_NTD,RECEIVABLES FOR DISPOSAL OF INVESTMENTS,-1.19,-166805548,元
2026-04-02,PFUR_NTD,PAYABLES FOR UNITS REDEEMED,-1.84,-258125212,元
2026-04-07,LITE US,LUMENTUM HOLDINGS INC.lite us,9.14,50000,股
2026-04-07,SNDK US,SANDISK CORP,5.06,31800,股
2026-04-07,MU US,MICRON TECHNOLOGY INC,4.65,55000,股
2026-04-07,C_NTD,CASH,4.2,599927069,元
2026-04-07,GLW US,CORNING INC,4.02,120700,股
2026-04-07,CIEN US,CIENA CORP,3.81,38000,股
2026-04-07,6787 JP,MEIKO ELECTRONICS CO LTD,3.74,108000,股
2026-04-07,5801 JP,FURUKAWA ELECTRIC CO LTD,3.69,72000,股
2026-04-07,GEV US,GE VERNOVA INC,3.35,16400,股
2026-04-07,3017,奇鋐,3.06,215000,股
2026-04-07,6515,穎崴,2.98,60000,股
2026-04-07,3037,欣興,2.96,750000,股
2026-04-07,2383,台光電,2.91,144000,股
2026-04-07,ENR GY,SIEMENS ENERGY AG,2.87,75000,股
2026-04-07,005930 KS,samsung electronics co ltd(005930 KS),2.73,95000,股
2026-04-07,2308,台達電,2.73,257000,股
2026-04-07,5706 JP,Mitsui Mining ＆ Smelting Co,2.65,60000,股
2026-04-07,COHR US,COHERENT INC,2.57,45000,股
2026-04-07,285A JP,KIOXIA HOLDINGS CORP,2.5,76500,股
2026-04-07,2330,台積電,2.31,177000,股
2026-04-07,HOT GY,HOCHTIEF AG,2.11,20000,股
2026-04-07,BE US,BLOOM ENERGY CORP- A,2.07,68000,股
2026-04-07,TER US,TERADYNE INC,2.01,28000,股
2026-04-07,5274,信驊,1.93,24000,股
2026-04-07,FSLY US,FASTLY INC - CLASS A,1.77,250000,股
2026-04-07,3110 JP,NITTO BOSEKI CO LTD,1.72,56500,股
2026-04-07,WDC US,WESTERN DIGITAL CORP,1.54,22000,股
2026-04-07,NVDA US,NVIDIACORP(輝達公司),1.5,37500,股
2026-04-07,AIXA GY,AIXTRON SE,1.36,155000,股
2026-04-07,2360,致茂,1.32,120000,股
2026-04-07,5803 JP,FUJIKURA LTD,1.29,210000,股
2026-04-07,009150 KS,Samsung Electro-Mechanics co(009150 ks),1.14,17000,股
2026-04-07,7769,鴻勁,1.12,40000,股
2026-04-07,268A JP,RIGAKU HOLDINGS CORP,1.0,300000,股
2026-04-07,GOOGL US,ALPHABETINC-CLA(Alphabet公司),0.96,14000,股
2026-04-07,VIAV US,VIAVI SOLUTIONS INC,0.86,100000,股
2026-04-07,SOI FP,S.O.I.T.E.C.,0.82,65000,股
2026-04-07,BKSY US,BLACKSKY TECHNOLOGY INC,0.8,105224,股
2026-04-07,6869 HK,YANGTZE OPTICAL FIBRE AND-H,0.79,146000,股
2026-04-07,4971 JP,MEC CO LTD,0.69,71000,股
2026-04-07,AXTI US,AXT INC,0.69,68000,股
2026-04-07,KEYS US,KEYSIGHT TECHNOLOGIES IN,0.67,10000,股
2026-04-07,EXENS FP,EXOSENS SAS,0.63,37000,股
2026-04-07,403870 KS,HPSP CO LTD,0.62,100000,股
2026-04-07,6961 JP,ENPLAS CORP,0.36,20000,股
2026-04-07,SMHN GY,SUSS MICROTEC SE,0.33,25000,股
2026-04-07,M_USD,MARGIN,0.22,1000366,元
2026-04-07,RDI_NTD,RECEIVABLES FOR DISPOSAL OF INVESTMENTS,-0.11,-15740725,元
2026-04-07,PFUR_NTD,PAYABLES FOR UNITS REDEEMED,-2.18,-310814244,元
2026-04-08,LITE US,LUMENTUM HOLDINGS INC.lite us,9.0,50000,股
2026-04-08,SNDK US,SANDISK CORP,5.4,34400,股
2026-04-08,MU US,MICRON TECHNOLOGY INC,4.5,55000,股
2026-04-08,GLW US,CORNING INC,4.0,120700,股
2026-04-08,5801 JP,FURUKAWA ELECTRIC CO LTD,3.93,72000,股
2026-04-08,CIEN US,CIENA CORP,3.77,38000,股
2026-04-08,C_NTD,CASH,3.69,582168864,元
2026-04-08,6787 JP,MEIKO ELECTRONICS CO LTD,3.59,108000,股
2026-04-08,GEV US,GE VERNOVA INC,3.08,16400,股
2026-04-08,3017,奇鋐,3.04,215000,股
2026-04-08,6515,穎崴,2.97,60000,股
2026-04-08,3037,欣興,2.94,750000,股
2026-04-08,ENR GY,SIEMENS ENERGY AG,2.92,75000,股
2026-04-08,2383,台光電,2.89,144000,股
2026-04-08,005930 KS,samsung electronics co ltd(005930 KS),2.76,95000,股
2026-04-08,2308,台達電,2.71,257000,股
2026-04-08,285A JP,KIOXIA HOLDINGS CORP,2.68,76500,股
2026-04-08,5706 JP,Mitsui Mining ＆ Smelting Co,2.67,60000,股
2026-04-08,COHR US,COHERENT INC,2.55,45000,股
2026-04-08,2330,台積電,2.19,177000,股
2026-04-08,HOT GY,HOCHTIEF AG,2.09,20000,股
2026-04-08,TER US,TERADYNE INC,2.02,28000,股
2026-04-08,BE US,BLOOM ENERGY CORP- A,2.01,68000,股
2026-04-08,5274,信驊,1.92,24000,股
2026-04-08,3110 JP,NITTO BOSEKI CO LTD,1.78,56500,股
2026-04-08,FSLY US,FASTLY INC - CLASS A,1.65,250000,股
2026-04-08,WDC US,WESTERN DIGITAL CORP,1.5,22000,股
2026-04-08,AIXA GY,AIXTRON SE,1.37,155000,股
2026-04-08,NVDA US,NVIDIACORP(輝達公司),1.37,37500,股
2026-04-08,2360,致茂,1.31,120000,股
2026-04-08,5803 JP,FUJIKURA LTD,1.3,210000,股
2026-04-08,009150 KS,Samsung Electro-Mechanics co(009150 ks),1.22,17000,股
2026-04-08,7769,鴻勁,1.08,40000,股
2026-04-08,268A JP,RIGAKU HOLDINGS CORP,0.95,300000,股
2026-04-08,GOOGL US,ALPHABETINC-CLA(Alphabet公司),0.89,14000,股
2026-04-08,6869 HK,YANGTZE OPTICAL FIBRE AND-H,0.84,146000,股
2026-04-08,SOI FP,S.O.I.T.E.C.,0.83,65000,股
2026-04-08,VIAV US,VIAVI SOLUTIONS INC,0.83,100000,股
2026-04-08,AXTI US,AXT INC,0.73,68000,股
2026-04-08,BKSY US,BLACKSKY TECHNOLOGY INC,0.71,105224,股
2026-04-08,4971 JP,MEC CO LTD,0.69,71000,股
2026-04-08,KEYS US,KEYSIGHT TECHNOLOGIES IN,0.64,10000,股
2026-04-08,403870 KS,HPSP CO LTD,0.63,100000,股
2026-04-08,EXENS FP,EXOSENS SAS,0.58,37000,股
2026-04-08,SMHN GY,SUSS MICROTEC SE,0.34,25000,股
2026-04-08,M_USD,MARGIN,0.2,1000366,元
2026-04-08,RDI_NTD,RECEIVABLES FOR DISPOSAL OF INVESTMENTS,-0.05,-8502906,元
2026-04-08,PFUR_NTD,PAYABLES FOR UNITS REDEEMED,-2.01,-318009205,元
2026-04-09,LITE US,LUMENTUM HOLDINGS INC.lite us,8.86,50000,股
2026-04-09,SNDK US,SANDISK CORP,5.81,34400,股
2026-04-09,MU US,MICRON TECHNOLOGY INC,4.6,55000,股
2026-04-09,C_NTD,CASH,4.54,727792195,元
2026-04-09,GLW US,CORNING INC,4.06,120700,股
2026-04-09,5801 JP,FURUKAWA ELECTRIC CO LTD,4.01,72000,股
2026-04-09,6787 JP,MEIKO ELECTRONICS CO LTD,3.91,116000,股
2026-04-09,CIEN US,CIENA CORP,3.67,38000,股
2026-04-09,GEV US,GE VERNOVA INC,3.15,16400,股
2026-04-09,3017,奇鋐,3.0,215000,股
2026-04-09,6515,穎崴,2.99,60000,股
2026-04-09,3037,欣興,2.93,750000,股
2026-04-09,2383,台光電,2.89,144000,股
2026-04-09,ENR GY,SIEMENS ENERGY AG,2.85,75000,股
2026-04-09,2308,台達電,2.64,257000,股
2026-04-09,285A JP,KIOXIA HOLDINGS CORP,2.64,76500,股
2026-04-09,5706 JP,Mitsui Mining ＆ Smelting Co,2.6,60000,股
2026-04-09,005930 KS,samsung electronics co ltd(005930 KS),2.58,95000,股
2026-04-09,COHR US,COHERENT INC,2.53,45000,股
2026-04-09,2330,台積電,2.16,177000,股
2026-04-09,BE US,BLOOM ENERGY CORP- A,2.16,68000,股
2026-04-09,3110 JP,NITTO BOSEKI CO LTD,2.11,67000,股
2026-04-09,HOT GY,HOCHTIEF AG,2.08,20000,股
2026-04-09,TER US,TERADYNE INC,2.02,28000,股
2026-04-09,5274,信驊,1.88,24000,股
2026-04-09,WDC US,WESTERN DIGITAL CORP,1.47,22000,股
2026-04-09,FSLY US,FASTLY INC - CLASS A,1.46,250000,股
2026-04-09,2360,致茂,1.38,120000,股
2026-04-09,5803 JP,FUJIKURA LTD,1.32,210000,股
2026-04-09,AIXA GY,AIXTRON SE,1.31,155000,股
2026-04-09,009150 KS,Samsung Electro-Mechanics co(009150 ks),1.17,17000,股
2026-04-09,NVDA US,NVIDIACORP(輝達公司),1.09,30000,股
2026-04-09,7769,鴻勁,1.06,40000,股
2026-04-09,268A JP,RIGAKU HOLDINGS CORP,0.93,300000,股
2026-04-09,6869 HK,YANGTZE OPTICAL FIBRE AND-H,0.89,146000,股
2026-04-09,GOOGL US,ALPHABETINC-CLA(Alphabet公司),0.88,14000,股
2026-04-09,AXTI US,AXT INC,0.85,68000,股
2026-04-09,VIAV US,VIAVI SOLUTIONS INC,0.85,100000,股
2026-04-09,SOI FP,S.O.I.T.E.C.,0.8,65000,股
2026-04-09,4971 JP,MEC CO LTD,0.69,71000,股
2026-04-09,BKSY US,BLACKSKY TECHNOLOGY INC,0.68,105224,股
2026-04-09,KEYS US,KEYSIGHT TECHNOLOGIES IN,0.64,10000,股
2026-04-09,403870 KS,HPSP CO LTD,0.6,100000,股
2026-04-09,EXENS FP,EXOSENS SAS,0.36,24500,股
2026-04-09,SMHN GY,SUSS MICROTEC SE,0.33,25000,股
2026-04-09,7826 JP,FURUYA METAL CO LTD,0.3,35000,股
2026-04-09,M_USD,MARGIN,0.2,1000366,元
2026-04-09,RDI_NTD,RECEIVABLES FOR DISPOSAL OF INVESTMENTS,-0.1,-15808381,元
2026-04-09,PFUR_NTD,PAYABLES FOR UNITS REDEEMED,-2.03,-325298822,元
2026-04-10,LITE US,LUMENTUM HOLDINGS INC.lite us,8.57,50000,股
2026-04-10,SNDK US,SANDISK CORP,5.6,34400,股
2026-04-10,MU US,MICRON TECHNOLOGY INC,4.42,55000,股
2026-04-10,C_NTD,CASH,4.3,713667816,元
2026-04-10,5801 JP,FURUKAWA ELECTRIC CO LTD,3.96,72000,股
2026-04-10,GLW US,CORNING INC,3.95,120700,股
2026-04-10,6787 JP,MEIKO ELECTRONICS CO LTD,3.68,116000,股
2026-04-10,CIEN US,CIENA CORP,3.6,38000,股
2026-04-10,GEV US,GE VERNOVA INC,3.11,16400,股
2026-04-10,2383,台光電,2.97,144000,股
2026-04-10,3017,奇鋐,2.93,215000,股
2026-04-10,3037,欣興,2.88,750000,股
2026-04-10,6515,穎崴,2.87,60000,股
2026-04-10,ENR GY,SIEMENS ENERGY AG,2.8,75000,股
2026-04-10,285A JP,KIOXIA HOLDINGS CORP,2.77,76500,股
2026-04-10,2308,台達電,2.68,257000,股
2026-04-10,5706 JP,Mitsui Mining ＆ Smelting Co,2.68,60000,股
2026-04-10,COHR US,COHERENT INC,2.64,45000,股
2026-04-10,005930 KS,samsung electronics co ltd(005930 KS),2.53,95000,股
2026-04-10,3110 JP,NITTO BOSEKI CO LTD,2.21,67000,股
2026-04-10,BE US,BLOOM ENERGY CORP- A,2.17,68000,股
2026-04-10,2330,台積電,2.13,177000,股
2026-04-10,HOT GY,HOCHTIEF AG,2.02,20000,股
2026-04-10,TER US,TERADYNE INC,1.97,28000,股
2026-04-10,5274,信驊,1.82,24000,股
2026-04-10,009150 KS,Samsung Electro-Mechanics co(009150 ks),1.73,24000,股
2026-04-10,WDC US,WESTERN DIGITAL CORP,1.44,22000,股
2026-04-10,5803 JP,FUJIKURA LTD,1.42,210000,股
2026-04-10,AIXA GY,AIXTRON SE,1.32,155000,股
2026-04-10,2360,致茂,1.29,120000,股
2026-04-10,FSLY US,FASTLY INC - CLASS A,1.1,250000,股
2026-04-10,NVDA US,NVIDIACORP(輝達公司),1.08,30000,股
2026-04-10,SOI FP,S.O.I.T.E.C.,0.93,65000,股
2026-04-10,268A JP,RIGAKU HOLDINGS CORP,0.92,300000,股
2026-04-10,GOOGL US,ALPHABETINC-CLA(Alphabet公司),0.85,14000,股
2026-04-10,AXTI US,AXT INC,0.83,68000,股
2026-04-10,VIAV US,VIAVI SOLUTIONS INC,0.8,100000,股
2026-04-10,6869 HK,YANGTZE OPTICAL FIBRE AND-H,0.79,146000,股
2026-04-10,BKSY US,BLACKSKY TECHNOLOGY INC,0.69,105224,股
2026-04-10,4971 JP,MEC CO LTD,0.67,71000,股
2026-04-10,KEYS US,KEYSIGHT TECHNOLOGIES IN,0.62,10000,股
2026-04-10,403870 KS,HPSP CO LTD,0.59,100000,股
2026-04-10,7769,鴻勁,0.51,20000,股
2026-04-10,SMHN GY,SUSS MICROTEC SE,0.34,25000,股
2026-04-10,7826 JP,FURUYA METAL CO LTD,0.29,35000,股
2026-04-10,M_USD,MARGIN,0.19,1000366,元
2026-04-10,EXENS FP,EXOSENS SAS,0.12,8500,股
2026-04-10,RDI_NTD,RECEIVABLES FOR DISPOSAL OF INVESTMENTS,-0.48,-79284634,元
2026-04-10,PFUR_NTD,PAYABLES FOR UNITS REDEEMED,-1.23,-204626781,元
2026-04-13,LITE US,LUMENTUM HOLDINGS INC.lite us,8.0,50000,股
2026-04-13,SNDK US,SANDISK CORP,6.02,34400,股
2026-04-13,C_NTD,CASH,4.6,797630118,元
2026-04-13,MU US,MICRON TECHNOLOGY INC,4.31,55000,股
2026-04-13,GLW US,CORNING INC,3.88,120700,股
2026-04-13,5801 JP,FURUKAWA ELECTRIC CO LTD,3.75,72000,股
2026-04-13,CIEN US,CIENA CORP,3.7,42000,股
2026-04-13,6787 JP,MEIKO ELECTRONICS CO LTD,3.61,120000,股
2026-04-13,GEV US,GE VERNOVA INC,2.98,16400,股
2026-04-13,6515,穎崴,2.96,60000,股
2026-04-13,3110 JP,NITTO BOSEKI CO LTD,2.9,87000,股
2026-04-13,2383,台光電,2.76,144000,股
2026-04-13,285A JP,KIOXIA HOLDINGS CORP,2.75,76500,股
2026-04-13,3017,奇鋐,2.73,215000,股
2026-04-13,3037,欣興,2.71,750000,股
2026-04-13,ENR GY,SIEMENS ENERGY AG,2.67,75000,股
2026-04-13,2308,台達電,2.58,257000,股
2026-04-13,COHR US,COHERENT INC,2.54,45000,股
2026-04-13,5706 JP,Mitsui Mining ＆ Smelting Co,2.51,60000,股
2026-04-13,005930 KS,samsung electronics co ltd(005930 KS),2.35,95000,股
2026-04-13,BE US,BLOOM ENERGY CORP- A,2.21,68000,股
2026-04-13,2330,台積電,2.03,177000,股
2026-04-13,HOT GY,HOCHTIEF AG,1.96,20000,股
2026-04-13,TER US,TERADYNE INC,1.9,28000,股
2026-04-13,5274,信驊,1.69,24000,股
2026-04-13,009150 KS,Samsung Electro-Mechanics co(009150 ks),1.68,24000,股
2026-04-13,WDC US,WESTERN DIGITAL CORP,1.41,22000,股
2026-04-13,5803 JP,FUJIKURA LTD,1.38,210000,股
2026-04-13,2360,致茂,1.3,120000,股
2026-04-13,AIXA GY,AIXTRON SE,1.22,155000,股
2026-04-13,NVDA US,NVIDIACORP(輝達公司),1.04,30000,股
2026-04-13,MRVL US,MARVELL TECHNOLOGY INC,0.96,40000,股
2026-04-13,FORM US,FORMFACTOR INC,0.94,40000,股
2026-04-13,7826 JP,FURUYA METAL CO LTD,0.91,110000,股
2026-04-13,SOI FP,S.O.I.T.E.C.,0.9,65000,股
2026-04-13,268A JP,RIGAKU HOLDINGS CORP,0.87,300000,股
2026-04-13,AXTI US,AXT INC,0.83,68000,股
2026-04-13,GOOGL US,ALPHABETINC-CLA(Alphabet公司),0.83,14000,股
2026-04-13,FSLY US,FASTLY INC - CLASS A,0.76,170000,股
2026-04-13,VIAV US,VIAVI SOLUTIONS INC,0.76,100000,股
2026-04-13,6869 HK,YANGTZE OPTICAL FIBRE AND-H,0.74,146000,股
2026-04-13,BKSY US,BLACKSKY TECHNOLOGY INC,0.67,105224,股
2026-04-13,4971 JP,MEC CO LTD,0.63,71000,股
2026-04-13,KEYS US,KEYSIGHT TECHNOLOGIES IN,0.61,10000,股
2026-04-13,403870 KS,HPSP CO LTD,0.51,100000,股
2026-04-13,7769,鴻勁,0.47,20000,股
2026-04-13,SMHN GY,SUSS MICROTEC SE,0.31,25000,股
2026-04-13,M_USD,MARGIN,0.18,1000366,元
2026-04-13,PFUR_NTD,PAYABLES FOR UNITS REDEEMED,-0.47,-82012238,元
2026-04-13,RDI_NTD,RECEIVABLES FOR DISPOSAL OF INVESTMENTS,-2.99,-518754270,元
2026-04-14,LITE US,LUMENTUM HOLDINGS INC.lite us,7.2,50000,股
2026-04-14,C_NTD,CASH,5.53,1037490411,元
2026-04-14,SNDK US,SANDISK CORP,5.49,34400,股
2026-04-14,MU US,MICRON TECHNOLOGY INC,4.33,55000,股
2026-04-14,6787 JP,MEIKO ELECTRONICS CO LTD,3.74,120000,股
2026-04-14,5801 JP,FURUKAWA ELECTRIC CO LTD,3.58,72000,股
2026-04-14,GLW US,CORNING INC,3.52,120700,股
2026-04-14,CIEN US,CIENA CORP,3.32,42000,股
2026-04-14,285A JP,KIOXIA HOLDINGS CORP,2.84,76500,股
2026-04-14,2383,台光電,2.77,144000,股
2026-04-14,GEV US,GE VERNOVA INC,2.74,16400,股
2026-04-14,3110 JP,NITTO BOSEKI CO LTD,2.72,87000,股
2026-04-14,6515,穎崴,2.71,60000,股
2026-04-14,3017,奇鋐,2.65,215000,股
2026-04-14,ENR GY,SIEMENS ENERGY AG,2.55,75000,股
2026-04-14,BE US,BLOOM ENERGY CORP- A,2.52,68000,股
2026-04-14,5706 JP,Mitsui Mining ＆ Smelting Co,2.44,60000,股
2026-04-14,2308,台達電,2.4,257000,股
2026-04-14,3037,欣興,2.39,750000,股
2026-04-14,COHR US,COHERENT INC,2.38,45000,股
2026-04-14,005930 KS,samsung electronics co ltd(005930 KS),2.27,95000,股
2026-04-14,TER US,TERADYNE INC,2.16,35000,股
2026-04-14,5274,信驊,2.08,30000,股
2026-04-14,009150 KS,Samsung Electro-Mechanics co(009150 ks),2.03,30000,股
2026-04-14,2330,台積電,1.94,177000,股
2026-04-14,HOT GY,HOCHTIEF AG,1.86,20000,股
2026-04-14,WDC US,WESTERN DIGITAL CORP,1.86,30000,股
2026-04-14,MRVL US,MARVELL TECHNOLOGY INC,1.81,80000,股
2026-04-14,5803 JP,FUJIKURA LTD,1.32,210000,股
2026-04-14,FORM US,FORMFACTOR INC,1.3,60000,股
2026-04-14,7826 JP,FURUYA METAL CO LTD,1.29,160000,股
2026-04-14,AIXA GY,AIXTRON SE,1.26,180000,股
2026-04-14,2360,致茂,1.18,120000,股
2026-04-14,NVDA US,NVIDIACORP(輝達公司),1.0,30000,股
2026-04-14,SOI FP,S.O.I.T.E.C.,0.94,65000,股
2026-04-14,6869 HK,YANGTZE OPTICAL FIBRE AND-H,0.84,180000,股
2026-04-14,268A JP,RIGAKU HOLDINGS CORP,0.79,300000,股
2026-04-14,GOOGL US,ALPHABETINC-CLA(Alphabet公司),0.79,14000,股
2026-04-14,AXTI US,AXT INC,0.77,68000,股
2026-04-14,VIAV US,VIAVI SOLUTIONS INC,0.69,100000,股
2026-04-14,4971 JP,MEC CO LTD,0.62,71000,股
2026-04-14,FSLY US,FASTLY INC - CLASS A,0.6,170000,股
2026-04-14,BKSY US,BLACKSKY TECHNOLOGY INC,0.57,105224,股
2026-04-14,KEYS US,KEYSIGHT TECHNOLOGIES IN,0.56,10000,股
2026-04-14,403870 KS,HPSP CO LTD,0.49,100000,股
2026-04-14,7769,鴻勁,0.45,20000,股
2026-04-14,SMHN GY,SUSS MICROTEC SE,0.3,25000,股
2026-04-14,M_USD,MARGIN,0.17,1000366,元
2026-04-14,PFUR_NTD,PAYABLES FOR UNITS REDEEMED,-0.16,-29323206,元
2026-04-14,RDI_NTD,RECEIVABLES FOR DISPOSAL OF INVESTMENTS,-5.01,-939908518,元
2026-04-15,C_NTD,CASH,6.86,1405566063,元
2026-04-15,LITE US,LUMENTUM HOLDINGS INC.lite us,6.74,53000,股
2026-04-15,SNDK US,SANDISK CORP,4.74,34400,股
2026-04-15,MU US,MICRON TECHNOLOGY INC,3.87,55000,股
2026-04-15,6787 JP,MEIKO ELECTRONICS CO LTD,3.57,130000,股
2026-04-15,GLW US,CORNING INC,3.14,120700,股
2026-04-15,5801 JP,FURUKAWA ELECTRIC CO LTD,3.09,72000,股
2026-04-15,CIEN US,CIENA CORP,3.09,42000,股
2026-04-15,2383,台光電,2.68,144000,股
2026-04-15,6515,穎崴,2.66,60000,股
2026-04-15,GEV US,GE VERNOVA INC,2.5,16400,股
2026-04-15,BE US,BLOOM ENERGY CORP- A,2.48,75000,股
2026-04-15,3017,奇鋐,2.44,215000,股
2026-04-15,285A JP,KIOXIA HOLDINGS CORP,2.41,76500,股
2026-04-15,COHR US,COHERENT INC,2.38,50000,股
2026-04-15,009150 KS,Samsung Electro-Mechanics co(009150 ks),2.33,36000,股
2026-04-15,ENR GY,SIEMENS ENERGY AG,2.31,75000,股
2026-04-15,GOOGL US,ALPHABETINC-CLA(Alphabet公司),2.29,44000,股
2026-04-15,3037,欣興,2.26,750000,股
2026-04-15,2308,台達電,2.24,257000,股
2026-04-15,3110 JP,NITTO BOSEKI CO LTD,2.24,87000,股
2026-04-15,005930 KS,samsung electronics co ltd(005930 KS),2.11,95000,股
2026-04-15,5706 JP,Mitsui Mining ＆ Smelting Co,2.08,60000,股
2026-04-15,5274,信驊,2.03,30000,股
2026-04-15,TER US,TERADYNE INC,1.97,35000,股
2026-04-15,WDC US,WESTERN DIGITAL CORP,1.97,35000,股
2026-04-15,2330,台積電,1.8,177000,股
2026-04-15,FORM US,FORMFACTOR INC,1.8,90000,股
2026-04-15,HOT GY,HOCHTIEF AG,1.67,20000,股
2026-04-15,MRVL US,MARVELL TECHNOLOGY INC,1.66,80000,股
2026-04-15,AIXA GY,AIXTRON SE,1.44,187432,股
2026-04-15,7826 JP,FURUYA METAL CO LTD,1.38,190000,股
2026-04-15,2360,致茂,1.18,120000,股
2026-04-15,5803 JP,FUJIKURA LTD,1.16,210000,股
2026-04-15,AMD US,ADVANCEDMICRODEVICES.amdus(超微半導體公司),1.0,25000,股
2026-04-15,NVDA US,NVIDIACORP(輝達公司),0.92,30000,股
2026-04-15,SOI FP,S.O.I.T.E.C.,0.91,65000,股
2026-04-15,6869 HK,YANGTZE OPTICAL FIBRE AND-H,0.89,220000,股
2026-04-15,268A JP,RIGAKU HOLDINGS CORP,0.68,300000,股
2026-04-15,AXTI US,AXT INC,0.66,68000,股
2026-04-15,VIAV US,VIAVI SOLUTIONS INC,0.61,100000,股
2026-04-15,4971 JP,MEC CO LTD,0.59,71000,股
2026-04-15,BKSY US,BLACKSKY TECHNOLOGY INC,0.54,105224,股
2026-04-15,KEYS US,KEYSIGHT TECHNOLOGIES IN,0.5,10000,股
2026-04-15,3711,日月光投控,0.44,200000,股
2026-04-15,7769,鴻勁,0.42,20000,股
2026-04-15,FSLY US,FASTLY INC - CLASS A,0.31,85000,股
2026-04-15,SMHN GY,SUSS MICROTEC SE,0.28,25000,股
2026-04-15,6997 JP,NIPPON CHEMI-CON CORP,0.25,125000,股
2026-04-15,M_USD,MARGIN,0.15,1000366,元
2026-04-15,PFUR_NTD,PAYABLES FOR UNITS REDEEMED,-0.11,-22128245,元
2026-04-15,RDI_NTD,RECEIVABLES FOR DISPOSAL OF INVESTMENTS,-6.77,-1386586732,元
2026-04-16,C_NTD,CASH,10.19,2162632961,元
2026-04-16,LITE US,LUMENTUM HOLDINGS INC.lite us,7.02,53000,股
2026-04-16,SNDK US,SANDISK CORP,4.7,34400,股
2026-04-16,MU US,MICRON TECHNOLOGY INC,3.74,55000,股
2026-04-16,6787 JP,MEIKO ELECTRONICS CO LTD,3.62,130000,股
2026-04-16,CIEN US,CIENA CORP,3.09,42000,股
2026-04-16,5801 JP,FURUKAWA ELECTRIC CO LTD,3.08,72000,股
2026-04-16,GLW US,CORNING INC,2.98,120700,股
2026-04-16,BE US,BLOOM ENERGY CORP- A,2.81,90000,股
2026-04-16,6515,穎崴,2.78,60000,股
2026-04-16,2383,台光電,2.6,144000,股
2026-04-16,009150 KS,Samsung Electro-Mechanics co(009150 ks),2.59,40000,股
2026-04-16,3017,奇鋐,2.47,215000,股
2026-04-16,COHR US,COHERENT INC,2.44,50000,股
2026-04-16,285A JP,KIOXIA HOLDINGS CORP,2.42,76500,股
2026-04-16,GEV US,GE VERNOVA INC,2.38,16400,股
2026-04-16,3037,欣興,2.28,750000,股
2026-04-16,2308,台達電,2.24,257000,股
2026-04-16,3110 JP,NITTO BOSEKI CO LTD,2.2,87000,股
2026-04-16,ENR GY,SIEMENS ENERGY AG,2.2,75000,股
2026-04-16,GOOGL US,ALPHABETINC-CLA(Alphabet公司),2.2,44000,股
2026-04-16,5706 JP,Mitsui Mining ＆ Smelting Co,2.12,60000,股
2026-04-16,005930 KS,samsung electronics co ltd(005930 KS),2.08,95000,股
2026-04-16,5274,信驊,2.05,30000,股
2026-04-16,FORM US,FORMFACTOR INC,1.99,105000,股
2026-04-16,MRVL US,MARVELL TECHNOLOGY INC,1.98,100000,股
2026-04-16,TER US,TERADYNE INC,1.9,35000,股
2026-04-16,WDC US,WESTERN DIGITAL CORP,1.88,35000,股
2026-04-16,2330,台積電,1.74,177000,股
2026-04-16,HOT GY,HOCHTIEF AG,1.59,20000,股
2026-04-16,7826 JP,FURUYA METAL CO LTD,1.48,210000,股
2026-04-16,AVGO US,BROADCOM LTD,1.48,25000,股
2026-04-16,AIXA GY,AIXTRON SE,1.34,187432,股
2026-04-16,5803 JP,FUJIKURA LTD,1.17,210000,股
2026-04-16,2360,致茂,1.16,120000,股
2026-04-16,AMD US,ADVANCEDMICRODEVICES.amdus(超微半導體公司),1.03,25000,股
2026-04-16,SOI FP,S.O.I.T.E.C.,0.97,65000,股
2026-04-16,6869 HK,YANGTZE OPTICAL FIBRE AND-H,0.91,220000,股
2026-04-16,HOOD US,ROBINHOOD MARKETS INC - A,0.9,70000,股
2026-04-16,2454,聯發科,0.89,100000,股
2026-04-16,NVDA US,NVIDIACORP(輝達公司),0.88,30000,股
2026-04-16,AXTI US,AXT INC,0.83,68000,股
2026-04-16,268A JP,RIGAKU HOLDINGS CORP,0.66,300000,股
2026-04-16,BKSY US,BLACKSKY TECHNOLOGY INC,0.61,105224,股
2026-04-16,VIAV US,VIAVI SOLUTIONS INC,0.61,100000,股
2026-04-16,6997 JP,NIPPON CHEMI-CON CORP,0.59,280000,股
2026-04-16,4971 JP,MEC CO LTD,0.58,71000,股
2026-04-16,KEYS US,KEYSIGHT TECHNOLOGIES IN,0.49,10000,股
2026-04-16,NBIS US,NEBIUS GROUP NV,0.49,20000,股
2026-04-16,3711,日月光投控,0.42,200000,股
2026-04-16,FSLY US,FASTLY INC - CLASS A,0.31,85000,股
2026-04-16,SMHN GY,SUSS MICROTEC SE,0.28,25000,股
2026-04-16,M_USD,MARGIN,0.15,1000366,元
2026-04-16,PFUR_NTD,PAYABLES FOR UNITS REDEEMED,-0.07,-14838628,元
2026-04-16,RDI_NTD,RECEIVABLES FOR DISPOSAL OF INVESTMENTS,-6.52,-1383659103,元
2026-04-17,LITE US,LUMENTUM HOLDINGS INC.lite us,6.9,53000,股
2026-04-17,C_NTD,CASH,5.68,1233270115,元
2026-04-17,SNDK US,SANDISK CORP,4.61,34400,股
2026-04-17,MU US,MICRON TECHNOLOGY INC,3.64,55000,股
2026-04-17,CIEN US,CIENA CORP,3.47,47000,股
2026-04-17,6787 JP,MEIKO ELECTRONICS CO LTD,3.4,130000,股
2026-04-17,BE US,BLOOM ENERGY CORP- A,3.02,100000,股
2026-04-17,5801 JP,FURUKAWA ELECTRIC CO LTD,2.96,72000,股
2026-04-17,GLW US,CORNING INC,2.89,120700,股
2026-04-17,COHR US,COHERENT INC,2.86,57000,股
2026-04-17,6515,穎崴,2.85,60000,股
2026-04-17,009150 KS,Samsung Electro-Mechanics co(009150 ks),2.71,40000,股
2026-04-17,2383,台光電,2.52,144000,股
2026-04-17,GEV US,GE VERNOVA INC,2.39,16400,股
2026-04-17,3017,奇鋐,2.38,215000,股
2026-04-17,3037,欣興,2.22,750000,股
2026-04-17,ENR GY,SIEMENS ENERGY AG,2.21,75000,股
2026-04-17,3110 JP,NITTO BOSEKI CO LTD,2.19,87000,股
2026-04-17,GOOGL US,ALPHABETINC-CLA(Alphabet公司),2.19,44000,股
2026-04-17,2308,台達電,2.18,257000,股
2026-04-17,285A JP,KIOXIA HOLDINGS CORP,2.13,76500,股
2026-04-17,FORM US,FORMFACTOR INC,2.1,105000,股
2026-04-17,005930 KS,samsung electronics co ltd(005930 KS),2.03,95000,股
2026-04-17,MRVL US,MARVELL TECHNOLOGY INC,2.03,100000,股
2026-04-17,5706 JP,Mitsui Mining ＆ Smelting Co,2.0,60000,股
2026-04-17,TER US,TERADYNE INC,1.94,35000,股
2026-04-17,5274,信驊,1.91,30000,股
2026-04-17,WDC US,WESTERN DIGITAL CORP,1.9,35000,股
2026-04-17,2454,聯發科,1.77,200000,股
2026-04-17,2330,台積電,1.66,177000,股
2026-04-17,7826 JP,FURUYA METAL CO LTD,1.63,240000,股
2026-04-17,HOT GY,HOCHTIEF AG,1.59,20000,股
2026-04-17,AMD US,ADVANCEDMICRODEVICES.amdus(超微半導體公司),1.54,38000,股
2026-04-17,AVGO US,BROADCOM LTD,1.48,25000,股
2026-04-17,AIXA GY,AIXTRON SE,1.46,192539,股
2026-04-17,2360,致茂,1.25,120000,股
2026-04-17,SOI FP,S.O.I.T.E.C.,1.14,68198,股
2026-04-17,5803 JP,FUJIKURA LTD,1.1,210000,股
2026-04-17,VIAV US,VIAVI SOLUTIONS INC,0.96,150000,股
2026-04-17,HOOD US,ROBINHOOD MARKETS INC - A,0.92,70000,股
2026-04-17,NVDA US,NVIDIACORP(輝達公司),0.88,30000,股
2026-04-17,6869 HK,YANGTZE OPTICAL FIBRE AND-H,0.84,220000,股
2026-04-17,AXTI US,AXT INC,0.82,68000,股
2026-04-17,6997 JP,NIPPON CHEMI-CON CORP,0.74,360000,股
2026-04-17,268A JP,RIGAKU HOLDINGS CORP,0.64,300000,股
2026-04-17,BKSY US,BLACKSKY TECHNOLOGY INC,0.58,105224,股
2026-04-17,KEYS US,KEYSIGHT TECHNOLOGIES IN,0.49,10000,股
2026-04-17,RKLB US,ROCKET LAB USA INC,0.49,40000,股
2026-04-17,NBIS US,NEBIUS GROUP NV,0.46,20000,股
2026-04-17,3711,日月光投控,0.41,200000,股
2026-04-17,FSLY US,FASTLY INC - CLASS A,0.3,85000,股
2026-04-17,SMHN GY,SUSS MICROTEC SE,0.28,25000,股
2026-04-17,M_USD,MARGIN,0.15,1000366,元
2026-04-17,PFUR_NTD,PAYABLES FOR UNITS REDEEMED,0.0,0,元
2026-04-17,RDI_NTD,RECEIVABLES FOR DISPOSAL OF INVESTMENTS,-4.34,-942406417,元
2026-04-20,LITE US,LUMENTUM HOLDINGS INC.lite us,6.88,53000,股
2026-04-20,SNDK US,SANDISK CORP,4.56,34400,股
2026-04-20,C_NTD,CASH,3.63,787838141,元
2026-04-20,CIEN US,CIENA CORP,3.43,47000,股
2026-04-20,6787 JP,MEIKO ELECTRONICS CO LTD,3.24,130000,股
2026-04-20,BE US,BLOOM ENERGY CORP- A,3.17,100000,股
2026-04-20,MU US,MICRON TECHNOLOGY INC,3.06,47000,股
2026-04-20,6515,穎崴,2.98,60000,股
2026-04-20,GLW US,CORNING INC,2.89,120700,股
2026-04-20,COHR US,COHERENT INC,2.87,57000,股
2026-04-20,5801 JP,FURUKAWA ELECTRIC CO LTD,2.83,72000,股
2026-04-20,009150 KS,Samsung Electro-Mechanics co(009150 ks),2.69,40000,股
2026-04-20,2383,台光電,2.55,144000,股
2026-04-20,3017,奇鋐,2.47,215000,股
2026-04-20,AMD US,ADVANCEDMICRODEVICES.amdus(超微半導體公司),2.39,60000,股
2026-04-20,GEV US,GE VERNOVA INC,2.36,16400,股
2026-04-20,3037,欣興,2.34,750000,股
2026-04-20,2308,台達電,2.25,257000,股
2026-04-20,FORM US,FORMFACTOR INC,2.19,105000,股
2026-04-20,ENR GY,SIEMENS ENERGY AG,2.16,75000,股
2026-04-20,GOOGL US,ALPHABETINC-CLA(Alphabet公司),2.15,44000,股
2026-04-20,MRVL US,MARVELL TECHNOLOGY INC,2.14,100000,股
2026-04-20,3110 JP,NITTO BOSEKI CO LTD,2.12,87000,股
2026-04-20,005930 KS,samsung electronics co ltd(005930 KS),2.02,95000,股
2026-04-20,5274,信驊,1.99,30000,股
2026-04-20,5706 JP,Mitsui Mining ＆ Smelting Co,1.94,60000,股
2026-04-20,TER US,TERADYNE INC,1.9,35000,股
2026-04-20,WDC US,WESTERN DIGITAL CORP,1.9,35000,股
2026-04-20,2454,聯發科,1.75,200000,股
2026-04-20,7826 JP,FURUYA METAL CO LTD,1.72,260000,股
2026-04-20,2330,台積電,1.65,177000,股
2026-04-20,HOT GY,HOCHTIEF AG,1.58,20000,股
2026-04-20,AVGO US,BROADCOM LTD,1.45,25000,股
2026-04-20,AIXA GY,AIXTRON SE,1.43,192539,股
2026-04-20,285A JP,KIOXIA HOLDINGS CORP,1.39,50000,股
2026-04-20,3711,日月光投控,1.28,600000,股
2026-04-20,SOI FP,S.O.I.T.E.C.,1.16,68198,股
2026-04-20,2360,致茂,1.13,120000,股
2026-04-20,5803 JP,FUJIKURA LTD,1.06,210000,股
2026-04-20,VIAV US,VIAVI SOLUTIONS INC,0.97,150000,股
2026-04-20,6997 JP,NIPPON CHEMI-CON CORP,0.94,430000,股
2026-04-20,HOOD US,ROBINHOOD MARKETS INC - A,0.93,70000,股
2026-04-20,NVDA US,NVIDIACORP(輝達公司),0.88,30000,股
2026-04-20,6869 HK,YANGTZE OPTICAL FIBRE AND-H,0.86,220000,股
2026-04-20,AXTI US,AXT INC,0.78,68000,股
2026-04-20,268A JP,RIGAKU HOLDINGS CORP,0.62,300000,股
2026-04-20,BKSY US,BLACKSKY TECHNOLOGY INC,0.57,105224,股
2026-04-20,RKLB US,ROCKET LAB USA INC,0.52,40000,股
2026-04-20,KEYS US,KEYSIGHT TECHNOLOGIES IN,0.49,10000,股
2026-04-20,NBIS US,NEBIUS GROUP NV,0.46,20000,股
2026-04-20,ONTO US,ONTO INNOVATION INC,0.43,10000,股
2026-04-20,M_USD,MARGIN,0.15,1000366,元
2026-04-20,SMHN GY,SUSS MICROTEC SE,0.14,12500,股
2026-04-20,PFUR_NTD,PAYABLES FOR UNITS REDEEMED,0.0,0,元
2026-04-20,RDI_NTD,RECEIVABLES FOR DISPOSAL OF INVESTMENTS,-1.55,-337035662,元
2026-04-21,LITE US,LUMENTUM HOLDINGS INC.lite us,6.34,53000,股
2026-04-21,SNDK US,SANDISK CORP,4.44,34400,股
2026-04-21,CIEN US,CIENA CORP,3.4,47000,股
2026-04-21,6787 JP,MEIKO ELECTRONICS CO LTD,3.25,130000,股
2026-04-21,BE US,BLOOM ENERGY CORP- A,3.16,100000,股
2026-04-21,009150 KS,Samsung Electro-Mechanics co(009150 ks),3.11,41177,股
2026-04-21,MU US,MICRON TECHNOLOGY INC,3.02,47000,股
2026-04-21,6515,穎崴,2.92,60000,股
2026-04-21,5801 JP,FURUKAWA ELECTRIC CO LTD,2.87,72000,股
2026-04-21,GLW US,CORNING INC,2.85,120700,股
2026-04-21,COHR US,COHERENT INC,2.8,57000,股
2026-04-21,2383,台光電,2.58,144000,股
2026-04-21,3017,奇鋐,2.5,215000,股
2026-04-21,MRVL US,MARVELL TECHNOLOGY INC,2.49,115000,股
2026-04-21,C_NTD,CASH,2.45,539659631,元
2026-04-21,AMD US,ADVANCEDMICRODEVICES.amdus(超微半導體公司),2.44,60000,股
2026-04-21,3037,欣興,2.42,750000,股
2026-04-21,2308,台達電,2.35,257000,股
2026-04-21,GEV US,GE VERNOVA INC,2.32,16400,股
2026-04-21,FORM US,FORMFACTOR INC,2.13,105000,股
2026-04-21,2454,聯發科,2.11,222000,股
2026-04-21,ENR GY,SIEMENS ENERGY AG,2.11,75000,股
2026-04-21,GOOGL US,ALPHABETINC-CLA(Alphabet公司),2.09,44000,股
2026-04-21,5274,信驊,2.08,30000,股
2026-04-21,3110 JP,NITTO BOSEKI CO LTD,2.07,87000,股
2026-04-21,005930 KS,samsung electronics co ltd(005930 KS),2.04,95000,股
2026-04-21,5706 JP,Mitsui Mining ＆ Smelting Co,2.02,60000,股
2026-04-21,WDC US,WESTERN DIGITAL CORP,1.92,35000,股
2026-04-21,TER US,TERADYNE INC,1.9,35000,股
2026-04-21,7826 JP,FURUYA METAL CO LTD,1.73,260000,股
2026-04-21,2330,台積電,1.65,177000,股
2026-04-21,HOT GY,HOCHTIEF AG,1.52,20000,股
2026-04-21,285A JP,KIOXIA HOLDINGS CORP,1.47,50000,股
2026-04-21,AIXA GY,AIXTRON SE,1.46,192539,股
2026-04-21,AVGO US,BROADCOM LTD,1.44,25000,股
2026-04-21,3711,日月光投控,1.29,600000,股
2026-04-21,SOI FP,S.O.I.T.E.C.,1.16,68198,股
2026-04-21,5803 JP,FUJIKURA LTD,1.11,210000,股
2026-04-21,2360,致茂,1.1,120000,股
2026-04-21,VIAV US,VIAVI SOLUTIONS INC,0.95,150000,股
2026-04-21,6997 JP,NIPPON CHEMI-CON CORP,0.91,430000,股
2026-04-21,HOOD US,ROBINHOOD MARKETS INC - A,0.86,70000,股
2026-04-21,NVDA US,NVIDIACORP(輝達公司),0.86,30000,股
2026-04-21,6869 HK,YANGTZE OPTICAL FIBRE AND-H,0.85,220000,股
2026-04-21,ONTO US,ONTO INNOVATION INC,0.83,20000,股
2026-04-21,268A JP,RIGAKU HOLDINGS CORP,0.75,300000,股
2026-04-21,AXTI US,AXT INC,0.73,68000,股
2026-04-21,BKSY US,BLACKSKY TECHNOLOGY INC,0.59,105224,股
2026-04-21,RKLB US,ROCKET LAB USA INC,0.5,40000,股
2026-04-21,NBIS US,NEBIUS GROUP NV,0.45,20000,股
2026-04-21,M_USD,MARGIN,0.14,1000366,元
2026-04-21,PFUR_NTD,PAYABLES FOR UNITS REDEEMED,0.0,0,元
2026-04-21,SMHN GY,SUSS MICROTEC SE,0.0,100,股
2026-04-21,RDI_NTD,RECEIVABLES FOR DISPOSAL OF INVESTMENTS,-0.68,-148854613,元
2026-04-22,LITE US,LUMENTUM HOLDINGS INC.lite us,6.3,53000,股
2026-04-22,SNDK US,SANDISK CORP,4.58,34400,股
2026-04-22,BE US,BLOOM ENERGY CORP- A,3.6,115000,股
2026-04-22,6787 JP,MEIKO ELECTRONICS CO LTD,3.26,130000,股
2026-04-22,CIEN US,CIENA CORP,3.19,47000,股
2026-04-22,009150 KS,Samsung Electro-Mechanics co(009150 ks),3.14,41177,股
2026-04-22,MU US,MICRON TECHNOLOGY INC,3.12,47000,股
2026-04-22,MRVL US,MARVELL TECHNOLOGY INC,3.0,140000,股
2026-04-22,AMD US,ADVANCEDMICRODEVICES.amdus(超微半導體公司),2.81,68000,股
2026-04-22,6515,穎崴,2.78,60000,股
2026-04-22,GLW US,CORNING INC,2.77,120700,股
2026-04-22,COHR US,COHERENT INC,2.72,57000,股
2026-04-22,5801 JP,FURUKAWA ELECTRIC CO LTD,2.71,72000,股
2026-04-22,2383,台光電,2.53,144000,股
2026-04-22,GEV US,GE VERNOVA INC,2.52,16400,股
2026-04-22,3017,奇鋐,2.5,215000,股
2026-04-22,2454,聯發科,2.48,250000,股
2026-04-22,3037,欣興,2.32,750000,股
2026-04-22,2308,台達電,2.24,257000,股
2026-04-22,ENR GY,SIEMENS ENERGY AG,2.14,75000,股
2026-04-22,FORM US,FORMFACTOR INC,2.09,105000,股
2026-04-22,5274,信驊,2.08,30000,股
2026-04-22,3110 JP,NITTO BOSEKI CO LTD,2.04,87000,股
2026-04-22,C_NTD,CASH,2.04,472601996,元
2026-04-22,GOOGL US,ALPHABETINC-CLA(Alphabet公司),2.03,44000,股
2026-04-22,5706 JP,Mitsui Mining ＆ Smelting Co,1.96,60000,股
2026-04-22,WDC US,WESTERN DIGITAL CORP,1.85,35000,股
2026-04-22,TER US,TERADYNE INC,1.83,35000,股
2026-04-22,7826 JP,FURUYA METAL CO LTD,1.75,280000,股
2026-04-22,2330,台積電,1.57,177000,股
2026-04-22,285A JP,KIOXIA HOLDINGS CORP,1.49,50000,股
2026-04-22,HOT GY,HOCHTIEF AG,1.47,20000,股
2026-04-22,AIXA GY,AIXTRON SE,1.44,192539,股
2026-04-22,AVGO US,BROADCOM LTD,1.44,25000,股
2026-04-22,3711,日月光投控,1.2,600000,股
2026-04-22,SOI FP,S.O.I.T.E.C.,1.2,68198,股
2026-04-22,5803 JP,FUJIKURA LTD,1.07,210000,股
2026-04-22,2360,致茂,1.05,120000,股
2026-04-22,6997 JP,NIPPON CHEMI-CON CORP,0.99,471300,股
2026-04-22,6869 HK,YANGTZE OPTICAL FIBRE AND-H,0.95,220000,股
2026-04-22,VIAV US,VIAVI SOLUTIONS INC,0.9,150000,股
2026-04-22,HOOD US,ROBINHOOD MARKETS INC - A,0.84,70000,股
2026-04-22,NVDA US,NVIDIACORP(輝達公司),0.83,30000,股
2026-04-22,ONTO US,ONTO INNOVATION INC,0.81,20000,股
2026-04-22,AXTI US,AXT INC,0.8,68000,股
2026-04-22,268A JP,RIGAKU HOLDINGS CORP,0.67,300000,股
2026-04-22,BKSY US,BLACKSKY TECHNOLOGY INC,0.58,105224,股
2026-04-22,006400 KS,Samsung SDI Co Ltd,0.49,8000,股
2026-04-22,RKLB US,ROCKET LAB USA INC,0.49,40000,股
2026-04-22,NBIS US,NEBIUS GROUP NV,0.42,20000,股
2026-04-22,M_USD,MARGIN,0.14,1000366,元
2026-04-22,PFUR_NTD,PAYABLES FOR UNITS REDEEMED,-0.04,-8227500,元
2026-04-22,RDI_NTD,RECEIVABLES FOR DISPOSAL OF INVESTMENTS,-0.54,-124758155,元
2026-04-23,LITE US,LUMENTUM HOLDINGS INC.lite us,6.16,53000,股
2026-04-23,SNDK US,SANDISK CORP,4.4,34400,股
2026-04-23,BE US,BLOOM ENERGY CORP- A,3.75,115000,股
2026-04-23,MRVL US,MARVELL TECHNOLOGY INC,3.36,148000,股
2026-04-23,CIEN US,CIENA CORP,3.33,47000,股
2026-04-23,6787 JP,MEIKO ELECTRONICS CO LTD,3.15,130000,股
2026-04-23,MU US,MICRON TECHNOLOGY INC,3.11,47000,股
2026-04-23,2383,台光電,3.05,171000,股
2026-04-23,009150 KS,Samsung Electro-Mechanics co(009150 ks),2.94,41177,股
2026-04-23,AMD US,ADVANCEDMICRODEVICES.amdus(超微半導體公司),2.85,68000,股
2026-04-23,GLW US,CORNING INC,2.81,120700,股
2026-04-23,6515,穎崴,2.8,60000,股
2026-04-23,COHR US,COHERENT INC,2.64,57000,股
2026-04-23,5801 JP,FURUKAWA ELECTRIC CO LTD,2.63,72000,股
2026-04-23,GEV US,GE VERNOVA INC,2.59,16400,股
2026-04-23,3017,奇鋐,2.51,215000,股
2026-04-23,2454,聯發科,2.41,250000,股
2026-04-23,3037,欣興,2.38,750000,股
2026-04-23,2308,台達電,2.21,257000,股
2026-04-23,ENR GY,SIEMENS ENERGY AG,2.2,75000,股
2026-04-23,FORM US,FORMFACTOR INC,2.14,105000,股
2026-04-23,5274,信驊,2.05,30000,股
2026-04-23,GOOGL US,ALPHABETINC-CLA(Alphabet公司),2.05,44000,股
2026-04-23,C_NTD,CASH,1.98,454472063,元
2026-04-23,WDC US,WESTERN DIGITAL CORP,1.94,35000,股
2026-04-23,TER US,TERADYNE INC,1.93,35000,股
2026-04-23,5706 JP,Mitsui Mining ＆ Smelting Co,1.9,60000,股
2026-04-23,7826 JP,FURUYA METAL CO LTD,1.75,280000,股
2026-04-23,2330,台積電,1.6,177000,股
2026-04-23,285A JP,KIOXIA HOLDINGS CORP,1.52,50000,股
2026-04-23,HOT GY,HOCHTIEF AG,1.5,20000,股
2026-04-23,AIXA GY,AIXTRON SE,1.44,192539,股
2026-04-23,AVGO US,BROADCOM LTD,1.44,25000,股
2026-04-23,3110 JP,NITTO BOSEKI CO LTD,1.39,63200,股
2026-04-23,3711,日月光投控,1.21,600000,股
2026-04-23,SOI FP,S.O.I.T.E.C.,1.17,68198,股
2026-04-23,5803 JP,FUJIKURA LTD,1.06,210000,股
2026-04-23,6997 JP,NIPPON CHEMI-CON CORP,1.06,550000,股
2026-04-23,2360,致茂,1.01,120000,股
2026-04-23,VIAV US,VIAVI SOLUTIONS INC,0.95,150000,股
2026-04-23,6869 HK,YANGTZE OPTICAL FIBRE AND-H,0.9,220000,股
2026-04-23,NVDA US,NVIDIACORP(輝達公司),0.82,30000,股
2026-04-23,HOOD US,ROBINHOOD MARKETS INC - A,0.8,70000,股
2026-04-23,ONTO US,ONTO INNOVATION INC,0.8,20000,股
2026-04-23,AXTI US,AXT INC,0.7,68000,股
2026-04-23,268A JP,RIGAKU HOLDINGS CORP,0.66,300000,股
2026-04-23,RDI_NTD,RECEIVABLES FOR DISPOSAL OF INVESTMENTS,0.64,146344050,元
2026-04-23,BKSY US,BLACKSKY TECHNOLOGY INC,0.56,105224,股
2026-04-23,006400 KS,Samsung SDI Co Ltd,0.47,8000,股
2026-04-23,RKLB US,ROCKET LAB USA INC,0.46,40000,股
2026-04-23,NBIS US,NEBIUS GROUP NV,0.43,20000,股
2026-04-23,M_USD,MARGIN,0.14,1000366,元
2026-04-23,PFUR_NTD,PAYABLES FOR UNITS REDEEMED,-0.04,-8227500,元
2026-04-24,LITE US,LUMENTUM HOLDINGS INC.lite us,6.23,53000,股
2026-04-24,SNDK US,SANDISK CORP,4.54,34400,股
2026-04-24,BE US,BLOOM ENERGY CORP- A,3.85,125000,股
2026-04-24,CIEN US,CIENA CORP,3.26,47000,股
2026-04-24,2383,台光電,3.24,171000,股
2026-04-24,MRVL US,MARVELL TECHNOLOGY INC,3.24,148000,股
2026-04-24,6787 JP,MEIKO ELECTRONICS CO LTD,3.2,130000,股
2026-04-24,AMD US,ADVANCEDMICRODEVICES.amdus(超微半導體公司),3.15,68000,股
2026-04-24,MU US,MICRON TECHNOLOGY INC,3.11,47000,股
2026-04-24,C_NTD,CASH,3.0,707891387,元
2026-04-24,2454,聯發科,2.94,285000,股
2026-04-24,009150 KS,Samsung Electro-Mechanics co(009150 ks),2.92,41177,股
2026-04-24,GLW US,CORNING INC,2.83,120700,股
2026-04-24,3017,奇鋐,2.68,215000,股
2026-04-24,5801 JP,FURUKAWA ELECTRIC CO LTD,2.58,72000,股
2026-04-24,6515,穎崴,2.56,60000,股
2026-04-24,COHR US,COHERENT INC,2.55,57000,股
2026-04-24,3037,欣興,2.51,750000,股
2026-04-24,GEV US,GE VERNOVA INC,2.51,16400,股
2026-04-24,2308,台達電,2.26,257000,股
2026-04-24,ENR GY,SIEMENS ENERGY AG,2.19,75000,股
2026-04-24,FORM US,FORMFACTOR INC,2.17,105000,股
2026-04-24,5274,信驊,2.08,30000,股
2026-04-24,GOOGL US,ALPHABETINC-CLA(Alphabet公司),2.02,44000,股
2026-04-24,TER US,TERADYNE INC,1.95,35000,股
2026-04-24,5706 JP,Mitsui Mining ＆ Smelting Co,1.94,60000,股
2026-04-24,WDC US,WESTERN DIGITAL CORP,1.89,35000,股
2026-04-24,7826 JP,FURUYA METAL CO LTD,1.74,280000,股
2026-04-24,2330,台積電,1.64,177000,股
2026-04-24,3110 JP,NITTO BOSEKI CO LTD,1.45,63200,股
2026-04-24,285A JP,KIOXIA HOLDINGS CORP,1.44,50000,股
2026-04-24,HOT GY,HOCHTIEF AG,1.43,20000,股
2026-04-24,AVGO US,BROADCOM LTD,1.41,25000,股
2026-04-24,AIXA GY,AIXTRON SE,1.4,192539,股
2026-04-24,3711,日月光投控,1.26,600000,股
2026-04-24,SOI FP,S.O.I.T.E.C.,1.2,68198,股
2026-04-24,5803 JP,FUJIKURA LTD,1.06,210000,股
2026-04-24,6997 JP,NIPPON CHEMI-CON CORP,1.05,550000,股
2026-04-24,2360,致茂,0.98,120000,股
2026-04-24,VIAV US,VIAVI SOLUTIONS INC,0.96,150000,股
2026-04-24,6869 HK,YANGTZE OPTICAL FIBRE AND-H,0.83,220000,股
2026-04-24,NVDA US,NVIDIACORP(輝達公司),0.83,30000,股
2026-04-24,ONTO US,ONTO INNOVATION INC,0.82,20000,股
2026-04-24,HOOD US,ROBINHOOD MARKETS INC - A,0.79,70000,股
2026-04-24,4062 JP,IBIDEN CO LTD,0.73,70000,股
2026-04-24,AXTI US,AXT INC,0.69,68000,股
2026-04-24,268A JP,RIGAKU HOLDINGS CORP,0.61,300000,股
2026-04-24,006400 KS,Samsung SDI Co Ltd,0.46,8000,股
2026-04-24,BKSY US,BLACKSKY TECHNOLOGY INC,0.43,95622,股
2026-04-24,RKLB US,ROCKET LAB USA INC,0.43,40000,股
2026-04-24,NBIS US,NEBIUS GROUP NV,0.39,20000,股
2026-04-24,M_USD,MARGIN,0.13,1000366,元
2026-04-24,PFUR_NTD,PAYABLES FOR UNITS REDEEMED,-0.03,-8227500,元
2026-04-24,RDI_NTD,RECEIVABLES FOR DISPOSAL OF INVESTMENTS,-1.47,-347993843,元
2026-04-27,LITE US,LUMENTUM HOLDINGS INC.lite us,6.01,53000,股
2026-04-27,SNDK US,SANDISK CORP,4.86,34400,股
2026-04-27,BE US,BLOOM ENERGY CORP- A,3.87,125000,股
2026-04-27,2383,台光電,3.4,171000,股
2026-04-27,6787 JP,MEIKO ELECTRONICS CO LTD,3.32,130000,股
2026-04-27,MU US,MICRON TECHNOLOGY INC,3.25,47000,股
2026-04-27,CIEN US,CIENA CORP,3.14,47000,股
2026-04-27,MRVL US,MARVELL TECHNOLOGY INC,3.09,148000,股
2026-04-27,AMD US,ADVANCEDMICRODEVICES.amdus(超微半導體公司),3.0,68000,股
2026-04-27,009150 KS,Samsung Electro-Mechanics co(009150 ks),2.95,41177,股
2026-04-27,2454,聯發科,2.92,285000,股
2026-04-27,GLW US,CORNING INC,2.68,120700,股
2026-04-27,3037,欣興,2.64,750000,股
2026-04-27,C_NTD,CASH,2.59,616086665,元
2026-04-27,3017,奇鋐,2.56,215000,股
2026-04-27,5801 JP,FURUKAWA ELECTRIC CO LTD,2.54,72000,股
2026-04-27,6515,穎崴,2.42,60000,股
2026-04-27,COHR US,COHERENT INC,2.42,57000,股
2026-04-27,GEV US,GE VERNOVA INC,2.42,16400,股
2026-04-27,FORM US,FORMFACTOR INC,2.28,120000,股
2026-04-27,2308,台達電,2.18,257000,股
2026-04-27,ENR GY,SIEMENS ENERGY AG,2.06,75000,股
2026-04-27,GOOGL US,ALPHABETINC-CLA(Alphabet公司),2.03,44000,股
2026-04-27,5274,信驊,2.02,30000,股
2026-04-27,2330,台積電,1.96,206000,股
2026-04-27,5706 JP,Mitsui Mining ＆ Smelting Co,1.95,60000,股
2026-04-27,TER US,TERADYNE INC,1.86,35000,股
2026-04-27,WDC US,WESTERN DIGITAL CORP,1.85,35000,股
2026-04-27,7826 JP,FURUYA METAL CO LTD,1.68,280000,股
2026-04-27,285A JP,KIOXIA HOLDINGS CORP,1.47,50000,股
2026-04-27,3110 JP,NITTO BOSEKI CO LTD,1.43,63200,股
2026-04-27,HOT GY,HOCHTIEF AG,1.42,20000,股
2026-04-27,AVGO US,BROADCOM LTD,1.38,25000,股
2026-04-27,AIXA GY,AIXTRON SE,1.32,192539,股
2026-04-27,4062 JP,IBIDEN CO LTD,1.26,120000,股
2026-04-27,3711,日月光投控,1.25,600000,股
2026-04-27,SOI FP,S.O.I.T.E.C.,1.16,68198,股
2026-04-27,5803 JP,FUJIKURA LTD,1.1,210000,股
2026-04-27,6997 JP,NIPPON CHEMI-CON CORP,1.06,550000,股
2026-04-27,VIAV US,VIAVI SOLUTIONS INC,0.89,150000,股
2026-04-27,6869 HK,YANGTZE OPTICAL FIBRE AND-H,0.88,220000,股
2026-04-27,NVDA US,NVIDIACORP(輝達公司),0.86,30000,股
2026-04-27,ONTO US,ONTO INNOVATION INC,0.79,20000,股
2026-04-27,HOOD US,ROBINHOOD MARKETS INC - A,0.78,70000,股
2026-04-27,268A JP,RIGAKU HOLDINGS CORP,0.69,300000,股
2026-04-27,AXTI US,AXT INC,0.63,68000,股
2026-04-27,2360,致茂,0.49,60000,股
2026-04-27,006400 KS,Samsung SDI Co Ltd,0.46,8000,股
2026-04-27,NBIS US,NEBIUS GROUP NV,0.38,20000,股
2026-04-27,M_USD,MARGIN,0.13,1000366,元
2026-04-27,PFUR_NTD,PAYABLES FOR UNITS REDEEMED,-0.03,-8227500,元
2026-04-27,RDI_NTD,RECEIVABLES FOR DISPOSAL OF INVESTMENTS,-0.89,-211642938,元
2026-04-28,LITE US,LUMENTUM HOLDINGS INC.lite us,5.62,53000,股
2026-04-28,SNDK US,SANDISK CORP,4.62,34400,股
2026-04-28,BE US,BLOOM ENERGY CORP- A,4.39,145000,股
2026-04-28,2454,聯發科,3.5,315000,股
2026-04-28,6787 JP,MEIKO ELECTRONICS CO LTD,3.5,130000,股
2026-04-28,C_NTD,CASH,3.28,771211717,元
2026-04-28,2383,台光電,3.18,171000,股
2026-04-28,MU US,MICRON TECHNOLOGY INC,3.17,47000,股
2026-04-28,009150 KS,Samsung Electro-Mechanics co(009150 ks),3.08,41177,股
2026-04-28,MRVL US,MARVELL TECHNOLOGY INC,3.04,148000,股
2026-04-28,CIEN US,CIENA CORP,2.98,47000,股
2026-04-28,AMD US,ADVANCEDMICRODEVICES.amdus(超微半導體公司),2.94,68000,股
2026-04-28,3037,欣興,2.63,750000,股
2026-04-28,5801 JP,FURUKAWA ELECTRIC CO LTD,2.6,72000,股
2026-04-28,6515,穎崴,2.58,60000,股
2026-04-28,3017,奇鋐,2.54,215000,股
2026-04-28,GLW US,CORNING INC,2.47,120700,股
2026-04-28,GEV US,GE VERNOVA INC,2.39,16400,股
2026-04-28,2308,台達電,2.32,257000,股
2026-04-28,FORM US,FORMFACTOR INC,2.16,120000,股
2026-04-28,5706 JP,Mitsui Mining ＆ Smelting Co,2.09,60000,股
2026-04-28,GOOGL US,ALPHABETINC-CLA(Alphabet公司),2.06,44000,股
2026-04-28,5274,信驊,2.05,30000,股
2026-04-28,ENR GY,SIEMENS ENERGY AG,2.03,75000,股
2026-04-28,2330,台積電,1.94,206000,股
2026-04-28,COHR US,COHERENT INC,1.83,45000,股
2026-04-28,WDC US,WESTERN DIGITAL CORP,1.83,35000,股
2026-04-28,TER US,TERADYNE INC,1.78,35000,股
2026-04-28,7826 JP,FURUYA METAL CO LTD,1.75,280000,股
2026-04-28,285A JP,KIOXIA HOLDINGS CORP,1.53,50000,股
2026-04-28,3110 JP,NITTO BOSEKI CO LTD,1.5,63200,股
2026-04-28,HOT GY,HOCHTIEF AG,1.4,20000,股
2026-04-28,AVGO US,BROADCOM LTD,1.34,25000,股
2026-04-28,AIXA GY,AIXTRON SE,1.3,192539,股
2026-04-28,4062 JP,IBIDEN CO LTD,1.28,120000,股
2026-04-28,6997 JP,NIPPON CHEMI-CON CORP,1.27,615600,股
2026-04-28,3711,日月光投控,1.26,600000,股
2026-04-28,5803 JP,FUJIKURA LTD,1.11,210000,股
2026-04-28,SOI FP,S.O.I.T.E.C.,1.05,68198,股
2026-04-28,VIAV US,VIAVI SOLUTIONS INC,0.87,150000,股
2026-04-28,NVDA US,NVIDIACORP(輝達公司),0.86,30000,股
2026-04-28,6869 HK,YANGTZE OPTICAL FIBRE AND-H,0.85,220000,股
2026-04-28,HOOD US,ROBINHOOD MARKETS INC - A,0.77,70000,股
2026-04-28,ONTO US,ONTO INNOVATION INC,0.76,20000,股
2026-04-28,006400 KS,Samsung SDI Co Ltd,0.73,12000,股
2026-04-28,268A JP,RIGAKU HOLDINGS CORP,0.7,300000,股
2026-04-28,AXTI US,AXT INC,0.63,68000,股
2026-04-28,2360,致茂,0.53,60000,股
2026-04-28,NBIS US,NEBIUS GROUP NV,0.36,20000,股
2026-04-28,M_USD,MARGIN,0.13,1000366,元
2026-04-28,PFUR_NTD,PAYABLES FOR UNITS REDEEMED,-0.03,-8227500,元
2026-04-28,RDI_NTD,RECEIVABLES FOR DISPOSAL OF INVESTMENTS,-1.19,-279765012,元
2026-04-29,LITE US,LUMENTUM HOLDINGS INC.lite us,5.95,53000,股
2026-04-29,BE US,BLOOM ENERGY CORP- A,5.46,145000,股
2026-04-29,SNDK US,SANDISK CORP,4.79,34400,股
2026-04-29,C_NTD,CASH,3.94,952322026,元
2026-04-29,6787 JP,MEIKO ELECTRONICS CO LTD,3.41,130000,股
2026-04-29,2454,聯發科,3.36,315000,股
2026-04-29,009150 KS,Samsung Electro-Mechanics co(009150 ks),3.24,44000,股
2026-04-29,MU US,MICRON TECHNOLOGY INC,3.19,47000,股
2026-04-29,2383,台光電,3.14,171000,股
2026-04-29,MRVL US,MARVELL TECHNOLOGY INC,3.03,148000,股
2026-04-29,AMD US,ADVANCEDMICRODEVICES.amdus(超微半導體公司),3.0,68000,股
2026-04-29,CIEN US,CIENA CORP,2.92,47000,股
2026-04-29,3037,欣興,2.91,875000,股
2026-04-29,5801 JP,FURUKAWA ELECTRIC CO LTD,2.53,72000,股
2026-04-29,6515,穎崴,2.53,60000,股
2026-04-29,3017,奇鋐,2.52,215000,股
2026-04-29,GLW US,CORNING INC,2.4,120700,股
2026-04-29,2308,台達電,2.3,257000,股
2026-04-29,GEV US,GE VERNOVA INC,2.28,16400,股
2026-04-29,FORM US,FORMFACTOR INC,2.13,120000,股
2026-04-29,5274,信驊,2.06,30000,股
2026-04-29,5706 JP,Mitsui Mining ＆ Smelting Co,2.03,60000,股
2026-04-29,ENR GY,SIEMENS ENERGY AG,2.01,75000,股
2026-04-29,GOOGL US,ALPHABETINC-CLA(Alphabet公司),2.01,44000,股
2026-04-29,WDC US,WESTERN DIGITAL CORP,1.89,35000,股
2026-04-29,2330,台積電,1.86,206000,股
2026-04-29,COHR US,COHERENT INC,1.79,45000,股
2026-04-29,7826 JP,FURUYA METAL CO LTD,1.7,280000,股
2026-04-29,285A JP,KIOXIA HOLDINGS CORP,1.49,50000,股
2026-04-29,3110 JP,NITTO BOSEKI CO LTD,1.46,63200,股
2026-04-29,HOT GY,HOCHTIEF AG,1.37,20000,股
2026-04-29,TER US,TERADYNE INC,1.37,34295,股
2026-04-29,AVGO US,BROADCOM LTD,1.33,25000,股
2026-04-29,AIXA GY,AIXTRON SE,1.32,192539,股
2026-04-29,4062 JP,IBIDEN CO LTD,1.25,120000,股
2026-04-29,6997 JP,NIPPON CHEMI-CON CORP,1.24,615600,股
2026-04-29,3711,日月光投控,1.21,600000,股
2026-04-29,006400 KS,Samsung SDI Co Ltd,1.14,18000,股
2026-04-29,5803 JP,FUJIKURA LTD,1.08,210000,股
2026-04-29,VIAV US,VIAVI SOLUTIONS INC,0.89,150000,股
2026-04-29,6869 HK,YANGTZE OPTICAL FIBRE AND-H,0.85,220000,股
2026-04-29,NVDA US,NVIDIACORP(輝達公司),0.82,30000,股
2026-04-29,SOI FP,S.O.I.T.E.C.,0.78,45000,股
2026-04-29,ONTO US,ONTO INNOVATION INC,0.74,20000,股
2026-04-29,268A JP,RIGAKU HOLDINGS CORP,0.68,300000,股
2026-04-29,AXTI US,AXT INC,0.63,68000,股
2026-04-29,2360,致茂,0.51,60000,股
2026-04-29,NBIS US,NEBIUS GROUP NV,0.37,20000,股
2026-04-29,M_USD,MARGIN,0.13,1000366,元
2026-04-29,PFUR_NTD,PAYABLES FOR UNITS REDEEMED,-0.24,-58590392,元
2026-04-29,RDI_NTD,RECEIVABLES FOR DISPOSAL OF INVESTMENTS,-1.17,-282688205,元
2026-04-30,LITE US,LUMENTUM HOLDINGS INC.lite us,6.05,53000,股
2026-04-30,BE US,BLOOM ENERGY CORP- A,5.2,145000,股
2026-04-30,SNDK US,SANDISK CORP,4.77,34400,股
2026-04-30,C_NTD,CASH,3.81,955568233,元
2026-04-30,2454,聯發科,3.28,315000,股
2026-04-30,6787 JP,MEIKO ELECTRONICS CO LTD,3.24,130000,股
2026-04-30,3037,欣興,3.16,897000,股
2026-04-30,CIEN US,CIENA CORP,3.14,47000,股
2026-04-30,009150 KS,Samsung Electro-Mechanics co(009150 ks),3.12,44000,股
2026-04-30,2383,台光電,3.1,171000,股
2026-04-30,MRVL US,MARVELL TECHNOLOGY INC,3.09,148000,股
2026-04-30,MU US,MICRON TECHNOLOGY INC,3.07,47000,股
2026-04-30,AMD US,ADVANCEDMICRODEVICES.amdus(超微半導體公司),3.05,68000,股
2026-04-30,GLW US,CORNING INC,2.51,120700,股
2026-04-30,6515,穎崴,2.49,60000,股
2026-04-30,3017,奇鋐,2.43,215000,股
2026-04-30,5801 JP,FURUKAWA ELECTRIC CO LTD,2.4,72000,股
2026-04-30,GEV US,GE VERNOVA INC,2.25,16400,股
2026-04-30,2308,台達電,2.22,257000,股
2026-04-30,GOOGL US,ALPHABETINC-CLA(Alphabet公司),2.14,44000,股
2026-04-30,FORM US,FORMFACTOR INC,2.06,120000,股
2026-04-30,5706 JP,Mitsui Mining ＆ Smelting Co,2.0,60000,股
2026-04-30,ENR GY,SIEMENS ENERGY AG,2.0,75000,股
2026-04-30,5274,信驊,1.97,30000,股
2026-04-30,WDC US,WESTERN DIGITAL CORP,1.92,35000,股
2026-04-30,4062 JP,IBIDEN CO LTD,1.91,180000,股
2026-04-30,COHR US,COHERENT INC,1.82,45000,股
2026-04-30,2330,台積電,1.76,206000,股
2026-04-30,7826 JP,FURUYA METAL CO LTD,1.62,280000,股
2026-04-30,6997 JP,NIPPON CHEMI-CON CORP,1.57,751000,股
2026-04-30,TER US,TERADYNE INC,1.49,34295,股
2026-04-30,285A JP,KIOXIA HOLDINGS CORP,1.48,50000,股
2026-04-30,3110 JP,NITTO BOSEKI CO LTD,1.42,63200,股
2026-04-30,HOT GY,HOCHTIEF AG,1.35,20000,股
2026-04-30,AIXA GY,AIXTRON SE,1.34,192539,股
2026-04-30,AVGO US,BROADCOM LTD,1.32,25000,股
2026-04-30,3711,日月光投控,1.14,600000,股
2026-04-30,006400 KS,Samsung SDI Co Ltd,1.08,18000,股
2026-04-30,5803 JP,FUJIKURA LTD,0.99,210000,股
2026-04-30,VIAV US,VIAVI SOLUTIONS INC,0.99,150000,股
2026-04-30,6869 HK,YANGTZE OPTICAL FIBRE AND-H,0.84,260000,股
2026-04-30,SOI FP,S.O.I.T.E.C.,0.84,45000,股
2026-04-30,NVDA US,NVIDIACORP(輝達公司),0.76,30000,股
2026-04-30,ONTO US,ONTO INNOVATION INC,0.75,20000,股
2026-04-30,AXTI US,AXT INC,0.68,68000,股
2026-04-30,268A JP,RIGAKU HOLDINGS CORP,0.64,300000,股
2026-04-30,2360,致茂,0.51,60000,股
2026-04-30,NBIS US,NEBIUS GROUP NV,0.35,20000,股
2026-04-30,M_USD,MARGIN,0.13,1000366,元
2026-04-30,PFUR_NTD,PAYABLES FOR UNITS REDEEMED,-0.44,-110231540,元
2026-04-30,RDI_NTD,RECEIVABLES FOR DISPOSAL OF INVESTMENTS,-1.85,-464693985,元
2026-05-04,LITE US,LUMENTUM HOLDINGS INC.lite us,6.37,55000,股
2026-05-04,SNDK US,SANDISK CORP,5.36,36000,股
2026-05-04,BE US,BLOOM ENERGY CORP- A,4.96,145000,股
2026-05-04,C_NTD,CASH,3.93,1047514645,元
2026-05-04,MU US,MICRON TECHNOLOGY INC,3.69,54000,股
2026-05-04,2454,聯發科,3.39,315000,股
2026-05-04,009150 KS,Samsung Electro-Mechanics co(009150 ks),3.23,44000,股
2026-05-04,3037,欣興,3.06,897000,股
2026-05-04,2383,台光電,3.05,171000,股
2026-05-04,CIEN US,CIENA CORP,3.0,47000,股
2026-05-04,6787 JP,MEIKO ELECTRONICS CO LTD,2.92,130000,股
2026-05-04,MRVL US,MARVELL TECHNOLOGY INC,2.87,148000,股
2026-05-04,AMD US,ADVANCEDMICRODEVICES.amdus(超微半導體公司),2.75,68000,股
2026-05-04,6515,穎崴,2.41,60000,股
2026-05-04,3017,奇鋐,2.33,215000,股
2026-05-04,GLW US,CORNING INC,2.29,120700,股
2026-05-04,5801 JP,FURUKAWA ELECTRIC CO LTD,2.24,72000,股
2026-05-04,2308,台達電,2.14,257000,股
2026-05-04,GEV US,GE VERNOVA INC,2.09,16400,股
2026-05-04,GOOGL US,ALPHABETINC-CLA(Alphabet公司),2.0,44000,股
2026-05-04,5274,信驊,1.97,30000,股
2026-05-04,FORM US,FORMFACTOR INC,1.91,120000,股
2026-05-04,5706 JP,Mitsui Mining ＆ Smelting Co,1.86,60000,股
2026-05-04,ENR GY,SIEMENS ENERGY AG,1.84,75000,股
2026-05-04,WDC US,WESTERN DIGITAL CORP,1.84,35000,股
2026-05-04,4062 JP,IBIDEN CO LTD,1.82,180000,股
2026-05-04,2330,台積電,1.76,206000,股
2026-05-04,COHR US,COHERENT INC,1.76,45000,股
2026-05-04,AIXA GY,AIXTRON SE,1.59,237539,股
2026-05-04,7826 JP,FURUYA METAL CO LTD,1.53,280000,股
2026-05-04,6997 JP,NIPPON CHEMI-CON CORP,1.5,751000,股
2026-05-04,285A JP,KIOXIA HOLDINGS CORP,1.38,50000,股
2026-05-04,TER US,TERADYNE INC,1.37,34295,股
2026-05-04,3110 JP,NITTO BOSEKI CO LTD,1.34,63200,股
2026-05-04,HOT GY,HOCHTIEF AG,1.27,20000,股
2026-05-04,AVGO US,BROADCOM LTD,1.23,25000,股
2026-05-04,3711,日月光投控,1.18,600000,股
2026-05-04,006400 KS,Samsung SDI Co Ltd,1.02,18000,股
2026-05-04,SOI FP,S.O.I.T.E.C.,0.96,45000,股
2026-05-04,VIAV US,VIAVI SOLUTIONS INC,0.93,150000,股
2026-05-04,5803 JP,FUJIKURA LTD,0.92,210000,股
2026-05-04,6869 HK,YANGTZE OPTICAL FIBRE AND-H,0.88,260000,股
2026-05-04,AXTI US,AXT INC,0.85,68000,股
2026-05-04,NVDA US,NVIDIACORP(輝達公司),0.71,30000,股
2026-05-04,ONTO US,ONTO INNOVATION INC,0.71,20000,股
2026-05-04,268A JP,RIGAKU HOLDINGS CORP,0.6,300000,股
2026-05-04,2360,致茂,0.52,60000,股
2026-05-04,6223,旺矽,0.46,24000,股
2026-05-04,NBIS US,NEBIUS GROUP NV,0.42,20000,股
2026-05-04,M_USD,MARGIN,0.12,1000366,元
2026-05-04,PFUR_NTD,PAYABLES FOR UNITS REDEEMED,-0.41,-110231540,元
2026-05-04,RDI_NTD,RECEIVABLES FOR DISPOSAL OF INVESTMENTS,-2.79,-745038256,元
2026-05-05,LITE US,LUMENTUM HOLDINGS INC.lite us,6.19,55000,股
2026-05-05,SNDK US,SANDISK CORP,5.73,36000,股
2026-05-05,C_NTD,CASH,5.35,1495329683,元
2026-05-05,BE US,BLOOM ENERGY CORP- A,4.84,145000,股
2026-05-05,MU US,MICRON TECHNOLOGY INC,3.96,54681,股
2026-05-05,2454,聯發科,3.56,315000,股
2026-05-05,2383,台光電,3.23,191000,股
2026-05-05,009150 KS,Samsung Electro-Mechanics co(009150 ks),3.07,44000,股
2026-05-05,3037,欣興,2.9,897000,股
2026-05-05,CIEN US,CIENA CORP,2.9,47000,股
2026-05-05,MRVL US,MARVELL TECHNOLOGY INC,2.82,148000,股
2026-05-05,6787 JP,MEIKO ELECTRONICS CO LTD,2.78,130000,股
2026-05-05,AMD US,ADVANCEDMICRODEVICES.amdus(超微半導體公司),2.73,68000,股
2026-05-05,6515,穎崴,2.41,67000,股
2026-05-05,GLW US,CORNING INC,2.21,120700,股
2026-05-05,5801 JP,FURUKAWA ELECTRIC CO LTD,2.13,72000,股
2026-05-05,3017,奇鋐,2.08,215000,股
2026-05-05,GEV US,GE VERNOVA INC,2.03,16400,股
2026-05-05,2308,台達電,1.99,257000,股
2026-05-05,FORM US,FORMFACTOR INC,1.97,120000,股
2026-05-05,GOOGL US,ALPHABETINC-CLA(Alphabet公司),1.93,44000,股
2026-05-05,5274,信驊,1.91,30000,股
2026-05-05,WDC US,WESTERN DIGITAL CORP,1.84,35000,股
2026-05-05,ENR GY,SIEMENS ENERGY AG,1.81,75000,股
2026-05-05,AIXA GY,AIXTRON SE,1.79,263450,股
2026-05-05,5706 JP,Mitsui Mining ＆ Smelting Co,1.77,60000,股
2026-05-05,4062 JP,IBIDEN CO LTD,1.73,180000,股
2026-05-05,COHR US,COHERENT INC,1.71,45000,股
2026-05-05,2330,台積電,1.66,206000,股
2026-05-05,3711,日月光投控,1.58,850000,股
2026-05-05,7826 JP,FURUYA METAL CO LTD,1.46,280000,股
2026-05-05,6997 JP,NIPPON CHEMI-CON CORP,1.43,751000,股
2026-05-05,HOT GY,HOCHTIEF AG,1.4,20000,股
2026-05-05,285A JP,KIOXIA HOLDINGS CORP,1.31,50000,股
2026-05-05,3110 JP,NITTO BOSEKI CO LTD,1.28,63200,股
2026-05-05,AVGO US,BROADCOM LTD,1.21,25000,股
2026-05-05,AAOI US,APPLIED OPTOELECTRONICS INC,1.02,50000,股
2026-05-05,006400 KS,Samsung SDI Co Ltd,0.97,18000,股
2026-05-05,TER US,TERADYNE INC,0.97,24000,股
2026-05-05,SOI FP,S.O.I.T.E.C.,0.94,45000,股
2026-05-05,VIAV US,VIAVI SOLUTIONS INC,0.92,150000,股
2026-05-05,5803 JP,FUJIKURA LTD,0.88,210000,股
2026-05-05,6869 HK,YANGTZE OPTICAL FIBRE AND-H,0.85,260000,股
2026-05-05,AXTI US,AXT INC,0.83,68000,股
2026-05-05,ONTO US,ONTO INNOVATION INC,0.69,20000,股
2026-05-05,NVDA US,NVIDIACORP(輝達公司),0.67,30000,股
2026-05-05,268A JP,RIGAKU HOLDINGS CORP,0.58,300000,股
2026-05-05,2360,致茂,0.48,60000,股
2026-05-05,6223,旺矽,0.43,24000,股
2026-05-05,NBIS US,NEBIUS GROUP NV,0.4,20000,股
2026-05-05,M_USD,MARGIN,0.11,1000366,元
2026-05-05,PFUR_NTD,PAYABLES FOR UNITS REDEEMED,-0.39,-110231540,元
2026-05-05,RDI_NTD,RECEIVABLES FOR DISPOSAL OF INVESTMENTS,-3.46,-967528264,元
2026-05-06,C_NTD,CASH,6.15,1776702844,元
2026-05-06,SNDK US,SANDISK CORP,5.84,38000,股
2026-05-06,LITE US,LUMENTUM HOLDINGS INC,5.66,55000,股
2026-05-06,MU US,MICRON TECHNOLOGY INC,4.72,65000,股
2026-05-06,BE US,BLOOM ENERGY CORP- A,4.51,145000,股
2026-05-06,2454,聯發科,3.74,315000,股
2026-05-06,2383,台光電,3.72,217000,股
2026-05-06,AMD US,ADVANCEDMICRODEVICES.amdus(超微半導體公司),3.12,68000,股
2026-05-06,009150 KS,Samsung Electro-Mechanics co(009150 ks),3.09,44000,股
2026-05-06,CIEN US,CIENA CORP,2.95,47000,股
2026-05-06,MRVL US,MARVELL TECHNOLOGY INC,2.78,148000,股
2026-05-06,6787 JP,MEIKO ELECTRONICS CO LTD,2.69,130000,股
2026-05-06,3037,欣興,2.66,897000,股
2026-05-06,WDC US,WESTERN DIGITAL CORP,2.63,50000,股
2026-05-06,GLW US,CORNING INC,2.39,120700,股
2026-05-06,6515,穎崴,2.35,67000,股
2026-05-06,5801 JP,FURUKAWA ELECTRIC CO LTD,2.07,72000,股
2026-05-06,GEV US,GE VERNOVA INC,2.0,16400,股
2026-05-06,2308,台達電,1.97,257000,股
2026-05-06,AIXA GY,AIXTRON SE,1.95,305000,股
2026-05-06,FORM US,FORMFACTOR INC,1.95,120000,股
2026-05-06,5274,信驊,1.94,30000,股
2026-05-06,GOOGL US,ALPHABETINC-CLA(Alphabet公司),1.91,44000,股
2026-05-06,3017,奇鋐,1.81,215000,股
2026-05-06,ENR GY,SIEMENS ENERGY AG,1.78,75000,股
2026-05-06,5706 JP,Mitsui Mining ＆ Smelting Co,1.72,60000,股
2026-05-06,COHR US,COHERENT INC,1.69,45000,股
2026-05-06,4062 JP,IBIDEN CO LTD,1.68,180000,股
2026-05-06,2330,台積電,1.6,206000,股
2026-05-06,3711,日月光投控,1.54,850000,股
2026-05-06,7826 JP,FURUYA METAL CO LTD,1.41,280000,股
2026-05-06,HOT GY,HOCHTIEF AG,1.4,20000,股
2026-05-06,6997 JP,NIPPON CHEMI-CON CORP,1.39,751000,股
2026-05-06,285A JP,KIOXIA HOLDINGS CORP,1.27,50000,股
2026-05-06,AAOI US,APPLIED OPTOELECTRONICS INC,1.26,65000,股
2026-05-06,3110 JP,NITTO BOSEKI CO LTD,1.24,63200,股
2026-05-06,AVGO US,BROADCOM LTD,1.16,25000,股
2026-05-06,TER US,TERADYNE INC,1.0,24000,股
2026-05-06,006400 KS,Samsung SDI Co Ltd,0.95,18000,股
2026-05-06,VIAV US,VIAVI SOLUTIONS INC,0.87,150000,股
2026-05-06,5803 JP,FUJIKURA LTD,0.85,210000,股
2026-05-06,SOI FP,S.O.I.T.E.C.,0.84,45000,股
2026-05-06,6869 HK,YANGTZE OPTICAL FIBRE AND-H,0.78,260000,股
2026-05-06,AXTI US,AXT INC,0.78,68000,股
2026-05-06,NVDA US,NVIDIACORP(輝達公司),0.68,30000,股
2026-05-06,268A JP,RIGAKU HOLDINGS CORP,0.56,300000,股
2026-05-06,2360,致茂,0.49,60000,股
2026-05-06,NBIS US,NEBIUS GROUP NV,0.42,20000,股
2026-05-06,6223,旺矽,0.41,24000,股
2026-05-06,M_USD,MARGIN,0.11,1000366,元
2026-05-06,PFUR_NTD,PAYABLES FOR UNITS REDEEMED,-0.64,-183906428,元
2026-05-06,RDI_NTD,RECEIVABLES FOR DISPOSAL OF INVESTMENTS,-4.17,-1203611258,元
2026-05-07,SNDK US,SANDISK CORP,5.31,38000,股
2026-05-07,LITE US,LUMENTUM HOLDINGS INC,5.12,55000,股
2026-05-07,C_NTD,CASH,4.63,1392003997,元
2026-05-07,MU US,MICRON TECHNOLOGY INC,4.38,65000,股
2026-05-07,BE US,BLOOM ENERGY CORP- A,3.91,145000,股
2026-05-07,2383,台光電,3.58,217000,股
2026-05-07,2454,聯發科,3.58,315000,股
2026-05-07,AMD US,ADVANCEDMICRODEVICES.amdus(超微半導體公司),3.2,75000,股
2026-05-07,009150 KS,Samsung Electro-Mechanics co(009150 ks),3.09,47000,股
2026-05-07,6787 JP,MEIKO ELECTRONICS CO LTD,2.71,130000,股
2026-05-07,4062 JP,IBIDEN CO LTD,2.7,247400,股
2026-05-07,3037,欣興,2.67,897000,股
2026-05-07,CIEN US,CIENA CORP,2.64,47000,股
2026-05-07,GLW US,CORNING INC,2.57,135000,股
2026-05-07,MRVL US,MARVELL TECHNOLOGY INC,2.47,148000,股
2026-05-07,WDC US,WESTERN DIGITAL CORP,2.42,50000,股
2026-05-07,5801 JP,FURUKAWA ELECTRIC CO LTD,2.23,72000,股
2026-05-07,6515,穎崴,2.2,67000,股
2026-05-07,2308,台達電,2.11,279000,股
2026-05-07,2330,台積電,2.07,270000,股
2026-05-07,FORM US,FORMFACTOR INC,1.96,130000,股
2026-05-07,5706 JP,Mitsui Mining ＆ Smelting Co,1.92,60000,股
2026-05-07,AIXA GY,AIXTRON SE,1.83,305000,股
2026-05-07,GOOGL US,ALPHABETINC-CLA(Alphabet公司),1.83,44000,股
2026-05-07,GEV US,GE VERNOVA INC,1.79,16400,股
2026-05-07,5274,信驊,1.78,30000,股
2026-05-07,3017,奇鋐,1.73,215000,股
2026-05-07,ENR GY,SIEMENS ENERGY AG,1.66,75000,股
2026-05-07,3711,日月光投控,1.53,850000,股
2026-05-07,7826 JP,FURUYA METAL CO LTD,1.5,280000,股
2026-05-07,COHR US,COHERENT INC,1.5,45000,股
2026-05-07,6997 JP,NIPPON CHEMI-CON CORP,1.48,751000,股
2026-05-07,285A JP,KIOXIA HOLDINGS CORP,1.45,50000,股
2026-05-07,3110 JP,NITTO BOSEKI CO LTD,1.35,63200,股
2026-05-07,HOT GY,HOCHTIEF AG,1.34,20000,股
2026-05-07,AVGO US,BROADCOM LTD,1.08,25000,股
2026-05-07,AAOI US,APPLIED OPTOELECTRONICS INC,1.07,65000,股
2026-05-07,5803 JP,FUJIKURA LTD,0.91,210000,股
2026-05-07,006400 KS,Samsung SDI Co Ltd,0.9,18000,股
2026-05-07,TER US,TERADYNE INC,0.89,24000,股
2026-05-07,6223,旺矽,0.84,50000,股
2026-05-07,SOI FP,S.O.I.T.E.C.,0.83,45000,股
2026-05-07,6869 HK,YANGTZE OPTICAL FIBRE AND-H,0.81,260000,股
2026-05-07,VIAV US,VIAVI SOLUTIONS INC,0.8,150000,股
2026-05-07,AXTI US,AXT INC,0.77,68000,股
2026-05-07,6274,台燿,0.72,150000,股
2026-05-07,NVDA US,NVIDIACORP(輝達公司),0.66,30000,股
2026-05-07,268A JP,RIGAKU HOLDINGS CORP,0.62,300000,股
2026-05-07,2360,致茂,0.46,60000,股
2026-05-07,NBIS US,NEBIUS GROUP NV,0.39,20000,股
2026-05-07,M_USD,MARGIN,0.1,1000366,元
2026-05-07,PFUR_NTD,PAYABLES FOR UNITS REDEEMED,-0.42,-125316036,元
2026-05-07,RDI_NTD,RECEIVABLES FOR DISPOSAL OF INVESTMENTS,-4.16,-1250769367,元
2026-05-08,C_NTD,CASH,7.15,2269194648,元
2026-05-08,SNDK US,SANDISK CORP,5.87,38000,股
2026-05-08,LITE US,LUMENTUM HOLDINGS INC,4.91,55000,股
2026-05-08,MU US,MICRON TECHNOLOGY INC,4.8,65000,股
2026-05-08,BE US,BLOOM ENERGY CORP- A,3.74,145000,股
2026-05-08,2454,聯發科,3.6,315000,股
2026-05-08,AMD US,ADVANCEDMICRODEVICES.amdus(超微半導體公司),3.37,75000,股
2026-05-08,2383,台光電,3.25,217000,股
2026-05-08,009150 KS,Samsung Electro-Mechanics co(009150 ks),2.88,47000,股
2026-05-08,CIEN US,CIENA CORP,2.82,52000,股
2026-05-08,GLW US,CORNING INC,2.77,150000,股
2026-05-08,6787 JP,MEIKO ELECTRONICS CO LTD,2.75,130000,股
2026-05-08,4062 JP,IBIDEN CO LTD,2.66,275000,股
2026-05-08,MRVL US,MARVELL TECHNOLOGY INC,2.49,148000,股
2026-05-08,WDC US,WESTERN DIGITAL CORP,2.37,50000,股
2026-05-08,3037,欣興,2.31,897000,股
2026-05-08,5706 JP,Mitsui Mining ＆ Smelting Co,2.18,69200,股
2026-05-08,2308,台達電,2.13,307000,股
2026-05-08,5801 JP,FURUKAWA ELECTRIC CO LTD,2.04,72000,股
2026-05-08,6515,穎崴,2.03,67000,股
2026-05-08,2330,台積電,1.95,270000,股
2026-05-08,GEV US,GE VERNOVA INC,1.95,19000,股
2026-05-08,FORM US,FORMFACTOR INC,1.9,130000,股
2026-05-08,7826 JP,FURUYA METAL CO LTD,1.86,346400,股
2026-05-08,285A JP,KIOXIA HOLDINGS CORP,1.82,65000,股
2026-05-08,6997 JP,NIPPON CHEMI-CON CORP,1.77,888000,股
2026-05-08,AIXA GY,AIXTRON SE,1.77,305000,股
2026-05-08,GOOGL US,ALPHABETINC-CLA(Alphabet公司),1.74,44000,股
2026-05-08,3017,奇鋐,1.66,215000,股
2026-05-08,5274,信驊,1.6,30000,股
2026-05-08,ENR GY,SIEMENS ENERGY AG,1.55,75000,股
2026-05-08,COHR US,COHERENT INC,1.49,45000,股
2026-05-08,3711,日月光投控,1.38,850000,股
2026-05-08,HOT GY,HOCHTIEF AG,1.27,20000,股
2026-05-08,5803 JP,FUJIKURA LTD,1.24,299000,股
2026-05-08,3110 JP,NITTO BOSEKI CO LTD,1.21,63200,股
2026-05-08,AVGO US,BROADCOM LTD,1.06,25000,股
2026-05-08,AAOI US,APPLIED OPTOELECTRONICS INC,1.03,70000,股
2026-05-08,6274,台燿,0.99,230000,股
2026-05-08,6223,旺矽,0.95,60000,股
2026-05-08,SOI FP,S.O.I.T.E.C.,0.9,45000,股
2026-05-08,TER US,TERADYNE INC,0.85,24000,股
2026-05-08,006400 KS,Samsung SDI Co Ltd,0.82,18000,股
2026-05-08,6869 HK,YANGTZE OPTICAL FIBRE AND-H,0.81,260000,股
2026-05-08,AXTI US,AXT INC,0.78,68000,股
2026-05-08,VIAV US,VIAVI SOLUTIONS INC,0.76,150000,股
2026-05-08,010120 KS,LS ELECTRIC CO LTD,0.64,30000,股
2026-05-08,NVDA US,NVIDIACORP(輝達公司),0.64,30000,股
2026-05-08,268A JP,RIGAKU HOLDINGS CORP,0.59,300000,股
2026-05-08,2360,致茂,0.42,60000,股
2026-05-08,NBIS US,NEBIUS GROUP NV,0.35,20000,股
2026-05-08,M_USD,MARGIN,0.1,1000366,元
2026-05-08,PFUR_NTD,PAYABLES FOR UNITS REDEEMED,-0.23,-73674888,元
2026-05-08,RDI_NTD,RECEIVABLES FOR DISPOSAL OF INVESTMENTS,-6.79,-2156926578,元
2026-05-11,C_NTD,CASH,6.35,2115132507,元
2026-05-11,SNDK US,SANDISK CORP,5.54,38000,股
2026-05-11,LITE US,LUMENTUM HOLDINGS INC,5.46,55000,股
2026-05-11,MU US,MICRON TECHNOLOGY INC,4.87,65000,股
2026-05-11,BE US,BLOOM ENERGY CORP- A,3.88,145000,股
2026-05-11,2454,聯發科,3.67,315000,股
2026-05-11,AMD US,ADVANCEDMICRODEVICES.amdus(超微半導體公司),3.24,75000,股
2026-05-11,2383,台光電,3.16,217000,股
2026-05-11,GLW US,CORNING INC,2.93,150000,股
2026-05-11,CIEN US,CIENA CORP,2.85,52000,股
2026-05-11,009150 KS,Samsung Electro-Mechanics co(009150 ks),2.71,47000,股
2026-05-11,4062 JP,IBIDEN CO LTD,2.58,275000,股
2026-05-11,5706 JP,Mitsui Mining ＆ Smelting Co,2.46,80000,股
2026-05-11,6787 JP,MEIKO ELECTRONICS CO LTD,2.46,130000,股
2026-05-11,WDC US,WESTERN DIGITAL CORP,2.43,50000,股
2026-05-11,MRVL US,MARVELL TECHNOLOGY INC,2.38,148000,股
2026-05-11,3037,欣興,2.32,897000,股
2026-05-11,285A JP,KIOXIA HOLDINGS CORP,2.21,80000,股
2026-05-11,2308,台達電,2.07,307000,股
2026-05-11,6515,穎崴,2.03,67000,股
2026-05-11,GEV US,GE VERNOVA INC,1.92,19000,股
2026-05-11,5801 JP,FURUKAWA ELECTRIC CO LTD,1.88,72000,股
2026-05-11,FORM US,FORMFACTOR INC,1.86,130000,股
2026-05-11,2330,台積電,1.81,270000,股
2026-05-11,7826 JP,FURUYA METAL CO LTD,1.78,346400,股
2026-05-11,6997 JP,NIPPON CHEMI-CON CORP,1.69,888000,股
2026-05-11,3017,奇鋐,1.65,215000,股
2026-05-11,5803 JP,FUJIKURA LTD,1.64,400000,股
2026-05-11,5274,信驊,1.61,30000,股
2026-05-11,AIXA GY,AIXTRON SE,1.61,305000,股
2026-05-11,COHR US,COHERENT INC,1.61,45000,股
2026-05-11,GOOGL US,ALPHABETINC-CLA(Alphabet公司),1.61,44000,股
2026-05-11,ENR GY,SIEMENS ENERGY AG,1.49,75000,股
2026-05-11,3711,日月光投控,1.37,850000,股
2026-05-11,AAOI US,APPLIED OPTOELECTRONICS INC,1.22,70000,股
2026-05-11,HOT GY,HOCHTIEF AG,1.2,20000,股
2026-05-11,3110 JP,NITTO BOSEKI CO LTD,1.1,63200,股
2026-05-11,6274,台燿,1.01,230000,股
2026-05-11,AVGO US,BROADCOM LTD,1.01,25000,股
2026-05-11,6223,旺矽,0.9,60000,股
2026-05-11,TER US,TERADYNE INC,0.83,24000,股
2026-05-11,6869 HK,YANGTZE OPTICAL FIBRE AND-H,0.81,260000,股
2026-05-11,AXTI US,AXT INC,0.81,68000,股
2026-05-11,SOI FP,S.O.I.T.E.C.,0.81,45000,股
2026-05-11,006400 KS,Samsung SDI Co Ltd,0.79,18000,股
2026-05-11,VIAV US,VIAVI SOLUTIONS INC,0.78,150000,股
2026-05-11,NVDA US,NVIDIACORP(輝達公司),0.62,30000,股
2026-05-11,010120 KS,LS ELECTRIC CO LTD,0.58,30000,股
2026-05-11,268A JP,RIGAKU HOLDINGS CORP,0.53,300000,股
2026-05-11,2360,致茂,0.43,60000,股
2026-05-11,NBIS US,NEBIUS GROUP NV,0.35,20000,股
2026-05-11,7769,鴻勁,0.27,14000,股
2026-05-11,M_USD,MARGIN,0.09,1000366,元
2026-05-11,PFUR_NTD,PAYABLES FOR UNITS REDEEMED,-0.22,-73674888,元
2026-05-11,RDI_NTD,RECEIVABLES FOR DISPOSAL OF INVESTMENTS,-4.57,-1522696014,元
2026-05-12,SNDK US,SANDISK CORP,5.23,38000,股
2026-05-12,LITE US,LUMENTUM HOLDINGS INC,5.18,55000,股
2026-05-12,C_NTD,CASH,4.76,1581885801,元
2026-05-12,MU US,MICRON TECHNOLOGY INC,4.73,65000,股
2026-05-12,BE US,BLOOM ENERGY CORP- A,3.86,145000,股
2026-05-12,AMD US,ADVANCEDMICRODEVICES.amdus(超微半導體公司),3.61,85000,股
2026-05-12,2454,聯發科,3.51,315000,股
2026-05-12,2383,台光電,3.2,217000,股
2026-05-12,CIEN US,CIENA CORP,2.85,52000,股
2026-05-12,GLW US,CORNING INC,2.82,150000,股
2026-05-12,009150 KS,Samsung Electro-Mechanics co(009150 ks),2.78,47000,股
2026-05-12,4062 JP,IBIDEN CO LTD,2.74,275000,股
2026-05-12,5706 JP,Mitsui Mining ＆ Smelting Co,2.45,80000,股
2026-05-12,6787 JP,MEIKO ELECTRONICS CO LTD,2.41,130000,股
2026-05-12,3037,欣興,2.36,897000,股
2026-05-12,WDC US,WESTERN DIGITAL CORP,2.32,50000,股
2026-05-12,MRVL US,MARVELL TECHNOLOGY INC,2.31,148000,股
2026-05-12,285A JP,KIOXIA HOLDINGS CORP,2.22,80000,股
2026-05-12,5801 JP,FURUKAWA ELECTRIC CO LTD,2.19,72000,股
2026-05-12,2308,台達電,2.03,307000,股
2026-05-12,6515,穎崴,2.0,67000,股
2026-05-12,GEV US,GE VERNOVA INC,1.93,19000,股
2026-05-12,5803 JP,FUJIKURA LTD,1.84,400000,股
2026-05-12,2330,台積電,1.83,270000,股
2026-05-12,7826 JP,FURUYA METAL CO LTD,1.76,346400,股
2026-05-12,6997 JP,NIPPON CHEMI-CON CORP,1.71,888000,股
2026-05-12,3017,奇鋐,1.63,215000,股
2026-05-12,FORM US,FORMFACTOR INC,1.63,130000,股
2026-05-12,5274,信驊,1.62,30000,股
2026-05-12,GOOGL US,ALPHABETINC-CLA(Alphabet公司),1.62,44000,股
2026-05-12,COHR US,COHERENT INC,1.6,45000,股
2026-05-12,AIXA GY,AIXTRON SE,1.58,305000,股
2026-05-12,3711,日月光投控,1.42,850000,股
2026-05-12,ENR GY,SIEMENS ENERGY AG,1.42,75000,股
2026-05-12,AAOI US,APPLIED OPTOELECTRONICS INC,1.25,70000,股
2026-05-12,HOT GY,HOCHTIEF AG,1.12,20000,股
2026-05-12,3110 JP,NITTO BOSEKI CO LTD,1.1,63200,股
2026-05-12,6274,台燿,1.0,230000,股
2026-05-12,6223,旺矽,0.99,60000,股
2026-05-12,AVGO US,BROADCOM LTD,0.99,25000,股
2026-05-12,6869 HK,YANGTZE OPTICAL FIBRE AND-H,0.85,260000,股
2026-05-12,TER US,TERADYNE INC,0.82,24000,股
2026-05-12,2360,致茂,0.81,110000,股
2026-05-12,AXTI US,AXT INC,0.79,68000,股
2026-05-12,VIAV US,VIAVI SOLUTIONS INC,0.76,150000,股
2026-05-12,SOI FP,S.O.I.T.E.C.,0.73,45000,股
2026-05-12,NVDA US,NVIDIACORP(輝達公司),0.63,30000,股
2026-05-12,010120 KS,LS ELECTRIC CO LTD,0.54,30000,股
2026-05-12,603256 CH,GRACE FABRIC TECHNOLOGY CO-A,0.52,250000,股
2026-05-12,NBIS US,NEBIUS GROUP NV,0.34,20000,股
2026-05-12,7769,鴻勁,0.29,14000,股
2026-05-12,268A JP,RIGAKU HOLDINGS CORP,0.24,150000,股
2026-05-12,M_USD,MARGIN,0.09,1000366,元
2026-05-12,PFUR_NTD,PAYABLES FOR UNITS REDEEMED,-0.22,-73674888,元
2026-05-12,RDI_NTD,RECEIVABLES FOR DISPOSAL OF INVESTMENTS,-1.78,-592953615,元
2026-05-13,LITE US,LUMENTUM HOLDINGS INC,5.07,55000,股
2026-05-13,MU US,MICRON TECHNOLOGY INC,5.03,70000,股
2026-05-13,SNDK US,SANDISK CORP,4.92,38000,股
2026-05-13,BE US,BLOOM ENERGY CORP- A,4.02,155000,股
2026-05-13,AMD US,ADVANCEDMICRODEVICES.amdus(超微半導體公司),3.71,93000,股
2026-05-13,2454,聯發科,3.12,315000,股
2026-05-13,2383,台光電,3.03,217000,股
2026-05-13,C_NTD,CASH,3.01,1062973230,元
2026-05-13,009150 KS,Samsung Electro-Mechanics co(009150 ks),2.92,47000,股
2026-05-13,GLW US,CORNING INC,2.77,150000,股
2026-05-13,CIEN US,CIENA CORP,2.69,52000,股
2026-05-13,4062 JP,IBIDEN CO LTD,2.66,275000,股
2026-05-13,5706 JP,Mitsui Mining ＆ Smelting Co,2.49,80000,股
2026-05-13,5801 JP,FURUKAWA ELECTRIC CO LTD,2.37,72000,股
2026-05-13,MRVL US,MARVELL TECHNOLOGY INC,2.36,148000,股
2026-05-13,6787 JP,MEIKO ELECTRONICS CO LTD,2.33,130000,股
2026-05-13,285A JP,KIOXIA HOLDINGS CORP,2.29,80000,股
2026-05-13,3037,欣興,2.27,897000,股
2026-05-13,WDC US,WESTERN DIGITAL CORP,2.21,50000,股
2026-05-13,COHR US,COHERENT INC,2.06,57000,股
2026-05-13,2308,台達電,1.89,307000,股
2026-05-13,6515,穎崴,1.88,67000,股
2026-05-13,GEV US,GE VERNOVA INC,1.81,19000,股
2026-05-13,7826 JP,FURUYA METAL CO LTD,1.79,346400,股
2026-05-13,5803 JP,FUJIKURA LTD,1.78,400000,股
2026-05-13,3711,日月光投控,1.71,1100000,股
2026-05-13,2330,台積電,1.7,270000,股
2026-05-13,AIXA GY,AIXTRON SE,1.65,305000,股
2026-05-13,6997 JP,NIPPON CHEMI-CON CORP,1.6,888000,股
2026-05-13,AAOI US,APPLIED OPTOELECTRONICS INC,1.59,79677,股
2026-05-13,3017,奇鋐,1.58,215000,股
2026-05-13,GOOGL US,ALPHABETINC-CLA(Alphabet公司),1.58,44000,股
2026-05-13,5274,信驊,1.52,30000,股
2026-05-13,6223,旺矽,1.46,90000,股
2026-05-13,ENR GY,SIEMENS ENERGY AG,1.39,75000,股
2026-05-13,HOT GY,HOCHTIEF AG,1.07,20000,股
2026-05-13,AXTI US,AXT INC,0.98,90000,股
2026-05-13,6274,台燿,0.95,230000,股
2026-05-13,AVGO US,BROADCOM LTD,0.93,25000,股
2026-05-13,3110 JP,NITTO BOSEKI CO LTD,0.92,63200,股
2026-05-13,603256 CH,GRACE FABRIC TECHNOLOGY CO-A,0.87,450000,股
2026-05-13,6869 HK,YANGTZE OPTICAL FIBRE AND-H,0.78,260000,股
2026-05-13,TER US,TERADYNE INC,0.78,24000,股
2026-05-13,7769,鴻勁,0.76,36000,股
2026-05-13,2360,致茂,0.75,110000,股
2026-05-13,FORM US,FORMFACTOR INC,0.75,65000,股
2026-05-13,SOI FP,S.O.I.T.E.C.,0.74,45000,股
2026-05-13,VIAV US,VIAVI SOLUTIONS INC,0.72,150000,股
2026-05-13,NVDA US,NVIDIACORP(輝達公司),0.61,30000,股
2026-05-13,010120 KS,LS ELECTRIC CO LTD,0.53,30000,股
2026-05-13,NBIS US,NEBIUS GROUP NV,0.37,20000,股
2026-05-13,268A JP,RIGAKU HOLDINGS CORP,0.24,150000,股
2026-05-13,M_USD,MARGIN,0.09,1000366,元
2026-05-13,PFUR_NTD,PAYABLES FOR UNITS REDEEMED,0.0,0,元
2026-05-13,RDI_NTD,RECEIVABLES FOR DISPOSAL OF INVESTMENTS,-2.18,-767324333,元
2026-05-14,C_NTD,CASH,5.1,1854784406,元
2026-05-14,LITE US,LUMENTUM HOLDINGS INC,4.78,55000,股
2026-05-14,MU US,MICRON TECHNOLOGY INC,4.71,70000,股
2026-05-14,SNDK US,SANDISK CORP,4.56,38000,股
2026-05-14,BE US,BLOOM ENERGY CORP- A,4.08,155000,股
2026-05-14,AMD US,ADVANCEDMICRODEVICES.amdus(超微半導體公司),3.9,100000,股
2026-05-14,2454,聯發科,2.95,315000,股
2026-05-14,2383,台光電,2.94,217000,股
2026-05-14,009150 KS,Samsung Electro-Mechanics co(009150 ks),2.79,47000,股
2026-05-14,6787 JP,MEIKO ELECTRONICS CO LTD,2.76,130000,股
2026-05-14,GLW US,CORNING INC,2.71,150000,股
2026-05-14,CIEN US,CIENA CORP,2.67,52000,股
2026-05-14,3037,欣興,2.64,1090000,股
2026-05-14,5801 JP,FURUKAWA ELECTRIC CO LTD,2.58,82000,股
2026-05-14,4062 JP,IBIDEN CO LTD,2.56,275000,股
2026-05-14,285A JP,KIOXIA HOLDINGS CORP,2.53,95000,股
2026-05-14,5706 JP,Mitsui Mining ＆ Smelting Co,2.5,90000,股
2026-05-14,MRVL US,MARVELL TECHNOLOGY INC,2.34,148000,股
2026-05-14,2330,台積電,2.15,345000,股
2026-05-14,WDC US,WESTERN DIGITAL CORP,2.12,50000,股
2026-05-14,7826 JP,FURUYA METAL CO LTD,2.02,346400,股
2026-05-14,COHR US,COHERENT INC,2.0,57000,股
2026-05-14,5274,信驊,1.96,40000,股
2026-05-14,6515,穎崴,1.94,67000,股
2026-05-14,2308,台達電,1.82,307000,股
2026-05-14,GEV US,GE VERNOVA INC,1.8,19000,股
2026-05-14,AIXA GY,AIXTRON SE,1.71,305000,股
2026-05-14,6997 JP,NIPPON CHEMI-CON CORP,1.67,888000,股
2026-05-14,3711,日月光投控,1.66,1100000,股
2026-05-14,6223,旺矽,1.56,90000,股
2026-05-14,GOOGL US,ALPHABETINC-CLA(Alphabet公司),1.53,44000,股
2026-05-14,3017,奇鋐,1.51,215000,股
2026-05-14,AAOI US,APPLIED OPTOELECTRONICS INC,1.41,79677,股
2026-05-14,ENR GY,SIEMENS ENERGY AG,1.35,75000,股
2026-05-14,5803 JP,FUJIKURA LTD,1.18,339300,股
2026-05-14,HOT GY,HOCHTIEF AG,1.08,20000,股
2026-05-14,NVDA US,NVIDIACORP(輝達公司),1.02,50000,股
2026-05-14,AVGO US,BROADCOM LTD,0.95,25000,股
2026-05-14,6274,台燿,0.92,230000,股
2026-05-14,AXTI US,AXT INC,0.9,90000,股
2026-05-14,603256 CH,GRACE FABRIC TECHNOLOGY CO-A,0.82,450000,股
2026-05-14,7769,鴻勁,0.75,36000,股
2026-05-14,TER US,TERADYNE INC,0.74,24000,股
2026-05-14,6869 HK,YANGTZE OPTICAL FIBRE AND-H,0.73,260000,股
2026-05-14,FORM US,FORMFACTOR INC,0.72,65000,股
2026-05-14,IFX GY,INFINEON TECHNOLOGIES AG,0.69,100000,股
2026-05-14,SOI FP,S.O.I.T.E.C.,0.69,45000,股
2026-05-14,VIAV US,VIAVI SOLUTIONS INC,0.69,150000,股
2026-05-14,2360,致茂,0.68,110000,股
2026-05-14,010120 KS,LS ELECTRIC CO LTD,0.49,30000,股
2026-05-14,NBIS US,NEBIUS GROUP NV,0.38,20000,股
2026-05-14,M_USD,MARGIN,0.09,1000366,元
2026-05-14,268A JP,RIGAKU HOLDINGS CORP,0.05,31000,股
2026-05-14,PFUR_NTD,PAYABLES FOR UNITS REDEEMED,0.0,0,元
2026-05-14,RDI_NTD,RECEIVABLES FOR DISPOSAL OF INVESTMENTS,-3.76,-1368419504,元
2026-05-15,C_NTD,CASH,6.02,2199218398,元
2026-05-15,MU US,MICRON TECHNOLOGY INC,4.82,77000,股
2026-05-15,SNDK US,SANDISK CORP,4.62,38000,股
2026-05-15,LITE US,LUMENTUM HOLDINGS INC,4.61,55000,股
2026-05-15,BE US,BLOOM ENERGY CORP- A,4.05,170000,股
2026-05-15,AMD US,ADVANCEDMICRODEVICES.amdus(超微半導體公司),4.03,110000,股
2026-05-15,009150 KS,Samsung Electro-Mechanics co(009150 ks),2.98,50000,股
2026-05-15,2454,聯發科,2.81,315000,股
2026-05-15,6787 JP,MEIKO ELECTRONICS CO LTD,2.76,140000,股
2026-05-15,2383,台光電,2.74,217000,股
2026-05-15,5801 JP,FURUKAWA ELECTRIC CO LTD,2.67,90000,股
2026-05-15,CIEN US,CIENA CORP,2.49,52000,股
2026-05-15,GLW US,CORNING INC,2.49,150000,股
2026-05-15,2330,台積電,2.48,400000,股
2026-05-15,3037,欣興,2.45,1090000,股
2026-05-15,5706 JP,Mitsui Mining ＆ Smelting Co,2.42,95000,股
2026-05-15,WDC US,WESTERN DIGITAL CORP,2.37,57000,股
2026-05-15,4062 JP,IBIDEN CO LTD,2.35,275000,股
2026-05-15,285A JP,KIOXIA HOLDINGS CORP,2.3,95000,股
2026-05-15,MRVL US,MARVELL TECHNOLOGY INC,2.26,148000,股
2026-05-15,COHR US,COHERENT INC,2.25,68000,股
2026-05-15,5274,信驊,2.17,46000,股
2026-05-15,6515,穎崴,2.14,80000,股
2026-05-15,7826 JP,FURUYA METAL CO LTD,2.06,374300,股
2026-05-15,2308,台達電,1.75,307000,股
2026-05-15,GEV US,GE VERNOVA INC,1.72,19000,股
2026-05-15,3711,日月光投控,1.65,1100000,股
2026-05-15,6997 JP,NIPPON CHEMI-CON CORP,1.63,1000000,股
2026-05-15,AIXA GY,AIXTRON SE,1.59,305000,股
2026-05-15,GOOGL US,ALPHABETINC-CLA(Alphabet公司),1.51,44000,股
2026-05-15,NVDA US,NVIDIACORP(輝達公司),1.46,75000,股
2026-05-15,3017,奇鋐,1.45,215000,股
2026-05-15,6223,旺矽,1.45,90000,股
2026-05-15,AAOI US,APPLIED OPTOELECTRONICS INC,1.31,79677,股
2026-05-15,IFX GY,INFINEON TECHNOLOGIES AG,1.31,200000,股
2026-05-15,ENR GY,SIEMENS ENERGY AG,1.28,75000,股
2026-05-15,HOT GY,HOCHTIEF AG,1.03,20000,股
2026-05-15,AXTI US,AXT INC,0.96,90000,股
2026-05-15,AVGO US,BROADCOM LTD,0.92,25000,股
2026-05-15,NOK US,NOKIA CORP-SPON ADR,0.9,750000,股
2026-05-15,SOI FP,S.O.I.T.E.C.,0.89,60000,股
2026-05-15,6274,台燿,0.82,230000,股
2026-05-15,603256 CH,GRACE FABRIC TECHNOLOGY CO-A,0.77,450000,股
2026-05-15,2360,致茂,0.68,110000,股
2026-05-15,7769,鴻勁,0.68,36000,股
2026-05-15,VIAV US,VIAVI SOLUTIONS INC,0.67,150000,股
2026-05-15,6869 HK,YANGTZE OPTICAL FIBRE AND-H,0.64,260000,股
2026-05-15,010120 KS,LS ELECTRIC CO LTD,0.45,30000,股
2026-05-15,NBIS US,NEBIUS GROUP NV,0.38,20000,股
2026-05-15,M_USD,MARGIN,0.09,1000366,元
2026-05-15,PFUR_NTD,PAYABLES FOR UNITS REDEEMED,0.0,0,元
2026-05-15,RDI_NTD,RECEIVABLES FOR DISPOSAL OF INVESTMENTS,-5.38,-1962500562,元
2026-05-18,C_NTD,CASH,7.36,2721184409,元
2026-05-18,MU US,MICRON TECHNOLOGY INC,4.48,77000,股
2026-05-18,SNDK US,SANDISK CORP,4.32,38000,股
2026-05-18,LITE US,LUMENTUM HOLDINGS INC,4.16,55000,股
2026-05-18,AMD US,ADVANCEDMICRODEVICES.amdus(超微半導體公司),3.95,110000,股
2026-05-18,BE US,BLOOM ENERGY CORP- A,3.75,170000,股
2026-05-18,6787 JP,MEIKO ELECTRONICS CO LTD,3.53,165000,股
2026-05-18,009150 KS,Samsung Electro-Mechanics co(009150 ks),3.39,57000,股
2026-05-18,2383,台光電,3.05,248000,股
2026-05-18,5801 JP,FURUKAWA ELECTRIC CO LTD,2.95,100000,股
2026-05-18,2454,聯發科,2.9,315000,股
2026-05-18,5706 JP,Mitsui Mining ＆ Smelting Co,2.8,110000,股
2026-05-18,285A JP,KIOXIA HOLDINGS CORP,2.63,95000,股
2026-05-18,2330,台積電,2.42,400000,股
2026-05-18,3037,欣興,2.41,1090000,股
2026-05-18,CIEN US,CIENA CORP,2.33,52000,股
2026-05-18,4062 JP,IBIDEN CO LTD,2.31,275000,股
2026-05-18,GLW US,CORNING INC,2.29,150000,股
2026-05-18,WDC US,WESTERN DIGITAL CORP,2.23,57000,股
2026-05-18,6515,穎崴,2.22,80000,股
2026-05-18,7826 JP,FURUYA METAL CO LTD,2.16,374300,股
2026-05-18,MRVL US,MARVELL TECHNOLOGY INC,2.13,148000,股
2026-05-18,COHR US,COHERENT INC,2.11,68000,股
2026-05-18,5274,信驊,2.01,46000,股
2026-05-18,IFX GY,INFINEON TECHNOLOGIES AG,1.78,270000,股
2026-05-18,2308,台達電,1.68,307000,股
2026-05-18,GEV US,GE VERNOVA INC,1.64,19000,股
2026-05-18,6997 JP,NIPPON CHEMI-CON CORP,1.58,1000000,股
2026-05-18,AIXA GY,AIXTRON SE,1.53,305000,股
2026-05-18,3711,日月光投控,1.52,1100000,股
2026-05-18,6223,旺矽,1.49,90000,股
2026-05-18,GOOGL US,ALPHABETINC-CLA(Alphabet公司),1.49,44000,股
2026-05-18,NVDA US,NVIDIACORP(輝達公司),1.42,75000,股
2026-05-18,3017,奇鋐,1.4,215000,股
2026-05-18,ENR GY,SIEMENS ENERGY AG,1.27,75000,股
2026-05-18,AAOI US,APPLIED OPTOELECTRONICS INC,1.18,79677,股
2026-05-18,6981 JP,MURATA MANUFACTURING CO LTD,0.99,300000,股
2026-05-18,HOT GY,HOCHTIEF AG,0.97,20000,股
2026-05-18,AVGO US,BROADCOM LTD,0.9,25000,股
2026-05-18,NOK US,NOKIA CORP-SPON ADR,0.88,750000,股
2026-05-18,SOI FP,S.O.I.T.E.C.,0.84,60000,股
2026-05-18,AXTI US,AXT INC,0.81,90000,股
2026-05-18,6274,台燿,0.78,230000,股
2026-05-18,603256 CH,GRACE FABRIC TECHNOLOGY CO-A,0.74,450000,股
2026-05-18,6869 HK,YANGTZE OPTICAL FIBRE AND-H,0.68,260000,股
2026-05-18,2360,致茂,0.65,110000,股
2026-05-18,7769,鴻勁,0.65,36000,股
2026-05-18,VIAV US,VIAVI SOLUTIONS INC,0.64,150000,股
2026-05-18,VSH US,VISHAY INTERTECHNOLOGY INC,0.63,200000,股
2026-05-18,010120 KS,LS ELECTRIC CO LTD,0.47,30000,股
2026-05-18,M_USD,MARGIN,0.09,1000366,元
2026-05-18,PFUR_NTD,PAYABLES FOR UNITS REDEEMED,0.0,0,元
2026-05-18,RDI_NTD,RECEIVABLES FOR DISPOSAL OF INVESTMENTS,-5.52,-2039526249,元
2026-05-19,C_NTD,CASH,8.45,3074062959,元
2026-05-19,MU US,MICRON TECHNOLOGY INC,4.68,77000,股
2026-05-19,SNDK US,SANDISK CORP,4.57,38000,股
2026-05-19,LITE US,LUMENTUM HOLDINGS INC,4.26,55000,股
2026-05-19,AMD US,ADVANCEDMICRODEVICES.amdus(超微半導體公司),3.96,110000,股
2026-05-19,BE US,BLOOM ENERGY CORP- A,3.87,170000,股
2026-05-19,6787 JP,MEIKO ELECTRONICS CO LTD,3.33,165000,股
2026-05-19,009150 KS,Samsung Electro-Mechanics co(009150 ks),3.31,60000,股
2026-05-19,2383,台光電,3.09,248000,股
2026-05-19,3037,欣興,2.92,1300000,股
2026-05-19,5801 JP,FURUKAWA ELECTRIC CO LTD,2.75,100000,股
2026-05-19,2454,聯發科,2.73,315000,股
2026-05-19,5706 JP,Mitsui Mining ＆ Smelting Co,2.7,110000,股
2026-05-19,285A JP,KIOXIA HOLDINGS CORP,2.59,95000,股
2026-05-19,CIEN US,CIENA CORP,2.45,52000,股
2026-05-19,2330,台積電,2.42,400000,股
2026-05-19,4062 JP,IBIDEN CO LTD,2.3,275000,股
2026-05-19,MRVL US,MARVELL TECHNOLOGY INC,2.27,148000,股
2026-05-19,WDC US,WESTERN DIGITAL CORP,2.26,57000,股
2026-05-19,7826 JP,FURUYA METAL CO LTD,2.1,374300,股
2026-05-19,6515,穎崴,2.09,80000,股
2026-05-19,COHR US,COHERENT INC,2.09,68000,股
2026-05-19,5274,信驊,2.01,46000,股
2026-05-19,6997 JP,NIPPON CHEMI-CON CORP,2.01,1200000,股
2026-05-19,IFX GY,INFINEON TECHNOLOGIES AG,1.96,300000,股
2026-05-19,GLW US,CORNING INC,1.72,112500,股
2026-05-19,6981 JP,MURATA MANUFACTURING CO LTD,1.69,500000,股
2026-05-19,GEV US,GE VERNOVA INC,1.67,19000,股
2026-05-19,2308,台達電,1.62,307000,股
2026-05-19,AIXA GY,AIXTRON SE,1.54,305000,股
2026-05-19,GOOGL US,ALPHABETINC-CLA(Alphabet公司),1.48,44000,股
2026-05-19,NVDA US,NVIDIACORP(輝達公司),1.44,75000,股
2026-05-19,3711,日月光投控,1.43,1100000,股
2026-05-19,6223,旺矽,1.42,90000,股
2026-05-19,3017,奇鋐,1.41,215000,股
2026-05-19,ENR GY,SIEMENS ENERGY AG,1.27,75000,股
2026-05-19,AAOI US,APPLIED OPTOELECTRONICS INC,1.19,79677,股
2026-05-19,HOT GY,HOCHTIEF AG,0.93,20000,股
2026-05-19,AVGO US,BROADCOM LTD,0.89,25000,股
2026-05-19,NOK US,NOKIA CORP-SPON ADR,0.89,750000,股
2026-05-19,AXTI US,AXT INC,0.88,90000,股
2026-05-19,SOI FP,S.O.I.T.E.C.,0.87,60000,股
2026-05-19,603256 CH,GRACE FABRIC TECHNOLOGY CO-A,0.79,450000,股
2026-05-19,6274,台燿,0.77,230000,股
2026-05-19,6869 HK,YANGTZE OPTICAL FIBRE AND-H,0.68,260000,股
2026-05-19,7769,鴻勁,0.65,36000,股
2026-05-19,VIAV US,VIAVI SOLUTIONS INC,0.64,150000,股
2026-05-19,VSH US,VISHAY INTERTECHNOLOGY INC,0.64,200000,股
2026-05-19,2360,致茂,0.62,110000,股
2026-05-19,M_USD,MARGIN,0.09,1000366,元
2026-05-19,PFUR_NTD,PAYABLES FOR UNITS REDEEMED,0.0,0,元
2026-05-19,RDI_NTD,RECEIVABLES FOR DISPOSAL OF INVESTMENTS,-4.41,-1603955854,元
2026-05-20,C_NTD,CASH,5.4,1993619869,元
2026-05-20,MU US,MICRON TECHNOLOGY INC,4.93,78500,股
2026-05-20,SNDK US,SANDISK CORP,4.54,38000,股
2026-05-20,AMD US,ADVANCEDMICRODEVICES.amdus(超微半導體公司),4.22,110000,股
2026-05-20,BE US,BLOOM ENERGY CORP- A,4.12,170000,股
2026-05-20,LITE US,LUMENTUM HOLDINGS INC,4.09,55000,股
2026-05-20,009150 KS,Samsung Electro-Mechanics co(009150 ks),3.7,60000,股
2026-05-20,6787 JP,MEIKO ELECTRONICS CO LTD,3.34,175000,股
2026-05-20,2383,台光電,2.95,248000,股
2026-05-20,3037,欣興,2.9,1300000,股
2026-05-20,2454,聯發科,2.76,315000,股
2026-05-20,5801 JP,FURUKAWA ELECTRIC CO LTD,2.74,100000,股
2026-05-20,285A JP,KIOXIA HOLDINGS CORP,2.63,95000,股
2026-05-20,5706 JP,Mitsui Mining ＆ Smelting Co,2.63,110000,股
2026-05-20,MRVL US,MARVELL TECHNOLOGY INC,2.56,160000,股
2026-05-20,CIEN US,CIENA CORP,2.47,52000,股
2026-05-20,2330,台積電,2.37,400000,股
2026-05-20,4062 JP,IBIDEN CO LTD,2.32,275000,股
2026-05-20,WDC US,WESTERN DIGITAL CORP,2.25,57000,股
2026-05-20,COHR US,COHERENT INC,2.09,68000,股
2026-05-20,IFX GY,INFINEON TECHNOLOGIES AG,2.03,300000,股
2026-05-20,6515,穎崴,1.97,80000,股
2026-05-20,5274,信驊,1.94,46000,股
2026-05-20,6997 JP,NIPPON CHEMI-CON CORP,1.94,1200000,股
2026-05-20,7826 JP,FURUYA METAL CO LTD,1.92,374300,股
2026-05-20,GLW US,CORNING INC,1.74,112500,股
2026-05-20,GEV US,GE VERNOVA INC,1.67,19000,股
2026-05-20,6981 JP,MURATA MANUFACTURING CO LTD,1.66,500000,股
2026-05-20,2308,台達電,1.59,307000,股
2026-05-20,AIXA GY,AIXTRON SE,1.59,305000,股
2026-05-20,GOOGL US,ALPHABETINC-CLA(Alphabet公司),1.47,44000,股
2026-05-20,NVDA US,NVIDIACORP(輝達公司),1.44,75000,股
2026-05-20,3711,日月光投控,1.42,1100000,股
2026-05-20,6223,旺矽,1.38,90000,股
2026-05-20,3017,奇鋐,1.36,215000,股
2026-05-20,ENR GY,SIEMENS ENERGY AG,1.3,75000,股
2026-05-20,AAOI US,APPLIED OPTOELECTRONICS INC,1.13,79677,股
2026-05-20,HOT GY,HOCHTIEF AG,0.96,20000,股
2026-05-20,SOI FP,S.O.I.T.E.C.,0.94,60000,股
2026-05-20,AVGO US,BROADCOM LTD,0.9,25000,股
2026-05-20,NOK US,NOKIA CORP-SPON ADR,0.88,750000,股
2026-05-20,603256 CH,GRACE FABRIC TECHNOLOGY CO-A,0.82,450000,股
2026-05-20,AXTI US,AXT INC,0.81,90000,股
2026-05-20,6274,台燿,0.75,230000,股
2026-05-20,VSH US,VISHAY INTERTECHNOLOGY INC,0.69,200000,股
2026-05-20,7769,鴻勁,0.68,36000,股
2026-05-20,6869 HK,YANGTZE OPTICAL FIBRE AND-H,0.66,260000,股
2026-05-20,2360,致茂,0.62,110000,股
2026-05-20,VIAV US,VIAVI SOLUTIONS INC,0.62,150000,股
2026-05-20,M_USD,MARGIN,0.09,1000366,元
2026-05-20,PFUR_NTD,PAYABLES FOR UNITS REDEEMED,0.0,0,元
2026-05-20,RDI_NTD,RECEIVABLES FOR DISPOSAL OF INVESTMENTS,-1.9,-702103500,元
2026-05-21,MU US,MICRON TECHNOLOGY INC,4.86,78500,股
2026-05-21,SNDK US,SANDISK CORP,4.77,38000,股
2026-05-21,AMD US,ADVANCEDMICRODEVICES.amdus(超微半導體公司),4.46,122000,股
2026-05-21,LITE US,LUMENTUM HOLDINGS INC,4.31,55000,股
2026-05-21,BE US,BLOOM ENERGY CORP- A,4.26,170000,股
2026-05-21,009150 KS,Samsung Electro-Mechanics co(009150 ks),3.93,60000,股
2026-05-21,6787 JP,MEIKO ELECTRONICS CO LTD,3.58,175000,股
2026-05-21,C_NTD,CASH,3.5,1359928309,元
2026-05-21,3037,欣興,3.49,1500000,股
2026-05-21,2383,台光電,2.99,248000,股
2026-05-21,2454,聯發科,2.88,315000,股
2026-05-21,285A JP,KIOXIA HOLDINGS CORP,2.69,95000,股
2026-05-21,5706 JP,Mitsui Mining ＆ Smelting Co,2.62,110000,股
2026-05-21,5801 JP,FURUKAWA ELECTRIC CO LTD,2.52,100000,股
2026-05-21,4062 JP,IBIDEN CO LTD,2.48,275000,股
2026-05-21,CIEN US,CIENA CORP,2.48,52000,股
2026-05-21,MRVL US,MARVELL TECHNOLOGY INC,2.48,160000,股
2026-05-21,2330,台積電,2.3,400000,股
2026-05-21,WDC US,WESTERN DIGITAL CORP,2.25,57000,股
2026-05-21,COHR US,COHERENT INC,2.09,68000,股
2026-05-21,6515,穎崴,1.96,80000,股
2026-05-21,5274,信驊,1.95,46000,股
2026-05-21,IFX GY,INFINEON TECHNOLOGIES AG,1.93,300000,股
2026-05-21,7826 JP,FURUYA METAL CO LTD,1.8,374300,股
2026-05-21,6997 JP,NIPPON CHEMI-CON CORP,1.79,1200000,股
2026-05-21,GLW US,CORNING INC,1.76,112500,股
2026-05-21,6981 JP,MURATA MANUFACTURING CO LTD,1.72,500000,股
2026-05-21,GEV US,GE VERNOVA INC,1.61,19000,股
2026-05-21,2308,台達電,1.6,307000,股
2026-05-21,AIXA GY,AIXTRON SE,1.51,305000,股
2026-05-21,3711,日月光投控,1.44,1100000,股
2026-05-21,GOOGL US,ALPHABETINC-CLA(Alphabet公司),1.39,44000,股
2026-05-21,3017,奇鋐,1.38,215000,股
2026-05-21,VSH US,VISHAY INTERTECHNOLOGY INC,1.37,400000,股
2026-05-21,NVDA US,NVIDIACORP(輝達公司),1.34,75000,股
2026-05-21,6223,旺矽,1.31,90000,股
2026-05-21,ENR GY,SIEMENS ENERGY AG,1.23,75000,股
2026-05-21,SOI FP,S.O.I.T.E.C.,1.13,72000,股
2026-05-21,AXTI US,AXT INC,0.89,90000,股
2026-05-21,HOT GY,HOCHTIEF AG,0.89,20000,股
2026-05-21,NOK US,NOKIA CORP-SPON ADR,0.86,750000,股
2026-05-21,AVGO US,BROADCOM LTD,0.84,25000,股
2026-05-21,603256 CH,GRACE FABRIC TECHNOLOGY CO-A,0.78,450000,股
2026-05-21,6274,台燿,0.78,230000,股
2026-05-21,7769,鴻勁,0.71,36000,股
2026-05-21,2360,致茂,0.64,110000,股
2026-05-21,6869 HK,YANGTZE OPTICAL FIBRE AND-H,0.58,260000,股
2026-05-21,ARM US,ARM HOLDINGS PLC,0.45,18518,股
2026-05-21,M_USD,MARGIN,0.08,1000366,元
2026-05-21,PFUR_NTD,PAYABLES FOR UNITS REDEEMED,0.0,0,元
2026-05-21,RDI_NTD,RECEIVABLES FOR DISPOSAL OF INVESTMENTS,-0.64,-250088525,元
2026-05-22,MU US,MICRON TECHNOLOGY INC,4.63,78500,股
2026-05-22,AMD US,ADVANCEDMICRODEVICES.amdus(超微半導體公司),4.48,122000,股
2026-05-22,SNDK US,SANDISK CORP,4.41,38000,股
2026-05-22,009150 KS,Samsung Electro-Mechanics co(009150 ks),4.13,60000,股
2026-05-22,LITE US,LUMENTUM HOLDINGS INC,4.09,55000,股
2026-05-22,BE US,BLOOM ENERGY CORP- A,4.04,170000,股
2026-05-22,6787 JP,MEIKO ELECTRONICS CO LTD,3.75,175000,股
2026-05-22,3037,欣興,3.62,1500000,股
2026-05-22,C_NTD,CASH,3.39,1358797248,元
2026-05-22,2454,聯發科,3.37,350000,股
2026-05-22,2383,台光電,3.09,248000,股
2026-05-22,285A JP,KIOXIA HOLDINGS CORP,2.69,95000,股
2026-05-22,5706 JP,Mitsui Mining ＆ Smelting Co,2.69,110000,股
2026-05-22,5801 JP,FURUKAWA ELECTRIC CO LTD,2.65,100000,股
2026-05-22,4062 JP,IBIDEN CO LTD,2.61,275000,股
2026-05-22,MRVL US,MARVELL TECHNOLOGY INC,2.47,160000,股
2026-05-22,CIEN US,CIENA CORP,2.38,52000,股
2026-05-22,2330,台積電,2.25,400000,股
2026-05-22,IFX GY,INFINEON TECHNOLOGIES AG,2.21,330000,股
2026-05-22,WDC US,WESTERN DIGITAL CORP,2.17,57000,股
2026-05-22,5274,信驊,2.04,46000,股
2026-05-22,COHR US,COHERENT INC,2.01,68000,股
2026-05-22,6997 JP,NIPPON CHEMI-CON CORP,1.99,1200000,股
2026-05-22,7826 JP,FURUYA METAL CO LTD,1.86,374300,股
2026-05-22,6981 JP,MURATA MANUFACTURING CO LTD,1.76,500000,股
2026-05-22,6515,穎崴,1.73,80000,股
2026-05-22,GLW US,CORNING INC,1.71,112500,股
2026-05-22,2308,台達電,1.6,307000,股
2026-05-22,GEV US,GE VERNOVA INC,1.55,19000,股
2026-05-22,3711,日月光投控,1.54,1100000,股
2026-05-22,AIXA GY,AIXTRON SE,1.49,305000,股
2026-05-22,VSH US,VISHAY INTERTECHNOLOGY INC,1.48,400000,股
2026-05-22,3017,奇鋐,1.36,215000,股
2026-05-22,6223,旺矽,1.35,90000,股
2026-05-22,GOOGL US,ALPHABETINC-CLA(Alphabet公司),1.32,44000,股
2026-05-22,SOI FP,S.O.I.T.E.C.,1.32,82000,股
2026-05-22,NVDA US,NVIDIACORP(輝達公司),1.27,75000,股
2026-05-22,ENR GY,SIEMENS ENERGY AG,1.2,75000,股
2026-05-22,AXTI US,AXT INC,0.99,90000,股
2026-05-22,NOK US,NOKIA CORP-SPON ADR,0.91,750000,股
2026-05-22,HOT GY,HOCHTIEF AG,0.85,20000,股
2026-05-22,603256 CH,GRACE FABRIC TECHNOLOGY CO-A,0.83,450000,股
2026-05-22,6274,台燿,0.83,230000,股
2026-05-22,7769,鴻勁,0.69,36000,股
2026-05-22,ARM US,ARM HOLDINGS PLC,0.69,28518,股
2026-05-22,2360,致茂,0.62,110000,股
2026-05-22,6869 HK,YANGTZE OPTICAL FIBRE AND-H,0.59,260000,股
2026-05-22,AVGO US,BROADCOM LTD,0.41,12500,股
2026-05-22,M_USD,MARGIN,0.08,1000366,元
2026-05-22,PFUR_NTD,PAYABLES FOR UNITS REDEEMED,0.0,0,元
2026-05-22,RDI_NTD,RECEIVABLES FOR DISPOSAL OF INVESTMENTS,-1.15,-461599558,元
2026-05-25,MU US,MICRON TECHNOLOGY INC,4.63,78500,股
2026-05-25,AMD US,ADVANCEDMICRODEVICES.amdus(超微半導體公司),4.48,122000,股
2026-05-25,SNDK US,SANDISK CORP,4.41,38000,股
2026-05-25,009150 KS,Samsung Electro-Mechanics co(009150 ks),4.13,60000,股
2026-05-25,LITE US,LUMENTUM HOLDINGS INC,4.09,55000,股
2026-05-25,BE US,BLOOM ENERGY CORP- A,4.04,170000,股
2026-05-25,6787 JP,MEIKO ELECTRONICS CO LTD,3.75,175000,股
2026-05-25,3037,欣興,3.62,1500000,股
2026-05-25,C_NTD,CASH,3.39,1358797248,元
2026-05-25,2454,聯發科,3.37,350000,股
2026-05-25,2383,台光電,3.09,248000,股
2026-05-25,285A JP,KIOXIA HOLDINGS CORP,2.69,95000,股
2026-05-25,5706 JP,Mitsui Mining ＆ Smelting Co,2.69,110000,股
2026-05-25,5801 JP,FURUKAWA ELECTRIC CO LTD,2.65,100000,股
2026-05-25,4062 JP,IBIDEN CO LTD,2.61,275000,股
2026-05-25,MRVL US,MARVELL TECHNOLOGY INC,2.47,160000,股
2026-05-25,CIEN US,CIENA CORP,2.38,52000,股
2026-05-25,2330,台積電,2.25,400000,股
2026-05-25,IFX GY,INFINEON TECHNOLOGIES AG,2.21,330000,股
2026-05-25,WDC US,WESTERN DIGITAL CORP,2.17,57000,股
2026-05-25,5274,信驊,2.04,46000,股
2026-05-25,COHR US,COHERENT INC,2.01,68000,股
2026-05-25,6997 JP,NIPPON CHEMI-CON CORP,1.99,1200000,股
2026-05-25,7826 JP,FURUYA METAL CO LTD,1.86,374300,股
2026-05-25,6981 JP,MURATA MANUFACTURING CO LTD,1.76,500000,股
2026-05-25,6515,穎崴,1.73,80000,股
2026-05-25,GLW US,CORNING INC,1.71,112500,股
2026-05-25,2308,台達電,1.6,307000,股
2026-05-25,GEV US,GE VERNOVA INC,1.55,19000,股
2026-05-25,3711,日月光投控,1.54,1100000,股
2026-05-25,AIXA GY,AIXTRON SE,1.49,305000,股
2026-05-25,VSH US,VISHAY INTERTECHNOLOGY INC,1.48,400000,股
2026-05-25,3017,奇鋐,1.36,215000,股
2026-05-25,6223,旺矽,1.35,90000,股
2026-05-25,GOOGL US,ALPHABETINC-CLA(Alphabet公司),1.32,44000,股
2026-05-25,SOI FP,S.O.I.T.E.C.,1.32,82000,股
2026-05-25,NVDA US,NVIDIACORP(輝達公司),1.27,75000,股
2026-05-25,ENR GY,SIEMENS ENERGY AG,1.2,75000,股
2026-05-25,AXTI US,AXT INC,0.99,90000,股
2026-05-25,NOK US,NOKIA CORP-SPON ADR,0.91,750000,股
2026-05-25,HOT GY,HOCHTIEF AG,0.85,20000,股
2026-05-25,603256 CH,GRACE FABRIC TECHNOLOGY CO-A,0.83,450000,股
2026-05-25,6274,台燿,0.83,230000,股
2026-05-25,7769,鴻勁,0.69,36000,股
2026-05-25,ARM US,ARM HOLDINGS PLC,0.69,28518,股
2026-05-25,2360,致茂,0.62,110000,股
2026-05-25,6869 HK,YANGTZE OPTICAL FIBRE AND-H,0.59,260000,股
2026-05-25,AVGO US,BROADCOM LTD,0.41,12500,股
2026-05-25,M_USD,MARGIN,0.08,1000366,元
2026-05-25,PFUR_NTD,PAYABLES FOR UNITS REDEEMED,0.0,0,元
2026-05-25,RDI_NTD,RECEIVABLES FOR DISPOSAL OF INVESTMENTS,-1.15,-461599558,元
2026-05-26,MU US,MICRON TECHNOLOGY INC,5.2,78500,股
2026-05-26,009150 KS,Samsung Electro-Mechanics co(009150 ks),4.78,60000,股
2026-05-26,AMD US,ADVANCEDMICRODEVICES.amdus(超微半導體公司),4.55,122000,股
2026-05-26,SNDK US,SANDISK CORP,4.47,38000,股
2026-05-26,3037,欣興,3.83,1500000,股
2026-05-26,BE US,BLOOM ENERGY CORP- A,3.8,170000,股
2026-05-26,LITE US,LUMENTUM HOLDINGS INC,3.71,55000,股
2026-05-26,2454,聯發科,3.51,350000,股
2026-05-26,6787 JP,MEIKO ELECTRONICS CO LTD,3.25,175000,股
2026-05-26,2383,台光電,3.09,248000,股
2026-05-26,5801 JP,FURUKAWA ELECTRIC CO LTD,2.8,100000,股
2026-05-26,285A JP,KIOXIA HOLDINGS CORP,2.76,95000,股
2026-05-26,5706 JP,Mitsui Mining ＆ Smelting Co,2.75,110000,股
2026-05-26,4062 JP,IBIDEN CO LTD,2.68,275000,股
2026-05-26,IFX GY,INFINEON TECHNOLOGIES AG,2.5,375000,股
2026-05-26,MRVL US,MARVELL TECHNOLOGY INC,2.47,160000,股
2026-05-26,CIEN US,CIENA CORP,2.32,52000,股
2026-05-26,6997 JP,NIPPON CHEMI-CON CORP,2.3,1200000,股
2026-05-26,C_NTD,CASH,2.29,974151221,元
2026-05-26,WDC US,WESTERN DIGITAL CORP,2.21,57000,股
2026-05-26,2330,台積電,2.14,400000,股
2026-05-26,COHR US,COHERENT INC,1.92,68000,股
2026-05-26,6981 JP,MURATA MANUFACTURING CO LTD,1.88,500000,股
2026-05-26,5274,信驊,1.87,46000,股
2026-05-26,2308,台達電,1.7,307000,股
2026-05-26,6515,穎崴,1.68,80000,股
2026-05-26,GLW US,CORNING INC,1.63,112500,股
2026-05-26,7826 JP,FURUYA METAL CO LTD,1.61,374300,股
2026-05-26,3711,日月光投控,1.58,1100000,股
2026-05-26,GEV US,GE VERNOVA INC,1.51,19000,股
2026-05-26,VSH US,VISHAY INTERTECHNOLOGY INC,1.49,400000,股
2026-05-26,AIXA GY,AIXTRON SE,1.39,305000,股
2026-05-26,3017,奇鋐,1.38,215000,股
2026-05-26,6223,旺矽,1.32,90000,股
2026-05-26,SOI FP,S.O.I.T.E.C.,1.29,90000,股
2026-05-26,GOOGL US,ALPHABETINC-CLA(Alphabet公司),1.27,44000,股
2026-05-26,NVDA US,NVIDIACORP(輝達公司),1.19,75000,股
2026-05-26,ENR GY,SIEMENS ENERGY AG,1.17,75000,股
2026-05-26,NOK US,NOKIA CORP-SPON ADR,0.91,750000,股
2026-05-26,603256 CH,GRACE FABRIC TECHNOLOGY CO-A,0.9,450000,股
2026-05-26,AXTI US,AXT INC,0.88,90000,股
2026-05-26,6274,台燿,0.86,230000,股
2026-05-26,HOT GY,HOCHTIEF AG,0.83,20000,股
2026-05-26,ARM US,ARM HOLDINGS PLC,0.68,28518,股
2026-05-26,7769,鴻勁,0.67,36000,股
2026-05-26,2360,致茂,0.65,110000,股
2026-05-26,6869 HK,YANGTZE OPTICAL FIBRE AND-H,0.52,260000,股
2026-05-26,M_USD,MARGIN,0.07,1000366,元
2026-05-26,PFUR_NTD,PAYABLES FOR UNITS REDEEMED,0.0,0,元
2026-05-26,RDI_NTD,RECEIVABLES FOR DISPOSAL OF INVESTMENTS,-0.21,-90028507,元
2026-05-27,MU US,MICRON TECHNOLOGY INC,5.41,78500,股
2026-05-27,009150 KS,Samsung Electro-Mechanics co(009150 ks),5.0,60000,股
2026-05-27,AMD US,ADVANCEDMICRODEVICES.amdus(超微半導體公司),4.49,122000,股
2026-05-27,SNDK US,SANDISK CORP,4.49,38000,股
2026-05-27,2454,聯發科,3.84,350000,股
2026-05-27,3037,欣興,3.83,1500000,股
2026-05-27,BE US,BLOOM ENERGY CORP- A,3.71,170000,股
2026-05-27,LITE US,LUMENTUM HOLDINGS INC,3.69,55000,股
2026-05-27,2383,台光電,3.11,248000,股
2026-05-27,6787 JP,MEIKO ELECTRONICS CO LTD,3.09,175000,股
2026-05-27,285A JP,KIOXIA HOLDINGS CORP,2.68,95000,股
2026-05-27,5706 JP,Mitsui Mining ＆ Smelting Co,2.66,110000,股
2026-05-27,4062 JP,IBIDEN CO LTD,2.62,275000,股
2026-05-27,5801 JP,FURUKAWA ELECTRIC CO LTD,2.62,100000,股
2026-05-27,IFX GY,INFINEON TECHNOLOGIES AG,2.49,375000,股
2026-05-27,C_NTD,CASH,2.39,1008216320,元
2026-05-27,MRVL US,MARVELL TECHNOLOGY INC,2.36,160000,股
2026-05-27,CIEN US,CIENA CORP,2.25,52000,股
2026-05-27,WDC US,WESTERN DIGITAL CORP,2.25,57000,股
2026-05-27,2330,台積電,2.18,400000,股
2026-05-27,6997 JP,NIPPON CHEMI-CON CORP,2.16,1200000,股
2026-05-27,5274,信驊,1.98,46000,股
2026-05-27,COHR US,COHERENT INC,1.92,68000,股
2026-05-27,6515,穎崴,1.85,80000,股
2026-05-27,2308,台達電,1.83,307000,股
2026-05-27,6981 JP,MURATA MANUFACTURING CO LTD,1.82,500000,股
2026-05-27,3711,日月光投控,1.67,1100000,股
2026-05-27,GLW US,CORNING INC,1.6,112500,股
2026-05-27,7826 JP,FURUYA METAL CO LTD,1.55,374300,股
2026-05-27,AIXA GY,AIXTRON SE,1.51,305000,股
2026-05-27,GEV US,GE VERNOVA INC,1.46,19000,股
2026-05-27,VSH US,VISHAY INTERTECHNOLOGY INC,1.45,400000,股
2026-05-27,3017,奇鋐,1.37,215000,股
2026-05-27,6223,旺矽,1.36,90000,股
2026-05-27,GOOGL US,ALPHABETINC-CLA(Alphabet公司),1.27,44000,股
2026-05-27,SOI FP,S.O.I.T.E.C.,1.2,90000,股
2026-05-27,NVDA US,NVIDIACORP(輝達公司),1.18,75000,股
2026-05-27,ENR GY,SIEMENS ENERGY AG,1.13,75000,股
2026-05-27,603256 CH,GRACE FABRIC TECHNOLOGY CO-A,0.89,450000,股
2026-05-27,6274,台燿,0.89,230000,股
2026-05-27,NOK US,NOKIA CORP-SPON ADR,0.87,750000,股
2026-05-27,HOT GY,HOCHTIEF AG,0.83,20000,股
2026-05-27,AXTI US,AXT INC,0.82,90000,股
2026-05-27,2360,致茂,0.68,110000,股
2026-05-27,7769,鴻勁,0.66,36000,股
2026-05-27,ARM US,ARM HOLDINGS PLC,0.64,28518,股
2026-05-27,6869 HK,YANGTZE OPTICAL FIBRE AND-H,0.51,260000,股
2026-05-27,6963 JP,ROHM CO LTD,0.48,200000,股
2026-05-27,M_USD,MARGIN,0.07,1000366,元
2026-05-27,PFUR_NTD,PAYABLES FOR UNITS REDEEMED,0.0,0,元
2026-05-27,RDI_NTD,RECEIVABLES FOR DISPOSAL OF INVESTMENTS,-0.78,-331245764,元
2026-05-28,009150 KS,Samsung Electro-Mechanics co(009150 ks),5.76,63000,股
2026-05-28,MU US,MICRON TECHNOLOGY INC,5.39,78500,股
2026-05-28,AMD US,ADVANCEDMICRODEVICES.amdus(超微半導體公司),4.7,122000,股
2026-05-28,SNDK US,SANDISK CORP,4.64,38000,股
2026-05-28,BE US,BLOOM ENERGY CORP- A,3.66,170000,股
2026-05-28,2454,聯發科,3.65,350000,股
2026-05-28,3037,欣興,3.64,1500000,股
2026-05-28,LITE US,LUMENTUM HOLDINGS INC,3.52,55000,股
2026-05-28,6787 JP,MEIKO ELECTRONICS CO LTD,3.07,175000,股
2026-05-28,2383,台光電,2.97,248000,股
2026-05-28,285A JP,KIOXIA HOLDINGS CORP,2.71,95000,股
2026-05-28,IFX GY,INFINEON TECHNOLOGIES AG,2.59,375000,股
2026-05-28,4062 JP,IBIDEN CO LTD,2.53,275000,股
2026-05-28,5706 JP,Mitsui Mining ＆ Smelting Co,2.5,110000,股
2026-05-28,6997 JP,NIPPON CHEMI-CON CORP,2.45,1200000,股
2026-05-28,MRVL US,MARVELL TECHNOLOGY INC,2.44,160000,股
2026-05-28,5801 JP,FURUKAWA ELECTRIC CO LTD,2.42,100000,股
2026-05-28,WDC US,WESTERN DIGITAL CORP,2.25,57000,股
2026-05-28,CIEN US,CIENA CORP,2.2,52000,股
2026-05-28,2330,台積電,2.17,400000,股
2026-05-28,C_NTD,CASH,2.09,882786425,元
2026-05-28,6981 JP,MURATA MANUFACTURING CO LTD,1.99,500000,股
2026-05-28,5274,信驊,1.94,46000,股
2026-05-28,COHR US,COHERENT INC,1.91,68000,股
2026-05-28,2308,台達電,1.74,307000,股
2026-05-28,6515,穎崴,1.73,80000,股
2026-05-28,3711,日月光投控,1.63,1100000,股
2026-05-28,AIXA GY,AIXTRON SE,1.56,305000,股
2026-05-28,VSH US,VISHAY INTERTECHNOLOGY INC,1.55,400000,股
2026-05-28,GLW US,CORNING INC,1.53,112500,股
2026-05-28,7826 JP,FURUYA METAL CO LTD,1.5,374300,股
2026-05-28,SOI FP,S.O.I.T.E.C.,1.49,90000,股
2026-05-28,GEV US,GE VERNOVA INC,1.41,19000,股
2026-05-28,3017,奇鋐,1.31,215000,股
2026-05-28,GOOGL US,ALPHABETINC-CLA(Alphabet公司),1.28,44000,股
2026-05-28,6223,旺矽,1.26,90000,股
2026-05-28,NVDA US,NVIDIACORP(輝達公司),1.19,75000,股
2026-05-28,ENR GY,SIEMENS ENERGY AG,1.08,75000,股
2026-05-28,603256 CH,GRACE FABRIC TECHNOLOGY CO-A,0.98,450000,股
2026-05-28,NOK US,NOKIA CORP-SPON ADR,0.85,750000,股
2026-05-28,6274,台燿,0.84,230000,股
2026-05-28,HOT GY,HOCHTIEF AG,0.83,20000,股
2026-05-28,AXTI US,AXT INC,0.77,90000,股
2026-05-28,ARM US,ARM HOLDINGS PLC,0.71,28518,股
2026-05-28,2360,致茂,0.67,110000,股
2026-05-28,7769,鴻勁,0.66,36000,股
2026-05-28,6963 JP,ROHM CO LTD,0.47,200000,股
2026-05-28,M_USD,MARGIN,0.07,1000366,元
2026-05-28,PFUR_NTD,PAYABLES FOR UNITS REDEEMED,0.0,0,元
2026-05-28,RDI_NTD,RECEIVABLES FOR DISPOSAL OF INVESTMENTS,-0.24,-99448845,元
2026-05-29,009150 KS,Samsung Electro-Mechanics co(009150 ks),5.81,63000,股
2026-05-29,MU US,MICRON TECHNOLOGY INC,5.39,85500,股
2026-05-29,AMD US,ADVANCEDMICRODEVICES.amdus(超微半導體公司),4.86,145000,股
2026-05-29,SNDK US,SANDISK CORP,4.18,38000,股
2026-05-29,3037,欣興,3.28,1500000,股
2026-05-29,BE US,BLOOM ENERGY CORP- A,3.14,170000,股
2026-05-29,2454,聯發科,3.12,350000,股
2026-05-29,2383,台光電,3.05,288000,股
2026-05-29,LITE US,LUMENTUM HOLDINGS INC,3.05,55000,股
2026-05-29,IFX GY,INFINEON TECHNOLOGIES AG,2.91,475000,股
2026-05-29,6787 JP,MEIKO ELECTRONICS CO LTD,2.75,175000,股
2026-05-29,MRVL US,MARVELL TECHNOLOGY INC,2.66,200000,股
2026-05-29,4062 JP,IBIDEN CO LTD,2.58,275000,股
2026-05-29,285A JP,KIOXIA HOLDINGS CORP,2.55,95000,股
2026-05-29,6981 JP,MURATA MANUFACTURING CO LTD,2.55,650000,股
2026-05-29,6997 JP,NIPPON CHEMI-CON CORP,2.48,1200000,股
2026-05-29,5706 JP,Mitsui Mining ＆ Smelting Co,2.31,110000,股
2026-05-29,5801 JP,FURUKAWA ELECTRIC CO LTD,2.12,100000,股
2026-05-29,CIEN US,CIENA CORP,1.96,52000,股
2026-05-29,WDC US,WESTERN DIGITAL CORP,1.96,57000,股
2026-05-29,2330,台積電,1.95,400000,股
2026-05-29,5274,信驊,1.81,46000,股
2026-05-29,VSH US,VISHAY INTERTECHNOLOGY INC,1.76,520000,股
2026-05-29,COHR US,COHERENT INC,1.59,68000,股
2026-05-29,2308,台達電,1.55,307000,股
2026-05-29,6515,穎崴,1.44,80000,股
2026-05-29,C_NTD,CASH,1.4,676257409,元
2026-05-29,3711,日月光投控,1.39,1100000,股
2026-05-29,7826 JP,FURUYA METAL CO LTD,1.34,374300,股
2026-05-29,AIXA GY,AIXTRON SE,1.34,305000,股
2026-05-29,GLW US,CORNING INC,1.32,112500,股
2026-05-29,SOI FP,S.O.I.T.E.C.,1.21,90000,股
2026-05-29,3017,奇鋐,1.19,215000,股
2026-05-29,GEV US,GE VERNOVA INC,1.19,19000,股
2026-05-29,ARM US,ARM HOLDINGS PLC,1.16,50518,股
2026-05-29,6223,旺矽,1.11,90000,股
2026-05-29,GOOGL US,ALPHABETINC-CLA(Alphabet公司),1.09,44000,股
2026-05-29,NVDA US,NVIDIACORP(輝達公司),1.03,75000,股
2026-05-29,ENR GY,SIEMENS ENERGY AG,0.93,75000,股
2026-05-29,603256 CH,GRACE FABRIC TECHNOLOGY CO-A,0.87,450000,股
2026-05-29,6274,台燿,0.81,230000,股
2026-05-29,HOT GY,HOCHTIEF AG,0.74,20000,股
2026-05-29,NOK US,NOKIA CORP-SPON ADR,0.72,750000,股
2026-05-29,7769,鴻勁,0.62,36000,股
2026-05-29,AXTI US,AXT INC,0.6,90000,股
2026-05-29,2360,致茂,0.57,110000,股
2026-05-29,7220 JP,MUSASHI SEIMITSU INDUSTRY CO,0.56,146400,股
2026-05-29,6963 JP,ROHM CO LTD,0.44,200000,股
2026-05-29,CRWD US,CROWDSTRIKE HOLDINGS INC - A,0.24,5075,股
2026-05-29,M_USD,MARGIN,0.07,1000366,元
2026-05-29,PFUR_NTD,PAYABLES FOR UNITS REDEEMED,0.0,0,元
2026-05-29,RDI_NTD,RECEIVABLES FOR DISPOSAL OF INVESTMENTS,-4.86,-2346397025,元
2026-06-01,C_NTD,CASH,8.55,4295865051,元
2026-06-01,009150 KS,Samsung Electro-Mechanics co(009150 ks),5.65,68000,股
2026-06-01,MU US,MICRON TECHNOLOGY INC,5.52,85500,股
2026-06-01,AMD US,ADVANCEDMICRODEVICES.amdus(超微半導體公司),4.62,145000,股
2026-06-01,SNDK US,SANDISK CORP,4.18,38000,股
2026-06-01,6981 JP,MURATA MANUFACTURING CO LTD,3.28,800000,股
2026-06-01,2454,聯發科,3.17,350000,股
2026-06-01,3037,欣興,3.13,1500000,股
2026-06-01,285A JP,KIOXIA HOLDINGS CORP,3.12,110000,股
2026-06-01,LITE US,LUMENTUM HOLDINGS INC,3.11,55000,股
2026-06-01,2383,台光電,2.9,288000,股
2026-06-01,BE US,BLOOM ENERGY CORP- A,2.9,170000,股
2026-06-01,IFX GY,INFINEON TECHNOLOGIES AG,2.78,475000,股
2026-06-01,5706 JP,Mitsui Mining ＆ Smelting Co,2.74,130000,股
2026-06-01,MRVL US,MARVELL TECHNOLOGY INC,2.74,200000,股
2026-06-01,6787 JP,MEIKO ELECTRONICS CO LTD,2.64,175000,股
2026-06-01,6997 JP,NIPPON CHEMI-CON CORP,2.64,1200000,股
2026-06-01,4062 JP,IBIDEN CO LTD,2.35,275000,股
2026-06-01,5801 JP,FURUKAWA ELECTRIC CO LTD,2.04,100000,股
2026-06-01,WDC US,WESTERN DIGITAL CORP,1.94,57000,股
2026-06-01,2330,台積電,1.87,400000,股
2026-06-01,CIEN US,CIENA CORP,1.85,52000,股
2026-06-01,VSH US,VISHAY INTERTECHNOLOGY INC,1.82,520000,股
2026-06-01,5274,信驊,1.69,46000,股
2026-06-01,ARM US,ARM HOLDINGS PLC,1.67,65518,股
2026-06-01,2308,台達電,1.48,307000,股
2026-06-01,7826 JP,FURUYA METAL CO LTD,1.4,374300,股
2026-06-01,6515,穎崴,1.39,80000,股
2026-06-01,3711,日月光投控,1.32,1100000,股
2026-06-01,AIXA GY,AIXTRON SE,1.23,305000,股
2026-06-01,3017,奇鋐,1.19,215000,股
2026-06-01,CRWD US,CROWDSTRIKE HOLDINGS INC - A,1.12,23000,股
2026-06-01,NVDA US,NVIDIACORP(輝達公司),1.05,75000,股
2026-06-01,GOOGL US,ALPHABETINC-CLA(Alphabet公司),1.03,44000,股
2026-06-01,6223,旺矽,1.02,90000,股
2026-06-01,6963 JP,ROHM CO LTD,1.01,500000,股
2026-06-01,7220 JP,MUSASHI SEIMITSU INDUSTRY CO,0.98,270000,股
2026-06-01,SOI FP,S.O.I.T.E.C.,0.96,90000,股
2026-06-01,ENR GY,SIEMENS ENERGY AG,0.87,75000,股
2026-06-01,3436 JP,SUMCO CORP,0.86,500000,股
2026-06-01,CRDO US,CREDO TECHNOLOGY GROUP HOLDI,0.85,60000,股
2026-06-01,6274,台燿,0.78,230000,股
2026-06-01,COHR US,COHERENT INC,0.77,34000,股
2026-06-01,ORCL US,ORACLE CORP,0.77,50000,股
2026-06-01,603256 CH,GRACE FABRIC TECHNOLOGY CO-A,0.76,450000,股
2026-06-01,NOK US,NOKIA CORP-SPON ADR,0.76,750000,股
2026-06-01,HOT GY,HOCHTIEF AG,0.7,20000,股
2026-06-01,AXTI US,AXT INC,0.62,90000,股
2026-06-01,GLW US,CORNING INC,0.62,56000,股
2026-06-01,2360,致茂,0.56,110000,股
2026-06-01,7769,鴻勁,0.54,36000,股
2026-06-01,DDOG US,DATADOG INC - CLASS A,0.21,12144,股
2026-06-01,M_USD,MARGIN,0.06,1000366,元
2026-06-01,PFUR_NTD,PAYABLES FOR UNITS REDEEMED,0.0,0,元
2026-06-01,RDI_NTD,RECEIVABLES FOR DISPOSAL OF INVESTMENTS,-6.5,-3268518291,元
2026-06-02,C_NTD,CASH,8.36,4354080812,元
2026-06-02,MU US,MICRON TECHNOLOGY INC,5.85,91000,股
2026-06-02,009150 KS,Samsung Electro-Mechanics co(009150 ks),4.98,71000,股
2026-06-02,AMD US,ADVANCEDMICRODEVICES.amdus(超微半導體公司),4.57,145000,股
2026-06-02,SNDK US,SANDISK CORP,3.94,38000,股
2026-06-02,285A JP,KIOXIA HOLDINGS CORP,3.52,120000,股
2026-06-02,MRVL US,MARVELL TECHNOLOGY INC,3.51,200000,股
2026-06-02,LITE US,LUMENTUM HOLDINGS INC,3.42,55000,股
2026-06-02,6981 JP,MURATA MANUFACTURING CO LTD,3.37,870000,股
2026-06-02,BE US,BLOOM ENERGY CORP- A,3.11,170000,股
2026-06-02,IFX GY,INFINEON TECHNOLOGIES AG,3.11,501550,股
2026-06-02,2454,聯發科,3.04,350000,股
2026-06-02,3037,欣興,2.81,1500000,股
2026-06-02,2383,台光電,2.69,288000,股
2026-06-02,6787 JP,MEIKO ELECTRONICS CO LTD,2.6,175000,股
2026-06-02,5706 JP,Mitsui Mining ＆ Smelting Co,2.44,130000,股
2026-06-02,4062 JP,IBIDEN CO LTD,2.2,275000,股
2026-06-02,6997 JP,NIPPON CHEMI-CON CORP,2.17,1200000,股
2026-06-02,VSH US,VISHAY INTERTECHNOLOGY INC,2.09,552429,股
2026-06-02,CIEN US,CIENA CORP,1.97,52000,股
2026-06-02,WDC US,WESTERN DIGITAL CORP,1.94,57000,股
2026-06-02,5801 JP,FURUKAWA ELECTRIC CO LTD,1.93,100000,股
2026-06-02,2330,台積電,1.83,400000,股
2026-06-02,5274,信驊,1.6,46000,股
2026-06-02,ARM US,ARM HOLDINGS PLC,1.59,65518,股
2026-06-02,3436 JP,SUMCO CORP,1.42,875400,股
2026-06-02,2308,台達電,1.39,307000,股
2026-06-02,7826 JP,FURUYA METAL CO LTD,1.3,374300,股
2026-06-02,3711,日月光投控,1.25,1100000,股
2026-06-02,6515,穎崴,1.24,80000,股
2026-06-02,AIXA GY,AIXTRON SE,1.24,305000,股
2026-06-02,NOK US,NOKIA CORP-SPON ADR,1.22,1200000,股
2026-06-02,3017,奇鋐,1.11,215000,股
2026-06-02,CRWD US,CROWDSTRIKE HOLDINGS INC - A,1.07,23000,股
2026-06-02,NVDA US,NVIDIACORP(輝達公司),1.01,75000,股
2026-06-02,6963 JP,ROHM CO LTD,0.97,500000,股
2026-06-02,SOI FP,S.O.I.T.E.C.,0.97,90000,股
2026-06-02,GOOGL US,ALPHABETINC-CLA(Alphabet公司),0.96,44000,股
2026-06-02,6223,旺矽,0.95,90000,股
2026-06-02,COHR US,COHERENT INC,0.88,34000,股
2026-06-02,7220 JP,MUSASHI SEIMITSU INDUSTRY CO,0.84,270000,股
2026-06-02,ENR GY,SIEMENS ENERGY AG,0.84,75000,股
2026-06-02,CRDO US,CREDO TECHNOLOGY GROUP HOLDI,0.83,60000,股
2026-06-02,603256 CH,GRACE FABRIC TECHNOLOGY CO-A,0.8,450000,股
2026-06-02,ORCL US,ORACLE CORP,0.74,50000,股
2026-06-02,DDOG US,DATADOG INC - CLASS A,0.73,45000,股
2026-06-02,6274,台燿,0.7,230000,股
2026-06-02,GLW US,CORNING INC,0.68,56000,股
2026-06-02,HOT GY,HOCHTIEF AG,0.68,20000,股
2026-06-02,AXTI US,AXT INC,0.6,90000,股
2026-06-02,2360,致茂,0.51,110000,股
2026-06-02,7769,鴻勁,0.5,36000,股
2026-06-02,M_USD,MARGIN,0.06,1000366,元
2026-06-02,PFUR_NTD,PAYABLES FOR UNITS REDEEMED,0.0,0,元
2026-06-02,RDI_NTD,RECEIVABLES FOR DISPOSAL OF INVESTMENTS,-6.69,-3485518977,元
2026-06-03,C_NTD,CASH,6.11,3236487428,元
2026-06-03,MU US,MICRON TECHNOLOGY INC,5.83,91000,股
2026-06-03,009150 KS,Samsung Electro-Mechanics co(009150 ks),4.86,71000,股
2026-06-03,AMD US,ADVANCEDMICRODEVICES.amdus(超微半導體公司),4.67,145000,股
2026-06-03,SNDK US,SANDISK CORP,4.13,38000,股
2026-06-03,285A JP,KIOXIA HOLDINGS CORP,3.91,135000,股
2026-06-03,MRVL US,MARVELL TECHNOLOGY INC,3.58,200000,股
2026-06-03,LITE US,LUMENTUM HOLDINGS INC,3.45,62000,股
2026-06-03,6981 JP,MURATA MANUFACTURING CO LTD,3.36,870000,股
2026-06-03,IFX GY,INFINEON TECHNOLOGIES AG,3.04,501550,股
2026-06-03,2454,聯發科,3.0,350000,股
2026-06-03,BE US,BLOOM ENERGY CORP- A,2.9,170000,股
2026-06-03,3037,欣興,2.83,1500000,股
2026-06-03,2383,台光電,2.63,288000,股
2026-06-03,VSH US,VISHAY INTERTECHNOLOGY INC,2.55,672429,股
2026-06-03,6787 JP,MEIKO ELECTRONICS CO LTD,2.41,175000,股
2026-06-03,5706 JP,Mitsui Mining ＆ Smelting Co,2.3,130000,股
2026-06-03,4062 JP,IBIDEN CO LTD,2.24,275000,股
2026-06-03,6997 JP,NIPPON CHEMI-CON CORP,2.15,1200000,股
2026-06-03,WDC US,WESTERN DIGITAL CORP,2.01,57000,股
2026-06-03,5801 JP,FURUKAWA ELECTRIC CO LTD,1.97,100000,股
2026-06-03,CIEN US,CIENA CORP,1.91,52000,股
2026-06-03,2330,台積電,1.83,400000,股
2026-06-03,NOK US,NOKIA CORP-SPON ADR,1.69,1700000,股
2026-06-03,ARM US,ARM HOLDINGS PLC,1.6,65518,股
2026-06-03,5274,信驊,1.56,46000,股
2026-06-03,6963 JP,ROHM CO LTD,1.48,710000,股
2026-06-03,3436 JP,SUMCO CORP,1.45,875400,股
2026-06-03,2308,台達電,1.42,307000,股
2026-06-03,3711,日月光投控,1.28,1100000,股
2026-06-03,7826 JP,FURUYA METAL CO LTD,1.27,374300,股
2026-06-03,AIXA GY,AIXTRON SE,1.27,305000,股
2026-06-03,6515,穎崴,1.24,80000,股
2026-06-03,3017,奇鋐,1.16,215000,股
2026-06-03,SOI FP,S.O.I.T.E.C.,1.03,90000,股
2026-06-03,CRWD US,CROWDSTRIKE HOLDINGS INC - A,1.02,23000,股
2026-06-03,6223,旺矽,1.0,90000,股
2026-06-03,7220 JP,MUSASHI SEIMITSU INDUSTRY CO,0.98,270000,股
2026-06-03,NVDA US,NVIDIACORP(輝達公司),0.96,75000,股
2026-06-03,STM US,STMICROELECTRONICS NV-NY SHS,0.85,180000,股
2026-06-03,COHR US,COHERENT INC,0.84,34000,股
2026-06-03,603256 CH,GRACE FABRIC TECHNOLOGY CO-A,0.78,450000,股
2026-06-03,CRDO US,CREDO TECHNOLOGY GROUP HOLDI,0.76,60000,股
2026-06-03,6274,台燿,0.74,230000,股
2026-06-03,HOT GY,HOCHTIEF AG,0.68,20000,股
2026-06-03,ORCL US,ORACLE CORP,0.68,50000,股
2026-06-03,DDOG US,DATADOG INC - CLASS A,0.67,45000,股
2026-06-03,GLW US,CORNING INC,0.67,56000,股
2026-06-03,AXTI US,AXT INC,0.57,90000,股
2026-06-03,2360,致茂,0.53,110000,股
2026-06-03,7769,鴻勁,0.51,36000,股
2026-06-03,M_USD,MARGIN,0.06,1000366,元
2026-06-03,PFUR_NTD,PAYABLES FOR UNITS REDEEMED,0.0,0,元
2026-06-03,RDI_NTD,RECEIVABLES FOR DISPOSAL OF INVESTMENTS,-3.23,-1708413651,元
2026-06-04,MU US,MICRON TECHNOLOGY INC,5.52,97000,股
2026-06-04,AMD US,ADVANCEDMICRODEVICES.amdus(超微半導體公司),4.64,155000,股
2026-06-04,009150 KS,Samsung Electro-Mechanics co(009150 ks),4.36,71000,股
2026-06-04,C_NTD,CASH,3.86,2126945167,元
2026-06-04,SNDK US,SANDISK CORP,3.82,38000,股
2026-06-04,285A JP,KIOXIA HOLDINGS CORP,3.71,135000,股
2026-06-04,MRVL US,MARVELL TECHNOLOGY INC,3.62,200000,股
2026-06-04,LITE US,LUMENTUM HOLDINGS INC,3.35,62000,股
2026-06-04,6981 JP,MURATA MANUFACTURING CO LTD,3.08,870000,股
2026-06-04,IFX GY,INFINEON TECHNOLOGIES AG,3.01,532550,股
2026-06-04,BE US,BLOOM ENERGY CORP- A,2.83,170000,股
2026-06-04,2454,聯發科,2.82,350000,股
2026-06-04,3037,欣興,2.65,1500000,股
2026-06-04,VSH US,VISHAY INTERTECHNOLOGY INC,2.64,725429,股
2026-06-04,2383,台光電,2.53,288000,股
2026-06-04,6787 JP,MEIKO ELECTRONICS CO LTD,2.33,175000,股
2026-06-04,5706 JP,Mitsui Mining ＆ Smelting Co,2.14,130000,股
2026-06-04,6997 JP,NIPPON CHEMI-CON CORP,2.12,1200000,股
2026-06-04,NOK US,NOKIA CORP-SPON ADR,1.99,2100000,股
2026-06-04,4062 JP,IBIDEN CO LTD,1.98,275000,股
2026-06-04,WDC US,WESTERN DIGITAL CORP,1.87,57000,股
2026-06-04,5801 JP,FURUKAWA ELECTRIC CO LTD,1.83,100000,股
2026-06-04,2330,台積電,1.73,400000,股
2026-06-04,CIEN US,CIENA CORP,1.59,52000,股
2026-06-04,5274,信驊,1.53,46000,股
2026-06-04,ARM US,ARM HOLDINGS PLC,1.47,65518,股
2026-06-04,6963 JP,ROHM CO LTD,1.4,710000,股
2026-06-04,3436 JP,SUMCO CORP,1.37,875400,股
2026-06-04,2308,台達電,1.35,307000,股
2026-06-04,STM US,STMICROELECTRONICS NV-NY SHS,1.34,300000,股
2026-06-04,AIXA GY,AIXTRON SE,1.3,340000,股
2026-06-04,6515,穎崴,1.26,80000,股
2026-06-04,7826 JP,FURUYA METAL CO LTD,1.2,374300,股
2026-06-04,3711,日月光投控,1.18,1100000,股
2026-06-04,3017,奇鋐,1.06,215000,股
2026-06-04,6223,旺矽,0.99,90000,股
2026-06-04,CRWD US,CROWDSTRIKE HOLDINGS INC - A,0.95,23000,股
2026-06-04,NVDA US,NVIDIACORP(輝達公司),0.94,75000,股
2026-06-04,SOI FP,S.O.I.T.E.C.,0.93,90000,股
2026-06-04,7220 JP,MUSASHI SEIMITSU INDUSTRY CO,0.85,270000,股
2026-06-04,COHR US,COHERENT INC,0.82,34000,股
2026-06-04,6920 JP,LASERTEC CORP,0.76,50000,股
2026-06-04,CRDO US,CREDO TECHNOLOGY GROUP HOLDI,0.75,60000,股
2026-06-04,603256 CH,GRACE FABRIC TECHNOLOGY CO-A,0.74,450000,股
2026-06-04,6274,台燿,0.71,230000,股
2026-06-04,ORCL US,ORACLE CORP,0.68,50000,股
2026-06-04,HOT GY,HOCHTIEF AG,0.66,20000,股
2026-06-04,DDOG US,DATADOG INC - CLASS A,0.63,45000,股
2026-06-04,GLW US,CORNING INC,0.63,56000,股
2026-06-04,AXTI US,AXT INC,0.55,90000,股
2026-06-04,2360,致茂,0.52,110000,股
2026-06-04,7769,鴻勁,0.48,36000,股
2026-06-04,M_USD,MARGIN,0.06,1000366,元
2026-06-04,PFUR_NTD,PAYABLES FOR UNITS REDEEMED,0.0,0,元
2026-06-04,RDI_NTD,RECEIVABLES FOR DISPOSAL OF INVESTMENTS,-3.07,-1688980566,元
2026-06-05,C_NTD,CASH,8.27,4310822565,元
2026-06-05,009150 KS,Samsung Electro-Mechanics co(009150 ks),5.37,77000,股
2026-06-05,MU US,MICRON TECHNOLOGY INC,5.07,97000,股
2026-06-05,AMD US,ADVANCEDMICRODEVICES.amdus(超微半導體公司),4.37,155000,股
2026-06-05,285A JP,KIOXIA HOLDINGS CORP,4.29,145000,股
2026-06-05,SNDK US,SANDISK CORP,3.59,38000,股
2026-06-05,LITE US,LUMENTUM HOLDINGS INC,3.24,62000,股
2026-06-05,6981 JP,MURATA MANUFACTURING CO LTD,3.19,870000,股
2026-06-05,MRVL US,MARVELL TECHNOLOGY INC,3.19,200000,股
2026-06-05,2454,聯發科,2.89,350000,股
2026-06-05,IFX GY,INFINEON TECHNOLOGIES AG,2.89,532550,股
2026-06-05,BE US,BLOOM ENERGY CORP- A,2.71,170000,股
2026-06-05,2383,台光電,2.7,288000,股
2026-06-05,3037,欣興,2.69,1500000,股
2026-06-05,VSH US,VISHAY INTERTECHNOLOGY INC,2.51,725429,股
2026-06-05,6787 JP,MEIKO ELECTRONICS CO LTD,2.36,175000,股
2026-06-05,6997 JP,NIPPON CHEMI-CON CORP,2.26,1200000,股
2026-06-05,5706 JP,Mitsui Mining ＆ Smelting Co,2.19,130000,股
2026-06-05,4062 JP,IBIDEN CO LTD,1.95,275000,股
2026-06-05,5801 JP,FURUKAWA ELECTRIC CO LTD,1.86,100000,股
2026-06-05,NOK US,NOKIA CORP-SPON ADR,1.83,2100000,股
2026-06-05,2330,台積電,1.82,400000,股
2026-06-05,WDC US,WESTERN DIGITAL CORP,1.76,57000,股
2026-06-05,5274,信驊,1.55,46000,股
2026-06-05,CIEN US,CIENA CORP,1.54,52000,股
2026-06-05,6963 JP,ROHM CO LTD,1.42,710000,股
2026-06-05,2308,台達電,1.36,307000,股
2026-06-05,ARM US,ARM HOLDINGS PLC,1.36,65518,股
2026-06-05,3436 JP,SUMCO CORP,1.34,875400,股
2026-06-05,AIXA GY,AIXTRON SE,1.31,340000,股
2026-06-05,6515,穎崴,1.29,80000,股
2026-06-05,STM US,STMICROELECTRONICS NV-NY SHS,1.28,300000,股
2026-06-05,7826 JP,FURUYA METAL CO LTD,1.25,374300,股
2026-06-05,3711,日月光投控,1.22,1100000,股
2026-06-05,CRWD US,CROWDSTRIKE HOLDINGS INC - A,1.14,28000,股
2026-06-05,3017,奇鋐,1.07,215000,股
2026-06-05,7220 JP,MUSASHI SEIMITSU INDUSTRY CO,1.05,340000,股
2026-06-05,603256 CH,GRACE FABRIC TECHNOLOGY CO-A,1.02,580000,股
2026-06-05,6223,旺矽,1.0,90000,股
2026-06-05,2360,致茂,0.98,200000,股
2026-06-05,NVDA US,NVIDIACORP(輝達公司),0.93,75000,股
2026-06-05,SOI FP,S.O.I.T.E.C.,0.93,90000,股
2026-06-05,6920 JP,LASERTEC CORP,0.8,50000,股
2026-06-05,COHR US,COHERENT INC,0.78,34000,股
2026-06-05,CRDO US,CREDO TECHNOLOGY GROUP HOLDI,0.75,60000,股
2026-06-05,6274,台燿,0.71,230000,股
2026-06-05,HOT GY,HOCHTIEF AG,0.7,20000,股
2026-06-05,ORCL US,ORACLE CORP,0.65,50000,股
2026-06-05,DDOG US,DATADOG INC - CLASS A,0.64,45000,股
2026-06-05,GLW US,CORNING INC,0.6,56000,股
2026-06-05,7769,鴻勁,0.5,36000,股
2026-06-05,AXTI US,AXT INC,0.48,90000,股
2026-06-05,M_USD,MARGIN,0.06,1000366,元
2026-06-05,PFUR_NTD,PAYABLES FOR UNITS REDEEMED,0.0,0,元
2026-06-05,RDI_NTD,RECEIVABLES FOR DISPOSAL OF INVESTMENTS,-2.97,-1547890361,元
2026-06-08,C_NTD,CASH,7.01,3646999482,元
2026-06-08,MU US,MICRON TECHNOLOGY INC,5.6,97000,股
2026-06-08,009150 KS,Samsung Electro-Mechanics co(009150 ks),5.35,80000,股
2026-06-08,AMD US,ADVANCEDMICRODEVICES.amdus(超微半導體公司),5.22,175000,股
2026-06-08,285A JP,KIOXIA HOLDINGS CORP,3.95,145000,股
2026-06-08,SNDK US,SANDISK CORP,3.79,38000,股
2026-06-08,MRVL US,MARVELL TECHNOLOGY INC,3.51,200000,股
2026-06-08,LITE US,LUMENTUM HOLDINGS INC,3.38,62000,股
2026-06-08,IFX GY,INFINEON TECHNOLOGIES AG,3.05,557550,股
2026-06-08,2454,聯發科,2.94,375000,股
2026-06-08,6981 JP,MURATA MANUFACTURING CO LTD,2.88,870000,股
2026-06-08,2383,台光電,2.64,288000,股
2026-06-08,3037,欣興,2.63,1500000,股
2026-06-08,BE US,BLOOM ENERGY CORP- A,2.62,170000,股
2026-06-08,VSH US,VISHAY INTERTECHNOLOGY INC,2.52,725429,股
2026-06-08,WDC US,WESTERN DIGITAL CORP,2.31,72000,股
2026-06-08,6787 JP,MEIKO ELECTRONICS CO LTD,2.25,175000,股
2026-06-08,6997 JP,NIPPON CHEMI-CON CORP,2.06,1200000,股
2026-06-08,5706 JP,Mitsui Mining ＆ Smelting Co,2.04,130000,股
2026-06-08,NOK US,NOKIA CORP-SPON ADR,1.86,2100000,股
2026-06-08,4062 JP,IBIDEN CO LTD,1.78,275000,股
2026-06-08,2330,台積電,1.77,400000,股
2026-06-08,5801 JP,FURUKAWA ELECTRIC CO LTD,1.72,100000,股
2026-06-08,STM US,STMICROELECTRONICS NV-NY SHS,1.71,375000,股
2026-06-08,5274,信驊,1.55,46000,股
2026-06-08,AIXA GY,AIXTRON SE,1.5,380000,股
2026-06-08,CIEN US,CIENA CORP,1.48,52000,股
2026-06-08,ARM US,ARM HOLDINGS PLC,1.38,65518,股
2026-06-08,2308,台達電,1.33,307000,股
2026-06-08,6963 JP,ROHM CO LTD,1.3,710000,股
2026-06-08,6515,穎崴,1.29,80000,股
2026-06-08,7826 JP,FURUYA METAL CO LTD,1.19,374300,股
2026-06-08,3436 JP,SUMCO CORP,1.17,875400,股
2026-06-08,3711,日月光投控,1.14,1100000,股
2026-06-08,CRWD US,CROWDSTRIKE HOLDINGS INC - A,1.12,28000,股
2026-06-08,3017,奇鋐,1.06,215000,股
2026-06-08,7220 JP,MUSASHI SEIMITSU INDUSTRY CO,1.01,380000,股
2026-06-08,SOI FP,S.O.I.T.E.C.,0.99,90000,股
2026-06-08,603256 CH,GRACE FABRIC TECHNOLOGY CO-A,0.98,580000,股
2026-06-08,6223,旺矽,0.95,90000,股
2026-06-08,NVDA US,NVIDIACORP(輝達公司),0.95,75000,股
2026-06-08,2360,致茂,0.94,200000,股
2026-06-08,DDOG US,DATADOG INC - CLASS A,0.85,60000,股
2026-06-08,COHR US,COHERENT INC,0.83,34000,股
2026-06-08,CRDO US,CREDO TECHNOLOGY GROUP HOLDI,0.81,60000,股
2026-06-08,6920 JP,LASERTEC CORP,0.74,50000,股
2026-06-08,HOT GY,HOCHTIEF AG,0.69,20000,股
2026-06-08,6274,台燿,0.68,230000,股
2026-06-08,GLW US,CORNING INC,0.64,56000,股
2026-06-08,ORCL US,ORACLE CORP,0.64,50000,股
2026-06-08,AXTI US,AXT INC,0.5,90000,股
2026-06-08,7769,鴻勁,0.49,36000,股
2026-06-08,M_USD,MARGIN,0.06,1000366,元
2026-06-08,RDI_NTD,RECEIVABLES FOR DISPOSAL OF INVESTMENTS,-3.83,-1989675386,元
2026-06-09,009150 KS,Samsung Electro-Mechanics co(009150 ks),6.33,80000,股
2026-06-09,MU US,MICRON TECHNOLOGY INC,5.86,105000,股
2026-06-09,AMD US,ADVANCEDMICRODEVICES.amdus(超微半導體公司),4.97,175000,股
2026-06-09,285A JP,KIOXIA HOLDINGS CORP,4.27,150000,股
2026-06-09,SNDK US,SANDISK CORP,3.83,39000,股
2026-06-09,2454,聯發科,3.46,410000,股
2026-06-09,MRVL US,MARVELL TECHNOLOGY INC,3.18,200000,股
2026-06-09,6981 JP,MURATA MANUFACTURING CO LTD,3.14,870000,股
2026-06-09,LITE US,LUMENTUM HOLDINGS INC,3.04,62000,股
2026-06-09,2383,台光電,2.96,310000,股
2026-06-09,IFX GY,INFINEON TECHNOLOGIES AG,2.91,557550,股
2026-06-09,3037,欣興,2.74,1500000,股
2026-06-09,BE US,BLOOM ENERGY CORP- A,2.63,170000,股
2026-06-09,VSH US,VISHAY INTERTECHNOLOGY INC,2.54,725429,股
2026-06-09,6787 JP,MEIKO ELECTRONICS CO LTD,2.24,175000,股
2026-06-09,WDC US,WESTERN DIGITAL CORP,2.22,72000,股
2026-06-09,6997 JP,NIPPON CHEMI-CON CORP,2.07,1215100,股
2026-06-09,4062 JP,IBIDEN CO LTD,1.91,275000,股
2026-06-09,5706 JP,Mitsui Mining ＆ Smelting Co,1.91,130000,股
2026-06-09,2330,台積電,1.74,400000,股
2026-06-09,NOK US,NOKIA CORP-SPON ADR,1.74,2100000,股
2026-06-09,STM US,STMICROELECTRONICS NV-NY SHS,1.64,375000,股
2026-06-09,6976 JP,TAIYO YUDEN CO LTD,1.61,240000,股
2026-06-09,2308,台達電,1.59,350000,股
2026-06-09,5274,信驊,1.55,46000,股
2026-06-09,AIXA GY,AIXTRON SE,1.44,380000,股
2026-06-09,6963 JP,ROHM CO LTD,1.39,710000,股
2026-06-09,6515,穎崴,1.3,80000,股
2026-06-09,ARM US,ARM HOLDINGS PLC,1.27,65518,股
2026-06-09,3711,日月光投控,1.18,1100000,股
2026-06-09,7826 JP,FURUYA METAL CO LTD,1.17,374300,股
2026-06-09,3436 JP,SUMCO CORP,1.14,875400,股
2026-06-09,CRWD US,CROWDSTRIKE HOLDINGS INC - A,1.08,28000,股
2026-06-09,603256 CH,GRACE FABRIC TECHNOLOGY CO-A,1.06,580000,股
2026-06-09,3017,奇鋐,1.03,215000,股
2026-06-09,6223,旺矽,1.0,90000,股
2026-06-09,NVDA US,NVIDIACORP(輝達公司),0.93,75000,股
2026-06-09,2360,致茂,0.9,200000,股
2026-06-09,7220 JP,MUSASHI SEIMITSU INDUSTRY CO,0.9,380000,股
2026-06-09,5801 JP,FURUKAWA ELECTRIC CO LTD,0.87,50000,股
2026-06-09,SOI FP,S.O.I.T.E.C.,0.87,90000,股
2026-06-09,CRDO US,CREDO TECHNOLOGY GROUP HOLDI,0.84,60000,股
2026-06-09,COHR US,COHERENT INC,0.81,38000,股
2026-06-09,DDOG US,DATADOG INC - CLASS A,0.81,60000,股
2026-06-09,6920 JP,LASERTEC CORP,0.75,50000,股
2026-06-09,6274,台燿,0.7,230000,股
2026-06-09,ORCL US,ORACLE CORP,0.61,50000,股
2026-06-09,GLW US,CORNING INC,0.58,56000,股
2026-06-09,HOT GY,HOCHTIEF AG,0.57,17918,股
2026-06-09,7769,鴻勁,0.47,36000,股
2026-06-09,BESI NA,BE SEMICONDUCTOR INDUSTRIES,0.45,23000,股
2026-06-09,AXTI US,AXT INC,0.42,90000,股
2026-06-09,C_NTD,CASH,,2586455929,元
2026-06-09,M_USD,MARGIN,,1000366,元
2026-06-09,RDI_NTD,RECEIVABLES FOR DISPOSAL OF INVESTMENTS,,-1035613030,元
2026-06-10,MU US,MICRON TECHNOLOGY INC,5.91,105000,股
2026-06-10,009150 KS,Samsung Electro-Mechanics co(009150 ks),5.78,80000,股
2026-06-10,AMD US,ADVANCEDMICRODEVICES.amdus(超微半導體公司),4.99,175000,股
2026-06-10,285A JP,KIOXIA HOLDINGS CORP,4.16,150000,股
2026-06-10,SNDK US,SANDISK CORP,4.04,39000,股
2026-06-10,2454,聯發科,3.39,410000,股
2026-06-10,LITE US,LUMENTUM HOLDINGS INC,3.34,62000,股
2026-06-10,2383,台光電,3.25,330000,股
2026-06-10,MRVL US,MARVELL TECHNOLOGY INC,3.19,200000,股
2026-06-10,IFX GY,INFINEON TECHNOLOGIES AG,3.05,557550,股
2026-06-10,6981 JP,MURATA MANUFACTURING CO LTD,2.96,870000,股
2026-06-10,3037,欣興,2.64,1500000,股
2026-06-10,BE US,BLOOM ENERGY CORP- A,2.51,170000,股
2026-06-10,VSH US,VISHAY INTERTECHNOLOGY INC,2.5,725429,股
2026-06-10,WDC US,WESTERN DIGITAL CORP,2.23,72000,股
2026-06-10,6787 JP,MEIKO ELECTRONICS CO LTD,2.13,175000,股
2026-06-10,6997 JP,NIPPON CHEMI-CON CORP,2.03,1215100,股
2026-06-10,6976 JP,TAIYO YUDEN CO LTD,1.94,315000,股
2026-06-10,5706 JP,Mitsui Mining ＆ Smelting Co,1.89,130000,股
2026-06-10,4062 JP,IBIDEN CO LTD,1.88,275000,股
2026-06-10,2330,台積電,1.8,400000,股
2026-06-10,NOK US,NOKIA CORP-SPON ADR,1.78,2100000,股
2026-06-10,STM US,STMICROELECTRONICS NV-NY SHS,1.67,375000,股
2026-06-10,5274,信驊,1.54,46000,股
2026-06-10,2308,台達電,1.53,350000,股
2026-06-10,AIXA GY,AIXTRON SE,1.49,380000,股
2026-06-10,6963 JP,ROHM CO LTD,1.32,710000,股
2026-06-10,6515,穎崴,1.29,80000,股
2026-06-10,ARM US,ARM HOLDINGS PLC,1.27,65518,股
2026-06-10,7826 JP,FURUYA METAL CO LTD,1.19,374300,股
2026-06-10,3711,日月光投控,1.18,1100000,股
2026-06-10,CRWD US,CROWDSTRIKE HOLDINGS INC - A,1.14,28000,股
2026-06-10,3436 JP,SUMCO CORP,1.1,875400,股
2026-06-10,603256 CH,GRACE FABRIC TECHNOLOGY CO-A,1.07,580000,股
2026-06-10,6223,旺矽,1.03,90000,股
2026-06-10,3017,奇鋐,1.01,215000,股
2026-06-10,NVDA US,NVIDIACORP(輝達公司),0.95,75000,股
2026-06-10,CRDO US,CREDO TECHNOLOGY GROUP HOLDI,0.9,60000,股
2026-06-10,2360,致茂,0.88,200000,股
2026-06-10,DDOG US,DATADOG INC - CLASS A,0.86,60000,股
2026-06-10,COHR US,COHERENT INC,0.85,38000,股
2026-06-10,SOI FP,S.O.I.T.E.C.,0.82,90000,股
2026-06-10,6920 JP,LASERTEC CORP,0.8,50000,股
2026-06-10,6274,台燿,0.69,230000,股
2026-06-10,BESI NA,BE SEMICONDUCTOR INDUSTRIES,0.69,33000,股
2026-06-10,GLW US,CORNING INC,0.59,56000,股
2026-06-10,HOT GY,HOCHTIEF AG,0.51,15200,股
2026-06-10,7769,鴻勁,0.49,36000,股
2026-06-10,AXTI US,AXT INC,0.48,90000,股
2026-06-10,7220 JP,MUSASHI SEIMITSU INDUSTRY CO,0.44,206400,股
2026-06-10,C_NTD,CASH,,2766223585,元
2026-06-10,M_USD,MARGIN,,1000366,元
2026-06-10,RDI_NTD,RECEIVABLES FOR DISPOSAL OF INVESTMENTS,,-494886775,元
2026-06-11,MU US,MICRON TECHNOLOGY INC,6.28,105000,股
2026-06-11,009150 KS,Samsung Electro-Mechanics co(009150 ks),5.66,80000,股
2026-06-11,AMD US,ADVANCEDMICRODEVICES.amdus(超微半導體公司),5.13,175000,股
2026-06-11,285A JP,KIOXIA HOLDINGS CORP,4.74,168000,股
2026-06-11,SNDK US,SANDISK CORP,4.4,39000,股
2026-06-11,MRVL US,MARVELL TECHNOLOGY INC,3.37,200000,股
2026-06-11,LITE US,LUMENTUM HOLDINGS INC,3.31,62000,股
2026-06-11,6981 JP,MURATA MANUFACTURING CO LTD,3.22,960000,股
2026-06-11,2383,台光電,3.19,330000,股
2026-06-11,2454,聯發科,3.17,410000,股
2026-06-11,IFX GY,INFINEON TECHNOLOGIES AG,2.98,557550,股
2026-06-11,VSH US,VISHAY INTERTECHNOLOGY INC,2.55,725429,股
2026-06-11,BE US,BLOOM ENERGY CORP- A,2.54,170000,股
2026-06-11,3037,欣興,2.43,1500000,股
2026-06-11,WDC US,WESTERN DIGITAL CORP,2.29,72000,股
2026-06-11,6976 JP,TAIYO YUDEN CO LTD,1.96,315000,股
2026-06-11,6997 JP,NIPPON CHEMI-CON CORP,1.96,1275100,股
2026-06-11,6787 JP,MEIKO ELECTRONICS CO LTD,1.91,175000,股
2026-06-11,4062 JP,IBIDEN CO LTD,1.87,275000,股
2026-06-11,5706 JP,Mitsui Mining ＆ Smelting Co,1.81,130000,股
2026-06-11,NOK US,NOKIA CORP-SPON ADR,1.78,2100000,股
2026-06-11,STM US,STMICROELECTRONICS NV-NY SHS,1.76,375000,股
2026-06-11,2330,台積電,1.71,400000,股
2026-06-11,5274,信驊,1.53,46000,股
2026-06-11,6515,穎崴,1.45,88000,股
2026-06-11,AIXA GY,AIXTRON SE,1.45,380000,股
2026-06-11,2308,台達電,1.43,350000,股
2026-06-11,ARM US,ARM HOLDINGS PLC,1.35,65518,股
2026-06-11,CRDO US,CREDO TECHNOLOGY GROUP HOLDI,1.35,85000,股
2026-06-11,6963 JP,ROHM CO LTD,1.25,710000,股
2026-06-11,BESI NA,BE SEMICONDUCTOR INDUSTRIES,1.17,55000,股
2026-06-11,CRWD US,CROWDSTRIKE HOLDINGS INC - A,1.16,28000,股
2026-06-11,7826 JP,FURUYA METAL CO LTD,1.14,374300,股
2026-06-11,3711,日月光投控,1.13,1100000,股
2026-06-11,3436 JP,SUMCO CORP,1.12,875400,股
2026-06-11,603256 CH,GRACE FABRIC TECHNOLOGY CO-A,1.08,580000,股
2026-06-11,6223,旺矽,1.04,90000,股
2026-06-11,3017,奇鋐,0.95,215000,股
2026-06-11,NVDA US,NVIDIACORP(輝達公司),0.92,75000,股
2026-06-11,DDOG US,DATADOG INC - CLASS A,0.84,60000,股
2026-06-11,2360,致茂,0.83,200000,股
2026-06-11,COHR US,COHERENT INC,0.83,38000,股
2026-06-11,SOI FP,S.O.I.T.E.C.,0.8,90000,股
2026-06-11,6920 JP,LASERTEC CORP,0.75,50000,股
2026-06-11,6274,台燿,0.64,230000,股
2026-06-11,GLW US,CORNING INC,0.59,56000,股
2026-06-11,7769,鴻勁,0.48,36000,股
2026-06-11,AXTI US,AXT INC,0.48,90000,股
2026-06-11,HOT GY,HOCHTIEF AG,0.4,11800,股
2026-06-11,C_NTD,CASH,,2201084191,元
2026-06-11,M_USD,MARGIN,,1000366,元
2026-06-11,RDI_NTD,RECEIVABLES FOR DISPOSAL OF INVESTMENTS,,-542695799,元
2026-06-12,MU US,MICRON TECHNOLOGY INC,5.98,105000,股
2026-06-12,009150 KS,Samsung Electro-Mechanics co(009150 ks),5.33,80000,股
2026-06-12,AMD US,ADVANCEDMICRODEVICES.amdus(超微半導體公司),5.19,175000,股
2026-06-12,285A JP,KIOXIA HOLDINGS CORP,4.94,168000,股
2026-06-12,SNDK US,SANDISK CORP,4.48,39000,股
2026-06-12,MRVL US,MARVELL TECHNOLOGY INC,3.41,210000,股
2026-06-12,LITE US,LUMENTUM HOLDINGS INC,3.31,62000,股
2026-06-12,2454,聯發科,3.14,410000,股
2026-06-12,IFX GY,INFINEON TECHNOLOGIES AG,3.0,557550,股
2026-06-12,6981 JP,MURATA MANUFACTURING CO LTD,2.97,960000,股
2026-06-12,2383,台光電,2.92,330000,股
2026-06-12,BE US,BLOOM ENERGY CORP- A,2.57,170000,股
2026-06-12,3037,欣興,2.48,1500000,股
2026-06-12,WDC US,WESTERN DIGITAL CORP,2.35,72000,股
2026-06-12,6976 JP,TAIYO YUDEN CO LTD,2.16,380000,股
2026-06-12,5706 JP,Mitsui Mining ＆ Smelting Co,2.07,130000,股
2026-06-12,VSH US,VISHAY INTERTECHNOLOGY INC,2.0,580429,股
2026-06-12,6787 JP,MEIKO ELECTRONICS CO LTD,1.95,175000,股
2026-06-12,6997 JP,NIPPON CHEMI-CON CORP,1.93,1275100,股
2026-06-12,4062 JP,IBIDEN CO LTD,1.9,275000,股
2026-06-12,NOK US,NOKIA CORP-SPON ADR,1.8,2100000,股
2026-06-12,2330,台積電,1.7,400000,股
2026-06-12,STM US,STMICROELECTRONICS NV-NY SHS,1.68,375000,股
2026-06-12,5274,信驊,1.56,46000,股
2026-06-12,6515,穎崴,1.55,88000,股
2026-06-12,BESI NA,BE SEMICONDUCTOR INDUSTRIES,1.55,73000,股
2026-06-12,AIXA GY,AIXTRON SE,1.45,380000,股
2026-06-12,ARM US,ARM HOLDINGS PLC,1.45,65518,股
2026-06-12,2308,台達電,1.42,350000,股
2026-06-12,CRDO US,CREDO TECHNOLOGY GROUP HOLDI,1.41,97000,股
2026-06-12,6223,旺矽,1.37,115000,股
2026-06-12,6963 JP,ROHM CO LTD,1.27,710000,股
2026-06-12,7826 JP,FURUYA METAL CO LTD,1.2,374300,股
2026-06-12,3711,日月光投控,1.19,1100000,股
2026-06-12,3436 JP,SUMCO CORP,1.16,875400,股
2026-06-12,CRWD US,CROWDSTRIKE HOLDINGS INC - A,1.11,28000,股
2026-06-12,603256 CH,GRACE FABRIC TECHNOLOGY CO-A,1.03,580000,股
2026-06-12,3017,奇鋐,0.95,215000,股
2026-06-12,8035 JP,TOKYO ELECTRON LTD,0.89,36000,股
2026-06-12,NVDA US,NVIDIACORP(輝達公司),0.89,75000,股
2026-06-12,COHR US,COHERENT INC,0.85,38000,股
2026-06-12,2360,致茂,0.84,200000,股
2026-06-12,SOI FP,S.O.I.T.E.C.,0.83,90000,股
2026-06-12,6920 JP,LASERTEC CORP,0.8,50000,股
2026-06-12,DDOG US,DATADOG INC - CLASS A,0.8,60000,股
2026-06-12,6274,台燿,0.6,230000,股
2026-06-12,AXTI US,AXT INC,0.51,90000,股
2026-06-12,7769,鴻勁,0.48,36000,股
2026-06-12,HOT GY,HOCHTIEF AG,0.29,8800,股
2026-06-12,C_NTD,CASH,,2505932786,元
2026-06-12,M_USD,MARGIN,,1000366,元
2026-06-12,RDI_NTD,RECEIVABLES FOR DISPOSAL OF INVESTMENTS,,-1151751827,元
2026-06-15,MU US,MICRON TECHNOLOGY INC,6.48,110500,股
2026-06-15,009150 KS,Samsung Electro-Mechanics co(009150 ks),5.71,80000,股
2026-06-15,AMD US,ADVANCEDMICRODEVICES.amdus(超微半導體公司),5.45,185000,股
2026-06-15,285A JP,KIOXIA HOLDINGS CORP,5.14,168000,股
2026-06-15,SNDK US,SANDISK CORP,4.43,39000,股
2026-06-15,MRVL US,MARVELL TECHNOLOGY INC,3.83,230000,股
2026-06-15,6981 JP,MURATA MANUFACTURING CO LTD,3.25,960000,股
2026-06-15,LITE US,LUMENTUM HOLDINGS INC,3.2,62000,股
2026-06-15,2454,聯發科,3.13,410000,股
2026-06-15,2383,台光電,2.84,330000,股
2026-06-15,IFX GY,INFINEON TECHNOLOGIES AG,2.82,557550,股
2026-06-15,WDC US,WESTERN DIGITAL CORP,2.54,72000,股
2026-06-15,BE US,BLOOM ENERGY CORP- A,2.51,170000,股
2026-06-15,6976 JP,TAIYO YUDEN CO LTD,2.47,380000,股
2026-06-15,3037,欣興,2.46,1500000,股
2026-06-15,4062 JP,IBIDEN CO LTD,2.1,275000,股
2026-06-15,6997 JP,NIPPON CHEMI-CON CORP,2.06,1275100,股
2026-06-15,VSH US,VISHAY INTERTECHNOLOGY INC,1.99,580429,股
2026-06-15,5706 JP,Mitsui Mining ＆ Smelting Co,1.95,130000,股
2026-06-15,6787 JP,MEIKO ELECTRONICS CO LTD,1.79,175000,股
2026-06-15,BESI NA,BE SEMICONDUCTOR INDUSTRIES,1.77,90000,股
2026-06-15,NOK US,NOKIA CORP-SPON ADR,1.68,2100000,股
2026-06-15,2330,台積電,1.62,400000,股
2026-06-15,STM US,STMICROELECTRONICS NV-NY SHS,1.6,375000,股
2026-06-15,6515,穎崴,1.49,88000,股
2026-06-15,ARM US,ARM HOLDINGS PLC,1.46,65518,股
2026-06-15,5274,信驊,1.4,46000,股
2026-06-15,AIXA GY,AIXTRON SE,1.4,380000,股
2026-06-15,CRDO US,CREDO TECHNOLOGY GROUP HOLDI,1.36,97000,股
2026-06-15,2308,台達電,1.32,350000,股
2026-06-15,3436 JP,SUMCO CORP,1.27,875400,股
2026-06-15,6223,旺矽,1.26,115000,股
2026-06-15,7826 JP,FURUYA METAL CO LTD,1.13,374300,股
2026-06-15,8035 JP,TOKYO ELECTRON LTD,1.13,46000,股
2026-06-15,3711,日月光投控,1.11,1100000,股
2026-06-15,603256 CH,GRACE FABRIC TECHNOLOGY CO-A,1.06,580000,股
2026-06-15,CRWD US,CROWDSTRIKE HOLDINGS INC - A,1.05,28000,股
2026-06-15,6963 JP,ROHM CO LTD,0.9,510000,股
2026-06-15,3017,奇鋐,0.89,215000,股
2026-06-15,NVDA US,NVIDIACORP(輝達公司),0.86,75000,股
2026-06-15,COHR US,COHERENT INC,0.85,38000,股
2026-06-15,AXTI US,AXT INC,0.84,140000,股
2026-06-15,6920 JP,LASERTEC CORP,0.81,50000,股
2026-06-15,SOI FP,S.O.I.T.E.C.,0.78,90000,股
2026-06-15,2360,致茂,0.77,200000,股
2026-06-15,DDOG US,DATADOG INC - CLASS A,0.75,60000,股
2026-06-15,6274,台燿,0.62,230000,股
2026-06-15,7769,鴻勁,0.44,36000,股
2026-06-15,HOT GY,HOCHTIEF AG,0.09,3000,股
2026-06-15,C_NTD,CASH,,2877327588,元
2026-06-15,M_USD,MARGIN,,1000366,元
2026-06-15,RDI_NTD,RECEIVABLES FOR DISPOSAL OF INVESTMENTS,,-1783129548,元
2026-06-16,MU US,MICRON TECHNOLOGY INC,6.12,110500,股
2026-06-16,009150 KS,Samsung Electro-Mechanics co(009150 ks),5.86,80000,股
2026-06-16,285A JP,KIOXIA HOLDINGS CORP,5.39,168000,股
2026-06-16,AMD US,ADVANCEDMICRODEVICES.amdus(超微半導體公司),5.09,185000,股
2026-06-16,SNDK US,SANDISK CORP,4.21,39000,股
2026-06-16,MRVL US,MARVELL TECHNOLOGY INC,3.48,230000,股
2026-06-16,6981 JP,MURATA MANUFACTURING CO LTD,3.42,960000,股
2026-06-16,2454,聯發科,3.21,410000,股
2026-06-16,LITE US,LUMENTUM HOLDINGS INC,2.94,62000,股
2026-06-16,2383,台光電,2.9,330000,股
2026-06-16,IFX GY,INFINEON TECHNOLOGIES AG,2.78,557550,股
2026-06-16,WDC US,WESTERN DIGITAL CORP,2.66,72000,股
2026-06-16,6976 JP,TAIYO YUDEN CO LTD,2.6,380000,股
2026-06-16,BE US,BLOOM ENERGY CORP- A,2.59,170000,股
2026-06-16,3037,欣興,2.53,1500000,股
2026-06-16,5706 JP,Mitsui Mining ＆ Smelting Co,2.13,130000,股
2026-06-16,4062 JP,IBIDEN CO LTD,2.09,275000,股
2026-06-16,6787 JP,MEIKO ELECTRONICS CO LTD,2.07,175000,股
2026-06-16,6997 JP,NIPPON CHEMI-CON CORP,1.96,1275100,股
2026-06-16,VSH US,VISHAY INTERTECHNOLOGY INC,1.9,580429,股
2026-06-16,BESI NA,BE SEMICONDUCTOR INDUSTRIES,1.69,90000,股
2026-06-16,2330,台積電,1.65,400000,股
2026-06-16,NOK US,NOKIA CORP-SPON ADR,1.59,2100000,股
2026-06-16,STM US,STMICROELECTRONICS NV-NY SHS,1.52,375000,股
2026-06-16,6515,穎崴,1.5,88000,股
2026-06-16,5274,信驊,1.43,46000,股
2026-06-16,ARM US,ARM HOLDINGS PLC,1.41,65518,股
2026-06-16,2308,台達電,1.34,350000,股
2026-06-16,AIXA GY,AIXTRON SE,1.34,380000,股
2026-06-16,6223,旺矽,1.27,115000,股
2026-06-16,CRDO US,CREDO TECHNOLOGY GROUP HOLDI,1.26,97000,股
2026-06-16,3436 JP,SUMCO CORP,1.23,875400,股
2026-06-16,603256 CH,GRACE FABRIC TECHNOLOGY CO-A,1.17,580000,股
2026-06-16,7826 JP,FURUYA METAL CO LTD,1.14,374300,股
2026-06-16,COHR US,COHERENT INC,1.14,55000,股
2026-06-16,3711,日月光投控,1.12,1100000,股
2026-06-16,8035 JP,TOKYO ELECTRON LTD,1.1,46000,股
2026-06-16,CRWD US,CROWDSTRIKE HOLDINGS INC - A,1.03,28000,股
2026-06-16,3017,奇鋐,0.88,215000,股
2026-06-16,NVDA US,NVIDIACORP(輝達公司),0.84,75000,股
2026-06-16,2360,致茂,0.8,200000,股
2026-06-16,6920 JP,LASERTEC CORP,0.79,50000,股
2026-06-16,DDOG US,DATADOG INC - CLASS A,0.75,60000,股
2026-06-16,SOI FP,S.O.I.T.E.C.,0.73,90000,股
2026-06-16,AXTI US,AXT INC,0.71,140000,股
2026-06-16,6274,台燿,0.64,230000,股
2026-06-16,6963 JP,ROHM CO LTD,0.57,332900,股
2026-06-16,2303,聯電,0.48,2000000,股
2026-06-16,7769,鴻勁,0.46,36000,股
2026-06-16,C_NTD,CASH,,1439242914,元
2026-06-16,M_USD,MARGIN,,1000366,元
2026-06-16,RDI_NTD,RECEIVABLES FOR DISPOSAL OF INVESTMENTS,,-297115013,元
2026-06-17,MU US,MICRON TECHNOLOGY INC,6.12,110500,股
2026-06-17,009150 KS,Samsung Electro-Mechanics co(009150 ks),5.68,80000,股
2026-06-17,285A JP,KIOXIA HOLDINGS CORP,5.35,168000,股
2026-06-17,AMD US,ADVANCEDMICRODEVICES.amdus(超微半導體公司),5.04,185000,股
2026-06-17,SNDK US,SANDISK CORP,4.06,39000,股
2026-06-17,MRVL US,MARVELL TECHNOLOGY INC,3.54,230000,股
2026-06-17,6981 JP,MURATA MANUFACTURING CO LTD,3.46,960000,股
2026-06-17,2454,聯發科,3.08,410000,股
2026-06-17,2383,台光電,2.89,330000,股
2026-06-17,LITE US,LUMENTUM HOLDINGS INC,2.86,62000,股
2026-06-17,3037,欣興,2.74,1650000,股
2026-06-17,WDC US,WESTERN DIGITAL CORP,2.72,72000,股
2026-06-17,IFX GY,INFINEON TECHNOLOGIES AG,2.65,557550,股
2026-06-17,6976 JP,TAIYO YUDEN CO LTD,2.63,380000,股
2026-06-17,BE US,BLOOM ENERGY CORP- A,2.57,170000,股
2026-06-17,6997 JP,NIPPON CHEMI-CON CORP,2.21,1275100,股
2026-06-17,4062 JP,IBIDEN CO LTD,2.19,275000,股
2026-06-17,6787 JP,MEIKO ELECTRONICS CO LTD,2.07,175000,股
2026-06-17,5706 JP,Mitsui Mining ＆ Smelting Co,2.05,130000,股
2026-06-17,VSH US,VISHAY INTERTECHNOLOGY INC,1.86,580429,股
2026-06-17,BESI NA,BE SEMICONDUCTOR INDUSTRIES,1.72,90000,股
2026-06-17,2330,台積電,1.6,400000,股
2026-06-17,NOK US,NOKIA CORP-SPON ADR,1.54,2100000,股
2026-06-17,ARM US,ARM HOLDINGS PLC,1.46,65518,股
2026-06-17,STM US,STMICROELECTRONICS NV-NY SHS,1.46,375000,股
2026-06-17,5274,信驊,1.43,46000,股
2026-06-17,AIXA GY,AIXTRON SE,1.41,380000,股
2026-06-17,6515,穎崴,1.4,88000,股
2026-06-17,CRDO US,CREDO TECHNOLOGY GROUP HOLDI,1.28,97000,股
2026-06-17,2308,台達電,1.27,350000,股
2026-06-17,6920 JP,LASERTEC CORP,1.27,72500,股
2026-06-17,6223,旺矽,1.24,115000,股
2026-06-17,3436 JP,SUMCO CORP,1.2,875400,股
2026-06-17,603256 CH,GRACE FABRIC TECHNOLOGY CO-A,1.18,580000,股
2026-06-17,7826 JP,FURUYA METAL CO LTD,1.14,374300,股
2026-06-17,8035 JP,TOKYO ELECTRON LTD,1.11,46000,股
2026-06-17,COHR US,COHERENT INC,1.11,55000,股
2026-06-17,3711,日月光投控,1.1,1100000,股
2026-06-17,CRWD US,CROWDSTRIKE HOLDINGS INC - A,1.02,28000,股
2026-06-17,2303,聯電,0.94,4000000,股
2026-06-17,3017,奇鋐,0.86,215000,股
2026-06-17,NVDA US,NVIDIACORP(輝達公司),0.82,75000,股
2026-06-17,6278 JP,UNION TOOL CO,0.78,90000,股
2026-06-17,2360,致茂,0.75,200000,股
2026-06-17,DDOG US,DATADOG INC - CLASS A,0.72,60000,股
2026-06-17,SOI FP,S.O.I.T.E.C.,0.69,90000,股
2026-06-17,AXTI US,AXT INC,0.68,140000,股
2026-06-17,6274,台燿,0.65,230000,股
2026-06-17,7769,鴻勁,0.44,36000,股
2026-06-17,C_NTD,CASH,,1625073380,元
2026-06-17,M_USD,MARGIN,,1000366,元
2026-06-17,RDI_NTD,RECEIVABLES FOR DISPOSAL OF INVESTMENTS,,-850638147,元
2026-06-18,MU US,MICRON TECHNOLOGY INC,6.69,116000,股
2026-06-18,009150 KS,Samsung Electro-Mechanics co(009150 ks),5.87,80000,股
2026-06-18,285A JP,KIOXIA HOLDINGS CORP,5.15,168000,股
2026-06-18,AMD US,ADVANCEDMICRODEVICES.amdus(超微半導體公司),5.05,185000,股
2026-06-18,SNDK US,SANDISK CORP,4.33,39000,股
2026-06-18,MRVL US,MARVELL TECHNOLOGY INC,3.63,230000,股
2026-06-18,6981 JP,MURATA MANUFACTURING CO LTD,3.57,960000,股
2026-06-18,BE US,BLOOM ENERGY CORP- A,3.18,190220,股
2026-06-18,2383,台光電,2.98,330000,股
2026-06-18,2454,聯發科,2.9,410000,股
2026-06-18,WDC US,WESTERN DIGITAL CORP,2.73,72000,股
2026-06-18,IFX GY,INFINEON TECHNOLOGIES AG,2.68,557550,股
2026-06-18,LITE US,LUMENTUM HOLDINGS INC,2.68,62000,股
2026-06-18,3037,欣興,2.57,1650000,股
2026-06-18,6976 JP,TAIYO YUDEN CO LTD,2.39,380000,股
2026-06-18,4062 JP,IBIDEN CO LTD,2.24,275000,股
2026-06-18,6997 JP,NIPPON CHEMI-CON CORP,2.23,1275100,股
2026-06-18,6787 JP,MEIKO ELECTRONICS CO LTD,1.99,175000,股
2026-06-18,5706 JP,Mitsui Mining ＆ Smelting Co,1.98,130000,股
2026-06-18,VSH US,VISHAY INTERTECHNOLOGY INC,1.91,580429,股
2026-06-18,ARM US,ARM HOLDINGS PLC,1.79,80000,股
2026-06-18,BESI NA,BE SEMICONDUCTOR INDUSTRIES,1.67,90000,股
2026-06-18,6920 JP,LASERTEC CORP,1.56,87500,股
2026-06-18,2330,台積電,1.55,400000,股
2026-06-18,8035 JP,TOKYO ELECTRON LTD,1.49,62000,股
2026-06-18,STM US,STMICROELECTRONICS NV-NY SHS,1.49,375000,股
2026-06-18,5274,信驊,1.41,46000,股
2026-06-18,6515,穎崴,1.34,88000,股
2026-06-18,AIXA GY,AIXTRON SE,1.34,380000,股
2026-06-18,CRDO US,CREDO TECHNOLOGY GROUP HOLDI,1.34,97000,股
2026-06-18,2308,台達電,1.21,350000,股
2026-06-18,3436 JP,SUMCO CORP,1.2,875400,股
2026-06-18,6223,旺矽,1.19,115000,股
2026-06-18,7826 JP,FURUYA METAL CO LTD,1.12,374300,股
2026-06-18,3711,日月光投控,1.09,1100000,股
2026-06-18,COHR US,COHERENT INC,1.09,55000,股
2026-06-18,CRWD US,CROWDSTRIKE HOLDINGS INC - A,0.97,28000,股
2026-06-18,2303,聯電,0.94,4000000,股
2026-06-18,3017,奇鋐,0.83,215000,股
2026-06-18,6274,台燿,0.72,244000,股
2026-06-18,6278 JP,UNION TOOL CO,0.72,90000,股
2026-06-18,DDOG US,DATADOG INC - CLASS A,0.68,60000,股
2026-06-18,SOI FP,S.O.I.T.E.C.,0.61,90000,股
2026-06-18,AXTI US,AXT INC,0.6,140000,股
2026-06-18,603256 CH,GRACE FABRIC TECHNOLOGY CO-A,0.56,290000,股
2026-06-18,7769,鴻勁,0.4,36000,股
2026-06-18,NVDA US,NVIDIACORP(輝達公司),0.4,37500,股
2026-06-18,2360,致茂,0.37,100000,股
2026-06-18,C_NTD,CASH,,2442703301,元
2026-06-18,M_USD,MARGIN,,1000366,元
2026-06-18,RDI_NTD,RECEIVABLES FOR DISPOSAL OF INVESTMENTS,,-446114112,元
2026-06-22,MU US,MICRON TECHNOLOGY INC,6.9,116000,股
2026-06-22,285A JP,KIOXIA HOLDINGS CORP,5.88,178000,股
2026-06-22,009150 KS,Samsung Electro-Mechanics co(009150 ks),5.75,80000,股
2026-06-22,AMD US,ADVANCEDMICRODEVICES.amdus(超微半導體公司),5.01,185000,股
2026-06-22,SNDK US,SANDISK CORP,4.58,41000,股
2026-06-22,6981 JP,MURATA MANUFACTURING CO LTD,3.57,960000,股
2026-06-22,BE US,BLOOM ENERGY CORP- A,3.56,209220,股
2026-06-22,MRVL US,MARVELL TECHNOLOGY INC,3.48,230000,股
2026-06-22,IFX GY,INFINEON TECHNOLOGIES AG,3.02,625000,股
2026-06-22,2383,台光電,2.99,330000,股
2026-06-22,2454,聯發科,2.84,410000,股
2026-06-22,LITE US,LUMENTUM HOLDINGS INC,2.72,62000,股
2026-06-22,WDC US,WESTERN DIGITAL CORP,2.59,72000,股
2026-06-22,3037,欣興,2.58,1650000,股
2026-06-22,6997 JP,NIPPON CHEMI-CON CORP,2.25,1275100,股
2026-06-22,4062 JP,IBIDEN CO LTD,2.21,275000,股
2026-06-22,VSH US,VISHAY INTERTECHNOLOGY INC,2.21,700429,股
2026-06-22,5706 JP,Mitsui Mining ＆ Smelting Co,2.09,130000,股
2026-06-22,6976 JP,TAIYO YUDEN CO LTD,2.03,380000,股
2026-06-22,6787 JP,MEIKO ELECTRONICS CO LTD,1.97,175000,股
2026-06-22,STM US,STMICROELECTRONICS NV-NY SHS,1.86,475000,股
2026-06-22,8035 JP,TOKYO ELECTRON LTD,1.8,76000,股
2026-06-22,BESI NA,BE SEMICONDUCTOR INDUSTRIES,1.62,90000,股
2026-06-22,ARM US,ARM HOLDINGS PLC,1.6,80000,股
2026-06-22,2330,台積電,1.56,400000,股
2026-06-22,6920 JP,LASERTEC CORP,1.53,87500,股
2026-06-22,CRDO US,CREDO TECHNOLOGY GROUP HOLDI,1.44,97000,股
2026-06-22,5274,信驊,1.38,46000,股
2026-06-22,6515,穎崴,1.29,88000,股
2026-06-22,AIXA GY,AIXTRON SE,1.29,380000,股
2026-06-22,2308,台達電,1.17,350000,股
2026-06-22,3711,日月光投控,1.15,1100000,股
2026-06-22,6223,旺矽,1.15,115000,股
2026-06-22,COHR US,COHERENT INC,1.15,55000,股
2026-06-22,3436 JP,SUMCO CORP,1.12,875400,股
2026-06-22,7826 JP,FURUYA METAL CO LTD,1.09,374300,股
2026-06-22,2303,聯電,0.99,4000000,股
2026-06-22,3017,奇鋐,0.81,215000,股
2026-06-22,6274,台燿,0.72,244000,股
2026-06-22,6278 JP,UNION TOOL CO,0.66,90000,股
2026-06-22,SOI FP,S.O.I.T.E.C.,0.66,90000,股
2026-06-22,688146 CH,PERIC SPECIAL GASES CO LTD-A,0.57,200000,股
2026-06-22,CRWD US,CROWDSTRIKE HOLDINGS INC - A,0.46,14000,股
2026-06-22,7769,鴻勁,0.39,36000,股
2026-06-22,NVDA US,NVIDIACORP(輝達公司),0.21,20000,股
2026-06-22,C_NTD,CASH,,2411752610,元
2026-06-22,M_USD,MARGIN,,1001263,元
2026-06-22,RDI_NTD,RECEIVABLES FOR DISPOSAL OF INVESTMENTS,,-192675074,元
2026-06-23,MU US,MICRON TECHNOLOGY INC,6.47,116000,股
2026-06-23,285A JP,KIOXIA HOLDINGS CORP,5.61,185000,股
2026-06-23,009150 KS,Samsung Electro-Mechanics co(009150 ks),5.37,80000,股
2026-06-23,AMD US,ADVANCEDMICRODEVICES.amdus(超微半導體公司),5.1,185000,股
2026-06-23,SNDK US,SANDISK CORP,4.27,41000,股
2026-06-23,6981 JP,MURATA MANUFACTURING CO LTD,3.85,1066000,股
2026-06-23,BE US,BLOOM ENERGY CORP- A,3.57,209220,股
2026-06-23,MRVL US,MARVELL TECHNOLOGY INC,3.41,230000,股
2026-06-23,2454,聯發科,3.38,445000,股
2026-06-23,2383,台光電,3.15,330000,股
2026-06-23,IFX GY,INFINEON TECHNOLOGIES AG,3.05,625000,股
2026-06-23,LITE US,LUMENTUM HOLDINGS INC,2.72,62000,股
2026-06-23,3037,欣興,2.69,1650000,股
2026-06-23,WDC US,WESTERN DIGITAL CORP,2.56,72000,股
2026-06-23,6976 JP,TAIYO YUDEN CO LTD,2.31,415000,股
2026-06-23,6997 JP,NIPPON CHEMI-CON CORP,2.24,1275100,股
2026-06-23,4062 JP,IBIDEN CO LTD,2.2,275000,股
2026-06-23,VSH US,VISHAY INTERTECHNOLOGY INC,2.19,700429,股
2026-06-23,5706 JP,Mitsui Mining ＆ Smelting Co,1.97,130000,股
2026-06-23,6787 JP,MEIKO ELECTRONICS CO LTD,1.87,175000,股
2026-06-23,STM US,STMICROELECTRONICS NV-NY SHS,1.83,475000,股
2026-06-23,8035 JP,TOKYO ELECTRON LTD,1.82,76000,股
2026-06-23,2303,聯電,1.71,6000000,股
2026-06-23,2330,台積電,1.67,400000,股
2026-06-23,BESI NA,BE SEMICONDUCTOR INDUSTRIES,1.62,90000,股
2026-06-23,ARM US,ARM HOLDINGS PLC,1.56,80000,股
2026-06-23,6920 JP,LASERTEC CORP,1.49,87500,股
2026-06-23,5274,信驊,1.43,46000,股
2026-06-23,CRDO US,CREDO TECHNOLOGY GROUP HOLDI,1.4,97000,股
2026-06-23,6515,穎崴,1.39,88000,股
2026-06-23,6223,旺矽,1.29,115000,股
2026-06-23,AIXA GY,AIXTRON SE,1.28,380000,股
2026-06-23,2308,台達電,1.22,350000,股
2026-06-23,3711,日月光投控,1.22,1100000,股
2026-06-23,7826 JP,FURUYA METAL CO LTD,1.15,374300,股
2026-06-23,COHR US,COHERENT INC,1.11,55000,股
2026-06-23,3436 JP,SUMCO CORP,1.1,875400,股
2026-06-23,3017,奇鋐,0.87,215000,股
2026-06-23,6274,台燿,0.71,244000,股
2026-06-23,6278 JP,UNION TOOL CO,0.67,90000,股
2026-06-23,SOI FP,S.O.I.T.E.C.,0.66,90000,股
2026-06-23,688146 CH,PERIC SPECIAL GASES CO LTD-A,0.61,200000,股
2026-06-23,CRWD US,CROWDSTRIKE HOLDINGS INC - A,0.51,14000,股
2026-06-23,7769,鴻勁,0.1,9000,股
2026-06-23,C_NTD,CASH,,3035712607,元
2026-06-23,M_USD,MARGIN,,1001263,元
2026-06-23,RDI_NTD,RECEIVABLES FOR DISPOSAL OF INVESTMENTS,,-1102582183,元
2026-06-24,MU US,MICRON TECHNOLOGY INC,6.43,116000,股
2026-06-24,285A JP,KIOXIA HOLDINGS CORP,5.59,185000,股
2026-06-24,009150 KS,Samsung Electro-Mechanics co(009150 ks),5.39,80000,股
2026-06-24,AMD US,ADVANCEDMICRODEVICES.amdus(超微半導體公司),5.36,195000,股
2026-06-24,SNDK US,SANDISK CORP,4.15,41000,股
2026-06-24,BE US,BLOOM ENERGY CORP- A,3.96,230000,股
2026-06-24,6981 JP,MURATA MANUFACTURING CO LTD,3.84,1066000,股
2026-06-24,MRVL US,MARVELL TECHNOLOGY INC,3.36,230000,股
2026-06-24,2454,聯發科,3.17,445000,股
2026-06-24,2383,台光電,3.05,330000,股
2026-06-24,IFX GY,INFINEON TECHNOLOGIES AG,2.98,625000,股
2026-06-24,LITE US,LUMENTUM HOLDINGS INC,2.76,62000,股
2026-06-24,3037,欣興,2.55,1650000,股
2026-06-24,WDC US,WESTERN DIGITAL CORP,2.45,72000,股
2026-06-24,6976 JP,TAIYO YUDEN CO LTD,2.3,415000,股
2026-06-24,4062 JP,IBIDEN CO LTD,2.23,275000,股
2026-06-24,6997 JP,NIPPON CHEMI-CON CORP,2.23,1275100,股
2026-06-24,VSH US,VISHAY INTERTECHNOLOGY INC,2.06,700429,股
2026-06-24,5706 JP,Mitsui Mining ＆ Smelting Co,1.96,130000,股
2026-06-24,6787 JP,MEIKO ELECTRONICS CO LTD,1.85,175000,股
2026-06-24,STM US,STMICROELECTRONICS NV-NY SHS,1.8,475000,股
2026-06-24,2303,聯電,1.77,6000000,股
2026-06-24,8035 JP,TOKYO ELECTRON LTD,1.74,76000,股
2026-06-24,CRDO US,CREDO TECHNOLOGY GROUP HOLDI,1.71,120000,股
2026-06-24,2330,台積電,1.59,400000,股
2026-06-24,BESI NA,BE SEMICONDUCTOR INDUSTRIES,1.58,90000,股
2026-06-24,ARM US,ARM HOLDINGS PLC,1.52,80000,股
2026-06-24,6920 JP,LASERTEC CORP,1.45,87500,股
2026-06-24,5274,信驊,1.4,46000,股
2026-06-24,6515,穎崴,1.39,88000,股
2026-06-24,6223,旺矽,1.37,115000,股
2026-06-24,AIXA GY,AIXTRON SE,1.22,380000,股
2026-06-24,3711,日月光投控,1.19,1100000,股
2026-06-24,2308,台達電,1.16,350000,股
2026-06-24,COHR US,COHERENT INC,1.14,55000,股
2026-06-24,7826 JP,FURUYA METAL CO LTD,1.11,374300,股
2026-06-24,3436 JP,SUMCO CORP,1.06,875400,股
2026-06-24,3017,奇鋐,0.9,215000,股
2026-06-24,6274,台燿,0.72,244000,股
2026-06-24,6278 JP,UNION TOOL CO,0.68,90000,股
2026-06-24,2327,國巨*,0.61,350000,股
2026-06-24,688146 CH,PERIC SPECIAL GASES CO LTD-A,0.61,200000,股
2026-06-24,SOI FP,S.O.I.T.E.C.,0.58,90000,股
2026-06-24,CRWD US,CROWDSTRIKE HOLDINGS INC - A,0.5,14000,股
2026-06-24,C_NTD,CASH,,2954931796,元
2026-06-24,M_USD,MARGIN,,1001263,元
2026-06-24,RDI_NTD,RECEIVABLES FOR DISPOSAL OF INVESTMENTS,,-1702945285,元
2026-06-25,MU US,MICRON TECHNOLOGY INC,7.03,116000,股
2026-06-25,285A JP,KIOXIA HOLDINGS CORP,5.92,185000,股
2026-06-25,SNDK US,SANDISK CORP,5.24,45000,股
2026-06-25,009150 KS,Samsung Electro-Mechanics co(009150 ks),5.18,80000,股
2026-06-25,AMD US,ADVANCEDMICRODEVICES.amdus(超微半導體公司),5.18,195000,股
2026-06-25,6981 JP,MURATA MANUFACTURING CO LTD,3.89,1066000,股
2026-06-25,BE US,BLOOM ENERGY CORP- A,3.55,230000,股
2026-06-25,MRVL US,MARVELL TECHNOLOGY INC,3.23,230000,股
2026-06-25,WDC US,WESTERN DIGITAL CORP,3.03,90000,股
2026-06-25,2454,聯發科,3.0,445000,股
2026-06-25,2383,台光電,2.92,330000,股
2026-06-25,IFX GY,INFINEON TECHNOLOGIES AG,2.9,625000,股
2026-06-25,LITE US,LUMENTUM HOLDINGS INC,2.67,62000,股
2026-06-25,3037,欣興,2.64,1650000,股
2026-06-25,6976 JP,TAIYO YUDEN CO LTD,2.41,415000,股
2026-06-25,6997 JP,NIPPON CHEMI-CON CORP,2.35,1275100,股
2026-06-25,4062 JP,IBIDEN CO LTD,2.24,275000,股
2026-06-25,VSH US,VISHAY INTERTECHNOLOGY INC,2.09,700429,股
2026-06-25,8035 JP,TOKYO ELECTRON LTD,2.04,88000,股
2026-06-25,5706 JP,Mitsui Mining ＆ Smelting Co,1.86,130000,股
2026-06-25,STM US,STMICROELECTRONICS NV-NY SHS,1.78,475000,股
2026-06-25,2303,聯電,1.68,6000000,股
2026-06-25,CRDO US,CREDO TECHNOLOGY GROUP HOLDI,1.61,120000,股
2026-06-25,2330,台積電,1.5,400000,股
2026-06-25,6787 JP,MEIKO ELECTRONICS CO LTD,1.5,150000,股
2026-06-25,BESI NA,BE SEMICONDUCTOR INDUSTRIES,1.47,90000,股
2026-06-25,6920 JP,LASERTEC CORP,1.43,87500,股
2026-06-25,ARM US,ARM HOLDINGS PLC,1.39,80000,股
2026-06-25,5274,信驊,1.26,46000,股
2026-06-25,6515,穎崴,1.25,88000,股
2026-06-25,6223,旺矽,1.24,115000,股
2026-06-25,2327,國巨*,1.23,700000,股
2026-06-25,AIXA GY,AIXTRON SE,1.14,380000,股
2026-06-25,COHR US,COHERENT INC,1.12,55000,股
2026-06-25,3711,日月光投控,1.1,1100000,股
2026-06-25,2308,台達電,1.09,350000,股
2026-06-25,7826 JP,FURUYA METAL CO LTD,1.04,374300,股
2026-06-25,3436 JP,SUMCO CORP,1.02,875400,股
2026-06-25,3017,奇鋐,0.84,215000,股
2026-06-25,6871 JP,MICRONICS JAPAN CO LTD,0.76,140000,股
2026-06-25,6274,台燿,0.65,244000,股
2026-06-25,6278 JP,UNION TOOL CO,0.65,90000,股
2026-06-25,688146 CH,PERIC SPECIAL GASES CO LTD-A,0.57,200000,股
2026-06-25,SOI FP,S.O.I.T.E.C.,0.36,57000,股
2026-06-25,C_NTD,CASH,,2427218445,元
2026-06-25,M_USD,MARGIN,,1001263,元
2026-06-25,RDI_NTD,RECEIVABLES FOR DISPOSAL OF INVESTMENTS,,-1431526359,元
2026-06-26,MU US,MICRON TECHNOLOGY INC,6.97,116000,股
2026-06-26,285A JP,KIOXIA HOLDINGS CORP,5.9,195000,股
2026-06-26,009150 KS,Samsung Electro-Mechanics co(009150 ks),5.51,80000,股
2026-06-26,AMD US,ADVANCEDMICRODEVICES.amdus(超微半導體公司),5.39,195000,股
2026-06-26,SNDK US,SANDISK CORP,4.99,45000,股
2026-06-26,6981 JP,MURATA MANUFACTURING CO LTD,3.77,1066000,股
2026-06-26,MRVL US,MARVELL TECHNOLOGY INC,3.25,230000,股
2026-06-26,3037,欣興,3.08,1900000,股
2026-06-26,BE US,BLOOM ENERGY CORP- A,3.07,230000,股
2026-06-26,IFX GY,INFINEON TECHNOLOGIES AG,2.95,625000,股
2026-06-26,2383,台光電,2.88,330000,股
2026-06-26,2454,聯發科,2.87,445000,股
2026-06-26,WDC US,WESTERN DIGITAL CORP,2.8,90000,股
2026-06-26,LITE US,LUMENTUM HOLDINGS INC,2.69,62000,股
2026-06-26,6997 JP,NIPPON CHEMI-CON CORP,2.34,1275100,股
2026-06-26,6976 JP,TAIYO YUDEN CO LTD,2.28,415000,股
2026-06-26,4062 JP,IBIDEN CO LTD,2.16,275000,股
2026-06-26,8035 JP,TOKYO ELECTRON LTD,2.1,88000,股
2026-06-26,VSH US,VISHAY INTERTECHNOLOGY INC,2.09,700429,股
2026-06-26,5706 JP,Mitsui Mining ＆ Smelting Co,1.81,130000,股
2026-06-26,STM US,STMICROELECTRONICS NV-NY SHS,1.8,475000,股
2026-06-26,2327,國巨*,1.69,1000000,股
2026-06-26,2303,聯電,1.64,6000000,股
2026-06-26,2330,台積電,1.56,400000,股
2026-06-26,BESI NA,BE SEMICONDUCTOR INDUSTRIES,1.53,90000,股
2026-06-26,CRDO US,CREDO TECHNOLOGY GROUP HOLDI,1.51,120000,股
2026-06-26,6920 JP,LASERTEC CORP,1.43,87500,股
2026-06-26,ARM US,ARM HOLDINGS PLC,1.42,80000,股
2026-06-26,6223,旺矽,1.24,115000,股
2026-06-26,AIXA GY,AIXTRON SE,1.19,380000,股
2026-06-26,3711,日月光投控,1.16,1100000,股
2026-06-26,COHR US,COHERENT INC,1.11,55000,股
2026-06-26,3436 JP,SUMCO CORP,1.1,875400,股
2026-06-26,7826 JP,FURUYA METAL CO LTD,1.05,374300,股
2026-06-26,6787 JP,MEIKO ELECTRONICS CO LTD,0.99,100000,股
2026-06-26,6515,穎崴,0.84,62000,股
2026-06-26,AMAT US,APPLIED MATERIALS INC,0.83,25000,股
2026-06-26,3017,奇鋐,0.81,215000,股
2026-06-26,6871 JP,MICRONICS JAPAN CO LTD,0.79,140000,股
2026-06-26,5274,信驊,0.75,29000,股
2026-06-26,6278 JP,UNION TOOL CO,0.66,90000,股
2026-06-26,6274,台燿,0.64,244000,股
2026-06-26,688146 CH,PERIC SPECIAL GASES CO LTD-A,0.6,200000,股
2026-06-26,2308,台達電,0.53,175000,股
2026-06-26,SOI FP,S.O.I.T.E.C.,0.19,27000,股
2026-06-26,C_NTD,CASH,,2695577239,元
2026-06-26,M_USD,MARGIN,,1001263,元
2026-06-26,RDI_NTD,RECEIVABLES FOR DISPOSAL OF INVESTMENTS,,-788792320,元
2026-06-29,MU US,MICRON TECHNOLOGY INC,6.87,116000,股
2026-06-29,285A JP,KIOXIA HOLDINGS CORP,5.79,204800,股
2026-06-29,009150 KS,Samsung Electro-Mechanics co(009150 ks),5.52,80000,股
2026-06-29,AMD US,ADVANCEDMICRODEVICES.amdus(超微半導體公司),5.44,195000,股
2026-06-29,SNDK US,SANDISK CORP,4.77,45000,股
2026-06-29,6981 JP,MURATA MANUFACTURING CO LTD,3.66,1066000,股
2026-06-29,MRVL US,MARVELL TECHNOLOGY INC,3.3,230000,股
2026-06-29,BE US,BLOOM ENERGY CORP- A,3.27,230000,股
2026-06-29,6976 JP,TAIYO YUDEN CO LTD,3.15,529500,股
2026-06-29,WDC US,WESTERN DIGITAL CORP,3.03,90000,股
2026-06-29,3037,欣興,3.01,1900000,股
2026-06-29,2383,台光電,2.92,330000,股
2026-06-29,IFX GY,INFINEON TECHNOLOGIES AG,2.89,625000,股
2026-06-29,2454,聯發科,2.82,445000,股
2026-06-29,LITE US,LUMENTUM HOLDINGS INC,2.73,62000,股
2026-06-29,2327,國巨*,2.36,1400000,股
2026-06-29,AMAT US,APPLIED MATERIALS INC,2.34,65000,股
2026-06-29,6997 JP,NIPPON CHEMI-CON CORP,2.28,1275100,股
2026-06-29,8035 JP,TOKYO ELECTRON LTD,2.1,88000,股
2026-06-29,4062 JP,IBIDEN CO LTD,2.08,275000,股
2026-06-29,VSH US,VISHAY INTERTECHNOLOGY INC,2.04,700429,股
2026-06-29,STM US,STMICROELECTRONICS NV-NY SHS,1.84,475000,股
2026-06-29,5706 JP,Mitsui Mining ＆ Smelting Co,1.74,130000,股
2026-06-29,2330,台積電,1.73,450000,股
2026-06-29,2303,聯電,1.6,6000000,股
2026-06-29,CRDO US,CREDO TECHNOLOGY GROUP HOLDI,1.52,120000,股
2026-06-29,ARM US,ARM HOLDINGS PLC,1.42,80000,股
2026-06-29,6920 JP,LASERTEC CORP,1.38,87500,股
2026-06-29,AIXA GY,AIXTRON SE,1.16,380000,股
2026-06-29,6223,旺矽,1.13,115000,股
2026-06-29,3711,日月光投控,1.12,1100000,股
2026-06-29,COHR US,COHERENT INC,1.11,55000,股
2026-06-29,3436 JP,SUMCO CORP,1.07,875400,股
2026-06-29,6787 JP,MEIKO ELECTRONICS CO LTD,1.01,100000,股
2026-06-29,7826 JP,FURUYA METAL CO LTD,0.99,374300,股
2026-06-29,BESI NA,BE SEMICONDUCTOR INDUSTRIES,0.99,60000,股
2026-06-29,3017,奇鋐,0.8,215000,股
2026-06-29,6871 JP,MICRONICS JAPAN CO LTD,0.75,140000,股
2026-06-29,688146 CH,PERIC SPECIAL GASES CO LTD-A,0.68,240000,股
2026-06-29,6278 JP,UNION TOOL CO,0.63,90000,股
2026-06-29,6274,台燿,0.62,244000,股
2026-06-29,2308,台達電,0.54,175000,股
2026-06-29,300408 CH,CHAOZHOU THREE-CIRCLE GROU-A,0.51,399909,股
2026-06-29,6515,穎崴,0.39,30000,股
2026-06-29,C_NTD,CASH,,2024521957,元
2026-06-29,M_USD,MARGIN,,1001263,元
2026-06-29,RDI_NTD,RECEIVABLES FOR DISPOSAL OF INVESTMENTS,,-779790491,元
2026-06-30,MU US,MICRON TECHNOLOGY INC,6.66,116000,股
2026-06-30,009150 KS,Samsung Electro-Mechanics co(009150 ks),5.65,80000,股
2026-06-30,285A JP,KIOXIA HOLDINGS CORP,5.63,204800,股
2026-06-30,AMD US,ADVANCEDMICRODEVICES.amdus(超微半導體公司),5.63,195000,股
2026-06-30,SNDK US,SANDISK CORP,5.09,45000,股
2026-06-30,6976 JP,TAIYO YUDEN CO LTD,4.02,650000,股
2026-06-30,6981 JP,MURATA MANUFACTURING CO LTD,3.72,1066000,股
2026-06-30,3037,欣興,3.68,2200000,股
2026-06-30,BE US,BLOOM ENERGY CORP- A,3.46,230000,股
2026-06-30,MRVL US,MARVELL TECHNOLOGY INC,3.41,230000,股
2026-06-30,AMAT US,APPLIED MATERIALS INC,3.34,93000,股
2026-06-30,2454,聯發科,2.95,445000,股
2026-06-30,IFX GY,INFINEON TECHNOLOGIES AG,2.89,625000,股
2026-06-30,WDC US,WESTERN DIGITAL CORP,2.86,90000,股
2026-06-30,2327,國巨*,2.85,1600000,股
2026-06-30,2383,台光電,2.78,330000,股
2026-06-30,LITE US,LUMENTUM HOLDINGS INC,2.65,62000,股
2026-06-30,6997 JP,NIPPON CHEMI-CON CORP,2.15,1275100,股
2026-06-30,8035 JP,TOKYO ELECTRON LTD,2.08,88000,股
2026-06-30,4062 JP,IBIDEN CO LTD,2.01,275000,股
2026-06-30,VSH US,VISHAY INTERTECHNOLOGY INC,1.87,700429,股
2026-06-30,STM US,STMICROELECTRONICS NV-NY SHS,1.77,475000,股
2026-06-30,5706 JP,Mitsui Mining ＆ Smelting Co,1.7,130000,股
2026-06-30,2330,台積電,1.69,450000,股
2026-06-30,CRDO US,CREDO TECHNOLOGY GROUP HOLDI,1.62,120000,股
2026-06-30,2303,聯電,1.54,6000000,股
2026-06-30,ARM US,ARM HOLDINGS PLC,1.41,80000,股
2026-06-30,6920 JP,LASERTEC CORP,1.33,87500,股
2026-06-30,3711,日月光投控,1.17,1100000,股
2026-06-30,AIXA GY,AIXTRON SE,1.13,380000,股
2026-06-30,6223,旺矽,1.09,115000,股
2026-06-30,3436 JP,SUMCO CORP,1.08,875400,股
2026-06-30,COHR US,COHERENT INC,1.08,55000,股
2026-06-30,6274,台燿,0.98,375000,股
2026-06-30,6787 JP,MEIKO ELECTRONICS CO LTD,0.95,100000,股
2026-06-30,3017,奇鋐,0.85,215000,股
2026-06-30,6871 JP,MICRONICS JAPAN CO LTD,0.71,140000,股
2026-06-30,7826 JP,FURUYA METAL CO LTD,0.68,273000,股
2026-06-30,6278 JP,UNION TOOL CO,0.62,90000,股
2026-06-30,688146 CH,PERIC SPECIAL GASES CO LTD-A,0.62,240000,股
2026-06-30,2308,台達電,0.53,175000,股
2026-06-30,300408 CH,CHAOZHOU THREE-CIRCLE GROU-A,0.49,399909,股
2026-06-30,BESI NA,BE SEMICONDUCTOR INDUSTRIES,0.37,23000,股
2026-06-30,C_NTD,CASH,,1864100211,元
2026-06-30,M_USD,MARGIN,,1001263,元
2026-06-30,RDI_NTD,RECEIVABLES FOR DISPOSAL OF INVESTMENTS,,-1107318630,元
2026-07-01,MU US,MICRON TECHNOLOGY INC,6.07,116000,股
2026-07-01,009150 KS,Samsung Electro-Mechanics co(009150 ks),5.73,80000,股
2026-07-01,285A JP,KIOXIA HOLDINGS CORP,5.62,204800,股
2026-07-01,AMD US,ADVANCEDMICRODEVICES.amdus(超微半導體公司),5.34,195000,股
2026-07-01,6976 JP,TAIYO YUDEN CO LTD,5.05,715000,股
2026-07-01,SNDK US,SANDISK CORP,4.63,45000,股
2026-07-01,6981 JP,MURATA MANUFACTURING CO LTD,3.95,1066000,股
2026-07-01,3037,欣興,3.64,2200000,股
2026-07-01,BE US,BLOOM ENERGY CORP- A,3.37,230000,股
2026-07-01,MRVL US,MARVELL TECHNOLOGY INC,3.17,230000,股
2026-07-01,2454,聯發科,3.07,445000,股
2026-07-01,AMAT US,APPLIED MATERIALS INC,3.07,93000,股
2026-07-01,2327,國巨*,2.9,1600000,股
2026-07-01,2383,台光電,2.9,330000,股
2026-07-01,IFX GY,INFINEON TECHNOLOGIES AG,2.81,625000,股
2026-07-01,WDC US,WESTERN DIGITAL CORP,2.73,90000,股
2026-07-01,LITE US,LUMENTUM HOLDINGS INC,2.52,62000,股
2026-07-01,6997 JP,NIPPON CHEMI-CON CORP,2.3,1275100,股
2026-07-01,4062 JP,IBIDEN CO LTD,2.21,275000,股
2026-07-01,8035 JP,TOKYO ELECTRON LTD,2.16,88000,股
2026-07-01,VSH US,VISHAY INTERTECHNOLOGY INC,1.82,700429,股
2026-07-01,2330,台積電,1.79,450000,股
2026-07-01,5706 JP,Mitsui Mining ＆ Smelting Co,1.75,130000,股
2026-07-01,STM US,STMICROELECTRONICS NV-NY SHS,1.7,475000,股
2026-07-01,2303,聯電,1.61,6000000,股
2026-07-01,CRDO US,CREDO TECHNOLOGY GROUP HOLDI,1.58,120000,股
2026-07-01,6920 JP,LASERTEC CORP,1.38,87500,股
2026-07-01,3436 JP,SUMCO CORP,1.29,875400,股
2026-07-01,3711,日月光投控,1.23,1100000,股
2026-07-01,6223,旺矽,1.22,115000,股
2026-07-01,AIXA GY,AIXTRON SE,1.13,380000,股
2026-07-01,COHR US,COHERENT INC,1.03,55000,股
2026-07-01,6274,台燿,1.01,375000,股
2026-07-01,ARM US,ARM HOLDINGS PLC,0.94,55000,股
2026-07-01,3017,奇鋐,0.9,215000,股
2026-07-01,6871 JP,MICRONICS JAPAN CO LTD,0.76,140000,股
2026-07-01,688146 CH,PERIC SPECIAL GASES CO LTD-A,0.68,240000,股
2026-07-01,6278 JP,UNION TOOL CO,0.64,90000,股
2026-07-01,2308,台達電,0.55,175000,股
2026-07-01,300408 CH,CHAOZHOU THREE-CIRCLE GROU-A,0.51,399909,股
2026-07-01,6787 JP,MEIKO ELECTRONICS CO LTD,0.46,50000,股
2026-07-01,7826 JP,FURUYA METAL CO LTD,0.37,148000,股
2026-07-01,C_NTD,CASH,,1303943493,元
2026-07-01,M_USD,MARGIN,,1001263,元
2026-07-01,RDI_NTD,RECEIVABLES FOR DISPOSAL OF INVESTMENTS,,249208969,元
2026-07-02,MU US,MICRON TECHNOLOGY INC,6.09,116000,股
2026-07-02,AMD US,ADVANCEDMICRODEVICES.amdus(超微半導體公司),5.43,195000,股
2026-07-02,009150 KS,Samsung Electro-Mechanics co(009150 ks),5.38,80000,股
2026-07-02,285A JP,KIOXIA HOLDINGS CORP,5.19,204800,股
2026-07-02,6976 JP,TAIYO YUDEN CO LTD,5.15,760000,股
2026-07-02,SNDK US,SANDISK CORP,4.22,45000,股
2026-07-02,6981 JP,MURATA MANUFACTURING CO LTD,3.85,1066000,股
2026-07-02,3037,欣興,3.63,2200000,股
2026-07-02,BE US,BLOOM ENERGY CORP- A,3.35,230000,股
2026-07-02,2454,聯發科,3.26,445000,股
2026-07-02,2383,台光電,3.14,330000,股
2026-07-02,MRVL US,MARVELL TECHNOLOGY INC,3.04,230000,股
2026-07-02,AMAT US,APPLIED MATERIALS INC,3.02,93000,股
2026-07-02,IFX GY,INFINEON TECHNOLOGIES AG,2.92,625000,股
2026-07-02,2327,國巨*,2.84,1600000,股
2026-07-02,WDC US,WESTERN DIGITAL CORP,2.61,90000,股
2026-07-02,LITE US,LUMENTUM HOLDINGS INC,2.43,62000,股
2026-07-02,6997 JP,NIPPON CHEMI-CON CORP,2.18,1275100,股
2026-07-02,4062 JP,IBIDEN CO LTD,2.14,275000,股
2026-07-02,8035 JP,TOKYO ELECTRON LTD,2.13,88000,股
2026-07-02,2330,台積電,1.87,450000,股
2026-07-02,STM US,STMICROELECTRONICS NV-NY SHS,1.75,475000,股
2026-07-02,VSH US,VISHAY INTERTECHNOLOGY INC,1.73,700429,股
2026-07-02,3436 JP,SUMCO CORP,1.7,1117500,股
2026-07-02,2303,聯電,1.67,6000000,股
2026-07-02,5706 JP,Mitsui Mining ＆ Smelting Co,1.65,130000,股
2026-07-02,CRDO US,CREDO TECHNOLOGY GROUP HOLDI,1.56,120000,股
2026-07-02,6223,旺矽,1.4,115000,股
2026-07-02,6920 JP,LASERTEC CORP,1.39,87500,股
2026-07-02,3711,日月光投控,1.35,1100000,股
2026-07-02,AIXA GY,AIXTRON SE,1.08,380000,股
2026-07-02,6274,台燿,1.07,375000,股
2026-07-02,3017,奇鋐,0.99,215000,股
2026-07-02,COHR US,COHERENT INC,0.99,55000,股
2026-07-02,KLAC US,KLA CORP,0.76,60000,股
2026-07-02,6871 JP,MICRONICS JAPAN CO LTD,0.74,140000,股
2026-07-02,688146 CH,PERIC SPECIAL GASES CO LTD-A,0.69,240000,股
2026-07-02,6278 JP,UNION TOOL CO,0.64,90000,股
2026-07-02,2308,台達電,0.58,175000,股
2026-07-02,300408 CH,CHAOZHOU THREE-CIRCLE GROU-A,0.47,399909,股
2026-07-02,6787 JP,MEIKO ELECTRONICS CO LTD,0.47,50000,股
2026-07-02,ARM US,ARM HOLDINGS PLC,0.12,6946,股
2026-07-02,7826 JP,FURUYA METAL CO LTD,0.11,42000,股
2026-07-02,C_NTD,CASH,,1338854903,元
2026-07-02,M_USD,MARGIN,,1001263,元
2026-07-02,RDI_NTD,RECEIVABLES FOR DISPOSAL OF INVESTMENTS,,223037730,元
2026-07-03,MU US,MICRON TECHNOLOGY INC,5.99,116000,股
2026-07-03,285A JP,KIOXIA HOLDINGS CORP,5.61,204800,股
2026-07-03,009150 KS,Samsung Electro-Mechanics co(009150 ks),5.49,80000,股
2026-07-03,AMD US,ADVANCEDMICRODEVICES.amdus(超微半導體公司),5.34,195000,股
2026-07-03,6976 JP,TAIYO YUDEN CO LTD,5.14,760000,股
2026-07-03,SNDK US,SANDISK CORP,4.16,45000,股
2026-07-03,6981 JP,MURATA MANUFACTURING CO LTD,3.88,1066000,股
2026-07-03,3037,欣興,3.53,2200000,股
2026-07-03,2327,國巨*,3.46,2000000,股
2026-07-03,2383,台光電,3.32,330000,股
2026-07-03,BE US,BLOOM ENERGY CORP- A,3.3,230000,股
2026-07-03,2454,聯發科,3.09,445000,股
2026-07-03,MRVL US,MARVELL TECHNOLOGY INC,2.99,230000,股
2026-07-03,AMAT US,APPLIED MATERIALS INC,2.97,93000,股
2026-07-03,IFX GY,INFINEON TECHNOLOGIES AG,2.93,625000,股
2026-07-03,WDC US,WESTERN DIGITAL CORP,2.57,90000,股
2026-07-03,LITE US,LUMENTUM HOLDINGS INC,2.39,62000,股
2026-07-03,6997 JP,NIPPON CHEMI-CON CORP,2.34,1275100,股
2026-07-03,3436 JP,SUMCO CORP,2.16,1291200,股
2026-07-03,8035 JP,TOKYO ELECTRON LTD,2.12,88000,股
2026-07-03,4062 JP,IBIDEN CO LTD,2.11,275000,股
2026-07-03,2330,台積電,1.82,450000,股
2026-07-03,STM US,STMICROELECTRONICS NV-NY SHS,1.72,475000,股
2026-07-03,VSH US,VISHAY INTERTECHNOLOGY INC,1.7,700429,股
2026-07-03,2303,聯電,1.69,6000000,股
2026-07-03,CRDO US,CREDO TECHNOLOGY GROUP HOLDI,1.54,120000,股
2026-07-03,6223,旺矽,1.4,115000,股
2026-07-03,6920 JP,LASERTEC CORP,1.37,87500,股
2026-07-03,3711,日月光投控,1.24,1100000,股
2026-07-03,AIXA GY,AIXTRON SE,1.14,380000,股
2026-07-03,6274,台燿,1.11,375000,股
2026-07-03,3017,奇鋐,0.98,215000,股
2026-07-03,COHR US,COHERENT INC,0.97,55000,股
2026-07-03,005930 KS,samsung electronics co ltd(005930 KS),0.82,75000,股
2026-07-03,KLAC US,KLA CORP,0.75,60000,股
2026-07-03,6871 JP,MICRONICS JAPAN CO LTD,0.74,140000,股
2026-07-03,6278 JP,UNION TOOL CO,0.66,90000,股
2026-07-03,688146 CH,PERIC SPECIAL GASES CO LTD-A,0.62,240000,股
2026-07-03,2308,台達電,0.6,175000,股
2026-07-03,6787 JP,MEIKO ELECTRONICS CO LTD,0.48,50000,股
2026-07-03,300408 CH,CHAOZHOU THREE-CIRCLE GROU-A,0.45,399909,股
2026-07-03,ARM US,ARM HOLDINGS PLC,0.12,6946,股
2026-07-03,C_NTD,CASH,,2364156502,元
2026-07-03,M_USD,MARGIN,,1001263,元
2026-07-03,RDI_NTD,RECEIVABLES FOR DISPOSAL OF INVESTMENTS,,-230658213,元
2026-07-06,MU US,MICRON TECHNOLOGY INC,5.89,116000,股
2026-07-06,AMD US,ADVANCEDMICRODEVICES.amdus(超微半導體公司),5.55,195000,股
2026-07-06,285A JP,KIOXIA HOLDINGS CORP,5.31,204800,股
2026-07-06,009150 KS,Samsung Electro-Mechanics co(009150 ks),4.88,80185,股
2026-07-06,6976 JP,TAIYO YUDEN CO LTD,4.44,760000,股
2026-07-06,SNDK US,SANDISK CORP,4.05,45000,股
2026-07-06,2327,國巨*,3.56,2200000,股
2026-07-06,AMAT US,APPLIED MATERIALS INC,3.51,115000,股
2026-07-06,BE US,BLOOM ENERGY CORP- A,3.5,230000,股
2026-07-06,6981 JP,MURATA MANUFACTURING CO LTD,3.47,1066000,股
2026-07-06,3037,欣興,3.24,2200000,股
2026-07-06,MRVL US,MARVELL TECHNOLOGY INC,2.96,230000,股
2026-07-06,2454,聯發科,2.95,445000,股
2026-07-06,2383,台光電,2.91,330000,股
2026-07-06,IFX GY,INFINEON TECHNOLOGIES AG,2.84,625000,股
2026-07-06,WDC US,WESTERN DIGITAL CORP,2.68,90000,股
2026-07-06,LITE US,LUMENTUM HOLDINGS INC,2.34,62000,股
2026-07-06,005930 KS,samsung electronics co ltd(005930 KS),2.15,200000,股
2026-07-06,3436 JP,SUMCO CORP,2.12,1291200,股
2026-07-06,6997 JP,NIPPON CHEMI-CON CORP,2.03,1275100,股
2026-07-06,8035 JP,TOKYO ELECTRON LTD,2.02,88000,股
2026-07-06,4062 JP,IBIDEN CO LTD,1.87,275000,股
2026-07-06,2330,台積電,1.78,450000,股
2026-07-06,STM US,STMICROELECTRONICS NV-NY SHS,1.75,475000,股
2026-07-06,VSH US,VISHAY INTERTECHNOLOGY INC,1.67,700429,股
2026-07-06,CRDO US,CREDO TECHNOLOGY GROUP HOLDI,1.64,120000,股
2026-07-06,2303,聯電,1.6,6000000,股
2026-07-06,KLAC US,KLA CORP,1.56,130000,股
2026-07-06,6920 JP,LASERTEC CORP,1.31,87500,股
2026-07-06,6223,旺矽,1.27,115000,股
2026-07-06,3711,日月光投控,1.2,1100000,股
2026-07-06,AIXA GY,AIXTRON SE,1.12,380000,股
2026-07-06,6274,台燿,0.98,375000,股
2026-07-06,000660 KS,SK HYNIX INC,0.95,12000,股
2026-07-06,COHR US,COHERENT INC,0.95,55000,股
2026-07-06,3017,奇鋐,0.92,215000,股
2026-07-06,6871 JP,MICRONICS JAPAN CO LTD,0.67,140000,股
2026-07-06,6278 JP,UNION TOOL CO,0.6,90000,股
2026-07-06,2308,台達電,0.56,175000,股
2026-07-06,688146 CH,PERIC SPECIAL GASES CO LTD-A,0.55,240000,股
2026-07-06,6787 JP,MEIKO ELECTRONICS CO LTD,0.44,50000,股
2026-07-06,300408 CH,CHAOZHOU THREE-CIRCLE GROU-A,0.43,399909,股
2026-07-06,C_NTD,CASH,,2214893548,元
2026-07-06,M_USD,MARGIN,,1001263,元
2026-07-06,RDI_NTD,RECEIVABLES FOR DISPOSAL OF INVESTMENTS,,-2547760540,元
2026-07-07,AMD US,ADVANCEDMICRODEVICES.amdus(超微半導體公司),5.52,195000,股
2026-07-07,MU US,MICRON TECHNOLOGY INC,5.46,106000,股
2026-07-07,285A JP,KIOXIA HOLDINGS CORP,5.02,204800,股
2026-07-07,009150 KS,Samsung Electro-Mechanics co(009150 ks),4.83,83000,股
2026-07-07,6976 JP,TAIYO YUDEN CO LTD,4.21,760000,股
2026-07-07,SNDK US,SANDISK CORP,3.99,45000,股
2026-07-07,AMAT US,APPLIED MATERIALS INC,3.5,115000,股
2026-07-07,2327,國巨*,3.4,2200000,股
2026-07-07,BE US,BLOOM ENERGY CORP- A,3.4,230000,股
2026-07-07,6981 JP,MURATA MANUFACTURING CO LTD,3.32,1066000,股
2026-07-07,3037,欣興,3.15,2200000,股
2026-07-07,2454,聯發科,3.06,445000,股
2026-07-07,2383,台光電,2.94,330000,股
2026-07-07,MRVL US,MARVELL TECHNOLOGY INC,2.91,230000,股
2026-07-07,IFX GY,INFINEON TECHNOLOGIES AG,2.78,625000,股
2026-07-07,WDC US,WESTERN DIGITAL CORP,2.63,90000,股
2026-07-07,LITE US,LUMENTUM HOLDINGS INC,2.38,62000,股
2026-07-07,005930 KS,samsung electronics co ltd(005930 KS),2.09,200000,股
2026-07-07,8035 JP,TOKYO ELECTRON LTD,2.07,88000,股
2026-07-07,3436 JP,SUMCO CORP,2.0,1291200,股
2026-07-07,2330,台積電,1.87,450000,股
2026-07-07,4062 JP,IBIDEN CO LTD,1.85,275000,股
2026-07-07,6997 JP,NIPPON CHEMI-CON CORP,1.83,1275100,股
2026-07-07,STM US,STMICROELECTRONICS NV-NY SHS,1.75,475000,股
2026-07-07,CRDO US,CREDO TECHNOLOGY GROUP HOLDI,1.62,120000,股
2026-07-07,VSH US,VISHAY INTERTECHNOLOGY INC,1.62,700429,股
2026-07-07,2303,聯電,1.59,6000000,股
2026-07-07,KLAC US,KLA CORP,1.54,130000,股
2026-07-07,6920 JP,LASERTEC CORP,1.3,87500,股
2026-07-07,6223,旺矽,1.24,115000,股
2026-07-07,3711,日月光投控,1.22,1100000,股
2026-07-07,AIXA GY,AIXTRON SE,1.05,380000,股
2026-07-07,6274,台燿,1.01,375000,股
2026-07-07,COHR US,COHERENT INC,0.95,55000,股
2026-07-07,000660 KS,SK HYNIX INC,0.93,12000,股
2026-07-07,3017,奇鋐,0.9,215000,股
2026-07-07,6871 JP,MICRONICS JAPAN CO LTD,0.72,140000,股
2026-07-07,688146 CH,PERIC SPECIAL GASES CO LTD-A,0.61,240000,股
2026-07-07,6278 JP,UNION TOOL CO,0.59,90000,股
2026-07-07,2308,台達電,0.56,175000,股
2026-07-07,300408 CH,CHAOZHOU THREE-CIRCLE GROU-A,0.45,399909,股
2026-07-07,6787 JP,MEIKO ELECTRONICS CO LTD,0.45,50000,股
2026-07-07,C_NTD,CASH,,4229936406,元
2026-07-07,M_USD,MARGIN,,1001263,元
2026-07-07,RDI_NTD,RECEIVABLES FOR DISPOSAL OF INVESTMENTS,,-1443343157,元
2026-07-08,AMD US,ADVANCEDMICRODEVICES.amdus(超微半導體公司),5.69,205000,股
2026-07-08,MU US,MICRON TECHNOLOGY INC,5.39,106000,股
2026-07-08,285A JP,KIOXIA HOLDINGS CORP,4.87,204800,股
2026-07-08,SNDK US,SANDISK CORP,4.17,45000,股
2026-07-08,009150 KS,Samsung Electro-Mechanics co(009150 ks),4.11,83000,股
2026-07-08,6976 JP,TAIYO YUDEN CO LTD,3.76,760000,股
2026-07-08,AMAT US,APPLIED MATERIALS INC,3.52,115000,股
2026-07-08,BE US,BLOOM ENERGY CORP- A,3.41,250000,股
2026-07-08,2327,國巨*,3.27,2200000,股
2026-07-08,6981 JP,MURATA MANUFACTURING CO LTD,3.18,1066000,股
2026-07-08,3037,欣興,3.17,2200000,股
2026-07-08,2454,聯發科,2.97,445000,股
2026-07-08,2383,台光電,2.93,330000,股
2026-07-08,MRVL US,MARVELL TECHNOLOGY INC,2.86,230000,股
2026-07-08,IFX GY,INFINEON TECHNOLOGIES AG,2.69,625000,股
2026-07-08,WDC US,WESTERN DIGITAL CORP,2.66,90000,股
2026-07-08,2330,台積電,2.27,550000,股
2026-07-08,8035 JP,TOKYO ELECTRON LTD,1.96,88000,股
2026-07-08,3436 JP,SUMCO CORP,1.92,1291200,股
2026-07-08,005930 KS,samsung electronics co ltd(005930 KS),1.91,200000,股
2026-07-08,STM US,STMICROELECTRONICS NV-NY SHS,1.75,475000,股
2026-07-08,4062 JP,IBIDEN CO LTD,1.74,275000,股
2026-07-08,CRDO US,CREDO TECHNOLOGY GROUP HOLDI,1.67,120000,股
2026-07-08,LITE US,LUMENTUM HOLDINGS INC,1.67,44000,股
2026-07-08,6997 JP,NIPPON CHEMI-CON CORP,1.65,1275100,股
2026-07-08,2303,聯電,1.63,6000000,股
2026-07-08,6223,旺矽,1.56,145000,股
2026-07-08,KLAC US,KLA CORP,1.54,130000,股
2026-07-08,000660 KS,SK HYNIX INC,1.45,20000,股
2026-07-08,6920 JP,LASERTEC CORP,1.22,87500,股
2026-07-08,3711,日月光投控,1.15,1100000,股
2026-07-08,VSH US,VISHAY INTERTECHNOLOGY INC,1.13,500000,股
2026-07-08,6274,台燿,1.03,375000,股
2026-07-08,AIXA GY,AIXTRON SE,1.0,380000,股
2026-07-08,3017,奇鋐,0.84,215000,股
2026-07-08,6871 JP,MICRONICS JAPAN CO LTD,0.69,140000,股
2026-07-08,688146 CH,PERIC SPECIAL GASES CO LTD-A,0.63,240000,股
2026-07-08,300408 CH,CHAOZHOU THREE-CIRCLE GROU-A,0.62,599909,股
2026-07-08,6278 JP,UNION TOOL CO,0.56,90000,股
2026-07-08,2308,台達電,0.55,175000,股
2026-07-08,COHR US,COHERENT INC,0.47,27500,股
2026-07-08,C_NTD,CASH,,3441799590,元
2026-07-08,M_USD,MARGIN,,1001263,元
2026-07-08,RDI_NTD,RECEIVABLES FOR DISPOSAL OF INVESTMENTS,,-155614873,元
2026-07-09,AMD US,ADVANCEDMICRODEVICES.amdus(超微半導體公司),5.75,205000,股
2026-07-09,285A JP,KIOXIA HOLDINGS CORP,5.54,225000,股
2026-07-09,MU US,MICRON TECHNOLOGY INC,5.39,106000,股
2026-07-09,SNDK US,SANDISK CORP,4.58,48000,股
2026-07-09,009150 KS,Samsung Electro-Mechanics co(009150 ks),4.27,83000,股
2026-07-09,AMAT US,APPLIED MATERIALS INC,3.78,125000,股
2026-07-09,6981 JP,MURATA MANUFACTURING CO LTD,3.74,1250000,股
2026-07-09,6976 JP,TAIYO YUDEN CO LTD,3.53,760000,股
2026-07-09,2327,國巨*,3.44,2400000,股
2026-07-09,BE US,BLOOM ENERGY CORP- A,3.3,250000,股
2026-07-09,3037,欣興,3.07,2200000,股
2026-07-09,MRVL US,MARVELL TECHNOLOGY INC,2.87,230000,股
2026-07-09,2383,台光電,2.78,330000,股
2026-07-09,2454,聯發科,2.78,445000,股
2026-07-09,IFX GY,INFINEON TECHNOLOGIES AG,2.69,625000,股
2026-07-09,WDC US,WESTERN DIGITAL CORP,2.67,90000,股
2026-07-09,8035 JP,TOKYO ELECTRON LTD,2.47,110000,股
2026-07-09,2330,台積電,2.39,620000,股
2026-07-09,CRDO US,CREDO TECHNOLOGY GROUP HOLDI,2.18,160000,股
2026-07-09,3436 JP,SUMCO CORP,1.86,1291200,股
2026-07-09,LITE US,LUMENTUM HOLDINGS INC,1.77,44000,股
2026-07-09,STM US,STMICROELECTRONICS NV-NY SHS,1.74,475000,股
2026-07-09,4062 JP,IBIDEN CO LTD,1.7,275000,股
2026-07-09,6223,旺矽,1.64,145000,股
2026-07-09,6997 JP,NIPPON CHEMI-CON CORP,1.58,1275100,股
2026-07-09,6871 JP,MICRONICS JAPAN CO LTD,1.55,300000,股
2026-07-09,000660 KS,SK HYNIX INC,1.53,20000,股
2026-07-09,KLAC US,KLA CORP,1.53,130000,股
2026-07-09,3711,日月光投控,1.51,1400000,股
2026-07-09,2303,聯電,1.49,6000000,股
2026-07-09,6920 JP,LASERTEC CORP,1.19,87500,股
2026-07-09,VSH US,VISHAY INTERTECHNOLOGY INC,1.13,500000,股
2026-07-09,AIXA GY,AIXTRON SE,1.01,380000,股
2026-07-09,6274,台燿,0.94,375000,股
2026-07-09,FTNT US,FORTINET INC,0.84,100000,股
2026-07-09,3017,奇鋐,0.81,215000,股
2026-07-09,688146 CH,PERIC SPECIAL GASES CO LTD-A,0.66,240000,股
2026-07-09,300408 CH,CHAOZHOU THREE-CIRCLE GROU-A,0.61,599909,股
2026-07-09,NOW US,SERVICENOW INC,0.56,100000,股
2026-07-09,6278 JP,UNION TOOL CO,0.55,90000,股
2026-07-09,2308,台達電,0.52,175000,股
2026-07-09,COHR US,COHERENT INC,0.46,27500,股
2026-07-09,C_NTD,CASH,,5734593244,元
2026-07-09,M_USD,MARGIN,,1001263,元
2026-07-09,RDI_NTD,RECEIVABLES FOR DISPOSAL OF INVESTMENTS,,-3029794209,元
2026-07-13,AMD US,ADVANCEDMICRODEVICES.amdus(超微半導體公司),5.89,205000,股
2026-07-13,MU US,MICRON TECHNOLOGY INC,5.34,106000,股
2026-07-13,285A JP,KIOXIA HOLDINGS CORP,5.0,225000,股
2026-07-13,SNDK US,SANDISK CORP,4.32,48000,股
2026-07-13,AMAT US,APPLIED MATERIALS INC,3.86,125000,股
2026-07-13,009150 KS,Samsung Electro-Mechanics co(009150 ks),3.82,83000,股
2026-07-13,6981 JP,MURATA MANUFACTURING CO LTD,3.75,1250000,股
2026-07-13,3037,欣興,3.62,2400000,股
2026-07-13,2327,國巨*,3.27,2400000,股
2026-07-13,BE US,BLOOM ENERGY CORP- A,3.14,250000,股
2026-07-13,6976 JP,TAIYO YUDEN CO LTD,2.99,760000,股
2026-07-13,2454,聯發科,2.84,445000,股
2026-07-13,2383,台光電,2.82,330000,股
2026-07-13,IFX GY,INFINEON TECHNOLOGIES AG,2.69,625000,股
2026-07-13,MRVL US,MARVELL TECHNOLOGY INC,2.69,230000,股
2026-07-13,WDC US,WESTERN DIGITAL CORP,2.69,90000,股
2026-07-13,8035 JP,TOKYO ELECTRON LTD,2.6,110000,股
2026-07-13,2330,台積電,2.53,620000,股
2026-07-13,3436 JP,SUMCO CORP,2.19,1291200,股
2026-07-13,CRDO US,CREDO TECHNOLOGY GROUP HOLDI,2.04,160000,股
2026-07-13,LITE US,LUMENTUM HOLDINGS INC,1.82,44000,股
2026-07-13,STM US,STMICROELECTRONICS NV-NY SHS,1.75,475000,股
2026-07-13,4062 JP,IBIDEN CO LTD,1.7,275000,股
2026-07-13,6871 JP,MICRONICS JAPAN CO LTD,1.64,300000,股
2026-07-13,6223,旺矽,1.61,145000,股
2026-07-13,3711,日月光投控,1.57,1400000,股
2026-07-13,KLAC US,KLA CORP,1.55,130000,股
2026-07-13,2303,聯電,1.54,6000000,股
2026-07-13,6997 JP,NIPPON CHEMI-CON CORP,1.54,1275100,股
2026-07-13,FTNT US,FORTINET INC,1.38,160000,股
2026-07-13,6920 JP,LASERTEC CORP,1.3,87500,股
2026-07-13,AIXA GY,AIXTRON SE,0.99,380000,股
2026-07-13,6274,台燿,0.97,375000,股
2026-07-13,NOW US,SERVICENOW INC,0.9,150000,股
2026-07-13,3017,奇鋐,0.8,215000,股
2026-07-13,000660 KS,SK HYNIX INC,0.65,10000,股
2026-07-13,6278 JP,UNION TOOL CO,0.62,90000,股
2026-07-13,VECO US,VEECO INSTRUMENTS INC,0.6,200000,股
2026-07-13,VSH US,VISHAY INTERTECHNOLOGY INC,0.56,250000,股
2026-07-13,2308,台達電,0.55,175000,股
2026-07-13,300408 CH,CHAOZHOU THREE-CIRCLE GROU-A,0.53,599909,股
2026-07-13,COHR US,COHERENT INC,0.45,27500,股
2026-07-13,C_NTD,CASH,,4268795090,元
2026-07-13,M_USD,MARGIN,,1001263,元
2026-07-13,RDI_NTD,RECEIVABLES FOR DISPOSAL OF INVESTMENTS,,-851071764,元
2026-07-14,AMD US,ADVANCEDMICRODEVICES.amdus(超微半導體公司),5.97,205000,股
2026-07-14,MU US,MICRON TECHNOLOGY INC,5.54,106000,股
2026-07-14,285A JP,KIOXIA HOLDINGS CORP,5.09,225000,股
2026-07-14,SNDK US,SANDISK CORP,4.48,48000,股
2026-07-14,AMAT US,APPLIED MATERIALS INC,4.27,135000,股
2026-07-14,009150 KS,Samsung Electro-Mechanics co(009150 ks),3.77,83000,股
2026-07-14,6981 JP,MURATA MANUFACTURING CO LTD,3.72,1250000,股
2026-07-14,BE US,BLOOM ENERGY CORP- A,3.62,280000,股
2026-07-14,3037,欣興,3.46,2400000,股
2026-07-14,2327,國巨*,3.08,2400000,股
2026-07-14,6976 JP,TAIYO YUDEN CO LTD,2.95,760000,股
2026-07-14,3436 JP,SUMCO CORP,2.73,1572000,股
2026-07-14,IFX GY,INFINEON TECHNOLOGIES AG,2.72,625000,股
2026-07-14,MRVL US,MARVELL TECHNOLOGY INC,2.72,230000,股
2026-07-14,2383,台光電,2.71,330000,股
2026-07-14,2454,聯發科,2.69,445000,股
2026-07-14,WDC US,WESTERN DIGITAL CORP,2.69,90000,股
2026-07-14,8035 JP,TOKYO ELECTRON LTD,2.56,110000,股
2026-07-14,2330,台積電,2.48,620000,股
2026-07-14,CRDO US,CREDO TECHNOLOGY GROUP HOLDI,2.01,160000,股
2026-07-14,LITE US,LUMENTUM HOLDINGS INC,1.91,44000,股
2026-07-14,STM US,STMICROELECTRONICS NV-NY SHS,1.77,475000,股
2026-07-14,4062 JP,IBIDEN CO LTD,1.62,275000,股
2026-07-14,6871 JP,MICRONICS JAPAN CO LTD,1.62,300000,股
2026-07-14,KLAC US,KLA CORP,1.59,130000,股
2026-07-14,6997 JP,NIPPON CHEMI-CON CORP,1.53,1275100,股
2026-07-14,6223,旺矽,1.52,145000,股
2026-07-14,2303,聯電,1.5,6000000,股
2026-07-14,3711,日月光投控,1.48,1400000,股
2026-07-14,FTNT US,FORTINET INC,1.42,160000,股
2026-07-14,6920 JP,LASERTEC CORP,1.29,87500,股
2026-07-14,VECO US,VEECO INSTRUMENTS INC,1.23,400000,股
2026-07-14,NOW US,SERVICENOW INC,1.11,200000,股
2026-07-14,AIXA GY,AIXTRON SE,1.01,380000,股
2026-07-14,6274,台燿,0.86,375000,股
2026-07-14,3017,奇鋐,0.75,215000,股
2026-07-14,000660 KS,SK HYNIX INC,0.69,10000,股
2026-07-14,6278 JP,UNION TOOL CO,0.61,90000,股
2026-07-14,300408 CH,CHAOZHOU THREE-CIRCLE GROU-A,0.57,599909,股
2026-07-14,VSH US,VISHAY INTERTECHNOLOGY INC,0.55,250000,股
2026-07-14,2308,台達電,0.54,175000,股
2026-07-14,COHR US,COHERENT INC,0.45,27500,股
2026-07-14,C_NTD,CASH,,3839101208,元
2026-07-14,M_USD,MARGIN,,1001263,元
2026-07-14,RDI_NTD,RECEIVABLES FOR DISPOSAL OF INVESTMENTS,,-1051592780,元
2026-07-15,AMD US,ADVANCEDMICRODEVICES.amdus(超微半導體公司),5.75,205000,股
2026-07-15,285A JP,KIOXIA HOLDINGS CORP,5.38,225000,股
2026-07-15,MU US,MICRON TECHNOLOGY INC,5.08,106000,股
2026-07-15,AMAT US,APPLIED MATERIALS INC,4.15,135000,股
2026-07-15,SNDK US,SANDISK CORP,4.11,48000,股
2026-07-15,009150 KS,Samsung Electro-Mechanics co(009150 ks),4.07,83000,股
2026-07-15,BE US,BLOOM ENERGY CORP- A,3.93,310000,股
2026-07-15,6981 JP,MURATA MANUFACTURING CO LTD,3.72,1250000,股
2026-07-15,3037,欣興,3.7,2400000,股
2026-07-15,2327,國巨*,3.15,2400000,股
2026-07-15,6976 JP,TAIYO YUDEN CO LTD,3.13,760000,股
2026-07-15,2383,台光電,3.1,370000,股
2026-07-15,2454,聯發科,2.74,445000,股
2026-07-15,8035 JP,TOKYO ELECTRON LTD,2.67,110000,股
2026-07-15,3436 JP,SUMCO CORP,2.61,1572000,股
2026-07-15,IFX GY,INFINEON TECHNOLOGIES AG,2.55,625000,股
2026-07-15,MRVL US,MARVELL TECHNOLOGY INC,2.52,230000,股
2026-07-15,2330,台積電,2.49,620000,股
2026-07-15,WDC US,WESTERN DIGITAL CORP,2.45,90000,股
2026-07-15,6920 JP,LASERTEC CORP,2.11,130000,股
2026-07-15,3711,日月光投控,2.02,1800000,股
2026-07-15,CRDO US,CREDO TECHNOLOGY GROUP HOLDI,1.92,160000,股
2026-07-15,KLAC US,KLA CORP,1.9,160000,股
2026-07-15,LITE US,LUMENTUM HOLDINGS INC,1.75,44000,股
2026-07-15,4062 JP,IBIDEN CO LTD,1.74,275000,股
2026-07-15,STM US,STMICROELECTRONICS NV-NY SHS,1.71,475000,股
2026-07-15,6871 JP,MICRONICS JAPAN CO LTD,1.66,300000,股
2026-07-15,2303,聯電,1.64,6000000,股
2026-07-15,6997 JP,NIPPON CHEMI-CON CORP,1.54,1275100,股
2026-07-15,6223,旺矽,1.51,145000,股
2026-07-15,VECO US,VEECO INSTRUMENTS INC,1.51,500000,股
2026-07-15,FTNT US,FORTINET INC,1.4,160000,股
2026-07-15,NOW US,SERVICENOW INC,1.11,200000,股
2026-07-15,AIXA GY,AIXTRON SE,0.97,380000,股
2026-07-15,TSEM US,TOWER SEMICONDUCTOR LTD,0.9,68000,股
2026-07-15,6274,台燿,0.89,375000,股
2026-07-15,000660 KS,SK HYNIX INC,0.72,10000,股
2026-07-15,6278 JP,UNION TOOL CO,0.6,90000,股
2026-07-15,2308,台達電,0.54,175000,股
2026-07-15,300408 CH,CHAOZHOU THREE-CIRCLE GROU-A,0.54,599909,股
2026-07-15,COHR US,COHERENT INC,0.44,27500,股
2026-07-15,3017,奇鋐,0.41,115000,股
2026-07-15,C_NTD,CASH,,3335788205,元
2026-07-15,M_USD,MARGIN,,1001263,元
2026-07-15,RDI_NTD,RECEIVABLES FOR DISPOSAL OF INVESTMENTS,,-1846873973,元
2026-07-16,AMD US,ADVANCEDMICRODEVICES.amdus(超微半導體公司),5.72,205000,股
2026-07-16,MU US,MICRON TECHNOLOGY INC,4.56,96000,股
2026-07-16,285A JP,KIOXIA HOLDINGS CORP,4.27,200000,股
2026-07-16,AMAT US,APPLIED MATERIALS INC,4.22,135000,股
2026-07-16,009150 KS,Samsung Electro-Mechanics co(009150 ks),4.01,83000,股
2026-07-16,3037,欣興,3.66,2400000,股
2026-07-16,6981 JP,MURATA MANUFACTURING CO LTD,3.61,1250000,股
2026-07-16,BE US,BLOOM ENERGY CORP- A,3.57,310000,股
2026-07-16,SNDK US,SANDISK CORP,3.49,44331,股
2026-07-16,6976 JP,TAIYO YUDEN CO LTD,3.27,760000,股
2026-07-16,2327,國巨*,3.22,2400000,股
2026-07-16,2383,台光電,3.19,370000,股
2026-07-16,2454,聯發科,2.84,445000,股
2026-07-16,8035 JP,TOKYO ELECTRON LTD,2.68,110000,股
2026-07-16,2330,台積電,2.64,620000,股
2026-07-16,IFX GY,INFINEON TECHNOLOGIES AG,2.58,625000,股
2026-07-16,3436 JP,SUMCO CORP,2.49,1572000,股
2026-07-16,3711,日月光投控,2.12,1800000,股
2026-07-16,6920 JP,LASERTEC CORP,2.07,130000,股
2026-07-16,MRVL US,MARVELL TECHNOLOGY INC,1.99,190000,股
2026-07-16,KLAC US,KLA CORP,1.96,160000,股
2026-07-16,CRDO US,CREDO TECHNOLOGY GROUP HOLDI,1.85,160000,股
2026-07-16,WDC US,WESTERN DIGITAL CORP,1.82,70000,股
2026-07-16,2303,聯電,1.66,6000000,股
2026-07-16,STM US,STMICROELECTRONICS NV-NY SHS,1.66,475000,股
2026-07-16,6871 JP,MICRONICS JAPAN CO LTD,1.64,300000,股
2026-07-16,6997 JP,NIPPON CHEMI-CON CORP,1.59,1275100,股
2026-07-16,NOW US,SERVICENOW INC,1.57,270000,股
2026-07-16,6223,旺矽,1.56,145000,股
2026-07-16,FTNT US,FORTINET INC,1.52,170000,股
2026-07-16,VECO US,VEECO INSTRUMENTS INC,1.51,500000,股
2026-07-16,LITE US,LUMENTUM HOLDINGS INC,1.46,37000,股
2026-07-16,TSEM US,TOWER SEMICONDUCTOR LTD,1.39,105000,股
2026-07-16,PANW US,PALO ALTO NETWORKS INC,0.99,50000,股
2026-07-16,AIXA GY,AIXTRON SE,0.9,350000,股
2026-07-16,6274,台燿,0.84,375000,股
2026-07-16,4062 JP,IBIDEN CO LTD,0.78,130000,股
2026-07-16,000660 KS,SK HYNIX INC,0.69,10000,股
2026-07-16,2308,台達電,0.58,175000,股
2026-07-16,6278 JP,UNION TOOL CO,0.58,90000,股
2026-07-16,300408 CH,CHAOZHOU THREE-CIRCLE GROU-A,0.53,599909,股
2026-07-16,301377 CH,GUANGDONG DTECH TECHNOLOGY-A,0.51,134988,股
2026-07-16,3017,奇鋐,0.44,115000,股
2026-07-16,C_NTD,CASH,,2557817180,元
2026-07-16,M_USD,MARGIN,,1001263,元
2026-07-16,RDI_NTD,RECEIVABLES FOR DISPOSAL OF INVESTMENTS,,147907036,元
2026-07-17,AMD US,ADVANCEDMICRODEVICES.amdus(超微半導體公司),5.95,205000,股
2026-07-17,MU US,MICRON TECHNOLOGY INC,4.77,96000,股
2026-07-17,009150 KS,Samsung Electro-Mechanics co(009150 ks),4.21,83000,股
2026-07-17,AMAT US,APPLIED MATERIALS INC,4.19,135000,股
2026-07-17,BE US,BLOOM ENERGY CORP- A,3.9,310000,股
2026-07-17,3037,欣興,3.45,2400000,股
2026-07-17,6981 JP,MURATA MANUFACTURING CO LTD,3.44,1250000,股
2026-07-17,285A JP,KIOXIA HOLDINGS CORP,3.39,180000,股
2026-07-17,2330,台積電,3.11,750000,股
2026-07-17,2327,國巨*,3.04,2400000,股
2026-07-17,2383,台光電,3.01,370000,股
2026-07-17,SNDK US,SANDISK CORP,2.78,35000,股
2026-07-17,2454,聯發科,2.71,445000,股
2026-07-17,IFX GY,INFINEON TECHNOLOGIES AG,2.67,625000,股
2026-07-17,8035 JP,TOKYO ELECTRON LTD,2.58,110000,股
2026-07-17,6976 JP,TAIYO YUDEN CO LTD,2.39,600000,股
2026-07-17,3436 JP,SUMCO CORP,2.22,1572000,股
2026-07-17,3711,日月光投控,2.0,1800000,股
2026-07-17,KLAC US,KLA CORP,1.99,160000,股
2026-07-17,6920 JP,LASERTEC CORP,1.97,130000,股
2026-07-17,CRDO US,CREDO TECHNOLOGY GROUP HOLDI,1.9,160000,股
2026-07-17,FTNT US,FORTINET INC,1.89,200000,股
2026-07-17,STM US,STMICROELECTRONICS NV-NY SHS,1.73,475000,股
2026-07-17,NOW US,SERVICENOW INC,1.63,270000,股
2026-07-17,LITE US,LUMENTUM HOLDINGS INC,1.59,37000,股
2026-07-17,2303,聯電,1.56,6000000,股
2026-07-17,VECO US,VEECO INSTRUMENTS INC,1.53,500000,股
2026-07-17,6871 JP,MICRONICS JAPAN CO LTD,1.51,300000,股
2026-07-17,6223,旺矽,1.47,145000,股
2026-07-17,PANW US,PALO ALTO NETWORKS INC,1.47,70000,股
2026-07-17,6997 JP,NIPPON CHEMI-CON CORP,1.45,1275100,股
2026-07-17,MRVL US,MARVELL TECHNOLOGY INC,1.44,130000,股
2026-07-17,TSEM US,TOWER SEMICONDUCTOR LTD,1.44,105000,股
2026-07-17,WDC US,WESTERN DIGITAL CORP,1.4,50000,股
2026-07-17,AIXA GY,AIXTRON SE,0.82,310000,股
2026-07-17,000660 KS,SK HYNIX INC,0.72,10000,股
2026-07-17,301377 CH,GUANGDONG DTECH TECHNOLOGY-A,0.7,189988,股
2026-07-17,2308,台達電,0.55,175000,股
2026-07-17,6274,台燿,0.54,255000,股
2026-07-17,300408 CH,CHAOZHOU THREE-CIRCLE GROU-A,0.51,599909,股
2026-07-17,3017,奇鋐,0.46,115000,股
2026-07-17,4062 JP,IBIDEN CO LTD,0.34,60000,股
2026-07-17,6278 JP,UNION TOOL CO,0.19,30000,股
2026-07-17,C_NTD,CASH,,2425280340,元
2026-07-17,M_USD,MARGIN,,1001263,元
2026-07-17,RDI_NTD,RECEIVABLES FOR DISPOSAL OF INVESTMENTS,,2305972070,元
2026-07-20,AMD US,ADVANCEDMICRODEVICES.amdus(超微半導體公司),6.1,205000,股
2026-07-20,MU US,MICRON TECHNOLOGY INC,4.91,96000,股
2026-07-20,009150 KS,Samsung Electro-Mechanics co(009150 ks),4.41,83000,股
2026-07-20,AMAT US,APPLIED MATERIALS INC,4.19,135000,股
2026-07-20,BE US,BLOOM ENERGY CORP- A,3.61,310000,股
2026-07-20,6981 JP,MURATA MANUFACTURING CO LTD,3.47,1250000,股
2026-07-20,285A JP,KIOXIA HOLDINGS CORP,3.41,180000,股
2026-07-20,3037,欣興,3.29,2400000,股
2026-07-20,2330,台積電,3.18,750000,股
2026-07-20,2383,台光電,2.98,370000,股
2026-07-20,SNDK US,SANDISK CORP,2.87,35000,股
2026-07-20,2327,國巨*,2.77,2400000,股
2026-07-20,2454,聯發科,2.72,445000,股
2026-07-20,IFX GY,INFINEON TECHNOLOGIES AG,2.7,625000,股
2026-07-20,8035 JP,TOKYO ELECTRON LTD,2.6,110000,股
2026-07-20,6976 JP,TAIYO YUDEN CO LTD,2.41,600000,股
2026-07-20,3436 JP,SUMCO CORP,2.24,1572000,股
2026-07-20,CRDO US,CREDO TECHNOLOGY GROUP HOLDI,2.0,160000,股
2026-07-20,6920 JP,LASERTEC CORP,1.98,130000,股
2026-07-20,3711,日月光投控,1.97,1800000,股
2026-07-20,KLAC US,KLA CORP,1.96,160000,股
2026-07-20,FTNT US,FORTINET INC,1.89,200000,股
2026-07-20,PANW US,PALO ALTO NETWORKS INC,1.85,90000,股
2026-07-20,STM US,STMICROELECTRONICS NV-NY SHS,1.73,475000,股
2026-07-20,LITE US,LUMENTUM HOLDINGS INC,1.67,37000,股
2026-07-20,NOW US,SERVICENOW INC,1.67,270000,股
2026-07-20,6871 JP,MICRONICS JAPAN CO LTD,1.52,300000,股
2026-07-20,MRVL US,MARVELL TECHNOLOGY INC,1.5,130000,股
2026-07-20,VECO US,VEECO INSTRUMENTS INC,1.5,500000,股
2026-07-20,6997 JP,NIPPON CHEMI-CON CORP,1.47,1275100,股
2026-07-20,6223,旺矽,1.45,145000,股
2026-07-20,WDC US,WESTERN DIGITAL CORP,1.44,50000,股
2026-07-20,2303,聯電,1.43,6000000,股
2026-07-20,TSEM US,TOWER SEMICONDUCTOR LTD,1.41,105000,股
2026-07-20,301377 CH,GUANGDONG DTECH TECHNOLOGY-A,0.62,189988,股
2026-07-20,2308,台達電,0.55,175000,股
2026-07-20,AIXA GY,AIXTRON SE,0.53,200000,股
2026-07-20,300408 CH,CHAOZHOU THREE-CIRCLE GROU-A,0.48,599909,股
2026-07-20,3017,奇鋐,0.45,115000,股
2026-07-20,4062 JP,IBIDEN CO LTD,0.34,60000,股
2026-07-20,6278 JP,UNION TOOL CO,0.19,30000,股
2026-07-20,C_NTD,CASH,,3591182481,元
2026-07-20,M_USD,MARGIN,,1001263,元
2026-07-20,RDI_NTD,RECEIVABLES FOR DISPOSAL OF INVESTMENTS,,2262175794,元
2026-07-21,AMD US,ADVANCEDMICRODEVICES.amdus(超微半導體公司),6.16,205000,股
2026-07-21,MU US,MICRON TECHNOLOGY INC,5.81,108569,股
2026-07-21,AMAT US,APPLIED MATERIALS INC,4.2,135000,股
2026-07-21,009150 KS,Samsung Electro-Mechanics co(009150 ks),4.12,83000,股
2026-07-21,BE US,BLOOM ENERGY CORP- A,3.87,310000,股
2026-07-21,285A JP,KIOXIA HOLDINGS CORP,3.73,180000,股
2026-07-21,6981 JP,MURATA MANUFACTURING CO LTD,3.39,1250000,股
2026-07-21,2383,台光電,3.37,410000,股
2026-07-21,3037,欣興,3.37,2400000,股
2026-07-21,2330,台積電,3.08,750000,股
2026-07-21,SNDK US,SANDISK CORP,3.07,35000,股
2026-07-21,2454,聯發科,2.78,445000,股
2026-07-21,IFX GY,INFINEON TECHNOLOGIES AG,2.66,625000,股
2026-07-21,LITE US,LUMENTUM HOLDINGS INC,2.63,57000,股
2026-07-21,8035 JP,TOKYO ELECTRON LTD,2.49,110000,股
2026-07-21,CRDO US,CREDO TECHNOLOGY GROUP HOLDI,2.47,200000,股
2026-07-21,6976 JP,TAIYO YUDEN CO LTD,2.39,600000,股
2026-07-21,3436 JP,SUMCO CORP,2.08,1572000,股
2026-07-21,2327,國巨*,2.05,1800000,股
2026-07-21,3711,日月光投控,1.94,1800000,股
2026-07-21,KLAC US,KLA CORP,1.92,160000,股
2026-07-21,6920 JP,LASERTEC CORP,1.88,130000,股
2026-07-21,TSEM US,TOWER SEMICONDUCTOR LTD,1.82,131825,股
2026-07-21,FTNT US,FORTINET INC,1.74,200000,股
2026-07-21,STM US,STMICROELECTRONICS NV-NY SHS,1.71,475000,股
2026-07-21,PANW US,PALO ALTO NETWORKS INC,1.7,90000,股
2026-07-21,6871 JP,MICRONICS JAPAN CO LTD,1.52,300000,股
2026-07-21,NOW US,SERVICENOW INC,1.52,270000,股
2026-07-21,VECO US,VEECO INSTRUMENTS INC,1.52,500000,股
2026-07-21,WDC US,WESTERN DIGITAL CORP,1.51,50000,股
2026-07-21,MRVL US,MARVELL TECHNOLOGY INC,1.49,130000,股
2026-07-21,6223,旺矽,1.45,145000,股
2026-07-21,2303,聯電,1.37,6000000,股
2026-07-21,6997 JP,NIPPON CHEMI-CON CORP,1.34,1275100,股
2026-07-21,301377 CH,GUANGDONG DTECH TECHNOLOGY-A,0.65,189988,股
2026-07-21,2308,台達電,0.55,175000,股
2026-07-21,300408 CH,CHAOZHOU THREE-CIRCLE GROU-A,0.53,599909,股
2026-07-21,AIXA GY,AIXTRON SE,0.53,200000,股
2026-07-21,3017,奇鋐,0.45,115000,股
2026-07-21,3665,貿聯-KY,0.43,126000,股
2026-07-21,4062 JP,IBIDEN CO LTD,0.35,60000,股
2026-07-21,AEHR US,AEHR TEST SYSTEMS,0.06,10459,股
2026-07-21,C_NTD,CASH,,4065067858,元
2026-07-21,M_USD,MARGIN,,1001263,元
2026-07-21,RDI_NTD,RECEIVABLES FOR DISPOSAL OF INVESTMENTS,,384003195,元
2026-07-22,AMD US,ADVANCEDMICRODEVICES.amdus(超微半導體公司),6.16,205000,股
2026-07-22,MU US,MICRON TECHNOLOGY INC,5.67,108569,股
2026-07-22,009150 KS,Samsung Electro-Mechanics co(009150 ks),4.1,83000,股
2026-07-22,AMAT US,APPLIED MATERIALS INC,4.07,135000,股
2026-07-22,285A JP,KIOXIA HOLDINGS CORP,3.86,180000,股
2026-07-22,6981 JP,MURATA MANUFACTURING CO LTD,3.75,1350000,股
2026-07-22,BE US,BLOOM ENERGY CORP- A,3.68,310000,股
2026-07-22,3037,欣興,3.66,2400000,股
2026-07-22,2383,台光電,3.53,410000,股
2026-07-22,SNDK US,SANDISK CORP,3.05,35000,股
2026-07-22,2330,台積電,3.03,750000,股
2026-07-22,2454,聯發科,2.88,445000,股
2026-07-22,IFX GY,INFINEON TECHNOLOGIES AG,2.71,625000,股
2026-07-22,LITE US,LUMENTUM HOLDINGS INC,2.57,57000,股
2026-07-22,6976 JP,TAIYO YUDEN CO LTD,2.51,600000,股
2026-07-22,CRDO US,CREDO TECHNOLOGY GROUP HOLDI,2.49,200000,股
2026-07-22,8035 JP,TOKYO ELECTRON LTD,2.42,110000,股
2026-07-22,2327,國巨*,2.13,1800000,股
2026-07-22,3436 JP,SUMCO CORP,1.99,1572000,股
2026-07-22,3711,日月光投控,1.99,1800000,股
2026-07-22,6871 JP,MICRONICS JAPAN CO LTD,1.93,370000,股
2026-07-22,6223,旺矽,1.92,190000,股
2026-07-22,6920 JP,LASERTEC CORP,1.87,130000,股
2026-07-22,KLAC US,KLA CORP,1.87,160000,股
2026-07-22,TSEM US,TOWER SEMICONDUCTOR LTD,1.79,131825,股
2026-07-22,STM US,STMICROELECTRONICS NV-NY SHS,1.7,475000,股
2026-07-22,FTNT US,FORTINET INC,1.69,200000,股
2026-07-22,PANW US,PALO ALTO NETWORKS INC,1.64,90000,股
2026-07-22,WDC US,WESTERN DIGITAL CORP,1.52,50000,股
2026-07-22,MRVL US,MARVELL TECHNOLOGY INC,1.49,130000,股
2026-07-22,VECO US,VEECO INSTRUMENTS INC,1.49,500000,股
2026-07-22,6997 JP,NIPPON CHEMI-CON CORP,1.42,1275100,股
2026-07-22,2303,聯電,1.4,6000000,股
2026-07-22,NOW US,SERVICENOW INC,1.4,270000,股
2026-07-22,2308,台達電,1.01,320000,股
2026-07-22,3665,貿聯-KY,0.89,250000,股
2026-07-22,301377 CH,GUANGDONG DTECH TECHNOLOGY-A,0.61,189988,股
2026-07-22,AIXA GY,AIXTRON SE,0.52,200000,股
2026-07-22,300408 CH,CHAOZHOU THREE-CIRCLE GROU-A,0.5,599909,股
2026-07-22,3017,奇鋐,0.44,115000,股
2026-07-22,4062 JP,IBIDEN CO LTD,0.37,60000,股
2026-07-22,AEHR US,AEHR TEST SYSTEMS,0.05,10459,股
2026-07-22,C_NTD,CASH,,4884140616,元
2026-07-22,M_USD,MARGIN,,1001263,元
2026-07-22,RDI_NTD,RECEIVABLES FOR DISPOSAL OF INVESTMENTS,,-1169462469,元
2026-07-23,AMD US,ADVANCEDMICRODEVICES.amdus(超微半導體公司),6.0,205000,股
2026-07-23,MU US,MICRON TECHNOLOGY INC,5.83,108569,股
2026-07-23,009150 KS,Samsung Electro-Mechanics co(009150 ks),4.51,83000,股
2026-07-23,AMAT US,APPLIED MATERIALS INC,4.12,135000,股
2026-07-23,6981 JP,MURATA MANUFACTURING CO LTD,3.83,1350000,股
2026-07-23,285A JP,KIOXIA HOLDINGS CORP,3.7,180000,股
2026-07-23,BE US,BLOOM ENERGY CORP- A,3.66,310000,股
2026-07-23,3037,欣興,3.61,2400000,股
2026-07-23,2383,台光電,3.51,410000,股
2026-07-23,LITE US,LUMENTUM HOLDINGS INC,3.48,77000,股
2026-07-23,SNDK US,SANDISK CORP,3.06,35000,股
2026-07-23,2330,台積電,3.03,750000,股
2026-07-23,2454,聯發科,2.89,445000,股
2026-07-23,TSEM US,TOWER SEMICONDUCTOR LTD,2.64,186825,股
2026-07-23,CRDO US,CREDO TECHNOLOGY GROUP HOLDI,2.57,200000,股
2026-07-23,IFX GY,INFINEON TECHNOLOGIES AG,2.54,625000,股
2026-07-23,6976 JP,TAIYO YUDEN CO LTD,2.43,600000,股
2026-07-23,WDC US,WESTERN DIGITAL CORP,2.42,80000,股
2026-07-23,8035 JP,TOKYO ELECTRON LTD,2.41,110000,股
2026-07-23,2327,國巨*,2.1,1800000,股
2026-07-23,6871 JP,MICRONICS JAPAN CO LTD,2.01,370000,股
2026-07-23,6223,旺矽,1.99,190000,股
2026-07-23,3711,日月光投控,1.96,1800000,股
2026-07-23,6920 JP,LASERTEC CORP,1.95,130000,股
2026-07-23,KLAC US,KLA CORP,1.9,160000,股
2026-07-23,FTNT US,FORTINET INC,1.64,200000,股
2026-07-23,PANW US,PALO ALTO NETWORKS INC,1.59,90000,股
2026-07-23,MRVL US,MARVELL TECHNOLOGY INC,1.48,130000,股
2026-07-23,VECO US,VEECO INSTRUMENTS INC,1.48,500000,股
2026-07-23,3665,貿聯-KY,1.41,368000,股
2026-07-23,6997 JP,NIPPON CHEMI-CON CORP,1.4,1275100,股
2026-07-23,NOW US,SERVICENOW INC,1.35,270000,股
2026-07-23,3436 JP,SUMCO CORP,1.25,1000000,股
2026-07-23,2303,聯電,1.05,4500000,股
2026-07-23,2308,台達電,1.01,320000,股
2026-07-23,STM US,STMICROELECTRONICS NV-NY SHS,0.87,300000,股
2026-07-23,300408 CH,CHAOZHOU THREE-CIRCLE GROU-A,0.76,899909,股
2026-07-23,301377 CH,GUANGDONG DTECH TECHNOLOGY-A,0.61,189988,股
2026-07-23,AIXA GY,AIXTRON SE,0.5,200000,股
2026-07-23,3017,奇鋐,0.47,115000,股
2026-07-23,4062 JP,IBIDEN CO LTD,0.36,60000,股
2026-07-23,AEHR US,AEHR TEST SYSTEMS,0.05,10459,股
2026-07-23,C_NTD,CASH,,5019973520,元
2026-07-23,M_USD,MARGIN,,1001263,元
2026-07-23,RDI_NTD,RECEIVABLES FOR DISPOSAL OF INVESTMENTS,,-2236897136,元
2026-07-24,AMD US,ADVANCEDMICRODEVICES.amdus(超微半導體公司),6.16,205000,股
2026-07-24,MU US,MICRON TECHNOLOGY INC,5.75,108569,股
2026-07-24,009150 KS,Samsung Electro-Mechanics co(009150 ks),4.39,83000,股
2026-07-24,AMAT US,APPLIED MATERIALS INC,4.17,135000,股
2026-07-24,6981 JP,MURATA MANUFACTURING CO LTD,3.94,1350000,股
2026-07-24,3037,欣興,3.57,2400000,股
2026-07-24,285A JP,KIOXIA HOLDINGS CORP,3.54,180000,股
2026-07-24,2383,台光電,3.46,410000,股
2026-07-24,LITE US,LUMENTUM HOLDINGS INC,3.38,77000,股
2026-07-24,BE US,BLOOM ENERGY CORP- A,3.3,310000,股
2026-07-24,2330,台積電,3.13,750000,股
2026-07-24,2454,聯發科,2.96,445000,股
2026-07-24,SNDK US,SANDISK CORP,2.89,35000,股
2026-07-24,IFX GY,INFINEON TECHNOLOGIES AG,2.64,625000,股
2026-07-24,TSEM US,TOWER SEMICONDUCTOR LTD,2.51,186825,股
2026-07-24,CRDO US,CREDO TECHNOLOGY GROUP HOLDI,2.45,200000,股
2026-07-24,8035 JP,TOKYO ELECTRON LTD,2.42,110000,股
2026-07-24,6976 JP,TAIYO YUDEN CO LTD,2.41,600000,股
2026-07-24,WDC US,WESTERN DIGITAL CORP,2.39,80000,股
2026-07-24,2327,國巨*,2.05,1800000,股
2026-07-24,6871 JP,MICRONICS JAPAN CO LTD,2.0,370000,股
2026-07-24,6920 JP,LASERTEC CORP,1.97,130000,股
2026-07-24,3711,日月光投控,1.96,1800000,股
2026-07-24,KLAC US,KLA CORP,1.94,160000,股
2026-07-24,6223,旺矽,1.92,190000,股
2026-07-24,FTNT US,FORTINET INC,1.75,200000,股
2026-07-24,3665,貿聯-KY,1.72,440000,股
2026-07-24,PANW US,PALO ALTO NETWORKS INC,1.68,90000,股
2026-07-24,NOW US,SERVICENOW INC,1.53,270000,股
2026-07-24,VECO US,VEECO INSTRUMENTS INC,1.49,500000,股
2026-07-24,6997 JP,NIPPON CHEMI-CON CORP,1.45,1275100,股
2026-07-24,MRVL US,MARVELL TECHNOLOGY INC,1.45,130000,股
2026-07-24,2308,台達電,1.01,320000,股
2026-07-24,300408 CH,CHAOZHOU THREE-CIRCLE GROU-A,0.77,899909,股
2026-07-24,301377 CH,GUANGDONG DTECH TECHNOLOGY-A,0.64,189988,股
2026-07-24,3436 JP,SUMCO CORP,0.64,500000,股
2026-07-24,2303,聯電,0.57,2500000,股
2026-07-24,AIXA GY,AIXTRON SE,0.53,200000,股
2026-07-24,3017,奇鋐,0.49,115000,股
2026-07-24,4062 JP,IBIDEN CO LTD,0.37,60000,股
2026-07-24,AEHR US,AEHR TEST SYSTEMS,0.05,10459,股
2026-07-24,C_NTD,CASH,,2360714839,元
2026-07-24,M_USD,MARGIN,,1001263,元
2026-07-24,RDI_NTD,RECEIVABLES FOR DISPOSAL OF INVESTMENTS,,1340051110,元
2026-07-27,AMD US,ADVANCEDMICRODEVICES.amdus(超微半導體公司),5.91,205000,股
2026-07-27,MU US,MICRON TECHNOLOGY INC,5.69,108569,股
2026-07-27,009150 KS,Samsung Electro-Mechanics co(009150 ks),4.39,83000,股
2026-07-27,AMAT US,APPLIED MATERIALS INC,4.06,135000,股
2026-07-27,6981 JP,MURATA MANUFACTURING CO LTD,3.9,1350000,股
2026-07-27,3037,欣興,3.67,2400000,股
2026-07-27,2383,台光電,3.56,410000,股
2026-07-27,285A JP,KIOXIA HOLDINGS CORP,3.5,180000,股
2026-07-27,BE US,BLOOM ENERGY CORP- A,3.4,310000,股
2026-07-27,LITE US,LUMENTUM HOLDINGS INC,3.19,77000,股
2026-07-27,2330,台積電,3.18,750000,股
2026-07-27,2454,聯發科,2.96,445000,股
2026-07-27,SNDK US,SANDISK CORP,2.61,35000,股
2026-07-27,IFX GY,INFINEON TECHNOLOGIES AG,2.55,625000,股
2026-07-27,6976 JP,TAIYO YUDEN CO LTD,2.47,600000,股
2026-07-27,8035 JP,TOKYO ELECTRON LTD,2.46,110000,股
2026-07-27,TSEM US,TOWER SEMICONDUCTOR LTD,2.44,186825,股
2026-07-27,CRDO US,CREDO TECHNOLOGY GROUP HOLDI,2.42,200000,股
2026-07-27,WDC US,WESTERN DIGITAL CORP,2.32,80000,股
2026-07-27,2327,國巨*,2.03,1800000,股
2026-07-27,6920 JP,LASERTEC CORP,2.02,130000,股
2026-07-27,3711,日月光投控,1.98,1800000,股
2026-07-27,6223,旺矽,1.96,190000,股
2026-07-27,6871 JP,MICRONICS JAPAN CO LTD,1.95,370000,股
2026-07-27,KLAC US,KLA CORP,1.9,160000,股
2026-07-27,FTNT US,FORTINET INC,1.78,200000,股
2026-07-27,3665,貿聯-KY,1.71,440000,股
2026-07-27,NOW US,SERVICENOW INC,1.66,270000,股
2026-07-27,PANW US,PALO ALTO NETWORKS INC,1.66,90000,股
2026-07-27,6997 JP,NIPPON CHEMI-CON CORP,1.45,1275100,股
2026-07-27,MRVL US,MARVELL TECHNOLOGY INC,1.43,130000,股
2026-07-27,VECO US,VEECO INSTRUMENTS INC,1.41,500000,股
2026-07-27,2308,台達電,1.01,320000,股
2026-07-27,300408 CH,CHAOZHOU THREE-CIRCLE GROU-A,0.86,899909,股
2026-07-27,LMT US,LOCKHEED MARTIN CORP,0.84,25000,股
2026-07-27,301377 CH,GUANGDONG DTECH TECHNOLOGY-A,0.68,189988,股
2026-07-27,3436 JP,SUMCO CORP,0.67,500000,股
2026-07-27,2303,聯電,0.57,2500000,股
2026-07-27,AIXA GY,AIXTRON SE,0.51,200000,股
2026-07-27,3017,奇鋐,0.5,115000,股
2026-07-27,4062 JP,IBIDEN CO LTD,0.36,60000,股
2026-07-27,AEHR US,AEHR TEST SYSTEMS,0.05,10459,股
2026-07-27,C_NTD,CASH,,3264903888,元
2026-07-27,M_USD,MARGIN,,1001263,元
2026-07-27,RDI_NTD,RECEIVABLES FOR DISPOSAL OF INVESTMENTS,,-18097953,元
2026-07-28,AMD US,ADVANCEDMICRODEVICES.amdus(超微半導體公司),5.93,205000,股
2026-07-28,MU US,MICRON TECHNOLOGY INC,5.66,108569,股
2026-07-28,AMAT US,APPLIED MATERIALS INC,4.09,135000,股
2026-07-28,6981 JP,MURATA MANUFACTURING CO LTD,3.75,1350000,股
2026-07-28,3037,欣興,3.59,2400000,股
2026-07-28,009150 KS,Samsung Electro-Mechanics co(009150 ks),3.56,75000,股
2026-07-28,2383,台光電,3.54,410000,股
2026-07-28,2330,台積電,3.35,750000,股
2026-07-28,LITE US,LUMENTUM HOLDINGS INC,3.19,77000,股
2026-07-28,285A JP,KIOXIA HOLDINGS CORP,3.11,180000,股
2026-07-28,2454,聯發科,2.89,445000,股
2026-07-28,IFX GY,INFINEON TECHNOLOGIES AG,2.61,625000,股
2026-07-28,CRDO US,CREDO TECHNOLOGY GROUP HOLDI,2.45,200000,股
2026-07-28,TSEM US,TOWER SEMICONDUCTOR LTD,2.41,186825,股
2026-07-28,6976 JP,TAIYO YUDEN CO LTD,2.39,600000,股
2026-07-28,8035 JP,TOKYO ELECTRON LTD,2.39,110000,股
2026-07-28,WDC US,WESTERN DIGITAL CORP,2.36,80000,股
2026-07-28,3665,貿聯-KY,2.26,520000,股
2026-07-28,BE US,BLOOM ENERGY CORP- A,2.23,210000,股
2026-07-28,2327,國巨*,1.99,1800000,股
2026-07-28,3711,日月光投控,1.96,1800000,股
2026-07-28,SNDK US,SANDISK CORP,1.95,28000,股
2026-07-28,6223,旺矽,1.92,190000,股
2026-07-28,FTNT US,FORTINET INC,1.91,200000,股
2026-07-28,NOW US,SERVICENOW INC,1.9,270000,股
2026-07-28,6920 JP,LASERTEC CORP,1.89,130000,股
2026-07-28,6871 JP,MICRONICS JAPAN CO LTD,1.86,370000,股
2026-07-28,PANW US,PALO ALTO NETWORKS INC,1.83,90000,股
2026-07-28,MRVL US,MARVELL TECHNOLOGY INC,1.44,130000,股
2026-07-28,6997 JP,NIPPON CHEMI-CON CORP,1.4,1275100,股
2026-07-28,2308,台達電,0.99,320000,股
2026-07-28,KLAC US,KLA CORP,0.97,80000,股
2026-07-28,LMT US,LOCKHEED MARTIN CORP,0.92,25000,股
2026-07-28,VECO US,VEECO INSTRUMENTS INC,0.9,310000,股
2026-07-28,300408 CH,CHAOZHOU THREE-CIRCLE GROU-A,0.85,899909,股
2026-07-28,301377 CH,GUANGDONG DTECH TECHNOLOGY-A,0.67,189988,股
2026-07-28,3436 JP,SUMCO CORP,0.61,500000,股
2026-07-28,2303,聯電,0.56,2500000,股
2026-07-28,3017,奇鋐,0.51,115000,股
2026-07-28,AIXA GY,AIXTRON SE,0.5,200000,股
2026-07-28,4062 JP,IBIDEN CO LTD,0.35,60000,股
2026-07-28,AEHR US,AEHR TEST SYSTEMS,0.05,10459,股
2026-07-28,C_NTD,CASH,,3538767811,元
2026-07-28,M_USD,MARGIN,,1001263,元
2026-07-28,RDI_NTD,RECEIVABLES FOR DISPOSAL OF INVESTMENTS,,1578939008,元
2026-07-29,AMD US,ADVANCEDMICRODEVICES.amdus(超微半導體公司),5.97,205000,股
2026-07-29,MU US,MICRON TECHNOLOGY INC,5.44,108569,股
2026-07-29,AMAT US,APPLIED MATERIALS INC,3.99,135000,股
2026-07-29,2383,台光電,3.52,410000,股
2026-07-29,6981 JP,MURATA MANUFACTURING CO LTD,3.48,1350000,股
2026-07-29,3037,欣興,3.46,2400000,股
2026-07-29,2330,台積電,3.45,750000,股
2026-07-29,009150 KS,Samsung Electro-Mechanics co(009150 ks),3.19,65000,股
2026-07-29,LITE US,LUMENTUM HOLDINGS INC,3.14,77000,股
2026-07-29,2454,聯發科,2.93,445000,股
2026-07-29,285A JP,KIOXIA HOLDINGS CORP,2.86,180000,股
2026-07-29,IFX GY,INFINEON TECHNOLOGIES AG,2.63,625000,股
2026-07-29,WDC US,WESTERN DIGITAL CORP,2.5,80000,股
2026-07-29,CRDO US,CREDO TECHNOLOGY GROUP HOLDI,2.4,200000,股
2026-07-29,TSEM US,TOWER SEMICONDUCTOR LTD,2.38,186825,股
2026-07-29,BE US,BLOOM ENERGY CORP- A,2.33,210000,股
2026-07-29,8035 JP,TOKYO ELECTRON LTD,2.28,110000,股
2026-07-29,3665,貿聯-KY,2.27,520000,股
2026-07-29,NOW US,SERVICENOW INC,2.12,270000,股
2026-07-29,SNDK US,SANDISK CORP,1.93,28000,股
2026-07-29,PANW US,PALO ALTO NETWORKS INC,1.92,90000,股
2026-07-29,6223,旺矽,1.9,190000,股
2026-07-29,3711,日月光投控,1.88,1800000,股
2026-07-29,6871 JP,MICRONICS JAPAN CO LTD,1.72,370000,股
2026-07-29,6976 JP,TAIYO YUDEN CO LTD,1.68,450000,股
2026-07-29,2327,國巨*,1.64,1550000,股
2026-07-29,LMT US,LOCKHEED MARTIN CORP,1.47,38000,股
2026-07-29,MRVL US,MARVELL TECHNOLOGY INC,1.44,130000,股
2026-07-29,6997 JP,NIPPON CHEMI-CON CORP,1.36,1275100,股
2026-07-29,FTNT US,FORTINET INC,1.04,100000,股
2026-07-29,2308,台達電,1.0,320000,股
2026-07-29,300408 CH,CHAOZHOU THREE-CIRCLE GROU-A,0.98,899909,股
2026-07-29,6920 JP,LASERTEC CORP,0.92,65000,股
2026-07-29,VECO US,VEECO INSTRUMENTS INC,0.9,310000,股
2026-07-29,301377 CH,GUANGDONG DTECH TECHNOLOGY-A,0.69,189988,股
2026-07-29,3436 JP,SUMCO CORP,0.61,500000,股
2026-07-29,2303,聯電,0.54,2500000,股
2026-07-29,AIXA GY,AIXTRON SE,0.51,200000,股
2026-07-29,3017,奇鋐,0.5,115000,股
2026-07-29,4062 JP,IBIDEN CO LTD,0.33,60000,股
2026-07-29,AEHR US,AEHR TEST SYSTEMS,0.05,10459,股
2026-07-29,C_NTD,CASH,,5236849706,元
2026-07-29,M_USD,MARGIN,,1001263,元
2026-07-29,RDI_NTD,RECEIVABLES FOR DISPOSAL OF INVESTMENTS,,1768207254,元
2026-07-30,AMD US,ADVANCEDMICRODEVICES.amdus(超微半導體公司),6.39,205000,股
2026-07-30,MU US,MICRON TECHNOLOGY INC,6.1,108569,股
2026-07-30,AMAT US,APPLIED MATERIALS INC,4.35,135000,股
2026-07-30,2383,台光電,3.8,445000,股
2026-07-30,3037,欣興,3.68,2600000,股
2026-07-30,LITE US,LUMENTUM HOLDINGS INC,3.43,77000,股
2026-07-30,6981 JP,MURATA MANUFACTURING CO LTD,3.4,1350000,股
2026-07-30,2330,台積電,3.27,750000,股
2026-07-30,2454,聯發科,2.85,445000,股
2026-07-30,285A JP,KIOXIA HOLDINGS CORP,2.79,180000,股
2026-07-30,BE US,BLOOM ENERGY CORP- A,2.79,210000,股
2026-07-30,WDC US,WESTERN DIGITAL CORP,2.74,80000,股
2026-07-30,IFX GY,INFINEON TECHNOLOGIES AG,2.73,625000,股
2026-07-30,009150 KS,Samsung Electro-Mechanics co(009150 ks),2.6,65000,股
2026-07-30,CRDO US,CREDO TECHNOLOGY GROUP HOLDI,2.58,200000,股
2026-07-30,TSEM US,TOWER SEMICONDUCTOR LTD,2.53,186825,股
2026-07-30,SNDK US,SANDISK CORP,2.3,28000,股
2026-07-30,8035 JP,TOKYO ELECTRON LTD,2.25,110000,股
2026-07-30,PANW US,PALO ALTO NETWORKS INC,2.09,100000,股
2026-07-30,3665,貿聯-KY,1.96,520000,股
2026-07-30,NOW US,SERVICENOW INC,1.91,270000,股
2026-07-30,3711,日月光投控,1.8,1800000,股
2026-07-30,6223,旺矽,1.8,190000,股
2026-07-30,6871 JP,MICRONICS JAPAN CO LTD,1.73,370000,股
2026-07-30,6976 JP,TAIYO YUDEN CO LTD,1.54,450000,股
2026-07-30,MRVL US,MARVELL TECHNOLOGY INC,1.53,130000,股
2026-07-30,2327,國巨*,1.4,1550000,股
2026-07-30,LMT US,LOCKHEED MARTIN CORP,1.4,38000,股
2026-07-30,6997 JP,NIPPON CHEMI-CON CORP,1.31,1275100,股
2026-07-30,FTNT US,FORTINET INC,0.99,100000,股
2026-07-30,2308,台達電,0.97,320000,股
2026-07-30,VECO US,VEECO INSTRUMENTS INC,0.96,310000,股
2026-07-30,300408 CH,CHAOZHOU THREE-CIRCLE GROU-A,0.9,899909,股
2026-07-30,6920 JP,LASERTEC CORP,0.86,65000,股
2026-07-30,SNOW US,SNOWFLAKEINC-CLASSA(Snowflake公司),0.77,40000,股
2026-07-30,301377 CH,GUANGDONG DTECH TECHNOLOGY-A,0.6,189988,股
2026-07-30,2303,聯電,0.54,2500000,股
2026-07-30,AIXA GY,AIXTRON SE,0.51,200000,股
2026-07-30,3017,奇鋐,0.48,115000,股
2026-07-30,4062 JP,IBIDEN CO LTD,0.32,60000,股
2026-07-30,AEHR US,AEHR TEST SYSTEMS,0.05,10459,股
2026-07-30,C_NTD,CASH,,5954473462,元
2026-07-30,M_USD,MARGIN,,1001263,元
2026-07-30,RDI_NTD,RECEIVABLES FOR DISPOSAL OF INVESTMENTS,,554741389,元
2026-07-31,MU US,MICRON TECHNOLOGY INC,6.11,123569,股
2026-07-31,AMD US,ADVANCEDMICRODEVICES.amdus(超微半導體公司),5.86,205000,股
2026-07-31,AMAT US,APPLIED MATERIALS INC,4.12,135000,股
2026-07-31,2383,台光電,3.92,445000,股
2026-07-31,3037,欣興,3.8,2600000,股
2026-07-31,6981 JP,MURATA MANUFACTURING CO LTD,3.75,1350000,股
2026-07-31,WDC US,WESTERN DIGITAL CORP,3.43,105000,股
2026-07-31,2330,台積電,3.38,750000,股
2026-07-31,LITE US,LUMENTUM HOLDINGS INC,3.3,77000,股
2026-07-31,285A JP,KIOXIA HOLDINGS CORP,3.13,180000,股
2026-07-31,009150 KS,Samsung Electro-Mechanics co(009150 ks),3.11,65000,股
2026-07-31,2454,聯發科,2.94,445000,股
2026-07-31,CRDO US,CREDO TECHNOLOGY GROUP HOLDI,2.8,225000,股
2026-07-31,IFX GY,INFINEON TECHNOLOGIES AG,2.67,625000,股
2026-07-31,BE US,BLOOM ENERGY CORP- A,2.6,210000,股
2026-07-31,TSEM US,TOWER SEMICONDUCTOR LTD,2.46,186825,股
2026-07-31,MRVL US,MARVELL TECHNOLOGY INC,2.31,205000,股
2026-07-31,8035 JP,TOKYO ELECTRON LTD,2.29,110000,股
2026-07-31,SNDK US,SANDISK CORP,2.04,28000,股
2026-07-31,3665,貿聯-KY,2.03,520000,股
2026-07-31,PANW US,PALO ALTO NETWORKS INC,1.99,100000,股
2026-07-31,6871 JP,MICRONICS JAPAN CO LTD,1.88,370000,股
2026-07-31,3711,日月光投控,1.86,1800000,股
2026-07-31,6223,旺矽,1.86,190000,股
2026-07-31,NOW US,SERVICENOW INC,1.8,270000,股
2026-07-31,6976 JP,TAIYO YUDEN CO LTD,1.72,450000,股
2026-07-31,6997 JP,NIPPON CHEMI-CON CORP,1.49,1275100,股
2026-07-31,2327,國巨*,1.45,1550000,股
2026-07-31,LMT US,LOCKHEED MARTIN CORP,1.33,38000,股
2026-07-31,SNOW US,SNOWFLAKEINC-CLASSA(Snowflake公司),1.14,65000,股
2026-07-31,2308,台達電,0.97,320000,股
2026-07-31,FTNT US,FORTINET INC,0.97,100000,股
2026-07-31,VECO US,VEECO INSTRUMENTS INC,0.93,310000,股
2026-07-31,6920 JP,LASERTEC CORP,0.92,65000,股
2026-07-31,300408 CH,CHAOZHOU THREE-CIRCLE GROU-A,0.89,899909,股
2026-07-31,MPWR US,MONOLITHIC POWER SYSTEMS INC,0.86,10000,股
2026-07-31,301377 CH,GUANGDONG DTECH TECHNOLOGY-A,0.59,189988,股
2026-07-31,2303,聯電,0.56,2500000,股
2026-07-31,3017,奇鋐,0.5,115000,股
2026-07-31,AIXA GY,AIXTRON SE,0.5,200000,股
2026-07-31,AEHR US,AEHR TEST SYSTEMS,0.48,100459,股
2026-07-31,4062 JP,IBIDEN CO LTD,0.37,60000,股
2026-07-31,C_NTD,CASH,,6586452521,元
2026-07-31,M_USD,MARGIN,,1001263,元
2026-07-31,RDI_NTD,RECEIVABLES FOR DISPOSAL OF INVESTMENTS,,-2451001542,元
2026-08-03,MU US,MICRON TECHNOLOGY INC,5.95,123569,股
2026-08-03,AMD US,ADVANCEDMICRODEVICES.amdus(超微半導體公司),5.76,205000,股
2026-08-03,AMAT US,APPLIED MATERIALS INC,4.06,135000,股
2026-08-03,3037,欣興,4.02,2600000,股
2026-08-03,2383,台光電,3.96,445000,股
2026-08-03,6981 JP,MURATA MANUFACTURING CO LTD,3.58,1350000,股
2026-08-03,LITE US,LUMENTUM HOLDINGS INC,3.48,77000,股
2026-08-03,009150 KS,Samsung Electro-Mechanics co(009150 ks),3.27,70000,股
2026-08-03,285A JP,KIOXIA HOLDINGS CORP,3.27,180000,股
2026-08-03,WDC US,WESTERN DIGITAL CORP,3.21,105000,股
2026-08-03,2330,台積電,3.18,750000,股
2026-08-03,2454,聯發科,3.11,445000,股
2026-08-03,CRDO US,CREDO TECHNOLOGY GROUP HOLDI,2.85,225000,股
2026-08-03,BE US,BLOOM ENERGY CORP- A,2.66,210000,股
2026-08-03,IFX GY,INFINEON TECHNOLOGIES AG,2.57,625000,股
2026-08-03,TSEM US,TOWER SEMICONDUCTOR LTD,2.54,186825,股
2026-08-03,MRVL US,MARVELL TECHNOLOGY INC,2.3,205000,股
2026-08-03,8035 JP,TOKYO ELECTRON LTD,2.24,110000,股
2026-08-03,SNDK US,SANDISK CORP,2.09,28000,股
2026-08-03,PANW US,PALO ALTO NETWORKS INC,2.01,100000,股
2026-08-03,6223,旺矽,1.97,190000,股
2026-08-03,3711,日月光投控,1.96,1800000,股
2026-08-03,3665,貿聯-KY,1.95,520000,股
2026-08-03,6871 JP,MICRONICS JAPAN CO LTD,1.9,370000,股
2026-08-03,NOW US,SERVICENOW INC,1.79,270000,股
2026-08-03,6976 JP,TAIYO YUDEN CO LTD,1.65,450000,股
2026-08-03,SNOW US,SNOWFLAKEINC-CLASSA(Snowflake公司),1.61,90000,股
2026-08-03,2327,國巨*,1.53,1550000,股
2026-08-03,6997 JP,NIPPON CHEMI-CON CORP,1.51,1275100,股
2026-08-03,MPWR US,MONOLITHIC POWER SYSTEMS INC,1.4,18000,股
2026-08-03,LMT US,LOCKHEED MARTIN CORP,1.29,38000,股
2026-08-03,6920 JP,LASERTEC CORP,0.98,65000,股
2026-08-03,FTNT US,FORTINET INC,0.95,100000,股
2026-08-03,VECO US,VEECO INSTRUMENTS INC,0.92,310000,股
2026-08-03,2308,台達電,0.9,320000,股
2026-08-03,300408 CH,CHAOZHOU THREE-CIRCLE GROU-A,0.88,899909,股
2026-08-03,AEHR US,AEHR TEST SYSTEMS,0.75,140344,股
2026-08-03,301377 CH,GUANGDONG DTECH TECHNOLOGY-A,0.55,189988,股
2026-08-03,2303,聯電,0.53,2500000,股
2026-08-03,3017,奇鋐,0.52,115000,股
2026-08-03,AIXA GY,AIXTRON SE,0.5,200000,股
2026-08-03,4062 JP,IBIDEN CO LTD,0.34,60000,股
2026-08-03,C_NTD,CASH,,4810795788,元
2026-08-03,M_USD,MARGIN,,1001263,元
2026-08-03,RDI_NTD,RECEIVABLES FOR DISPOSAL OF INVESTMENTS,,-842492957,元
2026-08-04,MU US,MICRON TECHNOLOGY INC,6.14,123569,股
2026-08-04,AMD US,ADVANCEDMICRODEVICES.amdus(超微半導體公司),5.92,205000,股
2026-08-04,LITE US,LUMENTUM HOLDINGS INC,4.35,92000,股
2026-08-04,3037,欣興,4.12,2600000,股
2026-08-04,AMAT US,APPLIED MATERIALS INC,4.11,135000,股
2026-08-04,2383,台光電,3.92,445000,股
2026-08-04,6981 JP,MURATA MANUFACTURING CO LTD,3.4,1350000,股
2026-08-04,009150 KS,Samsung Electro-Mechanics co(009150 ks),3.35,70000,股
2026-08-04,285A JP,KIOXIA HOLDINGS CORP,3.31,180000,股
2026-08-04,WDC US,WESTERN DIGITAL CORP,3.21,105000,股
2026-08-04,2330,台積電,2.98,750000,股
2026-08-04,CRDO US,CREDO TECHNOLOGY GROUP HOLDI,2.98,225000,股
2026-08-04,2454,聯發科,2.95,445000,股
2026-08-04,BE US,BLOOM ENERGY CORP- A,2.67,210000,股
2026-08-04,IFX GY,INFINEON TECHNOLOGIES AG,2.55,625000,股
2026-08-04,PANW US,PALO ALTO NETWORKS INC,2.55,125000,股
2026-08-04,MRVL US,MARVELL TECHNOLOGY INC,2.49,205000,股
2026-08-04,TSEM US,TOWER SEMICONDUCTOR LTD,2.49,186825,股
2026-08-04,6223,旺矽,2.33,230000,股
2026-08-04,SNDK US,SANDISK CORP,2.23,28000,股
2026-08-04,8035 JP,TOKYO ELECTRON LTD,2.2,110000,股
2026-08-04,3665,貿聯-KY,2.05,520000,股
2026-08-04,SNOW US,SNOWFLAKEINC-CLASSA(Snowflake公司),2.03,115000,股
2026-08-04,6871 JP,MICRONICS JAPAN CO LTD,1.88,370000,股
2026-08-04,3711,日月光投控,1.8,1800000,股
2026-08-04,NOW US,SERVICENOW INC,1.78,270000,股
2026-08-04,6976 JP,TAIYO YUDEN CO LTD,1.63,450000,股
2026-08-04,2327,國巨*,1.5,1550000,股
2026-08-04,6997 JP,NIPPON CHEMI-CON CORP,1.46,1275100,股
2026-08-04,MPWR US,MONOLITHIC POWER SYSTEMS INC,1.34,18000,股
2026-08-04,LMT US,LOCKHEED MARTIN CORP,1.25,38000,股
2026-08-04,6920 JP,LASERTEC CORP,1.01,65000,股
2026-08-04,FTNT US,FORTINET INC,0.94,100000,股
2026-08-04,VECO US,VEECO INSTRUMENTS INC,0.93,310000,股
2026-08-04,300408 CH,CHAOZHOU THREE-CIRCLE GROU-A,0.9,899909,股
2026-08-04,2308,台達電,0.89,320000,股
2026-08-04,AEHR US,AEHR TEST SYSTEMS,0.86,140344,股
2026-08-04,301377 CH,GUANGDONG DTECH TECHNOLOGY-A,0.59,189988,股
2026-08-04,2303,聯電,0.51,2500000,股
2026-08-04,3017,奇鋐,0.51,115000,股
2026-08-04,FORM US,FORMFACTOR INC,0.51,75454,股
2026-08-04,AIXA GY,AIXTRON SE,0.49,200000,股
2026-08-04,9988 HK,ALIBABA GROUP HOLDING LTD,0.45,500000,股
2026-08-04,4062 JP,IBIDEN CO LTD,0.35,60000,股
2026-08-04,C_NTD,CASH,,4365703072,元
2026-08-04,M_USD,MARGIN,,1001263,元
2026-08-04,RDI_NTD,RECEIVABLES FOR DISPOSAL OF INVESTMENTS,,-1886462332,元
2026-08-05,MU US,MICRON TECHNOLOGY INC,6.12,123569,股
2026-08-05,AMD US,ADVANCEDMICRODEVICES.amdus(超微半導體公司),4.93,184500,股
2026-08-05,3037,欣興,4.32,2600000,股
2026-08-05,LITE US,LUMENTUM HOLDINGS INC,4.21,92000,股
2026-08-05,2383,台光電,4.0,445000,股
2026-08-05,AMAT US,APPLIED MATERIALS INC,4.0,135000,股
2026-08-05,6981 JP,MURATA MANUFACTURING CO LTD,3.72,1350000,股
2026-08-05,009150 KS,Samsung Electro-Mechanics co(009150 ks),3.59,70000,股
2026-08-05,285A JP,KIOXIA HOLDINGS CORP,3.44,180000,股
2026-08-05,2330,台積電,3.09,750000,股
2026-08-05,2454,聯發科,3.05,445000,股
2026-08-05,WDC US,WESTERN DIGITAL CORP,3.02,105000,股
2026-08-05,CRDO US,CREDO TECHNOLOGY GROUP HOLDI,2.8,225000,股
2026-08-05,BE US,BLOOM ENERGY CORP- A,2.73,210000,股
2026-08-05,PANW US,PALO ALTO NETWORKS INC,2.51,125000,股
2026-08-05,6223,旺矽,2.46,230000,股
2026-08-05,MRVL US,MARVELL TECHNOLOGY INC,2.4,205000,股
2026-08-05,TSEM US,TOWER SEMICONDUCTOR LTD,2.19,186825,股
2026-08-05,3665,貿聯-KY,2.1,520000,股
2026-08-05,SNDK US,SANDISK CORP,2.1,28000,股
2026-08-05,6871 JP,MICRONICS JAPAN CO LTD,2.07,370000,股
2026-08-05,SNOW US,SNOWFLAKEINC-CLASSA(Snowflake公司),2.02,115000,股
2026-08-05,3711,日月光投控,1.83,1800000,股
2026-08-05,6976 JP,TAIYO YUDEN CO LTD,1.77,450000,股
2026-08-05,NOW US,SERVICENOW INC,1.75,270000,股
2026-08-05,IFX GY,INFINEON TECHNOLOGIES AG,1.63,425000,股
2026-08-05,6997 JP,NIPPON CHEMI-CON CORP,1.59,1275100,股
2026-08-05,2327,國巨*,1.54,1550000,股
2026-08-05,MPWR US,MONOLITHIC POWER SYSTEMS INC,1.34,18000,股
2026-08-05,300408 CH,CHAOZHOU THREE-CIRCLE GROU-A,1.32,1249899,股
2026-08-05,LMT US,LOCKHEED MARTIN CORP,1.22,38000,股
2026-08-05,8035 JP,TOKYO ELECTRON LTD,1.13,55000,股
2026-08-05,6920 JP,LASERTEC CORP,1.07,65000,股
2026-08-05,2308,台達電,0.91,320000,股
2026-08-05,FTNT US,FORTINET INC,0.91,100000,股
2026-08-05,VECO US,VEECO INSTRUMENTS INC,0.91,310000,股
2026-08-05,301377 CH,GUANGDONG DTECH TECHNOLOGY-A,0.84,246988,股
2026-08-05,AEHR US,AEHR TEST SYSTEMS,0.77,140344,股
2026-08-05,TER US,TERADYNE INC,0.76,35000,股
2026-08-05,6787 JP,MEIKO ELECTRONICS CO LTD,0.7,80000,股
2026-08-05,3017,奇鋐,0.54,115000,股
2026-08-05,2303,聯電,0.52,2500000,股
2026-08-05,AIXA GY,AIXTRON SE,0.49,200000,股
2026-08-05,FORM US,FORMFACTOR INC,0.48,75454,股
2026-08-05,9988 HK,ALIBABA GROUP HOLDING LTD,0.45,500000,股
2026-08-05,4062 JP,IBIDEN CO LTD,0.43,60000,股
2026-08-05,C_NTD,CASH,,2921160327,元
2026-08-05,M_USD,MARGIN,,1001263,元
2026-08-05,RDI_NTD,RECEIVABLES FOR DISPOSAL OF INVESTMENTS,,-237001335,元
2026-08-06,MU US,MICRON TECHNOLOGY INC,6.13,123569,股
2026-08-06,AMD US,ADVANCEDMICRODEVICES.amdus(超微半導體公司),5.08,184500,股
2026-08-06,3037,欣興,4.41,2600000,股
2026-08-06,LITE US,LUMENTUM HOLDINGS INC,4.34,92000,股
2026-08-06,2383,台光電,4.12,445000,股
2026-08-06,AMAT US,APPLIED MATERIALS INC,4.01,135000,股
2026-08-06,6981 JP,MURATA MANUFACTURING CO LTD,3.57,1350000,股
2026-08-06,009150 KS,Samsung Electro-Mechanics co(009150 ks),3.39,70000,股
2026-08-06,285A JP,KIOXIA HOLDINGS CORP,3.13,180000,股
2026-08-06,2330,台積電,3.1,750000,股
2026-08-06,2454,聯發科,3.04,445000,股
2026-08-06,CRDO US,CREDO TECHNOLOGY GROUP HOLDI,2.92,225000,股
2026-08-06,BE US,BLOOM ENERGY CORP- A,2.7,210000,股
2026-08-06,WDC US,WESTERN DIGITAL CORP,2.67,105000,股
2026-08-06,6223,旺矽,2.53,230000,股
2026-08-06,PANW US,PALO ALTO NETWORKS INC,2.53,125000,股
2026-08-06,MRVL US,MARVELL TECHNOLOGY INC,2.43,205000,股
2026-08-06,TSEM US,TOWER SEMICONDUCTOR LTD,2.36,186825,股
2026-08-06,3665,貿聯-KY,2.15,520000,股
2026-08-06,SNOW US,SNOWFLAKEINC-CLASSA(Snowflake公司),2.06,115000,股
2026-08-06,SNDK US,SANDISK CORP,1.98,28000,股
2026-08-06,6871 JP,MICRONICS JAPAN CO LTD,1.93,370000,股
2026-08-06,3711,日月光投控,1.87,1800000,股
2026-08-06,NOW US,SERVICENOW INC,1.78,270000,股
2026-08-06,IFX GY,INFINEON TECHNOLOGIES AG,1.66,425000,股
2026-08-06,6976 JP,TAIYO YUDEN CO LTD,1.59,450000,股
2026-08-06,2327,國巨*,1.54,1550000,股
2026-08-06,6997 JP,NIPPON CHEMI-CON CORP,1.47,1275100,股
2026-08-06,MPWR US,MONOLITHIC POWER SYSTEMS INC,1.38,18000,股
2026-08-06,300408 CH,CHAOZHOU THREE-CIRCLE GROU-A,1.32,1249899,股
2026-08-06,LMT US,LOCKHEED MARTIN CORP,1.25,38000,股
2026-08-06,TER US,TERADYNE INC,1.19,55000,股
2026-08-06,3017,奇鋐,1.1,215000,股
2026-08-06,301377 CH,GUANGDONG DTECH TECHNOLOGY-A,1.04,291988,股
2026-08-06,6920 JP,LASERTEC CORP,1.0,65000,股
2026-08-06,FORM US,FORMFACTOR INC,0.97,150454,股
2026-08-06,2308,台達電,0.94,320000,股
2026-08-06,FTNT US,FORTINET INC,0.9,100000,股
2026-08-06,VECO US,VEECO INSTRUMENTS INC,0.9,310000,股
2026-08-06,AEHR US,AEHR TEST SYSTEMS,0.79,140344,股
2026-08-06,6787 JP,MEIKO ELECTRONICS CO LTD,0.68,80000,股
2026-08-06,2303,聯電,0.53,2500000,股
2026-08-06,AIXA GY,AIXTRON SE,0.51,200000,股
2026-08-06,9988 HK,ALIBABA GROUP HOLDING LTD,0.45,500000,股
2026-08-06,4062 JP,IBIDEN CO LTD,0.41,60000,股
2026-08-06,C_NTD,CASH,,2032169199,元
2026-08-06,M_USD,MARGIN,,1001263,元
2026-08-06,RDI_NTD,RECEIVABLES FOR DISPOSAL OF INVESTMENTS,,409306004,元
2026-08-07,MU US,MICRON TECHNOLOGY INC,6.12,123569,股
2026-08-07,LITE US,LUMENTUM HOLDINGS INC,5.12,102000,股
2026-08-07,AMD US,ADVANCEDMICRODEVICES.amdus(超微半導體公司),5.03,184500,股
2026-08-07,3037,欣興,4.33,2600000,股
2026-08-07,AMAT US,APPLIED MATERIALS INC,4.11,135000,股
2026-08-07,2383,台光電,4.07,445000,股
2026-08-07,009150 KS,Samsung Electro-Mechanics co(009150 ks),3.63,70000,股
2026-08-07,6981 JP,MURATA MANUFACTURING CO LTD,3.49,1350000,股
2026-08-07,CRDO US,CREDO TECHNOLOGY GROUP HOLDI,3.17,225000,股
2026-08-07,2330,台積電,3.1,750000,股
2026-08-07,285A JP,KIOXIA HOLDINGS CORP,3.06,180000,股
2026-08-07,2454,聯發科,3.03,445000,股
2026-08-07,TSEM US,TOWER SEMICONDUCTOR LTD,2.66,186825,股
2026-08-07,BE US,BLOOM ENERGY CORP- A,2.6,210000,股
2026-08-07,PANW US,PALO ALTO NETWORKS INC,2.57,125000,股
2026-08-07,WDC US,WESTERN DIGITAL CORP,2.57,105000,股
2026-08-07,MRVL US,MARVELL TECHNOLOGY INC,2.53,205000,股
2026-08-07,6223,旺矽,2.45,230000,股
2026-08-07,SNOW US,SNOWFLAKEINC-CLASSA(Snowflake公司),2.14,115000,股
2026-08-07,NOW US,SERVICENOW INC,1.9,270000,股
2026-08-07,3711,日月光投控,1.84,1800000,股
2026-08-07,6871 JP,MICRONICS JAPAN CO LTD,1.81,370000,股
2026-08-07,IFX GY,INFINEON TECHNOLOGIES AG,1.72,425000,股
2026-08-07,6976 JP,TAIYO YUDEN CO LTD,1.56,450000,股
2026-08-07,3665,貿聯-KY,1.5,390000,股
2026-08-07,2327,國巨*,1.46,1550000,股
2026-08-07,6997 JP,NIPPON CHEMI-CON CORP,1.44,1275100,股
2026-08-07,SNDK US,SANDISK CORP,1.44,21000,股
2026-08-07,MPWR US,MONOLITHIC POWER SYSTEMS INC,1.42,18000,股
2026-08-07,300408 CH,CHAOZHOU THREE-CIRCLE GROU-A,1.33,1249899,股
2026-08-07,LMT US,LOCKHEED MARTIN CORP,1.26,38000,股
2026-08-07,TER US,TERADYNE INC,1.18,55000,股
2026-08-07,301377 CH,GUANGDONG DTECH TECHNOLOGY-A,1.1,291988,股
2026-08-07,COHR US,COHERENT INC,1.07,50000,股
2026-08-07,3017,奇鋐,1.05,215000,股
2026-08-07,FORM US,FORMFACTOR INC,1.0,150454,股
2026-08-07,2308,台達電,0.92,320000,股
2026-08-07,FTNT US,FORTINET INC,0.9,100000,股
2026-08-07,AEHR US,AEHR TEST SYSTEMS,0.82,140344,股
2026-08-07,6787 JP,MEIKO ELECTRONICS CO LTD,0.8,120000,股
2026-08-07,3308 HK,ZHONGJI INNOLIGHT CO LTD-H,0.72,90000,股
2026-08-07,AIXA GY,AIXTRON SE,0.52,200000,股
2026-08-07,2303,聯電,0.51,2500000,股
2026-08-07,VECO US,VEECO INSTRUMENTS INC,0.46,155000,股
2026-08-07,9988 HK,ALIBABA GROUP HOLDING LTD,0.45,500000,股
2026-08-07,C_NTD,CASH,,2344402016,元
2026-08-07,M_USD,MARGIN,,1001263,元
2026-08-07,RDI_NTD,RECEIVABLES FOR DISPOSAL OF INVESTMENTS,,407242764,元
2026-08-10,MU US,MICRON TECHNOLOGY INC,6.11,123569,股
2026-08-10,AMD US,ADVANCEDMICRODEVICES.amdus(超微半導體公司),4.98,184500,股
2026-08-10,LITE US,LUMENTUM HOLDINGS INC,4.77,102000,股
2026-08-10,3037,欣興,4.6,2600000,股
2026-08-10,2383,台光電,4.2,445000,股
2026-08-10,AMAT US,APPLIED MATERIALS INC,4.05,135000,股
2026-08-10,009150 KS,Samsung Electro-Mechanics co(009150 ks),3.61,70000,股
2026-08-10,6981 JP,MURATA MANUFACTURING CO LTD,3.58,1350000,股
2026-08-10,2330,台積電,3.18,750000,股
2026-08-10,2454,聯發科,3.14,445000,股
2026-08-10,285A JP,KIOXIA HOLDINGS CORP,3.13,180000,股
2026-08-10,CRDO US,CREDO TECHNOLOGY GROUP HOLDI,3.1,225000,股
2026-08-10,PANW US,PALO ALTO NETWORKS INC,2.76,125000,股
2026-08-10,TSEM US,TOWER SEMICONDUCTOR LTD,2.71,186825,股
2026-08-10,6223,旺矽,2.69,242000,股
2026-08-10,WDC US,WESTERN DIGITAL CORP,2.64,105000,股
2026-08-10,BE US,BLOOM ENERGY CORP- A,2.54,210000,股
2026-08-10,MRVL US,MARVELL TECHNOLOGY INC,2.46,205000,股
2026-08-10,SNOW US,SNOWFLAKEINC-CLASSA(Snowflake公司),2.21,115000,股
2026-08-10,3711,日月光投控,2.02,1800000,股
2026-08-10,NOW US,SERVICENOW INC,1.98,270000,股
2026-08-10,6871 JP,MICRONICS JAPAN CO LTD,1.86,370000,股
2026-08-10,COHR US,COHERENT INC,1.77,95000,股
2026-08-10,IFX GY,INFINEON TECHNOLOGIES AG,1.76,425000,股
2026-08-10,2327,國巨*,1.58,1550000,股
2026-08-10,6976 JP,TAIYO YUDEN CO LTD,1.56,450000,股
2026-08-10,SNDK US,SANDISK CORP,1.49,21000,股
2026-08-10,MPWR US,MONOLITHIC POWER SYSTEMS INC,1.43,18000,股
2026-08-10,300408 CH,CHAOZHOU THREE-CIRCLE GROU-A,1.35,1249899,股
2026-08-10,6997 JP,NIPPON CHEMI-CON CORP,1.34,1275100,股
2026-08-10,LMT US,LOCKHEED MARTIN CORP,1.32,38000,股
2026-08-10,TER US,TERADYNE INC,1.15,55000,股
2026-08-10,301377 CH,GUANGDONG DTECH TECHNOLOGY-A,1.09,291988,股
2026-08-10,2308,台達電,1.06,328000,股
2026-08-10,3017,奇鋐,1.06,215000,股
2026-08-10,6787 JP,MEIKO ELECTRONICS CO LTD,0.98,160000,股
2026-08-10,FORM US,FORMFACTOR INC,0.97,150454,股
2026-08-10,AEHR US,AEHR TEST SYSTEMS,0.86,140344,股
2026-08-10,3308 HK,ZHONGJI INNOLIGHT CO LTD-H,0.83,110000,股
2026-08-10,3665,貿聯-KY,0.74,190000,股
2026-08-10,2303,聯電,0.55,2500000,股
2026-08-10,AIXA GY,AIXTRON SE,0.54,200000,股
2026-08-10,9988 HK,ALIBABA GROUP HOLDING LTD,0.46,500000,股
2026-08-10,VECO US,VEECO INSTRUMENTS INC,0.02,7952,股
2026-08-10,C_NTD,CASH,,2311904607,元
2026-08-10,M_USD,MARGIN,,1001263,元
2026-08-10,RDI_NTD,RECEIVABLES FOR DISPOSAL OF INVESTMENTS,,828681982,元
2026-08-11,AMD US,ADVANCEDMICRODEVICES.amdus(超微半導體公司),4.98,184500,股
2026-08-11,MU US,MICRON TECHNOLOGY INC,4.95,100000,股
2026-08-11,LITE US,LUMENTUM HOLDINGS INC,4.77,102000,股
2026-08-11,3037,欣興,4.55,2600000,股
2026-08-11,2383,台光電,4.35,445000,股
2026-08-11,009150 KS,Samsung Electro-Mechanics co(009150 ks),3.59,70000,股
2026-08-11,6981 JP,MURATA MANUFACTURING CO LTD,3.53,1350000,股
2026-08-11,PANW US,PALO ALTO NETWORKS INC,3.28,150000,股
2026-08-11,2330,台積電,3.17,750000,股
2026-08-11,CRDO US,CREDO TECHNOLOGY GROUP HOLDI,3.17,225000,股
2026-08-11,2454,聯發科,3.16,445000,股
2026-08-11,285A JP,KIOXIA HOLDINGS CORP,3.09,180000,股
2026-08-11,6223,旺矽,2.7,242000,股
2026-08-11,TSEM US,TOWER SEMICONDUCTOR LTD,2.66,186825,股
2026-08-11,WDC US,WESTERN DIGITAL CORP,2.62,105000,股
2026-08-11,AMAT US,APPLIED MATERIALS INC,2.54,85000,股
2026-08-11,BE US,BLOOM ENERGY CORP- A,2.53,210000,股
2026-08-11,MRVL US,MARVELL TECHNOLOGY INC,2.48,205000,股
2026-08-11,SNOW US,SNOWFLAKEINC-CLASSA(Snowflake公司),2.19,115000,股
2026-08-11,3711,日月光投控,2.0,1800000,股
2026-08-11,NOW US,SERVICENOW INC,1.96,270000,股
2026-08-11,300408 CH,CHAOZHOU THREE-CIRCLE GROU-A,1.92,1749879,股
2026-08-11,6871 JP,MICRONICS JAPAN CO LTD,1.84,370000,股
2026-08-11,COHR US,COHERENT INC,1.78,95000,股
2026-08-11,IFX GY,INFINEON TECHNOLOGIES AG,1.76,425000,股
2026-08-11,2327,國巨*,1.69,1550000,股
2026-08-11,6976 JP,TAIYO YUDEN CO LTD,1.54,450000,股
2026-08-11,SNDK US,SANDISK CORP,1.52,21000,股
2026-08-11,2308,台達電,1.49,468000,股
2026-08-11,MPWR US,MONOLITHIC POWER SYSTEMS INC,1.44,18000,股
2026-08-11,6997 JP,NIPPON CHEMI-CON CORP,1.32,1275100,股
2026-08-11,LMT US,LOCKHEED MARTIN CORP,1.29,38000,股
2026-08-11,TER US,TERADYNE INC,1.19,55000,股
2026-08-11,301377 CH,GUANGDONG DTECH TECHNOLOGY-A,1.06,291988,股
2026-08-11,3017,奇鋐,1.05,215000,股
2026-08-11,FORM US,FORMFACTOR INC,1.04,150454,股
2026-08-11,6787 JP,MEIKO ELECTRONICS CO LTD,0.97,160000,股
2026-08-11,AEHR US,AEHR TEST SYSTEMS,0.94,140344,股
2026-08-11,9988 HK,ALIBABA GROUP HOLDING LTD,0.92,1000000,股
2026-08-11,3308 HK,ZHONGJI INNOLIGHT CO LTD-H,0.81,110000,股
2026-08-11,PLTR US,PALANTIR TECHNOLOGIES INC-A,0.8,80000,股
2026-08-11,NET US,CLOUDFLARE INC - CLASS A,0.79,45000,股
2026-08-11,AIXA GY,AIXTRON SE,0.55,200000,股
2026-08-11,VECO US,VEECO INSTRUMENTS INC,0.02,7952,股
2026-08-11,C_NTD,CASH,,2409009060,元
2026-08-11,M_USD,MARGIN,,1001263,元
2026-08-11,RDI_NTD,RECEIVABLES FOR DISPOSAL OF INVESTMENTS,,855528700,元
2026-08-12,LITE US,LUMENTUM HOLDINGS INC,6.01,117000,股
2026-08-12,3037,欣興,4.45,2600000,股
2026-08-12,2383,台光電,4.36,445000,股
2026-08-12,009150 KS,Samsung Electro-Mechanics co(009150 ks),3.67,70000,股
2026-08-12,6981 JP,MURATA MANUFACTURING CO LTD,3.52,1350000,股
2026-08-12,MU US,MICRON TECHNOLOGY INC,3.52,70000,股
2026-08-12,AMD US,ADVANCEDMICRODEVICES.amdus(超微半導體公司),3.46,130000,股
2026-08-12,CRDO US,CREDO TECHNOLOGY GROUP HOLDI,3.33,225000,股
2026-08-12,PANW US,PALO ALTO NETWORKS INC,3.2,150000,股
2026-08-12,285A JP,KIOXIA HOLDINGS CORP,3.11,180000,股
2026-08-12,TSEM US,TOWER SEMICONDUCTOR LTD,3.11,216825,股
2026-08-12,2330,台積電,3.1,750000,股
2026-08-12,2454,聯發科,3.06,445000,股
2026-08-12,BE US,BLOOM ENERGY CORP- A,2.75,210000,股
2026-08-12,6223,旺矽,2.73,242000,股
2026-08-12,WDC US,WESTERN DIGITAL CORP,2.63,105000,股
2026-08-12,MRVL US,MARVELL TECHNOLOGY INC,2.45,205000,股
2026-08-12,SNOW US,SNOWFLAKEINC-CLASSA(Snowflake公司),2.38,130000,股
2026-08-12,AMAT US,APPLIED MATERIALS INC,2.05,68000,股
2026-08-12,3711,日月光投控,1.91,1800000,股
2026-08-12,COHR US,COHERENT INC,1.86,95000,股
2026-08-12,NOW US,SERVICENOW INC,1.86,270000,股
2026-08-12,300408 CH,CHAOZHOU THREE-CIRCLE GROU-A,1.83,1749879,股
2026-08-12,6871 JP,MICRONICS JAPAN CO LTD,1.79,370000,股
2026-08-12,IFX GY,INFINEON TECHNOLOGIES AG,1.71,425000,股
2026-08-12,2327,國巨*,1.6,1550000,股
2026-08-12,6976 JP,TAIYO YUDEN CO LTD,1.6,450000,股
2026-08-12,SNDK US,SANDISK CORP,1.56,21000,股
2026-08-12,2308,台達電,1.43,468000,股
2026-08-12,MPWR US,MONOLITHIC POWER SYSTEMS INC,1.41,18000,股
2026-08-12,6997 JP,NIPPON CHEMI-CON CORP,1.3,1275100,股
2026-08-12,LMT US,LOCKHEED MARTIN CORP,1.27,38000,股
2026-08-12,PLTR US,PALANTIR TECHNOLOGIES INC-A,1.23,130000,股
2026-08-12,TER US,TERADYNE INC,1.22,55000,股
2026-08-12,301377 CH,GUANGDONG DTECH TECHNOLOGY-A,1.07,291988,股
2026-08-12,3017,奇鋐,1.07,215000,股
2026-08-12,FORM US,FORMFACTOR INC,1.07,150454,股
2026-08-12,AEHR US,AEHR TEST SYSTEMS,1.0,140344,股
2026-08-12,6787 JP,MEIKO ELECTRONICS CO LTD,0.99,160000,股
2026-08-12,3308 HK,ZHONGJI INNOLIGHT CO LTD-H,0.86,110000,股
2026-08-12,9988 HK,ALIBABA GROUP HOLDING LTD,0.86,1000000,股
2026-08-12,NET US,CLOUDFLARE INC - CLASS A,0.77,45000,股
2026-08-12,TWLO US,TWILIO INC - A,0.75,55000,股
2026-08-12,AIXA GY,AIXTRON SE,0.55,200000,股
2026-08-12,C_NTD,CASH,,3003832730,元
2026-08-12,M_USD,MARGIN,,1001263,元
2026-08-12,RDI_NTD,RECEIVABLES FOR DISPOSAL OF INVESTMENTS,,536282808,元
2026-08-13,LITE US,LUMENTUM HOLDINGS INC,5.59,117000,股
2026-08-13,3037,欣興,4.39,2600000,股
2026-08-13,2383,台光電,4.27,445000,股
2026-08-13,009150 KS,Samsung Electro-Mechanics co(009150 ks),3.98,70000,股
2026-08-13,6981 JP,MURATA MANUFACTURING CO LTD,3.82,1350000,股
2026-08-13,MU US,MICRON TECHNOLOGY INC,3.61,70000,股
2026-08-13,AMD US,ADVANCEDMICRODEVICES.amdus(超微半導體公司),3.41,130000,股
2026-08-13,CRDO US,CREDO TECHNOLOGY GROUP HOLDI,3.25,225000,股
2026-08-13,PANW US,PALO ALTO NETWORKS INC,3.22,150000,股
2026-08-13,2454,聯發科,3.17,445000,股
2026-08-13,285A JP,KIOXIA HOLDINGS CORP,3.17,180000,股
2026-08-13,TSEM US,TOWER SEMICONDUCTOR LTD,2.98,216825,股
2026-08-13,BE US,BLOOM ENERGY CORP- A,2.69,210000,股
2026-08-13,2330,台積電,2.67,650000,股
2026-08-13,6223,旺矽,2.65,242000,股
2026-08-13,MRVL US,MARVELL TECHNOLOGY INC,2.47,205000,股
2026-08-13,SNOW US,SNOWFLAKEINC-CLASSA(Snowflake公司),2.38,130000,股
2026-08-13,WDC US,WESTERN DIGITAL CORP,2.12,80000,股
2026-08-13,AMAT US,APPLIED MATERIALS INC,1.97,68000,股
2026-08-13,3711,日月光投控,1.9,1800000,股
2026-08-13,NOW US,SERVICENOW INC,1.86,270000,股
2026-08-13,6871 JP,MICRONICS JAPAN CO LTD,1.82,370000,股
2026-08-13,300408 CH,CHAOZHOU THREE-CIRCLE GROU-A,1.81,1749879,股
2026-08-13,SNDK US,SANDISK CORP,1.74,21000,股
2026-08-13,2327,國巨*,1.73,1550000,股
2026-08-13,COHR US,COHERENT INC,1.69,95000,股
2026-08-13,6976 JP,TAIYO YUDEN CO LTD,1.68,450000,股
2026-08-13,IFX GY,INFINEON TECHNOLOGIES AG,1.66,425000,股
2026-08-13,2308,台達電,1.49,468000,股
2026-08-13,6997 JP,NIPPON CHEMI-CON CORP,1.34,1275100,股
2026-08-13,MPWR US,MONOLITHIC POWER SYSTEMS INC,1.33,18000,股
2026-08-13,PLTR US,PALANTIR TECHNOLOGIES INC-A,1.26,130000,股
2026-08-13,LMT US,LOCKHEED MARTIN CORP,1.23,38000,股
2026-08-13,TER US,TERADYNE INC,1.23,55000,股
2026-08-13,3017,奇鋐,1.16,215000,股
2026-08-13,FORM US,FORMFACTOR INC,1.07,150454,股
2026-08-13,301377 CH,GUANGDONG DTECH TECHNOLOGY-A,1.05,291988,股
2026-08-13,6787 JP,MEIKO ELECTRONICS CO LTD,1.02,160000,股
2026-08-13,STX US,SEAGATE TECHNOLOGY,1.0,20000,股
2026-08-13,3308 HK,ZHONGJI INNOLIGHT CO LTD-H,0.87,110000,股
2026-08-13,NET US,CLOUDFLARE INC - CLASS A,0.81,45000,股
2026-08-13,SPCX US,SPACE EXPLORATION TECHN-CL A,0.77,100000,股
2026-08-13,TWLO US,TWILIO INC - A,0.74,55000,股
2026-08-13,AIXA GY,AIXTRON SE,0.52,200000,股
2026-08-13,AEHR US,AEHR TEST SYSTEMS,0.47,70000,股
2026-08-13,4979,華星光,0.43,450000,股
2026-08-13,C_NTD,CASH,,3544645418,元
2026-08-13,M_USD,MARGIN,,1001263,元
2026-08-13,RDI_NTD,RECEIVABLES FOR DISPOSAL OF INVESTMENTS,,103853131,元
2026-08-14,LITE US,LUMENTUM HOLDINGS INC,5.8,117000,股
2026-08-14,2383,台光電,4.59,445000,股
2026-08-14,3037,欣興,4.43,2600000,股
2026-08-14,009150 KS,Samsung Electro-Mechanics co(009150 ks),4.14,70000,股
2026-08-14,6981 JP,MURATA MANUFACTURING CO LTD,3.74,1350000,股
2026-08-14,MU US,MICRON TECHNOLOGY INC,3.64,70000,股
2026-08-14,AMD US,ADVANCEDMICRODEVICES.amdus(超微半導體公司),3.58,130000,股
2026-08-14,285A JP,KIOXIA HOLDINGS CORP,3.25,180000,股
2026-08-14,2454,聯發科,3.13,445000,股
2026-08-14,CRDO US,CREDO TECHNOLOGY GROUP HOLDI,3.13,225000,股
2026-08-14,PANW US,PALO ALTO NETWORKS INC,3.08,150000,股
2026-08-14,TSEM US,TOWER SEMICONDUCTOR LTD,3.08,216825,股
2026-08-14,6223,旺矽,2.61,242000,股
2026-08-14,2330,台積電,2.6,650000,股
2026-08-14,STX US,SEAGATE TECHNOLOGY,2.6,50000,股
2026-08-14,BE US,BLOOM ENERGY CORP- A,2.58,210000,股
2026-08-14,MRVL US,MARVELL TECHNOLOGY INC,2.44,205000,股
2026-08-14,SNOW US,SNOWFLAKEINC-CLASSA(Snowflake公司),2.29,130000,股
2026-08-14,WDC US,WESTERN DIGITAL CORP,2.18,80000,股
2026-08-14,6871 JP,MICRONICS JAPAN CO LTD,1.87,370000,股
2026-08-14,SNDK US,SANDISK CORP,1.84,21000,股
2026-08-14,2308,台達電,1.83,580000,股
2026-08-14,300408 CH,CHAOZHOU THREE-CIRCLE GROU-A,1.79,1749879,股
2026-08-14,NOW US,SERVICENOW INC,1.79,270000,股
2026-08-14,PLTR US,PALANTIR TECHNOLOGIES INC-A,1.68,180000,股
2026-08-14,6976 JP,TAIYO YUDEN CO LTD,1.67,450000,股
2026-08-14,COHR US,COHERENT INC,1.66,95000,股
2026-08-14,IFX GY,INFINEON TECHNOLOGIES AG,1.62,425000,股
2026-08-14,2327,國巨*,1.61,1550000,股
2026-08-14,3711,日月光投控,1.39,1350000,股
2026-08-14,6997 JP,NIPPON CHEMI-CON CORP,1.36,1275100,股
2026-08-14,MPWR US,MONOLITHIC POWER SYSTEMS INC,1.35,18000,股
2026-08-14,AMAT US,APPLIED MATERIALS INC,1.3,48000,股
2026-08-14,LMT US,LOCKHEED MARTIN CORP,1.24,38000,股
2026-08-14,TER US,TERADYNE INC,1.23,55000,股
2026-08-14,SPCX US,SPACE EXPLORATION TECHN-CL A,1.2,160000,股
2026-08-14,3017,奇鋐,1.16,215000,股
2026-08-14,FORM US,FORMFACTOR INC,1.06,150454,股
2026-08-14,301377 CH,GUANGDONG DTECH TECHNOLOGY-A,1.04,291988,股
2026-08-14,6787 JP,MEIKO ELECTRONICS CO LTD,0.98,160000,股
2026-08-14,3308 HK,ZHONGJI INNOLIGHT CO LTD-H,0.88,110000,股
2026-08-14,NET US,CLOUDFLARE INC - CLASS A,0.76,45000,股
2026-08-14,TWLO US,TWILIO INC - A,0.7,55000,股
2026-08-14,AIXA GY,AIXTRON SE,0.51,200000,股
2026-08-14,AEHR US,AEHR TEST SYSTEMS,0.5,70000,股
2026-08-14,4979,華星光,0.39,450000,股
2026-08-14,C_NTD,CASH,,3111843694,元
2026-08-14,M_USD,MARGIN,,1001263,元
2026-08-14,RDI_NTD,RECEIVABLES FOR DISPOSAL OF INVESTMENTS,,-613734156,元
2026-08-17,LITE US,LUMENTUM HOLDINGS INC,5.95,117000,股
2026-08-17,3037,欣興,4.8,2600000,股
2026-08-17,2383,台光電,4.66,445000,股
2026-08-17,009150 KS,Samsung Electro-Mechanics co(009150 ks),4.07,70000,股
2026-08-17,MU US,MICRON TECHNOLOGY INC,3.71,70000,股
2026-08-17,6981 JP,MURATA MANUFACTURING CO LTD,3.69,1350000,股
2026-08-17,285A JP,KIOXIA HOLDINGS CORP,3.67,180000,股
2026-08-17,AMD US,ADVANCEDMICRODEVICES.amdus(超微半導體公司),3.45,130000,股
2026-08-17,CRDO US,CREDO TECHNOLOGY GROUP HOLDI,3.34,225000,股
2026-08-17,STX US,SEAGATE TECHNOLOGY,3.13,60000,股
2026-08-17,TSEM US,TOWER SEMICONDUCTOR LTD,3.0,216825,股
2026-08-17,PANW US,PALO ALTO NETWORKS INC,2.96,150000,股
2026-08-17,2330,台積電,2.57,650000,股
2026-08-17,BE US,BLOOM ENERGY CORP- A,2.56,210000,股
2026-08-17,MRVL US,MARVELL TECHNOLOGY INC,2.52,205000,股
2026-08-17,2454,聯發科,2.47,370000,股
2026-08-17,6223,旺矽,2.31,242000,股
2026-08-17,SNOW US,SNOWFLAKEINC-CLASSA(Snowflake公司),2.25,130000,股
2026-08-17,WDC US,WESTERN DIGITAL CORP,2.25,80000,股
2026-08-17,2308,台達電,2.24,720000,股
2026-08-17,SNDK US,SANDISK CORP,1.97,21000,股
2026-08-17,6871 JP,MICRONICS JAPAN CO LTD,1.87,370000,股
2026-08-17,300408 CH,CHAOZHOU THREE-CIRCLE GROU-A,1.77,1749879,股
2026-08-17,COHR US,COHERENT INC,1.75,95000,股
2026-08-17,6976 JP,TAIYO YUDEN CO LTD,1.68,450000,股
2026-08-17,PLTR US,PALANTIR TECHNOLOGIES INC-A,1.63,180000,股
2026-08-17,IFX GY,INFINEON TECHNOLOGIES AG,1.6,425000,股
2026-08-17,2327,國巨*,1.55,1550000,股
2026-08-17,SPCX US,SPACE EXPLORATION TECHN-CL A,1.53,200000,股
2026-08-17,MPWR US,MONOLITHIC POWER SYSTEMS INC,1.34,18000,股
2026-08-17,6997 JP,NIPPON CHEMI-CON CORP,1.32,1275100,股
2026-08-17,TER US,TERADYNE INC,1.28,55000,股
2026-08-17,LMT US,LOCKHEED MARTIN CORP,1.18,38000,股
2026-08-17,3017,奇鋐,1.12,215000,股
2026-08-17,FORM US,FORMFACTOR INC,1.09,150454,股
2026-08-17,301377 CH,GUANGDONG DTECH TECHNOLOGY-A,1.05,291988,股
2026-08-17,6787 JP,MEIKO ELECTRONICS CO LTD,1.02,160000,股
2026-08-17,3711,日月光投控,1.01,1000000,股
2026-08-17,3308 HK,ZHONGJI INNOLIGHT CO LTD-H,0.93,110000,股
2026-08-17,NOW US,SERVICENOW INC,0.83,135000,股
2026-08-17,NET US,CLOUDFLARE INC - CLASS A,0.72,45000,股
2026-08-17,TWLO US,TWILIO INC - A,0.66,55000,股
2026-08-17,AEHR US,AEHR TEST SYSTEMS,0.53,70000,股
2026-08-17,AIXA GY,AIXTRON SE,0.51,200000,股
2026-08-17,4979,華星光,0.4,450000,股
2026-08-17,4180 JP,APPIER GROUP INC,0.11,250000,股
2026-08-17,C_NTD,CASH,,1828875681,元
2026-08-17,M_USD,MARGIN,,1001263,元
2026-08-17,RDI_NTD,RECEIVABLES FOR DISPOSAL OF INVESTMENTS,,1069338120,元
2026-08-18,LITE US,LUMENTUM HOLDINGS INC,5.76,117000,股
2026-08-18,3037,欣興,5.25,2600000,股
2026-08-18,2383,台光電,4.87,445000,股
2026-08-18,009150 KS,Samsung Electro-Mechanics co(009150 ks),4.0,70000,股
2026-08-18,MU US,MICRON TECHNOLOGY INC,3.71,70000,股
2026-08-18,285A JP,KIOXIA HOLDINGS CORP,3.63,180000,股
2026-08-18,6981 JP,MURATA MANUFACTURING CO LTD,3.57,1350000,股
2026-08-18,AMD US,ADVANCEDMICRODEVICES.amdus(超微半導體公司),3.55,130000,股
2026-08-18,PANW US,PALO ALTO NETWORKS INC,3.16,150000,股
2026-08-18,CRDO US,CREDO TECHNOLOGY GROUP HOLDI,3.12,225000,股
2026-08-18,STX US,SEAGATE TECHNOLOGY,3.06,60000,股
2026-08-18,TSEM US,TOWER SEMICONDUCTOR LTD,2.94,216825,股
2026-08-18,2330,台積電,2.73,650000,股
2026-08-18,MRVL US,MARVELL TECHNOLOGY INC,2.5,205000,股
2026-08-18,BE US,BLOOM ENERGY CORP- A,2.47,210000,股
2026-08-18,SNOW US,SNOWFLAKEINC-CLASSA(Snowflake公司),2.38,130000,股
2026-08-18,2308,台達電,2.31,720000,股
2026-08-18,6223,旺矽,2.25,242000,股
2026-08-18,WDC US,WESTERN DIGITAL CORP,2.24,80000,股
2026-08-18,2454,聯發科,2.06,300000,股
2026-08-18,SPCX US,SPACE EXPLORATION TECHN-CL A,1.94,240000,股
2026-08-18,6871 JP,MICRONICS JAPAN CO LTD,1.93,370000,股
2026-08-18,SNDK US,SANDISK CORP,1.92,21000,股
2026-08-18,300408 CH,CHAOZHOU THREE-CIRCLE GROU-A,1.81,1749879,股
2026-08-18,PLTR US,PALANTIR TECHNOLOGIES INC-A,1.74,180000,股
2026-08-18,COHR US,COHERENT INC,1.64,95000,股
2026-08-18,IFX GY,INFINEON TECHNOLOGIES AG,1.59,425000,股
2026-08-18,2327,國巨*,1.57,1550000,股
2026-08-18,6997 JP,NIPPON CHEMI-CON CORP,1.35,1275100,股
2026-08-18,MPWR US,MONOLITHIC POWER SYSTEMS INC,1.35,18000,股
2026-08-18,TER US,TERADYNE INC,1.25,55000,股
2026-08-18,301377 CH,GUANGDONG DTECH TECHNOLOGY-A,1.15,291988,股
2026-08-18,3017,奇鋐,1.15,215000,股
2026-08-18,3711,日月光投控,1.06,1000000,股
2026-08-18,6787 JP,MEIKO ELECTRONICS CO LTD,1.06,160000,股
2026-08-18,FORM US,FORMFACTOR INC,1.05,150454,股
2026-08-18,000660 KS,SK HYNIX INC,0.97,15000,股
2026-08-18,3308 HK,ZHONGJI INNOLIGHT CO LTD-H,0.97,110000,股
2026-08-18,5801 JP,FURUKAWA ELECTRIC CO LTD,0.77,500000,股
2026-08-18,NET US,CLOUDFLARE INC - CLASS A,0.76,45000,股
2026-08-18,TWLO US,TWILIO INC - A,0.72,55000,股
2026-08-18,6976 JP,TAIYO YUDEN CO LTD,0.63,180000,股
2026-08-18,AIXA GY,AIXTRON SE,0.5,200000,股
2026-08-18,AEHR US,AEHR TEST SYSTEMS,0.49,70000,股
2026-08-18,4979,華星光,0.42,450000,股
2026-08-18,4180 JP,APPIER GROUP INC,0.11,250000,股
2026-08-18,C_NTD,CASH,,2721982719,元
2026-08-18,M_USD,MARGIN,,1001263,元
2026-08-18,RDI_NTD,RECEIVABLES FOR DISPOSAL OF INVESTMENTS,,1062927077,元
2026-08-19,LITE US,LUMENTUM HOLDINGS INC,5.64,117000,股
2026-08-19,3037,欣興,5.35,2600000,股
2026-08-19,2383,台光電,4.76,445000,股
2026-08-19,009150 KS,Samsung Electro-Mechanics co(009150 ks),4.16,70000,股
2026-08-19,MU US,MICRON TECHNOLOGY INC,3.82,70000,股
2026-08-19,6981 JP,MURATA MANUFACTURING CO LTD,3.62,1350000,股
2026-08-19,AMD US,ADVANCEDMICRODEVICES.amdus(超微半導體公司),3.53,130000,股
2026-08-19,285A JP,KIOXIA HOLDINGS CORP,3.29,180000,股
2026-08-19,PANW US,PALO ALTO NETWORKS INC,3.14,150000,股
2026-08-19,CRDO US,CREDO TECHNOLOGY GROUP HOLDI,3.08,225000,股
2026-08-19,STX US,SEAGATE TECHNOLOGY,2.91,60000,股
2026-08-19,TSEM US,TOWER SEMICONDUCTOR LTD,2.86,216825,股
2026-08-19,MRVL US,MARVELL TECHNOLOGY INC,2.83,205000,股
2026-08-19,2330,台積電,2.78,650000,股
2026-08-19,BE US,BLOOM ENERGY CORP- A,2.53,210000,股
2026-08-19,SNOW US,SNOWFLAKEINC-CLASSA(Snowflake公司),2.46,130000,股
2026-08-19,2308,台達電,2.31,720000,股
2026-08-19,6223,旺矽,2.31,242000,股
2026-08-19,SPCX US,SPACE EXPLORATION TECHN-CL A,2.2,270000,股
2026-08-19,WDC US,WESTERN DIGITAL CORP,2.15,80000,股
2026-08-19,2454,聯發科,2.1,300000,股
2026-08-19,SNDK US,SANDISK CORP,1.92,21000,股
2026-08-19,6871 JP,MICRONICS JAPAN CO LTD,1.88,370000,股
2026-08-19,PLTR US,PALANTIR TECHNOLOGIES INC-A,1.84,180000,股
2026-08-19,300408 CH,CHAOZHOU THREE-CIRCLE GROU-A,1.66,1749879,股
2026-08-19,2327,國巨*,1.62,1550000,股
2026-08-19,COHR US,COHERENT INC,1.59,95000,股
2026-08-19,IFX GY,INFINEON TECHNOLOGIES AG,1.58,425000,股
2026-08-19,3017,奇鋐,1.55,275000,股
2026-08-19,MPWR US,MONOLITHIC POWER SYSTEMS INC,1.36,18000,股
2026-08-19,6997 JP,NIPPON CHEMI-CON CORP,1.28,1275100,股
2026-08-19,TER US,TERADYNE INC,1.22,55000,股
2026-08-19,301377 CH,GUANGDONG DTECH TECHNOLOGY-A,1.08,291988,股
2026-08-19,3711,日月光投控,1.07,1000000,股
2026-08-19,000660 KS,SK HYNIX INC,1.01,15000,股
2026-08-19,6787 JP,MEIKO ELECTRONICS CO LTD,1.01,160000,股
2026-08-19,FORM US,FORMFACTOR INC,1.01,150454,股
2026-08-19,3308 HK,ZHONGJI INNOLIGHT CO LTD-H,0.9,110000,股
2026-08-19,NET US,CLOUDFLARE INC - CLASS A,0.76,45000,股
2026-08-19,TWLO US,TWILIO INC - A,0.71,55000,股
2026-08-19,5801 JP,FURUKAWA ELECTRIC CO LTD,0.69,500000,股
2026-08-19,AIXA GY,AIXTRON SE,0.5,200000,股
2026-08-19,4180 JP,APPIER GROUP INC,0.44,950000,股
2026-08-19,AEHR US,AEHR TEST SYSTEMS,0.44,70000,股
2026-08-19,4979,華星光,0.43,450000,股
2026-08-19,C_NTD,CASH,,3862243752,元
2026-08-19,M_USD,MARGIN,,1001263,元
2026-08-19,RDI_NTD,RECEIVABLES FOR DISPOSAL OF INVESTMENTS,,-348558982,元
2026-08-19,RP_NTD,RP,,0,元
2026-08-20,LITE US,LUMENTUM HOLDINGS INC,5.93,117000,股
2026-08-20,3037,欣興,5.34,2600000,股
2026-08-20,2383,台光電,4.8,445000,股
2026-08-20,009150 KS,Samsung Electro-Mechanics co(009150 ks),4.05,70000,股
2026-08-20,MU US,MICRON TECHNOLOGY INC,3.93,70000,股
2026-08-20,6981 JP,MURATA MANUFACTURING CO LTD,3.54,1350000,股
2026-08-20,AMD US,ADVANCEDMICRODEVICES.amdus(超微半導體公司),3.52,130000,股
2026-08-20,285A JP,KIOXIA HOLDINGS CORP,3.47,180000,股
2026-08-20,PANW US,PALO ALTO NETWORKS INC,3.02,150000,股
2026-08-20,CRDO US,CREDO TECHNOLOGY GROUP HOLDI,3.0,225000,股
2026-08-20,MRVL US,MARVELL TECHNOLOGY INC,2.97,205000,股
2026-08-20,STX US,SEAGATE TECHNOLOGY,2.94,60000,股
2026-08-20,TSEM US,TOWER SEMICONDUCTOR LTD,2.8,216825,股
2026-08-20,2330,台積電,2.78,650000,股
2026-08-20,6223,旺矽,2.47,242000,股
2026-08-20,BE US,BLOOM ENERGY CORP- A,2.45,210000,股
2026-08-20,SNOW US,SNOWFLAKEINC-CLASSA(Snowflake公司),2.41,130000,股
2026-08-20,SPCX US,SPACE EXPLORATION TECHN-CL A,2.32,300000,股
2026-08-20,2308,台達電,2.27,720000,股
2026-08-20,2454,聯發科,2.0,300000,股
2026-08-20,SNDK US,SANDISK CORP,1.94,21000,股
2026-08-20,6871 JP,MICRONICS JAPAN CO LTD,1.85,370000,股
2026-08-20,PLTR US,PALANTIR TECHNOLOGIES INC-A,1.81,180000,股
2026-08-20,300408 CH,CHAOZHOU THREE-CIRCLE GROU-A,1.67,1749879,股
2026-08-20,COHR US,COHERENT INC,1.59,95000,股
2026-08-20,IFX GY,INFINEON TECHNOLOGIES AG,1.59,425000,股
2026-08-20,2327,國巨*,1.57,1550000,股
2026-08-20,3017,奇鋐,1.48,275000,股
2026-08-20,MPWR US,MONOLITHIC POWER SYSTEMS INC,1.36,18000,股
2026-08-20,6997 JP,NIPPON CHEMI-CON CORP,1.29,1275100,股
2026-08-20,TER US,TERADYNE INC,1.22,55000,股
2026-08-20,WDC US,WESTERN DIGITAL CORP,1.08,40000,股
2026-08-20,000660 KS,SK HYNIX INC,1.06,15000,股
2026-08-20,3711,日月光投控,1.06,1000000,股
2026-08-20,301377 CH,GUANGDONG DTECH TECHNOLOGY-A,1.03,291988,股
2026-08-20,FORM US,FORMFACTOR INC,1.0,150454,股
2026-08-20,CRCL US,CIRCLE INTERNET GROUP INC,0.96,200000,股
2026-08-20,3308 HK,ZHONGJI INNOLIGHT CO LTD-H,0.89,110000,股
2026-08-20,AEM US,AGNICO EAGLE MINES LTD,0.73,60000,股
2026-08-20,NET US,CLOUDFLARE INC - CLASS A,0.72,45000,股
2026-08-20,5801 JP,FURUKAWA ELECTRIC CO LTD,0.7,500000,股
2026-08-20,TWLO US,TWILIO INC - A,0.7,55000,股
2026-08-20,6787 JP,MEIKO ELECTRONICS CO LTD,0.51,80000,股
2026-08-20,AIXA GY,AIXTRON SE,0.5,200000,股
2026-08-20,4979,華星光,0.46,450000,股
2026-08-20,4180 JP,APPIER GROUP INC,0.45,950000,股
2026-08-20,AEHR US,AEHR TEST SYSTEMS,0.43,70000,股
2026-08-20,095340 KS,ISC CO LTD,0.35,50000,股
2026-08-20,C_NTD,CASH,,3466866656,元
2026-08-20,M_USD,MARGIN,,1001263,元
2026-08-20,RDI_NTD,RECEIVABLES FOR DISPOSAL OF INVESTMENTS,,-394506069,元
2026-08-20,RP_NTD,RP,,0,元
2026-08-21,LITE US,LUMENTUM HOLDINGS INC,5.89,117000,股
2026-08-21,3037,欣興,5.14,2600000,股
2026-08-21,2383,台光電,4.6,445000,股
2026-08-21,MU US,MICRON TECHNOLOGY INC,3.93,70000,股
2026-08-21,009150 KS,Samsung Electro-Mechanics co(009150 ks),3.86,70000,股
2026-08-21,285A JP,KIOXIA HOLDINGS CORP,3.57,180000,股
2026-08-21,AMD US,ADVANCEDMICRODEVICES.amdus(超微半導體公司),3.57,130000,股
2026-08-21,6981 JP,MURATA MANUFACTURING CO LTD,3.5,1350000,股
2026-08-21,PANW US,PALO ALTO NETWORKS INC,3.12,150000,股
2026-08-21,CRDO US,CREDO TECHNOLOGY GROUP HOLDI,3.01,225000,股
2026-08-21,STX US,SEAGATE TECHNOLOGY,2.96,60000,股
2026-08-21,2330,台積電,2.85,650000,股
2026-08-21,MRVL US,MARVELL TECHNOLOGY INC,2.82,205000,股
2026-08-21,TSEM US,TOWER SEMICONDUCTOR LTD,2.8,216825,股
2026-08-21,SNOW US,SNOWFLAKEINC-CLASSA(Snowflake公司),2.51,130000,股
2026-08-21,BE US,BLOOM ENERGY CORP- A,2.46,210000,股
2026-08-21,6223,旺矽,2.41,242000,股
2026-08-21,SPCX US,SPACE EXPLORATION TECHN-CL A,2.39,300000,股
2026-08-21,2308,台達電,2.3,720000,股
2026-08-21,2454,聯發科,2.07,300000,股
2026-08-21,CRCL US,CIRCLE INTERNET GROUP INC,2.04,400000,股
2026-08-21,SNDK US,SANDISK CORP,1.95,21000,股
2026-08-21,PLTR US,PALANTIR TECHNOLOGIES INC-A,1.88,180000,股
2026-08-21,6871 JP,MICRONICS JAPAN CO LTD,1.85,370000,股
2026-08-21,300408 CH,CHAOZHOU THREE-CIRCLE GROU-A,1.72,1749879,股
2026-08-21,IFX GY,INFINEON TECHNOLOGIES AG,1.62,425000,股
2026-08-21,COHR US,COHERENT INC,1.6,95000,股
2026-08-21,2327,國巨*,1.56,1550000,股
2026-08-21,3017,奇鋐,1.44,275000,股
2026-08-21,MPWR US,MONOLITHIC POWER SYSTEMS INC,1.38,18000,股
2026-08-21,6997 JP,NIPPON CHEMI-CON CORP,1.28,1275100,股
2026-08-21,TER US,TERADYNE INC,1.2,55000,股
2026-08-21,000660 KS,SK HYNIX INC,1.11,15000,股
2026-08-21,3711,日月光投控,1.07,1000000,股
2026-08-21,WDC US,WESTERN DIGITAL CORP,1.07,40000,股
2026-08-21,301377 CH,GUANGDONG DTECH TECHNOLOGY-A,1.05,291988,股
2026-08-21,FORM US,FORMFACTOR INC,1.0,150454,股
2026-08-21,3308 HK,ZHONGJI INNOLIGHT CO LTD-H,0.93,110000,股
2026-08-21,NET US,CLOUDFLARE INC - CLASS A,0.77,45000,股
2026-08-21,AEM US,AGNICO EAGLE MINES LTD,0.75,60000,股
2026-08-21,TWLO US,TWILIO INC - A,0.72,55000,股
2026-08-21,5801 JP,FURUKAWA ELECTRIC CO LTD,0.7,500000,股
2026-08-21,AIXA GY,AIXTRON SE,0.51,200000,股
2026-08-21,4979,華星光,0.47,450000,股
2026-08-21,4180 JP,APPIER GROUP INC,0.45,950000,股
2026-08-21,AEHR US,AEHR TEST SYSTEMS,0.41,70000,股
2026-08-21,095340 KS,ISC CO LTD,0.33,50000,股
2026-08-21,C_NTD,CASH,,3106077561,元
2026-08-21,M_USD,MARGIN,,1001263,元
2026-08-21,RDI_NTD,RECEIVABLES FOR DISPOSAL OF INVESTMENTS,,-209281918,元
2026-08-21,RP_NTD,RP,,0,元
2026-08-24,LITE US,LUMENTUM HOLDINGS INC,5.8,117000,股
2026-08-24,3037,欣興,5.23,2600000,股
2026-08-24,2383,台光電,4.52,445000,股
2026-08-24,009150 KS,Samsung Electro-Mechanics co(009150 ks),3.95,70000,股
2026-08-24,MU US,MICRON TECHNOLOGY INC,3.81,70000,股
2026-08-24,6981 JP,MURATA MANUFACTURING CO LTD,3.58,1350000,股
2026-08-24,AMD US,ADVANCEDMICRODEVICES.amdus(超微半導體公司),3.55,130000,股
2026-08-24,285A JP,KIOXIA HOLDINGS CORP,3.44,180000,股
2026-08-24,PANW US,PALO ALTO NETWORKS INC,3.14,150000,股
2026-08-24,CRDO US,CREDO TECHNOLOGY GROUP HOLDI,2.99,225000,股
2026-08-24,2330,台積電,2.89,650000,股
2026-08-24,STX US,SEAGATE TECHNOLOGY,2.85,60000,股
2026-08-24,MRVL US,MARVELL TECHNOLOGY INC,2.81,205000,股
2026-08-24,TSEM US,TOWER SEMICONDUCTOR LTD,2.73,216825,股
2026-08-24,BE US,BLOOM ENERGY CORP- A,2.56,210000,股
2026-08-24,6223,旺矽,2.52,242000,股
2026-08-24,SNOW US,SNOWFLAKEINC-CLASSA(Snowflake公司),2.51,130000,股
2026-08-24,SPCX US,SPACE EXPLORATION TECHN-CL A,2.42,300000,股
2026-08-24,2308,台達電,2.34,720000,股
2026-08-24,2454,聯發科,2.11,300000,股
2026-08-24,CRCL US,CIRCLE INTERNET GROUP INC,2.1,400000,股
2026-08-24,6871 JP,MICRONICS JAPAN CO LTD,1.89,370000,股
2026-08-24,PLTR US,PALANTIR TECHNOLOGIES INC-A,1.89,180000,股
2026-08-24,SNDK US,SANDISK CORP,1.87,21000,股
2026-08-24,300408 CH,CHAOZHOU THREE-CIRCLE GROU-A,1.69,1749879,股
2026-08-24,IFX GY,INFINEON TECHNOLOGIES AG,1.61,425000,股
2026-08-24,2327,國巨*,1.6,1550000,股
2026-08-24,COHR US,COHERENT INC,1.56,95000,股
2026-08-24,3017,奇鋐,1.47,275000,股
2026-08-24,MPWR US,MONOLITHIC POWER SYSTEMS INC,1.38,18000,股
2026-08-24,6997 JP,NIPPON CHEMI-CON CORP,1.29,1275100,股
2026-08-24,TER US,TERADYNE INC,1.2,55000,股
2026-08-24,3711,日月光投控,1.11,1000000,股
2026-08-24,000660 KS,SK HYNIX INC,1.08,15000,股
2026-08-24,WDC US,WESTERN DIGITAL CORP,1.04,40000,股
2026-08-24,301377 CH,GUANGDONG DTECH TECHNOLOGY-A,1.02,291988,股
2026-08-24,FORM US,FORMFACTOR INC,0.97,150454,股
2026-08-24,3308 HK,ZHONGJI INNOLIGHT CO LTD-H,0.85,110000,股
2026-08-24,AEM US,AGNICO EAGLE MINES LTD,0.78,60000,股
2026-08-24,NET US,CLOUDFLARE INC - CLASS A,0.75,45000,股
2026-08-24,TWLO US,TWILIO INC - A,0.73,55000,股
2026-08-24,5801 JP,FURUKAWA ELECTRIC CO LTD,0.68,500000,股
2026-08-24,AIXA GY,AIXTRON SE,0.51,200000,股
2026-08-24,4180 JP,APPIER GROUP INC,0.48,950000,股
2026-08-24,4979,華星光,0.46,450000,股
2026-08-24,AEHR US,AEHR TEST SYSTEMS,0.4,70000,股
2026-08-24,095340 KS,ISC CO LTD,0.33,50000,股
2026-08-24,C_NTD,CASH,,2417602598,元
2026-08-24,M_USD,MARGIN,,1001263,元
2026-08-24,RDI_NTD,RECEIVABLES FOR DISPOSAL OF INVESTMENTS,,274587171,元
2026-08-24,RP_NTD,RP,,0,元
2026-08-25,LITE US,LUMENTUM HOLDINGS INC,6.07,117000,股
2026-08-25,3037,欣興,5.23,2600000,股
2026-08-25,2383,台光電,4.57,445000,股
2026-08-25,009150 KS,Samsung Electro-Mechanics co(009150 ks),4.07,70000,股
2026-08-25,MU US,MICRON TECHNOLOGY INC,3.83,70000,股
2026-08-25,AMD US,ADVANCEDMICRODEVICES.amdus(超微半導體公司),3.65,130000,股
2026-08-25,6981 JP,MURATA MANUFACTURING CO LTD,3.54,1350000,股
2026-08-25,285A JP,KIOXIA HOLDINGS CORP,3.39,180000,股
2026-08-25,BE US,BLOOM ENERGY CORP- A,3.18,250000,股
2026-08-25,CRDO US,CREDO TECHNOLOGY GROUP HOLDI,2.99,225000,股
2026-08-25,PANW US,PALO ALTO NETWORKS INC,2.99,150000,股
2026-08-25,MRVL US,MARVELL TECHNOLOGY INC,2.89,205000,股
2026-08-25,STX US,SEAGATE TECHNOLOGY,2.89,60000,股
2026-08-25,2330,台積電,2.87,650000,股
2026-08-25,TSEM US,TOWER SEMICONDUCTOR LTD,2.7,216825,股
2026-08-25,CRCL US,CIRCLE INTERNET GROUP INC,2.59,480000,股
2026-08-25,6223,旺矽,2.49,242000,股
2026-08-25,SPCX US,SPACE EXPLORATION TECHN-CL A,2.42,300000,股
2026-08-25,SNOW US,SNOWFLAKEINC-CLASSA(Snowflake公司),2.41,130000,股
2026-08-25,2308,台達電,2.26,720000,股
2026-08-25,6871 JP,MICRONICS JAPAN CO LTD,1.89,370000,股
2026-08-25,PLTR US,PALANTIR TECHNOLOGIES INC-A,1.82,180000,股
2026-08-25,SNDK US,SANDISK CORP,1.82,21000,股
2026-08-25,300408 CH,CHAOZHOU THREE-CIRCLE GROU-A,1.66,1749879,股
2026-08-25,COHR US,COHERENT INC,1.6,95000,股
2026-08-25,IFX GY,INFINEON TECHNOLOGIES AG,1.59,425000,股
2026-08-25,2327,國巨*,1.55,1550000,股
2026-08-25,3017,奇鋐,1.49,275000,股
2026-08-25,MPWR US,MONOLITHIC POWER SYSTEMS INC,1.38,18000,股
2026-08-25,2454,聯發科,1.37,200000,股
2026-08-25,6997 JP,NIPPON CHEMI-CON CORP,1.26,1275100,股
2026-08-25,TER US,TERADYNE INC,1.18,55000,股
2026-08-25,000660 KS,SK HYNIX INC,1.09,15000,股
2026-08-25,301377 CH,GUANGDONG DTECH TECHNOLOGY-A,1.0,291988,股
2026-08-25,FORM US,FORMFACTOR INC,0.95,150454,股
2026-08-25,3308 HK,ZHONGJI INNOLIGHT CO LTD-H,0.83,110000,股
2026-08-25,4979,華星光,0.81,735000,股
2026-08-25,AEM US,AGNICO EAGLE MINES LTD,0.79,60000,股
2026-08-25,5801 JP,FURUKAWA ELECTRIC CO LTD,0.73,500000,股
2026-08-25,NET US,CLOUDFLARE INC - CLASS A,0.73,45000,股
2026-08-25,TWLO US,TWILIO INC - A,0.72,55000,股
2026-08-25,AIXA GY,AIXTRON SE,0.51,200000,股
2026-08-25,4180 JP,APPIER GROUP INC,0.45,950000,股
2026-08-25,AEHR US,AEHR TEST SYSTEMS,0.39,70000,股
2026-08-25,095340 KS,ISC CO LTD,0.35,50000,股
2026-08-25,C_NTD,CASH,,1980219969,元
2026-08-25,M_USD,MARGIN,,1001263,元
2026-08-25,RDI_NTD,RECEIVABLES FOR DISPOSAL OF INVESTMENTS,,839381926,元
2026-08-25,RP_NTD,RP,,0,元
2026-08-26,LITE US,LUMENTUM HOLDINGS INC,6.43,117000,股
2026-08-26,3037,欣興,5.55,2600000,股
2026-08-26,2383,台光電,4.82,445000,股
2026-08-26,009150 KS,Samsung Electro-Mechanics co(009150 ks),3.91,70000,股
2026-08-26,MU US,MICRON TECHNOLOGY INC,3.85,70000,股
2026-08-26,AMD US,ADVANCEDMICRODEVICES.amdus(超微半導體公司),3.66,130000,股
2026-08-26,6981 JP,MURATA MANUFACTURING CO LTD,3.57,1350000,股
2026-08-26,285A JP,KIOXIA HOLDINGS CORP,3.31,180000,股
2026-08-26,BE US,BLOOM ENERGY CORP- A,3.19,250000,股
2026-08-26,CRDO US,CREDO TECHNOLOGY GROUP HOLDI,2.98,225000,股
2026-08-26,PANW US,PALO ALTO NETWORKS INC,2.98,150000,股
2026-08-26,STX US,SEAGATE TECHNOLOGY,2.97,60000,股
2026-08-26,MRVL US,MARVELL TECHNOLOGY INC,2.94,205000,股
2026-08-26,2330,台積電,2.89,650000,股
2026-08-26,TSEM US,TOWER SEMICONDUCTOR LTD,2.81,216825,股
2026-08-26,CRCL US,CIRCLE INTERNET GROUP INC,2.53,480000,股
2026-08-26,SPCX US,SPACE EXPLORATION TECHN-CL A,2.45,300000,股
2026-08-26,SNOW US,SNOWFLAKEINC-CLASSA(Snowflake公司),2.4,130000,股
2026-08-26,2308,台達電,2.32,720000,股
2026-08-26,6223,旺矽,2.24,242000,股
2026-08-26,PLTR US,PALANTIR TECHNOLOGIES INC-A,1.87,180000,股
2026-08-26,6871 JP,MICRONICS JAPAN CO LTD,1.84,370000,股
2026-08-26,300408 CH,CHAOZHOU THREE-CIRCLE GROU-A,1.66,1749879,股
2026-08-26,COHR US,COHERENT INC,1.64,95000,股
2026-08-26,3017,奇鋐,1.6,275000,股
2026-08-26,IFX GY,INFINEON TECHNOLOGIES AG,1.6,425000,股
2026-08-26,2327,國巨*,1.53,1550000,股
2026-08-26,SNDK US,SANDISK CORP,1.49,17000,股
2026-08-26,2454,聯發科,1.45,200000,股
2026-08-26,MPWR US,MONOLITHIC POWER SYSTEMS INC,1.37,18000,股
2026-08-26,6997 JP,NIPPON CHEMI-CON CORP,1.26,1275100,股
2026-08-26,TER US,TERADYNE INC,1.17,55000,股
2026-08-26,000660 KS,SK HYNIX INC,1.07,15000,股
2026-08-26,301377 CH,GUANGDONG DTECH TECHNOLOGY-A,1.0,291988,股
2026-08-26,FORM US,FORMFACTOR INC,0.95,150454,股
2026-08-26,3308 HK,ZHONGJI INNOLIGHT CO LTD-H,0.83,110000,股
2026-08-26,4979,華星光,0.81,735000,股
2026-08-26,HOOD US,ROBINHOOD MARKETS INC - A,0.76,120000,股
2026-08-26,AEM US,AGNICO EAGLE MINES LTD,0.75,60000,股
2026-08-26,NET US,CLOUDFLARE INC - CLASS A,0.75,45000,股
2026-08-26,TWLO US,TWILIO INC - A,0.74,55000,股
2026-08-26,5801 JP,FURUKAWA ELECTRIC CO LTD,0.72,500000,股
2026-08-26,DASH US,DOORDASH INC - A,0.69,50000,股
2026-08-26,AIXA GY,AIXTRON SE,0.5,200000,股
2026-08-26,NTRA US,NATERA INC,0.5,25000,股
2026-08-26,4180 JP,APPIER GROUP INC,0.45,950000,股
2026-08-26,6274,台燿,0.37,130000,股
2026-08-26,095340 KS,ISC CO LTD,0.34,50000,股
2026-08-26,C_NTD,CASH,,2061402935,元
2026-08-26,M_USD,MARGIN,,1001263,元
2026-08-26,RDI_NTD,RECEIVABLES FOR DISPOSAL OF INVESTMENTS,,-91857272,元
2026-08-26,RP_NTD,RP,,0,元
2026-08-27,LITE US,LUMENTUM HOLDINGS INC,6.44,117000,股
2026-08-27,3037,欣興,5.57,2600000,股
2026-08-27,2383,台光電,4.45,445000,股
2026-08-27,009150 KS,Samsung Electro-Mechanics co(009150 ks),4.07,70000,股
2026-08-27,MU US,MICRON TECHNOLOGY INC,3.77,70000,股
2026-08-27,AMD US,ADVANCEDMICRODEVICES.amdus(超微半導體公司),3.57,130000,股
2026-08-27,6981 JP,MURATA MANUFACTURING CO LTD,3.56,1350000,股
2026-08-27,285A JP,KIOXIA HOLDINGS CORP,3.41,180000,股
2026-08-27,PANW US,PALO ALTO NETWORKS INC,3.3,150000,股
2026-08-27,BE US,BLOOM ENERGY CORP- A,3.13,250000,股
2026-08-27,CRDO US,CREDO TECHNOLOGY GROUP HOLDI,3.11,225000,股
2026-08-27,STX US,SEAGATE TECHNOLOGY,2.93,60000,股
2026-08-27,2330,台積電,2.85,650000,股
2026-08-27,MRVL US,MARVELL TECHNOLOGY INC,2.85,205000,股
2026-08-27,TSEM US,TOWER SEMICONDUCTOR LTD,2.74,216825,股
2026-08-27,CRCL US,CIRCLE INTERNET GROUP INC,2.6,480000,股
2026-08-27,SNOW US,SNOWFLAKEINC-CLASSA(Snowflake公司),2.46,130000,股
2026-08-27,SPCX US,SPACE EXPLORATION TECHN-CL A,2.43,300000,股
2026-08-27,2308,台達電,2.31,720000,股
2026-08-27,6223,旺矽,2.24,242000,股
2026-08-27,3017,奇鋐,2.03,335000,股
2026-08-27,PLTR US,PALANTIR TECHNOLOGIES INC-A,1.93,180000,股
2026-08-27,6871 JP,MICRONICS JAPAN CO LTD,1.77,370000,股
2026-08-27,300408 CH,CHAOZHOU THREE-CIRCLE GROU-A,1.69,1749879,股
2026-08-27,IFX GY,INFINEON TECHNOLOGIES AG,1.63,425000,股
2026-08-27,COHR US,COHERENT INC,1.61,95000,股
2026-08-27,SNDK US,SANDISK CORP,1.45,17000,股
2026-08-27,2454,聯發科,1.4,200000,股
2026-08-27,4979,華星光,1.38,1235000,股
2026-08-27,MPWR US,MONOLITHIC POWER SYSTEMS INC,1.36,18000,股
2026-08-27,6997 JP,NIPPON CHEMI-CON CORP,1.24,1275100,股
2026-08-27,TER US,TERADYNE INC,1.18,55000,股
2026-08-27,000660 KS,SK HYNIX INC,1.09,15000,股
2026-08-27,301377 CH,GUANGDONG DTECH TECHNOLOGY-A,1.04,291988,股
2026-08-27,FORM US,FORMFACTOR INC,0.95,150454,股
2026-08-27,3308 HK,ZHONGJI INNOLIGHT CO LTD-H,0.84,110000,股
2026-08-27,NET US,CLOUDFLARE INC - CLASS A,0.8,45000,股
2026-08-27,HOOD US,ROBINHOOD MARKETS INC - A,0.76,120000,股
2026-08-27,TWLO US,TWILIO INC - A,0.76,55000,股
2026-08-27,5801 JP,FURUKAWA ELECTRIC CO LTD,0.74,500000,股
2026-08-27,AEM US,AGNICO EAGLE MINES LTD,0.74,60000,股
2026-08-27,DASH US,DOORDASH INC - A,0.67,50000,股
2026-08-27,AIXA GY,AIXTRON SE,0.5,200000,股
2026-08-27,NTRA US,NATERA INC,0.49,25000,股
2026-08-27,4180 JP,APPIER GROUP INC,0.45,950000,股
2026-08-27,095340 KS,ISC CO LTD,0.36,50000,股
2026-08-27,6274,台燿,0.34,130000,股
2026-08-27,C_NTD,CASH,,2079771460,元
2026-08-27,M_USD,MARGIN,,1001263,元
2026-08-27,RDI_NTD,RECEIVABLES FOR DISPOSAL OF INVESTMENTS,,123011040,元
2026-08-27,RP_NTD,RP,,0,元
2026-08-28,LITE US,LUMENTUM HOLDINGS INC,6.2,117000,股
2026-08-28,3037,欣興,5.4,2600000,股
2026-08-28,2383,台光電,4.57,445000,股
2026-08-28,009150 KS,Samsung Electro-Mechanics co(009150 ks),4.24,70000,股
2026-08-28,6981 JP,MURATA MANUFACTURING CO LTD,3.71,1350000,股
2026-08-28,AMD US,ADVANCEDMICRODEVICES.amdus(超微半導體公司),3.58,130000,股
2026-08-28,MU US,MICRON TECHNOLOGY INC,3.31,60000,股
2026-08-28,PANW US,PALO ALTO NETWORKS INC,3.3,150000,股
2026-08-28,BE US,BLOOM ENERGY CORP- A,3.12,250000,股
2026-08-28,CRDO US,CREDO TECHNOLOGY GROUP HOLDI,3.1,225000,股
2026-08-28,2330,台積電,2.95,650000,股
2026-08-28,STX US,SEAGATE TECHNOLOGY,2.95,60000,股
2026-08-28,TSEM US,TOWER SEMICONDUCTOR LTD,2.67,216825,股
2026-08-28,SNOW US,SNOWFLAKEINC-CLASSA(Snowflake公司),2.52,130000,股
2026-08-28,SPCX US,SPACE EXPLORATION TECHN-CL A,2.51,300000,股
2026-08-28,285A JP,KIOXIA HOLDINGS CORP,2.49,140000,股
2026-08-28,CRCL US,CIRCLE INTERNET GROUP INC,2.48,480000,股
2026-08-28,PLTR US,PALANTIR TECHNOLOGIES INC-A,2.48,225000,股
2026-08-28,2308,台達電,2.47,720000,股
2026-08-28,3017,奇鋐,2.3,365000,股
2026-08-28,6223,旺矽,2.28,242000,股
2026-08-28,MRVL US,MARVELL TECHNOLOGY INC,1.92,150026,股
2026-08-28,6871 JP,MICRONICS JAPAN CO LTD,1.79,370000,股
2026-08-28,300408 CH,CHAOZHOU THREE-CIRCLE GROU-A,1.73,1749879,股
2026-08-28,IFX GY,INFINEON TECHNOLOGIES AG,1.67,425000,股
2026-08-28,COHR US,COHERENT INC,1.57,95000,股
2026-08-28,2454,聯發科,1.49,200000,股
2026-08-28,4979,華星光,1.41,1235000,股
2026-08-28,3308 HK,ZHONGJI INNOLIGHT CO LTD-H,1.34,170000,股
2026-08-28,6997 JP,NIPPON CHEMI-CON CORP,1.34,1275100,股
2026-08-28,MPWR US,MONOLITHIC POWER SYSTEMS INC,1.34,18000,股
2026-08-28,NET US,CLOUDFLARE INC - CLASS A,1.24,70000,股
2026-08-28,TER US,TERADYNE INC,1.16,55000,股
2026-08-28,SNDK US,SANDISK CORP,1.14,13000,股
2026-08-28,000660 KS,SK HYNIX INC,1.07,15000,股
2026-08-28,301377 CH,GUANGDONG DTECH TECHNOLOGY-A,1.04,291988,股
2026-08-28,FORM US,FORMFACTOR INC,0.91,150454,股
2026-08-28,TWLO US,TWILIO INC - A,0.77,55000,股
2026-08-28,HOOD US,ROBINHOOD MARKETS INC - A,0.74,120000,股
2026-08-28,AEM US,AGNICO EAGLE MINES LTD,0.73,60000,股
2026-08-28,5801 JP,FURUKAWA ELECTRIC CO LTD,0.72,500000,股
2026-08-28,DASH US,DOORDASH INC - A,0.7,50000,股
2026-08-28,AIXA GY,AIXTRON SE,0.5,200000,股
2026-08-28,NTRA US,NATERA INC,0.48,25000,股
2026-08-28,4180 JP,APPIER GROUP INC,0.47,950000,股
2026-08-28,095340 KS,ISC CO LTD,0.37,50000,股
2026-08-28,6274,台燿,0.36,130000,股
2026-08-28,C_NTD,CASH,,1859442675,元
2026-08-28,M_USD,MARGIN,,1001263,元
2026-08-28,RDI_NTD,RECEIVABLES FOR DISPOSAL OF INVESTMENTS,,709319156,元
2026-08-28,RP_NTD,RP,,0,元
2026-08-31,LITE US,LUMENTUM HOLDINGS INC,6.37,117000,股
2026-08-31,3037,欣興,4.87,2600000,股
2026-08-31,009150 KS,Samsung Electro-Mechanics co(009150 ks),4.38,70000,股
2026-08-31,2383,台光電,4.32,420000,股
2026-08-31,AMD US,ADVANCEDMICRODEVICES.amdus(超微半導體公司),3.64,130000,股
2026-08-31,6981 JP,MURATA MANUFACTURING CO LTD,3.62,1350000,股
2026-08-31,MU US,MICRON TECHNOLOGY INC,3.42,60000,股
2026-08-31,PANW US,PALO ALTO NETWORKS INC,3.41,150000,股
2026-08-31,BE US,BLOOM ENERGY CORP- A,3.07,250000,股
2026-08-31,CRDO US,CREDO TECHNOLOGY GROUP HOLDI,3.03,225000,股
2026-08-31,STX US,SEAGATE TECHNOLOGY,2.96,60000,股
2026-08-31,2330,台積電,2.93,650000,股
2026-08-31,CRCL US,CIRCLE INTERNET GROUP INC,2.73,480000,股
2026-08-31,TSEM US,TOWER SEMICONDUCTOR LTD,2.65,216825,股
2026-08-31,SPCX US,SPACE EXPLORATION TECHN-CL A,2.57,300000,股
2026-08-31,SNOW US,SNOWFLAKEINC-CLASSA(Snowflake公司),2.56,130000,股
2026-08-31,PLTR US,PALANTIR TECHNOLOGIES INC-A,2.5,225000,股
2026-08-31,2308,台達電,2.49,720000,股
2026-08-31,3017,奇鋐,2.35,365000,股
2026-08-31,6223,旺矽,2.33,242000,股
2026-08-31,285A JP,KIOXIA HOLDINGS CORP,2.05,110000,股
2026-08-31,300408 CH,CHAOZHOU THREE-CIRCLE GROU-A,1.78,1749879,股
2026-08-31,6871 JP,MICRONICS JAPAN CO LTD,1.77,370000,股
2026-08-31,IFX GY,INFINEON TECHNOLOGIES AG,1.65,425000,股
2026-08-31,COHR US,COHERENT INC,1.57,95000,股
2026-08-31,MSFT US,MICROSOFTCORP(微軟公司),1.51,50000,股
2026-08-31,2454,聯發科,1.47,200000,股
2026-08-31,4979,華星光,1.41,1235000,股
2026-08-31,6997 JP,NIPPON CHEMI-CON CORP,1.39,1275100,股
2026-08-31,MPWR US,MONOLITHIC POWER SYSTEMS INC,1.36,18000,股
2026-08-31,3308 HK,ZHONGJI INNOLIGHT CO LTD-H,1.33,170000,股
2026-08-31,NOW US,SERVICENOW INC,1.32,150000,股
2026-08-31,NET US,CLOUDFLARE INC - CLASS A,1.27,70000,股
2026-08-31,SNDK US,SANDISK CORP,1.21,13000,股
2026-08-31,TER US,TERADYNE INC,1.15,55000,股
2026-08-31,301377 CH,GUANGDONG DTECH TECHNOLOGY-A,1.09,291988,股
2026-08-31,000660 KS,SK HYNIX INC,1.08,15000,股
2026-08-31,FORM US,FORMFACTOR INC,0.9,150454,股
2026-08-31,TWLO US,TWILIO INC - A,0.77,55000,股
2026-08-31,5801 JP,FURUKAWA ELECTRIC CO LTD,0.75,500000,股
2026-08-31,HOOD US,ROBINHOOD MARKETS INC - A,0.75,120000,股
2026-08-31,AEM US,AGNICO EAGLE MINES LTD,0.73,60000,股
2026-08-31,DASH US,DOORDASH INC - A,0.69,50000,股
2026-08-31,4180 JP,APPIER GROUP INC,0.51,950000,股
2026-08-31,AIXA GY,AIXTRON SE,0.49,200000,股
2026-08-31,NTRA US,NATERA INC,0.48,25000,股
2026-08-31,095340 KS,ISC CO LTD,0.37,50000,股
2026-08-31,6274,台燿,0.35,130000,股
2026-08-31,C_NTD,CASH,,2532112137,元
2026-08-31,M_USD,MARGIN,,1001263,元
2026-08-31,RDI_NTD,RECEIVABLES FOR DISPOSAL OF INVESTMENTS,,-58540323,元
2026-08-31,RP_NTD,RP,,0,元
2026-09-01,LITE US,LUMENTUM HOLDINGS INC,6.2,117000,股
2026-09-01,3037,欣興,4.86,2600000,股
2026-09-01,2383,台光電,4.56,420000,股
2026-09-01,009150 KS,Samsung Electro-Mechanics co(009150 ks),4.36,70000,股
2026-09-01,6981 JP,MURATA MANUFACTURING CO LTD,3.75,1350000,股
2026-09-01,AMD US,ADVANCEDMICRODEVICES.amdus(超微半導體公司),3.64,130000,股
2026-09-01,MU US,MICRON TECHNOLOGY INC,3.42,60000,股
2026-09-01,PANW US,PALO ALTO NETWORKS INC,3.31,150000,股
2026-09-01,BE US,BLOOM ENERGY CORP- A,3.26,250000,股
2026-09-01,STX US,SEAGATE TECHNOLOGY,2.99,60000,股
2026-09-01,CRDO US,CREDO TECHNOLOGY GROUP HOLDI,2.84,225000,股
2026-09-01,TSEM US,TOWER SEMICONDUCTOR LTD,2.63,216825,股
2026-09-01,CRCL US,CIRCLE INTERNET GROUP INC,2.62,480000,股
2026-09-01,SPCX US,SPACE EXPLORATION TECHN-CL A,2.6,300000,股
2026-09-01,2308,台達電,2.59,720000,股
2026-09-01,2330,台積電,2.58,550000,股
2026-09-01,SNOW US,SNOWFLAKEINC-CLASSA(Snowflake公司),2.54,130000,股
2026-09-01,6223,旺矽,2.52,242000,股
2026-09-01,PLTR US,PALANTIR TECHNOLOGIES INC-A,2.47,225000,股
2026-09-01,3017,奇鋐,2.4,365000,股
2026-09-01,285A JP,KIOXIA HOLDINGS CORP,2.14,110000,股
2026-09-01,MSFT US,MICROSOFTCORP(微軟公司),2.02,66000,股
2026-09-01,NOW US,SERVICENOW INC,2.0,230000,股
2026-09-01,300408 CH,CHAOZHOU THREE-CIRCLE GROU-A,1.73,1749879,股
2026-09-01,IFX GY,INFINEON TECHNOLOGIES AG,1.67,425000,股
2026-09-01,2454,聯發科,1.66,200000,股
2026-09-01,COHR US,COHERENT INC,1.58,95000,股
2026-09-01,4979,華星光,1.43,1235000,股
2026-09-01,6997 JP,NIPPON CHEMI-CON CORP,1.43,1275100,股
2026-09-01,3308 HK,ZHONGJI INNOLIGHT CO LTD-H,1.37,170000,股
2026-09-01,MPWR US,MONOLITHIC POWER SYSTEMS INC,1.35,18000,股
2026-09-01,NET US,CLOUDFLARE INC - CLASS A,1.22,70000,股
2026-09-01,SNDK US,SANDISK CORP,1.22,13000,股
2026-09-01,TER US,TERADYNE INC,1.13,55000,股
2026-09-01,000660 KS,SK HYNIX INC,1.1,15000,股
2026-09-01,301377 CH,GUANGDONG DTECH TECHNOLOGY-A,1.03,291988,股
2026-09-01,FORM US,FORMFACTOR INC,0.88,150454,股
2026-09-01,6871 JP,MICRONICS JAPAN CO LTD,0.87,185000,股
2026-09-01,TWLO US,TWILIO INC - A,0.77,55000,股
2026-09-01,HOOD US,ROBINHOOD MARKETS INC - A,0.76,120000,股
2026-09-01,5801 JP,FURUKAWA ELECTRIC CO LTD,0.74,500000,股
2026-09-01,AEM US,AGNICO EAGLE MINES LTD,0.71,60000,股
2026-09-01,DASH US,DOORDASH INC - A,0.69,50000,股
2026-09-01,4180 JP,APPIER GROUP INC,0.51,950000,股
2026-09-01,AIXA GY,AIXTRON SE,0.5,200000,股
2026-09-01,NTRA US,NATERA INC,0.49,25000,股
2026-09-01,6274,台燿,0.36,130000,股
2026-09-01,095340 KS,ISC CO LTD,0.08,11006,股
2026-09-01,C_NTD,CASH,,2048539046,元
2026-09-01,M_USD,MARGIN,,1001263,元
2026-09-01,RDI_NTD,RECEIVABLES FOR DISPOSAL OF INVESTMENTS,,636758503,元
2026-09-01,RP_NTD,RP,,0,元
2026-09-02,LITE US,LUMENTUM HOLDINGS INC,6.35,117000,股
2026-09-02,3037,欣興,4.97,2600000,股
2026-09-02,2383,台光電,4.49,420000,股
2026-09-02,009150 KS,Samsung Electro-Mechanics co(009150 ks),4.42,70000,股
2026-09-02,AMD US,ADVANCEDMICRODEVICES.amdus(超微半導體公司),3.71,130000,股
2026-09-02,6981 JP,MURATA MANUFACTURING CO LTD,3.65,1350000,股
2026-09-02,MU US,MICRON TECHNOLOGY INC,3.58,60000,股
2026-09-02,BE US,BLOOM ENERGY CORP- A,3.39,250000,股
2026-09-02,PANW US,PALO ALTO NETWORKS INC,3.07,150000,股
2026-09-02,STX US,SEAGATE TECHNOLOGY,3.03,60000,股
2026-09-02,TSEM US,TOWER SEMICONDUCTOR LTD,2.8,216825,股
2026-09-02,CRCL US,CIRCLE INTERNET GROUP INC,2.65,480000,股
2026-09-02,SPCX US,SPACE EXPLORATION TECHN-CL A,2.63,300000,股
2026-09-02,2330,台積電,2.57,550000,股
2026-09-02,MSFT US,MICROSOFTCORP(微軟公司),2.54,82000,股
2026-09-02,6223,旺矽,2.51,242000,股
2026-09-02,SNOW US,SNOWFLAKEINC-CLASSA(Snowflake公司),2.48,130000,股
2026-09-02,2308,台達電,2.44,720000,股
2026-09-02,PLTR US,PALANTIR TECHNOLOGIES INC-A,2.38,225000,股
2026-09-02,3017,奇鋐,2.37,365000,股
2026-09-02,285A JP,KIOXIA HOLDINGS CORP,2.19,110000,股
2026-09-02,CRDO US,CREDO TECHNOLOGY GROUP HOLDI,2.12,205647,股
2026-09-02,NOW US,SERVICENOW INC,1.96,230000,股
2026-09-02,300408 CH,CHAOZHOU THREE-CIRCLE GROU-A,1.75,1749879,股
2026-09-02,IFX GY,INFINEON TECHNOLOGIES AG,1.71,425000,股
2026-09-02,2454,聯發科,1.68,200000,股
2026-09-02,COHR US,COHERENT INC,1.59,95000,股
2026-09-02,4979,華星光,1.51,1235000,股
2026-09-02,6997 JP,NIPPON CHEMI-CON CORP,1.37,1275100,股
2026-09-02,3308 HK,ZHONGJI INNOLIGHT CO LTD-H,1.35,170000,股
2026-09-02,HOOD US,ROBINHOOD MARKETS INC - A,1.33,200000,股
2026-09-02,SNDK US,SANDISK CORP,1.26,13000,股
2026-09-02,NET US,CLOUDFLARE INC - CLASS A,1.19,70000,股
2026-09-02,TER US,TERADYNE INC,1.17,55000,股
2026-09-02,000660 KS,SK HYNIX INC,1.09,15000,股
2026-09-02,301377 CH,GUANGDONG DTECH TECHNOLOGY-A,1.05,291988,股
2026-09-02,TWLO US,TWILIO INC - A,0.78,55000,股
2026-09-02,AEM US,AGNICO EAGLE MINES LTD,0.74,60000,股
2026-09-02,5801 JP,FURUKAWA ELECTRIC CO LTD,0.73,500000,股
2026-09-02,DASH US,DOORDASH INC - A,0.71,50000,股
2026-09-02,AIXA GY,AIXTRON SE,0.52,200000,股
2026-09-02,NTRA US,NATERA INC,0.51,25000,股
2026-09-02,4180 JP,APPIER GROUP INC,0.49,950000,股
2026-09-02,6274,台燿,0.36,130000,股
2026-09-02,C_NTD,CASH,,1339334764,元
2026-09-02,M_USD,MARGIN,,1001263,元
2026-09-02,RDI_NTD,RECEIVABLES FOR DISPOSAL OF INVESTMENTS,,2073729524,元
2026-09-02,RP_NTD,RP,,0,元
2026-09-03,LITE US,LUMENTUM HOLDINGS INC,6.15,117000,股
2026-09-03,3037,欣興,4.68,2600000,股
2026-09-03,2383,台光電,4.33,420000,股
2026-09-03,009150 KS,Samsung Electro-Mechanics co(009150 ks),4.28,70000,股
2026-09-03,6981 JP,MURATA MANUFACTURING CO LTD,3.68,1350000,股
2026-09-03,BE US,BLOOM ENERGY CORP- A,3.65,250000,股
2026-09-03,MU US,MICRON TECHNOLOGY INC,3.57,60000,股
2026-09-03,AMD US,ADVANCEDMICRODEVICES.amdus(超微半導體公司),3.11,110000,股
2026-09-03,PANW US,PALO ALTO NETWORKS INC,3.09,150000,股
2026-09-03,CRCL US,CIRCLE INTERNET GROUP INC,3.07,480000,股
2026-09-03,STX US,SEAGATE TECHNOLOGY,2.97,60000,股
2026-09-03,SNOW US,SNOWFLAKEINC-CLASSA(Snowflake公司),2.87,130000,股
2026-09-03,SPCX US,SPACE EXPLORATION TECHN-CL A,2.79,300000,股
2026-09-03,TSEM US,TOWER SEMICONDUCTOR LTD,2.77,216825,股
2026-09-03,MSFT US,MICROSOFTCORP(微軟公司),2.59,82000,股
2026-09-03,2330,台積電,2.56,550000,股
2026-09-03,PLTR US,PALANTIR TECHNOLOGIES INC-A,2.55,225000,股
2026-09-03,2308,台達電,2.47,720000,股
2026-09-03,3017,奇鋐,2.35,365000,股
2026-09-03,285A JP,KIOXIA HOLDINGS CORP,2.25,110000,股
2026-09-03,NVDA US,NVIDIACORP(輝達公司),2.13,150000,股
2026-09-03,NOW US,SERVICENOW INC,2.08,230000,股
2026-09-03,IFX GY,INFINEON TECHNOLOGIES AG,1.7,425000,股
2026-09-03,2454,聯發科,1.69,200000,股
2026-09-03,HOOD US,ROBINHOOD MARKETS INC - A,1.55,200120,股
2026-09-03,4979,華星光,1.38,1235000,股
2026-09-03,3308 HK,ZHONGJI INNOLIGHT CO LTD-H,1.34,170000,股
2026-09-03,6997 JP,NIPPON CHEMI-CON CORP,1.33,1275100,股
2026-09-03,SNDK US,SANDISK CORP,1.25,13000,股
2026-09-03,NET US,CLOUDFLARE INC - CLASS A,1.24,70000,股
2026-09-03,TER US,TERADYNE INC,1.15,55000,股
2026-09-03,000660 KS,SK HYNIX INC,1.08,15000,股
2026-09-03,300408 CH,CHAOZHOU THREE-CIRCLE GROU-A,1.02,1000000,股
2026-09-03,CRDO US,CREDO TECHNOLOGY GROUP HOLDI,1.02,100000,股
2026-09-03,6515,穎崴,0.85,62000,股
2026-09-03,COHR US,COHERENT INC,0.82,50000,股
2026-09-03,TWLO US,TWILIO INC - A,0.82,55000,股
2026-09-03,AEM US,AGNICO EAGLE MINES LTD,0.77,60000,股
2026-09-03,992 HK,LENOVO GROUP LTD,0.72,3000000,股
2026-09-03,5801 JP,FURUKAWA ELECTRIC CO LTD,0.71,500000,股
2026-09-03,DASH US,DOORDASH INC - A,0.69,50000,股
2026-09-03,4180 JP,APPIER GROUP INC,0.53,950000,股
2026-09-03,AIXA GY,AIXTRON SE,0.51,200000,股
2026-09-03,NTRA US,NATERA INC,0.51,25000,股
2026-09-03,6274,台燿,0.34,130000,股
2026-09-03,C_NTD,CASH,,3861256026,元
2026-09-03,M_USD,MARGIN,,1001263,元
2026-09-03,RDI_NTD,RECEIVABLES FOR DISPOSAL OF INVESTMENTS,,1033569423,元
2026-09-03,RP_NTD,RP,,0,元
2026-09-04,LITE US,LUMENTUM HOLDINGS INC,6.25,117000,股
2026-09-04,3037,欣興,4.49,2600000,股
2026-09-04,009150 KS,Samsung Electro-Mechanics co(009150 ks),4.41,70000,股
2026-09-04,2383,台光電,4.35,420000,股
2026-09-04,BE US,BLOOM ENERGY CORP- A,3.83,250000,股
2026-09-04,6981 JP,MURATA MANUFACTURING CO LTD,3.76,1350000,股
2026-09-04,MU US,MICRON TECHNOLOGY INC,3.7,60000,股
2026-09-04,SPCX US,SPACE EXPLORATION TECHN-CL A,3.59,400000,股
2026-09-04,STX US,SEAGATE TECHNOLOGY,3.09,60000,股
2026-09-04,PANW US,PALO ALTO NETWORKS INC,3.03,150000,股
2026-09-04,3017,奇鋐,3.01,440000,股
2026-09-04,CRCL US,CIRCLE INTERNET GROUP INC,2.97,480000,股
2026-09-04,TSEM US,TOWER SEMICONDUCTOR LTD,2.92,216825,股
2026-09-04,MSFT US,MICROSOFTCORP(微軟公司),2.79,92000,股
2026-09-04,SNOW US,SNOWFLAKEINC-CLASSA(Snowflake公司),2.66,130000,股
2026-09-04,2308,台達電,2.52,720000,股
2026-09-04,NVDA US,NVIDIACORP(輝達公司),2.44,175000,股
2026-09-04,PLTR US,PALANTIR TECHNOLOGIES INC-A,2.38,225000,股
2026-09-04,285A JP,KIOXIA HOLDINGS CORP,2.32,110000,股
2026-09-04,HOOD US,ROBINHOOD MARKETS INC - A,2.22,300120,股
2026-09-04,AMD US,ADVANCEDMICRODEVICES.amdus(超微半導體公司),2.17,75000,股
2026-09-04,2330,台積電,2.08,450000,股
2026-09-04,NOW US,SERVICENOW INC,1.97,230000,股
2026-09-04,IFX GY,INFINEON TECHNOLOGIES AG,1.7,425000,股
2026-09-04,2454,聯發科,1.69,200000,股
2026-09-04,4979,華星光,1.6,1330000,股
2026-09-04,992 HK,LENOVO GROUP LTD,1.5,6000000,股
2026-09-04,SNDK US,SANDISK CORP,1.37,13000,股
2026-09-04,6997 JP,NIPPON CHEMI-CON CORP,1.36,1275100,股
2026-09-04,6515,穎崴,1.35,100000,股
2026-09-04,3308 HK,ZHONGJI INNOLIGHT CO LTD-H,1.32,170000,股
2026-09-04,TER US,TERADYNE INC,1.19,55000,股
2026-09-04,NET US,CLOUDFLARE INC - CLASS A,1.18,70000,股
2026-09-04,000660 KS,SK HYNIX INC,1.12,15000,股
2026-09-04,TWLO US,TWILIO INC - A,0.78,55000,股
2026-09-04,5801 JP,FURUKAWA ELECTRIC CO LTD,0.75,500000,股
2026-09-04,AEM US,AGNICO EAGLE MINES LTD,0.74,60000,股
2026-09-04,DASH US,DOORDASH INC - A,0.64,50000,股
2026-09-04,4180 JP,APPIER GROUP INC,0.56,950000,股
2026-09-04,AIXA GY,AIXTRON SE,0.51,200000,股
2026-09-04,NTRA US,NATERA INC,0.5,25000,股
2026-09-04,6274,台燿,0.34,130000,股
2026-09-04,C_NTD,CASH,,4668695777,元
2026-09-04,M_USD,MARGIN,,1001263,元
2026-09-04,RDI_NTD,RECEIVABLES FOR DISPOSAL OF INVESTMENTS,,-39897508,元
2026-09-04,RP_NTD,RP,,0,元
2026-09-07,LITE US,LUMENTUM HOLDINGS INC,6.15,117000,股
2026-09-07,3037,欣興,4.67,2600000,股
2026-09-07,009150 KS,Samsung Electro-Mechanics co(009150 ks),4.52,70000,股
2026-09-07,2383,台光電,4.37,420000,股
2026-09-07,6981 JP,MURATA MANUFACTURING CO LTD,3.94,1350000,股
2026-09-07,BE US,BLOOM ENERGY CORP- A,3.77,250000,股
2026-09-07,MU US,MICRON TECHNOLOGY INC,3.64,60000,股
2026-09-07,SPCX US,SPACE EXPLORATION TECHN-CL A,3.53,400000,股
2026-09-07,STX US,SEAGATE TECHNOLOGY,3.04,60000,股
2026-09-07,PANW US,PALO ALTO NETWORKS INC,2.98,150000,股
2026-09-07,CRCL US,CIRCLE INTERNET GROUP INC,2.92,480000,股
2026-09-07,TSEM US,TOWER SEMICONDUCTOR LTD,2.88,216825,股
2026-09-07,3017,奇鋐,2.85,440000,股
2026-09-07,MSFT US,MICROSOFTCORP(微軟公司),2.74,92000,股
2026-09-07,SNOW US,SNOWFLAKEINC-CLASSA(Snowflake公司),2.62,130000,股
2026-09-07,2308,台達電,2.52,720000,股
2026-09-07,285A JP,KIOXIA HOLDINGS CORP,2.51,110000,股
2026-09-07,NVDA US,NVIDIACORP(輝達公司),2.41,175000,股
2026-09-07,PLTR US,PALANTIR TECHNOLOGIES INC-A,2.34,225000,股
2026-09-07,2454,聯發科,2.25,250000,股
2026-09-07,HOOD US,ROBINHOOD MARKETS INC - A,2.19,300120,股
2026-09-07,AMD US,ADVANCEDMICRODEVICES.amdus(超微半導體公司),2.14,75000,股
2026-09-07,2330,台積電,2.1,450000,股
2026-09-07,NOW US,SERVICENOW INC,1.94,230000,股
2026-09-07,IFX GY,INFINEON TECHNOLOGIES AG,1.79,425000,股
2026-09-07,3308 HK,ZHONGJI INNOLIGHT CO LTD-H,1.56,170000,股
2026-09-07,4979,華星光,1.49,1330000,股
2026-09-07,992 HK,LENOVO GROUP LTD,1.48,6000000,股
2026-09-07,6997 JP,NIPPON CHEMI-CON CORP,1.4,1275100,股
2026-09-07,SNDK US,SANDISK CORP,1.35,13000,股
2026-09-07,6515,穎崴,1.32,100000,股
2026-09-07,000660 KS,SK HYNIX INC,1.19,15000,股
2026-09-07,NET US,CLOUDFLARE INC - CLASS A,1.17,70000,股
2026-09-07,TER US,TERADYNE INC,1.17,55000,股
2026-09-07,300757 CH,ROBOTECHNIK INTELLIGENT TE-A,1.01,179997,股
2026-09-07,2303,聯電,0.95,3500000,股
2026-09-07,TWLO US,TWILIO INC - A,0.76,55000,股
2026-09-07,5801 JP,FURUKAWA ELECTRIC CO LTD,0.74,500000,股
2026-09-07,AEM US,AGNICO EAGLE MINES LTD,0.73,60000,股
2026-09-07,DASH US,DOORDASH INC - A,0.63,50000,股
2026-09-07,AIXA GY,AIXTRON SE,0.54,200000,股
2026-09-07,4180 JP,APPIER GROUP INC,0.53,950000,股
2026-09-07,NTRA US,NATERA INC,0.49,25000,股
2026-09-07,6274,台燿,0.34,130000,股
2026-09-07,C_NTD,CASH,,4761742164,元
2026-09-07,M_USD,MARGIN,,1001263,元
2026-09-07,RDI_NTD,RECEIVABLES FOR DISPOSAL OF INVESTMENTS,,-1719807474,元
2026-09-07,RP_NTD,RP,,0,元
2026-09-08,LITE US,LUMENTUM HOLDINGS INC,6.84,117000,股
2026-09-08,3037,欣興,4.7,2600000,股
2026-09-08,009150 KS,Samsung Electro-Mechanics co(009150 ks),4.33,70000,股
2026-09-08,2383,台光電,4.25,420000,股
2026-09-08,BE US,BLOOM ENERGY CORP- A,4.14,250000,股
2026-09-08,6981 JP,MURATA MANUFACTURING CO LTD,3.68,1350000,股
2026-09-08,SPCX US,SPACE EXPLORATION TECHN-CL A,3.67,400000,股
2026-09-08,MU US,MICRON TECHNOLOGY INC,3.58,60000,股
2026-09-08,STX US,SEAGATE TECHNOLOGY,3.24,60000,股
2026-09-08,PANW US,PALO ALTO NETWORKS INC,3.02,150000,股
2026-09-08,TSEM US,TOWER SEMICONDUCTOR LTD,2.85,216825,股
2026-09-08,CRCL US,CIRCLE INTERNET GROUP INC,2.76,480000,股
2026-09-08,3017,奇鋐,2.74,440000,股
2026-09-08,MSFT US,MICROSOFTCORP(微軟公司),2.71,92000,股
2026-09-08,SNOW US,SNOWFLAKEINC-CLASSA(Snowflake公司),2.61,130000,股
2026-09-08,2308,台達電,2.46,720000,股
2026-09-08,285A JP,KIOXIA HOLDINGS CORP,2.45,110000,股
2026-09-08,NVDA US,NVIDIACORP(輝達公司),2.36,175000,股
2026-09-08,PLTR US,PALANTIR TECHNOLOGIES INC-A,2.29,225000,股
2026-09-08,2454,聯發科,2.23,250000,股
2026-09-08,2330,台積電,2.11,450000,股
2026-09-08,HOOD US,ROBINHOOD MARKETS INC - A,2.1,300120,股
2026-09-08,000660 KS,SK HYNIX INC,2.01,25000,股
2026-09-08,NOW US,SERVICENOW INC,1.84,230000,股
2026-09-08,4979,華星光,1.73,1510000,股
2026-09-08,IFX GY,INFINEON TECHNOLOGIES AG,1.72,425000,股
2026-09-08,AMD US,ADVANCEDMICRODEVICES.amdus(超微半導體公司),1.51,50000,股
2026-09-08,3308 HK,ZHONGJI INNOLIGHT CO LTD-H,1.5,170000,股
2026-09-08,6515,穎崴,1.46,100000,股
2026-09-08,300757 CH,ROBOTECHNIK INTELLIGENT TE-A,1.43,249997,股
2026-09-08,992 HK,LENOVO GROUP LTD,1.39,6000000,股
2026-09-08,6997 JP,NIPPON CHEMI-CON CORP,1.3,1275100,股
2026-09-08,TER US,TERADYNE INC,1.22,55000,股
2026-09-08,NET US,CLOUDFLARE INC - CLASS A,1.19,70000,股
2026-09-08,SNDK US,SANDISK CORP,1.04,10000,股
2026-09-08,INTC US,INTEL CORP,0.94,150000,股
2026-09-08,2303,聯電,0.91,3500000,股
2026-09-08,TWLO US,TWILIO INC - A,0.74,55000,股
2026-09-08,AEM US,AGNICO EAGLE MINES LTD,0.72,60000,股
2026-09-08,5801 JP,FURUKAWA ELECTRIC CO LTD,0.71,500000,股
2026-09-08,4180 JP,APPIER GROUP INC,0.54,950000,股
2026-09-08,AIXA GY,AIXTRON SE,0.53,200000,股
2026-09-08,NTRA US,NATERA INC,0.48,25000,股
2026-09-08,6274,台燿,0.33,130000,股
2026-09-08,C_NTD,CASH,,3449234430,元
2026-09-08,M_USD,MARGIN,,1001263,元
2026-09-08,RDI_NTD,RECEIVABLES FOR DISPOSAL OF INVESTMENTS,,-1109507572,元
2026-09-08,RP_NTD,RP,,0,元
2026-09-09,LITE US,LUMENTUM HOLDINGS INC,6.93,117000,股
2026-09-09,3037,欣興,4.91,2600000,股
2026-09-09,009150 KS,Samsung Electro-Mechanics co(009150 ks),4.37,70000,股
2026-09-09,2383,台光電,4.09,400000,股
2026-09-09,BE US,BLOOM ENERGY CORP- A,4.03,250000,股
2026-09-09,SPCX US,SPACE EXPLORATION TECHN-CL A,3.98,450000,股
2026-09-09,6981 JP,MURATA MANUFACTURING CO LTD,3.76,1350000,股
2026-09-09,MU US,MICRON TECHNOLOGY INC,3.7,60000,股
2026-09-09,STX US,SEAGATE TECHNOLOGY,3.19,60000,股
2026-09-09,PANW US,PALO ALTO NETWORKS INC,3.01,150000,股
2026-09-09,3017,奇鋐,2.83,440000,股
2026-09-09,TSEM US,TOWER SEMICONDUCTOR LTD,2.81,216825,股
2026-09-09,MSFT US,MICROSOFTCORP(微軟公司),2.71,92000,股
2026-09-09,CRCL US,CIRCLE INTERNET GROUP INC,2.68,480000,股
2026-09-09,SNOW US,SNOWFLAKEINC-CLASSA(Snowflake公司),2.58,130000,股
2026-09-09,285A JP,KIOXIA HOLDINGS CORP,2.45,110000,股
2026-09-09,NVDA US,NVIDIACORP(輝達公司),2.35,175000,股
2026-09-09,PLTR US,PALANTIR TECHNOLOGIES INC-A,2.29,225000,股
2026-09-09,2454,聯發科,2.2,250000,股
2026-09-09,HOOD US,ROBINHOOD MARKETS INC - A,2.07,300120,股
2026-09-09,000660 KS,SK HYNIX INC,2.05,25000,股
2026-09-09,2308,台達電,1.95,570000,股
2026-09-09,2330,台積電,1.88,400000,股
2026-09-09,NOW US,SERVICENOW INC,1.81,230000,股
2026-09-09,4979,華星光,1.75,1510000,股
2026-09-09,AMD US,ADVANCEDMICRODEVICES.amdus(超微半導體公司),1.56,50000,股
2026-09-09,3308 HK,ZHONGJI INNOLIGHT CO LTD-H,1.52,170000,股
2026-09-09,992 HK,LENOVO GROUP LTD,1.49,6000000,股
2026-09-09,INTC US,INTEL CORP,1.46,230000,股
2026-09-09,300757 CH,ROBOTECHNIK INTELLIGENT TE-A,1.44,249997,股
2026-09-09,6515,穎崴,1.38,100000,股
2026-09-09,6997 JP,NIPPON CHEMI-CON CORP,1.36,1275100,股
2026-09-09,2303,聯電,1.35,5000000,股
2026-09-09,NET US,CLOUDFLARE INC - CLASS A,1.32,70000,股
2026-09-09,TER US,TERADYNE INC,1.26,55000,股
2026-09-09,IFX GY,INFINEON TECHNOLOGIES AG,1.19,300000,股
2026-09-09,SNDK US,SANDISK CORP,1.06,10000,股
2026-09-09,5801 JP,FURUKAWA ELECTRIC CO LTD,0.81,500000,股
2026-09-09,TWLO US,TWILIO INC - A,0.75,55000,股
2026-09-09,AEM US,AGNICO EAGLE MINES LTD,0.73,60000,股
2026-09-09,AIXA GY,AIXTRON SE,0.53,200000,股
2026-09-09,4180 JP,APPIER GROUP INC,0.52,950000,股
2026-09-09,NTRA US,NATERA INC,0.49,25000,股
2026-09-09,C_NTD,CASH,,2797977739,元
2026-09-09,M_USD,MARGIN,,1001263,元
2026-09-09,RDI_NTD,RECEIVABLES FOR DISPOSAL OF INVESTMENTS,,-325337074,元
2026-09-09,RP_NTD,RP,,0,元
2026-09-10,LITE US,LUMENTUM HOLDINGS INC,6.66,117000,股
2026-09-10,3037,欣興,4.98,2600000,股
2026-09-10,009150 KS,Samsung Electro-Mechanics co(009150 ks),4.4,70000,股
2026-09-10,2383,台光電,4.14,400000,股
2026-09-10,SPCX US,SPACE EXPLORATION TECHN-CL A,4.06,450000,股
2026-09-10,6981 JP,MURATA MANUFACTURING CO LTD,4.03,1350000,股
2026-09-10,BE US,BLOOM ENERGY CORP- A,3.93,250000,股
2026-09-10,MU US,MICRON TECHNOLOGY INC,3.57,60000,股
2026-09-10,STX US,SEAGATE TECHNOLOGY,3.15,60000,股
2026-09-10,PANW US,PALO ALTO NETWORKS INC,3.09,150000,股
2026-09-10,3017,奇鋐,2.93,440000,股
2026-09-10,MSFT US,MICROSOFTCORP(微軟公司),2.76,92000,股
2026-09-10,TSEM US,TOWER SEMICONDUCTOR LTD,2.75,216825,股
2026-09-10,CRCL US,CIRCLE INTERNET GROUP INC,2.64,480000,股
2026-09-10,SNOW US,SNOWFLAKEINC-CLASSA(Snowflake公司),2.61,130000,股
2026-09-10,285A JP,KIOXIA HOLDINGS CORP,2.53,110000,股
2026-09-10,NVDA US,NVIDIACORP(輝達公司),2.33,175000,股
2026-09-10,2454,聯發科,2.27,250000,股
2026-09-10,PLTR US,PALANTIR TECHNOLOGIES INC-A,2.27,225000,股
2026-09-10,000660 KS,SK HYNIX INC,2.1,25000,股
2026-09-10,HOOD US,ROBINHOOD MARKETS INC - A,2.07,300120,股
2026-09-10,2303,聯電,1.92,7000000,股
2026-09-10,2330,台積電,1.89,400000,股
2026-09-10,NOW US,SERVICENOW INC,1.84,230000,股
2026-09-10,INTC US,INTEL CORP,1.83,300000,股
2026-09-10,4979,華星光,1.66,1510000,股
2026-09-10,TER US,TERADYNE INC,1.58,70000,股
2026-09-10,AMD US,ADVANCEDMICRODEVICES.amdus(超微半導體公司),1.53,50000,股
2026-09-10,992 HK,LENOVO GROUP LTD,1.5,6000000,股
2026-09-10,3308 HK,ZHONGJI INNOLIGHT CO LTD-H,1.48,170000,股
2026-09-10,300757 CH,ROBOTECHNIK INTELLIGENT TE-A,1.45,249997,股
2026-09-10,6997 JP,NIPPON CHEMI-CON CORP,1.43,1275100,股
2026-09-10,6515,穎崴,1.39,100000,股
2026-09-10,NET US,CLOUDFLARE INC - CLASS A,1.33,70000,股
2026-09-10,IFX GY,INFINEON TECHNOLOGIES AG,1.19,300000,股
2026-09-10,SNDK US,SANDISK CORP,1.03,10000,股
2026-09-10,5801 JP,FURUKAWA ELECTRIC CO LTD,0.8,500000,股
2026-09-10,TWLO US,TWILIO INC - A,0.77,55000,股
2026-09-10,AEM US,AGNICO EAGLE MINES LTD,0.72,60000,股
2026-09-10,4180 JP,APPIER GROUP INC,0.54,950000,股
2026-09-10,NTRA US,NATERA INC,0.5,25000,股
2026-09-10,AIXA GY,AIXTRON SE,0.44,170000,股
2026-09-10,C_NTD,CASH,,1419600950,元
2026-09-10,M_USD,MARGIN,,1001263,元
2026-09-10,RDI_NTD,RECEIVABLES FOR DISPOSAL OF INVESTMENTS,,1033133294,元
2026-09-10,RP_NTD,RP,,0,元
2026-09-11,LITE US,LUMENTUM HOLDINGS INC,6.65,117000,股
2026-09-11,3037,欣興,4.92,2600000,股
2026-09-11,BE US,BLOOM ENERGY CORP- A,4.74,280000,股
2026-09-11,SPCX US,SPACE EXPLORATION TECHN-CL A,4.64,500000,股
2026-09-11,009150 KS,Samsung Electro-Mechanics co(009150 ks),4.46,70000,股
2026-09-11,2383,台光電,4.16,400000,股
2026-09-11,6981 JP,MURATA MANUFACTURING CO LTD,3.95,1350000,股
2026-09-11,MU US,MICRON TECHNOLOGY INC,3.59,60000,股
2026-09-11,STX US,SEAGATE TECHNOLOGY,3.06,60000,股
2026-09-11,PANW US,PALO ALTO NETWORKS INC,3.04,150000,股
2026-09-11,3017,奇鋐,2.87,440000,股
2026-09-11,MSFT US,MICROSOFTCORP(微軟公司),2.8,92000,股
2026-09-11,2454,聯發科,2.66,300000,股
2026-09-11,SNOW US,SNOWFLAKEINC-CLASSA(Snowflake公司),2.62,130000,股
2026-09-11,285A JP,KIOXIA HOLDINGS CORP,2.37,110000,股
2026-09-11,NVDA US,NVIDIACORP(輝達公司),2.34,175000,股
2026-09-11,PLTR US,PALANTIR TECHNOLOGIES INC-A,2.31,225000,股
2026-09-11,000660 KS,SK HYNIX INC,2.09,25000,股
2026-09-11,HOOD US,ROBINHOOD MARKETS INC - A,2.07,300120,股
2026-09-11,3308 HK,ZHONGJI INNOLIGHT CO LTD-H,2.01,220000,股
2026-09-11,300757 CH,ROBOTECHNIK INTELLIGENT TE-A,1.93,334997,股
2026-09-11,2303,聯電,1.9,7000000,股
2026-09-11,INTC US,INTEL CORP,1.89,300000,股
2026-09-11,2330,台積電,1.87,400000,股
2026-09-11,NOW US,SERVICENOW INC,1.87,230000,股
2026-09-11,CRCL US,CIRCLE INTERNET GROUP INC,1.78,320000,股
2026-09-11,TER US,TERADYNE INC,1.63,70000,股
2026-09-11,AMD US,ADVANCEDMICRODEVICES.amdus(超微半導體公司),1.58,50000,股
2026-09-11,4979,華星光,1.55,1510000,股
2026-09-11,992 HK,LENOVO GROUP LTD,1.47,6000000,股
2026-09-11,6997 JP,NIPPON CHEMI-CON CORP,1.36,1275100,股
2026-09-11,6515,穎崴,1.33,100000,股
2026-09-11,NET US,CLOUDFLARE INC - CLASS A,1.32,70000,股
2026-09-11,TSEM US,TOWER SEMICONDUCTOR LTD,1.3,100000,股
2026-09-11,IFX GY,INFINEON TECHNOLOGIES AG,1.25,300000,股
2026-09-11,SNDK US,SANDISK CORP,1.0,10000,股
2026-09-11,5801 JP,FURUKAWA ELECTRIC CO LTD,0.79,500000,股
2026-09-11,TWLO US,TWILIO INC - A,0.77,55000,股
2026-09-11,AEM US,AGNICO EAGLE MINES LTD,0.74,60000,股
2026-09-11,4180 JP,APPIER GROUP INC,0.54,950000,股
2026-09-11,NTRA US,NATERA INC,0.5,25000,股
2026-09-11,AIXA GY,AIXTRON SE,0.37,140000,股
2026-09-11,C_NTD,CASH,,1707108188,元
2026-09-11,M_USD,MARGIN,,1001263,元
2026-09-11,RDI_NTD,RECEIVABLES FOR DISPOSAL OF INVESTMENTS,,782206294,元
2026-09-11,RP_NTD,RP,,0,元
2026-09-14,LITE US,LUMENTUM HOLDINGS INC,6.14,117000,股
2026-09-14,SPCX US,SPACE EXPLORATION TECHN-CL A,5.12,550000,股
2026-09-14,BE US,BLOOM ENERGY CORP- A,5.01,310000,股
2026-09-14,3037,欣興,4.99,2600000,股
2026-09-14,009150 KS,Samsung Electro-Mechanics co(009150 ks),4.37,70000,股
2026-09-14,2383,台光電,4.23,400000,股
2026-09-14,6981 JP,MURATA MANUFACTURING CO LTD,3.94,1350000,股
2026-09-14,PANW US,PALO ALTO NETWORKS INC,3.53,150000,股
2026-09-14,MU US,MICRON TECHNOLOGY INC,3.48,60000,股
2026-09-14,STX US,SEAGATE TECHNOLOGY,3.04,60000,股
2026-09-14,2454,聯發科,2.98,330000,股
2026-09-14,MSFT US,MICROSOFTCORP(微軟公司),2.92,92000,股
2026-09-14,3017,奇鋐,2.88,440000,股
2026-09-14,SNOW US,SNOWFLAKEINC-CLASSA(Snowflake公司),2.72,130000,股
2026-09-14,PLTR US,PALANTIR TECHNOLOGIES INC-A,2.45,225000,股
2026-09-14,NVDA US,NVIDIACORP(輝達公司),2.32,175000,股
2026-09-14,285A JP,KIOXIA HOLDINGS CORP,2.27,110000,股
2026-09-14,HOOD US,ROBINHOOD MARKETS INC - A,2.16,300120,股
2026-09-14,NOW US,SERVICENOW INC,2.06,230000,股
2026-09-14,000660 KS,SK HYNIX INC,1.98,25000,股
2026-09-14,2303,聯電,1.97,7000000,股
2026-09-14,300757 CH,ROBOTECHNIK INTELLIGENT TE-A,1.92,334997,股
2026-09-14,3308 HK,ZHONGJI INNOLIGHT CO LTD-H,1.89,220000,股
2026-09-14,2330,台積電,1.88,400000,股
2026-09-14,INTC US,INTEL CORP,1.83,300000,股
2026-09-14,4979,華星光,1.63,1510000,股
2026-09-14,992 HK,LENOVO GROUP LTD,1.55,6000000,股
2026-09-14,AMD US,ADVANCEDMICRODEVICES.amdus(超微半導體公司),1.55,50000,股
2026-09-14,NET US,CLOUDFLARE INC - CLASS A,1.45,70000,股
2026-09-14,TER US,TERADYNE INC,1.45,70000,股
2026-09-14,6997 JP,NIPPON CHEMI-CON CORP,1.35,1275100,股
2026-09-14,6515,穎崴,1.31,100000,股
2026-09-14,IFX GY,INFINEON TECHNOLOGIES AG,1.18,300000,股
2026-09-14,CRCL US,CIRCLE INTERNET GROUP INC,0.98,160000,股
2026-09-14,SNDK US,SANDISK CORP,0.98,10000,股
2026-09-14,TSEM US,TOWER SEMICONDUCTOR LTD,0.82,68249,股
2026-09-14,TWLO US,TWILIO INC - A,0.8,55000,股
2026-09-14,5801 JP,FURUKAWA ELECTRIC CO LTD,0.78,500000,股
2026-09-14,AEM US,AGNICO EAGLE MINES LTD,0.74,60000,股
2026-09-14,4180 JP,APPIER GROUP INC,0.59,950000,股
2026-09-14,NTRA US,NATERA INC,0.54,25000,股
2026-09-14,AIXA GY,AIXTRON SE,0.34,139635,股
2026-09-14,CRWD US,CROWDSTRIKE HOLDINGS INC - A,0.25,16754,股
2026-09-14,C_NTD,CASH,,2918061406,元
2026-09-14,M_USD,MARGIN,,1001263,元
2026-09-14,RDI_NTD,RECEIVABLES FOR DISPOSAL OF INVESTMENTS,,-485069696,元
2026-09-14,RP_NTD,RP,,0,元
2026-09-15,LITE US,LUMENTUM HOLDINGS INC,6.27,117000,股
2026-09-15,BE US,BLOOM ENERGY CORP- A,5.14,310000,股
2026-09-15,SPCX US,SPACE EXPLORATION TECHN-CL A,5.04,550000,股
2026-09-15,3037,欣興,4.95,2600000,股
2026-09-15,009150 KS,Samsung Electro-Mechanics co(009150 ks),4.33,70000,股
2026-09-15,6981 JP,MURATA MANUFACTURING CO LTD,4.12,1350000,股
2026-09-15,2383,台光電,4.1,400000,股
2026-09-15,PANW US,PALO ALTO NETWORKS INC,3.6,150000,股
2026-09-15,MU US,MICRON TECHNOLOGY INC,3.56,60000,股
2026-09-15,MSFT US,MICROSOFTCORP(微軟公司),3.18,100000,股
2026-09-15,STX US,SEAGATE TECHNOLOGY,2.96,60000,股
2026-09-15,2454,聯發科,2.93,330000,股
2026-09-15,3017,奇鋐,2.75,440000,股
2026-09-15,SNOW US,SNOWFLAKEINC-CLASSA(Snowflake公司),2.68,130000,股
2026-09-15,PLTR US,PALANTIR TECHNOLOGIES INC-A,2.48,225000,股
2026-09-15,NVDA US,NVIDIACORP(輝達公司),2.37,175000,股
2026-09-15,HOOD US,ROBINHOOD MARKETS INC - A,2.12,300120,股
2026-09-15,NOW US,SERVICENOW INC,2.09,230000,股
2026-09-15,000660 KS,SK HYNIX INC,1.98,25000,股
2026-09-15,2303,聯電,1.94,7000000,股
2026-09-15,3308 HK,ZHONGJI INNOLIGHT CO LTD-H,1.94,220000,股
2026-09-15,300757 CH,ROBOTECHNIK INTELLIGENT TE-A,1.92,334997,股
2026-09-15,2330,台積電,1.91,400000,股
2026-09-15,INTC US,INTEL CORP,1.86,300000,股
2026-09-15,285A JP,KIOXIA HOLDINGS CORP,1.64,77000,股
2026-09-15,AMD US,ADVANCEDMICRODEVICES.amdus(超微半導體公司),1.61,50000,股
2026-09-15,4979,華星光,1.54,1510000,股
2026-09-15,992 HK,LENOVO GROUP LTD,1.53,6000000,股
2026-09-15,TER US,TERADYNE INC,1.49,70000,股
2026-09-15,6997 JP,NIPPON CHEMI-CON CORP,1.47,1275100,股
2026-09-15,NET US,CLOUDFLARE INC - CLASS A,1.46,70000,股
2026-09-15,6515,穎崴,1.26,100000,股
2026-09-15,IFX GY,INFINEON TECHNOLOGIES AG,1.2,300000,股
2026-09-15,CRWD US,CROWDSTRIKE HOLDINGS INC - A,1.03,66754,股
2026-09-15,TWLO US,TWILIO INC - A,0.85,55000,股
2026-09-15,5801 JP,FURUKAWA ELECTRIC CO LTD,0.77,500000,股
2026-09-15,AEM US,AGNICO EAGLE MINES LTD,0.75,60000,股
2026-09-15,CRCL US,CIRCLE INTERNET GROUP INC,0.71,129169,股
2026-09-15,SNDK US,SANDISK CORP,0.68,7000,股
2026-09-15,4180 JP,APPIER GROUP INC,0.6,950000,股
2026-09-15,NTRA US,NATERA INC,0.56,25000,股
2026-09-15,AIXA GY,AIXTRON SE,0.24,97635,股
2026-09-15,C_NTD,CASH,,2572723978,元
2026-09-15,M_USD,MARGIN,,1001263,元
2026-09-15,RDI_NTD,RECEIVABLES FOR DISPOSAL OF INVESTMENTS,,409164207,元
2026-09-15,RP_NTD,RP,,0,元
2026-09-16,LITE US,LUMENTUM HOLDINGS INC,6.75,117000,股
2026-09-16,BE US,BLOOM ENERGY CORP- A,5.25,310000,股
2026-09-16,SPCX US,SPACE EXPLORATION TECHN-CL A,5.2,550000,股
2026-09-16,3037,欣興,4.91,2600000,股
2026-09-16,009150 KS,Samsung Electro-Mechanics co(009150 ks),4.43,70000,股
2026-09-16,6981 JP,MURATA MANUFACTURING CO LTD,4.17,1350000,股
2026-09-16,PANW US,PALO ALTO NETWORKS INC,3.53,150000,股
2026-09-16,MU US,MICRON TECHNOLOGY INC,3.49,60000,股
2026-09-16,MSFT US,MICROSOFTCORP(微軟公司),3.08,100000,股
2026-09-16,2383,台光電,3.0,300000,股
2026-09-16,2454,聯發科,2.94,330000,股
2026-09-16,3017,奇鋐,2.75,440000,股
2026-09-16,SNOW US,SNOWFLAKEINC-CLASSA(Snowflake公司),2.7,130000,股
2026-09-16,PLTR US,PALANTIR TECHNOLOGIES INC-A,2.46,225000,股
2026-09-16,NVDA US,NVIDIACORP(輝達公司),2.35,175000,股
2026-09-16,000660 KS,SK HYNIX INC,2.02,25000,股
2026-09-16,NOW US,SERVICENOW INC,2.02,230000,股
2026-09-16,3308 HK,ZHONGJI INNOLIGHT CO LTD-H,2.0,220000,股
2026-09-16,CRWD US,CROWDSTRIKE HOLDINGS INC - A,1.98,130754,股
2026-09-16,HOOD US,ROBINHOOD MARKETS INC - A,1.97,300120,股
2026-09-16,STX US,SEAGATE TECHNOLOGY,1.96,40000,股
2026-09-16,2303,聯電,1.95,7000000,股
2026-09-16,300757 CH,ROBOTECHNIK INTELLIGENT TE-A,1.92,334997,股
2026-09-16,INTC US,INTEL CORP,1.9,300000,股
2026-09-16,2330,台積電,1.87,400000,股
2026-09-16,4979,華星光,1.62,1510000,股
2026-09-16,992 HK,LENOVO GROUP LTD,1.62,6000000,股
2026-09-16,AMD US,ADVANCEDMICRODEVICES.amdus(超微半導體公司),1.61,50000,股
2026-09-16,TER US,TERADYNE INC,1.5,70000,股
2026-09-16,TWLO US,TWILIO INC - A,1.5,100000,股
2026-09-16,6997 JP,NIPPON CHEMI-CON CORP,1.47,1275100,股
2026-09-16,NET US,CLOUDFLARE INC - CLASS A,1.43,70000,股
2026-09-16,6515,穎崴,1.22,100000,股
2026-09-16,IFX GY,INFINEON TECHNOLOGIES AG,1.2,300000,股
2026-09-16,OKTA US,OKTA INC,0.94,80000,股
2026-09-16,3081,聯亞,0.83,150000,股
2026-09-16,5801 JP,FURUKAWA ELECTRIC CO LTD,0.77,500000,股
2026-09-16,285A JP,KIOXIA HOLDINGS CORP,0.76,37000,股
2026-09-16,AEM US,AGNICO EAGLE MINES LTD,0.74,60000,股
2026-09-16,SNDK US,SANDISK CORP,0.67,7000,股
2026-09-16,4180 JP,APPIER GROUP INC,0.59,950000,股
2026-09-16,NTRA US,NATERA INC,0.54,25000,股
2026-09-16,AIXA GY,AIXTRON SE,0.14,57635,股
2026-09-16,C_NTD,CASH,,2240206128,元
2026-09-16,M_USD,MARGIN,,1001263,元
2026-09-16,RDI_NTD,RECEIVABLES FOR DISPOSAL OF INVESTMENTS,,447719327,元
2026-09-16,RP_NTD,RP,,0,元
2026-09-17,LITE US,LUMENTUM HOLDINGS INC,6.53,117000,股
2026-09-17,BE US,BLOOM ENERGY CORP- A,6.14,350000,股
2026-09-17,SPCX US,SPACE EXPLORATION TECHN-CL A,5.32,550000,股
2026-09-17,3037,欣興,4.79,2600000,股
2026-09-17,009150 KS,Samsung Electro-Mechanics co(009150 ks),4.21,70000,股
2026-09-17,6981 JP,MURATA MANUFACTURING CO LTD,4.03,1350000,股
2026-09-17,MU US,MICRON TECHNOLOGY INC,3.66,60000,股
2026-09-17,PANW US,PALO ALTO NETWORKS INC,3.51,150000,股
2026-09-17,MSFT US,MICROSOFTCORP(微軟公司),3.11,100000,股
2026-09-17,2454,聯發科,2.91,330000,股
2026-09-17,3017,奇鋐,2.75,440000,股
2026-09-17,SNOW US,SNOWFLAKEINC-CLASSA(Snowflake公司),2.75,130000,股
2026-09-17,PLTR US,PALANTIR TECHNOLOGIES INC-A,2.48,225000,股
2026-09-17,NVDA US,NVIDIACORP(輝達公司),2.4,175000,股
2026-09-17,2383,台光電,2.3,250000,股
2026-09-17,INTC US,INTEL CORP,2.18,320399,股
2026-09-17,HOOD US,ROBINHOOD MARKETS INC - A,2.06,300120,股
2026-09-17,2303,聯電,2.02,7000000,股
2026-09-17,3308 HK,ZHONGJI INNOLIGHT CO LTD-H,2.01,220000,股
2026-09-17,CRWD US,CROWDSTRIKE HOLDINGS INC - A,2.01,130754,股
2026-09-17,NOW US,SERVICENOW INC,1.99,230000,股
2026-09-17,000660 KS,SK HYNIX INC,1.97,25000,股
2026-09-17,2330,台積電,1.9,400000,股
2026-09-17,300757 CH,ROBOTECHNIK INTELLIGENT TE-A,1.9,334997,股
2026-09-17,AMD US,ADVANCEDMICRODEVICES.amdus(超微半導體公司),1.7,50000,股
2026-09-17,4979,華星光,1.64,1510000,股
2026-09-17,992 HK,LENOVO GROUP LTD,1.64,6000000,股
2026-09-17,TER US,TERADYNE INC,1.54,70000,股
2026-09-17,TWLO US,TWILIO INC - A,1.54,100000,股
2026-09-17,NET US,CLOUDFLARE INC - CLASS A,1.46,70000,股
2026-09-17,OKTA US,OKTA INC,1.42,120000,股
2026-09-17,6997 JP,NIPPON CHEMI-CON CORP,1.4,1275100,股
2026-09-17,6515,穎崴,1.2,100000,股
2026-09-17,IFX GY,INFINEON TECHNOLOGIES AG,1.17,300000,股
2026-09-17,STX US,SEAGATE TECHNOLOGY,1.0,20000,股
2026-09-17,3081,聯亞,0.8,150000,股
2026-09-17,5801 JP,FURUKAWA ELECTRIC CO LTD,0.76,500000,股
2026-09-17,285A JP,KIOXIA HOLDINGS CORP,0.74,37000,股
2026-09-17,SNDK US,SANDISK CORP,0.71,7000,股
2026-09-17,4180 JP,APPIER GROUP INC,0.58,950000,股
2026-09-17,NTRA US,NATERA INC,0.57,25000,股
2026-09-17,AIXA GY,AIXTRON SE,0.03,13635,股
2026-09-17,C_NTD,CASH,,2095955394,元
2026-09-17,M_USD,MARGIN,,1001263,元
2026-09-17,RDI_NTD,RECEIVABLES FOR DISPOSAL OF INVESTMENTS,,1047038604,元
2026-09-17,RP_NTD,RP,,0,元
2026-09-18,LITE US,LUMENTUM HOLDINGS INC,6.67,117000,股
2026-09-18,BE US,BLOOM ENERGY CORP- A,5.7,350000,股
2026-09-18,SPCX US,SPACE EXPLORATION TECHN-CL A,5.15,550000,股
2026-09-18,3037,欣興,4.92,2600000,股
2026-09-18,009150 KS,Samsung Electro-Mechanics co(009150 ks),4.3,70000,股
2026-09-18,6981 JP,MURATA MANUFACTURING CO LTD,4.09,1350000,股
2026-09-18,MU US,MICRON TECHNOLOGY INC,3.73,60000,股
2026-09-18,PANW US,PALO ALTO NETWORKS INC,3.34,150000,股
2026-09-18,MSFT US,MICROSOFTCORP(微軟公司),3.03,100000,股
2026-09-18,2454,聯發科,3.0,330000,股
2026-09-18,INTC US,INTEL CORP,3.0,450399,股
2026-09-18,3017,奇鋐,2.91,440000,股
2026-09-18,SNOW US,SNOWFLAKEINC-CLASSA(Snowflake公司),2.65,130000,股
2026-09-18,2303,聯電,2.56,8500000,股
2026-09-18,PLTR US,PALANTIR TECHNOLOGIES INC-A,2.45,225000,股
2026-09-18,NVDA US,NVIDIACORP(輝達公司),2.38,175000,股
2026-09-18,2383,台光電,2.36,250000,股
2026-09-18,HOOD US,ROBINHOOD MARKETS INC - A,2.2,300120,股
2026-09-18,3308 HK,ZHONGJI INNOLIGHT CO LTD-H,2.07,220000,股
2026-09-18,000660 KS,SK HYNIX INC,2.06,25000,股
2026-09-18,NOW US,SERVICENOW INC,1.91,230000,股
2026-09-18,2330,台積電,1.9,400000,股
2026-09-18,300757 CH,ROBOTECHNIK INTELLIGENT TE-A,1.9,334997,股
2026-09-18,CRWD US,CROWDSTRIKE HOLDINGS INC - A,1.9,130754,股
2026-09-18,4979,華星光,1.78,1510000,股
2026-09-18,992 HK,LENOVO GROUP LTD,1.76,6000000,股
2026-09-18,AMD US,ADVANCEDMICRODEVICES.amdus(超微半導體公司),1.72,50000,股
2026-09-18,TER US,TERADYNE INC,1.59,70000,股
2026-09-18,TWLO US,TWILIO INC - A,1.49,100000,股
2026-09-18,NET US,CLOUDFLARE INC - CLASS A,1.39,70000,股
2026-09-18,OKTA US,OKTA INC,1.34,120000,股
2026-09-18,6515,穎崴,1.24,100000,股
2026-09-18,IFX GY,INFINEON TECHNOLOGIES AG,1.18,300000,股
2026-09-18,6997 JP,NIPPON CHEMI-CON CORP,1.15,1060000,股
2026-09-18,STX US,SEAGATE TECHNOLOGY,1.05,20000,股
2026-09-18,3081,聯亞,0.83,150000,股
2026-09-18,285A JP,KIOXIA HOLDINGS CORP,0.79,37000,股
2026-09-18,SNDK US,SANDISK CORP,0.77,7000,股
2026-09-18,5801 JP,FURUKAWA ELECTRIC CO LTD,0.76,500000,股
2026-09-18,NTRA US,NATERA INC,0.57,25000,股
2026-09-18,4180 JP,APPIER GROUP INC,0.56,950000,股
2026-09-18,C_NTD,CASH,,2765381919,元
2026-09-18,M_USD,MARGIN,,1001263,元
2026-09-18,RDI_NTD,RECEIVABLES FOR DISPOSAL OF INVESTMENTS,,-251466132,元
2026-09-18,RP_NTD,RP,,0,元
2026-09-21,LITE US,LUMENTUM HOLDINGS INC,6.7,117000,股
2026-09-21,BE US,BLOOM ENERGY CORP- A,5.73,350000,股
2026-09-21,3037,欣興,5.01,2600000,股
2026-09-21,SPCX US,SPACE EXPLORATION TECHN-CL A,5.01,550000,股
2026-09-21,009150 KS,Samsung Electro-Mechanics co(009150 ks),4.35,70000,股
2026-09-21,6981 JP,MURATA MANUFACTURING CO LTD,4.0,1350000,股
2026-09-21,MU US,MICRON TECHNOLOGY INC,3.76,60000,股
2026-09-21,2454,聯發科,3.59,380000,股
2026-09-21,PANW US,PALO ALTO NETWORKS INC,3.34,150000,股
2026-09-21,INTC US,INTEL CORP,3.29,450399,股
2026-09-21,MSFT US,MICROSOFTCORP(微軟公司),3.01,100000,股
2026-09-21,HOOD US,ROBINHOOD MARKETS INC - A,2.96,400120,股
2026-09-21,3017,奇鋐,2.84,440000,股
2026-09-21,SNOW US,SNOWFLAKEINC-CLASSA(Snowflake公司),2.65,130000,股
2026-09-21,2303,聯電,2.52,8500000,股
2026-09-21,PLTR US,PALANTIR TECHNOLOGIES INC-A,2.47,225000,股
2026-09-21,NVDA US,NVIDIACORP(輝達公司),2.39,175000,股
2026-09-21,2383,台光電,2.31,250000,股
2026-09-21,3308 HK,ZHONGJI INNOLIGHT CO LTD-H,2.1,220000,股
2026-09-21,000660 KS,SK HYNIX INC,2.03,25000,股
2026-09-21,CRWD US,CROWDSTRIKE HOLDINGS INC - A,1.96,130754,股
2026-09-21,NOW US,SERVICENOW INC,1.9,230000,股
2026-09-21,2330,台積電,1.87,400000,股
2026-09-21,300757 CH,ROBOTECHNIK INTELLIGENT TE-A,1.86,334997,股
2026-09-21,AMD US,ADVANCEDMICRODEVICES.amdus(超微半導體公司),1.85,50000,股
2026-09-21,4979,華星光,1.76,1510000,股
2026-09-21,992 HK,LENOVO GROUP LTD,1.64,6000000,股
2026-09-21,TER US,TERADYNE INC,1.6,70000,股
2026-09-21,TWLO US,TWILIO INC - A,1.6,100000,股
2026-09-21,NET US,CLOUDFLARE INC - CLASS A,1.48,70000,股
2026-09-21,OKTA US,OKTA INC,1.38,120000,股
2026-09-21,IFX GY,INFINEON TECHNOLOGIES AG,1.2,300000,股
2026-09-21,6997 JP,NIPPON CHEMI-CON CORP,1.13,1060000,股
2026-09-21,STX US,SEAGATE TECHNOLOGY,1.05,20000,股
2026-09-21,COIN US,COINBASE GLOBAL INC -CLASS A,0.84,70000,股
2026-09-21,3081,聯亞,0.81,150000,股
2026-09-21,285A JP,KIOXIA HOLDINGS CORP,0.77,37000,股
2026-09-21,5801 JP,FURUKAWA ELECTRIC CO LTD,0.74,500000,股
2026-09-21,SNDK US,SANDISK CORP,0.74,7000,股
2026-09-21,6515,穎崴,0.66,60000,股
2026-09-21,NTRA US,NATERA INC,0.56,25000,股
2026-09-21,4180 JP,APPIER GROUP INC,0.55,950000,股
2026-09-21,C_NTD,CASH,,2490741998,元
2026-09-21,M_USD,MARGIN,,1001263,元
2026-09-21,RDI_NTD,RECEIVABLES FOR DISPOSAL OF INVESTMENTS,,-958900183,元
2026-09-21,RP_NTD,RP,,0,元
2026-09-22,LITE US,LUMENTUM HOLDINGS INC,6.54,117000,股
2026-09-22,BE US,BLOOM ENERGY CORP- A,5.72,350000,股
2026-09-22,3037,欣興,5.44,2600000,股
2026-09-22,SPCX US,SPACE EXPLORATION TECHN-CL A,5.03,550000,股
2026-09-22,009150 KS,Samsung Electro-Mechanics co(009150 ks),4.52,70000,股
2026-09-22,6981 JP,MURATA MANUFACTURING CO LTD,3.93,1350000,股
2026-09-22,MU US,MICRON TECHNOLOGY INC,3.89,60000,股
2026-09-22,2454,聯發科,3.67,380000,股
2026-09-22,INTC US,INTEL CORP,3.66,500399,股
2026-09-22,PANW US,PALO ALTO NETWORKS INC,3.32,150000,股
2026-09-22,PLTR US,PALANTIR TECHNOLOGIES INC-A,3.01,275000,股
2026-09-22,HOOD US,ROBINHOOD MARKETS INC - A,2.94,400120,股
2026-09-22,2303,聯電,2.9,9700000,股
2026-09-22,3017,奇鋐,2.78,440000,股
2026-09-22,SNOW US,SNOWFLAKEINC-CLASSA(Snowflake公司),2.59,130000,股
2026-09-22,NVDA US,NVIDIACORP(輝達公司),2.37,175000,股
2026-09-22,MSFT US,MICROSOFTCORP(微軟公司),2.36,80000,股
2026-09-22,2383,台光電,2.27,250000,股
2026-09-22,3308 HK,ZHONGJI INNOLIGHT CO LTD-H,2.02,220000,股
2026-09-22,000660 KS,SK HYNIX INC,2.0,25000,股
2026-09-22,CRWD US,CROWDSTRIKE HOLDINGS INC - A,1.93,130754,股
2026-09-22,NOW US,SERVICENOW INC,1.86,230000,股
2026-09-22,AMD US,ADVANCEDMICRODEVICES.amdus(超微半導體公司),1.84,50000,股
2026-09-22,300757 CH,ROBOTECHNIK INTELLIGENT TE-A,1.79,334997,股
2026-09-22,NET US,CLOUDFLARE INC - CLASS A,1.71,82000,股
2026-09-22,TWLO US,TWILIO INC - A,1.68,100000,股
2026-09-22,992 HK,LENOVO GROUP LTD,1.66,6000000,股
2026-09-22,TER US,TERADYNE INC,1.65,70000,股
2026-09-22,OKTA US,OKTA INC,1.39,120000,股
2026-09-22,IFX GY,INFINEON TECHNOLOGIES AG,1.22,300000,股
2026-09-22,6997 JP,NIPPON CHEMI-CON CORP,1.11,1060000,股
2026-09-22,STX US,SEAGATE TECHNOLOGY,1.09,20000,股
2026-09-22,4979,華星光,1.02,900000,股
2026-09-22,2330,台積電,0.92,200000,股
2026-09-22,COIN US,COINBASE GLOBAL INC -CLASS A,0.83,70000,股
2026-09-22,3081,聯亞,0.79,150000,股
2026-09-22,SNDK US,SANDISK CORP,0.78,7000,股
2026-09-22,285A JP,KIOXIA HOLDINGS CORP,0.76,37000,股
2026-09-22,5801 JP,FURUKAWA ELECTRIC CO LTD,0.73,500000,股
2026-09-22,NTRA US,NATERA INC,0.58,25000,股
2026-09-22,4180 JP,APPIER GROUP INC,0.54,950000,股
2026-09-22,C_NTD,CASH,,1206166466,元
2026-09-22,M_USD,MARGIN,,1001263,元
2026-09-22,RDI_NTD,RECEIVABLES FOR DISPOSAL OF INVESTMENTS,,806024160,元
2026-09-22,RP_NTD,RP,,0,元
2026-09-23,LITE US,LUMENTUM HOLDINGS INC,6.49,117000,股
2026-09-23,BE US,BLOOM ENERGY CORP- A,5.95,365000,股
2026-09-23,3037,欣興,5.64,2600000,股
2026-09-23,SPCX US,SPACE EXPLORATION TECHN-CL A,4.83,550000,股
2026-09-23,009150 KS,Samsung Electro-Mechanics co(009150 ks),4.59,70000,股
2026-09-23,INTC US,INTEL CORP,4.0,550399,股
2026-09-23,6981 JP,MURATA MANUFACTURING CO LTD,3.93,1350000,股
2026-09-23,MU US,MICRON TECHNOLOGY INC,3.81,60000,股
2026-09-23,2454,聯發科,3.68,380000,股
2026-09-23,PANW US,PALO ALTO NETWORKS INC,3.49,150000,股
2026-09-23,3017,奇鋐,3.31,510000,股
2026-09-23,PLTR US,PALANTIR TECHNOLOGIES INC-A,3.12,275000,股
2026-09-23,HOOD US,ROBINHOOD MARKETS INC - A,2.91,400120,股
2026-09-23,2303,聯電,2.9,9700000,股
2026-09-23,SNOW US,SNOWFLAKEINC-CLASSA(Snowflake公司),2.58,130000,股
2026-09-23,2383,台光電,2.34,250000,股
2026-09-23,NVDA US,NVIDIACORP(輝達公司),2.34,175000,股
2026-09-23,000660 KS,SK HYNIX INC,2.03,25000,股
2026-09-23,CRWD US,CROWDSTRIKE HOLDINGS INC - A,2.03,130754,股
2026-09-23,3308 HK,ZHONGJI INNOLIGHT CO LTD-H,1.98,220000,股
2026-09-23,NOW US,SERVICENOW INC,1.92,230000,股
2026-09-23,AMD US,ADVANCEDMICRODEVICES.amdus(超微半導體公司),1.82,50000,股
2026-09-23,300757 CH,ROBOTECHNIK INTELLIGENT TE-A,1.77,334997,股
2026-09-23,TWLO US,TWILIO INC - A,1.72,100000,股
2026-09-23,NET US,CLOUDFLARE INC - CLASS A,1.71,82000,股
2026-09-23,992 HK,LENOVO GROUP LTD,1.67,6000000,股
2026-09-23,TER US,TERADYNE INC,1.61,70000,股
2026-09-23,OKTA US,OKTA INC,1.46,120000,股
2026-09-23,IFX GY,INFINEON TECHNOLOGIES AG,1.19,300000,股
2026-09-23,MSFT US,MICROSOFTCORP(微軟公司),1.19,40000,股
2026-09-23,6997 JP,NIPPON CHEMI-CON CORP,1.11,1060000,股
2026-09-23,STX US,SEAGATE TECHNOLOGY,1.09,20000,股
2026-09-23,2330,台積電,0.93,200000,股
2026-09-23,IREN US,IREN LTD,0.91,325000,股
2026-09-23,COIN US,COINBASE GLOBAL INC -CLASS A,0.82,70000,股
2026-09-23,285A JP,KIOXIA HOLDINGS CORP,0.76,37000,股
2026-09-23,3081,聯亞,0.75,150000,股
2026-09-23,SNDK US,SANDISK CORP,0.75,7000,股
2026-09-23,5801 JP,FURUKAWA ELECTRIC CO LTD,0.73,500000,股
2026-09-23,NTRA US,NATERA INC,0.58,25000,股
2026-09-23,4180 JP,APPIER GROUP INC,0.54,950000,股
2026-09-23,4979,華星光,0.5,450000,股
2026-09-23,C_NTD,CASH,,844474535,元
2026-09-23,M_USD,MARGIN,,1001263,元
2026-09-23,RDI_NTD,RECEIVABLES FOR DISPOSAL OF INVESTMENTS,,955917645,元
2026-09-23,RP_NTD,RP,,0,元
2026-09-24,LITE US,LUMENTUM HOLDINGS INC,6.5,117000,股
2026-09-24,BE US,BLOOM ENERGY CORP- A,6.22,390000,股
2026-09-24,3037,欣興,5.79,2600000,股
2026-09-24,SPCX US,SPACE EXPLORATION TECHN-CL A,4.87,550000,股
2026-09-24,009150 KS,Samsung Electro-Mechanics co(009150 ks),4.61,70000,股
2026-09-24,INTC US,INTEL CORP,4.19,550399,股
2026-09-24,6981 JP,MURATA MANUFACTURING CO LTD,3.99,1350000,股
2026-09-24,2454,聯發科,3.77,380000,股
2026-09-24,PANW US,PALO ALTO NETWORKS INC,3.5,150000,股
2026-09-24,3017,奇鋐,3.41,510000,股
2026-09-24,MU US,MICRON TECHNOLOGY INC,3.36,52000,股
2026-09-24,PLTR US,PALANTIR TECHNOLOGIES INC-A,3.17,275000,股
2026-09-24,HOOD US,ROBINHOOD MARKETS INC - A,2.89,400120,股
2026-09-24,2303,聯電,2.81,9700000,股
2026-09-24,SNOW US,SNOWFLAKEINC-CLASSA(Snowflake公司),2.6,130000,股
2026-09-24,2383,台光電,2.37,250000,股
2026-09-24,NVDA US,NVIDIACORP(輝達公司),2.35,175000,股
2026-09-24,000660 KS,SK HYNIX INC,2.03,25000,股
2026-09-24,CRWD US,CROWDSTRIKE HOLDINGS INC - A,2.03,130754,股
2026-09-24,3308 HK,ZHONGJI INNOLIGHT CO LTD-H,1.97,220000,股
2026-09-24,NOW US,SERVICENOW INC,1.9,230000,股
2026-09-24,AMD US,ADVANCEDMICRODEVICES.amdus(超微半導體公司),1.88,50000,股
2026-09-24,TWLO US,TWILIO INC - A,1.79,100000,股
2026-09-24,NET US,CLOUDFLARE INC - CLASS A,1.76,82000,股
2026-09-24,300757 CH,ROBOTECHNIK INTELLIGENT TE-A,1.69,334997,股
2026-09-24,992 HK,LENOVO GROUP LTD,1.65,6000000,股
2026-09-24,TER US,TERADYNE INC,1.62,70000,股
2026-09-24,OKTA US,OKTA INC,1.48,120000,股
2026-09-24,MSFT US,MICROSOFTCORP(微軟公司),1.19,40000,股
2026-09-24,IFX GY,INFINEON TECHNOLOGIES AG,1.15,300000,股
2026-09-24,STX US,SEAGATE TECHNOLOGY,1.08,20000,股
2026-09-24,6997 JP,NIPPON CHEMI-CON CORP,0.99,935800,股
2026-09-24,2330,台積電,0.93,200000,股
2026-09-24,IREN US,IREN LTD,0.9,325000,股
2026-09-24,COIN US,COINBASE GLOBAL INC -CLASS A,0.83,70000,股
2026-09-24,285A JP,KIOXIA HOLDINGS CORP,0.76,37000,股
2026-09-24,3081,聯亞,0.76,150000,股
2026-09-24,SNDK US,SANDISK CORP,0.73,7000,股
2026-09-24,5801 JP,FURUKAWA ELECTRIC CO LTD,0.72,500000,股
2026-09-24,NTRA US,NATERA INC,0.61,25000,股
2026-09-24,4180 JP,APPIER GROUP INC,0.53,950000,股
2026-09-24,C_NTD,CASH,,1637240598,元
2026-09-24,M_USD,MARGIN,,1001263,元
2026-09-24,RDI_NTD,RECEIVABLES FOR DISPOSAL OF INVESTMENTS,,523805069,元
2026-09-24,RP_NTD,RP,,0,元
2026-09-29,LITE US,LUMENTUM HOLDINGS INC,6.88,117000,股
2026-09-29,BE US,BLOOM ENERGY CORP- A,6.86,390000,股
2026-09-29,3037,欣興,5.73,2600000,股
2026-09-29,SPCX US,SPACE EXPLORATION TECHN-CL A,4.96,550000,股
2026-09-29,009150 KS,Samsung Electro-Mechanics co(009150 ks),4.76,70000,股
2026-09-29,6981 JP,MURATA MANUFACTURING CO LTD,4.19,1350000,股
2026-09-29,INTC US,INTEL CORP,3.85,550399,股
2026-09-29,2454,聯發科,3.53,380000,股
2026-09-29,PANW US,PALO ALTO NETWORKS INC,3.52,150000,股
2026-09-29,MU US,MICRON TECHNOLOGY INC,3.34,52000,股
2026-09-29,3017,奇鋐,3.28,510000,股
2026-09-29,PLTR US,PALANTIR TECHNOLOGIES INC-A,3.1,275000,股
2026-09-29,2303,聯電,2.82,9700000,股
2026-09-29,HOOD US,ROBINHOOD MARKETS INC - A,2.81,400120,股
2026-09-29,SNOW US,SNOWFLAKEINC-CLASSA(Snowflake公司),2.59,130000,股
2026-09-29,NVDA US,NVIDIACORP(輝達公司),2.4,175000,股
2026-09-29,2383,台光電,2.33,250000,股
2026-09-29,TWLO US,TWILIO INC - A,2.11,120000,股
2026-09-29,CRWD US,CROWDSTRIKE HOLDINGS INC - A,2.07,130754,股
2026-09-29,OKTA US,OKTA INC,1.98,160000,股
2026-09-29,000660 KS,SK HYNIX INC,1.96,25000,股
2026-09-29,AMD US,ADVANCEDMICRODEVICES.amdus(超微半導體公司),1.83,50000,股
2026-09-29,NOW US,SERVICENOW INC,1.8,230000,股
2026-09-29,3308 HK,ZHONGJI INNOLIGHT CO LTD-H,1.79,220000,股
2026-09-29,NET US,CLOUDFLARE INC - CLASS A,1.74,82000,股
2026-09-29,TER US,TERADYNE INC,1.7,70000,股
2026-09-29,992 HK,LENOVO GROUP LTD,1.64,6000000,股
2026-09-29,300757 CH,ROBOTECHNIK INTELLIGENT TE-A,1.6,334997,股
2026-09-29,MSFT US,MICROSOFTCORP(微軟公司),1.23,40000,股
2026-09-29,IFX GY,INFINEON TECHNOLOGIES AG,1.22,300000,股
2026-09-29,STX US,SEAGATE TECHNOLOGY,1.1,20000,股
2026-09-29,2330,台積電,0.94,200000,股
2026-09-29,IREN US,IREN LTD,0.81,325000,股
2026-09-29,COIN US,COINBASE GLOBAL INC -CLASS A,0.8,70000,股
2026-09-29,285A JP,KIOXIA HOLDINGS CORP,0.76,111000,股
2026-09-29,3081,聯亞,0.75,150000,股
2026-09-29,SNDK US,SANDISK CORP,0.73,7000,股
2026-09-29,6997 JP,NIPPON CHEMI-CON CORP,0.72,750000,股
2026-09-29,5801 JP,FURUKAWA ELECTRIC CO LTD,0.71,500000,股
2026-09-29,NTRA US,NATERA INC,0.63,25000,股
2026-09-29,4180 JP,APPIER GROUP INC,0.5,950000,股
2026-09-29,C_NTD,CASH,,1823324921,元
2026-09-29,M_USD,MARGIN,,1001263,元
2026-09-29,RDI_NTD,RECEIVABLES FOR DISPOSAL OF INVESTMENTS,,-94897600,元
2026-09-29,RP_NTD,RP,,0,元
2026-09-30,LITE US,LUMENTUM HOLDINGS INC,6.88,117000,股
2026-09-30,BE US,BLOOM ENERGY CORP- A,6.54,390000,股
2026-09-30,3037,欣興,5.81,2600000,股
2026-09-30,SPCX US,SPACE EXPLORATION TECHN-CL A,5.02,550000,股
2026-09-30,009150 KS,Samsung Electro-Mechanics co(009150 ks),4.73,70000,股
2026-09-30,6981 JP,MURATA MANUFACTURING CO LTD,4.09,1350000,股
2026-09-30,INTC US,INTEL CORP,4.0,550399,股
2026-09-30,PANW US,PALO ALTO NETWORKS INC,3.61,150000,股
2026-09-30,2454,聯發科,3.55,380000,股
2026-09-30,MU US,MICRON TECHNOLOGY INC,3.35,52000,股
2026-09-30,3017,奇鋐,3.33,510000,股
2026-09-30,PLTR US,PALANTIR TECHNOLOGIES INC-A,3.11,275000,股
2026-09-30,2303,聯電,2.85,9700000,股
2026-09-30,HOOD US,ROBINHOOD MARKETS INC - A,2.72,400120,股
2026-09-30,SNOW US,SNOWFLAKEINC-CLASSA(Snowflake公司),2.67,130000,股
2026-09-30,NVDA US,NVIDIACORP(輝達公司),2.42,175000,股
2026-09-30,2383,台光電,2.35,250000,股
2026-09-30,TWLO US,TWILIO INC - A,2.12,120000,股
2026-09-30,CRWD US,CROWDSTRIKE HOLDINGS INC - A,2.09,130754,股
2026-09-30,OKTA US,OKTA INC,2.02,160000,股
2026-09-30,000660 KS,SK HYNIX INC,1.98,25000,股
2026-09-30,NOW US,SERVICENOW INC,1.86,230000,股
2026-09-30,AMD US,ADVANCEDMICRODEVICES.amdus(超微半導體公司),1.85,50000,股
2026-09-30,NET US,CLOUDFLARE INC - CLASS A,1.72,82000,股
2026-09-30,TER US,TERADYNE INC,1.7,70000,股
2026-09-30,300757 CH,ROBOTECHNIK INTELLIGENT TE-A,1.61,334997,股
2026-09-30,992 HK,LENOVO GROUP LTD,1.6,6000000,股
2026-09-30,MSFT US,MICROSOFTCORP(微軟公司),1.24,40000,股
2026-09-30,IFX GY,INFINEON TECHNOLOGIES AG,1.23,300000,股
2026-09-30,STX US,SEAGATE TECHNOLOGY,1.12,20000,股
2026-09-30,MRVL US,MARVELL TECHNOLOGY INC,0.96,60000,股
2026-09-30,2330,台積電,0.94,200000,股
2026-09-30,IREN US,IREN LTD,0.8,325000,股
2026-09-30,COIN US,COINBASE GLOBAL INC -CLASS A,0.79,70000,股
2026-09-30,285A JP,KIOXIA HOLDINGS CORP,0.77,111000,股
2026-09-30,3081,聯亞,0.77,150000,股
2026-09-30,5801 JP,FURUKAWA ELECTRIC CO LTD,0.74,500000,股
2026-09-30,SNDK US,SANDISK CORP,0.74,7000,股
2026-09-30,NTRA US,NATERA INC,0.63,25000,股
2026-09-30,4180 JP,APPIER GROUP INC,0.51,950000,股
2026-09-30,6997 JP,NIPPON CHEMI-CON CORP,0.4,425000,股
2026-09-30,1303,南亞,0.24,500000,股
2026-09-30,C_NTD,CASH,,1567873424,元
2026-09-30,M_USD,MARGIN,,1001263,元
2026-09-30,RDI_NTD,RECEIVABLES FOR DISPOSAL OF INVESTMENTS,,575526633,元
2026-09-30,RP_NTD,RP,,0,元
2026-10-01,LITE US,LUMENTUM HOLDINGS INC,7.28,117000,股
2026-10-01,BE US,BLOOM ENERGY CORP- A,6.44,390000,股
2026-10-01,3037,欣興,5.9,2600000,股
2026-10-01,SPCX US,SPACE EXPLORATION TECHN-CL A,4.85,550000,股
2026-10-01,009150 KS,Samsung Electro-Mechanics co(009150 ks),4.79,70000,股
2026-10-01,6981 JP,MURATA MANUFACTURING CO LTD,4.33,1350000,股
2026-10-01,INTC US,INTEL CORP,3.93,550399,股
2026-10-01,PANW US,PALO ALTO NETWORKS INC,3.54,150000,股
2026-10-01,2454,聯發科,3.53,380000,股
2026-10-01,MU US,MICRON TECHNOLOGY INC,3.4,52000,股
2026-10-01,3017,奇鋐,3.34,510000,股
2026-10-01,PLTR US,PALANTIR TECHNOLOGIES INC-A,3.11,275000,股
2026-10-01,2303,聯電,2.92,9700000,股
2026-10-01,HOOD US,ROBINHOOD MARKETS INC - A,2.65,400120,股
2026-10-01,SNOW US,SNOWFLAKEINC-CLASSA(Snowflake公司),2.65,130000,股
2026-10-01,NVDA US,NVIDIACORP(輝達公司),2.41,175000,股
2026-10-01,2383,台光電,2.32,250000,股
2026-10-01,TWLO US,TWILIO INC - A,2.15,120000,股
2026-10-01,CRWD US,CROWDSTRIKE HOLDINGS INC - A,2.07,130754,股
2026-10-01,OKTA US,OKTA INC,2.03,160000,股
2026-10-01,000660 KS,SK HYNIX INC,2.01,25000,股
2026-10-01,NOW US,SERVICENOW INC,1.89,230000,股
2026-10-01,AMD US,ADVANCEDMICRODEVICES.amdus(超微半導體公司),1.83,50000,股
2026-10-01,TER US,TERADYNE INC,1.73,70000,股
2026-10-01,NET US,CLOUDFLARE INC - CLASS A,1.71,82000,股
2026-10-01,300757 CH,ROBOTECHNIK INTELLIGENT TE-A,1.58,334997,股
2026-10-01,992 HK,LENOVO GROUP LTD,1.57,6000000,股
2026-10-01,MSFT US,MICROSOFTCORP(微軟公司),1.22,40000,股
2026-10-01,IFX GY,INFINEON TECHNOLOGIES AG,1.2,300000,股
2026-10-01,STX US,SEAGATE TECHNOLOGY,1.13,20000,股
2026-10-01,MRVL US,MARVELL TECHNOLOGY INC,0.96,60000,股
2026-10-01,2330,台積電,0.94,200000,股
2026-10-01,285A JP,KIOXIA HOLDINGS CORP,0.8,111000,股
2026-10-01,COIN US,COINBASE GLOBAL INC -CLASS A,0.79,70000,股
2026-10-01,IREN US,IREN LTD,0.79,325000,股
2026-10-01,5801 JP,FURUKAWA ELECTRIC CO LTD,0.77,500000,股
2026-10-01,3081,聯亞,0.74,150000,股
2026-10-01,SNDK US,SANDISK CORP,0.74,7000,股
2026-10-01,4180 JP,APPIER GROUP INC,0.51,950000,股
2026-10-01,6997 JP,NIPPON CHEMI-CON CORP,0.39,425000,股
2026-10-01,1303,南亞,0.24,500000,股
2026-10-01,C_NTD,CASH,,1071121775,元
2026-10-01,M_USD,MARGIN,,1001263,元
2026-10-01,RDI_NTD,RECEIVABLES FOR DISPOSAL OF INVESTMENTS,,1312427458,元
2026-10-01,RP_NTD,RP,,0,元
2026-10-02,LITE US,LUMENTUM HOLDINGS INC,7.47,117000,股
2026-10-02,BE US,BLOOM ENERGY CORP- A,6.63,390000,股
2026-10-02,3037,欣興,6.26,2600000,股
2026-10-02,SPCX US,SPACE EXPLORATION TECHN-CL A,5.14,550000,股
2026-10-02,009150 KS,Samsung Electro-Mechanics co(009150 ks),4.81,70000,股
2026-10-02,6981 JP,MURATA MANUFACTURING CO LTD,4.26,1350000,股
2026-10-02,INTC US,INTEL CORP,3.86,550399,股
2026-10-02,PANW US,PALO ALTO NETWORKS INC,3.56,150000,股
2026-10-02,2454,聯發科,3.47,380000,股
2026-10-02,MU US,MICRON TECHNOLOGY INC,3.29,52000,股
2026-10-02,3017,奇鋐,3.23,510000,股
2026-10-02,PLTR US,PALANTIR TECHNOLOGIES INC-A,3.05,275000,股
2026-10-02,2303,聯電,2.89,9700000,股
2026-10-02,NVDA US,NVIDIACORP(輝達公司),2.89,210000,股
2026-10-02,HOOD US,ROBINHOOD MARKETS INC - A,2.65,400120,股
2026-10-02,SNOW US,SNOWFLAKEINC-CLASSA(Snowflake公司),2.61,130000,股
2026-10-02,2383,台光電,2.39,250000,股
2026-10-02,CRWD US,CROWDSTRIKE HOLDINGS INC - A,2.08,130754,股
2026-10-02,TWLO US,TWILIO INC - A,2.08,120000,股
2026-10-02,000660 KS,SK HYNIX INC,2.0,25000,股
2026-10-02,OKTA US,OKTA INC,1.99,160000,股
2026-10-02,AMD US,ADVANCEDMICRODEVICES.amdus(超微半導體公司),1.86,50000,股
2026-10-02,TER US,TERADYNE INC,1.85,70000,股
2026-10-02,NOW US,SERVICENOW INC,1.82,230000,股
2026-10-02,NET US,CLOUDFLARE INC - CLASS A,1.68,82000,股
2026-10-02,300757 CH,ROBOTECHNIK INTELLIGENT TE-A,1.57,334997,股
2026-10-02,992 HK,LENOVO GROUP LTD,1.54,6000000,股
2026-10-02,MRVL US,MARVELL TECHNOLOGY INC,1.44,90000,股
2026-10-02,5801 JP,FURUKAWA ELECTRIC CO LTD,1.32,800000,股
2026-10-02,IFX GY,INFINEON TECHNOLOGIES AG,1.28,300000,股
2026-10-02,STX US,SEAGATE TECHNOLOGY,1.0,20000,股
2026-10-02,2330,台積電,0.92,200000,股
2026-10-02,3081,聯亞,0.81,150000,股
2026-10-02,285A JP,KIOXIA HOLDINGS CORP,0.8,111000,股
2026-10-02,IREN US,IREN LTD,0.8,325000,股
2026-10-02,COIN US,COINBASE GLOBAL INC -CLASS A,0.75,70000,股
2026-10-02,SNDK US,SANDISK CORP,0.51,5000,股
2026-10-02,4180 JP,APPIER GROUP INC,0.42,800000,股
2026-10-02,1303,南亞,0.24,500000,股
2026-10-02,6997 JP,NIPPON CHEMI-CON CORP,0.17,200000,股
2026-10-02,C_NTD,CASH,,1272205400,元
2026-10-02,M_USD,MARGIN,,1001263,元
2026-10-02,RDI_NTD,RECEIVABLES FOR DISPOSAL OF INVESTMENTS,,1072211293,元
2026-10-02,RP_NTD,RP,,0,元
2026-10-05,LITE US,LUMENTUM HOLDINGS INC,7.44,117000,股
2026-10-05,BE US,BLOOM ENERGY CORP- A,6.51,390000,股
2026-10-05,3037,欣興,6.32,2600000,股
2026-10-05,SPCX US,SPACE EXPLORATION TECHN-CL A,5.48,550000,股
2026-10-05,009150 KS,Samsung Electro-Mechanics co(009150 ks),4.79,70000,股
2026-10-05,6981 JP,MURATA MANUFACTURING CO LTD,4.36,1350000,股
2026-10-05,INTC US,INTEL CORP,3.72,550399,股
2026-10-05,2454,聯發科,3.6,380000,股
2026-10-05,PANW US,PALO ALTO NETWORKS INC,3.55,150000,股
2026-10-05,NVDA US,NVIDIACORP(輝達公司),3.48,250000,股
2026-10-05,3017,奇鋐,3.35,510000,股
2026-10-05,PLTR US,PALANTIR TECHNOLOGIES INC-A,3.03,275000,股
2026-10-05,MU US,MICRON TECHNOLOGY INC,2.91,47000,股
2026-10-05,2303,聯電,2.71,9700000,股
2026-10-05,HOOD US,ROBINHOOD MARKETS INC - A,2.66,400120,股
2026-10-05,2383,台光電,2.61,250000,股
2026-10-05,TWLO US,TWILIO INC - A,2.1,120000,股
2026-10-05,CRWD US,CROWDSTRIKE HOLDINGS INC - A,2.08,130754,股
2026-10-05,OKTA US,OKTA INC,2.03,160000,股
2026-10-05,000660 KS,SK HYNIX INC,1.99,25000,股
2026-10-05,SNOW US,SNOWFLAKEINC-CLASSA(Snowflake公司),1.97,100000,股
2026-10-05,AMD US,ADVANCEDMICRODEVICES.amdus(超微半導體公司),1.84,50000,股
2026-10-05,NOW US,SERVICENOW INC,1.82,230000,股
2026-10-05,TER US,TERADYNE INC,1.81,70000,股
2026-10-05,NET US,CLOUDFLARE INC - CLASS A,1.72,82000,股
2026-10-05,992 HK,LENOVO GROUP LTD,1.6,6000000,股
2026-10-05,300757 CH,ROBOTECHNIK INTELLIGENT TE-A,1.55,334997,股
2026-10-05,MRVL US,MARVELL TECHNOLOGY INC,1.42,90000,股
2026-10-05,5801 JP,FURUKAWA ELECTRIC CO LTD,1.29,800000,股
2026-10-05,IFX GY,INFINEON TECHNOLOGIES AG,1.24,300000,股
2026-10-05,2330,台積電,0.94,200000,股
2026-10-05,3081,聯亞,0.83,150000,股
2026-10-05,285A JP,KIOXIA HOLDINGS CORP,0.78,111000,股
2026-10-05,COIN US,COINBASE GLOBAL INC -CLASS A,0.77,70000,股
2026-10-05,IREN US,IREN LTD,0.77,325000,股
2026-10-05,SNDK US,SANDISK CORP,0.5,5000,股
2026-10-05,2308,台達電,0.37,100000,股
2026-10-05,1303,南亞,0.26,500000,股
2026-10-05,4180 JP,APPIER GROUP INC,0.25,500000,股
2026-10-05,C_NTD,CASH,,2028711717,元
2026-10-05,M_USD,MARGIN,,1001263,元
2026-10-05,RDI_NTD,RECEIVABLES FOR DISPOSAL OF INVESTMENTS,,618406882,元
2026-10-05,RP_NTD,RP,,0,元
2026-10-06,LITE US,LUMENTUM HOLDINGS INC,7.72,117000,股
2026-10-06,BE US,BLOOM ENERGY CORP- A,6.72,390000,股
2026-10-06,3037,欣興,6.24,2600000,股
2026-10-06,SPCX US,SPACE EXPLORATION TECHN-CL A,5.51,550000,股
2026-10-06,009150 KS,Samsung Electro-Mechanics co(009150 ks),5.08,70000,股
2026-10-06,6981 JP,MURATA MANUFACTURING CO LTD,4.39,1350000,股
2026-10-06,PANW US,PALO ALTO NETWORKS INC,3.67,150000,股
2026-10-06,NVDA US,NVIDIACORP(輝達公司),3.48,250000,股
2026-10-06,3017,奇鋐,3.44,510000,股
2026-10-06,2454,聯發科,3.42,380000,股
2026-10-06,INTC US,INTEL CORP,3.11,475000,股
2026-10-06,PLTR US,PALANTIR TECHNOLOGIES INC-A,3.08,275000,股
2026-10-06,2383,台光電,2.74,250000,股
2026-10-06,HOOD US,ROBINHOOD MARKETS INC - A,2.61,400120,股
2026-10-06,OKTA US,OKTA INC,2.55,200000,股
2026-10-06,MU US,MICRON TECHNOLOGY INC,2.44,40000,股
2026-10-06,CRWD US,CROWDSTRIKE HOLDINGS INC - A,2.12,130754,股
2026-10-06,SNOW US,SNOWFLAKEINC-CLASSA(Snowflake公司),1.96,100000,股
2026-10-06,TWLO US,TWILIO INC - A,1.96,120000,股
2026-10-06,2303,聯電,1.95,7200000,股
2026-10-06,000660 KS,SK HYNIX INC,1.92,25000,股
2026-10-06,AMD US,ADVANCEDMICRODEVICES.amdus(超微半導體公司),1.89,50000,股
2026-10-06,NOW US,SERVICENOW INC,1.85,230000,股
2026-10-06,TER US,TERADYNE INC,1.75,70000,股
2026-10-06,NET US,CLOUDFLARE INC - CLASS A,1.7,82000,股
2026-10-06,992 HK,LENOVO GROUP LTD,1.58,6000000,股
2026-10-06,300757 CH,ROBOTECHNIK INTELLIGENT TE-A,1.55,334997,股
2026-10-06,MRVL US,MARVELL TECHNOLOGY INC,1.5,90000,股
2026-10-06,5801 JP,FURUKAWA ELECTRIC CO LTD,1.32,800000,股
2026-10-06,IFX GY,INFINEON TECHNOLOGIES AG,1.27,300000,股
2026-10-06,1303,南亞,0.99,1850000,股
2026-10-06,2330,台積電,0.95,200000,股
2026-10-06,6762 JP,TDK CORP,0.94,700000,股
2026-10-06,IREN US,IREN LTD,0.78,325000,股
2026-10-06,COIN US,COINBASE GLOBAL INC -CLASS A,0.76,70000,股
2026-10-06,SNDK US,SANDISK CORP,0.48,5000,股
2026-10-06,3081,聯亞,0.4,75000,股
2026-10-06,2308,台達電,0.38,100000,股
2026-10-06,6787 JP,MEIKO ELECTRONICS CO LTD,0.24,23900,股
2026-10-06,4180 JP,APPIER GROUP INC,0.1,200000,股
2026-10-06,C_NTD,CASH,,2657796259,元
2026-10-06,M_USD,MARGIN,,1001263,元
2026-10-06,RDI_NTD,RECEIVABLES FOR DISPOSAL OF INVESTMENTS,,268195894,元
2026-10-06,RP_NTD,RP,,0,元
2026-10-07,LITE US,LUMENTUM HOLDINGS INC,7.73,117000,股
2026-10-07,BE US,BLOOM ENERGY CORP- A,7.27,420000,股
2026-10-07,3037,欣興,6.34,2600000,股
2026-10-07,SPCX US,SPACE EXPLORATION TECHN-CL A,5.48,550000,股
2026-10-07,009150 KS,Samsung Electro-Mechanics co(009150 ks),4.98,70000,股
2026-10-07,6981 JP,MURATA MANUFACTURING CO LTD,4.4,1350000,股
2026-10-07,PANW US,PALO ALTO NETWORKS INC,3.62,150000,股
2026-10-07,NVDA US,NVIDIACORP(輝達公司),3.53,250000,股
2026-10-07,2454,聯發科,3.43,380000,股
2026-10-07,3017,奇鋐,3.38,510000,股
2026-10-07,PLTR US,PALANTIR TECHNOLOGIES INC-A,3.17,275000,股
2026-10-07,2383,台光電,2.78,250000,股
2026-10-07,INTC US,INTEL CORP,2.69,400000,股
2026-10-07,AMD US,ADVANCEDMICRODEVICES.amdus(超微半導體公司),2.61,68000,股
2026-10-07,HOOD US,ROBINHOOD MARKETS INC - A,2.6,400120,股
2026-10-07,MU US,MICRON TECHNOLOGY INC,2.59,40000,股
2026-10-07,OKTA US,OKTA INC,2.59,200000,股
2026-10-07,MRVL US,MARVELL TECHNOLOGY INC,2.54,150000,股
2026-10-07,CRWD US,CROWDSTRIKE HOLDINGS INC - A,2.06,130754,股
2026-10-07,SNOW US,SNOWFLAKEINC-CLASSA(Snowflake公司),1.98,100000,股
2026-10-07,TWLO US,TWILIO INC - A,1.95,120000,股
2026-10-07,NOW US,SERVICENOW INC,1.89,230000,股
2026-10-07,NET US,CLOUDFLARE INC - CLASS A,1.67,82000,股
2026-10-07,992 HK,LENOVO GROUP LTD,1.6,6000000,股
2026-10-07,300757 CH,ROBOTECHNIK INTELLIGENT TE-A,1.58,334997,股
2026-10-07,5801 JP,FURUKAWA ELECTRIC CO LTD,1.33,800000,股
2026-10-07,1303,南亞,1.32,2250000,股
2026-10-07,IFX GY,INFINEON TECHNOLOGIES AG,1.22,300000,股
2026-10-07,000660 KS,SK HYNIX INC,1.13,14742,股
2026-10-07,2303,聯電,1.0,3600000,股
2026-10-07,2330,台積電,0.97,200000,股
2026-10-07,6762 JP,TDK CORP,0.93,700000,股
2026-10-07,TER US,TERADYNE INC,0.86,35000,股
2026-10-07,6787 JP,MEIKO ELECTRONICS CO LTD,0.8,79000,股
2026-10-07,IREN US,IREN LTD,0.75,325000,股
2026-10-07,COIN US,COINBASE GLOBAL INC -CLASS A,0.74,70000,股
2026-10-07,3081,聯亞,0.44,75000,股
2026-10-07,2308,台達電,0.37,100000,股
2026-10-07,C_NTD,CASH,,2704550114,元
2026-10-07,M_USD,MARGIN,,1001263,元
2026-10-07,RDI_NTD,RECEIVABLES FOR DISPOSAL OF INVESTMENTS,,441366452,元
2026-10-07,RP_NTD,RP,,0,元
