date,code,name,weight,shares,unit
2026-02-02,202602TX,台指期貨,9.24,154,口
2026-02-02,3036,文曄,8.41,6042000,股
2026-02-02,2330,台積電,8.13,502000,股
2026-02-02,2303,聯電,7.81,14027000,股
2026-02-02,2412,中華電,7.48,6130000,股
2026-02-02,2454,聯發科,6.18,395000,股
2026-02-02,3044,健鼎科技,4.14,1156000,股
2026-02-02,1795,美時製藥,3.17,976000,股
2026-02-02,3711,日月光投控,2.38,888000,股
2026-02-02,2327,國巨*,1.97,832000,股
2026-02-02,2408,南亞科,1.77,657000,股
2026-02-02,1590,亞德客-KY,1.66,155000,股
2026-02-02,3037,欣興,1.33,397000,股
2026-02-02,8996,高力,1.17,165000,股
2026-02-02,6442,光聖,1.13,72000,股
2026-02-02,5274,信驊科技,1.08,13000,股
2026-02-02,6515,穎崴,1.04,28000,股
2026-02-02,3017,奇鋐,1.03,75000,股
2026-02-02,2313,華通,1.02,646000,股
2026-02-02,2344,華邦電子,1.01,950000,股
2026-02-02,6770,力積電,1.01,1763000,股
2026-02-02,2368,金像電子,1.0,155000,股
2026-02-02,2308,台達電子,0.99,92000,股
2026-02-02,3260,威剛科技,0.99,326000,股
2026-02-02,2383,台光電子,0.97,59000,股
2026-02-02,3105,穩懋,0.97,475000,股
2026-02-02,3443,創意電子,0.96,39000,股
2026-02-02,3324,雙鴻科技,0.94,109000,股
2026-02-02,3715,定穎投控,0.92,724000,股
2026-02-02,2345,智邦,0.91,87000,股
2026-02-02,2883,凱基金控,0.91,5525000,股
2026-02-02,6274,台燿,0.91,200000,股
2026-02-02,1303,南亞,0.9,1383000,股
2026-02-02,2360,致茂,0.9,101000,股
2026-02-02,3264,欣銓,0.9,636000,股
2026-02-02,2882,國泰金,0.89,1308000,股
2026-02-02,5234,達興材料,0.89,293000,股
2026-02-02,8299,群聯電子,0.89,45000,股
2026-02-02,1560,中砂,0.88,231000,股
2026-02-02,3665,貿聯-KY,0.88,72000,股
2026-02-02,8210,勤誠興業,0.88,106000,股
2026-02-02,2301,光寶科技,0.86,585000,股
2026-02-02,5347,世界先進,0.86,688000,股
2026-02-02,5439,高技企業,0.86,334000,股
2026-02-02,6488,環球晶圓,0.85,196000,股
2026-02-02,3167,大量,0.84,445000,股
2026-02-02,2481,強茂,0.83,1026000,股
2026-02-02,1519,華城,0.79,92000,股
2026-02-02,3481,群創光電,0.76,3923000,股
2026-02-02,3357,臺慶科,0.74,550000,股
2026-02-02,8358,金居開發,0.67,301000,股
2026-02-02,B644D9,P13鴻海2B,,20000000,元
2026-02-02,B801AT,P14中鋼1,,50000000,元
2026-02-02,B86912,P14和潤2A,,90000000,元
2026-02-02,B92356,P10遠鼎1,,220000000,元
2026-02-02,B98413,P12奇美1,,360000000,元
2026-02-02,B98919,P14國泰金3,,50000000,元
2026-02-02,RP_NTD_002,永豐金證股份有限公司,,70000000,元
2026-02-02,RP_NTD_003,凱基證券股份有限公司,,5000000,元
2026-02-02,RP_NTD_004,臺灣化學纖維股份有限公司,,15000000,元
2026-02-03,3036,文曄,8.57,7530000,股
2026-02-03,2330,台積電,8.26,629000,股
2026-02-03,2303,聯電,7.72,17397000,股
2026-02-03,202602TX,台指期貨,7.7,154,口
2026-02-03,2412,中華電,7.52,7715000,股
2026-02-03,2454,聯發科,6.43,491000,股
2026-02-03,3044,健鼎科技,4.27,1436000,股
2026-02-03,1795,美時製藥,3.24,1228000,股
2026-02-03,3711,日月光投控,2.43,1104000,股
2026-02-03,2327,國巨*,2.03,1045000,股
2026-02-03,1590,亞德客-KY,1.71,200000,股
2026-02-03,2408,南亞科,1.71,846000,股
2026-02-03,3037,欣興,1.4,497000,股
2026-02-03,6442,光聖,1.22,91000,股
2026-02-03,8996,高力,1.22,204000,股
2026-02-03,5274,信驊科技,1.21,17000,股
2026-02-03,6515,穎崴,1.14,35000,股
2026-02-03,2368,金像電子,1.07,194000,股
2026-02-03,2313,華通,1.06,801000,股
2026-02-03,2308,台達電子,1.03,116000,股
2026-02-03,2383,台光電子,1.02,75000,股
2026-02-03,3105,穩懋,1.02,591000,股
2026-02-03,3324,雙鴻科技,0.99,135000,股
2026-02-03,6770,力積電,0.98,2257000,股
2026-02-03,3443,創意電子,0.97,49000,股
2026-02-03,2360,致茂,0.96,126000,股
2026-02-03,3260,威剛科技,0.95,416000,股
2026-02-03,3715,定穎投控,0.95,905000,股
2026-02-03,2345,智邦,0.94,109000,股
2026-02-03,2344,華邦電子,0.93,1210000,股
2026-02-03,6274,台燿,0.93,251000,股
2026-02-03,1303,南亞,0.92,1721000,股
2026-02-03,2883,凱基金控,0.92,6921000,股
2026-02-03,3665,貿聯-KY,0.92,89000,股
2026-02-03,5234,達興材料,0.92,367000,股
2026-02-03,8210,勤誠興業,0.92,132000,股
2026-02-03,2301,光寶科技,0.91,728000,股
2026-02-03,3017,奇鋐,0.91,76000,股
2026-02-03,3264,欣銓,0.91,803000,股
2026-02-03,5439,高技企業,0.91,415000,股
2026-02-03,2882,國泰金,0.89,1639000,股
2026-02-03,1560,中砂,0.88,290000,股
2026-02-03,8299,群聯電子,0.86,59000,股
2026-02-03,5347,世界先進,0.85,863000,股
2026-02-03,6488,環球晶圓,0.85,246000,股
2026-02-03,3167,大量,0.84,560000,股
2026-02-03,2481,強茂,0.83,1277000,股
2026-02-03,1519,華城,0.8,116000,股
2026-02-03,3357,臺慶科,0.77,691000,股
2026-02-03,3481,群創光電,0.75,4922000,股
2026-02-03,8358,金居開發,0.54,301000,股
2026-02-03,B50194,P14遠東新5,,50000000,元
2026-02-03,B63530,P13宏碁1B,,20000000,元
2026-02-03,B95130,P11中租1A,,30000000,元
2026-02-03,HB1202,112高市債2,,104000000,元
2026-02-03,RP_NTD_001,國泰金融控股股份有限公司,,10000000,元
2026-02-03,RP_NTD_002,永豐金證股份有限公司,,70000000,元
2026-02-03,RP_NTD_004,臺灣化學纖維股份有限公司,,220000000,元
2026-02-03,RP_NTD_005,兆豐金融控股股份有限公司,,300000000,元
2026-02-04,3036,文曄,8.67,7919000,股
2026-02-04,2330,台積電,8.13,663000,股
2026-02-04,2303,聯電,7.74,18243000,股
2026-02-04,2412,中華電,7.42,8120000,股
2026-02-04,2454,聯發科,6.39,517000,股
2026-02-04,202602TX,台指期貨,6.16,154,口
2026-02-04,3044,健鼎科技,4.32,1510000,股
2026-02-04,1795,美時製藥,3.23,1294000,股
2026-02-04,3711,日月光投控,2.41,1161000,股
2026-02-04,2327,國巨*,2.02,1101000,股
2026-02-04,2408,南亞科,1.8,890000,股
2026-02-04,1590,亞德客-KY,1.75,211000,股
2026-02-04,3037,欣興,1.39,523000,股
2026-02-04,8996,高力,1.25,215000,股
2026-02-04,5274,信驊科技,1.19,18000,股
2026-02-04,6442,光聖,1.16,91000,股
2026-02-04,6515,穎崴,1.16,37000,股
2026-02-04,2368,金像電子,1.12,204000,股
2026-02-04,2313,華通,1.11,841000,股
2026-02-04,2383,台光電子,1.11,79000,股
2026-02-04,3105,穩懋,1.07,621000,股
2026-02-04,3715,定穎投控,1.03,949000,股
2026-02-04,2308,台達電子,1.02,123000,股
2026-02-04,6770,力積電,1.02,2257000,股
2026-02-04,3260,威剛科技,1.0,437000,股
2026-02-04,3324,雙鴻科技,0.99,142000,股
2026-02-04,6274,台燿,0.97,264000,股
2026-02-04,1303,南亞,0.96,1806000,股
2026-02-04,2344,華邦電子,0.95,1270000,股
2026-02-04,2345,智邦,0.94,115000,股
2026-02-04,2360,致茂,0.94,133000,股
2026-02-04,8210,勤誠興業,0.94,139000,股
2026-02-04,3017,奇鋐,0.93,81000,股
2026-02-04,5234,達興材料,0.93,387000,股
2026-02-04,5439,高技企業,0.93,436000,股
2026-02-04,2883,凱基金控,0.92,7282000,股
2026-02-04,2301,光寶科技,0.91,765000,股
2026-02-04,2882,國泰金,0.9,1723000,股
2026-02-04,3264,欣銓,0.9,847000,股
2026-02-04,3443,創意電子,0.9,52000,股
2026-02-04,8299,群聯電子,0.89,63000,股
2026-02-04,3167,大量,0.86,588000,股
2026-02-04,3665,貿聯-KY,0.86,94000,股
2026-02-04,1560,中砂,0.85,306000,股
2026-02-04,6488,環球晶圓,0.85,259000,股
2026-02-04,1519,華城,0.83,122000,股
2026-02-04,2481,強茂,0.82,1342000,股
2026-02-04,3481,群創光電,0.78,4922000,股
2026-02-04,3357,臺慶科,0.77,728000,股
2026-02-04,5347,世界先進,0.76,913000,股
2026-02-04,8358,金居開發,0.54,301000,股
2026-02-04,RP_NTD_001,國泰金融控股股份有限公司,,30000000,元
2026-02-04,RP_NTD_002,永豐金證股份有限公司,,70000000,元
2026-02-04,RP_NTD_006,漢翔航空工業股有限公司,,600000000,元
2026-02-05,3036,文曄,8.71,8447000,股
2026-02-05,2330,台積電,8.27,707000,股
2026-02-05,2303,聯電,7.9,19400000,股
2026-02-05,2412,中華電,7.6,8658000,股
2026-02-05,2454,聯發科,6.47,552000,股
2026-02-05,202602TX,台指期貨,6.16,154,口
2026-02-05,3044,健鼎科技,4.23,1616000,股
2026-02-05,1795,美時製藥,3.21,1384000,股
2026-02-05,3711,日月光投控,2.34,1243000,股
2026-02-05,2327,國巨*,2.01,1177000,股
2026-02-05,1590,亞德客-KY,1.86,226000,股
2026-02-05,2408,南亞科,1.74,956000,股
2026-02-05,3037,欣興,1.36,561000,股
2026-02-05,8996,高力,1.23,230000,股
2026-02-05,6515,穎崴,1.17,40000,股
2026-02-05,5274,信驊科技,1.15,19000,股
2026-02-05,2368,金像電子,1.1,219000,股
2026-02-05,2383,台光電子,1.1,85000,股
2026-02-05,3105,穩懋,1.06,664000,股
2026-02-05,6442,光聖,1.06,91000,股
2026-02-05,8210,勤誠興業,1.06,148000,股
2026-02-05,2313,華通,1.05,902000,股
2026-02-05,3260,威剛科技,1.03,466000,股
2026-02-05,2308,台達電子,1.01,132000,股
2026-02-05,3324,雙鴻科技,1.01,152000,股
2026-02-05,3715,定穎投控,1.01,1014000,股
2026-02-05,6770,力積電,1.01,2429000,股
2026-02-05,6274,台燿,0.98,283000,股
2026-02-05,5234,達興材料,0.96,412000,股
2026-02-05,1303,南亞,0.95,1931000,股
2026-02-05,2883,凱基金控,0.95,7758000,股
2026-02-05,3017,奇鋐,0.95,88000,股
2026-02-05,5439,高技企業,0.94,465000,股
2026-02-05,2882,國泰金,0.93,1837000,股
2026-02-05,2344,華邦電子,0.92,1357000,股
2026-02-05,2345,智邦,0.92,123000,股
2026-02-05,2360,致茂,0.92,143000,股
2026-02-05,8299,群聯電子,0.91,68000,股
2026-02-05,2301,光寶科技,0.9,818000,股
2026-02-05,3264,欣銓,0.89,907000,股
2026-02-05,1560,中砂,0.87,326000,股
2026-02-05,2481,強茂,0.87,1425000,股
2026-02-05,3167,大量,0.87,627000,股
2026-02-05,3443,創意電子,0.87,56000,股
2026-02-05,6488,環球晶圓,0.85,277000,股
2026-02-05,3665,貿聯-KY,0.84,101000,股
2026-02-05,1519,華城,0.83,131000,股
2026-02-05,3357,臺慶科,0.77,779000,股
2026-02-05,3481,群創光電,0.76,5269000,股
2026-02-05,5347,世界先進,0.73,977000,股
2026-02-05,8358,金居開發,0.5,301000,股
2026-02-05,RP_NTD_001,國泰金融控股股份有限公司,,230000000,元
2026-02-05,RP_NTD_002,永豐金證股份有限公司,,70000000,元
2026-02-05,RP_NTD_006,漢翔航空工業股有限公司,,600000000,元
2026-02-06,3036,文曄,8.77,8672000,股
2026-02-06,2330,台積電,8.45,726000,股
2026-02-06,2303,聯電,8.05,19887000,股
2026-02-06,2412,中華電,7.74,8892000,股
2026-02-06,2454,聯發科,6.35,568000,股
2026-02-06,202603TX,台指期貨,6.18,154,口
2026-02-06,3044,健鼎科技,4.12,1661000,股
2026-02-06,1795,美時製藥,3.09,1424000,股
2026-02-06,3711,日月光投控,2.54,1274000,股
2026-02-06,2327,國巨*,1.97,1210000,股
2026-02-06,1590,亞德客-KY,1.82,233000,股
2026-02-06,2408,南亞科,1.7,983000,股
2026-02-06,3037,欣興,1.29,578000,股
2026-02-06,6515,穎崴,1.24,42000,股
2026-02-06,8996,高力,1.24,237000,股
2026-02-06,5274,信驊科技,1.16,20000,股
2026-02-06,2383,台光電子,1.11,88000,股
2026-02-06,2368,金像電子,1.1,225000,股
2026-02-06,3324,雙鴻科技,1.05,156000,股
2026-02-06,2313,華通,1.04,926000,股
2026-02-06,6770,力積電,1.04,2498000,股
2026-02-06,2308,台達電子,1.03,136000,股
2026-02-06,6442,光聖,1.01,91000,股
2026-02-06,2345,智邦,0.99,127000,股
2026-02-06,6274,台燿,0.99,291000,股
2026-02-06,3105,穩懋,0.98,683000,股
2026-02-06,8210,勤誠興業,0.98,153000,股
2026-02-06,3715,定穎投控,0.97,1043000,股
2026-02-06,5234,達興材料,0.97,424000,股
2026-02-06,3167,大量,0.96,642000,股
2026-02-06,3260,威剛科技,0.96,480000,股
2026-02-06,1303,南亞,0.95,1982000,股
2026-02-06,2883,凱基金控,0.95,7967000,股
2026-02-06,3017,奇鋐,0.95,91000,股
2026-02-06,2360,致茂,0.93,147000,股
2026-02-06,2882,國泰金,0.93,1887000,股
2026-02-06,5439,高技企業,0.91,478000,股
2026-02-06,2301,光寶科技,0.9,840000,股
2026-02-06,3443,創意電子,0.9,58000,股
2026-02-06,2344,華邦電子,0.89,1394000,股
2026-02-06,1560,中砂,0.87,335000,股
2026-02-06,3264,欣銓,0.87,933000,股
2026-02-06,3665,貿聯-KY,0.87,104000,股
2026-02-06,6488,環球晶圓,0.87,285000,股
2026-02-06,8299,群聯電子,0.87,70000,股
2026-02-06,2481,強茂,0.83,1465000,股
2026-02-06,1519,華城,0.8,135000,股
2026-02-06,5347,世界先進,0.79,1001000,股
2026-02-06,3357,臺慶科,0.77,801000,股
2026-02-06,3481,群創光電,0.77,5413000,股
2026-02-06,8358,金居開發,0.47,301000,股
2026-02-06,RP_NTD_001,國泰金融控股股份有限公司,,230000000,元
2026-02-06,RP_NTD_002,永豐金證股份有限公司,,70000000,元
2026-02-06,RP_NTD_006,漢翔航空工業股有限公司,,600000000,元
2026-02-09,3036,文曄,8.6,8672000,股
2026-02-09,2330,台積電,8.39,726000,股
2026-02-09,2303,聯電,7.9,19887000,股
2026-02-09,2412,中華電,7.47,8892000,股
2026-02-09,2454,聯發科,6.62,568000,股
2026-02-09,202603TX,台指期貨,6.16,154,口
2026-02-09,3044,健鼎科技,4.05,1661000,股
2026-02-09,1795,美時製藥,3.03,1424000,股
2026-02-09,3711,日月光投控,2.65,1274000,股
2026-02-09,2327,國巨*,1.93,1210000,股
2026-02-09,1590,亞德客-KY,1.8,233000,股
2026-02-09,2408,南亞科,1.72,983000,股
2026-02-09,8996,高力,1.33,237000,股
2026-02-09,3037,欣興,1.28,578000,股
2026-02-09,6515,穎崴,1.26,42000,股
2026-02-09,5274,信驊科技,1.21,20000,股
2026-02-09,2383,台光電子,1.17,88000,股
2026-02-09,2368,金像電子,1.14,225000,股
2026-02-09,3324,雙鴻科技,1.1,156000,股
2026-02-09,6442,光聖,1.07,91000,股
2026-02-09,2345,智邦,1.06,127000,股
2026-02-09,3105,穩懋,1.03,683000,股
2026-02-09,3167,大量,1.03,642000,股
2026-02-09,2308,台達電子,1.02,136000,股
2026-02-09,2313,華通,1.02,926000,股
2026-02-09,6770,力積電,1.01,2498000,股
2026-02-09,1303,南亞,0.98,1982000,股
2026-02-09,6274,台燿,0.98,291000,股
2026-02-09,5234,達興材料,0.97,424000,股
2026-02-09,2360,致茂,0.96,147000,股
2026-02-09,2883,凱基金控,0.96,7967000,股
2026-02-09,2344,華邦電子,0.95,1394000,股
2026-02-09,3260,威剛科技,0.95,480000,股
2026-02-09,3715,定穎投控,0.95,1043000,股
2026-02-09,5439,高技企業,0.94,478000,股
2026-02-09,2301,光寶科技,0.93,840000,股
2026-02-09,2882,國泰金,0.93,1887000,股
2026-02-09,3017,奇鋐,0.93,91000,股
2026-02-09,8210,勤誠興業,0.91,153000,股
2026-02-09,3264,欣銓,0.9,933000,股
2026-02-09,3443,創意電子,0.9,58000,股
2026-02-09,1560,中砂,0.88,335000,股
2026-02-09,6488,環球晶圓,0.87,285000,股
2026-02-09,8299,群聯電子,0.86,70000,股
2026-02-09,3665,貿聯-KY,0.83,104000,股
2026-02-09,1519,華城,0.81,135000,股
2026-02-09,2481,強茂,0.8,1465000,股
2026-02-09,5347,世界先進,0.8,1001000,股
2026-02-09,3357,臺慶科,0.77,801000,股
2026-02-09,3481,群創光電,0.73,5413000,股
2026-02-09,8358,金居開發,0.48,301000,股
2026-02-10,3036,文曄,9.36,8672000,股
2026-02-10,2330,台積電,8.73,726000,股
2026-02-10,2303,聯電,7.94,19887000,股
2026-02-10,2412,中華電,7.54,8892000,股
2026-02-10,2454,聯發科,6.71,568000,股
2026-02-10,202603TX,台指期貨,6.16,154,口
2026-02-10,3044,健鼎科技,3.99,1661000,股
2026-02-10,1795,美時製藥,2.96,1424000,股
2026-02-10,3711,日月光投控,2.8,1274000,股
2026-02-10,2327,國巨*,1.97,1210000,股
2026-02-10,1590,亞德客-KY,1.83,233000,股
2026-02-10,2408,南亞科,1.7,983000,股
2026-02-10,8996,高力,1.41,237000,股
2026-02-10,3037,欣興,1.37,578000,股
2026-02-10,6515,穎崴,1.32,42000,股
2026-02-10,2368,金像電子,1.22,225000,股
2026-02-10,2383,台光電子,1.19,88000,股
2026-02-10,5274,信驊科技,1.19,20000,股
2026-02-10,6442,光聖,1.16,91000,股
2026-02-10,2345,智邦,1.13,127000,股
2026-02-10,3167,大量,1.13,642000,股
2026-02-10,3105,穩懋,1.12,683000,股
2026-02-10,2313,華通,1.08,926000,股
2026-02-10,3324,雙鴻科技,1.08,156000,股
2026-02-10,2308,台達電子,1.03,136000,股
2026-02-10,5234,達興材料,1.03,424000,股
2026-02-10,6770,力積電,1.03,2498000,股
2026-02-10,6274,台燿,0.99,291000,股
2026-02-10,2360,致茂,0.98,147000,股
2026-02-10,2883,凱基金控,0.96,7967000,股
2026-02-10,3264,欣銓,0.96,933000,股
2026-02-10,8210,勤誠興業,0.96,153000,股
2026-02-10,2301,光寶科技,0.95,840000,股
2026-02-10,3715,定穎投控,0.95,1043000,股
2026-02-10,5439,高技企業,0.95,478000,股
2026-02-10,2882,國泰金,0.94,1887000,股
2026-02-10,3017,奇鋐,0.94,91000,股
2026-02-10,3443,創意電子,0.93,58000,股
2026-02-10,1303,南亞,0.92,1982000,股
2026-02-10,2344,華邦電子,0.92,1394000,股
2026-02-10,3665,貿聯-KY,0.92,104000,股
2026-02-10,3260,威剛科技,0.91,480000,股
2026-02-10,6488,環球晶圓,0.9,285000,股
2026-02-10,1560,中砂,0.89,335000,股
2026-02-10,1519,華城,0.83,135000,股
2026-02-10,2481,強茂,0.82,1465000,股
2026-02-10,8299,群聯電子,0.82,70000,股
2026-02-10,5347,世界先進,0.8,1001000,股
2026-02-10,3357,臺慶科,0.76,801000,股
2026-02-10,3481,群創光電,0.73,5413000,股
2026-02-10,8358,金居開發,0.5,301000,股
2026-02-11,3036,文曄,9.68,8359000,股
2026-02-11,2330,台積電,8.81,699000,股
2026-02-11,2303,聯電,7.93,19190000,股
2026-02-11,2412,中華電,7.49,8559000,股
2026-02-11,2454,聯發科,6.67,546000,股
2026-02-11,202603TX,台指期貨,4.17,104,口
2026-02-11,3044,健鼎科技,4.09,1601000,股
2026-02-11,3711,日月光投控,2.86,1227000,股
2026-02-11,1795,美時製藥,2.63,1364000,股
2026-02-11,2327,國巨*,1.96,1164000,股
2026-02-11,1590,亞德客-KY,1.76,223000,股
2026-02-11,2408,南亞科,1.73,946000,股
2026-02-11,8996,高力,1.36,228000,股
2026-02-11,3037,欣興,1.35,556000,股
2026-02-11,6515,穎崴,1.32,40000,股
2026-02-11,5274,信驊科技,1.28,20000,股
2026-02-11,2383,台光電子,1.21,84000,股
2026-02-11,2368,金像電子,1.18,216000,股
2026-02-11,6442,光聖,1.17,91000,股
2026-02-11,2345,智邦,1.16,122000,股
2026-02-11,3167,大量,1.1,617000,股
2026-02-11,2308,台達電子,1.09,131000,股
2026-02-11,2313,華通,1.09,892000,股
2026-02-11,3105,穩懋,1.06,657000,股
2026-02-11,3324,雙鴻科技,1.05,150000,股
2026-02-11,5234,達興材料,1.04,408000,股
2026-02-11,6770,力積電,1.0,2397000,股
2026-02-11,1303,南亞,0.99,1914000,股
2026-02-11,6274,台燿,0.98,280000,股
2026-02-11,2360,致茂,0.97,141000,股
2026-02-11,2883,凱基金控,0.97,7674000,股
2026-02-11,2301,光寶科技,0.96,809000,股
2026-02-11,2882,國泰金,0.94,1817000,股
2026-02-11,5439,高技企業,0.94,460000,股
2026-02-11,8210,勤誠興業,0.94,147000,股
2026-02-11,2344,華邦電子,0.93,1346000,股
2026-02-11,3715,定穎投控,0.93,1003000,股
2026-02-11,3017,奇鋐,0.91,86000,股
2026-02-11,3443,創意電子,0.91,56000,股
2026-02-11,3665,貿聯-KY,0.91,101000,股
2026-02-11,1560,中砂,0.9,322000,股
2026-02-11,3264,欣銓,0.9,897000,股
2026-02-11,3260,威剛科技,0.89,461000,股
2026-02-11,1519,華城,0.82,129000,股
2026-02-11,8299,群聯電子,0.82,67000,股
2026-02-11,5347,世界先進,0.8,966000,股
2026-02-11,6488,環球晶圓,0.8,273000,股
2026-02-11,2481,強茂,0.78,1412000,股
2026-02-11,3357,臺慶科,0.76,770000,股
2026-02-11,3481,群創光電,0.75,5210000,股
2026-02-11,8358,金居開發,0.53,301000,股
2026-02-23,3036,文曄,9.74,8177000,股
2026-02-23,2330,台積電,8.65,683000,股
2026-02-23,2303,聯電,8.01,18787000,股
2026-02-23,2412,中華電,7.53,8369000,股
2026-02-23,2454,聯發科,6.38,533000,股
2026-02-23,202603TX,台指期貨,4.17,104,口
2026-02-23,3044,健鼎科技,4.02,1565000,股
2026-02-23,3711,日月光投控,2.79,1199000,股
2026-02-23,1795,美時製藥,2.54,1332000,股
2026-02-23,2327,國巨*,2.14,1140000,股
2026-02-23,2408,南亞科,1.78,925000,股
2026-02-23,1590,亞德客-KY,1.7,217000,股
2026-02-23,3037,欣興,1.47,544000,股
2026-02-23,5274,信驊科技,1.3,20000,股
2026-02-23,8996,高力,1.3,222000,股
2026-02-23,6442,光聖,1.23,91000,股
2026-02-23,6515,穎崴,1.22,39000,股
2026-02-23,2313,華通,1.19,874000,股
2026-02-23,2383,台光電子,1.19,82000,股
2026-02-23,3105,穩懋,1.16,643000,股
2026-02-23,2368,金像電子,1.15,211000,股
2026-02-23,3167,大量,1.12,603000,股
2026-02-23,2308,台達電子,1.11,128000,股
2026-02-23,2345,智邦,1.11,119000,股
2026-02-23,5234,達興材料,1.09,399000,股
2026-02-23,2360,致茂,1.06,138000,股
2026-02-23,6770,力積電,1.05,2342000,股
2026-02-23,1303,南亞,1.04,1874000,股
2026-02-23,2883,凱基金控,1.03,7512000,股
2026-02-23,2344,華邦電子,1.01,1320000,股
2026-02-23,3324,雙鴻科技,0.99,146000,股
2026-02-23,1560,中砂,0.98,315000,股
2026-02-23,6274,台燿,0.98,273000,股
2026-02-23,2301,光寶科技,0.97,791000,股
2026-02-23,2882,國泰金,0.94,1777000,股
2026-02-23,3715,定穎投控,0.92,980000,股
2026-02-23,3260,威剛科技,0.9,451000,股
2026-02-23,5439,高技企業,0.89,449000,股
2026-02-23,3264,欣銓,0.87,877000,股
2026-02-23,3443,創意電子,0.87,55000,股
2026-02-23,3665,貿聯-KY,0.85,99000,股
2026-02-23,8210,勤誠興業,0.85,143000,股
2026-02-23,3017,奇鋐,0.84,83000,股
2026-02-23,8299,群聯電子,0.83,65000,股
2026-02-23,1519,華城,0.81,126000,股
2026-02-23,2481,強茂,0.8,1383000,股
2026-02-23,3357,臺慶科,0.79,753000,股
2026-02-23,3481,群創光電,0.79,5097000,股
2026-02-23,5347,世界先進,0.79,946000,股
2026-02-23,6488,環球晶圓,0.75,266000,股
2026-02-23,8358,金居開發,0.55,301000,股
2026-02-24,3036,文曄,9.52,7994000,股
2026-02-24,2330,台積電,8.63,667000,股
2026-02-24,2303,聯電,8.18,18411000,股
2026-02-24,2412,中華電,7.29,8175000,股
2026-02-24,2454,聯發科,6.25,520000,股
2026-02-24,202603TX,台指期貨,4.17,104,口
2026-02-24,3044,健鼎科技,3.95,1530000,股
2026-02-24,3711,日月光投控,2.95,1174000,股
2026-02-24,1795,美時製藥,2.46,1300000,股
2026-02-24,2327,國巨*,2.21,1115000,股
2026-02-24,2408,南亞科,1.77,903000,股
2026-02-24,1590,亞德客-KY,1.65,211000,股
2026-02-24,3037,欣興,1.56,532000,股
2026-02-24,8996,高力,1.33,217000,股
2026-02-24,5274,信驊科技,1.28,20000,股
2026-02-24,2313,華通,1.27,855000,股
2026-02-24,3105,穩懋,1.23,629000,股
2026-02-24,2383,台光電子,1.22,80000,股
2026-02-24,6442,光聖,1.22,91000,股
2026-02-24,6515,穎崴,1.19,38000,股
2026-02-24,3167,大量,1.16,603000,股
2026-02-24,2308,台達電子,1.14,125000,股
2026-02-24,2368,金像電子,1.13,206000,股
2026-02-24,5234,達興材料,1.13,390000,股
2026-02-24,6770,力積電,1.11,2288000,股
2026-02-24,1303,南亞,1.1,1834000,股
2026-02-24,2360,致茂,1.09,135000,股
2026-02-24,2345,智邦,1.07,116000,股
2026-02-24,2344,華邦電子,1.04,1293000,股
2026-02-24,1560,中砂,1.01,308000,股
2026-02-24,2883,凱基金控,1.01,7341000,股
2026-02-24,2301,光寶科技,0.98,773000,股
2026-02-24,3324,雙鴻科技,0.98,142000,股
2026-02-24,6274,台燿,0.98,266000,股
2026-02-24,3260,威剛科技,0.91,441000,股
2026-02-24,3715,定穎投控,0.91,958000,股
2026-02-24,2882,國泰金,0.89,1736000,股
2026-02-24,3264,欣銓,0.89,857000,股
2026-02-24,3443,創意電子,0.89,54000,股
2026-02-24,5439,高技企業,0.86,438000,股
2026-02-24,8299,群聯電子,0.86,63000,股
2026-02-24,5347,世界先進,0.84,927000,股
2026-02-24,3665,貿聯-KY,0.83,97000,股
2026-02-24,3017,奇鋐,0.82,80000,股
2026-02-24,3481,群創光電,0.81,4979000,股
2026-02-24,8210,勤誠興業,0.8,139000,股
2026-02-24,3357,臺慶科,0.79,736000,股
2026-02-24,2481,強茂,0.78,1353000,股
2026-02-24,1519,華城,0.77,123000,股
2026-02-24,6488,環球晶圓,0.76,260000,股
2026-02-24,8358,金居開發,0.57,290000,股
2026-02-25,3036,文曄,9.56,7994000,股
2026-02-25,2330,台積電,8.79,667000,股
2026-02-25,2303,聯電,7.88,18411000,股
2026-02-25,2412,中華電,7.27,8175000,股
2026-02-25,2454,聯發科,6.36,520000,股
2026-02-25,202603TX,台指期貨,4.17,104,口
2026-02-25,3044,健鼎科技,3.97,1530000,股
2026-02-25,3711,日月光投控,2.99,1174000,股
2026-02-25,1795,美時製藥,2.42,1300000,股
2026-02-25,2327,國巨*,2.19,1115000,股
2026-02-25,2408,南亞科,1.7,903000,股
2026-02-25,1590,亞德客-KY,1.64,211000,股
2026-02-25,3037,欣興,1.59,532000,股
2026-02-25,3105,穩懋,1.32,629000,股
2026-02-25,8996,高力,1.29,217000,股
2026-02-25,2383,台光電子,1.27,80000,股
2026-02-25,5274,信驊科技,1.27,20000,股
2026-02-25,6442,光聖,1.24,91000,股
2026-02-25,6515,穎崴,1.24,38000,股
2026-02-25,2308,台達電子,1.17,125000,股
2026-02-25,2313,華通,1.17,855000,股
2026-02-25,3167,大量,1.16,603000,股
2026-02-25,5234,達興材料,1.15,390000,股
2026-02-25,6770,力積電,1.15,2288000,股
2026-02-25,1303,南亞,1.14,1834000,股
2026-02-25,2368,金像電子,1.14,206000,股
2026-02-25,2360,致茂,1.11,135000,股
2026-02-25,2345,智邦,1.1,116000,股
2026-02-25,3324,雙鴻科技,1.07,142000,股
2026-02-25,1560,中砂,1.0,308000,股
2026-02-25,2344,華邦電子,1.0,1293000,股
2026-02-25,2883,凱基金控,1.0,7341000,股
2026-02-25,6274,台燿,1.0,266000,股
2026-02-25,2301,光寶科技,0.97,773000,股
2026-02-25,3715,定穎投控,0.96,958000,股
2026-02-25,3443,創意電子,0.91,54000,股
2026-02-25,3017,奇鋐,0.88,80000,股
2026-02-25,2882,國泰金,0.87,1736000,股
2026-02-25,3264,欣銓,0.87,857000,股
2026-02-25,3260,威剛科技,0.86,441000,股
2026-02-25,3665,貿聯-KY,0.85,97000,股
2026-02-25,1519,華城,0.84,123000,股
2026-02-25,5439,高技企業,0.84,438000,股
2026-02-25,8210,勤誠興業,0.83,139000,股
2026-02-25,5347,世界先進,0.82,927000,股
2026-02-25,3357,臺慶科,0.8,736000,股
2026-02-25,3481,群創光電,0.8,4979000,股
2026-02-25,8299,群聯電子,0.79,63000,股
2026-02-25,2481,強茂,0.78,1353000,股
2026-02-25,6488,環球晶圓,0.77,260000,股
2026-02-25,8358,金居開發,0.55,290000,股
2026-02-26,3036,文曄,9.64,7994000,股
2026-02-26,2330,台積電,8.71,667000,股
2026-02-26,2303,聯電,7.88,18411000,股
2026-02-26,2412,中華電,7.17,8175000,股
2026-02-26,2454,聯發科,6.62,520000,股
2026-02-26,202603TX,台指期貨,4.17,104,口
2026-02-26,3044,健鼎科技,3.9,1530000,股
2026-02-26,3711,日月光投控,2.98,1174000,股
2026-02-26,1795,美時製藥,2.37,1300000,股
2026-02-26,2327,國巨*,2.17,1115000,股
2026-02-26,2408,南亞科,1.69,903000,股
2026-02-26,3037,欣興,1.68,532000,股
2026-02-26,1590,亞德客-KY,1.66,211000,股
2026-02-26,3105,穩懋,1.39,629000,股
2026-02-26,2383,台光電子,1.28,80000,股
2026-02-26,6442,光聖,1.28,91000,股
2026-02-26,5274,信驊科技,1.27,20000,股
2026-02-26,6515,穎崴,1.27,38000,股
2026-02-26,8996,高力,1.25,217000,股
2026-02-26,2360,致茂,1.22,135000,股
2026-02-26,2308,台達電子,1.17,125000,股
2026-02-26,3167,大量,1.17,603000,股
2026-02-26,6770,力積電,1.15,2288000,股
2026-02-26,2313,華通,1.14,855000,股
2026-02-26,2368,金像電子,1.11,206000,股
2026-02-26,1303,南亞,1.1,1834000,股
2026-02-26,5234,達興材料,1.08,390000,股
2026-02-26,3324,雙鴻科技,1.07,142000,股
2026-02-26,1560,中砂,1.06,308000,股
2026-02-26,2345,智邦,1.06,116000,股
2026-02-26,2883,凱基金控,1.05,7341000,股
2026-02-26,2344,華邦電子,1.04,1293000,股
2026-02-26,3715,定穎投控,0.99,958000,股
2026-02-26,3443,創意電子,0.98,54000,股
2026-02-26,6274,台燿,0.95,266000,股
2026-02-26,3017,奇鋐,0.92,80000,股
2026-02-26,2882,國泰金,0.91,1736000,股
2026-02-26,3665,貿聯-KY,0.89,97000,股
2026-02-26,2301,光寶科技,0.88,773000,股
2026-02-26,3264,欣銓,0.88,857000,股
2026-02-26,3357,臺慶科,0.88,736000,股
2026-02-26,3481,群創光電,0.87,4979000,股
2026-02-26,1519,華城,0.86,123000,股
2026-02-26,5439,高技企業,0.84,438000,股
2026-02-26,8210,勤誠興業,0.83,139000,股
2026-02-26,3260,威剛科技,0.82,441000,股
2026-02-26,5347,世界先進,0.81,927000,股
2026-02-26,2481,強茂,0.8,1353000,股
2026-02-26,8299,群聯電子,0.78,63000,股
2026-02-26,6488,環球晶圓,0.77,260000,股
2026-02-26,8358,金居開發,0.55,290000,股
2026-03-02,3036,文曄,9.79,7994000,股
2026-03-02,2330,台積電,8.72,667000,股
2026-03-02,2303,聯電,7.86,18411000,股
2026-03-02,2412,中華電,7.46,8175000,股
2026-03-02,2454,聯發科,6.54,520000,股
2026-03-02,202603TX,台指期貨,4.17,104,口
2026-03-02,3044,健鼎科技,3.92,1530000,股
2026-03-02,3711,日月光投控,2.88,1174000,股
2026-03-02,1795,美時製藥,2.4,1300000,股
2026-03-02,2327,國巨*,2.15,1115000,股
2026-03-02,1590,亞德客-KY,1.74,211000,股
2026-03-02,2408,南亞科,1.7,903000,股
2026-03-02,3037,欣興,1.69,532000,股
2026-03-02,6442,光聖,1.42,91000,股
2026-03-02,3105,穩懋,1.38,629000,股
2026-03-02,2360,致茂,1.35,135000,股
2026-03-02,2313,華通,1.27,855000,股
2026-03-02,2383,台光電子,1.26,80000,股
2026-03-02,5274,信驊科技,1.26,20000,股
2026-03-02,8996,高力,1.26,217000,股
2026-03-02,3167,大量,1.23,603000,股
2026-03-02,6515,穎崴,1.2,38000,股
2026-03-02,2308,台達電子,1.18,125000,股
2026-03-02,6770,力積電,1.13,2288000,股
2026-03-02,1303,南亞,1.09,1834000,股
2026-03-02,2345,智邦,1.09,116000,股
2026-03-02,2344,華邦電子,1.07,1293000,股
2026-03-02,2368,金像電子,1.07,206000,股
2026-03-02,3324,雙鴻科技,1.06,142000,股
2026-03-02,1560,中砂,1.03,308000,股
2026-03-02,2883,凱基金控,1.03,7341000,股
2026-03-02,5234,達興材料,1.01,390000,股
2026-03-02,3357,臺慶科,0.98,736000,股
2026-03-02,3665,貿聯-KY,0.97,97000,股
2026-03-02,3715,定穎投控,0.97,958000,股
2026-03-02,3443,創意電子,0.95,54000,股
2026-03-02,6274,台燿,0.95,266000,股
2026-03-02,3481,群創光電,0.94,4979000,股
2026-03-02,3017,奇鋐,0.93,80000,股
2026-03-02,2882,國泰金,0.89,1736000,股
2026-03-02,2301,光寶科技,0.86,773000,股
2026-03-02,8210,勤誠興業,0.86,139000,股
2026-03-02,2481,強茂,0.85,1353000,股
2026-03-02,3260,威剛科技,0.85,441000,股
2026-03-02,3264,欣銓,0.85,857000,股
2026-03-02,1519,華城,0.84,123000,股
2026-03-02,5439,高技企業,0.83,438000,股
2026-03-02,8299,群聯電子,0.8,63000,股
2026-03-02,5347,世界先進,0.79,927000,股
2026-03-02,6488,環球晶圓,0.76,260000,股
2026-03-02,8358,金居開發,0.55,290000,股
2026-03-03,2412,中華電,9.18,9754000,股
2026-03-03,3036,文曄,8.82,7231000,股
2026-03-03,2330,台積電,8.81,664000,股
2026-03-03,2303,聯電,8.02,18687000,股
2026-03-03,2454,聯發科,6.62,532000,股
2026-03-03,3044,健鼎科技,5.35,2067000,股
2026-03-03,1590,亞德客-KY,2.63,324000,股
2026-03-03,2344,華邦電子,2.6,3374000,股
2026-03-03,2327,國巨*,2.18,1133000,股
2026-03-03,202603TX,台指期貨,1.77,44,口
2026-03-03,3037,欣興,1.69,532000,股
2026-03-03,2408,南亞科,1.59,903000,股
2026-03-03,3105,穩懋,1.41,629000,股
2026-03-03,2360,致茂,1.29,135000,股
2026-03-03,2383,台光電子,1.27,80000,股
2026-03-03,2313,華通,1.25,813000,股
2026-03-03,6770,力積電,1.24,2655000,股
2026-03-03,8996,高力,1.24,217000,股
2026-03-03,3167,大量,1.2,603000,股
2026-03-03,3533,嘉澤端子,1.17,103000,股
2026-03-03,2308,台達電子,1.15,125000,股
2026-03-03,3017,奇鋐,1.12,91000,股
2026-03-03,1303,南亞,1.1,1889000,股
2026-03-03,2368,金像電子,1.09,208000,股
2026-03-03,3481,群創光電,1.09,6119000,股
2026-03-03,6285,啟碁科技,1.09,900000,股
2026-03-03,6442,光聖,1.09,68000,股
2026-03-03,6515,穎崴,1.07,33000,股
2026-03-03,2345,智邦,1.06,109000,股
2026-03-03,2883,凱基金控,1.06,7228000,股
2026-03-03,3324,雙鴻科技,1.05,142000,股
2026-03-03,2337,旺宏,1.02,1418000,股
2026-03-03,3491,昇達科技,1.02,88000,股
2026-03-03,1560,中砂,1.01,296000,股
2026-03-03,5274,信驊科技,1.01,16000,股
2026-03-03,6805,富世達,0.99,82000,股
2026-03-03,2882,國泰金,0.98,1837000,股
2026-03-03,3715,定穎投控,0.98,934000,股
2026-03-03,6274,台燿,0.98,267000,股
2026-03-03,8299,群聯電子,0.97,81000,股
2026-03-03,6446,藥華醫藥,0.96,203000,股
2026-03-03,8021,尖點,0.96,545000,股
2026-03-03,1519,華城,0.95,140000,股
2026-03-03,1815,富喬工業,0.95,1226000,股
2026-03-03,8358,金居開發,0.95,524000,股
2026-03-03,3653,健策,0.94,45000,股
2026-03-03,3264,欣銓,0.93,955000,股
2026-03-03,2449,京元電子,0.92,441000,股
2026-03-03,3357,臺慶科,0.92,736000,股
2026-03-03,6290,良維,0.91,615000,股
2026-03-03,6223,旺矽,0.9,46000,股
2026-03-03,4722,國精化學,0.89,684000,股
2026-03-04,2412,中華電,9.44,9489000,股
2026-03-04,3036,文曄,8.86,6178000,股
2026-03-04,2330,台積電,8.79,642000,股
2026-03-04,2303,聯電,7.94,18023000,股
2026-03-04,2454,聯發科,6.53,517000,股
2026-03-04,3044,健鼎科技,5.31,2067000,股
2026-03-04,1590,亞德客-KY,2.58,318000,股
2026-03-04,2344,華邦電子,2.47,3238000,股
2026-03-04,2327,國巨*,2.15,1133000,股
2026-03-04,3037,欣興,1.63,532000,股
2026-03-04,3105,穩懋,1.35,629000,股
2026-03-04,2360,致茂,1.33,135000,股
2026-03-04,2383,台光電子,1.29,80000,股
2026-03-04,2313,華通,1.26,813000,股
2026-03-04,8996,高力,1.19,217000,股
2026-03-04,3167,大量,1.18,603000,股
2026-03-04,3017,奇鋐,1.17,91000,股
2026-03-04,6770,力積電,1.16,2585000,股
2026-03-04,3533,嘉澤端子,1.13,103000,股
2026-03-04,2308,台達電子,1.12,122000,股
2026-03-04,6515,穎崴,1.1,33000,股
2026-03-04,2368,金像電子,1.08,208000,股
2026-03-04,1303,南亞,1.07,1834000,股
2026-03-04,2883,凱基金控,1.06,7228000,股
2026-03-04,6285,啟碁科技,1.05,900000,股
2026-03-04,6442,光聖,1.05,68000,股
2026-03-04,2345,智邦,1.04,109000,股
2026-03-04,3481,群創光電,1.03,5691000,股
2026-03-04,2337,旺宏,1.02,1418000,股
2026-03-04,5274,信驊科技,1.02,16000,股
2026-03-04,1560,中砂,1.01,296000,股
2026-03-04,3324,雙鴻科技,1.01,142000,股
2026-03-04,6446,藥華醫藥,1.0,203000,股
2026-03-04,3491,昇達科技,0.99,88000,股
2026-03-04,3715,定穎投控,0.99,934000,股
2026-03-04,6805,富世達,0.99,82000,股
2026-03-04,2882,國泰金,0.98,1823000,股
2026-03-04,6290,良維,0.97,615000,股
2026-03-04,6274,台燿,0.96,267000,股
2026-03-04,3653,健策,0.95,45000,股
2026-03-04,202603TX,台指期貨,0.94,19,口
2026-03-04,1519,華城,0.93,140000,股
2026-03-04,1815,富喬工業,0.93,1226000,股
2026-03-04,8299,群聯電子,0.93,74000,股
2026-03-04,8021,尖點,0.92,545000,股
2026-03-04,8358,金居開發,0.92,479000,股
2026-03-04,3264,欣銓,0.91,897000,股
2026-03-04,2449,京元電子,0.9,441000,股
2026-03-04,6223,旺矽,0.9,46000,股
2026-03-04,3357,臺慶科,0.87,724000,股
2026-03-04,4722,國精化學,0.87,684000,股
2026-03-04,2408,南亞科,0.0,1000,股
2026-03-05,3036,文曄,9.3,6178000,股
2026-03-05,2412,中華電,9.28,9489000,股
2026-03-05,2330,台積電,8.7,642000,股
2026-03-05,2303,聯電,7.99,18023000,股
2026-03-05,2454,聯發科,6.55,517000,股
2026-03-05,3044,健鼎科技,5.42,2067000,股
2026-03-05,2344,華邦電子,2.59,3238000,股
2026-03-05,1590,亞德客-KY,2.47,318000,股
2026-03-05,2327,國巨*,2.16,1133000,股
2026-03-05,3037,欣興,1.71,532000,股
2026-03-05,2360,致茂,1.35,135000,股
2026-03-05,2383,台光電子,1.35,80000,股
2026-03-05,3105,穩懋,1.35,629000,股
2026-03-05,8996,高力,1.2,217000,股
2026-03-05,2313,華通,1.19,813000,股
2026-03-05,3167,大量,1.19,603000,股
2026-03-05,6770,力積電,1.19,2585000,股
2026-03-05,3017,奇鋐,1.18,91000,股
2026-03-05,2308,台達電子,1.16,122000,股
2026-03-05,3533,嘉澤端子,1.16,103000,股
2026-03-05,6515,穎崴,1.12,33000,股
2026-03-05,2345,智邦,1.1,109000,股
2026-03-05,2337,旺宏,1.09,1418000,股
2026-03-05,2368,金像電子,1.09,208000,股
2026-03-05,5274,信驊科技,1.09,16000,股
2026-03-05,1303,南亞,1.08,1834000,股
2026-03-05,3481,群創光電,1.06,5691000,股
2026-03-05,6285,啟碁科技,1.06,900000,股
2026-03-05,2883,凱基金控,1.05,7228000,股
2026-03-05,6290,良維,1.04,615000,股
2026-03-05,1560,中砂,1.01,296000,股
2026-03-05,3653,健策,1.01,45000,股
2026-03-05,3715,定穎投控,1.0,934000,股
2026-03-05,6446,藥華醫藥,1.0,203000,股
2026-03-05,6805,富世達,1.0,82000,股
2026-03-05,3324,雙鴻科技,0.99,142000,股
2026-03-05,2882,國泰金,0.96,1823000,股
2026-03-05,6274,台燿,0.96,267000,股
2026-03-05,6442,光聖,0.96,68000,股
2026-03-05,1519,華城,0.95,140000,股
2026-03-05,8299,群聯電子,0.95,74000,股
2026-03-05,1815,富喬工業,0.94,1226000,股
2026-03-05,202603TX,台指期貨,0.93,19,口
2026-03-05,2449,京元電子,0.93,441000,股
2026-03-05,6223,旺矽,0.93,46000,股
2026-03-05,3264,欣銓,0.91,897000,股
2026-03-05,8021,尖點,0.9,545000,股
2026-03-05,4722,國精化學,0.89,684000,股
2026-03-05,3491,昇達科技,0.87,88000,股
2026-03-05,8358,金居開發,0.87,479000,股
2026-03-05,2408,南亞科,0.0,1000,股
2026-03-06,3036,文曄,9.63,6178000,股
2026-03-06,2412,中華電,9.33,9489000,股
2026-03-06,2330,台積電,8.74,642000,股
2026-03-06,2303,聯電,8.05,18023000,股
2026-03-06,2454,聯發科,6.57,517000,股
2026-03-06,3044,健鼎科技,5.63,2067000,股
2026-03-06,2344,華邦電子,2.48,3238000,股
2026-03-06,1590,亞德客-KY,2.38,318000,股
2026-03-06,2327,國巨*,2.13,1118000,股
2026-03-06,3037,欣興,1.66,532000,股
2026-03-06,3105,穩懋,1.35,629000,股
2026-03-06,2360,致茂,1.34,135000,股
2026-03-06,2383,台光電子,1.34,79000,股
2026-03-06,3167,大量,1.26,603000,股
2026-03-06,6515,穎崴,1.21,32000,股
2026-03-06,8996,高力,1.21,217000,股
2026-03-06,3017,奇鋐,1.18,89000,股
2026-03-06,6770,力積電,1.18,2554000,股
2026-03-06,2313,華通,1.17,802000,股
2026-03-06,2368,金像電子,1.17,205000,股
2026-03-06,2308,台達電子,1.14,120000,股
2026-03-06,3533,嘉澤端子,1.14,101000,股
2026-03-06,2345,智邦,1.13,107000,股
2026-03-06,3481,群創光電,1.11,5621000,股
2026-03-06,3653,健策,1.08,44000,股
2026-03-06,6805,富世達,1.08,81000,股
2026-03-06,1303,南亞,1.07,1811000,股
2026-03-06,6285,啟碁科技,1.06,888000,股
2026-03-06,2883,凱基金控,1.05,7138000,股
2026-03-06,5274,信驊科技,1.05,15000,股
2026-03-06,6290,良維,1.05,607000,股
2026-03-06,2337,旺宏,1.03,1400000,股
2026-03-06,1560,中砂,1.02,292000,股
2026-03-06,3715,定穎投控,1.02,922000,股
2026-03-06,6446,藥華醫藥,1.01,200000,股
2026-03-06,3324,雙鴻科技,1.0,140000,股
2026-03-06,6223,旺矽,0.96,45000,股
2026-03-06,2882,國泰金,0.95,1799000,股
2026-03-06,6274,台燿,0.95,263000,股
2026-03-06,1815,富喬工業,0.94,1226000,股
2026-03-06,202603TX,台指期貨,0.93,19,口
2026-03-06,8299,群聯電子,0.93,73000,股
2026-03-06,1519,華城,0.92,138000,股
2026-03-06,3264,欣銓,0.91,885000,股
2026-03-06,6442,光聖,0.91,67000,股
2026-03-06,8021,尖點,0.91,538000,股
2026-03-06,2449,京元電子,0.89,435000,股
2026-03-06,4722,國精化學,0.89,675000,股
2026-03-06,8358,金居開發,0.89,479000,股
2026-03-06,3491,昇達科技,0.83,88000,股
2026-03-06,2408,南亞科,0.0,1000,股
2026-03-09,3036,文曄,10.06,6178000,股
2026-03-09,2412,中華電,9.77,9489000,股
2026-03-09,2330,台積電,8.79,642000,股
2026-03-09,2303,聯電,8.14,18023000,股
2026-03-09,2454,聯發科,6.51,517000,股
2026-03-09,3044,健鼎科技,5.59,2067000,股
2026-03-09,2344,華邦電子,2.48,3238000,股
2026-03-09,1590,亞德客-KY,2.33,318000,股
2026-03-09,2327,國巨*,2.1,1118000,股
2026-03-09,3037,欣興,1.57,532000,股
2026-03-09,2383,台光電子,1.3,79000,股
2026-03-09,3105,穩懋,1.28,629000,股
2026-03-09,2360,致茂,1.27,135000,股
2026-03-09,3167,大量,1.27,603000,股
2026-03-09,6515,穎崴,1.21,32000,股
2026-03-09,2368,金像電子,1.18,205000,股
2026-03-09,3481,群創光電,1.18,5621000,股
2026-03-09,3533,嘉澤端子,1.15,101000,股
2026-03-09,6770,力積電,1.15,2554000,股
2026-03-09,8996,高力,1.15,217000,股
2026-03-09,2345,智邦,1.12,107000,股
2026-03-09,3017,奇鋐,1.12,89000,股
2026-03-09,2308,台達電子,1.11,120000,股
2026-03-09,2313,華通,1.11,802000,股
2026-03-09,2883,凱基金控,1.06,7138000,股
2026-03-09,3653,健策,1.06,44000,股
2026-03-09,5274,信驊科技,1.05,15000,股
2026-03-09,1303,南亞,1.02,1811000,股
2026-03-09,6285,啟碁科技,1.02,888000,股
2026-03-09,6805,富世達,1.02,81000,股
2026-03-09,6446,藥華醫藥,1.01,200000,股
2026-03-09,1560,中砂,1.0,292000,股
2026-03-09,6290,良維,0.99,607000,股
2026-03-09,2337,旺宏,0.98,1400000,股
2026-03-09,3715,定穎投控,0.97,922000,股
2026-03-09,2882,國泰金,0.95,1799000,股
2026-03-09,3324,雙鴻科技,0.95,140000,股
2026-03-09,202603TX,台指期貨,0.94,19,口
2026-03-09,6223,旺矽,0.93,45000,股
2026-03-09,1519,華城,0.91,138000,股
2026-03-09,1815,富喬工業,0.9,1226000,股
2026-03-09,2449,京元電子,0.9,435000,股
2026-03-09,6274,台燿,0.9,263000,股
2026-03-09,3264,欣銓,0.89,885000,股
2026-03-09,8299,群聯電子,0.89,73000,股
2026-03-09,6442,光聖,0.87,67000,股
2026-03-09,8021,尖點,0.86,538000,股
2026-03-09,4722,國精化學,0.85,675000,股
2026-03-09,8358,金居開發,0.84,479000,股
2026-03-09,3491,昇達科技,0.79,88000,股
2026-03-09,2408,南亞科,0.0,1000,股
2026-03-10,3036,文曄,9.66,5878000,股
2026-03-10,2412,中華電,9.45,9489000,股
2026-03-10,2330,台積電,8.76,642000,股
2026-03-10,2303,聯電,8.03,18023000,股
2026-03-10,2454,聯發科,6.5,517000,股
2026-03-10,3044,健鼎科技,5.51,2067000,股
2026-03-10,2344,華邦電子,2.52,3238000,股
2026-03-10,1590,亞德客-KY,2.27,318000,股
2026-03-10,2327,國巨*,2.13,1118000,股
2026-03-10,3037,欣興,1.66,532000,股
2026-03-10,2383,台光電子,1.38,79000,股
2026-03-10,2360,致茂,1.35,135000,股
2026-03-10,3167,大量,1.31,603000,股
2026-03-10,6515,穎崴,1.29,32000,股
2026-03-10,3105,穩懋,1.26,629000,股
2026-03-10,2368,金像電子,1.24,205000,股
2026-03-10,8996,高力,1.23,217000,股
2026-03-10,3533,嘉澤端子,1.17,101000,股
2026-03-10,6770,力積電,1.17,2548000,股
2026-03-10,2308,台達電子,1.14,120000,股
2026-03-10,3481,群創光電,1.14,5608000,股
2026-03-10,2313,華通,1.13,802000,股
2026-03-10,2345,智邦,1.13,107000,股
2026-03-10,3653,健策,1.13,44000,股
2026-03-10,3017,奇鋐,1.11,89000,股
2026-03-10,2883,凱基金控,1.05,7122000,股
2026-03-10,6805,富世達,1.05,81000,股
2026-03-10,1303,南亞,1.04,1807000,股
2026-03-10,5274,信驊科技,1.04,15000,股
2026-03-10,6285,啟碁科技,1.02,888000,股
2026-03-10,1560,中砂,1.01,292000,股
2026-03-10,3715,定穎投控,0.99,919000,股
2026-03-10,6223,旺矽,0.99,45000,股
2026-03-10,6446,藥華醫藥,0.99,200000,股
2026-03-10,3324,雙鴻科技,0.97,140000,股
2026-03-10,3264,欣銓,0.95,885000,股
2026-03-10,202603TX,台指期貨,0.94,19,口
2026-03-10,2449,京元電子,0.94,435000,股
2026-03-10,2882,國泰金,0.94,1795000,股
2026-03-10,8299,群聯電子,0.94,73000,股
2026-03-10,1519,華城,0.93,138000,股
2026-03-10,2337,旺宏,0.93,1396000,股
2026-03-10,1815,富喬工業,0.91,1226000,股
2026-03-10,6274,台燿,0.91,263000,股
2026-03-10,6290,良維,0.91,607000,股
2026-03-10,8021,尖點,0.9,538000,股
2026-03-10,4722,國精化學,0.85,675000,股
2026-03-10,6442,光聖,0.84,67000,股
2026-03-10,8358,金居開發,0.79,479000,股
2026-03-10,3491,昇達科技,0.75,88000,股
2026-03-10,2408,南亞科,0.0,1000,股
2026-03-11,3036,文曄,9.61,5808000,股
2026-03-11,2412,中華電,9.07,9371000,股
2026-03-11,2330,台積電,8.79,634000,股
2026-03-11,2303,聯電,7.92,17810000,股
2026-03-11,2454,聯發科,6.45,511000,股
2026-03-11,3044,健鼎科技,5.22,2042000,股
2026-03-11,2344,華邦電子,2.61,3203000,股
2026-03-11,1590,亞德客-KY,2.32,314000,股
2026-03-11,2327,國巨*,2.09,1105000,股
2026-03-11,3037,欣興,1.77,532000,股
2026-03-11,2360,致茂,1.44,135000,股
2026-03-11,3167,大量,1.38,596000,股
2026-03-11,2383,台光電子,1.37,78000,股
2026-03-11,3105,穩懋,1.34,629000,股
2026-03-11,6515,穎崴,1.31,31000,股
2026-03-11,2368,金像電子,1.3,202000,股
2026-03-11,8996,高力,1.29,217000,股
2026-03-11,3481,群創光電,1.2,5545000,股
2026-03-11,3533,嘉澤端子,1.2,99000,股
2026-03-11,6770,力積電,1.19,2520000,股
2026-03-11,2308,台達電子,1.18,118000,股
2026-03-11,3017,奇鋐,1.16,87000,股
2026-03-11,2313,華通,1.15,792000,股
2026-03-11,2345,智邦,1.11,105000,股
2026-03-11,3653,健策,1.07,43000,股
2026-03-11,6805,富世達,1.07,80000,股
2026-03-11,1303,南亞,1.05,1786000,股
2026-03-11,6223,旺矽,1.03,44000,股
2026-03-11,3324,雙鴻科技,1.02,138000,股
2026-03-11,6285,啟碁科技,1.02,877000,股
2026-03-11,2883,凱基金控,1.01,7036000,股
2026-03-11,5274,信驊科技,1.01,14000,股
2026-03-11,1560,中砂,0.99,288000,股
2026-03-11,3715,定穎投控,0.99,908000,股
2026-03-11,2337,旺宏,0.98,1381000,股
2026-03-11,8299,群聯電子,0.97,72000,股
2026-03-11,3264,欣銓,0.96,874000,股
2026-03-11,6290,良維,0.95,599000,股
2026-03-11,2449,京元電子,0.94,429000,股
2026-03-11,6446,藥華醫藥,0.94,197000,股
2026-03-11,202603TX,台指期貨,0.93,19,口
2026-03-11,1815,富喬工業,0.92,1226000,股
2026-03-11,8021,尖點,0.92,531000,股
2026-03-11,1519,華城,0.91,136000,股
2026-03-11,2882,國泰金,0.91,1773000,股
2026-03-11,6274,台燿,0.9,259000,股
2026-03-11,6442,光聖,0.87,67000,股
2026-03-11,4722,國精化學,0.85,667000,股
2026-03-11,3491,昇達科技,0.8,88000,股
2026-03-11,8358,金居開發,0.77,479000,股
2026-03-11,2408,南亞科,0.0,1000,股
2026-03-12,3036,文曄,9.61,5627000,股
2026-03-12,2412,中華電,9.12,9084000,股
2026-03-12,2330,台積電,8.54,614000,股
2026-03-12,2303,聯電,7.72,17258000,股
2026-03-12,2454,聯發科,6.53,496000,股
2026-03-12,3044,健鼎科技,5.25,1982000,股
2026-03-12,2344,華邦電子,2.5,3108000,股
2026-03-12,1590,亞德客-KY,2.31,304000,股
2026-03-12,2327,國巨*,1.99,1070000,股
2026-03-12,3037,欣興,1.88,532000,股
2026-03-12,3167,大量,1.52,580000,股
2026-03-12,2360,致茂,1.49,135000,股
2026-03-12,2383,台光電子,1.44,75000,股
2026-03-12,8996,高力,1.43,212000,股
2026-03-12,3105,穩懋,1.42,629000,股
2026-03-12,6515,穎崴,1.4,30000,股
2026-03-12,2368,金像電子,1.32,196000,股
2026-03-12,3481,群創光電,1.31,5391000,股
2026-03-12,3533,嘉澤端子,1.28,96000,股
2026-03-12,3017,奇鋐,1.16,84000,股
2026-03-12,2308,台達電子,1.15,114000,股
2026-03-12,6770,力積電,1.14,2444000,股
2026-03-12,2313,華通,1.13,767000,股
2026-03-12,2345,智邦,1.12,101000,股
2026-03-12,6223,旺矽,1.12,42000,股
2026-03-12,6285,啟碁科技,1.05,851000,股
2026-03-12,6805,富世達,1.05,77000,股
2026-03-12,3324,雙鴻科技,1.04,134000,股
2026-03-12,3653,健策,1.04,41000,股
2026-03-12,2883,凱基金控,1.01,6820000,股
2026-03-12,5274,信驊科技,1.01,13000,股
2026-03-12,1303,南亞,0.99,1729000,股
2026-03-12,2337,旺宏,0.98,1342000,股
2026-03-12,3715,定穎投控,0.98,880000,股
2026-03-12,3264,欣銓,0.95,846000,股
2026-03-12,1560,中砂,0.94,278000,股
2026-03-12,1815,富喬工業,0.94,1226000,股
2026-03-12,202603TX,台指期貨,0.94,19,口
2026-03-12,6446,藥華醫藥,0.94,191000,股
2026-03-12,2449,京元電子,0.92,415000,股
2026-03-12,2882,國泰金,0.92,1719000,股
2026-03-12,6290,良維,0.92,579000,股
2026-03-12,8299,群聯電子,0.92,69000,股
2026-03-12,8021,尖點,0.9,514000,股
2026-03-12,1519,華城,0.89,131000,股
2026-03-12,3491,昇達科技,0.88,88000,股
2026-03-12,4722,國精化學,0.85,647000,股
2026-03-12,6442,光聖,0.84,67000,股
2026-03-12,6274,台燿,0.83,250000,股
2026-03-12,8358,金居開發,0.81,479000,股
2026-03-12,2408,南亞科,0.0,1000,股
2026-03-13,3036,文曄,9.69,5496000,股
2026-03-13,2412,中華電,9.06,8903000,股
2026-03-13,2330,台積電,8.39,601000,股
2026-03-13,2303,聯電,7.53,16916000,股
2026-03-13,2454,聯發科,6.26,486000,股
2026-03-13,3044,健鼎科技,5.54,1947000,股
2026-03-13,2344,華邦電子,2.49,3051000,股
2026-03-13,1590,亞德客-KY,2.28,298000,股
2026-03-13,2327,國巨*,2.03,1050000,股
2026-03-13,3037,欣興,2.02,532000,股
2026-03-13,3167,大量,1.67,570000,股
2026-03-13,2360,致茂,1.55,135000,股
2026-03-13,2383,台光電子,1.48,73000,股
2026-03-13,3105,穩懋,1.47,629000,股
2026-03-13,8996,高力,1.4,208000,股
2026-03-13,6515,穎崴,1.36,29000,股
2026-03-13,2368,金像電子,1.34,192000,股
2026-03-13,3533,嘉澤端子,1.23,94000,股
2026-03-13,2313,華通,1.19,752000,股
2026-03-13,3481,群創光電,1.17,5276000,股
2026-03-13,2308,台達電子,1.15,111000,股
2026-03-13,6770,力積電,1.15,2398000,股
2026-03-13,3017,奇鋐,1.14,82000,股
2026-03-13,6223,旺矽,1.09,41000,股
2026-03-13,2337,旺宏,1.07,1319000,股
2026-03-13,3715,定穎投控,1.07,863000,股
2026-03-13,1303,南亞,1.06,1698000,股
2026-03-13,6285,啟碁科技,1.05,834000,股
2026-03-13,2345,智邦,1.04,98000,股
2026-03-13,3324,雙鴻科技,1.03,131000,股
2026-03-13,2883,凱基金控,1.01,6687000,股
2026-03-13,1815,富喬工業,0.99,1226000,股
2026-03-13,6805,富世達,0.99,75000,股
2026-03-13,3653,健策,0.97,40000,股
2026-03-13,1560,中砂,0.94,272000,股
2026-03-13,202603TX,台指期貨,0.94,19,口
2026-03-13,3264,欣銓,0.94,828000,股
2026-03-13,5274,信驊科技,0.94,12000,股
2026-03-13,6290,良維,0.93,567000,股
2026-03-13,6446,藥華醫藥,0.92,187000,股
2026-03-13,8021,尖點,0.92,503000,股
2026-03-13,6274,台燿,0.91,245000,股
2026-03-13,2449,京元電子,0.9,406000,股
2026-03-13,2882,國泰金,0.9,1685000,股
2026-03-13,8299,群聯電子,0.9,67000,股
2026-03-13,1519,華城,0.88,128000,股
2026-03-13,4722,國精化學,0.88,635000,股
2026-03-13,8358,金居開發,0.87,479000,股
2026-03-13,3491,昇達科技,0.86,88000,股
2026-03-13,6442,光聖,0.85,67000,股
2026-03-13,2408,南亞科,0.0,1000,股
2026-03-16,3036,文曄,9.66,5440000,股
2026-03-16,2412,中華電,9.09,8825000,股
2026-03-16,2330,台積電,8.28,595000,股
2026-03-16,2303,聯電,7.66,16769000,股
2026-03-16,2454,聯發科,6.21,481000,股
2026-03-16,3044,健鼎科技,5.27,1931000,股
2026-03-16,2344,華邦電子,2.67,3027000,股
2026-03-16,1590,亞德客-KY,2.26,295000,股
2026-03-16,3037,欣興,2.2,532000,股
2026-03-16,2327,國巨*,2.04,1041000,股
2026-03-16,3167,大量,1.56,565000,股
2026-03-16,2360,致茂,1.48,135000,股
2026-03-16,3105,穩懋,1.44,629000,股
2026-03-16,8996,高力,1.44,206000,股
2026-03-16,2383,台光電子,1.4,72000,股
2026-03-16,2368,金像電子,1.3,190000,股
2026-03-16,6515,穎崴,1.3,28000,股
2026-03-16,2313,華通,1.24,746000,股
2026-03-16,2337,旺宏,1.18,1310000,股
2026-03-16,3533,嘉澤端子,1.18,93000,股
2026-03-16,6770,力積電,1.17,2379000,股
2026-03-16,1303,南亞,1.13,1685000,股
2026-03-16,2308,台達電子,1.13,110000,股
2026-03-16,3017,奇鋐,1.12,81000,股
2026-03-16,6285,啟碁科技,1.09,827000,股
2026-03-16,3481,群創光電,1.08,5221000,股
2026-03-16,6223,旺矽,1.08,40000,股
2026-03-16,3715,定穎投控,1.04,855000,股
2026-03-16,2883,凱基金控,1.03,6630000,股
2026-03-16,1815,富喬工業,1.02,1226000,股
2026-03-16,2345,智邦,1.02,97000,股
2026-03-16,3324,雙鴻科技,1.01,129000,股
2026-03-16,3653,健策,1.0,39000,股
2026-03-16,8299,群聯電子,0.99,66000,股
2026-03-16,6805,富世達,0.98,74000,股
2026-03-16,202603TX,台指期貨,0.94,19,口
2026-03-16,6290,良維,0.94,561000,股
2026-03-16,3264,欣銓,0.93,820000,股
2026-03-16,4722,國精化學,0.93,630000,股
2026-03-16,1560,中砂,0.92,269000,股
2026-03-16,6274,台燿,0.92,243000,股
2026-03-16,2882,國泰金,0.91,1670000,股
2026-03-16,6446,藥華醫藥,0.91,185000,股
2026-03-16,3491,昇達科技,0.9,88000,股
2026-03-16,8358,金居開發,0.9,479000,股
2026-03-16,8021,尖點,0.89,498000,股
2026-03-16,6442,光聖,0.88,67000,股
2026-03-16,2449,京元電子,0.87,402000,股
2026-03-16,1519,華城,0.86,126000,股
2026-03-16,5274,信驊科技,0.85,11000,股
2026-03-16,2408,南亞科,0.0,1000,股
2026-03-17,3036,文曄,10.01,5347000,股
2026-03-17,2412,中華電,8.9,8663000,股
2026-03-17,2330,台積電,8.19,584000,股
2026-03-17,2303,聯電,7.5,16468000,股
2026-03-17,2454,聯發科,6.12,472000,股
2026-03-17,3044,健鼎科技,5.2,1897000,股
2026-03-17,2344,華邦電子,2.76,2978000,股
2026-03-17,1590,亞德客-KY,2.22,289000,股
2026-03-17,2327,國巨*,2.2,1024000,股
2026-03-17,3037,欣興,2.13,524000,股
2026-03-17,2360,致茂,1.46,132000,股
2026-03-17,2383,台光電子,1.42,70000,股
2026-03-17,3167,大量,1.4,565000,股
2026-03-17,8996,高力,1.4,203000,股
2026-03-17,3105,穩懋,1.36,619000,股
2026-03-17,6515,穎崴,1.34,27000,股
2026-03-17,2313,華通,1.3,732000,股
2026-03-17,2368,金像電子,1.28,186000,股
2026-03-17,2337,旺宏,1.26,1290000,股
2026-03-17,6770,力積電,1.26,2340000,股
2026-03-17,3533,嘉澤端子,1.24,91000,股
2026-03-17,2308,台達電子,1.17,108000,股
2026-03-17,3017,奇鋐,1.13,79000,股
2026-03-17,3481,群創光電,1.07,5129000,股
2026-03-17,6285,啟碁科技,1.07,812000,股
2026-03-17,1303,南亞,1.06,1654000,股
2026-03-17,3653,健策,1.06,38000,股
2026-03-17,6223,旺矽,1.05,39000,股
2026-03-17,2345,智邦,1.04,95000,股
2026-03-17,2883,凱基金控,1.01,6511000,股
2026-03-17,1815,富喬工業,0.99,1226000,股
2026-03-17,3324,雙鴻科技,0.99,126000,股
2026-03-17,3715,定穎投控,0.99,839000,股
2026-03-17,202604TX,台指期貨,0.96,19,口
2026-03-17,3264,欣銓,0.95,804000,股
2026-03-17,3491,昇達科技,0.95,88000,股
2026-03-17,6805,富世達,0.94,72000,股
2026-03-17,8358,金居開發,0.94,479000,股
2026-03-17,8299,群聯電子,0.93,64000,股
2026-03-17,6290,良維,0.91,550000,股
2026-03-17,2882,國泰金,0.9,1640000,股
2026-03-17,6274,台燿,0.9,238000,股
2026-03-17,1560,中砂,0.89,264000,股
2026-03-17,6446,藥華醫藥,0.89,181000,股
2026-03-17,4722,國精化學,0.88,618000,股
2026-03-17,2449,京元電子,0.87,394000,股
2026-03-17,8021,尖點,0.87,488000,股
2026-03-17,1519,華城,0.85,123000,股
2026-03-17,5274,信驊科技,0.85,10000,股
2026-03-17,6442,光聖,0.85,67000,股
2026-03-17,7751,竑騰,0.53,50000,股
2026-03-18,3036,文曄,9.71,5097000,股
2026-03-18,2412,中華電,8.72,8555000,股
2026-03-18,2330,台積電,8.13,576000,股
2026-03-18,2303,聯電,7.37,16266000,股
2026-03-18,2454,聯發科,5.98,466000,股
2026-03-18,3044,健鼎科技,5.19,1875000,股
2026-03-18,2344,華邦電子,2.79,2944000,股
2026-03-18,3037,欣興,2.25,524000,股
2026-03-18,1590,亞德客-KY,2.17,285000,股
2026-03-18,2327,國巨*,2.1,1011000,股
2026-03-18,3167,大量,1.46,565000,股
2026-03-18,6515,穎崴,1.45,27000,股
2026-03-18,8996,高力,1.43,203000,股
2026-03-18,2360,致茂,1.42,122000,股
2026-03-18,2383,台光電子,1.38,69000,股
2026-03-18,2337,旺宏,1.37,1290000,股
2026-03-18,3533,嘉澤端子,1.26,89000,股
2026-03-18,2313,華通,1.25,732000,股
2026-03-18,2368,金像電子,1.24,183000,股
2026-03-18,3105,穩懋,1.24,519000,股
2026-03-18,6770,力積電,1.23,2312000,股
2026-03-18,2308,台達電子,1.15,106000,股
2026-03-18,2345,智邦,1.1,93000,股
2026-03-18,3653,健策,1.09,37000,股
2026-03-18,3017,奇鋐,1.08,79000,股
2026-03-18,6223,旺矽,1.08,39000,股
2026-03-18,3715,定穎投控,1.07,829000,股
2026-03-18,3481,群創光電,1.05,5066000,股
2026-03-18,1303,南亞,1.04,1634000,股
2026-03-18,6285,啟碁科技,1.03,802000,股
2026-03-18,1815,富喬工業,1.02,1226000,股
2026-03-18,2883,凱基金控,0.98,6430000,股
2026-03-18,6805,富世達,0.97,71000,股
2026-03-18,8358,金居開發,0.97,479000,股
2026-03-18,202604TX,台指期貨,0.95,19,口
2026-03-18,3324,雙鴻科技,0.95,124000,股
2026-03-18,1560,中砂,0.94,260000,股
2026-03-18,3491,昇達科技,0.94,88000,股
2026-03-18,2449,京元電子,0.93,389000,股
2026-03-18,6274,台燿,0.93,235000,股
2026-03-18,8021,尖點,0.93,482000,股
2026-03-18,6442,光聖,0.92,67000,股
2026-03-18,8299,群聯電子,0.92,63000,股
2026-03-18,3264,欣銓,0.91,793000,股
2026-03-18,6446,藥華醫藥,0.89,178000,股
2026-03-18,2882,國泰金,0.88,1619000,股
2026-03-18,6290,良維,0.88,542000,股
2026-03-18,4722,國精化學,0.86,610000,股
2026-03-18,1519,華城,0.83,121000,股
2026-03-18,5274,信驊科技,0.82,9000,股
2026-03-18,7751,竑騰,0.58,50000,股
2026-03-19,3036,文曄,9.46,4992000,股
2026-03-19,2412,中華電,8.65,8410000,股
2026-03-19,2330,台積電,7.95,566000,股
2026-03-19,2303,聯電,7.13,15993000,股
2026-03-19,2454,聯發科,5.84,458000,股
2026-03-19,3044,健鼎科技,5.13,1845000,股
2026-03-19,2344,華邦電子,2.68,2896000,股
2026-03-19,3037,欣興,2.31,524000,股
2026-03-19,1590,亞德客-KY,2.08,280000,股
2026-03-19,2327,國巨*,2.07,994000,股
2026-03-19,2337,旺宏,1.54,1290000,股
2026-03-19,3167,大量,1.53,565000,股
2026-03-19,2383,台光電子,1.47,67000,股
2026-03-19,2360,致茂,1.45,120000,股
2026-03-19,8996,高力,1.44,200000,股
2026-03-19,6515,穎崴,1.42,26000,股
2026-03-19,2368,金像電子,1.37,180000,股
2026-03-19,3105,穩懋,1.37,511000,股
2026-03-19,3533,嘉澤端子,1.34,87000,股
2026-03-19,6770,力積電,1.3,2275000,股
2026-03-19,7751,竑騰,1.26,100000,股
2026-03-19,2313,華通,1.22,719000,股
2026-03-19,3017,奇鋐,1.18,77000,股
2026-03-19,3715,定穎投控,1.18,815000,股
2026-03-19,2308,台達電子,1.15,104000,股
2026-03-19,2345,智邦,1.1,91000,股
2026-03-19,3653,健策,1.07,36000,股
2026-03-19,6223,旺矽,1.06,38000,股
2026-03-19,1815,富喬工業,1.04,1226000,股
2026-03-19,6285,啟碁科技,1.04,789000,股
2026-03-19,1303,南亞,1.03,1607000,股
2026-03-19,3481,群創光電,1.03,4982000,股
2026-03-19,6805,富世達,1.03,69000,股
2026-03-19,6274,台燿,1.02,231000,股
2026-03-19,3324,雙鴻科技,0.99,122000,股
2026-03-19,6442,光聖,0.98,67000,股
2026-03-19,8358,金居開發,0.98,479000,股
2026-03-19,6290,良維,0.97,532000,股
2026-03-19,202604TX,台指期貨,0.96,19,口
2026-03-19,2883,凱基金控,0.96,6320000,股
2026-03-19,3491,昇達科技,0.94,88000,股
2026-03-19,8021,尖點,0.93,473000,股
2026-03-19,2449,京元電子,0.92,382000,股
2026-03-19,3264,欣銓,0.91,779000,股
2026-03-19,8299,群聯電子,0.91,61000,股
2026-03-19,1560,中砂,0.9,255000,股
2026-03-19,2882,國泰金,0.86,1591000,股
2026-03-19,4722,國精化學,0.85,600000,股
2026-03-19,6446,藥華醫藥,0.85,174000,股
2026-03-19,1519,華城,0.83,118000,股
2026-03-19,5274,信驊科技,0.73,8000,股
2026-03-20,3036,文曄,9.71,4992000,股
2026-03-20,2412,中華電,8.63,8410000,股
2026-03-20,2330,台積電,7.98,566000,股
2026-03-20,2303,聯電,7.08,15993000,股
2026-03-20,2454,聯發科,5.96,458000,股
2026-03-20,3044,健鼎科技,5.13,1845000,股
2026-03-20,2344,華邦電子,2.44,2896000,股
2026-03-20,3037,欣興,2.22,524000,股
2026-03-20,1590,亞德客-KY,2.1,280000,股
2026-03-20,2327,國巨*,2.06,994000,股
2026-03-20,2337,旺宏,1.58,1290000,股
2026-03-20,6515,穎崴,1.58,26000,股
2026-03-20,3167,大量,1.49,565000,股
2026-03-20,2360,致茂,1.46,120000,股
2026-03-20,2383,台光電子,1.44,67000,股
2026-03-20,8996,高力,1.4,200000,股
2026-03-20,3533,嘉澤端子,1.38,87000,股
2026-03-20,2368,金像電子,1.36,180000,股
2026-03-20,3105,穩懋,1.35,511000,股
2026-03-20,6770,力積電,1.32,2275000,股
2026-03-20,7751,竑騰,1.24,100000,股
2026-03-20,2313,華通,1.22,719000,股
2026-03-20,3017,奇鋐,1.21,77000,股
2026-03-20,2308,台達電子,1.17,104000,股
2026-03-20,2345,智邦,1.12,91000,股
2026-03-20,6223,旺矽,1.12,38000,股
2026-03-20,3715,定穎投控,1.11,815000,股
2026-03-20,3653,健策,1.06,36000,股
2026-03-20,6805,富世達,1.06,69000,股
2026-03-20,6285,啟碁科技,1.05,789000,股
2026-03-20,6442,光聖,1.05,67000,股
2026-03-20,3324,雙鴻科技,1.0,122000,股
2026-03-20,3481,群創光電,1.0,4982000,股
2026-03-20,3491,昇達科技,0.98,88000,股
2026-03-20,6274,台燿,0.98,231000,股
2026-03-20,202604TX,台指期貨,0.97,19,口
2026-03-20,2883,凱基金控,0.97,6320000,股
2026-03-20,1303,南亞,0.96,1607000,股
2026-03-20,1815,富喬工業,0.96,1226000,股
2026-03-20,8021,尖點,0.96,473000,股
2026-03-20,1560,中砂,0.93,255000,股
2026-03-20,3264,欣銓,0.91,779000,股
2026-03-20,6290,良維,0.91,532000,股
2026-03-20,2449,京元電子,0.9,382000,股
2026-03-20,8358,金居開發,0.9,479000,股
2026-03-20,8299,群聯電子,0.89,61000,股
2026-03-20,2882,國泰金,0.88,1591000,股
2026-03-20,6446,藥華醫藥,0.85,174000,股
2026-03-20,1519,華城,0.83,118000,股
2026-03-20,4722,國精化學,0.82,600000,股
2026-03-20,5274,信驊科技,0.72,8000,股
2026-03-23,3036,文曄,9.56,4992000,股
2026-03-23,2412,中華電,8.96,8410000,股
2026-03-23,2330,台積電,8.15,566000,股
2026-03-23,2303,聯電,7.21,15993000,股
2026-03-23,2454,聯發科,5.92,458000,股
2026-03-23,3044,健鼎科技,5.21,1845000,股
2026-03-23,2344,華邦電子,2.48,2896000,股
2026-03-23,1590,亞德客-KY,2.14,280000,股
2026-03-23,3037,欣興,2.08,524000,股
2026-03-23,2327,國巨*,2.0,994000,股
2026-03-23,6515,穎崴,1.63,26000,股
2026-03-23,2337,旺宏,1.52,1290000,股
2026-03-23,2383,台光電子,1.49,67000,股
2026-03-23,3167,大量,1.46,565000,股
2026-03-23,2360,致茂,1.45,120000,股
2026-03-23,2368,金像電子,1.38,180000,股
2026-03-23,3533,嘉澤端子,1.37,87000,股
2026-03-23,8996,高力,1.3,200000,股
2026-03-23,3105,穩懋,1.28,511000,股
2026-03-23,6770,力積電,1.25,2275000,股
2026-03-23,2313,華通,1.24,719000,股
2026-03-23,7751,竑騰,1.24,100000,股
2026-03-23,3017,奇鋐,1.22,77000,股
2026-03-23,2308,台達電子,1.17,104000,股
2026-03-23,2345,智邦,1.13,91000,股
2026-03-23,6223,旺矽,1.12,38000,股
2026-03-23,3715,定穎投控,1.11,815000,股
2026-03-23,3653,健策,1.1,36000,股
2026-03-23,6285,啟碁科技,1.04,789000,股
2026-03-23,6805,富世達,1.02,69000,股
2026-03-23,1815,富喬工業,1.01,1226000,股
2026-03-23,2883,凱基金控,1.0,6320000,股
2026-03-23,202604TX,台指期貨,0.99,19,口
2026-03-23,3481,群創光電,0.99,4982000,股
2026-03-23,6274,台燿,0.99,231000,股
2026-03-23,6442,光聖,0.99,67000,股
2026-03-23,3324,雙鴻科技,0.98,122000,股
2026-03-23,1303,南亞,0.94,1607000,股
2026-03-23,3491,昇達科技,0.92,88000,股
2026-03-23,2882,國泰金,0.91,1591000,股
2026-03-23,1560,中砂,0.9,255000,股
2026-03-23,3264,欣銓,0.9,779000,股
2026-03-23,6290,良維,0.9,532000,股
2026-03-23,8021,尖點,0.9,473000,股
2026-03-23,2449,京元電子,0.87,382000,股
2026-03-23,8299,群聯電子,0.87,61000,股
2026-03-23,6446,藥華醫藥,0.85,174000,股
2026-03-23,8358,金居開發,0.85,479000,股
2026-03-23,1519,華城,0.84,118000,股
2026-03-23,4722,國精化學,0.8,600000,股
2026-03-23,5274,信驊科技,0.73,8000,股
2026-03-24,3036,文曄,9.44,4992000,股
2026-03-24,2412,中華電,9.16,8410000,股
2026-03-24,2330,台積電,8.33,566000,股
2026-03-24,2303,聯電,7.34,15993000,股
2026-03-24,2454,聯發科,6.03,458000,股
2026-03-24,3044,健鼎科技,5.11,1845000,股
2026-03-24,2344,華邦電子,2.34,2896000,股
2026-03-24,1590,亞德客-KY,2.17,280000,股
2026-03-24,2327,國巨*,2.02,994000,股
2026-03-24,3037,欣興,1.96,524000,股
2026-03-24,6515,穎崴,1.73,26000,股
2026-03-24,2383,台光電子,1.46,67000,股
2026-03-24,3167,大量,1.46,565000,股
2026-03-24,2360,致茂,1.44,120000,股
2026-03-24,2337,旺宏,1.43,1290000,股
2026-03-24,3533,嘉澤端子,1.38,87000,股
2026-03-24,2368,金像電子,1.3,180000,股
2026-03-24,3105,穩懋,1.3,511000,股
2026-03-24,8996,高力,1.25,200000,股
2026-03-24,7751,竑騰,1.23,100000,股
2026-03-24,2313,華通,1.22,719000,股
2026-03-24,3017,奇鋐,1.22,77000,股
2026-03-24,2308,台達電子,1.2,104000,股
2026-03-24,3653,健策,1.16,36000,股
2026-03-24,6770,力積電,1.16,2275000,股
2026-03-24,2345,智邦,1.14,91000,股
2026-03-24,6223,旺矽,1.13,38000,股
2026-03-24,3715,定穎投控,1.1,815000,股
2026-03-24,202604TX,台指期貨,1.09,19,口
2026-03-24,6285,啟碁科技,1.07,789000,股
2026-03-24,6442,光聖,1.05,67000,股
2026-03-24,6805,富世達,1.03,69000,股
2026-03-24,2883,凱基金控,1.02,6320000,股
2026-03-24,6274,台燿,1.02,231000,股
2026-03-24,3324,雙鴻科技,1.0,122000,股
2026-03-24,3481,群創光電,0.99,4982000,股
2026-03-24,1815,富喬工業,0.98,1226000,股
2026-03-24,1303,南亞,0.94,1607000,股
2026-03-24,1560,中砂,0.92,255000,股
2026-03-24,2882,國泰金,0.92,1591000,股
2026-03-24,3264,欣銓,0.92,779000,股
2026-03-24,3491,昇達科技,0.92,88000,股
2026-03-24,6290,良維,0.9,532000,股
2026-03-24,8021,尖點,0.89,473000,股
2026-03-24,6446,藥華醫藥,0.88,174000,股
2026-03-24,2449,京元電子,0.86,382000,股
2026-03-24,8358,金居開發,0.86,479000,股
2026-03-24,1519,華城,0.84,118000,股
2026-03-24,8299,群聯電子,0.84,61000,股
2026-03-24,4722,國精化學,0.83,600000,股
2026-03-24,5274,信驊科技,0.71,8000,股
2026-03-25,3036,文曄,9.27,4943000,股
2026-03-25,2412,中華電,8.87,8341000,股
2026-03-25,2330,台積電,8.15,561000,股
2026-03-25,2303,聯電,7.39,15869000,股
2026-03-25,2454,聯發科,5.79,454000,股
2026-03-25,3044,健鼎科技,5.15,1831000,股
2026-03-25,2344,華邦電子,2.22,2873000,股
2026-03-25,1590,亞德客-KY,2.2,277000,股
2026-03-25,3037,欣興,2.09,524000,股
2026-03-25,2327,國巨*,2.02,986000,股
2026-03-25,6515,穎崴,1.66,25000,股
2026-03-25,3167,大量,1.55,565000,股
2026-03-25,2360,致茂,1.52,119000,股
2026-03-25,2383,台光電子,1.48,66000,股
2026-03-25,3533,嘉澤端子,1.46,86000,股
2026-03-25,2337,旺宏,1.44,1290000,股
2026-03-25,3105,穩懋,1.38,507000,股
2026-03-25,2313,華通,1.29,713000,股
2026-03-25,2368,金像電子,1.29,178000,股
2026-03-25,8996,高力,1.28,198000,股
2026-03-25,2308,台達電子,1.26,103000,股
2026-03-25,3017,奇鋐,1.26,76000,股
2026-03-25,7751,竑騰,1.24,100000,股
2026-03-25,2345,智邦,1.19,90000,股
2026-03-25,3715,定穎投控,1.16,808000,股
2026-03-25,6770,力積電,1.16,2257000,股
2026-03-25,6285,啟碁科技,1.11,783000,股
2026-03-25,6442,光聖,1.1,66000,股
2026-03-25,3653,健策,1.09,35000,股
2026-03-25,6223,旺矽,1.09,37000,股
2026-03-25,6274,台燿,1.05,229000,股
2026-03-25,1815,富喬工業,1.04,1217000,股
2026-03-25,6805,富世達,1.02,68000,股
2026-03-25,2883,凱基金控,1.01,6269000,股
2026-03-25,3481,群創光電,1.0,4943000,股
2026-03-25,3324,雙鴻科技,0.99,121000,股
2026-03-25,202604TX,台指期貨,0.98,19,口
2026-03-25,3491,昇達科技,0.98,88000,股
2026-03-25,1303,南亞,0.95,1594000,股
2026-03-25,3264,欣銓,0.94,772000,股
2026-03-25,1560,中砂,0.91,252000,股
2026-03-25,8021,尖點,0.91,469000,股
2026-03-25,6290,良維,0.9,527000,股
2026-03-25,2882,國泰金,0.89,1578000,股
2026-03-25,6446,藥華醫藥,0.87,172000,股
2026-03-25,2449,京元電子,0.86,378000,股
2026-03-25,1519,華城,0.85,117000,股
2026-03-25,8358,金居開發,0.85,475000,股
2026-03-25,8299,群聯電子,0.82,60000,股
2026-03-25,4722,國精化學,0.81,595000,股
2026-03-25,5274,信驊科技,0.63,7000,股
2026-03-26,2412,中華電,8.91,8281000,股
2026-03-26,3036,文曄,8.9,4905000,股
2026-03-26,2330,台積電,8.18,556000,股
2026-03-26,2303,聯電,7.33,15756000,股
2026-03-26,2454,聯發科,5.72,450000,股
2026-03-26,3044,健鼎科技,5.17,1818000,股
2026-03-26,1590,亞德客-KY,2.21,275000,股
2026-03-26,2344,華邦電子,2.19,2854000,股
2026-03-26,3037,欣興,2.1,524000,股
2026-03-26,2327,國巨*,2.05,979000,股
2026-03-26,6515,穎崴,1.63,25000,股
2026-03-26,3167,大量,1.58,565000,股
2026-03-26,2360,致茂,1.55,118000,股
2026-03-26,3533,嘉澤端子,1.54,85000,股
2026-03-26,2383,台光電子,1.53,65000,股
2026-03-26,3105,穩懋,1.44,503000,股
2026-03-26,2313,華通,1.39,708000,股
2026-03-26,3017,奇鋐,1.36,75000,股
2026-03-26,8996,高力,1.33,197000,股
2026-03-26,2337,旺宏,1.32,1290000,股
2026-03-26,7751,竑騰,1.3,100000,股
2026-03-26,2368,金像電子,1.29,176000,股
2026-03-26,2308,台達電子,1.24,102000,股
2026-03-26,2345,智邦,1.19,89000,股
2026-03-26,3715,定穎投控,1.19,802000,股
2026-03-26,6770,力積電,1.13,2241000,股
2026-03-26,6274,台燿,1.1,227000,股
2026-03-26,3491,昇達科技,1.08,87000,股
2026-03-26,6442,光聖,1.08,65000,股
2026-03-26,3653,健策,1.07,34000,股
2026-03-26,6285,啟碁科技,1.07,777000,股
2026-03-26,6223,旺矽,1.05,36000,股
2026-03-26,6805,富世達,1.02,67000,股
2026-03-26,1815,富喬工業,1.01,1208000,股
2026-03-26,202604TX,台指期貨,0.99,19,口
2026-03-26,2883,凱基金控,0.99,6223000,股
2026-03-26,3481,群創光電,0.98,4908000,股
2026-03-26,1303,南亞,0.95,1583000,股
2026-03-26,3324,雙鴻科技,0.95,120000,股
2026-03-26,8021,尖點,0.95,465000,股
2026-03-26,8358,金居開發,0.94,472000,股
2026-03-26,1560,中砂,0.92,250000,股
2026-03-26,3264,欣銓,0.92,766000,股
2026-03-26,2882,國泰金,0.89,1566000,股
2026-03-26,6290,良維,0.89,523000,股
2026-03-26,6446,藥華醫藥,0.87,170000,股
2026-03-26,2449,京元電子,0.86,375000,股
2026-03-26,1519,華城,0.83,116000,股
2026-03-26,4722,國精化學,0.79,590000,股
2026-03-26,8299,群聯電子,0.78,59000,股
2026-03-26,5274,信驊科技,0.55,6000,股
2026-03-27,3036,文曄,8.97,4848000,股
2026-03-27,2412,中華電,8.84,8193000,股
2026-03-27,2330,台積電,8.06,550000,股
2026-03-27,2303,聯電,7.26,15593000,股
2026-03-27,2454,聯發科,5.68,445000,股
2026-03-27,3044,健鼎科技,5.2,1800000,股
2026-03-27,1590,亞德客-KY,2.17,272000,股
2026-03-27,3037,欣興,2.13,524000,股
2026-03-27,2344,華邦電子,2.1,2824000,股
2026-03-27,2327,國巨*,2.03,968000,股
2026-03-27,3167,大量,1.69,565000,股
2026-03-27,6515,穎崴,1.59,25000,股
2026-03-27,3105,穩懋,1.53,498000,股
2026-03-27,3533,嘉澤端子,1.53,84000,股
2026-03-27,2313,華通,1.52,701000,股
2026-03-27,2360,致茂,1.51,116000,股
2026-03-27,2383,台光電子,1.5,64000,股
2026-03-27,8996,高力,1.36,195000,股
2026-03-27,3017,奇鋐,1.31,74000,股
2026-03-27,7751,竑騰,1.31,100000,股
2026-03-27,2337,旺宏,1.3,1290000,股
2026-03-27,3715,定穎投控,1.3,794000,股
2026-03-27,2368,金像電子,1.29,174000,股
2026-03-27,2308,台達電子,1.22,100000,股
2026-03-27,6285,啟碁科技,1.17,769000,股
2026-03-27,2345,智邦,1.16,87000,股
2026-03-27,3491,昇達科技,1.15,86000,股
2026-03-27,6274,台燿,1.13,224000,股
2026-03-27,6442,光聖,1.09,64000,股
2026-03-27,3653,健策,1.07,33000,股
2026-03-27,6770,力積電,1.06,2217000,股
2026-03-27,1815,富喬工業,1.03,1196000,股
2026-03-27,6223,旺矽,1.03,35000,股
2026-03-27,6805,富世達,1.01,66000,股
2026-03-27,202604TX,台指期貨,0.99,19,口
2026-03-27,8021,尖點,0.99,460000,股
2026-03-27,2883,凱基金控,0.98,6158000,股
2026-03-27,3481,群創光電,0.97,4856000,股
2026-03-27,3264,欣銓,0.96,758000,股
2026-03-27,1303,南亞,0.94,1566000,股
2026-03-27,3324,雙鴻科技,0.94,118000,股
2026-03-27,1560,中砂,0.91,247000,股
2026-03-27,6290,良維,0.89,517000,股
2026-03-27,8358,金居開發,0.89,467000,股
2026-03-27,2882,國泰金,0.88,1549000,股
2026-03-27,6446,藥華醫藥,0.87,168000,股
2026-03-27,2449,京元電子,0.83,370000,股
2026-03-27,4722,國精化學,0.81,584000,股
2026-03-27,1519,華城,0.79,114000,股
2026-03-27,8299,群聯電子,0.73,58000,股
2026-03-27,5274,信驊科技,0.47,5000,股
2026-03-30,2412,中華電,8.99,8193000,股
2026-03-30,3036,文曄,8.92,4848000,股
2026-03-30,2330,台積電,8.01,550000,股
2026-03-30,2303,聯電,7.27,15593000,股
2026-03-30,2454,聯發科,5.5,445000,股
2026-03-30,3044,健鼎科技,5.12,1800000,股
2026-03-30,1590,亞德客-KY,2.2,272000,股
2026-03-30,2344,華邦電子,2.15,2824000,股
2026-03-30,3037,欣興,2.12,524000,股
2026-03-30,2327,國巨*,2.04,968000,股
2026-03-30,3167,大量,1.89,565000,股
2026-03-30,3105,穩懋,1.59,498000,股
2026-03-30,6515,穎崴,1.57,25000,股
2026-03-30,2360,致茂,1.54,116000,股
2026-03-30,3533,嘉澤端子,1.53,84000,股
2026-03-30,2313,華通,1.51,701000,股
2026-03-30,2383,台光電子,1.46,64000,股
2026-03-30,8996,高力,1.43,195000,股
2026-03-30,2337,旺宏,1.35,1290000,股
2026-03-30,3017,奇鋐,1.29,74000,股
2026-03-30,2368,金像電子,1.28,174000,股
2026-03-30,7751,竑騰,1.23,100000,股
2026-03-30,2308,台達電子,1.21,100000,股
2026-03-30,3715,定穎投控,1.2,794000,股
2026-03-30,2345,智邦,1.16,87000,股
2026-03-30,6285,啟碁科技,1.13,769000,股
2026-03-30,3491,昇達科技,1.11,86000,股
2026-03-30,202604TX,台指期貨,1.1,19,口
2026-03-30,6274,台燿,1.1,224000,股
2026-03-30,6442,光聖,1.1,64000,股
2026-03-30,6223,旺矽,1.07,35000,股
2026-03-30,3653,健策,1.05,33000,股
2026-03-30,6770,力積電,1.05,2217000,股
2026-03-30,1303,南亞,1.04,1566000,股
2026-03-30,1815,富喬工業,1.01,1196000,股
2026-03-30,3264,欣銓,1.0,758000,股
2026-03-30,8021,尖點,1.0,460000,股
2026-03-30,6805,富世達,0.99,66000,股
2026-03-30,2883,凱基金控,0.98,6158000,股
2026-03-30,3481,群創光電,0.98,4856000,股
2026-03-30,3324,雙鴻科技,0.92,118000,股
2026-03-30,1560,中砂,0.91,247000,股
2026-03-30,2882,國泰金,0.89,1549000,股
2026-03-30,8358,金居開發,0.89,467000,股
2026-03-30,6290,良維,0.87,517000,股
2026-03-30,6446,藥華醫藥,0.85,168000,股
2026-03-30,2449,京元電子,0.82,370000,股
2026-03-30,4722,國精化學,0.81,584000,股
2026-03-30,1519,華城,0.78,114000,股
2026-03-30,8299,群聯電子,0.76,58000,股
2026-03-30,5274,信驊科技,0.46,5000,股
2026-03-31,2330,台積電,8.08,538000,股
2026-03-31,2412,中華電,5.22,4600000,股
2026-03-31,3036,文曄,5.16,2788000,股
2026-03-31,3105,穩懋,4.51,1503000,股
2026-03-31,2313,華通,4.42,2090000,股
2026-03-31,3702,大聯大,3.78,5026000,股
2026-03-31,2303,聯電,3.7,7668000,股
2026-03-31,3044,健鼎科技,3.15,1089000,股
2026-03-31,2454,聯發科,2.73,215000,股
2026-03-31,3037,欣興,1.99,524000,股
2026-03-31,3167,大量,1.78,565000,股
2026-03-31,1590,亞德客-KY,1.74,205000,股
2026-03-31,2344,華邦電子,1.69,2199000,股
2026-03-31,2327,國巨*,1.64,789000,股
2026-03-31,6515,穎崴,1.53,25000,股
2026-03-31,2360,致茂,1.43,114000,股
2026-03-31,3533,嘉澤端子,1.42,81000,股
2026-03-31,2383,台光電子,1.38,62000,股
2026-03-31,8996,高力,1.34,186000,股
2026-03-31,3017,奇鋐,1.29,76000,股
2026-03-31,2368,金像電子,1.28,174000,股
2026-03-31,2337,旺宏,1.27,1290000,股
2026-03-31,2308,台達電子,1.24,105000,股
2026-03-31,2345,智邦,1.21,94000,股
2026-03-31,7751,竑騰,1.18,100000,股
2026-03-31,6223,旺矽,1.17,38000,股
2026-03-31,6770,力積電,1.15,2530000,股
2026-03-31,1303,南亞,1.14,1804000,股
2026-03-31,2883,凱基金控,1.14,6909000,股
2026-03-31,202604TX,台指期貨,1.12,19,口
2026-03-31,3264,欣銓,1.11,836000,股
2026-03-31,3481,群創光電,1.1,5402000,股
2026-03-31,2882,國泰金,1.08,1806000,股
2026-03-31,1560,中砂,1.06,293000,股
2026-03-31,3491,昇達科技,1.05,86000,股
2026-03-31,6442,光聖,1.04,64000,股
2026-03-31,5274,信驊科技,0.82,9000,股
2026-03-31,2347,聯強,0.6,932000,股
2026-03-31,2606,裕民,0.6,1206000,股
2026-03-31,3715,定穎投控,0.6,402000,股
2026-03-31,4904,遠傳,0.6,762000,股
2026-03-31,5904,寶雅,0.6,142000,股
2026-03-31,6505,台塑石化,0.6,1269000,股
2026-03-31,2395,研華,0.59,216000,股
2026-03-31,2603,長榮海運,0.59,346000,股
2026-03-31,2885,元大金,0.59,1556000,股
2026-03-31,2891,中信金,0.59,1356000,股
2026-03-31,3023,信邦,0.59,274000,股
2026-03-31,3131,弘塑科技,0.59,25000,股
2026-03-31,3293,鈊象,0.59,92000,股
2026-03-31,2481,強茂,0.58,789000,股
2026-03-31,3583,辛耘,0.58,150000,股
2026-03-31,6213,聯茂,0.58,460000,股
2026-03-31,2404,漢唐,0.57,82000,股
2026-03-31,4958,臻鼎-KY,0.57,326000,股
2026-03-31,3665,貿聯-KY,0.56,38000,股
2026-03-31,6285,啟碁科技,0.56,386000,股
2026-03-31,6274,台燿,0.54,112000,股
2026-03-31,3653,健策,0.52,16000,股
2026-03-31,1815,富喬工業,0.49,603000,股
2026-03-31,8021,尖點,0.49,237000,股
2026-03-31,6805,富世達,0.48,32000,股
2026-03-31,3324,雙鴻科技,0.45,60000,股
2026-03-31,8358,金居開發,0.44,217000,股
2026-03-31,6446,藥華醫藥,0.43,83000,股
2026-03-31,6290,良維,0.42,257000,股
2026-03-31,2449,京元電子,0.41,183000,股
2026-03-31,4722,國精化學,0.4,291000,股
2026-03-31,1519,華城,0.38,57000,股
2026-03-31,8299,群聯電子,0.37,29000,股
2026-04-01,3105,穩懋,8.15,2623000,股
2026-04-01,2330,台積電,8.13,532000,股
2026-04-01,3702,大聯大,8.11,10943000,股
2026-04-01,2313,華通,8.07,3680000,股
2026-04-01,3037,欣興,2.11,524000,股
2026-04-01,2347,聯強,1.65,2584000,股
2026-04-01,6515,穎崴,1.5,25000,股
2026-04-01,2412,中華電,1.47,1329000,股
2026-04-01,3036,文曄,1.46,788000,股
2026-04-01,5274,信驊科技,1.4,15000,股
2026-04-01,2337,旺宏,1.35,1290000,股
2026-04-01,3044,健鼎科技,1.34,459000,股
2026-04-01,3533,嘉澤端子,1.33,76000,股
2026-04-01,2383,台光電子,1.32,56000,股
2026-04-01,1590,亞德客-KY,1.31,155000,股
2026-04-01,2344,華邦電子,1.3,1697000,股
2026-04-01,2345,智邦,1.3,95000,股
2026-04-01,2368,金像電子,1.3,167000,股
2026-04-01,3131,弘塑科技,1.3,54000,股
2026-04-01,6223,旺矽,1.3,40000,股
2026-04-01,2308,台達電子,1.29,106000,股
2026-04-01,2327,國巨*,1.29,622000,股
2026-04-01,2481,強茂,1.29,1764000,股
2026-04-01,2891,中信金,1.29,2904000,股
2026-04-01,5904,寶雅,1.29,309000,股
2026-04-01,2395,研華,1.28,469000,股
2026-04-01,2603,長榮海運,1.28,760000,股
2026-04-01,2606,裕民,1.28,2611000,股
2026-04-01,2882,國泰金,1.28,2156000,股
2026-04-01,2883,凱基金控,1.28,7853000,股
2026-04-01,2885,元大金,1.28,3306000,股
2026-04-01,3023,信邦,1.28,600000,股
2026-04-01,3264,欣銓,1.28,936000,股
2026-04-01,3293,鈊象,1.28,203000,股
2026-04-01,3583,辛耘,1.28,333000,股
2026-04-01,4904,遠傳,1.28,1658000,股
2026-04-01,4958,臻鼎-KY,1.28,706000,股
2026-04-01,6770,力積電,1.28,2824000,股
2026-04-01,1560,中砂,1.27,340000,股
2026-04-01,2360,致茂,1.27,96000,股
2026-04-01,2404,漢唐,1.27,185000,股
2026-04-01,3017,奇鋐,1.27,73000,股
2026-04-01,8996,高力,1.27,170000,股
2026-04-01,3481,群創光電,1.26,6093000,股
2026-04-01,1303,南亞,1.25,1931000,股
2026-04-01,6505,台塑石化,1.25,2731000,股
2026-04-01,7751,竑騰,1.25,100000,股
2026-04-01,202604TX,台指期貨,1.1,19,口
2026-04-01,6213,聯茂,0.62,460000,股
2026-04-01,3665,貿聯-KY,0.6,38000,股
2026-04-01,6805,富世達,0.51,32000,股
2026-04-01,2303,聯電,0.18,383000,股
2026-04-01,2454,聯發科,0.12,10000,股
2026-04-01,3167,大量,0.09,28000,股
2026-04-01,3491,昇達科技,0.05,4000,股
2026-04-01,6442,光聖,0.05,3000,股
2026-04-01,3715,定穎投控,0.03,20000,股
2026-04-01,6274,台燿,0.03,5000,股
2026-04-01,6285,啟碁科技,0.03,19000,股
2026-04-01,1815,富喬工業,0.02,30000,股
2026-04-01,2449,京元電子,0.02,9000,股
2026-04-01,3324,雙鴻科技,0.02,3000,股
2026-04-01,4722,國精化學,0.02,14000,股
2026-04-01,6290,良維,0.02,12000,股
2026-04-01,6446,藥華醫藥,0.02,4000,股
2026-04-01,8021,尖點,0.02,11000,股
2026-04-01,8358,金居開發,0.02,10000,股
2026-04-01,1519,華城,0.01,2000,股
2026-04-01,8299,群聯電子,0.01,1000,股
2026-04-02,3105,穩懋,8.29,2623000,股
2026-04-02,2330,台積電,8.1,532000,股
2026-04-02,3702,大聯大,8.1,10943000,股
2026-04-02,2313,華通,8.05,3680000,股
2026-04-02,3037,欣興,7.56,1730000,股
2026-04-02,2347,聯強,1.68,2584000,股
2026-04-02,5274,信驊科技,1.48,15000,股
2026-04-02,2481,強茂,1.41,1764000,股
2026-04-02,2337,旺宏,1.4,1290000,股
2026-04-02,3131,弘塑科技,1.4,54000,股
2026-04-02,7751,竑騰,1.4,100000,股
2026-04-02,6515,穎崴,1.39,25000,股
2026-04-02,2891,中信金,1.33,2904000,股
2026-04-02,6223,旺矽,1.33,42000,股
2026-04-02,2883,凱基金控,1.32,7853000,股
2026-04-02,3023,信邦,1.32,600000,股
2026-04-02,2383,台光電子,1.31,56000,股
2026-04-02,1303,南亞,1.3,2011000,股
2026-04-02,1590,亞德客-KY,1.3,155000,股
2026-04-02,2603,長榮海運,1.3,760000,股
2026-04-02,2882,國泰金,1.3,2156000,股
2026-04-02,2404,漢唐,1.29,185000,股
2026-04-02,2606,裕民,1.29,2611000,股
2026-04-02,3293,鈊象,1.29,203000,股
2026-04-02,3583,辛耘,1.29,333000,股
2026-04-02,4904,遠傳,1.29,1658000,股
2026-04-02,5904,寶雅,1.29,309000,股
2026-04-02,2308,台達電子,1.28,106000,股
2026-04-02,2344,華邦電子,1.28,1653000,股
2026-04-02,2395,研華,1.28,469000,股
2026-04-02,2412,中華電,1.28,1138000,股
2026-04-02,2885,元大金,1.28,3306000,股
2026-04-02,1560,中砂,1.27,340000,股
2026-04-02,2345,智邦,1.27,95000,股
2026-04-02,2368,金像電子,1.27,167000,股
2026-04-02,3017,奇鋐,1.27,73000,股
2026-04-02,3036,文曄,1.27,672000,股
2026-04-02,3264,欣銓,1.27,936000,股
2026-04-02,4958,臻鼎-KY,1.27,706000,股
2026-04-02,6770,力積電,1.27,2824000,股
2026-04-02,3044,健鼎科技,1.26,431000,股
2026-04-02,3481,群創光電,1.26,6093000,股
2026-04-02,6505,台塑石化,1.26,2731000,股
2026-04-02,2327,國巨*,1.24,598000,股
2026-04-02,2360,致茂,1.24,96000,股
2026-04-02,3533,嘉澤端子,1.24,72000,股
2026-04-02,8996,高力,1.24,170000,股
2026-04-02,3260,威剛科技,1.15,379000,股
2026-04-02,6213,聯茂,1.12,780000,股
2026-04-02,202604TX,台指期貨,1.11,19,口
2026-04-02,3665,貿聯-KY,1.11,69000,股
2026-04-02,6805,富世達,0.51,32000,股
2026-04-07,3037,欣興,8.39,1820000,股
2026-04-07,3105,穩懋,8.36,2503000,股
2026-04-07,2313,華通,8.21,3639000,股
2026-04-07,2330,台積電,8.12,532000,股
2026-04-07,3702,大聯大,7.89,10793000,股
2026-04-07,2347,聯強,1.65,2554000,股
2026-04-07,2481,強茂,1.5,1746000,股
2026-04-07,6515,穎崴,1.46,25000,股
2026-04-07,2337,旺宏,1.45,1290000,股
2026-04-07,3131,弘塑科技,1.4,54000,股
2026-04-07,3583,辛耘,1.37,329000,股
2026-04-07,6223,旺矽,1.35,42000,股
2026-04-07,1303,南亞,1.33,2011000,股
2026-04-07,5274,信驊科技,1.32,14000,股
2026-04-07,1560,中砂,1.31,336000,股
2026-04-07,2883,凱基金控,1.31,7761000,股
2026-04-07,2891,中信金,1.31,2868000,股
2026-04-07,2383,台光電子,1.3,55000,股
2026-04-07,3023,信邦,1.3,593000,股
2026-04-07,1590,亞德客-KY,1.29,153000,股
2026-04-07,2308,台達電子,1.29,104000,股
2026-04-07,4958,臻鼎-KY,1.29,698000,股
2026-04-07,2404,漢唐,1.28,182000,股
2026-04-07,2606,裕民,1.28,2611000,股
2026-04-07,3293,鈊象,1.27,200000,股
2026-04-07,2882,國泰金,1.26,2129000,股
2026-04-07,2885,元大金,1.26,3306000,股
2026-04-07,5904,寶雅,1.26,305000,股
2026-04-07,6505,台塑石化,1.26,2699000,股
2026-04-07,8996,高力,1.26,170000,股
2026-04-07,2368,金像電子,1.25,164000,股
2026-04-07,2603,長榮海運,1.25,750000,股
2026-04-07,3044,健鼎科技,1.25,425000,股
2026-04-07,4904,遠傳,1.25,1637000,股
2026-04-07,2327,國巨*,1.24,591000,股
2026-04-07,2412,中華電,1.24,1123000,股
2026-04-07,3036,文曄,1.24,664000,股
2026-04-07,6770,力積電,1.24,2792000,股
2026-04-07,2345,智邦,1.23,93000,股
2026-04-07,2395,研華,1.23,463000,股
2026-04-07,2360,致茂,1.21,94000,股
2026-04-07,2344,華邦電子,1.2,1632000,股
2026-04-07,3017,奇鋐,1.2,72000,股
2026-04-07,3264,欣銓,1.2,936000,股
2026-04-07,6213,聯茂,1.2,780000,股
2026-04-07,3481,群創光電,1.19,6016000,股
2026-04-07,3533,嘉澤端子,1.18,71000,股
2026-04-07,3260,威剛科技,1.13,379000,股
2026-04-07,3665,貿聯-KY,1.13,69000,股
2026-04-07,202604TX,台指期貨,1.1,19,口
2026-04-07,6805,富世達,0.49,32000,股
2026-04-08,3037,欣興,8.79,1782000,股
2026-04-08,3105,穩懋,8.58,2452000,股
2026-04-08,2330,台積電,8.06,520000,股
2026-04-08,2313,華通,7.76,3560000,股
2026-04-08,3702,大聯大,7.71,10558000,股
2026-04-08,2347,聯強,1.61,2499000,股
2026-04-08,6515,穎崴,1.55,25000,股
2026-04-08,2337,旺宏,1.54,1290000,股
2026-04-08,3583,辛耘,1.43,323000,股
2026-04-08,6223,旺矽,1.4,41000,股
2026-04-08,2481,強茂,1.39,1712000,股
2026-04-08,3131,弘塑科技,1.38,52000,股
2026-04-08,4958,臻鼎-KY,1.35,684000,股
2026-04-08,2308,台達電子,1.34,101000,股
2026-04-08,2383,台光電子,1.34,53000,股
2026-04-08,1303,南亞,1.33,1967000,股
2026-04-08,1560,中砂,1.31,329000,股
2026-04-08,5274,信驊科技,1.3,13000,股
2026-04-08,2883,凱基金控,1.29,7595000,股
2026-04-08,2404,漢唐,1.28,178000,股
2026-04-08,1590,亞德客-KY,1.27,149000,股
2026-04-08,2368,金像電子,1.27,160000,股
2026-04-08,2360,致茂,1.26,92000,股
2026-04-08,2891,中信金,1.26,2802000,股
2026-04-08,3023,信邦,1.26,580000,股
2026-04-08,2327,國巨*,1.25,578000,股
2026-04-08,2395,研華,1.25,452000,股
2026-04-08,6770,力積電,1.25,2736000,股
2026-04-08,3017,奇鋐,1.24,70000,股
2026-04-08,2606,裕民,1.23,2551000,股
2026-04-08,2345,智邦,1.22,90000,股
2026-04-08,2882,國泰金,1.22,2079000,股
2026-04-08,3044,健鼎科技,1.22,415000,股
2026-04-08,3481,群創光電,1.22,5880000,股
2026-04-08,3533,嘉澤端子,1.22,69000,股
2026-04-08,8996,高力,1.22,166000,股
2026-04-08,2344,華邦電子,1.21,1594000,股
2026-04-08,2885,元大金,1.21,3229000,股
2026-04-08,3036,文曄,1.2,648000,股
2026-04-08,3293,鈊象,1.2,195000,股
2026-04-08,5904,寶雅,1.2,298000,股
2026-04-08,3264,欣銓,1.19,913000,股
2026-04-08,4904,遠傳,1.19,1598000,股
2026-04-08,6213,聯茂,1.19,760000,股
2026-04-08,2603,長榮海運,1.18,732000,股
2026-04-08,2412,中華電,1.17,1096000,股
2026-04-08,3260,威剛科技,1.17,379000,股
2026-04-08,6505,台塑石化,1.14,2635000,股
2026-04-08,3665,貿聯-KY,1.07,67000,股
2026-04-08,202604TX,台指期貨,0.99,19,口
2026-04-08,6805,富世達,0.48,32000,股
2026-04-09,3037,欣興,8.85,1754000,股
2026-04-09,2330,台積電,8.43,533000,股
2026-04-09,2313,華通,7.95,3494000,股
2026-04-09,3702,大聯大,7.94,10748000,股
2026-04-09,3105,穩懋,7.88,2234000,股
2026-04-09,2337,旺宏,5.3,4618000,股
2026-04-09,6515,穎崴,1.62,25000,股
2026-04-09,2347,聯強,1.49,2265000,股
2026-04-09,6223,旺矽,1.3,36000,股
2026-04-09,3583,辛耘,1.28,259000,股
2026-04-09,3131,弘塑科技,1.27,48000,股
2026-04-09,1303,南亞,1.24,1795000,股
2026-04-09,6213,聯茂,1.23,701000,股
2026-04-09,2308,台達電子,1.22,92000,股
2026-04-09,2383,台光電子,1.22,47000,股
2026-04-09,5274,信驊科技,1.22,12000,股
2026-04-09,2481,強茂,1.21,1488000,股
2026-04-09,1560,中砂,1.2,291000,股
2026-04-09,4958,臻鼎-KY,1.2,561000,股
2026-04-09,1590,亞德客-KY,1.19,137000,股
2026-04-09,2368,金像電子,1.19,134000,股
2026-04-09,2883,凱基金控,1.19,6917000,股
2026-04-09,2891,中信金,1.18,2652000,股
2026-04-09,2360,致茂,1.16,78000,股
2026-04-09,2327,國巨*,1.15,506000,股
2026-04-09,2395,研華,1.15,409000,股
2026-04-09,2404,漢唐,1.15,157000,股
2026-04-09,2606,裕民,1.15,2344000,股
2026-04-09,2882,國泰金,1.15,1937000,股
2026-04-09,3023,信邦,1.15,521000,股
2026-04-09,2885,元大金,1.14,2930000,股
2026-04-09,3017,奇鋐,1.14,63000,股
2026-04-09,3481,群創光電,1.14,5243000,股
2026-04-09,8996,高力,1.14,140000,股
2026-04-09,2345,智邦,1.13,83000,股
2026-04-09,3044,健鼎科技,1.13,369000,股
2026-04-09,3264,欣銓,1.12,770000,股
2026-04-09,4904,遠傳,1.12,1451000,股
2026-04-09,2344,華邦電子,1.11,1507000,股
2026-04-09,3036,文曄,1.11,613000,股
2026-04-09,5904,寶雅,1.11,269000,股
2026-04-09,2412,中華電,1.1,1006000,股
2026-04-09,2603,長榮海運,1.1,672000,股
2026-04-09,3533,嘉澤端子,1.1,59000,股
2026-04-09,6770,力積電,1.1,2525000,股
2026-04-09,3293,鈊象,1.09,176000,股
2026-04-09,3665,貿聯-KY,1.09,63000,股
2026-04-09,3260,威剛科技,1.08,366000,股
2026-04-09,202604TX,台指期貨,1.0,19,口
2026-04-09,6805,富世達,0.74,50000,股
2026-04-09,6505,台塑石化,0.57,1333000,股
2026-04-10,3037,欣興,9.11,1775000,股
2026-04-10,2330,台積電,8.6,536000,股
2026-04-10,2337,旺宏,8.46,7218000,股
2026-04-10,2313,華通,8.32,3624000,股
2026-04-10,3702,大聯大,7.9,10763000,股
2026-04-10,3105,穩懋,7.29,1958000,股
2026-04-10,6515,穎崴,1.59,25000,股
2026-04-10,6213,聯茂,1.39,812000,股
2026-04-10,2347,聯強,1.3,2044000,股
2026-04-10,6223,旺矽,1.26,34000,股
2026-04-10,3583,辛耘,1.23,228000,股
2026-04-10,5274,信驊科技,1.21,12000,股
2026-04-10,2368,金像電子,1.17,134000,股
2026-04-10,3131,弘塑科技,1.17,46000,股
2026-04-10,3264,欣銓,1.17,773000,股
2026-04-10,4958,臻鼎-KY,1.17,551000,股
2026-04-10,8996,高力,1.17,140000,股
2026-04-10,1303,南亞,1.16,1769000,股
2026-04-10,2383,台光電子,1.15,42000,股
2026-04-10,202605TX,台指期貨,1.14,19,口
2026-04-10,2360,致茂,1.12,78000,股
2026-04-10,3665,貿聯-KY,1.11,63000,股
2026-04-10,1560,中砂,1.1,266000,股
2026-04-10,2308,台達電子,1.1,79000,股
2026-04-10,1590,亞德客-KY,1.09,122000,股
2026-04-10,3481,群創光電,1.09,5243000,股
2026-04-10,2327,國巨*,1.07,470000,股
2026-04-10,2883,凱基金控,1.06,6248000,股
2026-04-10,2606,裕民,1.05,2150000,股
2026-04-10,2885,元大金,1.05,2742000,股
2026-04-10,3044,健鼎科技,1.05,350000,股
2026-04-10,2395,研華,1.04,374000,股
2026-04-10,2882,國泰金,1.04,1782000,股
2026-04-10,3533,嘉澤端子,1.04,57000,股
2026-04-10,2345,智邦,1.03,70000,股
2026-04-10,2404,漢唐,1.03,138000,股
2026-04-10,2891,中信金,1.03,2373000,股
2026-04-10,3023,信邦,1.03,468000,股
2026-04-10,2481,強茂,1.02,1264000,股
2026-04-10,3017,奇鋐,1.02,56000,股
2026-04-10,4904,遠傳,1.02,1346000,股
2026-04-10,6805,富世達,1.02,68000,股
2026-04-10,2412,中華電,1.01,929000,股
2026-04-10,5904,寶雅,1.01,249000,股
2026-04-10,2603,長榮海運,1.0,617000,股
2026-04-10,2344,華邦電子,0.98,1310000,股
2026-04-10,3036,文曄,0.97,534000,股
2026-04-10,3260,威剛科技,0.95,318000,股
2026-04-10,3293,鈊象,0.95,154000,股
2026-04-10,6505,台塑石化,0.94,2248000,股
2026-04-13,3037,欣興,9.22,1802000,股
2026-04-13,2337,旺宏,8.6,7143000,股
2026-04-13,2330,台積電,8.04,495000,股
2026-04-13,2313,華通,7.67,3370000,股
2026-04-13,3702,大聯大,7.36,9329000,股
2026-04-13,6515,穎崴,7.34,105000,股
2026-04-13,3105,穩懋,6.96,1862000,股
2026-04-13,3583,辛耘,1.25,218000,股
2026-04-13,6213,聯茂,1.24,743000,股
2026-04-13,6223,旺矽,1.19,32000,股
2026-04-13,2347,聯強,1.17,1750000,股
2026-04-13,202605TX,台指期貨,1.14,19,口
2026-04-13,2383,台光電子,1.11,41000,股
2026-04-13,3264,欣銓,1.11,713000,股
2026-04-13,2368,金像電子,1.09,126000,股
2026-04-13,3665,貿聯-KY,1.09,60000,股
2026-04-13,5274,信驊科技,1.09,11000,股
2026-04-13,8996,高力,1.09,122000,股
2026-04-13,2308,台達電子,1.07,75000,股
2026-04-13,4958,臻鼎-KY,1.05,499000,股
2026-04-13,2345,智邦,1.04,70000,股
2026-04-13,1590,亞德客-KY,1.03,115000,股
2026-04-13,1560,中砂,1.02,241000,股
2026-04-13,3131,弘塑科技,1.02,36000,股
2026-04-13,1303,南亞,1.01,1442000,股
2026-04-13,2327,國巨*,1.0,402000,股
2026-04-13,2360,致茂,1.0,65000,股
2026-04-13,2404,漢唐,0.97,128000,股
2026-04-13,2606,裕民,0.97,1952000,股
2026-04-13,2883,凱基金控,0.97,5655000,股
2026-04-13,2395,研華,0.96,343000,股
2026-04-13,3481,群創光電,0.96,4457000,股
2026-04-13,3533,嘉澤端子,0.96,52000,股
2026-04-13,2481,強茂,0.95,1150000,股
2026-04-13,2885,元大金,0.95,2462000,股
2026-04-13,3017,奇鋐,0.95,53000,股
2026-04-13,3023,信邦,0.95,427000,股
2026-04-13,3044,健鼎科技,0.95,312000,股
2026-04-13,2882,國泰金,0.94,1605000,股
2026-04-13,2344,華邦電子,0.93,1211000,股
2026-04-13,4904,遠傳,0.93,1213000,股
2026-04-13,2412,中華電,0.92,840000,股
2026-04-13,2603,長榮海運,0.92,564000,股
2026-04-13,2891,中信金,0.92,2122000,股
2026-04-13,6805,富世達,0.92,64000,股
2026-04-13,5904,寶雅,0.91,221000,股
2026-04-13,3036,文曄,0.9,483000,股
2026-04-13,3293,鈊象,0.88,141000,股
2026-04-13,3260,威剛科技,0.87,292000,股
2026-04-13,6505,台塑石化,0.86,1903000,股
2026-04-14,2337,旺宏,9.07,7143000,股
2026-04-14,3037,欣興,8.77,1802000,股
2026-04-14,2330,台積電,8.29,495000,股
2026-04-14,3702,大聯大,7.34,9329000,股
2026-04-14,6515,穎崴,7.25,105000,股
2026-04-14,2313,華通,7.08,3370000,股
2026-04-14,3105,穩懋,6.94,1862000,股
2026-04-14,6213,聯茂,1.36,743000,股
2026-04-14,2383,台光電子,1.21,41000,股
2026-04-14,3583,辛耘,1.21,218000,股
2026-04-14,6223,旺矽,1.19,32000,股
2026-04-14,2368,金像電子,1.18,126000,股
2026-04-14,2347,聯強,1.17,1750000,股
2026-04-14,5274,信驊科技,1.17,11000,股
2026-04-14,202605TX,台指期貨,1.14,19,口
2026-04-14,3665,貿聯-KY,1.12,60000,股
2026-04-14,8996,高力,1.11,122000,股
2026-04-14,3264,欣銓,1.09,713000,股
2026-04-14,2345,智邦,1.08,70000,股
2026-04-14,2308,台達電子,1.07,75000,股
2026-04-14,1303,南亞,1.05,1442000,股
2026-04-14,1590,亞德客-KY,1.05,115000,股
2026-04-14,2327,國巨*,1.02,402000,股
2026-04-14,4958,臻鼎-KY,1.02,499000,股
2026-04-14,3017,奇鋐,1.0,53000,股
2026-04-14,1560,中砂,0.99,241000,股
2026-04-14,2885,元大金,0.99,2462000,股
2026-04-14,3481,群創光電,0.99,4457000,股
2026-04-14,2360,致茂,0.98,65000,股
2026-04-14,3044,健鼎科技,0.97,312000,股
2026-04-14,2395,研華,0.96,343000,股
2026-04-14,2404,漢唐,0.96,128000,股
2026-04-14,2606,裕民,0.96,1952000,股
2026-04-14,2883,凱基金控,0.96,5655000,股
2026-04-14,3131,弘塑科技,0.96,36000,股
2026-04-14,2882,國泰金,0.95,1605000,股
2026-04-14,3533,嘉澤端子,0.94,52000,股
2026-04-14,2481,強茂,0.93,1150000,股
2026-04-14,3023,信邦,0.93,427000,股
2026-04-14,4904,遠傳,0.93,1213000,股
2026-04-14,2344,華邦電子,0.92,1211000,股
2026-04-14,2412,中華電,0.92,840000,股
2026-04-14,2603,長榮海運,0.92,564000,股
2026-04-14,2891,中信金,0.92,2122000,股
2026-04-14,5904,寶雅,0.91,221000,股
2026-04-14,3036,文曄,0.9,483000,股
2026-04-14,3260,威剛科技,0.9,292000,股
2026-04-14,6805,富世達,0.9,64000,股
2026-04-14,3293,鈊象,0.87,141000,股
2026-04-14,6505,台塑石化,0.87,1903000,股
2026-04-15,3037,欣興,9.17,1802000,股
2026-04-15,2330,台積電,8.31,487000,股
2026-04-15,2337,旺宏,8.18,7029000,股
2026-04-15,6515,穎崴,7.66,103000,股
2026-04-15,3702,大聯大,7.35,9187000,股
2026-04-15,2313,華通,7.16,3322000,股
2026-04-15,3105,穩懋,6.71,1834000,股
2026-04-15,6213,聯茂,1.38,732000,股
2026-04-15,2383,台光電子,1.25,40000,股
2026-04-15,3583,辛耘,1.25,218000,股
2026-04-15,2368,金像電子,1.18,124000,股
2026-04-15,6223,旺矽,1.17,31000,股
2026-04-15,2347,聯強,1.16,1723000,股
2026-04-15,202605TX,台指期貨,1.14,19,口
2026-04-15,3665,貿聯-KY,1.14,59000,股
2026-04-15,5274,信驊科技,1.14,10000,股
2026-04-15,2345,智邦,1.11,69000,股
2026-04-15,1590,亞德客-KY,1.1,113000,股
2026-04-15,8996,高力,1.1,122000,股
2026-04-15,3264,欣銓,1.08,702000,股
2026-04-15,2308,台達電子,1.07,73000,股
2026-04-15,2360,致茂,1.06,64000,股
2026-04-15,2327,國巨*,1.04,395000,股
2026-04-15,1303,南亞,1.03,1419000,股
2026-04-15,1560,中砂,1.01,237000,股
2026-04-15,3044,健鼎科技,1.01,307000,股
2026-04-15,4958,臻鼎-KY,1.01,491000,股
2026-04-15,2885,元大金,1.0,2426000,股
2026-04-15,2606,裕民,0.99,1924000,股
2026-04-15,3017,奇鋐,0.99,52000,股
2026-04-15,3481,群創光電,0.99,4391000,股
2026-04-15,3533,嘉澤端子,0.99,51000,股
2026-04-15,2395,研華,0.96,338000,股
2026-04-15,6805,富世達,0.96,64000,股
2026-04-15,2882,國泰金,0.95,1581000,股
2026-04-15,2883,凱基金控,0.95,5571000,股
2026-04-15,2404,漢唐,0.94,126000,股
2026-04-15,2481,強茂,0.93,1133000,股
2026-04-15,4904,遠傳,0.93,1195000,股
2026-04-15,2412,中華電,0.92,827000,股
2026-04-15,2603,長榮海運,0.92,555000,股
2026-04-15,3023,信邦,0.92,420000,股
2026-04-15,3131,弘塑科技,0.92,35000,股
2026-04-15,2891,中信金,0.9,2090000,股
2026-04-15,3036,文曄,0.89,475000,股
2026-04-15,5904,寶雅,0.89,217000,股
2026-04-15,2344,華邦電子,0.88,1192000,股
2026-04-15,3260,威剛科技,0.87,287000,股
2026-04-15,3293,鈊象,0.85,138000,股
2026-04-15,6505,台塑石化,0.84,1872000,股
2026-04-16,3037,欣興,9.35,1802000,股
2026-04-16,2330,台積電,8.18,487000,股
2026-04-16,6515,穎崴,8.15,103000,股
2026-04-16,2337,旺宏,7.87,7029000,股
2026-04-16,3702,大聯大,7.27,9187000,股
2026-04-16,3105,穩懋,7.25,1834000,股
2026-04-16,2313,華通,6.96,3322000,股
2026-04-16,6213,聯茂,1.49,732000,股
2026-04-16,2383,台光電子,1.24,40000,股
2026-04-16,3583,辛耘,1.24,218000,股
2026-04-16,6223,旺矽,1.23,31000,股
2026-04-16,5274,信驊科技,1.17,10000,股
2026-04-16,2368,金像電子,1.16,124000,股
2026-04-16,202605TX,台指期貨,1.14,19,口
2026-04-16,2347,聯強,1.14,1723000,股
2026-04-16,3665,貿聯-KY,1.14,59000,股
2026-04-16,2345,智邦,1.13,69000,股
2026-04-16,1590,亞德客-KY,1.11,113000,股
2026-04-16,8996,高力,1.1,122000,股
2026-04-16,2308,台達電子,1.08,73000,股
2026-04-16,2360,致茂,1.06,64000,股
2026-04-16,1560,中砂,1.04,237000,股
2026-04-16,1303,南亞,1.03,1419000,股
2026-04-16,2327,國巨*,1.03,395000,股
2026-04-16,3533,嘉澤端子,1.03,51000,股
2026-04-16,3017,奇鋐,1.02,52000,股
2026-04-16,3044,健鼎科技,1.02,307000,股
2026-04-16,4958,臻鼎-KY,1.01,491000,股
2026-04-16,2606,裕民,0.99,1924000,股
2026-04-16,2885,元大金,0.99,2426000,股
2026-04-16,3264,欣銓,0.99,702000,股
2026-04-16,2481,強茂,0.98,1133000,股
2026-04-16,6805,富世達,0.98,64000,股
2026-04-16,2395,研華,0.97,338000,股
2026-04-16,3481,群創光電,0.96,4391000,股
2026-04-16,2404,漢唐,0.95,126000,股
2026-04-16,2883,凱基金控,0.95,5571000,股
2026-04-16,3023,信邦,0.95,420000,股
2026-04-16,2882,國泰金,0.94,1581000,股
2026-04-16,3131,弘塑科技,0.92,35000,股
2026-04-16,4904,遠傳,0.92,1195000,股
2026-04-16,2412,中華電,0.91,827000,股
2026-04-16,2603,長榮海運,0.9,555000,股
2026-04-16,2891,中信金,0.9,2090000,股
2026-04-16,3036,文曄,0.9,475000,股
2026-04-16,5904,寶雅,0.88,217000,股
2026-04-16,2344,華邦電子,0.86,1192000,股
2026-04-16,3293,鈊象,0.85,138000,股
2026-04-16,3260,威剛科技,0.83,287000,股
2026-04-16,6505,台塑石化,0.83,1872000,股
2026-04-17,3037,欣興,9.24,1802000,股
2026-04-17,6515,穎崴,8.45,103000,股
2026-04-17,2330,台積電,7.87,487000,股
2026-04-17,3105,穩懋,7.87,1834000,股
2026-04-17,2337,旺宏,7.33,7029000,股
2026-04-17,3702,大聯大,7.23,9187000,股
2026-04-17,2313,華通,6.92,3322000,股
2026-04-17,6213,聯茂,1.58,732000,股
2026-04-17,3583,辛耘,1.32,218000,股
2026-04-17,6223,旺矽,1.28,31000,股
2026-04-17,2383,台光電子,1.21,40000,股
2026-04-17,8996,高力,1.19,122000,股
2026-04-17,2368,金像電子,1.16,124000,股
2026-04-17,2347,聯強,1.15,1723000,股
2026-04-17,2360,致茂,1.15,64000,股
2026-04-17,202605TX,台指期貨,1.14,19,口
2026-04-17,2345,智邦,1.14,69000,股
2026-04-17,1590,亞德客-KY,1.13,113000,股
2026-04-17,3665,貿聯-KY,1.11,59000,股
2026-04-17,4958,臻鼎-KY,1.1,491000,股
2026-04-17,5274,信驊科技,1.1,10000,股
2026-04-17,2308,台達電子,1.07,73000,股
2026-04-17,2481,強茂,1.06,1133000,股
2026-04-17,2404,漢唐,1.03,126000,股
2026-04-17,1560,中砂,1.01,237000,股
2026-04-17,3044,健鼎科技,1.01,307000,股
2026-04-17,3533,嘉澤端子,1.01,51000,股
2026-04-17,2327,國巨*,1.0,395000,股
2026-04-17,2606,裕民,1.0,1924000,股
2026-04-17,1303,南亞,0.99,1419000,股
2026-04-17,2395,研華,0.99,338000,股
2026-04-17,3017,奇鋐,0.99,52000,股
2026-04-17,2885,元大金,0.97,2426000,股
2026-04-17,3264,欣銓,0.96,702000,股
2026-04-17,6805,富世達,0.95,64000,股
2026-04-17,2882,國泰金,0.94,1581000,股
2026-04-17,3023,信邦,0.94,420000,股
2026-04-17,2883,凱基金控,0.93,5571000,股
2026-04-17,4904,遠傳,0.93,1195000,股
2026-04-17,2412,中華電,0.91,827000,股
2026-04-17,3131,弘塑科技,0.91,35000,股
2026-04-17,3481,群創光電,0.91,4391000,股
2026-04-17,2603,長榮海運,0.88,555000,股
2026-04-17,2891,中信金,0.88,2090000,股
2026-04-17,5904,寶雅,0.88,217000,股
2026-04-17,3036,文曄,0.87,475000,股
2026-04-17,3293,鈊象,0.85,138000,股
2026-04-17,3260,威剛科技,0.84,287000,股
2026-04-17,2344,華邦電子,0.83,1192000,股
2026-04-17,6505,台塑石化,0.82,1872000,股
2026-04-20,3037,欣興,9.65,1802000,股
2026-04-20,6515,穎崴,8.75,103000,股
2026-04-20,3105,穩懋,8.55,1834000,股
2026-04-20,2330,台積電,7.76,487000,股
2026-04-20,3702,大聯大,7.27,9187000,股
2026-04-20,2337,旺宏,6.67,7029000,股
2026-04-20,2313,華通,6.55,3322000,股
2026-04-20,6213,聯茂,1.63,732000,股
2026-04-20,3583,辛耘,1.39,218000,股
2026-04-20,6223,旺矽,1.25,31000,股
2026-04-20,2383,台光電子,1.21,40000,股
2026-04-20,4958,臻鼎-KY,1.2,491000,股
2026-04-20,2368,金像電子,1.18,124000,股
2026-04-20,8996,高力,1.15,122000,股
2026-04-20,202605TX,台指期貨,1.14,19,口
2026-04-20,2347,聯強,1.14,1723000,股
2026-04-20,3665,貿聯-KY,1.14,59000,股
2026-04-20,5274,信驊科技,1.14,10000,股
2026-04-20,1590,亞德客-KY,1.13,113000,股
2026-04-20,2308,台達電子,1.09,73000,股
2026-04-20,2345,智邦,1.09,69000,股
2026-04-20,3533,嘉澤端子,1.05,51000,股
2026-04-20,3264,欣銓,1.04,702000,股
2026-04-20,2360,致茂,1.03,64000,股
2026-04-20,2404,漢唐,1.02,126000,股
2026-04-20,3017,奇鋐,1.02,52000,股
2026-04-20,1560,中砂,1.01,237000,股
2026-04-20,3044,健鼎科技,1.0,307000,股
2026-04-20,2327,國巨*,0.99,395000,股
2026-04-20,2481,強茂,0.98,1133000,股
2026-04-20,2885,元大金,0.98,2426000,股
2026-04-20,2395,研華,0.97,338000,股
2026-04-20,1303,南亞,0.96,1419000,股
2026-04-20,6805,富世達,0.95,64000,股
2026-04-20,2606,裕民,0.94,1924000,股
2026-04-20,2882,國泰金,0.93,1581000,股
2026-04-20,3023,信邦,0.92,420000,股
2026-04-20,4904,遠傳,0.92,1195000,股
2026-04-20,2883,凱基金控,0.91,5571000,股
2026-04-20,3481,群創光電,0.9,4391000,股
2026-04-20,2412,中華電,0.89,827000,股
2026-04-20,5904,寶雅,0.89,217000,股
2026-04-20,3131,弘塑科技,0.88,35000,股
2026-04-20,2891,中信金,0.87,2090000,股
2026-04-20,2603,長榮海運,0.86,555000,股
2026-04-20,3293,鈊象,0.85,138000,股
2026-04-20,3036,文曄,0.81,475000,股
2026-04-20,3260,威剛科技,0.81,287000,股
2026-04-20,2344,華邦電子,0.8,1192000,股
2026-04-20,6505,台塑石化,0.8,1872000,股
2026-04-21,3037,欣興,9.86,1802000,股
2026-04-21,3105,穩懋,8.74,1834000,股
2026-04-21,6515,穎崴,8.53,103000,股
2026-04-21,2330,台積電,7.71,487000,股
2026-04-21,3702,大聯大,7.28,9187000,股
2026-04-21,2337,旺宏,7.2,7029000,股
2026-04-21,2313,華通,6.53,3322000,股
2026-04-21,6213,聯茂,1.62,732000,股
2026-04-21,3583,辛耘,1.3,218000,股
2026-04-21,2383,台光電子,1.22,40000,股
2026-04-21,4958,臻鼎-KY,1.19,491000,股
2026-04-21,5274,信驊科技,1.18,10000,股
2026-04-21,6223,旺矽,1.18,31000,股
2026-04-21,2345,智邦,1.17,69000,股
2026-04-21,2368,金像電子,1.17,124000,股
2026-04-21,8996,高力,1.15,122000,股
2026-04-21,202605TX,台指期貨,1.14,19,口
2026-04-21,2308,台達電子,1.14,73000,股
2026-04-21,2347,聯強,1.13,1723000,股
2026-04-21,3264,欣銓,1.12,702000,股
2026-04-21,3665,貿聯-KY,1.11,59000,股
2026-04-21,1590,亞德客-KY,1.1,113000,股
2026-04-21,3044,健鼎科技,1.05,307000,股
2026-04-21,3533,嘉澤端子,1.04,51000,股
2026-04-21,3017,奇鋐,1.03,52000,股
2026-04-21,2360,致茂,1.0,64000,股
2026-04-21,2327,國巨*,0.99,395000,股
2026-04-21,1303,南亞,0.97,1419000,股
2026-04-21,1560,中砂,0.97,237000,股
2026-04-21,2404,漢唐,0.97,126000,股
2026-04-21,2481,強茂,0.97,1133000,股
2026-04-21,2885,元大金,0.96,2426000,股
2026-04-21,2395,研華,0.95,338000,股
2026-04-21,6805,富世達,0.95,64000,股
2026-04-21,2606,裕民,0.94,1924000,股
2026-04-21,2882,國泰金,0.92,1581000,股
2026-04-21,3023,信邦,0.92,420000,股
2026-04-21,5904,寶雅,0.91,217000,股
2026-04-21,2883,凱基金控,0.89,5571000,股
2026-04-21,3131,弘塑科技,0.89,35000,股
2026-04-21,2412,中華電,0.88,827000,股
2026-04-21,3481,群創光電,0.88,4391000,股
2026-04-21,4904,遠傳,0.88,1195000,股
2026-04-21,3260,威剛科技,0.87,287000,股
2026-04-21,2603,長榮海運,0.86,555000,股
2026-04-21,2891,中信金,0.86,2090000,股
2026-04-21,2344,華邦電子,0.84,1192000,股
2026-04-21,3293,鈊象,0.83,138000,股
2026-04-21,3036,文曄,0.8,475000,股
2026-04-21,6505,台塑石化,0.77,1872000,股
2026-04-22,3037,欣興,9.97,1802000,股
2026-04-22,6515,穎崴,8.52,103000,股
2026-04-22,3105,穩懋,8.48,1834000,股
2026-04-22,2330,台積電,7.69,487000,股
2026-04-22,2337,旺宏,7.29,7029000,股
2026-04-22,3702,大聯大,7.19,9187000,股
2026-04-22,2313,華通,6.32,3322000,股
2026-04-22,6213,聯茂,1.68,732000,股
2026-04-22,3583,辛耘,1.42,218000,股
2026-04-22,2383,台光電子,1.25,40000,股
2026-04-22,5274,信驊科技,1.24,10000,股
2026-04-22,2368,金像電子,1.19,124000,股
2026-04-22,4958,臻鼎-KY,1.19,491000,股
2026-04-22,2345,智邦,1.17,69000,股
2026-04-22,3665,貿聯-KY,1.16,59000,股
2026-04-22,1590,亞德客-KY,1.15,113000,股
2026-04-22,6223,旺矽,1.15,31000,股
2026-04-22,3264,欣銓,1.14,702000,股
2026-04-22,2308,台達電子,1.13,73000,股
2026-04-22,2347,聯強,1.12,1723000,股
2026-04-22,8996,高力,1.12,122000,股
2026-04-22,3044,健鼎科技,1.09,307000,股
2026-04-22,3017,奇鋐,1.08,52000,股
2026-04-22,3533,嘉澤端子,1.04,51000,股
2026-04-22,2360,致茂,1.0,64000,股
2026-04-22,1303,南亞,0.98,1419000,股
2026-04-22,1560,中砂,0.98,237000,股
2026-04-22,6805,富世達,0.98,64000,股
2026-04-22,202605TX,台指期貨,0.97,19,口
2026-04-22,2404,漢唐,0.97,126000,股
2026-04-22,2327,國巨*,0.96,395000,股
2026-04-22,2395,研華,0.94,338000,股
2026-04-22,2606,裕民,0.94,1924000,股
2026-04-22,2885,元大金,0.94,2426000,股
2026-04-22,3260,威剛科技,0.93,287000,股
2026-04-22,2882,國泰金,0.92,1581000,股
2026-04-22,3023,信邦,0.92,420000,股
2026-04-22,3131,弘塑科技,0.92,35000,股
2026-04-22,5904,寶雅,0.92,217000,股
2026-04-22,2481,強茂,0.9,1133000,股
2026-04-22,2883,凱基金控,0.89,5571000,股
2026-04-22,4904,遠傳,0.88,1195000,股
2026-04-22,2412,中華電,0.87,827000,股
2026-04-22,3481,群創光電,0.87,4391000,股
2026-04-22,2603,長榮海運,0.86,555000,股
2026-04-22,2891,中信金,0.86,2090000,股
2026-04-22,3293,鈊象,0.84,138000,股
2026-04-22,2344,華邦電子,0.83,1192000,股
2026-04-22,3036,文曄,0.78,475000,股
2026-04-22,6505,台塑石化,0.76,1872000,股
2026-04-23,3037,欣興,10.49,1802000,股
2026-04-23,6515,穎崴,8.68,101000,股
2026-04-23,3105,穩懋,8.12,1809000,股
2026-04-23,2330,台積電,8.02,481000,股
2026-04-23,2337,旺宏,7.01,6941000,股
2026-04-23,3702,大聯大,6.99,9065000,股
2026-04-23,2313,華通,5.84,3277000,股
2026-04-23,6213,聯茂,1.61,732000,股
2026-04-23,3583,辛耘,1.56,218000,股
2026-04-23,2383,台光電子,1.28,39000,股
2026-04-23,3665,貿聯-KY,1.28,58000,股
2026-04-23,4958,臻鼎-KY,1.26,485000,股
2026-04-23,2368,金像電子,1.24,122000,股
2026-04-23,1590,亞德客-KY,1.23,111000,股
2026-04-23,8996,高力,1.18,122000,股
2026-04-23,6223,旺矽,1.15,30000,股
2026-04-23,202605TX,台指期貨,1.14,19,口
2026-04-23,2308,台達電子,1.14,72000,股
2026-04-23,2345,智邦,1.13,68000,股
2026-04-23,5274,信驊科技,1.13,9000,股
2026-04-23,2347,聯強,1.12,1700000,股
2026-04-23,3044,健鼎科技,1.12,303000,股
2026-04-23,3017,奇鋐,1.1,51000,股
2026-04-23,3264,欣銓,1.1,693000,股
2026-04-23,3533,嘉澤端子,0.99,50000,股
2026-04-23,1560,中砂,0.98,234000,股
2026-04-23,2360,致茂,0.98,63000,股
2026-04-23,2404,漢唐,0.97,124000,股
2026-04-23,1303,南亞,0.96,1400000,股
2026-04-23,2885,元大金,0.96,2396000,股
2026-04-23,6805,富世達,0.96,63000,股
2026-04-23,2395,研華,0.95,333000,股
2026-04-23,2882,國泰金,0.94,1562000,股
2026-04-23,2606,裕民,0.93,1900000,股
2026-04-23,2327,國巨*,0.92,389000,股
2026-04-23,3023,信邦,0.92,414000,股
2026-04-23,4904,遠傳,0.91,1180000,股
2026-04-23,5904,寶雅,0.91,214000,股
2026-04-23,2481,強茂,0.9,1118000,股
2026-04-23,3260,威剛科技,0.9,283000,股
2026-04-23,2412,中華電,0.89,817000,股
2026-04-23,2883,凱基金控,0.89,5503000,股
2026-04-23,2603,長榮海運,0.88,548000,股
2026-04-23,2891,中信金,0.87,2065000,股
2026-04-23,3131,弘塑科技,0.86,34000,股
2026-04-23,3481,群創光電,0.84,4334000,股
2026-04-23,2344,華邦電子,0.83,1176000,股
2026-04-23,3293,鈊象,0.83,136000,股
2026-04-23,3036,文曄,0.77,468000,股
2026-04-23,6505,台塑石化,0.77,1848000,股
2026-04-24,3037,欣興,11.46,1802000,股
2026-04-24,2330,台積電,8.3,474000,股
2026-04-24,6515,穎崴,7.98,99000,股
2026-04-24,3105,穩懋,7.82,1784000,股
2026-04-24,2337,旺宏,7.25,6853000,股
2026-04-24,3702,大聯大,6.95,8941000,股
2026-04-24,2313,華通,5.56,3232000,股
2026-04-24,6213,聯茂,1.62,732000,股
2026-04-24,3583,辛耘,1.42,218000,股
2026-04-24,2383,台光電子,1.36,38000,股
2026-04-24,2368,金像電子,1.34,120000,股
2026-04-24,4958,臻鼎-KY,1.33,479000,股
2026-04-24,3665,貿聯-KY,1.26,57000,股
2026-04-24,1590,亞德客-KY,1.19,109000,股
2026-04-24,2308,台達電子,1.18,71000,股
2026-04-24,3017,奇鋐,1.18,50000,股
2026-04-24,2345,智邦,1.15,67000,股
2026-04-24,3044,健鼎科技,1.15,299000,股
2026-04-24,3264,欣銓,1.15,684000,股
2026-04-24,202605TX,台指期貨,1.14,19,口
2026-04-24,2347,聯強,1.11,1676000,股
2026-04-24,8996,高力,1.1,122000,股
2026-04-24,6223,旺矽,1.08,29000,股
2026-04-24,5274,信驊科技,1.05,8000,股
2026-04-24,1560,中砂,0.99,230000,股
2026-04-24,3533,嘉澤端子,0.99,49000,股
2026-04-24,2404,漢唐,0.97,122000,股
2026-04-24,1303,南亞,0.95,1380000,股
2026-04-24,2360,致茂,0.95,62000,股
2026-04-24,2885,元大金,0.95,2364000,股
2026-04-24,3023,信邦,0.95,408000,股
2026-04-24,6805,富世達,0.95,62000,股
2026-04-24,2395,研華,0.93,328000,股
2026-04-24,2882,國泰金,0.93,1541000,股
2026-04-24,2327,國巨*,0.91,383000,股
2026-04-24,2606,裕民,0.91,1874000,股
2026-04-24,5904,寶雅,0.91,211000,股
2026-04-24,4904,遠傳,0.9,1164000,股
2026-04-24,3260,威剛科技,0.89,279000,股
2026-04-24,2412,中華電,0.88,806000,股
2026-04-24,2481,強茂,0.88,1103000,股
2026-04-24,2883,凱基金控,0.88,5430000,股
2026-04-24,2603,長榮海運,0.87,540000,股
2026-04-24,2891,中信金,0.86,2038000,股
2026-04-24,3131,弘塑科技,0.83,33000,股
2026-04-24,2344,華邦電子,0.82,1160000,股
2026-04-24,3293,鈊象,0.81,134000,股
2026-04-24,3481,群創光電,0.8,4274000,股
2026-04-24,6505,台塑石化,0.75,1822000,股
2026-04-24,3036,文曄,0.74,461000,股
2026-04-27,3037,欣興,12.25,1802000,股
2026-04-27,2330,台積電,8.52,466000,股
2026-04-27,2337,旺宏,7.89,6741000,股
2026-04-27,6515,穎崴,7.42,96000,股
2026-04-27,3105,穩懋,7.09,1784000,股
2026-04-27,3702,大聯大,6.76,8773000,股
2026-04-27,2313,華通,6.04,3179000,股
2026-04-27,6213,聯茂,1.57,732000,股
2026-04-27,2383,台光電子,1.41,37000,股
2026-04-27,4958,臻鼎-KY,1.36,470000,股
2026-04-27,2368,金像電子,1.34,117000,股
2026-04-27,3583,辛耘,1.29,218000,股
2026-04-27,1590,亞德客-KY,1.22,107000,股
2026-04-27,3665,貿聯-KY,1.17,55000,股
2026-04-27,3044,健鼎科技,1.15,293000,股
2026-04-27,202605TX,台指期貨,1.14,19,口
2026-04-27,2345,智邦,1.14,65000,股
2026-04-27,2308,台達電子,1.12,69000,股
2026-04-27,3017,奇鋐,1.12,49000,股
2026-04-27,6223,旺矽,1.1,28000,股
2026-04-27,2347,聯強,1.06,1644000,股
2026-04-27,3264,欣銓,1.05,670000,股
2026-04-27,3533,嘉澤端子,1.05,48000,股
2026-04-27,8996,高力,1.05,122000,股
2026-04-27,6805,富世達,1.02,61000,股
2026-04-27,3260,威剛科技,0.97,274000,股
2026-04-27,1303,南亞,0.96,1354000,股
2026-04-27,1560,中砂,0.95,225000,股
2026-04-27,2885,元大金,0.95,2322000,股
2026-04-27,2395,研華,0.94,322000,股
2026-04-27,2360,致茂,0.93,60000,股
2026-04-27,2404,漢唐,0.93,119000,股
2026-04-27,2327,國巨*,0.92,375000,股
2026-04-27,2882,國泰金,0.91,1513000,股
2026-04-27,2481,強茂,0.9,1083000,股
2026-04-27,2606,裕民,0.9,1840000,股
2026-04-27,5274,信驊科技,0.9,7000,股
2026-04-27,3023,信邦,0.89,400000,股
2026-04-27,4904,遠傳,0.89,1143000,股
2026-04-27,2883,凱基金控,0.88,5334000,股
2026-04-27,2412,中華電,0.87,791000,股
2026-04-27,5904,寶雅,0.87,207000,股
2026-04-27,2344,華邦電子,0.86,1140000,股
2026-04-27,2603,長榮海運,0.85,530000,股
2026-04-27,2891,中信金,0.85,2002000,股
2026-04-27,3481,群創光電,0.82,4199000,股
2026-04-27,3293,鈊象,0.79,131000,股
2026-04-27,6505,台塑石化,0.75,1788000,股
2026-04-27,3131,弘塑科技,0.74,32000,股
2026-04-27,3036,文曄,0.73,452000,股
2026-04-28,2337,旺宏,8.55,6741000,股
2026-04-28,2330,台積電,8.27,469000,股
2026-04-28,6515,穎崴,7.35,91000,股
2026-04-28,3037,欣興,6.91,1052000,股
2026-04-28,3105,穩懋,5.91,1486000,股
2026-04-28,3702,大聯大,5.8,7318000,股
2026-04-28,2383,台光電子,4.08,117000,股
2026-04-28,3189,景碩科技,3.92,968000,股
2026-04-28,2313,華通,3.62,1898000,股
2026-04-28,7751,竑騰,3.24,150000,股
2026-04-28,6584,南俊國際,1.54,273000,股
2026-04-28,6213,聯茂,1.48,732000,股
2026-04-28,4958,臻鼎-KY,1.19,379000,股
2026-04-28,2368,金像電子,1.16,105000,股
2026-04-28,202605TX,台指期貨,1.14,19,口
2026-04-28,8996,高力,1.14,122000,股
2026-04-28,1590,亞德客-KY,1.13,101000,股
2026-04-28,6805,富世達,1.1,66000,股
2026-04-28,3260,威剛科技,1.09,282000,股
2026-04-28,6223,旺矽,1.09,28000,股
2026-04-28,2345,智邦,1.08,59000,股
2026-04-28,3044,健鼎科技,1.08,300000,股
2026-04-28,3533,嘉澤端子,1.08,51000,股
2026-04-28,2308,台達電子,1.07,63000,股
2026-04-28,3665,貿聯-KY,1.07,51000,股
2026-04-28,3017,奇鋐,1.04,47000,股
2026-04-28,5274,信驊科技,1.03,8000,股
2026-04-28,2883,凱基金控,1.01,5928000,股
2026-04-28,1303,南亞,0.99,1393000,股
2026-04-28,2360,致茂,0.99,60000,股
2026-04-28,3264,欣銓,0.99,628000,股
2026-04-28,2327,國巨*,0.98,378000,股
2026-04-28,1560,中砂,0.97,229000,股
2026-04-28,2404,漢唐,0.95,123000,股
2026-04-28,2606,裕民,0.94,1951000,股
2026-04-28,3036,文曄,0.87,526000,股
2026-04-28,5289,宜鼎國際,0.57,55000,股
2026-04-28,2347,聯強,0.53,809000,股
2026-04-28,7769,鴻勁,0.53,13000,股
2026-04-28,8046,南電,0.52,70000,股
2026-04-28,1815,富喬工業,0.51,565000,股
2026-04-28,4749,新應材,0.51,65000,股
2026-04-28,6285,啟碁科技,0.51,295000,股
2026-04-28,2027,大成鋼,0.5,1664000,股
2026-04-28,2049,上銀科技,0.5,209000,股
2026-04-28,2454,聯發科,0.5,24000,股
2026-04-28,2610,華航,0.5,3472000,股
2026-04-28,3491,昇達科技,0.5,39000,股
2026-04-28,5234,達興材料,0.5,147000,股
2026-04-28,6669,緯穎,0.5,13000,股
2026-04-28,2618,長榮航,0.49,1841000,股
2026-04-28,2885,元大金,0.48,1143000,股
2026-04-28,8210,勤誠興業,0.48,51000,股
2026-04-28,2395,研華,0.47,161000,股
2026-04-28,3023,信邦,0.46,210000,股
2026-04-28,2481,強茂,0.45,570000,股
2026-04-28,4904,遠傳,0.44,586000,股
2026-04-29,2337,旺宏,9.51,7020000,股
2026-04-29,6515,穎崴,7.93,96000,股
2026-04-29,2330,台積電,7.9,447000,股
2026-04-29,3189,景碩科技,7.8,1894000,股
2026-04-29,3702,大聯大,5.24,6340000,股
2026-04-29,3105,穩懋,4.84,1189000,股
2026-04-29,2383,台光電子,4.32,120000,股
2026-04-29,6584,南俊國際,3.14,548000,股
2026-04-29,7751,竑騰,3.08,150000,股
2026-04-29,3037,欣興,1.78,273000,股
2026-04-29,6213,聯茂,1.5,732000,股
2026-04-29,5289,宜鼎國際,1.22,114000,股
2026-04-29,5274,信驊科技,1.21,9000,股
2026-04-29,2883,凱基金控,1.2,6826000,股
2026-04-29,3260,威剛科技,1.18,319000,股
2026-04-29,202605TX,台指期貨,1.14,19,口
2026-04-29,4958,臻鼎-KY,1.13,364000,股
2026-04-29,2313,華通,1.12,602000,股
2026-04-29,2345,智邦,1.11,62000,股
2026-04-29,6805,富世達,1.11,66000,股
2026-04-29,2327,國巨*,1.1,422000,股
2026-04-29,2360,致茂,1.1,66000,股
2026-04-29,7769,鴻勁,1.1,26000,股
2026-04-29,2308,台達電子,1.09,62000,股
2026-04-29,2454,聯發科,1.09,52000,股
2026-04-29,6223,旺矽,1.08,27000,股
2026-04-29,8046,南電,1.08,145000,股
2026-04-29,2027,大成鋼,1.06,3389000,股
2026-04-29,3036,文曄,1.06,645000,股
2026-04-29,1303,南亞,1.05,1407000,股
2026-04-29,1590,亞德客-KY,1.05,87000,股
2026-04-29,1815,富喬工業,1.05,1169000,股
2026-04-29,2049,上銀科技,1.05,418000,股
2026-04-29,3533,嘉澤端子,1.05,49000,股
2026-04-29,6285,啟碁科技,1.05,606000,股
2026-04-29,4749,新應材,1.04,127000,股
2026-04-29,5234,達興材料,1.04,278000,股
2026-04-29,2610,華航,1.03,7005000,股
2026-04-29,3491,昇達科技,1.03,82000,股
2026-04-29,6669,緯穎,1.02,26000,股
2026-04-29,1560,中砂,1.01,240000,股
2026-04-29,2606,裕民,1.01,2050000,股
2026-04-29,2368,金像電子,1.0,91000,股
2026-04-29,2618,長榮航,1.0,3621000,股
2026-04-29,2404,漢唐,0.99,127000,股
2026-04-29,3665,貿聯-KY,0.99,44000,股
2026-04-29,3044,健鼎科技,0.96,261000,股
2026-04-29,8210,勤誠興業,0.96,106000,股
2026-04-29,3264,欣銓,0.95,590000,股
2026-04-29,3017,奇鋐,0.94,41000,股
2026-04-30,2337,旺宏,9.01,7110000,股
2026-04-30,3189,景碩科技,8.25,1894000,股
2026-04-30,6515,穎崴,8.22,96000,股
2026-04-30,2330,台積電,7.75,440000,股
2026-04-30,3702,大聯大,5.28,6340000,股
2026-04-30,3105,穩懋,4.87,1101000,股
2026-04-30,2383,台光電子,4.39,117000,股
2026-04-30,6584,南俊國際,3.12,558000,股
2026-04-30,7751,竑騰,2.99,150000,股
2026-04-30,3037,欣興,1.75,240000,股
2026-04-30,6213,聯茂,1.63,732000,股
2026-04-30,2883,凱基金控,1.22,6899000,股
2026-04-30,5274,信驊科技,1.22,9000,股
2026-04-30,5289,宜鼎國際,1.21,118000,股
2026-04-30,8046,南電,1.2,145000,股
2026-04-30,202605TX,台指期貨,1.14,19,口
2026-04-30,7769,鴻勁,1.14,28000,股
2026-04-30,6805,富世達,1.13,66000,股
2026-04-30,2360,致茂,1.12,64000,股
2026-04-30,2454,聯發科,1.12,52000,股
2026-04-30,3260,威剛科技,1.12,311000,股
2026-04-30,4958,臻鼎-KY,1.12,322000,股
2026-04-30,6223,旺矽,1.1,27000,股
2026-04-30,1303,南亞,1.09,1469000,股
2026-04-30,2313,華通,1.09,540000,股
2026-04-30,2327,國巨*,1.09,417000,股
2026-04-30,5234,達興材料,1.09,296000,股
2026-04-30,2049,上銀科技,1.08,418000,股
2026-04-30,6285,啟碁科技,1.08,606000,股
2026-04-30,2027,大成鋼,1.07,3425000,股
2026-04-30,2308,台達電子,1.07,60000,股
2026-04-30,3533,嘉澤端子,1.06,49000,股
2026-04-30,1815,富喬工業,1.05,1169000,股
2026-04-30,2345,智邦,1.05,56000,股
2026-04-30,3491,昇達科技,1.05,82000,股
2026-04-30,4749,新應材,1.05,127000,股
2026-04-30,1590,亞德客-KY,1.04,87000,股
2026-04-30,6669,緯穎,1.04,27000,股
2026-04-30,2610,華航,1.03,7005000,股
2026-04-30,2606,裕民,1.02,2032000,股
2026-04-30,3036,文曄,1.02,607000,股
2026-04-30,2618,長榮航,1.01,3637000,股
2026-04-30,3665,貿聯-KY,1.01,44000,股
2026-04-30,2368,金像電子,1.0,87000,股
2026-04-30,8210,勤誠興業,0.99,106000,股
2026-04-30,1560,中砂,0.98,220000,股
2026-04-30,2404,漢唐,0.98,125000,股
2026-04-30,3044,健鼎科技,0.97,261000,股
2026-04-30,3017,奇鋐,0.96,41000,股
2026-04-30,3264,欣銓,0.95,590000,股
2026-05-04,2337,旺宏,8.87,7110000,股
2026-05-04,6515,穎崴,8.04,93000,股
2026-05-04,3189,景碩科技,7.97,1859000,股
2026-05-04,2330,台積電,7.7,419000,股
2026-05-04,3702,大聯大,5.29,6264000,股
2026-05-04,3105,穩懋,4.66,1101000,股
2026-05-04,2383,台光電子,4.49,117000,股
2026-05-04,7751,竑騰,3.22,150000,股
2026-05-04,6584,南俊國際,2.94,541000,股
2026-05-04,3037,欣興,1.77,240000,股
2026-05-04,6213,聯茂,1.71,732000,股
2026-05-04,5274,信驊科技,1.28,9000,股
2026-05-04,2883,凱基金控,1.19,6899000,股
2026-05-04,2313,華通,1.16,533000,股
2026-05-04,2360,致茂,1.16,62000,股
2026-05-04,5289,宜鼎國際,1.15,110000,股
2026-05-04,8046,南電,1.15,145000,股
2026-05-04,202605TX,台指期貨,1.14,19,口
2026-05-04,6805,富世達,1.13,63000,股
2026-05-04,4958,臻鼎-KY,1.12,322000,股
2026-05-04,2345,智邦,1.11,55000,股
2026-05-04,2327,國巨*,1.09,393000,股
2026-05-04,2454,聯發科,1.09,47000,股
2026-05-04,3260,威剛科技,1.09,306000,股
2026-05-04,7769,鴻勁,1.09,25000,股
2026-05-04,2049,上銀科技,1.08,418000,股
2026-05-04,2308,台達電子,1.08,60000,股
2026-05-04,6223,旺矽,1.08,26000,股
2026-05-04,4749,新應材,1.06,127000,股
2026-05-04,6669,緯穎,1.06,27000,股
2026-05-04,6285,啟碁科技,1.05,572000,股
2026-05-04,1303,南亞,1.04,1463000,股
2026-05-04,2027,大成鋼,1.04,3410000,股
2026-05-04,3665,貿聯-KY,1.04,44000,股
2026-05-04,5234,達興材料,1.04,296000,股
2026-05-04,1590,亞德客-KY,1.03,87000,股
2026-05-04,3036,文曄,1.03,607000,股
2026-05-04,3533,嘉澤端子,1.03,49000,股
2026-05-04,1815,富喬工業,1.01,1146000,股
2026-05-04,2368,金像電子,1.01,87000,股
2026-05-04,2610,華航,1.01,6943000,股
2026-05-04,2606,裕民,1.0,1988000,股
2026-05-04,1560,中砂,0.99,220000,股
2026-05-04,2618,長榮航,0.99,3637000,股
2026-05-04,3491,昇達科技,0.99,72000,股
2026-05-04,2404,漢唐,0.96,122000,股
2026-05-04,3017,奇鋐,0.96,41000,股
2026-05-04,3044,健鼎科技,0.95,253000,股
2026-05-04,8210,勤誠興業,0.95,102000,股
2026-05-04,3264,欣銓,0.93,539000,股
2026-05-04,6274,台燿,0.4,45000,股
2026-05-05,2337,旺宏,9.21,7110000,股
2026-05-05,3189,景碩科技,7.88,1859000,股
2026-05-05,2330,台積電,7.58,419000,股
2026-05-05,6515,穎崴,7.52,93000,股
2026-05-05,3702,大聯大,5.16,6264000,股
2026-05-05,3105,穩懋,4.92,1101000,股
2026-05-05,2383,台光電子,4.45,117000,股
2026-05-05,7751,竑騰,3.2,150000,股
2026-05-05,6584,南俊國際,3.11,541000,股
2026-05-05,3037,欣興,1.74,240000,股
2026-05-05,6213,聯茂,1.67,732000,股
2026-05-05,5274,信驊科技,1.29,9000,股
2026-05-05,5289,宜鼎國際,1.26,110000,股
2026-05-05,2883,凱基金控,1.21,6899000,股
2026-05-05,2454,聯發科,1.19,47000,股
2026-05-05,2313,華通,1.18,533000,股
2026-05-05,8046,南電,1.16,145000,股
2026-05-05,202605TX,台指期貨,1.14,19,口
2026-05-05,7769,鴻勁,1.13,25000,股
2026-05-05,1303,南亞,1.11,1463000,股
2026-05-05,2360,致茂,1.11,62000,股
2026-05-05,2327,國巨*,1.1,393000,股
2026-05-05,2345,智邦,1.1,55000,股
2026-05-05,3260,威剛科技,1.1,306000,股
2026-05-05,4958,臻鼎-KY,1.1,322000,股
2026-05-05,2049,上銀科技,1.08,418000,股
2026-05-05,1815,富喬工業,1.07,1146000,股
2026-05-05,6285,啟碁科技,1.07,572000,股
2026-05-05,6223,旺矽,1.05,26000,股
2026-05-05,2027,大成鋼,1.04,3410000,股
2026-05-05,2308,台達電子,1.04,60000,股
2026-05-05,2368,金像電子,1.04,87000,股
2026-05-05,8210,勤誠興業,1.04,102000,股
2026-05-05,6669,緯穎,1.03,27000,股
2026-05-05,3036,文曄,1.02,607000,股
2026-05-05,3264,欣銓,1.02,539000,股
2026-05-05,3665,貿聯-KY,1.02,44000,股
2026-05-05,5234,達興材料,1.02,296000,股
2026-05-05,1560,中砂,1.01,220000,股
2026-05-05,1590,亞德客-KY,1.01,87000,股
2026-05-05,2610,華航,1.01,6943000,股
2026-05-05,6805,富世達,1.01,63000,股
2026-05-05,2606,裕民,1.0,1988000,股
2026-05-05,4749,新應材,1.0,127000,股
2026-05-05,2618,長榮航,0.99,3637000,股
2026-05-05,3044,健鼎科技,0.99,253000,股
2026-05-05,3491,昇達科技,0.98,72000,股
2026-05-05,3533,嘉澤端子,0.98,49000,股
2026-05-05,2404,漢唐,0.96,122000,股
2026-05-05,3017,奇鋐,0.89,41000,股
2026-05-05,6274,台燿,0.44,45000,股
2026-05-06,2337,旺宏,9.89,7009000,股
2026-05-06,2330,台積電,7.61,412000,股
2026-05-06,6515,穎崴,7.57,91000,股
2026-05-06,3189,景碩科技,7.24,1828000,股
2026-05-06,3702,大聯大,5.27,6169000,股
2026-05-06,2383,台光電子,4.67,115000,股
2026-05-06,3105,穩懋,4.44,1081000,股
2026-05-06,6584,南俊國際,3.11,532000,股
2026-05-06,7751,竑騰,2.94,150000,股
2026-05-06,6213,聯茂,1.71,732000,股
2026-05-06,3037,欣興,1.66,235000,股
2026-05-06,5289,宜鼎國際,1.31,108000,股
2026-05-06,2454,聯發科,1.3,46000,股
2026-05-06,2883,凱基金控,1.24,6798000,股
2026-05-06,5274,信驊科技,1.23,8000,股
2026-05-06,2360,致茂,1.17,61000,股
2026-05-06,202605TX,台指期貨,1.14,19,口
2026-05-06,3260,威剛科技,1.14,301000,股
2026-05-06,7769,鴻勁,1.12,24000,股
2026-05-06,1303,南亞,1.11,1441000,股
2026-05-06,2345,智邦,1.1,54000,股
2026-05-06,8046,南電,1.1,142000,股
2026-05-06,8210,勤誠興業,1.09,100000,股
2026-05-06,3533,嘉澤端子,1.08,48000,股
2026-05-06,6285,啟碁科技,1.08,563000,股
2026-05-06,2308,台達電子,1.07,59000,股
2026-05-06,2313,華通,1.07,523000,股
2026-05-06,2327,國巨*,1.07,386000,股
2026-05-06,4958,臻鼎-KY,1.07,316000,股
2026-05-06,2027,大成鋼,1.06,3360000,股
2026-05-06,2049,上銀科技,1.06,411000,股
2026-05-06,6669,緯穎,1.06,26000,股
2026-05-06,1815,富喬工業,1.05,1128000,股
2026-05-06,3036,文曄,1.05,597000,股
2026-05-06,4749,新應材,1.04,125000,股
2026-05-06,2606,裕民,1.03,1958000,股
2026-05-06,6274,台燿,1.03,95000,股
2026-05-06,1560,中砂,1.02,216000,股
2026-05-06,6223,旺矽,1.02,25000,股
2026-05-06,2368,金像電子,1.01,85000,股
2026-05-06,2610,華航,1.01,6838000,股
2026-05-06,1590,亞德客-KY,1.0,85000,股
2026-05-06,2618,長榮航,1.0,3582000,股
2026-05-06,3044,健鼎科技,1.0,249000,股
2026-05-06,5234,達興材料,0.99,291000,股
2026-05-06,3264,欣銓,0.98,529000,股
2026-05-06,2404,漢唐,0.97,120000,股
2026-05-06,3665,貿聯-KY,0.97,43000,股
2026-05-06,6805,富世達,0.94,61000,股
2026-05-06,3491,昇達科技,0.93,70000,股
2026-05-06,3017,奇鋐,0.8,40000,股
2026-05-07,2337,旺宏,9.42,7009000,股
2026-05-07,2330,台積電,7.79,412000,股
2026-05-07,3189,景碩科技,7.37,1828000,股
2026-05-07,6515,穎崴,7.34,91000,股
2026-05-07,3702,大聯大,5.23,6169000,股
2026-05-07,2383,台光電子,4.67,115000,股
2026-05-07,3105,穩懋,4.42,1081000,股
2026-05-07,6584,南俊國際,3.1,532000,股
2026-05-07,7751,竑騰,2.65,150000,股
2026-05-07,6213,聯茂,1.79,732000,股
2026-05-07,3037,欣興,1.72,235000,股
2026-05-07,5289,宜鼎國際,1.39,108000,股
2026-05-07,2454,聯發科,1.29,46000,股
2026-05-07,2883,凱基金控,1.25,6798000,股
2026-05-07,6285,啟碁科技,1.18,563000,股
2026-05-07,2327,國巨*,1.17,386000,股
2026-05-07,5274,信驊科技,1.17,8000,股
2026-05-07,2360,致茂,1.16,61000,股
2026-05-07,7769,鴻勁,1.15,24000,股
2026-05-07,202605TX,台指期貨,1.14,19,口
2026-05-07,3260,威剛科技,1.14,301000,股
2026-05-07,2345,智邦,1.13,54000,股
2026-05-07,3533,嘉澤端子,1.12,48000,股
2026-05-07,6274,台燿,1.12,95000,股
2026-05-07,2308,台達電子,1.1,59000,股
2026-05-07,4958,臻鼎-KY,1.1,316000,股
2026-05-07,8046,南電,1.1,142000,股
2026-05-07,2027,大成鋼,1.08,3360000,股
2026-05-07,3264,欣銓,1.08,529000,股
2026-05-07,1303,南亞,1.07,1441000,股
2026-05-07,2049,上銀科技,1.07,411000,股
2026-05-07,2313,華通,1.07,523000,股
2026-05-07,3036,文曄,1.07,597000,股
2026-05-07,8210,勤誠興業,1.06,100000,股
2026-05-07,1590,亞德客-KY,1.04,85000,股
2026-05-07,2606,裕民,1.04,1958000,股
2026-05-07,2610,華航,1.04,6838000,股
2026-05-07,2618,長榮航,1.04,3582000,股
2026-05-07,6669,緯穎,1.04,26000,股
2026-05-07,6223,旺矽,1.03,25000,股
2026-05-07,1560,中砂,1.02,216000,股
2026-05-07,1815,富喬工業,1.02,1128000,股
2026-05-07,3044,健鼎科技,1.02,249000,股
2026-05-07,2368,金像電子,1.01,85000,股
2026-05-07,4749,新應材,1.01,125000,股
2026-05-07,2404,漢唐,0.98,120000,股
2026-05-07,3665,貿聯-KY,0.98,43000,股
2026-05-07,6805,富世達,0.96,61000,股
2026-05-07,5234,達興材料,0.95,291000,股
2026-05-07,3491,昇達科技,0.93,70000,股
2026-05-07,3017,奇鋐,0.79,40000,股
2026-05-08,2337,旺宏,8.99,7009000,股
2026-05-08,2330,台積電,7.88,412000,股
2026-05-08,6515,穎崴,7.32,91000,股
2026-05-08,3189,景碩科技,7.0,1828000,股
2026-05-08,3702,大聯大,5.85,6169000,股
2026-05-08,2383,台光電子,4.56,115000,股
2026-05-08,3105,穩懋,4.45,1081000,股
2026-05-08,6584,南俊國際,2.97,532000,股
2026-05-08,7751,竑騰,2.43,150000,股
2026-05-08,6213,聯茂,1.76,732000,股
2026-05-08,3037,欣興,1.61,235000,股
2026-05-08,5289,宜鼎國際,1.44,108000,股
2026-05-08,2454,聯發科,1.4,46000,股
2026-05-08,2883,凱基金控,1.3,6798000,股
2026-05-08,2327,國巨*,1.25,386000,股
2026-05-08,3036,文曄,1.2,597000,股
2026-05-08,8210,勤誠興業,1.18,100000,股
2026-05-08,6285,啟碁科技,1.16,563000,股
2026-05-08,7769,鴻勁,1.16,24000,股
2026-05-08,202605TX,台指期貨,1.14,19,口
2026-05-08,2360,致茂,1.14,61000,股
2026-05-08,3260,威剛科技,1.13,301000,股
2026-05-08,4749,新應材,1.13,125000,股
2026-05-08,5274,信驊科技,1.13,8000,股
2026-05-08,6669,緯穎,1.13,26000,股
2026-05-08,2027,大成鋼,1.11,3360000,股
2026-05-08,2313,華通,1.11,523000,股
2026-05-08,2049,上銀科技,1.1,411000,股
2026-05-08,6274,台燿,1.09,95000,股
2026-05-08,2308,台達電子,1.08,59000,股
2026-05-08,3533,嘉澤端子,1.08,48000,股
2026-05-08,1303,南亞,1.07,1441000,股
2026-05-08,1590,亞德客-KY,1.07,85000,股
2026-05-08,2345,智邦,1.07,54000,股
2026-05-08,2618,長榮航,1.07,3582000,股
2026-05-08,2606,裕民,1.06,1958000,股
2026-05-08,2610,華航,1.06,6838000,股
2026-05-08,4958,臻鼎-KY,1.06,316000,股
2026-05-08,6223,旺矽,1.05,25000,股
2026-05-08,1560,中砂,1.03,216000,股
2026-05-08,2404,漢唐,1.02,120000,股
2026-05-08,1815,富喬工業,1.01,1128000,股
2026-05-08,6805,富世達,1.01,61000,股
2026-05-08,8046,南電,1.01,142000,股
2026-05-08,3044,健鼎科技,1.0,249000,股
2026-05-08,3264,欣銓,0.99,529000,股
2026-05-08,3665,貿聯-KY,0.99,43000,股
2026-05-08,5234,達興材料,0.99,291000,股
2026-05-08,3491,昇達科技,0.97,70000,股
2026-05-08,2368,金像電子,0.94,85000,股
2026-05-08,3017,奇鋐,0.82,40000,股
2026-05-11,2337,旺宏,8.94,6898000,股
2026-05-11,3189,景碩科技,7.36,1800000,股
2026-05-11,2330,台積電,7.34,404000,股
2026-05-11,6515,穎崴,7.3,89000,股
2026-05-11,3702,大聯大,5.63,6068000,股
2026-05-11,3105,穩懋,4.55,1063000,股
2026-05-11,2383,台光電子,4.46,113000,股
2026-05-11,6584,南俊國際,2.92,523000,股
2026-05-11,7751,竑騰,2.14,150000,股
2026-05-11,6213,聯茂,1.79,732000,股
2026-05-11,3037,欣興,1.62,231000,股
2026-05-11,5289,宜鼎國際,1.52,106000,股
2026-05-11,2454,聯發科,1.45,46000,股
2026-05-11,3036,文曄,1.26,587000,股
2026-05-11,2883,凱基金控,1.24,6687000,股
2026-05-11,8210,勤誠興業,1.24,98000,股
2026-05-11,2327,國巨*,1.21,379000,股
2026-05-11,7769,鴻勁,1.19,23000,股
2026-05-11,4749,新應材,1.18,123000,股
2026-05-11,6285,啟碁科技,1.17,554000,股
2026-05-11,2049,上銀科技,1.15,404000,股
2026-05-11,202605TX,台指期貨,1.14,19,口
2026-05-11,2360,致茂,1.13,59000,股
2026-05-11,2345,智邦,1.12,53000,股
2026-05-11,6274,台燿,1.12,95000,股
2026-05-11,3260,威剛科技,1.1,296000,股
2026-05-11,3533,嘉澤端子,1.09,47000,股
2026-05-11,6669,緯穎,1.09,25000,股
2026-05-11,1560,中砂,1.08,212000,股
2026-05-11,2027,大成鋼,1.07,3305000,股
2026-05-11,1303,南亞,1.06,1418000,股
2026-05-11,2308,台達電子,1.06,58000,股
2026-05-11,1590,亞德客-KY,1.05,83000,股
2026-05-11,2610,華航,1.05,6729000,股
2026-05-11,4958,臻鼎-KY,1.04,310000,股
2026-05-11,2618,長榮航,1.03,3523000,股
2026-05-11,8046,南電,1.03,139000,股
2026-05-11,2606,裕民,1.02,1925000,股
2026-05-11,2313,華通,1.01,513000,股
2026-05-11,3491,昇達科技,1.01,68000,股
2026-05-11,5274,信驊科技,1.01,7000,股
2026-05-11,1815,富喬工業,1.0,1110000,股
2026-05-11,3665,貿聯-KY,0.99,42000,股
2026-05-11,2404,漢唐,0.98,117000,股
2026-05-11,3044,健鼎科技,0.97,244000,股
2026-05-11,6223,旺矽,0.97,24000,股
2026-05-11,5234,達興材料,0.96,286000,股
2026-05-11,6805,富世達,0.96,59000,股
2026-05-11,2368,金像電子,0.95,83000,股
2026-05-11,3264,欣銓,0.95,519000,股
2026-05-11,3017,奇鋐,0.81,39000,股
2026-05-12,2330,台積電,8.27,441000,股
2026-05-12,6515,穎崴,7.55,91000,股
2026-05-12,2383,台光電子,5.43,133000,股
2026-05-12,3189,景碩科技,4.62,1122000,股
2026-05-12,3702,大聯大,4.12,4337000,股
2026-05-12,5274,信驊科技,3.45,23000,股
2026-05-12,3443,創意電子,3.02,65000,股
2026-05-12,3105,穩懋,2.86,670000,股
2026-05-12,2345,智邦,2.8,133000,股
2026-05-12,2308,台達電子,2.76,151000,股
2026-05-12,3037,欣興,2.6,356000,股
2026-05-12,3665,貿聯-KY,2.43,105000,股
2026-05-12,7751,竑騰,2.29,150000,股
2026-05-12,3017,奇鋐,2.27,108000,股
2026-05-12,6669,緯穎,2.17,45000,股
2026-05-12,2368,金像電子,1.98,171000,股
2026-05-12,6584,南俊國際,1.89,333000,股
2026-05-12,2360,致茂,1.61,79000,股
2026-05-12,8046,南電,1.58,210000,股
2026-05-12,3264,欣銓,1.52,796000,股
2026-05-12,2454,聯發科,1.42,46000,股
2026-05-12,6213,聯茂,1.28,537000,股
2026-05-12,5289,宜鼎國際,1.21,81000,股
2026-05-12,6274,台燿,1.15,95000,股
2026-05-12,202605TX,台指期貨,1.14,19,口
2026-05-12,2344,華邦電子,1.14,1124000,股
2026-05-12,6223,旺矽,1.1,24000,股
2026-05-12,7769,鴻勁,1.09,19000,股
2026-05-12,8210,勤誠興業,1.05,81000,股
2026-05-12,2327,國巨*,1.04,298000,股
2026-05-12,3653,健策,1.01,31000,股
2026-05-12,3036,文曄,1.0,436000,股
2026-05-12,2883,凱基金控,0.94,5244000,股
2026-05-12,4749,新應材,0.94,96000,股
2026-05-12,2049,上銀科技,0.93,304000,股
2026-05-12,6285,啟碁科技,0.91,388000,股
2026-05-12,4958,臻鼎-KY,0.9,266000,股
2026-05-12,3533,嘉澤端子,0.82,35000,股
2026-05-12,2313,華通,0.81,372000,股
2026-05-12,1590,亞德客-KY,0.79,62000,股
2026-05-12,3044,健鼎科技,0.77,192000,股
2026-05-12,3491,昇達科技,0.76,52000,股
2026-05-12,1303,南亞,0.75,1015000,股
2026-05-12,1815,富喬工業,0.71,787000,股
2026-05-12,6805,富世達,0.68,44000,股
2026-05-12,8299,群聯電子,0.25,11000,股
2026-05-12,6415,矽力*-KY,0.2,50000,股
2026-05-12,2408,南亞科,0.18,66000,股
2026-05-12,3661,世芯-KY,0.18,4000,股
2026-05-12,3680,家登精密,0.17,34000,股
2026-05-12,6640,均華,0.16,13000,股
2026-05-12,8021,尖點,0.08,21000,股
2026-05-13,2330,台積電,8.85,469000,股
2026-05-13,6223,旺矽,8.64,178000,股
2026-05-13,6515,穎崴,7.63,91000,股
2026-05-13,2383,台光電子,6.23,149000,股
2026-05-13,5274,信驊科技,5.6,37000,股
2026-05-13,3443,創意電子,5.34,118000,股
2026-05-13,2308,台達電子,4.12,224000,股
2026-05-13,2345,智邦,4.09,198000,股
2026-05-13,3017,奇鋐,3.55,162000,股
2026-05-13,3037,欣興,3.43,453000,股
2026-05-13,6669,緯穎,3.17,67000,股
2026-05-13,2368,金像電子,2.92,255000,股
2026-05-13,3665,貿聯-KY,2.23,105000,股
2026-05-13,7751,竑騰,2.19,150000,股
2026-05-13,2344,華邦電子,2.17,2098000,股
2026-05-13,2360,致茂,2.02,99000,股
2026-05-13,3264,欣銓,1.99,1019000,股
2026-05-13,8046,南電,1.98,265000,股
2026-05-13,3702,大聯大,1.61,1715000,股
2026-05-13,2454,聯發科,1.36,46000,股
2026-05-13,6274,台燿,1.17,95000,股
2026-05-13,202605TX,台指期貨,1.14,19,口
2026-05-13,3653,健策,0.93,31000,股
2026-05-13,7769,鴻勁,0.88,14000,股
2026-05-13,8210,勤誠興業,0.74,57000,股
2026-05-13,5289,宜鼎國際,0.67,45000,股
2026-05-13,2327,國巨*,0.66,184000,股
2026-05-13,3044,健鼎科技,0.66,147000,股
2026-05-13,4958,臻鼎-KY,0.66,177000,股
2026-05-13,8021,尖點,0.64,169000,股
2026-05-13,4749,新應材,0.56,58000,股
2026-05-13,6213,聯茂,0.56,241000,股
2026-05-13,2883,凱基金控,0.53,2825000,股
2026-05-13,3036,文曄,0.49,205000,股
2026-05-13,2049,上銀科技,0.48,154000,股
2026-05-13,8299,群聯電子,0.47,21000,股
2026-05-13,3533,嘉澤端子,0.42,19000,股
2026-05-13,3189,景碩科技,0.41,98000,股
2026-05-13,1590,亞德客-KY,0.4,32000,股
2026-05-13,3491,昇達科技,0.39,27000,股
2026-05-13,2313,華通,0.37,182000,股
2026-05-13,6415,矽力*-KY,0.37,94000,股
2026-05-13,2408,南亞科,0.35,129000,股
2026-05-13,3105,穩懋,0.34,81000,股
2026-05-13,6285,啟碁科技,0.34,150000,股
2026-05-13,3661,世芯-KY,0.32,8000,股
2026-05-13,3680,家登精密,0.31,62000,股
2026-05-13,6640,均華,0.31,26000,股
2026-05-13,6805,富世達,0.31,20000,股
2026-05-13,1303,南亞,0.29,397000,股
2026-05-13,6584,南俊國際,0.27,47000,股
2026-05-13,1815,富喬工業,0.26,293000,股
2026-05-14,6223,旺矽,9.47,178000,股
2026-05-14,2330,台積電,9.0,469000,股
2026-05-14,6515,穎崴,8.11,91000,股
2026-05-14,2383,台光電子,6.2,149000,股
2026-05-14,5274,信驊科技,5.57,37000,股
2026-05-14,3443,創意電子,5.06,118000,股
2026-05-14,2345,智邦,4.48,198000,股
2026-05-14,2308,台達電子,4.08,224000,股
2026-05-14,3017,奇鋐,3.5,162000,股
2026-05-14,3037,欣興,3.37,453000,股
2026-05-14,2368,金像電子,3.08,255000,股
2026-05-14,6669,緯穎,3.08,67000,股
2026-05-14,2344,華邦電子,2.38,2098000,股
2026-05-14,3665,貿聯-KY,2.0,105000,股
2026-05-14,3264,欣銓,1.97,1019000,股
2026-05-14,7751,竑騰,1.97,150000,股
2026-05-14,8046,南電,1.9,265000,股
2026-05-14,2360,致茂,1.89,99000,股
2026-05-14,3702,大聯大,1.61,1715000,股
2026-05-14,2454,聯發科,1.32,46000,股
2026-05-14,6274,台燿,1.16,95000,股
2026-05-14,202605TX,台指期貨,1.14,19,口
2026-05-14,7769,鴻勁,0.89,14000,股
2026-05-14,3653,健策,0.88,31000,股
2026-05-14,2327,國巨*,0.72,184000,股
2026-05-14,5289,宜鼎國際,0.71,45000,股
2026-05-14,8021,尖點,0.7,169000,股
2026-05-14,8210,勤誠興業,0.7,57000,股
2026-05-14,4958,臻鼎-KY,0.65,177000,股
2026-05-14,3044,健鼎科技,0.64,147000,股
2026-05-14,4749,新應材,0.55,58000,股
2026-05-14,6213,聯茂,0.55,241000,股
2026-05-14,2883,凱基金控,0.53,2825000,股
2026-05-14,8299,群聯電子,0.51,21000,股
2026-05-14,2049,上銀科技,0.49,154000,股
2026-05-14,3036,文曄,0.47,205000,股
2026-05-14,3189,景碩科技,0.43,98000,股
2026-05-14,1590,亞德客-KY,0.4,32000,股
2026-05-14,6415,矽力*-KY,0.4,94000,股
2026-05-14,3533,嘉澤端子,0.39,19000,股
2026-05-14,2313,華通,0.38,182000,股
2026-05-14,2408,南亞科,0.37,129000,股
2026-05-14,3491,昇達科技,0.37,27000,股
2026-05-14,3105,穩懋,0.33,81000,股
2026-05-14,3661,世芯-KY,0.33,8000,股
2026-05-14,6285,啟碁科技,0.33,150000,股
2026-05-14,6640,均華,0.32,26000,股
2026-05-14,3680,家登精密,0.3,62000,股
2026-05-14,6805,富世達,0.3,20000,股
2026-05-14,1303,南亞,0.29,397000,股
2026-05-14,1815,富喬工業,0.26,293000,股
2026-05-14,6584,南俊國際,0.26,47000,股
2026-05-15,2330,台積電,9.33,469000,股
2026-05-15,6223,旺矽,9.23,178000,股
2026-05-15,6515,穎崴,7.83,91000,股
2026-05-15,2383,台光電子,6.17,152000,股
2026-05-15,5274,信驊科技,5.6,37000,股
2026-05-15,3443,創意電子,5.46,128000,股
2026-05-15,2345,智邦,4.36,198000,股
2026-05-15,2308,台達電子,4.27,234000,股
2026-05-15,3017,奇鋐,3.74,173000,股
2026-05-15,3037,欣興,3.47,480000,股
2026-05-15,6669,緯穎,3.2,71000,股
2026-05-15,2368,金像電子,2.8,247000,股
2026-05-15,2344,華邦電子,2.39,2098000,股
2026-05-15,7751,竑騰,2.14,150000,股
2026-05-15,3264,欣銓,2.11,1060000,股
2026-05-15,2360,致茂,2.09,106000,股
2026-05-15,3665,貿聯-KY,1.94,105000,股
2026-05-15,8046,南電,1.94,280000,股
2026-05-15,3702,大聯大,1.68,1734000,股
2026-05-15,202606TX,台指期貨,1.33,19,口
2026-05-15,2454,聯發科,1.32,46000,股
2026-05-15,6274,台燿,1.09,95000,股
2026-05-15,3653,健策,0.95,31000,股
2026-05-15,7769,鴻勁,0.85,14000,股
2026-05-15,8210,勤誠興業,0.71,57000,股
2026-05-15,5289,宜鼎國際,0.7,45000,股
2026-05-15,2327,國巨*,0.69,172000,股
2026-05-15,4958,臻鼎-KY,0.68,193000,股
2026-05-15,8021,尖點,0.66,169000,股
2026-05-15,2883,凱基金控,0.54,2825000,股
2026-05-15,2049,上銀科技,0.53,154000,股
2026-05-15,6213,聯茂,0.53,239000,股
2026-05-15,4749,新應材,0.52,58000,股
2026-05-15,3036,文曄,0.49,205000,股
2026-05-15,8299,群聯電子,0.49,21000,股
2026-05-15,3044,健鼎科技,0.48,115000,股
2026-05-15,3189,景碩科技,0.42,98000,股
2026-05-15,1590,亞德客-KY,0.41,32000,股
2026-05-15,3491,昇達科技,0.4,27000,股
2026-05-15,3533,嘉澤端子,0.39,19000,股
2026-05-15,6415,矽力*-KY,0.39,94000,股
2026-05-15,2408,南亞科,0.35,129000,股
2026-05-15,2313,華通,0.34,165000,股
2026-05-15,6285,啟碁科技,0.34,149000,股
2026-05-15,3105,穩懋,0.33,81000,股
2026-05-15,3661,世芯-KY,0.32,8000,股
2026-05-15,3680,家登精密,0.31,62000,股
2026-05-15,6640,均華,0.31,26000,股
2026-05-15,6805,富世達,0.31,20000,股
2026-05-15,1303,南亞,0.3,394000,股
2026-05-15,6584,南俊國際,0.27,47000,股
2026-05-15,1815,富喬工業,0.26,288000,股
2026-05-18,6223,旺矽,9.61,178000,股
2026-05-18,2330,台積電,9.25,469000,股
2026-05-18,6515,穎崴,8.21,91000,股
2026-05-18,2383,台光電子,6.08,152000,股
2026-05-18,3443,創意電子,5.34,128000,股
2026-05-18,5274,信驊科技,5.26,37000,股
2026-05-18,2345,智邦,4.35,198000,股
2026-05-18,2308,台達電子,4.16,234000,股
2026-05-18,3017,奇鋐,3.67,173000,股
2026-05-18,3037,欣興,3.45,480000,股
2026-05-18,6669,緯穎,3.18,71000,股
2026-05-18,2368,金像電子,2.72,247000,股
2026-05-18,2344,華邦電子,2.41,2098000,股
2026-05-18,7751,竑騰,2.36,150000,股
2026-05-18,3264,欣銓,2.15,1060000,股
2026-05-18,2360,致茂,2.04,106000,股
2026-05-18,8046,南電,1.95,280000,股
2026-05-18,3665,貿聯-KY,1.87,105000,股
2026-05-18,3702,大聯大,1.69,1734000,股
2026-05-18,2454,聯發科,1.38,46000,股
2026-05-18,202606TX,台指期貨,1.33,19,口
2026-05-18,6274,台燿,1.05,95000,股
2026-05-18,3653,健策,0.89,31000,股
2026-05-18,7769,鴻勁,0.82,14000,股
2026-05-18,2327,國巨*,0.76,172000,股
2026-05-18,5289,宜鼎國際,0.74,45000,股
2026-05-18,8210,勤誠興業,0.69,57000,股
2026-05-18,4958,臻鼎-KY,0.66,193000,股
2026-05-18,8021,尖點,0.6,169000,股
2026-05-18,2883,凱基金控,0.53,2825000,股
2026-05-18,6213,聯茂,0.52,239000,股
2026-05-18,2049,上銀科技,0.51,154000,股
2026-05-18,4749,新應材,0.51,58000,股
2026-05-18,8299,群聯電子,0.51,21000,股
2026-05-18,3036,文曄,0.48,205000,股
2026-05-18,3044,健鼎科技,0.47,115000,股
2026-05-18,3189,景碩科技,0.44,98000,股
2026-05-18,3491,昇達科技,0.44,27000,股
2026-05-18,6415,矽力*-KY,0.43,94000,股
2026-05-18,1590,亞德客-KY,0.41,32000,股
2026-05-18,3533,嘉澤端子,0.39,19000,股
2026-05-18,2313,華通,0.38,165000,股
2026-05-18,6285,啟碁科技,0.38,149000,股
2026-05-18,2408,南亞科,0.35,129000,股
2026-05-18,3105,穩懋,0.32,81000,股
2026-05-18,3661,世芯-KY,0.32,8000,股
2026-05-18,6805,富世達,0.31,20000,股
2026-05-18,3680,家登精密,0.3,62000,股
2026-05-18,6640,均華,0.3,26000,股
2026-05-18,1303,南亞,0.29,394000,股
2026-05-18,1815,富喬工業,0.26,288000,股
2026-05-18,6584,南俊國際,0.26,47000,股
2026-05-19,6223,旺矽,9.58,182000,股
2026-05-19,2330,台積電,9.18,455000,股
2026-05-19,6515,穎崴,8.16,94000,股
2026-05-19,2383,台光電子,6.02,145000,股
2026-05-19,3443,創意電子,5.39,132000,股
2026-05-19,5274,信驊科技,5.1,35000,股
2026-05-19,2345,智邦,4.31,197000,股
2026-05-19,2308,台達電子,4.08,233000,股
2026-05-19,3017,奇鋐,3.61,165000,股
2026-05-19,3037,欣興,3.39,453000,股
2026-05-19,6669,緯穎,3.09,69000,股
2026-05-19,2327,國巨*,2.73,601000,股
2026-05-19,2368,金像電子,2.7,230000,股
2026-05-19,2344,華邦電子,2.39,2225000,股
2026-05-19,7751,竑騰,2.21,150000,股
2026-05-19,3264,欣銓,2.17,1107000,股
2026-05-19,2360,致茂,2.03,108000,股
2026-05-19,8046,南電,1.92,263000,股
2026-05-19,202606TX,台指期貨,1.52,19,口
2026-05-19,2454,聯發科,1.33,46000,股
2026-05-19,3702,大聯大,1.32,1327000,股
2026-05-19,6274,台燿,1.07,95000,股
2026-05-19,5289,宜鼎國際,0.93,59000,股
2026-05-19,3653,健策,0.88,31000,股
2026-05-19,7769,鴻勁,0.85,14000,股
2026-05-19,3036,文曄,0.73,303000,股
2026-05-19,2883,凱基金控,0.65,3298000,股
2026-05-19,8210,勤誠興業,0.63,52000,股
2026-05-19,3665,貿聯-KY,0.6,33000,股
2026-05-19,4958,臻鼎-KY,0.59,158000,股
2026-05-19,2408,南亞科,0.58,230000,股
2026-05-19,8299,群聯電子,0.56,25000,股
2026-05-19,6213,聯茂,0.53,239000,股
2026-05-19,8021,尖點,0.52,145000,股
2026-05-19,2049,上銀科技,0.51,148000,股
2026-05-19,3044,健鼎科技,0.5,119000,股
2026-05-19,3533,嘉澤端子,0.47,22000,股
2026-05-19,6415,矽力*-KY,0.47,106000,股
2026-05-19,3189,景碩科技,0.46,98000,股
2026-05-19,3491,昇達科技,0.44,27000,股
2026-05-19,3680,家登精密,0.44,93000,股
2026-05-19,6285,啟碁科技,0.43,160000,股
2026-05-19,1590,亞德客-KY,0.42,32000,股
2026-05-19,3661,世芯-KY,0.41,10000,股
2026-05-19,4749,新應材,0.41,46000,股
2026-05-19,2313,華通,0.36,155000,股
2026-05-19,3105,穩懋,0.34,82000,股
2026-05-19,1303,南亞,0.33,448000,股
2026-05-19,1815,富喬工業,0.32,341000,股
2026-05-19,6805,富世達,0.32,20000,股
2026-05-19,6584,南俊國際,0.28,47000,股
2026-05-19,6640,均華,0.28,24000,股
2026-05-20,6223,旺矽,9.6,182000,股
2026-05-20,2330,台積電,9.25,455000,股
2026-05-20,6515,穎崴,7.94,94000,股
2026-05-20,2383,台光電子,5.93,145000,股
2026-05-20,3443,創意電子,5.65,132000,股
2026-05-20,5274,信驊科技,5.07,35000,股
2026-05-20,2345,智邦,4.32,197000,股
2026-05-20,2308,台達電子,4.15,233000,股
2026-05-20,3017,奇鋐,3.59,165000,股
2026-05-20,3037,欣興,3.47,453000,股
2026-05-20,6669,緯穎,3.15,69000,股
2026-05-20,2327,國巨*,2.91,601000,股
2026-05-20,2368,金像電子,2.64,230000,股
2026-05-20,2344,華邦電子,2.39,2225000,股
2026-05-20,3264,欣銓,2.13,1107000,股
2026-05-20,7751,竑騰,2.09,150000,股
2026-05-20,2360,致茂,2.07,108000,股
2026-05-20,8046,南電,2.03,263000,股
2026-05-20,202606TX,台指期貨,1.52,19,口
2026-05-20,3702,大聯大,1.47,1327000,股
2026-05-20,2454,聯發科,1.38,46000,股
2026-05-20,6274,台燿,1.06,95000,股
2026-05-20,5289,宜鼎國際,0.92,59000,股
2026-05-20,7769,鴻勁,0.91,14000,股
2026-05-20,3653,健策,0.87,31000,股
2026-05-20,3036,文曄,0.79,303000,股
2026-05-20,2883,凱基金控,0.66,3298000,股
2026-05-20,4958,臻鼎-KY,0.65,158000,股
2026-05-20,8210,勤誠興業,0.62,52000,股
2026-05-20,3665,貿聯-KY,0.6,33000,股
2026-05-20,2408,南亞科,0.59,230000,股
2026-05-20,6213,聯茂,0.53,239000,股
2026-05-20,8299,群聯電子,0.53,25000,股
2026-05-20,3044,健鼎科技,0.51,119000,股
2026-05-20,6415,矽力*-KY,0.5,106000,股
2026-05-20,2049,上銀科技,0.49,148000,股
2026-05-20,8021,尖點,0.49,145000,股
2026-05-20,3533,嘉澤端子,0.48,22000,股
2026-05-20,3189,景碩科技,0.46,98000,股
2026-05-20,3491,昇達科技,0.44,27000,股
2026-05-20,3680,家登精密,0.44,93000,股
2026-05-20,3661,世芯-KY,0.43,10000,股
2026-05-20,4749,新應材,0.43,46000,股
2026-05-20,1590,亞德客-KY,0.42,32000,股
2026-05-20,6285,啟碁科技,0.42,160000,股
2026-05-20,2313,華通,0.37,155000,股
2026-05-20,1303,南亞,0.34,448000,股
2026-05-20,3105,穩懋,0.34,82000,股
2026-05-20,1815,富喬工業,0.32,341000,股
2026-05-20,6805,富世達,0.32,20000,股
2026-05-20,6640,均華,0.28,24000,股
2026-05-20,6584,南俊國際,0.27,47000,股
2026-05-21,6223,旺矽,9.13,182000,股
2026-05-21,2330,台積電,8.99,455000,股
2026-05-21,6515,穎崴,7.92,94000,股
2026-05-21,2383,台光電子,6.03,145000,股
2026-05-21,3443,創意電子,5.88,131000,股
2026-05-21,5274,信驊科技,5.1,35000,股
2026-05-21,2345,智邦,4.31,196000,股
2026-05-21,2308,台達電子,4.17,232000,股
2026-05-21,3017,奇鋐,3.65,165000,股
2026-05-21,3037,欣興,3.62,451000,股
2026-05-21,6669,緯穎,3.22,68000,股
2026-05-21,2327,國巨*,3.03,598000,股
2026-05-21,2368,金像電子,2.61,229000,股
2026-05-21,2344,華邦電子,2.24,2216000,股
2026-05-21,7751,竑騰,2.19,150000,股
2026-05-21,2360,致茂,2.15,107000,股
2026-05-21,3264,欣銓,2.14,1102000,股
2026-05-21,8046,南電,2.02,261000,股
2026-05-21,2454,聯發科,1.45,46000,股
2026-05-21,3702,大聯大,1.45,1327000,股
2026-05-21,202606TX,台指期貨,1.33,19,口
2026-05-21,6274,台燿,1.12,95000,股
2026-05-21,7769,鴻勁,0.95,14000,股
2026-05-21,3653,健策,0.91,31000,股
2026-05-21,5289,宜鼎國際,0.88,58000,股
2026-05-21,3036,文曄,0.78,303000,股
2026-05-21,4958,臻鼎-KY,0.65,157000,股
2026-05-21,3665,貿聯-KY,0.63,33000,股
2026-05-21,2883,凱基金控,0.62,3283000,股
2026-05-21,8210,勤誠興業,0.6,51000,股
2026-05-21,2408,南亞科,0.59,229000,股
2026-05-21,6213,聯茂,0.52,238000,股
2026-05-21,6415,矽力*-KY,0.52,105000,股
2026-05-21,3044,健鼎科技,0.51,118000,股
2026-05-21,8299,群聯電子,0.5,24000,股
2026-05-21,2049,上銀科技,0.49,147000,股
2026-05-21,8021,尖點,0.49,144000,股
2026-05-21,3189,景碩科技,0.48,97000,股
2026-05-21,3533,嘉澤端子,0.47,21000,股
2026-05-21,3680,家登精密,0.44,92000,股
2026-05-21,3491,昇達科技,0.43,26000,股
2026-05-21,4749,新應材,0.43,45000,股
2026-05-21,6285,啟碁科技,0.4,159000,股
2026-05-21,1590,亞德客-KY,0.39,31000,股
2026-05-21,3661,世芯-KY,0.39,9000,股
2026-05-21,1303,南亞,0.35,446000,股
2026-05-21,2313,華通,0.35,154000,股
2026-05-21,3105,穩懋,0.35,81000,股
2026-05-21,1815,富喬工業,0.3,339000,股
2026-05-21,6805,富世達,0.3,19000,股
2026-05-21,6584,南俊國際,0.28,46000,股
2026-05-21,6640,均華,0.28,23000,股
2026-05-22,6223,旺矽,9.43,182000,股
2026-05-22,2330,台積電,8.82,455000,股
2026-05-22,6515,穎崴,7.03,94000,股
2026-05-22,2383,台光電子,6.24,145000,股
2026-05-22,3443,創意電子,5.79,131000,股
2026-05-22,5274,信驊科技,5.35,35000,股
2026-05-22,2308,台達電子,4.18,232000,股
2026-05-22,2345,智邦,4.16,196000,股
2026-05-22,3037,欣興,3.76,451000,股
2026-05-22,3017,奇鋐,3.61,165000,股
2026-05-22,2327,國巨*,3.23,598000,股
2026-05-22,6669,緯穎,3.23,68000,股
2026-05-22,2368,金像電子,2.62,229000,股
2026-05-22,2344,華邦電子,2.38,2216000,股
2026-05-22,7751,竑騰,2.34,150000,股
2026-05-22,3264,欣銓,2.1,1102000,股
2026-05-22,8046,南電,2.1,261000,股
2026-05-22,2360,致茂,2.09,107000,股
2026-05-22,2454,聯發科,1.53,46000,股
2026-05-22,3702,大聯大,1.35,1327000,股
2026-05-22,202606TX,台指期貨,1.33,19,口
2026-05-22,6274,台燿,1.19,95000,股
2026-05-22,3653,健策,0.98,31000,股
2026-05-22,7769,鴻勁,0.93,14000,股
2026-05-22,5289,宜鼎國際,0.86,58000,股
2026-05-22,3036,文曄,0.75,303000,股
2026-05-22,4958,臻鼎-KY,0.7,157000,股
2026-05-22,3665,貿聯-KY,0.63,33000,股
2026-05-22,2408,南亞科,0.61,229000,股
2026-05-22,2883,凱基金控,0.61,3283000,股
2026-05-22,8210,勤誠興業,0.59,51000,股
2026-05-22,6213,聯茂,0.54,238000,股
2026-05-22,8021,尖點,0.52,144000,股
2026-05-22,3189,景碩科技,0.51,97000,股
2026-05-22,6415,矽力*-KY,0.51,105000,股
2026-05-22,3044,健鼎科技,0.5,118000,股
2026-05-22,8299,群聯電子,0.5,24000,股
2026-05-22,2049,上銀科技,0.48,147000,股
2026-05-22,3533,嘉澤端子,0.46,21000,股
2026-05-22,3680,家登精密,0.45,92000,股
2026-05-22,4749,新應材,0.45,45000,股
2026-05-22,3491,昇達科技,0.43,26000,股
2026-05-22,6285,啟碁科技,0.4,159000,股
2026-05-22,1590,亞德客-KY,0.38,31000,股
2026-05-22,3661,世芯-KY,0.38,9000,股
2026-05-22,2313,華通,0.37,154000,股
2026-05-22,3105,穩懋,0.37,81000,股
2026-05-22,1303,南亞,0.33,446000,股
2026-05-22,1815,富喬工業,0.31,339000,股
2026-05-22,6805,富世達,0.29,19000,股
2026-05-22,6584,南俊國際,0.27,46000,股
2026-05-22,6640,均華,0.27,23000,股
2026-05-25,6223,旺矽,9.4,182000,股
2026-05-25,2330,台積電,8.73,455000,股
2026-05-25,6515,穎崴,6.91,94000,股
2026-05-25,2383,台光電子,6.63,145000,股
2026-05-25,3443,創意電子,5.78,131000,股
2026-05-25,5274,信驊科技,5.15,35000,股
2026-05-25,2308,台達電子,4.41,232000,股
2026-05-25,2345,智邦,4.13,196000,股
2026-05-25,3037,欣興,3.71,451000,股
2026-05-25,3017,奇鋐,3.53,165000,股
2026-05-25,2327,國巨*,3.43,598000,股
2026-05-25,6669,緯穎,3.17,68000,股
2026-05-25,2368,金像電子,2.71,229000,股
2026-05-25,2344,華邦電子,2.36,2216000,股
2026-05-25,7751,竑騰,2.25,150000,股
2026-05-25,2360,致茂,2.19,107000,股
2026-05-25,3264,欣銓,2.05,1102000,股
2026-05-25,8046,南電,1.92,261000,股
2026-05-25,2454,聯發科,1.62,46000,股
2026-05-25,3702,大聯大,1.36,1327000,股
2026-05-25,202606TX,台指期貨,1.33,19,口
2026-05-25,6274,台燿,1.26,95000,股
2026-05-25,3653,健策,0.97,31000,股
2026-05-25,7769,鴻勁,0.89,14000,股
2026-05-25,5289,宜鼎國際,0.81,58000,股
2026-05-25,3036,文曄,0.76,303000,股
2026-05-25,4958,臻鼎-KY,0.69,157000,股
2026-05-25,3665,貿聯-KY,0.65,33000,股
2026-05-25,8210,勤誠興業,0.61,51000,股
2026-05-25,2883,凱基金控,0.59,3283000,股
2026-05-25,2408,南亞科,0.56,229000,股
2026-05-25,8021,尖點,0.55,144000,股
2026-05-25,3189,景碩科技,0.54,97000,股
2026-05-25,6415,矽力*-KY,0.54,105000,股
2026-05-25,6213,聯茂,0.53,238000,股
2026-05-25,8299,群聯電子,0.49,24000,股
2026-05-25,2049,上銀科技,0.48,147000,股
2026-05-25,3044,健鼎科技,0.48,118000,股
2026-05-25,3491,昇達科技,0.45,26000,股
2026-05-25,3533,嘉澤端子,0.45,21000,股
2026-05-25,3680,家登精密,0.45,92000,股
2026-05-25,4749,新應材,0.43,45000,股
2026-05-25,6285,啟碁科技,0.39,159000,股
2026-05-25,2313,華通,0.38,154000,股
2026-05-25,1590,亞德客-KY,0.37,31000,股
2026-05-25,3105,穩懋,0.37,81000,股
2026-05-25,3661,世芯-KY,0.37,9000,股
2026-05-25,1303,南亞,0.32,446000,股
2026-05-25,1815,富喬工業,0.31,339000,股
2026-05-25,6640,均華,0.28,23000,股
2026-05-25,6805,富世達,0.28,19000,股
2026-05-25,6584,南俊國際,0.26,46000,股
2026-05-26,2330,台積電,8.83,466000,股
2026-05-26,6223,旺矽,7.38,142000,股
2026-05-26,2383,台光電子,6.3,143000,股
2026-05-26,6515,穎崴,5.19,70000,股
2026-05-26,2454,聯發科,4.8,135000,股
2026-05-26,6274,台燿,4.51,343000,股
2026-05-26,2308,台達電子,4.13,211000,股
2026-05-26,5274,信驊科技,4.02,28000,股
2026-05-26,3443,創意電子,3.92,89000,股
2026-05-26,2345,智邦,3.84,176000,股
2026-05-26,3037,欣興,3.59,397000,股
2026-05-26,2327,國巨*,3.29,598000,股
2026-05-26,3017,奇鋐,3.06,135000,股
2026-05-26,6669,緯穎,2.68,61000,股
2026-05-26,2344,華邦電子,2.53,2155000,股
2026-05-26,2368,金像電子,2.42,201000,股
2026-05-26,7751,竑騰,2.2,150000,股
2026-05-26,4958,臻鼎-KY,2.17,482000,股
2026-05-26,8046,南電,2.08,271000,股
2026-05-26,2360,致茂,1.98,95000,股
2026-05-26,3264,欣銓,1.82,945000,股
2026-05-26,3702,大聯大,1.35,1330000,股
2026-05-26,202606TX,台指期貨,1.33,19,口
2026-05-26,3653,健策,0.95,31000,股
2026-05-26,2303,聯電,0.94,869000,股
2026-05-26,7769,鴻勁,0.92,14000,股
2026-05-26,3036,文曄,0.77,317000,股
2026-05-26,3665,貿聯-KY,0.62,33000,股
2026-05-26,5289,宜鼎國際,0.59,42000,股
2026-05-26,3189,景碩科技,0.57,98000,股
2026-05-26,8021,尖點,0.56,144000,股
2026-05-26,3711,日月光投控,0.55,108000,股
2026-05-26,8210,勤誠興業,0.54,45000,股
2026-05-26,2883,凱基金控,0.53,2976000,股
2026-05-26,2049,上銀科技,0.51,151000,股
2026-05-26,3044,健鼎科技,0.5,118000,股
2026-05-26,6415,矽力*-KY,0.5,96000,股
2026-05-26,3491,昇達科技,0.45,26000,股
2026-05-26,6285,啟碁科技,0.41,163000,股
2026-05-26,2313,華通,0.39,164000,股
2026-05-26,4749,新應材,0.39,41000,股
2026-05-26,3533,嘉澤端子,0.35,16000,股
2026-05-26,3042,晶技,0.24,143000,股
2026-05-26,8028,昇陽半導體,0.2,78000,股
2026-05-26,2881,富邦金控,0.18,206000,股
2026-05-26,1560,中砂,0.17,27000,股
2026-05-26,2408,南亞科,0.17,68000,股
2026-05-26,4991,環宇-KY,0.16,22000,股
2026-05-26,6213,聯茂,0.16,71000,股
2026-05-26,2606,裕民,0.15,249000,股
2026-05-26,8299,群聯電子,0.15,7000,股
2026-05-26,6446,藥華醫藥,0.14,19000,股
2026-05-26,3680,家登精密,0.13,27000,股
2026-05-26,6531,愛普科技,0.13,14000,股
2026-05-26,1590,亞德客-KY,0.11,9000,股
2026-05-26,3105,穩懋,0.11,24000,股
2026-05-26,1303,南亞,0.1,133000,股
2026-05-26,1815,富喬工業,0.09,101000,股
2026-05-26,3661,世芯-KY,0.08,2000,股
2026-05-26,6584,南俊國際,0.07,13000,股
2026-05-26,6640,均華,0.07,6000,股
2026-05-26,6805,富世達,0.07,5000,股
2026-05-27,2330,台積電,9.08,481000,股
2026-05-27,6223,旺矽,6.48,124000,股
2026-05-27,2383,台光電子,5.95,137000,股
2026-05-27,2454,聯發科,5.12,135000,股
2026-05-27,6274,台燿,4.57,343000,股
2026-05-27,6515,穎崴,4.41,55000,股
2026-05-27,2308,台達電子,4.04,196000,股
2026-05-27,2345,智邦,3.73,174000,股
2026-05-27,5274,信驊科技,3.58,24000,股
2026-05-27,3037,欣興,3.51,397000,股
2026-05-27,2327,國巨*,3.43,598000,股
2026-05-27,3443,創意電子,3.0,72000,股
2026-05-27,3017,奇鋐,2.89,131000,股
2026-05-27,2344,華邦電子,2.73,2155000,股
2026-05-27,6669,緯穎,2.37,57000,股
2026-05-27,8046,南電,2.27,307000,股
2026-05-27,2368,金像電子,2.26,201000,股
2026-05-27,2303,聯電,2.19,1867000,股
2026-05-27,4958,臻鼎-KY,2.1,482000,股
2026-05-27,7751,竑騰,2.09,150000,股
2026-05-27,2360,致茂,1.89,88000,股
2026-05-27,3264,欣銓,1.74,929000,股
2026-05-27,3711,日月光投控,1.52,290000,股
2026-05-27,202606TX,台指期貨,1.33,19,口
2026-05-27,3702,大聯大,1.32,1344000,股
2026-05-27,6147,頎邦,1.02,470000,股
2026-05-27,7769,鴻勁,0.89,14000,股
2026-05-27,3036,文曄,0.81,335000,股
2026-05-27,3042,晶技,0.72,445000,股
2026-05-27,3189,景碩科技,0.59,102000,股
2026-05-27,3665,貿聯-KY,0.57,33000,股
2026-05-27,8028,昇陽半導體,0.57,225000,股
2026-05-27,2049,上銀科技,0.55,163000,股
2026-05-27,2881,富邦金控,0.54,596000,股
2026-05-27,2883,凱基金控,0.51,2804000,股
2026-05-27,3044,健鼎科技,0.51,120000,股
2026-05-27,8021,尖點,0.51,144000,股
2026-05-27,5289,宜鼎國際,0.5,36000,股
2026-05-27,6415,矽力*-KY,0.5,92000,股
2026-05-27,8210,勤誠興業,0.5,44000,股
2026-05-27,1560,中砂,0.49,82000,股
2026-05-27,6239,力成,0.46,166000,股
2026-05-27,3491,昇達科技,0.44,26000,股
2026-05-27,6285,啟碁科技,0.44,173000,股
2026-05-27,2481,強茂,0.42,348000,股
2026-05-27,2606,裕民,0.42,707000,股
2026-05-27,2313,華通,0.41,179000,股
2026-05-27,6446,藥華醫藥,0.39,54000,股
2026-05-27,4749,新應材,0.37,41000,股
2026-05-27,6531,愛普科技,0.35,40000,股
2026-05-27,3533,嘉澤端子,0.34,16000,股
2026-05-27,2059,川湖,0.28,7000,股
2026-05-27,4991,環宇-KY,0.14,22000,股
2026-05-28,2330,台積電,9.34,481000,股
2026-05-28,6223,旺矽,6.21,124000,股
2026-05-28,2383,台光電子,5.86,137000,股
2026-05-28,2454,聯發科,5.04,135000,股
2026-05-28,6274,台燿,4.47,343000,股
2026-05-28,6515,穎崴,4.25,55000,股
2026-05-28,2308,台達電子,3.97,196000,股
2026-05-28,2327,國巨*,3.76,598000,股
2026-05-28,5274,信驊科技,3.62,24000,股
2026-05-28,2345,智邦,3.59,174000,股
2026-05-28,3037,欣興,3.39,391000,股
2026-05-28,2303,聯電,2.97,2467000,股
2026-05-28,3017,奇鋐,2.86,131000,股
2026-05-28,2344,華邦電子,2.84,2327000,股
2026-05-28,3443,創意電子,2.8,72000,股
2026-05-28,6669,緯穎,2.39,57000,股
2026-05-28,2368,金像電子,2.22,201000,股
2026-05-28,8046,南電,2.21,307000,股
2026-05-28,7751,竑騰,2.19,150000,股
2026-05-28,4958,臻鼎-KY,1.98,482000,股
2026-05-28,2360,致茂,1.92,88000,股
2026-05-28,3711,日月光投控,1.74,328000,股
2026-05-28,3264,欣銓,1.73,867000,股
2026-05-28,202606TX,台指期貨,1.33,19,口
2026-05-28,3702,大聯大,1.29,1256000,股
2026-05-28,6147,頎邦,1.16,494000,股
2026-05-28,3036,文曄,0.82,335000,股
2026-05-28,3042,晶技,0.82,445000,股
2026-05-28,8028,昇陽半導體,0.64,225000,股
2026-05-28,3189,景碩科技,0.59,102000,股
2026-05-28,3665,貿聯-KY,0.59,33000,股
2026-05-28,2881,富邦金控,0.56,596000,股
2026-05-28,2049,上銀科技,0.54,163000,股
2026-05-28,2883,凱基金控,0.53,2804000,股
2026-05-28,1560,中砂,0.52,86000,股
2026-05-28,5289,宜鼎國際,0.52,36000,股
2026-05-28,7769,鴻勁,0.52,8000,股
2026-05-28,6239,力成,0.51,170000,股
2026-05-28,8021,尖點,0.51,144000,股
2026-05-28,3044,健鼎科技,0.5,120000,股
2026-05-28,8210,勤誠興業,0.49,44000,股
2026-05-28,6415,矽力*-KY,0.48,92000,股
2026-05-28,6285,啟碁科技,0.45,173000,股
2026-05-28,6446,藥華醫藥,0.45,61000,股
2026-05-28,2481,強茂,0.44,348000,股
2026-05-28,3491,昇達科技,0.44,26000,股
2026-05-28,2606,裕民,0.42,707000,股
2026-05-28,2313,華通,0.39,179000,股
2026-05-28,4749,新應材,0.38,41000,股
2026-05-28,6531,愛普科技,0.37,40000,股
2026-05-28,2059,川湖,0.36,9000,股
2026-05-28,3533,嘉澤端子,0.34,16000,股
2026-05-28,4991,環宇-KY,0.13,22000,股
2026-05-29,2330,台積電,9.43,481000,股
2026-05-29,6223,旺矽,6.13,124000,股
2026-05-29,2383,台光電子,5.82,137000,股
2026-05-29,2454,聯發科,4.83,135000,股
2026-05-29,6274,台燿,4.81,343000,股
2026-05-29,2308,台達電子,3.98,196000,股
2026-05-29,6515,穎崴,3.96,55000,股
2026-05-29,5274,信驊科技,3.78,24000,股
2026-05-29,2327,國巨*,3.66,598000,股
2026-05-29,2345,智邦,3.51,174000,股
2026-05-29,3037,欣興,3.42,391000,股
2026-05-29,2344,華邦電子,3.05,2327000,股
2026-05-29,2303,聯電,2.96,2467000,股
2026-05-29,3017,奇鋐,2.9,131000,股
2026-05-29,3443,創意電子,2.79,72000,股
2026-05-29,6669,緯穎,2.58,57000,股
2026-05-29,2368,金像電子,2.2,201000,股
2026-05-29,7751,竑騰,2.2,150000,股
2026-05-29,8046,南電,2.16,307000,股
2026-05-29,4958,臻鼎-KY,2.06,482000,股
2026-05-29,2360,致茂,1.84,88000,股
2026-05-29,3264,欣銓,1.75,867000,股
2026-05-29,3711,日月光投控,1.66,328000,股
2026-05-29,202606TX,台指期貨,1.33,19,口
2026-05-29,6147,頎邦,1.25,494000,股
2026-05-29,3702,大聯大,1.23,1256000,股
2026-05-29,3036,文曄,0.8,335000,股
2026-05-29,3042,晶技,0.8,445000,股
2026-05-29,3189,景碩科技,0.62,102000,股
2026-05-29,8028,昇陽半導體,0.61,225000,股
2026-05-29,3665,貿聯-KY,0.57,33000,股
2026-05-29,7769,鴻勁,0.55,8000,股
2026-05-29,2881,富邦金控,0.54,596000,股
2026-05-29,5289,宜鼎國際,0.54,36000,股
2026-05-29,8021,尖點,0.54,144000,股
2026-05-29,2049,上銀科技,0.53,163000,股
2026-05-29,6239,力成,0.53,170000,股
2026-05-29,2883,凱基金控,0.52,2804000,股
2026-05-29,3044,健鼎科技,0.52,120000,股
2026-05-29,1560,中砂,0.51,86000,股
2026-05-29,8210,勤誠興業,0.5,44000,股
2026-05-29,2481,強茂,0.47,348000,股
2026-05-29,3491,昇達科技,0.47,26000,股
2026-05-29,6446,藥華醫藥,0.47,61000,股
2026-05-29,6285,啟碁科技,0.46,173000,股
2026-05-29,6415,矽力*-KY,0.46,92000,股
2026-05-29,2313,華通,0.42,179000,股
2026-05-29,2606,裕民,0.4,707000,股
2026-05-29,6531,愛普科技,0.4,40000,股
2026-05-29,2059,川湖,0.38,9000,股
2026-05-29,4749,新應材,0.36,41000,股
2026-05-29,3533,嘉澤端子,0.35,16000,股
2026-05-29,4991,環宇-KY,0.13,22000,股
2026-06-01,2330,台積電,9.37,481000,股
2026-06-01,6223,旺矽,5.81,124000,股
2026-06-01,2383,台光電子,5.73,137000,股
2026-06-01,2454,聯發科,5.07,135000,股
2026-06-01,6274,台燿,4.82,343000,股
2026-06-01,6515,穎崴,3.95,55000,股
2026-06-01,2308,台達電子,3.91,196000,股
2026-06-01,2327,國巨*,3.9,598000,股
2026-06-01,5274,信驊科技,3.66,24000,股
2026-06-01,2345,智邦,3.6,174000,股
2026-06-01,3037,欣興,3.39,391000,股
2026-06-01,2344,華邦電子,3.22,2327000,股
2026-06-01,3017,奇鋐,3.01,131000,股
2026-06-01,2303,聯電,2.97,2467000,股
2026-06-01,3443,創意電子,2.76,72000,股
2026-06-01,6669,緯穎,2.59,57000,股
2026-06-01,8046,南電,2.29,307000,股
2026-06-01,2368,金像電子,2.2,201000,股
2026-06-01,4958,臻鼎-KY,2.18,482000,股
2026-06-01,2360,致茂,1.87,88000,股
2026-06-01,3711,日月光投控,1.63,328000,股
2026-06-01,3264,欣銓,1.59,867000,股
2026-06-01,202606TX,台指期貨,1.33,19,口
2026-06-01,3702,大聯大,1.23,1256000,股
2026-06-01,6147,頎邦,1.16,494000,股
2026-06-01,3036,文曄,0.79,335000,股
2026-06-01,3042,晶技,0.74,445000,股
2026-06-01,8028,昇陽半導體,0.66,225000,股
2026-06-01,3189,景碩科技,0.65,102000,股
2026-06-01,3665,貿聯-KY,0.58,33000,股
2026-06-01,5289,宜鼎國際,0.57,36000,股
2026-06-01,8021,尖點,0.55,144000,股
2026-06-01,2881,富邦金控,0.54,596000,股
2026-06-01,2049,上銀科技,0.52,163000,股
2026-06-01,2883,凱基金控,0.52,2804000,股
2026-06-01,1560,中砂,0.51,86000,股
2026-06-01,3044,健鼎科技,0.51,120000,股
2026-06-01,6239,力成,0.51,170000,股
2026-06-01,8210,勤誠興業,0.51,44000,股
2026-06-01,7769,鴻勁,0.5,8000,股
2026-06-01,6446,藥華醫藥,0.48,61000,股
2026-06-01,3491,昇達科技,0.46,26000,股
2026-06-01,6415,矽力*-KY,0.46,92000,股
2026-06-01,2481,強茂,0.45,348000,股
2026-06-01,6285,啟碁科技,0.45,173000,股
2026-06-01,2313,華通,0.42,179000,股
2026-06-01,2606,裕民,0.42,707000,股
2026-06-01,2059,川湖,0.39,9000,股
2026-06-01,6531,愛普科技,0.37,40000,股
2026-06-01,4749,新應材,0.36,41000,股
2026-06-01,3533,嘉澤端子,0.35,16000,股
2026-06-01,4991,環宇-KY,0.13,22000,股
2026-06-02,2330,台積電,9.59,465000,股
2026-06-02,2454,聯發科,6.29,160000,股
2026-06-02,2383,台光電子,5.78,137000,股
2026-06-02,6223,旺矽,5.7,119000,股
2026-06-02,6274,台燿,4.51,327000,股
2026-06-02,2308,台達電子,4.49,219000,股
2026-06-02,2327,國巨*,4.39,598000,股
2026-06-02,3017,奇鋐,4.08,174000,股
2026-06-02,3037,欣興,4.06,480000,股
2026-06-02,6515,穎崴,3.72,53000,股
2026-06-02,2344,華邦電子,3.68,2295000,股
2026-06-02,2345,智邦,3.64,173000,股
2026-06-02,5274,信驊科技,3.61,23000,股
2026-06-02,6669,緯穎,3.52,74000,股
2026-06-02,2303,聯電,3.2,2604000,股
2026-06-02,2368,金像電子,2.55,230000,股
2026-06-02,3443,創意電子,2.48,63000,股
2026-06-02,4958,臻鼎-KY,2.18,482000,股
2026-06-02,2360,致茂,2.14,102000,股
2026-06-02,3711,日月光投控,1.96,383000,股
2026-06-02,3264,欣銓,1.44,775000,股
2026-06-02,202606TX,台指期貨,1.33,19,口
2026-06-02,8046,南電,1.18,157000,股
2026-06-02,6147,頎邦,1.04,425000,股
2026-06-02,3702,大聯大,0.99,961000,股
2026-06-02,3036,文曄,0.66,261000,股
2026-06-02,3189,景碩科技,0.66,102000,股
2026-06-02,3665,貿聯-KY,0.63,33000,股
2026-06-02,3042,晶技,0.59,322000,股
2026-06-02,5289,宜鼎國際,0.59,36000,股
2026-06-02,8021,尖點,0.56,144000,股
2026-06-02,2881,富邦金控,0.54,549000,股
2026-06-02,6239,力成,0.51,170000,股
2026-06-02,2883,凱基金控,0.47,2328000,股
2026-06-02,3491,昇達科技,0.47,26000,股
2026-06-02,8028,昇陽半導體,0.46,157000,股
2026-06-02,3044,健鼎科技,0.44,99000,股
2026-06-02,1560,中砂,0.38,63000,股
2026-06-02,2481,強茂,0.38,297000,股
2026-06-02,2606,裕民,0.38,606000,股
2026-06-02,6446,藥華醫藥,0.38,49000,股
2026-06-02,8210,勤誠興業,0.38,32000,股
2026-06-02,2049,上銀科技,0.37,118000,股
2026-06-02,6285,啟碁科技,0.37,140000,股
2026-06-02,7769,鴻勁,0.37,6000,股
2026-06-02,2313,華通,0.34,144000,股
2026-06-02,6415,矽力*-KY,0.34,67000,股
2026-06-02,6531,愛普科技,0.34,36000,股
2026-06-02,4749,新應材,0.28,31000,股
2026-06-02,3533,嘉澤端子,0.27,12000,股
2026-06-02,2059,川湖,0.26,6000,股
2026-06-02,8358,金居開發,0.2,36000,股
2026-06-02,4991,環宇-KY,0.17,28000,股
2026-06-03,2330,台積電,9.61,465000,股
2026-06-03,2454,聯發科,7.49,193000,股
2026-06-03,2383,台光電子,5.65,137000,股
2026-06-03,6223,旺矽,5.44,108000,股
2026-06-03,3017,奇鋐,5.19,213000,股
2026-06-03,2308,台達電子,5.03,240000,股
2026-06-03,3037,欣興,4.65,545000,股
2026-06-03,6669,緯穎,4.54,95000,股
2026-06-03,2327,國巨*,4.19,598000,股
2026-06-03,6274,台燿,4.07,281000,股
2026-06-03,2345,智邦,3.62,164000,股
2026-06-03,5274,信驊科技,3.53,23000,股
2026-06-03,2344,華邦電子,3.48,2295000,股
2026-06-03,6515,穎崴,3.44,49000,股
2026-06-03,2303,聯電,3.25,2914000,股
2026-06-03,2368,金像電子,2.87,243000,股
2026-06-03,2360,致茂,2.41,111000,股
2026-06-03,3711,日月光投控,2.26,428000,股
2026-06-03,3443,創意電子,2.16,55000,股
2026-06-03,4958,臻鼎-KY,2.1,482000,股
2026-06-03,202606TX,台指期貨,1.33,19,口
2026-06-03,3264,欣銓,1.26,643000,股
2026-06-03,8046,南電,0.9,117000,股
2026-06-03,6147,頎邦,0.82,350000,股
2026-06-03,3702,大聯大,0.7,698000,股
2026-06-03,3189,景碩科技,0.64,102000,股
2026-06-03,5289,宜鼎國際,0.58,36000,股
2026-06-03,8021,尖點,0.58,144000,股
2026-06-03,2881,富邦金控,0.53,546000,股
2026-06-03,6239,力成,0.5,170000,股
2026-06-03,3036,文曄,0.49,197000,股
2026-06-03,3491,昇達科技,0.45,26000,股
2026-06-03,2883,凱基金控,0.4,1818000,股
2026-06-03,8358,金居開發,0.39,75000,股
2026-06-03,3042,晶技,0.37,201000,股
2026-06-03,3044,健鼎科技,0.35,80000,股
2026-06-03,2606,裕民,0.32,532000,股
2026-06-03,2481,強茂,0.3,220000,股
2026-06-03,6531,愛普科技,0.3,32000,股
2026-06-03,6285,啟碁科技,0.29,110000,股
2026-06-03,6446,藥華醫藥,0.29,38000,股
2026-06-03,7769,鴻勁,0.26,4000,股
2026-06-03,8028,昇陽半導體,0.26,89000,股
2026-06-03,1560,中砂,0.25,41000,股
2026-06-03,2313,華通,0.25,111000,股
2026-06-03,8210,勤誠興業,0.25,20000,股
2026-06-03,2049,上銀科技,0.22,70000,股
2026-06-03,4749,新應材,0.21,23000,股
2026-06-03,4991,環宇-KY,0.21,34000,股
2026-06-03,6415,矽力*-KY,0.21,41000,股
2026-06-03,3533,嘉澤端子,0.2,9000,股
2026-06-03,2059,川湖,0.18,4000,股
2026-06-04,2330,台積電,9.63,465000,股
2026-06-04,2454,聯發科,7.41,193000,股
2026-06-04,2383,台光電子,5.73,137000,股
2026-06-04,6223,旺矽,5.68,108000,股
2026-06-04,2308,台達電子,5.04,240000,股
2026-06-04,3017,奇鋐,5.0,213000,股
2026-06-04,3037,欣興,4.59,545000,股
2026-06-04,6669,緯穎,4.59,95000,股
2026-06-04,6274,台燿,4.13,281000,股
2026-06-04,2327,國巨*,3.85,598000,股
2026-06-04,6515,穎崴,3.67,49000,股
2026-06-04,5274,信驊科技,3.64,23000,股
2026-06-04,2344,華邦電子,3.57,2295000,股
2026-06-04,2345,智邦,3.57,164000,股
2026-06-04,2303,聯電,3.16,2914000,股
2026-06-04,2368,金像電子,2.84,243000,股
2026-06-04,2360,致茂,2.52,111000,股
2026-06-04,3711,日月光投控,2.2,428000,股
2026-06-04,3443,創意電子,2.1,55000,股
2026-06-04,4958,臻鼎-KY,2.06,482000,股
2026-06-04,202606TX,台指期貨,1.33,19,口
2026-06-04,3264,欣銓,1.32,643000,股
2026-06-04,8046,南電,0.89,117000,股
2026-06-04,6147,頎邦,0.82,350000,股
2026-06-04,3702,大聯大,0.7,698000,股
2026-06-04,3189,景碩科技,0.61,102000,股
2026-06-04,5289,宜鼎國際,0.59,36000,股
2026-06-04,8021,尖點,0.55,144000,股
2026-06-04,2881,富邦金控,0.54,546000,股
2026-06-04,6239,力成,0.52,170000,股
2026-06-04,3036,文曄,0.48,197000,股
2026-06-04,3491,昇達科技,0.44,26000,股
2026-06-04,2883,凱基金控,0.43,1818000,股
2026-06-04,8358,金居開發,0.37,75000,股
2026-06-04,3042,晶技,0.36,201000,股
2026-06-04,3044,健鼎科技,0.35,80000,股
2026-06-04,2606,裕民,0.32,532000,股
2026-06-04,6446,藥華醫藥,0.31,38000,股
2026-06-04,2481,強茂,0.3,220000,股
2026-06-04,6531,愛普科技,0.29,32000,股
2026-06-04,6285,啟碁科技,0.28,110000,股
2026-06-04,2313,華通,0.26,111000,股
2026-06-04,7769,鴻勁,0.26,4000,股
2026-06-04,8028,昇陽半導體,0.26,89000,股
2026-06-04,1560,中砂,0.25,41000,股
2026-06-04,8210,勤誠興業,0.25,20000,股
2026-06-04,2049,上銀科技,0.22,70000,股
2026-06-04,4749,新應材,0.2,23000,股
2026-06-04,4991,環宇-KY,0.2,34000,股
2026-06-04,6415,矽力*-KY,0.2,41000,股
2026-06-04,2059,川湖,0.19,4000,股
2026-06-04,3533,嘉澤端子,0.19,9000,股
2026-06-05,2330,台積電,9.74,465000,股
2026-06-05,2454,聯發科,7.35,193000,股
2026-06-05,2383,台光電子,5.92,137000,股
2026-06-05,6223,旺矽,5.51,108000,股
2026-06-05,3017,奇鋐,4.9,213000,股
2026-06-05,2308,台達電子,4.89,240000,股
2026-06-05,6669,緯穎,4.76,95000,股
2026-06-05,3037,欣興,4.5,545000,股
2026-06-05,2327,國巨*,4.07,598000,股
2026-06-05,6274,台燿,4.0,281000,股
2026-06-05,6515,穎崴,3.65,49000,股
2026-06-05,2345,智邦,3.61,164000,股
2026-06-05,5274,信驊科技,3.56,23000,股
2026-06-05,2303,聯電,3.39,2914000,股
2026-06-05,2344,華邦電子,3.29,2295000,股
2026-06-05,2368,金像電子,2.83,243000,股
2026-06-05,2360,致茂,2.52,111000,股
2026-06-05,3711,日月光投控,2.19,428000,股
2026-06-05,3443,創意電子,2.15,55000,股
2026-06-05,4958,臻鼎-KY,2.15,482000,股
2026-06-05,202606TX,台指期貨,1.33,19,口
2026-06-05,3264,欣銓,1.3,643000,股
2026-06-05,8046,南電,0.88,117000,股
2026-06-05,6147,頎邦,0.84,350000,股
2026-06-05,3702,大聯大,0.71,698000,股
2026-06-05,3189,景碩科技,0.64,102000,股
2026-06-05,8021,尖點,0.58,144000,股
2026-06-05,2881,富邦金控,0.57,546000,股
2026-06-05,5289,宜鼎國際,0.56,36000,股
2026-06-05,6239,力成,0.51,170000,股
2026-06-05,3036,文曄,0.49,197000,股
2026-06-05,3491,昇達科技,0.45,26000,股
2026-06-05,2883,凱基金控,0.44,1818000,股
2026-06-05,8358,金居開發,0.4,75000,股
2026-06-05,3042,晶技,0.38,201000,股
2026-06-05,3044,健鼎科技,0.35,80000,股
2026-06-05,2606,裕民,0.33,532000,股
2026-06-05,2481,強茂,0.32,220000,股
2026-06-05,6446,藥華醫藥,0.32,38000,股
2026-06-05,6531,愛普科技,0.29,32000,股
2026-06-05,6285,啟碁科技,0.28,110000,股
2026-06-05,8028,昇陽半導體,0.27,89000,股
2026-06-05,7769,鴻勁,0.26,4000,股
2026-06-05,1560,中砂,0.25,41000,股
2026-06-05,2313,華通,0.25,111000,股
2026-06-05,8210,勤誠興業,0.24,20000,股
2026-06-05,2049,上銀科技,0.21,70000,股
2026-06-05,4749,新應材,0.21,23000,股
2026-06-05,6415,矽力*-KY,0.21,41000,股
2026-06-05,2059,川湖,0.2,4000,股
2026-06-05,4991,環宇-KY,0.2,34000,股
2026-06-05,3533,嘉澤端子,0.19,9000,股
2026-06-08,2330,台積電,9.82,465000,股
2026-06-08,2454,聯發科,7.22,193000,股
2026-06-08,2383,台光電子,6.0,137000,股
2026-06-08,6223,旺矽,5.47,108000,股
2026-06-08,3017,奇鋐,5.03,213000,股
2026-06-08,2308,台達電子,4.97,240000,股
2026-06-08,6669,緯穎,4.6,95000,股
2026-06-08,3037,欣興,4.56,545000,股
2026-06-08,2327,國巨*,4.13,598000,股
2026-06-08,6274,台燿,3.96,281000,股
2026-06-08,6515,穎崴,3.77,49000,股
2026-06-08,5274,信驊科技,3.7,23000,股
2026-06-08,2345,智邦,3.65,164000,股
2026-06-08,2344,華邦電子,3.25,2295000,股
2026-06-08,2303,聯電,3.24,2914000,股
2026-06-08,2368,金像電子,3.04,243000,股
2026-06-08,2360,致茂,2.5,111000,股
2026-06-08,4958,臻鼎-KY,2.27,482000,股
2026-06-08,3443,創意電子,2.15,55000,股
2026-06-08,3711,日月光投控,2.12,428000,股
2026-06-08,202606TX,台指期貨,1.52,19,口
2026-06-08,3264,欣銓,1.25,643000,股
2026-06-08,8046,南電,0.89,117000,股
2026-06-08,6147,頎邦,0.78,350000,股
2026-06-08,3702,大聯大,0.69,698000,股
2026-06-08,3189,景碩科技,0.65,102000,股
2026-06-08,8021,尖點,0.61,144000,股
2026-06-08,5289,宜鼎國際,0.6,36000,股
2026-06-08,2881,富邦金控,0.58,546000,股
2026-06-08,6239,力成,0.48,170000,股
2026-06-08,2883,凱基金控,0.45,1818000,股
2026-06-08,3036,文曄,0.45,197000,股
2026-06-08,3491,昇達科技,0.43,26000,股
2026-06-08,8358,金居開發,0.4,75000,股
2026-06-08,3042,晶技,0.39,201000,股
2026-06-08,3044,健鼎科技,0.35,80000,股
2026-06-08,2606,裕民,0.33,532000,股
2026-06-08,6446,藥華醫藥,0.32,38000,股
2026-06-08,2481,強茂,0.3,220000,股
2026-06-08,6285,啟碁科技,0.28,110000,股
2026-06-08,6531,愛普科技,0.27,32000,股
2026-06-08,2313,華通,0.26,111000,股
2026-06-08,7769,鴻勁,0.26,4000,股
2026-06-08,8028,昇陽半導體,0.25,89000,股
2026-06-08,8210,勤誠興業,0.25,20000,股
2026-06-08,1560,中砂,0.24,41000,股
2026-06-08,2059,川湖,0.23,4000,股
2026-06-08,2049,上銀科技,0.21,70000,股
2026-06-08,4749,新應材,0.2,23000,股
2026-06-08,6415,矽力*-KY,0.2,41000,股
2026-06-08,3533,嘉澤端子,0.19,9000,股
2026-06-08,4991,環宇-KY,0.19,34000,股
2026-06-09,2330,台積電,9.48,465000,股
2026-06-09,2454,聯發科,7.54,190000,股
2026-06-09,6223,旺矽,5.79,111000,股
2026-06-09,2383,台光電子,5.57,124000,股
2026-06-09,2308,台達電子,4.92,230000,股
2026-06-09,6274,台燿,4.28,299000,股
2026-06-09,2327,國巨*,4.2,574000,股
2026-06-09,6669,緯穎,3.99,85000,股
2026-06-09,6515,穎崴,3.59,47000,股
2026-06-09,5274,信驊科技,3.48,22000,股
2026-06-09,2344,華邦電子,3.38,2440000,股
2026-06-09,3037,欣興,3.33,388000,股
2026-06-09,3017,奇鋐,3.23,143000,股
2026-06-09,2345,智邦,3.18,145000,股
2026-06-09,2303,聯電,2.45,2171000,股
2026-06-09,4958,臻鼎-KY,2.33,482000,股
2026-06-09,2368,金像電子,2.32,175000,股
2026-06-09,2360,致茂,2.27,107000,股
2026-06-09,3443,創意電子,1.83,48000,股
2026-06-09,3711,日月光投控,1.58,313000,股
2026-06-09,8046,南電,1.34,166000,股
2026-06-09,202606TX,台指期貨,1.33,19,口
2026-06-09,2408,南亞科,1.2,372000,股
2026-06-09,3264,欣銓,1.14,596000,股
2026-06-09,3665,貿聯-KY,0.9,47000,股
2026-06-09,2881,富邦金控,0.85,770000,股
2026-06-09,2885,元大金,0.71,1232000,股
2026-06-09,3189,景碩科技,0.65,102000,股
2026-06-09,6147,頎邦,0.64,288000,股
2026-06-09,2882,國泰金,0.62,673000,股
2026-06-09,3702,大聯大,0.61,621000,股
2026-06-09,2883,凱基金控,0.59,2307000,股
2026-06-09,8021,尖點,0.5,112000,股
2026-06-09,6239,力成,0.48,170000,股
2026-06-09,3036,文曄,0.43,192000,股
2026-06-09,3042,晶技,0.41,201000,股
2026-06-09,8358,金居開發,0.41,75000,股
2026-06-09,2606,裕民,0.39,642000,股
2026-06-09,2347,聯強,0.34,418000,股
2026-06-09,2891,中信金,0.32,515000,股
2026-06-09,2027,大成鋼,0.31,808000,股
2026-06-09,2637,慧洋-KY,0.31,426000,股
2026-06-09,4904,遠傳,0.3,316000,股
2026-06-09,8028,昇陽半導體,0.3,108000,股
2026-06-09,3023,信邦,0.28,97000,股
2026-06-09,5904,寶雅,0.28,51000,股
2026-06-09,6196,帆宣,0.28,61000,股
2026-06-09,8210,勤誠興業,0.27,20000,股
2026-06-09,5536,聖暉*,0.24,25000,股
2026-06-09,3045,台灣大,0.23,225000,股
2026-06-09,4722,國精化學,0.23,108000,股
2026-06-09,6139,亞翔工程,0.23,34000,股
2026-06-09,5289,宜鼎國際,0.18,10000,股
2026-06-09,3044,健鼎科技,0.11,24000,股
2026-06-09,6446,藥華醫藥,0.1,11000,股
2026-06-09,2481,強茂,0.09,66000,股
2026-06-09,2313,華通,0.08,33000,股
2026-06-09,6285,啟碁科技,0.08,33000,股
2026-06-09,6531,愛普科技,0.08,9000,股
2026-06-09,1560,中砂,0.07,12000,股
2026-06-09,2049,上銀科技,0.06,21000,股
2026-06-09,2059,川湖,0.06,1000,股
2026-06-09,6415,矽力*-KY,0.06,12000,股
2026-06-09,7769,鴻勁,0.06,1000,股
2026-06-09,4749,新應材,0.05,6000,股
2026-06-09,4991,環宇-KY,0.05,10000,股
2026-06-09,3533,嘉澤端子,0.04,2000,股
2026-06-10,2330,台積電,9.39,448000,股
2026-06-10,2454,聯發科,7.36,190000,股
2026-06-10,6223,旺矽,5.97,111000,股
2026-06-10,2383,台光電子,5.39,117000,股
2026-06-10,2308,台達電子,4.71,230000,股
2026-06-10,6274,台燿,4.3,308000,股
2026-06-10,2327,國巨*,4.07,533000,股
2026-06-10,6669,緯穎,3.87,82000,股
2026-06-10,6515,穎崴,3.48,46000,股
2026-06-10,5274,信驊科技,3.45,22000,股
2026-06-10,2344,華邦電子,3.39,2440000,股
2026-06-10,2345,智邦,2.91,132000,股
2026-06-10,3037,欣興,2.76,335000,股
2026-06-10,3017,奇鋐,2.44,111000,股
2026-06-10,4958,臻鼎-KY,2.25,482000,股
2026-06-10,2360,致茂,2.16,105000,股
2026-06-10,2303,聯電,2.15,1947000,股
2026-06-10,2368,金像電子,2.01,152000,股
2026-06-10,2408,南亞科,1.84,592000,股
2026-06-10,3443,創意電子,1.65,44000,股
2026-06-10,8046,南電,1.63,206000,股
2026-06-10,202606TX,台指期貨,1.52,19,口
2026-06-10,8210,勤誠興業,1.44,107000,股
2026-06-10,3711,日月光投控,1.37,272000,股
2026-06-10,2885,元大金,1.16,2004000,股
2026-06-10,3264,欣銓,1.1,557000,股
2026-06-10,2881,富邦金控,1.04,915000,股
2026-06-10,2882,國泰金,1.04,1120000,股
2026-06-10,3665,貿聯-KY,0.94,47000,股
2026-06-10,2883,凱基金控,0.71,2689000,股
2026-06-10,3189,景碩科技,0.63,102000,股
2026-06-10,3406,玉晶光,0.6,95000,股
2026-06-10,6147,頎邦,0.59,280000,股
2026-06-10,2347,聯強,0.58,670000,股
2026-06-10,3702,大聯大,0.58,572000,股
2026-06-10,2891,中信金,0.53,839000,股
2026-06-10,2637,慧洋-KY,0.5,703000,股
2026-06-10,2027,大成鋼,0.49,1241000,股
2026-06-10,4904,遠傳,0.49,492000,股
2026-06-10,6239,力成,0.48,170000,股
2026-06-10,5904,寶雅,0.46,82000,股
2026-06-10,3023,信邦,0.45,157000,股
2026-06-10,6196,帆宣,0.45,96000,股
2026-06-10,8021,尖點,0.45,86000,股
2026-06-10,2606,裕民,0.43,679000,股
2026-06-10,3036,文曄,0.41,184000,股
2026-06-10,3042,晶技,0.4,201000,股
2026-06-10,5536,聖暉*,0.4,39000,股
2026-06-10,8358,金居開發,0.39,75000,股
2026-06-10,3045,台灣大,0.38,345000,股
2026-06-10,4722,國精化學,0.37,178000,股
2026-06-10,6139,亞翔工程,0.35,51000,股
2026-06-10,8028,昇陽半導體,0.33,112000,股
2026-06-10,4991,環宇-KY,0.01,1000,股
2026-06-11,2330,台積電,9.35,448000,股
2026-06-11,2454,聯發科,7.18,190000,股
2026-06-11,6223,旺矽,6.25,111000,股
2026-06-11,2383,台光電子,5.52,117000,股
2026-06-11,2308,台達電子,4.7,235000,股
2026-06-11,6274,台燿,4.2,308000,股
2026-06-11,2327,國巨*,4.15,533000,股
2026-06-11,6669,緯穎,3.72,82000,股
2026-06-11,6515,穎崴,3.71,46000,股
2026-06-11,5274,信驊科技,3.58,22000,股
2026-06-11,2344,華邦電子,3.53,2440000,股
2026-06-11,2345,智邦,2.78,132000,股
2026-06-11,3037,欣興,2.65,335000,股
2026-06-11,3017,奇鋐,2.4,111000,股
2026-06-11,2303,聯電,2.14,1847000,股
2026-06-11,2360,致茂,2.13,105000,股
2026-06-11,2368,金像電子,1.89,152000,股
2026-06-11,2408,南亞科,1.86,592000,股
2026-06-11,3443,創意電子,1.67,44000,股
2026-06-11,8046,南電,1.61,216000,股
2026-06-11,202606TX,台指期貨,1.52,19,口
2026-06-11,8210,勤誠興業,1.52,114000,股
2026-06-11,3665,貿聯-KY,1.48,74000,股
2026-06-11,3711,日月光投控,1.34,267000,股
2026-06-11,2885,元大金,1.18,2062000,股
2026-06-11,3189,景碩科技,1.16,202000,股
2026-06-11,3264,欣銓,1.11,557000,股
2026-06-11,2881,富邦金控,1.06,915000,股
2026-06-11,2882,國泰金,1.06,1144000,股
2026-06-11,4958,臻鼎-KY,0.89,182000,股
2026-06-11,2883,凱基金控,0.7,2725000,股
2026-06-11,3406,玉晶光,0.61,95000,股
2026-06-11,2347,聯強,0.6,719000,股
2026-06-11,3702,大聯大,0.57,572000,股
2026-06-11,6147,頎邦,0.55,268000,股
2026-06-11,2891,中信金,0.54,867000,股
2026-06-11,6239,力成,0.52,170000,股
2026-06-11,2027,大成鋼,0.51,1299000,股
2026-06-11,2637,慧洋-KY,0.51,703000,股
2026-06-11,4904,遠傳,0.51,510000,股
2026-06-11,5904,寶雅,0.47,82000,股
2026-06-11,6196,帆宣,0.47,100000,股
2026-06-11,3023,信邦,0.45,157000,股
2026-06-11,8021,尖點,0.45,86000,股
2026-06-11,2606,裕民,0.44,700000,股
2026-06-11,3042,晶技,0.43,199000,股
2026-06-11,5536,聖暉*,0.41,41000,股
2026-06-11,3036,文曄,0.4,184000,股
2026-06-11,3045,台灣大,0.39,356000,股
2026-06-11,6139,亞翔工程,0.37,54000,股
2026-06-11,8358,金居開發,0.37,75000,股
2026-06-11,4722,國精化學,0.35,184000,股
2026-06-11,8028,昇陽半導體,0.35,126000,股
2026-06-12,2330,台積電,9.44,452000,股
2026-06-12,2454,聯發科,7.32,194000,股
2026-06-12,6223,旺矽,6.62,113000,股
2026-06-12,2383,台光電子,5.1,117000,股
2026-06-12,2308,台達電子,4.7,235000,股
2026-06-12,2327,國巨*,4.45,576000,股
2026-06-12,6274,台燿,4.22,327000,股
2026-06-12,6515,穎崴,3.98,46000,股
2026-06-12,2344,華邦電子,3.79,2440000,股
2026-06-12,5274,信驊科技,3.66,22000,股
2026-06-12,6669,緯穎,3.64,83000,股
2026-06-12,2345,智邦,2.78,132000,股
2026-06-12,3037,欣興,2.56,314000,股
2026-06-12,3017,奇鋐,2.3,106000,股
2026-06-12,2303,聯電,2.16,1791000,股
2026-06-12,2360,致茂,2.03,98000,股
2026-06-12,2368,金像電子,1.93,162000,股
2026-06-12,2408,南亞科,1.91,565000,股
2026-06-12,3443,創意電子,1.74,44000,股
2026-06-12,8046,南電,1.6,216000,股
2026-06-12,3665,貿聯-KY,1.54,74000,股
2026-06-12,8210,勤誠興業,1.52,114000,股
2026-06-12,3189,景碩科技,1.5,272000,股
2026-06-12,202606TX,台指期貨,1.45,19,口
2026-06-12,3711,日月光投控,1.36,255000,股
2026-06-12,2885,元大金,1.19,2062000,股
2026-06-12,3264,欣銓,1.12,545000,股
2026-06-12,2882,國泰金,1.04,1144000,股
2026-06-12,2881,富邦金控,1.01,915000,股
2026-06-12,2883,凱基金控,0.69,2780000,股
2026-06-12,2347,聯強,0.58,719000,股
2026-06-12,3702,大聯大,0.58,615000,股
2026-06-12,3406,玉晶光,0.57,95000,股
2026-06-12,2891,中信金,0.54,889000,股
2026-06-12,6147,頎邦,0.52,258000,股
2026-06-12,2027,大成鋼,0.51,1299000,股
2026-06-12,2637,慧洋-KY,0.5,703000,股
2026-06-12,4904,遠傳,0.5,510000,股
2026-06-12,6196,帆宣,0.49,100000,股
2026-06-12,5904,寶雅,0.48,82000,股
2026-06-12,3023,信邦,0.45,157000,股
2026-06-12,4958,臻鼎-KY,0.45,90000,股
2026-06-12,5536,聖暉*,0.44,41000,股
2026-06-12,2606,裕民,0.43,700000,股
2026-06-12,8021,尖點,0.41,86000,股
2026-06-12,3042,晶技,0.4,199000,股
2026-06-12,6139,亞翔工程,0.39,54000,股
2026-06-12,8358,金居開發,0.39,75000,股
2026-06-12,3036,文曄,0.38,184000,股
2026-06-12,3045,台灣大,0.38,356000,股
2026-06-12,4722,國精化學,0.38,184000,股
2026-06-12,8028,昇陽半導體,0.36,126000,股
2026-06-15,2330,台積電,9.37,452000,股
2026-06-15,2454,聯發科,7.57,194000,股
2026-06-15,6223,旺矽,6.34,113000,股
2026-06-15,2383,台光電子,5.14,117000,股
2026-06-15,2327,國巨*,4.72,576000,股
2026-06-15,2308,台達電子,4.53,235000,股
2026-06-15,6274,台燿,4.48,327000,股
2026-06-15,2344,華邦電子,4.02,2440000,股
2026-06-15,6515,穎崴,3.98,46000,股
2026-06-15,6669,緯穎,3.55,83000,股
2026-06-15,5274,信驊科技,3.42,22000,股
2026-06-15,2345,智邦,2.8,132000,股
2026-06-15,3037,欣興,2.63,314000,股
2026-06-15,3017,奇鋐,2.23,106000,股
2026-06-15,2303,聯電,2.21,1791000,股
2026-06-15,2408,南亞科,1.95,565000,股
2026-06-15,2360,致茂,1.94,98000,股
2026-06-15,2368,金像電子,1.87,162000,股
2026-06-15,3443,創意電子,1.85,44000,股
2026-06-15,8046,南電,1.62,216000,股
2026-06-15,3189,景碩科技,1.57,272000,股
2026-06-15,202607TX,台指期貨,1.52,19,口
2026-06-15,3665,貿聯-KY,1.46,74000,股
2026-06-15,8210,勤誠興業,1.42,114000,股
2026-06-15,3711,日月光投控,1.31,255000,股
2026-06-15,2885,元大金,1.17,2062000,股
2026-06-15,3264,欣銓,1.08,545000,股
2026-06-15,2882,國泰金,1.04,1144000,股
2026-06-15,2881,富邦金控,1.02,915000,股
2026-06-15,2883,凱基金控,0.7,2780000,股
2026-06-15,3406,玉晶光,0.6,95000,股
2026-06-15,3702,大聯大,0.58,615000,股
2026-06-15,2347,聯強,0.57,719000,股
2026-06-15,2891,中信金,0.54,889000,股
2026-06-15,6147,頎邦,0.53,258000,股
2026-06-15,6196,帆宣,0.5,100000,股
2026-06-15,2027,大成鋼,0.49,1299000,股
2026-06-15,2637,慧洋-KY,0.49,703000,股
2026-06-15,4904,遠傳,0.49,510000,股
2026-06-15,4958,臻鼎-KY,0.46,90000,股
2026-06-15,5536,聖暉*,0.45,41000,股
2026-06-15,5904,寶雅,0.45,82000,股
2026-06-15,3023,信邦,0.44,157000,股
2026-06-15,3042,晶技,0.42,199000,股
2026-06-15,6139,亞翔工程,0.42,54000,股
2026-06-15,2606,裕民,0.41,700000,股
2026-06-15,8358,金居開發,0.41,75000,股
2026-06-15,4722,國精化學,0.39,184000,股
2026-06-15,8021,尖點,0.38,86000,股
2026-06-15,3045,台灣大,0.37,356000,股
2026-06-15,3036,文曄,0.36,184000,股
2026-06-15,8028,昇陽半導體,0.35,126000,股
2026-06-16,2330,台積電,9.38,452000,股
2026-06-16,2454,聯發科,7.66,194000,股
2026-06-16,6223,旺矽,6.31,113000,股
2026-06-16,2383,台光電子,5.19,117000,股
2026-06-16,2327,國巨*,4.74,576000,股
2026-06-16,6274,台燿,4.56,327000,股
2026-06-16,2308,台達電子,4.54,235000,股
2026-06-16,2344,華邦電子,4.16,2440000,股
2026-06-16,6515,穎崴,3.96,46000,股
2026-06-16,6669,緯穎,3.51,83000,股
2026-06-16,5274,信驊科技,3.46,22000,股
2026-06-16,2345,智邦,2.88,132000,股
2026-06-16,3037,欣興,2.67,314000,股
2026-06-16,2303,聯電,2.19,1791000,股
2026-06-16,3017,奇鋐,2.18,106000,股
2026-06-16,2408,南亞科,2.08,565000,股
2026-06-16,2360,致茂,1.97,98000,股
2026-06-16,2368,金像電子,1.89,162000,股
2026-06-16,3443,創意電子,1.88,44000,股
2026-06-16,8046,南電,1.69,216000,股
2026-06-16,202607TX,台指期貨,1.52,19,口
2026-06-16,3189,景碩科技,1.51,272000,股
2026-06-16,3665,貿聯-KY,1.36,74000,股
2026-06-16,8210,勤誠興業,1.33,114000,股
2026-06-16,3711,日月光投控,1.31,255000,股
2026-06-16,2885,元大金,1.17,2062000,股
2026-06-16,2882,國泰金,1.09,1144000,股
2026-06-16,2881,富邦金控,1.05,915000,股
2026-06-16,3264,欣銓,1.04,545000,股
2026-06-16,2883,凱基金控,0.72,2780000,股
2026-06-16,3406,玉晶光,0.61,95000,股
2026-06-16,2347,聯強,0.58,719000,股
2026-06-16,3702,大聯大,0.58,615000,股
2026-06-16,2891,中信金,0.55,889000,股
2026-06-16,6147,頎邦,0.51,258000,股
2026-06-16,4904,遠傳,0.5,510000,股
2026-06-16,4958,臻鼎-KY,0.49,90000,股
2026-06-16,2637,慧洋-KY,0.48,703000,股
2026-06-16,2027,大成鋼,0.47,1299000,股
2026-06-16,6196,帆宣,0.47,100000,股
2026-06-16,5904,寶雅,0.44,82000,股
2026-06-16,3023,信邦,0.43,157000,股
2026-06-16,5536,聖暉*,0.42,41000,股
2026-06-16,8358,金居開發,0.41,75000,股
2026-06-16,3042,晶技,0.39,199000,股
2026-06-16,8021,尖點,0.39,86000,股
2026-06-16,4722,國精化學,0.38,184000,股
2026-06-16,6139,亞翔工程,0.38,54000,股
2026-06-16,2606,裕民,0.37,700000,股
2026-06-16,3045,台灣大,0.37,356000,股
2026-06-16,3036,文曄,0.35,184000,股
2026-06-16,8028,昇陽半導體,0.34,126000,股
2026-06-17,2330,台積電,9.32,445000,股
2026-06-17,2454,聯發科,7.43,190000,股
2026-06-17,6223,旺矽,6.25,111000,股
2026-06-17,2383,台光電子,5.24,115000,股
2026-06-17,2327,國巨*,4.89,567000,股
2026-06-17,6274,台燿,4.71,322000,股
2026-06-17,2308,台達電子,4.36,231000,股
2026-06-17,2344,華邦電子,4.19,2402000,股
2026-06-17,6515,穎崴,3.73,45000,股
2026-06-17,6669,緯穎,3.61,81000,股
2026-06-17,5274,信驊科技,3.4,21000,股
2026-06-17,2345,智邦,2.82,129000,股
2026-06-17,3037,欣興,2.68,309000,股
2026-06-17,2303,聯電,2.16,1761000,股
2026-06-17,3017,奇鋐,2.16,104000,股
2026-06-17,2408,南亞科,2.13,555000,股
2026-06-17,2368,金像電子,1.91,159000,股
2026-06-17,3443,創意電子,1.91,43000,股
2026-06-17,2360,致茂,1.88,96000,股
2026-06-17,3189,景碩科技,1.65,267000,股
2026-06-17,8046,南電,1.64,212000,股
2026-06-17,202607TX,台指期貨,1.52,19,口
2026-06-17,3665,貿聯-KY,1.32,72000,股
2026-06-17,8210,勤誠興業,1.32,112000,股
2026-06-17,3711,日月光投控,1.3,250000,股
2026-06-17,2885,元大金,1.19,2031000,股
2026-06-17,2882,國泰金,1.12,1127000,股
2026-06-17,2881,富邦金控,1.07,901000,股
2026-06-17,3264,欣銓,0.99,536000,股
2026-06-17,2883,凱基金控,0.73,2739000,股
2026-06-17,3406,玉晶光,0.59,93000,股
2026-06-17,2347,聯強,0.57,708000,股
2026-06-17,3702,大聯大,0.57,606000,股
2026-06-17,2891,中信金,0.55,876000,股
2026-06-17,6147,頎邦,0.51,254000,股
2026-06-17,4958,臻鼎-KY,0.49,88000,股
2026-06-17,4904,遠傳,0.48,501000,股
2026-06-17,2027,大成鋼,0.47,1279000,股
2026-06-17,2637,慧洋-KY,0.47,692000,股
2026-06-17,6196,帆宣,0.46,98000,股
2026-06-17,5904,寶雅,0.43,80000,股
2026-06-17,3023,信邦,0.42,154000,股
2026-06-17,4722,國精化學,0.42,181000,股
2026-06-17,5536,聖暉*,0.42,40000,股
2026-06-17,8358,金居開發,0.42,75000,股
2026-06-17,8021,尖點,0.41,86000,股
2026-06-17,2606,裕民,0.38,689000,股
2026-06-17,3042,晶技,0.38,195000,股
2026-06-17,3045,台灣大,0.37,350000,股
2026-06-17,6139,亞翔工程,0.37,53000,股
2026-06-17,3036,文曄,0.36,181000,股
2026-06-17,8028,昇陽半導體,0.34,124000,股
2026-06-18,2330,台積電,9.24,445000,股
2026-06-18,2454,聯發科,7.18,190000,股
2026-06-18,6223,旺矽,6.13,111000,股
2026-06-18,2383,台光電子,5.54,115000,股
2026-06-18,2327,國巨*,5.27,567000,股
2026-06-18,6274,台燿,5.09,322000,股
2026-06-18,2344,華邦電子,4.52,2402000,股
2026-06-18,2308,台達電子,4.27,231000,股
2026-06-18,6515,穎崴,3.66,45000,股
2026-06-18,6669,緯穎,3.58,81000,股
2026-06-18,5274,信驊科技,3.43,21000,股
2026-06-18,2345,智邦,2.7,129000,股
2026-06-18,3037,欣興,2.57,309000,股
2026-06-18,2303,聯電,2.21,1761000,股
2026-06-18,2408,南亞科,2.2,555000,股
2026-06-18,3017,奇鋐,2.15,104000,股
2026-06-18,2360,致茂,1.91,96000,股
2026-06-18,2368,金像電子,1.85,159000,股
2026-06-18,3443,創意電子,1.8,43000,股
2026-06-18,3189,景碩科技,1.66,267000,股
2026-06-18,8046,南電,1.59,212000,股
2026-06-18,202607TX,台指期貨,1.52,19,口
2026-06-18,3711,日月光投控,1.32,250000,股
2026-06-18,8210,勤誠興業,1.32,112000,股
2026-06-18,3665,貿聯-KY,1.3,72000,股
2026-06-18,2885,元大金,1.19,2031000,股
2026-06-18,2882,國泰金,1.12,1127000,股
2026-06-18,2881,富邦金控,1.07,901000,股
2026-06-18,3264,欣銓,1.07,536000,股
2026-06-18,2883,凱基金控,0.72,2739000,股
2026-06-18,3406,玉晶光,0.6,93000,股
2026-06-18,3702,大聯大,0.58,606000,股
2026-06-18,2347,聯強,0.57,708000,股
2026-06-18,6147,頎邦,0.55,254000,股
2026-06-18,2891,中信金,0.54,876000,股
2026-06-18,4958,臻鼎-KY,0.49,88000,股
2026-06-18,6196,帆宣,0.48,98000,股
2026-06-18,4904,遠傳,0.47,501000,股
2026-06-18,2637,慧洋-KY,0.46,692000,股
2026-06-18,2027,大成鋼,0.45,1279000,股
2026-06-18,8358,金居開發,0.45,75000,股
2026-06-18,5536,聖暉*,0.44,40000,股
2026-06-18,3023,信邦,0.43,154000,股
2026-06-18,4722,國精化學,0.43,181000,股
2026-06-18,5904,寶雅,0.43,80000,股
2026-06-18,8021,尖點,0.4,86000,股
2026-06-18,6139,亞翔工程,0.38,53000,股
2026-06-18,2606,裕民,0.36,689000,股
2026-06-18,3042,晶技,0.36,195000,股
2026-06-18,3045,台灣大,0.36,350000,股
2026-06-18,3036,文曄,0.35,181000,股
2026-06-18,8028,昇陽半導體,0.33,124000,股
2026-06-22,2330,台積電,9.42,445000,股
2026-06-22,2454,聯發科,7.17,190000,股
2026-06-22,6223,旺矽,6.03,111000,股
2026-06-22,2383,台光電子,5.66,115000,股
2026-06-22,6274,台燿,5.17,322000,股
2026-06-22,2327,國巨*,5.1,567000,股
2026-06-22,2344,華邦電子,4.51,2402000,股
2026-06-22,2308,台達電子,4.2,231000,股
2026-06-22,6515,穎崴,3.6,45000,股
2026-06-22,5274,信驊科技,3.42,21000,股
2026-06-22,6669,緯穎,3.32,81000,股
2026-06-22,2345,智邦,2.83,129000,股
2026-06-22,3037,欣興,2.62,309000,股
2026-06-22,2303,聯電,2.38,1761000,股
2026-06-22,2408,南亞科,2.37,555000,股
2026-06-22,3017,奇鋐,2.13,104000,股
2026-06-22,2360,致茂,1.87,96000,股
2026-06-22,2368,金像電子,1.87,159000,股
2026-06-22,3189,景碩科技,1.8,267000,股
2026-06-22,3443,創意電子,1.73,43000,股
2026-06-22,8046,南電,1.55,212000,股
2026-06-22,202607TX,台指期貨,1.52,19,口
2026-06-22,3711,日月光投控,1.42,250000,股
2026-06-22,8210,勤誠興業,1.3,112000,股
2026-06-22,3665,貿聯-KY,1.21,72000,股
2026-06-22,2885,元大金,1.18,2031000,股
2026-06-22,3264,欣銓,1.1,536000,股
2026-06-22,2882,國泰金,1.08,1127000,股
2026-06-22,2881,富邦金控,1.05,901000,股
2026-06-22,2883,凱基金控,0.7,2739000,股
2026-06-22,3406,玉晶光,0.61,93000,股
2026-06-22,6147,頎邦,0.59,254000,股
2026-06-22,3702,大聯大,0.58,606000,股
2026-06-22,2347,聯強,0.56,708000,股
2026-06-22,2891,中信金,0.52,876000,股
2026-06-22,6196,帆宣,0.47,98000,股
2026-06-22,4904,遠傳,0.46,501000,股
2026-06-22,4958,臻鼎-KY,0.46,88000,股
2026-06-22,2637,慧洋-KY,0.45,692000,股
2026-06-22,2027,大成鋼,0.44,1279000,股
2026-06-22,4722,國精化學,0.44,181000,股
2026-06-22,8358,金居開發,0.44,75000,股
2026-06-22,3023,信邦,0.43,154000,股
2026-06-22,5536,聖暉*,0.43,40000,股
2026-06-22,5904,寶雅,0.43,80000,股
2026-06-22,8021,尖點,0.42,86000,股
2026-06-22,2606,裕民,0.36,689000,股
2026-06-22,6139,亞翔工程,0.36,53000,股
2026-06-22,3045,台灣大,0.35,350000,股
2026-06-22,3036,文曄,0.34,181000,股
2026-06-22,8028,昇陽半導體,0.34,124000,股
2026-06-22,3042,晶技,0.33,195000,股
2026-06-23,2330,台積電,9.61,447000,股
2026-06-23,6223,旺矽,6.48,112000,股
2026-06-23,2454,聯發科,6.4,163000,股
2026-06-23,2383,台光電子,5.67,115000,股
2026-06-23,2327,國巨*,5.33,604000,股
2026-06-23,6274,台燿,4.78,318000,股
2026-06-23,2344,華邦電子,4.55,2484000,股
2026-06-23,2308,台達電子,3.85,214000,股
2026-06-23,6515,穎崴,3.68,45000,股
2026-06-23,5274,信驊科技,3.36,21000,股
2026-06-23,2345,智邦,2.93,139000,股
2026-06-23,3037,欣興,2.92,346000,股
2026-06-23,2303,聯電,2.9,1971000,股
2026-06-23,6669,緯穎,2.63,65000,股
2026-06-23,3017,奇鋐,2.43,116000,股
2026-06-23,2408,南亞科,2.19,557000,股
2026-06-23,3189,景碩科技,1.88,298000,股
2026-06-23,2368,金像電子,1.8,164000,股
2026-06-23,3443,創意電子,1.72,42000,股
2026-06-23,3711,日月光投控,1.59,278000,股
2026-06-23,202607TX,台指期貨,1.52,19,口
2026-06-23,4958,臻鼎-KY,1.32,259000,股
2026-06-23,3665,貿聯-KY,1.28,74000,股
2026-06-23,3264,欣銓,1.23,610000,股
2026-06-23,2360,致茂,1.12,57000,股
2026-06-23,2881,富邦金控,1.06,888000,股
2026-06-23,8046,南電,1.0,127000,股
2026-06-23,2885,元大金,0.99,1675000,股
2026-06-23,8358,金居開發,0.97,170000,股
2026-06-23,5536,聖暉*,0.92,84000,股
2026-06-23,2882,國泰金,0.9,912000,股
2026-06-23,8210,勤誠興業,0.76,67000,股
2026-06-23,2883,凱基金控,0.68,2598000,股
2026-06-23,8996,高力,0.55,44000,股
2026-06-23,2891,中信金,0.54,863000,股
2026-06-23,2347,聯強,0.5,636000,股
2026-06-23,3406,玉晶光,0.49,77000,股
2026-06-23,6147,頎邦,0.46,208000,股
2026-06-23,8021,尖點,0.42,86000,股
2026-06-23,2637,慧洋-KY,0.4,595000,股
2026-06-23,4904,遠傳,0.4,430000,股
2026-06-23,5904,寶雅,0.4,69000,股
2026-06-23,6196,帆宣,0.4,85000,股
2026-06-23,3045,台灣大,0.32,308000,股
2026-06-23,2890,永豐金控,0.24,685000,股
2026-06-23,1303,南亞,0.18,136000,股
2026-06-23,2472,立隆,0.15,48000,股
2026-06-23,3357,臺慶科,0.14,53000,股
2026-06-23,3481,群創光電,0.13,226000,股
2026-06-23,2412,中華電,0.12,97000,股
2026-06-23,3044,健鼎科技,0.12,27000,股
2026-06-23,6446,藥華醫藥,0.12,13000,股
2026-06-23,2618,長榮航,0.11,308000,股
2026-06-23,3008,大立光電,0.09,2000,股
2026-06-24,2330,台積電,9.41,452000,股
2026-06-24,6223,旺矽,7.19,115000,股
2026-06-24,2327,國巨*,5.75,628000,股
2026-06-24,2383,台光電子,5.57,115000,股
2026-06-24,2454,聯發科,5.04,135000,股
2026-06-24,2344,華邦電子,4.55,2548000,股
2026-06-24,6274,台燿,4.45,289000,股
2026-06-24,6515,穎崴,3.73,45000,股
2026-06-24,2303,聯電,3.61,2327000,股
2026-06-24,5274,信驊科技,3.51,22000,股
2026-06-24,2308,台達電子,3.42,196000,股
2026-06-24,3037,欣興,3.32,409000,股
2026-06-24,2345,智邦,3.06,148000,股
2026-06-24,3017,奇鋐,2.8,127000,股
2026-06-24,4958,臻鼎-KY,2.41,472000,股
2026-06-24,2408,南亞科,2.15,557000,股
2026-06-24,3189,景碩科技,2.02,314000,股
2026-06-24,3711,日月光投控,1.88,331000,股
2026-06-24,2368,金像電子,1.79,164000,股
2026-06-24,8358,金居開發,1.74,313000,股
2026-06-24,3443,創意電子,1.7,40000,股
2026-06-24,6669,緯穎,1.69,42000,股
2026-06-24,5536,聖暉*,1.67,147000,股
2026-06-24,202607TX,台指期貨,1.52,19,口
2026-06-24,3264,欣銓,1.46,712000,股
2026-06-24,3665,貿聯-KY,1.38,79000,股
2026-06-24,2881,富邦金控,1.04,884000,股
2026-06-24,2885,元大金,0.68,1184000,股
2026-06-24,2883,凱基金控,0.63,2420000,股
2026-06-24,2882,國泰金,0.58,606000,股
2026-06-24,2890,永豐金控,0.58,1681000,股
2026-06-24,8996,高力,0.56,44000,股
2026-06-24,2891,中信金,0.53,863000,股
2026-06-24,8021,尖點,0.43,86000,股
2026-06-24,2347,聯強,0.41,510000,股
2026-06-24,2472,立隆,0.35,110000,股
2026-06-24,3406,玉晶光,0.34,53000,股
2026-06-24,3357,臺慶科,0.33,119000,股
2026-06-24,5904,寶雅,0.33,57000,股
2026-06-24,3045,台灣大,0.32,306000,股
2026-06-24,3481,群創光電,0.32,526000,股
2026-06-24,6446,藥華醫藥,0.32,32000,股
2026-06-24,6196,帆宣,0.31,66000,股
2026-06-24,2412,中華電,0.3,237000,股
2026-06-24,2637,慧洋-KY,0.3,455000,股
2026-06-24,3044,健鼎科技,0.3,65000,股
2026-06-24,4904,遠傳,0.3,327000,股
2026-06-24,6147,頎邦,0.3,138000,股
2026-06-24,2618,長榮航,0.29,751000,股
2026-06-24,3008,大立光電,0.21,5000,股
2026-06-24,1303,南亞,0.18,136000,股
2026-06-25,2330,台積電,9.33,452000,股
2026-06-25,6223,旺矽,6.88,115000,股
2026-06-25,2327,國巨*,6.12,628000,股
2026-06-25,2383,台光電子,5.62,115000,股
2026-06-25,2454,聯發科,5.04,135000,股
2026-06-25,2344,華邦電子,4.84,2548000,股
2026-06-25,6274,台燿,4.25,289000,股
2026-06-25,3037,欣興,3.61,409000,股
2026-06-25,2303,聯電,3.6,2327000,股
2026-06-25,6515,穎崴,3.55,45000,股
2026-06-25,2308,台達電子,3.36,196000,股
2026-06-25,5274,信驊科技,3.32,22000,股
2026-06-25,2345,智邦,3.05,148000,股
2026-06-25,3017,奇鋐,2.75,127000,股
2026-06-25,4958,臻鼎-KY,2.46,472000,股
2026-06-25,2408,南亞科,2.3,557000,股
2026-06-25,3189,景碩科技,2.21,314000,股
2026-06-25,3711,日月光投控,1.84,331000,股
2026-06-25,2368,金像電子,1.76,164000,股
2026-06-25,5536,聖暉*,1.72,147000,股
2026-06-25,8358,金居開發,1.71,313000,股
2026-06-25,3443,創意電子,1.68,40000,股
2026-06-25,6669,緯穎,1.65,42000,股
2026-06-25,202607TX,台指期貨,1.52,19,口
2026-06-25,3264,欣銓,1.41,712000,股
2026-06-25,3665,貿聯-KY,1.31,79000,股
2026-06-25,2881,富邦金控,1.04,884000,股
2026-06-25,2885,元大金,0.68,1184000,股
2026-06-25,2883,凱基金控,0.64,2420000,股
2026-06-25,2882,國泰金,0.59,606000,股
2026-06-25,2890,永豐金控,0.58,1681000,股
2026-06-25,8996,高力,0.56,44000,股
2026-06-25,2891,中信金,0.53,863000,股
2026-06-25,2347,聯強,0.42,510000,股
2026-06-25,8021,尖點,0.41,86000,股
2026-06-25,2472,立隆,0.38,110000,股
2026-06-25,3406,玉晶光,0.35,53000,股
2026-06-25,3357,臺慶科,0.33,119000,股
2026-06-25,5904,寶雅,0.33,57000,股
2026-06-25,6446,藥華醫藥,0.33,32000,股
2026-06-25,3045,台灣大,0.32,306000,股
2026-06-25,3481,群創光電,0.32,526000,股
2026-06-25,6196,帆宣,0.32,66000,股
2026-06-25,4904,遠傳,0.31,327000,股
2026-06-25,2412,中華電,0.3,237000,股
2026-06-25,2637,慧洋-KY,0.3,455000,股
2026-06-25,3044,健鼎科技,0.3,65000,股
2026-06-25,2618,長榮航,0.29,751000,股
2026-06-25,6147,頎邦,0.29,138000,股
2026-06-25,3008,大立光電,0.22,5000,股
2026-06-25,1303,南亞,0.18,136000,股
2026-06-26,2330,台積電,9.83,452000,股
2026-06-26,6223,旺矽,6.95,115000,股
2026-06-26,2327,國巨*,5.92,628000,股
2026-06-26,2383,台光電子,5.62,115000,股
2026-06-26,2344,華邦電子,4.89,2548000,股
2026-06-26,2454,聯發科,4.87,135000,股
2026-06-26,6274,台燿,4.24,289000,股
2026-06-26,3037,欣興,3.71,409000,股
2026-06-26,2303,聯電,3.55,2327000,股
2026-06-26,6515,穎崴,3.42,45000,股
2026-06-26,2308,台達電子,3.3,196000,股
2026-06-26,2345,智邦,3.27,148000,股
2026-06-26,5274,信驊科技,3.19,22000,股
2026-06-26,3017,奇鋐,2.66,127000,股
2026-06-26,4958,臻鼎-KY,2.54,472000,股
2026-06-26,3189,景碩科技,2.33,314000,股
2026-06-26,2408,南亞科,2.32,557000,股
2026-06-26,3711,日月光投控,1.94,331000,股
2026-06-26,2368,金像電子,1.81,164000,股
2026-06-26,5536,聖暉*,1.78,147000,股
2026-06-26,6669,緯穎,1.67,42000,股
2026-06-26,202607TX,台指期貨,1.66,19,口
2026-06-26,8358,金居開發,1.66,313000,股
2026-06-26,3443,創意電子,1.64,40000,股
2026-06-26,3264,欣銓,1.42,712000,股
2026-06-26,3665,貿聯-KY,1.36,79000,股
2026-06-26,2881,富邦金控,1.1,884000,股
2026-06-26,2885,元大金,0.73,1184000,股
2026-06-26,2883,凱基金控,0.67,2420000,股
2026-06-26,2890,永豐金控,0.61,1681000,股
2026-06-26,2882,國泰金,0.6,606000,股
2026-06-26,2891,中信金,0.56,863000,股
2026-06-26,8996,高力,0.56,44000,股
2026-06-26,2347,聯強,0.44,510000,股
2026-06-26,8021,尖點,0.43,86000,股
2026-06-26,2472,立隆,0.38,110000,股
2026-06-26,3045,台灣大,0.34,306000,股
2026-06-26,3406,玉晶光,0.34,53000,股
2026-06-26,5904,寶雅,0.34,57000,股
2026-06-26,6446,藥華醫藥,0.34,32000,股
2026-06-26,3357,臺慶科,0.33,119000,股
2026-06-26,4904,遠傳,0.33,327000,股
2026-06-26,6196,帆宣,0.33,66000,股
2026-06-26,3481,群創光電,0.32,526000,股
2026-06-26,2412,中華電,0.31,237000,股
2026-06-26,2618,長榮航,0.31,751000,股
2026-06-26,3044,健鼎科技,0.31,65000,股
2026-06-26,2637,慧洋-KY,0.3,455000,股
2026-06-26,6147,頎邦,0.28,138000,股
2026-06-26,3008,大立光電,0.22,5000,股
2026-06-26,1303,南亞,0.19,136000,股
2026-06-29,2330,台積電,9.99,452000,股
2026-06-29,6223,旺矽,6.48,115000,股
2026-06-29,2327,國巨*,6.08,628000,股
2026-06-29,2383,台光電子,5.83,115000,股
2026-06-29,2454,聯發科,4.91,135000,股
2026-06-29,2344,華邦電子,4.81,2548000,股
2026-06-29,6274,台燿,4.18,289000,股
2026-06-29,3037,欣興,3.71,409000,股
2026-06-29,2303,聯電,3.55,2327000,股
2026-06-29,2308,台達電子,3.47,196000,股
2026-06-29,6515,穎崴,3.36,45000,股
2026-06-29,2345,智邦,3.22,148000,股
2026-06-29,5274,信驊科技,3.11,22000,股
2026-06-29,3017,奇鋐,2.72,127000,股
2026-06-29,4958,臻鼎-KY,2.52,472000,股
2026-06-29,3189,景碩科技,2.37,314000,股
2026-06-29,2408,南亞科,2.35,557000,股
2026-06-29,3711,日月光投控,1.93,331000,股
2026-06-29,6669,緯穎,1.79,42000,股
2026-06-29,2368,金像電子,1.76,164000,股
2026-06-29,202607TX,台指期貨,1.71,19,口
2026-06-29,5536,聖暉*,1.7,147000,股
2026-06-29,3443,創意電子,1.64,40000,股
2026-06-29,8358,金居開發,1.59,313000,股
2026-06-29,3264,欣銓,1.43,712000,股
2026-06-29,3665,貿聯-KY,1.38,79000,股
2026-06-29,2881,富邦金控,1.06,884000,股
2026-06-29,2885,元大金,0.72,1184000,股
2026-06-29,2883,凱基金控,0.67,2420000,股
2026-06-29,2890,永豐金控,0.62,1681000,股
2026-06-29,8996,高力,0.6,44000,股
2026-06-29,2882,國泰金,0.57,606000,股
2026-06-29,2891,中信金,0.56,863000,股
2026-06-29,2347,聯強,0.43,510000,股
2026-06-29,2472,立隆,0.42,110000,股
2026-06-29,8021,尖點,0.42,86000,股
2026-06-29,6446,藥華醫藥,0.38,32000,股
2026-06-29,3045,台灣大,0.34,306000,股
2026-06-29,5904,寶雅,0.34,57000,股
2026-06-29,3481,群創光電,0.33,526000,股
2026-06-29,6196,帆宣,0.33,66000,股
2026-06-29,3357,臺慶科,0.32,119000,股
2026-06-29,3406,玉晶光,0.32,53000,股
2026-06-29,4904,遠傳,0.32,327000,股
2026-06-29,2412,中華電,0.31,237000,股
2026-06-29,2618,長榮航,0.31,751000,股
2026-06-29,2637,慧洋-KY,0.31,455000,股
2026-06-29,3044,健鼎科技,0.3,65000,股
2026-06-29,6147,頎邦,0.27,138000,股
2026-06-29,3008,大立光電,0.2,5000,股
2026-06-29,1303,南亞,0.19,136000,股
2026-06-30,2330,台積電,10.03,467000,股
2026-06-30,2327,國巨*,6.4,628000,股
2026-06-30,2454,聯發科,6.15,162000,股
2026-06-30,2383,台光電子,5.54,115000,股
2026-06-30,6223,旺矽,4.19,77000,股
2026-06-30,2308,台達電子,3.83,220000,股
2026-06-30,3017,奇鋐,3.57,158000,股
2026-06-30,3037,欣興,3.52,368000,股
2026-06-30,2344,華邦電子,3.32,1792000,股
2026-06-30,2303,聯電,3.27,2223000,股
2026-06-30,2345,智邦,3.23,145000,股
2026-06-30,6274,台燿,3.2,213000,股
2026-06-30,4958,臻鼎-KY,2.66,472000,股
2026-06-30,6515,穎崴,2.38,33000,股
2026-06-30,5274,信驊科技,2.36,16000,股
2026-06-30,2408,南亞科,2.28,564000,股
2026-06-30,3189,景碩科技,2.25,282000,股
2026-06-30,8358,金居開發,1.99,372000,股
2026-06-30,6669,緯穎,1.91,46000,股
2026-06-30,3711,日月光投控,1.9,312000,股
2026-06-30,2368,金像電子,1.86,173000,股
2026-06-30,5536,聖暉*,1.74,151000,股
2026-06-30,202607TX,台指期貨,1.52,19,口
2026-06-30,3665,貿聯-KY,1.51,88000,股
2026-06-30,3264,欣銓,1.5,754000,股
2026-06-30,2881,富邦金控,1.34,1157000,股
2026-06-30,3443,創意電子,1.13,26000,股
2026-06-30,2885,元大金,0.9,1539000,股
2026-06-30,2883,凱基金控,0.85,3315000,股
2026-06-30,2890,永豐金控,0.8,2242000,股
2026-06-30,2882,國泰金,0.77,880000,股
2026-06-30,2891,中信金,0.73,1150000,股
2026-06-30,8996,高力,0.61,44000,股
2026-06-30,2347,聯強,0.55,678000,股
2026-06-30,2472,立隆,0.45,110000,股
2026-06-30,8021,尖點,0.44,86000,股
2026-06-30,3481,群創光電,0.43,706000,股
2026-06-30,6196,帆宣,0.43,86000,股
2026-06-30,6446,藥華醫藥,0.43,36000,股
2026-06-30,3044,健鼎科技,0.42,91000,股
2026-06-30,3045,台灣大,0.42,405000,股
2026-06-30,3406,玉晶光,0.42,72000,股
2026-06-30,5904,寶雅,0.42,70000,股
2026-06-30,2637,慧洋-KY,0.41,629000,股
2026-06-30,2412,中華電,0.4,318000,股
2026-06-30,2618,長榮航,0.4,994000,股
2026-06-30,4904,遠傳,0.4,424000,股
2026-06-30,3008,大立光電,0.38,10000,股
2026-06-30,6147,頎邦,0.38,200000,股
2026-06-30,3357,臺慶科,0.34,119000,股
2026-06-30,1303,南亞,0.2,136000,股
2026-07-01,2330,台積電,10.3,467000,股
2026-07-01,2327,國巨*,6.98,694000,股
2026-07-01,2454,聯發科,6.28,164000,股
2026-07-01,2383,台光電子,5.62,115000,股
2026-07-01,6223,旺矽,4.55,77000,股
2026-07-01,2308,台達電子,3.86,220000,股
2026-07-01,3017,奇鋐,3.65,158000,股
2026-07-01,2345,智邦,3.4,145000,股
2026-07-01,3037,欣興,3.38,368000,股
2026-07-01,2303,聯電,3.32,2223000,股
2026-07-01,6274,台燿,3.18,213000,股
2026-07-01,2344,華邦電子,3.01,1792000,股
2026-07-01,4958,臻鼎-KY,2.91,547000,股
2026-07-01,6515,穎崴,2.59,33000,股
2026-07-01,5274,信驊科技,2.42,16000,股
2026-07-01,3189,景碩科技,2.21,282000,股
2026-07-01,2408,南亞科,2.1,564000,股
2026-07-01,6669,緯穎,2.04,46000,股
2026-07-01,8358,金居開發,1.97,380000,股
2026-07-01,3711,日月光投控,1.94,312000,股
2026-07-01,2368,金像電子,1.86,173000,股
2026-07-01,5536,聖暉*,1.79,151000,股
2026-07-01,3665,貿聯-KY,1.56,88000,股
2026-07-01,3264,欣銓,1.54,754000,股
2026-07-01,202607TX,台指期貨,1.52,19,口
2026-07-01,2881,富邦金控,1.25,1157000,股
2026-07-01,3443,創意電子,1.16,26000,股
2026-07-01,2885,元大金,0.9,1539000,股
2026-07-01,2883,凱基金控,0.83,3315000,股
2026-07-01,2890,永豐金控,0.79,2242000,股
2026-07-01,2882,國泰金,0.74,880000,股
2026-07-01,2891,中信金,0.72,1150000,股
2026-07-01,8996,高力,0.6,44000,股
2026-07-01,2347,聯強,0.56,678000,股
2026-07-01,2472,立隆,0.47,126000,股
2026-07-01,6196,帆宣,0.43,86000,股
2026-07-01,6446,藥華醫藥,0.43,36000,股
2026-07-01,8021,尖點,0.43,86000,股
2026-07-01,3045,台灣大,0.42,405000,股
2026-07-01,3481,群創光電,0.42,706000,股
2026-07-01,5904,寶雅,0.42,70000,股
2026-07-01,3044,健鼎科技,0.41,91000,股
2026-07-01,3406,玉晶光,0.41,72000,股
2026-07-01,2412,中華電,0.4,318000,股
2026-07-01,2637,慧洋-KY,0.4,629000,股
2026-07-01,2618,長榮航,0.39,994000,股
2026-07-01,4904,遠傳,0.39,424000,股
2026-07-01,6147,頎邦,0.39,200000,股
2026-07-01,3008,大立光電,0.38,10000,股
2026-07-01,3357,臺慶科,0.32,119000,股
2026-07-01,1303,南亞,0.22,136000,股
2026-07-02,2330,台積電,10.2,467000,股
2026-07-02,2327,國巨*,6.49,694000,股
2026-07-02,2454,聯發科,6.31,164000,股
2026-07-02,2383,台光電子,5.76,115000,股
2026-07-02,6223,旺矽,4.95,77000,股
2026-07-02,2308,台達電子,3.84,220000,股
2026-07-02,3017,奇鋐,3.83,158000,股
2026-07-02,2345,智邦,3.53,145000,股
2026-07-02,2303,聯電,3.26,2223000,股
2026-07-02,3037,欣興,3.19,368000,股
2026-07-02,6274,台燿,3.19,213000,股
2026-07-02,2344,華邦電子,2.91,1792000,股
2026-07-02,4958,臻鼎-KY,2.9,547000,股
2026-07-02,6515,穎崴,2.72,33000,股
2026-07-02,5274,信驊科技,2.52,16000,股
2026-07-02,6669,緯穎,2.12,46000,股
2026-07-02,3189,景碩科技,2.07,282000,股
2026-07-02,2408,南亞科,2.03,564000,股
2026-07-02,3711,日月光投控,2.01,312000,股
2026-07-02,8358,金居開發,1.92,380000,股
2026-07-02,5536,聖暉*,1.91,151000,股
2026-07-02,2368,金像電子,1.89,173000,股
2026-07-02,3264,欣銓,1.66,754000,股
2026-07-02,3665,貿聯-KY,1.59,88000,股
2026-07-02,202607TX,台指期貨,1.52,19,口
2026-07-02,3443,創意電子,1.23,26000,股
2026-07-02,2881,富邦金控,1.22,1157000,股
2026-07-02,2885,元大金,0.9,1539000,股
2026-07-02,2883,凱基金控,0.82,3315000,股
2026-07-02,2890,永豐金控,0.78,2242000,股
2026-07-02,2882,國泰金,0.73,880000,股
2026-07-02,2891,中信金,0.71,1150000,股
2026-07-02,2347,聯強,0.56,678000,股
2026-07-02,8996,高力,0.55,44000,股
2026-07-02,2472,立隆,0.48,126000,股
2026-07-02,6196,帆宣,0.45,86000,股
2026-07-02,6446,藥華醫藥,0.44,36000,股
2026-07-02,3045,台灣大,0.43,405000,股
2026-07-02,5904,寶雅,0.43,70000,股
2026-07-02,3481,群創光電,0.42,706000,股
2026-07-02,3044,健鼎科技,0.41,91000,股
2026-07-02,3406,玉晶光,0.41,72000,股
2026-07-02,8021,尖點,0.41,86000,股
2026-07-02,2412,中華電,0.4,318000,股
2026-07-02,2637,慧洋-KY,0.4,629000,股
2026-07-02,2618,長榮航,0.39,994000,股
2026-07-02,4904,遠傳,0.39,424000,股
2026-07-02,3008,大立光電,0.38,10000,股
2026-07-02,6147,頎邦,0.37,200000,股
2026-07-02,3357,臺慶科,0.32,119000,股
2026-07-02,1303,南亞,0.24,136000,股
2026-07-03,2330,台積電,10.03,467000,股
2026-07-03,2327,國巨*,6.37,694000,股
2026-07-03,2383,台光電子,6.14,115000,股
2026-07-03,2454,聯發科,6.04,164000,股
2026-07-03,6223,旺矽,4.99,77000,股
2026-07-03,2308,台達電子,4.01,220000,股
2026-07-03,3017,奇鋐,3.83,158000,股
2026-07-03,2345,智邦,3.48,145000,股
2026-07-03,6274,台燿,3.35,213000,股
2026-07-03,2303,聯電,3.33,2223000,股
2026-07-03,3037,欣興,3.13,368000,股
2026-07-03,4958,臻鼎-KY,2.94,547000,股
2026-07-03,2344,華邦電子,2.9,1792000,股
2026-07-03,6515,穎崴,2.87,33000,股
2026-07-03,5274,信驊科技,2.42,16000,股
2026-07-03,6669,緯穎,2.13,46000,股
2026-07-03,3189,景碩科技,2.06,282000,股
2026-07-03,2408,南亞科,2.03,564000,股
2026-07-03,2368,金像電子,1.98,173000,股
2026-07-03,8358,金居開發,1.97,380000,股
2026-07-03,5536,聖暉*,1.9,151000,股
2026-07-03,3711,日月光投控,1.87,312000,股
2026-07-03,3264,欣銓,1.63,754000,股
2026-07-03,3665,貿聯-KY,1.54,88000,股
2026-07-03,202607TX,台指期貨,1.52,19,口
2026-07-03,2881,富邦金控,1.23,1157000,股
2026-07-03,3443,創意電子,1.15,26000,股
2026-07-03,2885,元大金,0.91,1539000,股
2026-07-03,2883,凱基金控,0.83,3315000,股
2026-07-03,2890,永豐金控,0.78,2242000,股
2026-07-03,2882,國泰金,0.72,880000,股
2026-07-03,2891,中信金,0.71,1150000,股
2026-07-03,2347,聯強,0.56,678000,股
2026-07-03,8996,高力,0.53,44000,股
2026-07-03,2472,立隆,0.47,126000,股
2026-07-03,5904,寶雅,0.44,70000,股
2026-07-03,6196,帆宣,0.44,86000,股
2026-07-03,6446,藥華醫藥,0.44,36000,股
2026-07-03,3044,健鼎科技,0.42,91000,股
2026-07-03,8021,尖點,0.42,86000,股
2026-07-03,2637,慧洋-KY,0.41,629000,股
2026-07-03,3045,台灣大,0.41,405000,股
2026-07-03,3481,群創光電,0.41,706000,股
2026-07-03,3406,玉晶光,0.4,72000,股
2026-07-03,2412,中華電,0.39,318000,股
2026-07-03,4904,遠傳,0.39,424000,股
2026-07-03,2618,長榮航,0.38,994000,股
2026-07-03,6147,頎邦,0.38,200000,股
2026-07-03,3008,大立光電,0.37,10000,股
2026-07-03,3357,臺慶科,0.3,119000,股
2026-07-03,1303,南亞,0.24,136000,股
2026-07-06,2330,台積電,10.41,467000,股
2026-07-06,2327,國巨*,6.33,694000,股
2026-07-06,2454,聯發科,6.14,164000,股
2026-07-06,2383,台光電子,5.71,115000,股
2026-07-06,6223,旺矽,4.79,77000,股
2026-07-06,2308,台達電子,3.98,220000,股
2026-07-06,3017,奇鋐,3.83,158000,股
2026-07-06,2345,智邦,3.48,145000,股
2026-07-06,2303,聯電,3.35,2223000,股
2026-07-06,6274,台燿,3.15,213000,股
2026-07-06,3037,欣興,3.06,368000,股
2026-07-06,2344,華邦電子,2.97,1792000,股
2026-07-06,4958,臻鼎-KY,2.87,547000,股
2026-07-06,6515,穎崴,2.67,33000,股
2026-07-06,5274,信驊科技,2.36,16000,股
2026-07-06,2408,南亞科,2.15,564000,股
2026-07-06,6669,緯穎,2.1,46000,股
2026-07-06,5536,聖暉*,1.97,151000,股
2026-07-06,3189,景碩科技,1.95,282000,股
2026-07-06,8358,金居開發,1.94,380000,股
2026-07-06,2368,金像電子,1.92,173000,股
2026-07-06,3711,日月光投控,1.92,312000,股
2026-07-06,3264,欣銓,1.76,754000,股
2026-07-06,3665,貿聯-KY,1.55,88000,股
2026-07-06,202607TX,台指期貨,1.52,19,口
2026-07-06,2881,富邦金控,1.28,1157000,股
2026-07-06,3443,創意電子,1.09,26000,股
2026-07-06,2885,元大金,0.95,1539000,股
2026-07-06,2883,凱基金控,0.87,3315000,股
2026-07-06,2890,永豐金控,0.83,2242000,股
2026-07-06,2882,國泰金,0.75,880000,股
2026-07-06,2891,中信金,0.74,1150000,股
2026-07-06,2347,聯強,0.58,678000,股
2026-07-06,8996,高力,0.57,44000,股
2026-07-06,5904,寶雅,0.47,70000,股
2026-07-06,6446,藥華醫藥,0.47,36000,股
2026-07-06,2472,立隆,0.46,126000,股
2026-07-06,2637,慧洋-KY,0.45,629000,股
2026-07-06,3481,群創光電,0.44,706000,股
2026-07-06,6196,帆宣,0.44,86000,股
2026-07-06,3045,台灣大,0.43,405000,股
2026-07-06,3406,玉晶光,0.43,72000,股
2026-07-06,3044,健鼎科技,0.42,91000,股
2026-07-06,2412,中華電,0.41,318000,股
2026-07-06,8021,尖點,0.41,86000,股
2026-07-06,4904,遠傳,0.4,424000,股
2026-07-06,2618,長榮航,0.39,994000,股
2026-07-06,6147,頎邦,0.39,200000,股
2026-07-06,3008,大立光電,0.38,10000,股
2026-07-06,3357,臺慶科,0.31,119000,股
2026-07-06,1303,南亞,0.23,136000,股
2026-07-07,2330,台積電,10.81,467000,股
2026-07-07,2454,聯發科,6.29,164000,股
2026-07-07,2327,國巨*,5.68,659000,股
2026-07-07,2383,台光電子,5.67,114000,股
2026-07-07,6223,旺矽,4.99,83000,股
2026-07-07,2345,智邦,4.4,188000,股
2026-07-07,3017,奇鋐,4.06,174000,股
2026-07-07,3037,欣興,3.77,471000,股
2026-07-07,2308,台達電子,3.46,192000,股
2026-07-07,2303,聯電,3.28,2223000,股
2026-07-07,6274,台燿,3.14,209000,股
2026-07-07,2344,華邦電子,2.73,1647000,股
2026-07-07,6669,緯穎,2.67,56000,股
2026-07-07,6515,穎崴,2.6,34000,股
2026-07-07,3711,日月光投控,2.59,418000,股
2026-07-07,5536,聖暉*,2.54,191000,股
2026-07-07,5274,信驊科技,2.28,16600,股
2026-07-07,2368,金像電子,2.01,186000,股
2026-07-07,3665,貿聯-KY,1.96,104000,股
2026-07-07,3189,景碩科技,1.85,282000,股
2026-07-07,202607TX,台指期貨,1.71,19,口
2026-07-07,2408,南亞科,1.67,434000,股
2026-07-07,4958,臻鼎-KY,1.64,315000,股
2026-07-07,2059,川湖,1.42,18000,股
2026-07-07,8046,南電,1.27,129000,股
2026-07-07,3264,欣銓,1.0,453000,股
2026-07-07,2885,元大金,0.97,1465000,股
2026-07-07,2881,富邦金控,0.92,782000,股
2026-07-07,2883,凱基金控,0.87,3020000,股
2026-07-07,2890,永豐金控,0.79,2009000,股
2026-07-07,6446,藥華醫藥,0.68,48000,股
2026-07-07,2891,中信金,0.67,996000,股
2026-07-07,5904,寶雅,0.59,85000,股
2026-07-07,8996,高力,0.56,44000,股
2026-07-07,2347,聯強,0.53,610000,股
2026-07-07,6196,帆宣,0.48,90000,股
2026-07-07,2472,立隆,0.41,118000,股
2026-07-07,8021,尖點,0.41,86000,股
2026-07-07,2618,長榮航,0.4,990000,股
2026-07-07,3481,群創光電,0.4,658000,股
2026-07-07,4904,遠傳,0.39,395000,股
2026-07-07,3042,晶技,0.27,134000,股
2026-07-07,5289,宜鼎國際,0.26,17000,股
2026-07-07,6213,聯茂,0.25,70000,股
2026-07-07,6257,矽格,0.24,103000,股
2026-07-07,2395,研華,0.23,48000,股
2026-07-07,1303,南亞,0.22,136000,股
2026-07-07,3702,大聯大,0.22,215000,股
2026-07-07,8150,南茂科技,0.21,203000,股
2026-07-07,3023,信邦,0.18,57000,股
2026-07-07,1590,亞德客-KY,0.16,12000,股
2026-07-07,7769,鴻勁,0.12,2000,股
2026-07-08,2330,台積電,11.15,475000,股
2026-07-08,2454,聯發科,6.24,164000,股
2026-07-08,2383,台光電子,5.57,110000,股
2026-07-08,6223,旺矽,5.11,83000,股
2026-07-08,2327,國巨*,5.02,592000,股
2026-07-08,2345,智邦,4.85,211000,股
2026-07-08,3037,欣興,4.13,502000,股
2026-07-08,3017,奇鋐,4.07,184000,股
2026-07-08,2303,聯電,3.45,2223000,股
2026-07-08,6274,台燿,3.21,205000,股
2026-07-08,6669,緯穎,3.17,66000,股
2026-07-08,2308,台達電子,2.96,165000,股
2026-07-08,3711,日月光投控,2.92,490000,股
2026-07-08,5536,聖暉*,2.82,235000,股
2026-07-08,2059,川湖,2.78,36000,股
2026-07-08,2344,華邦電子,2.49,1554000,股
2026-07-08,6515,穎崴,2.49,34000,股
2026-07-08,3665,貿聯-KY,2.32,128000,股
2026-07-08,2368,金像電子,2.05,187000,股
2026-07-08,8046,南電,2.04,194000,股
2026-07-08,3189,景碩科技,2.03,282000,股
2026-07-08,5274,信驊科技,1.94,14600,股
2026-07-08,202607TX,台指期貨,1.71,19,口
2026-07-08,2408,南亞科,1.18,313000,股
2026-07-08,2885,元大金,0.99,1447000,股
2026-07-08,2883,凱基金控,0.85,2906000,股
2026-07-08,6446,藥華醫藥,0.83,57000,股
2026-07-08,2890,永豐金控,0.73,1822000,股
2026-07-08,5904,寶雅,0.67,98000,股
2026-07-08,2891,中信金,0.59,864000,股
2026-07-08,2347,聯強,0.52,610000,股
2026-07-08,6196,帆宣,0.51,98000,股
2026-07-08,2881,富邦金控,0.5,418000,股
2026-07-08,4958,臻鼎-KY,0.43,80000,股
2026-07-08,5289,宜鼎國際,0.42,29000,股
2026-07-08,6213,聯茂,0.42,112000,股
2026-07-08,8021,尖點,0.42,86000,股
2026-07-08,3042,晶技,0.41,211000,股
2026-07-08,2618,長榮航,0.38,990000,股
2026-07-08,2472,立隆,0.37,111000,股
2026-07-08,3481,群創光電,0.37,596000,股
2026-07-08,3702,大聯大,0.37,367000,股
2026-07-08,6257,矽格,0.36,156000,股
2026-07-08,4904,遠傳,0.35,395000,股
2026-07-08,8150,南茂科技,0.33,327000,股
2026-07-08,3264,欣銓,0.32,144000,股
2026-07-08,3023,信邦,0.28,93000,股
2026-07-08,1590,亞德客-KY,0.27,21000,股
2026-07-08,2395,研華,0.25,48000,股
2026-07-08,1303,南亞,0.24,136000,股
2026-07-08,7769,鴻勁,0.17,3000,股
2026-07-09,2330,台積電,10.89,475000,股
2026-07-09,2454,聯發科,6.1,164000,股
2026-07-09,6223,旺矽,5.57,83000,股
2026-07-09,2383,台光電子,5.52,110000,股
2026-07-09,2327,國巨*,5.05,592000,股
2026-07-09,2345,智邦,4.94,211000,股
2026-07-09,3037,欣興,4.16,502000,股
2026-07-09,3017,奇鋐,4.1,184000,股
2026-07-09,2303,聯電,3.29,2223000,股
2026-07-09,3711,日月光投控,3.15,490000,股
2026-07-09,6669,緯穎,3.15,66000,股
2026-07-09,6274,台燿,3.05,205000,股
2026-07-09,2308,台達電子,2.94,165000,股
2026-07-09,2059,川湖,2.82,36000,股
2026-07-09,5536,聖暉*,2.71,235000,股
2026-07-09,2344,華邦電子,2.6,1554000,股
2026-07-09,6515,穎崴,2.5,34000,股
2026-07-09,3665,貿聯-KY,2.26,128000,股
2026-07-09,8046,南電,2.23,194000,股
2026-07-09,3189,景碩科技,2.13,282000,股
2026-07-09,2368,金像電子,1.91,187000,股
2026-07-09,5274,信驊科技,1.89,14600,股
2026-07-09,202607TX,台指期貨,1.71,19,口
2026-07-09,2408,南亞科,1.29,313000,股
2026-07-09,2885,元大金,0.94,1447000,股
2026-07-09,2883,凱基金控,0.83,2906000,股
2026-07-09,6446,藥華醫藥,0.77,63228,股
2026-07-09,2890,永豐金控,0.7,1822000,股
2026-07-09,5904,寶雅,0.67,98000,股
2026-07-09,2891,中信金,0.57,864000,股
2026-07-09,2347,聯強,0.51,610000,股
2026-07-09,6196,帆宣,0.51,98000,股
2026-07-09,2881,富邦金控,0.49,418000,股
2026-07-09,4958,臻鼎-KY,0.45,80000,股
2026-07-09,5289,宜鼎國際,0.42,29000,股
2026-07-09,8021,尖點,0.42,86000,股
2026-07-09,6213,聯茂,0.41,112000,股
2026-07-09,2472,立隆,0.4,111000,股
2026-07-09,3042,晶技,0.4,211000,股
2026-07-09,2618,長榮航,0.37,990000,股
2026-07-09,3481,群創光電,0.37,596000,股
2026-07-09,3702,大聯大,0.37,367000,股
2026-07-09,4904,遠傳,0.36,395000,股
2026-07-09,6257,矽格,0.36,156000,股
2026-07-09,8150,南茂科技,0.36,327000,股
2026-07-09,3264,欣銓,0.32,144000,股
2026-07-09,3023,信邦,0.29,93000,股
2026-07-09,1590,亞德客-KY,0.25,21000,股
2026-07-09,2395,研華,0.25,48000,股
2026-07-09,1303,南亞,0.23,136000,股
2026-07-09,7769,鴻勁,0.19,3000,股
2026-07-13,2330,台積電,11.22,475000,股
2026-07-13,2454,聯發科,6.06,164000,股
2026-07-13,2383,台光電子,5.45,110000,股
2026-07-13,6223,旺矽,5.33,83000,股
2026-07-13,2345,智邦,4.9,211000,股
2026-07-13,2327,國巨*,4.67,592000,股
2026-07-13,3037,欣興,4.38,502000,股
2026-07-13,3017,奇鋐,3.96,184000,股
2026-07-13,2303,聯電,3.3,2223000,股
2026-07-13,3711,日月光投控,3.17,490000,股
2026-07-13,6669,緯穎,3.16,66000,股
2026-07-13,6274,台燿,3.07,205000,股
2026-07-13,2308,台達電子,3.01,165000,股
2026-07-13,2059,川湖,2.81,36000,股
2026-07-13,5536,聖暉*,2.68,235000,股
2026-07-13,2344,華邦電子,2.51,1554000,股
2026-07-13,6515,穎崴,2.42,34000,股
2026-07-13,8046,南電,2.38,194000,股
2026-07-13,3665,貿聯-KY,2.31,128000,股
2026-07-13,3189,景碩科技,2.23,282000,股
2026-07-13,5274,信驊科技,1.91,14600,股
2026-07-13,2368,金像電子,1.89,187000,股
2026-07-13,202608TX,台指期貨,1.71,19,口
2026-07-13,2408,南亞科,1.28,313000,股
2026-07-13,2885,元大金,0.95,1447000,股
2026-07-13,2883,凱基金控,0.84,2906000,股
2026-07-13,6446,藥華醫藥,0.76,63228,股
2026-07-13,2890,永豐金控,0.71,1822000,股
2026-07-13,5904,寶雅,0.63,98000,股
2026-07-13,2891,中信金,0.56,864000,股
2026-07-13,6196,帆宣,0.52,98000,股
2026-07-13,2881,富邦金控,0.51,418000,股
2026-07-13,4958,臻鼎-KY,0.5,80000,股
2026-07-13,2347,聯強,0.49,610000,股
2026-07-13,5289,宜鼎國際,0.42,29000,股
2026-07-13,8021,尖點,0.42,86000,股
2026-07-13,3702,大聯大,0.41,367000,股
2026-07-13,2618,長榮航,0.39,990000,股
2026-07-13,3042,晶技,0.39,211000,股
2026-07-13,6213,聯茂,0.39,112000,股
2026-07-13,2472,立隆,0.37,111000,股
2026-07-13,4904,遠傳,0.37,395000,股
2026-07-13,8150,南茂科技,0.36,327000,股
2026-07-13,3481,群創光電,0.35,596000,股
2026-07-13,6257,矽格,0.35,156000,股
2026-07-13,3264,欣銓,0.31,144000,股
2026-07-13,3023,信邦,0.29,93000,股
2026-07-13,1590,亞德客-KY,0.27,21000,股
2026-07-13,1303,南亞,0.26,136000,股
2026-07-13,2395,研華,0.25,48000,股
2026-07-13,7769,鴻勁,0.19,3000,股
2026-07-14,2330,台積電,11.42,475000,股
2026-07-14,2454,聯發科,5.97,164000,股
2026-07-14,2383,台光電子,5.44,110000,股
2026-07-14,6223,旺矽,5.24,83000,股
2026-07-14,2345,智邦,4.79,211000,股
2026-07-14,2327,國巨*,4.58,592000,股
2026-07-14,3037,欣興,4.37,502000,股
2026-07-14,3017,奇鋐,3.88,184000,股
2026-07-14,2303,聯電,3.34,2223000,股
2026-07-14,6669,緯穎,3.22,66000,股
2026-07-14,3711,日月光投控,3.13,490000,股
2026-07-14,2308,台達電子,3.05,165000,股
2026-07-14,2059,川湖,2.86,36000,股
2026-07-14,6274,台燿,2.85,205000,股
2026-07-14,5536,聖暉*,2.7,235000,股
2026-07-14,2344,華邦電子,2.54,1554000,股
2026-07-14,8046,南電,2.49,194000,股
2026-07-14,6515,穎崴,2.38,34000,股
2026-07-14,3189,景碩科技,2.26,282000,股
2026-07-14,3665,貿聯-KY,2.26,128000,股
2026-07-14,2368,金像電子,1.89,187000,股
2026-07-14,5274,信驊科技,1.89,14600,股
2026-07-14,202608TX,台指期貨,1.71,19,口
2026-07-14,2408,南亞科,1.4,313000,股
2026-07-14,2885,元大金,0.96,1447000,股
2026-07-14,2883,凱基金控,0.85,2906000,股
2026-07-14,6446,藥華醫藥,0.75,63228,股
2026-07-14,2890,永豐金控,0.72,1822000,股
2026-07-14,5904,寶雅,0.64,98000,股
2026-07-14,2891,中信金,0.56,864000,股
2026-07-14,6196,帆宣,0.53,98000,股
2026-07-14,2881,富邦金控,0.52,418000,股
2026-07-14,2347,聯強,0.5,610000,股
2026-07-14,4958,臻鼎-KY,0.5,80000,股
2026-07-14,3702,大聯大,0.44,367000,股
2026-07-14,5289,宜鼎國際,0.42,29000,股
2026-07-14,8021,尖點,0.42,86000,股
2026-07-14,2618,長榮航,0.4,990000,股
2026-07-14,3042,晶技,0.39,211000,股
2026-07-14,6213,聯茂,0.39,112000,股
2026-07-14,4904,遠傳,0.37,395000,股
2026-07-14,2472,立隆,0.35,111000,股
2026-07-14,6257,矽格,0.35,156000,股
2026-07-14,3481,群創光電,0.34,596000,股
2026-07-14,8150,南茂科技,0.34,327000,股
2026-07-14,3264,欣銓,0.31,144000,股
2026-07-14,3023,信邦,0.29,93000,股
2026-07-14,1303,南亞,0.28,136000,股
2026-07-14,1590,亞德客-KY,0.27,21000,股
2026-07-14,2395,研華,0.25,48000,股
2026-07-14,7769,鴻勁,0.19,3000,股
2026-07-15,2330,台積電,11.17,475000,股
2026-07-15,2454,聯發科,5.91,164000,股
2026-07-15,2383,台光電子,5.38,110000,股
2026-07-15,6223,旺矽,5.06,83000,股
2026-07-15,2345,智邦,4.75,211000,股
2026-07-15,2327,國巨*,4.55,592000,股
2026-07-15,3037,欣興,4.52,502000,股
2026-07-15,3017,奇鋐,3.84,184000,股
2026-07-15,2303,聯電,3.55,2223000,股
2026-07-15,6669,緯穎,3.24,66000,股
2026-07-15,3711,日月光投控,3.22,490000,股
2026-07-15,2308,台達電子,3.0,165000,股
2026-07-15,2059,川湖,2.95,36000,股
2026-07-15,5536,聖暉*,2.83,235000,股
2026-07-15,6274,台燿,2.83,205000,股
2026-07-15,2344,華邦電子,2.7,1554000,股
2026-07-15,8046,南電,2.64,194000,股
2026-07-15,6515,穎崴,2.38,34000,股
2026-07-15,3665,貿聯-KY,2.35,128000,股
2026-07-15,3189,景碩科技,2.29,282000,股
2026-07-15,5274,信驊科技,1.95,14600,股
2026-07-15,2368,金像電子,1.85,187000,股
2026-07-15,202608TX,台指期貨,1.71,19,口
2026-07-15,2408,南亞科,1.45,313000,股
2026-07-15,2885,元大金,0.93,1447000,股
2026-07-15,2883,凱基金控,0.84,2906000,股
2026-07-15,6446,藥華醫藥,0.8,63228,股
2026-07-15,2890,永豐金控,0.7,1822000,股
2026-07-15,5904,寶雅,0.64,98000,股
2026-07-15,6196,帆宣,0.55,98000,股
2026-07-15,2891,中信金,0.53,864000,股
2026-07-15,2881,富邦金控,0.52,418000,股
2026-07-15,2347,聯強,0.51,610000,股
2026-07-15,4958,臻鼎-KY,0.48,80000,股
2026-07-15,8021,尖點,0.44,86000,股
2026-07-15,3702,大聯大,0.41,367000,股
2026-07-15,5289,宜鼎國際,0.41,29000,股
2026-07-15,2618,長榮航,0.4,990000,股
2026-07-15,3042,晶技,0.39,211000,股
2026-07-15,4904,遠傳,0.37,395000,股
2026-07-15,2472,立隆,0.36,111000,股
2026-07-15,6213,聯茂,0.36,112000,股
2026-07-15,6257,矽格,0.36,156000,股
2026-07-15,8150,南茂科技,0.36,327000,股
2026-07-15,3481,群創光電,0.34,596000,股
2026-07-15,3264,欣銓,0.31,144000,股
2026-07-15,1303,南亞,0.3,136000,股
2026-07-15,3023,信邦,0.29,93000,股
2026-07-15,1590,亞德客-KY,0.28,21000,股
2026-07-15,2395,研華,0.25,48000,股
2026-07-15,7769,鴻勁,0.19,3000,股
2026-07-16,2330,台積電,11.51,475000,股
2026-07-16,2454,聯發科,5.95,164000,股
2026-07-16,2383,台光電子,5.38,110000,股
2026-07-16,6223,旺矽,5.06,83000,股
2026-07-16,2345,智邦,4.8,211000,股
2026-07-16,2327,國巨*,4.5,592000,股
2026-07-16,3037,欣興,4.34,502000,股
2026-07-16,3017,奇鋐,4.01,184000,股
2026-07-16,2303,聯電,3.49,2223000,股
2026-07-16,6669,緯穎,3.31,66000,股
2026-07-16,3711,日月光投控,3.28,490000,股
2026-07-16,2308,台達電子,3.08,165000,股
2026-07-16,2059,川湖,3.05,36000,股
2026-07-16,5536,聖暉*,2.91,235000,股
2026-07-16,2344,華邦電子,2.62,1554000,股
2026-07-16,6274,台燿,2.6,205000,股
2026-07-16,3665,貿聯-KY,2.45,128000,股
2026-07-16,8046,南電,2.42,194000,股
2026-07-16,6515,穎崴,2.24,34000,股
2026-07-16,3189,景碩科技,2.13,282000,股
2026-07-16,5274,信驊科技,1.99,14600,股
2026-07-16,2368,金像電子,1.84,187000,股
2026-07-16,202608TX,台指期貨,1.71,19,口
2026-07-16,2408,南亞科,1.35,313000,股
2026-07-16,2885,元大金,0.95,1447000,股
2026-07-16,2883,凱基金控,0.87,2906000,股
2026-07-16,6446,藥華醫藥,0.78,63228,股
2026-07-16,2890,永豐金控,0.71,1822000,股
2026-07-16,5904,寶雅,0.6,98000,股
2026-07-16,6196,帆宣,0.57,98000,股
2026-07-16,2891,中信金,0.53,864000,股
2026-07-16,2347,聯強,0.52,610000,股
2026-07-16,2881,富邦金控,0.51,418000,股
2026-07-16,4958,臻鼎-KY,0.45,80000,股
2026-07-16,8021,尖點,0.43,86000,股
2026-07-16,2618,長榮航,0.41,990000,股
2026-07-16,3702,大聯大,0.41,367000,股
2026-07-16,5289,宜鼎國際,0.4,29000,股
2026-07-16,3042,晶技,0.39,211000,股
2026-07-16,4904,遠傳,0.39,395000,股
2026-07-16,8150,南茂科技,0.39,327000,股
2026-07-16,6213,聯茂,0.36,112000,股
2026-07-16,6257,矽格,0.36,156000,股
2026-07-16,2472,立隆,0.35,111000,股
2026-07-16,3264,欣銓,0.34,144000,股
2026-07-16,3481,群創光電,0.33,596000,股
2026-07-16,1303,南亞,0.29,136000,股
2026-07-16,3023,信邦,0.29,93000,股
2026-07-16,1590,亞德客-KY,0.28,21000,股
2026-07-16,2395,研華,0.25,48000,股
2026-07-16,7769,鴻勁,0.2,3000,股
2026-07-17,2330,台積電,11.6,475000,股
2026-07-17,2454,聯發科,5.9,164000,股
2026-07-17,2383,台光電子,5.28,110000,股
2026-07-17,6223,旺矽,4.96,83000,股
2026-07-17,2345,智邦,4.71,211000,股
2026-07-17,2327,國巨*,4.42,592000,股
2026-07-17,3017,奇鋐,4.32,184000,股
2026-07-17,3037,欣興,4.25,502000,股
2026-07-17,2303,聯電,3.42,2223000,股
2026-07-17,6669,緯穎,3.25,66000,股
2026-07-17,3711,日月光投控,3.21,490000,股
2026-07-17,2308,台達電子,3.06,165000,股
2026-07-17,2059,川湖,3.03,36000,股
2026-07-17,5536,聖暉*,2.86,235000,股
2026-07-17,2344,華邦電子,2.57,1554000,股
2026-07-17,6274,台燿,2.56,205000,股
2026-07-17,3665,貿聯-KY,2.41,128000,股
2026-07-17,8046,南電,2.38,194000,股
2026-07-17,6515,穎崴,2.2,34000,股
2026-07-17,3189,景碩科技,2.09,282000,股
2026-07-17,5274,信驊科技,2.02,14600,股
2026-07-17,202608TX,台指期貨,1.9,19,口
2026-07-17,2368,金像電子,1.85,187000,股
2026-07-17,2408,南亞科,1.32,313000,股
2026-07-17,2885,元大金,1.0,1447000,股
2026-07-17,2883,凱基金控,0.93,2906000,股
2026-07-17,6446,藥華醫藥,0.81,63228,股
2026-07-17,2890,永豐金控,0.78,1822000,股
2026-07-17,5904,寶雅,0.64,98000,股
2026-07-17,2891,中信金,0.57,864000,股
2026-07-17,6196,帆宣,0.57,98000,股
2026-07-17,2347,聯強,0.56,610000,股
2026-07-17,2881,富邦金控,0.56,418000,股
2026-07-17,2618,長榮航,0.44,990000,股
2026-07-17,4958,臻鼎-KY,0.44,80000,股
2026-07-17,3702,大聯大,0.43,367000,股
2026-07-17,4904,遠傳,0.43,395000,股
2026-07-17,8021,尖點,0.42,86000,股
2026-07-17,5289,宜鼎國際,0.39,29000,股
2026-07-17,8150,南茂科技,0.39,327000,股
2026-07-17,3042,晶技,0.38,211000,股
2026-07-17,6213,聯茂,0.38,112000,股
2026-07-17,6257,矽格,0.36,156000,股
2026-07-17,2472,立隆,0.34,111000,股
2026-07-17,3264,欣銓,0.33,144000,股
2026-07-17,3481,群創光電,0.33,596000,股
2026-07-17,3023,信邦,0.3,93000,股
2026-07-17,1303,南亞,0.29,136000,股
2026-07-17,1590,亞德客-KY,0.28,21000,股
2026-07-17,2395,研華,0.26,48000,股
2026-07-17,7769,鴻勁,0.19,3000,股
2026-07-20,2330,台積電,11.99,475000,股
2026-07-20,2454,聯發科,5.97,164000,股
2026-07-20,2383,台光電子,5.27,110000,股
2026-07-20,6223,旺矽,4.93,83000,股
2026-07-20,2345,智邦,4.81,211000,股
2026-07-20,3017,奇鋐,4.28,184000,股
2026-07-20,3037,欣興,4.1,502000,股
2026-07-20,2327,國巨*,4.06,592000,股
2026-07-20,6669,緯穎,3.37,66000,股
2026-07-20,3711,日月光投控,3.19,490000,股
2026-07-20,2303,聯電,3.15,2223000,股
2026-07-20,2308,台達電子,3.07,165000,股
2026-07-20,2059,川湖,3.04,36000,股
2026-07-20,5536,聖暉*,2.92,235000,股
2026-07-20,2344,華邦電子,2.56,1554000,股
2026-07-20,3665,貿聯-KY,2.54,128000,股
2026-07-20,6274,台燿,2.51,205000,股
2026-07-20,8046,南電,2.34,194000,股
2026-07-20,6515,穎崴,2.24,34000,股
2026-07-20,3189,景碩科技,2.09,282000,股
2026-07-20,5274,信驊科技,2.05,14600,股
2026-07-20,202608TX,台指期貨,1.9,19,口
2026-07-20,2368,金像電子,1.89,187000,股
2026-07-20,2408,南亞科,1.3,313000,股
2026-07-20,2885,元大金,0.99,1447000,股
2026-07-20,2883,凱基金控,0.94,2906000,股
2026-07-20,6446,藥華醫藥,0.81,63228,股
2026-07-20,2890,永豐金控,0.79,1822000,股
2026-07-20,5904,寶雅,0.65,98000,股
2026-07-20,2891,中信金,0.58,864000,股
2026-07-20,2347,聯強,0.56,610000,股
2026-07-20,2881,富邦金控,0.56,418000,股
2026-07-20,6196,帆宣,0.55,98000,股
2026-07-20,4904,遠傳,0.45,395000,股
2026-07-20,2618,長榮航,0.44,990000,股
2026-07-20,3702,大聯大,0.43,367000,股
2026-07-20,4958,臻鼎-KY,0.42,80000,股
2026-07-20,6213,聯茂,0.39,112000,股
2026-07-20,5289,宜鼎國際,0.38,29000,股
2026-07-20,8021,尖點,0.38,86000,股
2026-07-20,8150,南茂科技,0.37,327000,股
2026-07-20,3042,晶技,0.36,211000,股
2026-07-20,6257,矽格,0.36,156000,股
2026-07-20,3481,群創光電,0.33,596000,股
2026-07-20,2472,立隆,0.32,111000,股
2026-07-20,1590,亞德客-KY,0.31,21000,股
2026-07-20,3023,信邦,0.31,93000,股
2026-07-20,3264,欣銓,0.31,144000,股
2026-07-20,1303,南亞,0.28,136000,股
2026-07-20,2395,研華,0.27,48000,股
2026-07-20,7769,鴻勁,0.2,3000,股
2026-07-21,2330,台積電,12.81,518000,股
2026-07-21,6223,旺矽,5.49,91000,股
2026-07-21,2454,聯發科,5.13,136000,股
2026-07-21,2383,台光電子,4.46,90000,股
2026-07-21,2345,智邦,3.72,163000,股
2026-07-21,3037,欣興,3.32,392000,股
2026-07-21,2327,國巨*,3.25,472000,股
2026-07-21,3017,奇鋐,3.1,130000,股
2026-07-21,2059,川湖,3.03,37000,股
2026-07-21,2308,台達電子,2.96,157000,股
2026-07-21,2303,聯電,2.9,2097000,股
2026-07-21,3711,日月光投控,2.81,433000,股
2026-07-21,2344,華邦電子,2.66,1664000,股
2026-07-21,6274,台燿,2.6,205000,股
2026-07-21,6669,緯穎,2.57,50000,股
2026-07-21,6515,穎崴,2.32,34000,股
2026-07-21,5274,信驊科技,2.26,15600,股
2026-07-21,8046,南電,2.26,185000,股
2026-07-21,3189,景碩科技,2.12,277000,股
2026-07-21,2408,南亞科,1.79,431000,股
2026-07-21,202608TX,台指期貨,1.72,19,口
2026-07-21,2368,金像電子,1.56,155000,股
2026-07-21,2883,凱基金控,1.49,4883000,股
2026-07-21,5536,聖暉*,1.28,105000,股
2026-07-21,4958,臻鼎-KY,1.19,228000,股
2026-07-21,3665,貿聯-KY,1.17,57000,股
2026-07-21,7769,鴻勁,1.13,17000,股
2026-07-21,2890,永豐金控,1.12,2709000,股
2026-07-21,2885,元大金,1.03,1642000,股
2026-07-21,2881,富邦金控,0.88,693000,股
2026-07-21,2360,致茂,0.87,42000,股
2026-07-21,6446,藥華醫藥,0.86,71228,股
2026-07-21,3264,欣銓,0.82,379000,股
2026-07-21,3653,健策,0.69,19000,股
2026-07-21,6488,環球晶圓,0.66,53000,股
2026-07-21,2891,中信金,0.64,992000,股
2026-07-21,1303,南亞,0.61,302000,股
2026-07-21,6196,帆宣,0.57,103000,股
2026-07-21,2347,聯強,0.56,643000,股
2026-07-21,3702,大聯大,0.55,477000,股
2026-07-21,2618,長榮航,0.51,1171000,股
2026-07-21,4904,遠傳,0.51,490000,股
2026-07-21,8358,金居開發,0.48,118000,股
2026-07-21,3481,群創光電,0.38,727000,股
2026-07-21,8021,尖點,0.38,98000,股
2026-07-21,6257,矽格,0.36,163000,股
2026-07-21,2637,慧洋-KY,0.32,383000,股
2026-07-21,5904,寶雅,0.29,44000,股
2026-07-21,2395,研華,0.28,48000,股
2026-07-21,2882,國泰金,0.28,285000,股
2026-07-21,2412,中華電,0.27,190000,股
2026-07-21,2027,大成鋼,0.24,576000,股
2026-07-21,1301,台塑,0.23,358000,股
2026-07-21,6213,聯茂,0.18,50000,股
2026-07-21,5289,宜鼎國際,0.17,13000,股
2026-07-21,3042,晶技,0.16,94000,股
2026-07-21,8150,南茂科技,0.16,147000,股
2026-07-21,2472,立隆,0.14,49000,股
2026-07-21,1590,亞德客-KY,0.13,9000,股
2026-07-21,3023,信邦,0.13,41000,股
2026-07-22,2330,台積電,13.62,572000,股
2026-07-22,6223,旺矽,5.84,98000,股
2026-07-22,2454,聯發科,4.36,114000,股
2026-07-22,2383,台光電子,3.87,76000,股
2026-07-22,2059,川湖,2.98,37000,股
2026-07-22,2308,台達電子,2.87,154000,股
2026-07-22,2345,智邦,2.86,126000,股
2026-07-22,2344,華邦電子,2.82,1664000,股
2026-07-22,6274,台燿,2.76,205000,股
2026-07-22,3037,欣興,2.71,301000,股
2026-07-22,2303,聯電,2.62,1900000,股
2026-07-22,2327,國巨*,2.58,370000,股
2026-07-22,3711,日月光投控,2.53,388000,股
2026-07-22,5274,信驊科技,2.4,15600,股
2026-07-22,8046,南電,2.4,185000,股
2026-07-22,6515,穎崴,2.32,36000,股
2026-07-22,3189,景碩科技,2.19,277000,股
2026-07-22,3017,奇鋐,2.09,93000,股
2026-07-22,6669,緯穎,2.02,37000,股
2026-07-22,2883,凱基金控,1.96,6476000,股
2026-07-22,2408,南亞科,1.91,431000,股
2026-07-22,7769,鴻勁,1.91,30000,股
2026-07-22,202608TX,台指期貨,1.71,19,口
2026-07-22,2360,致茂,1.69,80000,股
2026-07-22,2890,永豐金控,1.41,3511000,股
2026-07-22,3653,健策,1.35,39000,股
2026-07-22,3443,創意電子,1.34,31000,股
2026-07-22,2368,金像電子,1.27,136000,股
2026-07-22,4958,臻鼎-KY,1.27,228000,股
2026-07-22,3264,欣銓,1.25,582000,股
2026-07-22,2881,富邦金控,1.16,918000,股
2026-07-22,6488,環球晶圓,1.1,89000,股
2026-07-22,2885,元大金,1.08,1729000,股
2026-07-22,6446,藥華醫藥,0.92,78228,股
2026-07-22,1303,南亞,0.9,436000,股
2026-07-22,8358,金居開發,0.88,216000,股
2026-07-22,2891,中信金,0.71,1112000,股
2026-07-22,3702,大聯大,0.67,570000,股
2026-07-22,2637,慧洋-KY,0.6,719000,股
2026-07-22,6196,帆宣,0.59,109000,股
2026-07-22,2395,研華,0.58,98000,股
2026-07-22,2347,聯強,0.57,656000,股
2026-07-22,2618,長榮航,0.57,1369000,股
2026-07-22,4904,遠傳,0.57,560000,股
2026-07-22,2882,國泰金,0.52,540000,股
2026-07-22,2412,中華電,0.49,360000,股
2026-07-22,2027,大成鋼,0.45,1035000,股
2026-07-22,1301,台塑,0.43,688000,股
2026-07-22,3481,群創光電,0.42,805000,股
2026-07-22,8021,尖點,0.41,98000,股
2026-07-22,6257,矽格,0.36,164000,股
2026-07-23,2330,台積電,13.65,572000,股
2026-07-23,6223,旺矽,6.09,98000,股
2026-07-23,2454,聯發科,4.39,114000,股
2026-07-23,2383,台光電子,3.85,76000,股
2026-07-23,2059,川湖,3.02,37000,股
2026-07-23,2345,智邦,2.91,126000,股
2026-07-23,2308,台達電子,2.88,154000,股
2026-07-23,6274,台燿,2.87,216000,股
2026-07-23,2344,華邦電子,2.8,1749000,股
2026-07-23,3037,欣興,2.68,301000,股
2026-07-23,2303,聯電,2.62,1900000,股
2026-07-23,2327,國巨*,2.56,370000,股
2026-07-23,5274,信驊科技,2.56,16600,股
2026-07-23,3711,日月光投控,2.5,388000,股
2026-07-23,6515,穎崴,2.37,36000,股
2026-07-23,3017,奇鋐,2.26,93000,股
2026-07-23,8046,南電,2.26,185000,股
2026-07-23,3189,景碩科技,2.16,277000,股
2026-07-23,2408,南亞科,2.13,503000,股
2026-07-23,6669,緯穎,2.01,37000,股
2026-07-23,2883,凱基金控,1.99,6476000,股
2026-07-23,7769,鴻勁,1.93,30000,股
2026-07-23,2360,致茂,1.78,83000,股
2026-07-23,202608TX,台指期貨,1.71,19,口
2026-07-23,4958,臻鼎-KY,1.61,320000,股
2026-07-23,3443,創意電子,1.44,33000,股
2026-07-23,3653,健策,1.44,39000,股
2026-07-23,2890,永豐金控,1.39,3651220,股
2026-07-23,3264,欣銓,1.29,595000,股
2026-07-23,2368,金像電子,1.27,136000,股
2026-07-23,2881,富邦金控,1.17,918000,股
2026-07-23,2885,元大金,1.09,1729000,股
2026-07-23,6488,環球晶圓,1.07,96000,股
2026-07-23,8358,金居開發,0.93,230000,股
2026-07-23,6446,藥華醫藥,0.91,79228,股
2026-07-23,1303,南亞,0.89,456000,股
2026-07-23,2891,中信金,0.7,1112000,股
2026-07-23,3702,大聯大,0.69,570000,股
2026-07-23,2395,研華,0.6,101000,股
2026-07-23,2637,慧洋-KY,0.6,739000,股
2026-07-23,6196,帆宣,0.59,109000,股
2026-07-23,2347,聯強,0.57,656000,股
2026-07-23,4904,遠傳,0.57,560000,股
2026-07-23,2618,長榮航,0.56,1369000,股
2026-07-23,2882,國泰金,0.53,543000,股
2026-07-23,2412,中華電,0.49,360000,股
2026-07-23,2027,大成鋼,0.47,1070000,股
2026-07-23,1301,台塑,0.45,688000,股
2026-07-23,3481,群創光電,0.42,817000,股
2026-07-23,8021,尖點,0.4,99000,股
2026-07-23,6257,矽格,0.37,164000,股
2026-07-24,2330,台積電,13.98,572000,股
2026-07-24,6223,旺矽,5.82,98000,股
2026-07-24,2454,聯發科,4.45,114000,股
2026-07-24,2383,台光電子,3.76,76000,股
2026-07-24,2059,川湖,2.98,37000,股
2026-07-24,2345,智邦,2.91,126000,股
2026-07-24,2308,台達電子,2.86,154000,股
2026-07-24,2344,華邦電子,2.81,1749000,股
2026-07-24,6274,台燿,2.81,216000,股
2026-07-24,3037,欣興,2.63,301000,股
2026-07-24,5274,信驊科技,2.55,16600,股
2026-07-24,2303,聯電,2.53,1900000,股
2026-07-24,3711,日月光投控,2.48,388000,股
2026-07-24,2327,國巨*,2.47,370000,股
2026-07-24,6515,穎崴,2.36,36000,股
2026-07-24,3017,奇鋐,2.3,93000,股
2026-07-24,6669,緯穎,2.21,37000,股
2026-07-24,8046,南電,2.14,185000,股
2026-07-24,2408,南亞科,2.1,503000,股
2026-07-24,2883,凱基金控,2.07,6476000,股
2026-07-24,3189,景碩科技,2.05,277000,股
2026-07-24,202608TX,台指期貨,1.89,19,口
2026-07-24,7769,鴻勁,1.89,30000,股
2026-07-24,2360,致茂,1.8,83000,股
2026-07-24,4958,臻鼎-KY,1.61,320000,股
2026-07-24,2890,永豐金控,1.47,3651220,股
2026-07-24,3443,創意電子,1.4,33000,股
2026-07-24,3653,健策,1.39,39000,股
2026-07-24,3264,欣銓,1.3,595000,股
2026-07-24,2368,金像電子,1.28,136000,股
2026-07-24,2881,富邦金控,1.22,918000,股
2026-07-24,2885,元大金,1.14,1729000,股
2026-07-24,6488,環球晶圓,1.03,96000,股
2026-07-24,6446,藥華醫藥,0.94,79228,股
2026-07-24,8358,金居開發,0.88,230000,股
2026-07-24,1303,南亞,0.84,456000,股
2026-07-24,2891,中信金,0.74,1112000,股
2026-07-24,3702,大聯大,0.7,570000,股
2026-07-24,2637,慧洋-KY,0.64,739000,股
2026-07-24,4904,遠傳,0.62,560000,股
2026-07-24,2347,聯強,0.61,656000,股
2026-07-24,2395,研華,0.61,101000,股
2026-07-24,6196,帆宣,0.6,109000,股
2026-07-24,2618,長榮航,0.58,1369000,股
2026-07-24,2882,國泰金,0.55,543000,股
2026-07-24,2412,中華電,0.52,360000,股
2026-07-24,2027,大成鋼,0.49,1070000,股
2026-07-24,1301,台塑,0.45,688000,股
2026-07-24,3481,群創光電,0.42,817000,股
2026-07-24,8021,尖點,0.38,99000,股
2026-07-24,6257,矽格,0.37,164000,股
2026-07-27,2330,台積電,13.95,572000,股
2026-07-27,6223,旺矽,5.81,98000,股
2026-07-27,2454,聯發科,4.35,114000,股
2026-07-27,2383,台光電子,3.79,76000,股
2026-07-27,2059,川湖,3.17,37000,股
2026-07-27,2345,智邦,2.92,126000,股
2026-07-27,2344,華邦電子,2.9,1749000,股
2026-07-27,6274,台燿,2.81,216000,股
2026-07-27,2308,台達電子,2.8,154000,股
2026-07-27,3037,欣興,2.64,301000,股
2026-07-27,5274,信驊科技,2.53,16600,股
2026-07-27,2303,聯電,2.48,1900000,股
2026-07-27,3711,日月光投控,2.44,388000,股
2026-07-27,2327,國巨*,2.4,370000,股
2026-07-27,6515,穎崴,2.39,36000,股
2026-07-27,3017,奇鋐,2.31,93000,股
2026-07-27,2408,南亞科,2.27,503000,股
2026-07-27,6669,緯穎,2.2,37000,股
2026-07-27,2883,凱基金控,2.06,6476000,股
2026-07-27,8046,南電,2.06,185000,股
2026-07-27,3189,景碩科技,2.04,277000,股
2026-07-27,7769,鴻勁,1.9,30000,股
2026-07-27,202608TX,台指期貨,1.83,19,口
2026-07-27,2360,致茂,1.81,83000,股
2026-07-27,4958,臻鼎-KY,1.56,320000,股
2026-07-27,2890,永豐金控,1.5,3651220,股
2026-07-27,3653,健策,1.42,39000,股
2026-07-27,3443,創意電子,1.38,33000,股
2026-07-27,3264,欣銓,1.27,595000,股
2026-07-27,2368,金像電子,1.26,136000,股
2026-07-27,2881,富邦金控,1.24,918000,股
2026-07-27,2885,元大金,1.16,1729000,股
2026-07-27,6488,環球晶圓,1.06,96000,股
2026-07-27,6446,藥華醫藥,0.98,79228,股
2026-07-27,8358,金居開發,0.88,230000,股
2026-07-27,1303,南亞,0.82,456000,股
2026-07-27,2891,中信金,0.73,1112000,股
2026-07-27,3702,大聯大,0.68,570000,股
2026-07-27,2637,慧洋-KY,0.63,739000,股
2026-07-27,4904,遠傳,0.62,560000,股
2026-07-27,2347,聯強,0.6,656000,股
2026-07-27,2395,研華,0.6,101000,股
2026-07-27,2618,長榮航,0.59,1369000,股
2026-07-27,6196,帆宣,0.58,109000,股
2026-07-27,2882,國泰金,0.55,543000,股
2026-07-27,2412,中華電,0.52,360000,股
2026-07-27,2027,大成鋼,0.49,1070000,股
2026-07-27,1301,台塑,0.44,688000,股
2026-07-27,3481,群創光電,0.4,817000,股
2026-07-27,8021,尖點,0.4,99000,股
2026-07-27,6257,矽格,0.37,164000,股
2026-07-28,2330,台積電,14.56,572000,股
2026-07-28,6223,旺矽,5.66,98000,股
2026-07-28,2454,聯發科,4.22,114000,股
2026-07-28,2383,台光電子,3.75,76000,股
2026-07-28,2059,川湖,3.08,37000,股
2026-07-28,2345,智邦,2.87,126000,股
2026-07-28,2344,華邦電子,2.82,1749000,股
2026-07-28,6274,台燿,2.73,216000,股
2026-07-28,2308,台達電子,2.72,154000,股
2026-07-28,3037,欣興,2.57,301000,股
2026-07-28,5274,信驊科技,2.46,16600,股
2026-07-28,2303,聯電,2.41,1900000,股
2026-07-28,3711,日月光投控,2.4,388000,股
2026-07-28,6515,穎崴,2.39,36000,股
2026-07-28,2327,國巨*,2.33,370000,股
2026-07-28,3017,奇鋐,2.33,93000,股
2026-07-28,2408,南亞科,2.21,503000,股
2026-07-28,6669,緯穎,2.2,37000,股
2026-07-28,2883,凱基金控,2.14,6476000,股
2026-07-28,8046,南電,2.02,185000,股
2026-07-28,3189,景碩科技,1.98,277000,股
2026-07-28,7769,鴻勁,1.93,30000,股
2026-07-28,202608TX,台指期貨,1.91,19,口
2026-07-28,2360,致茂,1.8,83000,股
2026-07-28,2890,永豐金控,1.58,3651220,股
2026-07-28,4958,臻鼎-KY,1.53,320000,股
2026-07-28,3653,健策,1.47,39000,股
2026-07-28,3443,創意電子,1.35,33000,股
2026-07-28,2881,富邦金控,1.29,918000,股
2026-07-28,2368,金像電子,1.23,136000,股
2026-07-28,2885,元大金,1.23,1729000,股
2026-07-28,3264,欣銓,1.23,595000,股
2026-07-28,6488,環球晶圓,1.03,96000,股
2026-07-28,6446,藥華醫藥,0.99,79228,股
2026-07-28,8358,金居開發,0.86,230000,股
2026-07-28,1303,南亞,0.8,456000,股
2026-07-28,2891,中信金,0.78,1112000,股
2026-07-28,3702,大聯大,0.7,570000,股
2026-07-28,2637,慧洋-KY,0.68,739000,股
2026-07-28,4904,遠傳,0.66,560000,股
2026-07-28,2618,長榮航,0.65,1369000,股
2026-07-28,2347,聯強,0.63,656000,股
2026-07-28,2395,研華,0.63,101000,股
2026-07-28,2882,國泰金,0.58,543000,股
2026-07-28,6196,帆宣,0.58,109000,股
2026-07-28,2412,中華電,0.57,360000,股
2026-07-28,2027,大成鋼,0.5,1070000,股
2026-07-28,1301,台塑,0.44,688000,股
2026-07-28,3481,群創光電,0.41,817000,股
2026-07-28,8021,尖點,0.39,99000,股
2026-07-28,6257,矽格,0.36,164000,股
2026-07-29,2330,台積電,15.06,572000,股
2026-07-29,6223,旺矽,5.61,98000,股
2026-07-29,2454,聯發科,4.3,114000,股
2026-07-29,2383,台光電子,3.73,76000,股
2026-07-29,2059,川湖,3.16,37000,股
2026-07-29,2345,智邦,2.88,126000,股
2026-07-29,2308,台達電子,2.75,154000,股
2026-07-29,2344,華邦電子,2.72,1749000,股
2026-07-29,6274,台燿,2.64,216000,股
2026-07-29,5274,信驊科技,2.56,16600,股
2026-07-29,3037,欣興,2.48,301000,股
2026-07-29,2303,聯電,2.33,1900000,股
2026-07-29,3017,奇鋐,2.33,93000,股
2026-07-29,6515,穎崴,2.33,36000,股
2026-07-29,3711,日月光投控,2.32,388000,股
2026-07-29,6669,緯穎,2.27,37000,股
2026-07-29,2883,凱基金控,2.26,6476000,股
2026-07-29,2327,國巨*,2.24,370000,股
2026-07-29,2408,南亞科,2.13,503000,股
2026-07-29,202608TX,台指期貨,2.09,19,口
2026-07-29,8046,南電,1.95,185000,股
2026-07-29,3189,景碩科技,1.91,277000,股
2026-07-29,7769,鴻勁,1.86,30000,股
2026-07-29,2360,致茂,1.82,83000,股
2026-07-29,2890,永豐金控,1.69,3651220,股
2026-07-29,4958,臻鼎-KY,1.55,320000,股
2026-07-29,3653,健策,1.54,39000,股
2026-07-29,2881,富邦金控,1.35,918000,股
2026-07-29,3443,創意電子,1.3,33000,股
2026-07-29,2885,元大金,1.29,1729000,股
2026-07-29,2368,金像電子,1.19,136000,股
2026-07-29,3264,欣銓,1.19,595000,股
2026-07-29,6446,藥華醫藥,1.02,79228,股
2026-07-29,6488,環球晶圓,0.99,96000,股
2026-07-29,8358,金居開發,0.83,230000,股
2026-07-29,2891,中信金,0.82,1112000,股
2026-07-29,1303,南亞,0.77,456000,股
2026-07-29,3702,大聯大,0.72,570000,股
2026-07-29,2637,慧洋-KY,0.71,739000,股
2026-07-29,4904,遠傳,0.71,560000,股
2026-07-29,2618,長榮航,0.68,1369000,股
2026-07-29,2347,聯強,0.67,656000,股
2026-07-29,2395,研華,0.66,101000,股
2026-07-29,2882,國泰金,0.61,543000,股
2026-07-29,2412,中華電,0.6,360000,股
2026-07-29,6196,帆宣,0.58,109000,股
2026-07-29,2027,大成鋼,0.55,1070000,股
2026-07-29,1301,台塑,0.46,688000,股
2026-07-29,3481,群創光電,0.41,817000,股
2026-07-29,8021,尖點,0.37,99000,股
2026-07-29,6257,矽格,0.36,164000,股
2026-07-30,2330,台積電,15.1,572000,股
2026-07-30,6223,旺矽,5.64,98000,股
2026-07-30,2454,聯發科,4.42,114000,股
2026-07-30,2383,台光電子,3.93,76000,股
2026-07-30,2059,川湖,3.17,37000,股
2026-07-30,2345,智邦,2.92,126000,股
2026-07-30,2308,台達電子,2.82,154000,股
2026-07-30,5274,信驊科技,2.63,16600,股
2026-07-30,6274,台燿,2.62,216000,股
2026-07-30,3037,欣興,2.58,301000,股
2026-07-30,2303,聯電,2.51,1900000,股
2026-07-30,2344,華邦電子,2.48,1749000,股
2026-07-30,3017,奇鋐,2.35,93000,股
2026-07-30,3711,日月光投控,2.35,388000,股
2026-07-30,6515,穎崴,2.28,36000,股
2026-07-30,2883,凱基金控,2.25,6476000,股
2026-07-30,6669,緯穎,2.17,37000,股
2026-07-30,202608TX,台指期貨,2.09,19,口
2026-07-30,2327,國巨*,2.02,370000,股
2026-07-30,7769,鴻勁,2.02,30000,股
2026-07-30,2408,南亞科,1.98,503000,股
2026-07-30,3189,景碩科技,1.92,277000,股
2026-07-30,2360,致茂,1.9,83000,股
2026-07-30,8046,南電,1.86,185000,股
2026-07-30,2890,永豐金控,1.7,3651220,股
2026-07-30,3653,健策,1.47,39000,股
2026-07-30,4958,臻鼎-KY,1.44,320000,股
2026-07-30,3443,創意電子,1.37,33000,股
2026-07-30,2881,富邦金控,1.36,918000,股
2026-07-30,2885,元大金,1.31,1729000,股
2026-07-30,2368,金像電子,1.18,136000,股
2026-07-30,3264,欣銓,1.15,595000,股
2026-07-30,6446,藥華醫藥,0.97,79228,股
2026-07-30,6488,環球晶圓,0.9,96000,股
2026-07-30,2891,中信金,0.84,1112000,股
2026-07-30,1303,南亞,0.79,456000,股
2026-07-30,8358,金居開發,0.75,230000,股
2026-07-30,3702,大聯大,0.72,570000,股
2026-07-30,4904,遠傳,0.71,560000,股
2026-07-30,2618,長榮航,0.69,1369000,股
2026-07-30,2637,慧洋-KY,0.69,739000,股
2026-07-30,2347,聯強,0.68,656000,股
2026-07-30,2395,研華,0.66,101000,股
2026-07-30,2882,國泰金,0.62,543000,股
2026-07-30,2412,中華電,0.61,360000,股
2026-07-30,6196,帆宣,0.57,109000,股
2026-07-30,2027,大成鋼,0.56,1070000,股
2026-07-30,1301,台塑,0.45,688000,股
2026-07-30,3481,群創光電,0.41,817000,股
2026-07-30,8021,尖點,0.35,99000,股
2026-07-30,6257,矽格,0.34,164000,股
2026-07-31,2330,台積電,15.03,572000,股
2026-07-31,6223,旺矽,5.61,98000,股
2026-07-31,2454,聯發科,4.39,114000,股
2026-07-31,2383,台光電子,3.91,76000,股
2026-07-31,2059,川湖,3.15,37000,股
2026-07-31,2345,智邦,2.9,126000,股
2026-07-31,2308,台達電子,2.74,154000,股
2026-07-31,5274,信驊科技,2.61,16600,股
2026-07-31,6274,台燿,2.6,216000,股
2026-07-31,3037,欣興,2.57,301000,股
2026-07-31,2303,聯電,2.49,1900000,股
2026-07-31,2344,華邦電子,2.46,1749000,股
2026-07-31,3017,奇鋐,2.34,93000,股
2026-07-31,3711,日月光投控,2.33,388000,股
2026-07-31,6515,穎崴,2.27,36000,股
2026-07-31,2883,凱基金控,2.16,6476000,股
2026-07-31,6669,緯穎,2.16,37000,股
2026-07-31,2327,國巨*,2.01,370000,股
2026-07-31,7769,鴻勁,2.01,30000,股
2026-07-31,2408,南亞科,1.96,503000,股
2026-07-31,3189,景碩科技,1.91,277000,股
2026-07-31,202608TX,台指期貨,1.9,19,口
2026-07-31,2360,致茂,1.89,83000,股
2026-07-31,8046,南電,1.84,185000,股
2026-07-31,2890,永豐金控,1.61,3651220,股
2026-07-31,3653,健策,1.46,39000,股
2026-07-31,4958,臻鼎-KY,1.43,320000,股
2026-07-31,3443,創意電子,1.36,33000,股
2026-07-31,2881,富邦金控,1.29,918000,股
2026-07-31,2885,元大金,1.28,1729000,股
2026-07-31,2368,金像電子,1.17,136000,股
2026-07-31,3264,欣銓,1.14,595000,股
2026-07-31,6446,藥華醫藥,0.91,79228,股
2026-07-31,6488,環球晶圓,0.89,96000,股
2026-07-31,1303,南亞,0.79,456000,股
2026-07-31,2891,中信金,0.78,1112000,股
2026-07-31,8358,金居開發,0.74,230000,股
2026-07-31,3702,大聯大,0.69,570000,股
2026-07-31,2347,聯強,0.67,656000,股
2026-07-31,2618,長榮航,0.64,1369000,股
2026-07-31,4904,遠傳,0.64,560000,股
2026-07-31,2637,慧洋-KY,0.63,739000,股
2026-07-31,2395,研華,0.62,101000,股
2026-07-31,2882,國泰金,0.6,543000,股
2026-07-31,6196,帆宣,0.55,109000,股
2026-07-31,2412,中華電,0.54,360000,股
2026-07-31,2027,大成鋼,0.5,1070000,股
2026-07-31,1301,台塑,0.41,688000,股
2026-07-31,3481,群創光電,0.4,817000,股
2026-07-31,8021,尖點,0.35,99000,股
2026-07-31,6257,矽格,0.33,164000,股
2026-08-03,2330,台積電,14.1,572000,股
2026-08-03,6223,旺矽,5.91,98000,股
2026-08-03,2454,聯發科,4.63,114000,股
2026-08-03,2383,台光電子,3.93,76000,股
2026-08-03,2059,川湖,3.32,37000,股
2026-08-03,2345,智邦,3.06,126000,股
2026-08-03,5274,信驊科技,2.75,16600,股
2026-08-03,6274,台燿,2.74,216000,股
2026-08-03,3037,欣興,2.7,301000,股
2026-08-03,2344,華邦電子,2.6,1749000,股
2026-08-03,2308,台達電子,2.53,154000,股
2026-08-03,3017,奇鋐,2.46,93000,股
2026-08-03,3711,日月光投控,2.46,388000,股
2026-08-03,6515,穎崴,2.34,36000,股
2026-08-03,2303,聯電,2.33,1900000,股
2026-08-03,6669,緯穎,2.28,37000,股
2026-08-03,2327,國巨*,2.12,370000,股
2026-08-03,2408,南亞科,2.07,503000,股
2026-08-03,2883,凱基金控,2.05,6476000,股
2026-08-03,3189,景碩科技,2.01,277000,股
2026-08-03,7769,鴻勁,2.0,30000,股
2026-08-03,202608TX,台指期貨,1.89,19,口
2026-08-03,8046,南電,1.83,185000,股
2026-08-03,2360,致茂,1.69,83000,股
2026-08-03,3653,健策,1.53,39000,股
2026-08-03,2890,永豐金控,1.52,3651220,股
2026-08-03,3443,創意電子,1.43,33000,股
2026-08-03,4958,臻鼎-KY,1.4,320000,股
2026-08-03,2881,富邦金控,1.24,918000,股
2026-08-03,2368,金像電子,1.23,136000,股
2026-08-03,2885,元大金,1.22,1729000,股
2026-08-03,3264,欣銓,1.16,595000,股
2026-08-03,6446,藥華醫藥,0.96,79228,股
2026-08-03,6488,環球晶圓,0.86,96000,股
2026-08-03,1303,南亞,0.78,456000,股
2026-08-03,8358,金居開發,0.78,230000,股
2026-08-03,2891,中信金,0.75,1112000,股
2026-08-03,3702,大聯大,0.69,570000,股
2026-08-03,2637,慧洋-KY,0.64,739000,股
2026-08-03,2347,聯強,0.62,656000,股
2026-08-03,2618,長榮航,0.62,1369000,股
2026-08-03,2395,研華,0.6,101000,股
2026-08-03,4904,遠傳,0.6,560000,股
2026-08-03,2882,國泰金,0.57,543000,股
2026-08-03,6196,帆宣,0.56,109000,股
2026-08-03,2412,中華電,0.52,360000,股
2026-08-03,2027,大成鋼,0.49,1070000,股
2026-08-03,3481,群創光電,0.39,817000,股
2026-08-03,1301,台塑,0.38,688000,股
2026-08-03,8021,尖點,0.37,99000,股
2026-08-03,6257,矽格,0.33,164000,股
2026-08-04,2330,台積電,13.27,549000,股
2026-08-04,6223,旺矽,6.45,105000,股
2026-08-04,2454,聯發科,4.83,120000,股
2026-08-04,2383,台光電子,4.39,82000,股
2026-08-04,5274,信驊科技,3.33,20600,股
2026-08-04,2059,川湖,3.26,33000,股
2026-08-04,3037,欣興,3.25,338000,股
2026-08-04,2345,智邦,3.17,131000,股
2026-08-04,6274,台燿,3.02,216000,股
2026-08-04,2308,台達電子,2.77,164000,股
2026-08-04,6669,緯穎,2.71,42000,股
2026-08-04,6515,穎崴,2.67,39000,股
2026-08-04,3711,日月光投控,2.57,421000,股
2026-08-04,2408,南亞科,2.37,521000,股
2026-08-04,3017,奇鋐,2.36,87000,股
2026-08-04,2344,華邦電子,2.33,1422000,股
2026-08-04,3189,景碩科技,2.21,277000,股
2026-08-04,2303,聯電,2.17,1755000,股
2026-08-04,2327,國巨*,2.1,356000,股
2026-08-04,8046,南電,2.01,185000,股
2026-08-04,7769,鴻勁,1.93,30000,股
2026-08-04,202608TX,台指期貨,1.89,19,口
2026-08-04,2360,致茂,1.68,84000,股
2026-08-04,2885,元大金,1.57,2190000,股
2026-08-04,2883,凱基金控,1.53,4818000,股
2026-08-04,3443,創意電子,1.51,35000,股
2026-08-04,3653,健策,1.47,34000,股
2026-08-04,2890,永豐金控,1.35,3283220,股
2026-08-04,3264,欣銓,1.23,608000,股
2026-08-04,2881,富邦金控,0.94,705000,股
2026-08-04,2347,聯強,0.68,692000,股
2026-08-04,6446,藥華醫藥,0.67,53228,股
2026-08-04,2891,中信金,0.66,974000,股
2026-08-04,1303,南亞,0.59,334000,股
2026-08-04,3702,大聯大,0.59,481000,股
2026-08-04,2618,長榮航,0.58,1279000,股
2026-08-04,2395,研華,0.52,86000,股
2026-08-04,2882,國泰金,0.5,483000,股
2026-08-04,4904,遠傳,0.5,475000,股
2026-08-04,2412,中華電,0.46,321000,股
2026-08-04,2027,大成鋼,0.45,972000,股
2026-08-04,3481,群創光電,0.33,658000,股
2026-08-04,5289,宜鼎國際,0.31,21000,股
2026-08-04,1301,台塑,0.3,526000,股
2026-08-04,6257,矽格,0.26,126000,股
2026-08-04,3231,緯創,0.2,96000,股
2026-08-04,2610,華航,0.17,736000,股
2026-08-04,3293,鈊象,0.16,20000,股
2026-08-04,1590,亞德客-KY,0.13,9000,股
2026-08-05,2330,台積電,12.54,518000,股
2026-08-05,6223,旺矽,6.87,109000,股
2026-08-05,2454,聯發科,4.88,121000,股
2026-08-05,2383,台光電子,4.66,88000,股
2026-08-05,5274,信驊科技,3.81,23600,股
2026-08-05,3037,欣興,3.68,376000,股
2026-08-05,6274,台燿,3.2,216000,股
2026-08-05,2059,川湖,3.15,33000,股
2026-08-05,2345,智邦,3.15,131000,股
2026-08-05,6669,緯穎,3.12,50000,股
2026-08-05,2408,南亞科,2.94,654000,股
2026-08-05,2308,台達電子,2.9,174000,股
2026-08-05,6515,穎崴,2.85,41000,股
2026-08-05,3189,景碩科技,2.65,317000,股
2026-08-05,3711,日月光投控,2.52,421000,股
2026-08-05,3017,奇鋐,2.4,87000,股
2026-08-05,2344,華邦電子,2.11,1235000,股
2026-08-05,2303,聯電,2.01,1635000,股
2026-08-05,2327,國巨*,2.01,344000,股
2026-08-05,7769,鴻勁,1.98,30000,股
2026-08-05,8046,南電,1.98,185000,股
2026-08-05,2885,元大金,1.9,2712000,股
2026-08-05,202608TX,台指期貨,1.72,19,口
2026-08-05,2360,致茂,1.65,87000,股
2026-08-05,3443,創意電子,1.55,35000,股
2026-08-05,3653,健策,1.45,33000,股
2026-08-05,3264,欣銓,1.26,616000,股
2026-08-05,2890,永豐金控,1.24,3102220,股
2026-08-05,2883,凱基金控,1.18,3695000,股
2026-08-05,3008,大立光電,1.15,25000,股
2026-08-05,2881,富邦金控,0.75,572000,股
2026-08-05,2347,聯強,0.71,725000,股
2026-08-05,2891,中信金,0.59,885000,股
2026-08-05,5289,宜鼎國際,0.59,40000,股
2026-08-05,2618,長榮航,0.55,1243000,股
2026-08-05,3702,大聯大,0.51,395000,股
2026-08-05,6446,藥華醫藥,0.49,36228,股
2026-08-05,1303,南亞,0.46,255000,股
2026-08-05,2395,研華,0.45,71000,股
2026-08-05,2882,國泰金,0.45,446000,股
2026-08-05,4904,遠傳,0.42,414000,股
2026-08-05,2027,大成鋼,0.41,908000,股
2026-08-05,2412,中華電,0.41,295000,股
2026-08-05,3231,緯創,0.39,198000,股
2026-08-05,2610,華航,0.33,1463000,股
2026-08-05,3293,鈊象,0.31,39000,股
2026-08-05,1590,亞德客-KY,0.27,18000,股
2026-08-05,3481,群創光電,0.27,561000,股
2026-08-05,1301,台塑,0.24,429000,股
2026-08-05,6257,矽格,0.21,103000,股
2026-08-06,2330,台積電,12.26,518000,股
2026-08-06,6223,旺矽,6.87,109000,股
2026-08-06,2454,聯發科,4.75,121000,股
2026-08-06,2383,台光電子,4.67,88000,股
2026-08-06,5274,信驊科技,3.96,23600,股
2026-08-06,3037,欣興,3.71,381000,股
2026-08-06,6274,台燿,3.58,234000,股
2026-08-06,2059,川湖,3.33,33000,股
2026-08-06,2345,智邦,3.16,131000,股
2026-08-06,6669,緯穎,3.13,50000,股
2026-08-06,2408,南亞科,3.0,654000,股
2026-08-06,2308,台達電子,2.92,174000,股
2026-08-06,6515,穎崴,2.78,41000,股
2026-08-06,3189,景碩科技,2.76,323000,股
2026-08-06,3017,奇鋐,2.56,87000,股
2026-08-06,3711,日月光投控,2.51,422000,股
2026-08-06,2344,華邦電子,2.11,1235000,股
2026-08-06,8046,南電,2.05,185000,股
2026-08-06,2303,聯電,1.99,1635000,股
2026-08-06,2327,國巨*,1.96,344000,股
2026-08-06,7769,鴻勁,1.94,30000,股
2026-08-06,2885,元大金,1.82,2712000,股
2026-08-06,2360,致茂,1.72,87000,股
2026-08-06,202608TX,台指期貨,1.71,19,口
2026-08-06,3443,創意電子,1.57,35000,股
2026-08-06,3653,健策,1.47,33000,股
2026-08-06,3264,欣銓,1.3,616000,股
2026-08-06,2890,永豐金控,1.2,3102220,股
2026-08-06,3008,大立光電,1.2,26000,股
2026-08-06,2883,凱基金控,1.13,3695000,股
2026-08-06,2881,富邦金控,0.72,572000,股
2026-08-06,2347,聯強,0.69,730000,股
2026-08-06,3081,聯亞光電,0.67,28000,股
2026-08-06,5289,宜鼎國際,0.64,40000,股
2026-08-06,2891,中信金,0.57,885000,股
2026-08-06,2618,長榮航,0.54,1243000,股
2026-08-06,3702,大聯大,0.5,395000,股
2026-08-06,6446,藥華醫藥,0.47,36228,股
2026-08-06,1303,南亞,0.46,255000,股
2026-08-06,2395,研華,0.44,71000,股
2026-08-06,2882,國泰金,0.44,446000,股
2026-08-06,2027,大成鋼,0.42,908000,股
2026-08-06,4904,遠傳,0.42,414000,股
2026-08-06,2412,中華電,0.4,295000,股
2026-08-06,3231,緯創,0.38,198000,股
2026-08-06,2610,華航,0.32,1463000,股
2026-08-06,3293,鈊象,0.31,39000,股
2026-08-06,1590,亞德客-KY,0.28,18000,股
2026-08-06,3481,群創光電,0.28,561000,股
2026-08-06,1301,台塑,0.24,429000,股
2026-08-06,6257,矽格,0.21,103000,股
2026-08-07,2330,台積電,12.46,518000,股
2026-08-07,6223,旺矽,6.75,109000,股
2026-08-07,2454,聯發科,4.79,121000,股
2026-08-07,2383,台光電子,4.68,88000,股
2026-08-07,5274,信驊科技,3.92,23600,股
2026-08-07,3037,欣興,3.74,386000,股
2026-08-07,2059,川湖,3.72,33000,股
2026-08-07,6274,台燿,3.5,239000,股
2026-08-07,6669,緯穎,3.1,50000,股
2026-08-07,2408,南亞科,3.04,654000,股
2026-08-07,2345,智邦,2.95,131000,股
2026-08-07,2308,台達電子,2.92,174000,股
2026-08-07,6515,穎崴,2.82,41000,股
2026-08-07,3189,景碩科技,2.78,333000,股
2026-08-07,3711,日月光投控,2.51,422000,股
2026-08-07,3017,奇鋐,2.46,87000,股
2026-08-07,2344,華邦電子,2.05,1235000,股
2026-08-07,8046,南電,2.03,185000,股
2026-08-07,2303,聯電,1.93,1635000,股
2026-08-07,7769,鴻勁,1.93,30000,股
2026-08-07,2327,國巨*,1.89,344000,股
2026-08-07,2885,元大金,1.86,2712000,股
2026-08-07,2360,致茂,1.79,87000,股
2026-08-07,202608TX,台指期貨,1.72,19,口
2026-08-07,3443,創意電子,1.62,35000,股
2026-08-07,3653,健策,1.47,33000,股
2026-08-07,3264,欣銓,1.3,616000,股
2026-08-07,3081,聯亞光電,1.24,53000,股
2026-08-07,2890,永豐金控,1.23,3102220,股
2026-08-07,3008,大立光電,1.2,27000,股
2026-08-07,2883,凱基金控,1.16,3695000,股
2026-08-07,2881,富邦金控,0.74,572000,股
2026-08-07,2347,聯強,0.69,730000,股
2026-08-07,5289,宜鼎國際,0.61,40000,股
2026-08-07,2891,中信金,0.59,885000,股
2026-08-07,2618,長榮航,0.56,1243000,股
2026-08-07,1303,南亞,0.49,255000,股
2026-08-07,3702,大聯大,0.49,395000,股
2026-08-07,2395,研華,0.46,71000,股
2026-08-07,6446,藥華醫藥,0.46,36228,股
2026-08-07,2882,國泰金,0.45,446000,股
2026-08-07,2027,大成鋼,0.43,908000,股
2026-08-07,4904,遠傳,0.43,414000,股
2026-08-07,2412,中華電,0.41,295000,股
2026-08-07,3231,緯創,0.37,198000,股
2026-08-07,2610,華航,0.33,1463000,股
2026-08-07,3293,鈊象,0.32,39000,股
2026-08-07,1590,亞德客-KY,0.28,18000,股
2026-08-07,3481,群創光電,0.27,561000,股
2026-08-07,1301,台塑,0.24,429000,股
2026-08-07,6257,矽格,0.21,103000,股
2026-08-10,2330,台積電,12.24,518000,股
2026-08-10,6223,旺矽,6.75,109000,股
2026-08-10,2454,聯發科,4.77,121000,股
2026-08-10,2383,台光電子,4.63,88000,股
2026-08-10,2059,川湖,3.91,33000,股
2026-08-10,5274,信驊科技,3.88,23600,股
2026-08-10,3037,欣興,3.81,386000,股
2026-08-10,6274,台燿,3.47,239000,股
2026-08-10,2408,南亞科,3.27,654000,股
2026-08-10,2308,台達電子,3.14,174000,股
2026-08-10,6669,緯穎,2.99,50000,股
2026-08-10,2345,智邦,2.82,131000,股
2026-08-10,6515,穎崴,2.79,41000,股
2026-08-10,3189,景碩科技,2.77,333000,股
2026-08-10,3711,日月光投控,2.64,422000,股
2026-08-10,3017,奇鋐,2.39,87000,股
2026-08-10,2344,華邦電子,2.21,1235000,股
2026-08-10,8046,南電,2.08,185000,股
2026-08-10,2303,聯電,2.0,1635000,股
2026-08-10,2327,國巨*,1.96,344000,股
2026-08-10,7769,鴻勁,1.87,30000,股
2026-08-10,2885,元大金,1.84,2712000,股
2026-08-10,2360,致茂,1.76,87000,股
2026-08-10,202608TX,台指期貨,1.71,19,口
2026-08-10,3443,創意電子,1.58,35000,股
2026-08-10,3264,欣銓,1.36,616000,股
2026-08-10,3653,健策,1.36,33000,股
2026-08-10,3081,聯亞光電,1.34,53000,股
2026-08-10,2890,永豐金控,1.2,3102220,股
2026-08-10,3008,大立光電,1.18,27000,股
2026-08-10,2883,凱基金控,1.14,3695000,股
2026-08-10,2881,富邦金控,0.73,572000,股
2026-08-10,2347,聯強,0.67,730000,股
2026-08-10,2891,中信金,0.59,885000,股
2026-08-10,5289,宜鼎國際,0.58,40000,股
2026-08-10,2618,長榮航,0.53,1243000,股
2026-08-10,3702,大聯大,0.51,395000,股
2026-08-10,6446,藥華醫藥,0.48,36228,股
2026-08-10,1303,南亞,0.47,255000,股
2026-08-10,2395,研華,0.47,71000,股
2026-08-10,2882,國泰金,0.45,446000,股
2026-08-10,2027,大成鋼,0.43,908000,股
2026-08-10,4904,遠傳,0.42,414000,股
2026-08-10,2412,中華電,0.4,295000,股
2026-08-10,3231,緯創,0.38,198000,股
2026-08-10,3293,鈊象,0.31,39000,股
2026-08-10,2610,華航,0.3,1463000,股
2026-08-10,3481,群創光電,0.29,561000,股
2026-08-10,1590,亞德客-KY,0.28,18000,股
2026-08-10,1301,台塑,0.24,429000,股
2026-08-10,6257,矽格,0.21,103000,股
2026-08-11,2330,台積電,12.19,508000,股
2026-08-11,6223,旺矽,6.68,106000,股
2026-08-11,2383,台光電子,4.75,86000,股
2026-08-11,2454,聯發科,4.74,118000,股
2026-08-11,2059,川湖,4.06,33000,股
2026-08-11,6274,台燿,3.83,239000,股
2026-08-11,3037,欣興,3.82,386000,股
2026-08-11,5274,信驊科技,3.71,22600,股
2026-08-11,2408,南亞科,3.12,640000,股
2026-08-11,2308,台達電子,3.06,170000,股
2026-08-11,6669,緯穎,2.9,49000,股
2026-08-11,3189,景碩科技,2.8,333000,股
2026-08-11,6515,穎崴,2.76,40000,股
2026-08-11,2345,智邦,2.73,128000,股
2026-08-11,3711,日月光投控,2.59,413000,股
2026-08-11,3017,奇鋐,2.34,85000,股
2026-08-11,2344,華邦電子,2.15,1209000,股
2026-08-11,8046,南電,2.12,185000,股
2026-08-11,2327,國巨*,2.08,337000,股
2026-08-11,2303,聯電,1.97,1603000,股
2026-08-11,7769,鴻勁,1.84,29000,股
2026-08-11,2885,元大金,1.82,2660000,股
2026-08-11,2360,致茂,1.77,85000,股
2026-08-11,202608TX,台指期貨,1.71,19,口
2026-08-11,3443,創意電子,1.68,34000,股
2026-08-11,3653,健策,1.34,33000,股
2026-08-11,3264,欣銓,1.32,603000,股
2026-08-11,3081,聯亞光電,1.31,53000,股
2026-08-11,2890,永豐金控,1.19,3045220,股
2026-08-11,3008,大立光電,1.13,26000,股
2026-08-11,2883,凱基金控,1.12,3623000,股
2026-08-11,2881,富邦金控,0.72,561000,股
2026-08-11,2347,聯強,0.65,715000,股
2026-08-11,2891,中信金,0.58,868000,股
2026-08-11,5289,宜鼎國際,0.57,39000,股
2026-08-11,2618,長榮航,0.51,1219000,股
2026-08-11,6446,藥華醫藥,0.51,35228,股
2026-08-11,3702,大聯大,0.48,386000,股
2026-08-11,1303,南亞,0.47,250000,股
2026-08-11,2395,研華,0.46,69000,股
2026-08-11,2882,國泰金,0.43,437000,股
2026-08-11,2027,大成鋼,0.41,890000,股
2026-08-11,4904,遠傳,0.41,406000,股
2026-08-11,2412,中華電,0.39,289000,股
2026-08-11,3231,緯創,0.37,194000,股
2026-08-11,3293,鈊象,0.31,38000,股
2026-08-11,2610,華航,0.29,1434000,股
2026-08-11,3481,群創光電,0.27,549000,股
2026-08-11,1590,亞德客-KY,0.26,17000,股
2026-08-11,1301,台塑,0.23,420000,股
2026-08-11,6257,矽格,0.2,100000,股
2026-08-12,2330,台積電,12.09,508000,股
2026-08-12,6223,旺矽,6.89,106000,股
2026-08-12,2383,台光電子,4.85,86000,股
2026-08-12,2454,聯發科,4.66,118000,股
2026-08-12,2059,川湖,3.91,33000,股
2026-08-12,5274,信驊科技,3.86,22600,股
2026-08-12,3037,欣興,3.8,386000,股
2026-08-12,6274,台燿,3.76,239000,股
2026-08-12,2408,南亞科,3.04,640000,股
2026-08-12,2308,台達電子,3.0,170000,股
2026-08-12,6669,緯穎,2.91,49000,股
2026-08-12,6515,穎崴,2.82,40000,股
2026-08-12,3189,景碩科技,2.81,333000,股
2026-08-12,2345,智邦,2.79,128000,股
2026-08-12,3711,日月光投控,2.52,413000,股
2026-08-12,3017,奇鋐,2.43,85000,股
2026-08-12,8046,南電,2.3,185000,股
2026-08-12,2344,華邦電子,2.11,1209000,股
2026-08-12,2327,國巨*,2.0,337000,股
2026-08-12,2303,聯電,1.94,1603000,股
2026-08-12,7769,鴻勁,1.85,29000,股
2026-08-12,2360,致茂,1.84,85000,股
2026-08-12,2885,元大金,1.8,2660000,股
2026-08-12,3443,創意電子,1.72,34000,股
2026-08-12,202608TX,台指期貨,1.71,19,口
2026-08-12,3653,健策,1.45,33000,股
2026-08-12,3081,聯亞光電,1.42,53000,股
2026-08-12,3264,欣銓,1.29,603000,股
2026-08-12,2890,永豐金控,1.19,3045220,股
2026-08-12,3008,大立光電,1.17,26000,股
2026-08-12,2883,凱基金控,1.11,3623000,股
2026-08-12,2881,富邦金控,0.7,561000,股
2026-08-12,2347,聯強,0.64,715000,股
2026-08-12,5289,宜鼎國際,0.58,39000,股
2026-08-12,2891,中信金,0.57,868000,股
2026-08-12,2618,長榮航,0.51,1219000,股
2026-08-12,6446,藥華醫藥,0.5,35228,股
2026-08-12,1303,南亞,0.47,250000,股
2026-08-12,2395,研華,0.47,69000,股
2026-08-12,3702,大聯大,0.47,386000,股
2026-08-12,2882,國泰金,0.43,437000,股
2026-08-12,2027,大成鋼,0.41,890000,股
2026-08-12,4904,遠傳,0.4,406000,股
2026-08-12,2412,中華電,0.39,289000,股
2026-08-12,3231,緯創,0.37,194000,股
2026-08-12,2610,華航,0.29,1434000,股
2026-08-12,3293,鈊象,0.29,38000,股
2026-08-12,1590,亞德客-KY,0.27,17000,股
2026-08-12,3481,群創光電,0.27,549000,股
2026-08-12,1301,台塑,0.23,420000,股
2026-08-12,6257,矽格,0.21,100000,股
2026-08-13,2330,台積電,11.94,502000,股
2026-08-13,6223,旺矽,6.6,104000,股
2026-08-13,2454,聯發科,4.79,116000,股
2026-08-13,2383,台光電子,4.72,85000,股
2026-08-13,2059,川湖,3.94,33000,股
2026-08-13,3037,欣興,3.77,386000,股
2026-08-13,6274,台燿,3.74,239000,股
2026-08-13,5274,信驊科技,3.69,21600,股
2026-08-13,2408,南亞科,3.18,633000,股
2026-08-13,2308,台達電子,3.09,168000,股
2026-08-13,6669,緯穎,2.85,48000,股
2026-08-13,2345,智邦,2.79,126000,股
2026-08-13,3189,景碩科技,2.77,333000,股
2026-08-13,3017,奇鋐,2.63,84000,股
2026-08-13,6515,穎崴,2.57,39000,股
2026-08-13,3711,日月光投控,2.49,408000,股
2026-08-13,8046,南電,2.17,183000,股
2026-08-13,2327,國巨*,2.15,333000,股
2026-08-13,2344,華邦電子,2.07,1196000,股
2026-08-13,2303,聯電,1.93,1587000,股
2026-08-13,2360,致茂,1.89,84000,股
2026-08-13,7769,鴻勁,1.85,28000,股
2026-08-13,2885,元大金,1.79,2634000,股
2026-08-13,3443,創意電子,1.79,33000,股
2026-08-13,202608TX,台指期貨,1.71,19,口
2026-08-13,3653,健策,1.49,33000,股
2026-08-13,3081,聯亞光電,1.38,53000,股
2026-08-13,3264,欣銓,1.34,597000,股
2026-08-13,2890,永豐金控,1.18,3016220,股
2026-08-13,3008,大立光電,1.14,25000,股
2026-08-13,2883,凱基金控,1.1,3587000,股
2026-08-13,2881,富邦金控,0.7,555000,股
2026-08-13,2347,聯強,0.63,707000,股
2026-08-13,5289,宜鼎國際,0.57,38000,股
2026-08-13,2891,中信金,0.56,859000,股
2026-08-13,2618,長榮航,0.48,1206000,股
2026-08-13,6446,藥華醫藥,0.48,34228,股
2026-08-13,1303,南亞,0.46,247000,股
2026-08-13,2395,研華,0.46,68000,股
2026-08-13,3702,大聯大,0.46,381000,股
2026-08-13,2027,大成鋼,0.43,882000,股
2026-08-13,2882,國泰金,0.42,432000,股
2026-08-13,4904,遠傳,0.39,401000,股
2026-08-13,2412,中華電,0.38,286000,股
2026-08-13,3231,緯創,0.37,192000,股
2026-08-13,2610,華航,0.28,1419000,股
2026-08-13,3293,鈊象,0.28,37000,股
2026-08-13,3481,群創光電,0.26,543000,股
2026-08-13,1301,台塑,0.23,416000,股
2026-08-13,1590,亞德客-KY,0.23,16000,股
2026-08-13,6257,矽格,0.21,99000,股
2026-08-14,2330,台積電,11.68,502000,股
2026-08-14,6223,旺矽,6.52,104000,股
2026-08-14,2383,台光電子,5.1,85000,股
2026-08-14,2454,聯發科,4.75,116000,股
2026-08-14,2059,川湖,4.01,33000,股
2026-08-14,6274,台燿,3.9,239000,股
2026-08-14,3037,欣興,3.83,386000,股
2026-08-14,5274,信驊科技,3.72,21600,股
2026-08-14,2408,南亞科,3.15,633000,股
2026-08-14,2308,台達電子,3.08,168000,股
2026-08-14,6669,緯穎,3.01,48000,股
2026-08-14,2345,智邦,2.82,126000,股
2026-08-14,3189,景碩科技,2.79,333000,股
2026-08-14,3017,奇鋐,2.64,84000,股
2026-08-14,6515,穎崴,2.56,39000,股
2026-08-14,3711,日月光投控,2.45,408000,股
2026-08-14,8046,南電,2.32,183000,股
2026-08-14,2344,華邦電子,2.14,1196000,股
2026-08-14,2327,國巨*,2.02,333000,股
2026-08-14,2360,致茂,1.88,84000,股
2026-08-14,2303,聯電,1.87,1587000,股
2026-08-14,7769,鴻勁,1.8,28000,股
2026-08-14,2885,元大金,1.79,2634000,股
2026-08-14,3443,創意電子,1.76,33000,股
2026-08-14,202609TX,台指期貨,1.71,19,口
2026-08-14,3653,健策,1.56,33000,股
2026-08-14,3081,聯亞光電,1.31,53000,股
2026-08-14,3264,欣銓,1.31,597000,股
2026-08-14,2890,永豐金控,1.19,3016220,股
2026-08-14,3008,大立光電,1.12,25000,股
2026-08-14,2883,凱基金控,1.1,3587000,股
2026-08-14,2881,富邦金控,0.7,555000,股
2026-08-14,2347,聯強,0.63,707000,股
2026-08-14,2891,中信金,0.55,859000,股
2026-08-14,5289,宜鼎國際,0.55,38000,股
2026-08-14,1303,南亞,0.5,247000,股
2026-08-14,6446,藥華醫藥,0.5,34228,股
2026-08-14,2618,長榮航,0.47,1206000,股
2026-08-14,2395,研華,0.45,68000,股
2026-08-14,2882,國泰金,0.43,432000,股
2026-08-14,3702,大聯大,0.43,381000,股
2026-08-14,2027,大成鋼,0.41,882000,股
2026-08-14,4904,遠傳,0.39,401000,股
2026-08-14,2412,中華電,0.38,286000,股
2026-08-14,3231,緯創,0.36,192000,股
2026-08-14,2610,華航,0.27,1419000,股
2026-08-14,3293,鈊象,0.27,37000,股
2026-08-14,3481,群創光電,0.26,543000,股
2026-08-14,1301,台塑,0.24,416000,股
2026-08-14,1590,亞德客-KY,0.23,16000,股
2026-08-14,6257,矽格,0.2,99000,股
2026-08-17,2330,台積電,11.73,502000,股
2026-08-17,6223,旺矽,5.87,104000,股
2026-08-17,2383,台光電子,5.25,85000,股
2026-08-17,2454,聯發科,4.57,116000,股
2026-08-17,2059,川湖,4.42,33000,股
2026-08-17,3037,欣興,4.21,386000,股
2026-08-17,6274,台燿,3.72,239000,股
2026-08-17,5274,信驊科技,3.58,21600,股
2026-08-17,2408,南亞科,3.23,633000,股
2026-08-17,6669,緯穎,3.09,48000,股
2026-08-17,2308,台達電子,3.08,168000,股
2026-08-17,3189,景碩科技,2.93,333000,股
2026-08-17,2345,智邦,2.81,126000,股
2026-08-17,3017,奇鋐,2.57,84000,股
2026-08-17,6515,穎崴,2.51,39000,股
2026-08-17,3711,日月光投控,2.44,408000,股
2026-08-17,8046,南電,2.31,183000,股
2026-08-17,2344,華邦電子,2.11,1196000,股
2026-08-17,2327,國巨*,1.97,333000,股
2026-08-17,2360,致茂,1.93,84000,股
2026-08-17,2303,聯電,1.88,1587000,股
2026-08-17,3443,創意電子,1.88,33000,股
2026-08-17,7769,鴻勁,1.84,28000,股
2026-08-17,2885,元大金,1.75,2634000,股
2026-08-17,202609TX,台指期貨,1.71,19,口
2026-08-17,3653,健策,1.71,33000,股
2026-08-17,3081,聯亞光電,1.44,53000,股
2026-08-17,3264,欣銓,1.27,597000,股
2026-08-17,3008,大立光電,1.23,25000,股
2026-08-17,2890,永豐金控,1.16,3016220,股
2026-08-17,2883,凱基金控,1.1,3587000,股
2026-08-17,2881,富邦金控,0.68,555000,股
2026-08-17,2347,聯強,0.61,707000,股
2026-08-17,5289,宜鼎國際,0.57,38000,股
2026-08-17,2891,中信金,0.55,859000,股
2026-08-17,2618,長榮航,0.49,1206000,股
2026-08-17,1303,南亞,0.48,247000,股
2026-08-17,6446,藥華醫藥,0.47,34228,股
2026-08-17,2395,研華,0.45,68000,股
2026-08-17,2027,大成鋼,0.43,882000,股
2026-08-17,2882,國泰金,0.41,432000,股
2026-08-17,3702,大聯大,0.41,381000,股
2026-08-17,4904,遠傳,0.39,401000,股
2026-08-17,2412,中華電,0.38,286000,股
2026-08-17,3231,緯創,0.35,192000,股
2026-08-17,2610,華航,0.28,1419000,股
2026-08-17,3481,群創光電,0.27,543000,股
2026-08-17,3293,鈊象,0.26,37000,股
2026-08-17,1301,台塑,0.24,416000,股
2026-08-17,1590,亞德客-KY,0.23,16000,股
2026-08-17,6257,矽格,0.2,99000,股
2026-08-18,2330,台積電,10.64,448000,股
2026-08-18,2383,台光電子,6.06,98000,股
2026-08-18,6223,旺矽,5.88,112000,股
2026-08-18,3037,欣興,5.13,450000,股
2026-08-18,2059,川湖,4.72,33000,股
2026-08-18,2454,聯發科,4.3,111000,股
2026-08-18,6274,台燿,4.14,269000,股
2026-08-18,5274,信驊科技,4.01,23600,股
2026-08-18,3017,奇鋐,3.72,123000,股
2026-08-18,2408,南亞科,3.55,692000,股
2026-08-18,6669,緯穎,3.32,52000,股
2026-08-18,2345,智邦,2.99,135000,股
2026-08-18,3189,景碩科技,2.9,336000,股
2026-08-18,2308,台達電子,2.61,144000,股
2026-08-18,8046,南電,2.58,208000,股
2026-08-18,6515,穎崴,2.52,40000,股
2026-08-18,2344,華邦電子,2.48,1408000,股
2026-08-18,3443,創意電子,2.32,42000,股
2026-08-18,3711,日月光投控,1.92,322000,股
2026-08-18,3653,健策,1.8,35000,股
2026-08-18,2303,聯電,1.79,1513000,股
2026-08-18,7769,鴻勁,1.75,27000,股
2026-08-18,202609TX,台指期貨,1.71,19,口
2026-08-18,2327,國巨*,1.69,295000,股
2026-08-18,3081,聯亞光電,1.54,53000,股
2026-08-18,2360,致茂,1.35,59000,股
2026-08-18,2885,元大金,1.25,1965360,股
2026-08-18,3665,貿聯-KY,1.0,45000,股
2026-08-18,5289,宜鼎國際,1.0,69000,股
2026-08-18,3264,欣銓,0.91,433000,股
2026-08-18,2890,永豐金控,0.88,2240220,股
2026-08-18,2883,凱基金控,0.84,2731000,股
2026-08-18,2347,聯強,0.56,648000,股
2026-08-18,2395,研華,0.43,63000,股
2026-08-18,8299,群聯電子,0.42,21000,股
2026-08-18,3231,緯創,0.4,224000,股
2026-08-18,2337,旺宏,0.3,250000,股
2026-08-18,6187,萬潤科技,0.26,21000,股
2026-08-18,2467,志聖,0.25,45000,股
2026-08-18,2301,光寶科技,0.24,87000,股
2026-08-18,2455,全新,0.24,58000,股
2026-08-18,1560,中砂,0.22,31000,股
2026-08-18,3491,昇達科技,0.22,18000,股
2026-08-18,8996,高力,0.22,19000,股
2026-08-18,2368,金像電子,0.21,20000,股
2026-08-18,6196,帆宣,0.21,42000,股
2026-08-18,6584,南俊國際,0.21,35000,股
2026-08-18,6139,亞翔工程,0.2,26000,股
2026-08-18,3661,世芯-KY,0.19,5000,股
2026-08-18,8358,金居開發,0.19,47000,股
2026-08-19,2330,台積電,9.58,415000,股
2026-08-19,2383,台光電子,6.36,110000,股
2026-08-19,6223,旺矽,5.78,112000,股
2026-08-19,3037,欣興,5.65,509000,股
2026-08-19,2059,川湖,4.57,33000,股
2026-08-19,6274,台燿,4.29,291000,股
2026-08-19,3017,奇鋐,4.23,139000,股
2026-08-19,2454,聯發科,4.08,108000,股
2026-08-19,5274,信驊科技,3.98,25600,股
2026-08-19,2408,南亞科,3.64,771000,股
2026-08-19,6669,緯穎,3.45,55000,股
2026-08-19,2345,智邦,3.05,146000,股
2026-08-19,3189,景碩科技,2.8,336000,股
2026-08-19,8046,南電,2.74,236000,股
2026-08-19,2344,華邦電子,2.63,1593000,股
2026-08-19,6515,穎崴,2.5,40000,股
2026-08-19,3443,創意電子,2.45,47000,股
2026-08-19,2308,台達電子,2.24,129000,股
2026-08-19,3653,健策,1.88,35000,股
2026-08-19,202609TX,台指期貨,1.71,19,口
2026-08-19,7769,鴻勁,1.71,27000,股
2026-08-19,2303,聯電,1.69,1489000,股
2026-08-19,3665,貿聯-KY,1.64,76000,股
2026-08-19,2327,國巨*,1.51,267000,股
2026-08-19,3711,日月光投控,1.5,260000,股
2026-08-19,5289,宜鼎國際,1.24,83000,股
2026-08-19,3081,聯亞光電,1.0,38000,股
2026-08-19,2360,致茂,0.85,41000,股
2026-08-19,2885,元大金,0.85,1383360,股
2026-08-19,2890,永豐金控,0.65,1690220,股
2026-08-19,8299,群聯電子,0.64,33000,股
2026-08-19,2883,凱基金控,0.63,2117000,股
2026-08-19,3264,欣銓,0.63,312000,股
2026-08-19,2347,聯強,0.52,608000,股
2026-08-19,2337,旺宏,0.45,383000,股
2026-08-19,3231,緯創,0.43,242000,股
2026-08-19,2395,研華,0.41,60000,股
2026-08-19,2301,光寶科技,0.38,141000,股
2026-08-19,2467,志聖,0.38,71000,股
2026-08-19,6187,萬潤科技,0.38,30000,股
2026-08-19,2455,全新,0.37,96000,股
2026-08-19,2368,金像電子,0.34,33000,股
2026-08-19,3491,昇達科技,0.34,28000,股
2026-08-19,1560,中砂,0.33,48000,股
2026-08-19,8996,高力,0.33,30000,股
2026-08-19,6196,帆宣,0.32,65000,股
2026-08-19,6584,南俊國際,0.32,55000,股
2026-08-19,6139,亞翔工程,0.31,41000,股
2026-08-19,8358,金居開發,0.31,76000,股
2026-08-19,3661,世芯-KY,0.29,8000,股
2026-08-20,2330,台積電,9.03,391000,股
2026-08-20,2383,台光電子,6.45,111000,股
2026-08-20,6223,旺矽,6.15,112000,股
2026-08-20,3037,欣興,5.84,527000,股
2026-08-20,3017,奇鋐,4.49,155000,股
2026-08-20,2059,川湖,4.46,33000,股
2026-08-20,6274,台燿,4.45,291000,股
2026-08-20,5274,信驊科技,4.07,26600,股
2026-08-20,2454,聯發科,3.88,108000,股
2026-08-20,2408,南亞科,3.87,771000,股
2026-08-20,6669,緯穎,3.44,56000,股
2026-08-20,2345,智邦,3.05,149000,股
2026-08-20,3189,景碩科技,2.78,336000,股
2026-08-20,8046,南電,2.75,237000,股
2026-08-20,2344,華邦電子,2.73,1593000,股
2026-08-20,3443,創意電子,2.62,48000,股
2026-08-20,6515,穎崴,2.48,40000,股
2026-08-20,2308,台達電子,2.02,119000,股
2026-08-20,3653,健策,1.96,36000,股
2026-08-20,3665,貿聯-KY,1.86,85000,股
2026-08-20,202609TX,台指期貨,1.71,19,口
2026-08-20,7769,鴻勁,1.69,27000,股
2026-08-20,2303,聯電,1.67,1489000,股
2026-08-20,2327,國巨*,1.4,257000,股
2026-08-20,5289,宜鼎國際,1.35,93000,股
2026-08-20,3711,日月光投控,1.26,219000,股
2026-08-20,8299,群聯電子,0.72,37000,股
2026-08-20,3081,聯亞光電,0.7,26000,股
2026-08-20,2885,元大金,0.59,974360,股
2026-08-20,2360,致茂,0.58,28000,股
2026-08-20,2337,旺宏,0.5,423000,股
2026-08-20,2347,聯強,0.5,588000,股
2026-08-20,2883,凱基金控,0.5,1697000,股
2026-08-20,2890,永豐金控,0.5,1308220,股
2026-08-20,3264,欣銓,0.46,227000,股
2026-08-20,3231,緯創,0.44,254000,股
2026-08-20,2301,光寶科技,0.43,166000,股
2026-08-20,2455,全新,0.43,107000,股
2026-08-20,6187,萬潤科技,0.43,35000,股
2026-08-20,2467,志聖,0.42,78000,股
2026-08-20,2368,金像電子,0.39,39000,股
2026-08-20,2395,研華,0.39,60000,股
2026-08-20,1560,中砂,0.37,55000,股
2026-08-20,3491,昇達科技,0.37,30000,股
2026-08-20,8996,高力,0.37,34000,股
2026-08-20,6196,帆宣,0.36,75000,股
2026-08-20,6584,南俊國際,0.36,63000,股
2026-08-20,6139,亞翔工程,0.35,47000,股
2026-08-20,8358,金居開發,0.35,87000,股
2026-08-20,3661,世芯-KY,0.33,9000,股
2026-08-21,2330,台積電,8.94,375000,股
2026-08-21,2383,台光電子,6.4,114000,股
2026-08-21,6223,旺矽,6.21,115000,股
2026-08-21,3037,欣興,5.98,558000,股
2026-08-21,6274,台燿,4.49,304000,股
2026-08-21,3017,奇鋐,4.44,157000,股
2026-08-21,2059,川湖,4.36,33000,股
2026-08-21,5274,信驊科技,4.03,26600,股
2026-08-21,2408,南亞科,4.02,771000,股
2026-08-21,2454,聯發科,3.82,102000,股
2026-08-21,6669,緯穎,3.46,56000,股
2026-08-21,2345,智邦,3.02,150000,股
2026-08-21,2344,華邦電子,2.85,1593000,股
2026-08-21,3189,景碩科技,2.81,351000,股
2026-08-21,8046,南電,2.76,246000,股
2026-08-21,3443,創意電子,2.71,49000,股
2026-08-21,6515,穎崴,2.53,40000,股
2026-08-21,3665,貿聯-KY,1.98,88000,股
2026-08-21,3653,健策,1.97,37000,股
2026-08-21,2308,台達電子,1.9,110000,股
2026-08-21,202609TX,台指期貨,1.71,19,口
2026-08-21,7769,鴻勁,1.71,27000,股
2026-08-21,2303,聯電,1.63,1419000,股
2026-08-21,5289,宜鼎國際,1.43,93000,股
2026-08-21,2327,國巨*,1.32,241000,股
2026-08-21,3711,日月光投控,1.15,199000,股
2026-08-21,8299,群聯電子,0.76,37000,股
2026-08-21,3081,聯亞光電,0.75,26000,股
2026-08-21,2337,旺宏,0.53,440000,股
2026-08-21,2347,聯強,0.49,562000,股
2026-08-21,2885,元大金,0.49,767360,股
2026-08-21,2360,致茂,0.48,23000,股
2026-08-21,6187,萬潤科技,0.46,39000,股
2026-08-21,2301,光寶科技,0.45,174000,股
2026-08-21,2455,全新,0.45,113000,股
2026-08-21,2467,志聖,0.45,82000,股
2026-08-21,2883,凱基金控,0.45,1443000,股
2026-08-21,3231,緯創,0.45,258000,股
2026-08-21,2890,永豐金控,0.44,1124220,股
2026-08-21,3491,昇達科技,0.42,33000,股
2026-08-21,2368,金像電子,0.4,42000,股
2026-08-21,1560,中砂,0.39,58000,股
2026-08-21,3264,欣銓,0.39,193000,股
2026-08-21,2395,研華,0.38,60000,股
2026-08-21,6196,帆宣,0.38,79000,股
2026-08-21,6584,南俊國際,0.38,65000,股
2026-08-21,8996,高力,0.38,35000,股
2026-08-21,6139,亞翔工程,0.37,49000,股
2026-08-21,8358,金居開發,0.37,87000,股
2026-08-21,3661,世芯-KY,0.33,9000,股
2026-08-21,6213,聯茂,0.33,66000,股
2026-08-24,2330,台積電,8.84,375000,股
2026-08-24,6223,旺矽,6.4,115000,股
2026-08-24,2383,台光電子,6.19,114000,股
2026-08-24,3037,欣興,5.99,558000,股
2026-08-24,2059,川湖,4.75,33000,股
2026-08-24,3017,奇鋐,4.48,157000,股
2026-08-24,6274,台燿,4.42,304000,股
2026-08-24,5274,信驊科技,4.02,26600,股
2026-08-24,2408,南亞科,3.86,771000,股
2026-08-24,2454,聯發科,3.84,102000,股
2026-08-24,6669,緯穎,3.53,56000,股
2026-08-24,2345,智邦,3.1,150000,股
2026-08-24,2344,華邦電子,2.82,1593000,股
2026-08-24,3189,景碩科技,2.79,351000,股
2026-08-24,8046,南電,2.79,246000,股
2026-08-24,3443,創意電子,2.63,49000,股
2026-08-24,6515,穎崴,2.46,40000,股
2026-08-24,2308,台達電子,1.91,110000,股
2026-08-24,3653,健策,1.91,37000,股
2026-08-24,3665,貿聯-KY,1.8,88000,股
2026-08-24,2303,聯電,1.75,1419000,股
2026-08-24,202609TX,台指期貨,1.71,19,口
2026-08-24,7769,鴻勁,1.69,27000,股
2026-08-24,5289,宜鼎國際,1.46,93000,股
2026-08-24,2327,國巨*,1.33,241000,股
2026-08-24,3711,日月光投控,1.18,199000,股
2026-08-24,8299,群聯電子,0.79,37000,股
2026-08-24,3081,聯亞光電,0.72,26000,股
2026-08-24,2337,旺宏,0.55,440000,股
2026-08-24,2301,光寶科技,0.5,174000,股
2026-08-24,2347,聯強,0.5,562000,股
2026-08-24,2360,致茂,0.48,23000,股
2026-08-24,2885,元大金,0.48,767360,股
2026-08-24,6187,萬潤科技,0.47,39000,股
2026-08-24,2883,凱基金控,0.45,1443000,股
2026-08-24,3231,緯創,0.45,258000,股
2026-08-24,2467,志聖,0.44,82000,股
2026-08-24,2890,永豐金控,0.44,1124220,股
2026-08-24,2455,全新,0.43,113000,股
2026-08-24,3491,昇達科技,0.43,33000,股
2026-08-24,2368,金像電子,0.4,42000,股
2026-08-24,3264,欣銓,0.4,193000,股
2026-08-24,8996,高力,0.4,35000,股
2026-08-24,1560,中砂,0.39,58000,股
2026-08-24,2395,研華,0.39,60000,股
2026-08-24,6196,帆宣,0.39,79000,股
2026-08-24,6584,南俊國際,0.38,65000,股
2026-08-24,6139,亞翔工程,0.37,49000,股
2026-08-24,8358,金居開發,0.36,87000,股
2026-08-24,3661,世芯-KY,0.34,9000,股
2026-08-24,6213,聯茂,0.32,66000,股
2026-08-25,2330,台積電,8.85,381000,股
2026-08-25,6223,旺矽,6.28,116000,股
2026-08-25,2383,台光電子,6.22,115000,股
2026-08-25,3037,欣興,5.99,566000,股
2026-08-25,2059,川湖,4.56,33000,股
2026-08-25,3017,奇鋐,4.54,159000,股
2026-08-25,6274,台燿,4.42,308000,股
2026-08-25,5274,信驊科技,3.96,26600,股
2026-08-25,2408,南亞科,3.86,783000,股
2026-08-25,2454,聯發科,3.72,103000,股
2026-08-25,6669,緯穎,3.49,56000,股
2026-08-25,2345,智邦,2.98,152000,股
2026-08-25,3189,景碩科技,2.87,356000,股
2026-08-25,2344,華邦電子,2.8,1619000,股
2026-08-25,8046,南電,2.79,249000,股
2026-08-25,3443,創意電子,2.64,49000,股
2026-08-25,6515,穎崴,2.42,40000,股
2026-08-25,3653,健策,1.86,37000,股
2026-08-25,2308,台達電子,1.84,111000,股
2026-08-25,3665,貿聯-KY,1.79,89000,股
2026-08-25,2303,聯電,1.74,1442000,股
2026-08-25,202609TX,台指期貨,1.71,19,口
2026-08-25,7769,鴻勁,1.62,27000,股
2026-08-25,5289,宜鼎國際,1.37,94000,股
2026-08-25,2327,國巨*,1.29,245000,股
2026-08-25,3711,日月光投控,1.15,202000,股
2026-08-25,8299,群聯電子,0.75,37000,股
2026-08-25,3081,聯亞光電,0.74,26000,股
2026-08-25,2337,旺宏,0.53,447000,股
2026-08-25,2301,光寶科技,0.5,176000,股
2026-08-25,2347,聯強,0.48,571000,股
2026-08-25,6187,萬潤科技,0.48,39000,股
2026-08-25,2885,元大金,0.47,777360,股
2026-08-25,2455,全新,0.46,113000,股
2026-08-25,2883,凱基金控,0.45,1466000,股
2026-08-25,3231,緯創,0.45,262000,股
2026-08-25,2360,致茂,0.44,23000,股
2026-08-25,2467,志聖,0.43,83000,股
2026-08-25,2890,永豐金控,0.43,1140220,股
2026-08-25,3491,昇達科技,0.41,33000,股
2026-08-25,8996,高力,0.41,35000,股
2026-08-25,3264,欣銓,0.4,196000,股
2026-08-25,2368,金像電子,0.39,42000,股
2026-08-25,2395,研華,0.39,60000,股
2026-08-25,1560,中砂,0.38,58000,股
2026-08-25,6584,南俊國際,0.38,66000,股
2026-08-25,6196,帆宣,0.37,80000,股
2026-08-25,8358,金居開發,0.37,88000,股
2026-08-25,6139,亞翔工程,0.36,49000,股
2026-08-25,3661,世芯-KY,0.34,9000,股
2026-08-25,6213,聯茂,0.34,67000,股
2026-08-26,2330,台積電,8.71,381000,股
2026-08-26,2383,台光電子,6.42,115000,股
2026-08-26,3037,欣興,6.21,566000,股
2026-08-26,6223,旺矽,5.53,116000,股
2026-08-26,3017,奇鋐,4.75,159000,股
2026-08-26,2059,川湖,4.53,33000,股
2026-08-26,6274,台燿,4.46,308000,股
2026-08-26,5274,信驊科技,3.95,26600,股
2026-08-26,2454,聯發科,3.85,103000,股
2026-08-26,2408,南亞科,3.83,783000,股
2026-08-26,6669,緯穎,3.6,56000,股
2026-08-26,3189,景碩科技,2.97,356000,股
2026-08-26,2345,智邦,2.96,152000,股
2026-08-26,3443,創意電子,2.84,49000,股
2026-08-26,2344,華邦電子,2.78,1619000,股
2026-08-26,8046,南電,2.78,249000,股
2026-08-26,6515,穎崴,2.28,40000,股
2026-08-26,3653,健策,2.0,37000,股
2026-08-26,2308,台達電子,1.84,111000,股
2026-08-26,202609TX,台指期貨,1.71,19,口
2026-08-26,2303,聯電,1.69,1442000,股
2026-08-26,3665,貿聯-KY,1.69,89000,股
2026-08-26,7769,鴻勁,1.62,27000,股
2026-08-26,5289,宜鼎國際,1.33,94000,股
2026-08-26,2327,國巨*,1.25,245000,股
2026-08-26,3711,日月光投控,1.13,202000,股
2026-08-26,3081,聯亞光電,0.8,26000,股
2026-08-26,8299,群聯電子,0.74,37000,股
2026-08-26,2337,旺宏,0.53,447000,股
2026-08-26,2301,光寶科技,0.51,176000,股
2026-08-26,6187,萬潤科技,0.48,39000,股
2026-08-26,2347,聯強,0.47,571000,股
2026-08-26,2455,全新,0.46,113000,股
2026-08-26,2885,元大金,0.46,777360,股
2026-08-26,2467,志聖,0.45,83000,股
2026-08-26,2883,凱基金控,0.45,1466000,股
2026-08-26,3231,緯創,0.45,262000,股
2026-08-26,2360,致茂,0.43,23000,股
2026-08-26,2890,永豐金控,0.42,1140220,股
2026-08-26,3491,昇達科技,0.42,33000,股
2026-08-26,2368,金像電子,0.41,42000,股
2026-08-26,3264,欣銓,0.4,196000,股
2026-08-26,8996,高力,0.4,35000,股
2026-08-26,2395,研華,0.39,60000,股
2026-08-26,6196,帆宣,0.38,80000,股
2026-08-26,6584,南俊國際,0.38,66000,股
2026-08-26,1560,中砂,0.37,58000,股
2026-08-26,6139,亞翔工程,0.37,49000,股
2026-08-26,6213,聯茂,0.37,67000,股
2026-08-26,8358,金居開發,0.37,88000,股
2026-08-26,3661,世芯-KY,0.34,9000,股
2026-08-27,2330,台積電,8.71,381000,股
2026-08-27,3037,欣興,6.35,566000,股
2026-08-27,2383,台光電子,6.01,115000,股
2026-08-27,6223,旺矽,5.61,116000,股
2026-08-27,3017,奇鋐,5.05,159000,股
2026-08-27,2059,川湖,4.5,33000,股
2026-08-27,6274,台燿,4.23,308000,股
2026-08-27,2408,南亞科,4.03,783000,股
2026-08-27,5274,信驊科技,3.87,26600,股
2026-08-27,2454,聯發科,3.78,103000,股
2026-08-27,6669,緯穎,3.63,56000,股
2026-08-27,3189,景碩科技,3.09,356000,股
2026-08-27,8046,南電,3.06,249000,股
2026-08-27,2345,智邦,3.02,152000,股
2026-08-27,2344,華邦電子,2.86,1619000,股
2026-08-27,3443,創意電子,2.76,49000,股
2026-08-27,6515,穎崴,2.32,40000,股
2026-08-27,3653,健策,1.98,37000,股
2026-08-27,2308,台達電子,1.87,111000,股
2026-08-27,3665,貿聯-KY,1.74,89000,股
2026-08-27,202609TX,台指期貨,1.71,19,口
2026-08-27,7769,鴻勁,1.63,27000,股
2026-08-27,2303,聯電,1.62,1442000,股
2026-08-27,5289,宜鼎國際,1.36,95872,股
2026-08-27,2327,國巨*,1.29,245000,股
2026-08-27,3711,日月光投控,1.16,202000,股
2026-08-27,3081,聯亞光電,0.83,26000,股
2026-08-27,8299,群聯電子,0.76,37000,股
2026-08-27,2337,旺宏,0.54,447000,股
2026-08-27,6187,萬潤科技,0.53,39000,股
2026-08-27,2301,光寶科技,0.5,176000,股
2026-08-27,2347,聯強,0.47,571000,股
2026-08-27,2455,全新,0.47,113000,股
2026-08-27,2885,元大金,0.47,777360,股
2026-08-27,2467,志聖,0.46,83000,股
2026-08-27,2883,凱基金控,0.45,1466000,股
2026-08-27,3231,緯創,0.45,262000,股
2026-08-27,3491,昇達科技,0.45,33000,股
2026-08-27,8996,高力,0.44,35000,股
2026-08-27,2360,致茂,0.43,23000,股
2026-08-27,2890,永豐金控,0.43,1140220,股
2026-08-27,2368,金像電子,0.41,42000,股
2026-08-27,3264,欣銓,0.41,196000,股
2026-08-27,8358,金居開發,0.41,88000,股
2026-08-27,6584,南俊國際,0.39,66000,股
2026-08-27,1560,中砂,0.38,58000,股
2026-08-27,2395,研華,0.38,60000,股
2026-08-27,6196,帆宣,0.38,80000,股
2026-08-27,6139,亞翔工程,0.37,49000,股
2026-08-27,6213,聯茂,0.36,67000,股
2026-08-27,3661,世芯-KY,0.33,9000,股
2026-08-28,2330,台積電,8.68,378000,股
2026-08-28,2383,台光電子,5.93,114000,股
2026-08-28,3037,欣興,5.92,563000,股
2026-08-28,6223,旺矽,5.48,115000,股
2026-08-28,3017,奇鋐,5.03,158000,股
2026-08-28,2059,川湖,4.33,32000,股
2026-08-28,6274,台燿,4.32,306000,股
2026-08-28,2408,南亞科,3.98,778000,股
2026-08-28,2454,聯發科,3.85,102000,股
2026-08-28,5274,信驊科技,3.79,25600,股
2026-08-28,6669,緯穎,3.75,55000,股
2026-08-28,2345,智邦,3.04,151000,股
2026-08-28,3189,景碩科技,3.01,354000,股
2026-08-28,8046,南電,2.9,247000,股
2026-08-28,2344,華邦電子,2.77,1610000,股
2026-08-28,3443,創意電子,2.73,48000,股
2026-08-28,6515,穎崴,2.31,39000,股
2026-08-28,3653,健策,1.97,36000,股
2026-08-28,2308,台達電子,1.91,110000,股
2026-08-28,3665,貿聯-KY,1.88,88000,股
2026-08-28,2303,聯電,1.77,1435000,股
2026-08-28,202609TX,台指期貨,1.71,19,口
2026-08-28,7769,鴻勁,1.6,26000,股
2026-08-28,2327,國巨*,1.37,243000,股
2026-08-28,5289,宜鼎國際,1.32,94872,股
2026-08-28,3711,日月光投控,1.18,200000,股
2026-08-28,3081,聯亞光電,0.78,25000,股
2026-08-28,8299,群聯電子,0.73,36000,股
2026-08-28,2301,光寶科技,0.53,175000,股
2026-08-28,2337,旺宏,0.53,444000,股
2026-08-28,6187,萬潤科技,0.49,38000,股
2026-08-28,2467,志聖,0.47,82000,股
2026-08-28,2885,元大金,0.47,773360,股
2026-08-28,2347,聯強,0.46,567000,股
2026-08-28,2455,全新,0.46,113000,股
2026-08-28,3491,昇達科技,0.46,32000,股
2026-08-28,2883,凱基金控,0.45,1458000,股
2026-08-28,8358,金居開發,0.45,87000,股
2026-08-28,2368,金像電子,0.44,41000,股
2026-08-28,3231,緯創,0.44,260000,股
2026-08-28,2890,永豐金控,0.43,1134220,股
2026-08-28,3264,欣銓,0.43,195000,股
2026-08-28,2360,致茂,0.42,22000,股
2026-08-28,6584,南俊國際,0.42,65000,股
2026-08-28,8996,高力,0.41,34000,股
2026-08-28,1560,中砂,0.38,57000,股
2026-08-28,2395,研華,0.37,59000,股
2026-08-28,6196,帆宣,0.37,79000,股
2026-08-28,6213,聯茂,0.36,66000,股
2026-08-28,6139,亞翔工程,0.35,48000,股
2026-08-28,3661,世芯-KY,0.31,8000,股
2026-08-31,2330,台積電,8.84,378000,股
2026-08-31,2383,台光電子,6.07,114000,股
2026-08-31,6223,旺矽,5.73,115000,股
2026-08-31,3037,欣興,5.46,563000,股
2026-08-31,3017,奇鋐,5.26,158000,股
2026-08-31,2059,川湖,4.41,32000,股
2026-08-31,6274,台燿,4.26,306000,股
2026-08-31,2408,南亞科,4.1,778000,股
2026-08-31,5274,信驊科技,3.99,25600,股
2026-08-31,2454,聯發科,3.89,102000,股
2026-08-31,6669,緯穎,3.79,55000,股
2026-08-31,2345,智邦,2.98,151000,股
2026-08-31,8046,南電,2.95,247000,股
2026-08-31,2344,華邦電子,2.85,1610000,股
2026-08-31,3443,創意電子,2.84,48000,股
2026-08-31,3189,景碩科技,2.82,354000,股
2026-08-31,6515,穎崴,2.38,39000,股
2026-08-31,3653,健策,2.09,36000,股
2026-08-31,2308,台達電子,1.97,110000,股
2026-08-31,3665,貿聯-KY,1.85,88000,股
2026-08-31,2303,聯電,1.8,1435000,股
2026-08-31,202609TX,台指期貨,1.71,19,口
2026-08-31,7769,鴻勁,1.48,26000,股
2026-08-31,5289,宜鼎國際,1.34,94872,股
2026-08-31,2327,國巨*,1.29,243000,股
2026-08-31,3711,日月光投控,1.13,200000,股
2026-08-31,3081,聯亞光電,0.86,25000,股
2026-08-31,8299,群聯電子,0.76,36000,股
2026-08-31,2337,旺宏,0.54,444000,股
2026-08-31,2301,光寶科技,0.52,175000,股
2026-08-31,2455,全新,0.52,113000,股
2026-08-31,6187,萬潤科技,0.5,38000,股
2026-08-31,2467,志聖,0.49,82000,股
2026-08-31,2885,元大金,0.49,773360,股
2026-08-31,2347,聯強,0.48,567000,股
2026-08-31,2883,凱基金控,0.48,1458000,股
2026-08-31,2368,金像電子,0.46,41000,股
2026-08-31,8358,金居開發,0.46,87000,股
2026-08-31,2890,永豐金控,0.45,1134220,股
2026-08-31,3231,緯創,0.45,260000,股
2026-08-31,3264,欣銓,0.43,195000,股
2026-08-31,3491,昇達科技,0.43,32000,股
2026-08-31,2360,致茂,0.42,22000,股
2026-08-31,6584,南俊國際,0.4,65000,股
2026-08-31,2395,研華,0.39,59000,股
2026-08-31,8996,高力,0.39,34000,股
2026-08-31,1560,中砂,0.38,57000,股
2026-08-31,6196,帆宣,0.37,79000,股
2026-08-31,6139,亞翔工程,0.35,48000,股
2026-08-31,6213,聯茂,0.35,66000,股
2026-08-31,3661,世芯-KY,0.32,8000,股
2026-09-01,2330,台積電,8.39,363000,股
2026-09-01,6223,旺矽,5.92,115000,股
2026-09-01,2383,台光電子,5.68,106000,股
2026-09-01,3017,奇鋐,4.34,134000,股
2026-09-01,3037,欣興,4.19,454000,股
2026-09-01,2454,聯發科,4.18,102000,股
2026-09-01,2059,川湖,4.04,30000,股
2026-09-01,2408,南亞科,3.76,763000,股
2026-09-01,6669,緯穎,3.49,47000,股
2026-09-01,6274,台燿,3.43,249000,股
2026-09-01,5274,信驊科技,3.35,20600,股
2026-09-01,2345,智邦,2.94,140000,股
2026-09-01,3443,創意電子,2.85,50000,股
2026-09-01,3189,景碩科技,2.53,304000,股
2026-09-01,8046,南電,2.52,216000,股
2026-09-01,2344,華邦電子,2.5,1496000,股
2026-09-01,6515,穎崴,2.23,34000,股
2026-09-01,3665,貿聯-KY,1.98,90000,股
2026-09-01,2308,台達電子,1.95,110000,股
2026-09-01,1303,南亞,1.83,821000,股
2026-09-01,202609TX,台指期貨,1.71,19,口
2026-09-01,2303,聯電,1.69,1338000,股
2026-09-01,3653,健策,1.62,29000,股
2026-09-01,2368,金像電子,1.32,113000,股
2026-09-01,3081,聯亞光電,1.2,37000,股
2026-09-01,2327,國巨*,1.09,202000,股
2026-09-01,3231,緯創,1.06,611000,股
2026-09-01,5289,宜鼎國際,1.02,73872,股
2026-09-01,3008,大立光電,0.94,13000,股
2026-09-01,8996,高力,0.92,82000,股
2026-09-01,4958,臻鼎-KY,0.87,171000,股
2026-09-01,3264,欣銓,0.83,367000,股
2026-09-01,6805,富世達,0.78,36000,股
2026-09-01,6139,亞翔工程,0.75,102000,股
2026-09-01,7769,鴻勁,0.73,13000,股
2026-09-01,2337,旺宏,0.64,550000,股
2026-09-01,8299,群聯電子,0.63,31000,股
2026-09-01,3711,日月光投控,0.58,100000,股
2026-09-01,2455,全新,0.56,113000,股
2026-09-01,8358,金居開發,0.54,108000,股
2026-09-01,2347,聯強,0.43,524000,股
2026-09-01,6147,頎邦,0.3,173000,股
2026-09-01,8210,勤誠興業,0.3,32000,股
2026-09-01,2885,元大金,0.28,439360,股
2026-09-01,3036,文曄,0.28,149000,股
2026-09-01,2301,光寶科技,0.25,87000,股
2026-09-01,6187,萬潤科技,0.25,19000,股
2026-09-01,2467,志聖,0.24,41000,股
2026-09-01,2883,凱基金控,0.24,729000,股
2026-09-01,3131,弘塑科技,0.24,10000,股
2026-09-01,3491,昇達科技,0.23,16000,股
2026-09-01,2890,永豐金控,0.22,566220,股
2026-09-01,2360,致茂,0.21,11000,股
2026-09-01,3044,健鼎科技,0.21,43000,股
2026-09-01,6239,力成,0.21,77000,股
2026-09-01,1560,中砂,0.2,28000,股
2026-09-01,2395,研華,0.2,29000,股
2026-09-01,6584,南俊國際,0.2,32000,股
2026-09-01,2313,華通,0.19,78000,股
2026-09-01,6196,帆宣,0.19,39000,股
2026-09-01,6415,矽力*-KY,0.18,45000,股
2026-09-01,3042,晶技,0.17,97000,股
2026-09-01,3702,大聯大,0.17,177000,股
2026-09-01,6213,聯茂,0.17,33000,股
2026-09-01,2449,京元電子,0.16,59000,股
2026-09-01,3661,世芯-KY,0.16,4000,股
2026-09-02,2330,台積電,7.98,341000,股
2026-09-02,2454,聯發科,5.56,133000,股
2026-09-02,2383,台光電子,5.27,99000,股
2026-09-02,6223,旺矽,4.14,80000,股
2026-09-02,2059,川湖,3.8,28000,股
2026-09-02,1303,南亞,3.75,1613000,股
2026-09-02,6669,緯穎,3.58,140191,股
2026-09-02,5274,信驊科技,3.57,20600,股
2026-09-02,2408,南亞科,3.46,684000,股
2026-09-02,3017,奇鋐,3.46,107000,股
2026-09-02,3037,欣興,3.07,323000,股
2026-09-02,2345,智邦,2.89,138000,股
2026-09-02,3443,創意電子,2.88,50000,股
2026-09-02,6274,台燿,2.63,191000,股
2026-09-02,6515,穎崴,2.34,34000,股
2026-09-02,2368,金像電子,2.28,198000,股
2026-09-02,3189,景碩科技,2.26,273000,股
2026-09-02,2344,華邦電子,2.21,1262000,股
2026-09-02,8046,南電,2.17,185000,股
2026-09-02,3665,貿聯-KY,2.12,100000,股
2026-09-02,2308,台達電子,1.93,114000,股
2026-09-02,4958,臻鼎-KY,1.93,390000,股
2026-09-02,3008,大立光電,1.91,25000,股
2026-09-02,202609TX,台指期貨,1.71,19,口
2026-09-02,3231,緯創,1.7,939000,股
2026-09-02,2455,全新,1.67,315000,股
2026-09-02,2303,聯電,1.57,1276000,股
2026-09-02,3081,聯亞光電,1.53,46000,股
2026-09-02,8996,高力,1.51,122000,股
2026-09-02,3653,健策,1.3,23000,股
2026-09-02,3264,欣銓,1.27,556000,股
2026-09-02,6139,亞翔工程,1.16,165000,股
2026-09-02,2327,國巨*,0.88,167000,股
2026-09-02,2337,旺宏,0.76,629000,股
2026-09-02,6805,富世達,0.74,36000,股
2026-09-02,5289,宜鼎國際,0.73,52872,股
2026-09-02,6147,頎邦,0.66,368000,股
2026-09-02,8210,勤誠興業,0.63,67000,股
2026-09-02,3036,文曄,0.57,312000,股
2026-09-02,8358,金居開發,0.53,108000,股
2026-09-02,3131,弘塑科技,0.52,22000,股
2026-09-02,8299,群聯電子,0.48,24000,股
2026-09-02,6239,力成,0.44,163000,股
2026-09-02,3044,健鼎科技,0.43,88000,股
2026-09-02,2313,華通,0.39,161000,股
2026-09-02,2347,聯強,0.38,448000,股
2026-09-02,6415,矽力*-KY,0.37,90000,股
2026-09-02,2449,京元電子,0.35,131000,股
2026-09-02,3702,大聯大,0.35,352000,股
2026-09-02,3042,晶技,0.34,192000,股
2026-09-02,2885,元大金,0.07,105360,股
2026-09-03,2330,台積電,8.24,341000,股
2026-09-03,2454,聯發科,5.83,133000,股
2026-09-03,2383,台光電子,5.29,99000,股
2026-09-03,6223,旺矽,4.07,80000,股
2026-09-03,2059,川湖,3.8,28000,股
2026-09-03,1303,南亞,3.72,1669000,股
2026-09-03,3017,奇鋐,3.5,105000,股
2026-09-03,6669,緯穎,3.35,134191,股
2026-09-03,2408,南亞科,3.3,684000,股
2026-09-03,3037,欣興,3.01,323000,股
2026-09-03,3443,創意電子,2.93,50000,股
2026-09-03,2345,智邦,2.91,138000,股
2026-09-03,5274,信驊科技,2.81,15600,股
2026-09-03,6274,台燿,2.59,191000,股
2026-09-03,6515,穎崴,2.26,32000,股
2026-09-03,2368,金像電子,2.22,200000,股
2026-09-03,2344,華邦電子,2.15,1262000,股
2026-09-03,3189,景碩科技,2.14,273000,股
2026-09-03,3665,貿聯-KY,2.12,100000,股
2026-09-03,2308,台達電子,2.03,114000,股
2026-09-03,8046,南電,2.02,185000,股
2026-09-03,4958,臻鼎-KY,1.88,401000,股
2026-09-03,3231,緯創,1.81,953000,股
2026-09-03,3008,大立光電,1.8,25000,股
2026-09-03,2455,全新,1.73,327000,股
2026-09-03,202609TX,台指期貨,1.71,19,口
2026-09-03,2303,聯電,1.57,1241000,股
2026-09-03,8996,高力,1.53,128000,股
2026-09-03,3081,聯亞光電,1.48,47000,股
2026-09-03,3264,欣銓,1.29,564000,股
2026-09-03,3653,健策,1.25,22000,股
2026-09-03,6139,亞翔工程,1.19,165000,股
2026-09-03,2327,國巨*,0.85,165000,股
2026-09-03,6805,富世達,0.76,36000,股
2026-09-03,2337,旺宏,0.75,637000,股
2026-09-03,5289,宜鼎國際,0.72,52872,股
2026-09-03,6147,頎邦,0.7,368000,股
2026-09-03,8210,勤誠興業,0.65,68000,股
2026-09-03,3036,文曄,0.6,312000,股
2026-09-03,6510,精測,0.54,16000,股
2026-09-03,3131,弘塑科技,0.53,22000,股
2026-09-03,8358,金居開發,0.51,108000,股
2026-09-03,8299,群聯電子,0.48,24000,股
2026-09-03,6239,力成,0.46,165000,股
2026-09-03,3044,健鼎科技,0.44,90000,股
2026-09-03,2313,華通,0.39,165000,股
2026-09-03,2347,聯強,0.39,448000,股
2026-09-03,6415,矽力*-KY,0.39,93000,股
2026-09-03,3702,大聯大,0.37,359000,股
2026-09-03,2449,京元電子,0.35,134000,股
2026-09-03,3042,晶技,0.34,196000,股
2026-09-03,2885,元大金,0.07,105360,股
2026-09-04,2330,台積電,8.14,341000,股
2026-09-04,2454,聯發科,5.81,133000,股
2026-09-04,2383,台光電子,5.3,99000,股
2026-09-04,6223,旺矽,4.08,80000,股
2026-09-04,2059,川湖,3.84,28000,股
2026-09-04,1303,南亞,3.72,1669000,股
2026-09-04,3017,奇鋐,3.71,105000,股
2026-09-04,6669,緯穎,3.41,134191,股
2026-09-04,2408,南亞科,3.36,684000,股
2026-09-04,3037,欣興,2.88,323000,股
2026-09-04,2345,智邦,2.87,138000,股
2026-09-04,3443,創意電子,2.87,50000,股
2026-09-04,5274,信驊科技,2.7,15600,股
2026-09-04,6274,台燿,2.58,191000,股
2026-09-04,6515,穎崴,2.24,32000,股
2026-09-04,3189,景碩科技,2.21,273000,股
2026-09-04,2344,華邦電子,2.17,1262000,股
2026-09-04,3665,貿聯-KY,2.12,100000,股
2026-09-04,2368,金像電子,2.07,200000,股
2026-09-04,2308,台達電子,2.06,114000,股
2026-09-04,8046,南電,1.93,185000,股
2026-09-04,3231,緯創,1.87,953000,股
2026-09-04,4958,臻鼎-KY,1.84,401000,股
2026-09-04,3008,大立光電,1.83,25000,股
2026-09-04,202609TX,台指期貨,1.71,19,口
2026-09-04,2455,全新,1.71,327000,股
2026-09-04,8996,高力,1.65,128000,股
2026-09-04,2303,聯電,1.6,1241000,股
2026-09-04,3081,聯亞光電,1.47,47000,股
2026-09-04,3653,健策,1.28,22000,股
2026-09-04,3264,欣銓,1.27,564000,股
2026-09-04,6139,亞翔工程,1.2,165000,股
2026-09-04,2327,國巨*,0.92,165000,股
2026-09-04,6805,富世達,0.78,36000,股
2026-09-04,2337,旺宏,0.77,637000,股
2026-09-04,5289,宜鼎國際,0.71,52872,股
2026-09-04,6147,頎邦,0.66,368000,股
2026-09-04,8210,勤誠興業,0.66,68000,股
2026-09-04,3036,文曄,0.59,312000,股
2026-09-04,6510,精測,0.53,16000,股
2026-09-04,8358,金居開發,0.53,108000,股
2026-09-04,3131,弘塑科技,0.52,22000,股
2026-09-04,8299,群聯電子,0.48,24000,股
2026-09-04,6239,力成,0.45,165000,股
2026-09-04,3044,健鼎科技,0.44,90000,股
2026-09-04,2313,華通,0.41,165000,股
2026-09-04,2347,聯強,0.39,448000,股
2026-09-04,6415,矽力*-KY,0.39,93000,股
2026-09-04,3702,大聯大,0.37,359000,股
2026-09-04,2449,京元電子,0.35,134000,股
2026-09-04,3042,晶技,0.34,196000,股
2026-09-04,2885,元大金,0.07,105360,股
2026-09-07,2330,台積電,8.17,341000,股
2026-09-07,2454,聯發科,6.16,133000,股
2026-09-07,2383,台光電子,5.3,99000,股
2026-09-07,6223,旺矽,4.28,80000,股
2026-09-07,2059,川湖,3.79,28000,股
2026-09-07,1303,南亞,3.74,1669000,股
2026-09-07,3017,奇鋐,3.5,105000,股
2026-09-07,2408,南亞科,3.44,684000,股
2026-09-07,6669,緯穎,3.25,134191,股
2026-09-07,3037,欣興,2.98,323000,股
2026-09-07,5274,信驊科技,2.92,15600,股
2026-09-07,3443,創意電子,2.89,50000,股
2026-09-07,2345,智邦,2.82,138000,股
2026-09-07,6274,台燿,2.55,191000,股
2026-09-07,2344,華邦電子,2.21,1262000,股
2026-09-07,2368,金像電子,2.18,200000,股
2026-09-07,6515,穎崴,2.18,32000,股
2026-09-07,3189,景碩科技,2.16,273000,股
2026-09-07,2308,台達電子,2.05,114000,股
2026-09-07,3665,貿聯-KY,2.01,100000,股
2026-09-07,4958,臻鼎-KY,1.96,401000,股
2026-09-07,8046,南電,1.89,185000,股
2026-09-07,3231,緯創,1.83,953000,股
2026-09-07,2303,聯電,1.73,1241000,股
2026-09-07,202609TX,台指期貨,1.71,19,口
2026-09-07,3008,大立光電,1.62,25000,股
2026-09-07,2455,全新,1.59,327000,股
2026-09-07,8996,高力,1.54,128000,股
2026-09-07,3081,聯亞光電,1.4,47000,股
2026-09-07,3264,欣銓,1.25,564000,股
2026-09-07,3653,健策,1.21,22000,股
2026-09-07,6139,亞翔工程,1.19,165000,股
2026-09-07,2327,國巨*,0.95,165000,股
2026-09-07,6805,富世達,0.79,36000,股
2026-09-07,2337,旺宏,0.77,637000,股
2026-09-07,5289,宜鼎國際,0.72,52872,股
2026-09-07,6147,頎邦,0.68,368000,股
2026-09-07,8210,勤誠興業,0.62,68000,股
2026-09-07,3036,文曄,0.58,312000,股
2026-09-07,3131,弘塑科技,0.55,22000,股
2026-09-07,6510,精測,0.54,16000,股
2026-09-07,8358,金居開發,0.54,108000,股
2026-09-07,8299,群聯電子,0.49,24000,股
2026-09-07,6239,力成,0.45,165000,股
2026-09-07,3044,健鼎科技,0.43,90000,股
2026-09-07,2313,華通,0.39,165000,股
2026-09-07,2347,聯強,0.39,448000,股
2026-09-07,6415,矽力*-KY,0.38,93000,股
2026-09-07,3702,大聯大,0.37,359000,股
2026-09-07,2449,京元電子,0.36,134000,股
2026-09-07,3042,晶技,0.34,196000,股
2026-09-07,2885,元大金,0.07,105360,股
2026-09-08,2330,台積電,8.33,341000,股
2026-09-08,2454,聯發科,6.18,133000,股
2026-09-08,2383,台光電子,5.21,99000,股
2026-09-08,6223,旺矽,4.57,80000,股
2026-09-08,1303,南亞,3.87,1669000,股
2026-09-08,2408,南亞科,3.58,684000,股
2026-09-08,2059,川湖,3.46,28000,股
2026-09-08,3017,奇鋐,3.4,105000,股
2026-09-08,6669,緯穎,3.1,134191,股
2026-09-08,3037,欣興,3.04,323000,股
2026-09-08,5274,信驊科技,2.96,15600,股
2026-09-08,3443,創意電子,2.94,50000,股
2026-09-08,2345,智邦,2.66,138000,股
2026-09-08,6274,台燿,2.53,191000,股
2026-09-08,6515,穎崴,2.43,32000,股
2026-09-08,2344,華邦電子,2.34,1262000,股
2026-09-08,3189,景碩科技,2.15,273000,股
2026-09-08,2368,金像電子,2.12,200000,股
2026-09-08,2308,台達電子,2.03,114000,股
2026-09-08,4958,臻鼎-KY,2.0,401000,股
2026-09-08,3665,貿聯-KY,1.91,100000,股
2026-09-08,8046,南電,1.87,185000,股
2026-09-08,3231,緯創,1.75,953000,股
2026-09-08,202609TX,台指期貨,1.71,19,口
2026-09-08,2303,聯電,1.68,1241000,股
2026-09-08,2455,全新,1.66,327000,股
2026-09-08,3008,大立光電,1.6,25000,股
2026-09-08,8996,高力,1.55,128000,股
2026-09-08,3081,聯亞光電,1.33,47000,股
2026-09-08,3264,欣銓,1.25,564000,股
2026-09-08,6139,亞翔工程,1.21,165000,股
2026-09-08,3653,健策,1.2,22000,股
2026-09-08,2327,國巨*,0.92,165000,股
2026-09-08,2337,旺宏,0.79,637000,股
2026-09-08,6805,富世達,0.77,36000,股
2026-09-08,5289,宜鼎國際,0.71,52872,股
2026-09-08,6147,頎邦,0.68,368000,股
2026-09-08,8210,勤誠興業,0.61,68000,股
2026-09-08,3036,文曄,0.58,312000,股
2026-09-08,3131,弘塑科技,0.57,22000,股
2026-09-08,6510,精測,0.57,16000,股
2026-09-08,8358,金居開發,0.55,108000,股
2026-09-08,8299,群聯電子,0.49,24000,股
2026-09-08,6239,力成,0.45,165000,股
2026-09-08,3044,健鼎科技,0.43,90000,股
2026-09-08,2347,聯強,0.39,448000,股
2026-09-08,2313,華通,0.38,165000,股
2026-09-08,6415,矽力*-KY,0.38,93000,股
2026-09-08,3702,大聯大,0.37,359000,股
2026-09-08,2449,京元電子,0.35,134000,股
2026-09-08,3042,晶技,0.33,196000,股
2026-09-08,2885,元大金,0.07,105360,股
2026-09-09,2330,台積電,8.15,336000,股
2026-09-09,2454,聯發科,6.05,133000,股
2026-09-09,2383,台光電子,5.23,99000,股
2026-09-09,6223,旺矽,4.2,76000,股
2026-09-09,1303,南亞,3.88,1669000,股
2026-09-09,3017,奇鋐,3.49,105000,股
2026-09-09,2408,南亞科,3.42,665000,股
2026-09-09,2059,川湖,3.41,28000,股
2026-09-09,6669,緯穎,3.07,134191,股
2026-09-09,3037,欣興,2.97,304000,股
2026-09-09,3443,創意電子,2.91,50000,股
2026-09-09,5274,信驊科技,2.85,15600,股
2026-09-09,2345,智邦,2.73,138000,股
2026-09-09,6274,台燿,2.53,191000,股
2026-09-09,6515,穎崴,2.29,32000,股
2026-09-09,2344,華邦電子,2.27,1262000,股
2026-09-09,3189,景碩科技,2.18,273000,股
2026-09-09,2368,金像電子,2.16,200000,股
2026-09-09,3665,貿聯-KY,2.02,104000,股
2026-09-09,8046,南電,2.02,185000,股
2026-09-09,2308,台達電子,2.01,114000,股
2026-09-09,4958,臻鼎-KY,1.98,401000,股
2026-09-09,3231,緯創,1.77,953000,股
2026-09-09,202609TX,台指期貨,1.71,19,口
2026-09-09,2455,全新,1.71,327000,股
2026-09-09,3008,大立光電,1.69,25000,股
2026-09-09,8996,高力,1.69,128000,股
2026-09-09,2303,聯電,1.6,1150000,股
2026-09-09,6805,富世達,1.49,66000,股
2026-09-09,3081,聯亞光電,1.46,52000,股
2026-09-09,3264,欣銓,1.29,564000,股
2026-09-09,3653,健策,1.25,22000,股
2026-09-09,6139,亞翔工程,1.22,165000,股
2026-09-09,2327,國巨*,0.92,165000,股
2026-09-09,2337,旺宏,0.79,637000,股
2026-09-09,6147,頎邦,0.72,368000,股
2026-09-09,5289,宜鼎國際,0.7,52872,股
2026-09-09,8210,勤誠興業,0.68,75000,股
2026-09-09,3036,文曄,0.59,312000,股
2026-09-09,6510,精測,0.57,16000,股
2026-09-09,8358,金居開發,0.56,108000,股
2026-09-09,3131,弘塑科技,0.55,22000,股
2026-09-09,8299,群聯電子,0.49,24000,股
2026-09-09,6239,力成,0.46,165000,股
2026-09-09,3044,健鼎科技,0.45,90000,股
2026-09-09,2347,聯強,0.39,448000,股
2026-09-09,6415,矽力*-KY,0.38,93000,股
2026-09-09,2313,華通,0.37,165000,股
2026-09-09,3702,大聯大,0.37,359000,股
2026-09-09,2449,京元電子,0.36,134000,股
2026-09-09,3042,晶技,0.36,196000,股
2026-09-09,2885,元大金,0.07,105360,股
2026-09-10,2330,台積電,8.16,336000,股
2026-09-10,2454,聯發科,6.2,133000,股
2026-09-10,2383,台光電子,5.25,99000,股
2026-09-10,6223,旺矽,4.22,76000,股
2026-09-10,1303,南亞,3.92,1629000,股
2026-09-10,3017,奇鋐,3.59,105000,股
2026-09-10,2059,川湖,3.48,28000,股
2026-09-10,2408,南亞科,3.38,665000,股
2026-09-10,6669,緯穎,3.11,134191,股
2026-09-10,3443,創意電子,3.07,50000,股
2026-09-10,3037,欣興,2.98,304000,股
2026-09-10,5274,信驊科技,2.88,15600,股
2026-09-10,2345,智邦,2.68,138000,股
2026-09-10,6274,台燿,2.63,191000,股
2026-09-10,6515,穎崴,2.27,32000,股
2026-09-10,2344,華邦電子,2.23,1260000,股
2026-09-10,3189,景碩科技,2.23,273000,股
2026-09-10,2368,金像電子,2.06,200000,股
2026-09-10,3665,貿聯-KY,1.98,104000,股
2026-09-10,3008,大立光電,1.92,29000,股
2026-09-10,8046,南電,1.91,181000,股
2026-09-10,2308,台達電子,1.89,114000,股
2026-09-10,4958,臻鼎-KY,1.88,386000,股
2026-09-10,3231,緯創,1.83,1003000,股
2026-09-10,2455,全新,1.72,327000,股
2026-09-10,8996,高力,1.72,134000,股
2026-09-10,202609TX,台指期貨,1.71,19,口
2026-09-10,2303,聯電,1.61,1147000,股
2026-09-10,6805,富世達,1.54,71000,股
2026-09-10,3081,聯亞光電,1.45,52000,股
2026-09-10,3264,欣銓,1.34,564000,股
2026-09-10,3653,健策,1.26,22000,股
2026-09-10,6139,亞翔工程,1.23,165000,股
2026-09-10,2327,國巨*,0.93,165000,股
2026-09-10,2337,旺宏,0.77,637000,股
2026-09-10,6147,頎邦,0.69,368000,股
2026-09-10,5289,宜鼎國際,0.67,52872,股
2026-09-10,8210,勤誠興業,0.67,75000,股
2026-09-10,3036,文曄,0.59,312000,股
2026-09-10,6510,精測,0.58,16000,股
2026-09-10,8358,金居開發,0.56,108000,股
2026-09-10,3131,弘塑科技,0.53,22000,股
2026-09-10,8299,群聯電子,0.49,24000,股
2026-09-10,6239,力成,0.46,165000,股
2026-09-10,3044,健鼎科技,0.45,90000,股
2026-09-10,2347,聯強,0.39,448000,股
2026-09-10,3702,大聯大,0.38,359000,股
2026-09-10,2313,華通,0.37,165000,股
2026-09-10,6415,矽力*-KY,0.37,93000,股
2026-09-10,2449,京元電子,0.36,134000,股
2026-09-10,3042,晶技,0.35,196000,股
2026-09-10,2885,元大金,0.07,105360,股
2026-09-11,2330,台積電,8.23,336000,股
2026-09-11,2454,聯發科,6.17,133000,股
2026-09-11,2383,台光電子,5.38,99000,股
2026-09-11,6223,旺矽,4.32,76000,股
2026-09-11,1303,南亞,3.87,1629000,股
2026-09-11,3017,奇鋐,3.58,105000,股
2026-09-11,2059,川湖,3.42,28000,股
2026-09-11,2408,南亞科,3.32,665000,股
2026-09-11,6669,緯穎,3.14,134191,股
2026-09-11,3443,創意電子,3.1,50000,股
2026-09-11,3037,欣興,3.01,304000,股
2026-09-11,5274,信驊科技,2.82,15600,股
2026-09-11,6274,台燿,2.64,191000,股
2026-09-11,2345,智邦,2.63,138000,股
2026-09-11,3189,景碩科技,2.27,273000,股
2026-09-11,6515,穎崴,2.23,32000,股
2026-09-11,2344,華邦電子,2.19,1260000,股
2026-09-11,2368,金像電子,2.09,200000,股
2026-09-11,8046,南電,1.98,181000,股
2026-09-11,3665,貿聯-KY,1.97,104000,股
2026-09-11,3008,大立光電,1.96,29000,股
2026-09-11,4958,臻鼎-KY,1.93,386000,股
2026-09-11,3231,緯創,1.88,1003000,股
2026-09-11,2308,台達電子,1.87,114000,股
2026-09-11,8996,高力,1.8,134000,股
2026-09-11,202609TX,台指期貨,1.71,19,口
2026-09-11,2455,全新,1.7,327000,股
2026-09-11,2303,聯電,1.63,1147000,股
2026-09-11,6805,富世達,1.55,71000,股
2026-09-11,3081,聯亞光電,1.48,52000,股
2026-09-11,3264,欣銓,1.32,564000,股
2026-09-11,3653,健策,1.28,22000,股
2026-09-11,6139,亞翔工程,1.18,165000,股
2026-09-11,2327,國巨*,0.91,165000,股
2026-09-11,2337,旺宏,0.77,637000,股
2026-09-11,5289,宜鼎國際,0.69,52872,股
2026-09-11,8210,勤誠興業,0.68,75000,股
2026-09-11,6147,頎邦,0.67,368000,股
2026-09-11,3036,文曄,0.6,312000,股
2026-09-11,6510,精測,0.56,16000,股
2026-09-11,8358,金居開發,0.53,108000,股
2026-09-11,3131,弘塑科技,0.52,22000,股
2026-09-11,8299,群聯電子,0.48,24000,股
2026-09-11,3044,健鼎科技,0.46,90000,股
2026-09-11,6239,力成,0.46,165000,股
2026-09-11,2347,聯強,0.4,448000,股
2026-09-11,3702,大聯大,0.39,359000,股
2026-09-11,6415,矽力*-KY,0.38,93000,股
2026-09-11,2313,華通,0.37,165000,股
2026-09-11,2449,京元電子,0.36,134000,股
2026-09-11,3042,晶技,0.35,196000,股
2026-09-11,2885,元大金,0.07,105360,股
2026-09-14,2330,台積電,8.18,336000,股
2026-09-14,2454,聯發科,6.19,133000,股
2026-09-14,2383,台光電子,5.4,99000,股
2026-09-14,6223,旺矽,4.34,76000,股
2026-09-14,1303,南亞,3.89,1629000,股
2026-09-14,3017,奇鋐,3.55,105000,股
2026-09-14,2059,川湖,3.43,28000,股
2026-09-14,3443,創意電子,3.27,50000,股
2026-09-14,2408,南亞科,3.21,665000,股
2026-09-14,6669,緯穎,3.11,134191,股
2026-09-14,3037,欣興,3.01,304000,股
2026-09-14,5274,信驊科技,2.86,15600,股
2026-09-14,6274,台燿,2.75,191000,股
2026-09-14,2345,智邦,2.64,138000,股
2026-09-14,3189,景碩科技,2.23,273000,股
2026-09-14,6515,穎崴,2.16,32000,股
2026-09-14,2368,金像電子,2.08,200000,股
2026-09-14,3665,貿聯-KY,2.08,104000,股
2026-09-14,2344,華邦電子,2.06,1260000,股
2026-09-14,8046,南電,1.95,181000,股
2026-09-14,4958,臻鼎-KY,1.93,386000,股
2026-09-14,2308,台達電子,1.89,114000,股
2026-09-14,3231,緯創,1.85,1003000,股
2026-09-14,2455,全新,1.79,327000,股
2026-09-14,3008,大立光電,1.78,29000,股
2026-09-14,202610TX,台指期貨,1.71,19,口
2026-09-14,8996,高力,1.69,134000,股
2026-09-14,2303,聯電,1.67,1147000,股
2026-09-14,6805,富世達,1.57,71000,股
2026-09-14,3081,聯亞光電,1.46,52000,股
2026-09-14,3264,欣銓,1.31,564000,股
2026-09-14,3653,健策,1.31,22000,股
2026-09-14,6139,亞翔工程,1.18,165000,股
2026-09-14,2327,國巨*,0.92,165000,股
2026-09-14,2337,旺宏,0.75,637000,股
2026-09-14,6147,頎邦,0.71,368000,股
2026-09-14,5289,宜鼎國際,0.7,52872,股
2026-09-14,8210,勤誠興業,0.68,75000,股
2026-09-14,3036,文曄,0.61,312000,股
2026-09-14,8358,金居開發,0.57,108000,股
2026-09-14,6510,精測,0.55,16000,股
2026-09-14,3131,弘塑科技,0.52,22000,股
2026-09-14,3044,健鼎科技,0.47,90000,股
2026-09-14,8299,群聯電子,0.47,24000,股
2026-09-14,6239,力成,0.46,165000,股
2026-09-14,2347,聯強,0.41,448000,股
2026-09-14,3702,大聯大,0.39,359000,股
2026-09-14,6415,矽力*-KY,0.39,93000,股
2026-09-14,2313,華通,0.37,165000,股
2026-09-14,2449,京元電子,0.36,134000,股
2026-09-14,3042,晶技,0.36,196000,股
2026-09-14,2885,元大金,0.08,105360,股
2026-09-15,2330,台積電,8.34,336000,股
2026-09-15,2454,聯發科,6.14,133000,股
2026-09-15,2383,台光電子,5.28,99000,股
2026-09-15,6223,旺矽,4.31,76000,股
2026-09-15,1303,南亞,3.76,1629000,股
2026-09-15,2059,川湖,3.42,28000,股
2026-09-15,3017,奇鋐,3.41,105000,股
2026-09-15,6669,緯穎,3.24,134191,股
2026-09-15,2408,南亞科,3.23,665000,股
2026-09-15,3443,創意電子,3.15,50000,股
2026-09-15,3037,欣興,3.01,304000,股
2026-09-15,5274,信驊科技,2.85,15600,股
2026-09-15,6274,台燿,2.73,191000,股
2026-09-15,2345,智邦,2.65,138000,股
2026-09-15,3189,景碩科技,2.26,273000,股
2026-09-15,3665,貿聯-KY,2.15,104000,股
2026-09-15,6515,穎崴,2.11,32000,股
2026-09-15,2344,華邦電子,2.1,1260000,股
2026-09-15,8046,南電,2.05,181000,股
2026-09-15,2368,金像電子,2.03,200000,股
2026-09-15,2308,台達電子,1.98,114000,股
2026-09-15,4958,臻鼎-KY,1.92,386000,股
2026-09-15,3231,緯創,1.91,1003000,股
2026-09-15,202610TX,台指期貨,1.9,19,口
2026-09-15,3008,大立光電,1.83,29000,股
2026-09-15,2455,全新,1.77,327000,股
2026-09-15,8996,高力,1.7,134000,股
2026-09-15,2303,聯電,1.66,1147000,股
2026-09-15,6805,富世達,1.5,71000,股
2026-09-15,3081,聯亞光電,1.45,52000,股
2026-09-15,3264,欣銓,1.3,564000,股
2026-09-15,6139,亞翔工程,1.23,165000,股
2026-09-15,3653,健策,1.22,22000,股
2026-09-15,2327,國巨*,0.92,165000,股
2026-09-15,6147,頎邦,0.77,368000,股
2026-09-15,2337,旺宏,0.76,637000,股
2026-09-15,5289,宜鼎國際,0.7,52872,股
2026-09-15,8210,勤誠興業,0.68,75000,股
2026-09-15,3036,文曄,0.63,312000,股
2026-09-15,6510,精測,0.54,16000,股
2026-09-15,8358,金居開發,0.54,108000,股
2026-09-15,3131,弘塑科技,0.53,22000,股
2026-09-15,8299,群聯電子,0.48,24000,股
2026-09-15,3044,健鼎科技,0.46,90000,股
2026-09-15,6239,力成,0.46,165000,股
2026-09-15,2347,聯強,0.41,448000,股
2026-09-15,3702,大聯大,0.4,359000,股
2026-09-15,6415,矽力*-KY,0.39,93000,股
2026-09-15,2313,華通,0.38,165000,股
2026-09-15,3042,晶技,0.37,196000,股
2026-09-15,2449,京元電子,0.36,134000,股
2026-09-15,2885,元大金,0.08,105360,股
2026-09-16,2330,台積電,8.2,336000,股
2026-09-16,2454,聯發科,6.19,133000,股
2026-09-16,2383,台光電子,5.17,99000,股
2026-09-16,6223,旺矽,4.43,77000,股
2026-09-16,1303,南亞,3.75,1629000,股
2026-09-16,2059,川湖,3.46,28000,股
2026-09-16,3017,奇鋐,3.42,105000,股
2026-09-16,2408,南亞科,3.36,665000,股
2026-09-16,3443,創意電子,3.17,50000,股
2026-09-16,3037,欣興,3.01,305000,股
2026-09-16,6669,緯穎,2.98,134191,股
2026-09-16,5274,信驊科技,2.92,15600,股
2026-09-16,6274,台燿,2.66,183000,股
2026-09-16,2345,智邦,2.61,138000,股
2026-09-16,3189,景碩科技,2.24,266000,股
2026-09-16,2344,華邦電子,2.19,1260000,股
2026-09-16,8046,南電,2.05,181000,股
2026-09-16,2368,金像電子,2.04,200000,股
2026-09-16,6515,穎崴,2.04,32000,股
2026-09-16,3665,貿聯-KY,2.03,99000,股
2026-09-16,4958,臻鼎-KY,1.97,388000,股
2026-09-16,2308,台達電子,1.9,108000,股
2026-09-16,3231,緯創,1.88,1003000,股
2026-09-16,3008,大立光電,1.85,29000,股
2026-09-16,2455,全新,1.84,348000,股
2026-09-16,8996,高力,1.79,134000,股
2026-09-16,2303,聯電,1.74,1197000,股
2026-09-16,202610TX,台指期貨,1.71,19,口
2026-09-16,6805,富世達,1.57,75000,股
2026-09-16,3081,聯亞光電,1.32,46000,股
2026-09-16,3264,欣銓,1.31,574000,股
2026-09-16,6139,亞翔工程,1.2,165000,股
2026-09-16,3653,健策,1.18,22000,股
2026-09-16,2327,國巨*,0.91,165000,股
2026-09-16,6147,頎邦,0.81,378000,股
2026-09-16,2337,旺宏,0.78,637000,股
2026-09-16,5289,宜鼎國際,0.7,52872,股
2026-09-16,8210,勤誠興業,0.68,75000,股
2026-09-16,8358,金居開發,0.63,121000,股
2026-09-16,3036,文曄,0.61,312000,股
2026-09-16,6510,精測,0.6,18000,股
2026-09-16,3131,弘塑科技,0.57,24000,股
2026-09-16,8299,群聯電子,0.49,24000,股
2026-09-16,3044,健鼎科技,0.47,90000,股
2026-09-16,6239,力成,0.46,165000,股
2026-09-16,2347,聯強,0.41,448000,股
2026-09-16,6415,矽力*-KY,0.4,93000,股
2026-09-16,3702,大聯大,0.39,359000,股
2026-09-16,2313,華通,0.38,165000,股
2026-09-16,3042,晶技,0.37,196000,股
2026-09-16,2449,京元電子,0.36,134000,股
2026-09-16,2885,元大金,0.08,105360,股
2026-09-17,2330,台積電,8.38,336000,股
2026-09-17,2454,聯發科,6.17,133000,股
2026-09-17,2383,台光電子,4.79,99000,股
2026-09-17,6223,旺矽,4.36,77000,股
2026-09-17,1303,南亞,3.96,1629000,股
2026-09-17,2059,川湖,3.55,28000,股
2026-09-17,3017,奇鋐,3.45,105000,股
2026-09-17,3443,創意電子,3.35,50000,股
2026-09-17,2408,南亞科,3.34,665000,股
2026-09-17,3037,欣興,2.95,305000,股
2026-09-17,6669,緯穎,2.95,134191,股
2026-09-17,5274,信驊科技,2.94,15600,股
2026-09-17,2345,智邦,2.56,138000,股
2026-09-17,6274,台燿,2.49,183000,股
2026-09-17,2344,華邦電子,2.21,1260000,股
2026-09-17,3189,景碩科技,2.21,266000,股
2026-09-17,3665,貿聯-KY,2.05,99000,股
2026-09-17,6515,穎崴,2.02,32000,股
2026-09-17,8046,南電,1.99,181000,股
2026-09-17,2368,金像電子,1.96,200000,股
2026-09-17,3231,緯創,1.93,1003000,股
2026-09-17,2455,全新,1.91,348000,股
2026-09-17,4958,臻鼎-KY,1.9,388000,股
2026-09-17,2308,台達電子,1.87,108000,股
2026-09-17,2303,聯電,1.82,1197000,股
2026-09-17,3008,大立光電,1.8,29000,股
2026-09-17,8996,高力,1.79,134000,股
2026-09-17,202610TX,台指期貨,1.71,19,口
2026-09-17,6805,富世達,1.61,75000,股
2026-09-17,3264,欣銓,1.45,574000,股
2026-09-17,3081,聯亞光電,1.29,46000,股
2026-09-17,3653,健策,1.21,22000,股
2026-09-17,6139,亞翔工程,1.18,165000,股
2026-09-17,2327,國巨*,0.9,165000,股
2026-09-17,6147,頎邦,0.82,378000,股
2026-09-17,2337,旺宏,0.76,637000,股
2026-09-17,5289,宜鼎國際,0.69,52872,股
2026-09-17,8210,勤誠興業,0.69,75000,股
2026-09-17,3036,文曄,0.66,312000,股
2026-09-17,8358,金居開發,0.6,121000,股
2026-09-17,3131,弘塑科技,0.59,24000,股
2026-09-17,6510,精測,0.59,18000,股
2026-09-17,8299,群聯電子,0.49,24000,股
2026-09-17,3044,健鼎科技,0.47,90000,股
2026-09-17,6239,力成,0.47,165000,股
2026-09-17,2347,聯強,0.41,448000,股
2026-09-17,3702,大聯大,0.41,359000,股
2026-09-17,6415,矽力*-KY,0.39,93000,股
2026-09-17,2313,華通,0.37,165000,股
2026-09-17,2449,京元電子,0.37,134000,股
2026-09-17,3042,晶技,0.36,196000,股
2026-09-17,2885,元大金,0.07,105360,股
2026-09-18,2330,台積電,8.16,336000,股
2026-09-18,2454,聯發科,6.18,133000,股
2026-09-18,2383,台光電子,4.73,98000,股
2026-09-18,6223,旺矽,4.41,77000,股
2026-09-18,1303,南亞,3.83,1629000,股
2026-09-18,3017,奇鋐,3.56,105000,股
2026-09-18,3443,創意電子,3.53,50000,股
2026-09-18,2059,川湖,3.45,28000,股
2026-09-18,2408,南亞科,3.45,665000,股
2026-09-18,5274,信驊科技,2.97,15600,股
2026-09-18,3037,欣興,2.95,305000,股
2026-09-18,2345,智邦,2.53,138000,股
2026-09-18,6274,台燿,2.48,183000,股
2026-09-18,6669,緯穎,2.31,109191,股
2026-09-18,2344,華邦電子,2.23,1260000,股
2026-09-18,3189,景碩科技,2.19,266000,股
2026-09-18,3665,貿聯-KY,2.16,99000,股
2026-09-18,6515,穎崴,2.03,32000,股
2026-09-18,2368,金像電子,2.01,200000,股
2026-09-18,8046,南電,1.97,181000,股
2026-09-18,2455,全新,1.91,348000,股
2026-09-18,8996,高力,1.89,134000,股
2026-09-18,2308,台達電子,1.85,108000,股
2026-09-18,3231,緯創,1.85,1003000,股
2026-09-18,2303,聯電,1.84,1197000,股
2026-09-18,3008,大立光電,1.84,29000,股
2026-09-18,4958,臻鼎-KY,1.81,388000,股
2026-09-18,202610TX,台指期貨,1.71,19,口
2026-09-18,6805,富世達,1.63,72000,股
2026-09-18,3264,欣銓,1.48,559000,股
2026-09-18,3081,聯亞光電,1.31,46000,股
2026-09-18,3653,健策,1.2,22000,股
2026-09-18,6139,亞翔工程,1.19,165000,股
2026-09-18,2327,國巨*,0.89,163000,股
2026-09-18,6147,頎邦,0.85,378000,股
2026-09-18,2337,旺宏,0.76,637000,股
2026-09-18,5289,宜鼎國際,0.69,52872,股
2026-09-18,8210,勤誠興業,0.67,75000,股
2026-09-18,3036,文曄,0.63,312000,股
2026-09-18,6510,精測,0.63,18000,股
2026-09-18,8358,金居開發,0.6,121000,股
2026-09-18,3131,弘塑科技,0.58,24000,股
2026-09-18,8299,群聯電子,0.51,24000,股
2026-09-18,3044,健鼎科技,0.46,90000,股
2026-09-18,6239,力成,0.46,165000,股
2026-09-18,3702,大聯大,0.41,359000,股
2026-09-18,2347,聯強,0.4,448000,股
2026-09-18,6415,矽力*-KY,0.4,93000,股
2026-09-18,2449,京元電子,0.39,134000,股
2026-09-18,2313,華通,0.37,165000,股
2026-09-18,3042,晶技,0.36,196000,股
2026-09-18,2885,元大金,0.07,105360,股
2026-09-21,2330,台積電,8.17,336000,股
2026-09-21,2454,聯發科,6.51,133000,股
2026-09-21,2383,台光電子,4.69,98000,股
2026-09-21,6223,旺矽,4.14,77000,股
2026-09-21,1303,南亞,3.81,1629000,股
2026-09-21,3443,創意電子,3.72,50000,股
2026-09-21,3017,奇鋐,3.51,105000,股
2026-09-21,2059,川湖,3.5,28000,股
2026-09-21,2408,南亞科,3.35,665000,股
2026-09-21,3037,欣興,3.04,305000,股
2026-09-21,5274,信驊科技,3.02,15600,股
2026-09-21,6274,台燿,2.57,183000,股
2026-09-21,2345,智邦,2.48,138000,股
2026-09-21,6669,緯穎,2.29,109191,股
2026-09-21,3665,貿聯-KY,2.23,99000,股
2026-09-21,3189,景碩科技,2.15,266000,股
2026-09-21,2344,華邦電子,2.14,1260000,股
2026-09-21,2368,金像電子,2.04,200000,股
2026-09-21,2308,台達電子,1.98,108000,股
2026-09-21,8996,高力,1.97,134000,股
2026-09-21,2455,全新,1.95,348000,股
2026-09-21,8046,南電,1.88,181000,股
2026-09-21,2303,聯電,1.84,1197000,股
2026-09-21,3231,緯創,1.83,1003000,股
2026-09-21,3008,大立光電,1.81,29000,股
2026-09-21,6515,穎崴,1.81,32000,股
2026-09-21,4958,臻鼎-KY,1.78,388000,股
2026-09-21,202610TX,台指期貨,1.71,19,口
2026-09-21,6805,富世達,1.7,72000,股
2026-09-21,3264,欣銓,1.55,559000,股
2026-09-21,3081,聯亞光電,1.29,46000,股
2026-09-21,3653,健策,1.25,22000,股
2026-09-21,6139,亞翔工程,1.16,165000,股
2026-09-21,2327,國巨*,0.89,163000,股
2026-09-21,6147,頎邦,0.83,378000,股
2026-09-21,2337,旺宏,0.75,637000,股
2026-09-21,5289,宜鼎國際,0.67,52872,股
2026-09-21,8210,勤誠興業,0.66,75000,股
2026-09-21,3036,文曄,0.63,312000,股
2026-09-21,6510,精測,0.61,18000,股
2026-09-21,3131,弘塑科技,0.58,24000,股
2026-09-21,8358,金居開發,0.58,121000,股
2026-09-21,8299,群聯電子,0.5,24000,股
2026-09-21,6239,力成,0.47,165000,股
2026-09-21,3044,健鼎科技,0.46,90000,股
2026-09-21,3702,大聯大,0.4,359000,股
2026-09-21,2347,聯強,0.39,448000,股
2026-09-21,2449,京元電子,0.39,134000,股
2026-09-21,6415,矽力*-KY,0.39,93000,股
2026-09-21,2313,華通,0.36,165000,股
2026-09-21,3042,晶技,0.35,196000,股
2026-09-21,2885,元大金,0.07,105360,股
2026-09-22,2330,台積電,8.0,336000,股
2026-09-22,2454,聯發科,6.66,133000,股
2026-09-22,2383,台光電子,4.6,98000,股
2026-09-22,3443,創意電子,4.05,50000,股
2026-09-22,6223,旺矽,3.98,77000,股
2026-09-22,1303,南亞,3.64,1629000,股
2026-09-22,3017,奇鋐,3.44,105000,股
2026-09-22,2059,川湖,3.43,28000,股
2026-09-22,3037,欣興,3.3,305000,股
2026-09-22,2408,南亞科,3.19,665000,股
2026-09-22,5274,信驊科技,3.15,15600,股
2026-09-22,2345,智邦,2.55,138000,股
2026-09-22,6274,台燿,2.55,183000,股
2026-09-22,3189,景碩科技,2.34,266000,股
2026-09-22,6669,緯穎,2.23,109191,股
2026-09-22,3665,貿聯-KY,2.15,99000,股
2026-09-22,8996,高力,2.14,134000,股
2026-09-22,2344,華邦電子,2.08,1260000,股
2026-09-22,8046,南電,2.04,181000,股
2026-09-22,2368,金像電子,2.01,200000,股
2026-09-22,2308,台達電子,1.98,108000,股
2026-09-22,2303,聯電,1.85,1197000,股
2026-09-22,2455,全新,1.84,348000,股
2026-09-22,4958,臻鼎-KY,1.83,388000,股
2026-09-22,3008,大立光電,1.8,29000,股
2026-09-22,6515,穎崴,1.78,32000,股
2026-09-22,3231,緯創,1.75,1003000,股
2026-09-22,6805,富世達,1.74,72000,股
2026-09-22,202610TX,台指期貨,1.71,19,口
2026-09-22,3264,欣銓,1.49,559000,股
2026-09-22,3081,聯亞光電,1.26,46000,股
2026-09-22,3653,健策,1.24,22000,股
2026-09-22,6139,亞翔工程,1.14,165000,股
2026-09-22,2327,國巨*,0.9,163000,股
2026-09-22,6147,頎邦,0.8,378000,股
2026-09-22,2337,旺宏,0.73,637000,股
2026-09-22,5289,宜鼎國際,0.66,52872,股
2026-09-22,8210,勤誠興業,0.65,75000,股
2026-09-22,6510,精測,0.64,18000,股
2026-09-22,3036,文曄,0.62,312000,股
2026-09-22,8358,金居開發,0.57,121000,股
2026-09-22,3131,弘塑科技,0.56,24000,股
2026-09-22,8299,群聯電子,0.51,24000,股
2026-09-22,3044,健鼎科技,0.47,90000,股
2026-09-22,6239,力成,0.47,165000,股
2026-09-22,2449,京元電子,0.41,134000,股
2026-09-22,2347,聯強,0.39,448000,股
2026-09-22,3702,大聯大,0.39,359000,股
2026-09-22,6415,矽力*-KY,0.39,93000,股
2026-09-22,2313,華通,0.35,165000,股
2026-09-22,3042,晶技,0.35,196000,股
2026-09-22,2885,元大金,0.07,105360,股
2026-09-23,2330,台積電,8.42,347000,股
2026-09-23,2454,聯發科,6.6,131000,股
2026-09-23,3037,欣興,5.54,492000,股
2026-09-23,3017,奇鋐,5.33,158000,股
2026-09-23,3443,創意電子,5.29,65000,股
2026-09-23,2383,台光電子,4.88,100000,股
2026-09-23,6669,緯穎,4.4,215191,股
2026-09-23,6223,旺矽,4.37,80000,股
2026-09-23,5274,信驊科技,4.06,20600,股
2026-09-23,3189,景碩科技,3.77,428000,股
2026-09-23,2408,南亞科,3.07,613000,股
2026-09-23,8046,南電,2.9,247000,股
2026-09-23,2303,聯電,2.85,1835000,股
2026-09-23,2059,川湖,2.41,20000,股
2026-09-23,2345,智邦,2.37,129000,股
2026-09-23,6274,台燿,2.25,159000,股
2026-09-23,2344,華邦電子,2.06,1228000,股
2026-09-23,2327,國巨*,2.03,365000,股
2026-09-23,2308,台達電子,1.99,108000,股
2026-09-23,3665,貿聯-KY,1.89,83000,股
2026-09-23,2455,全新,1.87,348000,股
2026-09-23,202610TX,台指期貨,1.71,19,口
2026-09-23,3008,大立光電,1.56,26000,股
2026-09-23,3653,健策,1.37,22000,股
2026-09-23,1303,南亞,1.26,571000,股
2026-09-23,4958,臻鼎-KY,1.17,255000,股
2026-09-23,1560,中砂,0.86,93000,股
2026-09-23,8358,金居開發,0.58,121000,股
2026-09-23,6805,富世達,0.56,22000,股
2026-09-23,3324,雙鴻科技,0.54,35000,股
2026-09-23,2006,東和鋼鐵,0.52,628000,股
2026-09-23,2395,研華,0.52,76000,股
2026-09-23,3711,日月光投控,0.51,76000,股
2026-09-23,6213,聯茂,0.5,95000,股
2026-09-23,3081,聯亞光電,0.49,19000,股
2026-09-23,2412,中華電,0.45,319000,股
2026-09-23,2347,聯強,0.43,465000,股
2026-09-23,2606,裕民,0.33,446000,股
2026-09-23,2360,致茂,0.32,14000,股
2026-09-23,3532,台勝科,0.3,70000,股
2026-09-23,2603,長榮海運,0.29,121000,股
2026-09-23,6505,台塑石化,0.29,339000,股
2026-09-23,3044,健鼎科技,0.28,54000,股
2026-09-23,3406,玉晶光,0.25,29000,股
2026-09-23,2313,華通,0.24,110000,股
2026-09-23,4904,遠傳,0.24,237000,股
2026-09-23,6147,頎邦,0.24,113000,股
2026-09-23,2301,光寶科技,0.22,80000,股
2026-09-23,8299,群聯電子,0.22,10000,股
2026-09-23,2027,大成鋼,0.19,416000,股
2026-09-23,2618,長榮航,0.18,429000,股
2026-09-23,3491,昇達科技,0.15,10000,股
2026-09-23,2885,元大金,0.07,105360,股
2026-09-23,5289,宜鼎國際,0.04,2872,股
2026-09-24,2330,台積電,8.32,349000,股
2026-09-24,2454,聯發科,6.7,131000,股
2026-09-24,3037,欣興,5.96,519000,股
2026-09-24,3017,奇鋐,5.65,164000,股
2026-09-24,3443,創意電子,5.45,66000,股
2026-09-24,2383,台光電子,4.94,101000,股
2026-09-24,6669,緯穎,4.41,215191,股
2026-09-24,6223,旺矽,4.3,82000,股
2026-09-24,3189,景碩科技,4.01,431000,股
2026-09-24,5274,信驊科技,3.96,20600,股
2026-09-24,2408,南亞科,3.07,630000,股
2026-09-24,8046,南電,3.05,254000,股
2026-09-24,2303,聯電,2.89,1938000,股
2026-09-24,2059,川湖,2.39,20000,股
2026-09-24,2345,智邦,2.37,129000,股
2026-09-24,6274,台燿,2.3,159000,股
2026-09-24,3653,健策,2.28,34000,股
2026-09-24,2327,國巨*,2.18,388000,股
2026-09-24,2344,華邦電子,2.06,1238000,股
2026-09-24,2308,台達電子,2.0,108000,股
2026-09-24,3665,貿聯-KY,1.88,83000,股
2026-09-24,2455,全新,1.87,348000,股
2026-09-24,202610TX,台指期貨,1.71,19,口
2026-09-24,3008,大立光電,1.57,26000,股
2026-09-24,1303,南亞,1.32,571000,股
2026-09-24,4958,臻鼎-KY,1.17,255000,股
2026-09-24,1560,中砂,1.0,106000,股
2026-09-24,3324,雙鴻科技,0.63,38000,股
2026-09-24,8358,金居開發,0.6,121000,股
2026-09-24,2006,東和鋼鐵,0.59,699000,股
2026-09-24,2395,研華,0.59,84000,股
2026-09-24,3711,日月光投控,0.58,85000,股
2026-09-24,6213,聯茂,0.55,95000,股
2026-09-24,6805,富世達,0.54,22000,股
2026-09-24,2412,中華電,0.5,357000,股
2026-09-24,3081,聯亞光電,0.5,19000,股
2026-09-24,2347,聯強,0.43,474000,股
2026-09-24,2606,裕民,0.37,498000,股
2026-09-24,3532,台勝科,0.35,80000,股
2026-09-24,2360,致茂,0.33,15000,股
2026-09-24,2603,長榮海運,0.32,135000,股
2026-09-24,6505,台塑石化,0.32,378000,股
2026-09-24,3406,玉晶光,0.29,33000,股
2026-09-24,3044,健鼎科技,0.28,54000,股
2026-09-24,4904,遠傳,0.27,266000,股
2026-09-24,2301,光寶科技,0.25,89000,股
2026-09-24,2313,華通,0.24,110000,股
2026-09-24,6147,頎邦,0.23,113000,股
2026-09-24,2027,大成鋼,0.21,459000,股
2026-09-24,8299,群聯電子,0.21,10000,股
2026-09-24,2618,長榮航,0.2,487000,股
2026-09-24,3491,昇達科技,0.17,11000,股
2026-09-24,2885,元大金,0.07,105360,股
2026-09-24,5289,宜鼎國際,0.04,2872,股
2026-09-29,2330,台積電,8.5,349000,股
2026-09-29,2454,聯發科,6.35,131000,股
2026-09-29,3037,欣興,5.97,519000,股
2026-09-29,3017,奇鋐,5.51,164000,股
2026-09-29,3443,創意電子,5.17,66000,股
2026-09-29,2383,台光電子,4.91,101000,股
2026-09-29,6669,緯穎,4.46,215191,股
2026-09-29,6223,旺矽,4.2,82000,股
2026-09-29,3189,景碩科技,4.07,431000,股
2026-09-29,5274,信驊科技,3.95,20600,股
2026-09-29,8046,南電,3.19,254000,股
2026-09-29,2408,南亞科,3.15,630000,股
2026-09-29,2303,聯電,2.94,1938000,股
2026-09-29,2059,川湖,2.39,20000,股
2026-09-29,6274,台燿,2.33,159000,股
2026-09-29,3653,健策,2.32,34000,股
2026-09-29,2345,智邦,2.31,129000,股
2026-09-29,2344,華邦電子,2.13,1238000,股
2026-09-29,2327,國巨*,2.1,388000,股
2026-09-29,3665,貿聯-KY,2.0,83000,股
2026-09-29,2308,台達電子,1.96,108000,股
2026-09-29,2455,全新,1.87,348000,股
2026-09-29,202610TX,台指期貨,1.71,19,口
2026-09-29,3008,大立光電,1.55,26000,股
2026-09-29,1303,南亞,1.39,571000,股
2026-09-29,4958,臻鼎-KY,1.26,255000,股
2026-09-29,1560,中砂,1.0,106000,股
2026-09-29,2395,研華,0.61,84000,股
2026-09-29,3324,雙鴻科技,0.61,38000,股
2026-09-29,8358,金居開發,0.6,121000,股
2026-09-29,2006,東和鋼鐵,0.59,699000,股
2026-09-29,3711,日月光投控,0.58,85000,股
2026-09-29,6213,聯茂,0.58,95000,股
2026-09-29,6805,富世達,0.55,22000,股
2026-09-29,2412,中華電,0.51,357000,股
2026-09-29,3081,聯亞光電,0.5,19000,股
2026-09-29,2347,聯強,0.44,474000,股
2026-09-29,2606,裕民,0.36,498000,股
2026-09-29,3532,台勝科,0.36,80000,股
2026-09-29,6505,台塑石化,0.35,378000,股
2026-09-29,2360,致茂,0.32,15000,股
2026-09-29,2603,長榮海運,0.32,135000,股
2026-09-29,3406,玉晶光,0.29,33000,股
2026-09-29,3044,健鼎科技,0.28,54000,股
2026-09-29,4904,遠傳,0.27,266000,股
2026-09-29,2301,光寶科技,0.25,89000,股
2026-09-29,2313,華通,0.25,110000,股
2026-09-29,6147,頎邦,0.23,113000,股
2026-09-29,2027,大成鋼,0.21,459000,股
2026-09-29,8299,群聯電子,0.21,10000,股
2026-09-29,2618,長榮航,0.2,487000,股
2026-09-29,3491,昇達科技,0.16,11000,股
2026-09-29,2885,元大金,0.07,105360,股
2026-09-29,5289,宜鼎國際,0.04,2872,股
2026-09-30,2330,台積電,8.49,349000,股
2026-09-30,2454,聯發科,6.32,131000,股
2026-09-30,3037,欣興,5.98,519000,股
2026-09-30,3017,奇鋐,5.53,164000,股
2026-09-30,3443,創意電子,5.21,66000,股
2026-09-30,2383,台光電子,4.89,101000,股
2026-09-30,6669,緯穎,4.41,215191,股
2026-09-30,6223,旺矽,4.12,82000,股
2026-09-30,3189,景碩科技,4.1,431000,股
2026-09-30,5274,信驊科技,3.79,20600,股
2026-09-30,8046,南電,3.34,254000,股
2026-09-30,2408,南亞科,3.21,630000,股
2026-09-30,2303,聯電,2.94,1938000,股
2026-09-30,2059,川湖,2.37,20000,股
2026-09-30,6274,台燿,2.37,159000,股
2026-09-30,3653,健策,2.27,34000,股
2026-09-30,2345,智邦,2.25,129000,股
2026-09-30,2344,華邦電子,2.18,1238000,股
2026-09-30,3665,貿聯-KY,2.11,83000,股
2026-09-30,2327,國巨*,2.09,388000,股
2026-09-30,2308,台達電子,2.0,108000,股
2026-09-30,2455,全新,1.88,348000,股
2026-09-30,202610TX,台指期貨,1.71,19,口
2026-09-30,3008,大立光電,1.52,26000,股
2026-09-30,1303,南亞,1.43,571000,股
2026-09-30,4958,臻鼎-KY,1.27,255000,股
2026-09-30,1560,中砂,1.0,106000,股
2026-09-30,2395,研華,0.6,84000,股
2026-09-30,2006,東和鋼鐵,0.59,699000,股
2026-09-30,3711,日月光投控,0.59,85000,股
2026-09-30,8358,金居開發,0.59,121000,股
2026-09-30,6213,聯茂,0.58,95000,股
2026-09-30,3324,雙鴻科技,0.57,38000,股
2026-09-30,6805,富世達,0.53,22000,股
2026-09-30,2412,中華電,0.5,357000,股
2026-09-30,3081,聯亞光電,0.5,19000,股
2026-09-30,2347,聯強,0.44,474000,股
2026-09-30,3532,台勝科,0.37,80000,股
2026-09-30,2606,裕民,0.36,498000,股
2026-09-30,6505,台塑石化,0.36,378000,股
2026-09-30,2603,長榮海運,0.32,135000,股
2026-09-30,2360,致茂,0.31,15000,股
2026-09-30,3406,玉晶光,0.29,33000,股
2026-09-30,3044,健鼎科技,0.28,54000,股
2026-09-30,4904,遠傳,0.27,266000,股
2026-09-30,2301,光寶科技,0.24,89000,股
2026-09-30,2313,華通,0.24,110000,股
2026-09-30,6147,頎邦,0.23,113000,股
2026-09-30,2027,大成鋼,0.21,459000,股
2026-09-30,8299,群聯電子,0.21,10000,股
2026-09-30,2618,長榮航,0.2,487000,股
2026-09-30,3491,昇達科技,0.16,11000,股
2026-09-30,2885,元大金,0.07,105360,股
2026-09-30,5289,宜鼎國際,0.04,2872,股
2026-10-01,2330,台積電,8.51,349000,股
2026-10-01,2454,聯發科,6.32,131000,股
2026-10-01,3037,欣興,6.25,531000,股
2026-10-01,3017,奇鋐,5.74,169000,股
2026-10-01,3443,創意電子,5.05,66000,股
2026-10-01,2383,台光電子,4.86,101000,股
2026-10-01,3189,景碩科技,4.3,440000,股
2026-10-01,6223,旺矽,3.99,82000,股
2026-10-01,6669,緯穎,3.99,195191,股
2026-10-01,5274,信驊科技,3.8,20600,股
2026-10-01,8046,南電,3.49,254000,股
2026-10-01,2408,南亞科,3.15,626000,股
2026-10-01,2303,聯電,3.03,1938000,股
2026-10-01,3653,健策,2.73,41000,股
2026-10-01,2345,智邦,2.37,129000,股
2026-10-01,6274,台燿,2.36,159000,股
2026-10-01,2059,川湖,2.29,20000,股
2026-10-01,2327,國巨*,2.26,388000,股
2026-10-01,2344,華邦電子,2.12,1214000,股
2026-10-01,3665,貿聯-KY,2.05,83000,股
2026-10-01,2308,台達電子,1.99,108000,股
2026-10-01,2455,全新,1.84,348000,股
2026-10-01,202610TX,台指期貨,1.71,19,口
2026-10-01,3008,大立光電,1.56,26000,股
2026-10-01,1303,南亞,1.36,553000,股
2026-10-01,4958,臻鼎-KY,1.21,246000,股
2026-10-01,1560,中砂,1.07,111000,股
2026-10-01,6213,聯茂,0.65,105000,股
2026-10-01,2395,研華,0.63,90000,股
2026-10-01,3711,日月光投控,0.62,90000,股
2026-10-01,3324,雙鴻科技,0.61,41000,股
2026-10-01,2006,東和鋼鐵,0.57,699000,股
2026-10-01,6805,富世達,0.51,22000,股
2026-10-01,2412,中華電,0.5,357000,股
2026-10-01,3081,聯亞光電,0.49,19000,股
2026-10-01,2347,聯強,0.44,474000,股
2026-10-01,3532,台勝科,0.37,80000,股
2026-10-01,2606,裕民,0.35,498000,股
2026-10-01,6505,台塑石化,0.34,378000,股
2026-10-01,2603,長榮海運,0.31,135000,股
2026-10-01,2360,致茂,0.3,15000,股
2026-10-01,3406,玉晶光,0.3,33000,股
2026-10-01,3044,健鼎科技,0.28,54000,股
2026-10-01,4904,遠傳,0.27,266000,股
2026-10-01,2301,光寶科技,0.25,89000,股
2026-10-01,6147,頎邦,0.25,113000,股
2026-10-01,2313,華通,0.24,110000,股
2026-10-01,2027,大成鋼,0.21,459000,股
2026-10-01,2618,長榮航,0.2,487000,股
2026-10-01,8299,群聯電子,0.2,10000,股
2026-10-01,3491,昇達科技,0.16,11000,股
2026-10-01,5289,宜鼎國際,0.02,1873,股
2026-10-02,2330,台積電,8.32,349000,股
2026-10-02,3037,欣興,6.61,531000,股
2026-10-02,2454,聯發科,6.19,131000,股
2026-10-02,3017,奇鋐,5.55,169000,股
2026-10-02,2383,台光電子,5.0,101000,股
2026-10-02,3443,創意電子,4.98,66000,股
2026-10-02,3189,景碩科技,4.41,440000,股
2026-10-02,6223,旺矽,4.16,82000,股
2026-10-02,6669,緯穎,3.88,195191,股
2026-10-02,5274,信驊科技,3.7,20600,股
2026-10-02,8046,南電,3.54,254000,股
2026-10-02,2408,南亞科,3.14,626000,股
2026-10-02,2303,聯電,2.99,1938000,股
2026-10-02,3653,健策,2.66,41000,股
2026-10-02,6274,台燿,2.46,159000,股
2026-10-02,2345,智邦,2.42,129000,股
2026-10-02,2059,川湖,2.32,20000,股
2026-10-02,2327,國巨*,2.32,388000,股
2026-10-02,2344,華邦電子,2.07,1214000,股
2026-10-02,3665,貿聯-KY,2.01,83000,股
2026-10-02,2308,台達電子,1.94,108000,股
2026-10-02,2455,全新,1.93,348000,股
2026-10-02,202610TX,台指期貨,1.71,19,口
2026-10-02,3008,大立光電,1.56,26000,股
2026-10-02,1303,南亞,1.37,553000,股
2026-10-02,4958,臻鼎-KY,1.32,246000,股
2026-10-02,1560,中砂,1.08,111000,股
2026-10-02,6213,聯茂,0.68,105000,股
2026-10-02,2395,研華,0.61,90000,股
2026-10-02,3711,日月光投控,0.61,90000,股
2026-10-02,3324,雙鴻科技,0.59,41000,股
2026-10-02,2006,東和鋼鐵,0.58,699000,股
2026-10-02,3081,聯亞光電,0.53,19000,股
2026-10-02,2412,中華電,0.5,357000,股
2026-10-02,6805,富世達,0.48,22000,股
2026-10-02,2347,聯強,0.44,474000,股
2026-10-02,2606,裕民,0.36,498000,股
2026-10-02,3532,台勝科,0.36,80000,股
2026-10-02,6505,台塑石化,0.36,378000,股
2026-10-02,2360,致茂,0.31,15000,股
2026-10-02,2603,長榮海運,0.31,135000,股
2026-10-02,3406,玉晶光,0.3,33000,股
2026-10-02,3044,健鼎科技,0.28,54000,股
2026-10-02,4904,遠傳,0.27,266000,股
2026-10-02,2301,光寶科技,0.24,89000,股
2026-10-02,2313,華通,0.24,110000,股
2026-10-02,6147,頎邦,0.24,113000,股
2026-10-02,2027,大成鋼,0.21,459000,股
2026-10-02,2618,長榮航,0.2,487000,股
2026-10-02,8299,群聯電子,0.2,10000,股
2026-10-02,3491,昇達科技,0.16,11000,股
2026-10-02,5289,宜鼎國際,0.02,1873,股
2026-10-05,2330,台積電,8.34,349000,股
2026-10-05,3037,欣興,6.52,531000,股
2026-10-05,2454,聯發科,6.27,131000,股
2026-10-05,3017,奇鋐,5.62,169000,股
2026-10-05,2383,台光電子,5.34,101000,股
2026-10-05,3443,創意電子,5.26,66000,股
2026-10-05,3189,景碩科技,4.47,440000,股
2026-10-05,6223,旺矽,4.2,82000,股
2026-10-05,6669,緯穎,3.89,195191,股
2026-10-05,5274,信驊科技,3.73,20600,股
2026-10-05,8046,南電,3.52,254000,股
2026-10-05,2408,南亞科,3.08,626000,股
2026-10-05,2303,聯電,2.74,1938000,股
2026-10-05,3653,健策,2.74,41000,股
2026-10-05,6274,台燿,2.62,159000,股
2026-10-05,2059,川湖,2.48,20000,股
2026-10-05,2345,智邦,2.48,129000,股
2026-10-05,2327,國巨*,2.25,388000,股
2026-10-05,2344,華邦電子,2.04,1214000,股
2026-10-05,2308,台達電子,2.01,108000,股
2026-10-05,2455,全新,1.96,348000,股
2026-10-05,3665,貿聯-KY,1.91,83000,股
2026-10-05,202610TX,台指期貨,1.7,19,口
2026-10-05,3008,大立光電,1.62,26000,股
2026-10-05,1303,南亞,1.47,553000,股
2026-10-05,4958,臻鼎-KY,1.31,246000,股
2026-10-05,1560,中砂,1.07,111000,股
2026-10-05,6213,聯茂,0.73,105000,股
2026-10-05,2395,研華,0.62,90000,股
2026-10-05,3711,日月光投控,0.62,90000,股
2026-10-05,3324,雙鴻科技,0.59,41000,股
2026-10-05,2006,東和鋼鐵,0.56,699000,股
2026-10-05,3081,聯亞光電,0.53,19000,股
2026-10-05,6805,富世達,0.5,22000,股
2026-10-05,2412,中華電,0.48,357000,股
2026-10-05,2347,聯強,0.43,474000,股
2026-10-05,3532,台勝科,0.35,80000,股
2026-10-05,6505,台塑石化,0.35,378000,股
2026-10-05,2606,裕民,0.34,498000,股
2026-10-05,2360,致茂,0.32,15000,股
2026-10-05,3406,玉晶光,0.32,33000,股
2026-10-05,2603,長榮海運,0.29,135000,股
2026-10-05,3044,健鼎科技,0.28,54000,股
2026-10-05,4904,遠傳,0.26,266000,股
2026-10-05,2301,光寶科技,0.25,89000,股
2026-10-05,2313,華通,0.25,110000,股
2026-10-05,6147,頎邦,0.23,113000,股
2026-10-05,2027,大成鋼,0.2,459000,股
2026-10-05,2618,長榮航,0.19,487000,股
2026-10-05,8299,群聯電子,0.19,10000,股
2026-10-05,3491,昇達科技,0.17,11000,股
2026-10-05,5289,宜鼎國際,0.02,1873,股
2026-10-06,2330,台積電,8.33,341000,股
2026-10-06,3037,欣興,6.39,518000,股
2026-10-06,2454,聯發科,5.93,128000,股
2026-10-06,3017,奇鋐,5.73,165000,股
2026-10-06,2383,台光電子,5.53,98000,股
2026-10-06,3443,創意電子,5.05,64000,股
2026-10-06,3189,景碩科技,4.32,429000,股
2026-10-06,6223,旺矽,4.27,80000,股
2026-10-06,6669,緯穎,4.12,191191,股
2026-10-06,8046,南電,3.52,248000,股
2026-10-06,5274,信驊科技,3.5,19600,股
2026-10-06,2408,南亞科,3.03,612000,股
2026-10-06,2303,聯電,2.63,1893000,股
2026-10-06,3653,健策,2.6,39000,股
2026-10-06,6274,台燿,2.56,155000,股
2026-10-06,2345,智邦,2.43,126000,股
2026-10-06,2059,川湖,2.34,19000,股
2026-10-06,2327,國巨*,2.23,378000,股
2026-10-06,2308,台達電子,2.03,105000,股
2026-10-06,2344,華邦電子,1.98,1187000,股
2026-10-06,2455,全新,1.84,344000,股
2026-10-06,3665,貿聯-KY,1.75,80000,股
2026-10-06,202610TX,台指期貨,1.71,19,口
2026-10-06,3008,大立光電,1.61,25000,股
2026-10-06,1303,南亞,1.49,541000,股
2026-10-06,4958,臻鼎-KY,1.3,240000,股
2026-10-06,1560,中砂,1.05,108000,股
2026-10-06,6213,聯茂,0.76,102000,股
2026-10-06,3711,日月光投控,0.61,87000,股
2026-10-06,2395,研華,0.6,87000,股
2026-10-06,3324,雙鴻科技,0.58,40000,股
2026-10-06,2006,東和鋼鐵,0.56,681000,股
2026-10-06,3081,聯亞光電,0.5,18000,股
2026-10-06,2412,中華電,0.48,348000,股
2026-10-06,6805,富世達,0.48,21000,股
2026-10-06,2347,聯強,0.42,463000,股
2026-10-06,6505,台塑石化,0.35,368000,股
2026-10-06,2606,裕民,0.34,486000,股
2026-10-06,3532,台勝科,0.34,78000,股
2026-10-06,2360,致茂,0.31,14000,股
2026-10-06,3406,玉晶光,0.31,32000,股
2026-10-06,2603,長榮海運,0.29,131000,股
2026-10-06,3044,健鼎科技,0.28,52000,股
2026-10-06,2313,華通,0.25,107000,股
2026-10-06,4904,遠傳,0.25,259000,股
2026-10-06,2301,光寶科技,0.24,86000,股
2026-10-06,6147,頎邦,0.22,110000,股
2026-10-06,2027,大成鋼,0.2,447000,股
2026-10-06,2618,長榮航,0.19,475000,股
2026-10-06,8299,群聯電子,0.18,9000,股
2026-10-06,3491,昇達科技,0.16,10000,股
2026-10-06,5289,宜鼎國際,0.02,1873,股
2026-10-07,2330,台積電,8.43,341000,股
2026-10-07,3037,欣興,6.45,518000,股
2026-10-07,2383,台光電子,6.02,106000,股
2026-10-07,3017,奇鋐,5.96,176000,股
2026-10-07,3189,景碩科技,4.68,446000,股
2026-10-07,5274,信驊科技,4.34,25600,股
2026-10-07,6223,旺矽,4.17,79000,股
2026-10-07,6669,緯穎,4.17,195191,股
2026-10-07,6274,台燿,4.01,244000,股
2026-10-07,8046,南電,3.96,280000,股
2026-10-07,3443,創意電子,3.63,45000,股
2026-10-07,2408,南亞科,2.98,607000,股
2026-10-07,1303,南亞,2.36,786000,股
2026-10-07,4958,臻鼎-KY,2.24,395000,股
2026-10-07,2059,川湖,2.14,19000,股
2026-10-07,2303,聯電,1.91,1345000,股
2026-10-07,202610TX,台指期貨,1.71,19,口
2026-10-07,3711,日月光投控,1.68,240000,股
2026-10-07,6187,萬潤科技,1.67,114000,股
2026-10-07,1560,中砂,1.65,169000,股
2026-10-07,3008,大立光電,1.63,25000,股
2026-10-07,2454,聯發科,1.57,34000,股
2026-10-07,2344,華邦電子,1.54,896000,股
2026-10-07,2395,研華,1.39,199000,股
2026-10-07,3081,聯亞光電,1.23,41000,股
2026-10-07,2345,智邦,1.14,59000,股
2026-10-07,3406,玉晶光,1.12,108000,股
2026-10-07,6805,富世達,1.1,47000,股
2026-10-07,3105,穩懋,1.07,191000,股
2026-10-07,6505,台塑石化,1.05,1023000,股
2026-10-07,6257,矽格,0.98,368000,股
2026-10-07,3491,昇達科技,0.94,58000,股
2026-10-07,8021,尖點,0.91,172000,股
2026-10-07,3653,健策,0.84,13000,股
2026-10-07,2455,全新,0.82,154000,股
2026-10-07,3044,健鼎科技,0.72,130000,股
2026-10-07,2301,光寶科技,0.61,214000,股
2026-10-07,3042,晶技,0.55,274000,股
2026-10-07,2360,致茂,0.5,22000,股
2026-10-07,2467,志聖,0.48,89000,股
2026-10-07,2404,漢唐,0.47,37000,股
2026-10-07,3264,欣銓,0.47,198000,股
2026-10-07,2313,華通,0.43,184000,股
2026-10-07,2027,大成鋼,0.37,810000,股
2026-10-07,2606,裕民,0.37,526000,股
2026-10-07,3665,貿聯-KY,0.31,14000,股
2026-10-07,2368,金像電子,0.29,24000,股
2026-10-07,5347,世界先進,0.29,161000,股
2026-10-07,2481,強茂,0.24,140000,股
2026-10-07,6271,同欣電子,0.24,102000,股
2026-10-08,2330,台積電,8.38,341000,股
2026-10-08,3037,欣興,6.35,518000,股
2026-10-08,2383,台光電子,6.14,106000,股
2026-10-08,3017,奇鋐,5.84,176000,股
2026-10-08,3189,景碩科技,4.81,464000,股
2026-10-08,5274,信驊科技,4.32,25600,股
2026-10-08,6669,緯穎,4.22,195191,股
2026-10-08,6274,台燿,4.1,244000,股
2026-10-08,6223,旺矽,4.09,76000,股
2026-10-08,8046,南電,4.0,281000,股
2026-10-08,3443,創意電子,3.63,45000,股
2026-10-08,2408,南亞科,2.96,577000,股
2026-10-08,1303,南亞,2.53,846000,股
2026-10-08,4958,臻鼎-KY,2.35,411000,股
2026-10-08,2303,聯電,1.9,1333000,股
2026-10-08,3711,日月光投控,1.78,248000,股
2026-10-08,6187,萬潤科技,1.78,121000,股
2026-10-08,202610TX,台指期貨,1.71,19,口
2026-10-08,1560,中砂,1.7,174000,股
2026-10-08,3008,大立光電,1.61,25000,股
2026-10-08,2454,聯發科,1.54,34000,股
2026-10-08,2344,華邦電子,1.53,896000,股
2026-10-08,2395,研華,1.45,206000,股
2026-10-08,3081,聯亞光電,1.31,46000,股
2026-10-08,3406,玉晶光,1.19,116000,股
2026-10-08,6805,富世達,1.17,51000,股
2026-10-08,6505,台塑石化,1.16,1092000,股
2026-10-08,3105,穩懋,1.14,204000,股
2026-10-08,2059,川湖,1.13,11000,股
2026-10-08,2345,智邦,1.12,56000,股
2026-10-08,6257,矽格,1.06,387000,股
2026-10-08,3491,昇達科技,1.01,62000,股
2026-10-08,8021,尖點,0.98,183000,股
2026-10-08,2455,全新,0.83,154000,股
2026-10-08,3653,健策,0.76,11000,股
2026-10-08,3044,健鼎科技,0.75,134000,股
2026-10-08,2301,光寶科技,0.64,222000,股
2026-10-08,3042,晶技,0.6,296000,股
2026-10-08,3264,欣銓,0.53,214000,股
2026-10-08,2360,致茂,0.52,23000,股
2026-10-08,2467,志聖,0.51,96000,股
2026-10-08,2404,漢唐,0.5,40000,股
2026-10-08,2313,華通,0.44,185000,股
2026-10-08,2027,大成鋼,0.39,829000,股
2026-10-08,2606,裕民,0.38,526000,股
2026-10-08,3665,貿聯-KY,0.32,14000,股
2026-10-08,2368,金像電子,0.31,25000,股
2026-10-08,5347,世界先進,0.31,172000,股
2026-10-08,6271,同欣電子,0.26,110000,股
2026-10-08,2481,強茂,0.25,153000,股
