date,code,name,weight,shares,unit
2026-01-06,2330,台積電,15.65,67000,股
2026-01-06,2308,台達電,3.31,23000,股
2026-01-06,2454,聯發科,3.25,16000,股
2026-01-06,2360,致茂,3.17,27000,股
2026-01-06,6669,緯穎,3.16,5000,股
2026-01-06,3661,世芯-KY,3.07,6000,股
2026-01-06,2345,智邦,3.06,18000,股
2026-01-06,2383,台光電,2.79,12000,股
2026-01-06,3017,奇鋐,2.73,14000,股
2026-01-06,6515,穎崴,2.57,6000,股
2026-01-06,6274,台燿,2.48,38000,股
2026-01-06,3711,日月光投控,2.23,60000,股
2026-01-06,2449,京元電子,2.19,60000,股
2026-01-06,3131,弘塑,2.17,9000,股
2026-01-06,8210,勤誠,2.17,16000,股
2026-01-06,5274,信驊,1.97,2000,股
2026-01-06,3665,貿聯-KY,1.94,9000,股
2026-01-06,2382,廣達,1.85,48000,股
2026-01-06,2404,漢唐,1.82,13000,股
2026-01-06,3653,健策,1.81,5000,股
2026-01-06,2317,鴻海,1.78,55000,股
2026-01-06,8299,群聯,1.77,8000,股
2026-01-06,4749,新應材,1.72,13000,股
2026-01-06,3211,順達,1.52,35000,股
2026-01-06,3324,雙鴻,1.51,11000,股
2026-01-06,1560,中砂,1.48,25000,股
2026-01-06,3231,緯創,1.48,70000,股
2026-01-06,4979,華星光,1.47,36000,股
2026-01-06,3443,創意,1.36,4000,股
2026-01-06,2467,志聖,1.35,37000,股
2026-01-06,2344,華邦電,0.0,1,股
2026-01-06,6488,環球晶,0.0,1,股
2026-01-06,C_NTD,CASH,,648526567,元
2026-01-07,2330,台積電,15.33,82000,股
2026-01-07,2360,致茂,3.6,35000,股
2026-01-07,2317,鴻海,2.79,105000,股
2026-01-07,2454,聯發科,2.66,16000,股
2026-01-07,3231,緯創,2.65,150000,股
2026-01-07,2308,台達電,2.64,23000,股
2026-01-07,6669,緯穎,2.6,5000,股
2026-01-07,5274,信驊,2.47,3000,股
2026-01-07,3661,世芯-KY,2.46,6000,股
2026-01-07,2345,智邦,2.42,18000,股
2026-01-07,3443,創意,2.22,8000,股
2026-01-07,6515,穎崴,2.21,6000,股
2026-01-07,3017,奇鋐,2.15,14000,股
2026-01-07,2383,台光電,2.11,12000,股
2026-01-07,6274,台燿,1.97,38000,股
2026-01-07,3711,日月光投控,1.84,60000,股
2026-01-07,3131,弘塑,1.83,9000,股
2026-01-07,2449,京元電子,1.78,60000,股
2026-01-07,8210,勤誠,1.74,16000,股
2026-01-07,6488,環球晶,1.57,30001,股
2026-01-07,2382,廣達,1.51,48000,股
2026-01-07,8299,群聯,1.49,8000,股
2026-01-07,2404,漢唐,1.45,13000,股
2026-01-07,3665,貿聯-KY,1.44,9000,股
2026-01-07,3653,健策,1.39,5000,股
2026-01-07,4749,新應材,1.38,13000,股
2026-01-07,3211,順達,1.22,35000,股
2026-01-07,3324,雙鴻,1.2,11000,股
2026-01-07,1560,中砂,1.18,25000,股
2026-01-07,4979,華星光,1.18,36000,股
2026-01-07,2467,志聖,1.09,37000,股
2026-01-07,2313,華通,0.92,75000,股
2026-01-07,3037,欣興,0.63,25000,股
2026-01-07,2344,華邦電,0.0,1,股
2026-01-07,C_NTD,CASH,,574790266,元
2026-01-08,2330,台積電,15.52,82000,股
2026-01-08,2360,致茂,3.64,35000,股
2026-01-08,2345,智邦,3.12,22000,股
2026-01-08,2317,鴻海,2.71,105000,股
2026-01-08,2308,台達電,2.61,23000,股
2026-01-08,6669,緯穎,2.61,5000,股
2026-01-08,2454,聯發科,2.6,16000,股
2026-01-08,5274,信驊,2.58,3000,股
2026-01-08,3231,緯創,2.54,150000,股
2026-01-08,3661,世芯-KY,2.43,6000,股
2026-01-08,3443,創意,2.2,8000,股
2026-01-08,6515,穎崴,2.14,6000,股
2026-01-08,3017,奇鋐,2.13,14000,股
2026-01-08,2383,台光電,2.08,12000,股
2026-01-08,6274,台燿,1.99,38000,股
2026-01-08,3131,弘塑,1.85,9000,股
2026-01-08,3711,日月光投控,1.84,60000,股
2026-01-08,2449,京元電子,1.77,60000,股
2026-01-08,8210,勤誠,1.65,16000,股
2026-01-08,8299,群聯,1.53,8000,股
2026-01-08,6488,環球晶,1.52,30001,股
2026-01-08,2382,廣達,1.47,48000,股
2026-01-08,2404,漢唐,1.47,13000,股
2026-01-08,3665,貿聯-KY,1.42,9000,股
2026-01-08,3653,健策,1.37,5000,股
2026-01-08,4749,新應材,1.33,13000,股
2026-01-08,4979,華星光,1.25,36000,股
2026-01-08,3211,順達,1.19,35000,股
2026-01-08,3324,雙鴻,1.17,11000,股
2026-01-08,1560,中砂,1.16,25000,股
2026-01-08,2467,志聖,1.08,37000,股
2026-01-08,2313,華通,0.88,75000,股
2026-01-08,3037,欣興,0.64,25000,股
2026-01-08,2344,華邦電,0.0,1,股
2026-01-08,C_NTD,CASH,,325362825,元
2026-01-09,2330,台積電,15.18,82000,股
2026-01-09,2360,致茂,3.56,35000,股
2026-01-09,6515,穎崴,3.46,9000,股
2026-01-09,2345,智邦,2.94,22000,股
2026-01-09,3017,奇鋐,2.73,18000,股
2026-01-09,2317,鴻海,2.67,105000,股
2026-01-09,2308,台達電,2.57,23000,股
2026-01-09,5274,信驊,2.53,3000,股
2026-01-09,2454,聯發科,2.5,16000,股
2026-01-09,3231,緯創,2.46,150000,股
2026-01-09,3661,世芯-KY,2.36,6000,股
2026-01-09,3653,健策,2.26,8000,股
2026-01-09,3443,創意,2.08,8000,股
2026-01-09,2383,台光電,2.07,12000,股
2026-01-09,6274,台燿,1.95,38000,股
2026-01-09,2382,廣達,1.81,58000,股
2026-01-09,3711,日月光投控,1.8,60000,股
2026-01-09,3131,弘塑,1.77,9000,股
2026-01-09,2449,京元電子,1.74,60000,股
2026-01-09,8210,勤誠,1.6,16000,股
2026-01-09,2313,華通,1.59,125000,股
2026-01-09,8299,群聯,1.44,8000,股
2026-01-09,2404,漢唐,1.42,13000,股
2026-01-09,6488,環球晶,1.42,30001,股
2026-01-09,3665,貿聯-KY,1.41,9000,股
2026-01-09,6669,緯穎,1.4,3000,股
2026-01-09,4749,新應材,1.32,13000,股
2026-01-09,6223,旺矽,1.23,5000,股
2026-01-09,4979,華星光,1.18,36000,股
2026-01-09,3324,雙鴻,1.17,11000,股
2026-01-09,3211,順達,1.15,35000,股
2026-01-09,1560,中砂,1.13,25000,股
2026-01-09,2467,志聖,1.06,37000,股
2026-01-09,3037,欣興,0.62,25000,股
2026-01-09,2344,華邦電,0.0,1,股
2026-01-09,C_NTD,CASH,,222796118,元
2026-01-12,2330,台積電,15.13,82000,股
2026-01-12,2360,致茂,3.64,35000,股
2026-01-12,5274,信驊,3.52,4000,股
2026-01-12,6515,穎崴,3.41,9000,股
2026-01-12,2308,台達電,3.34,29000,股
2026-01-12,3661,世芯-KY,3.17,8000,股
2026-01-12,2345,智邦,2.89,22000,股
2026-01-12,3017,奇鋐,2.66,18000,股
2026-01-12,3711,日月光投控,2.56,83000,股
2026-01-12,2454,聯發科,2.52,16000,股
2026-01-12,3443,創意,2.52,9500,股
2026-01-12,3231,緯創,2.39,150000,股
2026-01-12,3653,健策,2.21,8000,股
2026-01-12,2383,台光電,2.11,12000,股
2026-01-12,2368,金像電,2.04,28000,股
2026-01-12,6274,台燿,1.97,38000,股
2026-01-12,2317,鴻海,1.87,75000,股
2026-01-12,3131,弘塑,1.79,9000,股
2026-01-12,2382,廣達,1.78,58000,股
2026-01-12,2449,京元電子,1.77,60000,股
2026-01-12,2313,華通,1.73,125000,股
2026-01-12,3037,欣興,1.73,65000,股
2026-01-12,8210,勤誠,1.59,16000,股
2026-01-12,6488,環球晶,1.55,30001,股
2026-01-12,8299,群聯,1.55,8000,股
2026-01-12,2404,漢唐,1.39,13000,股
2026-01-12,3665,貿聯-KY,1.37,9000,股
2026-01-12,4749,新應材,1.32,13000,股
2026-01-12,6223,旺矽,1.2,5000,股
2026-01-12,3324,雙鴻,1.16,11000,股
2026-01-12,1560,中砂,1.14,25000,股
2026-01-12,4979,華星光,1.14,36000,股
2026-01-12,2467,志聖,1.03,37000,股
2026-01-12,5536,聖暉*,0.95,11000,股
2026-01-12,6669,緯穎,0.89,2000,股
2026-01-12,7769,鴻勁,0.75,2000,股
2026-01-12,3211,順達,0.65,20000,股
2026-01-12,2344,華邦電,0.0,1,股
2026-01-12,C_NTD,CASH,,237862460,元
2026-01-13,2330,台積電,15.25,82000,股
2026-01-13,2360,致茂,3.74,35000,股
2026-01-13,5274,信驊,3.48,4000,股
2026-01-13,6515,穎崴,3.38,9000,股
2026-01-13,2308,台達電,3.25,29000,股
2026-01-13,3661,世芯-KY,3.2,8000,股
2026-01-13,3037,欣興,2.9,105000,股
2026-01-13,2345,智邦,2.82,22000,股
2026-01-13,3017,奇鋐,2.63,18000,股
2026-01-13,3711,日月光投控,2.61,83000,股
2026-01-13,2454,聯發科,2.58,16000,股
2026-01-13,3443,創意,2.5,9500,股
2026-01-13,6223,旺矽,2.47,10000,股
2026-01-13,3231,緯創,2.34,150000,股
2026-01-13,2383,台光電,2.13,12000,股
2026-01-13,2404,漢唐,2.11,18000,股
2026-01-13,3653,健策,2.08,8000,股
2026-01-13,2368,金像電,1.99,28000,股
2026-01-13,6274,台燿,1.98,38000,股
2026-01-13,5536,聖暉*,1.94,22000,股
2026-01-13,2313,華通,1.83,125000,股
2026-01-13,2382,廣達,1.76,58000,股
2026-01-13,2449,京元電子,1.76,60000,股
2026-01-13,3131,弘塑,1.75,9000,股
2026-01-13,8210,勤誠,1.66,16000,股
2026-01-13,2317,鴻海,1.55,63000,股
2026-01-13,6488,環球晶,1.55,30001,股
2026-01-13,8299,群聯,1.54,8000,股
2026-01-13,3665,貿聯-KY,1.39,9000,股
2026-01-13,4749,新應材,1.3,13000,股
2026-01-13,1560,中砂,1.15,25000,股
2026-01-13,3324,雙鴻,1.14,11000,股
2026-01-13,2467,志聖,1.03,37000,股
2026-01-13,6669,緯穎,0.85,2000,股
2026-01-13,7769,鴻勁,0.75,2000,股
2026-01-13,8996,高力,0.58,7000,股
2026-01-13,4979,華星光,0.53,18000,股
2026-01-13,2344,華邦電,0.0,1,股
2026-01-13,C_NTD,CASH,,203196131,元
2026-01-14,2330,台積電,16.1,82000,股
2026-01-14,2360,致茂,3.98,35000,股
2026-01-14,5274,信驊,3.72,4000,股
2026-01-14,6515,穎崴,3.62,9000,股
2026-01-14,3017,奇鋐,3.59,22000,股
2026-01-14,2308,台達電,3.54,29000,股
2026-01-14,2345,智邦,3.22,23000,股
2026-01-14,3661,世芯-KY,3.18,8000,股
2026-01-14,2404,漢唐,3.04,23000,股
2026-01-14,3037,欣興,3.02,105000,股
2026-01-14,3711,日月光投控,2.81,83000,股
2026-01-14,2454,聯發科,2.76,16000,股
2026-01-14,6223,旺矽,2.7,10000,股
2026-01-14,3443,創意,2.65,9500,股
2026-01-14,8210,勤誠,2.37,21000,股
2026-01-14,6488,環球晶,2.32,39001,股
2026-01-14,2383,台光電,2.31,12000,股
2026-01-14,3653,健策,2.26,8000,股
2026-01-14,3665,貿聯-KY,2.24,13000,股
2026-01-14,2368,金像電,2.18,28000,股
2026-01-14,6274,台燿,2.12,38000,股
2026-01-14,5536,聖暉*,2.04,22000,股
2026-01-14,2313,華通,1.91,125000,股
2026-01-14,2382,廣達,1.91,58000,股
2026-01-14,3131,弘塑,1.91,9000,股
2026-01-14,2449,京元電子,1.87,60000,股
2026-01-14,3324,雙鴻,1.83,16000,股
2026-01-14,2317,鴻海,1.7,63000,股
2026-01-14,8299,群聯,1.63,8000,股
2026-01-14,4749,新應材,1.37,13000,股
2026-01-14,1560,中砂,1.22,25000,股
2026-01-14,2467,志聖,1.08,37000,股
2026-01-14,7769,鴻勁,0.81,2000,股
2026-01-14,8996,高力,0.6,7000,股
2026-01-14,4979,華星光,0.58,18000,股
2026-01-14,6510,精測,0.56,2000,股
2026-01-14,3231,緯創,0.42,25000,股
2026-01-14,2344,華邦電,0.0,1,股
2026-01-14,C_NTD,CASH,,142384623,元
2026-01-15,2330,台積電,18.06,92000,股
2026-01-15,5274,信驊,4.06,4000,股
2026-01-15,2360,致茂,3.92,35000,股
2026-01-15,6515,穎崴,3.6,9000,股
2026-01-15,2308,台達電,3.52,29000,股
2026-01-15,3017,奇鋐,3.52,22000,股
2026-01-15,2345,智邦,3.31,23000,股
2026-01-15,2404,漢唐,3.07,23000,股
2026-01-15,3037,欣興,3.04,105000,股
2026-01-15,3711,日月光投控,2.88,83000,股
2026-01-15,3443,創意,2.76,9500,股
2026-01-15,6223,旺矽,2.59,10000,股
2026-01-15,2313,華通,2.34,143000,股
2026-01-15,8210,勤誠,2.27,21000,股
2026-01-15,2454,聯發科,2.25,13000,股
2026-01-15,3665,貿聯-KY,2.22,13000,股
2026-01-15,6488,環球晶,2.21,39001,股
2026-01-15,2368,金像電,2.17,28000,股
2026-01-15,6274,台燿,2.12,38000,股
2026-01-15,5536,聖暉*,2.05,22000,股
2026-01-15,2382,廣達,1.9,58000,股
2026-01-15,2449,京元電子,1.86,60000,股
2026-01-15,3131,弘塑,1.86,9000,股
2026-01-15,3324,雙鴻,1.8,16000,股
2026-01-15,2317,鴻海,1.71,63000,股
2026-01-15,8299,群聯,1.67,8000,股
2026-01-15,3661,世芯-KY,1.54,4000,股
2026-01-15,2383,台光電,1.46,8000,股
2026-01-15,4749,新應材,1.37,13000,股
2026-01-15,1560,中砂,1.25,25000,股
2026-01-15,2467,志聖,1.1,37000,股
2026-01-15,3653,健策,1.1,4000,股
2026-01-15,7769,鴻勁,0.8,2000,股
2026-01-15,4979,華星光,0.58,18000,股
2026-01-15,8996,高力,0.58,7000,股
2026-01-15,6510,精測,0.55,2000,股
2026-01-15,1605,華新,0.39,75000,股
2026-01-15,1303,南亞,0.32,40000,股
2026-01-15,1815,富喬,0.27,25000,股
2026-01-15,2344,華邦電,0.0,1,股
2026-01-15,C_NTD,CASH,,114784233,元
2026-01-16,2330,台積電,21.34,107000,股
2026-01-16,2308,台達電,4.12,32000,股
2026-01-16,5274,信驊,3.99,4000,股
2026-01-16,2360,致茂,3.96,35000,股
2026-01-16,6515,穎崴,3.64,9000,股
2026-01-16,3017,奇鋐,3.43,22000,股
2026-01-16,3037,欣興,3.29,105001,股
2026-01-16,2345,智邦,3.24,23000,股
2026-01-16,3443,創意,3.02,10500,股
2026-01-16,2404,漢唐,2.9,23000,股
2026-01-16,3711,日月光投控,2.88,83000,股
2026-01-16,6223,旺矽,2.63,10000,股
2026-01-16,2313,華通,2.33,143000,股
2026-01-16,2454,聯發科,2.24,13000,股
2026-01-16,8210,勤誠,2.23,21000,股
2026-01-16,2368,金像電,2.17,28000,股
2026-01-16,6274,台燿,2.14,38000,股
2026-01-16,6488,環球晶,2.14,39001,股
2026-01-16,3665,貿聯-KY,2.08,13000,股
2026-01-16,5536,聖暉*,1.99,22000,股
2026-01-16,2382,廣達,1.92,58000,股
2026-01-16,2449,京元電子,1.88,60000,股
2026-01-16,3131,弘塑,1.84,9000,股
2026-01-16,3324,雙鴻,1.78,16000,股
2026-01-16,8299,群聯,1.73,8000,股
2026-01-16,2317,鴻海,1.69,63000,股
2026-01-16,3661,世芯-KY,1.53,4000,股
2026-01-16,2383,台光電,1.49,8000,股
2026-01-16,4749,新應材,1.33,13000,股
2026-01-16,1560,中砂,1.21,25000,股
2026-01-16,2467,志聖,1.06,37000,股
2026-01-16,7769,鴻勁,0.81,2000,股
2026-01-16,1303,南亞,0.68,80000,股
2026-01-16,4979,華星光,0.56,18000,股
2026-01-16,1519,華城,0.55,5000,股
2026-01-16,3653,健策,0.55,2000,股
2026-01-16,6510,精測,0.55,2000,股
2026-01-16,8996,高力,0.55,7000,股
2026-01-16,1605,華新,0.37,75000,股
2026-01-16,1815,富喬,0.28,25000,股
2026-01-16,2344,華邦電,0.0,1,股
2026-01-16,C_NTD,CASH,,41791663,元
2026-01-19,2330,台積電,21.68,107000,股
2026-01-19,2308,台達電,4.25,33000,股
2026-01-19,5274,信驊,4.04,4000,股
2026-01-19,3037,欣興,3.98,115001,股
2026-01-19,2360,致茂,3.82,35000,股
2026-01-19,6515,穎崴,3.58,9000,股
2026-01-19,3443,創意,3.25,10500,股
2026-01-19,2345,智邦,3.08,23000,股
2026-01-19,2404,漢唐,2.9,23000,股
2026-01-19,3711,日月光投控,2.85,83000,股
2026-01-19,6223,旺矽,2.66,10000,股
2026-01-19,3017,奇鋐,2.5,17000,股
2026-01-19,2313,華通,2.36,143000,股
2026-01-19,6488,環球晶,2.24,39001,股
2026-01-19,2454,聯發科,2.22,13000,股
2026-01-19,8210,勤誠,2.18,21000,股
2026-01-19,2368,金像電,2.01,28000,股
2026-01-19,5536,聖暉*,1.9,22000,股
2026-01-19,2382,廣達,1.88,58000,股
2026-01-19,2449,京元電子,1.87,60000,股
2026-01-19,8299,群聯,1.82,8000,股
2026-01-19,3131,弘塑,1.81,9000,股
2026-01-19,3324,雙鴻,1.69,16000,股
2026-01-19,2317,鴻海,1.66,63000,股
2026-01-19,3661,世芯-KY,1.58,4000,股
2026-01-19,2383,台光電,1.45,8000,股
2026-01-19,1303,南亞,1.28,140000,股
2026-01-19,6274,台燿,1.24,23000,股
2026-01-19,1560,中砂,1.21,25000,股
2026-01-19,2467,志聖,1.04,37000,股
2026-01-19,7769,鴻勁,0.8,2000,股
2026-01-19,4749,新應材,0.69,7000,股
2026-01-19,6510,精測,0.57,2000,股
2026-01-19,8996,高力,0.57,7000,股
2026-01-19,3653,健策,0.56,2000,股
2026-01-19,1519,華城,0.55,5000,股
2026-01-19,4979,華星光,0.55,18000,股
2026-01-19,1605,華新,0.36,75000,股
2026-01-19,2303,聯電,0.36,50000,股
2026-01-19,1815,富喬,0.31,25000,股
2026-01-19,2327,國巨*,0.31,9000,股
2026-01-19,2344,華邦電,0.0,1,股
2026-01-19,3045,台灣大,0.0,1,股
2026-01-19,C_NTD,CASH,,50790904,元
2026-01-20,2330,台積電,22.8,107000,股
2026-01-20,2308,台達電,4.47,33000,股
2026-01-20,2360,致茂,4.32,35000,股
2026-01-20,3037,欣興,4.25,115001,股
2026-01-20,5274,信驊,4.14,4000,股
2026-01-20,6515,穎崴,4.04,9000,股
2026-01-20,6223,旺矽,3.53,12000,股
2026-01-20,3443,創意,3.4,10500,股
2026-01-20,2345,智邦,3.27,23000,股
2026-01-20,2404,漢唐,2.98,23000,股
2026-01-20,2313,華通,2.96,167000,股
2026-01-20,3711,日月光投控,2.95,83000,股
2026-01-20,6488,環球晶,2.59,43001,股
2026-01-20,2454,聯發科,2.32,13000,股
2026-01-20,8210,勤誠,2.27,21000,股
2026-01-20,2449,京元電子,1.98,60000,股
2026-01-20,2382,廣達,1.93,58000,股
2026-01-20,8299,群聯,1.92,8000,股
2026-01-20,3131,弘塑,1.89,9000,股
2026-01-20,3017,奇鋐,1.86,12000,股
2026-01-20,3324,雙鴻,1.78,16000,股
2026-01-20,2383,台光電,1.55,8000,股
2026-01-20,6274,台燿,1.31,23000,股
2026-01-20,1303,南亞,1.28,140000,股
2026-01-20,1560,中砂,1.27,25000,股
2026-01-20,2467,志聖,1.11,37000,股
2026-01-20,2368,金像電,1.06,14000,股
2026-01-20,7769,鴻勁,0.84,2000,股
2026-01-20,3661,世芯-KY,0.81,2000,股
2026-01-20,2303,聯電,0.75,92000,股
2026-01-20,1519,華城,0.72,6000,股
2026-01-20,6510,精測,0.65,2000,股
2026-01-20,4979,華星光,0.63,18000,股
2026-01-20,8996,高力,0.61,7000,股
2026-01-20,3653,健策,0.59,2000,股
2026-01-20,5536,聖暉*,0.51,6000,股
2026-01-20,1605,華新,0.38,75000,股
2026-01-20,1815,富喬,0.33,25000,股
2026-01-20,2327,國巨*,0.31,9000,股
2026-01-20,2344,華邦電,0.0,1,股
2026-01-20,3045,台灣大,0.0,1,股
2026-01-20,C_NTD,CASH,,16137978,元
2026-01-21,2330,台積電,22.38,107000,股
2026-01-21,3037,欣興,4.71,122001,股
2026-01-21,2308,台達電,4.64,34000,股
2026-01-21,2360,致茂,4.19,35000,股
2026-01-21,6515,穎崴,4.14,9000,股
2026-01-21,5274,信驊,4.01,4000,股
2026-01-21,6223,旺矽,3.55,12000,股
2026-01-21,3443,創意,3.31,10500,股
2026-01-21,2345,智邦,3.18,23000,股
2026-01-21,2313,華通,2.9,167000,股
2026-01-21,3711,日月光投控,2.9,83000,股
2026-01-21,2404,漢唐,2.79,23000,股
2026-01-21,6488,環球晶,2.56,43001,股
2026-01-21,8299,群聯,2.52,11000,股
2026-01-21,2454,聯發科,2.29,13000,股
2026-01-21,8210,勤誠,2.29,21000,股
2026-01-21,2449,京元電子,1.93,60000,股
2026-01-21,3131,弘塑,1.89,9000,股
2026-01-21,3017,奇鋐,1.85,12000,股
2026-01-21,3324,雙鴻,1.73,16000,股
2026-01-21,2383,台光電,1.5,8000,股
2026-01-21,6510,精測,1.43,4000,股
2026-01-21,6274,台燿,1.28,23000,股
2026-01-21,1560,中砂,1.27,25000,股
2026-01-21,1303,南亞,1.24,140000,股
2026-01-21,1519,華城,1.23,10000,股
2026-01-21,2467,志聖,1.13,37000,股
2026-01-21,7769,鴻勁,0.86,2000,股
2026-01-21,2303,聯電,0.76,92000,股
2026-01-21,4979,華星光,0.64,18000,股
2026-01-21,8996,高力,0.59,7000,股
2026-01-21,5536,聖暉*,0.49,6000,股
2026-01-21,6415,矽力*-KY,0.42,13000,股
2026-01-21,1605,華新,0.36,75000,股
2026-01-21,1815,富喬,0.31,25000,股
2026-01-21,2327,國巨*,0.3,9000,股
2026-01-21,2368,金像電,0.29,4000,股
2026-01-21,2344,華邦電,0.0,1,股
2026-01-21,3045,台灣大,0.0,1,股
2026-01-21,C_NTD,CASH,,37750722,元
2026-01-22,2330,台積電,22.2,107000,股
2026-01-22,2308,台達電,4.99,34000,股
2026-01-22,3037,欣興,4.7,122001,股
2026-01-22,2360,致茂,4.17,35000,股
2026-01-22,5274,信驊,4.1,4000,股
2026-01-22,6515,穎崴,3.98,9000,股
2026-01-22,6223,旺矽,3.42,12000,股
2026-01-22,2313,華通,3.28,179000,股
2026-01-22,3443,創意,3.19,10500,股
2026-01-22,2345,智邦,3.12,23000,股
2026-01-22,3711,日月光投控,2.92,83000,股
2026-01-22,2404,漢唐,2.68,23000,股
2026-01-22,8299,群聯,2.67,11000,股
2026-01-22,6488,環球晶,2.58,43001,股
2026-01-22,2383,台光電,2.54,13000,股
2026-01-22,8210,勤誠,2.33,21000,股
2026-01-22,2454,聯發科,2.28,13000,股
2026-01-22,2449,京元電子,1.94,60000,股
2026-01-22,3017,奇鋐,1.92,12000,股
2026-01-22,3131,弘塑,1.89,9000,股
2026-01-22,3324,雙鴻,1.75,16000,股
2026-01-22,7769,鴻勁,1.75,4000,股
2026-01-22,6510,精測,1.37,4000,股
2026-01-22,6274,台燿,1.32,23000,股
2026-01-22,1303,南亞,1.28,140000,股
2026-01-22,1519,華城,1.27,10000,股
2026-01-22,1560,中砂,1.27,25000,股
2026-01-22,2467,志聖,0.96,33000,股
2026-01-22,2327,國巨*,0.84,24000,股
2026-01-22,2303,聯電,0.73,92000,股
2026-01-22,6805,富世達,0.67,4000,股
2026-01-22,4979,華星光,0.61,18000,股
2026-01-22,8996,高力,0.6,7000,股
2026-01-22,5536,聖暉*,0.48,6000,股
2026-01-22,6415,矽力*-KY,0.4,13000,股
2026-01-22,1513,中興電,0.33,15000,股
2026-01-22,3264,欣銓,0.32,18000,股
2026-01-22,2368,金像電,0.3,4000,股
2026-01-22,1815,富喬,0.29,25000,股
2026-01-22,2344,華邦電,0.0,1,股
2026-01-22,3045,台灣大,0.0,2,股
2026-01-22,C_NTD,CASH,,40565113,元
2026-01-23,2330,台積電,21.87,107000,股
2026-01-23,2308,台達電,4.95,34000,股
2026-01-23,3037,欣興,4.78,122001,股
2026-01-23,2360,致茂,4.15,35000,股
2026-01-23,5274,信驊,4.1,4000,股
2026-01-23,6515,穎崴,4.06,9000,股
2026-01-23,2383,台光電,3.74,18000,股
2026-01-23,2313,華通,3.54,179000,股
2026-01-23,6223,旺矽,3.53,12000,股
2026-01-23,3443,創意,3.31,10500,股
2026-01-23,2345,智邦,3.12,23000,股
2026-01-23,3711,日月光投控,2.95,83000,股
2026-01-23,8299,群聯,2.77,12000,股
2026-01-23,2404,漢唐,2.62,23000,股
2026-01-23,6488,環球晶,2.62,43002,股
2026-01-23,2454,聯發科,2.45,13000,股
2026-01-23,8210,勤誠,2.35,21000,股
2026-01-23,2449,京元電子,1.99,60000,股
2026-01-23,3017,奇鋐,1.91,12000,股
2026-01-23,3131,弘塑,1.83,9000,股
2026-01-23,3324,雙鴻,1.72,16000,股
2026-01-23,7769,鴻勁,1.72,4000,股
2026-01-23,6510,精測,1.35,4000,股
2026-01-23,6274,台燿,1.34,23000,股
2026-01-23,2327,國巨*,1.31,39000,股
2026-01-23,1303,南亞,1.25,140000,股
2026-01-23,1519,華城,1.19,10000,股
2026-01-23,2303,聯電,0.69,92000,股
2026-01-23,6805,富世達,0.64,4000,股
2026-01-23,4979,華星光,0.61,18000,股
2026-01-23,8996,高力,0.58,7000,股
2026-01-23,5536,聖暉*,0.47,6000,股
2026-01-23,6442,光聖,0.47,3000,股
2026-01-23,6415,矽力*-KY,0.4,13000,股
2026-01-23,1513,中興電,0.32,15000,股
2026-01-23,3264,欣銓,0.31,18000,股
2026-01-23,2368,金像電,0.3,4000,股
2026-01-23,1815,富喬,0.27,25000,股
2026-01-23,2344,華邦電,0.0,1,股
2026-01-23,3045,台灣大,0.0,2,股
2026-01-23,C_NTD,CASH,,51093501,元
2026-01-26,2330,台積電,20.62,102000,股
2026-01-26,2308,台達電,4.82,34000,股
2026-01-26,3037,欣興,4.69,122001,股
2026-01-26,8299,群聯,4.55,19000,股
2026-01-26,6515,穎崴,4.22,9000,股
2026-01-26,2360,致茂,4.1,35000,股
2026-01-26,5274,信驊,4.1,4000,股
2026-01-26,2313,華通,3.65,179000,股
2026-01-26,2383,台光電,3.61,18000,股
2026-01-26,6223,旺矽,3.58,12000,股
2026-01-26,3443,創意,3.17,10500,股
2026-01-26,3711,日月光投控,2.99,83000,股
2026-01-26,2345,智邦,2.79,21000,股
2026-01-26,2454,聯發科,2.65,13000,股
2026-01-26,6488,環球晶,2.6,43002,股
2026-01-26,8210,勤誠,2.35,21000,股
2026-01-26,6274,台燿,2.19,37000,股
2026-01-26,2449,京元電子,2.06,60000,股
2026-01-26,3017,奇鋐,1.9,12000,股
2026-01-26,3131,弘塑,1.83,9000,股
2026-01-26,7769,鴻勁,1.75,4000,股
2026-01-26,6510,精測,1.49,4000,股
2026-01-26,1303,南亞,1.32,140000,股
2026-01-26,2327,國巨*,1.29,39000,股
2026-01-26,2404,漢唐,1.21,11000,股
2026-01-26,1519,華城,1.18,10000,股
2026-01-26,3324,雙鴻,0.97,9000,股
2026-01-26,2303,聯電,0.9,112000,股
2026-01-26,6805,富世達,0.65,4000,股
2026-01-26,4979,華星光,0.59,18000,股
2026-01-26,8996,高力,0.59,7000,股
2026-01-26,3264,欣銓,0.56,30000,股
2026-01-26,6442,光聖,0.45,3000,股
2026-01-26,6415,矽力*-KY,0.39,13000,股
2026-01-26,1513,中興電,0.31,15000,股
2026-01-26,2368,金像電,0.31,4000,股
2026-01-26,1815,富喬,0.28,25000,股
2026-01-26,2344,華邦電,0.0,1,股
2026-01-26,3045,台灣大,0.0,2,股
2026-01-26,C_NTD,CASH,,21760645,元
2026-01-27,2330,台積電,20.67,102000,股
2026-01-27,3037,欣興,4.91,122001,股
2026-01-27,2308,台達電,4.83,34000,股
2026-01-27,8299,群聯,4.58,19000,股
2026-01-27,6515,穎崴,4.38,9000,股
2026-01-27,5274,信驊,3.99,4000,股
2026-01-27,2360,致茂,3.88,33000,股
2026-01-27,2383,台光電,3.73,18000,股
2026-01-27,6223,旺矽,3.73,12000,股
2026-01-27,2313,華通,3.44,179000,股
2026-01-27,3443,創意,3.09,10500,股
2026-01-27,3711,日月光投控,2.89,83000,股
2026-01-27,2345,智邦,2.76,21000,股
2026-01-27,2454,聯發科,2.62,13000,股
2026-01-27,6488,環球晶,2.5,43002,股
2026-01-27,8210,勤誠,2.3,21000,股
2026-01-27,6274,台燿,2.23,37000,股
2026-01-27,2449,京元電子,2.05,60000,股
2026-01-27,3017,奇鋐,1.94,12000,股
2026-01-27,7769,鴻勁,1.72,4000,股
2026-01-27,6510,精測,1.49,4000,股
2026-01-27,3131,弘塑,1.41,7000,股
2026-01-27,2303,聯電,1.4,162000,股
2026-01-27,2327,國巨*,1.31,39000,股
2026-01-27,1303,南亞,1.27,140000,股
2026-01-27,2368,金像電,1.17,15000,股
2026-01-27,1519,華城,1.15,10000,股
2026-01-27,3324,雙鴻,0.95,9000,股
2026-01-27,3653,健策,0.95,3000,股
2026-01-27,6805,富世達,0.65,4000,股
2026-01-27,4979,華星光,0.6,18000,股
2026-01-27,8996,高力,0.57,7000,股
2026-01-27,3264,欣銓,0.55,30000,股
2026-01-27,6442,光聖,0.49,3000,股
2026-01-27,6415,矽力*-KY,0.43,13000,股
2026-01-27,2344,華邦電,0.39,30001,股
2026-01-27,1513,中興電,0.3,15000,股
2026-01-27,1815,富喬,0.27,25000,股
2026-01-27,3045,台灣大,0.0,2,股
2026-01-27,C_NTD,CASH,,20993797,元
2026-01-28,2330,台積電,20.68,102000,股
2026-01-28,3037,欣興,4.99,122001,股
2026-01-28,2308,台達電,4.85,34000,股
2026-01-28,8299,群聯,4.83,19000,股
2026-01-28,6515,穎崴,4.02,9000,股
2026-01-28,5274,信驊,3.94,4000,股
2026-01-28,2383,台光電,3.81,18000,股
2026-01-28,2360,致茂,3.8,33000,股
2026-01-28,6223,旺矽,3.55,12000,股
2026-01-28,2313,華通,3.04,155000,股
2026-01-28,3443,創意,3.02,10500,股
2026-01-28,2345,智邦,2.74,21000,股
2026-01-28,6274,台燿,2.64,44000,股
2026-01-28,3711,日月光投控,2.62,75000,股
2026-01-28,2454,聯發科,2.58,13000,股
2026-01-28,6488,環球晶,2.15,38002,股
2026-01-28,2449,京元電子,2.08,60000,股
2026-01-28,2368,金像電,2.0,25000,股
2026-01-28,3017,奇鋐,1.96,12000,股
2026-01-28,8210,勤誠,1.79,17000,股
2026-01-28,6510,精測,1.41,4000,股
2026-01-28,3131,弘塑,1.4,7000,股
2026-01-28,2303,聯電,1.37,162000,股
2026-01-28,1303,南亞,1.25,140000,股
2026-01-28,2327,國巨*,1.24,39000,股
2026-01-28,1519,華城,1.16,10000,股
2026-01-28,3653,健策,0.94,3000,股
2026-01-28,3324,雙鴻,0.93,9000,股
2026-01-28,7769,鴻勁,0.84,2000,股
2026-01-28,3260,威剛,0.82,20000,股
2026-01-28,6805,富世達,0.66,4000,股
2026-01-28,4979,華星光,0.65,18000,股
2026-01-28,8996,高力,0.6,7000,股
2026-01-28,3264,欣銓,0.55,30000,股
2026-01-28,6442,光聖,0.52,3000,股
2026-01-28,2344,華邦電,0.42,30001,股
2026-01-28,6415,矽力*-KY,0.42,13000,股
2026-01-28,1513,中興電,0.31,15000,股
2026-01-28,1815,富喬,0.26,25000,股
2026-01-28,C_NTD,CASH,,28407913,元
2026-01-29,2330,台積電,20.5,102000,股
2026-01-29,8299,群聯,4.88,19000,股
2026-01-29,2308,台達電,4.75,34000,股
2026-01-29,5274,信驊,4.15,4000,股
2026-01-29,6515,穎崴,3.91,9000,股
2026-01-29,2360,致茂,3.73,33000,股
2026-01-29,3037,欣興,3.72,97001,股
2026-01-29,2383,台光電,3.59,18000,股
2026-01-29,6223,旺矽,3.47,12000,股
2026-01-29,3443,創意,3.15,10500,股
2026-01-29,2313,華通,3.07,155000,股
2026-01-29,2345,智邦,2.74,21000,股
2026-01-29,3711,日月光投控,2.59,75000,股
2026-01-29,2454,聯發科,2.58,13000,股
2026-01-29,6274,台燿,2.5,44000,股
2026-01-29,2449,京元電子,2.04,60000,股
2026-01-29,3017,奇鋐,2.0,12000,股
2026-01-29,2368,金像電,1.93,25000,股
2026-01-29,3653,健策,1.93,6000,股
2026-01-29,8210,勤誠,1.76,17000,股
2026-01-29,3131,弘塑,1.42,7000,股
2026-01-29,6510,精測,1.4,4000,股
2026-01-29,2303,聯電,1.23,162000,股
2026-01-29,2344,華邦電,1.16,80001,股
2026-01-29,1519,華城,1.13,10000,股
2026-01-29,3324,雙鴻,0.94,9000,股
2026-01-29,7769,鴻勁,0.84,2000,股
2026-01-29,3260,威剛,0.8,20000,股
2026-01-29,4979,華星光,0.67,18000,股
2026-01-29,6805,富世達,0.66,4000,股
2026-01-29,8996,高力,0.61,7000,股
2026-01-29,6442,光聖,0.58,3000,股
2026-01-29,2481,強茂,0.55,50000,股
2026-01-29,3264,欣銓,0.52,30000,股
2026-01-29,6415,矽力*-KY,0.43,13000,股
2026-01-29,1513,中興電,0.3,15000,股
2026-01-29,1815,富喬,0.26,25000,股
2026-01-29,C_NTD,CASH,,26601199,元
2026-01-30,2330,台積電,21.51,107000,股
2026-01-30,8299,群聯,6.46,24000,股
2026-01-30,2308,台達電,4.69,34000,股
2026-01-30,3037,欣興,4.15,97001,股
2026-01-30,5274,信驊,4.02,4000,股
2026-01-30,6515,穎崴,3.98,9000,股
2026-01-30,2360,致茂,3.66,33000,股
2026-01-30,2383,台光電,3.55,18000,股
2026-01-30,6223,旺矽,3.42,12000,股
2026-01-30,3443,創意,3.11,10500,股
2026-01-30,2313,華通,2.96,155000,股
2026-01-30,2454,聯發科,2.59,13000,股
2026-01-30,6274,台燿,2.5,44000,股
2026-01-30,2345,智邦,2.02,16000,股
2026-01-30,2449,京元電子,2.01,60000,股
2026-01-30,2368,金像電,1.98,25000,股
2026-01-30,3017,奇鋐,1.98,12000,股
2026-01-30,3653,健策,1.93,6000,股
2026-01-30,3711,日月光投控,1.78,53000,股
2026-01-30,8210,勤誠,1.74,17000,股
2026-01-30,6510,精測,1.5,4000,股
2026-01-30,2344,華邦電,1.16,80001,股
2026-01-30,1519,華城,1.1,10000,股
2026-01-30,3324,雙鴻,0.93,9000,股
2026-01-30,7769,鴻勁,0.85,2000,股
2026-01-30,3260,威剛,0.82,20000,股
2026-01-30,3131,弘塑,0.76,4000,股
2026-01-30,6805,富世達,0.65,4000,股
2026-01-30,4979,華星光,0.64,18000,股
2026-01-30,6442,光聖,0.61,3000,股
2026-01-30,8996,高力,0.59,7000,股
2026-01-30,3264,欣銓,0.54,30000,股
2026-01-30,2481,強茂,0.51,50000,股
2026-01-30,6415,矽力*-KY,0.41,13000,股
2026-01-30,1513,中興電,0.29,15000,股
2026-01-30,1815,富喬,0.26,25000,股
2026-01-30,4904,遠傳,0.01,1000,股
2026-01-30,C_NTD,CASH,,39297343,元
2026-02-02,2330,台積電,21.52,107000,股
2026-02-02,8299,群聯,5.87,24000,股
2026-02-02,2308,台達電,4.56,34000,股
2026-02-02,6515,穎崴,4.17,9000,股
2026-02-02,5274,信驊,4.12,4000,股
2026-02-02,3037,欣興,4.04,97001,股
2026-02-02,2383,台光電,3.66,18000,股
2026-02-02,2360,致茂,3.65,33000,股
2026-02-02,6223,旺矽,3.6,12000,股
2026-02-02,3443,創意,3.22,10500,股
2026-02-02,2313,華通,3.04,155000,股
2026-02-02,3653,健策,2.7,8000,股
2026-02-02,2454,聯發科,2.53,13000,股
2026-02-02,6274,台燿,2.48,44000,股
2026-02-02,6510,精測,2.35,6000,股
2026-02-02,2345,智邦,2.08,16000,股
2026-02-02,3017,奇鋐,2.04,12000,股
2026-02-02,2368,金像電,2.01,25000,股
2026-02-02,2449,京元電子,1.95,60000,股
2026-02-02,3711,日月光投控,1.77,53000,股
2026-02-02,8210,勤誠,1.75,17000,股
2026-02-02,1519,華城,1.07,10000,股
2026-02-02,2344,華邦電,1.06,80001,股
2026-02-02,3324,雙鴻,0.96,9000,股
2026-02-02,7769,鴻勁,0.86,2000,股
2026-02-02,4979,華星光,0.66,18000,股
2026-02-02,6805,富世達,0.64,4000,股
2026-02-02,8996,高力,0.62,7000,股
2026-02-02,6442,光聖,0.59,3000,股
2026-02-02,2481,強茂,0.5,50000,股
2026-02-02,6415,矽力*-KY,0.43,13000,股
2026-02-02,3131,弘塑,0.37,2000,股
2026-02-02,1815,富喬,0.25,25000,股
2026-02-02,3264,欣銓,0.18,10000,股
2026-02-02,4904,遠傳,0.01,1002,股
2026-02-02,C_NTD,CASH,,67617008,元
2026-02-03,2330,台積電,21.63,107000,股
2026-02-03,8299,群聯,5.36,24000,股
2026-02-03,3037,欣興,4.88,113001,股
2026-02-03,2308,台達電,4.64,34000,股
2026-02-03,6515,穎崴,4.51,9000,股
2026-02-03,5274,信驊,4.4,4000,股
2026-02-03,2360,致茂,3.85,33000,股
2026-02-03,6223,旺矽,3.83,12000,股
2026-02-03,2383,台光電,3.75,18000,股
2026-02-03,3653,健策,3.52,10000,股
2026-02-03,3443,創意,3.19,10500,股
2026-02-03,2313,華通,3.16,155000,股
2026-02-03,3017,奇鋐,3.12,17000,股
2026-02-03,2454,聯發科,3.02,15000,股
2026-02-03,2368,金像電,2.71,32000,股
2026-02-03,6510,精測,2.54,6000,股
2026-02-03,6274,台燿,2.49,44000,股
2026-02-03,2345,智邦,2.13,16000,股
2026-02-03,2449,京元電子,1.98,60000,股
2026-02-03,8210,勤誠,1.82,17000,股
2026-02-03,3711,日月光投控,1.8,53000,股
2026-02-03,6805,富世達,1.21,7000,股
2026-02-03,1519,華城,1.06,10000,股
2026-02-03,3324,雙鴻,1.02,9000,股
2026-02-03,7769,鴻勁,0.87,2000,股
2026-02-03,8996,高力,0.64,7000,股
2026-02-03,4979,華星光,0.63,18000,股
2026-02-03,6442,光聖,0.62,3000,股
2026-02-03,2481,強茂,0.5,50000,股
2026-02-03,2344,華邦電,0.47,40001,股
2026-02-03,6415,矽力*-KY,0.43,13000,股
2026-02-03,3131,弘塑,0.37,2000,股
2026-02-03,1815,富喬,0.27,25000,股
2026-02-03,3264,欣銓,0.17,10000,股
2026-02-03,4904,遠傳,0.01,1002,股
2026-02-03,C_NTD,CASH,,73261615,元
2026-02-04,2330,台積電,21.24,107000,股
2026-02-04,8299,群聯,5.49,24000,股
2026-02-04,3037,欣興,4.88,113001,股
2026-02-04,2308,台達電,4.58,34000,股
2026-02-04,6515,穎崴,4.56,9000,股
2026-02-04,2383,台光電,4.54,20000,股
2026-02-04,5274,信驊,4.29,4000,股
2026-02-04,3017,奇鋐,3.91,21000,股
2026-02-04,2360,致茂,3.78,33000,股
2026-02-04,2313,華通,3.69,173000,股
2026-02-04,6223,旺矽,3.67,12000,股
2026-02-04,3653,健策,3.46,10000,股
2026-02-04,6510,精測,3.11,7000,股
2026-02-04,2454,聯發科,3.0,15000,股
2026-02-04,2368,金像電,2.84,32000,股
2026-02-04,6274,台燿,2.63,44000,股
2026-02-04,3443,創意,2.39,8500,股
2026-02-04,2345,智邦,2.11,16000,股
2026-02-04,2449,京元電子,1.98,60000,股
2026-02-04,8210,勤誠,1.87,17000,股
2026-02-04,3711,日月光投控,1.78,53000,股
2026-02-04,6805,富世達,1.19,7000,股
2026-02-04,1519,華城,1.1,10000,股
2026-02-04,3324,雙鴻,1.02,9000,股
2026-02-04,7769,鴻勁,0.85,2000,股
2026-02-04,4979,華星光,0.66,18000,股
2026-02-04,8996,高力,0.66,7000,股
2026-02-04,6442,光聖,0.62,3000,股
2026-02-04,2481,強茂,0.49,50000,股
2026-02-04,2344,華邦電,0.48,40001,股
2026-02-04,2467,志聖,0.31,10000,股
2026-02-04,1815,富喬,0.27,25000,股
2026-02-04,4904,遠傳,0.01,1002,股
2026-02-04,C_NTD,CASH,,75969710,元
2026-02-05,2330,台積電,21.52,107000,股
2026-02-05,8299,群聯,5.52,24000,股
2026-02-05,3037,欣興,4.7,113001,股
2026-02-05,6515,穎崴,4.53,9000,股
2026-02-05,2383,台光電,4.44,20000,股
2026-02-05,5274,信驊,4.16,4000,股
2026-02-05,3017,奇鋐,3.9,21000,股
2026-02-05,6223,旺矽,3.76,12000,股
2026-02-05,2360,致茂,3.66,33000,股
2026-02-05,2313,華通,3.47,173000,股
2026-02-05,3653,健策,3.42,10000,股
2026-02-05,2308,台達電,3.14,24000,股
2026-02-05,6510,精測,3.11,7000,股
2026-02-05,2454,聯發科,3.02,15000,股
2026-02-05,2368,金像電,2.77,32000,股
2026-02-05,6274,台燿,2.61,44000,股
2026-02-05,8210,勤誠,2.59,21000,股
2026-02-05,2345,智邦,2.05,16000,股
2026-02-05,2449,京元電子,1.92,60000,股
2026-02-05,6805,富世達,1.24,7000,股
2026-02-05,3711,日月光投控,1.13,35000,股
2026-02-05,1519,華城,1.09,10000,股
2026-02-05,3324,雙鴻,1.02,9000,股
2026-02-05,7769,鴻勁,0.84,2000,股
2026-02-05,4979,華星光,0.65,18000,股
2026-02-05,8996,高力,0.64,7000,股
2026-02-05,6442,光聖,0.6,3000,股
2026-02-05,2481,強茂,0.53,50000,股
2026-02-05,2467,志聖,0.31,10000,股
2026-02-05,1815,富喬,0.27,25000,股
2026-02-05,3443,創意,0.13,500,股
2026-02-05,4904,遠傳,0.01,1002,股
2026-02-05,C_NTD,CASH,,30134023,元
2026-02-06,2330,台積電,21.71,107000,股
2026-02-06,8299,群聯,5.19,24000,股
2026-02-06,6515,穎崴,4.63,9000,股
2026-02-06,2383,台光電,4.39,20000,股
2026-02-06,3037,欣興,4.38,113001,股
2026-02-06,5274,信驊,4.06,4000,股
2026-02-06,3017,奇鋐,3.82,21000,股
2026-02-06,6223,旺矽,3.65,12000,股
2026-02-06,2360,致茂,3.64,33000,股
2026-02-06,2313,華通,3.39,173000,股
2026-02-06,3653,健策,3.39,10000,股
2026-02-06,2308,台達電,3.17,24000,股
2026-02-06,2345,智邦,2.98,22000,股
2026-02-06,6510,精測,2.95,7000,股
2026-02-06,2454,聯發科,2.92,15000,股
2026-02-06,2368,金像電,2.72,32000,股
2026-02-06,6274,台燿,2.6,44000,股
2026-02-06,8210,勤誠,2.34,21000,股
2026-02-06,2449,京元電子,1.94,60000,股
2026-02-06,6805,富世達,1.23,7000,股
2026-02-06,3711,日月光投控,1.22,35000,股
2026-02-06,3324,雙鴻,1.06,9000,股
2026-02-06,1519,華城,1.04,10000,股
2026-02-06,7769,鴻勁,0.84,2000,股
2026-02-06,4979,華星光,0.65,18000,股
2026-02-06,8996,高力,0.64,7000,股
2026-02-06,6442,光聖,0.58,3000,股
2026-02-06,2481,強茂,0.5,50000,股
2026-02-06,2467,志聖,0.31,10000,股
2026-02-06,3443,創意,0.14,500,股
2026-02-06,4904,遠傳,0.01,1003,股
2026-02-06,C_NTD,CASH,,28034039,元
2026-02-09,2330,台積電,22.43,112000,股
2026-02-09,8299,群聯,5.09,24000,股
2026-02-09,2383,台光電,5.05,22000,股
2026-02-09,6515,穎崴,4.68,9000,股
2026-02-09,5274,信驊,4.5,4300,股
2026-02-09,3037,欣興,4.33,113001,股
2026-02-09,2345,智邦,3.89,27000,股
2026-02-09,2360,致茂,3.75,33000,股
2026-02-09,3017,奇鋐,3.7,21000,股
2026-02-09,6223,旺矽,3.67,12000,股
2026-02-09,3653,健策,3.47,10000,股
2026-02-09,2313,華通,3.29,173000,股
2026-02-09,2368,金像電,3.25,37000,股
2026-02-09,2454,聯發科,3.23,16000,股
2026-02-09,2308,台達電,3.12,24000,股
2026-02-09,6510,精測,3.08,7000,股
2026-02-09,6274,台燿,2.56,44000,股
2026-02-09,2449,京元電子,2.41,75000,股
2026-02-09,8210,勤誠,2.16,21000,股
2026-02-09,6805,富世達,1.54,9000,股
2026-02-09,3711,日月光投控,1.26,35000,股
2026-02-09,3324,雙鴻,1.1,9000,股
2026-02-09,1519,華城,1.04,10000,股
2026-02-09,7769,鴻勁,0.85,2000,股
2026-02-09,8996,高力,0.68,7000,股
2026-02-09,4979,華星光,0.67,18000,股
2026-02-09,6442,光聖,0.61,3000,股
2026-02-09,2481,強茂,0.47,50000,股
2026-02-09,1303,南亞,0.43,50000,股
2026-02-09,6257,矽格,0.35,25000,股
2026-02-09,2467,志聖,0.3,10000,股
2026-02-09,3443,創意,0.13,500,股
2026-02-09,4904,遠傳,0.01,1003,股
2026-02-09,C_NTD,CASH,,74111561,元
2026-02-10,2330,台積電,22.7,112000,股
2026-02-10,2383,台光電,4.99,22000,股
2026-02-10,3037,欣興,4.84,121001,股
2026-02-10,6515,穎崴,4.75,9000,股
2026-02-10,5274,信驊,4.32,4300,股
2026-02-10,2345,智邦,4.04,27000,股
2026-02-10,2368,金像電,3.83,42000,股
2026-02-10,8299,群聯,3.73,19000,股
2026-02-10,2360,致茂,3.7,33000,股
2026-02-10,3017,奇鋐,3.66,21000,股
2026-02-10,3653,健策,3.61,10000,股
2026-02-10,6223,旺矽,3.6,12000,股
2026-02-10,2313,華通,3.41,173000,股
2026-02-10,2454,聯發科,3.18,16000,股
2026-02-10,2308,台達電,3.06,24000,股
2026-02-10,6510,精測,2.96,7000,股
2026-02-10,2449,京元電子,2.83,87000,股
2026-02-10,6274,台燿,2.52,44000,股
2026-02-10,8210,勤誠,2.22,21000,股
2026-02-10,6805,富世達,1.53,9000,股
2026-02-10,3711,日月光投控,1.3,35000,股
2026-02-10,7769,鴻勁,1.29,3000,股
2026-02-10,3324,雙鴻,1.05,9000,股
2026-02-10,1519,華城,1.04,10000,股
2026-02-10,8996,高力,1.0,10000,股
2026-02-10,4979,華星光,0.65,18000,股
2026-02-10,6442,光聖,0.64,3000,股
2026-02-10,2481,強茂,0.47,50000,股
2026-02-10,1303,南亞,0.39,50000,股
2026-02-10,6257,矽格,0.34,25000,股
2026-02-10,2467,志聖,0.29,10000,股
2026-02-10,3443,創意,0.13,500,股
2026-02-10,4904,遠傳,0.01,1003,股
2026-02-10,C_NTD,CASH,,69268892,元
2026-02-11,2330,台積電,22.77,112000,股
2026-02-11,2383,台光電,5.13,22000,股
2026-02-11,6515,穎崴,4.79,9000,股
2026-02-11,3037,欣興,4.74,121001,股
2026-02-11,2345,智邦,4.47,29000,股
2026-02-11,5274,信驊,4.44,4300,股
2026-02-11,8299,群聯,3.75,19000,股
2026-02-11,2368,金像電,3.7,42000,股
2026-02-11,2360,致茂,3.68,33000,股
2026-02-11,2308,台達電,3.62,27000,股
2026-02-11,6223,旺矽,3.56,12000,股
2026-02-11,2313,華通,3.43,173000,股
2026-02-11,3017,奇鋐,3.24,19000,股
2026-02-11,2454,聯發科,3.15,16000,股
2026-02-11,3653,健策,3.07,9000,股
2026-02-11,6510,精測,2.96,7000,股
2026-02-11,2449,京元電子,2.9,87000,股
2026-02-11,6274,台燿,2.49,44000,股
2026-02-11,7769,鴻勁,2.31,5000,股
2026-02-11,8210,勤誠,2.18,21000,股
2026-02-11,3711,日月光投控,1.66,44000,股
2026-02-11,6805,富世達,1.48,9000,股
2026-02-11,3324,雙鴻,1.02,9000,股
2026-02-11,8996,高力,0.96,10000,股
2026-02-11,4979,華星光,0.62,18000,股
2026-02-11,6442,光聖,0.62,3000,股
2026-02-11,2481,強茂,0.45,50000,股
2026-02-11,1303,南亞,0.42,50000,股
2026-02-11,8046,南電,0.4,9000,股
2026-02-11,6257,矽格,0.34,25000,股
2026-02-11,2467,志聖,0.29,10000,股
2026-02-11,3443,創意,0.13,500,股
2026-02-11,4904,遠傳,0.0,3,股
2026-02-11,C_NTD,CASH,,26235466,元
2026-02-23,2330,台積電,22.45,112000,股
2026-02-23,3037,欣興,5.18,121001,股
2026-02-23,2383,台光電,5.05,22000,股
2026-02-23,5274,信驊,4.43,4300,股
2026-02-23,2345,智邦,4.28,29000,股
2026-02-23,2308,台達電,4.27,31000,股
2026-02-23,2360,致茂,4.02,33000,股
2026-02-23,6515,穎崴,3.96,8000,股
2026-02-23,8299,群聯,3.86,19000,股
2026-02-23,2313,華通,3.74,173000,股
2026-02-23,2368,金像電,3.63,42000,股
2026-02-23,6223,旺矽,3.55,12000,股
2026-02-23,3017,奇鋐,3.05,19000,股
2026-02-23,2454,聯發科,3.03,16000,股
2026-02-23,2449,京元電子,2.91,87000,股
2026-02-23,6510,精測,2.84,7000,股
2026-02-23,3653,健策,2.6,8000,股
2026-02-23,6274,台燿,2.5,44000,股
2026-02-23,7769,鴻勁,2.32,5000,股
2026-02-23,8210,勤誠,1.97,21000,股
2026-02-23,3711,日月光投控,1.62,44000,股
2026-02-23,6805,富世達,1.41,9000,股
2026-02-23,3324,雙鴻,0.96,9000,股
2026-02-23,8996,高力,0.93,10000,股
2026-02-23,1303,南亞,0.79,90000,股
2026-02-23,4979,華星光,0.68,18000,股
2026-02-23,6442,光聖,0.64,3000,股
2026-02-23,2408,南亞科,0.52,17000,股
2026-02-23,2481,強茂,0.46,50000,股
2026-02-23,8046,南電,0.43,9000,股
2026-02-23,6257,矽格,0.34,25000,股
2026-02-23,2467,志聖,0.3,10000,股
2026-02-23,4904,遠傳,0.0,3,股
2026-02-23,C_NTD,CASH,,11588194,元
2026-02-24,2330,台積電,22.22,112000,股
2026-02-24,8299,群聯,6.27,30000,股
2026-02-24,3037,欣興,5.89,131001,股
2026-02-24,2383,台光電,5.13,22000,股
2026-02-24,2308,台達電,4.33,31000,股
2026-02-24,5274,信驊,4.23,4300,股
2026-02-24,2345,智邦,4.11,29000,股
2026-02-24,2360,致茂,4.08,33000,股
2026-02-24,2313,華通,3.94,173000,股
2026-02-24,6515,穎崴,3.85,8000,股
2026-02-24,2368,金像電,3.53,42000,股
2026-02-24,3017,奇鋐,2.97,19000,股
2026-02-24,6223,旺矽,2.94,11000,股
2026-02-24,2449,京元電子,2.86,87000,股
2026-02-24,6510,精測,2.64,7000,股
2026-02-24,6274,台燿,2.49,44000,股
2026-02-24,7769,鴻勁,2.32,5000,股
2026-02-24,3711,日月光投控,2.08,54000,股
2026-02-24,2454,聯發科,1.84,10000,股
2026-02-24,3653,健策,1.78,6000,股
2026-02-24,6805,富世達,1.05,7000,股
2026-02-24,3324,雙鴻,0.95,9000,股
2026-02-24,8996,高力,0.94,10000,股
2026-02-24,8210,勤誠,0.88,10000,股
2026-02-24,1303,南亞,0.82,90000,股
2026-02-24,4979,華星光,0.71,18000,股
2026-02-24,2327,國巨*,0.61,20000,股
2026-02-24,6442,光聖,0.61,3000,股
2026-02-24,8358,金居,0.61,20000,股
2026-02-24,2408,南亞科,0.51,17000,股
2026-02-24,8046,南電,0.46,9000,股
2026-02-24,2481,強茂,0.44,50000,股
2026-02-24,6257,矽格,0.33,25000,股
2026-02-24,2467,志聖,0.28,10000,股
2026-02-24,4904,遠傳,0.0,3,股
2026-02-24,C_NTD,CASH,,17255748,元
2026-02-25,2330,台積電,22.36,112000,股
2026-02-25,3037,欣興,5.95,131001,股
2026-02-25,8299,群聯,5.72,30000,股
2026-02-25,2383,台光電,5.28,22000,股
2026-02-25,3017,奇鋐,4.48,27000,股
2026-02-25,2308,台達電,4.41,31000,股
2026-02-25,2345,智邦,4.17,29000,股
2026-02-25,2360,致茂,4.1,33000,股
2026-02-25,6515,穎崴,3.96,8000,股
2026-02-25,2368,金像電,3.52,42000,股
2026-02-25,5274,信驊,3.47,3600,股
2026-02-25,2313,華通,2.97,143000,股
2026-02-25,2449,京元電子,2.76,87000,股
2026-02-25,6510,精測,2.72,7000,股
2026-02-25,6223,旺矽,2.66,10000,股
2026-02-25,6274,台燿,2.52,44000,股
2026-02-25,7769,鴻勁,2.39,5000,股
2026-02-25,3711,日月光投控,2.08,54000,股
2026-02-25,3653,健策,1.86,6000,股
2026-02-25,2454,聯發科,1.85,10000,股
2026-02-25,6805,富世達,1.08,7000,股
2026-02-25,3324,雙鴻,1.03,9000,股
2026-02-25,8210,勤誠,0.9,10000,股
2026-02-25,8996,高力,0.9,10000,股
2026-02-25,1303,南亞,0.85,90000,股
2026-02-25,4979,華星光,0.72,18000,股
2026-02-25,3231,緯創,0.68,50000,股
2026-02-25,6442,光聖,0.62,3000,股
2026-02-25,2327,國巨*,0.59,20000,股
2026-02-25,8358,金居,0.58,20000,股
2026-02-25,2408,南亞科,0.49,17000,股
2026-02-25,8046,南電,0.49,9000,股
2026-02-25,6257,矽格,0.34,25000,股
2026-02-25,2467,志聖,0.29,10000,股
2026-02-25,4904,遠傳,0.0,3,股
2026-02-25,C_NTD,CASH,,24050790,元
2026-02-26,2330,台積電,21.98,112000,股
2026-02-26,3037,欣興,6.2,131001,股
2026-02-26,8299,群聯,5.58,30000,股
2026-02-26,2383,台光電,5.28,22000,股
2026-02-26,3017,奇鋐,4.69,27000,股
2026-02-26,2360,致茂,4.48,33000,股
2026-02-26,2308,台達電,4.36,31000,股
2026-02-26,6515,穎崴,4.02,8000,股
2026-02-26,2345,智邦,3.99,29000,股
2026-02-26,5274,信驊,3.45,3600,股
2026-02-26,2368,金像電,3.41,42000,股
2026-02-26,6223,旺矽,2.9,10000,股
2026-02-26,2313,華通,2.88,143000,股
2026-02-26,2449,京元電子,2.8,87000,股
2026-02-26,6510,精測,2.58,7000,股
2026-02-26,7769,鴻勁,2.39,5000,股
2026-02-26,6274,台燿,2.36,44000,股
2026-02-26,3711,日月光投控,2.06,54000,股
2026-02-26,2454,聯發科,1.91,10000,股
2026-02-26,3653,健策,1.84,6000,股
2026-02-26,6805,富世達,1.18,7000,股
2026-02-26,3324,雙鴻,1.02,9000,股
2026-02-26,8210,勤誠,0.9,10000,股
2026-02-26,8996,高力,0.86,10000,股
2026-02-26,1303,南亞,0.81,90000,股
2026-02-26,4979,華星光,0.75,18000,股
2026-02-26,3231,緯創,0.67,50000,股
2026-02-26,6442,光聖,0.63,3000,股
2026-02-26,2327,國巨*,0.59,20000,股
2026-02-26,8358,金居,0.57,20000,股
2026-02-26,8046,南電,0.49,9000,股
2026-02-26,2408,南亞科,0.48,17000,股
2026-02-26,6257,矽格,0.37,25000,股
2026-02-26,2467,志聖,0.32,10000,股
2026-02-26,4904,遠傳,0.0,3,股
2026-02-26,C_NTD,CASH,,13139736,元
2026-03-02,2330,台積電,21.9,111999,股
2026-03-02,3037,欣興,6.24,131001,股
2026-03-02,8299,群聯,5.71,30000,股
2026-03-02,2383,台光電,5.19,22000,股
2026-03-02,2360,致茂,4.95,33000,股
2026-03-02,3017,奇鋐,4.72,27000,股
2026-03-02,2308,台達電,4.38,31000,股
2026-03-02,2345,智邦,4.06,29000,股
2026-03-02,5274,信驊,3.39,3600,股
2026-03-02,6515,穎崴,3.31,7000,股
2026-03-02,2313,華通,3.18,143000,股
2026-03-02,2368,金像電,2.88,37000,股
2026-03-02,6223,旺矽,2.77,10000,股
2026-03-02,2449,京元電子,2.72,87000,股
2026-03-02,6510,精測,2.52,7000,股
2026-03-02,6274,台燿,2.35,44000,股
2026-03-02,7769,鴻勁,2.17,5000,股
2026-03-02,3711,日月光投控,1.98,54000,股
2026-03-02,3653,健策,1.81,6000,股
2026-03-02,6805,富世達,1.73,10000,股
2026-03-02,3324,雙鴻,1.01,9000,股
2026-03-02,2454,聯發科,0.94,5000,股
2026-03-02,8210,勤誠,0.93,10000,股
2026-03-02,8996,高力,0.87,10000,股
2026-03-02,4979,華星光,0.82,18000,股
2026-03-02,6669,緯穎,0.82,2000,股
2026-03-02,1303,南亞,0.8,90000,股
2026-03-02,2467,志聖,0.7,20000,股
2026-03-02,6442,光聖,0.7,3000,股
2026-03-02,3231,緯創,0.67,50000,股
2026-03-02,2327,國巨*,0.58,20000,股
2026-03-02,8358,金居,0.57,20000,股
2026-03-02,2408,南亞科,0.48,17000,股
2026-03-02,8046,南電,0.48,9000,股
2026-03-02,6257,矽格,0.34,25000,股
2026-03-02,4904,遠傳,0.0,3,股
2026-03-02,C_NTD,CASH,,12529494,元
2026-03-03,2330,台積電,21.78,111999,股
2026-03-03,3037,欣興,6.1,131001,股
2026-03-03,3017,奇鋐,5.23,29000,股
2026-03-03,2383,台光電,5.13,22000,股
2026-03-03,2360,致茂,4.63,33000,股
2026-03-03,2308,台達電,4.18,31000,股
2026-03-03,2345,智邦,4.14,29000,股
2026-03-03,5274,信驊,3.35,3600,股
2026-03-03,6515,穎崴,3.33,7000,股
2026-03-03,2313,華通,3.23,143000,股
2026-03-03,8299,群聯,3.0,17000,股
2026-03-03,6223,旺矽,2.87,10000,股
2026-03-03,2368,金像電,2.85,37000,股
2026-03-03,2449,京元電子,2.67,87000,股
2026-03-03,6510,精測,2.52,7000,股
2026-03-03,6274,台燿,2.38,44000,股
2026-03-03,7769,鴻勁,2.09,5000,股
2026-03-03,3711,日月光投控,1.95,54000,股
2026-03-03,3653,健策,1.83,6000,股
2026-03-03,6805,富世達,1.77,10000,股
2026-03-03,4979,華星光,1.68,36000,股
2026-03-03,6442,光聖,1.64,7000,股
2026-03-03,3324,雙鴻,0.98,9000,股
2026-03-03,8210,勤誠,0.92,10000,股
2026-03-03,2454,聯發科,0.91,5000,股
2026-03-03,8996,高力,0.84,10000,股
2026-03-03,6669,緯穎,0.83,2000,股
2026-03-03,2467,志聖,0.78,20000,股
2026-03-03,1303,南亞,0.77,90000,股
2026-03-03,3231,緯創,0.66,50000,股
2026-03-03,2327,國巨*,0.56,20000,股
2026-03-03,8358,金居,0.53,20000,股
2026-03-03,8046,南電,0.45,9000,股
2026-03-03,6257,矽格,0.34,25000,股
2026-03-03,4904,遠傳,0.0,3,股
2026-03-03,C_NTD,CASH,,12002194,元
2026-03-04,2330,台積電,22.24,111999,股
2026-03-04,3037,欣興,5.82,131001,股
2026-03-04,3017,奇鋐,5.4,29000,股
2026-03-04,2383,台光電,5.13,22000,股
2026-03-04,2360,致茂,4.71,33000,股
2026-03-04,2308,台達電,4.14,31000,股
2026-03-04,2345,智邦,4.03,29000,股
2026-03-04,6515,穎崴,3.37,7000,股
2026-03-04,5274,信驊,3.32,3600,股
2026-03-04,2313,華通,3.21,143000,股
2026-03-04,8299,群聯,3.09,17000,股
2026-03-04,6223,旺矽,2.83,10000,股
2026-03-04,2368,金像電,2.79,37000,股
2026-03-04,2449,京元電子,2.58,87000,股
2026-03-04,6510,精測,2.51,7000,股
2026-03-04,6274,台燿,2.3,44000,股
2026-03-04,7769,鴻勁,2.12,5000,股
2026-03-04,3711,日月光投控,1.88,54000,股
2026-03-04,3653,健策,1.84,6000,股
2026-03-04,6805,富世達,1.75,10000,股
2026-03-04,4979,華星光,1.6,36000,股
2026-03-04,6442,光聖,1.57,7000,股
2026-03-04,8210,勤誠,0.94,10000,股
2026-03-04,3324,雙鴻,0.93,9000,股
2026-03-04,2454,聯發科,0.92,5000,股
2026-03-04,6669,緯穎,0.83,2000,股
2026-03-04,8996,高力,0.8,10000,股
2026-03-04,2467,志聖,0.78,20000,股
2026-03-04,1303,南亞,0.76,90000,股
2026-03-04,3231,緯創,0.67,50000,股
2026-03-04,8358,金居,0.56,20000,股
2026-03-04,2327,國巨*,0.55,20000,股
2026-03-04,8046,南電,0.43,9000,股
2026-03-04,6257,矽格,0.34,25000,股
2026-03-04,4904,遠傳,0.0,3,股
2026-03-04,C_NTD,CASH,,24898443,元
2026-03-05,2330,台積電,21.68,111999,股
2026-03-05,3037,欣興,6.01,131001,股
2026-03-05,3017,奇鋐,5.38,29000,股
2026-03-05,2383,台光電,5.31,22000,股
2026-03-05,2360,致茂,4.73,33000,股
2026-03-05,2308,台達電,4.22,31000,股
2026-03-05,2345,智邦,4.2,29000,股
2026-03-05,5274,信驊,3.5,3600,股
2026-03-05,6515,穎崴,3.41,7000,股
2026-03-05,8299,群聯,3.12,17000,股
2026-03-05,6223,旺矽,2.9,10000,股
2026-03-05,2368,金像電,2.78,37000,股
2026-03-05,2449,京元電子,2.62,87000,股
2026-03-05,6510,精測,2.57,7000,股
2026-03-05,6274,台燿,2.27,44000,股
2026-03-05,7769,鴻勁,2.17,5000,股
2026-03-05,3711,日月光投控,1.95,54000,股
2026-03-05,2313,華通,1.94,93000,股
2026-03-05,3653,健策,1.92,6000,股
2026-03-05,6805,富世達,1.75,10000,股
2026-03-05,4979,華星光,1.47,36000,股
2026-03-05,6442,光聖,1.42,7000,股
2026-03-05,6669,緯穎,1.29,3000,股
2026-03-05,8210,勤誠,0.95,10000,股
2026-03-05,2454,聯發科,0.91,5000,股
2026-03-05,2467,志聖,0.82,20000,股
2026-03-05,8996,高力,0.79,10000,股
2026-03-05,1303,南亞,0.76,90000,股
2026-03-05,3231,緯創,0.66,50000,股
2026-03-05,2327,國巨*,0.55,20000,股
2026-03-05,8358,金居,0.52,20000,股
2026-03-05,8046,南電,0.42,9000,股
2026-03-05,3324,雙鴻,0.4,4000,股
2026-03-05,6257,矽格,0.34,25000,股
2026-03-05,4904,遠傳,0.0,3,股
2026-03-05,C_NTD,CASH,,30515660,元
2026-03-06,2330,台積電,21.52,111999,股
2026-03-06,3037,欣興,5.75,131001,股
2026-03-06,3017,奇鋐,5.44,29000,股
2026-03-06,2383,台光電,5.28,22000,股
2026-03-06,2345,智邦,4.76,32000,股
2026-03-06,2360,致茂,4.61,33000,股
2026-03-06,2308,台達電,4.16,31000,股
2026-03-06,6223,旺矽,3.92,13000,股
2026-03-06,6515,穎崴,3.73,7000,股
2026-03-06,5274,信驊,3.55,3600,股
2026-03-06,3653,健策,3.12,9000,股
2026-03-06,8299,群聯,3.06,17000,股
2026-03-06,2368,金像電,2.98,37000,股
2026-03-06,6510,精測,2.63,7000,股
2026-03-06,6805,富世達,2.62,14000,股
2026-03-06,2449,京元電子,2.52,87000,股
2026-03-06,6274,台燿,2.25,44000,股
2026-03-06,7769,鴻勁,2.14,5000,股
2026-03-06,3711,日月光投控,1.88,54000,股
2026-03-06,4979,華星光,1.39,36000,股
2026-03-06,6442,光聖,1.35,7000,股
2026-03-06,6669,緯穎,1.28,3000,股
2026-03-06,2313,華通,1.09,53000,股
2026-03-06,8210,勤誠,0.95,10000,股
2026-03-06,2454,聯發科,0.9,5000,股
2026-03-06,2467,志聖,0.8,20000,股
2026-03-06,8996,高力,0.79,10000,股
2026-03-06,1303,南亞,0.75,90000,股
2026-03-06,3231,緯創,0.66,50000,股
2026-03-06,2327,國巨*,0.54,20000,股
2026-03-06,8358,金居,0.52,20000,股
2026-03-06,8046,南電,0.43,9000,股
2026-03-06,3324,雙鴻,0.4,4000,股
2026-03-06,6257,矽格,0.33,25000,股
2026-03-06,4904,遠傳,0.0,3,股
2026-03-06,C_NTD,CASH,,30515660,元
2026-03-09,2330,台積電,21.88,111999,股
2026-03-09,3037,欣興,5.5,131001,股
2026-03-09,3017,奇鋐,5.21,29000,股
2026-03-09,2383,台光電,5.16,22000,股
2026-03-09,2345,智邦,4.77,32000,股
2026-03-09,2360,致茂,4.42,33000,股
2026-03-09,2308,台達電,4.08,31000,股
2026-03-09,6223,旺矽,3.82,13000,股
2026-03-09,6515,穎崴,3.76,7000,股
2026-03-09,5274,信驊,3.59,3600,股
2026-03-09,3653,健策,3.09,9000,股
2026-03-09,2368,金像電,3.04,37000,股
2026-03-09,2449,京元電子,2.55,87000,股
2026-03-09,6510,精測,2.52,7000,股
2026-03-09,6805,富世達,2.52,14000,股
2026-03-09,7769,鴻勁,2.12,5000,股
2026-03-09,3711,日月光投控,1.86,54000,股
2026-03-09,8299,群聯,1.73,10000,股
2026-03-09,6274,台燿,1.42,29000,股
2026-03-09,4979,華星光,1.33,36000,股
2026-03-09,6442,光聖,1.29,7000,股
2026-03-09,6669,緯穎,1.27,3000,股
2026-03-09,2313,華通,1.05,53000,股
2026-03-09,8210,勤誠,0.94,10000,股
2026-03-09,2454,聯發科,0.9,5000,股
2026-03-09,2467,志聖,0.76,20000,股
2026-03-09,8996,高力,0.76,10000,股
2026-03-09,1303,南亞,0.72,90000,股
2026-03-09,3231,緯創,0.69,50000,股
2026-03-09,8358,金居,0.5,20000,股
2026-03-09,8046,南電,0.41,9000,股
2026-03-09,6257,矽格,0.32,25000,股
2026-03-09,4904,遠傳,0.0,3,股
2026-03-09,C_NTD,CASH,,41744437,元
2026-03-10,2330,台積電,21.37,111999,股
2026-03-10,3037,欣興,5.73,131001,股
2026-03-10,2383,台光電,5.39,22000,股
2026-03-10,3017,奇鋐,5.07,29000,股
2026-03-10,2345,智邦,4.73,32000,股
2026-03-10,2360,致茂,4.63,33000,股
2026-03-10,2308,台達電,4.12,31000,股
2026-03-10,6223,旺矽,4.01,13000,股
2026-03-10,3653,健策,3.96,11000,股
2026-03-10,6515,穎崴,3.95,7000,股
2026-03-10,2368,金像電,3.87,46000,股
2026-03-10,5274,信驊,3.5,3600,股
2026-03-10,6805,富世達,3.07,17001,股
2026-03-10,6510,精測,2.86,8000,股
2026-03-10,2449,京元電子,2.63,87000,股
2026-03-10,7769,鴻勁,2.54,6000,股
2026-03-10,3711,日月光投控,1.87,54000,股
2026-03-10,8299,群聯,1.8,10000,股
2026-03-10,6274,台燿,1.4,29000,股
2026-03-10,6669,緯穎,1.22,3000,股
2026-03-10,2313,華通,1.04,53000,股
2026-03-10,8210,勤誠,0.91,10000,股
2026-03-10,2454,聯發科,0.88,5000,股
2026-03-10,8996,高力,0.79,10000,股
2026-03-10,2467,志聖,0.73,20000,股
2026-03-10,1303,南亞,0.72,90000,股
2026-03-10,6442,光聖,0.7,4000,股
2026-03-10,3231,緯創,0.67,50000,股
2026-03-10,8358,金居,0.46,20000,股
2026-03-10,8046,南電,0.4,9000,股
2026-03-10,6257,矽格,0.32,25000,股
2026-03-10,4904,遠傳,0.0,3,股
2026-03-10,C_NTD,CASH,,29333333,元
2026-03-11,2330,台積電,21.4,111999,股
2026-03-11,3037,欣興,6.01,131001,股
2026-03-11,2383,台光電,5.31,22000,股
2026-03-11,3017,奇鋐,5.31,29000,股
2026-03-11,2360,致茂,4.86,33000,股
2026-03-11,2345,智邦,4.68,32000,股
2026-03-11,2308,台達電,4.34,31500,股
2026-03-11,6223,旺矽,4.2,13000,股
2026-03-11,2368,金像電,4.07,46000,股
2026-03-11,6515,穎崴,4.07,7000,股
2026-03-11,3653,健策,3.77,11000,股
2026-03-11,5274,信驊,3.56,3600,股
2026-03-11,6805,富世達,3.12,17001,股
2026-03-11,6510,精測,2.95,8000,股
2026-03-11,2449,京元電子,2.62,87000,股
2026-03-11,7769,鴻勁,2.55,6000,股
2026-03-11,8299,群聯,1.86,10000,股
2026-03-11,3711,日月光投控,1.84,54000,股
2026-03-11,2313,華通,1.77,88000,股
2026-03-11,6669,緯穎,1.65,4000,股
2026-03-11,6274,台燿,1.39,29000,股
2026-03-11,2454,聯發科,0.87,5000,股
2026-03-11,3260,威剛,0.83,24000,股
2026-03-11,8996,高力,0.82,10000,股
2026-03-11,1303,南亞,0.73,90000,股
2026-03-11,2467,志聖,0.72,20000,股
2026-03-11,6442,光聖,0.71,4000,股
2026-03-11,3231,緯創,0.65,50000,股
2026-03-11,6257,矽格,0.58,45000,股
2026-03-11,3665,貿聯-KY,0.49,3000,股
2026-03-11,8358,金居,0.44,20000,股
2026-03-11,8046,南電,0.42,9000,股
2026-03-11,2408,南亞科,0.4,16000,股
2026-03-11,4904,遠傳,0.0,3,股
2026-03-11,C_NTD,CASH,,55802702,元
2026-03-12,2330,台積電,20.68,111999,股
2026-03-12,3037,欣興,6.16,131001,股
2026-03-12,2383,台光電,5.6,22000,股
2026-03-12,3017,奇鋐,5.6,30500,股
2026-03-12,6515,穎崴,5.02,8100,股
2026-03-12,2360,致茂,4.83,33000,股
2026-03-12,2345,智邦,4.72,32000,股
2026-03-12,6223,旺矽,4.59,13000,股
2026-03-12,2308,台達電,4.23,31500,股
2026-03-12,2368,金像電,4.1,46000,股
2026-03-12,3653,健策,3.7,11000,股
2026-03-12,5274,信驊,3.7,3600,股
2026-03-12,6510,精測,3.14,8000,股
2026-03-12,6805,富世達,3.06,17001,股
2026-03-12,2449,京元電子,2.56,87000,股
2026-03-12,7769,鴻勁,2.54,6000,股
2026-03-12,3711,日月光投控,1.77,54000,股
2026-03-12,8299,群聯,1.77,10000,股
2026-03-12,2313,華通,1.72,88000,股
2026-03-12,6669,緯穎,1.6,4000,股
2026-03-12,6274,台燿,1.06,24000,股
2026-03-12,8996,高力,0.9,10000,股
2026-03-12,2454,聯發科,0.87,5000,股
2026-03-12,3260,威剛,0.82,24000,股
2026-03-12,2467,志聖,0.71,20000,股
2026-03-12,6442,光聖,0.66,4000,股
2026-03-12,3231,緯創,0.65,50000,股
2026-03-12,6257,矽格,0.57,45000,股
2026-03-12,3665,貿聯-KY,0.48,3000,股
2026-03-12,8358,金居,0.45,20000,股
2026-03-12,8046,南電,0.41,9000,股
2026-03-12,2408,南亞科,0.38,16000,股
2026-03-12,4904,遠傳,0.0,3,股
2026-03-12,C_NTD,CASH,,45183708,元
2026-03-13,2330,台積電,19.95,108999,股
2026-03-13,3037,欣興,6.53,131001,股
2026-03-13,2383,台光電,5.84,22000,股
2026-03-13,3017,奇鋐,5.58,30500,股
2026-03-13,6515,穎崴,5.0,8100,股
2026-03-13,2360,致茂,4.95,33000,股
2026-03-13,6223,旺矽,4.53,13000,股
2026-03-13,2345,智邦,4.46,32000,股
2026-03-13,2308,台達電,4.28,31500,股
2026-03-13,2368,金像電,4.22,46000,股
2026-03-13,5274,信驊,3.71,3600,股
2026-03-13,6510,精測,3.03,8000,股
2026-03-13,6805,富世達,2.93,17001,股
2026-03-13,3653,健策,2.87,9000,股
2026-03-13,2449,京元電子,2.52,87000,股
2026-03-13,7769,鴻勁,2.33,6000,股
2026-03-13,2313,華通,1.83,88000,股
2026-03-13,3711,日月光投控,1.81,54000,股
2026-03-13,6669,緯穎,1.6,4000,股
2026-03-13,8299,群聯,1.41,8000,股
2026-03-13,6274,台燿,1.17,24000,股
2026-03-13,8996,高力,0.88,10000,股
2026-03-13,3260,威剛,0.85,24000,股
2026-03-13,2467,志聖,0.71,20000,股
2026-03-13,3231,緯創,0.66,50000,股
2026-03-13,6442,光聖,0.66,4000,股
2026-03-13,6257,矽格,0.58,45000,股
2026-03-13,3665,貿聯-KY,0.47,3000,股
2026-03-13,8358,金居,0.47,20000,股
2026-03-13,8046,南電,0.45,9000,股
2026-03-13,2408,南亞科,0.37,16000,股
2026-03-13,2454,聯發科,0.17,1000,股
2026-03-13,4904,遠傳,0.0,3,股
2026-03-13,C_NTD,CASH,,10282497,元
2026-03-16,2330,台積電,19.41,106999,股
2026-03-16,3037,欣興,7.07,131001,股
2026-03-16,2383,台光電,5.59,22000,股
2026-03-16,3017,奇鋐,5.49,30500,股
2026-03-16,6515,穎崴,4.91,8100,股
2026-03-16,2360,致茂,4.7,33000,股
2026-03-16,6223,旺矽,4.56,13000,股
2026-03-16,2345,智邦,4.37,32000,股
2026-03-16,2308,台達電,4.21,31500,股
2026-03-16,2368,金像電,4.11,46000,股
2026-03-16,5274,信驊,3.64,3600,股
2026-03-16,3653,健策,3.0,9000,股
2026-03-16,6510,精測,2.94,8000,股
2026-03-16,6805,富世達,2.93,17001,股
2026-03-16,2449,京元電子,2.46,87000,股
2026-03-16,8046,南電,2.17,39000,股
2026-03-16,2313,華通,1.91,88000,股
2026-03-16,3711,日月光投控,1.79,54000,股
2026-03-16,3260,威剛,1.71,44000,股
2026-03-16,6669,緯穎,1.58,4000,股
2026-03-16,8299,群聯,1.56,8000,股
2026-03-16,7769,鴻勁,1.2,3000,股
2026-03-16,6274,台燿,1.19,24000,股
2026-03-16,3665,貿聯-KY,1.13,7000,股
2026-03-16,8996,高力,0.91,10000,股
2026-03-16,2408,南亞科,0.82,32000,股
2026-03-16,2467,志聖,0.74,20000,股
2026-03-16,6442,光聖,0.68,4000,股
2026-03-16,3231,緯創,0.66,50000,股
2026-03-16,6257,矽格,0.58,45000,股
2026-03-16,8358,金居,0.49,20000,股
2026-03-16,2454,聯發科,0.17,1000,股
2026-03-16,4904,遠傳,0.0,3,股
2026-03-16,C_NTD,CASH,,9733663,元
2026-03-17,2330,台積電,19.16,106999,股
2026-03-17,3037,欣興,6.81,131001,股
2026-03-17,2383,台光電,5.68,22000,股
2026-03-17,3017,奇鋐,5.56,30500,股
2026-03-17,6515,穎崴,5.13,8100,股
2026-03-17,2360,致茂,4.64,33000,股
2026-03-17,2345,智邦,4.46,32000,股
2026-03-17,6223,旺矽,4.45,13000,股
2026-03-17,2308,台達電,4.34,31500,股
2026-03-17,2368,金像電,4.04,46000,股
2026-03-17,5274,信驊,3.9,3600,股
2026-03-17,3653,健策,3.21,9000,股
2026-03-17,6510,精測,2.89,8000,股
2026-03-17,6805,富世達,2.84,17001,股
2026-03-17,2449,京元電子,2.45,87000,股
2026-03-17,3665,貿聯-KY,2.16,13000,股
2026-03-17,8046,南電,2.03,39000,股
2026-03-17,2313,華通,1.99,88000,股
2026-03-17,3260,威剛,1.83,44000,股
2026-03-17,3711,日月光投控,1.77,54000,股
2026-03-17,2408,南亞科,1.61,62000,股
2026-03-17,8299,群聯,1.49,8000,股
2026-03-17,7769,鴻勁,1.21,3000,股
2026-03-17,6274,台燿,1.16,24000,股
2026-03-17,8996,高力,0.88,10000,股
2026-03-17,2467,志聖,0.72,20000,股
2026-03-17,6442,光聖,0.65,4000,股
2026-03-17,6257,矽格,0.57,45000,股
2026-03-17,8358,金居,0.5,20000,股
2026-03-17,3324,雙鴻,0.4,4000,股
2026-03-17,2454,聯發科,0.17,1000,股
2026-03-17,4904,遠傳,0.0,3,股
2026-03-17,C_NTD,CASH,,32459686,元
2026-03-18,2330,台積電,17.83,104999,股
2026-03-18,3037,欣興,6.78,131001,股
2026-03-18,6515,穎崴,5.22,8100,股
2026-03-18,2383,台光電,5.06,21000,股
2026-03-18,3017,奇鋐,5.03,30500,股
2026-03-18,2360,致茂,4.61,33000,股
2026-03-18,2345,智邦,4.57,32000,股
2026-03-18,6223,旺矽,4.33,13000,股
2026-03-18,2308,台達電,3.99,30500,股
2026-03-18,5274,信驊,3.97,3600,股
2026-03-18,3653,健策,3.91,11000,股
2026-03-18,2368,金像電,3.52,43000,股
2026-03-18,6805,富世達,2.79,17001,股
2026-03-18,6510,精測,2.67,8000,股
2026-03-18,2449,京元電子,2.51,87000,股
2026-03-18,8046,南電,1.97,39000,股
2026-03-18,3665,貿聯-KY,1.96,13000,股
2026-03-18,3260,威剛,1.87,44000,股
2026-03-18,2313,華通,1.81,88000,股
2026-03-18,3711,日月光投控,1.72,54000,股
2026-03-18,2408,南亞科,1.53,62000,股
2026-03-18,8299,群聯,1.41,8000,股
2026-03-18,7769,鴻勁,1.17,3000,股
2026-03-18,6274,台燿,1.14,24000,股
2026-03-18,8996,高力,0.85,10000,股
2026-03-18,2467,志聖,0.72,20000,股
2026-03-18,6442,光聖,0.66,4000,股
2026-03-18,6257,矽格,0.55,45000,股
2026-03-18,8358,金居,0.49,20000,股
2026-03-18,3661,世芯-KY,0.44,1500,股
2026-03-18,3324,雙鴻,0.37,4000,股
2026-03-18,6488,環球晶,0.34,8000,股
2026-03-18,4904,遠傳,0.0,3,股
2026-03-18,C_NTD,CASH,,13549826,元
2026-03-19,2330,台積電,14.34,102999,股
2026-03-19,3037,欣興,5.73,131001,股
2026-03-19,6223,旺矽,4.97,18000,股
2026-03-19,2345,智邦,4.79,40000,股
2026-03-19,3017,奇鋐,4.63,30500,股
2026-03-19,2383,台光電,4.57,21000,股
2026-03-19,2360,致茂,4.56,38000,股
2026-03-19,6515,穎崴,4.4,8100,股
2026-03-19,6805,富世達,4.31,29001,股
2026-03-19,2308,台達電,3.34,30499,股
2026-03-19,5274,信驊,3.26,3600,股
2026-03-19,2368,金像電,3.25,43000,股
2026-03-19,3653,健策,3.23,11000,股
2026-03-19,2449,京元電子,2.9,122000,股
2026-03-19,6510,精測,2.67,10000,股
2026-03-19,6274,台燿,2.24,51000,股
2026-03-19,2059,川湖,1.88,7000,股
2026-03-19,3443,創意,1.77,9000,股
2026-03-19,3260,威剛,1.74,44000,股
2026-03-19,3665,貿聯-KY,1.68,13000,股
2026-03-19,8046,南電,1.65,39000,股
2026-03-19,3324,雙鴻,1.61,20000,股
2026-03-19,2313,華通,1.48,88000,股
2026-03-19,3711,日月光投控,1.38,53000,股
2026-03-19,2408,南亞科,1.21,62000,股
2026-03-19,8299,群聯,1.18,8000,股
2026-03-19,7769,鴻勁,0.94,2999,股
2026-03-19,6488,環球晶,0.82,23000,股
2026-03-19,8996,高力,0.72,10000,股
2026-03-19,6442,光聖,0.58,4000,股
2026-03-19,2467,志聖,0.56,20000,股
2026-03-19,6257,矽格,0.46,45000,股
2026-03-19,3105,穩懋,0.43,16000,股
2026-03-19,8358,金居,0.4,20000,股
2026-03-19,3661,世芯-KY,0.36,1500,股
2026-03-19,4904,遠傳,0.0,3,股
2026-03-19,C_NTD,CASH,,51085784,元
2026-03-20,2330,台積電,11.81,102999,股
2026-03-20,3017,奇鋐,5.31,41500,股
2026-03-20,6223,旺矽,5.3,22000,股
2026-03-20,2345,智邦,5.22,52000,股
2026-03-20,3037,欣興,4.53,131001,股
2026-03-20,6515,穎崴,4.5,9100,股
2026-03-20,2360,致茂,3.76,38000,股
2026-03-20,2383,台光電,3.68,21000,股
2026-03-20,6805,富世達,3.62,29001,股
2026-03-20,3653,健策,3.36,14000,股
2026-03-20,2308,台達電,2.81,30499,股
2026-03-20,2368,金像電,2.65,43000,股
2026-03-20,5274,信驊,2.64,3600,股
2026-03-20,3665,貿聯-KY,2.62,23000,股
2026-03-20,2449,京元電子,2.35,122000,股
2026-03-20,6510,精測,2.25,10000,股
2026-03-20,6274,台燿,1.76,51000,股
2026-03-20,3661,世芯-KY,1.58,7500,股
2026-03-20,2059,川湖,1.49,7000,股
2026-03-20,3443,創意,1.49,9000,股
2026-03-20,3324,雙鴻,1.33,20000,股
2026-03-20,8046,南電,1.32,39000,股
2026-03-20,3260,威剛,1.26,44000,股
2026-03-20,2313,華通,1.22,88000,股
2026-03-20,3711,日月光投控,1.14,53000,股
2026-03-20,4979,華星光,0.91,36000,股
2026-03-20,7769,鴻勁,0.77,2999,股
2026-03-20,3105,穩懋,0.73,34000,股
2026-03-20,6488,環球晶,0.67,23000,股
2026-03-20,6257,矽格,0.66,80000,股
2026-03-20,8996,高力,0.57,10000,股
2026-03-20,6442,光聖,0.51,4000,股
2026-03-20,2467,志聖,0.46,20000,股
2026-03-20,8358,金居,0.31,20000,股
2026-03-20,4904,遠傳,0.0,3,股
2026-03-20,C_NTD,CASH,,250061036,元
2026-03-23,2330,台積電,11.98,102999,股
2026-03-23,3017,奇鋐,5.33,41500,股
2026-03-23,6223,旺矽,5.26,22000,股
2026-03-23,2345,智邦,5.24,52000,股
2026-03-23,2383,台光電,4.86,27000,股
2026-03-23,6515,穎崴,4.62,9100,股
2026-03-23,3037,欣興,3.92,122001,股
2026-03-23,2360,致茂,3.72,38000,股
2026-03-23,6805,富世達,3.48,29001,股
2026-03-23,3653,健策,3.47,14000,股
2026-03-23,2308,台達電,2.68,29499,股
2026-03-23,2368,金像電,2.66,43000,股
2026-03-23,5274,信驊,2.66,3600,股
2026-03-23,3665,貿聯-KY,2.62,23000,股
2026-03-23,2449,京元電子,2.25,122000,股
2026-03-23,6510,精測,2.2,10000,股
2026-03-23,6274,台燿,1.77,51000,股
2026-03-23,3661,世芯-KY,1.54,7500,股
2026-03-23,2059,川湖,1.53,7000,股
2026-03-23,3443,創意,1.5,9000,股
2026-03-23,8046,南電,1.34,39000,股
2026-03-23,3324,雙鴻,1.29,20000,股
2026-03-23,2313,華通,1.22,88000,股
2026-03-23,3260,威剛,1.17,44000,股
2026-03-23,4979,華星光,0.88,36000,股
2026-03-23,3711,日月光投控,0.81,38000,股
2026-03-23,7769,鴻勁,0.76,2999,股
2026-03-23,3105,穩懋,0.69,34000,股
2026-03-23,6257,矽格,0.65,80000,股
2026-03-23,6488,環球晶,0.65,23000,股
2026-03-23,8996,高力,0.53,10000,股
2026-03-23,6442,光聖,0.48,4000,股
2026-03-23,2467,志聖,0.46,20000,股
2026-03-23,5536,聖暉*,0.37,8000,股
2026-03-23,4904,遠傳,0.0,3,股
2026-03-23,C_NTD,CASH,,357386225,元
2026-03-24,2330,台積電,15.67,131999,股
2026-03-24,3017,奇鋐,5.28,41500,股
2026-03-24,6223,旺矽,5.28,22000,股
2026-03-24,2345,智邦,5.22,52000,股
2026-03-24,6515,穎崴,4.88,9100,股
2026-03-24,2383,台光電,4.74,27000,股
2026-03-24,3653,健策,4.65,18000,股
2026-03-24,2360,致茂,3.68,38000,股
2026-03-24,3037,欣興,3.67,122001,股
2026-03-24,6805,富世達,3.48,29001,股
2026-03-24,2308,台達電,2.73,29499,股
2026-03-24,6274,台燿,2.62,74000,股
2026-03-24,3665,貿聯-KY,2.6,23000,股
2026-03-24,5274,信驊,2.57,3600,股
2026-03-24,2368,金像電,2.5,43000,股
2026-03-24,2449,京元電子,2.22,122000,股
2026-03-24,6510,精測,2.09,10000,股
2026-03-24,2059,川湖,1.61,7000,股
2026-03-24,3661,世芯-KY,1.53,7500,股
2026-03-24,3443,創意,1.48,9000,股
2026-03-24,3324,雙鴻,1.32,20000,股
2026-03-24,8046,南電,1.25,39000,股
2026-03-24,2313,華通,1.21,88000,股
2026-03-24,3260,威剛,1.11,44000,股
2026-03-24,2467,志聖,0.96,40000,股
2026-03-24,4979,華星光,0.91,36000,股
2026-03-24,6442,光聖,0.89,7000,股
2026-03-24,3711,日月光投控,0.83,38000,股
2026-03-24,5536,聖暉*,0.83,17000,股
2026-03-24,3105,穩懋,0.7,34000,股
2026-03-24,6257,矽格,0.66,80000,股
2026-03-24,6488,環球晶,0.34,12000,股
2026-03-24,4904,遠傳,0.0,3,股
2026-03-24,C_NTD,CASH,,245798090,元
2026-03-25,2330,台積電,16.51,136999,股
2026-03-25,2345,智邦,6.16,56000,股
2026-03-25,2383,台光電,5.94,32000,股
2026-03-25,3017,奇鋐,5.69,41500,股
2026-03-25,6223,旺矽,5.38,22000,股
2026-03-25,6515,穎崴,5.02,9100,股
2026-03-25,3653,健策,4.63,18000,股
2026-03-25,2360,致茂,4.03,38000,股
2026-03-25,3037,欣興,4.03,122001,股
2026-03-25,2368,金像電,3.61,60000,股
2026-03-25,6805,富世達,3.61,29001,股
2026-03-25,5274,信驊,3.45,4600,股
2026-03-25,2308,台達電,2.98,29499,股
2026-03-25,6274,台燿,2.8,74000,股
2026-03-25,3665,貿聯-KY,2.71,23000,股
2026-03-25,2449,京元電子,2.3,122000,股
2026-03-25,8046,南電,1.9,54000,股
2026-03-25,6510,精測,1.88,9000,股
2026-03-25,2059,川湖,1.65,7000,股
2026-03-25,2467,志聖,1.56,59000,股
2026-03-25,3661,世芯-KY,1.54,7500,股
2026-03-25,5536,聖暉*,1.41,27000,股
2026-03-25,2313,華通,1.32,88000,股
2026-03-25,3260,威剛,1.16,44000,股
2026-03-25,4979,華星光,1.0,36000,股
2026-03-25,6442,光聖,0.97,7000,股
2026-03-25,3324,雙鴻,0.95,14000,股
2026-03-25,3711,日月光投控,0.87,38000,股
2026-03-25,3105,穩懋,0.76,34000,股
2026-03-25,6257,矽格,0.72,80000,股
2026-03-25,3443,創意,0.01,50,股
2026-03-25,4904,遠傳,0.0,3,股
2026-03-25,C_NTD,CASH,,238321505,元
2026-03-26,2330,台積電,16.44,136999,股
2026-03-26,3017,奇鋐,6.15,41500,股
2026-03-26,2383,台光電,6.14,32000,股
2026-03-26,2345,智邦,6.11,56000,股
2026-03-26,6223,旺矽,5.24,22000,股
2026-03-26,6515,穎崴,4.83,9100,股
2026-03-26,3653,健策,4.62,18000,股
2026-03-26,2360,致茂,4.38,41000,股
2026-03-26,3037,欣興,3.99,122001,股
2026-03-26,6805,富世達,3.6,29001,股
2026-03-26,2368,金像電,3.59,60000,股
2026-03-26,5274,信驊,3.46,4600,股
2026-03-26,6274,台燿,3.16,80000,股
2026-03-26,3665,貿聯-KY,3.07,26000,股
2026-03-26,2308,台達電,2.91,29499,股
2026-03-26,8046,南電,2.45,66000,股
2026-03-26,2449,京元電子,2.29,122000,股
2026-03-26,2313,華通,1.76,110000,股
2026-03-26,2059,川湖,1.65,7000,股
2026-03-26,6442,光聖,1.63,12000,股
2026-03-26,6510,精測,1.6,8000,股
2026-03-26,2467,志聖,1.59,59000,股
2026-03-26,3661,世芯-KY,1.5,7500,股
2026-03-26,5536,聖暉*,1.32,27000,股
2026-03-26,3711,日月光投控,1.19,51000,股
2026-03-26,3105,穩懋,1.03,44000,股
2026-03-26,4979,華星光,0.96,36000,股
2026-03-26,6257,矽格,0.76,80000,股
2026-03-26,3260,威剛,0.34,14000,股
2026-03-26,3324,雙鴻,0.19,3000,股
2026-03-26,3443,創意,0.01,50,股
2026-03-26,4904,遠傳,0.0,3,股
2026-03-26,C_NTD,CASH,,159339383,元
2026-03-27,2330,台積電,16.25,136999,股
2026-03-27,2383,台光電,6.08,32000,股
2026-03-27,2345,智邦,6.05,56000,股
2026-03-27,3017,奇鋐,5.95,41500,股
2026-03-27,6223,旺矽,5.26,22000,股
2026-03-27,3653,健策,4.75,18000,股
2026-03-27,6515,穎崴,4.7,9100,股
2026-03-27,2360,致茂,4.32,41000,股
2026-03-27,3037,欣興,4.02,122001,股
2026-03-27,2368,金像電,3.62,60000,股
2026-03-27,6805,富世達,3.61,29001,股
2026-03-27,5274,信驊,3.47,4600,股
2026-03-27,6274,台燿,3.27,80000,股
2026-03-27,3665,貿聯-KY,3.16,26000,股
2026-03-27,2308,台達電,2.91,29499,股
2026-03-27,8046,南電,2.42,66000,股
2026-03-27,2449,京元電子,2.22,122000,股
2026-03-27,2313,華通,1.94,110000,股
2026-03-27,6510,精測,1.69,8000,股
2026-03-27,6442,光聖,1.66,12000,股
2026-03-27,2059,川湖,1.65,7000,股
2026-03-27,2467,志聖,1.6,59000,股
2026-03-27,3661,世芯-KY,1.49,7500,股
2026-03-27,5536,聖暉*,1.33,27000,股
2026-03-27,3711,日月光投控,1.18,51000,股
2026-03-27,3105,穩懋,1.1,44000,股
2026-03-27,4979,華星光,0.93,36000,股
2026-03-27,6257,矽格,0.76,80000,股
2026-03-27,3260,威剛,0.36,14000,股
2026-03-27,3324,雙鴻,0.19,3000,股
2026-03-27,3443,創意,0.01,50,股
2026-03-27,4904,遠傳,0.0,3,股
2026-03-27,C_NTD,CASH,,51914219,元
2026-03-30,2330,台積電,16.22,136999,股
2026-03-30,2345,智邦,6.09,56000,股
2026-03-30,2383,台光電,5.93,32000,股
2026-03-30,3017,奇鋐,5.9,41500,股
2026-03-30,6223,旺矽,5.47,22000,股
2026-03-30,3653,健策,4.66,18000,股
2026-03-30,6515,穎崴,4.65,9100,股
2026-03-30,2360,致茂,4.43,41000,股
2026-03-30,3037,欣興,4.01,122001,股
2026-03-30,2368,金像電,3.59,60000,股
2026-03-30,5274,信驊,3.43,4600,股
2026-03-30,3665,貿聯-KY,3.25,26000,股
2026-03-30,6274,台燿,3.2,80000,股
2026-03-30,2308,台達電,2.92,29499,股
2026-03-30,6805,富世達,2.56,21001,股
2026-03-30,8046,南電,2.55,66000,股
2026-03-30,2449,京元電子,2.21,122000,股
2026-03-30,2313,華通,1.93,110000,股
2026-03-30,6510,精測,1.77,8000,股
2026-03-30,6442,光聖,1.68,12000,股
2026-03-30,2467,志聖,1.59,59000,股
2026-03-30,5536,聖暉*,1.33,27000,股
2026-03-30,3711,日月光投控,1.2,51000,股
2026-03-30,3105,穩懋,1.14,44000,股
2026-03-30,4979,華星光,0.91,36000,股
2026-03-30,6257,矽格,0.79,80000,股
2026-03-30,3260,威剛,0.34,14000,股
2026-03-30,2059,川湖,0.01,50,股
2026-03-30,3443,創意,0.01,50,股
2026-03-30,2412,中華電,0.0,1,股
2026-03-30,4904,遠傳,0.0,3,股
2026-03-30,C_NTD,CASH,,30434433,元
2026-03-31,2330,台積電,16.56,136999,股
2026-03-31,2345,智邦,5.81,56000,股
2026-03-31,2383,台光電,5.72,32000,股
2026-03-31,3017,奇鋐,5.68,41500,股
2026-03-31,6223,旺矽,5.44,22000,股
2026-03-31,3653,健策,4.69,18000,股
2026-03-31,6515,穎崴,4.47,9100,股
2026-03-31,3037,欣興,3.73,122001,股
2026-03-31,2368,金像電,3.55,60000,股
2026-03-31,2360,致茂,3.42,34000,股
2026-03-31,5274,信驊,3.38,4600,股
2026-03-31,6274,台燿,3.13,80000,股
2026-03-31,3665,貿聯-KY,3.11,26000,股
2026-03-31,2308,台達電,2.8,29499,股
2026-03-31,6805,富世達,2.53,21001,股
2026-03-31,8046,南電,2.37,66000,股
2026-03-31,2449,京元電子,2.19,122000,股
2026-03-31,2313,華通,1.87,110000,股
2026-03-31,2467,志聖,1.64,59000,股
2026-03-31,6442,光聖,1.57,12000,股
2026-03-31,5536,聖暉*,1.28,27000,股
2026-03-31,3711,日月光投控,1.15,51000,股
2026-03-31,3105,穩懋,1.06,44000,股
2026-03-31,6510,精測,1.06,5000,股
2026-03-31,6257,矽格,0.98,95000,股
2026-03-31,4979,華星光,0.84,36000,股
2026-03-31,3260,威剛,0.02,1000,股
2026-03-31,3443,創意,0.01,50,股
2026-03-31,2412,中華電,0.0,1,股
2026-03-31,3045,台灣大,0.0,1,股
2026-03-31,4904,遠傳,0.0,3,股
2026-03-31,C_NTD,CASH,,30434433,元
2026-04-01,2330,台積電,18.21,149999,股
2026-04-01,2345,智邦,6.09,56000,股
2026-04-01,2383,台光電,6.0,32000,股
2026-04-01,3017,奇鋐,5.74,41500,股
2026-04-01,6223,旺矽,5.69,22000,股
2026-04-01,3653,健策,4.66,18000,股
2026-04-01,2308,台達電,4.4,45499,股
2026-04-01,6515,穎崴,4.35,9100,股
2026-04-01,3037,欣興,3.9,122001,股
2026-04-01,3665,貿聯-KY,3.75,30000,股
2026-04-01,2368,金像電,3.72,60000,股
2026-04-01,2360,致茂,3.59,34000,股
2026-04-01,5274,信驊,3.41,4600,股
2026-04-01,6274,台燿,3.27,80000,股
2026-04-01,8046,南電,2.78,74000,股
2026-04-01,6805,富世達,2.65,21001,股
2026-04-01,2449,京元電子,2.24,122000,股
2026-04-01,2313,華通,2.18,125000,股
2026-04-01,3711,日月光投控,1.75,74000,股
2026-04-01,6442,光聖,1.6,12000,股
2026-04-01,2467,志聖,1.54,59000,股
2026-04-01,5536,聖暉*,1.27,27000,股
2026-04-01,6510,精測,1.1,5000,股
2026-04-01,3105,穩懋,1.09,44000,股
2026-04-01,6257,矽格,0.97,95000,股
2026-04-01,4979,華星光,0.89,36000,股
2026-04-01,3260,威剛,0.02,1000,股
2026-04-01,3443,創意,0.01,50,股
2026-04-01,2412,中華電,0.0,1,股
2026-04-01,3045,台灣大,0.0,1,股
2026-04-01,4904,遠傳,0.0,3,股
2026-04-01,C_NTD,CASH,,122163110,元
2026-04-02,2330,台積電,18.27,149999,股
2026-04-02,2383,台光電,5.99,32000,股
2026-04-02,2345,智邦,5.98,56000,股
2026-04-02,3017,奇鋐,5.77,41500,股
2026-04-02,6223,旺矽,5.57,22000,股
2026-04-02,3037,欣興,4.6,132001,股
2026-04-02,3653,健策,4.49,18000,股
2026-04-02,2308,台達電,4.37,45499,股
2026-04-02,3665,貿聯-KY,3.86,30000,股
2026-04-02,2368,金像電,3.65,60000,股
2026-04-02,5274,信驊,3.61,4600,股
2026-04-02,6515,穎崴,3.6,8100,股
2026-04-02,2360,致茂,3.51,34000,股
2026-04-02,6274,台燿,3.34,80000,股
2026-04-02,8046,南電,2.82,74000,股
2026-04-02,6805,富世達,2.66,21001,股
2026-04-02,2313,華通,2.18,125000,股
2026-04-02,3711,日月光投控,1.8,74000,股
2026-04-02,2449,京元電子,1.74,100000,股
2026-04-02,6442,光聖,1.61,12000,股
2026-04-02,2467,志聖,1.55,59000,股
2026-04-02,3105,穩懋,1.42,56000,股
2026-04-02,5536,聖暉*,1.27,27000,股
2026-04-02,6510,精測,1.06,5000,股
2026-04-02,6257,矽格,0.96,95000,股
2026-04-02,4979,華星光,0.93,36000,股
2026-04-02,6239,力成,0.34,25000,股
2026-04-02,3260,威剛,0.02,1000,股
2026-04-02,3443,創意,0.01,50,股
2026-04-02,2412,中華電,0.0,1,股
2026-04-02,3045,台灣大,0.0,1,股
2026-04-02,4904,遠傳,0.0,3,股
2026-04-02,C_NTD,CASH,,143123318,元
2026-04-07,2330,台積電,18.38,149999,股
2026-04-07,2383,台光電,6.08,32000,股
2026-04-07,2345,智邦,5.96,56000,股
2026-04-07,6223,旺矽,5.68,22000,股
2026-04-07,3017,奇鋐,5.55,41500,股
2026-04-07,3037,欣興,5.28,142001,股
2026-04-07,2308,台達電,4.54,45499,股
2026-04-07,3653,健策,4.46,18000,股
2026-04-07,6274,台燿,4.01,89000,股
2026-04-07,3665,貿聯-KY,3.93,30000,股
2026-04-07,6515,穎崴,3.79,8100,股
2026-04-07,2368,金像電,3.67,60000,股
2026-04-07,2360,致茂,3.52,34000,股
2026-04-07,5274,信驊,3.48,4600,股
2026-04-07,8046,南電,3.04,74000,股
2026-04-07,2313,華通,2.27,125000,股
2026-04-07,6805,富世達,2.19,18001,股
2026-04-07,6442,光聖,1.8,13000,股
2026-04-07,2449,京元電子,1.77,100000,股
2026-04-07,3711,日月光投控,1.72,74000,股
2026-04-07,2467,志聖,1.59,59000,股
2026-04-07,3105,穩懋,1.5,56000,股
2026-04-07,6510,精測,1.1,5000,股
2026-04-07,6257,矽格,0.97,95000,股
2026-04-07,4979,華星光,0.96,36000,股
2026-04-07,3491,昇達科,0.54,5000,股
2026-04-07,3081,聯亞,0.53,4000,股
2026-04-07,5536,聖暉*,0.32,7000,股
2026-04-07,6239,力成,0.32,25000,股
2026-04-07,2481,強茂,0.31,45000,股
2026-04-07,3260,威剛,0.02,1000,股
2026-04-07,3443,創意,0.01,50,股
2026-04-07,2412,中華電,0.0,1,股
2026-04-07,3045,台灣大,0.0,1,股
2026-04-07,4904,遠傳,0.0,3,股
2026-04-07,C_NTD,CASH,,46253334,元
2026-04-08,2330,台積電,18.07,149999,股
2026-04-08,2383,台光電,6.26,32000,股
2026-04-08,2345,智邦,5.91,56000,股
2026-04-08,3017,奇鋐,5.85,42500,股
2026-04-08,6223,旺矽,5.85,22001,股
2026-04-08,3037,欣興,5.43,142001,股
2026-04-08,2308,台達電,4.78,46499,股
2026-04-08,3653,健策,4.45,18001,股
2026-04-08,6274,台燿,3.98,89000,股
2026-04-08,6515,穎崴,3.9,8100,股
2026-04-08,3665,貿聯-KY,3.73,30000,股
2026-04-08,2368,金像電,3.69,60000,股
2026-04-08,2360,致茂,3.62,34000,股
2026-04-08,5274,信驊,3.58,4600,股
2026-04-08,8046,南電,2.91,74000,股
2026-04-08,2313,華通,2.11,125000,股
2026-04-08,6805,富世達,2.1,18001,股
2026-04-08,3711,日月光投控,1.75,74002,股
2026-04-08,6442,光聖,1.74,13000,股
2026-04-08,2449,京元電子,1.73,100000,股
2026-04-08,2467,志聖,1.63,59000,股
2026-04-08,3105,穩懋,1.52,56000,股
2026-04-08,6510,精測,1.06,5000,股
2026-04-08,6257,矽格,1.0,95000,股
2026-04-08,4979,華星光,0.94,36000,股
2026-04-08,3491,昇達科,0.55,5001,股
2026-04-08,3081,聯亞,0.5,4000,股
2026-04-08,6239,力成,0.33,25000,股
2026-04-08,2481,強茂,0.28,45000,股
2026-04-08,3211,順達,0.02,1000,股
2026-04-08,3260,威剛,0.02,1000,股
2026-04-08,3443,創意,0.01,50,股
2026-04-08,2412,中華電,0.0,1,股
2026-04-08,3045,台灣大,0.0,1,股
2026-04-08,4904,遠傳,0.0,3,股
2026-04-08,C_NTD,CASH,,43466449,元
2026-04-09,2330,台積電,17.05,147999,股
2026-04-09,2383,台光電,6.08,32000,股
2026-04-09,6223,旺矽,5.8,22001,股
2026-04-09,3017,奇鋐,5.6,42500,股
2026-04-09,2345,智邦,5.58,56000,股
2026-04-09,3037,欣興,5.23,142001,股
2026-04-09,3653,健策,4.88,19501,股
2026-04-09,2308,台達電,4.51,46499,股
2026-04-09,2368,金像電,4.2,65000,股
2026-04-09,6274,台燿,4.18,89000,股
2026-04-09,2360,致茂,3.91,36000,股
2026-04-09,6515,穎崴,3.82,8100,股
2026-04-09,3665,貿聯-KY,3.77,30000,股
2026-04-09,5274,信驊,3.41,4600,股
2026-04-09,8046,南電,3.2,81000,股
2026-04-09,2467,志聖,1.92,66000,股
2026-04-09,3711,日月光投控,1.71,74002,股
2026-04-09,6805,富世達,1.63,15001,股
2026-04-09,2449,京元電子,1.62,100000,股
2026-04-09,6442,光聖,1.62,13000,股
2026-04-09,3105,穩懋,1.44,56000,股
2026-04-09,2313,華通,1.24,75000,股
2026-04-09,6510,精測,1.0,5000,股
2026-04-09,6257,矽格,0.96,95000,股
2026-04-09,4979,華星光,0.91,36000,股
2026-04-09,3491,昇達科,0.52,5001,股
2026-04-09,3081,聯亞,0.5,4000,股
2026-04-09,6239,力成,0.31,25000,股
2026-04-09,2481,強茂,0.27,45000,股
2026-04-09,3211,順達,0.02,1000,股
2026-04-09,3260,威剛,0.02,1000,股
2026-04-09,3443,創意,0.01,50,股
2026-04-09,2412,中華電,0.0,1,股
2026-04-09,3045,台灣大,0.0,1,股
2026-04-09,4904,遠傳,0.0,3,股
2026-04-09,C_NTD,CASH,,10065272,元
2026-04-10,2330,台積電,16.71,147999,股
2026-04-10,2383,台光電,6.85,35500,股
2026-04-10,2345,智邦,6.42,62000,股
2026-04-10,6223,旺矽,5.73,22001,股
2026-04-10,2308,台達電,5.53,56499,股
2026-04-10,3017,奇鋐,5.43,42500,股
2026-04-10,3037,欣興,5.11,142001,股
2026-04-10,3653,健策,4.54,19501,股
2026-04-10,6274,台燿,4.06,89000,股
2026-04-10,2368,金像電,4.0,65000,股
2026-04-10,2360,致茂,3.63,36000,股
2026-04-10,6515,穎崴,3.62,8100,股
2026-04-10,3665,貿聯-KY,3.6,29000,股
2026-04-10,5274,信驊,3.26,4600,股
2026-04-10,8046,南電,3.05,81000,股
2026-04-10,3105,穩懋,2.09,80000,股
2026-04-10,2467,志聖,2.02,66000,股
2026-04-10,6442,光聖,1.71,13000,股
2026-04-10,3711,日月光投控,1.64,74002,股
2026-04-10,2449,京元電子,1.55,99000,股
2026-04-10,6805,富世達,1.37,13001,股
2026-04-10,2313,華通,1.21,75000,股
2026-04-10,6510,精測,0.98,5000,股
2026-04-10,6257,矽格,0.94,95000,股
2026-04-10,3081,聯亞,0.91,7000,股
2026-04-10,4979,華星光,0.91,36000,股
2026-04-10,3491,昇達科,0.51,5001,股
2026-04-10,2382,廣達,0.31,17000,股
2026-04-10,6239,力成,0.3,25000,股
2026-04-10,2481,強茂,0.2,35000,股
2026-04-10,3211,順達,0.02,1000,股
2026-04-10,3443,創意,0.01,50,股
2026-04-10,2412,中華電,0.0,1,股
2026-04-10,3045,台灣大,0.0,1,股
2026-04-10,4904,遠傳,0.0,3,股
2026-04-10,C_NTD,CASH,,51887070,元
2026-04-13,2330,台積電,16.08,147999,股
2026-04-13,2383,台光電,6.44,35500,股
2026-04-13,2345,智邦,6.16,62000,股
2026-04-13,6223,旺矽,5.46,22001,股
2026-04-13,2308,台達電,5.36,56499,股
2026-04-13,3017,奇鋐,5.1,42500,股
2026-04-13,3037,欣興,4.85,142001,股
2026-04-13,3653,健策,4.3,19501,股
2026-04-13,2360,致茂,4.0,39000,股
2026-04-13,6274,台燿,3.89,89000,股
2026-04-13,6515,穎崴,3.78,8100,股
2026-04-13,2368,金像電,3.74,65000,股
2026-04-13,3665,貿聯-KY,3.16,26000,股
2026-04-13,5274,信驊,3.06,4600,股
2026-04-13,8046,南電,2.9,81000,股
2026-04-13,3711,日月光投控,2.14,94002,股
2026-04-13,3105,穩懋,2.0,80000,股
2026-04-13,2467,志聖,1.98,66000,股
2026-04-13,2449,京元電子,1.59,99000,股
2026-04-13,6442,光聖,1.58,13000,股
2026-04-13,2313,華通,1.14,75000,股
2026-04-13,3443,創意,1.07,7050,股
2026-04-13,6257,矽格,0.93,95000,股
2026-04-13,4979,華星光,0.91,36000,股
2026-04-13,3081,聯亞,0.89,7000,股
2026-04-13,2327,國巨*,0.66,40000,股
2026-04-13,3491,昇達科,0.49,5001,股
2026-04-13,6510,精測,0.37,2000,股
2026-04-13,2382,廣達,0.3,17000,股
2026-04-13,6239,力成,0.3,25000,股
2026-04-13,6805,富世達,0.29,3001,股
2026-04-13,2481,強茂,0.19,35000,股
2026-04-13,3211,順達,0.02,1000,股
2026-04-13,2412,中華電,0.0,1,股
2026-04-13,3045,台灣大,0.0,1,股
2026-04-13,4904,遠傳,0.0,3,股
2026-04-13,C_NTD,CASH,,86801166,元
2026-04-14,2330,台積電,17.89,167999,股
2026-04-14,2383,台光電,6.92,37000,股
2026-04-14,2345,智邦,6.08,62000,股
2026-04-14,6223,旺矽,5.2,22001,股
2026-04-14,2308,台達電,5.13,56499,股
2026-04-14,3017,奇鋐,5.09,42500,股
2026-04-14,3037,欣興,4.4,142001,股
2026-04-14,6274,台燿,4.28,96000,股
2026-04-14,2368,金像電,4.12,69000,股
2026-04-14,3653,健策,4.05,19501,股
2026-04-14,2360,致茂,3.72,39000,股
2026-04-14,6515,穎崴,3.56,8100,股
2026-04-14,5274,信驊,3.31,4900,股
2026-04-14,3665,貿聯-KY,3.1,26000,股
2026-04-14,8046,南電,2.71,81000,股
2026-04-14,3711,日月光投控,2.07,94002,股
2026-04-14,3105,穩懋,1.9,80000,股
2026-04-14,2467,志聖,1.88,66000,股
2026-04-14,3443,創意,1.59,10050,股
2026-04-14,2449,京元電子,1.55,99000,股
2026-04-14,6442,光聖,1.4,13000,股
2026-04-14,2454,聯發科,0.98,11000,股
2026-04-14,4979,華星光,0.91,36000,股
2026-04-14,6257,矽格,0.9,95000,股
2026-04-14,3081,聯亞,0.79,7000,股
2026-04-14,2327,國巨*,0.65,40000,股
2026-04-14,2313,華通,0.6,45000,股
2026-04-14,8299,群聯,0.55,6000,股
2026-04-14,3491,昇達科,0.45,5001,股
2026-04-14,6510,精測,0.35,2000,股
2026-04-14,2382,廣達,0.28,17000,股
2026-04-14,6239,力成,0.28,25000,股
2026-04-14,6805,富世達,0.27,3001,股
2026-04-14,2412,中華電,0.0,1,股
2026-04-14,3045,台灣大,0.0,1,股
2026-04-14,4904,遠傳,0.0,3,股
2026-04-14,C_NTD,CASH,,100812152,元
2026-04-15,2330,台積電,17.46,176999,股
2026-04-15,2383,台光電,6.69,37000,股
2026-04-15,2345,智邦,5.8,62000,股
2026-04-15,2308,台達電,5.04,59499,股
2026-04-15,6223,旺矽,4.81,22001,股
2026-04-15,3017,奇鋐,4.69,42500,股
2026-04-15,2368,金像電,4.59,83000,股
2026-04-15,6274,台燿,4.31,96000,股
2026-04-15,2360,致茂,4.22,44000,股
2026-04-15,3037,欣興,4.17,142001,股
2026-04-15,5274,信驊,4.08,6200,股
2026-04-15,3653,健策,3.85,19501,股
2026-04-15,6515,穎崴,3.49,8100,股
2026-04-15,3665,貿聯-KY,2.9,26000,股
2026-04-15,8046,南電,2.74,88000,股
2026-04-15,3711,日月光投控,2.63,124002,股
2026-04-15,2454,聯發科,2.29,27000,股
2026-04-15,3105,穩懋,1.7,80000,股
2026-04-15,2467,志聖,1.6,66000,股
2026-04-15,3443,創意,1.46,10050,股
2026-04-15,2449,京元電子,1.37,99000,股
2026-04-15,6442,光聖,1.29,13000,股
2026-04-15,2327,國巨*,1.04,68000,股
2026-04-15,4979,華星光,0.91,36000,股
2026-04-15,6257,矽格,0.81,95000,股
2026-04-15,3081,聯亞,0.77,7000,股
2026-04-15,2313,華通,0.56,45000,股
2026-04-15,8299,群聯,0.46,6000,股
2026-04-15,3491,昇達科,0.41,5001,股
2026-04-15,8358,金居,0.4,25000,股
2026-04-15,6510,精測,0.34,2000,股
2026-04-15,6805,富世達,0.26,3001,股
2026-04-15,2382,廣達,0.25,17000,股
2026-04-15,2412,中華電,0.0,1,股
2026-04-15,3045,台灣大,0.0,1,股
2026-04-15,4904,遠傳,0.0,3,股
2026-04-15,C_NTD,CASH,,145780969,元
2026-04-16,2330,台積電,15.3,176999,股
2026-04-16,2383,台光電,5.87,37000,股
2026-04-16,2345,智邦,5.22,62000,股
2026-04-16,2308,台達電,4.54,59499,股
2026-04-16,6223,旺矽,4.47,22001,股
2026-04-16,3017,奇鋐,4.29,42500,股
2026-04-16,2368,金像電,4.0,83000,股
2026-04-16,6274,台燿,3.81,96000,股
2026-04-16,3037,欣興,3.79,142001,股
2026-04-16,2360,致茂,3.73,44000,股
2026-04-16,5274,信驊,3.71,6200,股
2026-04-16,3653,健策,3.53,19501,股
2026-04-16,6515,穎崴,3.29,8100,股
2026-04-16,8046,南電,2.62,88000,股
2026-04-16,3665,貿聯-KY,2.58,26000,股
2026-04-16,3711,日月光投控,2.31,124002,股
2026-04-16,2454,聯發科,2.12,27000,股
2026-04-16,3105,穩懋,1.62,80000,股
2026-04-16,2467,志聖,1.41,66000,股
2026-04-16,3443,創意,1.39,10050,股
2026-04-16,2449,京元電子,1.16,99000,股
2026-04-16,6442,光聖,1.12,13000,股
2026-04-16,2327,國巨*,0.91,68000,股
2026-04-16,4979,華星光,0.87,36000,股
2026-04-16,6257,矽格,0.71,95000,股
2026-04-16,3081,聯亞,0.68,7000,股
2026-04-16,2313,華通,0.48,45000,股
2026-04-16,8299,群聯,0.39,6000,股
2026-04-16,3491,昇達科,0.36,5001,股
2026-04-16,8358,金居,0.35,25000,股
2026-04-16,6510,精測,0.3,2000,股
2026-04-16,6805,富世達,0.24,3001,股
2026-04-16,2382,廣達,0.22,17000,股
2026-04-16,2412,中華電,0.0,1,股
2026-04-16,3045,台灣大,0.0,1,股
2026-04-16,4904,遠傳,0.0,3,股
2026-04-16,C_NTD,CASH,,182797564,元
2026-04-17,2330,台積電,14.37,216999,股
2026-04-17,2383,台光電,5.56,45000,股
2026-04-17,6515,穎崴,4.73,14100,股
2026-04-17,2345,智邦,4.51,67000,股
2026-04-17,6223,旺矽,4.4,26001,股
2026-04-17,3653,健策,4.38,29501,股
2026-04-17,2368,金像電,4.24,111000,股
2026-04-17,2308,台達電,4.16,69499,股
2026-04-17,2360,致茂,3.6,49000,股
2026-04-17,2454,聯發科,3.57,57000,股
2026-04-17,3017,奇鋐,3.32,42500,股
2026-04-17,6274,台燿,3.23,105000,股
2026-04-17,3665,貿聯-KY,3.16,41000,股
2026-04-17,3037,欣興,2.97,142001,股
2026-04-17,5274,信驊,2.79,6200,股
2026-04-17,3711,日月光投控,2.57,179002,股
2026-04-17,8046,南電,2.07,88000,股
2026-04-17,6442,光聖,1.82,26000,股
2026-04-17,2449,京元電子,1.69,189000,股
2026-04-17,7769,鴻勁,1.46,10000,股
2026-04-17,3105,穩懋,1.4,80000,股
2026-04-17,2467,志聖,1.18,66000,股
2026-04-17,6669,緯穎,1.11,9000,股
2026-04-17,3443,創意,1.06,10050,股
2026-04-17,4979,華星光,0.75,36000,股
2026-04-17,2327,國巨*,0.7,68000,股
2026-04-17,6510,精測,0.61,5000,股
2026-04-17,6805,富世達,0.61,10001,股
2026-04-17,3081,聯亞,0.59,7000,股
2026-04-17,6257,矽格,0.55,95000,股
2026-04-17,2313,華通,0.38,45000,股
2026-04-17,8299,群聯,0.31,6000,股
2026-04-17,8358,金居,0.3,25000,股
2026-04-17,3491,昇達科,0.27,5001,股
2026-04-17,2382,廣達,0.18,17000,股
2026-04-17,2412,中華電,0.0,1,股
2026-04-17,3045,台灣大,0.0,1,股
2026-04-17,4904,遠傳,0.0,3,股
2026-04-17,C_NTD,CASH,,303723053,元
2026-04-20,2330,台積電,13.41,216999,股
2026-04-20,2383,台光電,5.29,45000,股
2026-04-20,2308,台達電,5.19,89499,股
2026-04-20,6515,穎崴,4.64,14100,股
2026-04-20,2368,金像電,4.58,124000,股
2026-04-20,3653,健策,4.52,29501,股
2026-04-20,3665,貿聯-KY,4.2,56000,股
2026-04-20,2345,智邦,4.1,67000,股
2026-04-20,6223,旺矽,4.07,26001,股
2026-04-20,3017,奇鋐,3.99,52500,股
2026-04-20,5274,信驊,3.39,7700,股
2026-04-20,2454,聯發科,3.3,57000,股
2026-04-20,8046,南電,3.21,132000,股
2026-04-20,2360,致茂,3.07,49000,股
2026-04-20,6274,台燿,3.04,105000,股
2026-04-20,3037,欣興,2.94,142001,股
2026-04-20,3711,日月光投控,2.8,199002,股
2026-04-20,3105,穩懋,2.71,150000,股
2026-04-20,6442,光聖,1.88,26000,股
2026-04-20,3443,創意,1.64,15050,股
2026-04-20,2449,京元電子,1.56,189000,股
2026-04-20,2303,聯電,1.41,600000,股
2026-04-20,7769,鴻勁,1.36,10000,股
2026-04-20,2467,志聖,1.15,66000,股
2026-04-20,6669,緯穎,1.09,9000,股
2026-04-20,4958,臻鼎-KY,0.85,90000,股
2026-04-20,4979,華星光,0.78,36000,股
2026-04-20,3081,聯亞,0.7,8000,股
2026-04-20,2327,國巨*,0.66,68000,股
2026-04-20,6510,精測,0.58,5000,股
2026-04-20,6805,富世達,0.58,10001,股
2026-04-20,6257,矽格,0.51,94000,股
2026-04-20,8358,金居,0.31,25000,股
2026-04-20,3491,昇達科,0.26,5001,股
2026-04-20,2382,廣達,0.17,17000,股
2026-04-20,2412,中華電,0.0,1,股
2026-04-20,3045,台灣大,0.0,1,股
2026-04-20,4904,遠傳,0.0,3,股
2026-04-20,C_NTD,CASH,,948681503,元
2026-04-21,2330,台積電,12.62,216999,股
2026-04-21,2308,台達電,5.46,95499,股
2026-04-21,3653,健策,5.41,35501,股
2026-04-21,2383,台光電,5.04,45000,股
2026-04-21,2345,智邦,4.6,74000,股
2026-04-21,2368,金像電,4.31,124000,股
2026-04-21,6515,穎崴,4.29,14100,股
2026-04-21,3665,貿聯-KY,3.85,56000,股
2026-04-21,3017,奇鋐,3.82,52500,股
2026-04-21,2454,聯發科,3.79,64000,股
2026-04-21,6223,旺矽,3.64,26001,股
2026-04-21,5274,信驊,3.33,7700,股
2026-04-21,3105,穩懋,3.15,180000,股
2026-04-21,8046,南電,2.95,132000,股
2026-04-21,6274,台燿,2.87,105000,股
2026-04-21,3037,欣興,2.86,142001,股
2026-04-21,2360,致茂,2.81,49000,股
2026-04-21,3711,日月光投控,2.66,199002,股
2026-04-21,3443,創意,2.12,20050,股
2026-04-21,6442,光聖,1.73,26000,股
2026-04-21,6669,緯穎,1.68,14000,股
2026-04-21,2449,京元電子,1.51,189000,股
2026-04-21,2303,聯電,1.3,600000,股
2026-04-21,7769,鴻勁,1.27,10000,股
2026-04-21,2467,志聖,1.05,66000,股
2026-04-21,3081,聯亞,1.0,12000,股
2026-04-21,4958,臻鼎-KY,0.8,90000,股
2026-04-21,4979,華星光,0.67,36000,股
2026-04-21,2327,國巨*,0.61,67000,股
2026-04-21,6510,精測,0.58,5000,股
2026-04-21,6805,富世達,0.54,10001,股
2026-04-21,6257,矽格,0.37,69000,股
2026-04-21,8358,金居,0.28,25000,股
2026-04-21,3491,昇達科,0.25,5001,股
2026-04-21,2382,廣達,0.16,17000,股
2026-04-21,2412,中華電,0.0,1,股
2026-04-21,3045,台灣大,0.0,1,股
2026-04-21,4904,遠傳,0.0,3,股
2026-04-21,C_NTD,CASH,,496199110,元
2026-04-22,2330,台積電,12.3,216999,股
2026-04-22,2383,台光電,6.18,55000,股
2026-04-22,2308,台達電,5.32,95499,股
2026-04-22,3653,健策,5.31,35501,股
2026-04-22,3017,奇鋐,4.95,66500,股
2026-04-22,2345,智邦,4.5,74000,股
2026-04-22,2368,金像電,4.28,124000,股
2026-04-22,2454,聯發科,4.19,66000,股
2026-04-22,6515,穎崴,4.18,14100,股
2026-04-22,3665,貿聯-KY,3.96,56000,股
2026-04-22,3037,欣興,3.7,187001,股
2026-04-22,5274,信驊,3.42,7700,股
2026-04-22,6223,旺矽,3.32,24901,股
2026-04-22,3105,穩懋,2.99,180000,股
2026-04-22,8046,南電,2.93,132000,股
2026-04-22,6274,台燿,2.82,105000,股
2026-04-22,2360,致茂,2.75,49000,股
2026-04-22,3711,日月光投控,2.56,199002,股
2026-04-22,3443,創意,2.04,20050,股
2026-04-22,6669,緯穎,1.92,16000,股
2026-04-22,6442,光聖,1.61,26000,股
2026-04-22,2449,京元電子,1.5,189000,股
2026-04-22,7769,鴻勁,1.31,10000,股
2026-04-22,2303,聯電,1.3,600000,股
2026-04-22,6510,精測,1.16,10000,股
2026-04-22,2467,志聖,1.09,66000,股
2026-04-22,3081,聯亞,1.0,12000,股
2026-04-22,4958,臻鼎-KY,0.78,90000,股
2026-04-22,4979,華星光,0.63,36000,股
2026-04-22,6187,萬潤,0.58,15000,股
2026-04-22,6805,富世達,0.55,10001,股
2026-04-22,8358,金居,0.27,25000,股
2026-04-22,3491,昇達科,0.24,5001,股
2026-04-22,6257,矽格,0.19,36000,股
2026-04-22,2382,廣達,0.16,17000,股
2026-04-22,2412,中華電,0.0,1,股
2026-04-22,3045,台灣大,0.0,1,股
2026-04-22,4904,遠傳,0.0,3,股
2026-04-22,C_NTD,CASH,,339390880,元
2026-04-23,2330,台積電,12.29,216999,股
2026-04-23,2383,台光電,6.15,55000,股
2026-04-23,2308,台達電,5.16,95499,股
2026-04-23,3653,健策,5.14,35501,股
2026-04-23,3017,奇鋐,4.86,66500,股
2026-04-23,2368,金像電,4.28,124000,股
2026-04-23,3665,貿聯-KY,4.21,56000,股
2026-04-23,2345,智邦,4.2,74000,股
2026-04-23,6515,穎崴,4.13,14100,股
2026-04-23,2454,聯發科,3.99,66000,股
2026-04-23,3037,欣興,3.71,187001,股
2026-04-23,5274,信驊,3.29,7700,股
2026-04-23,6223,旺矽,3.25,24901,股
2026-04-23,8046,南電,2.86,132000,股
2026-04-23,3105,穩懋,2.75,180000,股
2026-04-23,6274,台燿,2.72,105000,股
2026-04-23,2360,致茂,2.59,49000,股
2026-04-23,3711,日月光投控,2.52,199002,股
2026-04-23,3443,創意,2.14,20050,股
2026-04-23,6669,緯穎,1.85,16000,股
2026-04-23,2449,京元電子,1.43,189000,股
2026-04-23,6442,光聖,1.43,26000,股
2026-04-23,7769,鴻勁,1.31,10000,股
2026-04-23,6510,精測,1.05,10000,股
2026-04-23,3081,聯亞,0.99,12000,股
2026-04-23,2467,志聖,0.97,66000,股
2026-04-23,4958,臻鼎-KY,0.8,90000,股
2026-04-23,4979,華星光,0.56,36000,股
2026-04-23,6805,富世達,0.52,10001,股
2026-04-23,6187,萬潤,0.51,15000,股
2026-04-23,8358,金居,0.25,25000,股
2026-04-23,6257,矽格,0.18,36000,股
2026-04-23,2382,廣達,0.15,17000,股
2026-04-23,2412,中華電,0.0,1,股
2026-04-23,3045,台灣大,0.0,1,股
2026-04-23,4904,遠傳,0.0,3,股
2026-04-23,C_NTD,CASH,,248534266,元
2026-04-24,2330,台積電,14.75,256999,股
2026-04-24,2383,台光電,7.05,60000,股
2026-04-24,3017,奇鋐,5.69,73500,股
2026-04-24,2308,台達電,5.21,95499,股
2026-04-24,3653,健策,5.01,35501,股
2026-04-24,2454,聯發科,4.99,78000,股
2026-04-24,3665,貿聯-KY,4.58,63000,股
2026-04-24,2368,金像電,4.53,124000,股
2026-04-24,2345,智邦,4.16,74000,股
2026-04-24,3037,欣興,3.88,187001,股
2026-04-24,6515,穎崴,3.46,13100,股
2026-04-24,5274,信驊,3.31,7700,股
2026-04-24,6223,旺矽,3.04,24901,股
2026-04-24,8046,南電,3.03,132000,股
2026-04-24,6274,台燿,2.88,105000,股
2026-04-24,6669,緯穎,2.68,22000,股
2026-04-24,3711,日月光投控,2.59,199002,股
2026-04-24,2360,致茂,2.47,49000,股
2026-04-24,3443,創意,2.13,20050,股
2026-04-24,3105,穩懋,1.87,130000,股
2026-04-24,2449,京元電子,1.42,189000,股
2026-04-24,7769,鴻勁,1.24,10000,股
2026-04-24,6510,精測,0.95,10000,股
2026-04-24,2467,志聖,0.93,66000,股
2026-04-24,3081,聯亞,0.89,12000,股
2026-04-24,4958,臻鼎-KY,0.82,90000,股
2026-04-24,4979,華星光,0.57,36000,股
2026-04-24,6805,富世達,0.5,10001,股
2026-04-24,6187,萬潤,0.46,15000,股
2026-04-24,6442,光聖,0.3,6000,股
2026-04-24,8358,金居,0.24,25000,股
2026-04-24,6257,矽格,0.17,36000,股
2026-04-24,2382,廣達,0.14,17000,股
2026-04-24,2412,中華電,0.0,1,股
2026-04-24,3045,台灣大,0.0,1,股
2026-04-24,4904,遠傳,0.0,3,股
2026-04-24,C_NTD,CASH,,232306549,元
2026-04-27,2330,台積電,17.11,312999,股
2026-04-27,2383,台光電,6.84,60000,股
2026-04-27,2454,聯發科,5.16,88000,股
2026-04-27,3017,奇鋐,5.02,73500,股
2026-04-27,2308,台達電,4.65,95499,股
2026-04-27,2368,金像電,4.59,134000,股
2026-04-27,3653,健策,4.24,35501,股
2026-04-27,2345,智邦,4.14,79000,股
2026-04-27,3665,貿聯-KY,3.99,63000,股
2026-04-27,8046,南電,3.89,177000,股
2026-04-27,3037,欣興,3.78,187001,股
2026-04-27,6669,緯穎,3.06,26000,股
2026-04-27,5274,信驊,2.97,7700,股
2026-04-27,6223,旺矽,2.93,24901,股
2026-04-27,6515,穎崴,2.79,12100,股
2026-04-27,6274,台燿,2.5,105000,股
2026-04-27,3711,日月光投控,2.38,199002,股
2026-04-27,2360,致茂,2.27,49000,股
2026-04-27,3443,創意,1.91,20050,股
2026-04-27,7769,鴻勁,1.8,15000,股
2026-04-27,2449,京元電子,1.29,189000,股
2026-04-27,6805,富世達,1.2,24001,股
2026-04-27,3105,穩懋,1.07,90000,股
2026-04-27,6510,精測,0.86,10000,股
2026-04-27,2467,志聖,0.79,66000,股
2026-04-27,4958,臻鼎-KY,0.78,90000,股
2026-04-27,2059,川湖,0.76,8000,股
2026-04-27,3081,聯亞,0.73,12000,股
2026-04-27,4979,華星光,0.47,36000,股
2026-04-27,8299,群聯,0.35,8000,股
2026-04-27,8358,金居,0.2,25000,股
2026-04-27,2382,廣達,0.13,17000,股
2026-04-27,2412,中華電,0.0,1,股
2026-04-27,3045,台灣大,0.0,1,股
2026-04-27,4904,遠傳,0.0,3,股
2026-04-27,C_NTD,CASH,,284703798,元
2026-04-28,2330,台積電,16.6,312999,股
2026-04-28,2383,台光電,6.29,60000,股
2026-04-28,2454,聯發科,5.51,88000,股
2026-04-28,2308,台達電,5.32,104499,股
2026-04-28,2345,智邦,5.0,91000,股
2026-04-28,3017,奇鋐,4.89,73500,股
2026-04-28,2368,金像電,4.46,134000,股
2026-04-28,8046,南電,4.24,190000,股
2026-04-28,3653,健策,4.21,35501,股
2026-04-28,3665,貿聯-KY,3.97,63000,股
2026-04-28,3037,欣興,3.69,187001,股
2026-04-28,2360,致茂,3.17,64000,股
2026-04-28,6669,緯穎,2.99,26000,股
2026-04-28,5274,信驊,2.97,7700,股
2026-04-28,6515,穎崴,2.94,12100,股
2026-04-28,6223,旺矽,2.91,24901,股
2026-04-28,6274,台燿,2.43,105000,股
2026-04-28,3711,日月光投控,2.36,199002,股
2026-04-28,3443,創意,2.01,20050,股
2026-04-28,7769,鴻勁,1.83,15000,股
2026-04-28,2449,京元電子,1.28,189000,股
2026-04-28,6805,富世達,1.2,24001,股
2026-04-28,4958,臻鼎-KY,1.13,120000,股
2026-04-28,6510,精測,0.89,10000,股
2026-04-28,2467,志聖,0.86,66000,股
2026-04-28,3105,穩懋,0.78,65000,股
2026-04-28,2059,川湖,0.76,8000,股
2026-04-28,3081,聯亞,0.72,12000,股
2026-04-28,4979,華星光,0.48,36000,股
2026-04-28,8299,群聯,0.38,8000,股
2026-04-28,8358,金居,0.22,25000,股
2026-04-28,2412,中華電,0.0,1,股
2026-04-28,3045,台灣大,0.0,1,股
2026-04-28,4904,遠傳,0.0,3,股
2026-04-28,C_NTD,CASH,,499921922,元
2026-04-29,2330,台積電,16.32,312999,股
2026-04-29,2383,台光電,6.36,60000,股
2026-04-29,2454,聯發科,5.41,88000,股
2026-04-29,2308,台達電,5.4,104499,股
2026-04-29,3017,奇鋐,4.98,73500,股
2026-04-29,2345,智邦,4.8,91000,股
2026-04-29,3653,健策,4.62,35501,股
2026-04-29,2368,金像電,4.35,134000,股
2026-04-29,3665,貿聯-KY,4.18,63000,股
2026-04-29,8046,南電,4.16,190000,股
2026-04-29,3037,欣興,3.59,187001,股
2026-04-29,2360,致茂,3.14,64000,股
2026-04-29,5274,信驊,3.04,7700,股
2026-04-29,6669,緯穎,3.01,26000,股
2026-04-29,6223,旺矽,2.94,24901,股
2026-04-29,6515,穎崴,2.94,12100,股
2026-04-29,6274,台燿,2.44,105000,股
2026-04-29,3711,日月光投控,2.06,177002,股
2026-04-29,3443,創意,1.97,20050,股
2026-04-29,7769,鴻勁,1.87,15000,股
2026-04-29,6805,富世達,1.19,24001,股
2026-04-29,4958,臻鼎-KY,1.1,120000,股
2026-04-29,2059,川湖,1.09,11000,股
2026-04-29,2449,京元電子,1.01,149000,股
2026-04-29,8299,群聯,0.89,18000,股
2026-04-29,2467,志聖,0.87,66000,股
2026-04-29,6510,精測,0.87,10000,股
2026-04-29,3105,穩懋,0.78,65000,股
2026-04-29,3081,聯亞,0.58,10000,股
2026-04-29,4979,華星光,0.48,36000,股
2026-04-29,1590,亞德客-KY,0.32,9000,股
2026-04-29,8358,金居,0.22,25000,股
2026-04-29,2412,中華電,0.0,1,股
2026-04-29,3045,台灣大,0.0,1,股
2026-04-29,4904,遠傳,0.0,3,股
2026-04-29,C_NTD,CASH,,230587372,元
2026-04-30,2330,台積電,15.8,312999,股
2026-04-30,2383,台光電,6.44,60000,股
2026-04-30,2454,聯發科,5.43,88000,股
2026-04-30,2308,台達電,5.35,104499,股
2026-04-30,2345,智邦,4.96,92000,股
2026-04-30,3017,奇鋐,4.92,73500,股
2026-04-30,3653,健策,4.51,35501,股
2026-04-30,8046,南電,4.51,190000,股
2026-04-30,2368,金像電,4.4,134000,股
2026-04-30,3665,貿聯-KY,4.12,63000,股
2026-04-30,3037,欣興,3.9,187001,股
2026-04-30,2360,致茂,3.56,71000,股
2026-04-30,5274,信驊,3.19,8200,股
2026-04-30,6515,穎崴,2.97,12100,股
2026-04-30,6223,旺矽,2.9,24901,股
2026-04-30,6669,緯穎,2.87,26000,股
2026-04-30,6274,台燿,2.51,105000,股
2026-04-30,3443,創意,2.02,20050,股
2026-04-30,3711,日月光投控,2.0,177002,股
2026-04-30,7769,鴻勁,1.75,15000,股
2026-04-30,2467,志聖,1.34,93000,股
2026-04-30,4958,臻鼎-KY,1.19,120000,股
2026-04-30,6805,富世達,1.17,24001,股
2026-04-30,2449,京元電子,1.06,149000,股
2026-04-30,2059,川湖,1.02,11000,股
2026-04-30,3105,穩懋,0.82,65000,股
2026-04-30,8299,群聯,0.81,18000,股
2026-04-30,3081,聯亞,0.62,10000,股
2026-04-30,6510,精測,0.57,7000,股
2026-04-30,8996,高力,0.53,18000,股
2026-04-30,4979,華星光,0.52,36000,股
2026-04-30,1590,亞德客-KY,0.31,9000,股
2026-04-30,3661,世芯-KY,0.29,3000,股
2026-04-30,8358,金居,0.23,25000,股
2026-04-30,2412,中華電,0.0,1,股
2026-04-30,3045,台灣大,0.0,1,股
2026-04-30,4904,遠傳,0.0,3,股
2026-04-30,C_NTD,CASH,,147023648,元
2026-05-04,2330,台積電,15.35,312999,股
2026-05-04,2383,台光電,6.14,60000,股
2026-05-04,2454,聯發科,5.44,88000,股
2026-05-04,2308,台達電,4.99,104499,股
2026-05-04,2345,智邦,4.96,92000,股
2026-05-04,3017,奇鋐,4.56,73500,股
2026-05-04,2368,金像電,4.15,134000,股
2026-05-04,3653,健策,4.05,35501,股
2026-05-04,8046,南電,4.03,190000,股
2026-05-04,3665,貿聯-KY,3.99,63000,股
2026-05-04,2360,致茂,3.83,77000,股
2026-05-04,3037,欣興,3.67,187001,股
2026-05-04,6223,旺矽,3.44,30901,股
2026-05-04,5274,信驊,3.1,8200,股
2026-05-04,6274,台燿,2.89,121000,股
2026-05-04,6515,穎崴,2.79,12100,股
2026-05-04,6669,緯穎,2.72,26000,股
2026-05-04,7769,鴻勁,2.08,18000,股
2026-05-04,3443,創意,2.02,20050,股
2026-05-04,3711,日月光投控,2.0,177002,股
2026-05-04,2467,志聖,1.16,93000,股
2026-05-04,6805,富世達,1.14,24001,股
2026-05-04,4958,臻鼎-KY,1.12,120000,股
2026-05-04,2449,京元電子,1.07,149000,股
2026-05-04,2059,川湖,0.96,11000,股
2026-05-04,8996,高力,0.88,33000,股
2026-05-04,8299,群聯,0.78,18000,股
2026-05-04,3105,穩懋,0.73,65000,股
2026-05-04,3081,聯亞,0.59,10000,股
2026-05-04,6510,精測,0.57,7000,股
2026-05-04,4979,華星光,0.52,36000,股
2026-05-04,6187,萬潤,0.46,16000,股
2026-05-04,1590,亞德客-KY,0.28,9000,股
2026-05-04,3661,世芯-KY,0.27,3000,股
2026-05-04,8358,金居,0.22,25000,股
2026-05-04,2412,中華電,0.0,1,股
2026-05-04,3045,台灣大,0.0,1,股
2026-05-04,4904,遠傳,0.0,3,股
2026-05-04,C_NTD,CASH,,127101764,元
2026-05-05,2330,台積電,14.29,312999,股
2026-05-05,2383,台光電,5.75,60000,股
2026-05-05,2454,聯發科,5.63,88000,股
2026-05-05,2345,智邦,4.65,92000,股
2026-05-05,2308,台達電,4.59,104499,股
2026-05-05,2368,金像電,4.02,134000,股
2026-05-05,8046,南電,3.84,190000,股
2026-05-05,3665,貿聯-KY,3.67,63000,股
2026-05-05,3017,奇鋐,3.59,65500,股
2026-05-05,2360,致茂,3.49,77000,股
2026-05-05,3653,健策,3.44,35501,股
2026-05-05,3037,欣興,3.42,187001,股
2026-05-05,6274,台燿,3.36,136000,股
2026-05-05,6223,旺矽,3.13,30901,股
2026-05-05,5274,信驊,2.96,8200,股
2026-05-05,3443,創意,2.85,29050,股
2026-05-05,6669,緯穎,2.22,23000,股
2026-05-05,3711,日月光投控,2.18,207002,股
2026-05-05,7769,鴻勁,2.04,18000,股
2026-05-05,6515,穎崴,1.84,9000,股
2026-05-05,2449,京元電子,1.72,239000,股
2026-05-05,8299,群聯,1.42,33000,股
2026-05-05,2467,志聖,1.08,93000,股
2026-05-05,3105,穩懋,1.04,92000,股
2026-05-05,4958,臻鼎-KY,1.04,120000,股
2026-05-05,3081,聯亞,0.97,17000,股
2026-05-05,6805,富世達,0.97,24001,股
2026-05-05,2059,川湖,0.92,11000,股
2026-05-05,8996,高力,0.8,33000,股
2026-05-05,4979,華星光,0.52,36000,股
2026-05-05,6510,精測,0.45,6000,股
2026-05-05,6187,萬潤,0.44,16000,股
2026-05-05,3044,健鼎,0.29,30000,股
2026-05-05,1590,亞德客-KY,0.26,9000,股
2026-05-05,2408,南亞科,0.25,48000,股
2026-05-05,3661,世芯-KY,0.25,3000,股
2026-05-05,8358,金居,0.22,25000,股
2026-05-05,2412,中華電,0.0,1,股
2026-05-05,3045,台灣大,0.0,1,股
2026-05-05,4904,遠傳,0.0,3,股
2026-05-05,C_NTD,CASH,,260763648,元
2026-05-06,2330,台積電,15.13,362999,股
2026-05-06,2383,台光電,6.41,70000,股
2026-05-06,2454,聯發科,5.58,88000,股
2026-05-06,2345,智邦,4.64,101000,股
2026-05-06,2308,台達電,4.27,104499,股
2026-05-06,6274,台燿,3.75,154000,股
2026-05-06,2360,致茂,3.64,84000,股
2026-05-06,2368,金像電,3.58,134000,股
2026-05-06,5274,信驊,3.36,9700,股
2026-05-06,3653,健策,2.83,35501,股
2026-05-06,6223,旺矽,2.83,30901,股
2026-05-06,3443,創意,2.66,29050,股
2026-05-06,3037,欣興,2.65,167001,股
2026-05-06,3017,奇鋐,2.59,57500,股
2026-05-06,3665,貿聯-KY,2.59,51000,股
2026-05-06,3711,日月光投控,2.3,237002,股
2026-05-06,8046,南電,2.23,128000,股
2026-05-06,6669,緯穎,2.11,23000,股
2026-05-06,7769,鴻勁,1.9,18000,股
2026-05-06,8299,群聯,1.76,41000,股
2026-05-06,6515,穎崴,1.69,9000,股
2026-05-06,2317,鴻海,1.49,320000,股
2026-05-06,2449,京元電子,1.45,239000,股
2026-05-06,2059,川湖,1.38,17000,股
2026-05-06,2467,志聖,0.98,93000,股
2026-05-06,4958,臻鼎-KY,0.91,120000,股
2026-05-06,3105,穩懋,0.85,92000,股
2026-05-06,3081,聯亞,0.83,17000,股
2026-05-06,6805,富世達,0.83,24001,股
2026-05-06,8996,高力,0.71,33000,股
2026-05-06,2408,南亞科,0.67,128000,股
2026-05-06,4979,華星光,0.47,36000,股
2026-05-06,6510,精測,0.42,6000,股
2026-05-06,2303,聯電,0.37,220000,股
2026-05-06,6187,萬潤,0.36,16000,股
2026-05-06,3044,健鼎,0.27,30000,股
2026-05-06,6257,矽格,0.26,70000,股
2026-05-06,3661,世芯-KY,0.25,3000,股
2026-05-06,1590,亞德客-KY,0.24,9000,股
2026-05-06,3264,欣銓,0.23,55000,股
2026-05-06,8358,金居,0.21,25000,股
2026-05-06,2412,中華電,0.0,1,股
2026-05-06,3045,台灣大,0.0,1,股
2026-05-06,4904,遠傳,0.0,3,股
2026-05-06,C_NTD,CASH,,447419218,元
2026-05-07,2330,台積電,17.5,417999,股
2026-05-07,2383,台光電,6.29,70000,股
2026-05-07,2454,聯發科,5.45,88000,股
2026-05-07,2308,台達電,5.14,124499,股
2026-05-07,2345,智邦,4.68,101000,股
2026-05-07,6274,台燿,4.03,154000,股
2026-05-07,2360,致茂,3.54,84000,股
2026-05-07,2368,金像電,3.52,134000,股
2026-05-07,3443,創意,3.26,33050,股
2026-05-07,5274,信驊,3.14,9700,股
2026-05-07,3711,日月光投控,2.82,288002,股
2026-05-07,6223,旺矽,2.81,30901,股
2026-05-07,3037,欣興,2.71,167001,股
2026-05-07,3665,貿聯-KY,2.57,51000,股
2026-05-07,3017,奇鋐,2.51,57500,股
2026-05-07,3653,健策,2.49,35501,股
2026-05-07,8046,南電,2.19,128000,股
2026-05-07,6669,緯穎,2.03,23000,股
2026-05-07,7769,鴻勁,1.9,18000,股
2026-05-07,2449,京元電子,1.87,305000,股
2026-05-07,8299,群聯,1.77,41000,股
2026-05-07,6515,穎崴,1.61,9000,股
2026-05-07,2059,川湖,1.49,17000,股
2026-05-07,2317,鴻海,1.47,320000,股
2026-05-07,2467,志聖,0.93,93000,股
2026-05-07,4958,臻鼎-KY,0.93,120000,股
2026-05-07,2303,聯電,0.91,520000,股
2026-05-07,3105,穩懋,0.83,92000,股
2026-05-07,6805,富世達,0.83,24001,股
2026-05-07,3081,聯亞,0.82,17000,股
2026-05-07,2408,南亞科,0.67,128000,股
2026-05-07,6257,矽格,0.5,130000,股
2026-05-07,3264,欣銓,0.49,110000,股
2026-05-07,4979,華星光,0.46,36000,股
2026-05-07,6510,精測,0.41,6000,股
2026-05-07,6187,萬潤,0.33,16000,股
2026-05-07,3044,健鼎,0.27,30000,股
2026-05-07,3661,世芯-KY,0.26,3000,股
2026-05-07,1590,亞德客-KY,0.24,9000,股
2026-05-07,8358,金居,0.21,25000,股
2026-05-07,8996,高力,0.06,3000,股
2026-05-07,2412,中華電,0.0,1,股
2026-05-07,3045,台灣大,0.0,1,股
2026-05-07,4904,遠傳,0.0,3,股
2026-05-07,C_NTD,CASH,,787572452,元
2026-05-08,2330,台積電,17.11,417999,股
2026-05-08,2383,台光電,5.94,70000,股
2026-05-08,2454,聯發科,5.7,88000,股
2026-05-08,2308,台達電,4.89,124499,股
2026-05-08,2345,智邦,4.28,101000,股
2026-05-08,6274,台燿,3.77,154000,股
2026-05-08,2360,致茂,3.34,84000,股
2026-05-08,3443,創意,3.07,33050,股
2026-05-08,6669,緯穎,3.06,33000,股
2026-05-08,5274,信驊,2.94,9700,股
2026-05-08,6223,旺矽,2.77,30901,股
2026-05-08,3711,日月光投控,2.65,288002,股
2026-05-08,3017,奇鋐,2.51,57500,股
2026-05-08,3665,貿聯-KY,2.5,51000,股
2026-05-08,2368,金像電,2.47,104000,股
2026-05-08,3037,欣興,2.44,167001,股
2026-05-08,8046,南電,1.95,128000,股
2026-05-08,3653,健策,1.86,28501,股
2026-05-08,7769,鴻勁,1.86,18000,股
2026-05-08,8299,群聯,1.78,41000,股
2026-05-08,2449,京元電子,1.69,305000,股
2026-05-08,2059,川湖,1.61,17000,股
2026-05-08,6515,穎崴,1.55,9000,股
2026-05-08,2317,鴻海,1.43,320000,股
2026-05-08,2467,志聖,0.89,93000,股
2026-05-08,4958,臻鼎-KY,0.86,120000,股
2026-05-08,2303,聯電,0.85,520000,股
2026-05-08,6805,富世達,0.85,24001,股
2026-05-08,3105,穩懋,0.81,92000,股
2026-05-08,3081,聯亞,0.8,17000,股
2026-05-08,2408,南亞科,0.63,128000,股
2026-05-08,2327,國巨*,0.49,70000,股
2026-05-08,6257,矽格,0.49,130000,股
2026-05-08,3264,欣銓,0.44,110000,股
2026-05-08,8210,勤誠,0.4,16000,股
2026-05-08,6510,精測,0.38,6000,股
2026-05-08,6187,萬潤,0.31,16000,股
2026-05-08,3044,健鼎,0.26,30000,股
2026-05-08,3661,世芯-KY,0.26,3000,股
2026-05-08,1590,亞德客-KY,0.24,9000,股
2026-05-08,8358,金居,0.2,25000,股
2026-05-08,2395,研華,0.17,20000,股
2026-05-08,2412,中華電,0.0,1,股
2026-05-08,3045,台灣大,0.0,1,股
2026-05-08,4904,遠傳,0.0,3,股
2026-05-08,C_NTD,CASH,,493718931,元
2026-05-11,2330,台積電,16.13,417999,股
2026-05-11,2454,聯發科,6.44,96000,股
2026-05-11,2383,台光電,5.87,70000,股
2026-05-11,2308,台達電,4.83,124499,股
2026-05-11,2345,智邦,4.52,101000,股
2026-05-11,3037,欣興,3.97,267001,股
2026-05-11,6274,台燿,3.87,154000,股
2026-05-11,2360,致茂,3.75,92000,股
2026-05-11,3443,創意,3.67,37050,股
2026-05-11,6669,緯穎,3.04,33000,股
2026-05-11,5274,信驊,2.99,9700,股
2026-05-11,3665,貿聯-KY,2.91,58000,股
2026-05-11,3711,日月光投控,2.67,288002,股
2026-05-11,6223,旺矽,2.66,30901,股
2026-05-11,3017,奇鋐,2.54,57500,股
2026-05-11,2368,金像電,2.52,104000,股
2026-05-11,8046,南電,2.4,153000,股
2026-05-11,7769,鴻勁,2.31,21000,股
2026-05-11,3653,健策,1.98,28501,股
2026-05-11,8299,群聯,1.89,41000,股
2026-05-11,2059,川湖,1.62,17000,股
2026-05-11,2449,京元電子,1.58,305000,股
2026-05-11,6515,穎崴,1.57,9000,股
2026-05-11,2317,鴻海,1.39,320000,股
2026-05-11,2408,南亞科,1.19,228000,股
2026-05-11,2467,志聖,0.95,93000,股
2026-05-11,2303,聯電,0.85,520000,股
2026-05-11,4958,臻鼎-KY,0.85,120000,股
2026-05-11,3105,穩懋,0.84,92000,股
2026-05-11,6805,富世達,0.83,24001,股
2026-05-11,3081,聯亞,0.82,17000,股
2026-05-11,6257,矽格,0.48,130000,股
2026-05-11,2327,國巨*,0.47,70000,股
2026-05-11,3264,欣銓,0.43,110000,股
2026-05-11,8210,勤誠,0.43,16000,股
2026-05-11,6510,精測,0.39,6000,股
2026-05-11,6187,萬潤,0.31,16000,股
2026-05-11,3661,世芯-KY,0.28,3000,股
2026-05-11,3044,健鼎,0.25,30000,股
2026-05-11,1590,亞德客-KY,0.24,9000,股
2026-05-11,8358,金居,0.2,25000,股
2026-05-11,2395,研華,0.17,20000,股
2026-05-11,2412,中華電,0.0,1,股
2026-05-11,3045,台灣大,0.0,1,股
2026-05-11,4904,遠傳,0.0,3,股
2026-05-11,C_NTD,CASH,,440218776,元
2026-05-12,2330,台積電,13.85,357999,股
2026-05-12,2454,聯發科,6.1,96000,股
2026-05-12,2383,台光電,5.89,70000,股
2026-05-12,2308,台達電,4.69,124499,股
2026-05-12,2345,智邦,4.38,101000,股
2026-05-12,6669,緯穎,4.08,41000,股
2026-05-12,3037,欣興,4.01,267001,股
2026-05-12,2360,致茂,3.86,92000,股
2026-05-12,6274,台燿,3.83,154000,股
2026-05-12,3443,創意,3.54,37050,股
2026-05-12,7769,鴻勁,3.07,26000,股
2026-05-12,5274,信驊,3.0,9700,股
2026-05-12,6223,旺矽,2.91,30901,股
2026-05-12,3665,貿聯-KY,2.76,58000,股
2026-05-12,3711,日月光投控,2.75,288002,股
2026-05-12,3017,奇鋐,2.49,57500,股
2026-05-12,2368,金像電,2.48,104000,股
2026-05-12,8046,南電,2.36,153000,股
2026-05-12,3653,健策,1.92,28501,股
2026-05-12,8299,群聯,1.92,41000,股
2026-05-12,2059,川湖,1.59,17000,股
2026-05-12,2449,京元電子,1.58,305000,股
2026-05-12,6515,穎崴,1.54,9000,股
2026-05-12,3081,聯亞,1.42,27000,股
2026-05-12,2303,聯電,1.38,770000,股
2026-05-12,2317,鴻海,1.37,320000,股
2026-05-12,2408,南亞科,1.26,228000,股
2026-05-12,2467,志聖,1.04,93000,股
2026-05-12,2327,國巨*,1.01,140000,股
2026-05-12,4958,臻鼎-KY,0.84,120000,股
2026-05-12,3105,穩懋,0.81,92000,股
2026-05-12,6805,富世達,0.76,24001,股
2026-05-12,6257,矽格,0.47,130000,股
2026-05-12,3264,欣銓,0.43,110000,股
2026-05-12,8210,勤誠,0.43,16000,股
2026-05-12,6510,精測,0.4,6000,股
2026-05-12,6187,萬潤,0.34,16000,股
2026-05-12,3036,文曄,0.28,60000,股
2026-05-12,3661,世芯-KY,0.27,3000,股
2026-05-12,3044,健鼎,0.25,30000,股
2026-05-12,1590,亞德客-KY,0.24,9000,股
2026-05-12,8358,金居,0.2,25000,股
2026-05-12,2395,研華,0.17,20000,股
2026-05-12,2412,中華電,0.0,1,股
2026-05-12,3045,台灣大,0.0,1,股
2026-05-12,4904,遠傳,0.0,3,股
2026-05-12,C_NTD,CASH,,420149446,元
2026-05-13,2330,台積電,13.86,357999,股
2026-05-13,2383,台光電,6.02,70000,股
2026-05-13,2454,聯發科,5.86,96000,股
2026-05-13,2308,台達電,4.4,116499,股
2026-05-13,2345,智邦,4.29,101000,股
2026-05-13,3037,欣興,4.16,267001,股
2026-05-13,6669,緯穎,3.99,41000,股
2026-05-13,6274,台燿,3.9,154000,股
2026-05-13,2360,致茂,3.86,92000,股
2026-05-13,3443,創意,3.45,37050,股
2026-05-13,7769,鴻勁,3.38,26000,股
2026-05-13,6223,旺矽,3.08,30901,股
2026-05-13,5274,信驊,3.02,9700,股
2026-05-13,3017,奇鋐,2.86,63500,股
2026-05-13,3711,日月光投控,2.75,288002,股
2026-05-13,3665,貿聯-KY,2.53,58000,股
2026-05-13,2368,金像電,2.45,104000,股
2026-05-13,8046,南電,2.35,153000,股
2026-05-13,8299,群聯,1.87,41000,股
2026-05-13,3653,健策,1.76,28501,股
2026-05-13,2449,京元電子,1.62,305000,股
2026-05-13,2059,川湖,1.56,17000,股
2026-05-13,6515,穎崴,1.55,9000,股
2026-05-13,3081,聯亞,1.34,27000,股
2026-05-13,2303,聯電,1.32,770000,股
2026-05-13,2408,南亞科,1.28,228000,股
2026-05-13,4958,臻鼎-KY,1.24,160000,股
2026-05-13,2327,國巨*,1.03,140000,股
2026-05-13,2467,志聖,1.02,93000,股
2026-05-13,6257,矽格,0.48,130000,股
2026-05-13,3264,欣銓,0.44,110000,股
2026-05-13,8210,勤誠,0.42,16000,股
2026-05-13,6805,富世達,0.35,11001,股
2026-05-13,6187,萬潤,0.34,16000,股
2026-05-13,2317,鴻海,0.31,70000,股
2026-05-13,3036,文曄,0.3,60000,股
2026-05-13,3044,健鼎,0.28,30000,股
2026-05-13,3661,世芯-KY,0.25,3000,股
2026-05-13,1590,亞德客-KY,0.23,9000,股
2026-05-13,8358,金居,0.2,25000,股
2026-05-13,2395,研華,0.16,20000,股
2026-05-13,2412,中華電,0.0,1,股
2026-05-13,3045,台灣大,0.0,1,股
2026-05-13,4904,遠傳,0.0,3,股
2026-05-13,C_NTD,CASH,,168060787,元
2026-05-14,2330,台積電,14.46,357999,股
2026-05-14,2383,台光電,6.13,70000,股
2026-05-14,2345,智邦,4.81,101000,股
2026-05-14,2308,台達電,4.47,116499,股
2026-05-14,3037,欣興,4.19,267001,股
2026-05-14,2454,聯發科,4.12,68000,股
2026-05-14,6274,台燿,3.97,154000,股
2026-05-14,6669,緯穎,3.97,41000,股
2026-05-14,3017,奇鋐,3.52,77500,股
2026-05-14,7769,鴻勁,3.5,26000,股
2026-05-14,6223,旺矽,3.46,30901,股
2026-05-14,2360,致茂,3.34,83000,股
2026-05-14,2368,金像電,3.33,131000,股
2026-05-14,5274,信驊,3.07,9700,股
2026-05-14,3443,創意,2.89,32050,股
2026-05-14,3711,日月光投控,2.81,288002,股
2026-05-14,8299,群聯,2.56,50000,股
2026-05-14,3665,貿聯-KY,2.32,58000,股
2026-05-14,8046,南電,2.31,153000,股
2026-05-14,2408,南亞科,1.93,318000,股
2026-05-14,6515,穎崴,1.69,9000,股
2026-05-14,4958,臻鼎-KY,1.63,210000,股
2026-05-14,2449,京元電子,1.61,305000,股
2026-05-14,2059,川湖,1.52,17000,股
2026-05-14,2303,聯電,1.48,770000,股
2026-05-14,3081,聯亞,1.42,27000,股
2026-05-14,2327,國巨*,1.15,140000,股
2026-05-14,2467,志聖,1.01,93000,股
2026-05-14,3653,健策,0.99,16501,股
2026-05-14,3661,世芯-KY,0.6,7000,股
2026-05-14,3264,欣銓,0.45,110000,股
2026-05-14,8210,勤誠,0.42,16000,股
2026-05-14,6187,萬潤,0.32,16000,股
2026-05-14,3036,文曄,0.29,60000,股
2026-05-14,3044,健鼎,0.27,30000,股
2026-05-14,6257,矽格,0.24,65000,股
2026-05-14,1590,亞德客-KY,0.23,9000,股
2026-05-14,2395,研華,0.17,20000,股
2026-05-14,2412,中華電,0.0,1,股
2026-05-14,3045,台灣大,0.0,1,股
2026-05-14,4904,遠傳,0.0,3,股
2026-05-14,C_NTD,CASH,,118182140,元
2026-05-15,2330,台積電,16.15,382999,股
2026-05-15,2383,台光電,6.01,70000,股
2026-05-15,2345,智邦,4.71,101000,股
2026-05-15,2454,聯發科,4.13,68000,股
2026-05-15,2308,台達電,4.08,105499,股
2026-05-15,3037,欣興,4.08,267001,股
2026-05-15,6669,緯穎,3.9,41000,股
2026-05-15,6274,台燿,3.74,154000,股
2026-05-15,3017,奇鋐,3.54,77500,股
2026-05-15,2360,致茂,3.46,83000,股
2026-05-15,6223,旺矽,3.39,30901,股
2026-05-15,7769,鴻勁,3.34,26000,股
2026-05-15,2368,金像電,3.15,131000,股
2026-05-15,5274,信驊,3.11,9700,股
2026-05-15,3711,日月光投控,2.93,288002,股
2026-05-15,3443,創意,2.53,28050,股
2026-05-15,8299,群聯,2.47,50000,股
2026-05-15,2408,南亞科,1.84,318000,股
2026-05-15,2449,京元電子,1.7,305000,股
2026-05-15,6515,穎崴,1.64,9000,股
2026-05-15,2303,聯電,1.58,770000,股
2026-05-15,4958,臻鼎-KY,1.57,210000,股
2026-05-15,2059,川湖,1.54,17000,股
2026-05-15,3665,貿聯-KY,1.48,38000,股
2026-05-15,3081,聯亞,1.33,27000,股
2026-05-15,2327,國巨*,1.19,140000,股
2026-05-15,8046,南電,1.07,73000,股
2026-05-15,3653,健策,1.06,16501,股
2026-05-15,2467,志聖,1.02,93000,股
2026-05-15,3661,世芯-KY,0.6,7000,股
2026-05-15,3264,欣銓,0.46,110000,股
2026-05-15,8210,勤誠,0.42,16000,股
2026-05-15,6187,萬潤,0.34,16000,股
2026-05-15,3036,文曄,0.3,60000,股
2026-05-15,3044,健鼎,0.27,30000,股
2026-05-15,6257,矽格,0.26,65000,股
2026-05-15,1590,亞德客-KY,0.25,9000,股
2026-05-15,2395,研華,0.17,20000,股
2026-05-15,2412,中華電,0.0,1,股
2026-05-15,3045,台灣大,0.0,1,股
2026-05-15,4904,遠傳,0.0,3,股
2026-05-15,C_NTD,CASH,,254494227,元
2026-05-18,2330,台積電,16.13,382999,股
2026-05-18,2383,台光電,5.99,70000,股
2026-05-18,2345,智邦,4.74,101000,股
2026-05-18,2454,聯發科,4.35,68000,股
2026-05-18,3037,欣興,4.1,267001,股
2026-05-18,2308,台達電,4.01,105499,股
2026-05-18,6669,緯穎,3.93,41000,股
2026-05-18,6223,旺矽,3.91,33901,股
2026-05-18,6274,台燿,3.65,154000,股
2026-05-18,3017,奇鋐,3.51,77500,股
2026-05-18,7769,鴻勁,3.26,26000,股
2026-05-18,2368,金像電,3.08,131000,股
2026-05-18,2360,致茂,2.88,70000,股
2026-05-18,3711,日月光投控,2.76,288002,股
2026-05-18,8299,群聯,2.57,50000,股
2026-05-18,5274,信驊,2.34,7700,股
2026-05-18,3443,創意,1.88,21050,股
2026-05-18,2408,南亞科,1.82,318000,股
2026-05-18,6515,穎崴,1.73,9000,股
2026-05-18,2449,京元電子,1.69,305000,股
2026-05-18,2303,聯電,1.61,770000,股
2026-05-18,2327,國巨*,1.6,170000,股
2026-05-18,4958,臻鼎-KY,1.53,210000,股
2026-05-18,2059,川湖,1.52,17000,股
2026-05-18,3081,聯亞,1.38,27000,股
2026-05-18,8046,南電,1.09,73000,股
2026-05-18,2467,志聖,1.04,93000,股
2026-05-18,3665,貿聯-KY,1.03,27000,股
2026-05-18,3653,健策,1.02,16501,股
2026-05-18,3661,世芯-KY,0.6,7000,股
2026-05-18,3264,欣銓,0.48,110000,股
2026-05-18,8210,勤誠,0.42,16000,股
2026-05-18,6187,萬潤,0.34,16000,股
2026-05-18,3036,文曄,0.3,60000,股
2026-05-18,6257,矽格,0.27,65000,股
2026-05-18,3044,健鼎,0.26,30000,股
2026-05-18,1590,亞德客-KY,0.25,9000,股
2026-05-18,2395,研華,0.17,20000,股
2026-05-18,2412,中華電,0.0,1,股
2026-05-18,3045,台灣大,0.0,1,股
2026-05-18,4904,遠傳,0.0,3,股
2026-05-18,C_NTD,CASH,,188626468,元
2026-05-19,2330,台積電,16.33,382999,股
2026-05-19,2383,台光電,6.15,70000,股
2026-05-19,2345,智邦,4.68,101000,股
2026-05-19,3037,欣興,4.23,267001,股
2026-05-19,2454,聯發科,4.16,68000,股
2026-05-19,2308,台達電,3.92,105499,股
2026-05-19,6669,緯穎,3.89,41000,股
2026-05-19,6223,旺矽,3.76,33901,股
2026-05-19,6274,台燿,3.66,154000,股
2026-05-19,3017,奇鋐,3.59,77500,股
2026-05-19,7769,鴻勁,3.33,26000,股
2026-05-19,2368,金像電,3.26,131000,股
2026-05-19,3711,日月光投控,2.63,288002,股
2026-05-19,8299,群聯,2.39,50000,股
2026-05-19,2360,致茂,2.15,54000,股
2026-05-19,4958,臻鼎-KY,1.9,240000,股
2026-05-19,3443,創意,1.82,21050,股
2026-05-19,2449,京元電子,1.71,305000,股
2026-05-19,2303,聯電,1.69,770000,股
2026-05-19,6515,穎崴,1.66,9000,股
2026-05-19,2327,國巨*,1.64,170000,股
2026-05-19,2059,川湖,1.47,17000,股
2026-05-19,5274,信驊,1.45,4700,股
2026-05-19,3081,聯亞,1.3,27000,股
2026-05-19,8046,南電,1.13,73000,股
2026-05-19,2467,志聖,1.04,93000,股
2026-05-19,3665,貿聯-KY,1.04,27000,股
2026-05-19,3661,世芯-KY,0.6,7000,股
2026-05-19,3264,欣銓,0.46,110000,股
2026-05-19,8210,勤誠,0.41,16000,股
2026-05-19,6187,萬潤,0.35,16000,股
2026-05-19,3036,文曄,0.31,60000,股
2026-05-19,3044,健鼎,0.27,30000,股
2026-05-19,6257,矽格,0.27,65000,股
2026-05-19,2395,研華,0.18,20000,股
2026-05-19,2412,中華電,0.0,1,股
2026-05-19,3045,台灣大,0.0,1,股
2026-05-19,4904,遠傳,0.0,3,股
2026-05-19,C_NTD,CASH,,280023292,元
2026-05-20,2330,台積電,16.52,382999,股
2026-05-20,2383,台光電,6.07,70000,股
2026-05-20,2345,智邦,4.69,101000,股
2026-05-20,2454,聯發科,4.33,68000,股
2026-05-20,3037,欣興,4.33,267001,股
2026-05-20,2308,台達電,3.98,105499,股
2026-05-20,6669,緯穎,3.97,41000,股
2026-05-20,6223,旺矽,3.8,33901,股
2026-05-20,6274,台燿,3.66,154000,股
2026-05-20,3017,奇鋐,3.58,77500,股
2026-05-20,7769,鴻勁,3.58,26000,股
2026-05-20,2368,金像電,3.19,131000,股
2026-05-20,3711,日月光投控,2.7,288002,股
2026-05-20,4958,臻鼎-KY,2.6,300000,股
2026-05-20,2360,致茂,2.2,54000,股
2026-05-20,2327,國巨*,2.1,205000,股
2026-05-20,3443,創意,1.91,21050,股
2026-05-20,2303,聯電,1.64,770000,股
2026-05-20,6515,穎崴,1.61,9000,股
2026-05-20,2059,川湖,1.51,17000,股
2026-05-20,5274,信驊,1.44,4700,股
2026-05-20,2449,京元電子,1.4,255000,股
2026-05-20,3081,聯亞,1.37,27000,股
2026-05-20,8299,群聯,1.34,30000,股
2026-05-20,8046,南電,1.19,73000,股
2026-05-20,2467,志聖,1.02,93000,股
2026-05-20,3661,世芯-KY,0.91,10000,股
2026-05-20,3036,文曄,0.77,140000,股
2026-05-20,3665,貿聯-KY,0.54,14000,股
2026-05-20,2455,全新,0.47,60000,股
2026-05-20,3264,欣銓,0.45,110000,股
2026-05-20,8210,勤誠,0.41,16000,股
2026-05-20,6147,頎邦,0.34,80000,股
2026-05-20,6187,萬潤,0.34,16000,股
2026-05-20,6415,矽力*-KY,0.3,30000,股
2026-05-20,3044,健鼎,0.27,30000,股
2026-05-20,6257,矽格,0.27,65000,股
2026-05-20,2395,研華,0.18,20000,股
2026-05-20,2412,中華電,0.0,1,股
2026-05-20,3045,台灣大,0.0,1,股
2026-05-20,4904,遠傳,0.0,3,股
2026-05-20,C_NTD,CASH,,361011371,元
2026-05-21,2330,台積電,16.01,382999,股
2026-05-21,2383,台光電,6.5,74000,股
2026-05-21,3037,欣興,4.95,292001,股
2026-05-21,2345,智邦,4.69,101000,股
2026-05-21,6669,緯穎,4.6,46000,股
2026-05-21,2454,聯發科,4.52,68000,股
2026-05-21,2308,台達電,4.01,105499,股
2026-05-21,6274,台燿,3.82,154000,股
2026-05-21,7769,鴻勁,3.74,26000,股
2026-05-21,3017,奇鋐,3.62,77500,股
2026-05-21,6223,旺矽,3.59,33901,股
2026-05-21,2368,金像電,3.15,131000,股
2026-05-21,3711,日月光投控,2.75,288002,股
2026-05-21,3443,創意,2.66,28050,股
2026-05-21,4958,臻鼎-KY,2.64,300000,股
2026-05-21,2360,致茂,2.3,54000,股
2026-05-21,2327,國巨*,2.2,205000,股
2026-05-21,8046,南電,2.17,133000,股
2026-05-21,2303,聯電,1.67,770000,股
2026-05-21,6515,穎崴,1.6,9000,股
2026-05-21,2059,川湖,1.56,17000,股
2026-05-21,3661,世芯-KY,1.56,17000,股
2026-05-21,5274,信驊,1.45,4700,股
2026-05-21,2449,京元電子,1.37,255000,股
2026-05-21,8299,群聯,1.31,30000,股
2026-05-21,3081,聯亞,1.29,27000,股
2026-05-21,2467,志聖,1.02,93000,股
2026-05-21,3036,文曄,0.76,140000,股
2026-05-21,3665,貿聯-KY,0.57,14000,股
2026-05-21,3533,嘉澤,0.47,10000,股
2026-05-21,3264,欣銓,0.45,110000,股
2026-05-21,2455,全新,0.43,60000,股
2026-05-21,8210,勤誠,0.4,16000,股
2026-05-21,3044,健鼎,0.37,40000,股
2026-05-21,6147,頎邦,0.33,80000,股
2026-05-21,6187,萬潤,0.33,16000,股
2026-05-21,6415,矽力*-KY,0.31,30000,股
2026-05-21,6257,矽格,0.26,65000,股
2026-05-21,2395,研華,0.17,20000,股
2026-05-21,2412,中華電,0.0,1,股
2026-05-21,3045,台灣大,0.0,1,股
2026-05-21,4904,遠傳,0.0,3,股
2026-05-21,C_NTD,CASH,,578086080,元
2026-05-22,2330,台積電,14.14,345999,股
2026-05-22,2383,台光電,7.16,79000,股
2026-05-22,3037,欣興,5.41,308001,股
2026-05-22,2454,聯發科,5.24,75000,股
2026-05-22,6669,緯穎,4.6,46000,股
2026-05-22,2345,智邦,4.52,101000,股
2026-05-22,6274,台燿,4.06,154000,股
2026-05-22,2308,台達電,4.0,105499,股
2026-05-22,6223,旺矽,3.71,33901,股
2026-05-22,7769,鴻勁,3.64,26000,股
2026-05-22,3017,奇鋐,3.57,77500,股
2026-05-22,4958,臻鼎-KY,3.18,340000,股
2026-05-22,2368,金像電,3.16,131000,股
2026-05-22,2327,國巨*,2.93,257000,股
2026-05-22,3711,日月光投控,2.93,288002,股
2026-05-22,8046,南電,2.76,163000,股
2026-05-22,3443,創意,2.61,28050,股
2026-05-22,2360,致茂,2.22,54000,股
2026-05-22,2303,聯電,1.59,770000,股
2026-05-22,2059,川湖,1.57,17000,股
2026-05-22,3661,世芯-KY,1.51,17000,股
2026-05-22,5274,信驊,1.51,4700,股
2026-05-22,6515,穎崴,1.42,9000,股
2026-05-22,2449,京元電子,1.37,255000,股
2026-05-22,3081,聯亞,1.33,27000,股
2026-05-22,8299,群聯,1.32,30000,股
2026-05-22,2467,志聖,1.02,93000,股
2026-05-22,3036,文曄,0.73,140000,股
2026-05-22,3665,貿聯-KY,0.56,14000,股
2026-05-22,3105,穩懋,0.53,55000,股
2026-05-22,2455,全新,0.46,60000,股
2026-05-22,3533,嘉澤,0.46,10000,股
2026-05-22,3264,欣銓,0.44,110000,股
2026-05-22,8210,勤誠,0.39,16000,股
2026-05-22,3044,健鼎,0.36,40000,股
2026-05-22,6187,萬潤,0.33,16000,股
2026-05-22,6147,頎邦,0.31,80000,股
2026-05-22,6415,矽力*-KY,0.31,30000,股
2026-05-22,6257,矽格,0.26,65000,股
2026-05-22,2395,研華,0.17,20000,股
2026-05-22,2412,中華電,0.0,1,股
2026-05-22,4904,遠傳,0.0,3,股
2026-05-22,C_NTD,CASH,,459273467,元
2026-05-25,2330,台積電,12.41,305999,股
2026-05-25,2383,台光電,7.61,79000,股
2026-05-25,2454,聯發科,5.57,75000,股
2026-05-25,3037,欣興,5.34,308001,股
2026-05-25,2308,台達電,4.83,120499,股
2026-05-25,6669,緯穎,4.52,46000,股
2026-05-25,2345,智邦,4.49,101000,股
2026-05-25,6274,台燿,4.31,154000,股
2026-05-25,6223,旺矽,3.68,33901,股
2026-05-25,2327,國巨*,3.59,297000,股
2026-05-25,3017,奇鋐,3.49,77500,股
2026-05-25,7769,鴻勁,3.48,26000,股
2026-05-25,2368,金像電,3.27,131000,股
2026-05-25,4958,臻鼎-KY,3.15,340000,股
2026-05-25,3711,日月光投控,3.11,288002,股
2026-05-25,2360,致茂,2.84,66000,股
2026-05-25,3443,創意,2.79,30050,股
2026-05-25,8046,南電,2.52,163000,股
2026-05-25,2303,聯電,1.68,770000,股
2026-05-25,3081,聯亞,1.54,30000,股
2026-05-25,2059,川湖,1.48,17000,股
2026-05-25,3661,世芯-KY,1.46,17000,股
2026-05-25,5274,信驊,1.46,4700,股
2026-05-25,2449,京元電子,1.42,255000,股
2026-05-25,6515,穎崴,1.39,9000,股
2026-05-25,8299,群聯,1.3,30000,股
2026-05-25,2467,志聖,1.08,93000,股
2026-05-25,3036,文曄,0.74,140000,股
2026-05-25,3665,貿聯-KY,0.58,14000,股
2026-05-25,3105,穩懋,0.52,55000,股
2026-05-25,2455,全新,0.47,60000,股
2026-05-25,3533,嘉澤,0.45,10000,股
2026-05-25,3264,欣銓,0.43,110000,股
2026-05-25,8210,勤誠,0.4,16000,股
2026-05-25,3044,健鼎,0.35,40000,股
2026-05-25,6187,萬潤,0.34,16000,股
2026-05-25,6147,頎邦,0.33,80000,股
2026-05-25,6415,矽力*-KY,0.32,30000,股
2026-05-25,6257,矽格,0.26,65000,股
2026-05-25,2395,研華,0.17,20000,股
2026-05-25,2412,中華電,0.0,1,股
2026-05-25,4904,遠傳,0.0,3,股
2026-05-25,C_NTD,CASH,,236844478,元
2026-05-26,2330,台積電,12.04,305999,股
2026-05-26,2383,台光電,7.26,79000,股
2026-05-26,3037,欣興,5.81,308001,股
2026-05-26,2454,聯發科,5.56,75000,股
2026-05-26,2308,台達電,5.33,130499,股
2026-05-26,2345,智邦,4.6,101000,股
2026-05-26,6274,台燿,4.23,154000,股
2026-05-26,3017,奇鋐,3.95,83500,股
2026-05-26,6223,旺矽,3.68,33901,股
2026-05-26,7769,鴻勁,3.57,26000,股
2026-05-26,2327,國巨*,3.41,297000,股
2026-05-26,2368,金像電,3.29,131000,股
2026-05-26,4958,臻鼎-KY,3.19,340000,股
2026-05-26,3711,日月光投控,3.06,288002,股
2026-05-26,2360,致茂,2.87,66000,股
2026-05-26,3443,創意,2.76,30050,股
2026-05-26,6669,緯穎,2.75,30000,股
2026-05-26,8046,南電,2.61,163000,股
2026-05-26,2303,聯電,1.97,870000,股
2026-05-26,3081,聯亞,1.65,30000,股
2026-05-26,2449,京元電子,1.5,255000,股
2026-05-26,2059,川湖,1.49,17000,股
2026-05-26,5274,信驊,1.41,4700,股
2026-05-26,6515,穎崴,1.39,9000,股
2026-05-26,3661,世芯-KY,1.37,17000,股
2026-05-26,8299,群聯,1.31,30000,股
2026-05-26,2467,志聖,1.08,93000,股
2026-05-26,3036,文曄,0.71,140000,股
2026-05-26,3665,貿聯-KY,0.55,14000,股
2026-05-26,3105,穩懋,0.54,55000,股
2026-05-26,3533,嘉澤,0.46,10000,股
2026-05-26,3264,欣銓,0.44,110000,股
2026-05-26,8210,勤誠,0.4,16000,股
2026-05-26,6147,頎邦,0.36,80000,股
2026-05-26,3044,健鼎,0.35,40000,股
2026-05-26,6415,矽力*-KY,0.33,30000,股
2026-05-26,6187,萬潤,0.32,16000,股
2026-05-26,6257,矽格,0.27,65000,股
2026-05-26,2395,研華,0.18,20000,股
2026-05-26,2412,中華電,0.0,1,股
2026-05-26,4904,遠傳,0.0,3,股
2026-05-26,C_NTD,CASH,,124165446,元
2026-05-27,2330,台積電,11.59,292999,股
2026-05-27,2383,台光電,6.55,72000,股
2026-05-27,2454,聯發科,5.97,75000,股
2026-05-27,3037,欣興,5.71,308001,股
2026-05-27,2308,台達電,5.64,130499,股
2026-05-27,2345,智邦,4.54,101000,股
2026-05-27,6274,台燿,4.31,154000,股
2026-05-27,3017,奇鋐,3.87,83500,股
2026-05-27,6223,旺矽,3.72,33901,股
2026-05-27,2327,國巨*,3.57,297000,股
2026-05-27,7769,鴻勁,3.48,26000,股
2026-05-27,2360,致茂,3.29,73000,股
2026-05-27,3711,日月光投控,3.27,297002,股
2026-05-27,4958,臻鼎-KY,3.1,340000,股
2026-05-27,2368,金像電,3.09,131000,股
2026-05-27,3443,創意,2.63,30050,股
2026-05-27,8046,南電,2.53,163000,股
2026-05-27,2303,聯電,2.14,870000,股
2026-05-27,6669,緯穎,1.74,20000,股
2026-05-27,6515,穎崴,1.51,9000,股
2026-05-27,3081,聯亞,1.48,30000,股
2026-05-27,5274,信驊,1.47,4700,股
2026-05-27,2059,川湖,1.43,17000,股
2026-05-27,2449,京元電子,1.38,255000,股
2026-05-27,3661,世芯-KY,1.31,17000,股
2026-05-27,8299,群聯,1.28,30000,股
2026-05-27,2467,志聖,1.05,93000,股
2026-05-27,3036,文曄,0.71,140000,股
2026-05-27,2344,華邦電,0.53,200000,股
2026-05-27,3105,穩懋,0.53,55000,股
2026-05-27,3665,貿聯-KY,0.51,14000,股
2026-05-27,3533,嘉澤,0.45,10000,股
2026-05-27,3264,欣銓,0.43,110000,股
2026-05-27,8210,勤誠,0.38,16000,股
2026-05-27,3044,健鼎,0.36,40000,股
2026-05-27,6147,頎邦,0.36,80000,股
2026-05-27,6415,矽力*-KY,0.34,30000,股
2026-05-27,6187,萬潤,0.27,14000,股
2026-05-27,6257,矽格,0.26,65000,股
2026-05-27,2395,研華,0.17,20000,股
2026-05-27,2412,中華電,0.0,1,股
2026-05-27,4904,遠傳,0.0,3,股
2026-05-27,C_NTD,CASH,,59024350,元
2026-05-28,2330,台積電,11.89,292999,股
2026-05-28,2454,聯發科,5.85,75000,股
2026-05-28,3037,欣興,5.58,308001,股
2026-05-28,2308,台達電,5.51,130499,股
2026-05-28,2383,台光電,5.45,61000,股
2026-05-28,2327,國巨*,3.89,297000,股
2026-05-28,2360,致茂,3.82,84000,股
2026-05-28,3017,奇鋐,3.81,83500,股
2026-05-28,6223,旺矽,3.54,33901,股
2026-05-28,7769,鴻勁,3.54,26000,股
2026-05-28,3711,日月光投控,3.29,297002,股
2026-05-28,6274,台燿,3.1,114000,股
2026-05-28,2345,智邦,2.63,61000,股
2026-05-28,2368,金像電,2.47,107000,股
2026-05-28,8046,南電,2.45,163000,股
2026-05-28,3443,創意,2.44,30050,股
2026-05-28,2303,聯電,2.18,870000,股
2026-05-28,6669,緯穎,1.75,20000,股
2026-05-28,5274,信驊,1.48,4700,股
2026-05-28,6515,穎崴,1.45,9000,股
2026-05-28,2449,京元電子,1.44,255000,股
2026-05-28,2059,川湖,1.41,17000,股
2026-05-28,3081,聯亞,1.4,30000,股
2026-05-28,8299,群聯,1.3,30000,股
2026-05-28,3661,世芯-KY,1.29,17000,股
2026-05-28,4958,臻鼎-KY,1.18,137000,股
2026-05-28,2467,志聖,1.01,93000,股
2026-05-28,3036,文曄,0.72,140000,股
2026-05-28,3665,貿聯-KY,0.52,14000,股
2026-05-28,2344,華邦電,0.51,200000,股
2026-05-28,3105,穩懋,0.51,55000,股
2026-05-28,3264,欣銓,0.46,110000,股
2026-05-28,3533,嘉澤,0.44,10000,股
2026-05-28,6147,頎邦,0.39,80000,股
2026-05-28,8210,勤誠,0.37,16000,股
2026-05-28,3044,健鼎,0.35,40000,股
2026-05-28,6415,矽力*-KY,0.33,30000,股
2026-05-28,6187,萬潤,0.31,14000,股
2026-05-28,6257,矽格,0.26,65000,股
2026-05-28,2395,研華,0.17,20000,股
2026-05-28,2412,中華電,0.0,1,股
2026-05-28,4904,遠傳,0.0,3,股
2026-05-28,C_NTD,CASH,,114746412,元
2026-05-29,2330,台積電,11.99,292999,股
2026-05-29,3037,欣興,5.65,308001,股
2026-05-29,2454,聯發科,5.62,75000,股
2026-05-29,2308,台達電,5.55,130499,股
2026-05-29,2383,台光電,5.43,61000,股
2026-05-29,3017,奇鋐,3.87,83500,股
2026-05-29,2327,國巨*,3.81,297000,股
2026-05-29,7769,鴻勁,3.73,26000,股
2026-05-29,2360,致茂,3.68,84000,股
2026-05-29,6274,台燿,3.35,114000,股
2026-05-29,3711,日月光投控,3.15,297002,股
2026-05-29,2345,智邦,2.58,61000,股
2026-05-29,6223,旺矽,2.48,23901,股
2026-05-29,2368,金像電,2.46,107000,股
2026-05-29,8046,南電,2.4,163000,股
2026-05-29,5274,信驊,2.37,7200,股
2026-05-29,2303,聯電,2.19,870000,股
2026-05-29,6669,緯穎,1.89,20000,股
2026-05-29,2059,川湖,1.5,17000,股
2026-05-29,2449,京元電子,1.46,255000,股
2026-05-29,3081,聯亞,1.36,30000,股
2026-05-29,6515,穎崴,1.36,9000,股
2026-05-29,8299,群聯,1.34,30000,股
2026-05-29,3661,世芯-KY,1.3,17000,股
2026-05-29,4958,臻鼎-KY,1.23,137000,股
2026-05-29,3443,創意,1.22,15050,股
2026-05-29,2344,華邦電,1.1,400000,股
2026-05-29,2467,志聖,1.0,93000,股
2026-05-29,6147,頎邦,0.96,180000,股
2026-05-29,3036,文曄,0.7,140000,股
2026-05-29,2408,南亞科,0.54,90000,股
2026-05-29,2376,技嘉,0.51,80000,股
2026-05-29,3665,貿聯-KY,0.51,14000,股
2026-05-29,3105,穩懋,0.5,55000,股
2026-05-29,2382,廣達,0.47,80000,股
2026-05-29,3264,欣銓,0.47,110000,股
2026-05-29,3533,嘉澤,0.46,10000,股
2026-05-29,6285,啟碁,0.39,70000,股
2026-05-29,8210,勤誠,0.38,16000,股
2026-05-29,3044,健鼎,0.36,40000,股
2026-05-29,6187,萬潤,0.27,14000,股
2026-05-29,6257,矽格,0.26,65000,股
2026-05-29,2395,研華,0.17,20000,股
2026-05-29,2412,中華電,0.0,1,股
2026-05-29,4904,遠傳,0.0,3,股
2026-05-29,C_NTD,CASH,,216968148,元
2026-06-01,2330,台積電,12.36,304999,股
2026-06-01,2454,聯發科,6.67,85000,股
2026-06-01,3037,欣興,5.93,328001,股
2026-06-01,2308,台達電,5.44,130499,股
2026-06-01,2383,台光電,5.33,61000,股
2026-06-01,3017,奇鋐,4.39,91500,股
2026-06-01,2327,國巨*,4.04,297000,股
2026-06-01,2360,致茂,3.73,84000,股
2026-06-01,7769,鴻勁,3.37,26000,股
2026-06-01,6274,台燿,3.35,114000,股
2026-06-01,3711,日月光投控,3.08,297002,股
2026-06-01,2345,智邦,2.64,61000,股
2026-06-01,6669,緯穎,2.57,27000,股
2026-06-01,8046,南電,2.54,163000,股
2026-06-01,2368,金像電,2.44,107000,股
2026-06-01,5274,信驊,2.29,7200,股
2026-06-01,2303,聯電,2.19,870000,股
2026-06-01,6223,旺矽,2.05,20901,股
2026-06-01,2344,華邦電,1.68,580000,股
2026-06-01,2059,川湖,1.53,17000,股
2026-06-01,8299,群聯,1.43,30000,股
2026-06-01,3661,世芯-KY,1.42,17000,股
2026-06-01,2449,京元電子,1.4,255000,股
2026-06-01,3081,聯亞,1.39,30000,股
2026-06-01,6515,穎崴,1.35,9000,股
2026-06-01,4958,臻鼎-KY,1.29,137000,股
2026-06-01,3443,創意,1.21,15050,股
2026-06-01,2408,南亞科,1.12,170000,股
2026-06-01,2467,志聖,1.02,93000,股
2026-06-01,2382,廣達,0.92,143000,股
2026-06-01,6147,頎邦,0.89,180000,股
2026-06-01,3036,文曄,0.69,140000,股
2026-06-01,2376,技嘉,0.53,80000,股
2026-06-01,3665,貿聯-KY,0.51,14000,股
2026-06-01,3105,穩懋,0.5,55000,股
2026-06-01,3533,嘉澤,0.46,10000,股
2026-06-01,8210,勤誠,0.39,16000,股
2026-06-01,6285,啟碁,0.38,70000,股
2026-06-01,3044,健鼎,0.36,40000,股
2026-06-01,6257,矽格,0.25,65000,股
2026-06-01,2395,研華,0.18,20000,股
2026-06-01,2412,中華電,0.0,1,股
2026-06-01,4904,遠傳,0.0,3,股
2026-06-01,C_NTD,CASH,,540671248,元
2026-06-02,2330,台積電,13.73,328999,股
2026-06-02,2454,聯發科,6.75,85000,股
2026-06-02,3037,欣興,5.61,328001,股
2026-06-02,2308,台達電,5.41,130499,股
2026-06-02,2383,台光電,4.61,54000,股
2026-06-02,2327,國巨*,4.41,297000,股
2026-06-02,3017,奇鋐,4.34,91500,股
2026-06-02,2360,致茂,3.57,84000,股
2026-06-02,7769,鴻勁,3.27,26000,股
2026-06-02,6274,台燿,3.18,114000,股
2026-06-02,3711,日月光投控,3.08,297002,股
2026-06-02,6669,緯穎,2.6,27000,股
2026-06-02,8046,南電,2.47,163000,股
2026-06-02,2345,智邦,2.38,56000,股
2026-06-02,5274,信驊,2.29,7200,股
2026-06-02,2303,聯電,2.16,870000,股
2026-06-02,6223,旺矽,2.02,20901,股
2026-06-02,2368,金像電,1.95,87000,股
2026-06-02,2344,華邦電,1.88,580000,股
2026-06-02,2382,廣達,1.88,268000,股
2026-06-02,2059,川湖,1.51,17000,股
2026-06-02,8299,群聯,1.49,30000,股
2026-06-02,3661,世芯-KY,1.37,17000,股
2026-06-02,2408,南亞科,1.25,170000,股
2026-06-02,4958,臻鼎-KY,1.25,137000,股
2026-06-02,3081,聯亞,0.99,22000,股
2026-06-02,2449,京元電子,0.89,165000,股
2026-06-02,6147,頎邦,0.89,180000,股
2026-06-02,6515,穎崴,0.85,6000,股
2026-06-02,3443,創意,0.8,10050,股
2026-06-02,3036,文曄,0.71,140000,股
2026-06-02,2376,技嘉,0.55,80000,股
2026-06-02,2467,志聖,0.55,53000,股
2026-06-02,3665,貿聯-KY,0.54,14000,股
2026-06-02,3105,穩懋,0.5,55000,股
2026-06-02,3533,嘉澤,0.46,10000,股
2026-06-02,8210,勤誠,0.39,16000,股
2026-06-02,6285,啟碁,0.38,70000,股
2026-06-02,3044,健鼎,0.36,40000,股
2026-06-02,6257,矽格,0.25,65000,股
2026-06-02,2395,研華,0.18,20000,股
2026-06-02,2412,中華電,0.0,1,股
2026-06-02,4904,遠傳,0.0,3,股
2026-06-02,C_NTD,CASH,,458349157,元
2026-06-03,2330,台積電,13.94,328999,股
2026-06-03,2454,聯發科,6.75,85000,股
2026-06-03,3037,欣興,5.73,328001,股
2026-06-03,2308,台達電,5.6,130499,股
2026-06-03,3017,奇鋐,5.07,101500,股
2026-06-03,2383,台光電,4.56,54000,股
2026-06-03,6274,台燿,4.27,144000,股
2026-06-03,2327,國巨*,4.26,297000,股
2026-06-03,2360,致茂,3.74,84000,股
2026-06-03,3711,日月光投控,3.53,327002,股
2026-06-03,7769,鴻勁,3.42,26000,股
2026-06-03,6669,緯穎,2.64,27000,股
2026-06-03,8046,南電,2.58,163000,股
2026-06-03,2345,智邦,2.53,56000,股
2026-06-03,2382,廣達,2.39,328000,股
2026-06-03,5274,信驊,2.26,7200,股
2026-06-03,6223,旺矽,2.16,20901,股
2026-06-03,2368,金像電,2.11,87000,股
2026-06-03,2344,華邦電,1.8,580000,股
2026-06-03,3665,貿聯-KY,1.61,40000,股
2026-06-03,2059,川湖,1.59,17000,股
2026-06-03,8299,群聯,1.41,30000,股
2026-06-03,3661,世芯-KY,1.37,17000,股
2026-06-03,4958,臻鼎-KY,1.22,137000,股
2026-06-03,2408,南亞科,1.19,170000,股
2026-06-03,3081,聯亞,1.09,22000,股
2026-06-03,2303,聯電,1.0,440000,股
2026-06-03,2449,京元電子,0.93,165000,股
2026-06-03,6147,頎邦,0.87,180000,股
2026-06-03,3443,創意,0.81,10050,股
2026-06-03,3036,文曄,0.72,140000,股
2026-06-03,6515,穎崴,0.72,5000,股
2026-06-03,2467,志聖,0.57,53000,股
2026-06-03,2376,技嘉,0.56,80000,股
2026-06-03,3533,嘉澤,0.45,10000,股
2026-06-03,8210,勤誠,0.41,16000,股
2026-06-03,6285,啟碁,0.37,70000,股
2026-06-03,3044,健鼎,0.36,40000,股
2026-06-03,6257,矽格,0.26,65000,股
2026-06-03,2395,研華,0.18,20000,股
2026-06-03,2412,中華電,0.0,1,股
2026-06-03,4904,遠傳,0.0,3,股
2026-06-03,C_NTD,CASH,,272179948,元
2026-06-04,2330,台積電,14.01,328999,股
2026-06-04,2454,聯發科,6.72,85000,股
2026-06-04,3037,欣興,5.69,328001,股
2026-06-04,2308,台達電,5.65,130499,股
2026-06-04,3017,奇鋐,4.91,101500,股
2026-06-04,2383,台光電,4.66,54000,股
2026-06-04,6274,台燿,4.36,144000,股
2026-06-04,2327,國巨*,3.94,297000,股
2026-06-04,2360,致茂,3.93,84000,股
2026-06-04,3711,日月光投控,3.46,327002,股
2026-06-04,7769,鴻勁,3.43,26000,股
2026-06-04,6669,緯穎,2.69,27000,股
2026-06-04,6223,旺矽,2.59,23901,股
2026-06-04,8046,南電,2.56,163000,股
2026-06-04,2345,智邦,2.51,56000,股
2026-06-04,2382,廣達,2.37,328000,股
2026-06-04,5274,信驊,2.35,7200,股
2026-06-04,2368,金像電,2.1,87000,股
2026-06-04,2344,華邦電,1.86,580000,股
2026-06-04,2059,川湖,1.62,17000,股
2026-06-04,3665,貿聯-KY,1.54,40000,股
2026-06-04,8299,群聯,1.38,30000,股
2026-06-04,2408,南亞科,1.2,170000,股
2026-06-04,3081,聯亞,1.01,22000,股
2026-06-04,2449,京元電子,0.95,165000,股
2026-06-04,6147,頎邦,0.87,180000,股
2026-06-04,3661,世芯-KY,0.85,11000,股
2026-06-04,4958,臻鼎-KY,0.81,92000,股
2026-06-04,3443,創意,0.79,10050,股
2026-06-04,6515,穎崴,0.77,5000,股
2026-06-04,3036,文曄,0.71,140000,股
2026-06-04,2467,志聖,0.59,53000,股
2026-06-04,8210,勤誠,0.41,16000,股
2026-06-04,3044,健鼎,0.37,40000,股
2026-06-04,6510,精測,0.31,5000,股
2026-06-04,6257,矽格,0.26,65000,股
2026-06-04,2395,研華,0.19,20000,股
2026-06-04,2412,中華電,0.0,1,股
2026-06-04,4904,遠傳,0.0,3,股
2026-06-04,C_NTD,CASH,,356260703,元
2026-06-05,2330,台積電,14.16,328999,股
2026-06-05,2454,聯發科,6.66,85000,股
2026-06-05,2308,台達電,5.47,130499,股
2026-06-05,3017,奇鋐,4.81,101500,股
2026-06-05,2383,台光電,4.8,54000,股
2026-06-05,3037,欣興,4.49,264001,股
2026-06-05,6274,台燿,4.22,144000,股
2026-06-05,2327,國巨*,4.16,297000,股
2026-06-05,2360,致茂,3.92,84000,股
2026-06-05,3711,日月光投控,3.44,327002,股
2026-06-05,7769,鴻勁,3.44,26000,股
2026-06-05,6669,緯穎,2.78,27000,股
2026-06-05,2345,智邦,2.54,56000,股
2026-06-05,6223,旺矽,2.51,23901,股
2026-06-05,8046,南電,2.51,163000,股
2026-06-05,2382,廣達,2.33,328000,股
2026-06-05,5274,信驊,2.3,7200,股
2026-06-05,2368,金像電,2.08,87000,股
2026-06-05,3665,貿聯-KY,1.92,48000,股
2026-06-05,2059,川湖,1.74,17000,股
2026-06-05,2344,華邦電,1.71,580000,股
2026-06-05,3081,聯亞,1.06,22000,股
2026-06-05,6147,頎邦,0.89,180000,股
2026-06-05,3661,世芯-KY,0.86,11000,股
2026-06-05,4958,臻鼎-KY,0.84,92000,股
2026-06-05,3443,創意,0.81,10050,股
2026-06-05,6515,穎崴,0.77,5000,股
2026-06-05,3036,文曄,0.72,140000,股
2026-06-05,8299,群聯,0.67,15000,股
2026-06-05,2467,志聖,0.56,53000,股
2026-06-05,8210,勤誠,0.4,16000,股
2026-06-05,3044,健鼎,0.36,40000,股
2026-06-05,6510,精測,0.3,5000,股
2026-06-05,3045,台灣大,0.21,100000,股
2026-06-05,2408,南亞科,0.2,30000,股
2026-06-05,2395,研華,0.18,20000,股
2026-06-05,2412,中華電,0.0,1,股
2026-06-05,4904,遠傳,0.0,3,股
2026-06-05,C_NTD,CASH,,170180718,元
2026-06-08,2330,台積電,14.07,328999,股
2026-06-08,2454,聯發科,6.45,85000,股
2026-06-08,2308,台達電,5.48,130499,股
2026-06-08,3017,奇鋐,4.86,101500,股
2026-06-08,2383,台光電,4.8,54000,股
2026-06-08,3037,欣興,4.48,264001,股
2026-06-08,2327,國巨*,4.16,297000,股
2026-06-08,6274,台燿,4.12,144000,股
2026-06-08,2360,致茂,3.84,84000,股
2026-06-08,7769,鴻勁,3.41,26000,股
2026-06-08,3711,日月光投控,3.29,327002,股
2026-06-08,6669,緯穎,2.65,27000,股
2026-06-08,2345,智邦,2.53,56000,股
2026-06-08,2368,金像電,2.53,100000,股
2026-06-08,8046,南電,2.52,163000,股
2026-06-08,6223,旺矽,2.46,23901,股
2026-06-08,5274,信驊,2.35,7200,股
2026-06-08,2382,廣達,2.3,328000,股
2026-06-08,2059,川湖,1.96,17000,股
2026-06-08,3665,貿聯-KY,1.87,48000,股
2026-06-08,2344,華邦電,1.66,580000,股
2026-06-08,4958,臻鼎-KY,0.88,92000,股
2026-06-08,3661,世芯-KY,0.85,11000,股
2026-06-08,6147,頎邦,0.82,180000,股
2026-06-08,6515,穎崴,0.78,5000,股
2026-06-08,3036,文曄,0.65,140000,股
2026-06-08,2467,志聖,0.56,53000,股
2026-06-08,3045,台灣大,0.54,250000,股
2026-06-08,8210,勤誠,0.41,16000,股
2026-06-08,3443,創意,0.4,5050,股
2026-06-08,3044,健鼎,0.36,40000,股
2026-06-08,3653,健策,0.36,5000,股
2026-06-08,8299,群聯,0.34,8000,股
2026-06-08,6510,精測,0.33,5000,股
2026-06-08,2408,南亞科,0.19,30000,股
2026-06-08,2395,研華,0.18,20000,股
2026-06-08,2412,中華電,0.0,1,股
2026-06-08,4904,遠傳,0.0,3,股
2026-06-08,C_NTD,CASH,,321809962,元
2026-06-09,2330,台積電,13.64,328999,股
2026-06-09,2454,聯發科,7.48,93000,股
2026-06-09,2308,台達電,6.28,144499,股
2026-06-09,2383,台光電,5.92,65000,股
2026-06-09,3017,奇鋐,4.65,101500,股
2026-06-09,3037,欣興,4.6,264001,股
2026-06-09,2327,國巨*,4.41,297000,股
2026-06-09,6274,台燿,4.18,144000,股
2026-06-09,2360,致茂,3.61,84000,股
2026-06-09,2368,金像電,3.49,130000,股
2026-06-09,8046,南電,3.42,208000,股
2026-06-09,3711,日月光投控,3.35,327002,股
2026-06-09,6223,旺矽,3.27,30901,股
2026-06-09,7769,鴻勁,2.75,22000,股
2026-06-09,6669,緯穎,2.57,27000,股
2026-06-09,2345,智邦,2.49,56000,股
2026-06-09,5274,信驊,2.31,7200,股
2026-06-09,2059,川湖,2.08,17000,股
2026-06-09,3665,貿聯-KY,1.86,48000,股
2026-06-09,2382,廣達,1.74,258000,股
2026-06-09,2344,華邦電,1.63,580000,股
2026-06-09,4958,臻鼎-KY,0.9,92000,股
2026-06-09,3653,健策,0.85,12000,股
2026-06-09,3661,世芯-KY,0.84,11000,股
2026-06-09,6147,頎邦,0.81,180000,股
2026-06-09,6515,穎崴,0.77,5000,股
2026-06-09,3036,文曄,0.63,140000,股
2026-06-09,2467,志聖,0.55,53000,股
2026-06-09,3045,台灣大,0.53,250000,股
2026-06-09,8210,勤誠,0.43,16000,股
2026-06-09,3443,創意,0.39,5050,股
2026-06-09,3044,健鼎,0.36,40000,股
2026-06-09,8299,群聯,0.34,8000,股
2026-06-09,6510,精測,0.3,5000,股
2026-06-09,2408,南亞科,0.2,30000,股
2026-06-09,2395,研華,0.18,20000,股
2026-06-09,2412,中華電,0.0,1,股
2026-06-09,4904,遠傳,0.0,3,股
2026-06-09,C_NTD,CASH,,530489017,元
2026-06-10,2330,台積電,14.0,328999,股
2026-06-10,2454,聯發科,7.3,93000,股
2026-06-10,2383,台光電,6.06,65000,股
2026-06-10,2308,台達電,6.0,144499,股
2026-06-10,2327,國巨*,5.29,342000,股
2026-06-10,3037,欣興,4.41,264001,股
2026-06-10,2368,金像電,4.29,160000,股
2026-06-10,6274,台燿,4.08,144000,股
2026-06-10,3017,奇鋐,3.85,86500,股
2026-06-10,2360,致茂,3.51,84000,股
2026-06-10,6223,旺矽,3.37,30901,股
2026-06-10,3711,日月光投控,3.33,327002,股
2026-06-10,8046,南電,3.33,208000,股
2026-06-10,7769,鴻勁,2.84,22000,股
2026-06-10,2345,智邦,2.81,63000,股
2026-06-10,6669,緯穎,2.58,27000,股
2026-06-10,5274,信驊,2.29,7200,股
2026-06-10,2059,川湖,2.04,17000,股
2026-06-10,3665,貿聯-KY,1.95,48000,股
2026-06-10,2344,華邦電,1.63,580000,股
2026-06-10,4958,臻鼎-KY,0.87,92000,股
2026-06-10,3653,健策,0.86,12000,股
2026-06-10,3661,世芯-KY,0.84,11000,股
2026-06-10,6515,穎崴,0.77,5000,股
2026-06-10,3036,文曄,0.63,140000,股
2026-06-10,3045,台灣大,0.56,250000,股
2026-06-10,2467,志聖,0.54,53000,股
2026-06-10,8210,勤誠,0.44,16000,股
2026-06-10,2382,廣達,0.42,58000,股
2026-06-10,3443,創意,0.38,5050,股
2026-06-10,3044,健鼎,0.36,40000,股
2026-06-10,8299,群聯,0.33,8000,股
2026-06-10,6510,精測,0.3,5000,股
2026-06-10,2408,南亞科,0.19,30000,股
2026-06-10,2395,研華,0.18,20000,股
2026-06-10,2412,中華電,0.0,1,股
2026-06-10,4904,遠傳,0.0,3,股
2026-06-10,C_NTD,CASH,,565871412,元
2026-06-11,2330,台積電,13.88,328999,股
2026-06-11,2454,聯發科,7.12,93000,股
2026-06-11,2383,台光電,6.2,65000,股
2026-06-11,2308,台達電,5.85,144499,股
2026-06-11,2327,國巨*,5.39,342000,股
2026-06-11,3037,欣興,4.22,264001,股
2026-06-11,2368,金像電,4.03,160000,股
2026-06-11,6223,旺矽,3.98,34901,股
2026-06-11,6274,台燿,3.98,144000,股
2026-06-11,3017,奇鋐,3.78,86500,股
2026-06-11,2360,致茂,3.45,84000,股
2026-06-11,3711,日月光投控,3.33,327002,股
2026-06-11,8046,南電,3.14,208000,股
2026-06-11,7769,鴻勁,2.91,22000,股
2026-06-11,2345,智邦,2.69,63000,股
2026-06-11,5274,信驊,2.37,7200,股
2026-06-11,2059,川湖,2.04,17000,股
2026-06-11,3665,貿聯-KY,1.94,48000,股
2026-06-11,6669,緯穎,1.84,20000,股
2026-06-11,2344,華邦電,1.7,580000,股
2026-06-11,4958,臻鼎-KY,1.31,132000,股
2026-06-11,6515,穎崴,0.82,5000,股
2026-06-11,3653,健策,0.81,12000,股
2026-06-11,3045,台灣大,0.56,250000,股
2026-06-11,2467,志聖,0.54,53000,股
2026-06-11,3661,世芯-KY,0.53,7000,股
2026-06-11,8210,勤誠,0.43,16000,股
2026-06-11,2382,廣達,0.4,58000,股
2026-06-11,3443,創意,0.39,5050,股
2026-06-11,3044,健鼎,0.36,40000,股
2026-06-11,8299,群聯,0.33,8000,股
2026-06-11,6510,精測,0.32,5000,股
2026-06-11,3036,文曄,0.22,50000,股
2026-06-11,2408,南亞科,0.19,30000,股
2026-06-11,2395,研華,0.17,20000,股
2026-06-11,2412,中華電,0.0,1,股
2026-06-11,4904,遠傳,0.0,3,股
2026-06-11,C_NTD,CASH,,343291448,元
2026-06-12,2330,台積電,13.89,328999,股
2026-06-12,2454,聯發科,7.12,93000,股
2026-06-12,2308,台達電,5.86,144499,股
2026-06-12,2383,台光電,5.75,65000,股
2026-06-12,2327,國巨*,5.35,342000,股
2026-06-12,6223,旺矽,4.74,39901,股
2026-06-12,3037,欣興,4.36,264001,股
2026-06-12,2368,金像電,3.87,160000,股
2026-06-12,3017,奇鋐,3.81,86500,股
2026-06-12,6274,台燿,3.77,144000,股
2026-06-12,2360,致茂,3.53,84000,股
2026-06-12,3711,日月光投控,3.53,327002,股
2026-06-12,8046,南電,3.12,208000,股
2026-06-12,7769,鴻勁,2.9,22000,股
2026-06-12,2345,智邦,2.69,63000,股
2026-06-12,3665,貿聯-KY,2.45,58000,股
2026-06-12,5274,信驊,2.43,7200,股
2026-06-12,2059,川湖,2.15,17000,股
2026-06-12,4958,臻鼎-KY,2.04,202000,股
2026-06-12,2344,華邦電,1.83,580000,股
2026-06-12,6669,緯穎,1.78,20000,股
2026-06-12,6515,穎崴,0.88,5000,股
2026-06-12,3653,健策,0.81,12000,股
2026-06-12,8210,勤誠,0.76,28000,股
2026-06-12,2408,南亞科,0.75,110000,股
2026-06-12,3045,台灣大,0.55,250000,股
2026-06-12,2467,志聖,0.54,53000,股
2026-06-12,3661,世芯-KY,0.53,7000,股
2026-06-12,3443,創意,0.4,5050,股
2026-06-12,2382,廣達,0.39,58000,股
2026-06-12,3044,健鼎,0.36,40000,股
2026-06-12,8299,群聯,0.34,8000,股
2026-06-12,6510,精測,0.33,5000,股
2026-06-12,2395,研華,0.17,20000,股
2026-06-12,2412,中華電,0.0,1,股
2026-06-12,4904,遠傳,0.0,3,股
2026-06-12,C_NTD,CASH,,441347037,元
2026-06-15,2330,台積電,13.91,328999,股
2026-06-15,2454,聯發科,7.4,93000,股
2026-06-15,2383,台光電,5.82,65000,股
2026-06-15,2327,國巨*,5.72,342000,股
2026-06-15,2308,台達電,5.68,144499,股
2026-06-15,6223,旺矽,4.57,39901,股
2026-06-15,3037,欣興,4.51,264001,股
2026-06-15,6274,台燿,4.02,144000,股
2026-06-15,2368,金像電,3.76,160000,股
2026-06-15,3017,奇鋐,3.71,86500,股
2026-06-15,3711,日月光投控,3.43,327002,股
2026-06-15,2360,致茂,3.39,84000,股
2026-06-15,8046,南電,3.18,208000,股
2026-06-15,7769,鴻勁,2.82,22000,股
2026-06-15,2345,智邦,2.72,63000,股
2026-06-15,3665,貿聯-KY,2.34,58000,股
2026-06-15,5274,信驊,2.28,7200,股
2026-06-15,4958,臻鼎-KY,2.12,202000,股
2026-06-15,2059,川湖,2.11,17000,股
2026-06-15,2344,華邦電,1.95,580000,股
2026-06-15,6669,緯穎,1.74,20000,股
2026-06-15,6515,穎崴,0.88,5000,股
2026-06-15,3653,健策,0.82,12000,股
2026-06-15,2408,南亞科,0.77,110000,股
2026-06-15,8210,勤誠,0.71,28000,股
2026-06-15,2467,志聖,0.54,53000,股
2026-06-15,3045,台灣大,0.53,250000,股
2026-06-15,3661,世芯-KY,0.53,7000,股
2026-06-15,3443,創意,0.43,5050,股
2026-06-15,2382,廣達,0.38,58000,股
2026-06-15,3044,健鼎,0.37,40000,股
2026-06-15,8299,群聯,0.33,8000,股
2026-06-15,6510,精測,0.32,5000,股
2026-06-15,2395,研華,0.17,20000,股
2026-06-15,2412,中華電,0.0,1,股
2026-06-15,4904,遠傳,0.0,3,股
2026-06-15,C_NTD,CASH,,466156578,元
2026-06-16,2330,台積電,13.88,328999,股
2026-06-16,2454,聯發科,7.46,93000,股
2026-06-16,2383,台光電,5.85,65000,股
2026-06-16,2327,國巨*,5.71,342000,股
2026-06-16,2308,台達電,5.67,144499,股
2026-06-16,3037,欣興,4.56,264001,股
2026-06-16,6223,旺矽,4.52,39901,股
2026-06-16,6274,台燿,4.45,157000,股
2026-06-16,2368,金像電,3.79,160000,股
2026-06-16,8046,南電,3.73,235000,股
2026-06-16,3017,奇鋐,3.61,86500,股
2026-06-16,2360,致茂,3.44,84000,股
2026-06-16,3711,日月光投控,3.4,327002,股
2026-06-16,2345,智邦,3.37,76000,股
2026-06-16,7769,鴻勁,2.85,22000,股
2026-06-16,4958,臻鼎-KY,2.77,252000,股
2026-06-16,2344,華邦電,2.56,740000,股
2026-06-16,5274,信驊,2.3,7200,股
2026-06-16,3665,貿聯-KY,2.16,58000,股
2026-06-16,2059,川湖,1.99,17000,股
2026-06-16,6669,緯穎,1.72,20000,股
2026-06-16,2408,南亞科,1.57,210000,股
2026-06-16,3443,創意,0.87,10050,股
2026-06-16,6515,穎崴,0.87,5000,股
2026-06-16,3653,健策,0.8,12000,股
2026-06-16,8210,勤誠,0.66,28000,股
2026-06-16,3045,台灣大,0.53,250000,股
2026-06-16,3661,世芯-KY,0.53,7000,股
2026-06-16,2467,志聖,0.42,42000,股
2026-06-16,3044,健鼎,0.38,40000,股
2026-06-16,8299,群聯,0.33,8000,股
2026-06-16,6510,精測,0.31,5000,股
2026-06-16,2395,研華,0.17,20000,股
2026-06-16,2382,廣達,0.01,999,股
2026-06-16,2412,中華電,0.0,1,股
2026-06-16,4904,遠傳,0.0,3,股
2026-06-16,C_NTD,CASH,,335010960,元
2026-06-17,2330,台積電,13.51,328999,股
2026-06-17,2454,聯發科,7.14,93000,股
2026-06-17,2383,台光電,5.82,65000,股
2026-06-17,2327,國巨*,5.79,342000,股
2026-06-17,2308,台達電,4.77,128499,股
2026-06-17,6274,台燿,4.51,157000,股
2026-06-17,3037,欣興,4.49,264001,股
2026-06-17,6223,旺矽,4.41,39901,股
2026-06-17,2368,金像電,3.77,160000,股
2026-06-17,8046,南電,3.58,235000,股
2026-06-17,2345,智邦,3.52,82000,股
2026-06-17,3017,奇鋐,3.52,86500,股
2026-06-17,4958,臻鼎-KY,2.77,252000,股
2026-06-17,3711,日月光投控,2.73,267002,股
2026-06-17,2344,華邦電,2.53,740000,股
2026-06-17,5274,信驊,2.29,7200,股
2026-06-17,7769,鴻勁,2.27,18000,股
2026-06-17,2360,致茂,2.26,59000,股
2026-06-17,3665,貿聯-KY,2.09,58000,股
2026-06-17,2059,川湖,1.94,17000,股
2026-06-17,6669,緯穎,1.75,20000,股
2026-06-17,2408,南亞科,1.58,210000,股
2026-06-17,3443,創意,0.88,10050,股
2026-06-17,3653,健策,0.82,12000,股
2026-06-17,6515,穎崴,0.81,5000,股
2026-06-17,8210,勤誠,0.65,28000,股
2026-06-17,3661,世芯-KY,0.52,7000,股
2026-06-17,3045,台灣大,0.51,250000,股
2026-06-17,2467,志聖,0.42,42000,股
2026-06-17,3044,健鼎,0.39,40000,股
2026-06-17,3008,大立光,0.35,4000,股
2026-06-17,8299,群聯,0.32,8000,股
2026-06-17,3231,緯創,0.31,110000,股
2026-06-17,6510,精測,0.3,5000,股
2026-06-17,2395,研華,0.17,20000,股
2026-06-17,2382,廣達,0.01,999,股
2026-06-17,2412,中華電,0.0,1,股
2026-06-17,4904,遠傳,0.0,3,股
2026-06-17,C_NTD,CASH,,335010960,元
2026-06-18,2330,台積電,13.77,328999,股
2026-06-18,2454,聯發科,7.09,93000,股
2026-06-18,2327,國巨*,6.89,367000,股
2026-06-18,2383,台光電,6.81,70000,股
2026-06-18,6274,台燿,5.01,157000,股
2026-06-18,2308,台達電,4.8,128499,股
2026-06-18,6223,旺矽,4.45,39901,股
2026-06-18,3037,欣興,4.44,264001,股
2026-06-18,2368,金像電,3.77,160000,股
2026-06-18,3017,奇鋐,3.61,86500,股
2026-06-18,8046,南電,3.57,235000,股
2026-06-18,2345,智邦,3.47,82000,股
2026-06-18,2344,華邦電,3.3,870000,股
2026-06-18,3711,日月光投控,2.84,267002,股
2026-06-18,4958,臻鼎-KY,2.81,252000,股
2026-06-18,2360,致茂,2.37,59000,股
2026-06-18,5274,信驊,2.37,7200,股
2026-06-18,7769,鴻勁,2.18,18000,股
2026-06-18,3665,貿聯-KY,2.12,58000,股
2026-06-18,2059,川湖,2.03,17000,股
2026-06-18,6669,緯穎,1.78,20000,股
2026-06-18,2408,南亞科,1.68,210000,股
2026-06-18,3653,健策,1.38,20000,股
2026-06-18,3443,創意,0.85,10050,股
2026-06-18,6515,穎崴,0.82,5000,股
2026-06-18,8210,勤誠,0.66,28000,股
2026-06-18,3661,世芯-KY,0.53,7000,股
2026-06-18,3045,台灣大,0.52,250000,股
2026-06-18,2467,志聖,0.44,42000,股
2026-06-18,6257,矽格,0.41,100000,股
2026-06-18,3044,健鼎,0.4,40000,股
2026-06-18,3008,大立光,0.36,4000,股
2026-06-18,8299,群聯,0.35,8000,股
2026-06-18,6147,頎邦,0.33,75000,股
2026-06-18,3231,緯創,0.31,110000,股
2026-06-18,6510,精測,0.31,5000,股
2026-06-18,2395,研華,0.17,20000,股
2026-06-18,2382,廣達,0.01,999,股
2026-06-18,2412,中華電,0.0,1,股
2026-06-18,4904,遠傳,0.0,3,股
2026-06-18,C_NTD,CASH,,271968061,元
2026-06-22,2330,台積電,14.79,339999,股
2026-06-22,2454,聯發科,7.19,93000,股
2026-06-22,2383,台光電,7.06,70000,股
2026-06-22,2327,國巨*,6.76,367000,股
2026-06-22,6274,台燿,5.16,157000,股
2026-06-22,2308,台達電,4.78,128499,股
2026-06-22,3037,欣興,4.59,264001,股
2026-06-22,6223,旺矽,4.1,36901,股
2026-06-22,2368,金像電,3.86,160000,股
2026-06-22,2345,智邦,3.68,82000,股
2026-06-22,3017,奇鋐,3.62,86500,股
2026-06-22,8046,南電,3.51,235000,股
2026-06-22,2344,華邦電,3.34,870000,股
2026-06-22,3711,日月光投控,3.11,267002,股
2026-06-22,4958,臻鼎-KY,2.71,252000,股
2026-06-22,2059,川湖,2.61,20000,股
2026-06-22,5274,信驊,2.4,7200,股
2026-06-22,2360,致茂,2.08,52000,股
2026-06-22,2408,南亞科,1.84,210000,股
2026-06-22,6669,緯穎,1.68,20000,股
2026-06-22,7769,鴻勁,1.68,14000,股
2026-06-22,3653,健策,1.33,20000,股
2026-06-22,3665,貿聯-KY,0.9,26000,股
2026-06-22,3443,創意,0.83,10050,股
2026-06-22,6515,穎崴,0.82,5000,股
2026-06-22,8210,勤誠,0.66,28000,股
2026-06-22,3661,世芯-KY,0.52,7000,股
2026-06-22,3045,台灣大,0.51,250000,股
2026-06-22,6257,矽格,0.5,120000,股
2026-06-22,2467,志聖,0.46,42000,股
2026-06-22,3044,健鼎,0.39,40000,股
2026-06-22,3008,大立光,0.36,4000,股
2026-06-22,6147,頎邦,0.36,75000,股
2026-06-22,8299,群聯,0.36,8000,股
2026-06-22,3231,緯創,0.31,110000,股
2026-06-22,2382,廣達,0.0,1,股
2026-06-22,2412,中華電,0.0,1,股
2026-06-22,4904,遠傳,0.0,3,股
2026-06-22,C_NTD,CASH,,370406973,元
2026-06-23,2330,台積電,15.16,339999,股
2026-06-23,2454,聯發科,7.56,93000,股
2026-06-23,2383,台光電,7.15,70000,股
2026-06-23,2327,國巨*,6.71,367000,股
2026-06-23,6274,台燿,4.88,157000,股
2026-06-23,2308,台達電,4.79,128499,股
2026-06-23,3037,欣興,4.61,264001,股
2026-06-23,6223,旺矽,4.42,36901,股
2026-06-23,8046,南電,3.83,235000,股
2026-06-23,3017,奇鋐,3.76,86500,股
2026-06-23,2345,智邦,3.58,82000,股
2026-06-23,2344,華邦電,3.3,870000,股
2026-06-23,2368,金像電,3.17,140000,股
2026-06-23,3711,日月光投控,3.17,267002,股
2026-06-23,2059,川湖,2.68,20000,股
2026-06-23,4958,臻鼎-KY,2.65,252000,股
2026-06-23,5274,信驊,2.39,7200,股
2026-06-23,2360,致茂,2.11,52000,股
2026-06-23,2408,南亞科,1.71,210000,股
2026-06-23,6669,緯穎,1.68,20000,股
2026-06-23,3653,健策,1.38,20000,股
2026-06-23,7769,鴻勁,1.34,11000,股
2026-06-23,3665,貿聯-KY,0.93,26000,股
2026-06-23,3443,創意,0.85,10050,股
2026-06-23,6515,穎崴,0.85,5000,股
2026-06-23,3661,世芯-KY,0.55,7000,股
2026-06-23,6257,矽格,0.51,120000,股
2026-06-23,3044,健鼎,0.38,40000,股
2026-06-23,3008,大立光,0.36,4000,股
2026-06-23,6147,頎邦,0.35,75000,股
2026-06-23,8299,群聯,0.35,8000,股
2026-06-23,8210,勤誠,0.33,14000,股
2026-06-23,3231,緯創,0.31,110000,股
2026-06-23,2467,志聖,0.23,22000,股
2026-06-23,2382,廣達,0.0,1,股
2026-06-23,2412,中華電,0.0,1,股
2026-06-23,3045,台灣大,0.0,1000,股
2026-06-23,4904,遠傳,0.0,3,股
2026-06-23,C_NTD,CASH,,196470454,元
2026-06-24,2330,台積電,14.72,339999,股
2026-06-24,2454,聯發科,7.23,93000,股
2026-06-24,2383,台光電,7.06,70000,股
2026-06-24,2327,國巨*,6.99,367000,股
2026-06-24,6274,台燿,5.02,157000,股
2026-06-24,6223,旺矽,4.8,36901,股
2026-06-24,3037,欣興,4.46,264001,股
2026-06-24,8046,南電,4.07,235000,股
2026-06-24,3017,奇鋐,3.97,86500,股
2026-06-24,2308,台達電,3.57,98499,股
2026-06-24,2345,智邦,3.53,82000,股
2026-06-24,2344,華邦電,3.23,870000,股
2026-06-24,3711,日月光投控,3.16,267002,股
2026-06-24,2059,川湖,2.72,20000,股
2026-06-24,4958,臻鼎-KY,2.68,252000,股
2026-06-24,5274,信驊,2.39,7200,股
2026-06-24,2368,金像電,2.28,100000,股
2026-06-24,2408,南亞科,1.69,210000,股
2026-06-24,6669,緯穎,1.67,20000,股
2026-06-24,2360,致茂,1.45,37000,股
2026-06-24,7769,鴻勁,1.35,11000,股
2026-06-24,3665,貿聯-KY,0.95,26000,股
2026-06-24,3443,創意,0.89,10050,股
2026-06-24,6515,穎崴,0.86,5000,股
2026-06-24,6257,矽格,0.53,120000,股
2026-06-24,2303,聯電,0.52,160000,股
2026-06-24,3044,健鼎,0.38,40000,股
2026-06-24,3008,大立光,0.36,4000,股
2026-06-24,8299,群聯,0.36,8000,股
2026-06-24,6147,頎邦,0.34,75000,股
2026-06-24,8210,勤誠,0.34,14000,股
2026-06-24,3231,緯創,0.31,110000,股
2026-06-24,2467,志聖,0.23,22000,股
2026-06-24,4904,遠傳,0.02,10003,股
2026-06-24,2382,廣達,0.0,1,股
2026-06-24,2412,中華電,0.0,1,股
2026-06-24,3045,台灣大,0.0,1000,股
2026-06-24,C_NTD,CASH,,202958725,元
2026-06-25,2330,台積電,14.65,339999,股
2026-06-25,2327,國巨*,7.44,367000,股
2026-06-25,2454,聯發科,7.22,93000,股
2026-06-25,2383,台光電,7.12,70000,股
2026-06-25,3037,欣興,5.33,290001,股
2026-06-25,6274,台燿,4.81,157000,股
2026-06-25,6223,旺矽,4.59,36901,股
2026-06-25,8046,南電,4.43,235000,股
2026-06-25,2345,智邦,3.95,92000,股
2026-06-25,3017,奇鋐,3.91,86500,股
2026-06-25,2344,華邦電,3.44,870000,股
2026-06-25,2308,台達電,2.94,82499,股
2026-06-25,4958,臻鼎-KY,2.73,252000,股
2026-06-25,2059,川湖,2.64,20000,股
2026-06-25,3711,日月光投控,2.62,227002,股
2026-06-25,5274,信驊,2.26,7200,股
2026-06-25,2368,金像電,2.24,100000,股
2026-06-25,2408,南亞科,2.24,260000,股
2026-06-25,6669,緯穎,1.64,20000,股
2026-06-25,2360,致茂,1.46,37000,股
2026-06-25,7769,鴻勁,1.37,11000,股
2026-06-25,3443,創意,1.32,15050,股
2026-06-25,3665,貿聯-KY,0.9,26000,股
2026-06-25,6515,穎崴,0.82,5000,股
2026-06-25,3008,大立光,0.74,8000,股
2026-06-25,2303,聯電,0.51,160000,股
2026-06-25,6257,矽格,0.51,120000,股
2026-06-25,3044,健鼎,0.38,40000,股
2026-06-25,8299,群聯,0.36,8000,股
2026-06-25,6147,頎邦,0.33,75000,股
2026-06-25,3231,緯創,0.32,110000,股
2026-06-25,8210,勤誠,0.32,14000,股
2026-06-25,2467,志聖,0.23,22000,股
2026-06-25,4904,遠傳,0.02,10003,股
2026-06-25,2412,中華電,0.0,1,股
2026-06-25,3045,台灣大,0.0,1000,股
2026-06-25,C_NTD,CASH,,245536521,元
2026-06-26,2330,台積電,15.08,339999,股
2026-06-26,2327,國巨*,7.06,367000,股
2026-06-26,2383,台光電,6.97,70000,股
2026-06-26,2454,聯發科,6.32,86000,股
2026-06-26,3037,欣興,5.78,313001,股
2026-06-26,8046,南電,5.01,235000,股
2026-06-26,6274,台燿,4.7,157000,股
2026-06-26,6223,旺矽,4.54,36901,股
2026-06-26,2345,智邦,4.15,92000,股
2026-06-26,2344,華邦電,3.4,870000,股
2026-06-26,3017,奇鋐,2.84,66500,股
2026-06-26,4958,臻鼎-KY,2.77,252000,股
2026-06-26,3711,日月光投控,2.72,227002,股
2026-06-26,2059,川湖,2.65,20000,股
2026-06-26,2368,金像電,2.25,100000,股
2026-06-26,2408,南亞科,2.21,260000,股
2026-06-26,2308,台達電,2.18,63499,股
2026-06-26,5274,信驊,2.13,7200,股
2026-06-26,3443,創意,1.26,15050,股
2026-06-26,3665,貿聯-KY,0.91,26000,股
2026-06-26,2360,致茂,0.81,21000,股
2026-06-26,6669,緯穎,0.81,10000,股
2026-06-26,6515,穎崴,0.78,5000,股
2026-06-26,3008,大立光,0.72,8000,股
2026-06-26,6257,矽格,0.51,120000,股
2026-06-26,2303,聯電,0.5,160000,股
2026-06-26,7769,鴻勁,0.49,4000,股
2026-06-26,3044,健鼎,0.38,40000,股
2026-06-26,8299,群聯,0.35,8000,股
2026-06-26,8210,勤誠,0.33,14000,股
2026-06-26,3231,緯創,0.32,110000,股
2026-06-26,6147,頎邦,0.31,75000,股
2026-06-26,2467,志聖,0.23,22000,股
2026-06-26,4904,遠傳,0.04,20003,股
2026-06-26,2412,中華電,0.0,1,股
2026-06-26,3045,台灣大,0.0,1000,股
2026-06-26,C_NTD,CASH,,459423027,元
2026-06-29,2330,台積電,15.55,345999,股
2026-06-29,2327,國巨*,7.23,367000,股
2026-06-29,2383,台光電,7.23,70000,股
2026-06-29,2454,聯發科,6.37,86000,股
2026-06-29,3037,欣興,5.79,313001,股
2026-06-29,8046,南電,4.81,235000,股
2026-06-29,6274,台燿,4.63,157000,股
2026-06-29,2345,智邦,4.08,92000,股
2026-06-29,6223,旺矽,3.89,33901,股
2026-06-29,2344,華邦電,3.35,870000,股
2026-06-29,3017,奇鋐,2.9,66500,股
2026-06-29,4958,臻鼎-KY,2.74,252000,股
2026-06-29,3711,日月光投控,2.7,227002,股
2026-06-29,2059,川湖,2.69,20000,股
2026-06-29,2308,台達電,2.29,63499,股
2026-06-29,2408,南亞科,2.23,260000,股
2026-06-29,2368,金像電,2.19,100000,股
2026-06-29,5274,信驊,2.07,7200,股
2026-06-29,3443,創意,1.26,15050,股
2026-06-29,6669,緯穎,0.87,10000,股
2026-06-29,2360,致茂,0.83,21000,股
2026-06-29,6515,穎崴,0.76,5000,股
2026-06-29,3008,大立光,0.66,8000,股
2026-06-29,3665,貿聯-KY,0.64,18000,股
2026-06-29,5347,世界,0.51,130000,股
2026-06-29,6257,矽格,0.51,120000,股
2026-06-29,2303,聯電,0.5,160000,股
2026-06-29,7769,鴻勁,0.48,4000,股
2026-06-29,3131,弘塑,0.4,6000,股
2026-06-29,3044,健鼎,0.38,40000,股
2026-06-29,8299,群聯,0.35,8000,股
2026-06-29,3231,緯創,0.32,111000,股
2026-06-29,8210,勤誠,0.32,14000,股
2026-06-29,2467,志聖,0.24,22000,股
2026-06-29,6147,頎邦,0.15,38000,股
2026-06-29,4904,遠傳,0.04,20003,股
2026-06-29,2412,中華電,0.0,1,股
2026-06-29,3045,台灣大,0.0,1000,股
2026-06-29,C_NTD,CASH,,377068723,元
2026-06-30,2330,台積電,15.15,345999,股
2026-06-30,2327,國巨*,7.92,382000,股
2026-06-30,2383,台光電,6.86,70000,股
2026-06-30,2454,聯發科,6.64,86000,股
2026-06-30,3037,欣興,6.09,313001,股
2026-06-30,8046,南電,5.07,235000,股
2026-06-30,6274,台燿,4.8,157000,股
2026-06-30,2345,智邦,4.54,100000,股
2026-06-30,6223,旺矽,3.76,33901,股
2026-06-30,2344,華邦電,3.28,870000,股
2026-06-30,3711,日月光投控,3.23,261002,股
2026-06-30,3017,奇鋐,3.05,66500,股
2026-06-30,4958,臻鼎-KY,2.89,252000,股
2026-06-30,2059,川湖,2.68,20000,股
2026-06-30,2308,台達電,2.25,63499,股
2026-06-30,2368,金像電,2.18,100000,股
2026-06-30,5274,信驊,2.16,7200,股
2026-06-30,2408,南亞科,2.14,260000,股
2026-06-30,3443,創意,1.68,19050,股
2026-06-30,2303,聯電,0.96,320000,股
2026-06-30,6669,緯穎,0.84,10000,股
2026-06-30,2360,致茂,0.83,21000,股
2026-06-30,5347,世界,0.83,210000,股
2026-06-30,6515,穎崴,0.74,5000,股
2026-06-30,3665,貿聯-KY,0.63,18000,股
2026-06-30,3008,大立光,0.62,8000,股
2026-06-30,6257,矽格,0.52,120000,股
2026-06-30,2449,京元電子,0.49,80000,股
2026-06-30,7769,鴻勁,0.47,4000,股
2026-06-30,3131,弘塑,0.4,6000,股
2026-06-30,3044,健鼎,0.38,40000,股
2026-06-30,8299,群聯,0.35,8000,股
2026-06-30,8210,勤誠,0.33,14000,股
2026-06-30,3231,緯創,0.32,111000,股
2026-06-30,2467,志聖,0.25,22000,股
2026-06-30,6147,頎邦,0.15,38000,股
2026-06-30,4904,遠傳,0.04,20003,股
2026-06-30,2412,中華電,0.0,1,股
2026-06-30,3045,台灣大,0.0,1000,股
2026-06-30,C_NTD,CASH,,582962662,元
2026-07-01,2330,台積電,15.57,345999,股
2026-07-01,2327,國巨*,7.83,382000,股
2026-07-01,2383,台光電,6.97,70000,股
2026-07-01,2454,聯發科,6.7,86000,股
2026-07-01,3037,欣興,5.85,313001,股
2026-07-01,8046,南電,4.96,235000,股
2026-07-01,2345,智邦,4.78,100000,股
2026-07-01,6274,台燿,4.77,157000,股
2026-07-01,6223,旺矽,4.08,33901,股
2026-07-01,3711,日月光投控,3.3,261002,股
2026-07-01,3017,奇鋐,3.13,66500,股
2026-07-01,2059,川湖,2.75,20000,股
2026-07-01,4958,臻鼎-KY,2.73,252000,股
2026-07-01,2344,華邦電,2.36,690000,股
2026-07-01,2308,台達電,2.27,63499,股
2026-07-01,5274,信驊,2.22,7200,股
2026-07-01,2368,金像電,2.19,100000,股
2026-07-01,2408,南亞科,1.97,260000,股
2026-07-01,3443,創意,1.73,19050,股
2026-07-01,6515,穎崴,1.28,8000,股
2026-07-01,7769,鴻勁,1.13,9000,股
2026-07-01,2303,聯電,0.97,320000,股
2026-07-01,6669,緯穎,0.91,10000,股
2026-07-01,2360,致茂,0.86,21000,股
2026-07-01,5347,世界,0.77,210000,股
2026-07-01,3665,貿聯-KY,0.65,18000,股
2026-07-01,3008,大立光,0.62,8000,股
2026-07-01,6257,矽格,0.53,120000,股
2026-07-01,2449,京元電子,0.48,80000,股
2026-07-01,3131,弘塑,0.4,6000,股
2026-07-01,3044,健鼎,0.36,40000,股
2026-07-01,8210,勤誠,0.33,14000,股
2026-07-01,8299,群聯,0.33,8000,股
2026-07-01,3231,緯創,0.32,111000,股
2026-07-01,2467,志聖,0.26,22000,股
2026-07-01,6147,頎邦,0.15,38000,股
2026-07-01,4904,遠傳,0.04,20003,股
2026-07-01,2412,中華電,0.0,1,股
2026-07-01,3045,台灣大,0.0,1000,股
2026-07-01,C_NTD,CASH,,559599599,元
2026-07-02,2330,台積電,15.77,345999,股
2026-07-02,2327,國巨*,7.45,382000,股
2026-07-02,2383,台光電,7.32,70000,股
2026-07-02,2454,聯發科,6.91,86000,股
2026-07-02,3037,欣興,5.67,313001,股
2026-07-02,2345,智邦,5.09,100000,股
2026-07-02,8046,南電,4.98,235000,股
2026-07-02,6274,台燿,4.91,157000,股
2026-07-02,6223,旺矽,4.55,33901,股
2026-07-02,3711,日月光投控,3.51,261002,股
2026-07-02,3017,奇鋐,3.37,66500,股
2026-07-02,2059,川湖,2.92,20000,股
2026-07-02,4958,臻鼎-KY,2.79,252000,股
2026-07-02,5274,信驊,2.36,7200,股
2026-07-02,2344,華邦電,2.34,690000,股
2026-07-02,2308,台達電,2.31,63499,股
2026-07-02,2368,金像電,2.28,100000,股
2026-07-02,2408,南亞科,1.96,260000,股
2026-07-02,3443,創意,1.88,19050,股
2026-07-02,6515,穎崴,1.38,8000,股
2026-07-02,7769,鴻勁,1.17,9000,股
2026-07-02,2303,聯電,0.98,320000,股
2026-07-02,6669,緯穎,0.96,10000,股
2026-07-02,2360,致茂,0.86,21000,股
2026-07-02,5347,世界,0.77,210000,股
2026-07-02,3665,貿聯-KY,0.68,18000,股
2026-07-02,3008,大立光,0.64,8000,股
2026-07-02,6257,矽格,0.56,120000,股
2026-07-02,2449,京元電子,0.51,80000,股
2026-07-02,3131,弘塑,0.43,6000,股
2026-07-02,3044,健鼎,0.37,40000,股
2026-07-02,8210,勤誠,0.34,14000,股
2026-07-02,3231,緯創,0.33,111000,股
2026-07-02,8299,群聯,0.33,8000,股
2026-07-02,2467,志聖,0.27,22000,股
2026-07-02,6147,頎邦,0.15,38000,股
2026-07-02,4904,遠傳,0.04,20003,股
2026-07-02,2412,中華電,0.0,1,股
2026-07-02,3045,台灣大,0.0,1000,股
2026-07-02,C_NTD,CASH,,378067082,元
2026-07-03,2330,台積電,15.54,345999,股
2026-07-03,2383,台光電,7.82,70000,股
2026-07-03,2327,國巨*,6.85,357000,股
2026-07-03,2454,聯發科,6.63,86000,股
2026-07-03,3037,欣興,5.57,313001,股
2026-07-03,6274,台燿,5.16,157000,股
2026-07-03,8046,南電,5.12,235000,股
2026-07-03,2345,智邦,5.02,100000,股
2026-07-03,6223,旺矽,4.6,33901,股
2026-07-03,3017,奇鋐,3.37,66500,股
2026-07-03,3711,日月光投控,3.27,261002,股
2026-07-03,2308,台達電,2.95,77499,股
2026-07-03,2059,川湖,2.94,20000,股
2026-07-03,4958,臻鼎-KY,2.84,252000,股
2026-07-03,2368,金像電,2.78,116000,股
2026-07-03,5274,信驊,2.28,7200,股
2026-07-03,2408,南亞科,1.96,260000,股
2026-07-03,3443,創意,1.76,19050,股
2026-07-03,2344,華邦電,1.63,480000,股
2026-07-03,6515,穎崴,1.45,8000,股
2026-07-03,7769,鴻勁,1.14,9000,股
2026-07-03,2303,聯電,1.0,320000,股
2026-07-03,6669,緯穎,0.97,10000,股
2026-07-03,2360,致茂,0.87,21000,股
2026-07-03,5347,世界,0.75,210000,股
2026-07-03,6257,矽格,0.56,120000,股
2026-07-03,2449,京元電子,0.49,80000,股
2026-07-03,3131,弘塑,0.42,6000,股
2026-07-03,3044,健鼎,0.38,40000,股
2026-07-03,8299,群聯,0.34,8000,股
2026-07-03,3231,緯創,0.32,111000,股
2026-07-03,6147,頎邦,0.15,38000,股
2026-07-03,3008,大立光,0.08,1000,股
2026-07-03,3665,貿聯-KY,0.04,1000,股
2026-07-03,4904,遠傳,0.04,20003,股
2026-07-03,2467,志聖,0.01,500,股
2026-07-03,2412,中華電,0.0,1,股
2026-07-03,3045,台灣大,0.0,1000,股
2026-07-03,C_NTD,CASH,,326979985,元
2026-07-06,2330,台積電,16.25,345999,股
2026-07-06,2383,台光電,7.32,70000,股
2026-07-06,2454,聯發科,6.77,86000,股
2026-07-06,2327,國巨*,6.47,337000,股
2026-07-06,3037,欣興,5.48,313001,股
2026-07-06,2345,智邦,5.05,100000,股
2026-07-06,6274,台燿,4.89,157000,股
2026-07-06,8046,南電,4.82,235000,股
2026-07-06,6223,旺矽,4.04,30901,股
2026-07-06,3017,奇鋐,3.39,66500,股
2026-07-06,3711,日月光投控,3.38,261002,股
2026-07-06,2059,川湖,2.97,20000,股
2026-07-06,2308,台達電,2.95,77499,股
2026-07-06,2368,金像電,2.71,116000,股
2026-07-06,5274,信驊,2.24,7200,股
2026-07-06,2408,南亞科,2.09,260000,股
2026-07-06,4958,臻鼎-KY,2.06,186000,股
2026-07-06,2344,華邦電,1.68,480000,股
2026-07-06,3443,創意,1.67,19050,股
2026-07-06,6515,穎崴,1.36,8000,股
2026-07-06,7769,鴻勁,1.17,9000,股
2026-07-06,2303,聯電,1.01,320000,股
2026-07-06,6669,緯穎,0.96,10000,股
2026-07-06,6257,矽格,0.94,180000,股
2026-07-06,2360,致茂,0.87,21000,股
2026-07-06,5347,世界,0.74,210000,股
2026-07-06,2449,京元電子,0.54,80000,股
2026-07-06,3044,健鼎,0.39,40000,股
2026-07-06,3131,弘塑,0.39,6000,股
2026-07-06,6488,環球晶,0.38,15000,股
2026-07-06,8299,群聯,0.35,8000,股
2026-07-06,3231,緯創,0.33,111000,股
2026-07-06,6147,頎邦,0.16,38000,股
2026-07-06,3665,貿聯-KY,0.04,1000,股
2026-07-06,4904,遠傳,0.04,20003,股
2026-07-06,2467,志聖,0.01,500,股
2026-07-06,2412,中華電,0.0,1,股
2026-07-06,3045,台灣大,0.0,1000,股
2026-07-06,C_NTD,CASH,,181546225,元
2026-07-07,2330,台積電,16.91,345999,股
2026-07-07,2383,台光電,7.3,70000,股
2026-07-07,2454,聯發科,6.92,86000,股
2026-07-07,2327,國巨*,6.09,337000,股
2026-07-07,3037,欣興,5.25,313001,股
2026-07-07,6274,台燿,4.94,157000,股
2026-07-07,2345,智邦,4.9,100000,股
2026-07-07,8046,南電,4.83,235000,股
2026-07-07,6223,旺矽,3.89,30901,股
2026-07-07,3711,日月光投控,3.39,261002,股
2026-07-07,2059,川湖,3.3,20000,股
2026-07-07,3017,奇鋐,3.25,66500,股
2026-07-07,2308,台達電,2.93,77499,股
2026-07-07,2368,金像電,2.63,116000,股
2026-07-07,5274,信驊,2.28,7920,股
2026-07-07,2408,南亞科,2.09,260000,股
2026-07-07,4958,臻鼎-KY,2.04,186000,股
2026-07-07,3443,創意,1.7,19050,股
2026-07-07,2344,華邦電,1.67,480000,股
2026-07-07,6515,穎崴,1.28,8000,股
2026-07-07,7769,鴻勁,1.11,9000,股
2026-07-07,6669,緯穎,1.0,10000,股
2026-07-07,2303,聯電,0.99,320000,股
2026-07-07,6257,矽格,0.87,180000,股
2026-07-07,2360,致茂,0.82,21000,股
2026-07-07,5347,世界,0.73,210000,股
2026-07-07,2449,京元電子,0.51,80000,股
2026-07-07,3044,健鼎,0.38,40000,股
2026-07-07,3131,弘塑,0.38,6000,股
2026-07-07,6488,環球晶,0.36,15000,股
2026-07-07,3231,緯創,0.34,111000,股
2026-07-07,8299,群聯,0.34,8000,股
2026-07-07,6147,頎邦,0.15,38000,股
2026-07-07,3665,貿聯-KY,0.04,1000,股
2026-07-07,4904,遠傳,0.04,20003,股
2026-07-07,2467,志聖,0.01,500,股
2026-07-07,2412,中華電,0.0,1,股
2026-07-07,3045,台灣大,0.0,1000,股
2026-07-07,C_NTD,CASH,,300081968,元
2026-07-08,2330,台積電,16.97,345999,股
2026-07-08,2383,台光電,7.41,70000,股
2026-07-08,2454,聯發科,6.84,86000,股
2026-07-08,2327,國巨*,5.98,337000,股
2026-07-08,3037,欣興,5.38,313001,股
2026-07-08,8046,南電,5.17,235000,股
2026-07-08,6274,台燿,5.14,157000,股
2026-07-08,2345,智邦,4.81,100000,股
2026-07-08,6223,旺矽,3.97,30901,股
2026-07-08,3711,日月光投控,3.25,261002,股
2026-07-08,2059,川湖,3.22,20000,股
2026-07-08,3017,奇鋐,3.08,66500,股
2026-07-08,2308,台達電,2.91,77499,股
2026-07-08,2368,金像電,2.66,116000,股
2026-07-08,5274,信驊,2.2,7920,股
2026-07-08,4958,臻鼎-KY,2.09,186000,股
2026-07-08,2408,南亞科,2.05,260000,股
2026-07-08,3443,創意,1.67,19050,股
2026-07-08,6515,穎崴,1.23,8000,股
2026-07-08,7769,鴻勁,1.08,9000,股
2026-07-08,2303,聯電,1.04,320000,股
2026-07-08,6669,緯穎,1.01,10000,股
2026-07-08,6257,矽格,0.88,180000,股
2026-07-08,5347,世界,0.74,210000,股
2026-07-08,2344,華邦電,0.67,200000,股
2026-07-08,2449,京元電子,0.49,80000,股
2026-07-08,3081,聯亞,0.42,10000,股
2026-07-08,3044,健鼎,0.38,40000,股
2026-07-08,3131,弘塑,0.37,6000,股
2026-07-08,6488,環球晶,0.37,15000,股
2026-07-08,8299,群聯,0.34,8000,股
2026-07-08,3231,緯創,0.32,111000,股
2026-07-08,2360,致茂,0.22,6000,股
2026-07-08,6147,頎邦,0.15,38000,股
2026-07-08,4904,遠傳,0.04,20003,股
2026-07-08,2412,中華電,0.0,1,股
2026-07-08,2467,志聖,0.0,10,股
2026-07-08,3045,台灣大,0.0,1000,股
2026-07-08,C_NTD,CASH,,346472995,元
2026-07-09,2330,台積電,16.48,345999,股
2026-07-09,2383,台光電,7.32,70000,股
2026-07-09,2454,聯發科,6.67,86000,股
2026-07-09,2327,國巨*,5.99,337000,股
2026-07-09,8046,南電,5.64,235000,股
2026-07-09,3037,欣興,5.41,313001,股
2026-07-09,6223,旺矽,5.02,35901,股
2026-07-09,2345,智邦,4.88,100000,股
2026-07-09,6274,台燿,4.87,157000,股
2026-07-09,3711,日月光投控,3.49,261002,股
2026-07-09,2059,川湖,3.42,21000,股
2026-07-09,3017,奇鋐,3.09,66500,股
2026-07-09,2308,台達電,2.88,77499,股
2026-07-09,4958,臻鼎-KY,2.49,214000,股
2026-07-09,2368,金像電,2.46,116000,股
2026-07-09,2408,南亞科,2.24,260000,股
2026-07-09,5274,信驊,2.14,7920,股
2026-07-09,3443,創意,1.63,19050,股
2026-07-09,6515,穎崴,1.23,8000,股
2026-07-09,7769,鴻勁,1.18,9000,股
2026-07-09,6488,環球晶,1.01,38000,股
2026-07-09,6669,緯穎,1.0,10000,股
2026-07-09,2303,聯電,0.99,320000,股
2026-07-09,6257,矽格,0.87,180000,股
2026-07-09,5347,世界,0.72,210000,股
2026-07-09,2344,華邦電,0.7,200000,股
2026-07-09,2449,京元電子,0.49,80000,股
2026-07-09,3081,聯亞,0.4,10000,股
2026-07-09,3131,弘塑,0.39,6000,股
2026-07-09,3026,禾伸堂,0.36,18000,股
2026-07-09,8299,群聯,0.35,8000,股
2026-07-09,3231,緯創,0.32,111000,股
2026-07-09,2360,致茂,0.22,6000,股
2026-07-09,6147,頎邦,0.16,38000,股
2026-07-09,3044,健鼎,0.09,10000,股
2026-07-09,4904,遠傳,0.04,20003,股
2026-07-09,2412,中華電,0.0,1,股
2026-07-09,2467,志聖,0.0,10,股
2026-07-09,3045,台灣大,0.0,1000,股
2026-07-09,C_NTD,CASH,,348446995,元
2026-07-13,2330,台積電,16.9,346999,股
2026-07-13,2383,台光電,7.17,70000,股
2026-07-13,2454,聯發科,6.58,86000,股
2026-07-13,8046,南電,5.97,235000,股
2026-07-13,3037,欣興,5.65,313001,股
2026-07-13,2327,國巨*,4.91,301000,股
2026-07-13,6274,台燿,4.86,157000,股
2026-07-13,2345,智邦,4.81,100000,股
2026-07-13,6223,旺矽,4.77,35901,股
2026-07-13,3711,日月光投控,3.5,261002,股
2026-07-13,2059,川湖,3.39,21000,股
2026-07-13,2308,台達電,3.19,84499,股
2026-07-13,3017,奇鋐,2.96,66500,股
2026-07-13,4958,臻鼎-KY,2.76,214000,股
2026-07-13,2368,金像電,2.42,116000,股
2026-07-13,2408,南亞科,2.2,260000,股
2026-07-13,5274,信驊,2.14,7920,股
2026-07-13,3443,創意,1.63,19050,股
2026-07-13,7769,鴻勁,1.21,9000,股
2026-07-13,6515,穎崴,1.18,8000,股
2026-07-13,6488,環球晶,1.13,38000,股
2026-07-13,6669,緯穎,0.99,10000,股
2026-07-13,2303,聯電,0.98,320000,股
2026-07-13,6257,矽格,0.84,180000,股
2026-07-13,5347,世界,0.75,210000,股
2026-07-13,2344,華邦電,0.67,200000,股
2026-07-13,2449,京元電子,0.49,80000,股
2026-07-13,3081,聯亞,0.4,10000,股
2026-07-13,3131,弘塑,0.39,6000,股
2026-07-13,8299,群聯,0.35,8000,股
2026-07-13,3026,禾伸堂,0.33,18000,股
2026-07-13,3231,緯創,0.32,111000,股
2026-07-13,2360,致茂,0.22,6000,股
2026-07-13,3044,健鼎,0.09,10000,股
2026-07-13,4904,遠傳,0.04,20003,股
2026-07-13,2404,漢唐,0.02,1000,股
2026-07-13,2382,廣達,0.01,1000,股
2026-07-13,2412,中華電,0.0,1,股
2026-07-13,2467,志聖,0.0,10,股
2026-07-13,3045,台灣大,0.0,1000,股
2026-07-13,C_NTD,CASH,,256928372,元
2026-07-14,2330,台積電,17.27,346999,股
2026-07-14,2383,台光電,7.15,70000,股
2026-07-14,2454,聯發科,6.47,86000,股
2026-07-14,8046,南電,6.23,235000,股
2026-07-14,3037,欣興,5.63,313001,股
2026-07-14,2327,國巨*,4.82,301000,股
2026-07-14,2345,智邦,4.69,100000,股
2026-07-14,6223,旺矽,4.68,35901,股
2026-07-14,6274,台燿,4.5,157000,股
2026-07-14,2059,川湖,3.45,21000,股
2026-07-14,3711,日月光投控,3.44,261002,股
2026-07-14,2308,台達電,3.22,84499,股
2026-07-14,3017,奇鋐,2.9,66500,股
2026-07-14,4958,臻鼎-KY,2.77,214000,股
2026-07-14,2368,金像電,2.42,116000,股
2026-07-14,2408,南亞科,2.4,260000,股
2026-07-14,5274,信驊,2.11,7920,股
2026-07-14,3443,創意,1.57,19050,股
2026-07-14,6488,環球晶,1.18,38000,股
2026-07-14,7769,鴻勁,1.18,9000,股
2026-07-14,6515,穎崴,1.16,8000,股
2026-07-14,6669,緯穎,1.01,10000,股
2026-07-14,2303,聯電,0.99,320000,股
2026-07-14,6257,矽格,0.83,180000,股
2026-07-14,5347,世界,0.75,210000,股
2026-07-14,2344,華邦電,0.68,200000,股
2026-07-14,2449,京元電子,0.48,80000,股
2026-07-14,3081,聯亞,0.4,10000,股
2026-07-14,3131,弘塑,0.38,6000,股
2026-07-14,8299,群聯,0.34,8000,股
2026-07-14,3231,緯創,0.33,111000,股
2026-07-14,3026,禾伸堂,0.3,18000,股
2026-07-14,2360,致茂,0.22,6000,股
2026-07-14,3044,健鼎,0.09,10000,股
2026-07-14,4904,遠傳,0.04,20003,股
2026-07-14,2404,漢唐,0.02,1000,股
2026-07-14,2382,廣達,0.01,1000,股
2026-07-14,2412,中華電,0.0,1,股
2026-07-14,2467,志聖,0.0,10,股
2026-07-14,3045,台灣大,0.0,1000,股
2026-07-14,C_NTD,CASH,,152538010,元
2026-07-15,2330,台積電,16.98,346999,股
2026-07-15,2383,台光電,7.14,70000,股
2026-07-15,8046,南電,6.67,235000,股
2026-07-15,2454,聯發科,6.45,86001,股
2026-07-15,3037,欣興,5.88,313001,股
2026-07-15,2327,國巨*,4.82,301000,股
2026-07-15,2345,智邦,4.74,101000,股
2026-07-15,6223,旺矽,4.56,35901,股
2026-07-15,6274,台燿,4.55,158000,股
2026-07-15,2059,川湖,3.58,21001,股
2026-07-15,3711,日月光投控,3.58,261002,股
2026-07-15,2308,台達電,3.2,84499,股
2026-07-15,4958,臻鼎-KY,2.93,236000,股
2026-07-15,3017,奇鋐,2.89,66500,股
2026-07-15,2408,南亞科,2.74,284000,股
2026-07-15,2368,金像電,2.39,116000,股
2026-07-15,5274,信驊,2.21,7920,股
2026-07-15,3443,創意,1.57,19050,股
2026-07-15,7769,鴻勁,1.21,9000,股
2026-07-15,6515,穎崴,1.16,8000,股
2026-07-15,6488,環球晶,1.13,38000,股
2026-07-15,2303,聯電,1.07,320000,股
2026-07-15,6669,緯穎,1.02,10000,股
2026-07-15,6257,矽格,0.86,180000,股
2026-07-15,5347,世界,0.79,210000,股
2026-07-15,2344,華邦電,0.72,200000,股
2026-07-15,2449,京元電子,0.49,80000,股
2026-07-15,3081,聯亞,0.39,11000,股
2026-07-15,3131,弘塑,0.39,6000,股
2026-07-15,8299,群聯,0.34,8000,股
2026-07-15,3231,緯創,0.32,111000,股
2026-07-15,3026,禾伸堂,0.3,18000,股
2026-07-15,2360,致茂,0.23,6000,股
2026-07-15,3044,健鼎,0.09,10000,股
2026-07-15,4904,遠傳,0.04,20003,股
2026-07-15,2404,漢唐,0.03,1000,股
2026-07-15,2382,廣達,0.01,1000,股
2026-07-15,2412,中華電,0.0,1,股
2026-07-15,2467,志聖,0.0,10,股
2026-07-15,3045,台灣大,0.0,1000,股
2026-07-15,C_NTD,CASH,,173538742,元
2026-07-16,2330,台積電,17.57,346999,股
2026-07-16,2383,台光電,7.17,70000,股
2026-07-16,2454,聯發科,6.53,86001,股
2026-07-16,8046,南電,6.15,235000,股
2026-07-16,3037,欣興,5.67,313001,股
2026-07-16,2345,智邦,4.81,101000,股
2026-07-16,2327,國巨*,4.79,301000,股
2026-07-16,6223,旺矽,4.58,35901,股
2026-07-16,6274,台燿,4.2,158000,股
2026-07-16,2059,川湖,3.73,21001,股
2026-07-16,3711,日月光投控,3.65,261002,股
2026-07-16,2308,台達電,3.3,84499,股
2026-07-16,3017,奇鋐,3.04,66500,股
2026-07-16,4958,臻鼎-KY,2.8,236000,股
2026-07-16,2408,南亞科,2.56,284000,股
2026-07-16,2368,金像電,2.39,116000,股
2026-07-16,5274,信驊,2.26,7920,股
2026-07-16,3443,創意,1.64,19050,股
2026-07-16,7769,鴻勁,1.24,9000,股
2026-07-16,6515,穎崴,1.11,8000,股
2026-07-16,6488,環球晶,1.07,38000,股
2026-07-16,2303,聯電,1.05,320000,股
2026-07-16,6669,緯穎,1.05,10000,股
2026-07-16,6257,矽格,0.88,180000,股
2026-07-16,5347,世界,0.81,210000,股
2026-07-16,2344,華邦電,0.71,200000,股
2026-07-16,2449,京元電子,0.52,80000,股
2026-07-16,3131,弘塑,0.4,6000,股
2026-07-16,3081,聯亞,0.37,11000,股
2026-07-16,3231,緯創,0.33,111000,股
2026-07-16,8299,群聯,0.33,8000,股
2026-07-16,3026,禾伸堂,0.28,18000,股
2026-07-16,2360,致茂,0.25,6000,股
2026-07-16,3044,健鼎,0.09,10000,股
2026-07-16,4904,遠傳,0.04,20003,股
2026-07-16,2404,漢唐,0.03,1000,股
2026-07-16,2382,廣達,0.01,1000,股
2026-07-16,2412,中華電,0.0,1,股
2026-07-16,2467,志聖,0.0,10,股
2026-07-16,3045,台灣大,0.0,1000,股
2026-07-16,C_NTD,CASH,,173538742,元
2026-07-17,2330,台積電,16.42,319999,股
2026-07-17,2383,台光電,7.06,70000,股
2026-07-17,2454,聯發科,6.5,86001,股
2026-07-17,8046,南電,6.06,235000,股
2026-07-17,3037,欣興,5.57,313001,股
2026-07-17,2345,智邦,4.73,101000,股
2026-07-17,2327,國巨*,4.72,301000,股
2026-07-17,6223,旺矽,4.51,35901,股
2026-07-17,6274,台燿,4.15,158000,股
2026-07-17,2059,川湖,3.72,21001,股
2026-07-17,3711,日月光投控,3.59,261002,股
2026-07-17,3017,奇鋐,3.28,66500,股
2026-07-17,4958,臻鼎-KY,2.76,236000,股
2026-07-17,2408,南亞科,2.52,284000,股
2026-07-17,2368,金像電,2.41,116000,股
2026-07-17,2308,台達電,2.32,59499,股
2026-07-17,5274,信驊,2.3,7920,股
2026-07-17,3443,創意,1.64,19050,股
2026-07-17,7769,鴻勁,1.23,9000,股
2026-07-17,6515,穎崴,1.09,8000,股
2026-07-17,6488,環球晶,1.06,38000,股
2026-07-17,6669,緯穎,1.04,10000,股
2026-07-17,2303,聯電,1.03,320000,股
2026-07-17,6257,矽格,0.87,180000,股
2026-07-17,5347,世界,0.8,210000,股
2026-07-17,2449,京元電子,0.51,80000,股
2026-07-17,3231,緯創,0.35,111000,股
2026-07-17,2360,致茂,0.25,6000,股
2026-07-17,4904,遠傳,0.05,20003,股
2026-07-17,2404,漢唐,0.03,1000,股
2026-07-17,3081,聯亞,0.03,1000,股
2026-07-17,2412,中華電,0.0,1,股
2026-07-17,2467,志聖,0.0,10,股
2026-07-17,3045,台灣大,0.0,2000,股
2026-07-17,C_NTD,CASH,,113428049,元
2026-07-20,2330,台積電,16.38,319999,股
2026-07-20,2383,台光電,6.8,70000,股
2026-07-20,2454,聯發科,6.35,86001,股
2026-07-20,8046,南電,5.74,235000,股
2026-07-20,3037,欣興,5.19,313001,股
2026-07-20,2345,智邦,4.67,101000,股
2026-07-20,6223,旺矽,4.33,35901,股
2026-07-20,2327,國巨*,4.19,301000,股
2026-07-20,6274,台燿,3.93,158000,股
2026-07-20,2059,川湖,3.6,21001,股
2026-07-20,3711,日月光投控,3.44,261002,股
2026-07-20,3017,奇鋐,3.14,66500,股
2026-07-20,2408,南亞科,2.39,284000,股
2026-07-20,2368,金像電,2.38,116000,股
2026-07-20,5274,信驊,2.26,7920,股
2026-07-20,2308,台達電,2.24,59499,股
2026-07-20,3443,創意,1.58,19050,股
2026-07-20,6488,環球晶,1.51,54000,股
2026-07-20,4958,臻鼎-KY,1.23,116000,股
2026-07-20,7769,鴻勁,1.19,9000,股
2026-07-20,6515,穎崴,1.07,8000,股
2026-07-20,6669,緯穎,1.04,10000,股
2026-07-20,2303,聯電,0.92,320000,股
2026-07-20,6257,矽格,0.84,180000,股
2026-07-20,5347,世界,0.71,210000,股
2026-07-20,3231,緯創,0.51,161000,股
2026-07-20,2449,京元電子,0.48,80000,股
2026-07-20,3665,貿聯-KY,0.48,12000,股
2026-07-20,2360,致茂,0.24,6000,股
2026-07-20,4904,遠傳,0.05,20003,股
2026-07-20,2404,漢唐,0.03,1000,股
2026-07-20,3081,聯亞,0.03,1000,股
2026-07-20,2412,中華電,0.0,1,股
2026-07-20,2467,志聖,0.0,10,股
2026-07-20,3045,台灣大,0.0,2000,股
2026-07-20,C_NTD,CASH,,113428049,元
2026-07-21,2330,台積電,16.08,319999,股
2026-07-21,2383,台光電,7.04,70000,股
2026-07-21,2454,聯發科,6.65,87001,股
2026-07-21,8046,南電,5.83,235000,股
2026-07-21,3037,欣興,5.38,313001,股
2026-07-21,2345,智邦,4.67,101000,股
2026-07-21,6223,旺矽,4.39,35901,股
2026-07-21,2327,國巨*,4.2,301000,股
2026-07-21,6274,台燿,4.06,158000,股
2026-07-21,3017,奇鋐,3.99,82500,股
2026-07-21,2059,川湖,3.49,21001,股
2026-07-21,3711,日月光投控,3.44,261002,股
2026-07-21,2408,南亞科,2.4,284000,股
2026-07-21,2368,金像電,2.37,116000,股
2026-07-21,5274,信驊,2.33,7920,股
2026-07-21,2308,台達電,2.27,59499,股
2026-07-21,6669,緯穎,1.77,17000,股
2026-07-21,3443,創意,1.63,19050,股
2026-07-21,7769,鴻勁,1.49,11000,股
2026-07-21,6488,環球晶,1.36,54000,股
2026-07-21,4958,臻鼎-KY,1.23,116000,股
2026-07-21,6515,穎崴,1.11,8000,股
2026-07-21,3665,貿聯-KY,1.04,25000,股
2026-07-21,2303,聯電,0.9,320000,股
2026-07-21,2360,致茂,0.88,21000,股
2026-07-21,6257,矽格,0.81,180000,股
2026-07-21,5347,世界,0.68,210000,股
2026-07-21,3231,緯創,0.5,161000,股
2026-07-21,2449,京元電子,0.46,80000,股
2026-07-21,4904,遠傳,0.04,20003,股
2026-07-21,3081,聯亞,0.03,1000,股
2026-07-21,2404,漢唐,0.02,1000,股
2026-07-21,2412,中華電,0.0,1,股
2026-07-21,2467,志聖,0.0,10,股
2026-07-21,3045,台灣大,0.0,2000,股
2026-07-21,C_NTD,CASH,,480440080,元
2026-07-22,2330,台積電,15.45,319999,股
2026-07-22,2383,台光電,7.73,75000,股
2026-07-22,2454,聯發科,7.12,92001,股
2026-07-22,8046,南電,6.19,236000,股
2026-07-22,3037,欣興,5.71,313001,股
2026-07-22,2345,智邦,4.64,101000,股
2026-07-22,6223,旺矽,4.33,35901,股
2026-07-22,6274,台燿,4.3,158000,股
2026-07-22,2327,國巨*,4.25,301000,股
2026-07-22,3017,奇鋐,3.76,82500,股
2026-07-22,3711,日月光投控,3.44,261002,股
2026-07-22,2059,川湖,3.43,21001,股
2026-07-22,2308,台達電,2.82,74499,股
2026-07-22,2408,南亞科,2.54,284000,股
2026-07-22,5274,信驊,2.47,7920,股
2026-07-22,2368,金像電,2.19,116000,股
2026-07-22,6669,緯穎,1.88,17000,股
2026-07-22,2360,致茂,1.75,41000,股
2026-07-22,3443,創意,1.67,19050,股
2026-07-22,7769,鴻勁,1.42,11000,股
2026-07-22,6488,環球晶,1.35,54000,股
2026-07-22,4958,臻鼎-KY,1.3,116000,股
2026-07-22,3665,貿聯-KY,1.06,25000,股
2026-07-22,6515,穎崴,1.05,8000,股
2026-07-22,2303,聯電,1.01,360000,股
2026-07-22,6257,矽格,0.81,180000,股
2026-07-22,5347,世界,0.72,210000,股
2026-07-22,3231,緯創,0.53,161000,股
2026-07-22,2449,京元電子,0.47,80000,股
2026-07-22,1303,南亞,0.33,80000,股
2026-07-22,3081,聯亞,0.03,1000,股
2026-07-22,2404,漢唐,0.02,1000,股
2026-07-22,2412,中華電,0.0,1,股
2026-07-22,2467,志聖,0.0,10,股
2026-07-22,3045,台灣大,0.0,2000,股
2026-07-22,4904,遠傳,0.0,2003,股
2026-07-22,C_NTD,CASH,,490932488,元
2026-07-23,2330,台積電,15.06,310999,股
2026-07-23,2383,台光電,7.7,75000,股
2026-07-23,2454,聯發科,7.18,92001,股
2026-07-23,8046,南電,5.85,236000,股
2026-07-23,3037,欣興,5.65,313001,股
2026-07-23,6223,旺矽,4.9,38901,股
2026-07-23,2345,智邦,4.78,102000,股
2026-07-23,3017,奇鋐,4.4,89500,股
2026-07-23,6274,台燿,4.25,158000,股
2026-07-23,2059,川湖,3.47,21001,股
2026-07-23,3711,日月光投控,3.41,261002,股
2026-07-23,2327,國巨*,3.29,235000,股
2026-07-23,2308,台達電,2.82,74499,股
2026-07-23,5274,信驊,2.48,7920,股
2026-07-23,2408,南亞科,2.44,284000,股
2026-07-23,2368,金像電,2.2,116000,股
2026-07-23,6669,緯穎,1.87,17000,股
2026-07-23,2360,致茂,1.78,41000,股
2026-07-23,3665,貿聯-KY,1.7,37000,股
2026-07-23,3443,創意,1.68,19050,股
2026-07-23,7769,鴻勁,1.43,11000,股
2026-07-23,6488,環球晶,1.22,54000,股
2026-07-23,6515,穎崴,1.06,8000,股
2026-07-23,2303,聯電,1.0,360000,股
2026-07-23,4958,臻鼎-KY,0.88,86000,股
2026-07-23,6257,矽格,0.82,180000,股
2026-07-23,5347,世界,0.71,210000,股
2026-07-23,3231,緯創,0.56,161000,股
2026-07-23,2449,京元電子,0.46,80000,股
2026-07-23,1303,南亞,0.32,80000,股
2026-07-23,3081,聯亞,0.04,1000,股
2026-07-23,2404,漢唐,0.02,1000,股
2026-07-23,2412,中華電,0.0,1,股
2026-07-23,2467,志聖,0.0,10,股
2026-07-23,3045,台灣大,0.0,2000,股
2026-07-23,4904,遠傳,0.0,2003,股
2026-07-23,C_NTD,CASH,,364999561,元
2026-07-24,2330,台積電,14.41,289999,股
2026-07-24,2383,台光電,7.54,75000,股
2026-07-24,2454,聯發科,7.3,92001,股
2026-07-24,3037,欣興,5.55,313001,股
2026-07-24,8046,南電,5.54,236000,股
2026-07-24,2345,智邦,4.79,102000,股
2026-07-24,6223,旺矽,4.69,38901,股
2026-07-24,3017,奇鋐,4.5,89500,股
2026-07-24,6274,台燿,4.18,158000,股
2026-07-24,2059,川湖,3.44,21001,股
2026-07-24,3711,日月光投控,3.38,261002,股
2026-07-24,2308,台達電,2.81,74499,股
2026-07-24,2327,國巨*,2.59,191000,股
2026-07-24,5274,信驊,2.47,7920,股
2026-07-24,2408,南亞科,2.41,284000,股
2026-07-24,2368,金像電,2.21,116000,股
2026-07-24,6669,緯穎,2.06,17000,股
2026-07-24,2360,致茂,1.8,41000,股
2026-07-24,3665,貿聯-KY,1.73,37000,股
2026-07-24,3443,創意,1.64,19050,股
2026-07-24,7769,鴻勁,1.41,11000,股
2026-07-24,6515,穎崴,1.07,8000,股
2026-07-24,2303,聯電,0.97,360000,股
2026-07-24,3231,緯創,0.95,251000,股
2026-07-24,5347,世界,0.7,210000,股
2026-07-24,2449,京元電子,0.46,80000,股
2026-07-24,4958,臻鼎-KY,0.44,43000,股
2026-07-24,1303,南亞,0.3,80000,股
2026-07-24,6257,矽格,0.28,60000,股
2026-07-24,3081,聯亞,0.04,1000,股
2026-07-24,2404,漢唐,0.02,1000,股
2026-07-24,2412,中華電,0.0,1,股
2026-07-24,2467,志聖,0.0,10,股
2026-07-24,3045,台灣大,0.0,2000,股
2026-07-24,4904,遠傳,0.0,2003,股
2026-07-24,C_NTD,CASH,,202190454,元
2026-07-27,2330,台積電,14.38,289999,股
2026-07-27,2383,台光電,7.62,75000,股
2026-07-27,2454,聯發科,7.15,92001,股
2026-07-27,3037,欣興,5.6,313001,股
2026-07-27,8046,南電,5.35,236000,股
2026-07-27,2345,智邦,4.82,102000,股
2026-07-27,6223,旺矽,4.7,38901,股
2026-07-27,3017,奇鋐,4.53,89500,股
2026-07-27,6274,台燿,4.19,158000,股
2026-07-27,2059,川湖,3.67,21001,股
2026-07-27,3711,日月光投控,3.35,261002,股
2026-07-27,2308,台達電,2.76,74499,股
2026-07-27,2408,南亞科,2.61,284000,股
2026-07-27,2327,國巨*,2.52,191000,股
2026-07-27,5274,信驊,2.46,7920,股
2026-07-27,2368,金像電,2.19,116000,股
2026-07-27,6669,緯穎,2.06,17000,股
2026-07-27,2360,致茂,1.82,41000,股
2026-07-27,3665,貿聯-KY,1.68,37000,股
2026-07-27,3443,創意,1.63,19050,股
2026-07-27,7769,鴻勁,1.42,11000,股
2026-07-27,6515,穎崴,1.08,8000,股
2026-07-27,2303,聯電,0.96,360000,股
2026-07-27,3231,緯創,0.94,251000,股
2026-07-27,5347,世界,0.7,210000,股
2026-07-27,2449,京元電子,0.47,80000,股
2026-07-27,4958,臻鼎-KY,0.43,43000,股
2026-07-27,1303,南亞,0.29,80000,股
2026-07-27,6257,矽格,0.27,60000,股
2026-07-27,3081,聯亞,0.04,1000,股
2026-07-27,2404,漢唐,0.02,1000,股
2026-07-27,2412,中華電,0.0,1,股
2026-07-27,2467,志聖,0.0,10,股
2026-07-27,3045,台灣大,0.0,2000,股
2026-07-27,4904,遠傳,0.0,2003,股
2026-07-27,C_NTD,CASH,,218558666,元
2026-07-28,2330,台積電,15.03,289999,股
2026-07-28,2383,台光電,7.52,75000,股
2026-07-28,2454,聯發科,6.94,92001,股
2026-07-28,3037,欣興,5.44,313001,股
2026-07-28,8046,南電,5.24,236000,股
2026-07-28,2345,智邦,4.73,102000,股
2026-07-28,6223,旺矽,4.57,38901,股
2026-07-28,3017,奇鋐,4.56,89500,股
2026-07-28,6274,台燿,4.06,158000,股
2026-07-28,2059,川湖,3.56,21001,股
2026-07-28,3711,日月光投控,3.29,261002,股
2026-07-28,2308,台達電,2.68,74499,股
2026-07-28,2408,南亞科,2.54,284000,股
2026-07-28,2327,國巨*,2.45,191000,股
2026-07-28,5274,信驊,2.38,7920,股
2026-07-28,2368,金像電,2.13,116000,股
2026-07-28,6669,緯穎,2.06,17000,股
2026-07-28,3665,貿聯-KY,1.86,37000,股
2026-07-28,2360,致茂,1.81,41000,股
2026-07-28,3443,創意,1.59,19050,股
2026-07-28,7769,鴻勁,1.44,11000,股
2026-07-28,6515,穎崴,1.08,8000,股
2026-07-28,3231,緯創,0.97,251000,股
2026-07-28,2303,聯電,0.93,360000,股
2026-07-28,5347,世界,0.7,210000,股
2026-07-28,2449,京元電子,0.45,84000,股
2026-07-28,4958,臻鼎-KY,0.42,43000,股
2026-07-28,1303,南亞,0.29,80000,股
2026-07-28,6257,矽格,0.27,60000,股
2026-07-28,3081,聯亞,0.04,1000,股
2026-07-28,2404,漢唐,0.02,1000,股
2026-07-28,3045,台灣大,0.01,2000,股
2026-07-28,2412,中華電,0.0,1,股
2026-07-28,2467,志聖,0.0,10,股
2026-07-28,4904,遠傳,0.0,2003,股
2026-07-28,C_NTD,CASH,,384988409,元
2026-07-29,2330,台積電,15.55,289999,股
2026-07-29,2383,台光電,7.5,75000,股
2026-07-29,2454,聯發科,7.07,92001,股
2026-07-29,3037,欣興,5.25,313001,股
2026-07-29,8046,南電,5.06,236000,股
2026-07-29,2345,智邦,4.75,102000,股
2026-07-29,3017,奇鋐,4.57,89500,股
2026-07-29,6223,旺矽,4.54,38901,股
2026-07-29,6274,台燿,3.93,158000,股
2026-07-29,2059,川湖,3.66,21001,股
2026-07-29,3711,日月光投控,3.18,261002,股
2026-07-29,2308,台達電,2.72,74499,股
2026-07-29,5274,信驊,2.49,7920,股
2026-07-29,2408,南亞科,2.45,284000,股
2026-07-29,2327,國巨*,2.36,191000,股
2026-07-29,6669,緯穎,2.13,17000,股
2026-07-29,2368,金像電,2.06,116000,股
2026-07-29,3665,貿聯-KY,1.89,37000,股
2026-07-29,2360,致茂,1.83,41000,股
2026-07-29,3443,創意,1.53,19050,股
2026-07-29,7769,鴻勁,1.39,11000,股
2026-07-29,6515,穎崴,1.06,8000,股
2026-07-29,3231,緯創,1.04,251000,股
2026-07-29,5347,世界,0.68,210000,股
2026-07-29,4958,臻鼎-KY,0.42,43000,股
2026-07-29,1216,統一,0.1,50000,股
2026-07-29,3081,聯亞,0.04,1000,股
2026-07-29,2404,漢唐,0.02,1000,股
2026-07-29,2449,京元電子,0.02,4000,股
2026-07-29,2912,統一超,0.01,1000,股
2026-07-29,3045,台灣大,0.01,2000,股
2026-07-29,4904,遠傳,0.01,2003,股
2026-07-29,2412,中華電,0.0,1,股
2026-07-29,2467,志聖,0.0,10,股
2026-07-29,C_NTD,CASH,,384988409,元
2026-07-30,2330,台積電,15.53,289999,股
2026-07-30,2383,台光電,7.86,75000,股
2026-07-30,2454,聯發科,7.31,93001,股
2026-07-30,3037,欣興,5.44,313001,股
2026-07-30,2345,智邦,4.8,102000,股
2026-07-30,8046,南電,4.8,236000,股
2026-07-30,3017,奇鋐,4.59,89500,股
2026-07-30,6223,旺矽,4.54,38901,股
2026-07-30,6274,台燿,3.88,158000,股
2026-07-30,2059,川湖,3.64,21001,股
2026-07-30,3711,日月光投控,3.2,261002,股
2026-07-30,2308,台達電,2.77,74499,股
2026-07-30,5274,信驊,2.54,7920,股
2026-07-30,2408,南亞科,2.26,284000,股
2026-07-30,2368,金像電,2.03,116000,股
2026-07-30,6669,緯穎,2.02,17000,股
2026-07-30,2360,致茂,1.9,41000,股
2026-07-30,3665,貿聯-KY,1.72,37000,股
2026-07-30,3443,創意,1.6,19050,股
2026-07-30,2327,國巨*,1.54,139000,股
2026-07-30,7769,鴻勁,1.5,11000,股
2026-07-30,6515,穎崴,1.03,8000,股
2026-07-30,3231,緯創,0.98,251000,股
2026-07-30,5347,世界,0.7,210000,股
2026-07-30,4958,臻鼎-KY,0.39,43000,股
2026-07-30,2886,兆豐金,0.13,100000,股
2026-07-30,1216,統一,0.09,50000,股
2026-07-30,3081,聯亞,0.04,1000,股
2026-07-30,2404,漢唐,0.02,1000,股
2026-07-30,2449,京元電子,0.02,4000,股
2026-07-30,2912,統一超,0.01,1000,股
2026-07-30,3045,台灣大,0.01,2000,股
2026-07-30,4904,遠傳,0.01,2003,股
2026-07-30,2412,中華電,0.0,1,股
2026-07-30,2467,志聖,0.0,10,股
2026-07-30,C_NTD,CASH,,387368161,元
2026-07-31,2330,台積電,16.85,314999,股
2026-07-31,2383,台光電,7.85,75000,股
2026-07-31,2454,聯發科,7.29,93001,股
2026-07-31,3037,欣興,5.43,313001,股
2026-07-31,8046,南電,4.79,236000,股
2026-07-31,2345,智邦,4.78,102000,股
2026-07-31,3017,奇鋐,4.58,89500,股
2026-07-31,6223,旺矽,4.53,38901,股
2026-07-31,6274,台燿,3.87,158000,股
2026-07-31,2059,川湖,3.63,21001,股
2026-07-31,3711,日月光投控,3.19,261002,股
2026-07-31,2308,台達電,2.69,74499,股
2026-07-31,5274,信驊,2.54,7920,股
2026-07-31,6669,緯穎,2.5,21000,股
2026-07-31,2360,致茂,2.45,53000,股
2026-07-31,2408,南亞科,2.26,284000,股
2026-07-31,2368,金像電,2.03,116000,股
2026-07-31,3665,貿聯-KY,1.71,37000,股
2026-07-31,3443,創意,1.6,19050,股
2026-07-31,2327,國巨*,1.54,139000,股
2026-07-31,7769,鴻勁,1.5,11000,股
2026-07-31,6515,穎崴,1.03,8000,股
2026-07-31,3231,緯創,0.97,251000,股
2026-07-31,5347,世界,0.7,210000,股
2026-07-31,6239,力成,0.52,100000,股
2026-07-31,3036,文曄,0.39,90000,股
2026-07-31,4958,臻鼎-KY,0.39,43000,股
2026-07-31,2317,鴻海,0.22,40000,股
2026-07-31,2886,兆豐金,0.12,100000,股
2026-07-31,1216,統一,0.08,50000,股
2026-07-31,3081,聯亞,0.04,1000,股
2026-07-31,2404,漢唐,0.02,1000,股
2026-07-31,2449,京元電子,0.02,4000,股
2026-07-31,2412,中華電,0.0,1,股
2026-07-31,2467,志聖,0.0,10,股
2026-07-31,2912,統一超,0.0,1000,股
2026-07-31,3045,台灣大,0.0,2000,股
2026-07-31,C_NTD,CASH,,437576089,元
2026-08-03,2330,台積電,15.68,314999,股
2026-08-03,2383,台光電,7.94,76000,股
2026-08-03,2454,聯發科,7.63,93001,股
2026-08-03,3037,欣興,5.68,313001,股
2026-08-03,2345,智邦,5.24,107000,股
2026-08-03,3017,奇鋐,5.16,96500,股
2026-08-03,6223,旺矽,4.74,38901,股
2026-08-03,8046,南電,4.72,236000,股
2026-08-03,6274,台燿,4.04,158000,股
2026-08-03,2059,川湖,3.81,21001,股
2026-08-03,3711,日月光投控,3.34,261002,股
2026-08-03,5274,信驊,2.65,7920,股
2026-08-03,6669,緯穎,2.61,21000,股
2026-08-03,2308,台達電,2.47,74499,股
2026-08-03,2408,南亞科,2.36,284000,股
2026-08-03,2360,致茂,2.18,53000,股
2026-08-03,2368,金像電,2.12,116000,股
2026-08-03,3443,創意,1.67,19050,股
2026-08-03,3665,貿聯-KY,1.63,37000,股
2026-08-03,2327,國巨*,1.61,139000,股
2026-08-03,7769,鴻勁,1.48,11000,股
2026-08-03,6515,穎崴,1.05,8000,股
2026-08-03,3231,緯創,0.98,251000,股
2026-08-03,5347,世界,0.67,210000,股
2026-08-03,6239,力成,0.5,100000,股
2026-08-03,3036,文曄,0.39,90000,股
2026-08-03,4958,臻鼎-KY,0.38,43000,股
2026-08-03,2317,鴻海,0.21,40000,股
2026-08-03,2886,兆豐金,0.11,100000,股
2026-08-03,1216,統一,0.08,50000,股
2026-08-03,3081,聯亞,0.04,1000,股
2026-08-03,2404,漢唐,0.02,1000,股
2026-08-03,2449,京元電子,0.02,4000,股
2026-08-03,2412,中華電,0.0,1,股
2026-08-03,2467,志聖,0.0,10,股
2026-08-03,3045,台灣大,0.0,2000,股
2026-08-03,C_NTD,CASH,,513401219,元
2026-08-04,2330,台積電,15.05,314999,股
2026-08-04,2383,台光電,8.04,76000,股
2026-08-04,2454,聯發科,7.39,93001,股
2026-08-04,3037,欣興,6.35,334001,股
2026-08-04,3017,奇鋐,5.16,96500,股
2026-08-04,2345,智邦,5.11,107000,股
2026-08-04,8046,南電,5.07,236000,股
2026-08-04,6223,旺矽,4.72,38901,股
2026-08-04,6274,台燿,4.35,158000,股
2026-08-04,2059,川湖,4.1,21001,股
2026-08-04,3711,日月光投控,3.14,261002,股
2026-08-04,6669,緯穎,2.68,21000,股
2026-08-04,2408,南亞科,2.55,284000,股
2026-08-04,5274,信驊,2.53,7920,股
2026-08-04,2308,台達電,2.48,74499,股
2026-08-04,2360,致茂,2.1,53000,股
2026-08-04,3665,貿聯-KY,1.75,37000,股
2026-08-04,2327,國巨*,1.62,139000,股
2026-08-04,3443,創意,1.62,19050,股
2026-08-04,7769,鴻勁,1.4,11000,股
2026-08-04,6515,穎崴,1.08,8000,股
2026-08-04,3231,緯創,1.01,251000,股
2026-08-04,6239,力成,0.92,175000,股
2026-08-04,3653,健策,0.6,7000,股
2026-08-04,2344,華邦電,0.48,150000,股
2026-08-04,3036,文曄,0.39,90000,股
2026-08-04,4958,臻鼎-KY,0.39,43000,股
2026-08-04,2317,鴻海,0.21,40000,股
2026-08-04,2886,兆豐金,0.1,100000,股
2026-08-04,3081,聯亞,0.04,1000,股
2026-08-04,2404,漢唐,0.02,1000,股
2026-08-04,2449,京元電子,0.02,4000,股
2026-08-04,2412,中華電,0.0,1,股
2026-08-04,2467,志聖,0.0,10,股
2026-08-04,3045,台灣大,0.0,2000,股
2026-08-04,C_NTD,CASH,,352456346,元
2026-08-05,2330,台積電,15.14,314999,股
2026-08-05,2383,台光電,7.96,76000,股
2026-08-05,2454,聯發科,7.43,93001,股
2026-08-05,3037,欣興,6.46,334001,股
2026-08-05,3017,奇鋐,5.26,96500,股
2026-08-05,6223,旺矽,5.23,41901,股
2026-08-05,2345,智邦,5.1,107000,股
2026-08-05,8046,南電,5.0,236000,股
2026-08-05,6274,台燿,4.64,158000,股
2026-08-05,2059,川湖,3.97,21001,股
2026-08-05,3711,日月光投控,3.09,261002,股
2026-08-05,2408,南亞科,2.79,314000,股
2026-08-05,6669,緯穎,2.59,21000,股
2026-08-05,5274,信驊,2.53,7920,股
2026-08-05,2308,台達電,2.45,74499,股
2026-08-05,2360,致茂,2.0,53000,股
2026-08-05,3665,貿聯-KY,1.74,37000,股
2026-08-05,3443,創意,1.67,19050,股
2026-08-05,2327,國巨*,1.6,139000,股
2026-08-05,7769,鴻勁,1.43,11000,股
2026-08-05,3653,健策,1.13,13000,股
2026-08-05,6515,穎崴,1.1,8000,股
2026-08-05,3231,緯創,0.97,251000,股
2026-08-05,6239,力成,0.9,175000,股
2026-08-05,2344,華邦電,0.84,250000,股
2026-08-05,3036,文曄,0.81,180000,股
2026-08-05,2303,聯電,0.61,250000,股
2026-08-05,4958,臻鼎-KY,0.42,43000,股
2026-08-05,2317,鴻海,0.21,40000,股
2026-08-05,2886,兆豐金,0.1,100000,股
2026-08-05,3081,聯亞,0.04,1000,股
2026-08-05,2404,漢唐,0.02,1000,股
2026-08-05,2449,京元電子,0.02,4000,股
2026-08-05,2467,志聖,0.0,10,股
2026-08-05,3045,台灣大,0.0,2000,股
2026-08-05,C_NTD,CASH,,318187587,元
2026-08-06,2330,台積電,14.7,314999,股
2026-08-06,2383,台光電,7.95,76000,股
2026-08-06,2454,聯發科,7.18,93001,股
2026-08-06,3037,欣興,6.4,334001,股
2026-08-06,3017,奇鋐,5.82,100500,股
2026-08-06,6223,旺矽,5.2,41901,股
2026-08-06,8046,南電,5.14,236000,股
2026-08-06,2345,智邦,5.08,107000,股
2026-08-06,6274,台燿,4.76,158000,股
2026-08-06,2059,川湖,4.18,21001,股
2026-08-06,3711,日月光投控,3.06,261002,股
2026-08-06,2408,南亞科,2.84,314000,股
2026-08-06,5274,信驊,2.61,7920,股
2026-08-06,6669,緯穎,2.59,21000,股
2026-08-06,2308,台達電,2.47,74499,股
2026-08-06,3665,貿聯-KY,2.29,49000,股
2026-08-06,2360,致茂,2.06,53000,股
2026-08-06,3443,創意,1.68,19050,股
2026-08-06,2327,國巨*,1.56,139000,股
2026-08-06,7769,鴻勁,1.4,11000,股
2026-08-06,3653,健策,1.14,13000,股
2026-08-06,6515,穎崴,1.07,8000,股
2026-08-06,3231,緯創,0.94,251000,股
2026-08-06,6239,力成,0.93,175000,股
2026-08-06,2344,華邦電,0.84,250000,股
2026-08-06,3036,文曄,0.83,180000,股
2026-08-06,2303,聯電,0.6,250000,股
2026-08-06,4958,臻鼎-KY,0.41,43000,股
2026-08-06,2317,鴻海,0.21,40000,股
2026-08-06,2886,兆豐金,0.1,100000,股
2026-08-06,3081,聯亞,0.05,1000,股
2026-08-06,2404,漢唐,0.02,1000,股
2026-08-06,2449,京元電子,0.02,4000,股
2026-08-06,3045,台灣大,0.0,2000,股
2026-08-06,C_NTD,CASH,,361905035,元
2026-08-07,2330,台積電,14.97,314999,股
2026-08-07,2383,台光電,7.99,76000,股
2026-08-07,2454,聯發科,7.27,93001,股
2026-08-07,3037,欣興,6.4,334001,股
2026-08-07,3017,奇鋐,5.61,100500,股
2026-08-07,6223,旺矽,5.13,41901,股
2026-08-07,8046,南電,5.11,236000,股
2026-08-07,2059,川湖,4.68,21001,股
2026-08-07,6274,台燿,4.56,158000,股
2026-08-07,2345,智邦,3.64,82000,股
2026-08-07,3711,日月光投控,3.06,261002,股
2026-08-07,2408,南亞科,2.88,314000,股
2026-08-07,5274,信驊,2.6,7920,股
2026-08-07,6669,緯穎,2.57,21000,股
2026-08-07,2308,台達電,2.47,74499,股
2026-08-07,2360,致茂,2.16,53000,股
2026-08-07,3665,貿聯-KY,2.16,49000,股
2026-08-07,3443,創意,1.74,19050,股
2026-08-07,2327,國巨*,1.51,139000,股
2026-08-07,7769,鴻勁,1.39,11000,股
2026-08-07,3653,健策,1.14,13000,股
2026-08-07,6515,穎崴,1.08,8000,股
2026-08-07,6239,力成,0.92,175000,股
2026-08-07,2344,華邦電,0.82,250000,股
2026-08-07,3036,文曄,0.76,180000,股
2026-08-07,2303,聯電,0.58,250000,股
2026-08-07,4958,臻鼎-KY,0.41,43000,股
2026-08-07,2317,鴻海,0.21,40000,股
2026-08-07,3231,緯創,0.19,51000,股
2026-08-07,2886,兆豐金,0.1,100000,股
2026-08-07,3081,聯亞,0.05,1000,股
2026-08-07,2404,漢唐,0.02,1000,股
2026-08-07,2449,京元電子,0.02,4000,股
2026-08-07,3045,台灣大,0.0,2000,股
2026-08-07,C_NTD,CASH,,234647459,元
2026-08-10,2330,台積電,14.72,314999,股
2026-08-10,2383,台光電,7.89,76000,股
2026-08-10,2454,聯發科,7.23,93001,股
2026-08-10,3037,欣興,6.5,334001,股
2026-08-10,3017,奇鋐,5.46,100500,股
2026-08-10,8046,南電,5.24,236000,股
2026-08-10,6223,旺矽,5.12,41901,股
2026-08-10,2059,川湖,4.91,21001,股
2026-08-10,6274,台燿,4.53,158000,股
2026-08-10,2345,智邦,3.49,82000,股
2026-08-10,3711,日月光投控,3.24,262002,股
2026-08-10,2408,南亞科,3.09,314000,股
2026-08-10,2308,台達電,2.65,74499,股
2026-08-10,5274,信驊,2.57,7920,股
2026-08-10,6669,緯穎,2.48,21000,股
2026-08-10,2360,致茂,2.11,53000,股
2026-08-10,3665,貿聯-KY,2.11,49000,股
2026-08-10,3443,創意,1.69,19050,股
2026-08-10,2327,國巨*,1.56,139000,股
2026-08-10,7769,鴻勁,1.36,11000,股
2026-08-10,6515,穎崴,1.07,8000,股
2026-08-10,3653,健策,1.06,13000,股
2026-08-10,2303,聯電,1.04,430000,股
2026-08-10,6239,力成,0.99,175000,股
2026-08-10,2344,華邦電,0.88,250000,股
2026-08-10,3036,文曄,0.81,180000,股
2026-08-10,4958,臻鼎-KY,0.4,43000,股
2026-08-10,6805,富世達,0.34,10000,股
2026-08-10,2382,廣達,0.31,50000,股
2026-08-10,2317,鴻海,0.21,40000,股
2026-08-10,3231,緯創,0.19,51000,股
2026-08-10,2886,兆豐金,0.1,100000,股
2026-08-10,3081,聯亞,0.05,1000,股
2026-08-10,2404,漢唐,0.02,1000,股
2026-08-10,2449,京元電子,0.02,4000,股
2026-08-10,3045,台灣大,0.0,2000,股
2026-08-10,C_NTD,CASH,,193020095,元
2026-08-11,2330,台積電,14.73,314999,股
2026-08-11,2383,台光電,8.21,76000,股
2026-08-11,2454,聯發科,7.3,93001,股
2026-08-11,3037,欣興,6.47,334001,股
2026-08-11,3017,奇鋐,5.41,100500,股
2026-08-11,8046,南電,5.3,236000,股
2026-08-11,6223,旺矽,5.17,41901,股
2026-08-11,2059,川湖,5.05,21001,股
2026-08-11,6274,台燿,4.95,158000,股
2026-08-11,3711,日月光投控,3.22,262002,股
2026-08-11,2408,南亞科,3.0,314000,股
2026-08-11,2345,智邦,2.79,67000,股
2026-08-11,2308,台達電,2.62,74499,股
2026-08-11,5274,信驊,2.54,7920,股
2026-08-11,6669,緯穎,2.43,21000,股
2026-08-11,2360,致茂,2.15,53000,股
2026-08-11,2327,國巨*,2.0,166000,股
2026-08-11,3443,創意,1.84,19050,股
2026-08-11,7769,鴻勁,1.36,11000,股
2026-08-11,6515,穎崴,1.08,8000,股
2026-08-11,3665,貿聯-KY,1.07,25000,股
2026-08-11,2303,聯電,1.03,430000,股
2026-08-11,3653,健策,1.03,13000,股
2026-08-11,6239,力成,0.97,175000,股
2026-08-11,2344,華邦電,0.87,250000,股
2026-08-11,3036,文曄,0.77,180000,股
2026-08-11,4958,臻鼎-KY,0.41,43000,股
2026-08-11,6805,富世達,0.35,10000,股
2026-08-11,2382,廣達,0.31,50000,股
2026-08-11,2481,強茂,0.25,90000,股
2026-08-11,2317,鴻海,0.21,40000,股
2026-08-11,3231,緯創,0.19,51000,股
2026-08-11,2886,兆豐金,0.1,100000,股
2026-08-11,3081,聯亞,0.05,1000,股
2026-08-11,2404,漢唐,0.02,1000,股
2026-08-11,2449,京元電子,0.02,4000,股
2026-08-11,3045,台灣大,0.0,2000,股
2026-08-11,C_NTD,CASH,,285971167,元
2026-08-12,2330,台積電,13.56,292999,股
2026-08-12,2383,台光電,8.35,76000,股
2026-08-12,3037,欣興,6.4,334001,股
2026-08-12,2454,聯發科,6.08,79001,股
2026-08-12,8046,南電,5.72,236000,股
2026-08-12,3017,奇鋐,5.61,100500,股
2026-08-12,6223,旺矽,5.3,41901,股
2026-08-12,2059,川湖,4.85,21001,股
2026-08-12,6274,台燿,4.85,158000,股
2026-08-12,3711,日月光投控,3.12,262002,股
2026-08-12,2408,南亞科,2.9,314000,股
2026-08-12,2345,智邦,2.84,67000,股
2026-08-12,5274,信驊,2.64,7920,股
2026-08-12,2308,台達電,2.56,74499,股
2026-08-12,6669,緯穎,2.43,21000,股
2026-08-12,2360,致茂,2.23,53000,股
2026-08-12,2327,國巨*,1.92,166000,股
2026-08-12,3443,創意,1.87,19050,股
2026-08-12,7769,鴻勁,1.37,11000,股
2026-08-12,3653,健策,1.11,13000,股
2026-08-12,6515,穎崴,1.1,8000,股
2026-08-12,3665,貿聯-KY,1.03,25000,股
2026-08-12,2303,聯電,1.01,430000,股
2026-08-12,6239,力成,0.94,175000,股
2026-08-12,2344,華邦電,0.85,250000,股
2026-08-12,3036,文曄,0.75,180000,股
2026-08-12,2382,廣達,0.44,70000,股
2026-08-12,4958,臻鼎-KY,0.39,43000,股
2026-08-12,6805,富世達,0.35,10000,股
2026-08-12,5483,中美晶,0.32,90000,股
2026-08-12,2368,金像電,0.31,16000,股
2026-08-12,2481,強茂,0.24,90000,股
2026-08-12,2317,鴻海,0.21,40000,股
2026-08-12,3231,緯創,0.19,51000,股
2026-08-12,2886,兆豐金,0.09,100000,股
2026-08-12,3081,聯亞,0.05,1000,股
2026-08-12,2404,漢唐,0.02,1000,股
2026-08-12,2449,京元電子,0.02,4000,股
2026-08-12,3045,台灣大,0.0,2000,股
2026-08-12,C_NTD,CASH,,229464358,元
2026-08-13,2330,台積電,13.47,292999,股
2026-08-13,2383,台光電,8.18,76000,股
2026-08-13,3017,奇鋐,6.39,105500,股
2026-08-13,2454,聯發科,6.32,79001,股
2026-08-13,3037,欣興,6.32,334001,股
2026-08-13,8046,南電,5.43,236000,股
2026-08-13,6223,旺矽,5.15,41901,股
2026-08-13,2059,川湖,4.86,21001,股
2026-08-13,6274,台燿,4.78,158000,股
2026-08-13,3711,日月光投控,3.1,262002,股
2026-08-13,2408,南亞科,3.05,314000,股
2026-08-13,2345,智邦,2.88,67000,股
2026-08-13,2308,台達電,2.66,74499,股
2026-08-13,5274,信驊,2.62,7920,股
2026-08-13,6669,緯穎,2.41,21000,股
2026-08-13,2360,致茂,2.31,53000,股
2026-08-13,2327,國巨*,2.08,166000,股
2026-08-13,3443,創意,2.0,19050,股
2026-08-13,7769,鴻勁,1.41,11000,股
2026-08-13,3653,健策,1.14,13000,股
2026-08-13,3665,貿聯-KY,1.04,25000,股
2026-08-13,2303,聯電,1.01,430000,股
2026-08-13,6239,力成,0.94,175000,股
2026-08-13,2344,華邦電,0.84,250000,股
2026-08-13,5483,中美晶,0.82,230000,股
2026-08-13,3036,文曄,0.73,180000,股
2026-08-13,6187,萬潤,0.58,24000,股
2026-08-13,2382,廣達,0.43,70000,股
2026-08-13,4958,臻鼎-KY,0.39,43000,股
2026-08-13,6805,富世達,0.35,10000,股
2026-08-13,2368,金像電,0.31,16000,股
2026-08-13,2481,強茂,0.24,90000,股
2026-08-13,2317,鴻海,0.2,40000,股
2026-08-13,3231,緯創,0.19,51000,股
2026-08-13,2886,兆豐金,0.09,100000,股
2026-08-13,3081,聯亞,0.05,1000,股
2026-08-13,2404,漢唐,0.02,1000,股
2026-08-13,2449,京元電子,0.02,4000,股
2026-08-13,C_NTD,CASH,,239651897,元
2026-08-14,2330,台積電,13.18,292999,股
2026-08-14,2383,台光電,8.8,76001,股
2026-08-14,3017,奇鋐,6.41,105500,股
2026-08-14,3037,欣興,6.4,334001,股
2026-08-14,2454,聯發科,6.24,79001,股
2026-08-14,8046,南電,5.78,236000,股
2026-08-14,6223,旺矽,5.07,41901,股
2026-08-14,6274,台燿,4.97,158000,股
2026-08-14,2059,川湖,4.93,21001,股
2026-08-14,2345,智邦,3.41,79000,股
2026-08-14,6669,緯穎,3.14,26000,股
2026-08-14,3711,日月光投控,3.03,262002,股
2026-08-14,2408,南亞科,3.02,314000,股
2026-08-14,2308,台達電,2.64,74499,股
2026-08-14,5274,信驊,2.63,7920,股
2026-08-14,2360,致茂,2.29,53000,股
2026-08-14,3443,創意,1.95,19050,股
2026-08-14,2327,國巨*,1.94,166000,股
2026-08-14,7769,鴻勁,1.36,11000,股
2026-08-14,3653,健策,1.18,13000,股
2026-08-14,3665,貿聯-KY,1.03,25000,股
2026-08-14,2303,聯電,0.98,430000,股
2026-08-14,6239,力成,0.91,175000,股
2026-08-14,2344,華邦電,0.86,250000,股
2026-08-14,6488,環球晶,0.85,45000,股
2026-08-14,5483,中美晶,0.81,230000,股
2026-08-14,6187,萬潤,0.57,24000,股
2026-08-14,2382,廣達,0.43,70000,股
2026-08-14,4958,臻鼎-KY,0.4,43000,股
2026-08-14,6805,富世達,0.34,10000,股
2026-08-14,2368,金像電,0.3,16000,股
2026-08-14,8996,高力,0.29,12000,股
2026-08-14,2481,強茂,0.23,90000,股
2026-08-14,2317,鴻海,0.19,40000,股
2026-08-14,3231,緯創,0.19,51000,股
2026-08-14,2886,兆豐金,0.09,100000,股
2026-08-14,3081,聯亞,0.05,1000,股
2026-08-14,2404,漢唐,0.02,1000,股
2026-08-14,2449,京元電子,0.02,4000,股
2026-08-14,C_NTD,CASH,,309961032,元
2026-08-17,2330,台積電,13.16,292999,股
2026-08-17,2383,台光電,9.02,76001,股
2026-08-17,3037,欣興,6.99,334001,股
2026-08-17,3017,奇鋐,6.21,105500,股
2026-08-17,8046,南電,5.71,236000,股
2026-08-17,2454,聯發科,5.6,74001,股
2026-08-17,2059,川湖,5.4,21001,股
2026-08-17,6274,台燿,4.73,158000,股
2026-08-17,6223,旺矽,4.54,41901,股
2026-08-17,2345,智邦,3.38,79000,股
2026-08-17,6669,緯穎,3.22,26000,股
2026-08-17,2408,南亞科,3.08,314000,股
2026-08-17,3711,日月光投控,3.01,262002,股
2026-08-17,2308,台達電,2.63,74499,股
2026-08-17,5274,信驊,2.52,7920,股
2026-08-17,2360,致茂,2.34,53000,股
2026-08-17,3443,創意,2.08,19050,股
2026-08-17,2327,國巨*,1.89,166000,股
2026-08-17,7769,鴻勁,1.39,11000,股
2026-08-17,3653,健策,1.3,13000,股
2026-08-17,6488,環球晶,1.14,60000,股
2026-08-17,6187,萬潤,1.01,39000,股
2026-08-17,2303,聯電,0.98,430000,股
2026-08-17,6239,力成,0.91,175000,股
2026-08-17,2344,華邦電,0.85,250000,股
2026-08-17,5483,中美晶,0.8,230000,股
2026-08-17,2382,廣達,0.44,70000,股
2026-08-17,4958,臻鼎-KY,0.4,43000,股
2026-08-17,6805,富世達,0.36,10000,股
2026-08-17,2368,金像電,0.3,16000,股
2026-08-17,8996,高力,0.27,12000,股
2026-08-17,2481,強茂,0.24,90000,股
2026-08-17,3665,貿聯-KY,0.2,5000,股
2026-08-17,2317,鴻海,0.19,40000,股
2026-08-17,3231,緯創,0.18,51000,股
2026-08-17,2886,兆豐金,0.09,100000,股
2026-08-17,3081,聯亞,0.05,1000,股
2026-08-17,2404,漢唐,0.02,1000,股
2026-08-17,2449,京元電子,0.02,4000,股
2026-08-17,C_NTD,CASH,,272282760,元
2026-08-18,2330,台積電,13.41,292999,股
2026-08-18,2383,台光電,9.05,76001,股
2026-08-18,3037,欣興,7.34,334001,股
2026-08-18,3017,奇鋐,6.14,105500,股
2026-08-18,2059,川湖,5.79,21001,股
2026-08-18,8046,南電,5.64,236000,股
2026-08-18,2454,聯發科,5.0,67001,股
2026-08-18,6274,台燿,4.68,158000,股
2026-08-18,6223,旺矽,3.73,36901,股
2026-08-18,2345,智邦,3.37,79000,股
2026-08-18,6669,緯穎,3.19,26000,股
2026-08-18,2408,南亞科,3.1,314000,股
2026-08-18,3711,日月光投控,3.01,262002,股
2026-08-18,2308,台達電,2.6,74499,股
2026-08-18,5274,信驊,2.59,7920,股
2026-08-18,2360,致茂,2.34,53000,股
2026-08-18,3443,創意,2.02,19050,股
2026-08-18,6488,環球晶,1.55,76000,股
2026-08-18,7769,鴻勁,1.38,11000,股
2026-08-18,3653,健策,1.28,13000,股
2026-08-18,2303,聯電,0.98,430000,股
2026-08-18,6187,萬潤,0.94,39000,股
2026-08-18,6239,力成,0.89,175000,股
2026-08-18,2344,華邦電,0.85,250000,股
2026-08-18,5483,中美晶,0.82,230000,股
2026-08-18,2327,國巨*,0.62,56000,股
2026-08-18,2382,廣達,0.44,70000,股
2026-08-18,6805,富世達,0.38,10000,股
2026-08-18,2368,金像電,0.33,16000,股
2026-08-18,8996,高力,0.27,12000,股
2026-08-18,2481,強茂,0.24,90000,股
2026-08-18,3665,貿聯-KY,0.21,5000,股
2026-08-18,3231,緯創,0.18,51000,股
2026-08-18,2886,兆豐金,0.09,100000,股
2026-08-18,3081,聯亞,0.06,1000,股
2026-08-18,2404,漢唐,0.02,1000,股
2026-08-18,2449,京元電子,0.02,4000,股
2026-08-18,2317,鴻海,0.0,1000,股
2026-08-18,C_NTD,CASH,,162073370,元
2026-08-19,2330,台積電,13.68,292999,股
2026-08-19,2383,台光電,7.94,68001,股
2026-08-19,3017,奇鋐,6.48,105500,股
2026-08-19,3037,欣興,6.48,289001,股
2026-08-19,2059,川湖,5.88,21001,股
2026-08-19,8046,南電,5.53,236000,股
2026-08-19,2454,聯發科,5.11,67001,股
2026-08-19,6274,台燿,4.71,158000,股
2026-08-19,6223,旺矽,3.85,36901,股
2026-08-19,2345,智邦,3.33,79000,股
2026-08-19,6669,緯穎,3.29,26000,股
2026-08-19,3711,日月光投控,3.06,262002,股
2026-08-19,2408,南亞科,3.0,314000,股
2026-08-19,2308,台達電,2.61,74499,股
2026-08-19,5274,信驊,2.49,7920,股
2026-08-19,2360,致茂,2.23,53000,股
2026-08-19,3443,創意,2.0,19050,股
2026-08-19,3653,健策,1.84,17000,股
2026-08-19,6488,環球晶,1.48,76000,股
2026-08-19,7769,鴻勁,1.41,11000,股
2026-08-19,6187,萬潤,1.01,39000,股
2026-08-19,2303,聯電,0.99,430000,股
2026-08-19,6239,力成,0.91,175000,股
2026-08-19,5483,中美晶,0.81,230000,股
2026-08-19,2327,國巨*,0.64,56000,股
2026-08-19,2382,廣達,0.46,70000,股
2026-08-19,6805,富世達,0.36,10000,股
2026-08-19,2368,金像電,0.33,16000,股
2026-08-19,8996,高力,0.27,12000,股
2026-08-19,2481,強茂,0.24,90000,股
2026-08-19,3665,貿聯-KY,0.22,5000,股
2026-08-19,3231,緯創,0.18,51000,股
2026-08-19,2886,兆豐金,0.09,100000,股
2026-08-19,3081,聯亞,0.05,1000,股
2026-08-19,2404,漢唐,0.02,1000,股
2026-08-19,2449,京元電子,0.02,4000,股
2026-08-19,2317,鴻海,0.0,1000,股
2026-08-19,C_NTD,CASH,,178087975,元
2026-08-20,2330,台積電,13.71,292999,股
2026-08-20,2383,台光電,8.01,68001,股
2026-08-20,3037,欣興,6.49,289001,股
2026-08-20,3017,奇鋐,6.2,105500,股
2026-08-20,2059,川湖,5.76,21001,股
2026-08-20,8046,南電,5.55,236000,股
2026-08-20,6274,台燿,4.9,158000,股
2026-08-20,6223,旺矽,4.11,36901,股
2026-08-20,2345,智邦,3.27,79000,股
2026-08-20,6669,緯穎,3.24,26000,股
2026-08-20,2408,南亞科,3.2,314000,股
2026-08-20,2454,聯發科,3.06,42001,股
2026-08-20,3711,日月光投控,2.7,232002,股
2026-08-20,2308,台達電,2.56,74499,股
2026-08-20,5274,信驊,2.46,7920,股
2026-08-20,3443,創意,2.11,19050,股
2026-08-20,3653,健策,1.87,17000,股
2026-08-20,2360,致茂,1.73,41000,股
2026-08-20,6488,環球晶,1.49,76000,股
2026-08-20,7769,鴻勁,1.4,11000,股
2026-08-20,2303,聯電,0.98,430000,股
2026-08-20,6187,萬潤,0.97,39000,股
2026-08-20,6239,力成,0.93,175000,股
2026-08-20,5483,中美晶,0.84,230000,股
2026-08-20,2382,廣達,0.45,70000,股
2026-08-20,2327,國巨*,0.4,36000,股
2026-08-20,6805,富世達,0.36,10000,股
2026-08-20,2368,金像電,0.32,16000,股
2026-08-20,8996,高力,0.27,12000,股
2026-08-20,2481,強茂,0.25,90000,股
2026-08-20,3665,貿聯-KY,0.22,5000,股
2026-08-20,3231,緯創,0.18,51000,股
2026-08-20,2886,兆豐金,0.09,100000,股
2026-08-20,3081,聯亞,0.05,1000,股
2026-08-20,2404,漢唐,0.02,1000,股
2026-08-20,2449,京元電子,0.02,4000,股
2026-08-20,9941,裕融,0.02,10000,股
2026-08-20,2317,鴻海,0.0,1000,股
2026-08-20,C_NTD,CASH,,283276145,元
2026-08-21,2330,台積電,14.2,292999,股
2026-08-21,2383,台光電,7.77,68001,股
2026-08-21,3017,奇鋐,6.08,105500,股
2026-08-21,2059,川湖,5.66,21001,股
2026-08-21,8046,南電,5.39,236000,股
2026-08-21,3037,欣興,5.33,244001,股
2026-08-21,6274,台燿,4.75,158000,股
2026-08-21,6223,旺矽,4.06,36901,股
2026-08-21,2408,南亞科,3.35,315000,股
2026-08-21,6669,緯穎,3.27,26000,股
2026-08-21,2454,聯發科,3.2,42001,股
2026-08-21,2345,智邦,2.74,67000,股
2026-08-21,3711,日月光投控,2.74,232002,股
2026-08-21,2308,台達電,2.62,74499,股
2026-08-21,5274,信驊,2.45,7920,股
2026-08-21,3443,創意,2.15,19050,股
2026-08-21,3653,健策,1.85,17000,股
2026-08-21,2360,致茂,1.73,41000,股
2026-08-21,6488,環球晶,1.44,76000,股
2026-08-21,7769,鴻勁,1.42,11000,股
2026-08-21,2303,聯電,1.01,430000,股
2026-08-21,6187,萬潤,0.94,39000,股
2026-08-21,6239,力成,0.94,175000,股
2026-08-21,3081,聯亞,0.65,11000,股
2026-08-21,1303,南亞,0.54,140000,股
2026-08-21,2382,廣達,0.45,70000,股
2026-08-21,2327,國巨*,0.4,36000,股
2026-08-21,6805,富世達,0.36,10000,股
2026-08-21,2368,金像電,0.31,16000,股
2026-08-21,8996,高力,0.26,12000,股
2026-08-21,2481,強茂,0.24,90000,股
2026-08-21,3665,貿聯-KY,0.23,5000,股
2026-08-21,3231,緯創,0.18,51000,股
2026-08-21,2886,兆豐金,0.09,100000,股
2026-08-21,2404,漢唐,0.02,1000,股
2026-08-21,2449,京元電子,0.02,4000,股
2026-08-21,9941,裕融,0.02,11000,股
2026-08-21,2317,鴻海,0.0,1000,股
2026-08-21,C_NTD,CASH,,349547636,元
2026-08-24,2330,台積電,14.22,292999,股
2026-08-24,2383,台光電,6.54,59001,股
2026-08-24,2059,川湖,6.17,21001,股
2026-08-24,3017,奇鋐,6.14,105500,股
2026-08-24,8046,南電,5.46,236000,股
2026-08-24,3037,欣興,5.35,244001,股
2026-08-24,6274,台燿,4.69,158000,股
2026-08-24,6223,旺矽,4.19,36901,股
2026-08-24,6669,緯穎,3.34,26000,股
2026-08-24,2454,聯發科,3.23,42001,股
2026-08-24,2408,南亞科,3.22,315000,股
2026-08-24,2345,智邦,2.83,67000,股
2026-08-24,3711,日月光投控,2.8,232002,股
2026-08-24,2308,台達電,2.64,74499,股
2026-08-24,5274,信驊,2.44,7920,股
2026-08-24,3443,創意,2.08,19050,股
2026-08-24,6488,環球晶,1.87,91000,股
2026-08-24,3653,健策,1.79,17000,股
2026-08-24,2360,致茂,1.73,41000,股
2026-08-24,2303,聯電,1.46,580000,股
2026-08-24,7769,鴻勁,1.4,11000,股
2026-08-24,6187,萬潤,0.96,39000,股
2026-08-24,6239,力成,0.96,175000,股
2026-08-24,3081,聯亞,0.62,11000,股
2026-08-24,1303,南亞,0.51,140000,股
2026-08-24,2382,廣達,0.46,70000,股
2026-08-24,2327,國巨*,0.4,36000,股
2026-08-24,6805,富世達,0.35,10000,股
2026-08-24,2368,金像電,0.31,16000,股
2026-08-24,8996,高力,0.28,12000,股
2026-08-24,2481,強茂,0.25,90000,股
2026-08-24,3665,貿聯-KY,0.21,5000,股
2026-08-24,3231,緯創,0.18,51000,股
2026-08-24,2886,兆豐金,0.1,100000,股
2026-08-24,2404,漢唐,0.02,1000,股
2026-08-24,2449,京元電子,0.02,4000,股
2026-08-24,9941,裕融,0.02,11000,股
2026-08-24,2317,鴻海,0.0,1000,股
2026-08-24,8436,大江,0.0,1000,股
2026-08-24,C_NTD,CASH,,495302547,元
2026-08-25,2330,台積電,14.25,292999,股
2026-08-25,2383,台光電,6.68,59001,股
2026-08-25,3017,奇鋐,6.3,105500,股
2026-08-25,2059,川湖,6.07,21001,股
2026-08-25,3037,欣興,5.41,244001,股
2026-08-25,6274,台燿,4.75,158000,股
2026-08-25,8046,南電,4.6,196000,股
2026-08-25,6223,旺矽,4.18,36901,股
2026-08-25,6669,緯穎,3.39,26000,股
2026-08-25,2408,南亞科,3.25,315000,股
2026-08-25,2454,聯發科,3.18,42001,股
2026-08-25,2345,智邦,2.75,67000,股
2026-08-25,5274,信驊,2.47,7920,股
2026-08-25,3443,創意,2.15,19050,股
2026-08-25,3711,日月光投控,2.06,172002,股
2026-08-25,2308,台達電,1.96,56499,股
2026-08-25,6488,環球晶,1.81,91000,股
2026-08-25,3653,健策,1.79,17000,股
2026-08-25,2303,聯電,1.47,580000,股
2026-08-25,7769,鴻勁,1.38,11000,股
2026-08-25,2360,致茂,1.03,26000,股
2026-08-25,6187,萬潤,1.0,39000,股
2026-08-25,6239,力成,0.97,175000,股
2026-08-25,3081,聯亞,0.66,11000,股
2026-08-25,1303,南亞,0.53,140000,股
2026-08-25,2382,廣達,0.47,70000,股
2026-08-25,6805,富世達,0.37,10000,股
2026-08-25,3045,台灣大,0.35,150000,股
2026-08-25,2368,金像電,0.31,16000,股
2026-08-25,8996,高力,0.3,12000,股
2026-08-25,2481,強茂,0.25,90000,股
2026-08-25,3665,貿聯-KY,0.21,5000,股
2026-08-25,3231,緯創,0.18,51000,股
2026-08-25,2886,兆豐金,0.1,100000,股
2026-08-25,2404,漢唐,0.02,1000,股
2026-08-25,9941,裕融,0.02,12000,股
2026-08-25,8436,大江,0.01,3000,股
2026-08-25,2317,鴻海,0.0,1000,股
2026-08-25,C_NTD,CASH,,551036936,元
2026-08-26,2330,台積電,14.11,292999,股
2026-08-26,2383,台光電,6.91,59001,股
2026-08-26,3017,奇鋐,6.61,105500,股
2026-08-26,2059,川湖,6.05,21001,股
2026-08-26,3037,欣興,5.62,244001,股
2026-08-26,6274,台燿,5.1,168000,股
2026-08-26,8046,南電,4.59,196000,股
2026-08-26,2454,聯發科,4.54,58001,股
2026-08-26,6223,旺矽,3.69,36901,股
2026-08-26,6669,緯穎,3.5,26000,股
2026-08-26,2408,南亞科,3.23,315000,股
2026-08-26,3653,健策,2.84,25000,股
2026-08-26,2345,智邦,2.73,67000,股
2026-08-26,5274,信驊,2.47,7920,股
2026-08-26,3443,創意,2.32,19050,股
2026-08-26,3711,日月光投控,2.02,172002,股
2026-08-26,2308,台達電,1.96,56499,股
2026-08-26,6488,環球晶,1.71,91000,股
2026-08-26,2303,聯電,1.42,580000,股
2026-08-26,7769,鴻勁,1.38,11000,股
2026-08-26,1303,南亞,1.32,320000,股
2026-08-26,3081,聯亞,1.29,20000,股
2026-08-26,2360,致茂,1.02,26000,股
2026-08-26,6187,萬潤,1.01,39000,股
2026-08-26,6239,力成,0.99,175000,股
2026-08-26,6805,富世達,0.8,20000,股
2026-08-26,2481,強茂,0.6,200000,股
2026-08-26,2382,廣達,0.46,70000,股
2026-08-26,3045,台灣大,0.34,150000,股
2026-08-26,2368,金像電,0.33,16000,股
2026-08-26,8996,高力,0.28,12000,股
2026-08-26,3665,貿聯-KY,0.2,5000,股
2026-08-26,3231,緯創,0.18,51000,股
2026-08-26,2886,兆豐金,0.09,100000,股
2026-08-26,2404,漢唐,0.02,1000,股
2026-08-26,9941,裕融,0.02,13000,股
2026-08-26,8436,大江,0.01,3000,股
2026-08-26,2317,鴻海,0.0,1000,股
2026-08-26,C_NTD,CASH,,524840209,元
2026-08-27,2330,台積電,14.02,292999,股
2026-08-27,3017,奇鋐,6.98,105500,股
2026-08-27,3037,欣興,6.64,284001,股
2026-08-27,2383,台光電,6.43,59001,股
2026-08-27,2059,川湖,5.97,21001,股
2026-08-27,8046,南電,5.03,196000,股
2026-08-27,6274,台燿,4.81,168000,股
2026-08-27,2454,聯發科,4.44,58001,股
2026-08-27,6223,旺矽,3.72,36901,股
2026-08-27,6669,緯穎,3.51,26000,股
2026-08-27,2408,南亞科,3.38,315000,股
2026-08-27,3653,健策,2.8,25000,股
2026-08-27,2345,智邦,2.77,67000,股
2026-08-27,5274,信驊,2.4,7920,股
2026-08-27,3443,創意,2.23,19050,股
2026-08-27,1303,南亞,2.07,460000,股
2026-08-27,3711,日月光投控,2.06,172002,股
2026-08-27,2308,台達電,1.98,56499,股
2026-08-27,6488,環球晶,1.73,91000,股
2026-08-27,7769,鴻勁,1.38,11000,股
2026-08-27,3081,聯亞,1.34,20000,股
2026-08-27,6805,富世達,1.32,30000,股
2026-08-27,3189,景碩,1.27,70000,股
2026-08-27,6187,萬潤,1.11,39000,股
2026-08-27,2360,致茂,1.03,26000,股
2026-08-27,6239,力成,0.96,175000,股
2026-08-27,8996,高力,0.93,36000,股
2026-08-27,2303,聯電,0.89,380000,股
2026-08-27,2481,強茂,0.58,200000,股
2026-08-27,3491,昇達科,0.56,20000,股
2026-08-27,2382,廣達,0.46,70000,股
2026-08-27,3045,台灣大,0.34,150000,股
2026-08-27,2368,金像電,0.33,16000,股
2026-08-27,3665,貿聯-KY,0.2,5000,股
2026-08-27,3231,緯創,0.18,51000,股
2026-08-27,2886,兆豐金,0.09,100000,股
2026-08-27,2404,漢唐,0.02,1000,股
2026-08-27,9941,裕融,0.02,13000,股
2026-08-27,8436,大江,0.01,3000,股
2026-08-27,2317,鴻海,0.0,1000,股
2026-08-27,C_NTD,CASH,,657126246,元
2026-08-28,2330,台積電,14.09,292999,股
2026-08-28,3017,奇鋐,7.04,105500,股
2026-08-28,2383,台光電,6.44,59001,股
2026-08-28,3037,欣興,6.26,284001,股
2026-08-28,2059,川湖,5.97,21001,股
2026-08-28,6274,台燿,4.97,168000,股
2026-08-28,8046,南電,4.83,196000,股
2026-08-28,2454,聯發科,4.59,58001,股
2026-08-28,6669,緯穎,3.72,26000,股
2026-08-28,2408,南亞科,3.38,315000,股
2026-08-28,6223,旺矽,3.29,32901,股
2026-08-28,3653,健策,2.87,25000,股
2026-08-28,2345,智邦,2.83,67000,股
2026-08-28,2308,台達電,2.49,68499,股
2026-08-28,3443,創意,2.28,19050,股
2026-08-28,3711,日月光投控,2.12,172002,股
2026-08-28,1303,南亞,2.02,460000,股
2026-08-28,5274,信驊,1.99,6420,股
2026-08-28,6488,環球晶,1.76,91000,股
2026-08-28,7769,鴻勁,1.42,11000,股
2026-08-28,6805,富世達,1.4,30000,股
2026-08-28,3081,聯亞,1.31,20000,股
2026-08-28,3189,景碩,1.25,70000,股
2026-08-28,6187,萬潤,1.06,39000,股
2026-08-28,2360,致茂,1.04,26000,股
2026-08-28,6239,力成,1.0,175000,股
2026-08-28,2303,聯電,0.98,380000,股
2026-08-28,8996,高力,0.91,36000,股
2026-08-28,2481,強茂,0.89,290000,股
2026-08-28,3491,昇達科,0.6,20000,股
2026-08-28,2368,金像電,0.36,16000,股
2026-08-28,3045,台灣大,0.34,150000,股
2026-08-28,3665,貿聯-KY,0.22,5000,股
2026-08-28,3231,緯創,0.18,51000,股
2026-08-28,2886,兆豐金,0.1,100000,股
2026-08-28,2404,漢唐,0.02,1000,股
2026-08-28,9941,裕融,0.02,13000,股
2026-08-28,2317,鴻海,0.01,1000,股
2026-08-28,8436,大江,0.01,3000,股
2026-08-28,C_NTD,CASH,,415124634,元
2026-08-31,2330,台積電,14.37,292999,股
2026-08-31,3017,奇鋐,7.37,105500,股
2026-08-31,2383,台光電,6.6,59001,股
2026-08-31,2059,川湖,6.07,21001,股
2026-08-31,3037,欣興,5.78,284001,股
2026-08-31,6274,台燿,4.91,168000,股
2026-08-31,2454,聯發科,4.64,58001,股
2026-08-31,8046,南電,4.36,174000,股
2026-08-31,6669,緯穎,3.76,26000,股
2026-08-31,2408,南亞科,3.49,315000,股
2026-08-31,6223,旺矽,3.44,32901,股
2026-08-31,3653,健策,3.05,25000,股
2026-08-31,2308,台達電,2.57,68499,股
2026-08-31,3443,創意,2.37,19050,股
2026-08-31,1303,南亞,2.27,460000,股
2026-08-31,5274,信驊,2.1,6420,股
2026-08-31,2345,智邦,2.03,49000,股
2026-08-31,3081,聯亞,1.66,23000,股
2026-08-31,6805,富世達,1.41,30000,股
2026-08-31,7769,鴻勁,1.31,11000,股
2026-08-31,3189,景碩,1.17,70000,股
2026-08-31,6187,萬潤,1.07,39000,股
2026-08-31,2303,聯電,1.0,380000,股
2026-08-31,6239,力成,0.99,175000,股
2026-08-31,3711,日月光投控,0.98,82002,股
2026-08-31,2481,強茂,0.89,290000,股
2026-08-31,8996,高力,0.86,36000,股
2026-08-31,6488,環球晶,0.76,41000,股
2026-08-31,2360,致茂,0.64,16000,股
2026-08-31,3491,昇達科,0.56,20000,股
2026-08-31,2368,金像電,0.38,16000,股
2026-08-31,3045,台灣大,0.36,151000,股
2026-08-31,3665,貿聯-KY,0.22,5000,股
2026-08-31,3231,緯創,0.19,51000,股
2026-08-31,2886,兆豐金,0.1,100000,股
2026-08-31,2404,漢唐,0.02,1000,股
2026-08-31,9941,裕融,0.02,13000,股
2026-08-31,2317,鴻海,0.01,1000,股
2026-08-31,8436,大江,0.01,3000,股
2026-08-31,C_NTD,CASH,,201550109,元
2026-09-01,2330,台積電,14.4,292999,股
2026-09-01,3017,奇鋐,7.26,105500,股
2026-09-01,2383,台光電,6.71,59001,股
2026-09-01,2059,川湖,5.99,21001,股
2026-09-01,3037,欣興,5.56,284001,股
2026-09-01,2454,聯發科,5.05,58001,股
2026-09-01,6274,台燿,4.91,168000,股
2026-09-01,6669,緯穎,4.4,28000,股
2026-09-01,8046,南電,4.3,174000,股
2026-09-01,6223,旺矽,3.59,32901,股
2026-09-01,2408,南亞科,3.29,315000,股
2026-09-01,3653,健策,2.97,25000,股
2026-09-01,2308,台達電,2.58,68499,股
2026-09-01,3443,創意,2.3,19050,股
2026-09-01,5274,信驊,2.22,6420,股
2026-09-01,1303,南亞,2.18,460000,股
2026-09-01,2345,智邦,2.18,49000,股
2026-09-01,3189,景碩,1.67,95000,股
2026-09-01,3081,聯亞,1.59,23000,股
2026-09-01,6805,富世達,1.38,30000,股
2026-09-01,7769,鴻勁,1.3,11000,股
2026-09-01,6187,萬潤,1.08,39000,股
2026-09-01,2303,聯電,1.02,380000,股
2026-09-01,3711,日月光投控,1.01,82002,股
2026-09-01,6239,力成,1.0,175000,股
2026-09-01,2481,強茂,0.92,290000,股
2026-09-01,8996,高力,0.85,36000,股
2026-09-01,6488,環球晶,0.82,41000,股
2026-09-01,2360,致茂,0.66,16000,股
2026-09-01,3665,貿聯-KY,0.61,13000,股
2026-09-01,3491,昇達科,0.6,20000,股
2026-09-01,2449,京元電子,0.56,100000,股
2026-09-01,2368,金像電,0.4,16000,股
2026-09-01,3045,台灣大,0.35,151000,股
2026-09-01,3661,世芯-KY,0.34,4000,股
2026-09-01,3231,緯創,0.19,51000,股
2026-09-01,2886,兆豐金,0.1,100000,股
2026-09-01,2404,漢唐,0.02,1000,股
2026-09-01,9941,裕融,0.02,13260,股
2026-09-01,2317,鴻海,0.01,1000,股
2026-09-01,8436,大江,0.01,3000,股
2026-09-01,C_NTD,CASH,,195582592,元
2026-09-02,2330,台積電,13.51,271999,股
2026-09-02,3017,奇鋐,7.27,105500,股
2026-09-02,2383,台光電,6.69,59001,股
2026-09-02,2059,川湖,6.06,21001,股
2026-09-02,3037,欣興,5.75,284001,股
2026-09-02,2454,聯發科,5.7,64001,股
2026-09-02,6274,台燿,4.93,168000,股
2026-09-02,6669,緯穎,4.54,83518,股
2026-09-02,8046,南電,4.35,174000,股
2026-09-02,6223,旺矽,3.95,35901,股
2026-09-02,2408,南亞科,3.4,315000,股
2026-09-02,3653,健策,3.0,25000,股
2026-09-02,5274,信驊,2.37,6420,股
2026-09-02,3443,創意,2.34,19050,股
2026-09-02,1303,南亞,2.27,460000,股
2026-09-02,2345,智邦,2.18,49000,股
2026-09-02,2308,台達電,2.11,58499,股
2026-09-02,3189,景碩,1.68,95000,股
2026-09-02,3081,聯亞,1.63,23000,股
2026-09-02,6805,富世達,1.32,30000,股
2026-09-02,7769,鴻勁,1.31,11000,股
2026-09-02,6187,萬潤,1.09,39000,股
2026-09-02,3711,日月光投控,1.01,82002,股
2026-09-02,6239,力成,1.01,175000,股
2026-09-02,8996,高力,0.95,36000,股
2026-09-02,2481,強茂,0.89,290000,股
2026-09-02,6488,環球晶,0.83,41000,股
2026-09-02,2303,聯電,0.68,260000,股
2026-09-02,3491,昇達科,0.6,20000,股
2026-09-02,3665,貿聯-KY,0.59,13000,股
2026-09-02,2449,京元電子,0.56,100000,股
2026-09-02,2368,金像電,0.39,16000,股
2026-09-02,3045,台灣大,0.36,151000,股
2026-09-02,3661,世芯-KY,0.35,4000,股
2026-09-02,2360,致茂,0.29,7000,股
2026-09-02,3231,緯創,0.2,51000,股
2026-09-02,2886,兆豐金,0.1,100000,股
2026-09-02,9941,裕融,0.02,13260,股
2026-09-02,2317,鴻海,0.01,1000,股
2026-09-02,8436,大江,0.01,3000,股
2026-09-02,C_NTD,CASH,,299187068,元
2026-09-03,2330,台積電,14.1,271999,股
2026-09-03,3017,奇鋐,7.55,105500,股
2026-09-03,2383,台光電,6.77,59001,股
2026-09-03,2059,川湖,6.12,21001,股
2026-09-03,2454,聯發科,6.02,64001,股
2026-09-03,3037,欣興,4.82,241001,股
2026-09-03,6274,台燿,4.61,158000,股
2026-09-03,6669,緯穎,4.48,83518,股
2026-09-03,6223,旺矽,3.93,35901,股
2026-09-03,8046,南電,3.14,134000,股
2026-09-03,3653,健策,3.04,25000,股
2026-09-03,5274,信驊,2.48,6420,股
2026-09-03,3443,創意,2.4,19050,股
2026-09-03,2308,台達電,2.23,58499,股
2026-09-03,2345,智邦,2.22,49000,股
2026-09-03,1303,南亞,2.2,460000,股
2026-09-03,2408,南亞科,1.81,175000,股
2026-09-03,3189,景碩,1.6,95000,股
2026-09-03,3081,聯亞,1.56,23000,股
2026-09-03,7769,鴻勁,1.4,11000,股
2026-09-03,6805,富世達,1.36,30000,股
2026-09-03,6187,萬潤,1.1,39000,股
2026-09-03,3711,日月光投控,1.05,82002,股
2026-09-03,6239,力成,1.04,175000,股
2026-09-03,2481,強茂,0.98,290000,股
2026-09-03,8996,高力,0.93,36000,股
2026-09-03,6488,環球晶,0.82,41000,股
2026-09-03,2303,聯電,0.7,260000,股
2026-09-03,3491,昇達科,0.61,20000,股
2026-09-03,3665,貿聯-KY,0.59,13000,股
2026-09-03,2449,京元電子,0.57,100000,股
2026-09-03,6515,穎崴,0.46,3000,股
2026-09-03,3231,緯創,0.45,111000,股
2026-09-03,3045,台灣大,0.39,151000,股
2026-09-03,2368,金像電,0.38,16000,股
2026-09-03,3661,世芯-KY,0.35,4000,股
2026-09-03,2882,國泰金,0.32,130000,股
2026-09-03,2360,致茂,0.31,7000,股
2026-09-03,2886,兆豐金,0.11,100000,股
2026-09-03,2801,彰銀,0.02,40000,股
2026-09-03,9941,裕融,0.02,13260,股
2026-09-03,2317,鴻海,0.01,1000,股
2026-09-03,8436,大江,0.01,3000,股
2026-09-03,C_NTD,CASH,,173196769,元
2026-09-04,2330,台積電,13.96,271999,股
2026-09-04,3017,奇鋐,8.0,105500,股
2026-09-04,2383,台光電,6.79,59001,股
2026-09-04,2454,聯發科,6.01,64001,股
2026-09-04,2059,川湖,5.3,18001,股
2026-09-04,6274,台燿,4.58,158000,股
2026-09-04,6669,緯穎,4.55,83518,股
2026-09-04,3037,欣興,3.95,206001,股
2026-09-04,6223,旺矽,3.93,35901,股
2026-09-04,3653,健策,3.12,25000,股
2026-09-04,8046,南電,2.47,110000,股
2026-09-04,5274,信驊,2.38,6420,股
2026-09-04,3443,創意,2.35,19050,股
2026-09-04,2308,台達電,2.27,58499,股
2026-09-04,1303,南亞,2.2,460000,股
2026-09-04,2345,智邦,2.19,49000,股
2026-09-04,2408,南亞科,1.84,175000,股
2026-09-04,3189,景碩,1.65,95000,股
2026-09-04,3081,聯亞,1.55,23000,股
2026-09-04,6805,富世達,1.4,30000,股
2026-09-04,7769,鴻勁,1.4,11000,股
2026-09-04,6187,萬潤,1.08,39000,股
2026-09-04,6239,力成,1.03,175000,股
2026-09-04,3711,日月光投控,1.02,82002,股
2026-09-04,8996,高力,0.99,36000,股
2026-09-04,2481,強茂,0.96,290000,股
2026-09-04,6488,環球晶,0.85,41000,股
2026-09-04,2303,聯電,0.72,260000,股
2026-09-04,3491,昇達科,0.64,20000,股
2026-09-04,3665,貿聯-KY,0.59,13000,股
2026-09-04,2449,京元電子,0.56,100000,股
2026-09-04,3231,緯創,0.47,111000,股
2026-09-04,6515,穎崴,0.45,3000,股
2026-09-04,3045,台灣大,0.38,151000,股
2026-09-04,2368,金像電,0.36,16000,股
2026-09-04,3661,世芯-KY,0.36,4000,股
2026-09-04,2882,國泰金,0.32,130000,股
2026-09-04,2360,致茂,0.3,7000,股
2026-09-04,2886,兆豐金,0.11,100000,股
2026-09-04,2801,彰銀,0.02,40000,股
2026-09-04,9941,裕融,0.02,13260,股
2026-09-04,2317,鴻海,0.01,1000,股
2026-09-04,8436,大江,0.0,2000,股
2026-09-04,C_NTD,CASH,,172783029,元
2026-09-07,2330,台積電,14.16,271999,股
2026-09-07,3017,奇鋐,7.65,105500,股
2026-09-07,2454,聯發科,6.97,69001,股
2026-09-07,2383,台光電,6.88,59001,股
2026-09-07,2059,川湖,5.31,18001,股
2026-09-07,6223,旺矽,4.65,39901,股
2026-09-07,6274,台燿,4.59,158000,股
2026-09-07,6669,緯穎,4.41,83518,股
2026-09-07,3037,欣興,4.15,206001,股
2026-09-07,3653,健策,3.0,25000,股
2026-09-07,5274,信驊,2.62,6420,股
2026-09-07,8046,南電,2.45,110000,股
2026-09-07,3443,創意,2.4,19050,股
2026-09-07,2308,台達電,2.3,58499,股
2026-09-07,1303,南亞,2.25,460000,股
2026-09-07,2345,智邦,2.18,49000,股
2026-09-07,2408,南亞科,1.92,175000,股
2026-09-07,3189,景碩,1.64,95000,股
2026-09-07,3711,日月光投控,1.62,123002,股
2026-09-07,7769,鴻勁,1.53,11000,股
2026-09-07,3081,聯亞,1.5,23000,股
2026-09-07,6805,富世達,1.44,30000,股
2026-09-07,6187,萬潤,1.13,39000,股
2026-09-07,6239,力成,1.04,175000,股
2026-09-07,2481,強茂,0.97,290000,股
2026-09-07,8996,高力,0.95,36000,股
2026-09-07,2449,京元電子,0.87,150000,股
2026-09-07,6488,環球晶,0.84,41000,股
2026-09-07,2303,聯電,0.79,260000,股
2026-09-07,3491,昇達科,0.64,20000,股
2026-09-07,2360,致茂,0.57,12000,股
2026-09-07,3665,貿聯-KY,0.57,13000,股
2026-09-07,3231,緯創,0.46,111000,股
2026-09-07,6515,穎崴,0.45,3000,股
2026-09-07,2368,金像電,0.38,16000,股
2026-09-07,3045,台灣大,0.37,151000,股
2026-09-07,3661,世芯-KY,0.34,4000,股
2026-09-07,2882,國泰金,0.32,130000,股
2026-09-07,2886,兆豐金,0.11,100000,股
2026-09-07,2801,彰銀,0.02,40000,股
2026-09-07,2317,鴻海,0.01,1000,股
2026-09-07,9941,裕融,0.01,7260,股
2026-09-07,8436,大江,0.0,1000,股
2026-09-07,C_NTD,CASH,,222943117,元
2026-09-08,2330,台積電,14.47,271999,股
2026-09-08,3017,奇鋐,7.47,105500,股
2026-09-08,2454,聯發科,7.0,69001,股
2026-09-08,2383,台光電,6.79,59001,股
2026-09-08,6223,旺矽,4.98,39901,股
2026-09-08,2059,川湖,4.86,18001,股
2026-09-08,6274,台燿,4.58,158000,股
2026-09-08,3037,欣興,4.23,206001,股
2026-09-08,6669,緯穎,4.21,83518,股
2026-09-08,3653,健策,2.99,25000,股
2026-09-08,5274,信驊,2.66,6420,股
2026-09-08,3443,創意,2.45,19050,股
2026-09-08,8046,南電,2.43,110000,股
2026-09-08,1303,南亞,2.33,460000,股
2026-09-08,2308,台達電,2.28,58499,股
2026-09-08,2345,智邦,2.06,49000,股
2026-09-08,2408,南亞科,2.0,175000,股
2026-09-08,7769,鴻勁,1.65,11000,股
2026-09-08,3189,景碩,1.64,95000,股
2026-09-08,3711,日月光投控,1.64,123002,股
2026-09-08,3081,聯亞,1.42,23000,股
2026-09-08,6805,富世達,1.39,30000,股
2026-09-08,6187,萬潤,1.16,39000,股
2026-09-08,6239,力成,1.04,175000,股
2026-09-08,2481,強茂,0.95,290000,股
2026-09-08,8996,高力,0.95,36000,股
2026-09-08,2449,京元電子,0.87,150000,股
2026-09-08,6488,環球晶,0.84,41000,股
2026-09-08,2303,聯電,0.77,260000,股
2026-09-08,3491,昇達科,0.64,20000,股
2026-09-08,2360,致茂,0.59,12000,股
2026-09-08,3665,貿聯-KY,0.54,13000,股
2026-09-08,6515,穎崴,0.5,3000,股
2026-09-08,3231,緯創,0.45,111000,股
2026-09-08,3045,台灣大,0.38,151000,股
2026-09-08,2368,金像電,0.37,16000,股
2026-09-08,3661,世芯-KY,0.35,4000,股
2026-09-08,2882,國泰金,0.32,130000,股
2026-09-08,2886,兆豐金,0.11,100000,股
2026-09-08,2801,彰銀,0.02,40000,股
2026-09-08,2317,鴻海,0.01,1000,股
2026-09-08,9941,裕融,0.01,7260,股
2026-09-08,8436,大江,0.0,1000,股
2026-09-08,C_NTD,CASH,,318375768,元
2026-09-09,2330,台積電,14.5,271999,股
2026-09-09,3017,奇鋐,7.72,105500,股
2026-09-09,2454,聯發科,6.91,69001,股
2026-09-09,2383,台光電,6.87,59001,股
2026-09-09,3037,欣興,4.97,231001,股
2026-09-09,6223,旺矽,4.85,39901,股
2026-09-09,6274,台燿,4.6,158000,股
2026-09-09,2059,川湖,4.3,16001,股
2026-09-09,6669,緯穎,3.3,65518,股
2026-09-09,3653,健策,3.12,25000,股
2026-09-09,8046,南電,3.0,125000,股
2026-09-09,5274,信驊,2.59,6420,股
2026-09-09,3443,創意,2.44,19050,股
2026-09-09,1303,南亞,2.36,460000,股
2026-09-09,2308,台達電,2.27,58499,股
2026-09-09,2345,智邦,2.14,49000,股
2026-09-09,2408,南亞科,1.98,175000,股
2026-09-09,3711,日月光投控,1.98,143002,股
2026-09-09,3189,景碩,1.67,95000,股
2026-09-09,7769,鴻勁,1.6,11000,股
2026-09-09,6805,富世達,1.49,30000,股
2026-09-09,3081,聯亞,1.42,23000,股
2026-09-09,6187,萬潤,1.12,39000,股
2026-09-09,2303,聯電,1.07,350000,股
2026-09-09,2360,致茂,1.06,21000,股
2026-09-09,6239,力成,1.06,175000,股
2026-09-09,8996,高力,1.05,36000,股
2026-09-09,2481,強茂,0.95,290000,股
2026-09-09,2449,京元電子,0.88,150000,股
2026-09-09,6488,環球晶,0.85,41000,股
2026-09-09,3491,昇達科,0.63,20000,股
2026-09-09,6515,穎崴,0.63,4000,股
2026-09-09,3665,貿聯-KY,0.56,13000,股
2026-09-09,3231,緯創,0.45,111000,股
2026-09-09,2368,金像電,0.38,16000,股
2026-09-09,3661,世芯-KY,0.34,4000,股
2026-09-09,2882,國泰金,0.31,130000,股
2026-09-09,2801,彰銀,0.02,40000,股
2026-09-09,2317,鴻海,0.01,1000,股
2026-09-09,9941,裕融,0.0,260,股
2026-09-09,C_NTD,CASH,,162496839,元
2026-09-10,2330,台積電,14.5,271999,股
2026-09-10,3017,奇鋐,7.95,105500,股
2026-09-10,2454,聯發科,7.1,69001,股
2026-09-10,2383,台光電,6.91,59001,股
2026-09-10,3037,欣興,5.0,231001,股
2026-09-10,6223,旺矽,4.89,39901,股
2026-09-10,6274,台燿,4.8,158000,股
2026-09-10,2059,川湖,4.39,16001,股
2026-09-10,6669,緯穎,3.35,65518,股
2026-09-10,3653,健策,3.15,25000,股
2026-09-10,8046,南電,2.91,125000,股
2026-09-10,5274,信驊,2.62,6420,股
2026-09-10,3443,創意,2.58,19050,股
2026-09-10,1303,南亞,2.45,460000,股
2026-09-10,2345,智邦,2.1,49000,股
2026-09-10,3711,日月光投控,2.03,143002,股
2026-09-10,2408,南亞科,1.96,175000,股
2026-09-10,3189,景碩,1.71,95000,股
2026-09-10,7769,鴻勁,1.55,11000,股
2026-09-10,6805,富世達,1.43,30000,股
2026-09-10,3081,聯亞,1.42,23000,股
2026-09-10,2308,台達電,1.19,32499,股
2026-09-10,2303,聯電,1.09,350000,股
2026-09-10,6187,萬潤,1.09,39000,股
2026-09-10,6239,力成,1.08,175000,股
2026-09-10,8996,高力,1.02,36000,股
2026-09-10,2360,致茂,1.0,21000,股
2026-09-10,2481,強茂,0.98,290000,股
2026-09-10,2449,京元電子,0.89,150000,股
2026-09-10,6515,穎崴,0.63,4000,股
2026-09-10,3491,昇達科,0.59,20000,股
2026-09-10,3665,貿聯-KY,0.55,13000,股
2026-09-10,3231,緯創,0.45,111000,股
2026-09-10,2368,金像電,0.36,16000,股
2026-09-10,3661,世芯-KY,0.35,4000,股
2026-09-10,2882,國泰金,0.31,130000,股
2026-09-10,2801,彰銀,0.02,40000,股
2026-09-10,2317,鴻海,0.01,1000,股
2026-09-10,9941,裕融,0.0,260,股
2026-09-10,C_NTD,CASH,,162496839,元
2026-09-11,2330,台積電,14.6,271999,股
2026-09-11,3017,奇鋐,7.91,105500,股
2026-09-11,2383,台光電,7.04,59001,股
2026-09-11,2454,聯發科,7.04,69001,股
2026-09-11,3037,欣興,5.02,231001,股
2026-09-11,6223,旺矽,4.99,39901,股
2026-09-11,6274,台燿,4.8,158000,股
2026-09-11,2059,川湖,3.49,13001,股
2026-09-11,6669,緯穎,3.37,65518,股
2026-09-11,3653,健策,3.21,25000,股
2026-09-11,8046,南電,3.0,125000,股
2026-09-11,3443,創意,2.59,19050,股
2026-09-11,5274,信驊,2.55,6420,股
2026-09-11,1303,南亞,2.4,460000,股
2026-09-11,3711,日月光投控,1.97,143002,股
2026-09-11,2408,南亞科,1.92,175000,股
2026-09-11,3189,景碩,1.74,95000,股
2026-09-11,2345,智邦,1.64,39000,股
2026-09-11,7769,鴻勁,1.54,11000,股
2026-09-11,3081,聯亞,1.44,23000,股
2026-09-11,6805,富世達,1.44,30000,股
2026-09-11,2303,聯電,1.09,350000,股
2026-09-11,6187,萬潤,1.08,39000,股
2026-09-11,8996,高力,1.07,36000,股
2026-09-11,6239,力成,1.06,175000,股
2026-09-11,2360,致茂,1.01,21000,股
2026-09-11,2481,強茂,0.97,290000,股
2026-09-11,2449,京元電子,0.88,150000,股
2026-09-11,2308,台達電,0.81,22499,股
2026-09-11,3491,昇達科,0.63,20000,股
2026-09-11,6515,穎崴,0.61,4000,股
2026-09-11,3665,貿聯-KY,0.54,13000,股
2026-09-11,3231,緯創,0.46,111000,股
2026-09-11,2368,金像電,0.37,16000,股
2026-09-11,2882,國泰金,0.32,130000,股
2026-09-11,3661,世芯-KY,0.32,4000,股
2026-09-11,2801,彰銀,0.02,40000,股
2026-09-11,2317,鴻海,0.01,1000,股
2026-09-11,9941,裕融,0.0,260,股
2026-09-11,C_NTD,CASH,,113299462,元
2026-09-14,2330,台積電,15.04,281999,股
2026-09-14,3017,奇鋐,7.83,105500,股
2026-09-14,2383,台光電,7.07,59001,股
2026-09-14,2454,聯發科,7.05,69001,股
2026-09-14,3037,欣興,5.02,231001,股
2026-09-14,6223,旺矽,5.0,39901,股
2026-09-14,6274,台燿,4.99,158000,股
2026-09-14,2059,川湖,3.49,13001,股
2026-09-14,6669,緯穎,3.33,65518,股
2026-09-14,3653,健策,3.26,25000,股
2026-09-14,3443,創意,3.16,22050,股
2026-09-14,8046,南電,2.96,125000,股
2026-09-14,5274,信驊,2.59,6420,股
2026-09-14,1303,南亞,2.41,460000,股
2026-09-14,3711,日月光投控,1.96,143002,股
2026-09-14,3189,景碩,1.7,95000,股
2026-09-14,2345,智邦,1.64,39000,股
2026-09-14,7769,鴻勁,1.55,11000,股
2026-09-14,6805,富世達,1.46,30000,股
2026-09-14,3081,聯亞,1.42,23000,股
2026-09-14,2408,南亞科,1.38,130000,股
2026-09-14,2303,聯電,1.12,350000,股
2026-09-14,6187,萬潤,1.07,39000,股
2026-09-14,6239,力成,1.07,175000,股
2026-09-14,2481,強茂,1.03,290000,股
2026-09-14,2360,致茂,1.01,21000,股
2026-09-14,8996,高力,1.0,36000,股
2026-09-14,2449,京元電子,0.88,150000,股
2026-09-14,2308,台達電,0.82,22499,股
2026-09-14,3491,昇達科,0.62,20000,股
2026-09-14,6515,穎崴,0.59,4000,股
2026-09-14,3665,貿聯-KY,0.57,13000,股
2026-09-14,3231,緯創,0.45,111000,股
2026-09-14,2368,金像電,0.37,16000,股
2026-09-14,2882,國泰金,0.33,130000,股
2026-09-14,3661,世芯-KY,0.32,4000,股
2026-09-14,2801,彰銀,0.03,41000,股
2026-09-14,2317,鴻海,0.01,1000,股
2026-09-14,9941,裕融,0.0,260,股
2026-09-14,C_NTD,CASH,,160469471,元
2026-09-15,2330,台積電,15.49,281999,股
2026-09-15,2454,聯發科,7.04,69001,股
2026-09-15,2383,台光電,6.95,59001,股
2026-09-15,3017,奇鋐,6.57,91500,股
2026-09-15,3037,欣興,5.06,231001,股
2026-09-15,6223,旺矽,5.0,39901,股
2026-09-15,6274,台燿,4.99,158000,股
2026-09-15,2059,川湖,3.51,13001,股
2026-09-15,6669,緯穎,3.5,65518,股
2026-09-15,8046,南電,3.13,125000,股
2026-09-15,3443,創意,3.07,22050,股
2026-09-15,3653,健策,3.06,25000,股
2026-09-15,5274,信驊,2.59,6420,股
2026-09-15,3711,日月光投控,1.95,143002,股
2026-09-15,3189,景碩,1.74,95000,股
2026-09-15,2345,智邦,1.65,39000,股
2026-09-15,7769,鴻勁,1.56,11000,股
2026-09-15,3081,聯亞,1.42,23000,股
2026-09-15,6805,富世達,1.4,30000,股
2026-09-15,2408,南亞科,1.39,130000,股
2026-09-15,2303,聯電,1.12,350000,股
2026-09-15,6187,萬潤,1.09,39000,股
2026-09-15,6239,力成,1.08,175000,股
2026-09-15,2481,強茂,1.03,290000,股
2026-09-15,2360,致茂,1.01,21000,股
2026-09-15,8996,高力,1.01,36000,股
2026-09-15,1303,南亞,0.97,190000,股
2026-09-15,2449,京元電子,0.89,150000,股
2026-09-15,2308,台達電,0.87,22499,股
2026-09-15,3491,昇達科,0.62,20000,股
2026-09-15,3665,貿聯-KY,0.59,13000,股
2026-09-15,6515,穎崴,0.58,4000,股
2026-09-15,3231,緯創,0.47,111000,股
2026-09-15,2368,金像電,0.36,16000,股
2026-09-15,2882,國泰金,0.33,130000,股
2026-09-15,3661,世芯-KY,0.31,4000,股
2026-09-15,2801,彰銀,0.03,41000,股
2026-09-15,2317,鴻海,0.01,1000,股
2026-09-15,9941,裕融,0.0,260,股
2026-09-15,C_NTD,CASH,,222927981,元
2026-09-16,2330,台積電,15.26,281999,股
2026-09-16,2454,聯發科,7.11,69001,股
2026-09-16,2383,台光電,6.83,59001,股
2026-09-16,3017,奇鋐,6.61,91500,股
2026-09-16,6223,旺矽,5.09,39901,股
2026-09-16,6274,台燿,5.09,158000,股
2026-09-16,3037,欣興,5.05,231001,股
2026-09-16,2059,川湖,3.56,13001,股
2026-09-16,6669,緯穎,3.23,65518,股
2026-09-16,8046,南電,3.14,125000,股
2026-09-16,3443,創意,3.1,22050,股
2026-09-16,3653,健策,2.98,25000,股
2026-09-16,5274,信驊,2.67,6420,股
2026-09-16,3711,日月光投控,1.97,143002,股
2026-09-16,3081,聯亞,1.79,28000,股
2026-09-16,3189,景碩,1.77,95000,股
2026-09-16,2345,智邦,1.63,39000,股
2026-09-16,7769,鴻勁,1.53,11000,股
2026-09-16,2408,南亞科,1.46,130000,股
2026-09-16,6805,富世達,1.4,30000,股
2026-09-16,2303,聯電,1.13,350000,股
2026-09-16,2481,強茂,1.11,290000,股
2026-09-16,6239,力成,1.09,175000,股
2026-09-16,6187,萬潤,1.08,39000,股
2026-09-16,8996,高力,1.07,36000,股
2026-09-16,2360,致茂,1.0,21000,股
2026-09-16,1303,南亞,0.97,190000,股
2026-09-16,2449,京元電子,0.89,150000,股
2026-09-16,2308,台達電,0.88,22499,股
2026-09-16,3491,昇達科,0.66,20000,股
2026-09-16,3665,貿聯-KY,0.59,13000,股
2026-09-16,6515,穎崴,0.57,4000,股
2026-09-16,3231,緯創,0.46,111000,股
2026-09-16,2368,金像電,0.36,16000,股
2026-09-16,2882,國泰金,0.33,130000,股
2026-09-16,3661,世芯-KY,0.3,4000,股
2026-09-16,2801,彰銀,0.03,41000,股
2026-09-16,2317,鴻海,0.01,1000,股
2026-09-16,9941,裕融,0.0,260,股
2026-09-16,C_NTD,CASH,,192496185,元
2026-09-17,2330,台積電,15.68,281999,股
2026-09-17,2454,聯發科,7.12,69001,股
2026-09-17,3017,奇鋐,6.68,91500,股
2026-09-17,2383,台光電,5.38,50001,股
2026-09-17,6223,旺矽,5.03,39901,股
2026-09-17,3037,欣興,4.98,231001,股
2026-09-17,6274,台燿,4.17,138000,股
2026-09-17,2059,川湖,4.09,14501,股
2026-09-17,3443,創意,3.28,22050,股
2026-09-17,3653,健策,3.07,25000,股
2026-09-17,8046,南電,3.05,125000,股
2026-09-17,6669,緯穎,2.72,55518,股
2026-09-17,5274,信驊,2.69,6420,股
2026-09-17,3711,日月光投控,2.01,143002,股
2026-09-17,2303,聯電,1.96,580000,股
2026-09-17,3081,聯亞,1.75,28000,股
2026-09-17,3189,景碩,1.75,95000,股
2026-09-17,2345,智邦,1.61,39000,股
2026-09-17,7769,鴻勁,1.55,11000,股
2026-09-17,2408,南亞科,1.45,130000,股
2026-09-17,6805,富世達,1.44,30000,股
2026-09-17,6239,力成,1.1,175000,股
2026-09-17,2481,強茂,1.08,290000,股
2026-09-17,6187,萬潤,1.08,39000,股
2026-09-17,8996,高力,1.07,36000,股
2026-09-17,1303,南亞,1.03,190000,股
2026-09-17,2360,致茂,1.0,21000,股
2026-09-17,2449,京元電子,0.91,150000,股
2026-09-17,2308,台達電,0.87,22499,股
2026-09-17,3491,昇達科,0.68,20000,股
2026-09-17,3665,貿聯-KY,0.6,13000,股
2026-09-17,6515,穎崴,0.56,4000,股
2026-09-17,3231,緯創,0.47,111000,股
2026-09-17,2368,金像電,0.35,16000,股
2026-09-17,2882,國泰金,0.33,130000,股
2026-09-17,2801,彰銀,0.03,51000,股
2026-09-17,2317,鴻海,0.01,1000,股
2026-09-17,9941,裕融,0.0,260,股
2026-09-17,C_NTD,CASH,,280996969,元
2026-09-18,2330,台積電,15.58,281999,股
2026-09-18,3017,奇鋐,7.97,103500,股
2026-09-18,2454,聯發科,7.29,69001,股
2026-09-18,2383,台光電,5.49,50001,股
2026-09-18,6223,旺矽,5.19,39901,股
2026-09-18,3037,欣興,5.09,231001,股
2026-09-18,6274,台燿,4.24,138000,股
2026-09-18,2059,川湖,4.07,14501,股
2026-09-18,3443,創意,3.54,22050,股
2026-09-18,3653,健策,3.1,25000,股
2026-09-18,8046,南電,3.09,125000,股
2026-09-18,5274,信驊,2.78,6420,股
2026-09-18,6669,緯穎,2.67,55518,股
2026-09-18,2303,聯電,2.63,750000,股
2026-09-18,2408,南亞科,2.47,210000,股
2026-09-18,3711,日月光投控,2.05,143002,股
2026-09-18,6805,富世達,1.91,37000,股
2026-09-18,3081,聯亞,1.81,28000,股
2026-09-18,3189,景碩,1.77,95000,股
2026-09-18,2345,智邦,1.62,39000,股
2026-09-18,7769,鴻勁,1.61,11000,股
2026-09-18,2308,台達電,1.38,35499,股
2026-09-18,8996,高力,1.16,36000,股
2026-09-18,6239,力成,1.12,175000,股
2026-09-18,2481,強茂,1.1,290000,股
2026-09-18,6187,萬潤,1.09,39000,股
2026-09-18,2360,致茂,1.08,21000,股
2026-09-18,1303,南亞,1.01,190000,股
2026-09-18,2449,京元電子,0.98,150000,股
2026-09-18,3491,昇達科,0.7,20000,股
2026-09-18,3665,貿聯-KY,0.64,13000,股
2026-09-18,6515,穎崴,0.58,4000,股
2026-09-18,3231,緯創,0.46,111000,股
2026-09-18,2368,金像電,0.37,16000,股
2026-09-18,3264,欣銓,0.34,56000,股
2026-09-18,1560,中砂,0.32,16000,股
2026-09-18,2882,國泰金,0.32,130000,股
2026-09-18,2801,彰銀,0.03,51000,股
2026-09-18,2317,鴻海,0.01,1000,股
2026-09-18,9941,裕融,0.0,260,股
2026-09-18,C_NTD,CASH,,266709122,元
2026-09-21,2330,台積電,15.48,281999,股
2026-09-21,3017,奇鋐,7.82,103500,股
2026-09-21,2454,聯發科,7.65,69001,股
2026-09-21,2383,台光電,5.42,50001,股
2026-09-21,3037,欣興,5.31,235001,股
2026-09-21,6223,旺矽,4.85,39901,股
2026-09-21,6274,台燿,4.38,138000,股
2026-09-21,2059,川湖,4.11,14501,股
2026-09-21,3443,創意,3.72,22050,股
2026-09-21,3653,健策,3.2,25000,股
2026-09-21,8046,南電,2.93,125000,股
2026-09-21,5274,信驊,2.82,6420,股
2026-09-21,6669,緯穎,2.64,55518,股
2026-09-21,2303,聯電,2.61,750000,股
2026-09-21,2408,南亞科,2.4,210000,股
2026-09-21,3711,日月光投控,2.1,143002,股
2026-09-21,6805,富世達,1.98,37000,股
2026-09-21,2308,台達電,1.89,45499,股
2026-09-21,3081,聯亞,1.78,28000,股
2026-09-21,3189,景碩,1.74,95000,股
2026-09-21,2345,智邦,1.59,39000,股
2026-09-21,2360,致茂,1.31,25000,股
2026-09-21,8996,高力,1.2,36000,股
2026-09-21,6239,力成,1.13,175000,股
2026-09-21,2481,強茂,1.08,290000,股
2026-09-21,6187,萬潤,1.07,39000,股
2026-09-21,1303,南亞,1.01,190000,股
2026-09-21,2449,京元電子,1.0,150000,股
2026-09-21,3491,昇達科,0.67,20000,股
2026-09-21,3665,貿聯-KY,0.66,13000,股
2026-09-21,7769,鴻勁,0.66,5000,股
2026-09-21,3264,欣銓,0.57,91000,股
2026-09-21,3231,緯創,0.46,111000,股
2026-09-21,2368,金像電,0.37,16000,股
2026-09-21,1560,中砂,0.32,16000,股
2026-09-21,6515,穎崴,0.26,2000,股
2026-09-21,2801,彰銀,0.03,51000,股
2026-09-21,9941,裕融,0.0,260,股
2026-09-21,C_NTD,CASH,,316258516,元
2026-09-22,2330,台積電,14.27,265999,股
2026-09-22,2454,聯發科,7.91,70101,股
2026-09-22,3017,奇鋐,7.64,103500,股
2026-09-22,3037,欣興,5.73,235001,股
2026-09-22,2383,台光電,5.29,50001,股
2026-09-22,6223,旺矽,4.64,39901,股
2026-09-22,6274,台燿,4.33,138000,股
2026-09-22,3443,創意,4.02,22050,股
2026-09-22,2059,川湖,4.0,14501,股
2026-09-22,3653,健策,3.17,25000,股
2026-09-22,8046,南電,3.17,125000,股
2026-09-22,5274,信驊,2.92,6420,股
2026-09-22,2303,聯電,2.79,800000,股
2026-09-22,6669,緯穎,2.56,55518,股
2026-09-22,2408,南亞科,2.27,210000,股
2026-09-22,3711,日月光投控,2.2,146002,股
2026-09-22,6805,富世達,2.01,37000,股
2026-09-22,2308,台達電,1.92,46500,股
2026-09-22,3189,景碩,1.88,95000,股
2026-09-22,3081,聯亞,1.72,28000,股
2026-09-22,2345,智邦,1.63,39000,股
2026-09-22,2360,致茂,1.33,25000,股
2026-09-22,8996,高力,1.33,37000,股
2026-09-22,2449,京元電子,1.24,180000,股
2026-09-22,6239,力成,1.11,175000,股
2026-09-22,2481,強茂,1.08,290000,股
2026-09-22,6187,萬潤,1.03,39000,股
2026-09-22,1303,南亞,0.96,190000,股
2026-09-22,7769,鴻勁,0.67,5000,股
2026-09-22,3491,昇達科,0.64,20000,股
2026-09-22,3665,貿聯-KY,0.64,13000,股
2026-09-22,3264,欣銓,0.55,91000,股
2026-09-22,3231,緯創,0.44,111000,股
2026-09-22,3008,大立光,0.42,3000,股
2026-09-22,2368,金像電,0.36,16000,股
2026-09-22,1560,中砂,0.33,16000,股
2026-09-22,2801,彰銀,0.03,51000,股
2026-09-22,9941,裕融,0.0,260,股
2026-09-22,C_NTD,CASH,,123319787,元
2026-09-23,2330,台積電,14.41,265999,股
2026-09-23,2454,聯發科,7.87,70101,股
2026-09-23,3017,奇鋐,7.77,103500,股
2026-09-23,3037,欣興,6.18,246001,股
2026-09-23,2383,台光電,5.43,50001,股
2026-09-23,6223,旺矽,4.85,39901,股
2026-09-23,6274,台燿,4.36,138000,股
2026-09-23,3443,創意,4.0,22050,股
2026-09-23,2059,川湖,3.89,14501,股
2026-09-23,3653,健策,3.47,25000,股
2026-09-23,8046,南電,3.27,125000,股
2026-09-23,5274,信驊,2.82,6420,股
2026-09-23,2303,聯電,2.77,800000,股
2026-09-23,6669,緯穎,2.53,55518,股
2026-09-23,2408,南亞科,2.34,210000,股
2026-09-23,3711,日月光投控,2.19,146002,股
2026-09-23,6805,富世達,2.08,37000,股
2026-09-23,2308,台達電,1.91,46500,股
2026-09-23,3189,景碩,1.86,95000,股
2026-09-23,3081,聯亞,1.62,28000,股
2026-09-23,2345,智邦,1.6,39000,股
2026-09-23,2360,致茂,1.26,25000,股
2026-09-23,8996,高力,1.23,37000,股
2026-09-23,2449,京元電子,1.18,180000,股
2026-09-23,2481,強茂,1.09,290000,股
2026-09-23,6239,力成,1.09,175000,股
2026-09-23,3491,昇達科,1.02,30000,股
2026-09-23,6187,萬潤,0.7,27000,股
2026-09-23,3665,貿聯-KY,0.66,13000,股
2026-09-23,7769,鴻勁,0.65,5000,股
2026-09-23,3264,欣銓,0.5,91000,股
2026-09-23,1303,南亞,0.47,95000,股
2026-09-23,3008,大立光,0.4,3000,股
2026-09-23,2368,金像電,0.39,16000,股
2026-09-23,1560,中砂,0.33,16000,股
2026-09-23,2801,彰銀,0.03,51000,股
2026-09-23,9941,裕融,0.0,260,股
2026-09-23,C_NTD,CASH,,146207163,元
2026-09-24,2330,台積電,14.18,265999,股
2026-09-24,2454,聯發科,7.99,70101,股
2026-09-24,3017,奇鋐,7.93,103500,股
2026-09-24,3037,欣興,6.29,246001,股
2026-09-24,2383,台光電,5.45,50001,股
2026-09-24,6223,旺矽,4.66,39901,股
2026-09-24,6274,台燿,4.45,138001,股
2026-09-24,3443,創意,4.05,22050,股
2026-09-24,2059,川湖,3.86,14501,股
2026-09-24,3653,健策,3.73,25000,股
2026-09-24,8046,南電,3.34,125000,股
2026-09-24,5274,信驊,2.75,6420,股
2026-09-24,2303,聯電,2.66,800000,股
2026-09-24,6669,緯穎,2.53,55518,股
2026-09-24,3711,日月光投控,2.2,146002,股
2026-09-24,3189,景碩,2.12,102000,股
2026-09-24,6805,富世達,2.02,37000,股
2026-09-24,2308,台達電,1.92,46500,股
2026-09-24,2408,南亞科,1.84,170000,股
2026-09-24,3081,聯亞,1.63,28000,股
2026-09-24,2345,智邦,1.59,39000,股
2026-09-24,2360,致茂,1.24,25000,股
2026-09-24,8996,高力,1.22,37000,股
2026-09-24,2449,京元電子,1.21,180000,股
2026-09-24,2481,強茂,1.09,290000,股
2026-09-24,6239,力成,1.08,175000,股
2026-09-24,3491,昇達科,1.01,30000,股
2026-09-24,6187,萬潤,0.7,27000,股
2026-09-24,3665,貿聯-KY,0.66,13000,股
2026-09-24,1303,南亞,0.49,95000,股
2026-09-24,7769,鴻勁,0.49,4000,股
2026-09-24,3264,欣銓,0.48,91000,股
2026-09-24,3008,大立光,0.4,3000,股
2026-09-24,2368,金像電,0.38,16000,股
2026-09-24,1560,中砂,0.34,16000,股
2026-09-24,3026,禾伸堂,0.3,17000,股
2026-09-24,2801,彰銀,0.03,51000,股
2026-09-24,9941,裕融,0.0,260,股
2026-09-24,C_NTD,CASH,,148683236,元
2026-09-29,2330,台積電,14.5,265999,股
2026-09-29,2454,聯發科,7.58,70101,股
2026-09-29,3037,欣興,6.31,246001,股
2026-09-29,3017,奇鋐,6.25,83500,股
2026-09-29,2383,台光電,4.98,46001,股
2026-09-29,6274,台燿,4.51,138001,股
2026-09-29,2059,川湖,3.87,14501,股
2026-09-29,3443,創意,3.85,22050,股
2026-09-29,3653,健策,3.8,25000,股
2026-09-29,6223,旺矽,3.64,31901,股
2026-09-29,8046,南電,3.5,125000,股
2026-09-29,5274,信驊,2.74,6420,股
2026-09-29,2303,聯電,2.7,800000,股
2026-09-29,6669,緯穎,2.57,55518,股
2026-09-29,3711,日月光投控,2.21,146002,股
2026-09-29,3189,景碩,2.15,102000,股
2026-09-29,6805,富世達,2.05,37000,股
2026-09-29,2408,南亞科,1.89,170000,股
2026-09-29,2308,台達電,1.88,46500,股
2026-09-29,3081,聯亞,1.63,28000,股
2026-09-29,8996,高力,1.29,37000,股
2026-09-29,2345,智邦,1.24,31000,股
2026-09-29,2360,致茂,1.2,25000,股
2026-09-29,2449,京元電子,1.17,180000,股
2026-09-29,2481,強茂,1.12,290000,股
2026-09-29,6239,力成,1.08,175000,股
2026-09-29,3665,貿聯-KY,1.02,19000,股
2026-09-29,3491,昇達科,1.0,30000,股
2026-09-29,6187,萬潤,0.78,27000,股
2026-09-29,1303,南亞,0.52,95000,股
2026-09-29,7769,鴻勁,0.49,4000,股
2026-09-29,3264,欣銓,0.48,91000,股
2026-09-29,3008,大立光,0.4,3000,股
2026-09-29,2368,金像電,0.39,16000,股
2026-09-29,1560,中砂,0.34,16000,股
2026-09-29,3026,禾伸堂,0.3,17000,股
2026-09-29,2801,彰銀,0.03,51000,股
2026-09-29,C_NTD,CASH,,150060478,元
2026-09-30,2330,台積電,14.47,265999,股
2026-09-30,2454,聯發科,6.83,63101,股
2026-09-30,3037,欣興,6.36,246001,股
2026-09-30,3017,奇鋐,6.31,83500,股
2026-09-30,2383,台光電,4.99,46001,股
2026-09-30,6274,台燿,4.61,138001,股
2026-09-30,3443,創意,3.9,22050,股
2026-09-30,2059,川湖,3.84,14501,股
2026-09-30,3653,健策,3.74,25000,股
2026-09-30,8046,南電,3.68,125000,股
2026-09-30,6223,旺矽,3.59,31901,股
2026-09-30,2303,聯電,2.72,800000,股
2026-09-30,5274,信驊,2.65,6420,股
2026-09-30,6669,緯穎,2.55,55518,股
2026-09-30,2308,台達電,2.43,58500,股
2026-09-30,3711,日月光投控,2.26,146002,股
2026-09-30,3189,景碩,2.18,102000,股
2026-09-30,6805,富世達,2.0,37000,股
2026-09-30,2408,南亞科,1.94,170000,股
2026-09-30,3081,聯亞,1.66,28000,股
2026-09-30,3665,貿聯-KY,1.65,29000,股
2026-09-30,1303,南亞,1.38,245000,股
2026-09-30,8996,高力,1.31,37000,股
2026-09-30,2345,智邦,1.21,31000,股
2026-09-30,2360,致茂,1.17,25000,股
2026-09-30,2449,京元電子,1.17,180000,股
2026-09-30,6239,力成,1.11,175000,股
2026-09-30,2481,強茂,1.1,290000,股
2026-09-30,3491,昇達科,0.99,30000,股
2026-09-30,6187,萬潤,0.78,27000,股
2026-09-30,3264,欣銓,0.49,91000,股
2026-09-30,3105,穩懋,0.48,40000,股
2026-09-30,7769,鴻勁,0.48,4000,股
2026-09-30,2368,金像電,0.39,16000,股
2026-09-30,3008,大立光,0.39,3000,股
2026-09-30,1560,中砂,0.34,16000,股
2026-09-30,6691,洋基工程,0.32,20000,股
2026-09-30,3026,禾伸堂,0.3,17000,股
2026-09-30,2801,彰銀,0.03,51000,股
2026-09-30,C_NTD,CASH,,146366309,元
2026-10-01,2330,台積電,14.55,265999,股
2026-10-01,2454,聯發科,6.54,60101,股
2026-10-01,3037,欣興,6.53,246001,股
2026-10-01,3017,奇鋐,6.4,83500,股
2026-10-01,2383,台光電,5.0,46001,股
2026-10-01,6274,台燿,4.63,138001,股
2026-10-01,8046,南電,3.88,125000,股
2026-10-01,3443,創意,3.8,22050,股
2026-10-01,2059,川湖,3.75,14501,股
2026-10-01,3653,健策,3.75,25000,股
2026-10-01,6223,旺矽,3.5,31901,股
2026-10-01,2303,聯電,2.82,800000,股
2026-10-01,5274,信驊,2.67,6420,股
2026-10-01,6669,緯穎,2.56,55518,股
2026-10-01,2308,台達電,2.43,58500,股
2026-10-01,3711,日月光投控,2.26,146002,股
2026-10-01,3189,景碩,2.25,102000,股
2026-10-01,2408,南亞科,1.93,170000,股
2026-10-01,6805,富世達,1.93,37000,股
2026-10-01,3665,貿聯-KY,1.62,29000,股
2026-10-01,1303,南亞,1.36,245000,股
2026-10-01,2345,智邦,1.29,31000,股
2026-10-01,3081,聯亞,1.28,22000,股
2026-10-01,8996,高力,1.26,37000,股
2026-10-01,2449,京元電子,1.16,180000,股
2026-10-01,2360,致茂,1.14,25000,股
2026-10-01,2481,強茂,1.12,290000,股
2026-10-01,6239,力成,1.12,175000,股
2026-10-01,3491,昇達科,0.98,30000,股
2026-10-01,2327,國巨*,0.53,40000,股
2026-10-01,3264,欣銓,0.49,91000,股
2026-10-01,7769,鴻勁,0.48,4000,股
2026-10-01,3105,穩懋,0.47,40000,股
2026-10-01,6187,萬潤,0.45,16000,股
2026-10-01,3008,大立光,0.41,3000,股
2026-10-01,2368,金像電,0.38,16000,股
2026-10-01,6488,環球晶,0.36,15000,股
2026-10-01,1560,中砂,0.35,16000,股
2026-10-01,3026,禾伸堂,0.32,17000,股
2026-10-01,6691,洋基工程,0.32,20000,股
2026-10-01,2801,彰銀,0.03,51000,股
2026-10-01,C_NTD,CASH,,275312316,元
2026-10-02,2330,台積電,13.8,254999,股
2026-10-02,3037,欣興,6.95,246001,股
2026-10-02,2454,聯發科,6.12,57101,股
2026-10-02,3017,奇鋐,6.0,80500,股
2026-10-02,2383,台光電,5.28,47002,股
2026-10-02,6274,台燿,4.84,138001,股
2026-10-02,8046,南電,3.95,125000,股
2026-10-02,2059,川湖,3.81,14501,股
2026-10-02,3443,創意,3.77,22050,股
2026-10-02,3653,健策,3.68,25000,股
2026-10-02,6223,旺矽,3.67,31901,股
2026-10-02,2303,聯電,2.8,800000,股
2026-10-02,5274,信驊,2.62,6420,股
2026-10-02,6669,緯穎,2.51,55518,股
2026-10-02,2308,台達電,2.39,58500,股
2026-10-02,3189,景碩,2.39,105000,股
2026-10-02,3711,日月光投控,2.25,146002,股
2026-10-02,2408,南亞科,1.94,170000,股
2026-10-02,6805,富世達,1.85,37000,股
2026-10-02,3665,貿聯-KY,1.59,29000,股
2026-10-02,3081,聯亞,1.39,22000,股
2026-10-02,1303,南亞,1.38,245000,股
2026-10-02,2345,智邦,1.32,31000,股
2026-10-02,8996,高力,1.21,37000,股
2026-10-02,2360,致茂,1.19,25000,股
2026-10-02,6239,力成,1.17,175000,股
2026-10-02,2327,國巨*,1.15,85000,股
2026-10-02,2449,京元電子,1.15,180000,股
2026-10-02,2481,強茂,1.1,290000,股
2026-10-02,3491,昇達科,0.96,30000,股
2026-10-02,3105,穩懋,0.51,40000,股
2026-10-02,3264,欣銓,0.48,91000,股
2026-10-02,7769,鴻勁,0.48,4000,股
2026-10-02,6187,萬潤,0.47,16000,股
2026-10-02,3008,大立光,0.41,3000,股
2026-10-02,6488,環球晶,0.39,15000,股
2026-10-02,2368,金像電,0.38,16000,股
2026-10-02,1560,中砂,0.35,16000,股
2026-10-02,6691,洋基工程,0.32,20000,股
2026-10-02,3026,禾伸堂,0.31,17000,股
2026-10-02,2801,彰銀,0.03,51000,股
2026-10-02,C_NTD,CASH,,166636105,元
2026-10-05,2330,台積電,13.68,254999,股
2026-10-05,3037,欣興,6.79,246001,股
2026-10-05,2454,聯發科,6.15,57101,股
2026-10-05,3017,奇鋐,6.01,80500,股
2026-10-05,2383,台光電,5.58,47002,股
2026-10-05,6274,台燿,5.12,138001,股
2026-10-05,2059,川湖,4.04,14501,股
2026-10-05,3443,創意,3.95,22050,股
2026-10-05,8046,南電,3.89,125000,股
2026-10-05,3653,健策,3.75,25000,股
2026-10-05,6223,旺矽,3.67,31901,股
2026-10-05,5274,信驊,2.61,6420,股
2026-10-05,2303,聯電,2.54,800000,股
2026-10-05,6669,緯穎,2.49,55518,股
2026-10-05,2308,台達電,2.44,58500,股
2026-10-05,3189,景碩,2.4,105000,股
2026-10-05,3711,日月光投控,2.26,146002,股
2026-10-05,6805,富世達,1.89,37000,股
2026-10-05,2408,南亞科,1.88,170000,股
2026-10-05,3665,貿聯-KY,1.5,29000,股
2026-10-05,1303,南亞,1.46,245000,股
2026-10-05,3081,聯亞,1.38,22000,股
2026-10-05,2345,智邦,1.34,31000,股
2026-10-05,8996,高力,1.23,37000,股
2026-10-05,2360,致茂,1.21,25000,股
2026-10-05,2327,國巨*,1.11,85000,股
2026-10-05,2449,京元電子,1.1,180000,股
2026-10-05,2481,強茂,1.09,290000,股
2026-10-05,6239,力成,1.08,175000,股
2026-10-05,3491,昇達科,1.02,30000,股
2026-10-05,3105,穩懋,0.51,40000,股
2026-10-05,6187,萬潤,0.5,16000,股
2026-10-05,7769,鴻勁,0.48,4000,股
2026-10-05,3264,欣銓,0.46,91000,股
2026-10-05,3008,大立光,0.42,3000,股
2026-10-05,2368,金像電,0.41,16000,股
2026-10-05,6488,環球晶,0.37,15000,股
2026-10-05,1560,中砂,0.35,16000,股
2026-10-05,6691,洋基工程,0.33,20000,股
2026-10-05,3026,禾伸堂,0.29,17000,股
2026-10-05,2801,彰銀,0.03,51000,股
2026-10-05,C_NTD,CASH,,153566408,元
2026-10-06,2330,台積電,13.81,254999,股
2026-10-06,3037,欣興,6.75,246001,股
2026-10-06,2383,台光電,6.4,51002,股
2026-10-06,3017,奇鋐,6.21,80500,股
2026-10-06,2454,聯發科,5.88,57101,股
2026-10-06,6274,台燿,5.07,138001,股
2026-10-06,2059,川湖,3.98,14501,股
2026-10-06,8046,南電,3.94,125000,股
2026-10-06,3443,創意,3.87,22050,股
2026-10-06,6223,旺矽,3.79,31901,股
2026-10-06,3653,健策,3.71,25000,股
2026-10-06,2308,台達電,2.85,66500,股
2026-10-06,6669,緯穎,2.66,55518,股
2026-10-06,5274,信驊,2.55,6420,股
2026-10-06,3189,景碩,2.35,105000,股
2026-10-06,3711,日月光投控,2.27,146002,股
2026-10-06,1303,南亞,1.91,311000,股
2026-10-06,6805,富世達,1.87,37000,股
2026-10-06,3665,貿聯-KY,1.41,29000,股
2026-10-06,3081,聯亞,1.34,22000,股
2026-10-06,2345,智邦,1.33,31000,股
2026-10-06,8996,高力,1.24,37000,股
2026-10-06,2360,致茂,1.23,25000,股
2026-10-06,6239,力成,1.14,175000,股
2026-10-06,2449,京元電子,1.12,180000,股
2026-10-06,2327,國巨*,1.11,85000,股
2026-10-06,3491,昇達科,1.08,30000,股
2026-10-06,2481,強茂,1.07,290000,股
2026-10-06,2408,南亞科,0.99,90000,股
2026-10-06,2303,聯電,0.86,280000,股
2026-10-06,2368,金像電,0.84,32000,股
2026-10-06,6187,萬潤,0.51,16000,股
2026-10-06,3105,穩懋,0.5,40000,股
2026-10-06,7769,鴻勁,0.49,4000,股
2026-10-06,3008,大立光,0.43,3000,股
2026-10-06,6488,環球晶,0.38,15000,股
2026-10-06,1560,中砂,0.34,16000,股
2026-10-06,6691,洋基工程,0.33,20000,股
2026-10-06,3026,禾伸堂,0.28,17000,股
2026-10-06,3264,欣銓,0.25,49000,股
2026-10-06,C_NTD,CASH,,142481004,元
2026-10-07,2330,台積電,14.1,254999,股
2026-10-07,3037,欣興,6.79,244001,股
2026-10-07,2383,台光電,6.47,51002,股
2026-10-07,3017,奇鋐,6.01,79500,股
2026-10-07,2454,聯發科,5.79,56101,股
2026-10-07,6274,台燿,5.06,138001,股
2026-10-07,3443,創意,3.98,22050,股
2026-10-07,8046,南電,3.95,125000,股
2026-10-07,6223,旺矽,3.76,31901,股
2026-10-07,2059,川湖,3.65,14501,股
2026-10-07,3653,健策,3.48,24000,股
2026-10-07,2308,台達電,2.82,66500,股
2026-10-07,6669,緯穎,2.65,55518,股
2026-10-07,3189,景碩,2.46,105000,股
2026-10-07,5274,信驊,2.43,6420,股
2026-10-07,1303,南亞,2.08,311000,股
2026-10-07,3081,聯亞,2.01,30000,股
2026-10-07,3711,日月光投控,1.97,126002,股
2026-10-07,6805,富世達,1.94,37000,股
2026-10-07,3665,貿聯-KY,1.43,29000,股
2026-10-07,2345,智邦,1.33,31000,股
2026-10-07,8996,高力,1.3,37000,股
2026-10-07,2360,致茂,1.28,25000,股
2026-10-07,2327,國巨*,1.17,85000,股
2026-10-07,6239,力成,1.15,175000,股
2026-10-07,3491,昇達科,1.09,30000,股
2026-10-07,2449,京元電子,1.04,162000,股
2026-10-07,2481,強茂,0.95,250000,股
2026-10-07,2303,聯電,0.89,280000,股
2026-10-07,2368,金像電,0.85,32000,股
2026-10-07,6187,萬潤,0.52,16000,股
2026-10-07,3105,穩懋,0.5,40000,股
2026-10-07,7769,鴻勁,0.5,4000,股
2026-10-07,2408,南亞科,0.49,45000,股
2026-10-07,3008,大立光,0.44,3000,股
2026-10-07,6488,環球晶,0.39,15000,股
2026-10-07,1560,中砂,0.35,16000,股
2026-10-07,6691,洋基工程,0.33,20000,股
2026-10-07,3026,禾伸堂,0.3,17000,股
2026-10-07,3264,欣銓,0.26,49000,股
2026-10-07,C_NTD,CASH,,124110878,元
2026-10-08,2330,台積電,14.06,254999,股
2026-10-08,2383,台光電,6.61,51002,股
2026-10-08,3037,欣興,6.31,230001,股
2026-10-08,3017,奇鋐,5.91,79500,股
2026-10-08,2454,聯發科,5.69,56101,股
2026-10-08,6274,台燿,5.19,138001,股
2026-10-08,8046,南電,3.99,125000,股
2026-10-08,3443,創意,3.98,22050,股
2026-10-08,6223,旺矽,3.84,31901,股
2026-10-08,3653,健策,3.72,24000,股
2026-10-08,2059,川湖,2.98,13001,股
2026-10-08,2308,台達電,2.82,66500,股
2026-10-08,6669,緯穎,2.69,55518,股
2026-10-08,3189,景碩,2.44,105000,股
2026-10-08,5274,信驊,2.43,6420,股
2026-10-08,1303,南亞,2.08,311000,股
2026-10-08,3711,日月光投控,2.03,126002,股
2026-10-08,3081,聯亞,1.92,30000,股
2026-10-08,6805,富世達,1.9,37000,股
2026-10-08,3665,貿聯-KY,1.48,29000,股
2026-10-08,2345,智邦,1.39,31000,股
2026-10-08,8996,高力,1.37,37000,股
2026-10-08,2360,致茂,1.26,25000,股
2026-10-08,2368,金像電,1.19,43000,股
2026-10-08,2327,國巨*,1.17,85000,股
2026-10-08,6239,力成,1.16,175000,股
2026-10-08,3491,昇達科,1.09,30000,股
2026-10-08,2303,聯電,0.89,280000,股
2026-10-08,2449,京元電子,0.54,82000,股
2026-10-08,6187,萬潤,0.53,16000,股
2026-10-08,2408,南亞科,0.52,45000,股
2026-10-08,7769,鴻勁,0.51,4000,股
2026-10-08,3105,穩懋,0.5,40000,股
2026-10-08,3008,大立光,0.43,3000,股
2026-10-08,6488,環球晶,0.37,15000,股
2026-10-08,1560,中砂,0.35,16000,股
2026-10-08,6691,洋基工程,0.34,20000,股
2026-10-08,3026,禾伸堂,0.32,17000,股
2026-10-08,3264,欣銓,0.27,49000,股
2026-10-08,C_NTD,CASH,,158270337,元
