date,code,name,weight,shares,unit
2025-12-10,DA_NTD,AFTER DEDUCTING SECURITIES PURCHASES AMOUNT,78.65,8526865516,元
2025-12-10,2330,台灣積體,8.33,600000,股
2025-12-10,3017,奇鋐科技,2.1,160000,股
2025-12-10,7769,鴻勁精密,2.03,70000,股
2025-12-10,8299,群聯電子,1.97,190000,股
2025-12-10,2059,川湖科技,1.0,30000,股
2025-12-10,6274,台燿科技,1.0,250000,股
2025-12-10,6223,旺矽科技,0.99,45000,股
2025-12-10,6805,富世達股,0.99,70000,股
2025-12-10,3653,健策精密,0.94,35000,股
2025-12-10,5274,信驊科技,0.93,15000,股
2025-12-10,6781,AES-KY,0.54,45000,股
2025-12-10,2449,京元電子,0.53,250000,股
2025-12-11,DA_NTD,AFTER DEDUCTING SECURITIES PURCHASES AMOUNT,56.53,6106538963,元
2025-12-11,2330,台灣積體,10.21,750000,股
2025-12-11,3017,奇鋐科技,3.97,300000,股
2025-12-11,7769,鴻勁精密,3.79,130000,股
2025-12-11,6669,緯穎科技,3.77,90000,股
2025-12-11,3665,貿聯-KY,3.55,250000,股
2025-12-11,2383,台光電子,2.95,200000,股
2025-12-11,8299,群聯電子,2.76,270000,股
2025-12-11,6223,旺矽科技,1.61,75000,股
2025-12-11,6805,富世達股,1.47,100000,股
2025-12-11,6274,台燿科技,1.43,360000,股
2025-12-11,2059,川湖科技,1.06,30000,股
2025-12-11,8210,勤誠興業,1.0,120000,股
2025-12-11,3653,健策精密,0.95,35000,股
2025-12-11,5274,信驊科技,0.94,15000,股
2025-12-11,3324,雙鴻科技,0.56,65000,股
2025-12-11,6510,中華精測,0.55,30000,股
2025-12-11,6781,AES-KY,0.55,45000,股
2025-12-11,2404,漢唐集成,0.54,65000,股
2025-12-11,2382,廣達電腦,0.53,200000,股
2025-12-11,2454,聯發科技,0.52,40000,股
2025-12-11,2449,京元電子,0.51,250000,股
2025-12-11,6409,旭隼科技,0.09,9000,股
2025-12-11,3293,鈊象電子,0.06,9000,股
2025-12-11,8464,億豐綜合,0.03,9000,股
2025-12-11,2327,國巨股份,0.02,9000,股
2025-12-11,2301,光寶科技,0.01,9000,股
2025-12-12,DA_NTD,AFTER DEDUCTING SECURITIES PURCHASES AMOUNT,36.49,3951228503,元
2025-12-12,2330,台灣積體,13.67,1000000,股
2025-12-12,6669,緯穎科技,4.07,100000,股
2025-12-12,3017,奇鋐科技,3.95,300000,股
2025-12-12,7769,鴻勁精密,3.84,130000,股
2025-12-12,2383,台光電子,3.56,240000,股
2025-12-12,3665,貿聯-KY,3.54,250000,股
2025-12-12,8299,群聯電子,3.32,320000,股
2025-12-12,2308,台達電子,2.95,340000,股
2025-12-12,3653,健策精密,1.94,70000,股
2025-12-12,5274,信驊科技,1.86,30000,股
2025-12-12,6223,旺矽科技,1.86,85000,股
2025-12-12,2368,金像電子,1.83,320000,股
2025-12-12,6805,富世達股,1.78,120000,股
2025-12-12,8210,勤誠興業,1.77,210000,股
2025-12-12,2059,川湖科技,1.73,50000,股
2025-12-12,6274,台燿科技,1.64,400000,股
2025-12-12,3711,日月光投,0.9,400000,股
2025-12-12,2449,京元電子,0.64,300000,股
2025-12-12,6510,中華精測,0.6,30000,股
2025-12-12,2881,富邦金融,0.58,650000,股
2025-12-12,2882,國泰金融,0.58,900000,股
2025-12-12,2891,中國信託,0.58,1350000,股
2025-12-12,2404,漢唐集成,0.57,65000,股
2025-12-12,2885,元大金融,0.56,1600000,股
2025-12-12,3324,雙鴻科技,0.55,65000,股
2025-12-12,3044,健鼎科技,0.54,190000,股
2025-12-12,6781,AES-KY,0.54,45000,股
2025-12-12,2382,廣達電腦,0.53,200000,股
2025-12-12,3036,文曄科技,0.53,380000,股
2025-12-12,3231,緯創資通,0.53,400000,股
2025-12-12,2317,鴻海精密,0.52,250000,股
2025-12-12,2454,聯發科技,0.52,40000,股
2025-12-12,8358,金居開發,0.5,200000,股
2025-12-12,1590,亞德客-KY,0.08,9000,股
2025-12-12,6409,旭隼科技,0.08,9000,股
2025-12-12,1519,華城電機,0.07,9000,股
2025-12-12,3293,鈊象電子,0.06,9000,股
2025-12-12,1477,聚陽實業,0.03,9000,股
2025-12-12,8464,億豐綜合,0.03,9000,股
2025-12-12,2327,國巨股份,0.02,9000,股
2025-12-12,2603,長榮海運,0.02,9000,股
2025-12-12,3037,欣興電子,0.02,9000,股
2025-12-12,2301,光寶科技,0.01,9000,股
2025-12-15,DA_NTD,AFTER DEDUCTING SECURITIES PURCHASES AMOUNT,21.16,2265355879,元
2025-12-15,2330,台灣積體,14.9,1100000,股
2025-12-15,7769,鴻勁精密,4.48,150000,股
2025-12-15,6669,緯穎科技,4.41,110000,股
2025-12-15,2383,台光電子,4.05,270000,股
2025-12-15,2308,台達電子,3.88,450000,股
2025-12-15,3017,奇鋐科技,3.87,300000,股
2025-12-15,3665,貿聯-KY,3.86,280000,股
2025-12-15,8299,群聯電子,3.68,350000,股
2025-12-15,2345,智邦科技,2.71,240000,股
2025-12-15,5274,信驊科技,2.54,40000,股
2025-12-15,6805,富世達股,2.46,170000,股
2025-12-15,6223,旺矽科技,2.44,110000,股
2025-12-15,2059,川湖科技,2.37,70000,股
2025-12-15,2368,金像電子,2.37,420000,股
2025-12-15,6274,台燿科技,2.31,570000,股
2025-12-15,6781,AES-KY,2.17,175000,股
2025-12-15,1519,華城電機,2.14,285000,股
2025-12-15,3653,健策精密,1.91,70000,股
2025-12-15,8210,勤誠興業,1.72,210000,股
2025-12-15,2317,鴻海精密,0.89,430000,股
2025-12-15,3711,日月光投,0.87,400000,股
2025-12-15,6510,中華精測,0.66,30000,股
2025-12-15,2449,京元電子,0.62,300000,股
2025-12-15,2882,國泰金融,0.59,900000,股
2025-12-15,2891,中國信託,0.59,1350000,股
2025-12-15,2881,富邦金融,0.58,650000,股
2025-12-15,2885,元大金融,0.57,1600000,股
2025-12-15,2404,漢唐集成,0.56,65000,股
2025-12-15,3324,雙鴻科技,0.54,65000,股
2025-12-15,2382,廣達電腦,0.53,200000,股
2025-12-15,2454,聯發科技,0.53,40000,股
2025-12-15,3036,文曄科技,0.53,380000,股
2025-12-15,3044,健鼎科技,0.53,190000,股
2025-12-15,3231,緯創資通,0.53,400000,股
2025-12-15,6515,穎崴科技,0.52,20000,股
2025-12-15,8358,金居開發,0.51,200000,股
2025-12-15,1590,亞德客-KY,0.08,9000,股
2025-12-15,6409,旭隼科技,0.08,9000,股
2025-12-15,3293,鈊象電子,0.06,9000,股
2025-12-15,1477,聚陽實業,0.03,9000,股
2025-12-15,3661,世芯-KY,0.03,1000,股
2025-12-15,8464,億豐綜合,0.03,9000,股
2025-12-15,2327,國巨股份,0.02,9000,股
2025-12-15,2603,長榮海運,0.02,9000,股
2025-12-15,3037,欣興電子,0.02,9000,股
2025-12-15,3443,創意電子,0.02,1000,股
2025-12-15,2301,光寶科技,0.01,9000,股
2025-12-15,2645,長榮航太,0.01,9000,股
2025-12-15,5347,世界先進,0.01,9000,股
2025-12-16,2330,台灣積體,19.15,1400000,股
2025-12-16,DA_NTD,AFTER DEDUCTING SECURITIES PURCHASES AMOUNT,7.03,736918729,元
2025-12-16,7769,鴻勁精密,5.17,170000,股
2025-12-16,3017,奇鋐科技,5.0,390000,股
2025-12-16,6669,緯穎科技,4.76,120000,股
2025-12-16,3665,貿聯-KY,4.53,330000,股
2025-12-16,2383,台光電子,4.28,300000,股
2025-12-16,2308,台達電子,4.12,480000,股
2025-12-16,8299,群聯電子,3.49,350000,股
2025-12-16,2059,川湖科技,3.42,100000,股
2025-12-16,2368,金像電子,3.4,600000,股
2025-12-16,2345,智邦科技,3.32,300000,股
2025-12-16,6223,旺矽科技,3.28,150000,股
2025-12-16,5274,信驊科技,3.17,50000,股
2025-12-16,3653,健策精密,3.11,115000,股
2025-12-16,1519,華城電機,2.44,320000,股
2025-12-16,6805,富世達股,2.4,170000,股
2025-12-16,6274,台燿科技,2.32,600000,股
2025-12-16,6781,AES-KY,2.32,190000,股
2025-12-16,8210,勤誠興業,2.22,270000,股
2025-12-16,3231,緯創資通,0.9,680000,股
2025-12-16,2317,鴻海精密,0.89,430000,股
2025-12-16,3711,日月光投,0.87,400000,股
2025-12-16,6510,中華精測,0.67,30000,股
2025-12-16,2449,京元電子,0.62,300000,股
2025-12-16,2881,富邦金融,0.6,650000,股
2025-12-16,2882,國泰金融,0.6,900000,股
2025-12-16,2891,中國信託,0.6,1350000,股
2025-12-16,2404,漢唐集成,0.59,65000,股
2025-12-16,2885,元大金融,0.59,1600000,股
2025-12-16,3324,雙鴻科技,0.55,65000,股
2025-12-16,2454,聯發科技,0.54,40000,股
2025-12-16,3044,健鼎科技,0.54,190000,股
2025-12-16,3036,文曄科技,0.53,380000,股
2025-12-16,6515,穎崴科技,0.53,20000,股
2025-12-16,2382,廣達電腦,0.52,200000,股
2025-12-16,8358,金居開發,0.47,200000,股
2025-12-16,1590,亞德客-KY,0.08,9000,股
2025-12-16,6409,旭隼科技,0.08,9000,股
2025-12-16,3293,鈊象電子,0.06,9000,股
2025-12-16,1477,聚陽實業,0.03,9000,股
2025-12-16,3661,世芯-KY,0.03,1000,股
2025-12-16,8464,億豐綜合,0.03,9000,股
2025-12-16,2327,國巨股份,0.02,9000,股
2025-12-16,2603,長榮海運,0.02,9000,股
2025-12-16,3037,欣興電子,0.02,9000,股
2025-12-16,3443,創意電子,0.02,1000,股
2025-12-16,2301,光寶科技,0.01,9000,股
2025-12-16,2645,長榮航太,0.01,9000,股
2025-12-16,5347,世界先進,0.01,9000,股
2025-12-17,2330,台灣積體,19.12,1400000,股
2025-12-17,DA_NTD,AFTER DEDUCTING SECURITIES PURCHASES AMOUNT,6.06,634232412,元
2025-12-17,7769,鴻勁精密,5.31,170000,股
2025-12-17,3017,奇鋐科技,4.99,390000,股
2025-12-17,6669,緯穎科技,4.79,120000,股
2025-12-17,3665,貿聯-KY,4.52,330000,股
2025-12-17,2383,台光電子,4.28,300000,股
2025-12-17,2308,台達電子,4.08,480000,股
2025-12-17,8299,群聯電子,3.97,380000,股
2025-12-17,2345,智邦科技,3.4,300000,股
2025-12-17,2059,川湖科技,3.39,100000,股
2025-12-17,2368,金像電子,3.36,600000,股
2025-12-17,6223,旺矽科技,3.21,150000,股
2025-12-17,5274,信驊科技,3.1,50000,股
2025-12-17,3653,健策精密,2.97,115000,股
2025-12-17,8210,勤誠興業,2.48,290000,股
2025-12-17,6274,台燿科技,2.37,600000,股
2025-12-17,6781,AES-KY,2.36,190000,股
2025-12-17,6805,富世達股,2.35,170000,股
2025-12-17,1519,華城電機,2.34,320000,股
2025-12-17,3231,緯創資通,0.9,680000,股
2025-12-17,2317,鴻海精密,0.89,430000,股
2025-12-17,3711,日月光投,0.87,400000,股
2025-12-17,6510,中華精測,0.66,30000,股
2025-12-17,2882,國泰金融,0.63,900000,股
2025-12-17,2891,中國信託,0.63,1350000,股
2025-12-17,2449,京元電子,0.62,300000,股
2025-12-17,2881,富邦金融,0.6,650000,股
2025-12-17,2885,元大金融,0.6,1600000,股
2025-12-17,2404,漢唐集成,0.59,65000,股
2025-12-17,3044,健鼎科技,0.55,190000,股
2025-12-17,3324,雙鴻科技,0.55,65000,股
2025-12-17,2454,聯發科技,0.54,40000,股
2025-12-17,3036,文曄科技,0.53,380000,股
2025-12-17,2382,廣達電腦,0.51,200000,股
2025-12-17,6515,穎崴科技,0.49,20000,股
2025-12-17,6442,光紅建聖,0.46,40000,股
2025-12-17,8358,金居開發,0.46,200000,股
2025-12-17,1590,亞德客-KY,0.08,9000,股
2025-12-17,6409,旭隼科技,0.08,9000,股
2025-12-17,3293,鈊象電子,0.06,9000,股
2025-12-17,1477,聚陽實業,0.03,9000,股
2025-12-17,3661,世芯-KY,0.03,1000,股
2025-12-17,8464,億豐綜合,0.03,9000,股
2025-12-17,2327,國巨股份,0.02,9000,股
2025-12-17,2603,長榮海運,0.02,9000,股
2025-12-17,3037,欣興電子,0.02,9000,股
2025-12-17,3443,創意電子,0.02,1000,股
2025-12-17,2301,光寶科技,0.01,9000,股
2025-12-17,2645,長榮航太,0.01,9000,股
2025-12-17,5347,世界先進,0.01,9000,股
2025-12-18,2330,台灣積體,19.64,1800000,股
2025-12-18,DA_NTD,AFTER DEDUCTING SECURITIES PURCHASES AMOUNT,11.31,1482468832,元
2025-12-18,7769,鴻勁精密,5.29,210000,股
2025-12-18,3017,奇鋐科技,4.88,470000,股
2025-12-18,6669,緯穎科技,4.78,150000,股
2025-12-18,3665,貿聯-KY,4.62,420000,股
2025-12-18,2383,台光電子,4.58,400000,股
2025-12-18,2308,台達電子,4.08,600000,股
2025-12-18,8299,群聯電子,3.96,480000,股
2025-12-18,2345,智邦科技,3.6,400000,股
2025-12-18,5274,信驊科技,3.28,65000,股
2025-12-18,2059,川湖科技,3.22,120000,股
2025-12-18,2368,金像電子,2.7,600000,股
2025-12-18,3653,健策精密,2.63,130000,股
2025-12-18,6223,旺矽科技,2.52,150000,股
2025-12-18,8210,勤誠興業,2.43,360000,股
2025-12-18,6805,富世達股,2.32,210000,股
2025-12-18,1519,華城電機,2.31,400000,股
2025-12-18,6781,AES-KY,2.25,230000,股
2025-12-18,6274,台燿科技,1.89,600000,股
2025-12-18,2404,漢唐集成,0.73,100000,股
2025-12-18,3231,緯創資通,0.72,680000,股
2025-12-18,2317,鴻海精密,0.71,430000,股
2025-12-18,3324,雙鴻科技,0.68,100000,股
2025-12-18,3711,日月光投,0.68,400000,股
2025-12-18,6510,中華精測,0.68,40000,股
2025-12-18,2882,國泰金融,0.51,900000,股
2025-12-18,2891,中國信託,0.51,1350000,股
2025-12-18,2449,京元電子,0.48,300000,股
2025-12-18,2881,富邦金融,0.48,650000,股
2025-12-18,2885,元大金融,0.48,1600000,股
2025-12-18,2454,聯發科技,0.43,40000,股
2025-12-18,3036,文曄科技,0.43,380000,股
2025-12-18,3044,健鼎科技,0.43,190000,股
2025-12-18,2382,廣達電腦,0.4,200000,股
2025-12-18,6515,穎崴科技,0.39,20000,股
2025-12-18,8358,金居開發,0.37,200000,股
2025-12-18,6442,光紅建聖,0.34,40000,股
2025-12-18,6409,旭隼科技,0.07,9000,股
2025-12-18,1590,亞德客-KY,0.06,9000,股
2025-12-18,3293,鈊象電子,0.05,9000,股
2025-12-18,8464,億豐綜合,0.03,9000,股
2025-12-18,1477,聚陽實業,0.02,9000,股
2025-12-18,2327,國巨股份,0.02,9000,股
2025-12-18,3443,創意電子,0.02,1000,股
2025-12-18,3661,世芯-KY,0.02,1000,股
2025-12-18,2301,光寶科技,0.01,9000,股
2025-12-18,2603,長榮海運,0.01,9000,股
2025-12-18,2645,長榮航太,0.01,9000,股
2025-12-18,3037,欣興電子,0.01,9000,股
2025-12-18,5347,世界先進,0.01,9000,股
2025-12-18,PB_NTD,PAYABLES,-2.09,-273953350,元
2025-12-19,2330,台灣積體,17.32,1800000,股
2025-12-19,DA_NTD,AFTER DEDUCTING SECURITIES PURCHASES AMOUNT,9.76,1449754283,元
2025-12-19,3017,奇鋐科技,4.88,500000,股
2025-12-19,7769,鴻勁精密,4.66,210000,股
2025-12-19,6669,緯穎科技,4.61,160000,股
2025-12-19,8299,群聯電子,4.48,600000,股
2025-12-19,3665,貿聯-KY,4.46,460000,股
2025-12-19,2308,台達電子,4.41,720000,股
2025-12-19,2383,台光電子,4.17,400000,股
2025-12-19,2368,金像電子,3.48,850000,股
2025-12-19,2059,川湖科技,3.45,140000,股
2025-12-19,2345,智邦科技,3.32,420000,股
2025-12-19,5274,信驊科技,3.32,75000,股
2025-12-19,8210,勤誠興業,2.67,420000,股
2025-12-19,6805,富世達股,2.5,240000,股
2025-12-19,6781,AES-KY,2.42,270000,股
2025-12-19,6274,台燿科技,2.41,840000,股
2025-12-19,6223,旺矽科技,2.33,150000,股
2025-12-19,3653,健策精密,2.3,130000,股
2025-12-19,1519,華城電機,2.25,440000,股
2025-12-19,3324,雙鴻科技,0.98,150000,股
2025-12-19,2317,鴻海精密,0.97,650000,股
2025-12-19,3231,緯創資通,0.97,1000000,股
2025-12-19,2404,漢唐集成,0.93,140000,股
2025-12-19,6510,中華精測,0.93,60000,股
2025-12-19,2881,富邦金融,0.66,1000000,股
2025-12-19,2882,國泰金融,0.66,1300000,股
2025-12-19,2885,元大金融,0.66,2450000,股
2025-12-19,2891,中國信託,0.65,1960000,股
2025-12-19,3711,日月光投,0.62,400000,股
2025-12-19,2449,京元電子,0.44,300000,股
2025-12-19,3036,文曄科技,0.39,380000,股
2025-12-19,3044,健鼎科技,0.39,190000,股
2025-12-19,2454,聯發科技,0.38,40000,股
2025-12-19,6515,穎崴科技,0.35,20000,股
2025-12-19,1303,南亞塑膠,0.34,850000,股
2025-12-19,8358,金居開發,0.33,200000,股
2025-12-19,6442,光紅建聖,0.31,40000,股
2025-12-19,1590,亞德客-KY,0.06,9000,股
2025-12-19,6409,旭隼科技,0.06,9000,股
2025-12-19,1477,聚陽實業,0.02,9000,股
2025-12-19,2382,廣達電腦,0.02,9000,股
2025-12-19,3661,世芯-KY,0.02,1000,股
2025-12-19,8464,億豐綜合,0.02,9000,股
2025-12-19,2301,光寶科技,0.01,9000,股
2025-12-19,2327,國巨股份,0.01,9000,股
2025-12-19,2603,長榮海運,0.01,9000,股
2025-12-19,2645,長榮航太,0.01,9000,股
2025-12-19,3037,欣興電子,0.01,9000,股
2025-12-19,3443,創意電子,0.01,1000,股
2025-12-19,5347,世界先進,0.01,9000,股
2025-12-19,PB_NTD,PAYABLES,-0.83,-123072796,元
2025-12-22,2330,台灣積體,17.26,1800000,股
2025-12-22,8299,群聯電子,5.0,650000,股
2025-12-22,DA_NTD,AFTER DEDUCTING SECURITIES PURCHASES AMOUNT,4.87,743775347,元
2025-12-22,3017,奇鋐科技,4.83,500000,股
2025-12-22,3665,貿聯-KY,4.83,500000,股
2025-12-22,7769,鴻勁精密,4.75,220000,股
2025-12-22,2308,台達電子,4.68,750000,股
2025-12-22,2383,台光電子,4.61,440000,股
2025-12-22,6669,緯穎科技,4.45,160000,股
2025-12-22,2368,金像電子,3.83,900000,股
2025-12-22,2059,川湖科技,3.66,150000,股
2025-12-22,5274,信驊科技,3.34,75000,股
2025-12-22,2345,智邦科技,3.22,420000,股
2025-12-22,6274,台燿科技,2.68,900000,股
2025-12-22,2408,南亞科技,2.65,2250000,股
2025-12-22,8210,勤誠興業,2.59,420000,股
2025-12-22,6805,富世達股,2.43,240000,股
2025-12-22,6781,AES-KY,2.33,270000,股
2025-12-22,1519,華城電機,2.26,440000,股
2025-12-22,3653,健策精密,2.25,130000,股
2025-12-22,6223,旺矽科技,2.21,150000,股
2025-12-22,3324,雙鴻科技,0.97,150000,股
2025-12-22,3231,緯創資通,0.96,1000000,股
2025-12-22,2317,鴻海精密,0.95,650000,股
2025-12-22,6510,中華精測,0.91,60000,股
2025-12-22,2404,漢唐集成,0.85,140000,股
2025-12-22,2882,國泰金融,0.65,1300000,股
2025-12-22,2891,中國信託,0.65,1960000,股
2025-12-22,2881,富邦金融,0.64,1000000,股
2025-12-22,2885,元大金融,0.64,2450000,股
2025-12-22,3711,日月光投,0.61,400000,股
2025-12-22,2449,京元電子,0.43,300000,股
2025-12-22,3044,健鼎科技,0.39,190000,股
2025-12-22,3036,文曄科技,0.38,380000,股
2025-12-22,2454,聯發科技,0.37,40000,股
2025-12-22,1303,南亞塑膠,0.34,850000,股
2025-12-22,6515,穎崴科技,0.34,20000,股
2025-12-22,8358,金居開發,0.33,200000,股
2025-12-22,6442,光紅建聖,0.31,40000,股
2025-12-22,1590,亞德客-KY,0.06,9000,股
2025-12-22,1477,聚陽實業,0.02,9000,股
2025-12-22,2382,廣達電腦,0.02,9000,股
2025-12-22,3661,世芯-KY,0.02,1000,股
2025-12-22,8464,億豐綜合,0.02,9000,股
2025-12-22,2301,光寶科技,0.01,9000,股
2025-12-22,2327,國巨股份,0.01,9000,股
2025-12-22,2603,長榮海運,0.01,9000,股
2025-12-22,2645,長榮航太,0.01,9000,股
2025-12-22,3037,欣興電子,0.01,9000,股
2025-12-22,3443,創意電子,0.01,1000,股
2025-12-22,5347,世界先進,0.01,9000,股
2025-12-22,PB_NTD,PAYABLES,-0.08,-12791003,元
2025-12-23,2330,台灣積體,17.6,1800000,股
2025-12-23,8299,群聯電子,5.01,650000,股
2025-12-23,3017,奇鋐科技,4.95,500000,股
2025-12-23,3665,貿聯-KY,4.79,500000,股
2025-12-23,6669,緯穎科技,4.75,170000,股
2025-12-23,7769,鴻勁精密,4.75,220000,股
2025-12-23,2383,台光電子,4.66,440000,股
2025-12-23,2308,台達電子,4.64,750000,股
2025-12-23,DA_NTD,AFTER DEDUCTING SECURITIES PURCHASES AMOUNT,4.22,642839048,元
2025-12-23,2368,金像電子,3.84,900000,股
2025-12-23,2059,川湖科技,3.67,150000,股
2025-12-23,5274,信驊科技,3.38,75000,股
2025-12-23,2345,智邦科技,3.27,420000,股
2025-12-23,6274,台燿科技,2.75,900000,股
2025-12-23,8210,勤誠興業,2.63,420000,股
2025-12-23,2408,南亞科技,2.61,2250000,股
2025-12-23,6805,富世達股,2.52,240000,股
2025-12-23,3653,健策精密,2.49,140000,股
2025-12-23,1519,華城電機,2.43,470000,股
2025-12-23,6781,AES-KY,2.27,270000,股
2025-12-23,6223,旺矽科技,2.21,150000,股
2025-12-23,3324,雙鴻科技,1.0,150000,股
2025-12-23,2317,鴻海精密,0.96,650000,股
2025-12-23,3231,緯創資通,0.95,1000000,股
2025-12-23,6510,中華精測,0.9,60000,股
2025-12-23,2404,漢唐集成,0.88,140000,股
2025-12-23,2882,國泰金融,0.65,1300000,股
2025-12-23,2885,元大金融,0.65,2450000,股
2025-12-23,2891,中國信託,0.65,1960000,股
2025-12-23,2881,富邦金融,0.64,1000000,股
2025-12-23,3711,日月光投,0.62,400000,股
2025-12-23,2449,京元電子,0.43,300000,股
2025-12-23,3044,健鼎科技,0.39,190000,股
2025-12-23,2454,聯發科技,0.37,40000,股
2025-12-23,3036,文曄科技,0.36,380000,股
2025-12-23,6515,穎崴科技,0.34,20000,股
2025-12-23,1303,南亞塑膠,0.33,850000,股
2025-12-23,1605,華新麗華,0.33,1650000,股
2025-12-23,8358,金居開發,0.33,200000,股
2025-12-23,6442,光紅建聖,0.32,40000,股
2025-12-23,1590,亞德客-KY,0.06,9000,股
2025-12-23,1477,聚陽實業,0.02,9000,股
2025-12-23,2382,廣達電腦,0.02,9000,股
2025-12-23,3661,世芯-KY,0.02,1000,股
2025-12-23,8464,億豐綜合,0.02,9000,股
2025-12-23,2301,光寶科技,0.01,9000,股
2025-12-23,2603,長榮海運,0.01,9000,股
2025-12-23,2645,長榮航太,0.01,9000,股
2025-12-23,3037,欣興電子,0.01,9000,股
2025-12-23,3443,創意電子,0.01,1000,股
2025-12-23,5347,世界先進,0.01,9000,股
2025-12-23,PB_NTD,PAYABLES,0.0,0,元
2025-12-23,PFUR_NTD,PAYABLES FOR UNITS REDEEMED,-0.79,-120134400,元
2025-12-24,2330,台灣積體,17.6,1800000,股
2025-12-24,8299,群聯電子,5.49,650000,股
2025-12-24,3665,貿聯-KY,5.07,500000,股
2025-12-24,3017,奇鋐科技,4.91,500000,股
2025-12-24,2383,台光電子,4.86,440000,股
2025-12-24,6669,緯穎科技,4.72,170000,股
2025-12-24,7769,鴻勁精密,4.71,220000,股
2025-12-24,2308,台達電子,4.69,750000,股
2025-12-24,2368,金像電子,3.93,900000,股
2025-12-24,2059,川湖科技,3.64,150000,股
2025-12-24,5274,信驊科技,3.36,75000,股
2025-12-24,2345,智邦科技,3.27,420000,股
2025-12-24,2408,南亞科技,3.09,2500000,股
2025-12-24,6274,台燿科技,2.93,900000,股
2025-12-24,6223,旺矽科技,2.71,180000,股
2025-12-24,3653,健策精密,2.66,148000,股
2025-12-24,8210,勤誠興業,2.65,420000,股
2025-12-24,1519,華城電機,2.61,510000,股
2025-12-24,6805,富世達股,2.59,250000,股
2025-12-24,DA_NTD,AFTER DEDUCTING SECURITIES PURCHASES AMOUNT,2.59,396582174,元
2025-12-24,6781,AES-KY,2.27,270000,股
2025-12-24,3324,雙鴻科技,1.47,220000,股
2025-12-24,2317,鴻海精密,0.95,650000,股
2025-12-24,3231,緯創資通,0.95,1000000,股
2025-12-24,6510,中華精測,0.89,60000,股
2025-12-24,2404,漢唐集成,0.85,140000,股
2025-12-24,2882,國泰金融,0.65,1300000,股
2025-12-24,2891,中國信託,0.65,1960000,股
2025-12-24,2881,富邦金融,0.64,1000000,股
2025-12-24,2885,元大金融,0.64,2450000,股
2025-12-24,3044,健鼎科技,0.4,190000,股
2025-12-24,3711,日月光投,0.38,250000,股
2025-12-24,2449,京元電子,0.36,250000,股
2025-12-24,2454,聯發科技,0.36,40000,股
2025-12-24,6515,穎崴科技,0.35,20000,股
2025-12-24,1605,華新麗華,0.34,1650000,股
2025-12-24,6442,光紅建聖,0.34,40000,股
2025-12-24,8358,金居開發,0.34,200000,股
2025-12-24,1303,南亞塑膠,0.32,850000,股
2025-12-24,1590,亞德客-KY,0.06,9000,股
2025-12-24,1477,聚陽實業,0.02,9000,股
2025-12-24,2382,廣達電腦,0.02,9000,股
2025-12-24,3661,世芯-KY,0.02,1000,股
2025-12-24,8464,億豐綜合,0.02,9000,股
2025-12-24,2301,光寶科技,0.01,9000,股
2025-12-24,2603,長榮海運,0.01,9000,股
2025-12-24,2645,長榮航太,0.01,9000,股
2025-12-24,3037,欣興電子,0.01,9000,股
2025-12-24,3443,創意電子,0.01,1000,股
2025-12-24,5347,世界先進,0.01,9000,股
2025-12-24,3036,文曄科技,0.0,1000,股
2025-12-24,PFUR_NTD,PAYABLES FOR UNITS REDEEMED,-2.08,-318486801,元
2025-12-26,2330,台灣積體,18.16,2000000,股
2025-12-26,8299,群聯電子,5.51,700000,股
2025-12-26,7769,鴻勁精密,5.1,250000,股
2025-12-26,6669,緯穎科技,4.65,180000,股
2025-12-26,3665,貿聯-KY,4.64,500000,股
2025-12-26,3017,奇鋐科技,4.57,500000,股
2025-12-26,2383,台光電子,4.34,440000,股
2025-12-26,2308,台達電子,4.31,750000,股
2025-12-26,DA_NTD,AFTER DEDUCTING SECURITIES PURCHASES AMOUNT,4.21,699623757,元
2025-12-26,2368,金像電子,3.77,900000,股
2025-12-26,2059,川湖科技,3.55,160000,股
2025-12-26,5274,信驊科技,3.54,85000,股
2025-12-26,2345,智邦科技,3.07,420000,股
2025-12-26,2408,南亞科技,3.07,2700000,股
2025-12-26,6274,台燿科技,2.7,900000,股
2025-12-26,6223,旺矽科技,2.55,180000,股
2025-12-26,8210,勤誠興業,2.46,420000,股
2025-12-26,3653,健策精密,2.44,148000,股
2025-12-26,6781,AES-KY,2.44,300000,股
2025-12-26,1519,華城電機,2.41,510000,股
2025-12-26,6805,富世達股,2.41,250000,股
2025-12-26,3324,雙鴻科技,1.78,290000,股
2025-12-26,1605,華新麗華,1.21,6000000,股
2025-12-26,2317,鴻海精密,0.88,650000,股
2025-12-26,3231,緯創資通,0.88,1000000,股
2025-12-26,6510,中華精測,0.87,60000,股
2025-12-26,2404,漢唐集成,0.79,140000,股
2025-12-26,6442,光紅建聖,0.79,100000,股
2025-12-26,2882,國泰金融,0.59,1300000,股
2025-12-26,2885,元大金融,0.59,2450000,股
2025-12-26,2891,中國信託,0.59,1960000,股
2025-12-26,2881,富邦金融,0.58,1000000,股
2025-12-26,3711,日月光投,0.36,250000,股
2025-12-26,6515,穎崴科技,0.35,20000,股
2025-12-26,2449,京元電子,0.34,250000,股
2025-12-26,8358,金居開發,0.32,200000,股
2025-12-26,1303,南亞塑膠,0.29,850000,股
2025-12-26,1590,亞德客-KY,0.05,9000,股
2025-12-26,1477,聚陽實業,0.02,9000,股
2025-12-26,3044,健鼎科技,0.02,9000,股
2025-12-26,3661,世芯-KY,0.02,1000,股
2025-12-26,8464,億豐綜合,0.02,9000,股
2025-12-26,2301,光寶科技,0.01,9000,股
2025-12-26,2382,廣達電腦,0.01,9000,股
2025-12-26,2454,聯發科技,0.01,1000,股
2025-12-26,2603,長榮海運,0.01,9000,股
2025-12-26,2645,長榮航太,0.01,9000,股
2025-12-26,3037,欣興電子,0.01,9000,股
2025-12-26,3443,創意電子,0.01,1000,股
2025-12-26,5347,世界先進,0.01,9000,股
2025-12-26,3036,文曄科技,0.0,1000,股
2025-12-26,PB_NTD,PAYABLES,-0.64,-105871300,元
2025-12-26,PFUR_NTD,PAYABLES FOR UNITS REDEEMED,-1.91,-318486801,元
2025-12-29,2330,台灣積體,17.34,2000000,股
2025-12-29,DA_NTD,AFTER DEDUCTING SECURITIES PURCHASES AMOUNT,5.52,973446791,元
2025-12-29,8299,群聯電子,5.32,700000,股
2025-12-29,7769,鴻勁精密,4.79,250000,股
2025-12-29,6669,緯穎科技,4.68,190000,股
2025-12-29,3665,貿聯-KY,4.52,530000,股
2025-12-29,3017,奇鋐科技,4.38,500000,股
2025-12-29,2383,台光電子,4.18,440000,股
2025-12-29,2308,台達電子,4.09,750000,股
2025-12-29,2059,川湖科技,3.63,170000,股
2025-12-29,5274,信驊科技,3.62,90000,股
2025-12-29,2368,金像電子,3.56,900000,股
2025-12-29,2408,南亞科技,3.21,3000000,股
2025-12-29,2345,智邦科技,2.89,420000,股
2025-12-29,6274,台燿科技,2.56,900000,股
2025-12-29,8210,勤誠興業,2.52,450000,股
2025-12-29,6805,富世達股,2.47,270000,股
2025-12-29,6781,AES-KY,2.43,320000,股
2025-12-29,3653,健策精密,2.29,148000,股
2025-12-29,6223,旺矽科技,2.28,180000,股
2025-12-29,1519,華城電機,2.25,510000,股
2025-12-29,3324,雙鴻科技,1.68,290000,股
2025-12-29,2404,漢唐集成,1.67,320000,股
2025-12-29,1605,華新麗華,1.65,9000000,股
2025-12-29,2317,鴻海精密,0.85,650000,股
2025-12-29,3231,緯創資通,0.83,1000000,股
2025-12-29,6510,中華精測,0.8,60000,股
2025-12-29,6442,光紅建聖,0.73,100000,股
2025-12-29,1303,南亞塑膠,0.57,1700000,股
2025-12-29,2881,富邦金融,0.56,1000000,股
2025-12-29,2882,國泰金融,0.56,1300000,股
2025-12-29,2891,中國信託,0.56,1960000,股
2025-12-29,2885,元大金融,0.55,2450000,股
2025-12-29,3711,日月光投,0.36,250000,股
2025-12-29,2449,京元電子,0.35,250000,股
2025-12-29,6515,穎崴科技,0.32,20000,股
2025-12-29,8358,金居開發,0.31,200000,股
2025-12-29,1590,亞德客-KY,0.05,9000,股
2025-12-29,1477,聚陽實業,0.02,9000,股
2025-12-29,3044,健鼎科技,0.02,9000,股
2025-12-29,3661,世芯-KY,0.02,1000,股
2025-12-29,8464,億豐綜合,0.02,9000,股
2025-12-29,2301,光寶科技,0.01,9000,股
2025-12-29,2382,廣達電腦,0.01,9000,股
2025-12-29,2454,聯發科技,0.01,1000,股
2025-12-29,2603,長榮海運,0.01,9000,股
2025-12-29,2645,長榮航太,0.01,9000,股
2025-12-29,3037,欣興電子,0.01,9000,股
2025-12-29,3443,創意電子,0.01,1000,股
2025-12-29,5347,世界先進,0.01,9000,股
2025-12-29,3036,文曄科技,0.0,1000,股
2025-12-29,PB_NTD,PAYABLES,-0.51,-89276220,元
2025-12-29,PFUR_NTD,PAYABLES FOR UNITS REDEEMED,-1.12,-198352401,元
2025-12-30,2330,台灣積體,17.2,2000000,股
2025-12-30,8299,群聯電子,5.31,700000,股
2025-12-30,7769,鴻勁精密,4.85,250000,股
2025-12-30,6669,緯穎科技,4.72,190000,股
2025-12-30,3665,貿聯-KY,4.51,530000,股
2025-12-30,3017,奇鋐科技,4.5,520000,股
2025-12-30,2383,台光電子,4.37,470000,股
2025-12-30,2308,台達電子,4.08,750000,股
2025-12-30,5274,信驊科技,3.84,90000,股
2025-12-30,2059,川湖科技,3.64,170000,股
2025-12-30,2368,金像電子,3.52,900000,股
2025-12-30,2408,南亞科技,3.3,3000000,股
2025-12-30,2345,智邦科技,2.83,420000,股
2025-12-30,6274,台燿科技,2.73,1000000,股
2025-12-30,8210,勤誠興業,2.72,480000,股
2025-12-30,6223,旺矽科技,2.56,200000,股
2025-12-30,3653,健策精密,2.5,160000,股
2025-12-30,6805,富世達股,2.48,270000,股
2025-12-30,6781,AES-KY,2.47,320000,股
2025-12-30,1519,華城電機,2.23,510000,股
2025-12-30,DA_NTD,AFTER DEDUCTING SECURITIES PURCHASES AMOUNT,2.17,383911314,元
2025-12-30,6442,光紅建聖,1.79,230000,股
2025-12-30,3324,雙鴻科技,1.69,290000,股
2025-12-30,2404,漢唐集成,1.64,320000,股
2025-12-30,1605,華新麗華,1.62,9000000,股
2025-12-30,1303,南亞塑膠,0.56,1700000,股
2025-12-30,2882,國泰金融,0.56,1300000,股
2025-12-30,2891,中國信託,0.56,1960000,股
2025-12-30,2881,富邦金融,0.55,1000000,股
2025-12-30,2885,元大金融,0.55,2450000,股
2025-12-30,3231,緯創資通,0.37,440000,股
2025-12-30,2317,鴻海精密,0.36,280000,股
2025-12-30,3711,日月光投,0.35,250000,股
2025-12-30,2449,京元電子,0.34,250000,股
2025-12-30,6510,中華精測,0.33,25000,股
2025-12-30,6515,穎崴科技,0.33,20000,股
2025-12-30,8358,金居開發,0.31,200000,股
2025-12-30,1590,亞德客-KY,0.05,9000,股
2025-12-30,1477,聚陽實業,0.02,9000,股
2025-12-30,3044,健鼎科技,0.02,9000,股
2025-12-30,3661,世芯-KY,0.02,1000,股
2025-12-30,8464,億豐綜合,0.02,9000,股
2025-12-30,2301,光寶科技,0.01,9000,股
2025-12-30,2382,廣達電腦,0.01,9000,股
2025-12-30,2454,聯發科技,0.01,1000,股
2025-12-30,2603,長榮海運,0.01,9000,股
2025-12-30,2645,長榮航太,0.01,9000,股
2025-12-30,3037,欣興電子,0.01,9000,股
2025-12-30,3443,創意電子,0.01,1000,股
2025-12-30,5347,世界先進,0.01,9000,股
2025-12-30,3036,文曄科技,0.0,1000,股
2025-12-30,PB_NTD,PAYABLES,0.0,0,元
2025-12-30,PFUR_NTD,PAYABLES FOR UNITS REDEEMED,0.0,0,元
2025-12-31,2330,台灣積體,17.36,2000000,股
2025-12-31,8299,群聯電子,5.85,720000,股
2025-12-31,7769,鴻勁精密,4.8,250000,股
2025-12-31,6669,緯穎科技,4.77,190000,股
2025-12-31,3665,貿聯-KY,4.51,530000,股
2025-12-31,3017,奇鋐科技,4.4,520000,股
2025-12-31,2383,台光電子,4.33,470000,股
2025-12-31,2308,台達電子,4.05,750000,股
2025-12-31,5274,信驊科技,3.66,90000,股
2025-12-31,2059,川湖科技,3.57,170000,股
2025-12-31,2408,南亞科技,3.57,3300000,股
2025-12-31,2368,金像電子,3.46,900000,股
2025-12-31,2345,智邦科技,2.79,420000,股
2025-12-31,6274,台燿科技,2.77,1000000,股
2025-12-31,8210,勤誠興業,2.7,480000,股
2025-12-31,6223,旺矽科技,2.52,200000,股
2025-12-31,3653,健策精密,2.46,160000,股
2025-12-31,6805,富世達股,2.46,270000,股
2025-12-31,6781,AES-KY,2.38,320000,股
2025-12-31,1519,華城電機,2.19,510000,股
2025-12-31,DA_NTD,AFTER DEDUCTING SECURITIES PURCHASES AMOUNT,1.97,351996762,元
2025-12-31,6442,光紅建聖,1.75,230000,股
2025-12-31,1605,華新麗華,1.71,9600000,股
2025-12-31,2404,漢唐集成,1.7,320000,股
2025-12-31,3324,雙鴻科技,1.64,290000,股
2025-12-31,1303,南亞塑膠,0.57,1700000,股
2025-12-31,2882,國泰金融,0.55,1300000,股
2025-12-31,2891,中國信託,0.55,1960000,股
2025-12-31,2881,富邦金融,0.54,1000000,股
2025-12-31,2885,元大金融,0.54,2450000,股
2025-12-31,3231,緯創資通,0.37,440000,股
2025-12-31,2317,鴻海精密,0.36,280000,股
2025-12-31,2449,京元電子,0.35,250000,股
2025-12-31,3711,日月光投,0.35,250000,股
2025-12-31,6510,中華精測,0.32,25000,股
2025-12-31,6515,穎崴科技,0.32,20000,股
2025-12-31,8358,金居開發,0.31,200000,股
2025-12-31,1590,亞德客-KY,0.05,9000,股
2025-12-31,1477,聚陽實業,0.02,9000,股
2025-12-31,3044,健鼎科技,0.02,9000,股
2025-12-31,3661,世芯-KY,0.02,1000,股
2025-12-31,8464,億豐綜合,0.02,9000,股
2025-12-31,2301,光寶科技,0.01,9000,股
2025-12-31,2382,廣達電腦,0.01,9000,股
2025-12-31,2454,聯發科技,0.01,1000,股
2025-12-31,2603,長榮海運,0.01,9000,股
2025-12-31,2645,長榮航太,0.01,9000,股
2025-12-31,3037,欣興電子,0.01,9000,股
2025-12-31,3443,創意電子,0.01,1000,股
2025-12-31,5347,世界先進,0.01,9000,股
2025-12-31,3036,文曄科技,0.0,1000,股
2025-12-31,PB_NTD,PAYABLES,-0.04,-6421688,元
2026-01-02,2330,台灣積體,17.59,2000000,股
2026-01-02,8299,群聯電子,5.77,720000,股
2026-01-02,7769,鴻勁精密,4.76,250000,股
2026-01-02,6669,緯穎科技,4.72,190000,股
2026-01-02,3665,貿聯-KY,4.49,530000,股
2026-01-02,3017,奇鋐科技,4.2,520000,股
2026-01-02,2383,台光電子,4.15,470000,股
2026-01-02,2308,台達電子,4.14,750000,股
2026-01-02,5274,信驊科技,4.03,100000,股
2026-01-02,2408,南亞科技,4.02,3500000,股
2026-01-02,2059,川湖科技,3.26,170000,股
2026-01-02,2368,金像電子,3.21,900000,股
2026-01-02,8210,勤誠興業,2.75,520000,股
2026-01-02,2345,智邦科技,2.67,420000,股
2026-01-02,6274,台燿科技,2.67,1000000,股
2026-01-02,6223,旺矽科技,2.51,200000,股
2026-01-02,6805,富世達股,2.47,290000,股
2026-01-02,DA_NTD,AFTER DEDUCTING SECURITIES PURCHASES AMOUNT,2.4,433426178,元
2026-01-02,6781,AES-KY,2.31,320000,股
2026-01-02,3653,健策精密,2.3,160000,股
2026-01-02,1519,華城電機,2.11,510000,股
2026-01-02,1605,華新麗華,1.83,10000000,股
2026-01-02,8358,金居開發,1.77,1100000,股
2026-01-02,6442,光紅建聖,1.76,230000,股
2026-01-02,2404,漢唐集成,1.7,320000,股
2026-01-02,3324,雙鴻科技,1.61,290000,股
2026-01-02,2891,中國信託,0.55,1960000,股
2026-01-02,1303,南亞塑膠,0.54,1700000,股
2026-01-02,2882,國泰金融,0.54,1300000,股
2026-01-02,2885,元大金融,0.54,2450000,股
2026-01-02,2881,富邦金融,0.53,1000000,股
2026-01-02,3231,緯創資通,0.38,440000,股
2026-01-02,2449,京元電子,0.37,250000,股
2026-01-02,2317,鴻海精密,0.36,280000,股
2026-01-02,3711,日月光投,0.36,250000,股
2026-01-02,6510,中華精測,0.32,25000,股
2026-01-02,6515,穎崴科技,0.32,20000,股
2026-01-02,1590,亞德客-KY,0.05,9000,股
2026-01-02,3044,健鼎科技,0.02,9000,股
2026-01-02,3661,世芯-KY,0.02,1000,股
2026-01-02,8464,億豐綜合,0.02,9000,股
2026-01-02,1477,聚陽實業,0.01,9000,股
2026-01-02,2301,光寶科技,0.01,9000,股
2026-01-02,2382,廣達電腦,0.01,9000,股
2026-01-02,2454,聯發科技,0.01,1000,股
2026-01-02,2603,長榮海運,0.01,9000,股
2026-01-02,2645,長榮航太,0.01,9000,股
2026-01-02,3037,欣興電子,0.01,9000,股
2026-01-02,3443,創意電子,0.01,1000,股
2026-01-02,5347,世界先進,0.01,9000,股
2026-01-02,3036,文曄科技,0.0,1000,股
2026-01-02,PB_NTD,PAYABLES,-0.16,-29444998,元
2026-01-05,2330,台灣積體,18.41,2000000,股
2026-01-05,8299,群聯電子,6.08,750000,股
2026-01-05,6669,緯穎科技,4.76,190000,股
2026-01-05,3665,貿聯-KY,4.6,530000,股
2026-01-05,7769,鴻勁精密,4.6,250000,股
2026-01-05,2383,台光電子,4.2,470000,股
2026-01-05,2308,台達電子,4.18,750000,股
2026-01-05,3017,奇鋐科技,4.16,520000,股
2026-01-05,2408,南亞科技,4.01,3500000,股
2026-01-05,5274,信驊科技,3.92,100000,股
2026-01-05,2368,金像電子,3.15,900000,股
2026-01-05,2059,川湖科技,3.0,170000,股
2026-01-05,2345,智邦科技,2.74,420000,股
2026-01-05,8210,勤誠興業,2.74,520000,股
2026-01-05,6274,台燿科技,2.62,1000000,股
2026-01-05,6805,富世達股,2.38,290000,股
2026-01-05,6223,旺矽科技,2.37,200000,股
2026-01-05,3653,健策精密,2.28,160000,股
2026-01-05,6781,AES-KY,2.28,320000,股
2026-01-05,1519,華城電機,2.07,510000,股
2026-01-05,1605,華新麗華,2.04,11000000,股
2026-01-05,2404,漢唐集成,1.91,350000,股
2026-01-05,8358,金居開發,1.81,1200000,股
2026-01-05,6442,光紅建聖,1.68,230000,股
2026-01-05,3324,雙鴻科技,1.61,290000,股
2026-01-05,DA_NTD,AFTER DEDUCTING SECURITIES PURCHASES AMOUNT,1.43,258718535,元
2026-01-05,2882,國泰金融,0.55,1300000,股
2026-01-05,2881,富邦金融,0.54,1000000,股
2026-01-05,2891,中國信託,0.54,1960000,股
2026-01-05,2885,元大金融,0.53,2450000,股
2026-01-05,1303,南亞塑膠,0.52,1700000,股
2026-01-05,3231,緯創資通,0.38,440000,股
2026-01-05,2317,鴻海精密,0.36,280000,股
2026-01-05,2449,京元電子,0.36,250000,股
2026-01-05,3711,日月光投,0.36,250000,股
2026-01-05,6515,穎崴科技,0.34,20000,股
2026-01-05,6510,中華精測,0.31,25000,股
2026-01-05,1590,亞德客-KY,0.05,9000,股
2026-01-05,3044,健鼎科技,0.02,9000,股
2026-01-05,3661,世芯-KY,0.02,1000,股
2026-01-05,8464,億豐綜合,0.02,9000,股
2026-01-05,1477,聚陽實業,0.01,9000,股
2026-01-05,2301,光寶科技,0.01,9000,股
2026-01-05,2382,廣達電腦,0.01,9000,股
2026-01-05,2454,聯發科技,0.01,1000,股
2026-01-05,2603,長榮海運,0.01,9000,股
2026-01-05,2645,長榮航太,0.01,9000,股
2026-01-05,3037,欣興電子,0.01,9000,股
2026-01-05,3443,創意電子,0.01,1000,股
2026-01-05,5347,世界先進,0.01,9000,股
2026-01-05,3036,文曄科技,0.0,1000,股
2026-01-05,PB_NTD,PAYABLES,0.0,0,元
2026-01-06,2330,台灣積體,18.42,2000000,股
2026-01-06,8299,群聯電子,6.72,770000,股
2026-01-06,6669,緯穎科技,4.74,190000,股
2026-01-06,2383,台光電子,4.58,500000,股
2026-01-06,7769,鴻勁精密,4.58,260000,股
2026-01-06,2408,南亞科技,4.57,3700000,股
2026-01-06,3665,貿聯-KY,4.51,530000,股
2026-01-06,2308,台達電子,4.25,750000,股
2026-01-06,3017,奇鋐科技,4.0,520000,股
2026-01-06,5274,信驊科技,3.89,100000,股
2026-01-06,2368,金像電子,3.22,900000,股
2026-01-06,2059,川湖科技,2.94,170000,股
2026-01-06,2345,智邦科技,2.81,420000,股
2026-01-06,8210,勤誠興業,2.78,520000,股
2026-01-06,6274,台燿科技,2.57,1000000,股
2026-01-06,6223,旺矽科技,2.32,200000,股
2026-01-06,6805,富世達股,2.3,290000,股
2026-01-06,3653,健策精密,2.28,160000,股
2026-01-06,6781,AES-KY,2.28,320000,股
2026-01-06,1605,華新麗華,2.14,11000000,股
2026-01-06,1519,華城電機,2.04,510000,股
2026-01-06,2404,漢唐集成,1.93,350000,股
2026-01-06,8358,金居開發,1.77,1200000,股
2026-01-06,6442,光紅建聖,1.62,230000,股
2026-01-06,1303,南亞塑膠,0.54,1700000,股
2026-01-06,2885,元大金融,0.54,2450000,股
2026-01-06,DA_NTD,AFTER DEDUCTING SECURITIES PURCHASES AMOUNT,0.54,100667928,元
2026-01-06,2882,國泰金融,0.53,1300000,股
2026-01-06,2891,中國信託,0.53,1960000,股
2026-01-06,2881,富邦金融,0.52,1000000,股
2026-01-06,3231,緯創資通,0.37,440000,股
2026-01-06,3711,日月光投,0.37,250000,股
2026-01-06,2317,鴻海精密,0.36,280000,股
2026-01-06,2449,京元電子,0.36,250000,股
2026-01-06,6515,穎崴科技,0.34,20000,股
2026-01-06,6510,中華精測,0.32,25000,股
2026-01-06,1590,亞德客-KY,0.05,9000,股
2026-01-06,3324,雙鴻科技,0.05,9000,股
2026-01-06,3044,健鼎科技,0.02,9000,股
2026-01-06,3661,世芯-KY,0.02,1000,股
2026-01-06,8464,億豐綜合,0.02,9000,股
2026-01-06,1477,聚陽實業,0.01,9000,股
2026-01-06,2301,光寶科技,0.01,9000,股
2026-01-06,2382,廣達電腦,0.01,9000,股
2026-01-06,2454,聯發科技,0.01,1000,股
2026-01-06,2603,長榮海運,0.01,9000,股
2026-01-06,2645,長榮航太,0.01,9000,股
2026-01-06,3037,欣興電子,0.01,9000,股
2026-01-06,3443,創意電子,0.01,1000,股
2026-01-06,5347,世界先進,0.01,9000,股
2026-01-06,3036,文曄科技,0.0,1000,股
2026-01-06,PFUR_NTD,PAYABLES FOR UNITS REDEEMED,-0.35,-63979836,元
2026-01-07,2330,台灣積體,18.25,2000000,股
2026-01-07,8299,群聯電子,7.03,770000,股
2026-01-07,2408,南亞科技,5.25,4000000,股
2026-01-07,6669,緯穎科技,4.83,190000,股
2026-01-07,7769,鴻勁精密,4.7,260000,股
2026-01-07,2383,台光電子,4.3,500000,股
2026-01-07,2308,台達電子,4.21,750000,股
2026-01-07,3665,貿聯-KY,4.13,530000,股
2026-01-07,5274,信驊科技,4.02,100000,股
2026-01-07,3017,奇鋐科技,3.9,520000,股
2026-01-07,2059,川湖科技,3.02,170000,股
2026-01-07,2368,金像電子,2.91,830000,股
2026-01-07,2345,智邦科技,2.76,420000,股
2026-01-07,8210,勤誠興業,2.76,520000,股
2026-01-07,1605,華新麗華,2.59,12000000,股
2026-01-07,6274,台燿科技,2.53,1000000,股
2026-01-07,6223,旺矽科技,2.35,200000,股
2026-01-07,6805,富世達股,2.22,290000,股
2026-01-07,6781,AES-KY,2.21,320000,股
2026-01-07,3653,健策精密,2.17,160000,股
2026-01-07,1519,華城電機,2.1,510000,股
2026-01-07,2404,漢唐集成,1.91,350000,股
2026-01-07,8358,金居開發,1.74,1200000,股
2026-01-07,6442,光紅建聖,1.62,230000,股
2026-01-07,1303,南亞塑膠,0.6,1700000,股
2026-01-07,2882,國泰金融,0.54,1300000,股
2026-01-07,2885,元大金融,0.54,2450000,股
2026-01-07,2891,中國信託,0.53,1960000,股
2026-01-07,2881,富邦金融,0.52,1000000,股
2026-01-07,3231,緯創資通,0.38,440000,股
2026-01-07,3711,日月光投,0.38,250000,股
2026-01-07,2317,鴻海精密,0.36,280000,股
2026-01-07,2449,京元電子,0.36,250000,股
2026-01-07,6515,穎崴科技,0.36,20000,股
2026-01-07,6510,中華精測,0.32,25000,股
2026-01-07,1590,亞德客-KY,0.05,9000,股
2026-01-07,3324,雙鴻科技,0.05,9000,股
2026-01-07,1477,聚陽實業,0.02,9000,股
2026-01-07,3044,健鼎科技,0.02,9000,股
2026-01-07,3661,世芯-KY,0.02,1000,股
2026-01-07,8464,億豐綜合,0.02,9000,股
2026-01-07,2301,光寶科技,0.01,9000,股
2026-01-07,2382,廣達電腦,0.01,9000,股
2026-01-07,2454,聯發科技,0.01,1000,股
2026-01-07,2603,長榮海運,0.01,9000,股
2026-01-07,2645,長榮航太,0.01,9000,股
2026-01-07,3037,欣興電子,0.01,9000,股
2026-01-07,3443,創意電子,0.01,1000,股
2026-01-07,5347,世界先進,0.01,9000,股
2026-01-07,3036,文曄科技,0.0,1000,股
2026-01-07,DA_NTD,AFTER DEDUCTING SECURITIES PURCHASES AMOUNT,-0.06,-11862312,元
2026-01-07,PFUR_NTD,PAYABLES FOR UNITS REDEEMED,-0.35,-63979836,元
2026-01-08,2330,台灣積體,18.49,2000000,股
2026-01-08,8299,群聯電子,7.18,770000,股
2026-01-08,2408,南亞科技,5.57,4200000,股
2026-01-08,6669,緯穎科技,4.85,190000,股
2026-01-08,7769,鴻勁精密,4.47,260000,股
2026-01-08,2383,台光電子,4.24,500000,股
2026-01-08,5274,信驊科技,4.2,100000,股
2026-01-08,2308,台達電子,4.16,750000,股
2026-01-08,3665,貿聯-KY,4.1,530000,股
2026-01-08,3017,奇鋐科技,3.87,520000,股
2026-01-08,2345,智邦科技,2.92,420000,股
2026-01-08,2368,金像電子,2.88,830000,股
2026-01-08,1605,華新麗華,2.73,13000000,股
2026-01-08,8210,勤誠興業,2.63,520000,股
2026-01-08,6274,台燿科技,2.56,1000000,股
2026-01-08,6223,旺矽科技,2.33,200000,股
2026-01-08,2059,川湖科技,2.25,130000,股
2026-01-08,6781,AES-KY,2.21,320000,股
2026-01-08,6805,富世達股,2.17,290000,股
2026-01-08,3653,健策精密,2.15,160000,股
2026-01-08,1519,華城電機,2.06,510000,股
2026-01-08,2404,漢唐集成,1.94,350000,股
2026-01-08,6442,光紅建聖,1.82,250000,股
2026-01-08,8358,金居開發,1.68,1200000,股
2026-01-08,DA_NTD,AFTER DEDUCTING SECURITIES PURCHASES AMOUNT,0.86,157631647,元
2026-01-08,1303,南亞塑膠,0.63,1700000,股
2026-01-08,2882,國泰金融,0.55,1300000,股
2026-01-08,2885,元大金融,0.55,2450000,股
2026-01-08,2881,富邦金融,0.53,1000000,股
2026-01-08,2891,中國信託,0.53,1960000,股
2026-01-08,3711,日月光投,0.38,250000,股
2026-01-08,2449,京元電子,0.36,250000,股
2026-01-08,6515,穎崴科技,0.35,20000,股
2026-01-08,6510,中華精測,0.3,25000,股
2026-01-08,1590,亞德客-KY,0.05,9000,股
2026-01-08,3324,雙鴻科技,0.05,9000,股
2026-01-08,1477,聚陽實業,0.02,9000,股
2026-01-08,3044,健鼎科技,0.02,9000,股
2026-01-08,3661,世芯-KY,0.02,1000,股
2026-01-08,8464,億豐綜合,0.02,9000,股
2026-01-08,2301,光寶科技,0.01,9000,股
2026-01-08,2317,鴻海精密,0.01,9000,股
2026-01-08,2382,廣達電腦,0.01,9000,股
2026-01-08,2454,聯發科技,0.01,1000,股
2026-01-08,2603,長榮海運,0.01,9000,股
2026-01-08,2645,長榮航太,0.01,9000,股
2026-01-08,3037,欣興電子,0.01,9000,股
2026-01-08,3231,緯創資通,0.01,9000,股
2026-01-08,3443,創意電子,0.01,1000,股
2026-01-08,5347,世界先進,0.01,9000,股
2026-01-08,3036,文曄科技,0.0,1000,股
2026-01-08,PFUR_NTD,PAYABLES FOR UNITS REDEEMED,-0.35,-63979836,元
2026-01-09,2330,台灣積體,18.55,2000000,股
2026-01-09,8299,群聯電子,6.93,770000,股
2026-01-09,2308,台達電子,5.04,900000,股
2026-01-09,2408,南亞科技,5.04,4200000,股
2026-01-09,7769,鴻勁精密,4.73,260000,股
2026-01-09,2383,台光電子,4.32,500000,股
2026-01-09,5274,信驊科技,4.23,100000,股
2026-01-09,3665,貿聯-KY,4.17,530000,股
2026-01-09,3017,奇鋐科技,3.95,520000,股
2026-01-09,6669,緯穎科技,3.51,150000,股
2026-01-09,2368,金像電子,2.92,830000,股
2026-01-09,1605,華新麗華,2.91,14000000,股
2026-01-09,2345,智邦科技,2.82,420000,股
2026-01-09,8210,勤誠興業,2.61,520000,股
2026-01-09,6274,台燿科技,2.57,1000000,股
2026-01-09,6223,旺矽科技,2.46,200000,股
2026-01-09,2059,川湖科技,2.38,130000,股
2026-01-09,3653,健策精密,2.27,160000,股
2026-01-09,6781,AES-KY,2.24,320000,股
2026-01-09,1519,華城電機,2.21,510000,股
2026-01-09,6805,富世達股,2.19,290000,股
2026-01-09,6442,光紅建聖,1.93,250000,股
2026-01-09,2404,漢唐集成,1.92,350000,股
2026-01-09,8358,金居開發,1.71,1200000,股
2026-01-09,1303,南亞塑膠,1.16,3400000,股
2026-01-09,6515,穎崴科技,0.39,20000,股
2026-01-09,2882,國泰金融,0.38,900000,股
2026-01-09,2885,元大金融,0.38,1700000,股
2026-01-09,2891,中國信託,0.38,1400000,股
2026-01-09,3711,日月光投,0.38,250000,股
2026-01-09,2881,富邦金融,0.37,700000,股
2026-01-09,2449,京元電子,0.36,250000,股
2026-01-09,6510,中華精測,0.3,25000,股
2026-01-09,1590,亞德客-KY,0.05,9000,股
2026-01-09,3324,雙鴻科技,0.05,9000,股
2026-01-09,1477,聚陽實業,0.02,9000,股
2026-01-09,3044,健鼎科技,0.02,9000,股
2026-01-09,3661,世芯-KY,0.02,1000,股
2026-01-09,8464,億豐綜合,0.02,9000,股
2026-01-09,2301,光寶科技,0.01,9000,股
2026-01-09,2317,鴻海精密,0.01,9000,股
2026-01-09,2382,廣達電腦,0.01,9000,股
2026-01-09,2454,聯發科技,0.01,1000,股
2026-01-09,2603,長榮海運,0.01,9000,股
2026-01-09,2645,長榮航太,0.01,9000,股
2026-01-09,3037,欣興電子,0.01,9000,股
2026-01-09,3231,緯創資通,0.01,9000,股
2026-01-09,3443,創意電子,0.01,1000,股
2026-01-09,5347,世界先進,0.01,9000,股
2026-01-09,3036,文曄科技,0.0,1000,股
2026-01-09,PFUR_NTD,PAYABLES FOR UNITS REDEEMED,-0.09,-15663378,元
2026-01-09,DA_NTD,AFTER DEDUCTING SECURITIES PURCHASES AMOUNT,-0.87,-158451454,元
2026-01-12,2330,台灣積體,18.77,2000000,股
2026-01-12,8299,群聯電子,7.59,770000,股
2026-01-12,2408,南亞科技,5.57,4200000,股
2026-01-12,2308,台達電子,5.27,900000,股
2026-01-12,7769,鴻勁精密,5.17,270000,股
2026-01-12,2383,台光電子,4.47,500000,股
2026-01-12,5274,信驊科技,4.47,100000,股
2026-01-12,3665,貿聯-KY,4.11,530000,股
2026-01-12,3017,奇鋐科技,3.91,520000,股
2026-01-12,1605,華新麗華,3.08,14000000,股
2026-01-12,2368,金像電子,3.07,830000,股
2026-01-12,6669,緯穎科技,2.96,130000,股
2026-01-12,2345,智邦科技,2.81,420000,股
2026-01-12,6274,台燿科技,2.64,1000000,股
2026-01-12,8210,勤誠興業,2.63,520000,股
2026-01-12,6223,旺矽科技,2.44,200000,股
2026-01-12,2059,川湖科技,2.43,130000,股
2026-01-12,1519,華城電機,2.31,510000,股
2026-01-12,6781,AES-KY,2.31,320000,股
2026-01-12,3653,健策精密,2.25,160000,股
2026-01-12,2404,漢唐集成,2.18,400000,股
2026-01-12,6442,光紅建聖,1.96,250000,股
2026-01-12,1303,南亞塑膠,1.8,5000000,股
2026-01-12,8358,金居開發,1.71,1200000,股
2026-01-12,6805,富世達股,1.7,230000,股
2026-01-12,3711,日月光投,0.39,250000,股
2026-01-12,2449,京元電子,0.38,250000,股
2026-01-12,1590,亞德客-KY,0.05,9000,股
2026-01-12,3324,雙鴻科技,0.05,9000,股
2026-01-12,1477,聚陽實業,0.02,9000,股
2026-01-12,3044,健鼎科技,0.02,9000,股
2026-01-12,3661,世芯-KY,0.02,1000,股
2026-01-12,6515,穎崴科技,0.02,1000,股
2026-01-12,8464,億豐綜合,0.02,9000,股
2026-01-12,2301,光寶科技,0.01,9000,股
2026-01-12,2317,鴻海精密,0.01,9000,股
2026-01-12,2382,廣達電腦,0.01,9000,股
2026-01-12,2454,聯發科技,0.01,1000,股
2026-01-12,2603,長榮海運,0.01,9000,股
2026-01-12,2645,長榮航太,0.01,9000,股
2026-01-12,2881,富邦金融,0.01,9000,股
2026-01-12,3037,欣興電子,0.01,9000,股
2026-01-12,3231,緯創資通,0.01,9000,股
2026-01-12,3443,創意電子,0.01,1000,股
2026-01-12,5347,世界先進,0.01,9000,股
2026-01-12,6510,中華精測,0.01,1000,股
2026-01-12,2882,國泰金融,0.0,9000,股
2026-01-12,2885,元大金融,0.0,9000,股
2026-01-12,2891,中國信託,0.0,9000,股
2026-01-12,3036,文曄科技,0.0,1000,股
2026-01-12,DA_NTD,AFTER DEDUCTING SECURITIES PURCHASES AMOUNT,-0.51,-91600632,元
2026-01-12,PFUR_NTD,PAYABLES FOR UNITS REDEEMED,-2.81,-506330474,元
2026-01-13,2330,台灣積體,19.21,2000000,股
2026-01-13,8299,群聯電子,7.66,770000,股
2026-01-13,2408,南亞科技,5.43,4200000,股
2026-01-13,7769,鴻勁精密,5.25,270000,股
2026-01-13,2308,台達電子,5.21,900000,股
2026-01-13,2383,台光電子,4.59,500000,股
2026-01-13,5274,信驊科技,4.5,100000,股
2026-01-13,3665,貿聯-KY,4.23,530000,股
2026-01-13,3017,奇鋐科技,3.93,520000,股
2026-01-13,1605,華新麗華,3.26,14000000,股
2026-01-13,2368,金像電子,3.05,830000,股
2026-01-13,6669,緯穎科技,2.85,130000,股
2026-01-13,2345,智邦科技,2.78,420000,股
2026-01-13,8210,勤誠興業,2.78,520000,股
2026-01-13,6274,台燿科技,2.69,1000000,股
2026-01-13,6223,旺矽科技,2.56,200000,股
2026-01-13,2404,漢唐集成,2.43,400000,股
2026-01-13,2059,川湖科技,2.41,130000,股
2026-01-13,1519,華城電機,2.33,510000,股
2026-01-13,6781,AES-KY,2.24,320000,股
2026-01-13,3653,健策精密,2.15,160000,股
2026-01-13,6442,光紅建聖,1.88,250000,股
2026-01-13,1303,南亞塑膠,1.75,5000000,股
2026-01-13,8358,金居開發,1.71,1200000,股
2026-01-13,DA_NTD,AFTER DEDUCTING SECURITIES PURCHASES AMOUNT,1.1,196149581,元
2026-01-13,3711,日月光投,0.41,250000,股
2026-01-13,2449,京元電子,0.38,250000,股
2026-01-13,1590,亞德客-KY,0.05,9000,股
2026-01-13,3324,雙鴻科技,0.05,9000,股
2026-01-13,1477,聚陽實業,0.02,9000,股
2026-01-13,3044,健鼎科技,0.02,9000,股
2026-01-13,3661,世芯-KY,0.02,1000,股
2026-01-13,6515,穎崴科技,0.02,1000,股
2026-01-13,8464,億豐綜合,0.02,9000,股
2026-01-13,2301,光寶科技,0.01,9000,股
2026-01-13,2317,鴻海精密,0.01,9000,股
2026-01-13,2382,廣達電腦,0.01,9000,股
2026-01-13,2454,聯發科技,0.01,1000,股
2026-01-13,2603,長榮海運,0.01,9000,股
2026-01-13,2645,長榮航太,0.01,9000,股
2026-01-13,2881,富邦金融,0.01,9000,股
2026-01-13,3037,欣興電子,0.01,9000,股
2026-01-13,3231,緯創資通,0.01,9000,股
2026-01-13,3443,創意電子,0.01,1000,股
2026-01-13,5347,世界先進,0.01,9000,股
2026-01-13,6510,中華精測,0.01,1000,股
2026-01-13,6805,富世達股,0.01,1000,股
2026-01-13,2882,國泰金融,0.0,9000,股
2026-01-13,2885,元大金融,0.0,9000,股
2026-01-13,2891,中國信託,0.0,9000,股
2026-01-13,3036,文曄科技,0.0,1000,股
2026-01-13,PFUR_NTD,PAYABLES FOR UNITS REDEEMED,-3.83,-682022408,元
2026-01-14,2330,台灣積體,19.04,2000000,股
2026-01-14,8299,群聯電子,7.61,770000,股
2026-01-14,2408,南亞科技,5.53,4200000,股
2026-01-14,2308,台達電子,5.31,900000,股
2026-01-14,7769,鴻勁精密,5.27,270000,股
2026-01-14,2383,台光電子,4.65,500000,股
2026-01-14,5274,信驊科技,4.5,100000,股
2026-01-14,3665,貿聯-KY,4.41,530000,股
2026-01-14,3017,奇鋐科技,4.11,520000,股
2026-01-14,DA_NTD,AFTER DEDUCTING SECURITIES PURCHASES AMOUNT,4.07,731769133,元
2026-01-14,1605,華新麗華,3.19,14000000,股
2026-01-14,2368,金像電子,3.13,830000,股
2026-01-14,6669,緯穎科技,2.87,130000,股
2026-01-14,2345,智邦科技,2.84,420000,股
2026-01-14,8210,勤誠興業,2.83,520000,股
2026-01-14,6274,台燿科技,2.7,1000000,股
2026-01-14,6223,旺矽科技,2.61,200000,股
2026-01-14,2404,漢唐集成,2.56,400000,股
2026-01-14,1519,華城電機,2.54,510000,股
2026-01-14,2059,川湖科技,2.42,130000,股
2026-01-14,3653,健策精密,2.18,160000,股
2026-01-14,6442,光紅建聖,1.89,250000,股
2026-01-14,1303,南亞塑膠,1.77,5000000,股
2026-01-14,8358,金居開發,1.74,1200000,股
2026-01-14,6781,AES-KY,1.68,250000,股
2026-01-14,3711,日月光投,0.41,250000,股
2026-01-14,2449,京元電子,0.38,250000,股
2026-01-14,1590,亞德客-KY,0.05,9000,股
2026-01-14,3324,雙鴻科技,0.05,9000,股
2026-01-14,1477,聚陽實業,0.02,9000,股
2026-01-14,3044,健鼎科技,0.02,9000,股
2026-01-14,3661,世芯-KY,0.02,1000,股
2026-01-14,6515,穎崴科技,0.02,1000,股
2026-01-14,8464,億豐綜合,0.02,9000,股
2026-01-14,2301,光寶科技,0.01,9000,股
2026-01-14,2317,鴻海精密,0.01,9000,股
2026-01-14,2382,廣達電腦,0.01,9000,股
2026-01-14,2454,聯發科技,0.01,1000,股
2026-01-14,2603,長榮海運,0.01,9000,股
2026-01-14,2645,長榮航太,0.01,9000,股
2026-01-14,2881,富邦金融,0.01,9000,股
2026-01-14,3037,欣興電子,0.01,9000,股
2026-01-14,3231,緯創資通,0.01,9000,股
2026-01-14,3443,創意電子,0.01,1000,股
2026-01-14,5347,世界先進,0.01,9000,股
2026-01-14,6510,中華精測,0.01,1000,股
2026-01-14,6805,富世達股,0.01,1000,股
2026-01-14,2882,國泰金融,0.0,9000,股
2026-01-14,2885,元大金融,0.0,9000,股
2026-01-14,2891,中國信託,0.0,9000,股
2026-01-14,3036,文曄科技,0.0,1000,股
2026-01-14,PFUR_NTD,PAYABLES FOR UNITS REDEEMED,-4.68,-839944790,元
2026-01-15,2330,台灣積體,18.86,2000000,股
2026-01-15,8299,群聯電子,7.71,770000,股
2026-01-15,2408,南亞科技,5.57,4200000,股
2026-01-15,2308,台達電子,5.25,900000,股
2026-01-15,7769,鴻勁精密,5.22,270000,股
2026-01-15,5274,信驊科技,4.89,100000,股
2026-01-15,2383,台光電子,4.38,500000,股
2026-01-15,3665,貿聯-KY,4.35,530000,股
2026-01-15,3017,奇鋐科技,4.0,520000,股
2026-01-15,1605,華新麗華,3.46,14000000,股
2026-01-15,2368,金像電子,3.09,830000,股
2026-01-15,2345,智邦科技,2.91,420000,股
2026-01-15,6669,緯穎科技,2.86,130000,股
2026-01-15,DA_NTD,AFTER DEDUCTING SECURITIES PURCHASES AMOUNT,2.76,494845341,元
2026-01-15,8210,勤誠興業,2.71,520000,股
2026-01-15,6274,台燿科技,2.68,1000000,股
2026-01-15,1519,華城電機,2.58,510000,股
2026-01-15,2404,漢唐集成,2.57,400000,股
2026-01-15,6223,旺矽科技,2.49,200000,股
2026-01-15,2059,川湖科技,2.47,130000,股
2026-01-15,3653,健策精密,2.13,160000,股
2026-01-15,6442,光紅建聖,2.1,285000,股
2026-01-15,1303,南亞塑膠,1.95,5000000,股
2026-01-15,8358,金居開發,1.8,1200000,股
2026-01-15,3711,日月光投,0.42,250000,股
2026-01-15,2449,京元電子,0.37,250000,股
2026-01-15,1590,亞德客-KY,0.05,9000,股
2026-01-15,3324,雙鴻科技,0.05,9000,股
2026-01-15,1477,聚陽實業,0.02,9000,股
2026-01-15,3044,健鼎科技,0.02,9000,股
2026-01-15,3661,世芯-KY,0.02,1000,股
2026-01-15,6515,穎崴科技,0.02,1000,股
2026-01-15,8464,億豐綜合,0.02,9000,股
2026-01-15,2301,光寶科技,0.01,9000,股
2026-01-15,2317,鴻海精密,0.01,9000,股
2026-01-15,2382,廣達電腦,0.01,9000,股
2026-01-15,2454,聯發科技,0.01,1000,股
2026-01-15,2603,長榮海運,0.01,9000,股
2026-01-15,2645,長榮航太,0.01,9000,股
2026-01-15,2881,富邦金融,0.01,9000,股
2026-01-15,3037,欣興電子,0.01,9000,股
2026-01-15,3231,緯創資通,0.01,9000,股
2026-01-15,3443,創意電子,0.01,1000,股
2026-01-15,5347,世界先進,0.01,9000,股
2026-01-15,6510,中華精測,0.01,1000,股
2026-01-15,6781,AES-KY,0.01,1000,股
2026-01-15,6805,富世達股,0.01,1000,股
2026-01-15,2882,國泰金融,0.0,9000,股
2026-01-15,2885,元大金融,0.0,9000,股
2026-01-15,2891,中國信託,0.0,9000,股
2026-01-15,3036,文曄科技,0.0,1000,股
2026-01-15,PFUR_NTD,PAYABLES FOR UNITS REDEEMED,-1.95,-349277694,元
2026-01-16,2330,台灣積體,20.29,2100000,股
2026-01-16,8299,群聯電子,8.08,770000,股
2026-01-16,2408,南亞科技,5.83,4200000,股
2026-01-16,2308,台達電子,5.62,900000,股
2026-01-16,7769,鴻勁精密,5.29,270000,股
2026-01-16,5274,信驊科技,4.83,100000,股
2026-01-16,2383,台光電子,4.51,500000,股
2026-01-16,3665,貿聯-KY,4.12,530000,股
2026-01-16,1605,華新麗華,3.34,14000000,股
2026-01-16,2368,金像電子,3.12,830000,股
2026-01-16,3017,奇鋐科技,3.02,400000,股
2026-01-16,2345,智邦科技,2.87,420000,股
2026-01-16,6223,旺矽科技,2.81,220000,股
2026-01-16,6669,緯穎科技,2.76,130000,股
2026-01-16,1519,華城電機,2.73,510000,股
2026-01-16,6274,台燿科技,2.73,1000000,股
2026-01-16,8210,勤誠興業,2.68,520000,股
2026-01-16,2404,漢唐集成,2.57,420000,股
2026-01-16,2059,川湖科技,2.46,130000,股
2026-01-16,3653,健策精密,2.14,160000,股
2026-01-16,1303,南亞塑膠,2.05,5000000,股
2026-01-16,6442,光紅建聖,1.99,285000,股
2026-01-16,8358,金居開發,1.81,1200000,股
2026-01-16,DA_NTD,AFTER DEDUCTING SECURITIES PURCHASES AMOUNT,0.89,160959526,元
2026-01-16,3711,日月光投,0.42,250000,股
2026-01-16,2449,京元電子,0.38,250000,股
2026-01-16,1590,亞德客-KY,0.05,9000,股
2026-01-16,3324,雙鴻科技,0.05,9000,股
2026-01-16,1477,聚陽實業,0.02,9000,股
2026-01-16,3044,健鼎科技,0.02,9000,股
2026-01-16,3661,世芯-KY,0.02,1000,股
2026-01-16,6515,穎崴科技,0.02,1000,股
2026-01-16,8464,億豐綜合,0.02,9000,股
2026-01-16,2301,光寶科技,0.01,9000,股
2026-01-16,2317,鴻海精密,0.01,9000,股
2026-01-16,2382,廣達電腦,0.01,9000,股
2026-01-16,2454,聯發科技,0.01,1000,股
2026-01-16,2603,長榮海運,0.01,9000,股
2026-01-16,2645,長榮航太,0.01,9000,股
2026-01-16,2881,富邦金融,0.01,9000,股
2026-01-16,3037,欣興電子,0.01,9000,股
2026-01-16,3231,緯創資通,0.01,9000,股
2026-01-16,3443,創意電子,0.01,1000,股
2026-01-16,5347,世界先進,0.01,9000,股
2026-01-16,6510,中華精測,0.01,1000,股
2026-01-16,6781,AES-KY,0.01,1000,股
2026-01-16,6805,富世達股,0.01,1000,股
2026-01-16,2882,國泰金融,0.0,9000,股
2026-01-16,2885,元大金融,0.0,9000,股
2026-01-16,2891,中國信託,0.0,9000,股
2026-01-16,3036,文曄科技,0.0,1000,股
2026-01-16,PFUR_NTD,PAYABLES FOR UNITS REDEEMED,-2.16,-388266174,元
2026-01-19,2330,台灣積體,20.35,2100000,股
2026-01-19,8299,群聯電子,8.4,770000,股
2026-01-19,2408,南亞科技,6.36,4200000,股
2026-01-19,2308,台達電子,5.55,900000,股
2026-01-19,7769,鴻勁精密,5.2,270000,股
2026-01-19,5274,信驊科技,4.83,100000,股
2026-01-19,2383,台光電子,4.35,500000,股
2026-01-19,3665,貿聯-KY,3.84,530000,股
2026-01-19,1605,華新麗華,3.24,14000000,股
2026-01-19,2368,金像電子,2.85,830000,股
2026-01-19,6223,旺矽科技,2.8,220000,股
2026-01-19,1519,華城電機,2.7,510000,股
2026-01-19,2345,智邦科技,2.69,420000,股
2026-01-19,2404,漢唐集成,2.65,440000,股
2026-01-19,6274,台燿科技,2.59,1000000,股
2026-01-19,8210,勤誠興業,2.59,520000,股
2026-01-19,6669,緯穎科技,2.46,120000,股
2026-01-19,3017,奇鋐科技,2.4,340000,股
2026-01-19,2059,川湖科技,2.37,130000,股
2026-01-19,DA_NTD,AFTER DEDUCTING SECURITIES PURCHASES AMOUNT,2.35,427468781,元
2026-01-19,1303,南亞塑膠,2.19,5000000,股
2026-01-19,6442,光紅建聖,1.94,285000,股
2026-01-19,3653,健策精密,1.87,140000,股
2026-01-19,8358,金居開發,1.83,1200000,股
2026-01-19,3711,日月光投,0.41,250000,股
2026-01-19,2449,京元電子,0.37,250000,股
2026-01-19,1590,亞德客-KY,0.05,9000,股
2026-01-19,1477,聚陽實業,0.02,9000,股
2026-01-19,3037,欣興電子,0.02,9000,股
2026-01-19,3044,健鼎科技,0.02,9000,股
2026-01-19,3443,創意電子,0.02,1000,股
2026-01-19,3661,世芯-KY,0.02,1000,股
2026-01-19,6515,穎崴科技,0.02,1000,股
2026-01-19,8464,億豐綜合,0.02,9000,股
2026-01-19,2301,光寶科技,0.01,9000,股
2026-01-19,2317,鴻海精密,0.01,9000,股
2026-01-19,2382,廣達電腦,0.01,9000,股
2026-01-19,2454,聯發科技,0.01,1000,股
2026-01-19,2603,長榮海運,0.01,9000,股
2026-01-19,2645,長榮航太,0.01,9000,股
2026-01-19,2881,富邦金融,0.01,9000,股
2026-01-19,3231,緯創資通,0.01,9000,股
2026-01-19,3324,雙鴻科技,0.01,1000,股
2026-01-19,5347,世界先進,0.01,9000,股
2026-01-19,6510,中華精測,0.01,1000,股
2026-01-19,6781,AES-KY,0.01,1000,股
2026-01-19,6805,富世達股,0.01,1000,股
2026-01-19,2882,國泰金融,0.0,9000,股
2026-01-19,2885,元大金融,0.0,9000,股
2026-01-19,2891,中國信託,0.0,9000,股
2026-01-19,3036,文曄科技,0.0,1000,股
2026-01-19,PB_NTD,PAYABLES,-0.09,-15801940,元
2026-01-19,PFUR_NTD,PAYABLES FOR UNITS REDEEMED,-1.18,-214680414,元
2026-01-20,2330,台灣積體,20.21,2100000,股
2026-01-20,8299,群聯電子,8.37,770000,股
2026-01-20,2408,南亞科技,6.19,4200000,股
2026-01-20,2308,台達電子,5.51,900000,股
2026-01-20,7769,鴻勁精密,5.12,270000,股
2026-01-20,5274,信驊科技,4.68,100000,股
2026-01-20,2383,台光電子,4.38,500000,股
2026-01-20,3665,貿聯-KY,3.85,530000,股
2026-01-20,DA_NTD,AFTER DEDUCTING SECURITIES PURCHASES AMOUNT,3.77,696179387,元
2026-01-20,1605,華新麗華,3.22,14000000,股
2026-01-20,6223,旺矽科技,2.92,220000,股
2026-01-20,2368,金像電子,2.83,830000,股
2026-01-20,1519,華城電機,2.78,510000,股
2026-01-20,2345,智邦科技,2.7,420000,股
2026-01-20,2404,漢唐集成,2.58,440000,股
2026-01-20,6274,台燿科技,2.58,1000000,股
2026-01-20,2059,川湖科技,2.57,130000,股
2026-01-20,8210,勤誠興業,2.54,520000,股
2026-01-20,3017,奇鋐科技,2.39,340000,股
2026-01-20,6669,緯穎科技,2.39,120000,股
2026-01-20,1303,南亞塑膠,2.07,5000000,股
2026-01-20,6442,光紅建聖,1.96,285000,股
2026-01-20,3653,健策精密,1.87,140000,股
2026-01-20,8358,金居開發,1.84,1200000,股
2026-01-20,3711,日月光投,0.4,250000,股
2026-01-20,2449,京元電子,0.37,250000,股
2026-01-20,1590,亞德客-KY,0.05,9000,股
2026-01-20,1477,聚陽實業,0.02,9000,股
2026-01-20,3037,欣興電子,0.02,9000,股
2026-01-20,3044,健鼎科技,0.02,9000,股
2026-01-20,3443,創意電子,0.02,1000,股
2026-01-20,3661,世芯-KY,0.02,1000,股
2026-01-20,6510,中華精測,0.02,1000,股
2026-01-20,6515,穎崴科技,0.02,1000,股
2026-01-20,8464,億豐綜合,0.02,9000,股
2026-01-20,2301,光寶科技,0.01,9000,股
2026-01-20,2317,鴻海精密,0.01,9000,股
2026-01-20,2382,廣達電腦,0.01,9000,股
2026-01-20,2454,聯發科技,0.01,1000,股
2026-01-20,2603,長榮海運,0.01,9000,股
2026-01-20,2645,長榮航太,0.01,9000,股
2026-01-20,2881,富邦金融,0.01,9000,股
2026-01-20,3231,緯創資通,0.01,9000,股
2026-01-20,3324,雙鴻科技,0.01,1000,股
2026-01-20,5347,世界先進,0.01,9000,股
2026-01-20,6781,AES-KY,0.01,1000,股
2026-01-20,6805,富世達股,0.01,1000,股
2026-01-20,2882,國泰金融,0.0,9000,股
2026-01-20,2885,元大金融,0.0,9000,股
2026-01-20,2891,中國信託,0.0,9000,股
2026-01-20,3036,文曄科技,0.0,1000,股
2026-01-20,PB_NTD,PAYABLES,-0.05,-10012460,元
2026-01-20,PFUR_NTD,PAYABLES FOR UNITS REDEEMED,-1.16,-214680414,元
2026-01-21,2330,台灣積體,20.19,2100000,股
2026-01-21,8299,群聯電子,8.79,835000,股
2026-01-21,2308,台達電子,5.83,930000,股
2026-01-21,2408,南亞科技,5.83,4200000,股
2026-01-21,7769,鴻勁精密,5.33,270000,股
2026-01-21,5274,信驊科技,4.6,100000,股
2026-01-21,2383,台光電子,4.31,500000,股
2026-01-21,3665,貿聯-KY,3.95,550000,股
2026-01-21,DA_NTD,AFTER DEDUCTING SECURITIES PURCHASES AMOUNT,3.27,592542802,元
2026-01-21,1605,華新麗華,3.07,14000000,股
2026-01-21,6223,旺矽科技,2.99,220000,股
2026-01-21,1519,華城電機,2.89,510000,股
2026-01-21,2345,智邦科技,2.67,420000,股
2026-01-21,8210,勤誠興業,2.61,520000,股
2026-01-21,6274,台燿科技,2.56,1000000,股
2026-01-21,2059,川湖科技,2.53,130000,股
2026-01-21,2368,金像電子,2.47,750000,股
2026-01-21,2404,漢唐集成,2.46,440000,股
2026-01-21,3017,奇鋐科技,2.41,340000,股
2026-01-21,6669,緯穎科技,2.39,120000,股
2026-01-21,1303,南亞塑膠,2.04,5000000,股
2026-01-21,6442,光紅建聖,1.97,285000,股
2026-01-21,8358,金居開發,1.87,1200000,股
2026-01-21,3653,健策精密,1.8,140000,股
2026-01-21,3711,日月光投,0.4,250000,股
2026-01-21,2449,京元電子,0.37,250000,股
2026-01-21,1590,亞德客-KY,0.05,9000,股
2026-01-21,1477,聚陽實業,0.02,9000,股
2026-01-21,3037,欣興電子,0.02,9000,股
2026-01-21,3044,健鼎科技,0.02,9000,股
2026-01-21,3443,創意電子,0.02,1000,股
2026-01-21,3661,世芯-KY,0.02,1000,股
2026-01-21,6510,中華精測,0.02,1000,股
2026-01-21,6515,穎崴科技,0.02,1000,股
2026-01-21,8464,億豐綜合,0.02,9000,股
2026-01-21,2301,光寶科技,0.01,9000,股
2026-01-21,2317,鴻海精密,0.01,9000,股
2026-01-21,2382,廣達電腦,0.01,9000,股
2026-01-21,2454,聯發科技,0.01,1000,股
2026-01-21,2603,長榮海運,0.01,9000,股
2026-01-21,2645,長榮航太,0.01,9000,股
2026-01-21,2881,富邦金融,0.01,9000,股
2026-01-21,3231,緯創資通,0.01,9000,股
2026-01-21,3324,雙鴻科技,0.01,1000,股
2026-01-21,5347,世界先進,0.01,9000,股
2026-01-21,6781,AES-KY,0.01,1000,股
2026-01-21,6805,富世達股,0.01,1000,股
2026-01-21,2882,國泰金融,0.0,9000,股
2026-01-21,2885,元大金融,0.0,9000,股
2026-01-21,2891,中國信託,0.0,9000,股
2026-01-21,3036,文曄科技,0.0,1000,股
2026-01-21,PFUR_NTD,PAYABLES FOR UNITS REDEEMED,0.0,0,元
2026-01-21,PB_NTD,PAYABLES,-0.09,-16948224,元
2026-01-22,2330,台灣積體,19.65,2100000,股
2026-01-22,8299,群聯電子,9.23,845000,股
2026-01-22,2308,台達電子,6.16,930000,股
2026-01-22,2408,南亞科技,5.95,4200000,股
2026-01-22,7769,鴻勁精密,5.31,270000,股
2026-01-22,5274,信驊科技,4.63,100000,股
2026-01-22,2383,台光電子,4.41,500000,股
2026-01-22,3665,貿聯-KY,4.15,550000,股
2026-01-22,1519,華城電機,2.93,510000,股
2026-01-22,1605,華新麗華,2.91,14000000,股
2026-01-22,6223,旺矽科技,2.83,220000,股
2026-01-22,DA_NTD,AFTER DEDUCTING SECURITIES PURCHASES AMOUNT,2.62,492849314,元
2026-01-22,8210,勤誠興業,2.6,520000,股
2026-01-22,6274,台燿科技,2.58,1000000,股
2026-01-22,2345,智邦科技,2.57,420000,股
2026-01-22,2368,金像電子,2.5,750000,股
2026-01-22,3017,奇鋐科技,2.45,340000,股
2026-01-22,2059,川湖科技,2.41,130000,股
2026-01-22,1303,南亞塑膠,2.4,5800000,股
2026-01-22,6669,緯穎科技,2.4,120000,股
2026-01-22,2404,漢唐集成,2.32,440000,股
2026-01-22,6442,光紅建聖,1.96,285000,股
2026-01-22,3653,健策精密,1.91,140000,股
2026-01-22,8358,金居開發,1.88,1200000,股
2026-01-22,3711,日月光投,0.4,250000,股
2026-01-22,2449,京元電子,0.37,250000,股
2026-01-22,1590,亞德客-KY,0.05,9000,股
2026-01-22,1477,聚陽實業,0.02,9000,股
2026-01-22,3037,欣興電子,0.02,9000,股
2026-01-22,3044,健鼎科技,0.02,9000,股
2026-01-22,3661,世芯-KY,0.02,1000,股
2026-01-22,6510,中華精測,0.02,1000,股
2026-01-22,6515,穎崴科技,0.02,1000,股
2026-01-22,8464,億豐綜合,0.02,9000,股
2026-01-22,2301,光寶科技,0.01,9000,股
2026-01-22,2317,鴻海精密,0.01,9000,股
2026-01-22,2382,廣達電腦,0.01,9000,股
2026-01-22,2454,聯發科技,0.01,1000,股
2026-01-22,2603,長榮海運,0.01,9000,股
2026-01-22,2645,長榮航太,0.01,9000,股
2026-01-22,3231,緯創資通,0.01,9000,股
2026-01-22,3324,雙鴻科技,0.01,1000,股
2026-01-22,3443,創意電子,0.01,1000,股
2026-01-22,5347,世界先進,0.01,9000,股
2026-01-22,6781,AES-KY,0.01,1000,股
2026-01-22,6805,富世達股,0.01,1000,股
2026-01-22,2881,富邦金融,0.0,9000,股
2026-01-22,2882,國泰金融,0.0,9000,股
2026-01-22,2885,元大金融,0.0,9000,股
2026-01-22,2891,中國信託,0.0,9000,股
2026-01-22,3036,文曄科技,0.0,1000,股
2026-01-22,PB_NTD,PAYABLES,0.0,0,元
2026-01-23,2330,台灣積體,19.54,2100000,股
2026-01-23,8299,群聯電子,8.89,845000,股
2026-01-23,2408,南亞科技,6.85,4800000,股
2026-01-23,2308,台達電子,6.16,930000,股
2026-01-23,7769,鴻勁精密,5.3,270000,股
2026-01-23,2383,台光電子,4.73,500000,股
2026-01-23,5274,信驊科技,4.66,100000,股
2026-01-23,3665,貿聯-KY,4.02,550000,股
2026-01-23,6223,旺矽科技,2.94,220000,股
2026-01-23,1605,華新麗華,2.86,14000000,股
2026-01-23,1519,華城電機,2.76,510000,股
2026-01-23,6274,台燿科技,2.65,1000000,股
2026-01-23,8210,勤誠興業,2.65,520000,股
2026-01-23,2345,智邦科技,2.6,420000,股
2026-01-23,2368,金像電子,2.55,750000,股
2026-01-23,3017,奇鋐科技,2.46,340000,股
2026-01-23,2059,川湖科技,2.44,130000,股
2026-01-23,1303,南亞塑膠,2.35,5800000,股
2026-01-23,6669,緯穎科技,2.33,120000,股
2026-01-23,2404,漢唐集成,2.28,440000,股
2026-01-23,6442,光紅建聖,2.28,320000,股
2026-01-23,8358,金居開發,2.17,1500000,股
2026-01-23,3653,健策精密,2.06,140000,股
2026-01-23,DA_NTD,AFTER DEDUCTING SECURITIES PURCHASES AMOUNT,1.48,282395295,元
2026-01-23,3711,日月光投,0.4,250000,股
2026-01-23,2449,京元電子,0.38,250000,股
2026-01-23,1590,亞德客-KY,0.05,9000,股
2026-01-23,1477,聚陽實業,0.02,9000,股
2026-01-23,3037,欣興電子,0.02,9000,股
2026-01-23,3044,健鼎科技,0.02,9000,股
2026-01-23,3661,世芯-KY,0.02,1000,股
2026-01-23,6510,中華精測,0.02,1000,股
2026-01-23,6515,穎崴科技,0.02,1000,股
2026-01-23,8464,億豐綜合,0.02,9000,股
2026-01-23,2301,光寶科技,0.01,9000,股
2026-01-23,2317,鴻海精密,0.01,9000,股
2026-01-23,2382,廣達電腦,0.01,9000,股
2026-01-23,2454,聯發科技,0.01,1000,股
2026-01-23,2603,長榮海運,0.01,9000,股
2026-01-23,2645,長榮航太,0.01,9000,股
2026-01-23,3231,緯創資通,0.01,9000,股
2026-01-23,3324,雙鴻科技,0.01,1000,股
2026-01-23,3443,創意電子,0.01,1000,股
2026-01-23,5347,世界先進,0.01,9000,股
2026-01-23,6781,AES-KY,0.01,1000,股
2026-01-23,6805,富世達股,0.01,1000,股
2026-01-23,2881,富邦金融,0.0,9000,股
2026-01-23,2882,國泰金融,0.0,9000,股
2026-01-23,2885,元大金融,0.0,9000,股
2026-01-23,2891,中國信託,0.0,9000,股
2026-01-23,3036,文曄科技,0.0,1000,股
2026-01-23,PB_NTD,PAYABLES,-0.02,-3117504,元
2026-01-26,2330,台灣積體,18.99,2100000,股
2026-01-26,8299,群聯電子,9.04,845000,股
2026-01-26,2408,南亞科技,7.08,4800000,股
2026-01-26,2308,台達電子,6.02,950000,股
2026-01-26,7769,鴻勁精密,5.28,270000,股
2026-01-26,5274,信驊科技,4.58,100000,股
2026-01-26,2383,台光電子,4.48,500000,股
2026-01-26,3665,貿聯-KY,4.05,550000,股
2026-01-26,6223,旺矽科技,2.93,220000,股
2026-01-26,1605,華新麗華,2.9,14000000,股
2026-01-26,DA_NTD,AFTER DEDUCTING SECURITIES PURCHASES AMOUNT,2.87,556595886,元
2026-01-26,1519,華城電機,2.68,510000,股
2026-01-26,6274,台燿科技,2.64,1000000,股
2026-01-26,8210,勤誠興業,2.6,520000,股
2026-01-26,2368,金像電子,2.57,750000,股
2026-01-26,2345,智邦科技,2.49,420000,股
2026-01-26,1303,南亞塑膠,2.44,5800000,股
2026-01-26,3017,奇鋐科技,2.4,340000,股
2026-01-26,6669,緯穎科技,2.38,120000,股
2026-01-26,2059,川湖科技,2.35,130000,股
2026-01-26,2404,漢唐集成,2.16,440000,股
2026-01-26,6442,光紅建聖,2.14,320000,股
2026-01-26,8358,金居開發,2.09,1500000,股
2026-01-26,3653,健策精密,1.98,140000,股
2026-01-26,3711,日月光投,0.4,250000,股
2026-01-26,2449,京元電子,0.38,250000,股
2026-01-26,1590,亞德客-KY,0.05,9000,股
2026-01-26,1477,聚陽實業,0.02,9000,股
2026-01-26,3037,欣興電子,0.02,9000,股
2026-01-26,3044,健鼎科技,0.02,9000,股
2026-01-26,3661,世芯-KY,0.02,1000,股
2026-01-26,6510,中華精測,0.02,1000,股
2026-01-26,6515,穎崴科技,0.02,1000,股
2026-01-26,8464,億豐綜合,0.02,9000,股
2026-01-26,2301,光寶科技,0.01,9000,股
2026-01-26,2317,鴻海精密,0.01,9000,股
2026-01-26,2382,廣達電腦,0.01,9000,股
2026-01-26,2454,聯發科技,0.01,1000,股
2026-01-26,2603,長榮海運,0.01,9000,股
2026-01-26,2645,長榮航太,0.01,9000,股
2026-01-26,3231,緯創資通,0.01,9000,股
2026-01-26,3324,雙鴻科技,0.01,1000,股
2026-01-26,3443,創意電子,0.01,1000,股
2026-01-26,5347,世界先進,0.01,9000,股
2026-01-26,6781,AES-KY,0.01,1000,股
2026-01-26,6805,富世達股,0.01,1000,股
2026-01-26,2881,富邦金融,0.0,9000,股
2026-01-26,2882,國泰金融,0.0,9000,股
2026-01-26,2885,元大金融,0.0,9000,股
2026-01-26,2891,中國信託,0.0,9000,股
2026-01-26,3036,文曄科技,0.0,1000,股
2026-01-26,PB_NTD,PAYABLES,-0.14,-26238000,元
2026-01-27,2330,台灣積體,19.81,2200000,股
2026-01-27,8299,群聯電子,9.06,845000,股
2026-01-27,2408,南亞科技,7.15,5100000,股
2026-01-27,2308,台達電子,6.01,950000,股
2026-01-27,7769,鴻勁精密,5.16,270000,股
2026-01-27,2383,台光電子,4.6,500000,股
2026-01-27,5274,信驊科技,4.43,100000,股
2026-01-27,3665,貿聯-KY,3.95,550000,股
2026-01-27,6223,旺矽科技,3.04,220000,股
2026-01-27,1605,華新麗華,2.88,14000000,股
2026-01-27,6274,台燿科技,2.68,1000000,股
2026-01-27,1519,華城電機,2.62,510000,股
2026-01-27,2368,金像電子,2.6,750000,股
2026-01-27,8210,勤誠興業,2.54,520000,股
2026-01-27,2345,智邦科技,2.45,420000,股
2026-01-27,3017,奇鋐科技,2.44,340000,股
2026-01-27,8358,金居開發,2.36,1650000,股
2026-01-27,1303,南亞塑膠,2.34,5800000,股
2026-01-27,6442,光紅建聖,2.32,320000,股
2026-01-27,2059,川湖科技,2.3,130000,股
2026-01-27,2404,漢唐集成,2.09,440000,股
2026-01-27,DA_NTD,AFTER DEDUCTING SECURITIES PURCHASES AMOUNT,2.05,405636766,元
2026-01-27,3653,健策精密,1.98,140000,股
2026-01-27,3711,日月光投,0.39,250000,股
2026-01-27,2449,京元電子,0.38,250000,股
2026-01-27,1590,亞德客-KY,0.05,9000,股
2026-01-27,1477,聚陽實業,0.02,9000,股
2026-01-27,3037,欣興電子,0.02,9000,股
2026-01-27,3044,健鼎科技,0.02,9000,股
2026-01-27,3661,世芯-KY,0.02,1000,股
2026-01-27,6510,中華精測,0.02,1000,股
2026-01-27,6515,穎崴科技,0.02,1000,股
2026-01-27,6669,緯穎科技,0.02,1000,股
2026-01-27,8464,億豐綜合,0.02,9000,股
2026-01-27,2301,光寶科技,0.01,9000,股
2026-01-27,2317,鴻海精密,0.01,9000,股
2026-01-27,2382,廣達電腦,0.01,9000,股
2026-01-27,2454,聯發科技,0.01,1000,股
2026-01-27,2603,長榮海運,0.01,9000,股
2026-01-27,2645,長榮航太,0.01,9000,股
2026-01-27,3231,緯創資通,0.01,9000,股
2026-01-27,3324,雙鴻科技,0.01,1000,股
2026-01-27,3443,創意電子,0.01,1000,股
2026-01-27,5347,世界先進,0.01,9000,股
2026-01-27,6781,AES-KY,0.01,1000,股
2026-01-27,6805,富世達股,0.01,1000,股
2026-01-27,2881,富邦金融,0.0,9000,股
2026-01-27,2882,國泰金融,0.0,9000,股
2026-01-27,2885,元大金融,0.0,9000,股
2026-01-27,2891,中國信託,0.0,9000,股
2026-01-27,3036,文曄科技,0.0,1000,股
2026-01-27,PB_NTD,PAYABLES,-0.07,-14483504,元
2026-01-28,2330,台灣積體,19.4,2200000,股
2026-01-28,8299,群聯電子,9.36,845000,股
2026-01-28,2408,南亞科技,7.63,5300000,股
2026-01-28,2308,台達電子,5.89,950000,股
2026-01-28,7769,鴻勁精密,4.96,270000,股
2026-01-28,2383,台光電子,4.79,520000,股
2026-01-28,5274,信驊科技,4.28,100000,股
2026-01-28,3665,貿聯-KY,4.05,580000,股
2026-01-28,6274,台燿科技,2.93,1120000,股
2026-01-28,1605,華新麗華,2.92,14000000,股
2026-01-28,6223,旺矽科技,2.83,220000,股
2026-01-28,2368,金像電子,2.62,750000,股
2026-01-28,1519,華城電機,2.57,510000,股
2026-01-28,6442,光紅建聖,2.43,320000,股
2026-01-28,3017,奇鋐科技,2.41,340000,股
2026-01-28,8210,勤誠興業,2.39,520000,股
2026-01-28,2345,智邦科技,2.38,420000,股
2026-01-28,1303,南亞塑膠,2.26,5800000,股
2026-01-28,2449,京元電子,2.26,1500000,股
2026-01-28,8358,金居開發,2.2,1650000,股
2026-01-28,3653,健策精密,2.18,160000,股
2026-01-28,2404,漢唐集成,2.17,470000,股
2026-01-28,2059,川湖科技,2.13,130000,股
2026-01-28,3711,日月光投,0.38,250000,股
2026-01-28,DA_NTD,AFTER DEDUCTING SECURITIES PURCHASES AMOUNT,0.37,76679289,元
2026-01-28,3037,欣興電子,0.02,9000,股
2026-01-28,3044,健鼎科技,0.02,9000,股
2026-01-28,3661,世芯-KY,0.02,1000,股
2026-01-28,6510,中華精測,0.02,1000,股
2026-01-28,6515,穎崴科技,0.02,1000,股
2026-01-28,6669,緯穎科技,0.02,1000,股
2026-01-28,8464,億豐綜合,0.02,9000,股
2026-01-28,1477,聚陽實業,0.01,9000,股
2026-01-28,1590,亞德客-KY,0.01,1000,股
2026-01-28,2301,光寶科技,0.01,9000,股
2026-01-28,2317,鴻海精密,0.01,9000,股
2026-01-28,2382,廣達電腦,0.01,9000,股
2026-01-28,2454,聯發科技,0.01,1000,股
2026-01-28,2603,長榮海運,0.01,9000,股
2026-01-28,2645,長榮航太,0.01,9000,股
2026-01-28,3231,緯創資通,0.01,9000,股
2026-01-28,3324,雙鴻科技,0.01,1000,股
2026-01-28,3443,創意電子,0.01,1000,股
2026-01-28,5347,世界先進,0.01,9000,股
2026-01-28,6781,AES-KY,0.01,1000,股
2026-01-28,6805,富世達股,0.01,1000,股
2026-01-28,2881,富邦金融,0.0,9000,股
2026-01-28,2882,國泰金融,0.0,9000,股
2026-01-28,2885,元大金融,0.0,9000,股
2026-01-28,2891,中國信託,0.0,9000,股
2026-01-28,3036,文曄科技,0.0,1000,股
2026-01-28,PB_NTD,PAYABLES,-0.12,-24568938,元
2026-01-29,2330,台灣積體,18.46,2200000,股
2026-01-29,8299,群聯電子,9.11,850000,股
2026-01-29,2408,南亞科技,8.28,6000000,股
2026-01-29,2308,台達電子,5.54,950000,股
2026-01-29,7769,鴻勁精密,4.71,270000,股
2026-01-29,2383,台光電子,4.33,520000,股
2026-01-29,5274,信驊科技,4.33,100000,股
2026-01-29,3665,貿聯-KY,3.68,580000,股
2026-01-29,1605,華新麗華,3.38,16500000,股
2026-01-29,6274,台燿科技,3.08,1300000,股
2026-01-29,DA_NTD,AFTER DEDUCTING SECURITIES PURCHASES AMOUNT,2.88,619645395,元
2026-01-29,6223,旺矽科技,2.65,220000,股
2026-01-29,1519,華城電機,2.6,550000,股
2026-01-29,2368,金像電子,2.57,800000,股
2026-01-29,6442,光紅建聖,2.57,320000,股
2026-01-29,3017,奇鋐科技,2.36,340000,股
2026-01-29,3653,健策精密,2.36,175000,股
2026-01-29,2345,智邦科技,2.28,420000,股
2026-01-29,8210,勤誠興業,2.25,520000,股
2026-01-29,8358,金居開發,2.21,1800000,股
2026-01-29,3037,欣興電子,2.16,1350000,股
2026-01-29,2449,京元電子,2.13,1500000,股
2026-01-29,1303,南亞塑膠,2.08,5800000,股
2026-01-29,2404,漢唐集成,2.08,470000,股
2026-01-29,3711,日月光投,0.36,250000,股
2026-01-29,2059,川湖科技,0.02,1000,股
2026-01-29,3044,健鼎科技,0.02,9000,股
2026-01-29,3661,世芯-KY,0.02,1000,股
2026-01-29,6510,中華精測,0.02,1000,股
2026-01-29,6515,穎崴科技,0.02,1000,股
2026-01-29,6669,緯穎科技,0.02,1000,股
2026-01-29,1477,聚陽實業,0.01,9000,股
2026-01-29,1590,亞德客-KY,0.01,1000,股
2026-01-29,2301,光寶科技,0.01,9000,股
2026-01-29,2317,鴻海精密,0.01,9000,股
2026-01-29,2382,廣達電腦,0.01,9000,股
2026-01-29,2454,聯發科技,0.01,1000,股
2026-01-29,2603,長榮海運,0.01,9000,股
2026-01-29,2645,長榮航太,0.01,9000,股
2026-01-29,3231,緯創資通,0.01,9000,股
2026-01-29,3443,創意電子,0.01,1000,股
2026-01-29,5347,世界先進,0.01,9000,股
2026-01-29,6781,AES-KY,0.01,1000,股
2026-01-29,6805,富世達股,0.01,1000,股
2026-01-29,2881,富邦金融,0.0,9000,股
2026-01-29,2882,國泰金融,0.0,9000,股
2026-01-29,2885,元大金融,0.0,9000,股
2026-01-29,2891,中國信託,0.0,9000,股
2026-01-29,3036,文曄科技,0.0,1000,股
2026-01-29,3324,雙鴻科技,0.0,1000,股
2026-01-29,8464,億豐綜合,0.0,1000,股
2026-01-29,PB_NTD,PAYABLES,-0.54,-117060630,元
2026-01-30,2330,台灣積體,19.14,2330000,股
2026-01-30,2408,南亞科技,9.67,6400000,股
2026-01-30,8299,群聯電子,9.36,850000,股
2026-01-30,2308,台達電子,5.65,1000000,股
2026-01-30,7769,鴻勁精密,4.69,270000,股
2026-01-30,2383,台光電子,4.6,570000,股
2026-01-30,5274,信驊科技,4.11,100000,股
2026-01-30,3665,貿聯-KY,3.49,580000,股
2026-01-30,6274,台燿科技,3.49,1500000,股
2026-01-30,1605,華新麗華,3.32,16500000,股
2026-01-30,3037,欣興電子,2.72,1550000,股
2026-01-30,6442,光紅建聖,2.64,320000,股
2026-01-30,2368,金像電子,2.6,800000,股
2026-01-30,6223,旺矽科技,2.56,220000,股
2026-01-30,1519,華城電機,2.47,550000,股
2026-01-30,2449,京元電子,2.33,1700000,股
2026-01-30,3017,奇鋐科技,2.3,340000,股
2026-01-30,3653,健策精密,2.3,175000,股
2026-01-30,8210,勤誠興業,2.18,520000,股
2026-01-30,8358,金居開發,2.18,1800000,股
2026-01-30,2345,智邦科技,2.17,420000,股
2026-01-30,1303,南亞塑膠,2.04,5800000,股
2026-01-30,2404,漢唐集成,1.98,470000,股
2026-01-30,2059,川湖科技,0.02,1000,股
2026-01-30,3044,健鼎科技,0.02,9000,股
2026-01-30,6510,中華精測,0.02,1000,股
2026-01-30,6515,穎崴科技,0.02,1000,股
2026-01-30,6669,緯穎科技,0.02,1000,股
2026-01-30,1477,聚陽實業,0.01,9000,股
2026-01-30,1590,亞德客-KY,0.01,1000,股
2026-01-30,2301,光寶科技,0.01,9000,股
2026-01-30,2317,鴻海精密,0.01,9000,股
2026-01-30,2382,廣達電腦,0.01,9000,股
2026-01-30,2454,聯發科技,0.01,1000,股
2026-01-30,2603,長榮海運,0.01,9000,股
2026-01-30,2645,長榮航太,0.01,9000,股
2026-01-30,3231,緯創資通,0.01,9000,股
2026-01-30,3443,創意電子,0.01,1000,股
2026-01-30,3661,世芯-KY,0.01,1000,股
2026-01-30,3711,日月光投,0.01,9000,股
2026-01-30,5347,世界先進,0.01,9000,股
2026-01-30,6781,AES-KY,0.01,1000,股
2026-01-30,6805,富世達股,0.01,1000,股
2026-01-30,2881,富邦金融,0.0,9000,股
2026-01-30,2882,國泰金融,0.0,9000,股
2026-01-30,2885,元大金融,0.0,9000,股
2026-01-30,2891,中國信託,0.0,9000,股
2026-01-30,3036,文曄科技,0.0,1000,股
2026-01-30,3324,雙鴻科技,0.0,1000,股
2026-01-30,8464,億豐綜合,0.0,1000,股
2026-01-30,PB_NTD,PAYABLES,-0.07,-15842840,元
2026-01-30,DA_NTD,AFTER DEDUCTING SECURITIES PURCHASES AMOUNT,-0.3,-65883128,元
2026-02-02,2330,台灣積體,19.3,2330000,股
2026-02-02,2408,南亞科技,8.83,6400000,股
2026-02-02,8299,群聯電子,8.56,850000,股
2026-02-02,2308,台達電子,5.52,1000000,股
2026-02-02,2383,台光電子,4.78,570000,股
2026-02-02,7769,鴻勁精密,4.75,270000,股
2026-02-02,5274,信驊科技,4.24,100000,股
2026-02-02,3665,貿聯-KY,3.61,580000,股
2026-02-02,6274,台燿科技,3.49,1500000,股
2026-02-02,3037,欣興電子,3.17,1850000,股
2026-02-02,1605,華新麗華,3.03,16500000,股
2026-02-02,6223,旺矽科技,2.72,220000,股
2026-02-02,2368,金像電子,2.65,800000,股
2026-02-02,6442,光紅建聖,2.57,320000,股
2026-02-02,DA_NTD,AFTER DEDUCTING SECURITIES PURCHASES AMOUNT,2.53,539702302,元
2026-02-02,1519,華城電機,2.43,550000,股
2026-02-02,3653,健策精密,2.43,175000,股
2026-02-02,3017,奇鋐科技,2.38,340000,股
2026-02-02,2449,京元電子,2.27,1700000,股
2026-02-02,2345,智邦科技,2.25,420000,股
2026-02-02,8210,勤誠興業,2.2,520000,股
2026-02-02,8358,金居開發,2.05,1800000,股
2026-02-02,2404,漢唐集成,2.02,470000,股
2026-02-02,1303,南亞塑膠,1.92,5800000,股
2026-02-02,3044,健鼎科技,0.02,9000,股
2026-02-02,3661,世芯-KY,0.02,1000,股
2026-02-02,6510,中華精測,0.02,1000,股
2026-02-02,6515,穎崴科技,0.02,1000,股
2026-02-02,6669,緯穎科技,0.02,1000,股
2026-02-02,1477,聚陽實業,0.01,9000,股
2026-02-02,1590,亞德客-KY,0.01,1000,股
2026-02-02,2059,川湖科技,0.01,1000,股
2026-02-02,2301,光寶科技,0.01,9000,股
2026-02-02,2317,鴻海精密,0.01,9000,股
2026-02-02,2382,廣達電腦,0.01,9000,股
2026-02-02,2454,聯發科技,0.01,1000,股
2026-02-02,2603,長榮海運,0.01,9000,股
2026-02-02,2645,長榮航太,0.01,9000,股
2026-02-02,3231,緯創資通,0.01,9000,股
2026-02-02,3443,創意電子,0.01,1000,股
2026-02-02,3711,日月光投,0.01,9000,股
2026-02-02,5347,世界先進,0.01,9000,股
2026-02-02,6781,AES-KY,0.01,1000,股
2026-02-02,6805,富世達股,0.01,1000,股
2026-02-02,2881,富邦金融,0.0,9000,股
2026-02-02,2882,國泰金融,0.0,9000,股
2026-02-02,2885,元大金融,0.0,9000,股
2026-02-02,2891,中國信託,0.0,9000,股
2026-02-02,3036,文曄科技,0.0,1000,股
2026-02-02,3324,雙鴻科技,0.0,1000,股
2026-02-02,8464,億豐綜合,0.0,1000,股
2026-02-02,PB_NTD,PAYABLES,-0.17,-36644650,元
2026-02-03,2330,台灣積體,19.15,2330000,股
2026-02-03,2408,南亞科技,8.17,6450000,股
2026-02-03,8299,群聯電子,8.0,880000,股
2026-02-03,2308,台達電子,5.55,1000000,股
2026-02-03,2383,台光電子,5.08,600000,股
2026-02-03,7769,鴻勁精密,4.75,270000,股
2026-02-03,5274,信驊科技,4.47,100000,股
2026-02-03,3665,貿聯-KY,3.73,580000,股
2026-02-03,3037,欣興電子,3.69,2100000,股
2026-02-03,6274,台燿科技,3.69,1600000,股
2026-02-03,6223,旺矽科技,3.18,245000,股
2026-02-03,2368,金像電子,2.76,800000,股
2026-02-03,6442,光紅建聖,2.67,320000,股
2026-02-03,3017,奇鋐科技,2.54,340000,股
2026-02-03,3653,健策精密,2.51,175000,股
2026-02-03,1519,華城電機,2.38,550000,股
2026-02-03,2449,京元電子,2.28,1700000,股
2026-02-03,2345,智邦科技,2.27,420000,股
2026-02-03,8210,勤誠興業,2.27,520000,股
2026-02-03,3189,景碩科技,2.25,2000000,股
2026-02-03,8358,金居開發,2.03,1800000,股
2026-02-03,2404,漢唐集成,2.01,470000,股
2026-02-03,1303,南亞塑膠,1.93,5800000,股
2026-02-03,3044,健鼎科技,0.02,9000,股
2026-02-03,3661,世芯-KY,0.02,1000,股
2026-02-03,6510,中華精測,0.02,1000,股
2026-02-03,6515,穎崴科技,0.02,1000,股
2026-02-03,6669,緯穎科技,0.02,1000,股
2026-02-03,1477,聚陽實業,0.01,9000,股
2026-02-03,1590,亞德客-KY,0.01,1000,股
2026-02-03,2059,川湖科技,0.01,1000,股
2026-02-03,2301,光寶科技,0.01,9000,股
2026-02-03,2317,鴻海精密,0.01,9000,股
2026-02-03,2382,廣達電腦,0.01,9000,股
2026-02-03,2454,聯發科技,0.01,1000,股
2026-02-03,2603,長榮海運,0.01,9000,股
2026-02-03,2645,長榮航太,0.01,9000,股
2026-02-03,3231,緯創資通,0.01,9000,股
2026-02-03,3324,雙鴻科技,0.01,1000,股
2026-02-03,3443,創意電子,0.01,1000,股
2026-02-03,3711,日月光投,0.01,9000,股
2026-02-03,5347,世界先進,0.01,9000,股
2026-02-03,6781,AES-KY,0.01,1000,股
2026-02-03,6805,富世達股,0.01,1000,股
2026-02-03,2881,富邦金融,0.0,9000,股
2026-02-03,2882,國泰金融,0.0,9000,股
2026-02-03,2885,元大金融,0.0,9000,股
2026-02-03,2891,中國信託,0.0,9000,股
2026-02-03,3036,文曄科技,0.0,1000,股
2026-02-03,8464,億豐綜合,0.0,1000,股
2026-02-03,PB_NTD,PAYABLES,-0.08,-18133562,元
2026-02-03,DA_NTD,AFTER DEDUCTING SECURITIES PURCHASES AMOUNT,-0.25,-55632406,元
2026-02-04,2330,台灣積體,18.62,2330000,股
2026-02-04,2408,南亞科技,8.98,6800000,股
2026-02-04,8299,群聯電子,8.1,880000,股
2026-02-04,2383,台光電子,5.48,600000,股
2026-02-04,2308,台達電子,5.42,1000000,股
2026-02-04,7769,鴻勁精密,4.6,270000,股
2026-02-04,5274,信驊科技,4.32,100000,股
2026-02-04,6274,台燿科技,3.85,1600000,股
2026-02-04,3037,欣興電子,3.65,2100000,股
2026-02-04,3665,貿聯-KY,3.48,580000,股
2026-02-04,6223,旺矽科技,3.02,245000,股
2026-02-04,2368,金像電子,2.85,800000,股
2026-02-04,6442,光紅建聖,2.66,320000,股
2026-02-04,3017,奇鋐科技,2.55,340000,股
2026-02-04,1519,華城電機,2.44,550000,股
2026-02-04,3653,健策精密,2.44,175000,股
2026-02-04,3189,景碩科技,2.42,2000000,股
2026-02-04,8210,勤誠興業,2.3,520000,股
2026-02-04,2449,京元電子,2.26,1700000,股
2026-02-04,2345,智邦科技,2.23,420000,股
2026-02-04,8358,金居開發,2.1,1800000,股
2026-02-04,1303,南亞塑膠,2.02,5800000,股
2026-02-04,2404,漢唐集成,1.96,470000,股
2026-02-04,3044,健鼎科技,0.02,9000,股
2026-02-04,3661,世芯-KY,0.02,1000,股
2026-02-04,6510,中華精測,0.02,1000,股
2026-02-04,6515,穎崴科技,0.02,1000,股
2026-02-04,6669,緯穎科技,0.02,1000,股
2026-02-04,1477,聚陽實業,0.01,9000,股
2026-02-04,1590,亞德客-KY,0.01,1000,股
2026-02-04,2059,川湖科技,0.01,1000,股
2026-02-04,2301,光寶科技,0.01,9000,股
2026-02-04,2317,鴻海精密,0.01,9000,股
2026-02-04,2382,廣達電腦,0.01,9000,股
2026-02-04,2454,聯發科技,0.01,1000,股
2026-02-04,2603,長榮海運,0.01,9000,股
2026-02-04,2645,長榮航太,0.01,9000,股
2026-02-04,3231,緯創資通,0.01,9000,股
2026-02-04,3324,雙鴻科技,0.01,1000,股
2026-02-04,3443,創意電子,0.01,1000,股
2026-02-04,3711,日月光投,0.01,9000,股
2026-02-04,5347,世界先進,0.01,9000,股
2026-02-04,6781,AES-KY,0.01,1000,股
2026-02-04,6805,富世達股,0.01,1000,股
2026-02-04,2881,富邦金融,0.0,9000,股
2026-02-04,2882,國泰金融,0.0,9000,股
2026-02-04,2885,元大金融,0.0,9000,股
2026-02-04,2891,中國信託,0.0,9000,股
2026-02-04,3036,文曄科技,0.0,1000,股
2026-02-04,8464,億豐綜合,0.0,1000,股
2026-02-04,PB_NTD,PAYABLES,-0.01,-2878872,元
2026-02-04,DA_NTD,AFTER DEDUCTING SECURITIES PURCHASES AMOUNT,-0.61,-136534487,元
2026-02-05,2330,台灣積體,18.4,2330000,股
2026-02-05,8299,群聯電子,8.59,950000,股
2026-02-05,2408,南亞科技,8.37,6800000,股
2026-02-05,2383,台光電子,5.67,650000,股
2026-02-05,2308,台達電子,5.15,1000000,股
2026-02-05,7769,鴻勁精密,4.97,300000,股
2026-02-05,5274,信驊科技,4.09,100000,股
2026-02-05,6274,台燿科技,3.91,1680000,股
2026-02-05,3037,欣興電子,3.76,2300000,股
2026-02-05,DA_NTD,AFTER DEDUCTING SECURITIES PURCHASES AMOUNT,3.47,775622866,元
2026-02-05,3665,貿聯-KY,3.27,580000,股
2026-02-05,6223,旺矽科技,3.01,245000,股
2026-02-05,2368,金像電子,2.72,800000,股
2026-02-05,8210,勤誠興業,2.52,520000,股
2026-02-05,6442,光紅建聖,2.51,320000,股
2026-02-05,3017,奇鋐科技,2.48,340000,股
2026-02-05,3189,景碩科技,2.36,2000000,股
2026-02-05,1519,華城電機,2.35,550000,股
2026-02-05,3653,健策精密,2.35,175000,股
2026-02-05,2449,京元電子,2.13,1700000,股
2026-02-05,2345,智邦科技,2.11,420000,股
2026-02-05,2404,漢唐集成,2.08,500000,股
2026-02-05,8358,金居開發,2.01,1800000,股
2026-02-05,1303,南亞塑膠,1.93,5800000,股
2026-02-05,3044,健鼎科技,0.02,9000,股
2026-02-05,3661,世芯-KY,0.02,1000,股
2026-02-05,6510,中華精測,0.02,1000,股
2026-02-05,6515,穎崴科技,0.02,1000,股
2026-02-05,6669,緯穎科技,0.02,1000,股
2026-02-05,1477,聚陽實業,0.01,9000,股
2026-02-05,1590,亞德客-KY,0.01,1000,股
2026-02-05,2059,川湖科技,0.01,1000,股
2026-02-05,2301,光寶科技,0.01,9000,股
2026-02-05,2317,鴻海精密,0.01,9000,股
2026-02-05,2382,廣達電腦,0.01,9000,股
2026-02-05,2454,聯發科技,0.01,1000,股
2026-02-05,2603,長榮海運,0.01,9000,股
2026-02-05,2645,長榮航太,0.01,9000,股
2026-02-05,3231,緯創資通,0.01,9000,股
2026-02-05,3443,創意電子,0.01,1000,股
2026-02-05,3711,日月光投,0.01,9000,股
2026-02-05,5347,世界先進,0.01,9000,股
2026-02-05,6781,AES-KY,0.01,1000,股
2026-02-05,6805,富世達股,0.01,1000,股
2026-02-05,2881,富邦金融,0.0,9000,股
2026-02-05,2882,國泰金融,0.0,9000,股
2026-02-05,2885,元大金融,0.0,9000,股
2026-02-05,2891,中國信託,0.0,9000,股
2026-02-05,3036,文曄科技,0.0,1000,股
2026-02-05,3324,雙鴻科技,0.0,1000,股
2026-02-05,8464,億豐綜合,0.0,1000,股
2026-02-05,PB_NTD,PAYABLES,-0.44,-97496984,元
2026-02-06,2330,台灣積體,18.52,2330000,股
2026-02-06,2408,南亞科技,8.25,7000000,股
2026-02-06,8299,群聯電子,8.04,950000,股
2026-02-06,2383,台光電子,6.02,700000,股
2026-02-06,2308,台達電子,5.33,1030000,股
2026-02-06,7769,鴻勁精密,4.94,300000,股
2026-02-06,6274,台燿科技,4.06,1750000,股
2026-02-06,5274,信驊科技,3.97,100000,股
2026-02-06,DA_NTD,AFTER DEDUCTING SECURITIES PURCHASES AMOUNT,3.91,874864539,元
2026-02-06,3037,欣興電子,3.8,2500000,股
2026-02-06,3665,貿聯-KY,3.33,580000,股
2026-02-06,2368,金像電子,2.93,880000,股
2026-02-06,6223,旺矽科技,2.92,245000,股
2026-02-06,3017,奇鋐科技,2.42,340000,股
2026-02-06,6442,光紅建聖,2.42,320000,股
2026-02-06,3653,健策精密,2.32,175000,股
2026-02-06,8210,勤誠興業,2.27,520000,股
2026-02-06,1519,華城電機,2.24,550000,股
2026-02-06,2345,智邦科技,2.23,420000,股
2026-02-06,3189,景碩科技,2.17,2000000,股
2026-02-06,2449,京元電子,2.15,1700000,股
2026-02-06,2404,漢唐集成,2.03,500000,股
2026-02-06,8358,金居開發,1.91,1800000,股
2026-02-06,1303,南亞塑膠,1.9,5800000,股
2026-02-06,3044,健鼎科技,0.02,9000,股
2026-02-06,6510,中華精測,0.02,1000,股
2026-02-06,6515,穎崴科技,0.02,1000,股
2026-02-06,6669,緯穎科技,0.02,1000,股
2026-02-06,1477,聚陽實業,0.01,9000,股
2026-02-06,1590,亞德客-KY,0.01,1000,股
2026-02-06,2059,川湖科技,0.01,1000,股
2026-02-06,2301,光寶科技,0.01,9000,股
2026-02-06,2317,鴻海精密,0.01,9000,股
2026-02-06,2382,廣達電腦,0.01,9000,股
2026-02-06,2454,聯發科技,0.01,1000,股
2026-02-06,2603,長榮海運,0.01,9000,股
2026-02-06,2645,長榮航太,0.01,9000,股
2026-02-06,3231,緯創資通,0.01,9000,股
2026-02-06,3324,雙鴻科技,0.01,1000,股
2026-02-06,3443,創意電子,0.01,1000,股
2026-02-06,3661,世芯-KY,0.01,1000,股
2026-02-06,3711,日月光投,0.01,9000,股
2026-02-06,5347,世界先進,0.01,9000,股
2026-02-06,6781,AES-KY,0.01,1000,股
2026-02-06,6805,富世達股,0.01,1000,股
2026-02-06,2881,富邦金融,0.0,9000,股
2026-02-06,2882,國泰金融,0.0,9000,股
2026-02-06,2885,元大金融,0.0,9000,股
2026-02-06,2891,中國信託,0.0,9000,股
2026-02-06,3036,文曄科技,0.0,1000,股
2026-02-06,8464,億豐綜合,0.0,1000,股
2026-02-06,PB_NTD,PAYABLES,-0.27,-60029130,元
2026-02-09,2330,台灣積體,18.45,2350000,股
2026-02-09,2408,南亞科技,8.55,7200000,股
2026-02-09,8299,群聯電子,8.33,1000000,股
2026-02-09,2383,台光電子,6.3,700000,股
2026-02-09,2308,台達電子,5.41,1060000,股
2026-02-09,7769,鴻勁精密,5.0,300000,股
2026-02-09,5274,信驊科技,4.11,100000,股
2026-02-09,3037,欣興電子,4.06,2700000,股
2026-02-09,6274,台燿科技,4.0,1750000,股
2026-02-09,2368,金像電子,3.03,880000,股
2026-02-09,6223,旺矽科技,2.94,245000,股
2026-02-09,2345,智邦科技,2.71,480000,股
2026-02-09,3653,健策精密,2.65,195000,股
2026-02-09,6442,光紅建聖,2.56,320000,股
2026-02-09,3189,景碩科技,2.54,2300000,股
2026-02-09,2449,京元電子,2.52,2000000,股
2026-02-09,3665,貿聯-KY,2.5,460000,股
2026-02-09,3017,奇鋐科技,2.49,360000,股
2026-02-09,1519,華城電機,2.25,550000,股
2026-02-09,8210,勤誠興業,2.1,520000,股
2026-02-09,1303,南亞塑膠,1.96,5800000,股
2026-02-09,8358,金居開發,1.95,1800000,股
2026-02-09,2404,漢唐集成,1.94,500000,股
2026-02-09,DA_NTD,AFTER DEDUCTING SECURITIES PURCHASES AMOUNT,0.79,183332644,元
2026-02-09,3044,健鼎科技,0.02,9000,股
2026-02-09,6510,中華精測,0.02,1000,股
2026-02-09,6515,穎崴科技,0.02,1000,股
2026-02-09,6669,緯穎科技,0.02,1000,股
2026-02-09,1477,聚陽實業,0.01,9000,股
2026-02-09,1590,亞德客-KY,0.01,1000,股
2026-02-09,2059,川湖科技,0.01,1000,股
2026-02-09,2301,光寶科技,0.01,9000,股
2026-02-09,2317,鴻海精密,0.01,9000,股
2026-02-09,2382,廣達電腦,0.01,9000,股
2026-02-09,2454,聯發科技,0.01,1000,股
2026-02-09,2603,長榮海運,0.01,9000,股
2026-02-09,2645,長榮航太,0.01,9000,股
2026-02-09,3231,緯創資通,0.01,9000,股
2026-02-09,3324,雙鴻科技,0.01,1000,股
2026-02-09,3443,創意電子,0.01,1000,股
2026-02-09,3661,世芯-KY,0.01,1000,股
2026-02-09,3711,日月光投,0.01,9000,股
2026-02-09,5347,世界先進,0.01,9000,股
2026-02-09,6781,AES-KY,0.01,1000,股
2026-02-09,6805,富世達股,0.01,1000,股
2026-02-09,2881,富邦金融,0.0,9000,股
2026-02-09,2882,國泰金融,0.0,9000,股
2026-02-09,2885,元大金融,0.0,9000,股
2026-02-09,2891,中國信託,0.0,9000,股
2026-02-09,3036,文曄科技,0.0,1000,股
2026-02-09,8464,億豐綜合,0.0,1000,股
2026-02-09,PB_NTD,PAYABLES,0.0,0,元
2026-02-10,2330,台灣積體,18.77,2350000,股
2026-02-10,2408,南亞科技,8.29,7200000,股
2026-02-10,8299,群聯電子,7.75,1000000,股
2026-02-10,2383,台光電子,6.26,700000,股
2026-02-10,2308,台達電子,5.34,1060000,股
2026-02-10,7769,鴻勁精密,5.1,300000,股
2026-02-10,3037,欣興電子,4.26,2700000,股
2026-02-10,5274,信驊科技,3.96,100000,股
2026-02-10,6274,台燿科技,3.95,1750000,股
2026-02-10,2368,金像電子,3.16,880000,股
2026-02-10,6223,旺矽科技,3.02,255000,股
2026-02-10,3653,健策精密,2.85,200000,股
2026-02-10,2345,智邦科技,2.83,480000,股
2026-02-10,3665,貿聯-KY,2.7,460000,股
2026-02-10,6442,光紅建聖,2.7,320000,股
2026-02-10,2449,京元電子,2.57,2000000,股
2026-02-10,3017,奇鋐科技,2.55,370000,股
2026-02-10,3189,景碩科技,2.48,2300000,股
2026-02-10,1519,華城電機,2.26,550000,股
2026-02-10,8210,勤誠興業,2.17,520000,股
2026-02-10,8358,金居開發,1.97,1800000,股
2026-02-10,2404,漢唐集成,1.93,500000,股
2026-02-10,1303,南亞塑膠,1.79,5800000,股
2026-02-10,DA_NTD,AFTER DEDUCTING SECURITIES PURCHASES AMOUNT,0.52,123038430,元
2026-02-10,6510,中華精測,0.02,1000,股
2026-02-10,6515,穎崴科技,0.02,1000,股
2026-02-10,6669,緯穎科技,0.02,1000,股
2026-02-10,1477,聚陽實業,0.01,9000,股
2026-02-10,1590,亞德客-KY,0.01,1000,股
2026-02-10,2059,川湖科技,0.01,1000,股
2026-02-10,2301,光寶科技,0.01,9000,股
2026-02-10,2317,鴻海精密,0.01,9000,股
2026-02-10,2382,廣達電腦,0.01,9000,股
2026-02-10,2454,聯發科技,0.01,1000,股
2026-02-10,2603,長榮海運,0.01,9000,股
2026-02-10,2645,長榮航太,0.01,9000,股
2026-02-10,3044,健鼎科技,0.01,9000,股
2026-02-10,3231,緯創資通,0.01,9000,股
2026-02-10,3324,雙鴻科技,0.01,1000,股
2026-02-10,3443,創意電子,0.01,1000,股
2026-02-10,3661,世芯-KY,0.01,1000,股
2026-02-10,3711,日月光投,0.01,9000,股
2026-02-10,5347,世界先進,0.01,9000,股
2026-02-10,6781,AES-KY,0.01,1000,股
2026-02-10,6805,富世達股,0.01,1000,股
2026-02-10,2881,富邦金融,0.0,9000,股
2026-02-10,2882,國泰金融,0.0,9000,股
2026-02-10,2885,元大金融,0.0,9000,股
2026-02-10,2891,中國信託,0.0,9000,股
2026-02-10,3036,文曄科技,0.0,1000,股
2026-02-10,8464,億豐綜合,0.0,1000,股
2026-02-11,2330,台灣積體,19.21,2410000,股
2026-02-11,2408,南亞科技,8.33,7200000,股
2026-02-11,8299,群聯電子,7.72,1000000,股
2026-02-11,2383,台光電子,6.4,700000,股
2026-02-11,2308,台達電子,5.56,1060000,股
2026-02-11,7769,鴻勁精密,5.43,300000,股
2026-02-11,3037,欣興電子,4.15,2700000,股
2026-02-11,5274,信驊科技,4.05,100000,股
2026-02-11,6274,台燿科技,3.88,1750000,股
2026-02-11,2368,金像電子,3.04,880000,股
2026-02-11,6223,旺矽科技,2.96,255000,股
2026-02-11,2345,智邦科技,2.9,480000,股
2026-02-11,3653,健策精密,2.67,200000,股
2026-02-11,2449,京元電子,2.61,2000000,股
2026-02-11,6442,光紅建聖,2.6,320000,股
2026-02-11,3189,景碩科技,2.54,2300000,股
2026-02-11,3017,奇鋐科技,2.47,370000,股
2026-02-11,3665,貿聯-KY,2.47,435000,股
2026-02-11,8210,勤誠興業,2.11,520000,股
2026-02-11,8358,金居開發,2.02,1800000,股
2026-02-11,2404,漢唐集成,1.92,500000,股
2026-02-11,1303,南亞塑膠,1.9,5800000,股
2026-02-11,1519,華城電機,1.77,440000,股
2026-02-11,DA_NTD,AFTER DEDUCTING SECURITIES PURCHASES AMOUNT,0.66,157965659,元
2026-02-11,3044,健鼎科技,0.02,9000,股
2026-02-11,6510,中華精測,0.02,1000,股
2026-02-11,6515,穎崴科技,0.02,1000,股
2026-02-11,6669,緯穎科技,0.02,1000,股
2026-02-11,1477,聚陽實業,0.01,9000,股
2026-02-11,1590,亞德客-KY,0.01,1000,股
2026-02-11,2059,川湖科技,0.01,1000,股
2026-02-11,2301,光寶科技,0.01,9000,股
2026-02-11,2317,鴻海精密,0.01,9000,股
2026-02-11,2382,廣達電腦,0.01,9000,股
2026-02-11,2454,聯發科技,0.01,1000,股
2026-02-11,2603,長榮海運,0.01,9000,股
2026-02-11,2645,長榮航太,0.01,9000,股
2026-02-11,3231,緯創資通,0.01,9000,股
2026-02-11,3443,創意電子,0.01,1000,股
2026-02-11,3661,世芯-KY,0.01,1000,股
2026-02-11,3711,日月光投,0.01,9000,股
2026-02-11,5347,世界先進,0.01,9000,股
2026-02-11,6781,AES-KY,0.01,1000,股
2026-02-11,6805,富世達股,0.01,1000,股
2026-02-11,2360,致茂電子,0.0,1000,股
2026-02-11,2881,富邦金融,0.0,9000,股
2026-02-11,2882,國泰金融,0.0,9000,股
2026-02-11,2885,元大金融,0.0,9000,股
2026-02-11,2891,中國信託,0.0,9000,股
2026-02-11,3036,文曄科技,0.0,1000,股
2026-02-11,3324,雙鴻科技,0.0,1000,股
2026-02-11,PFUR_NTD,PAYABLES FOR UNITS REDEEMED,-0.13,-30107265,元
2026-02-23,2330,台灣積體,18.65,2410000,股
2026-02-23,2408,南亞科技,8.71,7400000,股
2026-02-23,8299,群聯電子,8.62,1100000,股
2026-02-23,2383,台光電子,6.2,700000,股
2026-02-23,2308,台達電子,5.63,1060000,股
2026-02-23,7769,鴻勁精密,5.38,300000,股
2026-02-23,3037,欣興電子,4.46,2700000,股
2026-02-23,5274,信驊科技,3.97,100000,股
2026-02-23,6274,台燿科技,3.84,1750000,股
2026-02-23,2368,金像電子,2.93,880000,股
2026-02-23,6223,旺矽科技,2.91,255000,股
2026-02-23,2345,智邦科技,2.74,480000,股
2026-02-23,3189,景碩科技,2.74,2300000,股
2026-02-23,6442,光紅建聖,2.65,320000,股
2026-02-23,2449,京元電子,2.58,2000000,股
2026-02-23,3653,健策精密,2.51,200000,股
2026-02-23,3017,奇鋐科技,2.29,370000,股
2026-02-23,8358,金居開發,2.01,1800000,股
2026-02-23,1303,南亞塑膠,1.98,5800000,股
2026-02-23,2337,旺宏電子,1.98,4700000,股
2026-02-23,2404,漢唐集成,1.96,500000,股
2026-02-23,3665,貿聯-KY,1.92,365000,股
2026-02-23,8210,勤誠興業,1.6,440000,股
2026-02-23,6510,中華精測,0.02,1000,股
2026-02-23,6515,穎崴科技,0.02,1000,股
2026-02-23,6669,緯穎科技,0.02,1000,股
2026-02-23,1477,聚陽實業,0.01,9000,股
2026-02-23,1590,亞德客-KY,0.01,1000,股
2026-02-23,2059,川湖科技,0.01,1000,股
2026-02-23,2301,光寶科技,0.01,9000,股
2026-02-23,2317,鴻海精密,0.01,9000,股
2026-02-23,2360,致茂電子,0.01,1000,股
2026-02-23,2382,廣達電腦,0.01,9000,股
2026-02-23,2454,聯發科技,0.01,1000,股
2026-02-23,2603,長榮海運,0.01,9000,股
2026-02-23,2645,長榮航太,0.01,9000,股
2026-02-23,3044,健鼎科技,0.01,9000,股
2026-02-23,3231,緯創資通,0.01,9000,股
2026-02-23,3443,創意電子,0.01,1000,股
2026-02-23,3661,世芯-KY,0.01,1000,股
2026-02-23,3711,日月光投,0.01,9000,股
2026-02-23,5347,世界先進,0.01,9000,股
2026-02-23,6781,AES-KY,0.01,1000,股
2026-02-23,6805,富世達股,0.01,1000,股
2026-02-23,1519,華城電機,0.0,1000,股
2026-02-23,2881,富邦金融,0.0,9000,股
2026-02-23,2882,國泰金融,0.0,9000,股
2026-02-23,2885,元大金融,0.0,9000,股
2026-02-23,2891,中國信託,0.0,9000,股
2026-02-23,3036,文曄科技,0.0,1000,股
2026-02-23,PB_NTD,PAYABLES,-0.11,-25931592,元
2026-02-23,PFUR_NTD,PAYABLES FOR UNITS REDEEMED,-0.12,-30107265,元
2026-02-23,DA_NTD,AFTER DEDUCTING SECURITIES PURCHASES AMOUNT,-0.57,-138897620,元
2026-02-24,2330,台灣積體,18.56,2410000,股
2026-02-24,8299,群聯電子,9.25,1140000,股
2026-02-24,2408,南亞科技,8.64,7400000,股
2026-02-24,2383,台光電子,6.52,720000,股
2026-02-24,2308,台達電子,5.97,1100000,股
2026-02-24,7769,鴻勁精密,5.42,300000,股
2026-02-24,3037,欣興電子,4.72,2700000,股
2026-02-24,6274,台燿科技,3.86,1750000,股
2026-02-24,5274,信驊科技,3.82,100000,股
2026-02-24,3189,景碩科技,2.89,2300000,股
2026-02-24,2368,金像電子,2.87,880000,股
2026-02-24,6223,旺矽科技,2.65,255000,股
2026-02-24,2345,智邦科技,2.64,480000,股
2026-02-24,2449,京元電子,2.56,2000000,股
2026-02-24,6442,光紅建聖,2.55,320000,股
2026-02-24,3653,健策精密,2.31,200000,股
2026-02-24,3017,奇鋐科技,2.25,370000,股
2026-02-24,8358,金居開發,2.12,1800000,股
2026-02-24,2404,漢唐集成,2.11,550000,股
2026-02-24,2337,旺宏電子,2.09,4700000,股
2026-02-24,1303,南亞塑膠,2.06,5800000,股
2026-02-24,3665,貿聯-KY,1.85,365000,股
2026-02-24,6510,中華精測,0.02,1000,股
2026-02-24,6515,穎崴科技,0.02,1000,股
2026-02-24,6669,緯穎科技,0.02,1000,股
2026-02-24,1477,聚陽實業,0.01,9000,股
2026-02-24,1590,亞德客-KY,0.01,1000,股
2026-02-24,2059,川湖科技,0.01,1000,股
2026-02-24,2301,光寶科技,0.01,9000,股
2026-02-24,2317,鴻海精密,0.01,9000,股
2026-02-24,2360,致茂電子,0.01,1000,股
2026-02-24,2382,廣達電腦,0.01,9000,股
2026-02-24,2454,聯發科技,0.01,1000,股
2026-02-24,2603,長榮海運,0.01,9000,股
2026-02-24,2645,長榮航太,0.01,9000,股
2026-02-24,3044,健鼎科技,0.01,9000,股
2026-02-24,3231,緯創資通,0.01,9000,股
2026-02-24,3443,創意電子,0.01,1000,股
2026-02-24,3661,世芯-KY,0.01,1000,股
2026-02-24,3711,日月光投,0.01,9000,股
2026-02-24,5347,世界先進,0.01,9000,股
2026-02-24,6781,AES-KY,0.01,1000,股
2026-02-24,6805,富世達股,0.01,1000,股
2026-02-24,1519,華城電機,0.0,1000,股
2026-02-24,2881,富邦金融,0.0,9000,股
2026-02-24,2882,國泰金融,0.0,9000,股
2026-02-24,2885,元大金融,0.0,9000,股
2026-02-24,2891,中國信託,0.0,9000,股
2026-02-24,3036,文曄科技,0.0,1000,股
2026-02-24,8210,勤誠興業,0.0,1000,股
2026-02-24,PB_NTD,PAYABLES,0.0,0,元
2026-02-24,PFUR_NTD,PAYABLES FOR UNITS REDEEMED,-0.12,-30107265,元
2026-02-24,DA_NTD,AFTER DEDUCTING SECURITIES PURCHASES AMOUNT,-1.56,-396707712,元
2026-02-25,2330,台灣積體,20.21,2680000,股
2026-02-25,8299,群聯電子,8.65,1200000,股
2026-02-25,2408,南亞科技,7.98,7400000,股
2026-02-25,2383,台光電子,6.52,720000,股
2026-02-25,2308,台達電子,5.91,1100000,股
2026-02-25,7769,鴻勁精密,5.41,300000,股
2026-02-25,3037,欣興電子,5.32,3100000,股
2026-02-25,6274,台燿科技,3.78,1750000,股
2026-02-25,5274,信驊科技,3.64,100000,股
2026-02-25,3189,景碩科技,2.8,2300000,股
2026-02-25,2368,金像電子,2.78,880000,股
2026-02-25,2345,智邦科技,2.61,480000,股
2026-02-25,6223,旺矽科技,2.56,255000,股
2026-02-25,6442,光紅建聖,2.49,320000,股
2026-02-25,2449,京元電子,2.4,2000000,股
2026-02-25,3653,健策精密,2.34,200000,股
2026-02-25,3017,奇鋐科技,2.32,370000,股
2026-02-25,2404,漢唐集成,2.13,550000,股
2026-02-25,1303,南亞塑膠,2.06,5800000,股
2026-02-25,8358,金居開發,1.97,1800000,股
2026-02-25,2344,華邦電子,1.94,4400000,股
2026-02-25,2337,旺宏電子,1.9,4700000,股
2026-02-25,6510,中華精測,0.02,1000,股
2026-02-25,6515,穎崴科技,0.02,1000,股
2026-02-25,6669,緯穎科技,0.02,1000,股
2026-02-25,1477,聚陽實業,0.01,9000,股
2026-02-25,2059,川湖科技,0.01,1000,股
2026-02-25,2301,光寶科技,0.01,9000,股
2026-02-25,2317,鴻海精密,0.01,9000,股
2026-02-25,2360,致茂電子,0.01,1000,股
2026-02-25,2382,廣達電腦,0.01,9000,股
2026-02-25,2454,聯發科技,0.01,1000,股
2026-02-25,2603,長榮海運,0.01,9000,股
2026-02-25,2645,長榮航太,0.01,9000,股
2026-02-25,3044,健鼎科技,0.01,9000,股
2026-02-25,3231,緯創資通,0.01,9000,股
2026-02-25,3443,創意電子,0.01,1000,股
2026-02-25,3661,世芯-KY,0.01,1000,股
2026-02-25,3665,貿聯-KY,0.01,1000,股
2026-02-25,3711,日月光投,0.01,9000,股
2026-02-25,5347,世界先進,0.01,9000,股
2026-02-25,1519,華城電機,0.0,1000,股
2026-02-25,1590,亞德客-KY,0.0,1000,股
2026-02-25,2881,富邦金融,0.0,9000,股
2026-02-25,2882,國泰金融,0.0,9000,股
2026-02-25,2885,元大金融,0.0,9000,股
2026-02-25,2891,中國信託,0.0,9000,股
2026-02-25,3036,文曄科技,0.0,1000,股
2026-02-25,6781,AES-KY,0.0,1000,股
2026-02-25,8210,勤誠興業,0.0,1000,股
2026-02-25,PFUR_NTD,PAYABLES FOR UNITS REDEEMED,0.0,0,元
2026-02-25,PB_NTD,PAYABLES,-0.3,-80134671,元
2026-02-25,DA_NTD,AFTER DEDUCTING SECURITIES PURCHASES AMOUNT,-0.76,-203975621,元
2026-02-26,2330,台灣積體,19.92,2680000,股
2026-02-26,8299,群聯電子,8.45,1200000,股
2026-02-26,2408,南亞科技,7.87,7400000,股
2026-02-26,2383,台光電子,6.55,720000,股
2026-02-26,2308,台達電子,5.86,1100000,股
2026-02-26,3037,欣興電子,5.74,3200000,股
2026-02-26,7769,鴻勁精密,5.43,300000,股
2026-02-26,5274,信驊科技,3.63,100000,股
2026-02-26,6274,台燿科技,3.55,1750000,股
2026-02-26,6223,旺矽科技,2.8,255000,股
2026-02-26,2368,金像電子,2.71,880000,股
2026-02-26,3189,景碩科技,2.7,2300000,股
2026-02-26,6442,光紅建聖,2.56,320000,股
2026-02-26,2345,智邦科技,2.5,480000,股
2026-02-26,2449,京元電子,2.44,2000000,股
2026-02-26,3017,奇鋐科技,2.43,370000,股
2026-02-26,3653,健策精密,2.33,200000,股
2026-02-26,2404,漢唐集成,2.32,550000,股
2026-02-26,2344,華邦電子,2.01,4400000,股
2026-02-26,1303,南亞塑膠,1.98,5800000,股
2026-02-26,8358,金居開發,1.95,1800000,股
2026-02-26,2337,旺宏電子,1.93,4700000,股
2026-02-26,DA_NTD,AFTER DEDUCTING SECURITIES PURCHASES AMOUNT,0.45,120487306,元
2026-02-26,6515,穎崴科技,0.02,1000,股
2026-02-26,6669,緯穎科技,0.02,1000,股
2026-02-26,1477,聚陽實業,0.01,9000,股
2026-02-26,2059,川湖科技,0.01,1000,股
2026-02-26,2301,光寶科技,0.01,9000,股
2026-02-26,2317,鴻海精密,0.01,9000,股
2026-02-26,2360,致茂電子,0.01,1000,股
2026-02-26,2382,廣達電腦,0.01,9000,股
2026-02-26,2454,聯發科技,0.01,1000,股
2026-02-26,2603,長榮海運,0.01,9000,股
2026-02-26,2645,長榮航太,0.01,9000,股
2026-02-26,3044,健鼎科技,0.01,9000,股
2026-02-26,3231,緯創資通,0.01,9000,股
2026-02-26,3443,創意電子,0.01,1000,股
2026-02-26,3661,世芯-KY,0.01,1000,股
2026-02-26,3665,貿聯-KY,0.01,1000,股
2026-02-26,3711,日月光投,0.01,9000,股
2026-02-26,6510,中華精測,0.01,1000,股
2026-02-26,1519,華城電機,0.0,1000,股
2026-02-26,1590,亞德客-KY,0.0,1000,股
2026-02-26,2881,富邦金融,0.0,9000,股
2026-02-26,2882,國泰金融,0.0,9000,股
2026-02-26,2885,元大金融,0.0,9000,股
2026-02-26,2891,中國信託,0.0,9000,股
2026-02-26,3036,文曄科技,0.0,1000,股
2026-02-26,5347,世界先進,0.0,9000,股
2026-02-26,6781,AES-KY,0.0,1000,股
2026-02-26,8210,勤誠興業,0.0,1000,股
2026-02-26,PB_NTD,PAYABLES,-0.02,-6354110,元
2026-03-02,2330,台灣積體,19.91,2680000,股
2026-03-02,8299,群聯電子,8.67,1200000,股
2026-03-02,2408,南亞科技,8.58,8000000,股
2026-03-02,2383,台光電子,6.45,720000,股
2026-03-02,2308,台達電子,5.9,1100000,股
2026-03-02,3037,欣興電子,5.79,3200000,股
2026-03-02,7769,鴻勁精密,4.94,300000,股
2026-03-02,5274,信驊科技,3.57,100000,股
2026-03-02,6274,台燿科技,3.56,1750000,股
2026-03-02,6442,光紅建聖,3.01,340000,股
2026-03-02,6223,旺矽科技,2.69,255000,股
2026-03-02,3189,景碩科技,2.64,2300000,股
2026-03-02,2368,金像電子,2.61,880000,股
2026-03-02,2345,智邦科技,2.56,480000,股
2026-03-02,3017,奇鋐科技,2.46,370000,股
2026-03-02,2449,京元電子,2.38,2000000,股
2026-03-02,3653,健策精密,2.29,200000,股
2026-03-02,2404,漢唐集成,2.22,550000,股
2026-03-02,2344,華邦電子,2.06,4400000,股
2026-03-02,2337,旺宏電子,2.05,4700000,股
2026-03-02,1303,南亞塑膠,1.95,5800000,股
2026-03-02,8358,金居開發,1.94,1800000,股
2026-03-02,DA_NTD,AFTER DEDUCTING SECURITIES PURCHASES AMOUNT,1.67,444600578,元
2026-03-02,6515,穎崴科技,0.02,1000,股
2026-03-02,6669,緯穎科技,0.02,1000,股
2026-03-02,1477,聚陽實業,0.01,9000,股
2026-03-02,1590,亞德客-KY,0.01,1000,股
2026-03-02,2059,川湖科技,0.01,1000,股
2026-03-02,2317,鴻海精密,0.01,9000,股
2026-03-02,2360,致茂電子,0.01,1000,股
2026-03-02,2382,廣達電腦,0.01,9000,股
2026-03-02,2454,聯發科技,0.01,1000,股
2026-03-02,2603,長榮海運,0.01,9000,股
2026-03-02,2645,長榮航太,0.01,9000,股
2026-03-02,3044,健鼎科技,0.01,9000,股
2026-03-02,3231,緯創資通,0.01,9000,股
2026-03-02,3443,創意電子,0.01,1000,股
2026-03-02,3661,世芯-KY,0.01,1000,股
2026-03-02,3665,貿聯-KY,0.01,1000,股
2026-03-02,3711,日月光投,0.01,9000,股
2026-03-02,6239,力成科技,0.01,9000,股
2026-03-02,6510,中華精測,0.01,1000,股
2026-03-02,1519,華城電機,0.0,1000,股
2026-03-02,2881,富邦金融,0.0,9000,股
2026-03-02,2882,國泰金融,0.0,9000,股
2026-03-02,2885,元大金融,0.0,9000,股
2026-03-02,2891,中國信託,0.0,9000,股
2026-03-02,3036,文曄科技,0.0,1000,股
2026-03-02,5347,世界先進,0.0,9000,股
2026-03-02,6781,AES-KY,0.0,1000,股
2026-03-02,8210,勤誠興業,0.0,1000,股
2026-03-02,PB_NTD,PAYABLES,-0.03,-7222330,元
2026-03-03,2330,台灣積體,20.08,2680000,股
2026-03-03,8299,群聯電子,8.16,1200000,股
2026-03-03,2408,南亞科技,7.95,8000000,股
2026-03-03,2383,台光電子,6.47,720000,股
2026-03-03,3037,欣興電子,5.74,3200000,股
2026-03-03,2308,台達電子,5.71,1100000,股
2026-03-03,7769,鴻勁精密,5.06,315000,股
2026-03-03,6274,台燿科技,3.65,1750000,股
2026-03-03,5274,信驊科技,3.58,100000,股
2026-03-03,6442,光紅建聖,3.07,340000,股
2026-03-03,6223,旺矽科技,2.82,255000,股
2026-03-03,3189,景碩科技,2.75,2300000,股
2026-03-03,DA_NTD,AFTER DEDUCTING SECURITIES PURCHASES AMOUNT,2.65,685062917,元
2026-03-03,2345,智邦科技,2.64,480000,股
2026-03-03,2368,金像電子,2.61,880000,股
2026-03-03,3017,奇鋐科技,2.57,370000,股
2026-03-03,2449,京元電子,2.36,2000000,股
2026-03-03,3653,健策精密,2.35,200000,股
2026-03-03,2404,漢唐集成,2.16,550000,股
2026-03-03,2344,華邦電子,1.92,4400000,股
2026-03-03,1303,南亞塑膠,1.91,5800000,股
2026-03-03,2337,旺宏電子,1.9,4700000,股
2026-03-03,8358,金居開發,1.84,1800000,股
2026-03-03,6515,穎崴科技,0.02,1000,股
2026-03-03,6669,緯穎科技,0.02,1000,股
2026-03-03,1477,聚陽實業,0.01,9000,股
2026-03-03,1590,亞德客-KY,0.01,1000,股
2026-03-03,2059,川湖科技,0.01,1000,股
2026-03-03,2317,鴻海精密,0.01,9000,股
2026-03-03,2360,致茂電子,0.01,1000,股
2026-03-03,2382,廣達電腦,0.01,9000,股
2026-03-03,2454,聯發科技,0.01,1000,股
2026-03-03,2603,長榮海運,0.01,9000,股
2026-03-03,2645,長榮航太,0.01,9000,股
2026-03-03,3044,健鼎科技,0.01,9000,股
2026-03-03,3231,緯創資通,0.01,9000,股
2026-03-03,3443,創意電子,0.01,1000,股
2026-03-03,3661,世芯-KY,0.01,1000,股
2026-03-03,3665,貿聯-KY,0.01,1000,股
2026-03-03,3711,日月光投,0.01,9000,股
2026-03-03,6239,力成科技,0.01,9000,股
2026-03-03,6510,中華精測,0.01,1000,股
2026-03-03,1519,華城電機,0.0,1000,股
2026-03-03,2881,富邦金融,0.0,9000,股
2026-03-03,2882,國泰金融,0.0,9000,股
2026-03-03,2885,元大金融,0.0,9000,股
2026-03-03,2891,中國信託,0.0,9000,股
2026-03-03,3036,文曄科技,0.0,1000,股
2026-03-03,5347,世界先進,0.0,9000,股
2026-03-03,6781,AES-KY,0.0,1000,股
2026-03-03,8210,勤誠興業,0.0,1000,股
2026-03-03,PB_NTD,PAYABLES,-0.16,-41922590,元
2026-03-04,2330,台灣積體,20.1,2680000,股
2026-03-04,8299,群聯電子,8.23,1200000,股
2026-03-04,2408,南亞科技,7.54,8000000,股
2026-03-04,2383,台光電子,6.6,750000,股
2026-03-04,2308,台達電子,5.55,1100000,股
2026-03-04,3037,欣興電子,5.37,3200000,股
2026-03-04,7769,鴻勁精密,5.04,315000,股
2026-03-04,5274,信驊科技,3.48,100000,股
2026-03-04,6274,台燿科技,3.45,1750000,股
2026-03-04,6442,光紅建聖,2.87,340000,股
2026-03-04,3017,奇鋐科技,2.81,400000,股
2026-03-04,6223,旺矽科技,2.73,255000,股
2026-03-04,2345,智邦科技,2.68,510000,股
2026-03-04,DA_NTD,AFTER DEDUCTING SECURITIES PURCHASES AMOUNT,2.68,665806680,元
2026-03-04,3189,景碩科技,2.63,2300000,股
2026-03-04,2368,金像電子,2.51,880000,股
2026-03-04,3653,健策精密,2.32,200000,股
2026-03-04,2449,京元電子,2.24,2000000,股
2026-03-04,2404,漢唐集成,2.21,550000,股
2026-03-04,8358,金居開發,1.9,1800000,股
2026-03-04,1303,南亞塑膠,1.85,5800000,股
2026-03-04,2337,旺宏電子,1.85,4700000,股
2026-03-04,2344,華邦電子,1.84,4400000,股
2026-03-04,2603,長榮海運,1.69,2009000,股
2026-03-04,6515,穎崴科技,0.02,1000,股
2026-03-04,6669,緯穎科技,0.02,1000,股
2026-03-04,1477,聚陽實業,0.01,9000,股
2026-03-04,2059,川湖科技,0.01,1000,股
2026-03-04,2317,鴻海精密,0.01,9000,股
2026-03-04,2360,致茂電子,0.01,1000,股
2026-03-04,2382,廣達電腦,0.01,9000,股
2026-03-04,2454,聯發科技,0.01,1000,股
2026-03-04,2645,長榮航太,0.01,9000,股
2026-03-04,3044,健鼎科技,0.01,9000,股
2026-03-04,3231,緯創資通,0.01,9000,股
2026-03-04,3443,創意電子,0.01,1000,股
2026-03-04,3661,世芯-KY,0.01,1000,股
2026-03-04,3665,貿聯-KY,0.01,1000,股
2026-03-04,3711,日月光投,0.01,9000,股
2026-03-04,6239,力成科技,0.01,9000,股
2026-03-04,6510,中華精測,0.01,1000,股
2026-03-04,1519,華城電機,0.0,1000,股
2026-03-04,1590,亞德客-KY,0.0,1000,股
2026-03-04,2881,富邦金融,0.0,9000,股
2026-03-04,2882,國泰金融,0.0,9000,股
2026-03-04,2885,元大金融,0.0,9000,股
2026-03-04,2891,中國信託,0.0,9000,股
2026-03-04,3036,文曄科技,0.0,1000,股
2026-03-04,5347,世界先進,0.0,9000,股
2026-03-04,6781,AES-KY,0.0,1000,股
2026-03-04,8210,勤誠興業,0.0,1000,股
2026-03-04,PB_NTD,PAYABLES,-0.34,-85324389,元
2026-03-05,2330,台灣積體,19.61,2730000,股
2026-03-05,8299,群聯電子,8.5,1250000,股
2026-03-05,2408,南亞科技,7.79,8000000,股
2026-03-05,2383,台光電子,7.15,800000,股
2026-03-05,2308,台達電子,5.55,1100000,股
2026-03-05,3037,欣興電子,5.44,3200000,股
2026-03-05,7769,鴻勁精密,5.05,315000,股
2026-03-05,5274,信驊科技,3.6,100000,股
2026-03-05,6274,台燿科技,3.35,1750000,股
2026-03-05,3017,奇鋐科技,2.75,400000,股
2026-03-05,2345,智邦科技,2.74,510000,股
2026-03-05,6223,旺矽科技,2.74,255000,股
2026-03-05,3189,景碩科技,2.59,2300000,股
2026-03-05,6442,光紅建聖,2.55,340000,股
2026-03-05,2368,金像電子,2.45,880000,股
2026-03-05,3653,健策精密,2.37,200000,股
2026-03-05,2404,漢唐集成,2.29,550000,股
2026-03-05,3711,日月光投,2.27,1700000,股
2026-03-05,2449,京元電子,2.23,2000000,股
2026-03-05,1303,南亞塑膠,2.18,7000000,股
2026-03-05,2337,旺宏電子,1.91,4700000,股
2026-03-05,2344,華邦電子,1.86,4400000,股
2026-03-05,2603,長榮海運,1.58,2009000,股
2026-03-05,6515,穎崴科技,0.02,1000,股
2026-03-05,6669,緯穎科技,0.02,1000,股
2026-03-05,1477,聚陽實業,0.01,9000,股
2026-03-05,2059,川湖科技,0.01,1000,股
2026-03-05,2313,華通電腦,0.01,9000,股
2026-03-05,2317,鴻海精密,0.01,9000,股
2026-03-05,2327,國巨股份,0.01,9000,股
2026-03-05,2360,致茂電子,0.01,1000,股
2026-03-05,2382,廣達電腦,0.01,9000,股
2026-03-05,2454,聯發科技,0.01,1000,股
2026-03-05,2645,長榮航太,0.01,9000,股
2026-03-05,3044,健鼎科技,0.01,9000,股
2026-03-05,3443,創意電子,0.01,1000,股
2026-03-05,3661,世芯-KY,0.01,1000,股
2026-03-05,3665,貿聯-KY,0.01,1000,股
2026-03-05,6239,力成科技,0.01,9000,股
2026-03-05,6510,中華精測,0.01,1000,股
2026-03-05,1519,華城電機,0.0,1000,股
2026-03-05,1590,亞德客-KY,0.0,1000,股
2026-03-05,2881,富邦金融,0.0,9000,股
2026-03-05,2882,國泰金融,0.0,9000,股
2026-03-05,2885,元大金融,0.0,9000,股
2026-03-05,2891,中國信託,0.0,9000,股
2026-03-05,3036,文曄科技,0.0,1000,股
2026-03-05,3231,緯創資通,0.0,9000,股
2026-03-05,5347,世界先進,0.0,9000,股
2026-03-05,8210,勤誠興業,0.0,1000,股
2026-03-05,PB_NTD,PAYABLES,-0.05,-14072750,元
2026-03-05,DA_NTD,AFTER DEDUCTING SECURITIES PURCHASES AMOUNT,-0.41,-108423657,元
2026-03-06,2330,台灣積體,19.72,2730000,股
2026-03-06,8299,群聯電子,8.46,1250000,股
2026-03-06,2383,台光電子,7.22,800000,股
2026-03-06,2408,南亞科技,7.13,8000000,股
2026-03-06,2308,台達電子,5.55,1100000,股
2026-03-06,3037,欣興電子,5.28,3200000,股
2026-03-06,7769,鴻勁精密,5.08,315000,股
2026-03-06,5274,信驊科技,3.71,100000,股
2026-03-06,6223,旺矽科技,3.12,275000,股
2026-03-06,2345,智邦科技,3.08,550000,股
2026-03-06,3017,奇鋐科技,3.03,430000,股
2026-03-06,2368,金像電子,2.66,880000,股
2026-03-06,3653,健策精密,2.61,200000,股
2026-03-06,6274,台燿科技,2.6,1350000,股
2026-03-06,3189,景碩科技,2.56,2300000,股
2026-03-06,6442,光紅建聖,2.46,340000,股
2026-03-06,2404,漢唐集成,2.31,550000,股
2026-03-06,3711,日月光投,2.22,1700000,股
2026-03-06,1303,南亞塑膠,2.2,7000000,股
2026-03-06,2449,京元電子,2.18,2000000,股
2026-03-06,2337,旺宏電子,1.84,4700000,股
2026-03-06,2344,華邦電子,1.79,4400000,股
2026-03-06,2603,長榮海運,1.62,2009000,股
2026-03-06,6515,穎崴科技,0.02,1000,股
2026-03-06,6669,緯穎科技,0.02,1000,股
2026-03-06,1477,聚陽實業,0.01,9000,股
2026-03-06,2059,川湖科技,0.01,1000,股
2026-03-06,2313,華通電腦,0.01,9000,股
2026-03-06,2317,鴻海精密,0.01,9000,股
2026-03-06,2327,國巨股份,0.01,9000,股
2026-03-06,2360,致茂電子,0.01,1000,股
2026-03-06,2382,廣達電腦,0.01,9000,股
2026-03-06,2454,聯發科技,0.01,1000,股
2026-03-06,2645,長榮航太,0.01,9000,股
2026-03-06,3044,健鼎科技,0.01,9000,股
2026-03-06,3443,創意電子,0.01,1000,股
2026-03-06,3661,世芯-KY,0.01,1000,股
2026-03-06,3665,貿聯-KY,0.01,1000,股
2026-03-06,6239,力成科技,0.01,9000,股
2026-03-06,6510,中華精測,0.01,1000,股
2026-03-06,1519,華城電機,0.0,1000,股
2026-03-06,1590,亞德客-KY,0.0,1000,股
2026-03-06,2881,富邦金融,0.0,9000,股
2026-03-06,2882,國泰金融,0.0,9000,股
2026-03-06,2885,元大金融,0.0,9000,股
2026-03-06,2891,中國信託,0.0,9000,股
2026-03-06,3036,文曄科技,0.0,1000,股
2026-03-06,3231,緯創資通,0.0,9000,股
2026-03-06,5347,世界先進,0.0,9000,股
2026-03-06,8210,勤誠興業,0.0,1000,股
2026-03-06,PB_NTD,PAYABLES,0.0,0,元
2026-03-06,DA_NTD,AFTER DEDUCTING SECURITIES PURCHASES AMOUNT,-1.13,-295947365,元
2026-03-09,2330,台灣積體,20.01,2730000,股
2026-03-09,8299,群聯電子,8.13,1250000,股
2026-03-09,2383,台光電子,7.05,800000,股
2026-03-09,2408,南亞科技,6.8,8000000,股
2026-03-09,2308,台達電子,5.44,1100000,股
2026-03-09,3037,欣興電子,5.04,3200000,股
2026-03-09,7769,鴻勁精密,5.01,315000,股
2026-03-09,5274,信驊科技,3.75,100000,股
2026-03-09,2345,智邦科技,3.07,550000,股
2026-03-09,6223,旺矽科技,3.03,275000,股
2026-03-09,3017,奇鋐科技,2.9,430000,股
2026-03-09,2368,金像電子,2.71,880000,股
2026-03-09,3653,健策精密,2.58,200000,股
2026-03-09,3189,景碩科技,2.46,2300000,股
2026-03-09,2404,漢唐集成,2.38,550000,股
2026-03-09,6442,光紅建聖,2.36,340000,股
2026-03-09,DA_NTD,AFTER DEDUCTING SECURITIES PURCHASES AMOUNT,2.28,563970313,元
2026-03-09,2449,京元電子,2.2,2000000,股
2026-03-09,3711,日月光投,2.2,1700000,股
2026-03-09,6274,台燿科技,2.12,1150000,股
2026-03-09,1303,南亞塑膠,2.1,7000000,股
2026-03-09,2344,華邦電子,1.8,4400000,股
2026-03-09,2337,旺宏電子,1.76,4700000,股
2026-03-09,2603,長榮海運,1.71,2009000,股
2026-03-09,6515,穎崴科技,0.02,1000,股
2026-03-09,6669,緯穎科技,0.02,1000,股
2026-03-09,1477,聚陽實業,0.01,9000,股
2026-03-09,2059,川湖科技,0.01,1000,股
2026-03-09,2313,華通電腦,0.01,9000,股
2026-03-09,2317,鴻海精密,0.01,9000,股
2026-03-09,2327,國巨股份,0.01,9000,股
2026-03-09,2360,致茂電子,0.01,1000,股
2026-03-09,2382,廣達電腦,0.01,9000,股
2026-03-09,2454,聯發科技,0.01,1000,股
2026-03-09,2645,長榮航太,0.01,9000,股
2026-03-09,3044,健鼎科技,0.01,9000,股
2026-03-09,3231,緯創資通,0.01,9000,股
2026-03-09,3443,創意電子,0.01,1000,股
2026-03-09,3661,世芯-KY,0.01,1000,股
2026-03-09,3665,貿聯-KY,0.01,1000,股
2026-03-09,6239,力成科技,0.01,9000,股
2026-03-09,6510,中華精測,0.01,1000,股
2026-03-09,1519,華城電機,0.0,1000,股
2026-03-09,1590,亞德客-KY,0.0,1000,股
2026-03-09,2881,富邦金融,0.0,9000,股
2026-03-09,2882,國泰金融,0.0,9000,股
2026-03-09,2885,元大金融,0.0,9000,股
2026-03-09,2891,中國信託,0.0,9000,股
2026-03-09,3036,文曄科技,0.0,1000,股
2026-03-09,5347,世界先進,0.0,9000,股
2026-03-09,8210,勤誠興業,0.0,1000,股
2026-03-09,PB_NTD,PAYABLES,-0.25,-62500905,元
2026-03-10,2330,台灣積體,19.5,2730000,股
2026-03-10,8299,群聯電子,8.42,1250000,股
2026-03-10,2383,台光電子,7.33,800000,股
2026-03-10,2408,南亞科技,7.13,8000000,股
2026-03-10,2308,台達電子,5.48,1100000,股
2026-03-10,3037,欣興電子,5.24,3200000,股
2026-03-10,7769,鴻勁精密,4.99,315000,股
2026-03-10,5274,信驊科技,3.64,100000,股
2026-03-10,6223,旺矽科技,3.17,275000,股
2026-03-10,2345,智邦科技,3.05,550000,股
2026-03-10,3017,奇鋐科技,2.81,430000,股
2026-03-10,2368,金像電子,2.78,880000,股
2026-03-10,3653,健策精密,2.7,200000,股
2026-03-10,3189,景碩科技,2.43,2300000,股
2026-03-10,2449,京元電子,2.26,2000000,股
2026-03-10,6442,光紅建聖,2.24,340000,股
2026-03-10,2404,漢唐集成,2.21,550000,股
2026-03-10,3711,日月光投,2.2,1700000,股
2026-03-10,1303,南亞塑膠,2.1,7000000,股
2026-03-10,6274,台燿科技,2.07,1150000,股
2026-03-10,3665,貿聯-KY,1.93,320000,股
2026-03-10,6515,穎崴科技,1.9,90000,股
2026-03-10,2344,華邦電子,1.79,4400000,股
2026-03-10,2337,旺宏電子,1.65,4700000,股
2026-03-10,6669,緯穎科技,0.02,1000,股
2026-03-10,1477,聚陽實業,0.01,9000,股
2026-03-10,2059,川湖科技,0.01,1000,股
2026-03-10,2313,華通電腦,0.01,9000,股
2026-03-10,2317,鴻海精密,0.01,9000,股
2026-03-10,2327,國巨股份,0.01,9000,股
2026-03-10,2360,致茂電子,0.01,1000,股
2026-03-10,2382,廣達電腦,0.01,9000,股
2026-03-10,2454,聯發科技,0.01,1000,股
2026-03-10,2603,長榮海運,0.01,9000,股
2026-03-10,2645,長榮航太,0.01,9000,股
2026-03-10,3044,健鼎科技,0.01,9000,股
2026-03-10,3443,創意電子,0.01,1000,股
2026-03-10,3661,世芯-KY,0.01,1000,股
2026-03-10,6239,力成科技,0.01,9000,股
2026-03-10,6510,中華精測,0.01,1000,股
2026-03-10,1519,華城電機,0.0,1000,股
2026-03-10,1590,亞德客-KY,0.0,1000,股
2026-03-10,2881,富邦金融,0.0,9000,股
2026-03-10,2882,國泰金融,0.0,9000,股
2026-03-10,2885,元大金融,0.0,9000,股
2026-03-10,2891,中國信託,0.0,9000,股
2026-03-10,3036,文曄科技,0.0,1000,股
2026-03-10,3231,緯創資通,0.0,9000,股
2026-03-10,5347,世界先進,0.0,9000,股
2026-03-10,8210,勤誠興業,0.0,1000,股
2026-03-10,PB_NTD,PAYABLES,0.0,0,元
2026-03-10,DA_NTD,AFTER DEDUCTING SECURITIES PURCHASES AMOUNT,-1.1,-285103547,元
2026-03-11,2330,台灣積體,19.25,2730000,股
2026-03-11,8299,群聯電子,8.59,1250000,股
2026-03-11,2408,南亞科技,7.39,8000000,股
2026-03-11,2383,台光電子,7.12,800000,股
2026-03-11,2308,台達電子,5.6,1100000,股
2026-03-11,3037,欣興電子,5.42,3200000,股
2026-03-11,7769,鴻勁精密,4.95,315000,股
2026-03-11,5274,信驊科技,3.29,90000,股
2026-03-11,6223,旺矽科技,3.28,275000,股
2026-03-11,2345,智邦科技,2.97,550000,股
2026-03-11,3017,奇鋐科技,2.91,430000,股
2026-03-11,2368,金像電子,2.87,880000,股
2026-03-11,3653,健策精密,2.53,200000,股
2026-03-11,3189,景碩科技,2.43,2300000,股
2026-03-11,6442,光紅建聖,2.24,340000,股
2026-03-11,2449,京元電子,2.23,2000000,股
2026-03-11,2404,漢唐集成,2.17,550000,股
2026-03-11,3711,日月光投,2.14,1700000,股
2026-03-11,1303,南亞塑膠,2.1,7000000,股
2026-03-11,6274,台燿科技,2.04,1150000,股
2026-03-11,3665,貿聯-KY,1.93,320000,股
2026-03-11,6515,穎崴科技,1.93,90000,股
2026-03-11,2344,華邦電子,1.82,4400000,股
2026-03-11,2337,旺宏電子,1.7,4700000,股
2026-03-11,6669,緯穎科技,0.02,1000,股
2026-03-11,2059,川湖科技,0.01,1000,股
2026-03-11,2313,華通電腦,0.01,9000,股
2026-03-11,2317,鴻海精密,0.01,9000,股
2026-03-11,2327,國巨股份,0.01,9000,股
2026-03-11,2360,致茂電子,0.01,1000,股
2026-03-11,2382,廣達電腦,0.01,9000,股
2026-03-11,2454,聯發科技,0.01,1000,股
2026-03-11,2603,長榮海運,0.01,9000,股
2026-03-11,3044,健鼎科技,0.01,9000,股
2026-03-11,6239,力成科技,0.01,9000,股
2026-03-11,6510,中華精測,0.01,1000,股
2026-03-11,1477,聚陽實業,0.0,1000,股
2026-03-11,1519,華城電機,0.0,1000,股
2026-03-11,1590,亞德客-KY,0.0,1000,股
2026-03-11,2412,中華電信,0.0,1000,股
2026-03-11,2645,長榮航太,0.0,1000,股
2026-03-11,2881,富邦金融,0.0,9000,股
2026-03-11,2882,國泰金融,0.0,9000,股
2026-03-11,2885,元大金融,0.0,9000,股
2026-03-11,2891,中國信託,0.0,9000,股
2026-03-11,3036,文曄科技,0.0,1000,股
2026-03-11,3045,台灣大哥,0.0,1000,股
2026-03-11,3231,緯創資通,0.0,9000,股
2026-03-11,5347,世界先進,0.0,9000,股
2026-03-11,8210,勤誠興業,0.0,1000,股
2026-03-11,PFUR_NTD,PAYABLES FOR UNITS REDEEMED,-0.18,-49586112,元
2026-03-11,DA_NTD,AFTER DEDUCTING SECURITIES PURCHASES AMOUNT,-0.71,-194757941,元
2026-03-12,2330,台灣積體,18.91,2730000,股
2026-03-12,8299,群聯電子,8.31,1250000,股
2026-03-12,2383,台光電子,7.64,800000,股
2026-03-12,2408,南亞科技,7.04,8000000,股
2026-03-12,3037,欣興電子,5.64,3200000,股
2026-03-12,2308,台達電子,5.54,1100000,股
2026-03-12,7769,鴻勁精密,5.01,315000,股
2026-03-12,6223,旺矽科技,3.65,275000,股
2026-03-12,5274,信驊科技,3.47,90000,股
2026-03-12,2345,智邦科技,3.04,550000,股
2026-03-12,3017,奇鋐科技,2.96,430000,股
2026-03-12,2368,金像電子,2.95,880000,股
2026-03-12,3653,健策精密,2.53,200000,股
2026-03-12,3189,景碩科技,2.44,2300000,股
2026-03-12,2449,京元電子,2.21,2000000,股
2026-03-12,2404,漢唐集成,2.15,550000,股
2026-03-12,6442,光紅建聖,2.11,340000,股
2026-03-12,3711,日月光投,2.09,1700000,股
2026-03-12,6515,穎崴科技,2.09,90000,股
2026-03-12,1303,南亞塑膠,1.99,7000000,股
2026-03-12,3665,貿聯-KY,1.92,320000,股
2026-03-12,2344,華邦電子,1.76,4400000,股
2026-03-12,2337,旺宏電子,1.71,4700000,股
2026-03-12,DA_NTD,AFTER DEDUCTING SECURITIES PURCHASES AMOUNT,0.78,212952771,元
2026-03-12,6510,中華精測,0.02,1000,股
2026-03-12,6669,緯穎科技,0.02,1000,股
2026-03-12,2059,川湖科技,0.01,1000,股
2026-03-12,2313,華通電腦,0.01,9000,股
2026-03-12,2317,鴻海精密,0.01,9000,股
2026-03-12,2327,國巨股份,0.01,9000,股
2026-03-12,2360,致茂電子,0.01,1000,股
2026-03-12,2382,廣達電腦,0.01,9000,股
2026-03-12,2454,聯發科技,0.01,1000,股
2026-03-12,2603,長榮海運,0.01,9000,股
2026-03-12,6239,力成科技,0.01,9000,股
2026-03-12,1477,聚陽實業,0.0,1000,股
2026-03-12,1519,華城電機,0.0,1000,股
2026-03-12,1590,亞德客-KY,0.0,1000,股
2026-03-12,2412,中華電信,0.0,1000,股
2026-03-12,2645,長榮航太,0.0,1000,股
2026-03-12,2881,富邦金融,0.0,9000,股
2026-03-12,2882,國泰金融,0.0,9000,股
2026-03-12,2885,元大金融,0.0,9000,股
2026-03-12,2891,中國信託,0.0,9000,股
2026-03-12,3036,文曄科技,0.0,1000,股
2026-03-12,3044,健鼎科技,0.0,1000,股
2026-03-12,3045,台灣大哥,0.0,1000,股
2026-03-12,3231,緯創資通,0.0,9000,股
2026-03-12,5347,世界先進,0.0,9000,股
2026-03-12,6274,台燿科技,0.0,1000,股
2026-03-12,8210,勤誠興業,0.0,1000,股
2026-03-12,PFUR_NTD,PAYABLES FOR UNITS REDEEMED,-0.39,-104884983,元
2026-03-13,2330,台灣積體,18.72,2730000,股
2026-03-13,8299,群聯電子,8.27,1250000,股
2026-03-13,2383,台光電子,7.96,800000,股
2026-03-13,2408,南亞科技,7.0,8000000,股
2026-03-13,3037,欣興電子,5.98,3200000,股
2026-03-13,2308,台達電子,5.6,1100000,股
2026-03-13,7769,鴻勁精密,4.72,325000,股
2026-03-13,6223,旺矽科技,3.59,275000,股
2026-03-13,5274,信驊科技,3.47,90000,股
2026-03-13,2368,金像電子,3.03,880000,股
2026-03-13,3017,奇鋐科技,2.95,430000,股
2026-03-13,2345,智邦科技,2.87,550000,股
2026-03-13,3189,景碩科技,2.69,2300000,股
2026-03-13,2449,京元電子,2.17,2000000,股
2026-03-13,1303,南亞塑膠,2.15,7000000,股
2026-03-13,3711,日月光投,2.14,1700000,股
2026-03-13,6442,光紅建聖,2.11,340000,股
2026-03-13,6515,穎崴科技,2.08,90000,股
2026-03-13,2404,漢唐集成,2.04,550000,股
2026-03-13,3653,健策精密,2.03,170000,股
2026-03-13,2337,旺宏電子,1.88,4700000,股
2026-03-13,3665,貿聯-KY,1.87,320000,股
2026-03-13,2344,華邦電子,1.76,4400000,股
2026-03-13,DA_NTD,AFTER DEDUCTING SECURITIES PURCHASES AMOUNT,1.05,284714043,元
2026-03-13,6669,緯穎科技,0.02,1000,股
2026-03-13,2059,川湖科技,0.01,1000,股
2026-03-13,2313,華通電腦,0.01,9000,股
2026-03-13,2317,鴻海精密,0.01,9000,股
2026-03-13,2327,國巨股份,0.01,9000,股
2026-03-13,2360,致茂電子,0.01,1000,股
2026-03-13,2382,廣達電腦,0.01,9000,股
2026-03-13,2454,聯發科技,0.01,1000,股
2026-03-13,2603,長榮海運,0.01,9000,股
2026-03-13,6510,中華精測,0.01,1000,股
2026-03-13,1477,聚陽實業,0.0,1000,股
2026-03-13,1519,華城電機,0.0,1000,股
2026-03-13,1590,亞德客-KY,0.0,1000,股
2026-03-13,2412,中華電信,0.0,1000,股
2026-03-13,2645,長榮航太,0.0,1000,股
2026-03-13,2881,富邦金融,0.0,9000,股
2026-03-13,2882,國泰金融,0.0,9000,股
2026-03-13,2885,元大金融,0.0,9000,股
2026-03-13,2891,中國信託,0.0,9000,股
2026-03-13,3036,文曄科技,0.0,1000,股
2026-03-13,3044,健鼎科技,0.0,1000,股
2026-03-13,3045,台灣大哥,0.0,1000,股
2026-03-13,3231,緯創資通,0.0,9000,股
2026-03-13,5347,世界先進,0.0,9000,股
2026-03-13,6239,力成科技,0.0,1000,股
2026-03-13,6274,台燿科技,0.0,1000,股
2026-03-13,8210,勤誠興業,0.0,1000,股
2026-03-13,PFUR_NTD,PAYABLES FOR UNITS REDEEMED,-0.52,-141772011,元
2026-03-16,2330,台灣積體,18.17,2730000,股
2026-03-16,8299,群聯電子,8.93,1250000,股
2026-03-16,2408,南亞科技,7.55,8000000,股
2026-03-16,2383,台光電子,7.46,800000,股
2026-03-16,3037,欣興電子,6.34,3200000,股
2026-03-16,2308,台達電子,5.4,1100000,股
2026-03-16,7769,鴻勁精密,4.78,325000,股
2026-03-16,6223,旺矽科技,3.54,275000,股
2026-03-16,5274,信驊科技,3.34,90000,股
2026-03-16,2368,金像電子,2.89,880000,股
2026-03-16,3017,奇鋐科技,2.84,430000,股
2026-03-16,3189,景碩科技,2.8,2300000,股
2026-03-16,2345,智邦科技,2.76,550000,股
2026-03-16,1303,南亞塑膠,2.25,7000000,股
2026-03-16,8046,南亞電路,2.25,1100000,股
2026-03-16,6442,光紅建聖,2.13,340000,股
2026-03-16,2449,京元電子,2.08,2000000,股
2026-03-16,3653,健策精密,2.08,170000,股
2026-03-16,3711,日月光投,2.07,1700000,股
2026-03-16,2337,旺宏電子,2.02,4700000,股
2026-03-16,6515,穎崴科技,2.0,90000,股
2026-03-16,3665,貿聯-KY,1.9,320000,股
2026-03-16,2344,華邦電子,1.86,4400000,股
2026-03-16,2404,漢唐集成,1.64,470000,股
2026-03-16,DA_NTD,AFTER DEDUCTING SECURITIES PURCHASES AMOUNT,0.55,151537030,元
2026-03-16,2059,川湖科技,0.01,1000,股
2026-03-16,2313,華通電腦,0.01,9000,股
2026-03-16,2317,鴻海精密,0.01,9000,股
2026-03-16,2327,國巨股份,0.01,9000,股
2026-03-16,2360,致茂電子,0.01,1000,股
2026-03-16,2382,廣達電腦,0.01,9000,股
2026-03-16,2454,聯發科技,0.01,1000,股
2026-03-16,2603,長榮海運,0.01,9000,股
2026-03-16,6510,中華精測,0.01,1000,股
2026-03-16,6669,緯穎科技,0.01,1000,股
2026-03-16,1477,聚陽實業,0.0,1000,股
2026-03-16,1519,華城電機,0.0,1000,股
2026-03-16,1590,亞德客-KY,0.0,1000,股
2026-03-16,2412,中華電信,0.0,1000,股
2026-03-16,2645,長榮航太,0.0,1000,股
2026-03-16,2881,富邦金融,0.0,9000,股
2026-03-16,2882,國泰金融,0.0,9000,股
2026-03-16,2885,元大金融,0.0,9000,股
2026-03-16,2891,中國信託,0.0,9000,股
2026-03-16,3036,文曄科技,0.0,1000,股
2026-03-16,3044,健鼎科技,0.0,1000,股
2026-03-16,3045,台灣大哥,0.0,1000,股
2026-03-16,3231,緯創資通,0.0,9000,股
2026-03-16,5347,世界先進,0.0,9000,股
2026-03-16,6274,台燿科技,0.0,1000,股
2026-03-16,8210,勤誠興業,0.0,1000,股
2026-03-16,PFUR_NTD,PAYABLES FOR UNITS REDEEMED,-0.33,-92185899,元
2026-03-17,2330,台灣積體,18.07,2730000,股
2026-03-17,8299,群聯電子,8.61,1250000,股
2026-03-17,2408,南亞科技,7.69,8000000,股
2026-03-17,2383,台光電子,7.65,800000,股
2026-03-17,3037,欣興電子,6.15,3200000,股
2026-03-17,2308,台達電子,5.61,1100000,股
2026-03-17,7769,鴻勁精密,4.87,325000,股
2026-03-17,5274,信驊科技,3.61,90000,股
2026-03-17,6223,旺矽科技,3.49,275000,股
2026-03-17,3017,奇鋐科技,2.9,430000,股
2026-03-17,2368,金像電子,2.86,880000,股
2026-03-17,2345,智邦科技,2.83,550000,股
2026-03-17,3189,景碩科技,2.78,2300000,股
2026-03-17,3653,健策精密,2.24,170000,股
2026-03-17,2337,旺宏電子,2.17,4700000,股
2026-03-17,1303,南亞塑膠,2.12,7000000,股
2026-03-17,8046,南亞電路,2.12,1100000,股
2026-03-17,6515,穎崴科技,2.11,90000,股
2026-03-17,2449,京元電子,2.08,2000000,股
2026-03-17,3711,日月光投,2.06,1700000,股
2026-03-17,6442,光紅建聖,2.03,340000,股
2026-03-17,3665,貿聯-KY,1.97,320000,股
2026-03-17,2344,華邦電子,1.92,4400000,股
2026-03-17,DA_NTD,AFTER DEDUCTING SECURITIES PURCHASES AMOUNT,0.7,197794545,元
2026-03-17,2059,川湖科技,0.01,1000,股
2026-03-17,2313,華通電腦,0.01,9000,股
2026-03-17,2317,鴻海精密,0.01,9000,股
2026-03-17,2327,國巨股份,0.01,9000,股
2026-03-17,2360,致茂電子,0.01,1000,股
2026-03-17,2382,廣達電腦,0.01,9000,股
2026-03-17,2454,聯發科技,0.01,1000,股
2026-03-17,2603,長榮海運,0.01,9000,股
2026-03-17,6510,中華精測,0.01,1000,股
2026-03-17,6669,緯穎科技,0.01,1000,股
2026-03-17,1477,聚陽實業,0.0,1000,股
2026-03-17,1519,華城電機,0.0,1000,股
2026-03-17,1590,亞德客-KY,0.0,1000,股
2026-03-17,2404,漢唐集成,0.0,1000,股
2026-03-17,2412,中華電信,0.0,1000,股
2026-03-17,2645,長榮航太,0.0,1000,股
2026-03-17,2881,富邦金融,0.0,9000,股
2026-03-17,2882,國泰金融,0.0,9000,股
2026-03-17,2885,元大金融,0.0,9000,股
2026-03-17,2891,中國信託,0.0,9000,股
2026-03-17,3036,文曄科技,0.0,1000,股
2026-03-17,3044,健鼎科技,0.0,1000,股
2026-03-17,3045,台灣大哥,0.0,1000,股
2026-03-17,3231,緯創資通,0.0,9000,股
2026-03-17,5347,世界先進,0.0,9000,股
2026-03-17,6274,台燿科技,0.0,1000,股
2026-03-17,8210,勤誠興業,0.0,1000,股
2026-03-17,PFUR_NTD,PAYABLES FOR UNITS REDEEMED,-0.58,-165193388,元
2026-03-18,2330,台灣積體,17.78,2730000,股
2026-03-18,8299,群聯電子,8.44,1250000,股
2026-03-18,2408,南亞科技,7.83,8300000,股
2026-03-18,2383,台光電子,7.38,800000,股
2026-03-18,3037,欣興電子,6.34,3200000,股
2026-03-18,2308,台達電子,5.51,1100000,股
2026-03-18,7769,鴻勁精密,4.87,325000,股
2026-03-18,5274,信驊科技,3.8,90000,股
2026-03-18,6223,旺矽科技,3.51,275000,股
2026-03-18,2345,智邦科技,3.01,550000,股
2026-03-18,3189,景碩科技,2.87,2300000,股
2026-03-18,2368,金像電子,2.76,880000,股
2026-03-18,3017,奇鋐科技,2.72,430000,股
2026-03-18,2337,旺宏電子,2.31,4700000,股
2026-03-18,3653,健策精密,2.31,170000,股
2026-03-18,8046,南亞電路,2.29,1180000,股
2026-03-18,6515,穎崴科技,2.22,90000,股
2026-03-18,2449,京元電子,2.21,2000000,股
2026-03-18,6442,光紅建聖,2.15,340000,股
2026-03-18,3711,日月光投,2.08,1700000,股
2026-03-18,1303,南亞塑膠,2.06,7000000,股
2026-03-18,2344,華邦電子,1.93,4400000,股
2026-03-18,3665,貿聯-KY,1.85,320000,股
2026-03-18,DA_NTD,AFTER DEDUCTING SECURITIES PURCHASES AMOUNT,0.61,179127088,元
2026-03-18,2059,川湖科技,0.01,1000,股
2026-03-18,2313,華通電腦,0.01,9000,股
2026-03-18,2317,鴻海精密,0.01,9000,股
2026-03-18,2327,國巨股份,0.01,9000,股
2026-03-18,2360,致茂電子,0.01,1000,股
2026-03-18,2382,廣達電腦,0.01,9000,股
2026-03-18,2454,聯發科技,0.01,1000,股
2026-03-18,2603,長榮海運,0.01,9000,股
2026-03-18,6510,中華精測,0.01,1000,股
2026-03-18,6669,緯穎科技,0.01,1000,股
2026-03-18,1477,聚陽實業,0.0,1000,股
2026-03-18,1519,華城電機,0.0,1000,股
2026-03-18,1590,亞德客-KY,0.0,1000,股
2026-03-18,2404,漢唐集成,0.0,1000,股
2026-03-18,2412,中華電信,0.0,1000,股
2026-03-18,2645,長榮航太,0.0,1000,股
2026-03-18,2881,富邦金融,0.0,9000,股
2026-03-18,2882,國泰金融,0.0,9000,股
2026-03-18,2885,元大金融,0.0,9000,股
2026-03-18,2891,中國信託,0.0,9000,股
2026-03-18,3036,文曄科技,0.0,1000,股
2026-03-18,3044,健鼎科技,0.0,1000,股
2026-03-18,3045,台灣大哥,0.0,1000,股
2026-03-18,3231,緯創資通,0.0,9000,股
2026-03-18,5347,世界先進,0.0,9000,股
2026-03-18,6274,台燿科技,0.0,1000,股
2026-03-18,8210,勤誠興業,0.0,1000,股
2026-03-18,PB_NTD,PAYABLES,-0.01,-4330170,元
2026-03-18,PFUR_NTD,PAYABLES FOR UNITS REDEEMED,-0.44,-128306360,元
2026-03-19,2330,台灣積體,17.26,2730000,股
2026-03-19,8299,群聯電子,8.57,1280000,股
2026-03-19,2383,台光電子,7.9,800000,股
2026-03-19,2408,南亞科技,7.38,8300000,股
2026-03-19,3037,欣興電子,6.35,3200000,股
2026-03-19,2308,台達電子,5.47,1100000,股
2026-03-19,7769,鴻勁精密,4.62,325000,股
2026-03-19,5274,信驊科技,3.71,90000,股
2026-03-19,6223,旺矽科技,3.44,275000,股
2026-03-19,2345,智邦科技,3.15,580000,股
2026-03-19,2368,金像電子,3.02,880000,股
2026-03-19,3189,景碩科技,3.01,2300000,股
2026-03-19,3017,奇鋐科技,2.96,430000,股
2026-03-19,2337,旺宏電子,2.52,4700000,股
2026-03-19,8046,南亞電路,2.49,1300000,股
2026-03-19,3653,健策精密,2.27,170000,股
2026-03-19,6442,光紅建聖,2.24,340000,股
2026-03-19,6515,穎崴科技,2.22,90000,股
2026-03-19,2449,京元電子,2.16,2000000,股
2026-03-19,3711,日月光投,2.02,1700000,股
2026-03-19,1303,南亞塑膠,2.01,7000000,股
2026-03-19,3665,貿聯-KY,1.88,320000,股
2026-03-19,DA_NTD,AFTER DEDUCTING SECURITIES PURCHASES AMOUNT,1.84,539515532,元
2026-03-19,2344,華邦電子,1.83,4400000,股
2026-03-19,2059,川湖科技,0.01,1000,股
2026-03-19,2313,華通電腦,0.01,9000,股
2026-03-19,2317,鴻海精密,0.01,9000,股
2026-03-19,2327,國巨股份,0.01,9000,股
2026-03-19,2360,致茂電子,0.01,1000,股
2026-03-19,2382,廣達電腦,0.01,9000,股
2026-03-19,2454,聯發科技,0.01,1000,股
2026-03-19,2603,長榮海運,0.01,9000,股
2026-03-19,6510,中華精測,0.01,1000,股
2026-03-19,6669,緯穎科技,0.01,1000,股
2026-03-19,1477,聚陽實業,0.0,1000,股
2026-03-19,1519,華城電機,0.0,1000,股
2026-03-19,1590,亞德客-KY,0.0,1000,股
2026-03-19,2404,漢唐集成,0.0,1000,股
2026-03-19,2412,中華電信,0.0,1000,股
2026-03-19,2645,長榮航太,0.0,1000,股
2026-03-19,2881,富邦金融,0.0,9000,股
2026-03-19,2882,國泰金融,0.0,9000,股
2026-03-19,2885,元大金融,0.0,9000,股
2026-03-19,2891,中國信託,0.0,9000,股
2026-03-19,3036,文曄科技,0.0,1000,股
2026-03-19,3044,健鼎科技,0.0,1000,股
2026-03-19,3045,台灣大哥,0.0,1000,股
2026-03-19,3231,緯創資通,0.0,9000,股
2026-03-19,5347,世界先進,0.0,9000,股
2026-03-19,6274,台燿科技,0.0,1000,股
2026-03-19,8210,勤誠興業,0.0,1000,股
2026-03-19,PB_NTD,PAYABLES,-0.03,-9696442,元
2026-03-19,PFUR_NTD,PAYABLES FOR UNITS REDEEMED,-0.44,-128306360,元
2026-03-20,2330,台灣積體,17.31,2730000,股
2026-03-20,8299,群聯電子,8.58,1300000,股
2026-03-20,2383,台光電子,7.75,800000,股
2026-03-20,2408,南亞科技,6.69,8300000,股
2026-03-20,3037,欣興電子,6.11,3200000,股
2026-03-20,2308,台達電子,5.59,1100000,股
2026-03-20,7769,鴻勁精密,4.6,325000,股
2026-03-20,6223,旺矽科技,3.66,275000,股
2026-03-20,5274,信驊科技,3.65,90000,股
2026-03-20,2345,智邦科技,3.33,600000,股
2026-03-20,3017,奇鋐科技,3.18,450000,股
2026-03-20,3189,景碩科技,3.01,2300000,股
2026-03-20,2368,金像電子,3.0,880000,股
2026-03-20,2337,旺宏電子,2.59,4700000,股
2026-03-20,6515,穎崴科技,2.46,90000,股
2026-03-20,8046,南亞電路,2.42,1300000,股
2026-03-20,6442,光紅建聖,2.4,340000,股
2026-03-20,3653,健策精密,2.26,170000,股
2026-03-20,2449,京元電子,2.12,2000000,股
2026-03-20,3711,日月光投,2.02,1700000,股
2026-03-20,3665,貿聯-KY,2.01,320000,股
2026-03-20,1303,南亞塑膠,1.89,7000000,股
2026-03-20,2344,華邦電子,1.67,4400000,股
2026-03-20,DA_NTD,AFTER DEDUCTING SECURITIES PURCHASES AMOUNT,1.63,473928409,元
2026-03-20,2059,川湖科技,0.01,1000,股
2026-03-20,2313,華通電腦,0.01,9000,股
2026-03-20,2317,鴻海精密,0.01,9000,股
2026-03-20,2327,國巨股份,0.01,9000,股
2026-03-20,2360,致茂電子,0.01,1000,股
2026-03-20,2382,廣達電腦,0.01,9000,股
2026-03-20,2454,聯發科技,0.01,1000,股
2026-03-20,2603,長榮海運,0.01,9000,股
2026-03-20,6510,中華精測,0.01,1000,股
2026-03-20,6669,緯穎科技,0.01,1000,股
2026-03-20,1477,聚陽實業,0.0,1000,股
2026-03-20,1519,華城電機,0.0,1000,股
2026-03-20,1590,亞德客-KY,0.0,1000,股
2026-03-20,2404,漢唐集成,0.0,1000,股
2026-03-20,2412,中華電信,0.0,1000,股
2026-03-20,2645,長榮航太,0.0,1000,股
2026-03-20,2881,富邦金融,0.0,9000,股
2026-03-20,2882,國泰金融,0.0,9000,股
2026-03-20,2885,元大金融,0.0,9000,股
2026-03-20,2891,中國信託,0.0,9000,股
2026-03-20,3036,文曄科技,0.0,1000,股
2026-03-20,3044,健鼎科技,0.0,1000,股
2026-03-20,3045,台灣大哥,0.0,1000,股
2026-03-20,3231,緯創資通,0.0,9000,股
2026-03-20,5347,世界先進,0.0,9000,股
2026-03-20,6274,台燿科技,0.0,1000,股
2026-03-20,8210,勤誠興業,0.0,1000,股
2026-03-20,PFUR_NTD,PAYABLES FOR UNITS REDEEMED,0.0,0,元
2026-03-20,PB_NTD,PAYABLES,-0.07,-19163675,元
2026-03-23,2330,台灣積體,17.58,2730000,股
2026-03-23,8299,群聯電子,8.32,1300000,股
2026-03-23,2383,台光電子,7.95,800000,股
2026-03-23,2408,南亞科技,6.58,8300000,股
2026-03-23,3037,欣興電子,5.68,3200000,股
2026-03-23,2308,台達電子,5.52,1100000,股
2026-03-23,7769,鴻勁精密,4.57,325000,股
2026-03-23,5274,信驊科技,3.67,90000,股
2026-03-23,6223,旺矽科技,3.63,275000,股
2026-03-23,2345,智邦科技,3.45,620000,股
2026-03-23,3017,奇鋐科技,3.34,470000,股
2026-03-23,2368,金像電子,3.01,880000,股
2026-03-23,3189,景碩科技,2.83,2300000,股
2026-03-23,6515,穎崴科技,2.52,90000,股
2026-03-23,2337,旺宏電子,2.48,4700000,股
2026-03-23,8046,南亞電路,2.47,1300000,股
2026-03-23,3653,健策精密,2.33,170000,股
2026-03-23,6442,光紅建聖,2.24,340000,股
2026-03-23,2360,致茂電子,2.22,410000,股
2026-03-23,2449,京元電子,2.04,2000000,股
2026-03-23,3665,貿聯-KY,2.02,320000,股
2026-03-23,3711,日月光投,1.99,1700000,股
2026-03-23,2344,華邦電子,1.68,4400000,股
2026-03-23,DA_NTD,AFTER DEDUCTING SECURITIES PURCHASES AMOUNT,0.07,19274958,元
2026-03-23,2059,川湖科技,0.01,1000,股
2026-03-23,2313,華通電腦,0.01,9000,股
2026-03-23,2317,鴻海精密,0.01,9000,股
2026-03-23,2327,國巨股份,0.01,9000,股
2026-03-23,2382,廣達電腦,0.01,9000,股
2026-03-23,2454,聯發科技,0.01,1000,股
2026-03-23,2603,長榮海運,0.01,9000,股
2026-03-23,6510,中華精測,0.01,1000,股
2026-03-23,6669,緯穎科技,0.01,1000,股
2026-03-23,1303,南亞塑膠,0.0,1000,股
2026-03-23,1477,聚陽實業,0.0,1000,股
2026-03-23,1519,華城電機,0.0,1000,股
2026-03-23,1590,亞德客-KY,0.0,1000,股
2026-03-23,2404,漢唐集成,0.0,1000,股
2026-03-23,2412,中華電信,0.0,1000,股
2026-03-23,2645,長榮航太,0.0,1000,股
2026-03-23,2881,富邦金融,0.0,9000,股
2026-03-23,2882,國泰金融,0.0,9000,股
2026-03-23,2885,元大金融,0.0,9000,股
2026-03-23,2891,中國信託,0.0,9000,股
2026-03-23,3036,文曄科技,0.0,1000,股
2026-03-23,3044,健鼎科技,0.0,1000,股
2026-03-23,3045,台灣大哥,0.0,1000,股
2026-03-23,3231,緯創資通,0.0,9000,股
2026-03-23,5347,世界先進,0.0,9000,股
2026-03-23,6274,台燿科技,0.0,1000,股
2026-03-23,8210,勤誠興業,0.0,1000,股
2026-03-23,PB_NTD,PAYABLES,-0.12,-32780952,元
2026-03-24,2330,台灣積體,17.94,2730000,股
2026-03-24,8299,群聯電子,7.95,1300000,股
2026-03-24,2383,台光電子,7.8,800000,股
2026-03-24,2408,南亞科技,6.52,8300000,股
2026-03-24,2308,台達電子,5.65,1100000,股
2026-03-24,3037,欣興電子,5.34,3200000,股
2026-03-24,7769,鴻勁精密,4.39,325000,股
2026-03-24,6223,旺矽科技,3.8,285000,股
2026-03-24,2345,智邦科技,3.62,650000,股
2026-03-24,5274,信驊科技,3.57,90000,股
2026-03-24,3017,奇鋐科技,3.53,500000,股
2026-03-24,2368,金像電子,2.84,880000,股
2026-03-24,3189,景碩科技,2.68,2300000,股
2026-03-24,6515,穎崴科技,2.68,90000,股
2026-03-24,6442,光紅建聖,2.67,380000,股
2026-03-24,3653,健策精密,2.58,180000,股
2026-03-24,8046,南亞電路,2.5,1400000,股
2026-03-24,2360,致茂電子,2.47,460000,股
2026-03-24,2337,旺宏電子,2.33,4700000,股
2026-03-24,3711,日月光投,2.05,1700000,股
2026-03-24,2449,京元電子,2.02,2000000,股
2026-03-24,3665,貿聯-KY,2.01,320000,股
2026-03-24,2059,川湖科技,0.01,1000,股
2026-03-24,2313,華通電腦,0.01,9000,股
2026-03-24,2317,鴻海精密,0.01,9000,股
2026-03-24,2327,國巨股份,0.01,9000,股
2026-03-24,2382,廣達電腦,0.01,9000,股
2026-03-24,2454,聯發科技,0.01,1000,股
2026-03-24,2603,長榮海運,0.01,9000,股
2026-03-24,6510,中華精測,0.01,1000,股
2026-03-24,6669,緯穎科技,0.01,1000,股
2026-03-24,1303,南亞塑膠,0.0,1000,股
2026-03-24,1477,聚陽實業,0.0,1000,股
2026-03-24,1519,華城電機,0.0,1000,股
2026-03-24,1590,亞德客-KY,0.0,1000,股
2026-03-24,2344,華邦電子,0.0,9000,股
2026-03-24,2404,漢唐集成,0.0,1000,股
2026-03-24,2412,中華電信,0.0,1000,股
2026-03-24,2645,長榮航太,0.0,1000,股
2026-03-24,2881,富邦金融,0.0,9000,股
2026-03-24,2882,國泰金融,0.0,9000,股
2026-03-24,2885,元大金融,0.0,9000,股
2026-03-24,2891,中國信託,0.0,9000,股
2026-03-24,3036,文曄科技,0.0,1000,股
2026-03-24,3044,健鼎科技,0.0,1000,股
2026-03-24,3045,台灣大哥,0.0,1000,股
2026-03-24,3231,緯創資通,0.0,9000,股
2026-03-24,5347,世界先進,0.0,9000,股
2026-03-24,6274,台燿科技,0.0,1000,股
2026-03-24,8210,勤誠興業,0.0,1000,股
2026-03-24,PB_NTD,PAYABLES,-0.13,-35999832,元
2026-03-24,DA_NTD,AFTER DEDUCTING SECURITIES PURCHASES AMOUNT,-0.37,-102808224,元
2026-03-25,2330,台灣積體,17.39,2730000,股
2026-03-25,2383,台光電子,7.86,800000,股
2026-03-25,8299,群聯電子,7.74,1300000,股
2026-03-25,2408,南亞科技,6.65,8500000,股
2026-03-25,2308,台達電子,5.89,1100000,股
2026-03-25,3037,欣興電子,5.59,3200000,股
2026-03-25,7769,鴻勁精密,4.34,325000,股
2026-03-25,2345,智邦科技,3.78,650000,股
2026-03-25,6223,旺矽科技,3.69,285000,股
2026-03-25,3017,奇鋐科技,3.63,500000,股
2026-03-25,5274,信驊科技,3.57,90000,股
2026-03-25,2368,金像電子,3.02,950000,股
2026-03-25,8046,南亞電路,2.8,1500000,股
2026-03-25,3189,景碩科技,2.79,2300000,股
2026-03-25,6442,光紅建聖,2.79,380000,股
2026-03-25,6515,穎崴科技,2.63,90000,股
2026-03-25,2360,致茂電子,2.58,460000,股
2026-03-25,3653,健策精密,2.45,180000,股
2026-03-25,2337,旺宏電子,2.3,4700000,股
2026-03-25,3711,日月光投,2.07,1700000,股
2026-03-25,2449,京元電子,1.99,2000000,股
2026-03-25,3665,貿聯-KY,1.99,320000,股
2026-03-25,DA_NTD,AFTER DEDUCTING SECURITIES PURCHASES AMOUNT,0.83,240248806,元
2026-03-25,2059,川湖科技,0.01,1000,股
2026-03-25,2313,華通電腦,0.01,9000,股
2026-03-25,2317,鴻海精密,0.01,9000,股
2026-03-25,2327,國巨股份,0.01,9000,股
2026-03-25,2382,廣達電腦,0.01,9000,股
2026-03-25,2454,聯發科技,0.01,1000,股
2026-03-25,2603,長榮海運,0.01,9000,股
2026-03-25,6510,中華精測,0.01,1000,股
2026-03-25,6669,緯穎科技,0.01,1000,股
2026-03-25,1303,南亞塑膠,0.0,1000,股
2026-03-25,1477,聚陽實業,0.0,1000,股
2026-03-25,1519,華城電機,0.0,1000,股
2026-03-25,1590,亞德客-KY,0.0,1000,股
2026-03-25,2344,華邦電子,0.0,9000,股
2026-03-25,2404,漢唐集成,0.0,1000,股
2026-03-25,2412,中華電信,0.0,1000,股
2026-03-25,2645,長榮航太,0.0,1000,股
2026-03-25,2881,富邦金融,0.0,9000,股
2026-03-25,2882,國泰金融,0.0,9000,股
2026-03-25,2885,元大金融,0.0,9000,股
2026-03-25,2891,中國信託,0.0,9000,股
2026-03-25,3036,文曄科技,0.0,1000,股
2026-03-25,3044,健鼎科技,0.0,1000,股
2026-03-25,3045,台灣大哥,0.0,1000,股
2026-03-25,3231,緯創資通,0.0,9000,股
2026-03-25,5347,世界先進,0.0,9000,股
2026-03-25,6274,台燿科技,0.0,1000,股
2026-03-25,8210,勤誠興業,0.0,1000,股
2026-03-25,PB_NTD,PAYABLES,-0.01,-1554700,元
2026-03-26,2330,台灣積體,17.43,2730000,股
2026-03-26,2383,台光電子,8.17,800000,股
2026-03-26,8299,群聯電子,7.44,1300000,股
2026-03-26,2408,南亞科技,6.65,8500000,股
2026-03-26,2308,台達電子,5.78,1100000,股
2026-03-26,3037,欣興電子,5.57,3200000,股
2026-03-26,7769,鴻勁精密,4.34,325000,股
2026-03-26,3017,奇鋐科技,3.95,500000,股
2026-03-26,2345,智邦科技,3.78,650000,股
2026-03-26,5274,信驊科技,3.61,90000,股
2026-03-26,6223,旺矽科技,3.61,285000,股
2026-03-26,2368,金像電子,3.03,950000,股
2026-03-26,8046,南亞電路,2.96,1500000,股
2026-03-26,3189,景碩科技,2.8,2300000,股
2026-03-26,6442,光紅建聖,2.74,380000,股
2026-03-26,2360,致茂電子,2.62,460000,股
2026-03-26,6515,穎崴科技,2.54,90000,股
2026-03-26,3653,健策精密,2.46,180000,股
2026-03-26,DA_NTD,AFTER DEDUCTING SECURITIES PURCHASES AMOUNT,2.35,678139579,元
2026-03-26,3711,日月光投,2.12,1700000,股
2026-03-26,2337,旺宏電子,2.09,4700000,股
2026-03-26,3665,貿聯-KY,2.02,320000,股
2026-03-26,2449,京元電子,2.0,2000000,股
2026-03-26,2059,川湖科技,0.01,1000,股
2026-03-26,2313,華通電腦,0.01,9000,股
2026-03-26,2317,鴻海精密,0.01,9000,股
2026-03-26,2327,國巨股份,0.01,9000,股
2026-03-26,2382,廣達電腦,0.01,9000,股
2026-03-26,2454,聯發科技,0.01,1000,股
2026-03-26,2603,長榮海運,0.01,9000,股
2026-03-26,6510,中華精測,0.01,1000,股
2026-03-26,6669,緯穎科技,0.01,1000,股
2026-03-26,1303,南亞塑膠,0.0,1000,股
2026-03-26,1477,聚陽實業,0.0,1000,股
2026-03-26,1519,華城電機,0.0,1000,股
2026-03-26,1590,亞德客-KY,0.0,1000,股
2026-03-26,2344,華邦電子,0.0,9000,股
2026-03-26,2404,漢唐集成,0.0,1000,股
2026-03-26,2412,中華電信,0.0,1000,股
2026-03-26,2645,長榮航太,0.0,1000,股
2026-03-26,2881,富邦金融,0.0,9000,股
2026-03-26,2882,國泰金融,0.0,9000,股
2026-03-26,2885,元大金融,0.0,9000,股
2026-03-26,2891,中國信託,0.0,9000,股
2026-03-26,3036,文曄科技,0.0,1000,股
2026-03-26,3044,健鼎科技,0.0,1000,股
2026-03-26,3045,台灣大哥,0.0,1000,股
2026-03-26,3231,緯創資通,0.0,9000,股
2026-03-26,5347,世界先進,0.0,9000,股
2026-03-26,6274,台燿科技,0.0,1000,股
2026-03-26,8210,勤誠興業,0.0,1000,股
2026-03-26,PB_NTD,PAYABLES,0.0,0,元
2026-03-26,PFUR_NTD,PAYABLES FOR UNITS REDEEMED,-0.15,-44536863,元
2026-03-27,2330,台灣積體,17.51,2730000,股
2026-03-27,2383,台光電子,8.2,800000,股
2026-03-27,8299,群聯電子,7.17,1300000,股
2026-03-27,2408,南亞科技,6.57,8500000,股
2026-03-27,2308,台達電子,5.85,1100000,股
2026-03-27,3037,欣興電子,5.69,3200000,股
2026-03-27,7769,鴻勁精密,4.34,325000,股
2026-03-27,3017,奇鋐科技,3.87,500000,股
2026-03-27,2345,智邦科技,3.79,650000,股
2026-03-27,6223,旺矽科技,3.68,285000,股
2026-03-27,5274,信驊科技,3.66,90000,股
2026-03-27,2368,金像電子,3.09,950000,股
2026-03-27,8046,南亞電路,2.97,1500000,股
2026-03-27,3189,景碩科技,2.85,2300000,股
2026-03-27,6442,光紅建聖,2.83,380000,股
2026-03-27,2360,致茂電子,2.62,460000,股
2026-03-27,3653,健策精密,2.56,180000,股
2026-03-27,6515,穎崴科技,2.51,90000,股
2026-03-27,DA_NTD,AFTER DEDUCTING SECURITIES PURCHASES AMOUNT,2.39,678083729,元
2026-03-27,3711,日月光投,2.12,1700000,股
2026-03-27,3665,貿聯-KY,2.1,320000,股
2026-03-27,2337,旺宏電子,2.07,4700000,股
2026-03-27,2449,京元電子,1.96,2000000,股
2026-03-27,2059,川湖科技,0.01,1000,股
2026-03-27,2313,華通電腦,0.01,9000,股
2026-03-27,2317,鴻海精密,0.01,9000,股
2026-03-27,2327,國巨股份,0.01,9000,股
2026-03-27,2382,廣達電腦,0.01,9000,股
2026-03-27,2454,聯發科技,0.01,1000,股
2026-03-27,2603,長榮海運,0.01,9000,股
2026-03-27,6510,中華精測,0.01,1000,股
2026-03-27,1303,南亞塑膠,0.0,1000,股
2026-03-27,1477,聚陽實業,0.0,1000,股
2026-03-27,1519,華城電機,0.0,1000,股
2026-03-27,1590,亞德客-KY,0.0,1000,股
2026-03-27,2344,華邦電子,0.0,9000,股
2026-03-27,2404,漢唐集成,0.0,1000,股
2026-03-27,2412,中華電信,0.0,1000,股
2026-03-27,2645,長榮航太,0.0,1000,股
2026-03-27,2881,富邦金融,0.0,9000,股
2026-03-27,2882,國泰金融,0.0,9000,股
2026-03-27,2885,元大金融,0.0,9000,股
2026-03-27,2891,中國信託,0.0,9000,股
2026-03-27,3036,文曄科技,0.0,1000,股
2026-03-27,3044,健鼎科技,0.0,1000,股
2026-03-27,3045,台灣大哥,0.0,1000,股
2026-03-27,3231,緯創資通,0.0,9000,股
2026-03-27,5347,世界先進,0.0,9000,股
2026-03-27,6274,台燿科技,0.0,1000,股
2026-03-27,6505,台塑石化,0.0,1000,股
2026-03-27,8210,勤誠興業,0.0,1000,股
2026-03-27,PFUR_NTD,PAYABLES FOR UNITS REDEEMED,-0.51,-145122639,元
2026-03-30,2330,台灣積體,17.34,2730000,股
2026-03-30,2383,台光電子,7.95,800000,股
2026-03-30,8299,群聯電子,7.45,1300000,股
2026-03-30,2408,南亞科技,6.69,8500000,股
2026-03-30,2308,台達電子,5.83,1100000,股
2026-03-30,3037,欣興電子,5.64,3200000,股
2026-03-30,7769,鴻勁精密,4.3,325000,股
2026-03-30,3017,奇鋐科技,3.81,500000,股
2026-03-30,6223,旺矽科技,3.8,285000,股
2026-03-30,2345,智邦科技,3.79,650000,股
2026-03-30,5274,信驊科技,3.6,90000,股
2026-03-30,8046,南亞電路,3.11,1500000,股
2026-03-30,2368,金像電子,3.04,950000,股
2026-03-30,6442,光紅建聖,2.86,380000,股
2026-03-30,3189,景碩科技,2.84,2300000,股
2026-03-30,2360,致茂電子,2.67,460000,股
2026-03-30,3653,健策精密,2.5,180000,股
2026-03-30,6515,穎崴科技,2.47,90000,股
2026-03-30,DA_NTD,AFTER DEDUCTING SECURITIES PURCHASES AMOUNT,2.42,678083729,元
2026-03-30,2337,旺宏電子,2.15,4700000,股
2026-03-30,3665,貿聯-KY,2.15,320000,股
2026-03-30,3711,日月光投,2.15,1700000,股
2026-03-30,2449,京元電子,1.94,2000000,股
2026-03-30,2059,川湖科技,0.01,1000,股
2026-03-30,2313,華通電腦,0.01,9000,股
2026-03-30,2317,鴻海精密,0.01,9000,股
2026-03-30,2327,國巨股份,0.01,9000,股
2026-03-30,2382,廣達電腦,0.01,9000,股
2026-03-30,2454,聯發科技,0.01,1000,股
2026-03-30,2603,長榮海運,0.01,9000,股
2026-03-30,6510,中華精測,0.01,1000,股
2026-03-30,1303,南亞塑膠,0.0,1000,股
2026-03-30,1477,聚陽實業,0.0,1000,股
2026-03-30,1519,華城電機,0.0,1000,股
2026-03-30,1590,亞德客-KY,0.0,1000,股
2026-03-30,2344,華邦電子,0.0,9000,股
2026-03-30,2404,漢唐集成,0.0,1000,股
2026-03-30,2412,中華電信,0.0,1000,股
2026-03-30,2645,長榮航太,0.0,1000,股
2026-03-30,2881,富邦金融,0.0,9000,股
2026-03-30,2882,國泰金融,0.0,9000,股
2026-03-30,2885,元大金融,0.0,9000,股
2026-03-30,2891,中國信託,0.0,9000,股
2026-03-30,3036,文曄科技,0.0,1000,股
2026-03-30,3044,健鼎科技,0.0,1000,股
2026-03-30,3045,台灣大哥,0.0,1000,股
2026-03-30,3231,緯創資通,0.0,9000,股
2026-03-30,5347,世界先進,0.0,9000,股
2026-03-30,6274,台燿科技,0.0,1000,股
2026-03-30,6505,台塑石化,0.0,1000,股
2026-03-30,8210,勤誠興業,0.0,1000,股
2026-03-30,PFUR_NTD,PAYABLES FOR UNITS REDEEMED,-0.58,-163755114,元
2026-03-31,2330,台灣積體,18.23,2730000,股
2026-03-31,2383,台光電子,7.89,800000,股
2026-03-31,8299,群聯電子,7.4,1300000,股
2026-03-31,2408,南亞科技,6.4,8500000,股
2026-03-31,2308,台達電子,5.76,1100000,股
2026-03-31,3037,欣興電子,5.4,3200000,股
2026-03-31,7769,鴻勁精密,4.32,325000,股
2026-03-31,6223,旺矽科技,3.89,285000,股
2026-03-31,3017,奇鋐科技,3.78,500000,股
2026-03-31,2345,智邦科技,3.72,650000,股
2026-03-31,5274,信驊科技,3.65,90000,股
2026-03-31,2368,金像電子,3.1,950000,股
2026-03-31,8046,南亞電路,2.97,1500000,股
2026-03-31,6442,光紅建聖,2.74,380000,股
2026-03-31,3189,景碩科技,2.73,2300000,股
2026-03-31,3653,健策精密,2.59,180000,股
2026-03-31,2360,致茂電子,2.56,460000,股
2026-03-31,DA_NTD,AFTER DEDUCTING SECURITIES PURCHASES AMOUNT,2.52,664167019,元
2026-03-31,6515,穎崴科技,2.44,90000,股
2026-03-31,3711,日月光投,2.12,1700000,股
2026-03-31,3665,貿聯-KY,2.11,320000,股
2026-03-31,2449,京元電子,1.98,2000000,股
2026-03-31,2337,旺宏電子,1.53,3500000,股
2026-03-31,2059,川湖科技,0.01,1000,股
2026-03-31,2313,華通電腦,0.01,9000,股
2026-03-31,2317,鴻海精密,0.01,9000,股
2026-03-31,2327,國巨股份,0.01,9000,股
2026-03-31,2382,廣達電腦,0.01,9000,股
2026-03-31,2454,聯發科技,0.01,1000,股
2026-03-31,2603,長榮海運,0.01,9000,股
2026-03-31,6510,中華精測,0.01,1000,股
2026-03-31,1303,南亞塑膠,0.0,1000,股
2026-03-31,1519,華城電機,0.0,1000,股
2026-03-31,1590,亞德客-KY,0.0,1000,股
2026-03-31,2344,華邦電子,0.0,9000,股
2026-03-31,2404,漢唐集成,0.0,1000,股
2026-03-31,2412,中華電信,0.0,1000,股
2026-03-31,2645,長榮航太,0.0,1000,股
2026-03-31,2881,富邦金融,0.0,9000,股
2026-03-31,2882,國泰金融,0.0,9000,股
2026-03-31,2885,元大金融,0.0,9000,股
2026-03-31,2890,永豐金融,0.0,9000,股
2026-03-31,2891,中國信託,0.0,9000,股
2026-03-31,3036,文曄科技,0.0,1000,股
2026-03-31,3044,健鼎科技,0.0,1000,股
2026-03-31,3045,台灣大哥,0.0,1000,股
2026-03-31,3231,緯創資通,0.0,9000,股
2026-03-31,5347,世界先進,0.0,9000,股
2026-03-31,6274,台燿科技,0.0,1000,股
2026-03-31,6505,台塑石化,0.0,1000,股
2026-03-31,8210,勤誠興業,0.0,1000,股
2026-03-31,PB_NTD,PAYABLES,-0.02,-4039760,元
2026-03-31,PFUR_NTD,PAYABLES FOR UNITS REDEEMED,-0.45,-119218251,元
2026-04-01,2330,台灣積體,17.9,2730000,股
2026-04-01,2383,台光電子,8.09,800000,股
2026-04-01,8299,群聯電子,7.76,1330000,股
2026-04-01,2408,南亞科技,6.34,8500000,股
2026-04-01,2308,台達電子,6.0,1150000,股
2026-04-01,3037,欣興電子,5.53,3200000,股
2026-04-01,7769,鴻勁精密,4.43,325000,股
2026-04-01,6223,旺矽科技,3.98,285000,股
2026-04-01,3017,奇鋐科技,3.95,530000,股
2026-04-01,2345,智邦科技,3.81,650000,股
2026-04-01,5274,信驊科技,3.6,90000,股
2026-04-01,2368,金像電子,3.18,950000,股
2026-04-01,8046,南亞電路,3.04,1500000,股
2026-04-01,6442,光紅建聖,2.73,380000,股
2026-04-01,3189,景碩科技,2.7,2300000,股
2026-04-01,2360,致茂電子,2.62,460000,股
2026-04-01,3653,健策精密,2.51,180000,股
2026-04-01,3665,貿聯-KY,2.5,370000,股
2026-04-01,6515,穎崴科技,2.32,90000,股
2026-04-01,3711,日月光投,2.17,1700000,股
2026-04-01,2449,京元電子,1.98,2000000,股
2026-04-01,2337,旺宏電子,1.57,3500000,股
2026-04-01,DA_NTD,AFTER DEDUCTING SECURITIES PURCHASES AMOUNT,0.98,276341842,元
2026-04-01,2059,川湖科技,0.01,1000,股
2026-04-01,2313,華通電腦,0.01,9000,股
2026-04-01,2317,鴻海精密,0.01,9000,股
2026-04-01,2327,國巨股份,0.01,9000,股
2026-04-01,2382,廣達電腦,0.01,9000,股
2026-04-01,2454,聯發科技,0.01,1000,股
2026-04-01,2603,長榮海運,0.01,9000,股
2026-04-01,6510,中華精測,0.01,1000,股
2026-04-01,1303,南亞塑膠,0.0,1000,股
2026-04-01,1519,華城電機,0.0,1000,股
2026-04-01,1590,亞德客-KY,0.0,1000,股
2026-04-01,2344,華邦電子,0.0,9000,股
2026-04-01,2404,漢唐集成,0.0,1000,股
2026-04-01,2412,中華電信,0.0,1000,股
2026-04-01,2645,長榮航太,0.0,1000,股
2026-04-01,2881,富邦金融,0.0,9000,股
2026-04-01,2882,國泰金融,0.0,9000,股
2026-04-01,2885,元大金融,0.0,9000,股
2026-04-01,2890,永豐金融,0.0,9000,股
2026-04-01,2891,中國信託,0.0,9000,股
2026-04-01,3036,文曄科技,0.0,1000,股
2026-04-01,3044,健鼎科技,0.0,1000,股
2026-04-01,3045,台灣大哥,0.0,1000,股
2026-04-01,3231,緯創資通,0.0,9000,股
2026-04-01,5347,世界先進,0.0,9000,股
2026-04-01,6274,台燿科技,0.0,1000,股
2026-04-01,6505,台塑石化,0.0,1000,股
2026-04-01,8210,勤誠興業,0.0,1000,股
2026-04-01,PB_NTD,PAYABLES,0.0,0,元
2026-04-01,PFUR_NTD,PAYABLES FOR UNITS REDEEMED,-0.24,-68844315,元
2026-04-02,2330,台灣積體,17.97,2730000,股
2026-04-02,2383,台光電子,8.1,800000,股
2026-04-02,8299,群聯電子,7.52,1330000,股
2026-04-02,2408,南亞科技,6.2,8500000,股
2026-04-02,3037,欣興電子,6.04,3200000,股
2026-04-02,2308,台達電子,5.98,1150000,股
2026-04-02,7769,鴻勁精密,4.53,325000,股
2026-04-02,3017,奇鋐科技,3.99,530000,股
2026-04-02,6223,旺矽科技,3.9,285000,股
2026-04-02,5274,信驊科技,3.83,90000,股
2026-04-02,2345,智邦科技,3.76,650000,股
2026-04-02,2368,金像電子,3.13,950000,股
2026-04-02,8046,南亞電路,3.1,1500000,股
2026-04-02,3189,景碩科技,2.81,2300000,股
2026-04-02,6442,光紅建聖,2.76,380000,股
2026-04-02,3665,貿聯-KY,2.58,370000,股
2026-04-02,2360,致茂電子,2.57,460000,股
2026-04-02,3653,健策精密,2.43,180000,股
2026-04-02,3711,日月光投,2.23,1700000,股
2026-04-02,2337,旺宏電子,1.64,3500000,股
2026-04-02,3036,文曄科技,1.63,2000000,股
2026-04-02,6515,穎崴科技,0.72,30000,股
2026-04-02,2059,川湖科技,0.01,1000,股
2026-04-02,2313,華通電腦,0.01,9000,股
2026-04-02,2317,鴻海精密,0.01,9000,股
2026-04-02,2327,國巨股份,0.01,9000,股
2026-04-02,2382,廣達電腦,0.01,9000,股
2026-04-02,2449,京元電子,0.01,9000,股
2026-04-02,2454,聯發科技,0.01,1000,股
2026-04-02,2603,長榮海運,0.01,9000,股
2026-04-02,6510,中華精測,0.01,1000,股
2026-04-02,1303,南亞塑膠,0.0,1000,股
2026-04-02,1519,華城電機,0.0,1000,股
2026-04-02,1590,亞德客-KY,0.0,1000,股
2026-04-02,2344,華邦電子,0.0,9000,股
2026-04-02,2404,漢唐集成,0.0,1000,股
2026-04-02,2412,中華電信,0.0,1000,股
2026-04-02,2645,長榮航太,0.0,1000,股
2026-04-02,2881,富邦金融,0.0,9000,股
2026-04-02,2882,國泰金融,0.0,9000,股
2026-04-02,2885,元大金融,0.0,9000,股
2026-04-02,2890,永豐金融,0.0,9000,股
2026-04-02,2891,中國信託,0.0,9000,股
2026-04-02,3044,健鼎科技,0.0,1000,股
2026-04-02,3045,台灣大哥,0.0,1000,股
2026-04-02,3231,緯創資通,0.0,9000,股
2026-04-02,5347,世界先進,0.0,9000,股
2026-04-02,6274,台燿科技,0.0,1000,股
2026-04-02,6505,台塑石化,0.0,1000,股
2026-04-02,8210,勤誠興業,0.0,1000,股
2026-04-02,DA_NTD,AFTER DEDUCTING SECURITIES PURCHASES AMOUNT,-0.28,-77796443,元
2026-04-02,PFUR_NTD,PAYABLES FOR UNITS REDEEMED,-0.58,-160468878,元
2026-04-07,2330,台灣積體,19.76,3000000,股
2026-04-07,2383,台光電子,8.17,800000,股
2026-04-07,8299,群聯電子,7.39,1330000,股
2026-04-07,3037,欣興電子,6.39,3200000,股
2026-04-07,2408,南亞科技,6.2,8500000,股
2026-04-07,2308,台達電子,6.17,1150000,股
2026-04-07,7769,鴻勁精密,4.62,325000,股
2026-04-07,6223,旺矽科技,3.96,285000,股
2026-04-07,3017,奇鋐科技,3.81,530000,股
2026-04-07,2345,智邦科技,3.72,650000,股
2026-04-07,5274,信驊科技,3.66,90000,股
2026-04-07,8046,南亞電路,3.31,1500000,股
2026-04-07,2368,金像電子,3.12,950000,股
2026-04-07,3189,景碩科技,2.92,2300000,股
2026-04-07,6442,光紅建聖,2.82,380000,股
2026-04-07,3665,貿聯-KY,2.61,370000,股
2026-04-07,2360,致茂電子,2.56,460000,股
2026-04-07,3036,文曄科技,2.42,3000000,股
2026-04-07,3653,健策精密,2.4,180000,股
2026-04-07,2337,旺宏電子,1.02,2100000,股
2026-04-07,3711,日月光投,0.94,750000,股
2026-04-07,6515,穎崴科技,0.03,1000,股
2026-04-07,2059,川湖科技,0.01,1000,股
2026-04-07,2313,華通電腦,0.01,9000,股
2026-04-07,2317,鴻海精密,0.01,9000,股
2026-04-07,2327,國巨股份,0.01,9000,股
2026-04-07,2382,廣達電腦,0.01,9000,股
2026-04-07,2449,京元電子,0.01,9000,股
2026-04-07,2454,聯發科技,0.01,1000,股
2026-04-07,2603,長榮海運,0.01,9000,股
2026-04-07,6510,中華精測,0.01,1000,股
2026-04-07,1303,南亞塑膠,0.0,1000,股
2026-04-07,1519,華城電機,0.0,1000,股
2026-04-07,1590,亞德客-KY,0.0,1000,股
2026-04-07,2344,華邦電子,0.0,9000,股
2026-04-07,2404,漢唐集成,0.0,1000,股
2026-04-07,2412,中華電信,0.0,1000,股
2026-04-07,2645,長榮航太,0.0,1000,股
2026-04-07,2881,富邦金融,0.0,9000,股
2026-04-07,2882,國泰金融,0.0,9000,股
2026-04-07,2885,元大金融,0.0,9000,股
2026-04-07,2890,永豐金融,0.0,9000,股
2026-04-07,2891,中國信託,0.0,9000,股
2026-04-07,3044,健鼎科技,0.0,1000,股
2026-04-07,3045,台灣大哥,0.0,1000,股
2026-04-07,3231,緯創資通,0.0,9000,股
2026-04-07,5347,世界先進,0.0,9000,股
2026-04-07,6274,台燿科技,0.0,1000,股
2026-04-07,6505,台塑石化,0.0,1000,股
2026-04-07,8210,勤誠興業,0.0,1000,股
2026-04-07,PFUR_NTD,PAYABLES FOR UNITS REDEEMED,-1.02,-286838138,元
2026-04-07,DA_NTD,AFTER DEDUCTING SECURITIES PURCHASES AMOUNT,-2.86,-807555050,元
2026-04-08,2330,台灣積體,19.46,3000000,股
2026-04-08,2383,台光電子,8.44,800000,股
2026-04-08,8299,群聯電子,7.92,1380000,股
2026-04-08,3037,欣興電子,6.6,3200000,股
2026-04-08,2308,台達電子,6.37,1150000,股
2026-04-08,2408,南亞科技,6.31,8500000,股
2026-04-08,7769,鴻勁精密,4.61,325000,股
2026-04-08,6223,旺矽科技,4.09,285000,股
2026-04-08,3017,奇鋐科技,4.08,550000,股
2026-04-08,2345,智邦科技,3.98,700000,股
2026-04-08,5274,信驊科技,3.78,90000,股
2026-04-08,2368,金像電子,3.32,1000000,股
2026-04-08,8046,南亞電路,3.18,1500000,股
2026-04-08,3189,景碩科技,3.02,2300000,股
2026-04-08,6442,光紅建聖,2.74,380000,股
2026-04-08,2360,致茂電子,2.64,460000,股
2026-04-08,3653,健策精密,2.54,190000,股
2026-04-08,3665,貿聯-KY,2.48,370000,股
2026-04-08,3036,文曄科技,2.33,3000000,股
2026-04-08,2337,旺宏電子,1.05,2100000,股
2026-04-08,6515,穎崴科技,0.03,1000,股
2026-04-08,2059,川湖科技,0.01,1000,股
2026-04-08,2313,華通電腦,0.01,9000,股
2026-04-08,2317,鴻海精密,0.01,9000,股
2026-04-08,2327,國巨股份,0.01,9000,股
2026-04-08,2382,廣達電腦,0.01,9000,股
2026-04-08,2449,京元電子,0.01,9000,股
2026-04-08,2454,聯發科技,0.01,1000,股
2026-04-08,2603,長榮海運,0.01,9000,股
2026-04-08,3711,日月光投,0.01,9000,股
2026-04-08,6510,中華精測,0.01,1000,股
2026-04-08,1303,南亞塑膠,0.0,1000,股
2026-04-08,1519,華城電機,0.0,1000,股
2026-04-08,1590,亞德客-KY,0.0,1000,股
2026-04-08,2344,華邦電子,0.0,9000,股
2026-04-08,2404,漢唐集成,0.0,1000,股
2026-04-08,2412,中華電信,0.0,1000,股
2026-04-08,2645,長榮航太,0.0,1000,股
2026-04-08,2881,富邦金融,0.0,9000,股
2026-04-08,2882,國泰金融,0.0,9000,股
2026-04-08,2885,元大金融,0.0,9000,股
2026-04-08,2890,永豐金融,0.0,9000,股
2026-04-08,2891,中國信託,0.0,9000,股
2026-04-08,3044,健鼎科技,0.0,1000,股
2026-04-08,3045,台灣大哥,0.0,1000,股
2026-04-08,3231,緯創資通,0.0,9000,股
2026-04-08,5347,世界先進,0.0,9000,股
2026-04-08,6274,台燿科技,0.0,1000,股
2026-04-08,6505,台塑石化,0.0,1000,股
2026-04-08,8210,勤誠興業,0.0,1000,股
2026-04-08,DA_NTD,AFTER DEDUCTING SECURITIES PURCHASES AMOUNT,-0.85,-256216955,元
2026-04-08,PFUR_NTD,PAYABLES FOR UNITS REDEEMED,-1.58,-473872188,元
2026-04-09,2330,台灣積體,19.72,3000000,股
2026-04-09,2383,台光電子,8.66,800000,股
2026-04-09,8299,群聯電子,7.5,1380000,股
2026-04-09,3037,欣興電子,6.73,3200000,股
2026-04-09,2308,台達電子,6.36,1150000,股
2026-04-09,2408,南亞科技,5.86,8500000,股
2026-04-09,7769,鴻勁精密,4.64,325000,股
2026-04-09,6223,旺矽科技,4.28,285000,股
2026-04-09,3017,奇鋐科技,4.13,550000,股
2026-04-09,2345,智邦科技,3.98,700000,股
2026-04-09,5274,信驊科技,3.8,90000,股
2026-04-09,2368,金像電子,3.68,1000000,股
2026-04-09,8046,南亞電路,3.38,1500000,股
2026-04-09,3189,景碩科技,2.99,2300000,股
2026-04-09,2360,致茂電子,2.85,460000,股
2026-04-09,3653,健策精密,2.71,190000,股
2026-04-09,6442,光紅建聖,2.7,380000,股
2026-04-09,3665,貿聯-KY,2.65,370000,股
2026-04-09,3036,文曄科技,2.26,3000000,股
2026-04-09,DA_NTD,AFTER DEDUCTING SECURITIES PURCHASES AMOUNT,1.25,371202960,元
2026-04-09,6515,穎崴科技,0.03,1000,股
2026-04-09,2059,川湖科技,0.01,1000,股
2026-04-09,2313,華通電腦,0.01,9000,股
2026-04-09,2317,鴻海精密,0.01,9000,股
2026-04-09,2327,國巨股份,0.01,9000,股
2026-04-09,2382,廣達電腦,0.01,9000,股
2026-04-09,2449,京元電子,0.01,9000,股
2026-04-09,2454,聯發科技,0.01,1000,股
2026-04-09,2603,長榮海運,0.01,9000,股
2026-04-09,3711,日月光投,0.01,9000,股
2026-04-09,6510,中華精測,0.01,1000,股
2026-04-09,1303,南亞塑膠,0.0,1000,股
2026-04-09,1519,華城電機,0.0,1000,股
2026-04-09,1590,亞德客-KY,0.0,1000,股
2026-04-09,2337,旺宏電子,0.0,9000,股
2026-04-09,2344,華邦電子,0.0,9000,股
2026-04-09,2404,漢唐集成,0.0,1000,股
2026-04-09,2412,中華電信,0.0,1000,股
2026-04-09,2645,長榮航太,0.0,1000,股
2026-04-09,2881,富邦金融,0.0,9000,股
2026-04-09,2882,國泰金融,0.0,9000,股
2026-04-09,2885,元大金融,0.0,9000,股
2026-04-09,2890,永豐金融,0.0,9000,股
2026-04-09,2891,中國信託,0.0,9000,股
2026-04-09,3044,健鼎科技,0.0,1000,股
2026-04-09,3045,台灣大哥,0.0,1000,股
2026-04-09,3231,緯創資通,0.0,9000,股
2026-04-09,5347,世界先進,0.0,9000,股
2026-04-09,6274,台燿科技,0.0,1000,股
2026-04-09,6505,台塑石化,0.0,1000,股
2026-04-09,8210,勤誠興業,0.0,1000,股
2026-04-09,PFUR_NTD,PAYABLES FOR UNITS REDEEMED,-2.2,-654778900,元
2026-04-10,2330,台灣積體,19.8,3000000,股
2026-04-10,2383,台光電子,9.03,800000,股
2026-04-10,8299,群聯電子,7.56,1380000,股
2026-04-10,3037,欣興電子,6.74,3200000,股
2026-04-10,2308,台達電子,6.58,1150000,股
2026-04-10,2408,南亞科技,6.03,8500000,股
2026-04-10,7769,鴻勁精密,4.51,325000,股
2026-04-10,6223,旺矽科技,4.35,285000,股
2026-04-10,2345,智邦科技,4.24,700000,股
2026-04-10,3017,奇鋐科技,4.11,550000,股
2026-04-10,5274,信驊科技,3.74,90000,股
2026-04-10,2368,金像電子,3.6,1000000,股
2026-04-10,8046,南亞電路,3.3,1500000,股
2026-04-10,6442,光紅建聖,2.92,380000,股
2026-04-10,3189,景碩科技,2.89,2300000,股
2026-04-10,2360,致茂電子,2.71,460000,股
2026-04-10,3665,貿聯-KY,2.69,370000,股
2026-04-10,3653,健策精密,2.59,190000,股
2026-04-10,DA_NTD,AFTER DEDUCTING SECURITIES PURCHASES AMOUNT,1.73,525629363,元
2026-04-10,3036,文曄科技,1.49,2000000,股
2026-04-10,6515,穎崴科技,0.03,1000,股
2026-04-10,2059,川湖科技,0.01,1000,股
2026-04-10,2313,華通電腦,0.01,9000,股
2026-04-10,2317,鴻海精密,0.01,9000,股
2026-04-10,2327,國巨股份,0.01,9000,股
2026-04-10,2382,廣達電腦,0.01,9000,股
2026-04-10,2449,京元電子,0.01,9000,股
2026-04-10,2454,聯發科技,0.01,1000,股
2026-04-10,2603,長榮海運,0.01,9000,股
2026-04-10,3711,日月光投,0.01,9000,股
2026-04-10,6510,中華精測,0.01,1000,股
2026-04-10,1303,南亞塑膠,0.0,1000,股
2026-04-10,1519,華城電機,0.0,1000,股
2026-04-10,1590,亞德客-KY,0.0,1000,股
2026-04-10,2337,旺宏電子,0.0,9000,股
2026-04-10,2344,華邦電子,0.0,9000,股
2026-04-10,2404,漢唐集成,0.0,1000,股
2026-04-10,2412,中華電信,0.0,1000,股
2026-04-10,2645,長榮航太,0.0,1000,股
2026-04-10,2881,富邦金融,0.0,9000,股
2026-04-10,2882,國泰金融,0.0,9000,股
2026-04-10,2885,元大金融,0.0,9000,股
2026-04-10,2890,永豐金融,0.0,9000,股
2026-04-10,2891,中國信託,0.0,9000,股
2026-04-10,3044,健鼎科技,0.0,1000,股
2026-04-10,3045,台灣大哥,0.0,1000,股
2026-04-10,3231,緯創資通,0.0,9000,股
2026-04-10,5347,世界先進,0.0,9000,股
2026-04-10,6274,台燿科技,0.0,1000,股
2026-04-10,6505,台塑石化,0.0,1000,股
2026-04-10,8210,勤誠興業,0.0,1000,股
2026-04-10,PFUR_NTD,PAYABLES FOR UNITS REDEEMED,-2.43,-736850420,元
2026-04-13,2330,台灣積體,19.91,3000000,股
2026-04-13,2383,台光電子,8.87,800000,股
2026-04-13,8299,群聯電子,7.91,1380000,股
2026-04-13,3037,欣興電子,6.68,3200000,股
2026-04-13,2308,台達電子,6.67,1150000,股
2026-04-13,2408,南亞科技,6.39,8500000,股
2026-04-13,7769,鴻勁精密,4.44,325000,股
2026-04-13,6223,旺矽科技,4.32,285000,股
2026-04-13,2345,智邦科技,4.25,700000,股
2026-04-13,3017,奇鋐科技,4.04,550000,股
2026-04-13,5274,信驊科技,3.66,90000,股
2026-04-13,2368,金像電子,3.52,1000000,股
2026-04-13,8046,南亞電路,3.28,1500000,股
2026-04-13,2360,致茂電子,2.88,460000,股
2026-04-13,6442,光紅建聖,2.83,380000,股
2026-04-13,3189,景碩科技,2.81,2300000,股
2026-04-13,3665,貿聯-KY,2.75,370000,股
2026-04-13,3653,健策精密,2.7,200000,股
2026-04-13,DA_NTD,AFTER DEDUCTING SECURITIES PURCHASES AMOUNT,1.8,540247158,元
2026-04-13,3036,文曄科技,0.53,700000,股
2026-04-13,6515,穎崴科技,0.03,1000,股
2026-04-13,2059,川湖科技,0.01,1000,股
2026-04-13,2313,華通電腦,0.01,9000,股
2026-04-13,2317,鴻海精密,0.01,9000,股
2026-04-13,2327,國巨股份,0.01,9000,股
2026-04-13,2382,廣達電腦,0.01,9000,股
2026-04-13,2449,京元電子,0.01,9000,股
2026-04-13,2454,聯發科技,0.01,1000,股
2026-04-13,2603,長榮海運,0.01,9000,股
2026-04-13,3711,日月光投,0.01,9000,股
2026-04-13,6510,中華精測,0.01,1000,股
2026-04-13,1303,南亞塑膠,0.0,1000,股
2026-04-13,1519,華城電機,0.0,1000,股
2026-04-13,1590,亞德客-KY,0.0,1000,股
2026-04-13,2337,旺宏電子,0.0,9000,股
2026-04-13,2344,華邦電子,0.0,9000,股
2026-04-13,2404,漢唐集成,0.0,1000,股
2026-04-13,2412,中華電信,0.0,1000,股
2026-04-13,2645,長榮航太,0.0,1000,股
2026-04-13,2881,富邦金融,0.0,9000,股
2026-04-13,2882,國泰金融,0.0,9000,股
2026-04-13,2885,元大金融,0.0,9000,股
2026-04-13,2890,永豐金融,0.0,9000,股
2026-04-13,2891,中國信託,0.0,9000,股
2026-04-13,3044,健鼎科技,0.0,1000,股
2026-04-13,3045,台灣大哥,0.0,1000,股
2026-04-13,3231,緯創資通,0.0,9000,股
2026-04-13,5347,世界先進,0.0,9000,股
2026-04-13,6274,台燿科技,0.0,1000,股
2026-04-13,6505,台塑石化,0.0,1000,股
2026-04-13,8210,勤誠興業,0.0,1000,股
2026-04-13,PFUR_NTD,PAYABLES FOR UNITS REDEEMED,-2.08,-623897518,元
2026-04-14,2330,台灣積體,20.18,3000000,股
2026-04-14,2383,台光電子,9.44,800000,股
2026-04-14,8299,群聯電子,7.95,1380000,股
2026-04-14,2308,台達電子,6.59,1150000,股
2026-04-14,3037,欣興電子,6.25,3200000,股
2026-04-14,2408,南亞科技,6.12,8500000,股
2026-04-14,7769,鴻勁精密,4.45,325000,股
2026-04-14,2345,智邦科技,4.33,700000,股
2026-04-14,5274,信驊科技,4.26,100000,股
2026-04-14,6223,旺矽科技,4.25,285000,股
2026-04-14,3017,奇鋐科技,4.16,550000,股
2026-04-14,2368,金像電子,3.76,1000000,股
2026-04-14,8046,南亞電路,3.49,1650000,股
2026-04-14,3189,景碩科技,2.79,2300000,股
2026-04-14,3665,貿聯-KY,2.78,370000,股
2026-04-14,2360,致茂電子,2.77,460000,股
2026-04-14,3653,健策精密,2.62,200000,股
2026-04-14,6442,光紅建聖,2.58,380000,股
2026-04-14,DA_NTD,AFTER DEDUCTING SECURITIES PURCHASES AMOUNT,0.81,246581754,元
2026-04-14,6515,穎崴科技,0.03,1000,股
2026-04-14,2059,川湖科技,0.01,1000,股
2026-04-14,2313,華通電腦,0.01,9000,股
2026-04-14,2317,鴻海精密,0.01,9000,股
2026-04-14,2327,國巨股份,0.01,9000,股
2026-04-14,2337,旺宏電子,0.01,9000,股
2026-04-14,2382,廣達電腦,0.01,9000,股
2026-04-14,2449,京元電子,0.01,9000,股
2026-04-14,2454,聯發科技,0.01,1000,股
2026-04-14,2603,長榮海運,0.01,9000,股
2026-04-14,3036,文曄科技,0.01,9000,股
2026-04-14,3711,日月光投,0.01,9000,股
2026-04-14,6510,中華精測,0.01,1000,股
2026-04-14,1303,南亞塑膠,0.0,1000,股
2026-04-14,1519,華城電機,0.0,1000,股
2026-04-14,1590,亞德客-KY,0.0,1000,股
2026-04-14,2344,華邦電子,0.0,9000,股
2026-04-14,2404,漢唐集成,0.0,1000,股
2026-04-14,2412,中華電信,0.0,1000,股
2026-04-14,2645,長榮航太,0.0,1000,股
2026-04-14,2881,富邦金融,0.0,9000,股
2026-04-14,2882,國泰金融,0.0,9000,股
2026-04-14,2885,元大金融,0.0,9000,股
2026-04-14,2890,永豐金融,0.0,9000,股
2026-04-14,2891,中國信託,0.0,9000,股
2026-04-14,3044,健鼎科技,0.0,1000,股
2026-04-14,3045,台灣大哥,0.0,1000,股
2026-04-14,3231,緯創資通,0.0,9000,股
2026-04-14,5347,世界先進,0.0,9000,股
2026-04-14,6274,台燿科技,0.0,1000,股
2026-04-14,6505,台塑石化,0.0,1000,股
2026-04-14,8210,勤誠興業,0.0,1000,股
2026-04-14,PFUR_NTD,PAYABLES FOR UNITS REDEEMED,-1.18,-360899228,元
2026-04-15,2330,台灣積體,20.44,3000000,股
2026-04-15,2383,台光電子,9.98,800000,股
2026-04-15,8299,群聯電子,7.37,1380000,股
2026-04-15,2308,台達電子,6.72,1150000,股
2026-04-15,3037,欣興電子,6.48,3200000,股
2026-04-15,2408,南亞科技,4.64,6700000,股
2026-04-15,5274,信驊科技,4.54,100000,股
2026-04-15,2345,智邦科技,4.52,700000,股
2026-04-15,7769,鴻勁精密,4.33,310000,股
2026-04-15,3017,奇鋐科技,4.19,550000,股
2026-04-15,6223,旺矽科技,4.07,270000,股
2026-04-15,2368,金像電子,3.82,1000000,股
2026-04-15,8046,南亞電路,3.55,1650000,股
2026-04-15,2360,致茂電子,3.04,460000,股
2026-04-15,3189,景碩科技,2.89,2300000,股
2026-04-15,3665,貿聯-KY,2.85,370000,股
2026-04-15,3653,健策精密,2.72,200000,股
2026-04-15,6442,光紅建聖,2.6,380000,股
2026-04-15,DA_NTD,AFTER DEDUCTING SECURITIES PURCHASES AMOUNT,1.08,330971476,元
2026-04-15,6515,穎崴科技,0.03,1000,股
2026-04-15,2059,川湖科技,0.01,1000,股
2026-04-15,2313,華通電腦,0.01,9000,股
2026-04-15,2317,鴻海精密,0.01,9000,股
2026-04-15,2327,國巨股份,0.01,9000,股
2026-04-15,2382,廣達電腦,0.01,9000,股
2026-04-15,2449,京元電子,0.01,9000,股
2026-04-15,2454,聯發科技,0.01,1000,股
2026-04-15,2603,長榮海運,0.01,9000,股
2026-04-15,3036,文曄科技,0.01,9000,股
2026-04-15,3711,日月光投,0.01,9000,股
2026-04-15,6510,中華精測,0.01,1000,股
2026-04-15,1303,南亞塑膠,0.0,1000,股
2026-04-15,1519,華城電機,0.0,1000,股
2026-04-15,1590,亞德客-KY,0.0,1000,股
2026-04-15,2337,旺宏電子,0.0,9000,股
2026-04-15,2344,華邦電子,0.0,9000,股
2026-04-15,2404,漢唐集成,0.0,1000,股
2026-04-15,2412,中華電信,0.0,1000,股
2026-04-15,2645,長榮航太,0.0,1000,股
2026-04-15,2881,富邦金融,0.0,9000,股
2026-04-15,2882,國泰金融,0.0,9000,股
2026-04-15,2885,元大金融,0.0,9000,股
2026-04-15,2890,永豐金融,0.0,9000,股
2026-04-15,2891,中國信託,0.0,9000,股
2026-04-15,3044,健鼎科技,0.0,1000,股
2026-04-15,3045,台灣大哥,0.0,1000,股
2026-04-15,3231,緯創資通,0.0,9000,股
2026-04-15,5347,世界先進,0.0,9000,股
2026-04-15,6274,台燿科技,0.0,1000,股
2026-04-15,6505,台塑石化,0.0,1000,股
2026-04-15,8210,勤誠興業,0.0,1000,股
2026-04-15,PFUR_NTD,PAYABLES FOR UNITS REDEEMED,-2.16,-660394010,元
2026-04-16,2330,台灣積體,20.22,3000000,股
2026-04-16,2383,台光電子,9.67,780000,股
2026-04-16,8299,群聯電子,6.92,1350000,股
2026-04-16,2308,台達電子,6.74,1130000,股
2026-04-16,3037,欣興電子,6.67,3200000,股
2026-04-16,5274,信驊科技,4.68,100000,股
2026-04-16,2345,智邦科技,4.61,700000,股
2026-04-16,2408,南亞科技,4.49,6500000,股
2026-04-16,3017,奇鋐科技,4.34,550000,股
2026-04-16,6223,旺矽科技,4.29,270000,股
2026-04-16,7769,鴻勁精密,4.17,300000,股
2026-04-16,8046,南亞電路,3.85,1650000,股
2026-04-16,2368,金像電子,3.77,1000000,股
2026-04-16,2360,致茂電子,3.05,460000,股
2026-04-16,3665,貿聯-KY,2.87,370000,股
2026-04-16,3653,健策精密,2.83,200000,股
2026-04-16,3189,景碩科技,2.8,2200000,股
2026-04-16,6442,光紅建聖,2.55,380000,股
2026-04-16,DA_NTD,AFTER DEDUCTING SECURITIES PURCHASES AMOUNT,1.18,363797359,元
2026-04-16,6515,穎崴科技,0.03,1000,股
2026-04-16,2059,川湖科技,0.01,1000,股
2026-04-16,2313,華通電腦,0.01,9000,股
2026-04-16,2317,鴻海精密,0.01,9000,股
2026-04-16,2327,國巨股份,0.01,9000,股
2026-04-16,2382,廣達電腦,0.01,9000,股
2026-04-16,2449,京元電子,0.01,9000,股
2026-04-16,2454,聯發科技,0.01,1000,股
2026-04-16,2603,長榮海運,0.01,9000,股
2026-04-16,3036,文曄科技,0.01,9000,股
2026-04-16,3711,日月光投,0.01,9000,股
2026-04-16,6510,中華精測,0.01,1000,股
2026-04-16,1303,南亞塑膠,0.0,1000,股
2026-04-16,1519,華城電機,0.0,1000,股
2026-04-16,1590,亞德客-KY,0.0,1000,股
2026-04-16,2337,旺宏電子,0.0,9000,股
2026-04-16,2344,華邦電子,0.0,9000,股
2026-04-16,2404,漢唐集成,0.0,1000,股
2026-04-16,2412,中華電信,0.0,1000,股
2026-04-16,2645,長榮航太,0.0,1000,股
2026-04-16,2881,富邦金融,0.0,9000,股
2026-04-16,2882,國泰金融,0.0,9000,股
2026-04-16,2885,元大金融,0.0,9000,股
2026-04-16,2890,永豐金融,0.0,9000,股
2026-04-16,2891,中國信託,0.0,9000,股
2026-04-16,3044,健鼎科技,0.0,1000,股
2026-04-16,3045,台灣大哥,0.0,1000,股
2026-04-16,3231,緯創資通,0.0,9000,股
2026-04-16,5347,世界先進,0.0,9000,股
2026-04-16,6274,台燿科技,0.0,1000,股
2026-04-16,6505,台塑石化,0.0,1000,股
2026-04-16,8210,勤誠興業,0.0,1000,股
2026-04-16,PFUR_NTD,PAYABLES FOR UNITS REDEEMED,-2.39,-740384010,元
2026-04-17,2330,台灣積體,16.57,2500000,股
2026-04-17,2383,台光電子,9.68,780000,股
2026-04-17,2308,台達電子,6.79,1130000,股
2026-04-17,3037,欣興電子,6.72,3200000,股
2026-04-17,8299,群聯電子,6.66,1300000,股
2026-04-17,2345,智邦科技,4.73,700000,股
2026-04-17,6223,旺矽科技,4.58,270000,股
2026-04-17,5274,信驊科技,4.51,100000,股
2026-04-17,7769,鴻勁精密,4.41,300000,股
2026-04-17,3017,奇鋐科技,4.31,550000,股
2026-04-17,2408,南亞科技,4.25,6200000,股
2026-04-17,8046,南亞電路,3.9,1650000,股
2026-04-17,2368,金像電子,3.84,1000000,股
2026-04-17,2360,致茂電子,3.39,460000,股
2026-04-17,3653,健策精密,2.98,200000,股
2026-04-17,2454,聯發科技,2.95,470000,股
2026-04-17,3665,貿聯-KY,2.86,370000,股
2026-04-17,3189,景碩科技,2.81,2200000,股
2026-04-17,6442,光紅建聖,2.67,380000,股
2026-04-17,6515,穎崴科技,0.03,1000,股
2026-04-17,2059,川湖科技,0.01,1000,股
2026-04-17,2313,華通電腦,0.01,9000,股
2026-04-17,2317,鴻海精密,0.01,9000,股
2026-04-17,2327,國巨股份,0.01,9000,股
2026-04-17,2382,廣達電腦,0.01,9000,股
2026-04-17,2449,京元電子,0.01,9000,股
2026-04-17,2603,長榮海運,0.01,9000,股
2026-04-17,3036,文曄科技,0.01,9000,股
2026-04-17,3711,日月光投,0.01,9000,股
2026-04-17,6510,中華精測,0.01,1000,股
2026-04-17,1303,南亞塑膠,0.0,1000,股
2026-04-17,1519,華城電機,0.0,1000,股
2026-04-17,1590,亞德客-KY,0.0,1000,股
2026-04-17,2337,旺宏電子,0.0,9000,股
2026-04-17,2344,華邦電子,0.0,9000,股
2026-04-17,2404,漢唐集成,0.0,1000,股
2026-04-17,2412,中華電信,0.0,1000,股
2026-04-17,2645,長榮航太,0.0,1000,股
2026-04-17,2881,富邦金融,0.0,9000,股
2026-04-17,2882,國泰金融,0.0,9000,股
2026-04-17,2885,元大金融,0.0,9000,股
2026-04-17,2890,永豐金融,0.0,9000,股
2026-04-17,2891,中國信託,0.0,9000,股
2026-04-17,3044,健鼎科技,0.0,1000,股
2026-04-17,3045,台灣大哥,0.0,1000,股
2026-04-17,3231,緯創資通,0.0,9000,股
2026-04-17,5347,世界先進,0.0,9000,股
2026-04-17,6274,台燿科技,0.0,1000,股
2026-04-17,6505,台塑石化,0.0,1000,股
2026-04-17,8210,勤誠興業,0.0,1000,股
2026-04-17,DA_NTD,AFTER DEDUCTING SECURITIES PURCHASES AMOUNT,-0.18,-53913333,元
2026-04-17,PFUR_NTD,PAYABLES FOR UNITS REDEEMED,-3.25,-996630457,元
2026-04-20,2330,台灣積體,16.3,2500000,股
2026-04-20,2383,台光電子,9.55,770000,股
2026-04-20,3037,欣興電子,6.99,3200000,股
2026-04-20,8299,群聯電子,6.84,1300000,股
2026-04-20,2308,台達電子,6.73,1100000,股
2026-04-20,5274,信驊科技,4.65,100000,股
2026-04-20,2345,智邦科技,4.52,700000,股
2026-04-20,3017,奇鋐科技,4.41,550000,股
2026-04-20,6223,旺矽科技,4.3,260000,股
2026-04-20,7769,鴻勁精密,4.29,300000,股
2026-04-20,8046,南亞電路,4.23,1650000,股
2026-04-20,2408,南亞科技,4.13,6200000,股
2026-04-20,2368,金像電子,3.9,1000000,股
2026-04-20,3653,健策精密,3.23,200000,股
2026-04-20,3189,景碩科技,3.05,2200000,股
2026-04-20,2360,致茂電子,3.04,460000,股
2026-04-20,3665,貿聯-KY,2.93,370000,股
2026-04-20,6442,光紅建聖,2.9,380000,股
2026-04-20,2454,聯發科技,2.88,470000,股
2026-04-20,6515,穎崴科技,0.04,1000,股
2026-04-20,2059,川湖科技,0.01,1000,股
2026-04-20,2313,華通電腦,0.01,9000,股
2026-04-20,2317,鴻海精密,0.01,9000,股
2026-04-20,2327,國巨股份,0.01,9000,股
2026-04-20,2382,廣達電腦,0.01,9000,股
2026-04-20,2449,京元電子,0.01,9000,股
2026-04-20,2603,長榮海運,0.01,9000,股
2026-04-20,3711,日月光投,0.01,9000,股
2026-04-20,6510,中華精測,0.01,1000,股
2026-04-20,1303,南亞塑膠,0.0,1000,股
2026-04-20,1519,華城電機,0.0,1000,股
2026-04-20,1590,亞德客-KY,0.0,1000,股
2026-04-20,2337,旺宏電子,0.0,9000,股
2026-04-20,2344,華邦電子,0.0,9000,股
2026-04-20,2404,漢唐集成,0.0,1000,股
2026-04-20,2412,中華電信,0.0,1000,股
2026-04-20,2645,長榮航太,0.0,1000,股
2026-04-20,2881,富邦金融,0.0,9000,股
2026-04-20,2882,國泰金融,0.0,9000,股
2026-04-20,2885,元大金融,0.0,9000,股
2026-04-20,2890,永豐金融,0.0,9000,股
2026-04-20,2891,中國信託,0.0,9000,股
2026-04-20,3036,文曄科技,0.0,1000,股
2026-04-20,3044,健鼎科技,0.0,1000,股
2026-04-20,3045,台灣大哥,0.0,1000,股
2026-04-20,3231,緯創資通,0.0,9000,股
2026-04-20,5347,世界先進,0.0,9000,股
2026-04-20,6274,台燿科技,0.0,1000,股
2026-04-20,6505,台塑石化,0.0,1000,股
2026-04-20,8210,勤誠興業,0.0,1000,股
2026-04-20,DA_NTD,AFTER DEDUCTING SECURITIES PURCHASES AMOUNT,-0.89,-277193384,元
2026-04-20,PFUR_NTD,PAYABLES FOR UNITS REDEEMED,-2.29,-712089655,元
2026-04-21,2330,台灣積體,15.01,2350000,股
2026-04-21,2383,台光電子,9.47,770000,股
2026-04-21,8299,群聯電子,7.15,1300000,股
2026-04-21,3037,欣興電子,7.08,3200000,股
2026-04-21,2308,台達電子,6.9,1100000,股
2026-04-21,2345,智邦科技,4.78,700000,股
2026-04-21,5274,信驊科技,4.75,100000,股
2026-04-21,3017,奇鋐科技,4.4,550000,股
2026-04-21,2408,南亞科技,4.25,6200000,股
2026-04-21,7769,鴻勁精密,4.17,300000,股
2026-04-21,8046,南亞電路,4.06,1650000,股
2026-04-21,6223,旺矽科技,4.0,260000,股
2026-04-21,2368,金像電子,3.82,1000000,股
2026-04-21,3653,健策精密,3.35,200000,股
2026-04-21,3189,景碩科技,3.25,2200000,股
2026-04-21,2454,聯發科技,3.06,470000,股
2026-04-21,2360,致茂電子,2.9,460000,股
2026-04-21,3665,貿聯-KY,2.8,370000,股
2026-04-21,6442,光紅建聖,2.77,380000,股
2026-04-21,DA_NTD,AFTER DEDUCTING SECURITIES PURCHASES AMOUNT,2.11,678118505,元
2026-04-21,6515,穎崴科技,0.03,1000,股
2026-04-21,2059,川湖科技,0.01,1000,股
2026-04-21,2313,華通電腦,0.01,9000,股
2026-04-21,2317,鴻海精密,0.01,9000,股
2026-04-21,2327,國巨股份,0.01,9000,股
2026-04-21,2382,廣達電腦,0.01,9000,股
2026-04-21,2449,京元電子,0.01,9000,股
2026-04-21,2603,長榮海運,0.01,9000,股
2026-04-21,3711,日月光投,0.01,9000,股
2026-04-21,6510,中華精測,0.01,1000,股
2026-04-21,1303,南亞塑膠,0.0,1000,股
2026-04-21,1519,華城電機,0.0,1000,股
2026-04-21,1590,亞德客-KY,0.0,1000,股
2026-04-21,2337,旺宏電子,0.0,9000,股
2026-04-21,2344,華邦電子,0.0,9000,股
2026-04-21,2404,漢唐集成,0.0,1000,股
2026-04-21,2412,中華電信,0.0,1000,股
2026-04-21,2645,長榮航太,0.0,1000,股
2026-04-21,2881,富邦金融,0.0,9000,股
2026-04-21,2882,國泰金融,0.0,9000,股
2026-04-21,2885,元大金融,0.0,9000,股
2026-04-21,2890,永豐金融,0.0,9000,股
2026-04-21,2891,中國信託,0.0,9000,股
2026-04-21,3036,文曄科技,0.0,1000,股
2026-04-21,3044,健鼎科技,0.0,1000,股
2026-04-21,3045,台灣大哥,0.0,1000,股
2026-04-21,3231,緯創資通,0.0,9000,股
2026-04-21,5347,世界先進,0.0,9000,股
2026-04-21,6274,台燿科技,0.0,1000,股
2026-04-21,6505,台塑石化,0.0,1000,股
2026-04-21,8210,勤誠興業,0.0,1000,股
2026-04-21,PFUR_NTD,PAYABLES FOR UNITS REDEEMED,-1.58,-507806667,元
2026-04-22,2330,台灣積體,14.45,2300000,股
2026-04-22,2383,台光電子,9.59,770000,股
2026-04-22,8299,群聯電子,7.07,1300000,股
2026-04-22,3037,欣興電子,7.02,3200000,股
2026-04-22,2308,台達電子,6.3,1020000,股
2026-04-22,5274,信驊科技,4.93,100000,股
2026-04-22,2345,智邦科技,4.72,700000,股
2026-04-22,3017,奇鋐科技,4.54,550000,股
2026-04-22,7769,鴻勁精密,4.36,300000,股
2026-04-22,2408,南亞科技,4.16,6200000,股
2026-04-22,8046,南亞電路,4.06,1650000,股
2026-04-22,6223,旺矽科技,3.84,260000,股
2026-04-22,2368,金像電子,3.83,1000000,股
2026-04-22,2454,聯發科技,3.52,500000,股
2026-04-22,3653,健策精密,3.32,200000,股
2026-04-22,3189,景碩科技,3.31,2200000,股
2026-04-22,3665,貿聯-KY,2.9,370000,股
2026-04-22,2360,致茂電子,2.86,460000,股
2026-04-22,6442,光紅建聖,2.61,380000,股
2026-04-22,1590,亞德客-KY,0.55,135000,股
2026-04-22,2404,漢唐集成,0.52,170000,股
2026-04-22,DA_NTD,AFTER DEDUCTING SECURITIES PURCHASES AMOUNT,0.38,125223257,元
2026-04-22,6515,穎崴科技,0.03,1000,股
2026-04-22,2059,川湖科技,0.01,1000,股
2026-04-22,2313,華通電腦,0.01,9000,股
2026-04-22,2317,鴻海精密,0.01,9000,股
2026-04-22,2327,國巨股份,0.01,9000,股
2026-04-22,2382,廣達電腦,0.01,9000,股
2026-04-22,2449,京元電子,0.01,9000,股
2026-04-22,2603,長榮海運,0.01,9000,股
2026-04-22,3711,日月光投,0.01,9000,股
2026-04-22,6510,中華精測,0.01,1000,股
2026-04-22,1303,南亞塑膠,0.0,1000,股
2026-04-22,1519,華城電機,0.0,1000,股
2026-04-22,2337,旺宏電子,0.0,9000,股
2026-04-22,2344,華邦電子,0.0,9000,股
2026-04-22,2412,中華電信,0.0,1000,股
2026-04-22,2645,長榮航太,0.0,1000,股
2026-04-22,2881,富邦金融,0.0,9000,股
2026-04-22,2882,國泰金融,0.0,9000,股
2026-04-22,2885,元大金融,0.0,9000,股
2026-04-22,2890,永豐金融,0.0,9000,股
2026-04-22,2891,中國信託,0.0,9000,股
2026-04-22,3036,文曄科技,0.0,1000,股
2026-04-22,3044,健鼎科技,0.0,1000,股
2026-04-22,3045,台灣大哥,0.0,1000,股
2026-04-22,3231,緯創資通,0.0,9000,股
2026-04-22,5347,世界先進,0.0,9000,股
2026-04-22,6274,台燿科技,0.0,1000,股
2026-04-22,6505,台塑石化,0.0,1000,股
2026-04-22,8210,勤誠興業,0.0,1000,股
2026-04-22,PFUR_NTD,PAYABLES FOR UNITS REDEEMED,-0.68,-223394760,元
2026-04-23,2330,台灣積體,14.81,2300000,股
2026-04-23,2383,台光電子,9.77,770000,股
2026-04-23,3037,欣興電子,7.21,3200000,股
2026-04-23,8299,群聯電子,6.86,1300000,股
2026-04-23,2308,台達電子,6.25,1020000,股
2026-04-23,5274,信驊科技,4.85,100000,股
2026-04-23,3017,奇鋐科技,4.56,550000,股
2026-04-23,2345,智邦科技,4.51,700000,股
2026-04-23,7769,鴻勁精密,4.47,300000,股
2026-04-23,8046,南亞電路,4.06,1650000,股
2026-04-23,2408,南亞科技,3.99,6200000,股
2026-04-23,2368,金像電子,3.92,1000000,股
2026-04-23,6223,旺矽科技,3.85,260000,股
2026-04-23,2454,聯發科技,3.43,500000,股
2026-04-23,3653,健策精密,3.29,200000,股
2026-04-23,3665,貿聯-KY,3.15,370000,股
2026-04-23,3189,景碩科技,2.97,2000000,股
2026-04-23,2360,致茂電子,2.76,460000,股
2026-04-23,1590,亞德客-KY,0.58,135000,股
2026-04-23,3081,聯亞光電,0.56,60000,股
2026-04-23,2404,漢唐集成,0.51,170000,股
2026-04-23,6442,光紅建聖,0.5,80000,股
2026-04-23,2327,國巨股份,0.48,530000,股
2026-04-23,6515,穎崴科技,0.03,1000,股
2026-04-23,2059,川湖科技,0.01,1000,股
2026-04-23,2313,華通電腦,0.01,9000,股
2026-04-23,2317,鴻海精密,0.01,9000,股
2026-04-23,2382,廣達電腦,0.01,9000,股
2026-04-23,2449,京元電子,0.01,9000,股
2026-04-23,2603,長榮海運,0.01,9000,股
2026-04-23,3711,日月光投,0.01,9000,股
2026-04-23,6510,中華精測,0.01,1000,股
2026-04-23,1303,南亞塑膠,0.0,1000,股
2026-04-23,1519,華城電機,0.0,1000,股
2026-04-23,2337,旺宏電子,0.0,9000,股
2026-04-23,2344,華邦電子,0.0,9000,股
2026-04-23,2412,中華電信,0.0,1000,股
2026-04-23,2881,富邦金融,0.0,9000,股
2026-04-23,2882,國泰金融,0.0,9000,股
2026-04-23,2885,元大金融,0.0,9000,股
2026-04-23,2890,永豐金融,0.0,9000,股
2026-04-23,2891,中國信託,0.0,9000,股
2026-04-23,3036,文曄科技,0.0,1000,股
2026-04-23,3044,健鼎科技,0.0,1000,股
2026-04-23,3045,台灣大哥,0.0,1000,股
2026-04-23,3231,緯創資通,0.0,9000,股
2026-04-23,5347,世界先進,0.0,9000,股
2026-04-23,6274,台燿科技,0.0,1000,股
2026-04-23,6505,台塑石化,0.0,1000,股
2026-04-23,8210,勤誠興業,0.0,1000,股
2026-04-23,PFUR_NTD,PAYABLES FOR UNITS REDEEMED,0.0,0,元
2026-04-23,DA_NTD,AFTER DEDUCTING SECURITIES PURCHASES AMOUNT,-0.39,-124723021,元
2026-04-24,2330,台灣積體,14.93,2300000,股
2026-04-24,2383,台光電子,10.17,765000,股
2026-04-24,3037,欣興電子,7.51,3200000,股
2026-04-24,8299,群聯電子,6.49,1300000,股
2026-04-24,2308,台達電子,6.29,1020000,股
2026-04-24,5274,信驊科技,4.86,100000,股
2026-04-24,3017,奇鋐科技,4.81,550000,股
2026-04-24,2345,智邦科技,4.45,700000,股
2026-04-24,8046,南亞電路,4.28,1650000,股
2026-04-24,2368,金像電子,4.13,1000000,股
2026-04-24,2408,南亞科技,3.79,6200000,股
2026-04-24,7769,鴻勁精密,3.79,270000,股
2026-04-24,2454,聯發科技,3.62,500000,股
2026-04-24,6223,旺矽科技,3.59,260000,股
2026-04-24,3653,健策精密,3.19,200000,股
2026-04-24,3189,景碩科技,3.13,2000000,股
2026-04-24,3665,貿聯-KY,3.04,370000,股
2026-04-24,2360,致茂電子,2.62,460000,股
2026-04-24,2327,國巨股份,0.97,1100000,股
2026-04-24,2404,漢唐集成,0.97,330000,股
2026-04-24,1590,亞德客-KY,0.95,235000,股
2026-04-24,3081,聯亞光電,0.92,110000,股
2026-04-24,6515,穎崴科技,0.03,1000,股
2026-04-24,2059,川湖科技,0.01,1000,股
2026-04-24,2313,華通電腦,0.01,9000,股
2026-04-24,2317,鴻海精密,0.01,9000,股
2026-04-24,2382,廣達電腦,0.01,9000,股
2026-04-24,2449,京元電子,0.01,9000,股
2026-04-24,2603,長榮海運,0.01,9000,股
2026-04-24,3711,日月光投,0.01,9000,股
2026-04-24,6510,中華精測,0.01,1000,股
2026-04-24,1303,南亞塑膠,0.0,1000,股
2026-04-24,1519,華城電機,0.0,1000,股
2026-04-24,2337,旺宏電子,0.0,9000,股
2026-04-24,2344,華邦電子,0.0,9000,股
2026-04-24,2412,中華電信,0.0,1000,股
2026-04-24,2881,富邦金融,0.0,9000,股
2026-04-24,2882,國泰金融,0.0,9000,股
2026-04-24,2885,元大金融,0.0,9000,股
2026-04-24,2890,永豐金融,0.0,9000,股
2026-04-24,2891,中國信託,0.0,9000,股
2026-04-24,3036,文曄科技,0.0,1000,股
2026-04-24,3044,健鼎科技,0.0,1000,股
2026-04-24,3045,台灣大哥,0.0,1000,股
2026-04-24,3231,緯創資通,0.0,9000,股
2026-04-24,5347,世界先進,0.0,9000,股
2026-04-24,5871,中租-KY,0.0,1000,股
2026-04-24,6274,台燿科技,0.0,1000,股
2026-04-24,6505,台塑石化,0.0,1000,股
2026-04-24,8210,勤誠興業,0.0,1000,股
2026-04-24,PFUR_NTD,PAYABLES FOR UNITS REDEEMED,-0.19,-64697456,元
2026-04-24,DA_NTD,AFTER DEDUCTING SECURITIES PURCHASES AMOUNT,-1.4,-472523659,元
2026-04-27,2330,台灣積體,22.15,3550000,股
2026-04-27,2383,台光電子,9.97,765000,股
2026-04-27,3037,欣興電子,7.39,3200000,股
2026-04-27,8299,群聯電子,6.57,1300000,股
2026-04-27,2308,台達電子,5.68,1020000,股
2026-04-27,5274,信驊科技,4.41,100000,股
2026-04-27,3017,奇鋐科技,4.29,550000,股
2026-04-27,2345,智邦科技,4.19,700000,股
2026-04-27,8046,南亞電路,4.15,1650000,股
2026-04-27,2368,金像電子,3.91,1000000,股
2026-04-27,2408,南亞科技,3.87,6200000,股
2026-04-27,7769,鴻勁精密,3.7,270000,股
2026-04-27,6223,旺矽科技,3.5,260000,股
2026-04-27,2454,聯發科技,3.35,500000,股
2026-04-27,3189,景碩科技,2.84,2000000,股
2026-04-27,3653,健策精密,2.73,200000,股
2026-04-27,3665,貿聯-KY,2.68,370000,股
2026-04-27,2327,國巨股份,0.92,1100000,股
2026-04-27,1590,亞德客-KY,0.91,235000,股
2026-04-27,2404,漢唐集成,0.88,330000,股
2026-04-27,3081,聯亞光電,0.77,110000,股
2026-04-27,6515,穎崴科技,0.03,1000,股
2026-04-27,2059,川湖科技,0.01,1000,股
2026-04-27,2313,華通電腦,0.01,9000,股
2026-04-27,2317,鴻海精密,0.01,9000,股
2026-04-27,2360,致茂電子,0.01,1000,股
2026-04-27,2382,廣達電腦,0.01,9000,股
2026-04-27,2449,京元電子,0.01,9000,股
2026-04-27,2603,長榮海運,0.01,9000,股
2026-04-27,3711,日月光投,0.01,9000,股
2026-04-27,6510,中華精測,0.01,1000,股
2026-04-27,1303,南亞塑膠,0.0,1000,股
2026-04-27,1519,華城電機,0.0,1000,股
2026-04-27,2337,旺宏電子,0.0,9000,股
2026-04-27,2344,華邦電子,0.0,9000,股
2026-04-27,2412,中華電信,0.0,1000,股
2026-04-27,2881,富邦金融,0.0,9000,股
2026-04-27,2882,國泰金融,0.0,9000,股
2026-04-27,2885,元大金融,0.0,9000,股
2026-04-27,2890,永豐金融,0.0,9000,股
2026-04-27,2891,中國信託,0.0,9000,股
2026-04-27,3036,文曄科技,0.0,1000,股
2026-04-27,3044,健鼎科技,0.0,1000,股
2026-04-27,3045,台灣大哥,0.0,1000,股
2026-04-27,3231,緯創資通,0.0,9000,股
2026-04-27,5347,世界先進,0.0,9000,股
2026-04-27,5871,中租-KY,0.0,1000,股
2026-04-27,6274,台燿科技,0.0,1000,股
2026-04-27,6505,台塑石化,0.0,1000,股
2026-04-27,8210,勤誠興業,0.0,1000,股
2026-04-27,PFUR_NTD,PAYABLES FOR UNITS REDEEMED,-0.18,-64697456,元
2026-04-27,PB_NTD,PAYABLES,-0.42,-151365474,元
2026-04-27,DA_NTD,AFTER DEDUCTING SECURITIES PURCHASES AMOUNT,-1.58,-574096302,元
2026-04-28,2330,台灣積體,21.41,3600000,股
2026-04-28,2383,台光電子,8.99,765000,股
2026-04-28,3037,欣興電子,7.09,3200000,股
2026-04-28,8299,群聯電子,6.88,1300000,股
2026-04-28,2308,台達電子,5.82,1020000,股
2026-04-28,5274,信驊科技,4.32,100000,股
2026-04-28,2345,智邦科技,4.31,700000,股
2026-04-28,8046,南亞電路,4.13,1650000,股
2026-04-28,3017,奇鋐科技,4.11,550000,股
2026-04-28,2408,南亞科技,3.95,6200000,股
2026-04-28,2368,金像電子,3.73,1000000,股
2026-04-28,7769,鴻勁精密,3.7,270000,股
2026-04-28,2454,聯發科技,3.51,500000,股
2026-04-28,6223,旺矽科技,3.41,260000,股
2026-04-28,3189,景碩科技,2.73,2000000,股
2026-04-28,3653,健策精密,2.66,200000,股
2026-04-28,3665,貿聯-KY,2.61,370000,股
2026-04-28,2327,國巨股份,1.58,1800000,股
2026-04-28,1590,亞德客-KY,0.89,235000,股
2026-04-28,2404,漢唐集成,0.86,330000,股
2026-04-28,DA_NTD,AFTER DEDUCTING SECURITIES PURCHASES AMOUNT,0.59,221110299,元
2026-04-28,6515,穎崴科技,0.03,1000,股
2026-04-28,2059,川湖科技,0.01,1000,股
2026-04-28,2313,華通電腦,0.01,9000,股
2026-04-28,2317,鴻海精密,0.01,9000,股
2026-04-28,2360,致茂電子,0.01,1000,股
2026-04-28,2382,廣達電腦,0.01,9000,股
2026-04-28,2449,京元電子,0.01,9000,股
2026-04-28,2603,長榮海運,0.01,9000,股
2026-04-28,3711,日月光投,0.01,9000,股
2026-04-28,6510,中華精測,0.01,1000,股
2026-04-28,6669,緯穎科技,0.01,1000,股
2026-04-28,1303,南亞塑膠,0.0,1000,股
2026-04-28,1519,華城電機,0.0,1000,股
2026-04-28,2337,旺宏電子,0.0,9000,股
2026-04-28,2344,華邦電子,0.0,9000,股
2026-04-28,2412,中華電信,0.0,1000,股
2026-04-28,2881,富邦金融,0.0,9000,股
2026-04-28,2882,國泰金融,0.0,9000,股
2026-04-28,2885,元大金融,0.0,9000,股
2026-04-28,2890,永豐金融,0.0,9000,股
2026-04-28,2891,中國信託,0.0,9000,股
2026-04-28,3036,文曄科技,0.0,1000,股
2026-04-28,3044,健鼎科技,0.0,1000,股
2026-04-28,3045,台灣大哥,0.0,1000,股
2026-04-28,3231,緯創資通,0.0,9000,股
2026-04-28,5347,世界先進,0.0,9000,股
2026-04-28,5871,中租-KY,0.0,1000,股
2026-04-28,6274,台燿科技,0.0,1000,股
2026-04-28,6505,台塑石化,0.0,1000,股
2026-04-28,8210,勤誠興業,0.0,1000,股
2026-04-28,PFUR_NTD,PAYABLES FOR UNITS REDEEMED,-0.17,-64697456,元
2026-04-28,PB_NTD,PAYABLES,-0.24,-88204915,元
2026-04-29,2330,台灣積體,20.82,3600000,股
2026-04-29,2383,台光電子,9.01,765000,股
2026-04-29,8299,群聯電子,7.14,1300000,股
2026-04-29,3037,欣興電子,6.82,3200000,股
2026-04-29,2308,台達電子,5.86,1020000,股
2026-04-29,5274,信驊科技,4.39,100000,股
2026-04-29,2345,智邦科技,4.28,730000,股
2026-04-29,3017,奇鋐科技,4.14,550000,股
2026-04-29,8046,南亞電路,4.01,1650000,股
2026-04-29,2408,南亞科技,3.87,6200000,股
2026-04-29,2368,金像電子,3.75,1040000,股
2026-04-29,7769,鴻勁精密,3.46,250000,股
2026-04-29,2454,聯發科技,3.42,500000,股
2026-04-29,6223,旺矽科技,3.41,260000,股
2026-04-29,3653,健策精密,2.89,200000,股
2026-04-29,3665,貿聯-KY,2.8,380000,股
2026-04-29,3189,景碩科技,2.7,2000000,股
2026-04-29,2327,國巨股份,2.56,3000000,股
2026-04-29,1590,亞德客-KY,1.58,400000,股
2026-04-29,DA_NTD,AFTER DEDUCTING SECURITIES PURCHASES AMOUNT,1.25,473139774,元
2026-04-29,2404,漢唐集成,0.84,330000,股
2026-04-29,6515,穎崴科技,0.03,1000,股
2026-04-29,2059,川湖科技,0.01,1000,股
2026-04-29,2313,華通電腦,0.01,9000,股
2026-04-29,2317,鴻海精密,0.01,9000,股
2026-04-29,2360,致茂電子,0.01,1000,股
2026-04-29,2382,廣達電腦,0.01,9000,股
2026-04-29,2449,京元電子,0.01,9000,股
2026-04-29,2603,長榮海運,0.01,9000,股
2026-04-29,3711,日月光投,0.01,9000,股
2026-04-29,6510,中華精測,0.01,1000,股
2026-04-29,6669,緯穎科技,0.01,1000,股
2026-04-29,1303,南亞塑膠,0.0,1000,股
2026-04-29,1519,華城電機,0.0,1000,股
2026-04-29,2337,旺宏電子,0.0,9000,股
2026-04-29,2344,華邦電子,0.0,9000,股
2026-04-29,2412,中華電信,0.0,1000,股
2026-04-29,2881,富邦金融,0.0,9000,股
2026-04-29,2882,國泰金融,0.0,9000,股
2026-04-29,2885,元大金融,0.0,9000,股
2026-04-29,2890,永豐金融,0.0,9000,股
2026-04-29,2891,中國信託,0.0,9000,股
2026-04-29,3036,文曄科技,0.0,1000,股
2026-04-29,3044,健鼎科技,0.0,1000,股
2026-04-29,3045,台灣大哥,0.0,1000,股
2026-04-29,3231,緯創資通,0.0,9000,股
2026-04-29,5347,世界先進,0.0,9000,股
2026-04-29,5871,中租-KY,0.0,1000,股
2026-04-29,6274,台燿科技,0.0,1000,股
2026-04-29,6505,台塑石化,0.0,1000,股
2026-04-29,8210,勤誠興業,0.0,1000,股
2026-04-29,PFUR_NTD,PAYABLES FOR UNITS REDEEMED,0.0,0,元
2026-04-29,PB_NTD,PAYABLES,-0.07,-27967625,元
2026-04-30,2330,台灣積體,20.34,3600000,股
2026-04-30,2383,台光電子,9.2,765000,股
2026-04-30,3037,欣興電子,7.48,3200000,股
2026-04-30,8299,群聯電子,6.54,1300000,股
2026-04-30,2308,台達電子,5.84,1020000,股
2026-04-30,2345,智邦科技,4.41,730000,股
2026-04-30,8046,南亞電路,4.39,1650000,股
2026-04-30,5274,信驊科技,4.36,100000,股
2026-04-30,3017,奇鋐科技,4.28,570000,股
2026-04-30,2368,金像電子,3.97,1080000,股
2026-04-30,2408,南亞科技,3.54,6200000,股
2026-04-30,2454,聯發科技,3.45,500000,股
2026-04-30,6223,旺矽科技,3.39,260000,股
2026-04-30,7769,鴻勁精密,3.27,250000,股
2026-04-30,3653,健策精密,2.85,200000,股
2026-04-30,3189,景碩科技,2.8,2000000,股
2026-04-30,3665,貿聯-KY,2.79,380000,股
2026-04-30,2327,國巨股份,2.68,3200000,股
2026-04-30,DA_NTD,AFTER DEDUCTING SECURITIES PURCHASES AMOUNT,1.75,660294849,元
2026-04-30,1590,亞德客-KY,1.54,400000,股
2026-04-30,2404,漢唐集成,0.83,330000,股
2026-04-30,6515,穎崴科技,0.03,1000,股
2026-04-30,2059,川湖科技,0.01,1000,股
2026-04-30,2313,華通電腦,0.01,9000,股
2026-04-30,2317,鴻海精密,0.01,9000,股
2026-04-30,2360,致茂電子,0.01,1000,股
2026-04-30,2382,廣達電腦,0.01,9000,股
2026-04-30,2449,京元電子,0.01,9000,股
2026-04-30,2603,長榮海運,0.01,9000,股
2026-04-30,3711,日月光投,0.01,9000,股
2026-04-30,6510,中華精測,0.01,1000,股
2026-04-30,6669,緯穎科技,0.01,1000,股
2026-04-30,1303,南亞塑膠,0.0,1000,股
2026-04-30,1519,華城電機,0.0,1000,股
2026-04-30,2337,旺宏電子,0.0,9000,股
2026-04-30,2344,華邦電子,0.0,9000,股
2026-04-30,2412,中華電信,0.0,1000,股
2026-04-30,2881,富邦金融,0.0,9000,股
2026-04-30,2882,國泰金融,0.0,9000,股
2026-04-30,2885,元大金融,0.0,9000,股
2026-04-30,2890,永豐金融,0.0,9000,股
2026-04-30,2891,中國信託,0.0,9000,股
2026-04-30,3036,文曄科技,0.0,1000,股
2026-04-30,3044,健鼎科技,0.0,1000,股
2026-04-30,3045,台灣大哥,0.0,1000,股
2026-04-30,3231,緯創資通,0.0,9000,股
2026-04-30,5347,世界先進,0.0,9000,股
2026-04-30,5871,中租-KY,0.0,1000,股
2026-04-30,6274,台燿科技,0.0,1000,股
2026-04-30,6505,台塑石化,0.0,1000,股
2026-04-30,8210,勤誠興業,0.0,1000,股
2026-04-30,PB_NTD,PAYABLES,-0.03,-10105020,元
2026-05-04,2330,台灣積體,20.43,3600000,股
2026-05-04,2383,台光電子,9.07,765000,股
2026-05-04,3037,欣興電子,7.27,3200000,股
2026-05-04,8299,群聯電子,6.52,1300000,股
2026-05-04,2308,台達電子,5.65,1020000,股
2026-05-04,2345,智邦科技,4.56,730000,股
2026-05-04,5274,信驊科技,4.38,100000,股
2026-05-04,3017,奇鋐科技,4.17,580000,股
2026-05-04,8046,南亞電路,4.06,1650000,股
2026-05-04,2368,金像電子,3.88,1080000,股
2026-05-04,2408,南亞科技,3.67,6200000,股
2026-05-04,2454,聯發科技,3.58,500000,股
2026-05-04,6223,旺矽科技,3.35,260000,股
2026-05-04,7769,鴻勁精密,3.35,250000,股
2026-05-04,2327,國巨股份,2.82,3300000,股
2026-05-04,3665,貿聯-KY,2.79,380000,股
2026-05-04,3189,景碩科技,2.65,2000000,股
2026-05-04,3653,健策精密,2.64,200000,股
2026-05-04,3324,雙鴻科技,1.51,510000,股
2026-05-04,1590,亞德客-KY,1.47,400000,股
2026-05-04,DA_NTD,AFTER DEDUCTING SECURITIES PURCHASES AMOUNT,1.38,553533384,元
2026-05-04,2404,漢唐集成,0.81,330000,股
2026-05-04,6515,穎崴科技,0.03,1000,股
2026-05-04,2059,川湖科技,0.01,1000,股
2026-05-04,2313,華通電腦,0.01,9000,股
2026-05-04,2317,鴻海精密,0.01,9000,股
2026-05-04,2360,致茂電子,0.01,1000,股
2026-05-04,2382,廣達電腦,0.01,9000,股
2026-05-04,2449,京元電子,0.01,9000,股
2026-05-04,2603,長榮海運,0.01,9000,股
2026-05-04,3711,日月光投,0.01,9000,股
2026-05-04,6510,中華精測,0.01,1000,股
2026-05-04,6669,緯穎科技,0.01,1000,股
2026-05-04,1303,南亞塑膠,0.0,1000,股
2026-05-04,1519,華城電機,0.0,1000,股
2026-05-04,2337,旺宏電子,0.0,9000,股
2026-05-04,2344,華邦電子,0.0,9000,股
2026-05-04,2412,中華電信,0.0,1000,股
2026-05-04,2881,富邦金融,0.0,9000,股
2026-05-04,2882,國泰金融,0.0,9000,股
2026-05-04,2885,元大金融,0.0,9000,股
2026-05-04,2890,永豐金融,0.0,9000,股
2026-05-04,2891,中國信託,0.0,9000,股
2026-05-04,3036,文曄科技,0.0,1000,股
2026-05-04,3044,健鼎科技,0.0,1000,股
2026-05-04,3045,台灣大哥,0.0,1000,股
2026-05-04,3231,緯創資通,0.0,9000,股
2026-05-04,5347,世界先進,0.0,9000,股
2026-05-04,5871,中租-KY,0.0,1000,股
2026-05-04,6274,台燿科技,0.0,1000,股
2026-05-04,8210,勤誠興業,0.0,1000,股
2026-05-04,PB_NTD,PAYABLES,-0.05,-21965751,元
2026-05-05,2330,台灣積體,20.05,3600000,股
2026-05-05,2383,台光電子,8.96,765000,股
2026-05-05,3037,欣興電子,7.15,3200000,股
2026-05-05,8299,群聯電子,6.81,1300000,股
2026-05-05,2308,台達電子,5.04,940000,股
2026-05-05,2345,智邦科技,4.51,730000,股
2026-05-05,5274,信驊科技,4.41,100000,股
2026-05-05,8046,南亞電路,4.07,1650000,股
2026-05-05,2368,金像電子,3.96,1080000,股
2026-05-05,2408,南亞科技,3.94,6200000,股
2026-05-05,2454,聯發科技,3.91,500000,股
2026-05-05,3017,奇鋐科技,3.88,580000,股
2026-05-05,7769,鴻勁精密,3.47,250000,股
2026-05-05,6223,旺矽科技,3.22,260000,股
2026-05-05,2327,國巨股份,2.85,3300000,股
2026-05-05,3665,貿聯-KY,2.71,380000,股
2026-05-05,3189,景碩科技,2.61,2000000,股
2026-05-05,3653,健策精密,2.37,200000,股
2026-05-05,3324,雙鴻科技,1.48,510000,股
2026-05-05,1590,亞德客-KY,1.43,400000,股
2026-05-05,6669,緯穎科技,1.06,90000,股
2026-05-05,DA_NTD,AFTER DEDUCTING SECURITIES PURCHASES AMOUNT,0.86,346118494,元
2026-05-05,2404,漢唐集成,0.8,330000,股
2026-05-05,6515,穎崴科技,0.03,1000,股
2026-05-05,2059,川湖科技,0.01,1000,股
2026-05-05,2313,華通電腦,0.01,9000,股
2026-05-05,2317,鴻海精密,0.01,9000,股
2026-05-05,2360,致茂電子,0.01,1000,股
2026-05-05,2382,廣達電腦,0.01,9000,股
2026-05-05,2449,京元電子,0.01,9000,股
2026-05-05,2603,長榮海運,0.01,9000,股
2026-05-05,3711,日月光投,0.01,9000,股
2026-05-05,6510,中華精測,0.01,1000,股
2026-05-05,1303,南亞塑膠,0.0,1000,股
2026-05-05,1519,華城電機,0.0,1000,股
2026-05-05,2337,旺宏電子,0.0,9000,股
2026-05-05,2344,華邦電子,0.0,9000,股
2026-05-05,2412,中華電信,0.0,1000,股
2026-05-05,2881,富邦金融,0.0,9000,股
2026-05-05,2882,國泰金融,0.0,9000,股
2026-05-05,2885,元大金融,0.0,9000,股
2026-05-05,2890,永豐金融,0.0,9000,股
2026-05-05,2891,中國信託,0.0,9000,股
2026-05-05,3036,文曄科技,0.0,1000,股
2026-05-05,3044,健鼎科技,0.0,1000,股
2026-05-05,3045,台灣大哥,0.0,1000,股
2026-05-05,3231,緯創資通,0.0,9000,股
2026-05-05,5347,世界先進,0.0,9000,股
2026-05-05,5871,中租-KY,0.0,1000,股
2026-05-05,6274,台燿科技,0.0,1000,股
2026-05-05,8210,勤誠興業,0.0,1000,股
2026-05-05,PB_NTD,PAYABLES,-0.06,-23444370,元
2026-05-06,2330,台灣積體,19.55,3600000,股
2026-05-06,2383,台光電子,9.14,765000,股
2026-05-06,8299,群聯電子,7.29,1300000,股
2026-05-06,3037,欣興電子,6.63,3200000,股
2026-05-06,2308,台達電子,5.01,940000,股
2026-05-06,2345,智邦科技,4.56,760000,股
2026-05-06,5274,信驊科技,4.51,100000,股
2026-05-06,2408,南亞科技,4.22,6200000,股
2026-05-06,2454,聯發科技,4.14,500000,股
2026-05-06,2368,金像電子,3.77,1080000,股
2026-05-06,8046,南亞電路,3.74,1650000,股
2026-05-06,7769,鴻勁精密,3.44,250000,股
2026-05-06,3017,奇鋐科技,3.41,580000,股
2026-05-06,6223,旺矽科技,3.11,260000,股
2026-05-06,6669,緯穎科技,2.7,225000,股
2026-05-06,2327,國巨股份,2.69,3300000,股
2026-05-06,3665,貿聯-KY,2.52,380000,股
2026-05-06,3189,景碩科技,2.33,2000000,股
2026-05-06,3653,健策精密,2.08,200000,股
2026-05-06,1590,亞德客-KY,1.39,400000,股
2026-05-06,3324,雙鴻科技,1.36,510000,股
2026-05-06,DA_NTD,AFTER DEDUCTING SECURITIES PURCHASES AMOUNT,1.32,545856589,元
2026-05-06,2404,漢唐集成,0.78,330000,股
2026-05-06,6515,穎崴科技,0.02,1000,股
2026-05-06,2059,川湖科技,0.01,1000,股
2026-05-06,2313,華通電腦,0.01,9000,股
2026-05-06,2317,鴻海精密,0.01,9000,股
2026-05-06,2360,致茂電子,0.01,1000,股
2026-05-06,2382,廣達電腦,0.01,9000,股
2026-05-06,2449,京元電子,0.01,9000,股
2026-05-06,2603,長榮海運,0.01,9000,股
2026-05-06,3711,日月光投,0.01,9000,股
2026-05-06,6510,中華精測,0.01,1000,股
2026-05-06,1303,南亞塑膠,0.0,1000,股
2026-05-06,1519,華城電機,0.0,1000,股
2026-05-06,2337,旺宏電子,0.0,9000,股
2026-05-06,2344,華邦電子,0.0,9000,股
2026-05-06,2412,中華電信,0.0,1000,股
2026-05-06,2881,富邦金融,0.0,9000,股
2026-05-06,2882,國泰金融,0.0,9000,股
2026-05-06,2885,元大金融,0.0,9000,股
2026-05-06,2890,永豐金融,0.0,9000,股
2026-05-06,2891,中國信託,0.0,9000,股
2026-05-06,3036,文曄科技,0.0,1000,股
2026-05-06,3044,健鼎科技,0.0,1000,股
2026-05-06,3045,台灣大哥,0.0,1000,股
2026-05-06,3231,緯創資通,0.0,9000,股
2026-05-06,5347,世界先進,0.0,9000,股
2026-05-06,5871,中租-KY,0.0,1000,股
2026-05-06,6274,台燿科技,0.0,1000,股
2026-05-06,8210,勤誠興業,0.0,1000,股
2026-05-06,PB_NTD,PAYABLES,-0.2,-84201100,元
2026-05-07,2330,台灣積體,19.7,3600000,股
2026-05-07,2383,台光電子,8.99,765000,股
2026-05-07,8299,群聯電子,7.36,1300000,股
2026-05-07,3037,欣興電子,6.79,3200000,股
2026-05-07,2308,台達電子,5.08,940000,股
2026-05-07,2345,智邦科技,4.61,760000,股
2026-05-07,5274,信驊科技,4.24,100000,股
2026-05-07,2408,南亞科技,4.22,6200000,股
2026-05-07,2454,聯發科技,4.05,500000,股
2026-05-07,2368,金像電子,3.71,1080000,股
2026-05-07,8046,南亞電路,3.7,1650000,股
2026-05-07,7769,鴻勁精密,3.46,250000,股
2026-05-07,3017,奇鋐科技,3.32,580000,股
2026-05-07,2327,國巨股份,3.26,3700000,股
2026-05-07,6223,旺矽科技,3.1,260000,股
2026-05-07,6669,緯穎科技,2.89,250000,股
2026-05-07,3665,貿聯-KY,2.5,380000,股
2026-05-07,3189,景碩科技,2.33,2000000,股
2026-05-07,3653,健策精密,1.84,200000,股
2026-05-07,3324,雙鴻科技,1.42,560000,股
2026-05-07,1590,亞德客-KY,1.41,400000,股
2026-05-07,DA_NTD,AFTER DEDUCTING SECURITIES PURCHASES AMOUNT,1.18,500200229,元
2026-05-07,2404,漢唐集成,0.78,330000,股
2026-05-07,6515,穎崴科技,0.02,1000,股
2026-05-07,2059,川湖科技,0.01,1000,股
2026-05-07,2313,華通電腦,0.01,9000,股
2026-05-07,2317,鴻海精密,0.01,9000,股
2026-05-07,2360,致茂電子,0.01,1000,股
2026-05-07,2382,廣達電腦,0.01,9000,股
2026-05-07,2449,京元電子,0.01,9000,股
2026-05-07,2603,長榮海運,0.01,9000,股
2026-05-07,3711,日月光投,0.01,9000,股
2026-05-07,6510,中華精測,0.01,1000,股
2026-05-07,1303,南亞塑膠,0.0,1000,股
2026-05-07,1519,華城電機,0.0,1000,股
2026-05-07,2337,旺宏電子,0.0,9000,股
2026-05-07,2344,華邦電子,0.0,9000,股
2026-05-07,2412,中華電信,0.0,1000,股
2026-05-07,2881,富邦金融,0.0,9000,股
2026-05-07,2882,國泰金融,0.0,9000,股
2026-05-07,2885,元大金融,0.0,9000,股
2026-05-07,2890,永豐金融,0.0,9000,股
2026-05-07,2891,中國信託,0.0,9000,股
2026-05-07,3036,文曄科技,0.0,1000,股
2026-05-07,3044,健鼎科技,0.0,1000,股
2026-05-07,3045,台灣大哥,0.0,1000,股
2026-05-07,3231,緯創資通,0.0,9000,股
2026-05-07,5347,世界先進,0.0,9000,股
2026-05-07,5871,中租-KY,0.0,1000,股
2026-05-07,6274,台燿科技,0.0,1000,股
2026-05-07,8210,勤誠興業,0.0,1000,股
2026-05-07,PB_NTD,PAYABLES,-0.04,-15098000,元
2026-05-08,2330,台灣積體,20.02,3650000,股
2026-05-08,2383,台光電子,8.7,765000,股
2026-05-08,8299,群聯電子,7.74,1330000,股
2026-05-08,3037,欣興電子,6.27,3200000,股
2026-05-08,2308,台達電子,4.95,940000,股
2026-05-08,2454,聯發科技,4.35,500000,股
2026-05-08,2345,智邦科技,4.32,760000,股
2026-05-08,2408,南亞科技,4.27,6500000,股
2026-05-08,5274,信驊科技,4.06,100000,股
2026-05-08,2327,國巨股份,3.91,4200000,股
2026-05-08,7769,鴻勁精密,3.47,250000,股
2026-05-08,2368,金像電子,3.44,1080000,股
2026-05-08,3017,奇鋐科技,3.4,580000,股
2026-05-08,8046,南亞電路,3.38,1650000,股
2026-05-08,6669,緯穎科技,3.36,270000,股
2026-05-08,6223,旺矽科技,3.13,260000,股
2026-05-08,3665,貿聯-KY,2.5,380000,股
2026-05-08,1590,亞德客-KY,1.44,400000,股
2026-05-08,3324,雙鴻科技,1.43,560000,股
2026-05-08,3653,健策精密,1.4,160000,股
2026-05-08,3189,景碩科技,1.37,1250000,股
2026-05-08,DA_NTD,AFTER DEDUCTING SECURITIES PURCHASES AMOUNT,1.15,481896986,元
2026-05-08,2404,漢唐集成,0.8,330000,股
2026-05-08,6515,穎崴科技,0.02,1000,股
2026-05-08,2059,川湖科技,0.01,1000,股
2026-05-08,2313,華通電腦,0.01,9000,股
2026-05-08,2317,鴻海精密,0.01,9000,股
2026-05-08,2360,致茂電子,0.01,1000,股
2026-05-08,2382,廣達電腦,0.01,9000,股
2026-05-08,2449,京元電子,0.01,9000,股
2026-05-08,2603,長榮海運,0.01,9000,股
2026-05-08,3711,日月光投,0.01,9000,股
2026-05-08,6510,中華精測,0.01,1000,股
2026-05-08,1303,南亞塑膠,0.0,1000,股
2026-05-08,1519,華城電機,0.0,1000,股
2026-05-08,2337,旺宏電子,0.0,9000,股
2026-05-08,2344,華邦電子,0.0,9000,股
2026-05-08,2412,中華電信,0.0,1000,股
2026-05-08,2881,富邦金融,0.0,9000,股
2026-05-08,2882,國泰金融,0.0,9000,股
2026-05-08,2885,元大金融,0.0,9000,股
2026-05-08,2890,永豐金融,0.0,9000,股
2026-05-08,2891,中國信託,0.0,9000,股
2026-05-08,3036,文曄科技,0.0,1000,股
2026-05-08,3044,健鼎科技,0.0,1000,股
2026-05-08,3045,台灣大哥,0.0,1000,股
2026-05-08,3231,緯創資通,0.0,9000,股
2026-05-08,5347,世界先進,0.0,9000,股
2026-05-08,5871,中租-KY,0.0,1000,股
2026-05-08,6274,台燿科技,0.0,1000,股
2026-05-08,8210,勤誠興業,0.0,1000,股
2026-05-08,PB_NTD,PAYABLES,-0.15,-63830914,元
2026-05-11,2330,台灣積體,18.75,3650000,股
2026-05-11,2383,台光電子,8.53,765000,股
2026-05-11,8299,群聯電子,8.16,1330000,股
2026-05-11,3037,欣興電子,6.33,3200000,股
2026-05-11,2345,智邦科技,4.76,800000,股
2026-05-11,2408,南亞科技,4.71,6800000,股
2026-05-11,2308,台達電子,4.64,900000,股
2026-05-11,2454,聯發科技,4.46,500000,股
2026-05-11,5274,信驊科技,4.1,100000,股
2026-05-11,2327,國巨股份,3.96,4400000,股
2026-05-11,7769,鴻勁精密,3.67,250000,股
2026-05-11,3017,奇鋐科技,3.58,610000,股
2026-05-11,2368,金像電子,3.48,1080000,股
2026-05-11,8046,南亞電路,3.44,1650000,股
2026-05-11,6669,緯穎科技,3.31,270000,股
2026-05-11,3665,貿聯-KY,3.14,470000,股
2026-05-11,6223,旺矽科技,2.98,260000,股
2026-05-11,3653,健策精密,1.48,160000,股
2026-05-11,3189,景碩科技,1.45,1250000,股
2026-05-11,1590,亞德客-KY,1.43,400000,股
2026-05-11,8996,高力熱處,0.8,330000,股
2026-05-11,2404,漢唐集成,0.78,330000,股
2026-05-11,3324,雙鴻科技,0.74,300000,股
2026-05-11,6515,穎崴科技,0.02,1000,股
2026-05-11,2059,川湖科技,0.01,1000,股
2026-05-11,2313,華通電腦,0.01,9000,股
2026-05-11,2317,鴻海精密,0.01,9000,股
2026-05-11,2360,致茂電子,0.01,1000,股
2026-05-11,2382,廣達電腦,0.01,9000,股
2026-05-11,2449,京元電子,0.01,9000,股
2026-05-11,3711,日月光投,0.01,9000,股
2026-05-11,6510,中華精測,0.01,1000,股
2026-05-11,1303,南亞塑膠,0.0,1000,股
2026-05-11,1519,華城電機,0.0,1000,股
2026-05-11,2337,旺宏電子,0.0,9000,股
2026-05-11,2344,華邦電子,0.0,9000,股
2026-05-11,2412,中華電信,0.0,1000,股
2026-05-11,2603,長榮海運,0.0,9000,股
2026-05-11,2881,富邦金融,0.0,9000,股
2026-05-11,2882,國泰金融,0.0,9000,股
2026-05-11,2885,元大金融,0.0,9000,股
2026-05-11,2890,永豐金融,0.0,9000,股
2026-05-11,2891,中國信託,0.0,9000,股
2026-05-11,3036,文曄科技,0.0,1000,股
2026-05-11,3044,健鼎科技,0.0,1000,股
2026-05-11,3045,台灣大哥,0.0,1000,股
2026-05-11,3231,緯創資通,0.0,9000,股
2026-05-11,5347,世界先進,0.0,9000,股
2026-05-11,6274,台燿科技,0.0,1000,股
2026-05-11,8210,勤誠興業,0.0,1000,股
2026-05-11,PB_NTD,PAYABLES,-0.03,-14013400,元
2026-05-11,DA_NTD,AFTER DEDUCTING SECURITIES PURCHASES AMOUNT,-0.69,-300697117,元
2026-05-12,2330,台灣積體,18.65,3650000,股
2026-05-12,2383,台光電子,8.49,765000,股
2026-05-12,8299,群聯電子,8.4,1360000,股
2026-05-12,3037,欣興電子,6.34,3200000,股
2026-05-12,2408,南亞科技,5.16,7100000,股
2026-05-12,2345,智邦科技,4.58,800000,股
2026-05-12,2308,台達電子,4.48,900000,股
2026-05-12,2327,國巨股份,4.47,4700000,股
2026-05-12,2454,聯發科技,4.19,500000,股
2026-05-12,5274,信驊科技,4.08,100000,股
2026-05-12,7769,鴻勁精密,3.89,250000,股
2026-05-12,6669,緯穎科技,3.8,290000,股
2026-05-12,3017,奇鋐科技,3.48,610000,股
2026-05-12,2368,金像電子,3.4,1080000,股
2026-05-12,8046,南亞電路,3.36,1650000,股
2026-05-12,6223,旺矽科技,3.23,260000,股
2026-05-12,3665,貿聯-KY,2.96,470000,股
2026-05-12,3653,健策精密,1.42,160000,股
2026-05-12,8996,高力熱處,1.41,590000,股
2026-05-12,3189,景碩科技,1.4,1250000,股
2026-05-12,1590,亞德客-KY,1.39,400000,股
2026-05-12,6515,穎崴科技,0.02,1000,股
2026-05-12,2059,川湖科技,0.01,1000,股
2026-05-12,2313,華通電腦,0.01,9000,股
2026-05-12,2317,鴻海精密,0.01,9000,股
2026-05-12,2360,致茂電子,0.01,1000,股
2026-05-12,2382,廣達電腦,0.01,9000,股
2026-05-12,2449,京元電子,0.01,9000,股
2026-05-12,3711,日月光投,0.01,9000,股
2026-05-12,6510,中華精測,0.01,1000,股
2026-05-12,1303,南亞塑膠,0.0,1000,股
2026-05-12,1519,華城電機,0.0,1000,股
2026-05-12,2337,旺宏電子,0.0,9000,股
2026-05-12,2344,華邦電子,0.0,9000,股
2026-05-12,2404,漢唐集成,0.0,1000,股
2026-05-12,2412,中華電信,0.0,1000,股
2026-05-12,2603,長榮海運,0.0,9000,股
2026-05-12,2881,富邦金融,0.0,9000,股
2026-05-12,2882,國泰金融,0.0,9000,股
2026-05-12,2885,元大金融,0.0,9000,股
2026-05-12,2890,永豐金融,0.0,9000,股
2026-05-12,2891,中國信託,0.0,9000,股
2026-05-12,3036,文曄科技,0.0,1000,股
2026-05-12,3044,健鼎科技,0.0,1000,股
2026-05-12,3045,台灣大哥,0.0,1000,股
2026-05-12,3231,緯創資通,0.0,9000,股
2026-05-12,3324,雙鴻科技,0.0,1000,股
2026-05-12,5347,世界先進,0.0,9000,股
2026-05-12,6274,台燿科技,0.0,1000,股
2026-05-12,8210,勤誠興業,0.0,1000,股
2026-05-12,PB_NTD,PAYABLES,-0.02,-9603012,元
2026-05-12,DA_NTD,AFTER DEDUCTING SECURITIES PURCHASES AMOUNT,-0.93,-412488904,元
2026-05-13,2330,台灣積體,18.43,3650000,股
2026-05-13,2383,台光電子,8.58,765000,股
2026-05-13,8299,群聯電子,8.1,1360000,股
2026-05-13,3037,欣興電子,6.49,3200000,股
2026-05-13,2408,南亞科技,5.18,7100000,股
2026-05-13,2327,國巨股份,4.49,4700000,股
2026-05-13,2308,台達電子,4.43,900000,股
2026-05-13,2345,智邦科技,4.43,800000,股
2026-05-13,7769,鴻勁精密,4.23,250000,股
2026-05-13,5274,信驊科技,4.05,100000,股
2026-05-13,2454,聯發科技,3.97,500000,股
2026-05-13,6669,緯穎科技,3.68,290000,股
2026-05-13,3017,奇鋐科技,3.59,610000,股
2026-05-13,6223,旺矽科技,3.38,260000,股
2026-05-13,2368,金像電子,3.32,1080000,股
2026-05-13,8046,南亞電路,3.3,1650000,股
2026-05-13,3665,貿聯-KY,2.67,470000,股
2026-05-13,3189,景碩科技,1.41,1250000,股
2026-05-13,8210,勤誠興業,1.39,401000,股
2026-05-13,8996,高力熱處,1.38,590000,股
2026-05-13,1590,亞德客-KY,1.35,400000,股
2026-05-13,3653,健策精密,0.72,89000,股
2026-05-13,6515,穎崴科技,0.02,1000,股
2026-05-13,2059,川湖科技,0.01,1000,股
2026-05-13,2313,華通電腦,0.01,9000,股
2026-05-13,2317,鴻海精密,0.01,9000,股
2026-05-13,2360,致茂電子,0.01,1000,股
2026-05-13,2382,廣達電腦,0.01,9000,股
2026-05-13,2449,京元電子,0.01,9000,股
2026-05-13,3711,日月光投,0.01,9000,股
2026-05-13,6510,中華精測,0.01,1000,股
2026-05-13,1303,南亞塑膠,0.0,1000,股
2026-05-13,1519,華城電機,0.0,1000,股
2026-05-13,2337,旺宏電子,0.0,9000,股
2026-05-13,2344,華邦電子,0.0,9000,股
2026-05-13,2404,漢唐集成,0.0,1000,股
2026-05-13,2412,中華電信,0.0,1000,股
2026-05-13,2603,長榮海運,0.0,9000,股
2026-05-13,2881,富邦金融,0.0,9000,股
2026-05-13,2882,國泰金融,0.0,9000,股
2026-05-13,2885,元大金融,0.0,9000,股
2026-05-13,2890,永豐金融,0.0,9000,股
2026-05-13,2891,中國信託,0.0,9000,股
2026-05-13,3036,文曄科技,0.0,1000,股
2026-05-13,3044,健鼎科技,0.0,1000,股
2026-05-13,3045,台灣大哥,0.0,1000,股
2026-05-13,3231,緯創資通,0.0,9000,股
2026-05-13,3324,雙鴻科技,0.0,1000,股
2026-05-13,5347,世界先進,0.0,9000,股
2026-05-13,6274,台燿科技,0.0,1000,股
2026-05-13,PB_NTD,PAYABLES,-0.09,-40156896,元
2026-05-13,DA_NTD,AFTER DEDUCTING SECURITIES PURCHASES AMOUNT,-0.61,-266603379,元
2026-05-14,2330,台灣積體,18.23,3650000,股
2026-05-14,8299,群聯電子,8.62,1360000,股
2026-05-14,2383,台光電子,8.28,765000,股
2026-05-14,3037,欣興電子,6.2,3200000,股
2026-05-14,2408,南亞科技,5.33,7100000,股
2026-05-14,2327,國巨股份,4.78,4700000,股
2026-05-14,2345,智邦科技,4.71,800000,股
2026-05-14,2308,台達電子,4.27,900000,股
2026-05-14,7769,鴻勁精密,4.16,250000,股
2026-05-14,5274,信驊科技,3.92,100000,股
2026-05-14,2454,聯發科技,3.75,500000,股
2026-05-14,6223,旺矽科技,3.6,260000,股
2026-05-14,6669,緯穎科技,3.47,290000,股
2026-05-14,3017,奇鋐科技,3.43,610000,股
2026-05-14,2368,金像電子,3.4,1080000,股
2026-05-14,8046,南亞電路,3.08,1650000,股
2026-05-14,8996,高力熱處,1.59,680000,股
2026-05-14,6515,穎崴科技,1.51,65000,股
2026-05-14,8210,勤誠興業,1.48,460000,股
2026-05-14,3189,景碩科技,1.44,1250000,股
2026-05-14,1590,亞德客-KY,0.97,300000,股
2026-05-14,3665,貿聯-KY,0.44,88000,股
2026-05-14,2059,川湖科技,0.01,1000,股
2026-05-14,2313,華通電腦,0.01,9000,股
2026-05-14,2317,鴻海精密,0.01,9000,股
2026-05-14,2360,致茂電子,0.01,1000,股
2026-05-14,2382,廣達電腦,0.01,9000,股
2026-05-14,2449,京元電子,0.01,9000,股
2026-05-14,3653,健策精密,0.01,1000,股
2026-05-14,3711,日月光投,0.01,9000,股
2026-05-14,6510,中華精測,0.01,1000,股
2026-05-14,1303,南亞塑膠,0.0,1000,股
2026-05-14,1519,華城電機,0.0,1000,股
2026-05-14,2337,旺宏電子,0.0,9000,股
2026-05-14,2344,華邦電子,0.0,9000,股
2026-05-14,2404,漢唐集成,0.0,1000,股
2026-05-14,2412,中華電信,0.0,1000,股
2026-05-14,2603,長榮海運,0.0,9000,股
2026-05-14,2881,富邦金融,0.0,9000,股
2026-05-14,2882,國泰金融,0.0,9000,股
2026-05-14,2885,元大金融,0.0,9000,股
2026-05-14,2890,永豐金融,0.0,9000,股
2026-05-14,2891,中國信託,0.0,9000,股
2026-05-14,3036,文曄科技,0.0,1000,股
2026-05-14,3044,健鼎科技,0.0,1000,股
2026-05-14,3045,台灣大哥,0.0,1000,股
2026-05-14,3231,緯創資通,0.0,9000,股
2026-05-14,3324,雙鴻科技,0.0,1000,股
2026-05-14,5347,世界先進,0.0,9000,股
2026-05-14,6274,台燿科技,0.0,1000,股
2026-05-14,DA_NTD,AFTER DEDUCTING SECURITIES PURCHASES AMOUNT,-0.04,-16023063,元
2026-05-14,PB_NTD,PAYABLES,-0.08,-35884518,元
2026-05-15,2330,台灣積體,18.0,3650000,股
2026-05-15,8299,群聯電子,7.85,1360000,股
2026-05-15,2383,台光電子,7.69,765000,股
2026-05-15,3037,欣興電子,5.72,3200000,股
2026-05-15,2327,國巨股份,4.86,4900000,股
2026-05-15,2408,南亞科技,4.82,7100000,股
2026-05-15,2345,智邦科技,4.36,800000,股
2026-05-15,2308,台達電子,4.07,900000,股
2026-05-15,7769,鴻勁精密,3.75,250000,股
2026-05-15,5274,信驊科技,3.74,100000,股
2026-05-15,3017,奇鋐科技,3.64,680000,股
2026-05-15,6669,緯穎科技,3.56,320000,股
2026-05-15,2454,聯發科技,3.55,500000,股
2026-05-15,2368,金像電子,3.43,1220000,股
2026-05-15,6223,旺矽科技,3.34,260000,股
2026-05-15,8046,南亞電路,2.82,1650000,股
2026-05-15,DA_NTD,AFTER DEDUCTING SECURITIES PURCHASES AMOUNT,2.05,941659046,元
2026-05-15,2360,致茂電子,1.95,400000,股
2026-05-15,8996,高力熱處,1.93,850000,股
2026-05-15,8210,勤誠興業,1.9,620000,股
2026-05-15,3189,景碩科技,1.85,1750000,股
2026-05-15,6515,穎崴科技,1.81,85000,股
2026-05-15,2059,川湖科技,0.01,1000,股
2026-05-15,2313,華通電腦,0.01,9000,股
2026-05-15,2317,鴻海精密,0.01,9000,股
2026-05-15,2382,廣達電腦,0.01,9000,股
2026-05-15,2449,京元電子,0.01,9000,股
2026-05-15,3653,健策精密,0.01,1000,股
2026-05-15,3665,貿聯-KY,0.01,1000,股
2026-05-15,3711,日月光投,0.01,9000,股
2026-05-15,6510,中華精測,0.01,1000,股
2026-05-15,1303,南亞塑膠,0.0,1000,股
2026-05-15,1519,華城電機,0.0,1000,股
2026-05-15,1590,亞德客-KY,0.0,1000,股
2026-05-15,2337,旺宏電子,0.0,9000,股
2026-05-15,2344,華邦電子,0.0,9000,股
2026-05-15,2404,漢唐集成,0.0,1000,股
2026-05-15,2412,中華電信,0.0,1000,股
2026-05-15,2603,長榮海運,0.0,9000,股
2026-05-15,2881,富邦金融,0.0,9000,股
2026-05-15,2882,國泰金融,0.0,9000,股
2026-05-15,2885,元大金融,0.0,9000,股
2026-05-15,2890,永豐金融,0.0,9000,股
2026-05-15,2891,中國信託,0.0,9000,股
2026-05-15,3036,文曄科技,0.0,1000,股
2026-05-15,3044,健鼎科技,0.0,1000,股
2026-05-15,3045,台灣大哥,0.0,1000,股
2026-05-15,3231,緯創資通,0.0,9000,股
2026-05-15,3324,雙鴻科技,0.0,1000,股
2026-05-15,5347,世界先進,0.0,9000,股
2026-05-15,6274,台燿科技,0.0,1000,股
2026-05-15,PB_NTD,PAYABLES,-0.91,-419165840,元
2026-05-18,2330,台灣積體,17.73,3650000,股
2026-05-18,8299,群聯電子,8.07,1360000,股
2026-05-18,2383,台光電子,7.54,765000,股
2026-05-18,3037,欣興電子,5.66,3200000,股
2026-05-18,2327,國巨股份,5.33,4900000,股
2026-05-18,2408,南亞科技,4.7,7100000,股
2026-05-18,2345,智邦科技,4.33,800000,股
2026-05-18,2308,台達電子,3.94,900000,股
2026-05-18,2454,聯發科技,3.69,500000,股
2026-05-18,3017,奇鋐科技,3.66,700000,股
2026-05-18,6669,緯穎科技,3.64,330000,股
2026-05-18,7769,鴻勁精密,3.61,250000,股
2026-05-18,5274,信驊科技,3.5,100000,股
2026-05-18,6223,旺矽科技,3.46,260000,股
2026-05-18,2368,金像電子,3.31,1220000,股
2026-05-18,6515,穎崴科技,3.0,135000,股
2026-05-18,8046,南亞電路,2.83,1650000,股
2026-05-18,8210,勤誠興業,2.4,800000,股
2026-05-18,2360,致茂電子,2.37,500000,股
2026-05-18,DA_NTD,AFTER DEDUCTING SECURITIES PURCHASES AMOUNT,2.04,939546300,元
2026-05-18,8996,高力熱處,1.93,850000,股
2026-05-18,3189,景碩科技,1.92,1750000,股
2026-05-18,2059,川湖科技,0.01,1000,股
2026-05-18,2313,華通電腦,0.01,9000,股
2026-05-18,2317,鴻海精密,0.01,9000,股
2026-05-18,2382,廣達電腦,0.01,9000,股
2026-05-18,2449,京元電子,0.01,9000,股
2026-05-18,3653,健策精密,0.01,1000,股
2026-05-18,3711,日月光投,0.01,9000,股
2026-05-18,6510,中華精測,0.01,1000,股
2026-05-18,1303,南亞塑膠,0.0,1000,股
2026-05-18,1519,華城電機,0.0,1000,股
2026-05-18,1590,亞德客-KY,0.0,1000,股
2026-05-18,2337,旺宏電子,0.0,9000,股
2026-05-18,2344,華邦電子,0.0,9000,股
2026-05-18,2404,漢唐集成,0.0,1000,股
2026-05-18,2412,中華電信,0.0,1000,股
2026-05-18,2603,長榮海運,0.0,9000,股
2026-05-18,2881,富邦金融,0.0,9000,股
2026-05-18,2882,國泰金融,0.0,9000,股
2026-05-18,2885,元大金融,0.0,9000,股
2026-05-18,2890,永豐金融,0.0,9000,股
2026-05-18,2891,中國信託,0.0,9000,股
2026-05-18,3036,文曄科技,0.0,1000,股
2026-05-18,3044,健鼎科技,0.0,1000,股
2026-05-18,3045,台灣大哥,0.0,1000,股
2026-05-18,3231,緯創資通,0.0,9000,股
2026-05-18,3324,雙鴻科技,0.0,1000,股
2026-05-18,3665,貿聯-KY,0.0,1000,股
2026-05-18,5347,世界先進,0.0,9000,股
2026-05-18,6274,台燿科技,0.0,1000,股
2026-05-18,PB_NTD,PAYABLES,-0.04,-16857883,元
2026-05-19,2330,台灣積體,17.87,3650000,股
2026-05-19,2383,台光電子,7.7,765000,股
2026-05-19,8299,群聯電子,7.44,1360000,股
2026-05-19,3037,欣興電子,5.81,3200000,股
2026-05-19,2327,國巨股份,5.63,5100000,股
2026-05-19,2408,南亞科技,4.33,7100000,股
2026-05-19,2345,智邦科技,4.25,800000,股
2026-05-19,2308,台達電子,3.83,900000,股
2026-05-19,3017,奇鋐科技,3.72,700000,股
2026-05-19,7769,鴻勁精密,3.66,250000,股
2026-05-19,6669,緯穎科技,3.58,330000,股
2026-05-19,6223,旺矽科技,3.56,280000,股
2026-05-19,5274,信驊科技,3.54,100000,股
2026-05-19,2454,聯發科技,3.5,500000,股
2026-05-19,2368,金像電子,3.48,1220000,股
2026-05-19,8046,南亞電路,3.1,1750000,股
2026-05-19,6515,穎崴科技,3.06,145000,股
2026-05-19,DA_NTD,AFTER DEDUCTING SECURITIES PURCHASES AMOUNT,3.0,1352943611,元
2026-05-19,3189,景碩科技,2.39,2100000,股
2026-05-19,8210,勤誠興業,2.35,800000,股
2026-05-19,2360,致茂電子,2.28,500000,股
2026-05-19,8996,高力熱處,1.96,850000,股
2026-05-19,2059,川湖科技,0.01,1000,股
2026-05-19,2313,華通電腦,0.01,9000,股
2026-05-19,2317,鴻海精密,0.01,9000,股
2026-05-19,2382,廣達電腦,0.01,9000,股
2026-05-19,2449,京元電子,0.01,9000,股
2026-05-19,3653,健策精密,0.01,1000,股
2026-05-19,3711,日月光投,0.01,9000,股
2026-05-19,6510,中華精測,0.01,1000,股
2026-05-19,1303,南亞塑膠,0.0,1000,股
2026-05-19,1519,華城電機,0.0,1000,股
2026-05-19,1590,亞德客-KY,0.0,1000,股
2026-05-19,2337,旺宏電子,0.0,9000,股
2026-05-19,2344,華邦電子,0.0,9000,股
2026-05-19,2404,漢唐集成,0.0,1000,股
2026-05-19,2412,中華電信,0.0,1000,股
2026-05-19,2603,長榮海運,0.0,9000,股
2026-05-19,2881,富邦金融,0.0,9000,股
2026-05-19,2882,國泰金融,0.0,9000,股
2026-05-19,2885,元大金融,0.0,9000,股
2026-05-19,2890,永豐金融,0.0,9000,股
2026-05-19,2891,中國信託,0.0,9000,股
2026-05-19,3036,文曄科技,0.0,1000,股
2026-05-19,3044,健鼎科技,0.0,1000,股
2026-05-19,3045,台灣大哥,0.0,1000,股
2026-05-19,3231,緯創資通,0.0,9000,股
2026-05-19,3324,雙鴻科技,0.0,1000,股
2026-05-19,3665,貿聯-KY,0.0,1000,股
2026-05-19,5347,世界先進,0.0,9000,股
2026-05-19,6274,台燿科技,0.0,1000,股
2026-05-19,PB_NTD,PAYABLES,-0.11,-47485462,元
2026-05-20,2330,台灣積體,17.85,3650000,股
2026-05-20,2383,台光電子,7.53,765000,股
2026-05-20,8299,群聯電子,6.9,1360000,股
2026-05-20,2327,國巨股份,5.94,5100000,股
2026-05-20,3037,欣興電子,5.9,3200000,股
2026-05-20,2408,南亞科技,4.37,7100000,股
2026-05-20,2345,智邦科技,4.22,800000,股
2026-05-20,7769,鴻勁精密,3.91,250000,股
2026-05-20,3017,奇鋐科技,3.67,700000,股
2026-05-20,2308,台達電子,3.64,850000,股
2026-05-20,6669,緯穎科技,3.63,330000,股
2026-05-20,2454,聯發科技,3.62,500000,股
2026-05-20,6223,旺矽科技,3.56,280000,股
2026-05-20,5274,信驊科技,3.48,100000,股
2026-05-20,2368,金像電子,3.37,1220000,股
2026-05-20,8046,南亞電路,3.25,1750000,股
2026-05-20,DA_NTD,AFTER DEDUCTING SECURITIES PURCHASES AMOUNT,3.13,1399408149,元
2026-05-20,6515,穎崴科技,2.95,145000,股
2026-05-20,3189,景碩科技,2.37,2100000,股
2026-05-20,2360,致茂電子,2.31,500000,股
2026-05-20,8210,勤誠興業,2.3,800000,股
2026-05-20,8996,高力熱處,1.89,850000,股
2026-05-20,2059,川湖科技,0.01,1000,股
2026-05-20,2313,華通電腦,0.01,9000,股
2026-05-20,2317,鴻海精密,0.01,9000,股
2026-05-20,2382,廣達電腦,0.01,9000,股
2026-05-20,2449,京元電子,0.01,9000,股
2026-05-20,3653,健策精密,0.01,1000,股
2026-05-20,3711,日月光投,0.01,9000,股
2026-05-20,6510,中華精測,0.01,1000,股
2026-05-20,1303,南亞塑膠,0.0,1000,股
2026-05-20,1519,華城電機,0.0,1000,股
2026-05-20,1590,亞德客-KY,0.0,1000,股
2026-05-20,2337,旺宏電子,0.0,9000,股
2026-05-20,2344,華邦電子,0.0,9000,股
2026-05-20,2404,漢唐集成,0.0,1000,股
2026-05-20,2412,中華電信,0.0,1000,股
2026-05-20,2603,長榮海運,0.0,9000,股
2026-05-20,2881,富邦金融,0.0,9000,股
2026-05-20,2882,國泰金融,0.0,9000,股
2026-05-20,2885,元大金融,0.0,9000,股
2026-05-20,2890,永豐金融,0.0,9000,股
2026-05-20,2891,中國信託,0.0,9000,股
2026-05-20,3036,文曄科技,0.0,1000,股
2026-05-20,3044,健鼎科技,0.0,1000,股
2026-05-20,3045,台灣大哥,0.0,1000,股
2026-05-20,3231,緯創資通,0.0,9000,股
2026-05-20,3324,雙鴻科技,0.0,1000,股
2026-05-20,3665,貿聯-KY,0.0,1000,股
2026-05-20,5347,世界先進,0.0,9000,股
2026-05-20,6274,台燿科技,0.0,1000,股
2026-05-20,PB_NTD,PAYABLES,-0.02,-9420530,元
2026-05-21,2330,台灣積體,17.21,3650000,股
2026-05-21,2383,台光電子,7.59,765000,股
2026-05-21,8299,群聯電子,6.71,1360000,股
2026-05-21,2327,國巨股份,6.17,5100000,股
2026-05-21,3037,欣興電子,6.12,3200000,股
2026-05-21,2408,南亞科技,4.4,7100000,股
2026-05-21,2345,智邦科技,4.2,800000,股
2026-05-21,7769,鴻勁精密,4.06,250000,股
2026-05-21,2454,聯發科技,3.75,500000,股
2026-05-21,6669,緯穎科技,3.73,330000,股
2026-05-21,3017,奇鋐科技,3.69,700000,股
2026-05-21,2308,台達電子,3.65,850000,股
2026-05-21,5274,信驊科技,3.48,100000,股
2026-05-21,6223,旺矽科技,3.35,280000,股
2026-05-21,2368,金像電子,3.32,1220000,股
2026-05-21,8046,南亞電路,3.23,1750000,股
2026-05-21,DA_NTD,AFTER DEDUCTING SECURITIES PURCHASES AMOUNT,3.17,1501647619,元
2026-05-21,6515,穎崴科技,2.92,145000,股
2026-05-21,3189,景碩科技,2.46,2100000,股
2026-05-21,2360,致茂電子,2.4,500000,股
2026-05-21,8210,勤誠興業,2.26,800000,股
2026-05-21,8996,高力熱處,1.91,850000,股
2026-05-21,2059,川湖科技,0.01,1000,股
2026-05-21,2313,華通電腦,0.01,9000,股
2026-05-21,2317,鴻海精密,0.01,9000,股
2026-05-21,2382,廣達電腦,0.01,9000,股
2026-05-21,2449,京元電子,0.01,9000,股
2026-05-21,3653,健策精密,0.01,1000,股
2026-05-21,3665,貿聯-KY,0.01,1000,股
2026-05-21,3711,日月光投,0.01,9000,股
2026-05-21,6510,中華精測,0.01,1000,股
2026-05-21,1303,南亞塑膠,0.0,1000,股
2026-05-21,1519,華城電機,0.0,1000,股
2026-05-21,1590,亞德客-KY,0.0,1000,股
2026-05-21,2337,旺宏電子,0.0,9000,股
2026-05-21,2344,華邦電子,0.0,9000,股
2026-05-21,2404,漢唐集成,0.0,1000,股
2026-05-21,2412,中華電信,0.0,1000,股
2026-05-21,2603,長榮海運,0.0,9000,股
2026-05-21,2881,富邦金融,0.0,9000,股
2026-05-21,2882,國泰金融,0.0,9000,股
2026-05-21,2885,元大金融,0.0,9000,股
2026-05-21,2890,永豐金融,0.0,9000,股
2026-05-21,2891,中國信託,0.0,9000,股
2026-05-21,3036,文曄科技,0.0,1000,股
2026-05-21,3044,健鼎科技,0.0,1000,股
2026-05-21,3045,台灣大哥,0.0,1000,股
2026-05-21,3231,緯創資通,0.0,9000,股
2026-05-21,3324,雙鴻科技,0.0,1000,股
2026-05-21,5347,世界先進,0.0,9000,股
2026-05-21,6274,台燿科技,0.0,1000,股
2026-05-21,PB_NTD,PAYABLES,-0.01,-4523880,元
2026-05-22,2330,台灣積體,16.7,3650000,股
2026-05-22,2383,台光電子,7.77,765000,股
2026-05-22,8299,群聯電子,6.7,1360000,股
2026-05-22,2327,國巨股份,6.51,5100000,股
2026-05-22,3037,欣興電子,6.3,3200000,股
2026-05-22,2408,南亞科技,4.47,7100000,股
2026-05-22,2345,智邦科技,4.01,800000,股
2026-05-22,2454,聯發科技,3.92,500000,股
2026-05-22,7769,鴻勁精密,3.92,250000,股
2026-05-22,6669,緯穎科技,3.7,330000,股
2026-05-22,2308,台達電子,3.61,850000,股
2026-05-22,3017,奇鋐科技,3.61,700000,股
2026-05-22,5274,信驊科技,3.61,100000,股
2026-05-22,DA_NTD,AFTER DEDUCTING SECURITIES PURCHASES AMOUNT,3.45,1700550414,元
2026-05-22,6223,旺矽科技,3.43,280000,股
2026-05-22,8046,南亞電路,3.32,1750000,股
2026-05-22,2368,金像電子,3.29,1220000,股
2026-05-22,3189,景碩科技,2.59,2100000,股
2026-05-22,6515,穎崴科技,2.56,145000,股
2026-05-22,2360,致茂電子,2.3,500000,股
2026-05-22,8210,勤誠興業,2.18,800000,股
2026-05-22,8996,高力熱處,2.02,850000,股
2026-05-22,2059,川湖科技,0.01,1000,股
2026-05-22,2313,華通電腦,0.01,9000,股
2026-05-22,2317,鴻海精密,0.01,9000,股
2026-05-22,2382,廣達電腦,0.01,9000,股
2026-05-22,2449,京元電子,0.01,9000,股
2026-05-22,3653,健策精密,0.01,1000,股
2026-05-22,3665,貿聯-KY,0.01,1000,股
2026-05-22,3711,日月光投,0.01,9000,股
2026-05-22,6510,中華精測,0.01,1000,股
2026-05-22,1303,南亞塑膠,0.0,1000,股
2026-05-22,1519,華城電機,0.0,1000,股
2026-05-22,1590,亞德客-KY,0.0,1000,股
2026-05-22,2337,旺宏電子,0.0,9000,股
2026-05-22,2344,華邦電子,0.0,9000,股
2026-05-22,2404,漢唐集成,0.0,1000,股
2026-05-22,2412,中華電信,0.0,1000,股
2026-05-22,2603,長榮海運,0.0,9000,股
2026-05-22,2881,富邦金融,0.0,9000,股
2026-05-22,2882,國泰金融,0.0,9000,股
2026-05-22,2885,元大金融,0.0,9000,股
2026-05-22,2890,永豐金融,0.0,9000,股
2026-05-22,2891,中國信託,0.0,9000,股
2026-05-22,3036,文曄科技,0.0,1000,股
2026-05-22,3044,健鼎科技,0.0,1000,股
2026-05-22,3045,台灣大哥,0.0,1000,股
2026-05-22,3231,緯創資通,0.0,9000,股
2026-05-22,3324,雙鴻科技,0.0,1000,股
2026-05-22,5347,世界先進,0.0,9000,股
2026-05-22,6274,台燿科技,0.0,1000,股
2026-05-22,PB_NTD,PAYABLES,-0.01,-5929748,元
2026-05-25,2330,台灣積體,16.43,3650000,股
2026-05-25,2383,台光電子,8.21,765000,股
2026-05-25,2327,國巨股份,6.87,5100000,股
2026-05-25,8299,群聯電子,6.57,1360000,股
2026-05-25,3037,欣興電子,6.17,3200000,股
2026-05-25,2454,聯發科技,4.14,500000,股
2026-05-25,2408,南亞科技,4.1,7100000,股
2026-05-25,2345,智邦科技,3.96,800000,股
2026-05-25,DA_NTD,AFTER DEDUCTING SECURITIES PURCHASES AMOUNT,3.92,2011285666,元
2026-05-25,2308,台達電子,3.79,850000,股
2026-05-25,7769,鴻勁精密,3.73,250000,股
2026-05-25,6669,緯穎科技,3.61,330000,股
2026-05-25,3017,奇鋐科技,3.51,700000,股
2026-05-25,5274,信驊科技,3.45,100000,股
2026-05-25,2368,金像電子,3.39,1220000,股
2026-05-25,6223,旺矽科技,3.38,280000,股
2026-05-25,8046,南亞電路,3.02,1750000,股
2026-05-25,3189,景碩科技,2.74,2100000,股
2026-05-25,6515,穎崴科技,2.5,145000,股
2026-05-25,2360,致茂電子,2.4,500000,股
2026-05-25,8210,勤誠興業,2.24,800000,股
2026-05-25,8996,高力熱處,1.88,850000,股
2026-05-25,2059,川湖科技,0.01,1000,股
2026-05-25,2313,華通電腦,0.01,9000,股
2026-05-25,2317,鴻海精密,0.01,9000,股
2026-05-25,2382,廣達電腦,0.01,9000,股
2026-05-25,2449,京元電子,0.01,9000,股
2026-05-25,3653,健策精密,0.01,1000,股
2026-05-25,3665,貿聯-KY,0.01,1000,股
2026-05-25,3711,日月光投,0.01,9000,股
2026-05-25,6510,中華精測,0.01,1000,股
2026-05-25,1303,南亞塑膠,0.0,1000,股
2026-05-25,1519,華城電機,0.0,1000,股
2026-05-25,1590,亞德客-KY,0.0,1000,股
2026-05-25,2337,旺宏電子,0.0,9000,股
2026-05-25,2344,華邦電子,0.0,9000,股
2026-05-25,2404,漢唐集成,0.0,1000,股
2026-05-25,2412,中華電信,0.0,1000,股
2026-05-25,2603,長榮海運,0.0,9000,股
2026-05-25,2881,富邦金融,0.0,9000,股
2026-05-25,2882,國泰金融,0.0,9000,股
2026-05-25,2885,元大金融,0.0,9000,股
2026-05-25,2890,永豐金融,0.0,9000,股
2026-05-25,2891,中國信託,0.0,9000,股
2026-05-25,3036,文曄科技,0.0,1000,股
2026-05-25,3044,健鼎科技,0.0,1000,股
2026-05-25,3045,台灣大哥,0.0,1000,股
2026-05-25,3231,緯創資通,0.0,9000,股
2026-05-25,3324,雙鴻科技,0.0,1000,股
2026-05-25,5347,世界先進,0.0,9000,股
2026-05-25,6274,台燿科技,0.0,1000,股
2026-05-25,PB_NTD,PAYABLES,-0.04,-18740120,元
2026-05-26,2330,台灣積體,16.01,3650000,股
2026-05-26,2383,台光電子,7.82,765000,股
2026-05-26,3037,欣興電子,6.71,3200000,股
2026-05-26,8299,群聯電子,6.58,1360000,股
2026-05-26,2327,國巨股份,6.51,5100000,股
2026-05-26,2408,南亞科技,4.16,7100000,股
2026-05-26,2454,聯發科技,4.12,500000,股
2026-05-26,2345,智邦科技,4.05,800000,股
2026-05-26,2308,台達電子,3.86,850000,股
2026-05-26,7769,鴻勁精密,3.82,250000,股
2026-05-26,3017,奇鋐科技,3.74,710000,股
2026-05-26,2368,金像電子,3.41,1220000,股
2026-05-26,6223,旺矽科技,3.38,280000,股
2026-05-26,6669,緯穎科技,3.37,330000,股
2026-05-26,5274,信驊科技,3.33,100000,股
2026-05-26,8046,南亞電路,3.12,1750000,股
2026-05-26,3189,景碩科技,2.82,2100000,股
2026-05-26,6515,穎崴科技,2.5,145000,股
2026-05-26,2360,致茂電子,2.42,500000,股
2026-05-26,DA_NTD,AFTER DEDUCTING SECURITIES PURCHASES AMOUNT,2.31,1193071618,元
2026-05-26,8210,勤誠興業,2.23,800000,股
2026-05-26,8996,高力熱處,2.17,900000,股
2026-05-26,3042,台灣晶技,1.57,4000000,股
2026-05-26,2059,川湖科技,0.01,1000,股
2026-05-26,2313,華通電腦,0.01,9000,股
2026-05-26,2317,鴻海精密,0.01,9000,股
2026-05-26,2382,廣達電腦,0.01,9000,股
2026-05-26,2449,京元電子,0.01,9000,股
2026-05-26,3653,健策精密,0.01,1000,股
2026-05-26,3711,日月光投,0.01,9000,股
2026-05-26,6510,中華精測,0.01,1000,股
2026-05-26,1303,南亞塑膠,0.0,1000,股
2026-05-26,1519,華城電機,0.0,1000,股
2026-05-26,1590,亞德客-KY,0.0,1000,股
2026-05-26,2337,旺宏電子,0.0,9000,股
2026-05-26,2344,華邦電子,0.0,9000,股
2026-05-26,2404,漢唐集成,0.0,1000,股
2026-05-26,2412,中華電信,0.0,1000,股
2026-05-26,2603,長榮海運,0.0,9000,股
2026-05-26,2881,富邦金融,0.0,9000,股
2026-05-26,2882,國泰金融,0.0,9000,股
2026-05-26,2885,元大金融,0.0,9000,股
2026-05-26,2891,中國信託,0.0,9000,股
2026-05-26,3036,文曄科技,0.0,1000,股
2026-05-26,3044,健鼎科技,0.0,1000,股
2026-05-26,3045,台灣大哥,0.0,1000,股
2026-05-26,3231,緯創資通,0.0,9000,股
2026-05-26,3324,雙鴻科技,0.0,1000,股
2026-05-26,3665,貿聯-KY,0.0,1000,股
2026-05-26,5347,世界先進,0.0,9000,股
2026-05-26,6274,台燿科技,0.0,1000,股
2026-05-26,PB_NTD,PAYABLES,-0.02,-9001790,元
2026-05-27,2330,台灣積體,15.86,3650000,股
2026-05-27,2383,台光電子,7.67,765000,股
2026-05-27,2327,國巨股份,6.75,5100000,股
2026-05-27,3037,欣興電子,6.53,3200000,股
2026-05-27,8299,群聯電子,6.37,1360000,股
2026-05-27,2454,聯發科技,4.38,500000,股
2026-05-27,2408,南亞科技,4.19,7100000,股
2026-05-27,2308,台達電子,4.05,850000,股
2026-05-27,2345,智邦科技,3.96,800000,股
2026-05-27,3017,奇鋐科技,3.72,730000,股
2026-05-27,7769,鴻勁精密,3.68,250000,股
2026-05-27,6669,緯穎科技,3.45,360000,股
2026-05-27,5274,信驊科技,3.44,100000,股
2026-05-27,6223,旺矽科技,3.38,280000,股
2026-05-27,8046,南亞電路,2.99,1750000,股
2026-05-27,2368,金像電子,2.86,1100000,股
2026-05-27,3189,景碩科技,2.79,2100000,股
2026-05-27,6515,穎崴科技,2.68,145000,股
2026-05-27,2360,致茂電子,2.48,500000,股
2026-05-27,DA_NTD,AFTER DEDUCTING SECURITIES PURCHASES AMOUNT,2.44,1294054255,元
2026-05-27,8210,勤誠興業,2.11,800000,股
2026-05-27,8996,高力熱處,2.07,900000,股
2026-05-27,3042,台灣晶技,1.87,5000000,股
2026-05-27,2059,川湖科技,0.01,1000,股
2026-05-27,2313,華通電腦,0.01,9000,股
2026-05-27,2382,廣達電腦,0.01,9000,股
2026-05-27,2449,京元電子,0.01,9000,股
2026-05-27,3653,健策精密,0.01,1000,股
2026-05-27,3711,日月光投,0.01,9000,股
2026-05-27,6510,中華精測,0.01,1000,股
2026-05-27,1303,南亞塑膠,0.0,1000,股
2026-05-27,1519,華城電機,0.0,1000,股
2026-05-27,1590,亞德客-KY,0.0,1000,股
2026-05-27,2317,鴻海精密,0.0,9000,股
2026-05-27,2337,旺宏電子,0.0,9000,股
2026-05-27,2344,華邦電子,0.0,9000,股
2026-05-27,2404,漢唐集成,0.0,1000,股
2026-05-27,2412,中華電信,0.0,1000,股
2026-05-27,2603,長榮海運,0.0,9000,股
2026-05-27,2881,富邦金融,0.0,9000,股
2026-05-27,2882,國泰金融,0.0,9000,股
2026-05-27,2885,元大金融,0.0,9000,股
2026-05-27,2891,中國信託,0.0,9000,股
2026-05-27,3036,文曄科技,0.0,1000,股
2026-05-27,3044,健鼎科技,0.0,1000,股
2026-05-27,3045,台灣大哥,0.0,1000,股
2026-05-27,3231,緯創資通,0.0,9000,股
2026-05-27,3324,雙鴻科技,0.0,1000,股
2026-05-27,3665,貿聯-KY,0.0,1000,股
2026-05-27,5347,世界先進,0.0,9000,股
2026-05-27,6274,台燿科技,0.0,1000,股
2026-05-27,PB_NTD,PAYABLES,-0.08,-41157746,元
2026-05-28,2330,台灣積體,15.3,3650000,股
2026-05-28,2383,台光電子,7.02,760000,股
2026-05-28,2327,國巨股份,6.91,5100000,股
2026-05-28,8299,群聯電子,6.09,1360000,股
2026-05-28,3037,欣興電子,5.99,3200000,股
2026-05-28,DA_NTD,AFTER DEDUCTING SECURITIES PURCHASES AMOUNT,5.74,3140452453,元
2026-05-28,2408,南亞科技,4.2,7100000,股
2026-05-28,2454,聯發科技,4.03,500000,股
2026-05-28,2345,智邦科技,3.74,840000,股
2026-05-28,2308,台達電子,3.71,850000,股
2026-05-28,3017,奇鋐科技,3.63,770000,股
2026-05-28,7769,鴻勁精密,3.52,250000,股
2026-05-28,5274,信驊科技,3.26,100000,股
2026-05-28,6669,緯穎科技,3.26,360000,股
2026-05-28,6223,旺矽科技,3.03,280000,股
2026-05-28,8046,南亞電路,2.72,1750000,股
2026-05-28,3189,景碩科技,2.61,2100000,股
2026-05-28,6274,台燿科技,2.53,900000,股
2026-05-28,2368,金像電子,2.38,1000000,股
2026-05-28,2360,致茂電子,2.35,500000,股
2026-05-28,3042,台灣晶技,1.99,5000000,股
2026-05-28,8210,勤誠興業,1.94,800000,股
2026-05-28,8996,高力熱處,1.8,900000,股
2026-05-28,6515,穎崴科技,0.02,1000,股
2026-05-28,2059,川湖科技,0.01,1000,股
2026-05-28,2382,廣達電腦,0.01,9000,股
2026-05-28,2449,京元電子,0.01,9000,股
2026-05-28,3653,健策精密,0.01,1000,股
2026-05-28,3711,日月光投,0.01,9000,股
2026-05-28,6510,中華精測,0.01,1000,股
2026-05-28,1303,南亞塑膠,0.0,1000,股
2026-05-28,1519,華城電機,0.0,1000,股
2026-05-28,1590,亞德客-KY,0.0,1000,股
2026-05-28,2313,華通電腦,0.0,9000,股
2026-05-28,2317,鴻海精密,0.0,9000,股
2026-05-28,2337,旺宏電子,0.0,9000,股
2026-05-28,2344,華邦電子,0.0,9000,股
2026-05-28,2404,漢唐集成,0.0,1000,股
2026-05-28,2412,中華電信,0.0,1000,股
2026-05-28,2603,長榮海運,0.0,9000,股
2026-05-28,2881,富邦金融,0.0,9000,股
2026-05-28,2882,國泰金融,0.0,9000,股
2026-05-28,2885,元大金融,0.0,9000,股
2026-05-28,2891,中國信託,0.0,9000,股
2026-05-28,3036,文曄科技,0.0,1000,股
2026-05-28,3044,健鼎科技,0.0,1000,股
2026-05-28,3045,台灣大哥,0.0,1000,股
2026-05-28,3231,緯創資通,0.0,9000,股
2026-05-28,3324,雙鴻科技,0.0,1000,股
2026-05-28,3665,貿聯-KY,0.0,1000,股
2026-05-28,5347,世界先進,0.0,9000,股
2026-05-28,PB_NTD,PAYABLES,-0.73,-399066850,元
2026-05-29,2330,台灣積體,14.85,3650000,股
2026-05-29,2383,台光電子,6.72,760000,股
2026-05-29,2327,國巨股份,6.5,5100000,股
2026-05-29,8299,群聯電子,6.23,1400000,股
2026-05-29,3037,欣興電子,5.83,3200000,股
2026-05-29,DA_NTD,AFTER DEDUCTING SECURITIES PURCHASES AMOUNT,4.59,2656148674,元
2026-05-29,2408,南亞科技,4.5,7500000,股
2026-05-29,2454,聯發科技,4.02,540000,股
2026-05-29,2308,台達電子,3.89,920000,股
2026-05-29,3017,奇鋐科技,3.82,830000,股
2026-05-29,7769,鴻勁精密,3.71,260000,股
2026-05-29,2345,智邦科技,3.53,840000,股
2026-05-29,6669,緯穎科技,3.53,375000,股
2026-05-29,5274,信驊科技,3.44,105000,股
2026-05-29,6223,旺矽科技,3.09,300000,股
2026-05-29,6274,台燿科技,2.77,950000,股
2026-05-29,3189,景碩科技,2.65,2100000,股
2026-05-29,8046,南亞電路,2.56,1750000,股
2026-05-29,2368,金像電子,2.28,1000000,股
2026-05-29,2360,致茂電子,2.18,500000,股
2026-05-29,8210,勤誠興業,1.89,800000,股
2026-05-29,3042,台灣晶技,1.86,5000000,股
2026-05-29,8996,高力熱處,1.7,900000,股
2026-05-29,2059,川湖科技,1.53,175000,股
2026-05-29,6515,穎崴科技,0.02,1000,股
2026-05-29,2382,廣達電腦,0.01,9000,股
2026-05-29,2449,京元電子,0.01,9000,股
2026-05-29,3653,健策精密,0.01,1000,股
2026-05-29,3711,日月光投,0.01,9000,股
2026-05-29,6510,中華精測,0.01,1000,股
2026-05-29,1303,南亞塑膠,0.0,1000,股
2026-05-29,1519,華城電機,0.0,1000,股
2026-05-29,1590,亞德客-KY,0.0,1000,股
2026-05-29,2313,華通電腦,0.0,9000,股
2026-05-29,2317,鴻海精密,0.0,9000,股
2026-05-29,2337,旺宏電子,0.0,9000,股
2026-05-29,2344,華邦電子,0.0,9000,股
2026-05-29,2404,漢唐集成,0.0,1000,股
2026-05-29,2412,中華電信,0.0,1000,股
2026-05-29,2603,長榮海運,0.0,9000,股
2026-05-29,2881,富邦金融,0.0,9000,股
2026-05-29,2882,國泰金融,0.0,9000,股
2026-05-29,2885,元大金融,0.0,9000,股
2026-05-29,2891,中國信託,0.0,9000,股
2026-05-29,3036,文曄科技,0.0,1000,股
2026-05-29,3044,健鼎科技,0.0,1000,股
2026-05-29,3045,台灣大哥,0.0,1000,股
2026-05-29,3231,緯創資通,0.0,9000,股
2026-05-29,3324,雙鴻科技,0.0,1000,股
2026-05-29,3665,貿聯-KY,0.0,1000,股
2026-05-29,5347,世界先進,0.0,9000,股
2026-05-29,PB_NTD,PAYABLES,-0.22,-125403520,元
2026-06-01,2330,台灣積體,14.53,3650000,股
2026-06-01,2327,國巨股份,6.81,5100000,股
2026-06-01,8299,群聯電子,6.69,1430000,股
2026-06-01,2383,台光電子,6.51,760000,股
2026-06-01,3037,欣興電子,5.68,3200000,股
2026-06-01,2408,南亞科技,4.96,7700000,股
2026-06-01,DA_NTD,AFTER DEDUCTING SECURITIES PURCHASES AMOUNT,4.42,2613134550,元
2026-06-01,2454,聯發科技,4.31,560000,股
2026-06-01,3017,奇鋐科技,4.05,860000,股
2026-06-01,2308,台達電子,3.76,920000,股
2026-06-01,2345,智邦科技,3.69,870000,股
2026-06-01,6669,緯穎科技,3.64,390000,股
2026-06-01,5274,信驊科技,3.44,110000,股
2026-06-01,7769,鴻勁精密,3.43,270000,股
2026-06-01,6223,旺矽科技,2.88,300000,股
2026-06-01,6274,台燿科技,2.88,1000000,股
2026-06-01,3189,景碩科技,2.75,2100000,股
2026-06-01,8046,南亞電路,2.68,1750000,股
2026-06-01,2368,金像電子,2.24,1000000,股
2026-06-01,2360,致茂電子,2.18,500000,股
2026-06-01,2059,川湖科技,1.9,215000,股
2026-06-01,8210,勤誠興業,1.89,800000,股
2026-06-01,3042,台灣晶技,1.71,5000000,股
2026-06-01,8996,高力熱處,1.59,900000,股
2026-06-01,6805,富世達股,1.43,399000,股
2026-06-01,6515,穎崴科技,0.02,1000,股
2026-06-01,2382,廣達電腦,0.01,9000,股
2026-06-01,2449,京元電子,0.01,9000,股
2026-06-01,3653,健策精密,0.01,1000,股
2026-06-01,3711,日月光投,0.01,9000,股
2026-06-01,6510,中華精測,0.01,1000,股
2026-06-01,1303,南亞塑膠,0.0,1000,股
2026-06-01,1519,華城電機,0.0,1000,股
2026-06-01,2313,華通電腦,0.0,9000,股
2026-06-01,2317,鴻海精密,0.0,9000,股
2026-06-01,2337,旺宏電子,0.0,9000,股
2026-06-01,2344,華邦電子,0.0,9000,股
2026-06-01,2404,漢唐集成,0.0,1000,股
2026-06-01,2412,中華電信,0.0,1000,股
2026-06-01,2603,長榮海運,0.0,9000,股
2026-06-01,2881,富邦金融,0.0,9000,股
2026-06-01,2882,國泰金融,0.0,9000,股
2026-06-01,2885,元大金融,0.0,9000,股
2026-06-01,2891,中國信託,0.0,9000,股
2026-06-01,3036,文曄科技,0.0,1000,股
2026-06-01,3044,健鼎科技,0.0,1000,股
2026-06-01,3045,台灣大哥,0.0,1000,股
2026-06-01,3231,緯創資通,0.0,9000,股
2026-06-01,3324,雙鴻科技,0.0,1000,股
2026-06-01,3665,貿聯-KY,0.0,1000,股
2026-06-01,5347,世界先進,0.0,9000,股
2026-06-01,PB_NTD,PAYABLES,-0.06,-33228320,元
2026-06-02,2330,台灣積體,14.71,3650000,股
2026-06-02,2327,國巨股份,7.3,5100000,股
2026-06-02,8299,群聯電子,6.83,1430000,股
2026-06-02,2383,台光電子,6.25,760000,股
2026-06-02,2408,南亞科技,5.47,7700000,股
2026-06-02,3037,欣興電子,5.28,3200000,股
2026-06-02,2454,聯發科技,4.29,560000,股
2026-06-02,DA_NTD,AFTER DEDUCTING SECURITIES PURCHASES AMOUNT,4.11,2426346807,元
2026-06-02,3017,奇鋐科技,3.93,860000,股
2026-06-02,2308,台達電子,3.68,920000,股
2026-06-02,6669,緯穎科技,3.62,390000,股
2026-06-02,2345,智邦科技,3.57,870000,股
2026-06-02,5274,信驊科技,3.37,110000,股
2026-06-02,7769,鴻勁精密,3.28,270000,股
2026-06-02,6274,台燿科技,3.02,1120000,股
2026-06-02,6223,旺矽科技,2.8,300000,股
2026-06-02,3189,景碩科技,2.64,2100000,股
2026-06-02,8046,南亞電路,2.55,1750000,股
2026-06-02,6805,富世達股,1.93,520000,股
2026-06-02,2368,金像電子,1.9,880000,股
2026-06-02,8210,勤誠興業,1.86,800000,股
2026-06-02,2059,川湖科技,1.85,215000,股
2026-06-02,3042,台灣晶技,1.85,5200000,股
2026-06-02,2360,致茂電子,1.84,450000,股
2026-06-02,8996,高力熱處,1.6,900000,股
2026-06-02,2317,鴻海精密,0.01,9000,股
2026-06-02,2382,廣達電腦,0.01,9000,股
2026-06-02,2449,京元電子,0.01,9000,股
2026-06-02,3653,健策精密,0.01,1000,股
2026-06-02,3711,日月光投,0.01,9000,股
2026-06-02,6510,中華精測,0.01,1000,股
2026-06-02,6515,穎崴科技,0.01,1000,股
2026-06-02,1303,南亞塑膠,0.0,1000,股
2026-06-02,1519,華城電機,0.0,1000,股
2026-06-02,2313,華通電腦,0.0,9000,股
2026-06-02,2337,旺宏電子,0.0,9000,股
2026-06-02,2344,華邦電子,0.0,9000,股
2026-06-02,2404,漢唐集成,0.0,1000,股
2026-06-02,2412,中華電信,0.0,1000,股
2026-06-02,2603,長榮海運,0.0,9000,股
2026-06-02,2881,富邦金融,0.0,9000,股
2026-06-02,2882,國泰金融,0.0,9000,股
2026-06-02,2885,元大金融,0.0,9000,股
2026-06-02,2891,中國信託,0.0,9000,股
2026-06-02,3036,文曄科技,0.0,1000,股
2026-06-02,3044,健鼎科技,0.0,1000,股
2026-06-02,3045,台灣大哥,0.0,1000,股
2026-06-02,3231,緯創資通,0.0,9000,股
2026-06-02,3324,雙鴻科技,0.0,1000,股
2026-06-02,3665,貿聯-KY,0.0,1000,股
2026-06-02,5347,世界先進,0.0,9000,股
2026-06-02,PB_NTD,PAYABLES,-0.06,-37669170,元
2026-06-03,2330,台灣積體,14.78,3650000,股
2026-06-03,2327,國巨股份,6.98,5100000,股
2026-06-03,8299,群聯電子,6.41,1430000,股
2026-06-03,2383,台光電子,6.13,760000,股
2026-06-03,3037,欣興電子,5.34,3200000,股
2026-06-03,2408,南亞科技,5.16,7700000,股
2026-06-03,2454,聯發科技,4.25,560000,股
2026-06-03,3017,奇鋐科技,4.19,880000,股
2026-06-03,2345,智邦科技,3.88,900000,股
2026-06-03,2308,台達電子,3.77,920000,股
2026-06-03,6669,緯穎科技,3.65,390000,股
2026-06-03,7769,鴻勁精密,3.39,270000,股
2026-06-03,5274,信驊科技,3.3,110000,股
2026-06-03,6274,台燿科技,3.17,1120000,股
2026-06-03,6223,旺矽科技,3.15,320000,股
2026-06-03,8046,南亞電路,2.64,1750000,股
2026-06-03,3189,景碩科技,2.59,2100000,股
2026-06-03,2368,金像電子,2.04,880000,股
2026-06-03,8210,勤誠興業,1.94,800000,股
2026-06-03,2059,川湖科技,1.92,215000,股
2026-06-03,3665,貿聯-KY,1.92,500000,股
2026-06-03,2360,致茂電子,1.91,450000,股
2026-06-03,3042,台灣晶技,1.89,5200000,股
2026-06-03,6805,富世達股,1.81,520000,股
2026-06-03,8996,高力熱處,1.65,900000,股
2026-06-03,DA_NTD,AFTER DEDUCTING SECURITIES PURCHASES AMOUNT,1.6,955547522,元
2026-06-03,2317,鴻海精密,0.01,9000,股
2026-06-03,2382,廣達電腦,0.01,9000,股
2026-06-03,2449,京元電子,0.01,9000,股
2026-06-03,3653,健策精密,0.01,1000,股
2026-06-03,3711,日月光投,0.01,9000,股
2026-06-03,6510,中華精測,0.01,1000,股
2026-06-03,6515,穎崴科技,0.01,1000,股
2026-06-03,1303,南亞塑膠,0.0,1000,股
2026-06-03,1519,華城電機,0.0,1000,股
2026-06-03,2313,華通電腦,0.0,9000,股
2026-06-03,2337,旺宏電子,0.0,9000,股
2026-06-03,2344,華邦電子,0.0,9000,股
2026-06-03,2404,漢唐集成,0.0,1000,股
2026-06-03,2412,中華電信,0.0,1000,股
2026-06-03,2603,長榮海運,0.0,9000,股
2026-06-03,2881,富邦金融,0.0,9000,股
2026-06-03,2882,國泰金融,0.0,9000,股
2026-06-03,2885,元大金融,0.0,9000,股
2026-06-03,2891,中國信託,0.0,9000,股
2026-06-03,3036,文曄科技,0.0,1000,股
2026-06-03,3044,健鼎科技,0.0,1000,股
2026-06-03,3045,台灣大哥,0.0,1000,股
2026-06-03,3231,緯創資通,0.0,9000,股
2026-06-03,3324,雙鴻科技,0.0,1000,股
2026-06-03,5347,世界先進,0.0,9000,股
2026-06-03,PB_NTD,PAYABLES,0.0,0,元
2026-06-04,2330,台灣積體,14.78,3650000,股
2026-06-04,2327,國巨股份,6.44,5100000,股
2026-06-04,8299,群聯電子,6.27,1430000,股
2026-06-04,2383,台光電子,6.23,760000,股
2026-06-04,3037,欣興電子,5.28,3200000,股
2026-06-04,2408,南亞科技,5.17,7700000,股
2026-06-04,2454,聯發科技,4.51,600000,股
2026-06-04,3017,奇鋐科技,4.14,900000,股
2026-06-04,2345,智邦科技,3.84,900000,股
2026-06-04,2308,台達電子,3.79,920000,股
2026-06-04,6669,緯穎科技,3.78,400000,股
2026-06-04,5274,信驊科技,3.41,110000,股
2026-06-04,7769,鴻勁精密,3.39,270000,股
2026-06-04,6223,旺矽科技,3.3,320000,股
2026-06-04,6274,台燿科技,3.22,1120000,股
2026-06-04,8046,南亞電路,2.61,1750000,股
2026-06-04,3189,景碩科技,2.47,2100000,股
2026-06-04,DA_NTD,AFTER DEDUCTING SECURITIES PURCHASES AMOUNT,2.22,1304493766,元
2026-06-04,2368,金像電子,2.02,880000,股
2026-06-04,2360,致茂電子,2.0,450000,股
2026-06-04,2059,川湖科技,1.95,215000,股
2026-06-04,8210,勤誠興業,1.93,800000,股
2026-06-04,3042,台灣晶技,1.84,5200000,股
2026-06-04,3665,貿聯-KY,1.83,500000,股
2026-06-04,6805,富世達股,1.82,540000,股
2026-06-04,8996,高力熱處,1.79,940000,股
2026-06-04,6515,穎崴科技,0.02,1000,股
2026-06-04,2382,廣達電腦,0.01,9000,股
2026-06-04,2449,京元電子,0.01,9000,股
2026-06-04,3653,健策精密,0.01,1000,股
2026-06-04,3711,日月光投,0.01,9000,股
2026-06-04,6510,中華精測,0.01,1000,股
2026-06-04,1303,南亞塑膠,0.0,1000,股
2026-06-04,1519,華城電機,0.0,1000,股
2026-06-04,2313,華通電腦,0.0,9000,股
2026-06-04,2317,鴻海精密,0.0,9000,股
2026-06-04,2337,旺宏電子,0.0,9000,股
2026-06-04,2344,華邦電子,0.0,9000,股
2026-06-04,2404,漢唐集成,0.0,1000,股
2026-06-04,2412,中華電信,0.0,1000,股
2026-06-04,2603,長榮海運,0.0,9000,股
2026-06-04,2881,富邦金融,0.0,9000,股
2026-06-04,2882,國泰金融,0.0,9000,股
2026-06-04,2885,元大金融,0.0,9000,股
2026-06-04,2891,中國信託,0.0,9000,股
2026-06-04,3036,文曄科技,0.0,1000,股
2026-06-04,3044,健鼎科技,0.0,1000,股
2026-06-04,3045,台灣大哥,0.0,1000,股
2026-06-04,3231,緯創資通,0.0,9000,股
2026-06-04,3324,雙鴻科技,0.0,1000,股
2026-06-04,5347,世界先進,0.0,9000,股
2026-06-04,PB_NTD,PAYABLES,-0.09,-51026509,元
2026-06-05,2330,台灣積體,14.88,3650000,股
2026-06-05,2327,國巨股份,6.76,5100000,股
2026-06-05,2383,台光電子,6.4,760000,股
2026-06-05,8299,群聯電子,6.04,1430000,股
2026-06-05,3037,欣興電子,5.15,3200000,股
2026-06-05,2408,南亞科技,4.78,7700000,股
2026-06-05,2454,聯發科技,4.45,600000,股
2026-06-05,3017,奇鋐科技,4.03,900000,股
2026-06-05,6669,緯穎科技,3.9,400000,股
2026-06-05,2345,智邦科技,3.86,900000,股
2026-06-05,2308,台達電子,3.65,920000,股
2026-06-05,7769,鴻勁精密,3.39,270000,股
2026-06-05,5274,信驊科技,3.32,110000,股
2026-06-05,6223,旺矽科技,3.28,330000,股
2026-06-05,6274,台燿科技,3.28,1180000,股
2026-06-05,3189,景碩科技,2.58,2100000,股
2026-06-05,8046,南亞電路,2.55,1750000,股
2026-06-05,DA_NTD,AFTER DEDUCTING SECURITIES PURCHASES AMOUNT,2.1,1219618668,元
2026-06-05,3665,貿聯-KY,2.09,550000,股
2026-06-05,2059,川湖科技,2.08,215000,股
2026-06-05,2368,金像電子,2.0,880000,股
2026-06-05,2360,致茂電子,1.99,450000,股
2026-06-05,3042,台灣晶技,1.9,5200000,股
2026-06-05,8210,勤誠興業,1.89,800000,股
2026-06-05,6805,富世達股,1.82,540000,股
2026-06-05,8996,高力熱處,1.82,940000,股
2026-06-05,6515,穎崴科技,0.02,1000,股
2026-06-05,2382,廣達電腦,0.01,9000,股
2026-06-05,2449,京元電子,0.01,9000,股
2026-06-05,3653,健策精密,0.01,1000,股
2026-06-05,3711,日月光投,0.01,9000,股
2026-06-05,6510,中華精測,0.01,1000,股
2026-06-05,1303,南亞塑膠,0.0,1000,股
2026-06-05,1519,華城電機,0.0,1000,股
2026-06-05,2313,華通電腦,0.0,9000,股
2026-06-05,2317,鴻海精密,0.0,9000,股
2026-06-05,2337,旺宏電子,0.0,9000,股
2026-06-05,2344,華邦電子,0.0,9000,股
2026-06-05,2404,漢唐集成,0.0,1000,股
2026-06-05,2412,中華電信,0.0,1000,股
2026-06-05,2603,長榮海運,0.0,9000,股
2026-06-05,2881,富邦金融,0.0,9000,股
2026-06-05,2882,國泰金融,0.0,9000,股
2026-06-05,2885,元大金融,0.0,9000,股
2026-06-05,2891,中國信託,0.0,9000,股
2026-06-05,3036,文曄科技,0.0,1000,股
2026-06-05,3044,健鼎科技,0.0,1000,股
2026-06-05,3045,台灣大哥,0.0,1000,股
2026-06-05,3231,緯創資通,0.0,9000,股
2026-06-05,3324,雙鴻科技,0.0,1000,股
2026-06-05,5347,世界先進,0.0,9000,股
2026-06-05,PB_NTD,PAYABLES,-0.04,-25643860,元
2026-06-08,2330,台灣積體,14.74,3650000,股
2026-06-08,2327,國巨股份,6.74,5100000,股
2026-06-08,2383,台光電子,6.71,800000,股
2026-06-08,8299,群聯電子,5.66,1430000,股
2026-06-08,3037,欣興電子,5.13,3200000,股
2026-06-08,2454,聯發科技,4.66,650000,股
2026-06-08,2408,南亞科技,4.6,7700000,股
2026-06-08,3017,奇鋐科技,4.07,900000,股
2026-06-08,2345,智邦科技,3.83,900000,股
2026-06-08,6669,緯穎科技,3.71,400000,股
2026-06-08,2308,台達電子,3.65,920000,股
2026-06-08,6274,台燿科技,3.46,1280000,股
2026-06-08,5274,信驊科技,3.39,110000,股
2026-06-08,7769,鴻勁精密,3.34,270000,股
2026-06-08,6223,旺矽科技,3.2,330000,股
2026-06-08,3189,景碩科技,2.58,2100000,股
2026-06-08,8046,南亞電路,2.56,1750000,股
2026-06-08,2059,川湖科技,2.34,215000,股
2026-06-08,2368,金像電子,2.11,880000,股
2026-06-08,3665,貿聯-KY,2.03,550000,股
2026-06-08,8996,高力熱處,2.0,940000,股
2026-06-08,2360,致茂電子,1.94,450000,股
2026-06-08,8210,勤誠興業,1.94,800000,股
2026-06-08,3042,台灣晶技,1.93,5200000,股
2026-06-08,DA_NTD,AFTER DEDUCTING SECURITIES PURCHASES AMOUNT,1.92,1091077916,元
2026-06-08,6805,富世達股,1.8,540000,股
2026-06-08,6515,穎崴科技,0.02,1000,股
2026-06-08,2382,廣達電腦,0.01,9000,股
2026-06-08,2449,京元電子,0.01,9000,股
2026-06-08,3653,健策精密,0.01,1000,股
2026-06-08,3711,日月光投,0.01,9000,股
2026-06-08,6510,中華精測,0.01,1000,股
2026-06-08,1303,南亞塑膠,0.0,1000,股
2026-06-08,1519,華城電機,0.0,1000,股
2026-06-08,2313,華通電腦,0.0,9000,股
2026-06-08,2317,鴻海精密,0.0,9000,股
2026-06-08,2337,旺宏電子,0.0,9000,股
2026-06-08,2344,華邦電子,0.0,9000,股
2026-06-08,2404,漢唐集成,0.0,1000,股
2026-06-08,2412,中華電信,0.0,1000,股
2026-06-08,2603,長榮海運,0.0,9000,股
2026-06-08,2881,富邦金融,0.0,9000,股
2026-06-08,2882,國泰金融,0.0,9000,股
2026-06-08,2885,元大金融,0.0,9000,股
2026-06-08,2891,中國信託,0.0,9000,股
2026-06-08,3036,文曄科技,0.0,1000,股
2026-06-08,3044,健鼎科技,0.0,1000,股
2026-06-08,3045,台灣大哥,0.0,1000,股
2026-06-08,3231,緯創資通,0.0,9000,股
2026-06-08,3324,雙鴻科技,0.0,1000,股
2026-06-08,5347,世界先進,0.0,9000,股
2026-06-08,PB_NTD,PAYABLES,-0.09,-51459282,元
2026-06-09,2330,台灣積體,14.14,3650000,股
2026-06-09,2327,國巨股份,7.45,5362000,股
2026-06-09,2383,台光電子,6.81,800000,股
2026-06-09,8299,群聯電子,5.67,1430000,股
2026-06-09,3037,欣興電子,5.21,3200000,股
2026-06-09,2454,聯發科技,4.89,650000,股
2026-06-09,2408,南亞科技,4.88,8000000,股
2026-06-09,3017,奇鋐科技,3.85,900000,股
2026-06-09,2345,智邦科技,3.75,900000,股
2026-06-09,2308,台達電子,3.74,920000,股
2026-06-09,6669,緯穎科技,3.56,400000,股
2026-06-09,6274,台燿科技,3.48,1280000,股
2026-06-09,6223,旺矽科技,3.46,350000,股
2026-06-09,5274,信驊科技,3.3,110000,股
2026-06-09,7769,鴻勁精密,3.15,270000,股
2026-06-09,8046,南亞電路,2.69,1750000,股
2026-06-09,3189,景碩科技,2.52,2100000,股
2026-06-09,2059,川湖科技,2.46,215000,股
2026-06-09,2368,金像電子,2.21,880000,股
2026-06-09,8996,高力熱處,2.1,940000,股
2026-06-09,8210,勤誠興業,2.03,800000,股
2026-06-09,3042,台灣晶技,2.0,5200000,股
2026-06-09,3665,貿聯-KY,1.99,550000,股
2026-06-09,6805,富世達股,1.77,540000,股
2026-06-09,DA_NTD,AFTER DEDUCTING SECURITIES PURCHASES AMOUNT,1.02,606276981,元
2026-06-09,2382,廣達電腦,0.01,9000,股
2026-06-09,3653,健策精密,0.01,1000,股
2026-06-09,3711,日月光投,0.01,9000,股
2026-06-09,6510,中華精測,0.01,1000,股
2026-06-09,6515,穎崴科技,0.01,1000,股
2026-06-09,1303,南亞塑膠,0.0,1000,股
2026-06-09,1519,華城電機,0.0,1000,股
2026-06-09,2313,華通電腦,0.0,9000,股
2026-06-09,2317,鴻海精密,0.0,9000,股
2026-06-09,2337,旺宏電子,0.0,9000,股
2026-06-09,2344,華邦電子,0.0,9000,股
2026-06-09,2360,致茂電子,0.0,1000,股
2026-06-09,2404,漢唐集成,0.0,1000,股
2026-06-09,2412,中華電信,0.0,1000,股
2026-06-09,2449,京元電子,0.0,9000,股
2026-06-09,2603,長榮海運,0.0,9000,股
2026-06-09,2881,富邦金融,0.0,9000,股
2026-06-09,2882,國泰金融,0.0,9000,股
2026-06-09,2885,元大金融,0.0,9000,股
2026-06-09,2891,中國信託,0.0,9000,股
2026-06-09,3036,文曄科技,0.0,1000,股
2026-06-09,3044,健鼎科技,0.0,1000,股
2026-06-09,3045,台灣大哥,0.0,1000,股
2026-06-09,3231,緯創資通,0.0,9000,股
2026-06-09,3324,雙鴻科技,0.0,1000,股
2026-06-09,5347,世界先進,0.0,9000,股
2026-06-09,PB_NTD,PAYABLES,0.0,0,元
2026-06-10,2330,台灣積體,14.56,3650000,股
2026-06-10,2327,國巨股份,8.69,6000000,股
2026-06-10,2383,台光電子,6.99,800000,股
2026-06-10,8299,群聯電子,5.45,1430000,股
2026-06-10,2454,聯發科技,5.0,680000,股
2026-06-10,3037,欣興電子,5.0,3200000,股
2026-06-10,2408,南亞科技,4.71,8000000,股
2026-06-10,2345,智邦科技,3.77,900000,股
2026-06-10,3017,奇鋐科技,3.76,900000,股
2026-06-10,2308,台達電子,3.58,920000,股
2026-06-10,6669,緯穎科技,3.58,400000,股
2026-06-10,6223,旺矽科技,3.57,350000,股
2026-06-10,6274,台燿科技,3.4,1280000,股
2026-06-10,5274,信驊科技,3.28,110000,股
2026-06-10,7769,鴻勁精密,3.27,270000,股
2026-06-10,8046,南亞電路,2.62,1750000,股
2026-06-10,3189,景碩科技,2.45,2100000,股
2026-06-10,2059,川湖科技,2.42,215000,股
2026-06-10,2368,金像電子,2.21,880000,股
2026-06-10,3665,貿聯-KY,2.1,550000,股
2026-06-10,8210,勤誠興業,2.05,800000,股
2026-06-10,8996,高力熱處,2.03,940000,股
2026-06-10,3042,台灣晶技,1.97,5200000,股
2026-06-10,6805,富世達股,1.68,540000,股
2026-06-10,2382,廣達電腦,0.01,9000,股
2026-06-10,3653,健策精密,0.01,1000,股
2026-06-10,3711,日月光投,0.01,9000,股
2026-06-10,6510,中華精測,0.01,1000,股
2026-06-10,6515,穎崴科技,0.01,1000,股
2026-06-10,1303,南亞塑膠,0.0,1000,股
2026-06-10,1519,華城電機,0.0,1000,股
2026-06-10,2313,華通電腦,0.0,9000,股
2026-06-10,2317,鴻海精密,0.0,9000,股
2026-06-10,2337,旺宏電子,0.0,9000,股
2026-06-10,2344,華邦電子,0.0,9000,股
2026-06-10,2360,致茂電子,0.0,1000,股
2026-06-10,2404,漢唐集成,0.0,1000,股
2026-06-10,2412,中華電信,0.0,1000,股
2026-06-10,2449,京元電子,0.0,9000,股
2026-06-10,2603,長榮海運,0.0,9000,股
2026-06-10,2881,富邦金融,0.0,9000,股
2026-06-10,2882,國泰金融,0.0,9000,股
2026-06-10,2885,元大金融,0.0,9000,股
2026-06-10,2891,中國信託,0.0,9000,股
2026-06-10,3036,文曄科技,0.0,1000,股
2026-06-10,3044,健鼎科技,0.0,1000,股
2026-06-10,3045,台灣大哥,0.0,1000,股
2026-06-10,3231,緯創資通,0.0,9000,股
2026-06-10,3324,雙鴻科技,0.0,1000,股
2026-06-10,5347,世界先進,0.0,9000,股
2026-06-10,PB_NTD,PAYABLES,-0.02,-10325756,元
2026-06-10,DA_NTD,AFTER DEDUCTING SECURITIES PURCHASES AMOUNT,-0.06,-33505060,元
2026-06-11,2330,台灣積體,14.24,3650000,股
2026-06-11,2327,國巨股份,8.98,6150000,股
2026-06-11,2383,台光電子,7.07,800000,股
2026-06-11,8299,群聯電子,5.45,1430000,股
2026-06-11,2454,聯發科技,5.03,710000,股
2026-06-11,3037,欣興電子,4.74,3200000,股
2026-06-11,2408,南亞科技,4.72,8000000,股
2026-06-11,6223,旺矽科技,3.91,370000,股
2026-06-11,3017,奇鋐科技,3.64,900000,股
2026-06-11,2345,智邦科技,3.55,900000,股
2026-06-11,2308,台達電子,3.45,920000,股
2026-06-11,6669,緯穎科技,3.4,400000,股
2026-06-11,5274,信驊科技,3.36,110000,股
2026-06-11,7769,鴻勁精密,3.3,270000,股
2026-06-11,6274,台燿科技,3.27,1280000,股
2026-06-11,DA_NTD,AFTER DEDUCTING SECURITIES PURCHASES AMOUNT,2.98,1721980419,元
2026-06-11,2059,川湖科技,2.61,235000,股
2026-06-11,3189,景碩科技,2.25,2100000,股
2026-06-11,8046,南亞電路,2.24,1600000,股
2026-06-11,3042,台灣晶技,2.12,5200000,股
2026-06-11,3665,貿聯-KY,2.06,550000,股
2026-06-11,2368,金像電子,2.05,880000,股
2026-06-11,8210,勤誠興業,2.0,800000,股
2026-06-11,8996,高力熱處,1.86,940000,股
2026-06-11,6805,富世達股,1.64,540000,股
2026-06-11,6515,穎崴科技,0.02,1000,股
2026-06-11,2382,廣達電腦,0.01,9000,股
2026-06-11,3653,健策精密,0.01,1000,股
2026-06-11,3711,日月光投,0.01,9000,股
2026-06-11,6510,中華精測,0.01,1000,股
2026-06-11,1303,南亞塑膠,0.0,1000,股
2026-06-11,1519,華城電機,0.0,1000,股
2026-06-11,2313,華通電腦,0.0,9000,股
2026-06-11,2317,鴻海精密,0.0,9000,股
2026-06-11,2337,旺宏電子,0.0,9000,股
2026-06-11,2344,華邦電子,0.0,9000,股
2026-06-11,2360,致茂電子,0.0,1000,股
2026-06-11,2404,漢唐集成,0.0,1000,股
2026-06-11,2412,中華電信,0.0,1000,股
2026-06-11,2449,京元電子,0.0,9000,股
2026-06-11,2603,長榮海運,0.0,9000,股
2026-06-11,2881,富邦金融,0.0,9000,股
2026-06-11,2882,國泰金融,0.0,9000,股
2026-06-11,2885,元大金融,0.0,9000,股
2026-06-11,2891,中國信託,0.0,9000,股
2026-06-11,3036,文曄科技,0.0,1000,股
2026-06-11,3044,健鼎科技,0.0,1000,股
2026-06-11,3045,台灣大哥,0.0,1000,股
2026-06-11,3231,緯創資通,0.0,9000,股
2026-06-11,3324,雙鴻科技,0.0,1000,股
2026-06-11,5347,世界先進,0.0,9000,股
2026-06-11,PB_NTD,PAYABLES,-0.19,-106987264,元
2026-06-12,2330,台灣積體,14.25,3650000,股
2026-06-12,2327,國巨股份,8.88,6150000,股
2026-06-12,2383,台光電子,6.53,800000,股
2026-06-12,8299,群聯電子,5.58,1430000,股
2026-06-12,2408,南亞科技,5.06,8000000,股
2026-06-12,2454,聯發科技,5.01,710000,股
2026-06-12,3037,欣興電子,4.88,3200000,股
2026-06-12,6223,旺矽科技,4.05,370000,股
2026-06-12,3017,奇鋐科技,3.66,900000,股
2026-06-12,2345,智邦科技,3.55,900000,股
2026-06-12,2308,台達電子,3.44,920000,股
2026-06-12,5274,信驊科技,3.43,110000,股
2026-06-12,7769,鴻勁精密,3.29,270000,股
2026-06-12,6274,台燿科技,3.09,1280000,股
2026-06-12,2059,川湖科技,3.04,260000,股
2026-06-12,6669,緯穎科技,2.87,350000,股
2026-06-12,3665,貿聯-KY,2.15,550000,股
2026-06-12,8046,南亞電路,2.01,1450000,股
2026-06-12,8210,勤誠興業,1.99,800000,股
2026-06-12,3042,台灣晶技,1.97,5200000,股
2026-06-12,2368,金像電子,1.96,880000,股
2026-06-12,3189,景碩科技,1.96,1900000,股
2026-06-12,4958,臻鼎-KY,1.87,2000000,股
2026-06-12,8996,高力熱處,1.82,940000,股
2026-06-12,6805,富世達股,1.67,540000,股
2026-06-12,DA_NTD,AFTER DEDUCTING SECURITIES PURCHASES AMOUNT,0.85,501692226,元
2026-06-12,6515,穎崴科技,0.02,1000,股
2026-06-12,2382,廣達電腦,0.01,9000,股
2026-06-12,3653,健策精密,0.01,1000,股
2026-06-12,3711,日月光投,0.01,9000,股
2026-06-12,6510,中華精測,0.01,1000,股
2026-06-12,1519,華城電機,0.0,1000,股
2026-06-12,2313,華通電腦,0.0,9000,股
2026-06-12,2317,鴻海精密,0.0,9000,股
2026-06-12,2337,旺宏電子,0.0,9000,股
2026-06-12,2344,華邦電子,0.0,9000,股
2026-06-12,2360,致茂電子,0.0,1000,股
2026-06-12,2404,漢唐集成,0.0,1000,股
2026-06-12,2412,中華電信,0.0,1000,股
2026-06-12,2449,京元電子,0.0,9000,股
2026-06-12,2603,長榮海運,0.0,9000,股
2026-06-12,2881,富邦金融,0.0,9000,股
2026-06-12,2882,國泰金融,0.0,9000,股
2026-06-12,2885,元大金融,0.0,9000,股
2026-06-12,2891,中國信託,0.0,9000,股
2026-06-12,3036,文曄科技,0.0,1000,股
2026-06-12,3044,健鼎科技,0.0,1000,股
2026-06-12,3045,台灣大哥,0.0,1000,股
2026-06-12,3231,緯創資通,0.0,9000,股
2026-06-12,3324,雙鴻科技,0.0,1000,股
2026-06-12,5347,世界先進,0.0,9000,股
2026-06-12,PB_NTD,PAYABLES,-0.02,-13684370,元
2026-06-15,2330,台灣積體,14.16,3650000,股
2026-06-15,2327,國巨股份,9.44,6150000,股
2026-06-15,2383,台光電子,6.74,820000,股
2026-06-15,8299,群聯電子,5.42,1430000,股
2026-06-15,2454,聯發科技,5.4,740000,股
2026-06-15,2408,南亞科技,5.36,8300000,股
2026-06-15,3037,欣興電子,5.02,3200000,股
2026-06-15,6223,旺矽科技,3.89,370000,股
2026-06-15,2345,智邦科技,3.57,900000,股
2026-06-15,3017,奇鋐科技,3.54,900000,股
2026-06-15,6274,台燿科技,3.46,1350000,股
2026-06-15,2308,台達電子,3.32,920000,股
2026-06-15,5274,信驊科技,3.2,110000,股
2026-06-15,7769,鴻勁精密,3.18,270000,股
2026-06-15,2059,川湖科技,2.96,260000,股
2026-06-15,6669,緯穎科技,2.8,350000,股
2026-06-15,3042,台灣晶技,2.07,5200000,股
2026-06-15,3189,景碩科技,2.05,1900000,股
2026-06-15,3665,貿聯-KY,2.04,550000,股
2026-06-15,8046,南亞電路,2.04,1450000,股
2026-06-15,4958,臻鼎-KY,1.93,2000000,股
2026-06-15,8996,高力熱處,1.93,940000,股
2026-06-15,2368,金像電子,1.9,880000,股
2026-06-15,8210,勤誠興業,1.87,800000,股
2026-06-15,DA_NTD,AFTER DEDUCTING SECURITIES PURCHASES AMOUNT,0.23,143470667,元
2026-06-15,6515,穎崴科技,0.02,1000,股
2026-06-15,2382,廣達電腦,0.01,9000,股
2026-06-15,3653,健策精密,0.01,1000,股
2026-06-15,3711,日月光投,0.01,9000,股
2026-06-15,6510,中華精測,0.01,1000,股
2026-06-15,1519,華城電機,0.0,1000,股
2026-06-15,2313,華通電腦,0.0,9000,股
2026-06-15,2317,鴻海精密,0.0,9000,股
2026-06-15,2337,旺宏電子,0.0,9000,股
2026-06-15,2344,華邦電子,0.0,9000,股
2026-06-15,2360,致茂電子,0.0,1000,股
2026-06-15,2404,漢唐集成,0.0,1000,股
2026-06-15,2412,中華電信,0.0,1000,股
2026-06-15,2449,京元電子,0.0,9000,股
2026-06-15,2603,長榮海運,0.0,9000,股
2026-06-15,2881,富邦金融,0.0,9000,股
2026-06-15,2882,國泰金融,0.0,9000,股
2026-06-15,2885,元大金融,0.0,9000,股
2026-06-15,2891,中國信託,0.0,9000,股
2026-06-15,3036,文曄科技,0.0,1000,股
2026-06-15,3044,健鼎科技,0.0,1000,股
2026-06-15,3045,台灣大哥,0.0,1000,股
2026-06-15,3231,緯創資通,0.0,9000,股
2026-06-15,3324,雙鴻科技,0.0,1000,股
2026-06-15,5347,世界先進,0.0,9000,股
2026-06-15,6805,富世達股,0.0,1000,股
2026-06-15,PB_NTD,PAYABLES,0.0,0,元
2026-06-16,2330,台灣積體,14.11,3650000,股
2026-06-16,2327,國巨股份,9.41,6150000,股
2026-06-16,2383,台光電子,6.76,820000,股
2026-06-16,2408,南亞科技,5.68,8300000,股
2026-06-16,8299,群聯電子,5.47,1430000,股
2026-06-16,2454,聯發科技,5.44,740000,股
2026-06-16,3037,欣興電子,5.06,3200000,股
2026-06-16,6223,旺矽科技,3.84,370000,股
2026-06-16,2345,智邦科技,3.65,900000,股
2026-06-16,6274,台燿科技,3.5,1350000,股
2026-06-16,2308,台達電子,3.31,920000,股
2026-06-16,5274,信驊科技,3.22,110000,股
2026-06-16,7769,鴻勁精密,3.2,270000,股
2026-06-16,3017,奇鋐科技,2.86,750000,股
2026-06-16,2059,川湖科技,2.79,260000,股
2026-06-16,8046,南亞電路,2.11,1450000,股
2026-06-16,8996,高力熱處,2.09,940000,股
2026-06-16,4958,臻鼎-KY,2.01,2000000,股
2026-06-16,3189,景碩科技,1.97,1900000,股
2026-06-16,6669,緯穎科技,1.97,250000,股
2026-06-16,3042,台灣晶技,1.92,5200000,股
2026-06-16,2368,金像電子,1.91,880000,股
2026-06-16,3665,貿聯-KY,1.88,550000,股
2026-06-16,8210,勤誠興業,1.74,800000,股
2026-06-16,DA_NTD,AFTER DEDUCTING SECURITIES PURCHASES AMOUNT,1.02,631798769,元
2026-06-16,6515,穎崴科技,0.02,1000,股
2026-06-16,2382,廣達電腦,0.01,9000,股
2026-06-16,3653,健策精密,0.01,1000,股
2026-06-16,3711,日月光投,0.01,9000,股
2026-06-16,6510,中華精測,0.01,1000,股
2026-06-16,1519,華城電機,0.0,1000,股
2026-06-16,2313,華通電腦,0.0,9000,股
2026-06-16,2317,鴻海精密,0.0,9000,股
2026-06-16,2337,旺宏電子,0.0,9000,股
2026-06-16,2344,華邦電子,0.0,9000,股
2026-06-16,2360,致茂電子,0.0,1000,股
2026-06-16,2404,漢唐集成,0.0,1000,股
2026-06-16,2412,中華電信,0.0,1000,股
2026-06-16,2449,京元電子,0.0,9000,股
2026-06-16,2603,長榮海運,0.0,9000,股
2026-06-16,2881,富邦金融,0.0,9000,股
2026-06-16,2882,國泰金融,0.0,9000,股
2026-06-16,2885,元大金融,0.0,9000,股
2026-06-16,2891,中國信託,0.0,9000,股
2026-06-16,3036,文曄科技,0.0,1000,股
2026-06-16,3044,健鼎科技,0.0,1000,股
2026-06-16,3045,台灣大哥,0.0,1000,股
2026-06-16,3231,緯創資通,0.0,9000,股
2026-06-16,3324,雙鴻科技,0.0,1000,股
2026-06-16,5347,世界先進,0.0,9000,股
2026-06-16,6805,富世達股,0.0,1000,股
2026-06-17,2330,台灣積體,13.91,3650000,股
2026-06-17,2327,國巨股份,9.67,6150000,股
2026-06-17,2383,台光電子,7.06,850000,股
2026-06-17,2408,南亞科技,5.8,8300000,股
2026-06-17,8299,群聯電子,5.33,1430000,股
2026-06-17,2454,聯發科技,5.28,740000,股
2026-06-17,3037,欣興電子,5.05,3200000,股
2026-06-17,6223,旺矽科技,3.8,370000,股
2026-06-17,6274,台燿科技,3.6,1350000,股
2026-06-17,2345,智邦科技,3.59,900000,股
2026-06-17,5274,信驊科技,3.25,110000,股
2026-06-17,2308,台達電子,3.17,920000,股
2026-06-17,7769,鴻勁精密,3.16,270000,股
2026-06-17,2059,川湖科技,2.75,260000,股
2026-06-17,8996,高力熱處,2.28,940000,股
2026-06-17,3017,奇鋐科技,2.27,600000,股
2026-06-17,3189,景碩科技,2.14,1900000,股
2026-06-17,8046,南亞電路,2.05,1450000,股
2026-06-17,4958,臻鼎-KY,2.04,2000000,股
2026-06-17,6669,緯穎科技,2.03,250000,股
2026-06-17,2368,金像電子,1.93,880000,股
2026-06-17,2303,聯華電子,1.9,8500000,股
2026-06-17,3042,台灣晶技,1.86,5200000,股
2026-06-17,3665,貿聯-KY,1.84,550000,股
2026-06-17,8210,勤誠興業,1.72,800000,股
2026-06-17,DA_NTD,AFTER DEDUCTING SECURITIES PURCHASES AMOUNT,0.39,245786670,元
2026-06-17,6515,穎崴科技,0.02,1000,股
2026-06-17,2382,廣達電腦,0.01,9000,股
2026-06-17,3653,健策精密,0.01,1000,股
2026-06-17,3711,日月光投,0.01,9000,股
2026-06-17,6510,中華精測,0.01,1000,股
2026-06-17,1519,華城電機,0.0,1000,股
2026-06-17,2313,華通電腦,0.0,9000,股
2026-06-17,2317,鴻海精密,0.0,9000,股
2026-06-17,2337,旺宏電子,0.0,9000,股
2026-06-17,2344,華邦電子,0.0,9000,股
2026-06-17,2360,致茂電子,0.0,1000,股
2026-06-17,2404,漢唐集成,0.0,1000,股
2026-06-17,2412,中華電信,0.0,1000,股
2026-06-17,2449,京元電子,0.0,9000,股
2026-06-17,2603,長榮海運,0.0,9000,股
2026-06-17,2881,富邦金融,0.0,9000,股
2026-06-17,2882,國泰金融,0.0,9000,股
2026-06-17,2885,元大金融,0.0,9000,股
2026-06-17,2891,中國信託,0.0,9000,股
2026-06-17,3036,文曄科技,0.0,1000,股
2026-06-17,3044,健鼎科技,0.0,1000,股
2026-06-17,3045,台灣大哥,0.0,1000,股
2026-06-17,3231,緯創資通,0.0,9000,股
2026-06-17,3324,雙鴻科技,0.0,1000,股
2026-06-17,5347,世界先進,0.0,9000,股
2026-06-18,2330,台灣積體,12.74,3400000,股
2026-06-18,2327,國巨股份,10.32,6150000,股
2026-06-18,2383,台光電子,7.4,850000,股
2026-06-18,2408,南亞科技,5.93,8300000,股
2026-06-18,8299,群聯電子,5.62,1430000,股
2026-06-18,2454,聯發科技,5.05,740000,股
2026-06-18,3037,欣興電子,4.81,3200000,股
2026-06-18,6274,台燿科技,3.85,1350000,股
2026-06-18,6223,旺矽科技,3.69,370000,股
2026-06-18,2345,智邦科技,3.41,900000,股
2026-06-18,5274,信驊科技,3.24,110000,股
2026-06-18,2059,川湖科技,2.99,280000,股
2026-06-18,7769,鴻勁精密,2.93,270000,股
2026-06-18,2308,台達電子,2.67,800000,股
2026-06-18,8996,高力熱處,2.32,940000,股
2026-06-18,3017,奇鋐科技,2.24,600000,股
2026-06-18,3189,景碩科技,2.14,1900000,股
2026-06-18,4958,臻鼎-KY,2.0,2000000,股
2026-06-18,6669,緯穎科技,1.99,250000,股
2026-06-18,8046,南亞電路,1.97,1450000,股
2026-06-18,2303,聯華電子,1.92,8500000,股
2026-06-18,2492,華新科技,1.92,2200000,股
2026-06-18,2368,金像電子,1.85,880000,股
2026-06-18,3665,貿聯-KY,1.8,550000,股
2026-06-18,3042,台灣晶技,1.75,5200000,股
2026-06-18,8210,勤誠興業,1.7,800000,股
2026-06-18,6515,穎崴科技,0.02,1000,股
2026-06-18,2382,廣達電腦,0.01,9000,股
2026-06-18,3653,健策精密,0.01,1000,股
2026-06-18,3711,日月光投,0.01,9000,股
2026-06-18,6510,中華精測,0.01,1000,股
2026-06-18,1519,華城電機,0.0,1000,股
2026-06-18,2313,華通電腦,0.0,9000,股
2026-06-18,2317,鴻海精密,0.0,9000,股
2026-06-18,2337,旺宏電子,0.0,9000,股
2026-06-18,2344,華邦電子,0.0,9000,股
2026-06-18,2360,致茂電子,0.0,1000,股
2026-06-18,2404,漢唐集成,0.0,1000,股
2026-06-18,2412,中華電信,0.0,1000,股
2026-06-18,2449,京元電子,0.0,9000,股
2026-06-18,2603,長榮海運,0.0,9000,股
2026-06-18,2881,富邦金融,0.0,9000,股
2026-06-18,2882,國泰金融,0.0,9000,股
2026-06-18,2885,元大金融,0.0,9000,股
2026-06-18,2891,中國信託,0.0,9000,股
2026-06-18,3036,文曄科技,0.0,1000,股
2026-06-18,3044,健鼎科技,0.0,1000,股
2026-06-18,3231,緯創資通,0.0,9000,股
2026-06-18,3324,雙鴻科技,0.0,1000,股
2026-06-18,5347,世界先進,0.0,9000,股
2026-06-18,PB_NTD,PAYABLES,-0.01,-5133450,元
2026-06-18,DA_NTD,AFTER DEDUCTING SECURITIES PURCHASES AMOUNT,-0.3,-194053719,元
2026-06-22,2330,台灣積體,12.68,3400000,股
2026-06-22,2327,國巨股份,9.73,6150000,股
2026-06-22,2383,台光電子,7.35,850000,股
2026-06-22,2408,南亞科技,6.38,8500000,股
2026-06-22,8299,群聯電子,5.48,1430000,股
2026-06-22,2454,聯發科技,5.31,800000,股
2026-06-22,3037,欣興電子,4.78,3200000,股
2026-06-22,6274,台燿科技,3.95,1400000,股
2026-06-22,6223,旺矽科技,3.53,370000,股
2026-06-22,2345,智邦科技,3.47,900000,股
2026-06-22,5274,信驊科技,3.15,110000,股
2026-06-22,2059,川湖科技,3.14,280000,股
2026-06-22,7769,鴻勁精密,2.77,270000,股
2026-06-22,3189,景碩科技,2.25,1900000,股
2026-06-22,8996,高力熱處,2.17,940000,股
2026-06-22,2303,聯華電子,2.02,8500000,股
2026-06-22,2492,華新科技,2.02,2200000,股
2026-06-22,2308,台達電子,1.92,600000,股
2026-06-22,8046,南亞電路,1.86,1450000,股
2026-06-22,2344,華邦電子,1.85,5600000,股
2026-06-22,4958,臻鼎-KY,1.85,2000000,股
2026-06-22,2368,金像電子,1.45,700000,股
2026-06-22,3017,奇鋐科技,1.44,400000,股
2026-06-22,8210,勤誠興業,1.4,690000,股
2026-06-22,3665,貿聯-KY,1.33,450000,股
2026-06-22,6669,緯穎科技,1.33,185000,股
2026-06-22,3042,台灣晶技,0.88,3000000,股
2026-06-22,2382,廣達電腦,0.01,9000,股
2026-06-22,2449,京元電子,0.01,9000,股
2026-06-22,3653,健策精密,0.01,1000,股
2026-06-22,3711,日月光投,0.01,9000,股
2026-06-22,6510,中華精測,0.01,1000,股
2026-06-22,6515,穎崴科技,0.01,1000,股
2026-06-22,1519,華城電機,0.0,1000,股
2026-06-22,2313,華通電腦,0.0,9000,股
2026-06-22,2317,鴻海精密,0.0,9000,股
2026-06-22,2337,旺宏電子,0.0,9000,股
2026-06-22,2360,致茂電子,0.0,1000,股
2026-06-22,2404,漢唐集成,0.0,1000,股
2026-06-22,2412,中華電信,0.0,1000,股
2026-06-22,2603,長榮海運,0.0,9000,股
2026-06-22,2881,富邦金融,0.0,9000,股
2026-06-22,2882,國泰金融,0.0,9000,股
2026-06-22,2885,元大金融,0.0,9000,股
2026-06-22,2891,中國信託,0.0,9000,股
2026-06-22,3036,文曄科技,0.0,1000,股
2026-06-22,3044,健鼎科技,0.0,1000,股
2026-06-22,3231,緯創資通,0.0,9000,股
2026-06-22,3324,雙鴻科技,0.0,1000,股
2026-06-22,5347,世界先進,0.0,9000,股
2026-06-22,PB_NTD,PAYABLES,-0.15,-100662380,元
2026-06-22,DA_NTD,AFTER DEDUCTING SECURITIES PURCHASES AMOUNT,-0.17,-111347606,元
2026-06-23,2330,台灣積體,12.61,3400000,股
2026-06-23,2327,國巨股份,9.34,6150000,股
2026-06-23,2383,台光電子,7.22,850000,股
2026-06-23,2408,南亞科技,5.82,8600000,股
2026-06-23,2454,聯發科技,5.54,820000,股
2026-06-23,8299,群聯電子,5.25,1450000,股
2026-06-23,3037,欣興電子,4.64,3200000,股
2026-06-23,6223,旺矽科技,3.98,400000,股
2026-06-23,6274,台燿科技,3.75,1450000,股
2026-06-23,2345,智邦科技,3.26,900000,股
2026-06-23,2059,川湖科技,3.23,290000,股
2026-06-23,5274,信驊科技,3.17,115000,股
2026-06-23,7769,鴻勁精密,2.94,290000,股
2026-06-23,2492,華新科技,2.75,3200000,股
2026-06-23,3189,景碩科技,2.6,2400000,股
2026-06-23,2303,聯華電子,2.28,9000000,股
2026-06-23,8046,南亞電路,2.23,1650000,股
2026-06-23,2344,華邦電子,1.99,6300000,股
2026-06-23,3017,奇鋐科技,1.45,400000,股
2026-06-23,6515,穎崴科技,1.41,100000,股
2026-06-23,2308,台達電子,1.39,450000,股
2026-06-23,3711,日月光投,1.38,1400000,股
2026-06-23,8210,勤誠興業,1.35,690000,股
2026-06-23,3665,貿聯-KY,1.34,450000,股
2026-06-23,8996,高力熱處,1.34,620000,股
2026-06-23,2368,金像電子,1.32,700000,股
2026-06-23,4958,臻鼎-KY,1.31,1500000,股
2026-06-23,6669,緯穎科技,1.29,185000,股
2026-06-23,2382,廣達電腦,0.01,9000,股
2026-06-23,3653,健策精密,0.01,1000,股
2026-06-23,6510,中華精測,0.01,1000,股
2026-06-23,1519,華城電機,0.0,1000,股
2026-06-23,2313,華通電腦,0.0,9000,股
2026-06-23,2317,鴻海精密,0.0,9000,股
2026-06-23,2337,旺宏電子,0.0,9000,股
2026-06-23,2360,致茂電子,0.0,1000,股
2026-06-23,2404,漢唐集成,0.0,1000,股
2026-06-23,2412,中華電信,0.0,1000,股
2026-06-23,2449,京元電子,0.0,9000,股
2026-06-23,2603,長榮海運,0.0,9000,股
2026-06-23,2881,富邦金融,0.0,9000,股
2026-06-23,2882,國泰金融,0.0,9000,股
2026-06-23,2885,元大金融,0.0,9000,股
2026-06-23,2891,中國信託,0.0,9000,股
2026-06-23,3036,文曄科技,0.0,1000,股
2026-06-23,3042,台灣晶技,0.0,9000,股
2026-06-23,3044,健鼎科技,0.0,1000,股
2026-06-23,3231,緯創資通,0.0,9000,股
2026-06-23,3324,雙鴻科技,0.0,1000,股
2026-06-23,5347,世界先進,0.0,9000,股
2026-06-23,PB_NTD,PAYABLES,-0.4,-266267710,元
2026-06-23,DA_NTD,AFTER DEDUCTING SECURITIES PURCHASES AMOUNT,-1.81,-1216149577,元
2026-06-24,2330,台灣積體,12.02,3400000,股
2026-06-24,2327,國巨股份,9.55,6150000,股
2026-06-24,2383,台光電子,6.99,850000,股
2026-06-24,2408,南亞科技,5.77,8800000,股
2026-06-24,8299,群聯電子,5.55,1500000,股
2026-06-24,2454,聯發科技,5.39,850000,股
2026-06-24,3037,欣興電子,4.61,3350000,股
2026-06-24,6223,旺矽科技,4.41,415000,股
2026-06-24,6274,台燿科技,4.18,1600000,股
2026-06-24,2059,川湖科技,3.33,300000,股
2026-06-24,2345,智邦科技,3.3,940000,股
2026-06-24,5274,信驊科技,3.25,120000,股
2026-06-24,7769,鴻勁精密,2.9,290000,股
2026-06-24,2492,華新科技,2.79,3200000,股
2026-06-24,8046,南亞電路,2.68,1900000,股
2026-06-24,2303,聯華電子,2.63,10000000,股
2026-06-24,3189,景碩科技,2.62,2400000,股
2026-06-24,3711,日月光投,2.51,2600000,股
2026-06-24,6515,穎崴科技,2.39,170000,股
2026-06-24,2344,華邦電子,2.31,7600000,股
2026-06-24,8210,勤誠興業,1.35,690000,股
2026-06-24,3665,貿聯-KY,1.34,450000,股
2026-06-24,8996,高力熱處,1.33,620000,股
2026-06-24,4958,臻鼎-KY,1.3,1500000,股
2026-06-24,6669,緯穎科技,1.26,185000,股
2026-06-24,2308,台達電子,0.03,9000,股
2026-06-24,3017,奇鋐科技,0.03,9000,股
2026-06-24,2368,金像電子,0.02,9000,股
2026-06-24,2382,廣達電腦,0.01,9000,股
2026-06-24,3653,健策精密,0.01,1000,股
2026-06-24,6510,中華精測,0.01,1000,股
2026-06-24,1519,華城電機,0.0,1000,股
2026-06-24,2313,華通電腦,0.0,9000,股
2026-06-24,2317,鴻海精密,0.0,9000,股
2026-06-24,2337,旺宏電子,0.0,9000,股
2026-06-24,2360,致茂電子,0.0,1000,股
2026-06-24,2404,漢唐集成,0.0,1000,股
2026-06-24,2412,中華電信,0.0,1000,股
2026-06-24,2449,京元電子,0.0,9000,股
2026-06-24,2603,長榮海運,0.0,9000,股
2026-06-24,2881,富邦金融,0.0,9000,股
2026-06-24,2882,國泰金融,0.0,9000,股
2026-06-24,2885,元大金融,0.0,9000,股
2026-06-24,2891,中國信託,0.0,9000,股
2026-06-24,3036,文曄科技,0.0,1000,股
2026-06-24,3042,台灣晶技,0.0,9000,股
2026-06-24,3044,健鼎科技,0.0,1000,股
2026-06-24,3231,緯創資通,0.0,9000,股
2026-06-24,3324,雙鴻科技,0.0,1000,股
2026-06-24,5347,世界先進,0.0,9000,股
2026-06-24,PB_NTD,PAYABLES,-0.13,-86794080,元
2026-06-24,DA_NTD,AFTER DEDUCTING SECURITIES PURCHASES AMOUNT,-2.28,-1540170412,元
2026-06-25,2330,台灣積體,11.77,3400000,股
2026-06-25,2327,國巨股份,10.02,6150000,股
2026-06-25,2383,台光電子,6.94,850000,股
2026-06-25,2408,南亞科技,6.08,8800000,股
2026-06-25,8299,群聯電子,5.38,1500000,股
2026-06-25,2454,聯發科技,5.31,850000,股
2026-06-25,3037,欣興電子,4.95,3350000,股
2026-06-25,6274,台燿科技,4.19,1700000,股
2026-06-25,6223,旺矽科技,4.15,415000,股
2026-06-25,2345,智邦科技,3.24,940000,股
2026-06-25,2059,川湖科技,3.18,300000,股
2026-06-25,5274,信驊科技,3.03,120000,股
2026-06-25,7769,鴻勁精密,2.91,290000,股
2026-06-25,8046,南亞電路,2.88,1900000,股
2026-06-25,3189,景碩科技,2.82,2400000,股
2026-06-25,2492,華新科技,2.78,3200000,股
2026-06-25,2303,聯華電子,2.59,10000000,股
2026-06-25,2344,華邦電子,2.42,7600000,股
2026-06-25,3711,日月光投,2.41,2600000,股
2026-06-25,6515,穎崴科技,2.37,180000,股
2026-06-25,4958,臻鼎-KY,1.31,1500000,股
2026-06-25,8996,高力熱處,1.31,620000,股
2026-06-25,8210,勤誠興業,1.28,690000,股
2026-06-25,3665,貿聯-KY,1.25,450000,股
2026-06-25,6669,緯穎科技,1.22,185000,股
2026-06-25,DA_NTD,AFTER DEDUCTING SECURITIES PURCHASES AMOUNT,0.16,109302650,元
2026-06-25,2308,台達電子,0.03,9000,股
2026-06-25,3017,奇鋐科技,0.03,9000,股
2026-06-25,2368,金像電子,0.02,9000,股
2026-06-25,2382,廣達電腦,0.01,9000,股
2026-06-25,3653,健策精密,0.01,1000,股
2026-06-25,6510,中華精測,0.01,1000,股
2026-06-25,1519,華城電機,0.0,1000,股
2026-06-25,2313,華通電腦,0.0,9000,股
2026-06-25,2317,鴻海精密,0.0,9000,股
2026-06-25,2337,旺宏電子,0.0,9000,股
2026-06-25,2360,致茂電子,0.0,1000,股
2026-06-25,2404,漢唐集成,0.0,1000,股
2026-06-25,2412,中華電信,0.0,1000,股
2026-06-25,2449,京元電子,0.0,9000,股
2026-06-25,2603,長榮海運,0.0,9000,股
2026-06-25,2881,富邦金融,0.0,9000,股
2026-06-25,2882,國泰金融,0.0,9000,股
2026-06-25,2885,元大金融,0.0,9000,股
2026-06-25,2891,中國信託,0.0,9000,股
2026-06-25,3036,文曄科技,0.0,1000,股
2026-06-25,3042,台灣晶技,0.0,9000,股
2026-06-25,3044,健鼎科技,0.0,1000,股
2026-06-25,3231,緯創資通,0.0,9000,股
2026-06-25,3324,雙鴻科技,0.0,1000,股
2026-06-25,5347,世界先進,0.0,9000,股
2026-06-25,PB_NTD,PAYABLES,-0.04,-26499110,元
2026-06-26,2330,台灣積體,12.08,3400000,股
2026-06-26,2327,國巨股份,9.48,6150000,股
2026-06-26,2383,台光電子,6.78,850000,股
2026-06-26,2408,南亞科技,6.13,9000000,股
2026-06-26,8299,群聯電子,5.26,1500000,股
2026-06-26,3037,欣興電子,5.11,3450000,股
2026-06-26,2454,聯發科技,5.01,850000,股
2026-06-26,6223,旺矽科技,4.24,430000,股
2026-06-26,6274,台燿科技,4.08,1700000,股
2026-06-26,2345,智邦科技,3.51,970000,股
2026-06-26,8046,南亞電路,3.42,2000000,股
2026-06-26,2059,川湖科技,3.29,310000,股
2026-06-26,3189,景碩科技,3.03,2500000,股
2026-06-26,7769,鴻勁精密,2.96,300000,股
2026-06-26,5274,信驊科技,2.84,120000,股
2026-06-26,2303,聯華電子,2.74,11000000,股
2026-06-26,2492,華新科技,2.62,3200000,股
2026-06-26,3711,日月光投,2.59,2700000,股
2026-06-26,2344,華邦電子,2.51,8000000,股
2026-06-26,6515,穎崴科技,2.36,190000,股
2026-06-26,DA_NTD,AFTER DEDUCTING SECURITIES PURCHASES AMOUNT,2.13,1403314955,元
2026-06-26,2404,漢唐集成,1.32,650000,股
2026-06-26,4958,臻鼎-KY,1.32,1500000,股
2026-06-26,8210,勤誠興業,1.29,690000,股
2026-06-26,8996,高力熱處,1.29,620000,股
2026-06-26,3665,貿聯-KY,1.27,450000,股
2026-06-26,6669,緯穎科技,1.2,185000,股
2026-06-26,2308,台達電子,0.03,9000,股
2026-06-26,3017,奇鋐科技,0.03,9000,股
2026-06-26,2368,金像電子,0.02,9000,股
2026-06-26,2382,廣達電腦,0.01,9000,股
2026-06-26,3653,健策精密,0.01,1000,股
2026-06-26,6510,中華精測,0.01,1000,股
2026-06-26,1519,華城電機,0.0,1000,股
2026-06-26,2313,華通電腦,0.0,9000,股
2026-06-26,2317,鴻海精密,0.0,9000,股
2026-06-26,2337,旺宏電子,0.0,9000,股
2026-06-26,2360,致茂電子,0.0,1000,股
2026-06-26,2412,中華電信,0.0,1000,股
2026-06-26,2449,京元電子,0.0,9000,股
2026-06-26,2603,長榮海運,0.0,9000,股
2026-06-26,2881,富邦金融,0.0,9000,股
2026-06-26,2882,國泰金融,0.0,9000,股
2026-06-26,2885,元大金融,0.0,9000,股
2026-06-26,2891,中國信託,0.0,9000,股
2026-06-26,3036,文曄科技,0.0,1000,股
2026-06-26,3042,台灣晶技,0.0,9000,股
2026-06-26,3044,健鼎科技,0.0,1000,股
2026-06-26,3231,緯創資通,0.0,9000,股
2026-06-26,3324,雙鴻科技,0.0,1000,股
2026-06-26,5347,世界先進,0.0,9000,股
2026-06-26,PB_NTD,PAYABLES,-0.15,-96568500,元
2026-06-29,2330,台灣積體,12.06,3400000,股
2026-06-29,2327,國巨股份,9.57,6150000,股
2026-06-29,2383,台光電子,6.93,850000,股
2026-06-29,2408,南亞科技,6.1,9000000,股
2026-06-29,3037,欣興電子,5.26,3600000,股
2026-06-29,8299,群聯電子,5.25,1500000,股
2026-06-29,2454,聯發科技,4.97,850000,股
2026-06-29,6274,台燿科技,3.96,1700000,股
2026-06-29,6223,旺矽科技,3.9,430000,股
2026-06-29,2345,智邦科技,3.4,970000,股
2026-06-29,8046,南亞電路,3.39,2100000,股
2026-06-29,2059,川湖科技,3.3,310000,股
2026-06-29,3189,景碩科技,3.21,2650000,股
2026-06-29,2303,聯華電子,3.19,13000000,股
2026-06-29,7769,鴻勁精密,2.87,300000,股
2026-06-29,5274,信驊科技,2.73,120000,股
2026-06-29,3711,日月光投,2.53,2700000,股
2026-06-29,2492,華新科技,2.46,3200000,股
2026-06-29,2344,華邦電子,2.43,8000000,股
2026-06-29,6515,穎崴科技,2.4,200000,股
2026-06-29,DA_NTD,AFTER DEDUCTING SECURITIES PURCHASES AMOUNT,2.16,1445864032,元
2026-06-29,8996,高力熱處,1.37,620000,股
2026-06-29,2404,漢唐集成,1.32,650000,股
2026-06-29,4958,臻鼎-KY,1.29,1500000,股
2026-06-29,3665,貿聯-KY,1.27,450000,股
2026-06-29,6669,緯穎科技,1.27,185000,股
2026-06-29,8210,勤誠興業,1.25,690000,股
2026-06-29,2308,台達電子,0.03,9000,股
2026-06-29,3017,奇鋐科技,0.03,9000,股
2026-06-29,2368,金像電子,0.02,9000,股
2026-06-29,2382,廣達電腦,0.01,9000,股
2026-06-29,3653,健策精密,0.01,1000,股
2026-06-29,6510,中華精測,0.01,1000,股
2026-06-29,1519,華城電機,0.0,1000,股
2026-06-29,2313,華通電腦,0.0,9000,股
2026-06-29,2317,鴻海精密,0.0,9000,股
2026-06-29,2337,旺宏電子,0.0,9000,股
2026-06-29,2360,致茂電子,0.0,1000,股
2026-06-29,2412,中華電信,0.0,1000,股
2026-06-29,2449,京元電子,0.0,9000,股
2026-06-29,2603,長榮海運,0.0,9000,股
2026-06-29,2881,富邦金融,0.0,9000,股
2026-06-29,2882,國泰金融,0.0,9000,股
2026-06-29,2885,元大金融,0.0,9000,股
2026-06-29,2891,中國信託,0.0,9000,股
2026-06-29,3036,文曄科技,0.0,1000,股
2026-06-29,3042,台灣晶技,0.0,9000,股
2026-06-29,3044,健鼎科技,0.0,1000,股
2026-06-29,3231,緯創資通,0.0,9000,股
2026-06-29,3324,雙鴻科技,0.0,1000,股
2026-06-29,5347,世界先進,0.0,9000,股
2026-06-29,PB_NTD,PAYABLES,-0.12,-82474310,元
2026-06-30,2330,台灣積體,11.64,3400000,股
2026-06-30,2327,國巨股份,9.96,6150000,股
2026-06-30,2383,台光電子,6.51,850000,股
2026-06-30,2408,南亞科技,5.78,9000000,股
2026-06-30,3037,欣興電子,5.47,3600000,股
2026-06-30,2454,聯發科技,5.12,850000,股
2026-06-30,8299,群聯電子,5.08,1500000,股
2026-06-30,6274,台燿科技,4.29,1800000,股
2026-06-30,6223,旺矽科技,3.72,430000,股
2026-06-30,2345,智邦科技,3.54,1000000,股
2026-06-30,8046,南亞電路,3.53,2100000,股
2026-06-30,3189,景碩科技,3.35,2650000,股
2026-06-30,2303,聯華電子,3.27,14000000,股
2026-06-30,2059,川湖科技,3.24,310000,股
2026-06-30,5274,信驊科技,2.81,120000,股
2026-06-30,7769,鴻勁精密,2.76,300000,股
2026-06-30,3711,日月光投,2.61,2700000,股
2026-06-30,2492,華新科技,2.57,3200000,股
2026-06-30,2344,華邦電子,2.36,8000000,股
2026-06-30,6515,穎崴科技,2.3,200000,股
2026-06-30,DA_NTD,AFTER DEDUCTING SECURITIES PURCHASES AMOUNT,2.21,1555678041,元
2026-06-30,8996,高力熱處,1.37,620000,股
2026-06-30,4958,臻鼎-KY,1.34,1500000,股
2026-06-30,8210,勤誠興業,1.26,690000,股
2026-06-30,2404,漢唐集成,1.22,650000,股
2026-06-30,3665,貿聯-KY,1.22,450000,股
2026-06-30,6669,緯穎科技,1.22,185000,股
2026-06-30,2308,台達電子,0.03,9000,股
2026-06-30,3017,奇鋐科技,0.03,9000,股
2026-06-30,2368,金像電子,0.02,9000,股
2026-06-30,2382,廣達電腦,0.01,9000,股
2026-06-30,3653,健策精密,0.01,1000,股
2026-06-30,1519,華城電機,0.0,1000,股
2026-06-30,2313,華通電腦,0.0,9000,股
2026-06-30,2317,鴻海精密,0.0,9000,股
2026-06-30,2337,旺宏電子,0.0,9000,股
2026-06-30,2360,致茂電子,0.0,1000,股
2026-06-30,2412,中華電信,0.0,1000,股
2026-06-30,2449,京元電子,0.0,9000,股
2026-06-30,2603,長榮海運,0.0,9000,股
2026-06-30,2881,富邦金融,0.0,9000,股
2026-06-30,2882,國泰金融,0.0,9000,股
2026-06-30,2885,元大金融,0.0,9000,股
2026-06-30,2891,中國信託,0.0,9000,股
2026-06-30,3036,文曄科技,0.0,1000,股
2026-06-30,3042,台灣晶技,0.0,9000,股
2026-06-30,3044,健鼎科技,0.0,1000,股
2026-06-30,3231,緯創資通,0.0,9000,股
2026-06-30,3324,雙鴻科技,0.0,1000,股
2026-06-30,5347,世界先進,0.0,9000,股
2026-06-30,6510,中華精測,0.0,1000,股
2026-06-30,PB_NTD,PAYABLES,-0.04,-30627912,元
2026-07-01,2330,台灣積體,11.85,3400000,股
2026-07-01,2327,國巨股份,9.75,6150000,股
2026-07-01,2383,台光電子,6.54,850000,股
2026-07-01,2454,聯發科技,5.43,900000,股
2026-07-01,2408,南亞科技,5.27,9000000,股
2026-07-01,3037,欣興電子,5.21,3600000,股
2026-07-01,8299,群聯電子,4.74,1500000,股
2026-07-01,6274,台燿科技,4.23,1800000,股
2026-07-01,6223,旺矽科技,4.0,430000,股
2026-07-01,2345,智邦科技,3.7,1000000,股
2026-07-01,8046,南亞電路,3.43,2100000,股
2026-07-01,2059,川湖科技,3.3,310000,股
2026-07-01,2303,聯華電子,3.29,14000000,股
2026-07-01,3189,景碩科技,3.27,2650000,股
2026-07-01,7769,鴻勁精密,2.9,300000,股
2026-07-01,5274,信驊科技,2.86,120000,股
2026-07-01,2492,華新科技,2.68,3200000,股
2026-07-01,3711,日月光投,2.64,2700000,股
2026-07-01,DA_NTD,AFTER DEDUCTING SECURITIES PURCHASES AMOUNT,2.49,1792423831,元
2026-07-01,6515,穎崴科技,2.47,200000,股
2026-07-01,2344,華邦電子,2.11,8000000,股
2026-07-01,8996,高力熱處,1.34,620000,股
2026-07-01,6669,緯穎科技,1.3,185000,股
2026-07-01,3665,貿聯-KY,1.26,450000,股
2026-07-01,4958,臻鼎-KY,1.26,1500000,股
2026-07-01,8210,勤誠興業,1.24,690000,股
2026-07-01,2404,漢唐集成,1.18,650000,股
2026-07-01,2308,台達電子,0.03,9000,股
2026-07-01,3017,奇鋐科技,0.03,9000,股
2026-07-01,2368,金像電子,0.02,9000,股
2026-07-01,2382,廣達電腦,0.01,9000,股
2026-07-01,3653,健策精密,0.01,1000,股
2026-07-01,6510,中華精測,0.01,1000,股
2026-07-01,1519,華城電機,0.0,1000,股
2026-07-01,2313,華通電腦,0.0,9000,股
2026-07-01,2317,鴻海精密,0.0,9000,股
2026-07-01,2337,旺宏電子,0.0,9000,股
2026-07-01,2360,致茂電子,0.0,1000,股
2026-07-01,2412,中華電信,0.0,1000,股
2026-07-01,2449,京元電子,0.0,9000,股
2026-07-01,2603,長榮海運,0.0,9000,股
2026-07-01,2881,富邦金融,0.0,9000,股
2026-07-01,2882,國泰金融,0.0,9000,股
2026-07-01,2885,元大金融,0.0,9000,股
2026-07-01,2891,中國信託,0.0,9000,股
2026-07-01,3036,文曄科技,0.0,1000,股
2026-07-01,3042,台灣晶技,0.0,9000,股
2026-07-01,3044,健鼎科技,0.0,1000,股
2026-07-01,3231,緯創資通,0.0,9000,股
2026-07-01,3324,雙鴻科技,0.0,1000,股
2026-07-01,5347,世界先進,0.0,9000,股
2026-07-01,PB_NTD,PAYABLES,-0.05,-37707216,元
2026-07-02,2330,台灣積體,11.58,3400000,股
2026-07-02,2327,國巨股份,8.97,6150000,股
2026-07-02,2383,台光電子,6.64,850000,股
2026-07-02,2454,聯發科技,5.41,900000,股
2026-07-02,2408,南亞科技,5.06,9000000,股
2026-07-02,3037,欣興電子,5.01,3700000,股
2026-07-02,6223,旺矽科技,4.81,480000,股
2026-07-02,8299,群聯電子,4.64,1500000,股
2026-07-02,6274,台燿科技,4.2,1800000,股
2026-07-02,2345,智邦科技,3.8,1000000,股
2026-07-02,8046,南亞電路,3.48,2200000,股
2026-07-02,2059,川湖科技,3.38,310000,股
2026-07-02,3189,景碩科技,3.21,2800000,股
2026-07-02,2303,聯華電子,3.2,14000000,股
2026-07-02,5274,信驊科技,2.94,120000,股
2026-07-02,7769,鴻勁精密,2.92,300000,股
2026-07-02,3711,日月光投,2.71,2700000,股
2026-07-02,6515,穎崴科技,2.7,210000,股
2026-07-02,2492,華新科技,2.48,3200000,股
2026-07-02,3017,奇鋐科技,1.89,500000,股
2026-07-02,6669,緯穎科技,1.87,260000,股
2026-07-02,2404,漢唐集成,1.24,650000,股
2026-07-02,4958,臻鼎-KY,1.24,1500000,股
2026-07-02,2344,華邦電子,1.22,4800000,股
2026-07-02,8996,高力熱處,0.92,470000,股
2026-07-02,8210,勤誠興業,0.74,410000,股
2026-07-02,3665,貿聯-KY,0.73,260000,股
2026-07-02,DA_NTD,AFTER DEDUCTING SECURITIES PURCHASES AMOUNT,0.71,512207714,元
2026-07-02,2308,台達電子,0.03,9000,股
2026-07-02,2368,金像電子,0.02,9000,股
2026-07-02,2382,廣達電腦,0.01,9000,股
2026-07-02,3653,健策精密,0.01,1000,股
2026-07-02,1519,華城電機,0.0,1000,股
2026-07-02,2313,華通電腦,0.0,9000,股
2026-07-02,2317,鴻海精密,0.0,9000,股
2026-07-02,2337,旺宏電子,0.0,9000,股
2026-07-02,2360,致茂電子,0.0,1000,股
2026-07-02,2412,中華電信,0.0,1000,股
2026-07-02,2449,京元電子,0.0,9000,股
2026-07-02,2603,長榮海運,0.0,9000,股
2026-07-02,2881,富邦金融,0.0,9000,股
2026-07-02,2882,國泰金融,0.0,9000,股
2026-07-02,2885,元大金融,0.0,9000,股
2026-07-02,2891,中國信託,0.0,9000,股
2026-07-02,3036,文曄科技,0.0,1000,股
2026-07-02,3042,台灣晶技,0.0,9000,股
2026-07-02,3044,健鼎科技,0.0,1000,股
2026-07-02,3231,緯創資通,0.0,9000,股
2026-07-02,3324,雙鴻科技,0.0,1000,股
2026-07-02,5347,世界先進,0.0,9000,股
2026-07-02,6510,中華精測,0.0,1000,股
2026-07-02,PB_NTD,PAYABLES,-0.18,-132671705,元
2026-07-03,2330,台灣積體,11.59,3500000,股
2026-07-03,2327,國巨股份,8.7,6150000,股
2026-07-03,2383,台光電子,7.0,850000,股
2026-07-03,2454,聯發科技,5.11,900000,股
2026-07-03,6223,旺矽科技,5.0,500000,股
2026-07-03,2408,南亞科技,4.99,9000000,股
2026-07-03,3037,欣興電子,4.99,3800000,股
2026-07-03,8299,群聯電子,4.66,1500000,股
2026-07-03,6274,台燿科技,4.61,1900000,股
2026-07-03,2345,智邦科技,3.7,1000000,股
2026-07-03,8046,南亞電路,3.69,2300000,股
2026-07-03,2059,川湖科技,3.36,310000,股
2026-07-03,2303,聯華電子,3.23,14000000,股
2026-07-03,3189,景碩科技,3.16,2800000,股
2026-07-03,6515,穎崴科技,2.82,210000,股
2026-07-03,5274,信驊科技,2.81,120000,股
2026-07-03,7769,鴻勁精密,2.79,300000,股
2026-07-03,3711,日月光投,2.68,2900000,股
2026-07-03,2492,華新科技,2.44,3200000,股
2026-07-03,6669,緯穎科技,2.42,340000,股
2026-07-03,3017,奇鋐科技,2.39,640000,股
2026-07-03,4958,臻鼎-KY,1.25,1500000,股
2026-07-03,2344,華邦電子,1.2,4800000,股
2026-07-03,2404,漢唐集成,1.19,650000,股
2026-07-03,8210,勤誠興業,0.73,410000,股
2026-07-03,3665,貿聯-KY,0.7,260000,股
2026-07-03,8996,高力熱處,0.23,121000,股
2026-07-03,2308,台達電子,0.03,9000,股
2026-07-03,2368,金像電子,0.02,9000,股
2026-07-03,2382,廣達電腦,0.01,9000,股
2026-07-03,3653,健策精密,0.01,1000,股
2026-07-03,1519,華城電機,0.0,1000,股
2026-07-03,2313,華通電腦,0.0,9000,股
2026-07-03,2317,鴻海精密,0.0,9000,股
2026-07-03,2337,旺宏電子,0.0,9000,股
2026-07-03,2360,致茂電子,0.0,1000,股
2026-07-03,2412,中華電信,0.0,1000,股
2026-07-03,2449,京元電子,0.0,9000,股
2026-07-03,2603,長榮海運,0.0,9000,股
2026-07-03,2881,富邦金融,0.0,9000,股
2026-07-03,2882,國泰金融,0.0,9000,股
2026-07-03,2885,元大金融,0.0,9000,股
2026-07-03,2891,中國信託,0.0,9000,股
2026-07-03,3036,文曄科技,0.0,1000,股
2026-07-03,3042,台灣晶技,0.0,9000,股
2026-07-03,3044,健鼎科技,0.0,1000,股
2026-07-03,3231,緯創資通,0.0,9000,股
2026-07-03,3324,雙鴻科技,0.0,1000,股
2026-07-03,5347,世界先進,0.0,9000,股
2026-07-03,6510,中華精測,0.0,1000,股
2026-07-03,PB_NTD,PAYABLES,-0.12,-89242056,元
2026-07-03,DA_NTD,AFTER DEDUCTING SECURITIES PURCHASES AMOUNT,-0.33,-243291205,元
2026-07-06,2330,台灣積體,11.66,3500000,股
2026-07-06,2327,國巨股份,8.71,6400000,股
2026-07-06,2383,台光電子,7.41,1000000,股
2026-07-06,2454,聯發科技,5.2,930000,股
2026-07-06,2408,南亞科技,5.13,9000000,股
2026-07-06,3037,欣興電子,4.84,3900000,股
2026-07-06,6223,旺矽科技,4.83,520000,股
2026-07-06,8299,群聯電子,4.65,1500000,股
2026-07-06,6274,台燿科技,4.42,2000000,股
2026-07-06,2345,智邦科技,3.58,1000000,股
2026-07-06,8046,南亞電路,3.49,2400000,股
2026-07-06,2059,川湖科技,3.27,310000,股
2026-07-06,2303,聯華電子,3.15,14000000,股
2026-07-06,3189,景碩科技,2.89,2800000,股
2026-07-06,3711,日月光投,2.76,3000000,股
2026-07-06,7769,鴻勁精密,2.76,300000,股
2026-07-06,6515,穎崴科技,2.54,210000,股
2026-07-06,5274,信驊科技,2.53,115000,股
2026-07-06,2492,華新科技,2.41,3200000,股
2026-07-06,3017,奇鋐科技,2.39,660000,股
2026-07-06,6669,緯穎科技,2.39,350000,股
2026-07-06,DA_NTD,AFTER DEDUCTING SECURITIES PURCHASES AMOUNT,2.14,1579262341,元
2026-07-06,2344,華邦電子,1.19,4800000,股
2026-07-06,3026,禾伸堂企,1.17,900000,股
2026-07-06,2404,漢唐集成,1.16,650000,股
2026-07-06,8210,勤誠興業,0.72,410000,股
2026-07-06,3665,貿聯-KY,0.69,260000,股
2026-07-06,2308,台達電子,0.02,9000,股
2026-07-06,2368,金像電子,0.02,9000,股
2026-07-06,2382,廣達電腦,0.01,9000,股
2026-07-06,4958,臻鼎-KY,0.01,9000,股
2026-07-06,1519,華城電機,0.0,1000,股
2026-07-06,2313,華通電腦,0.0,9000,股
2026-07-06,2317,鴻海精密,0.0,9000,股
2026-07-06,2337,旺宏電子,0.0,9000,股
2026-07-06,2360,致茂電子,0.0,1000,股
2026-07-06,2449,京元電子,0.0,9000,股
2026-07-06,2603,長榮海運,0.0,9000,股
2026-07-06,2881,富邦金融,0.0,9000,股
2026-07-06,2882,國泰金融,0.0,9000,股
2026-07-06,2885,元大金融,0.0,9000,股
2026-07-06,2891,中國信託,0.0,9000,股
2026-07-06,3036,文曄科技,0.0,1000,股
2026-07-06,3042,台灣晶技,0.0,9000,股
2026-07-06,3044,健鼎科技,0.0,1000,股
2026-07-06,3231,緯創資通,0.0,9000,股
2026-07-06,3324,雙鴻科技,0.0,1000,股
2026-07-06,3653,健策精密,0.0,1000,股
2026-07-06,5347,世界先進,0.0,9000,股
2026-07-06,6510,中華精測,0.0,1000,股
2026-07-06,8996,高力熱處,0.0,1000,股
2026-07-06,PB_NTD,PAYABLES,-0.54,-395556554,元
2026-07-07,2330,台灣積體,12.98,3800000,股
2026-07-07,2327,國巨股份,8.11,6400000,股
2026-07-07,2383,台光電子,8.04,1100000,股
2026-07-07,2454,聯發科技,5.36,950000,股
2026-07-07,2408,南亞科技,5.08,9000000,股
2026-07-07,6223,旺矽科技,4.68,530000,股
2026-07-07,3037,欣興電子,4.59,3900000,股
2026-07-07,8299,群聯電子,4.5,1500000,股
2026-07-07,6274,台燿科技,4.41,2000000,股
2026-07-07,2345,智邦科技,3.78,1100000,股
2026-07-07,8046,南亞電路,3.75,2600000,股
2026-07-07,2059,川湖科技,3.59,310000,股
2026-07-07,2303,聯華電子,3.04,14000000,股
2026-07-07,3711,日月光投,2.92,3200000,股
2026-07-07,3189,景碩科技,2.69,2800000,股
2026-07-07,7769,鴻勁精密,2.6,300000,股
2026-07-07,5274,信驊科技,2.55,126500,股
2026-07-07,6515,穎崴科技,2.47,220000,股
2026-07-07,6669,緯穎科技,2.46,350000,股
2026-07-07,3017,奇鋐科技,2.26,660000,股
2026-07-07,2492,華新科技,2.25,3200000,股
2026-07-07,DA_NTD,AFTER DEDUCTING SECURITIES PURCHASES AMOUNT,1.43,1023525772,元
2026-07-07,2344,華邦電子,1.17,4800000,股
2026-07-07,2404,漢唐集成,1.15,650000,股
2026-07-07,3026,禾伸堂企,1.09,900000,股
2026-07-07,3665,貿聯-KY,0.72,260000,股
2026-07-07,2308,台達電子,0.02,9000,股
2026-07-07,2368,金像電子,0.01,9000,股
2026-07-07,2382,廣達電腦,0.01,9000,股
2026-07-07,4958,臻鼎-KY,0.01,9000,股
2026-07-07,1519,華城電機,0.0,1000,股
2026-07-07,2313,華通電腦,0.0,9000,股
2026-07-07,2317,鴻海精密,0.0,9000,股
2026-07-07,2337,旺宏電子,0.0,9000,股
2026-07-07,2360,致茂電子,0.0,1000,股
2026-07-07,2449,京元電子,0.0,9000,股
2026-07-07,2603,長榮海運,0.0,9000,股
2026-07-07,2881,富邦金融,0.0,9000,股
2026-07-07,2882,國泰金融,0.0,9000,股
2026-07-07,2885,元大金融,0.0,9000,股
2026-07-07,2891,中國信託,0.0,9000,股
2026-07-07,3036,文曄科技,0.0,1000,股
2026-07-07,3042,台灣晶技,0.0,9000,股
2026-07-07,3044,健鼎科技,0.0,1000,股
2026-07-07,3231,緯創資通,0.0,9000,股
2026-07-07,3324,雙鴻科技,0.0,1000,股
2026-07-07,3653,健策精密,0.0,1000,股
2026-07-07,5347,世界先進,0.0,9000,股
2026-07-07,6510,中華精測,0.0,1000,股
2026-07-07,8210,勤誠興業,0.0,1000,股
2026-07-07,8996,高力熱處,0.0,1000,股
2026-07-07,PB_NTD,PAYABLES,-0.28,-203538420,元
2026-07-08,2330,台灣積體,13.03,3900000,股
2026-07-08,2383,台光電子,7.93,1100000,股
2026-07-08,2327,國巨股份,7.73,6400000,股
2026-07-08,2454,聯發科技,5.15,950000,股
2026-07-08,2408,南亞科技,4.83,9000000,股
2026-07-08,6223,旺矽科技,4.64,530000,股
2026-07-08,3037,欣興電子,4.56,3900000,股
2026-07-08,6274,台燿科技,4.46,2000000,股
2026-07-08,8299,群聯電子,4.35,1500000,股
2026-07-08,8046,南亞電路,3.9,2600000,股
2026-07-08,2345,智邦科技,3.8,1160000,股
2026-07-08,DA_NTD,AFTER DEDUCTING SECURITIES PURCHASES AMOUNT,3.69,2722627769,元
2026-07-08,2059,川湖科技,3.62,330000,股
2026-07-08,2303,聯華電子,3.09,14000000,股
2026-07-08,3189,景碩科技,2.87,2800000,股
2026-07-08,3711,日月光投,2.71,3200000,股
2026-07-08,7769,鴻勁精密,2.46,300000,股
2026-07-08,5274,信驊科技,2.4,126500,股
2026-07-08,6669,緯穎科技,2.4,350000,股
2026-07-08,3026,禾伸堂企,2.33,1800000,股
2026-07-08,6515,穎崴科技,2.3,220000,股
2026-07-08,3017,奇鋐科技,2.08,660000,股
2026-07-08,2492,華新科技,2.06,3200000,股
2026-07-08,2344,華邦電子,1.1,4800000,股
2026-07-08,2404,漢唐集成,1.06,650000,股
2026-07-08,3665,貿聯-KY,0.67,260000,股
2026-07-08,2308,台達電子,0.02,9000,股
2026-07-08,2368,金像電子,0.01,9000,股
2026-07-08,2382,廣達電腦,0.01,9000,股
2026-07-08,4958,臻鼎-KY,0.01,9000,股
2026-07-08,1519,華城電機,0.0,1000,股
2026-07-08,2313,華通電腦,0.0,9000,股
2026-07-08,2317,鴻海精密,0.0,9000,股
2026-07-08,2337,旺宏電子,0.0,9000,股
2026-07-08,2360,致茂電子,0.0,1000,股
2026-07-08,2449,京元電子,0.0,9000,股
2026-07-08,2603,長榮海運,0.0,9000,股
2026-07-08,2881,富邦金融,0.0,9000,股
2026-07-08,2882,國泰金融,0.0,9000,股
2026-07-08,2885,元大金融,0.0,9000,股
2026-07-08,2891,中國信託,0.0,9000,股
2026-07-08,3036,文曄科技,0.0,1000,股
2026-07-08,3042,台灣晶技,0.0,9000,股
2026-07-08,3044,健鼎科技,0.0,1000,股
2026-07-08,3231,緯創資通,0.0,9000,股
2026-07-08,3324,雙鴻科技,0.0,1000,股
2026-07-08,3653,健策精密,0.0,1000,股
2026-07-08,5347,世界先進,0.0,9000,股
2026-07-08,6510,中華精測,0.0,1000,股
2026-07-08,8210,勤誠興業,0.0,1000,股
2026-07-08,8996,高力熱處,0.0,1000,股
2026-07-08,PB_NTD,PAYABLES,-0.25,-187429100,元
2026-07-09,2330,台灣積體,12.5,3900000,股
2026-07-09,2327,國巨股份,8.24,6900000,股
2026-07-09,2383,台光電子,8.15,1160000,股
2026-07-09,2408,南亞科技,5.49,9500000,股
2026-07-09,6223,旺矽科技,4.98,530000,股
2026-07-09,2454,聯發科技,4.95,950000,股
2026-07-09,3037,欣興電子,4.65,4000000,股
2026-07-09,8299,群聯電子,4.42,1500000,股
2026-07-09,8046,南亞電路,4.19,2600000,股
2026-07-09,6274,台燿科技,4.17,2000000,股
2026-07-09,2345,智邦科技,3.8,1160000,股
2026-07-09,2059,川湖科技,3.61,330000,股
2026-07-09,3189,景碩科技,2.95,2800000,股
2026-07-09,2303,聯華電子,2.9,14000000,股
2026-07-09,3711,日月光投,2.88,3200000,股
2026-07-09,3026,禾伸堂企,2.67,2000000,股
2026-07-09,7769,鴻勁精密,2.65,300000,股
2026-07-09,DA_NTD,AFTER DEDUCTING SECURITIES PURCHASES AMOUNT,2.47,1861398311,元
2026-07-09,6669,緯穎科技,2.34,350000,股
2026-07-09,6515,穎崴科技,2.27,220000,股
2026-07-09,2492,華新科技,2.22,3600000,股
2026-07-09,3017,奇鋐科技,2.06,660000,股
2026-07-09,5274,信驊科技,1.82,100500,股
2026-07-09,2344,華邦電子,1.12,4800000,股
2026-07-09,2404,漢唐集成,1.05,650000,股
2026-07-09,3665,貿聯-KY,0.64,260000,股
2026-07-09,2308,台達電子,0.02,9000,股
2026-07-09,2368,金像電子,0.01,9000,股
2026-07-09,4958,臻鼎-KY,0.01,9000,股
2026-07-09,1519,華城電機,0.0,1000,股
2026-07-09,2313,華通電腦,0.0,9000,股
2026-07-09,2317,鴻海精密,0.0,9000,股
2026-07-09,2337,旺宏電子,0.0,9000,股
2026-07-09,2360,致茂電子,0.0,1000,股
2026-07-09,2382,廣達電腦,0.0,9000,股
2026-07-09,2449,京元電子,0.0,9000,股
2026-07-09,2603,長榮海運,0.0,9000,股
2026-07-09,2881,富邦金融,0.0,9000,股
2026-07-09,2882,國泰金融,0.0,9000,股
2026-07-09,2883,凱基金融,0.0,9000,股
2026-07-09,2885,元大金融,0.0,9000,股
2026-07-09,2891,中國信託,0.0,9000,股
2026-07-09,3036,文曄科技,0.0,1000,股
2026-07-09,3042,台灣晶技,0.0,9000,股
2026-07-09,3044,健鼎科技,0.0,1000,股
2026-07-09,3231,緯創資通,0.0,9000,股
2026-07-09,3653,健策精密,0.0,1000,股
2026-07-09,5347,世界先進,0.0,9000,股
2026-07-09,6510,中華精測,0.0,1000,股
2026-07-09,8210,勤誠興業,0.0,1000,股
2026-07-09,8996,高力熱處,0.0,1000,股
2026-07-09,PB_NTD,PAYABLES,-0.03,-23753400,元
2026-07-13,2330,台灣積體,13.78,4200000,股
2026-07-13,2383,台光電子,8.27,1200000,股
2026-07-13,2327,國巨股份,7.57,6900000,股
2026-07-13,2408,南亞科技,5.4,9500000,股
2026-07-13,6223,旺矽科技,4.91,550000,股
2026-07-13,2454,聯發科技,4.89,950000,股
2026-07-13,3037,欣興電子,4.86,4000000,股
2026-07-13,8046,南亞電路,4.44,2600000,股
2026-07-13,8299,群聯電子,4.38,1500000,股
2026-07-13,6274,台燿科技,4.17,2000000,股
2026-07-13,2059,川湖科技,3.91,360000,股
2026-07-13,2345,智邦科技,3.88,1200000,股
2026-07-13,3189,景碩科技,3.08,2800000,股
2026-07-13,2303,聯華電子,2.89,14000000,股
2026-07-13,3711,日月光投,2.88,3200000,股
2026-07-13,7769,鴻勁精密,2.7,300000,股
2026-07-13,3026,禾伸堂企,2.43,2000000,股
2026-07-13,6669,緯穎科技,2.33,350000,股
2026-07-13,6515,穎崴科技,2.18,220000,股
2026-07-13,2492,華新科技,2.03,3600000,股
2026-07-13,3017,奇鋐科技,1.97,660000,股
2026-07-13,DA_NTD,AFTER DEDUCTING SECURITIES PURCHASES AMOUNT,1.74,1290784965,元
2026-07-13,5274,信驊科技,1.14,62500,股
2026-07-13,2344,華邦電子,1.08,4800000,股
2026-07-13,2404,漢唐集成,1.08,650000,股
2026-07-13,3665,貿聯-KY,0.65,260000,股
2026-07-13,2308,台達電子,0.02,9000,股
2026-07-13,2368,金像電子,0.01,9000,股
2026-07-13,2382,廣達電腦,0.01,9000,股
2026-07-13,4958,臻鼎-KY,0.01,9000,股
2026-07-13,1519,華城電機,0.0,1000,股
2026-07-13,2313,華通電腦,0.0,9000,股
2026-07-13,2317,鴻海精密,0.0,9000,股
2026-07-13,2337,旺宏電子,0.0,9000,股
2026-07-13,2360,致茂電子,0.0,1000,股
2026-07-13,2449,京元電子,0.0,9000,股
2026-07-13,2603,長榮海運,0.0,9000,股
2026-07-13,2881,富邦金融,0.0,9000,股
2026-07-13,2882,國泰金融,0.0,9000,股
2026-07-13,2883,凱基金融,0.0,9000,股
2026-07-13,2885,元大金融,0.0,9000,股
2026-07-13,2891,中國信託,0.0,9000,股
2026-07-13,3036,文曄科技,0.0,1000,股
2026-07-13,3042,台灣晶技,0.0,9000,股
2026-07-13,3044,健鼎科技,0.0,1000,股
2026-07-13,3231,緯創資通,0.0,9000,股
2026-07-13,3653,健策精密,0.0,1000,股
2026-07-13,5347,世界先進,0.0,9000,股
2026-07-13,6510,中華精測,0.0,1000,股
2026-07-13,8210,勤誠興業,0.0,1000,股
2026-07-13,8996,高力熱處,0.0,1000,股
2026-07-13,PB_NTD,PAYABLES,-0.13,-96752070,元
2026-07-14,2330,台灣積體,13.5,4200000,股
2026-07-14,2383,台光電子,7.92,1200000,股
2026-07-14,2327,國巨股份,7.13,6900000,股
2026-07-14,DA_NTD,AFTER DEDUCTING SECURITIES PURCHASES AMOUNT,5.96,4489437881,元
2026-07-14,2408,南亞科技,5.83,9800000,股
2026-07-14,3037,欣興電子,4.76,4100000,股
2026-07-14,6223,旺矽科技,4.72,560000,股
2026-07-14,8046,南亞電路,4.63,2700000,股
2026-07-14,2454,聯發科技,4.62,950000,股
2026-07-14,8299,群聯電子,4.08,1500000,股
2026-07-14,2059,川湖科技,3.82,360000,股
2026-07-14,6274,台燿科技,3.71,2000000,股
2026-07-14,2345,智邦科技,3.63,1200000,股
2026-07-14,3189,景碩科技,2.99,2800000,股
2026-07-14,2303,聯華電子,2.81,14000000,股
2026-07-14,3711,日月光投,2.72,3200000,股
2026-07-14,7769,鴻勁精密,2.72,320000,股
2026-07-14,6669,緯穎科技,2.28,350000,股
2026-07-14,3026,禾伸堂企,2.17,2000000,股
2026-07-14,6515,穎崴科技,2.06,220000,股
2026-07-14,2492,華新科技,1.86,3600000,股
2026-07-14,3017,奇鋐科技,1.86,660000,股
2026-07-14,5274,信驊科技,1.08,62500,股
2026-07-14,2344,華邦電子,1.05,4800000,股
2026-07-14,2404,漢唐集成,1.02,650000,股
2026-07-14,3665,貿聯-KY,0.61,260000,股
2026-07-14,2308,台達電子,0.02,9000,股
2026-07-14,2368,金像電子,0.01,9000,股
2026-07-14,2382,廣達電腦,0.01,9000,股
2026-07-14,4958,臻鼎-KY,0.01,9000,股
2026-07-14,1519,華城電機,0.0,1000,股
2026-07-14,2313,華通電腦,0.0,9253,股
2026-07-14,2317,鴻海精密,0.0,9000,股
2026-07-14,2337,旺宏電子,0.0,9000,股
2026-07-14,2360,致茂電子,0.0,1000,股
2026-07-14,2449,京元電子,0.0,9000,股
2026-07-14,2603,長榮海運,0.0,9000,股
2026-07-14,2881,富邦金融,0.0,9000,股
2026-07-14,2882,國泰金融,0.0,9000,股
2026-07-14,2883,凱基金融,0.0,9000,股
2026-07-14,2885,元大金融,0.0,9000,股
2026-07-14,2891,中國信託,0.0,9000,股
2026-07-14,3036,文曄科技,0.0,1000,股
2026-07-14,3042,台灣晶技,0.0,9000,股
2026-07-14,3044,健鼎科技,0.0,1000,股
2026-07-14,3231,緯創資通,0.0,9000,股
2026-07-14,3653,健策精密,0.0,1000,股
2026-07-14,5347,世界先進,0.0,9000,股
2026-07-14,6510,中華精測,0.0,1000,股
2026-07-14,8210,勤誠興業,0.0,1000,股
2026-07-14,8996,高力熱處,0.0,1000,股
2026-07-14,PB_NTD,PAYABLES,-0.54,-409150440,元
2026-07-15,2330,台灣積體,13.05,4200000,股
2026-07-15,2383,台光電子,8.09,1250000,股
2026-07-15,2327,國巨股份,7.32,7200000,股
2026-07-15,2408,南亞科技,6.19,10100000,股
2026-07-15,3037,欣興電子,5.07,4250000,股
2026-07-15,8046,南亞電路,5.05,2800000,股
2026-07-15,2454,聯發科技,4.76,1000000,股
2026-07-15,6223,旺矽科技,4.68,580000,股
2026-07-15,2059,川湖科技,4.11,380000,股
2026-07-15,8299,群聯電子,4.02,1500000,股
2026-07-15,2345,智邦科技,3.87,1300000,股
2026-07-15,6274,台燿科技,3.84,2100000,股
2026-07-15,DA_NTD,AFTER DEDUCTING SECURITIES PURCHASES AMOUNT,3.03,2378013107,元
2026-07-15,3189,景碩科技,3.01,2800000,股
2026-07-15,2303,聯華電子,2.96,14000000,股
2026-07-15,3711,日月光投,2.96,3400000,股
2026-07-15,7769,鴻勁精密,2.91,340000,股
2026-07-15,3026,禾伸堂企,2.35,2200000,股
2026-07-15,6669,緯穎科技,2.27,350000,股
2026-07-15,6515,穎崴科技,2.03,220000,股
2026-07-15,3017,奇鋐科技,2.01,730000,股
2026-07-15,2492,華新科技,1.74,3600000,股
2026-07-15,3665,貿聯-KY,1.12,460000,股
2026-07-15,5274,信驊科技,1.11,62500,股
2026-07-15,2344,華邦電子,1.1,4800000,股
2026-07-15,2404,漢唐集成,1.06,650000,股
2026-07-15,2308,台達電子,0.02,9000,股
2026-07-15,2368,金像電子,0.01,9000,股
2026-07-15,4958,臻鼎-KY,0.01,9000,股
2026-07-15,1519,華城電機,0.0,1000,股
2026-07-15,2313,華通電腦,0.0,9253,股
2026-07-15,2317,鴻海精密,0.0,9000,股
2026-07-15,2337,旺宏電子,0.0,9000,股
2026-07-15,2360,致茂電子,0.0,1000,股
2026-07-15,2382,廣達電腦,0.0,9000,股
2026-07-15,2449,京元電子,0.0,9000,股
2026-07-15,2603,長榮海運,0.0,9000,股
2026-07-15,2881,富邦金融,0.0,9000,股
2026-07-15,2882,國泰金融,0.0,9000,股
2026-07-15,2883,凱基金融,0.0,9000,股
2026-07-15,2885,元大金融,0.0,9000,股
2026-07-15,2891,中國信託,0.0,9000,股
2026-07-15,3036,文曄科技,0.0,1000,股
2026-07-15,3042,台灣晶技,0.0,9000,股
2026-07-15,3044,健鼎科技,0.0,1000,股
2026-07-15,3231,緯創資通,0.0,9000,股
2026-07-15,3653,健策精密,0.0,1000,股
2026-07-15,5347,世界先進,0.0,9000,股
2026-07-15,6510,中華精測,0.0,1000,股
2026-07-15,8210,勤誠興業,0.0,1000,股
2026-07-15,8996,高力熱處,0.0,1000,股
2026-07-15,PB_NTD,PAYABLES,-0.04,-32289894,元
2026-07-16,2330,台灣積體,13.51,4200000,股
2026-07-16,2383,台光電子,8.12,1250000,股
2026-07-16,2327,國巨股份,7.28,7200000,股
2026-07-16,2408,南亞科技,5.77,10100000,股
2026-07-16,3037,欣興電子,4.88,4250000,股
2026-07-16,2454,聯發科技,4.82,1000000,股
2026-07-16,6223,旺矽科技,4.7,580000,股
2026-07-16,8046,南亞電路,4.65,2800000,股
2026-07-16,2059,川湖科技,4.4,390000,股
2026-07-16,DA_NTD,AFTER DEDUCTING SECURITIES PURCHASES AMOUNT,3.98,3055820714,元
2026-07-16,2345,智邦科技,3.93,1300000,股
2026-07-16,6274,台燿科技,3.54,2100000,股
2026-07-16,3711,日月光投,3.02,3400000,股
2026-07-16,7769,鴻勁精密,2.96,340000,股
2026-07-16,2303,聯華電子,2.92,14000000,股
2026-07-16,8299,群聯電子,2.84,1100000,股
2026-07-16,3189,景碩科技,2.81,2800000,股
2026-07-16,6669,緯穎科技,2.33,350000,股
2026-07-16,3026,禾伸堂企,2.19,2200000,股
2026-07-16,3017,奇鋐科技,2.12,730000,股
2026-07-16,6515,穎崴科技,1.93,220000,股
2026-07-16,2492,華新科技,1.6,3600000,股
2026-07-16,3665,貿聯-KY,1.17,460000,股
2026-07-16,5274,信驊科技,1.13,62500,股
2026-07-16,2344,華邦電子,1.08,4800000,股
2026-07-16,2404,漢唐集成,1.06,650000,股
2026-07-16,2308,台達電子,0.02,9000,股
2026-07-16,2368,金像電子,0.01,9000,股
2026-07-16,4958,臻鼎-KY,0.01,9000,股
2026-07-16,1519,華城電機,0.0,1000,股
2026-07-16,2313,華通電腦,0.0,9253,股
2026-07-16,2317,鴻海精密,0.0,9000,股
2026-07-16,2337,旺宏電子,0.0,9000,股
2026-07-16,2360,致茂電子,0.0,1000,股
2026-07-16,2382,廣達電腦,0.0,9000,股
2026-07-16,2449,京元電子,0.0,9000,股
2026-07-16,2603,長榮海運,0.0,9000,股
2026-07-16,2881,富邦金融,0.0,9000,股
2026-07-16,2882,國泰金融,0.0,9000,股
2026-07-16,2883,凱基金融,0.0,9000,股
2026-07-16,2885,元大金融,0.0,9000,股
2026-07-16,2891,中國信託,0.0,9000,股
2026-07-16,3036,文曄科技,0.0,1000,股
2026-07-16,3042,台灣晶技,0.0,9000,股
2026-07-16,3044,健鼎科技,0.0,1000,股
2026-07-16,3231,緯創資通,0.0,9000,股
2026-07-16,3653,健策精密,0.0,1000,股
2026-07-16,5347,世界先進,0.0,9000,股
2026-07-16,6510,中華精測,0.0,1000,股
2026-07-16,8210,勤誠興業,0.0,1000,股
2026-07-16,8996,高力熱處,0.0,1000,股
2026-07-16,PB_NTD,PAYABLES,-0.12,-95241452,元
2026-07-17,2330,台灣積體,13.23,4200000,股
2026-07-17,DA_NTD,AFTER DEDUCTING SECURITIES PURCHASES AMOUNT,8.37,6082876128,元
2026-07-17,2383,台光電子,7.73,1250000,股
2026-07-17,2327,國巨股份,6.92,7200000,股
2026-07-17,2408,南亞科技,5.49,10100000,股
2026-07-17,2454,聯發科技,4.64,1000000,股
2026-07-17,3037,欣興電子,4.64,4250000,股
2026-07-17,6223,旺矽科技,4.47,580000,股
2026-07-17,8046,南亞電路,4.43,2800000,股
2026-07-17,2059,川湖科技,4.23,390000,股
2026-07-17,2345,智邦科技,3.74,1300000,股
2026-07-17,6274,台燿科技,3.38,2100000,股
2026-07-17,3711,日月光投,2.87,3400000,股
2026-07-17,7769,鴻勁精密,2.84,340000,股
2026-07-17,2303,聯華電子,2.77,14000000,股
2026-07-17,8299,群聯電子,2.7,1100000,股
2026-07-17,3189,景碩科技,2.67,2800000,股
2026-07-17,6669,緯穎科技,2.22,350000,股
2026-07-17,3017,奇鋐科技,2.21,730000,股
2026-07-17,3026,禾伸堂企,2.09,2200000,股
2026-07-17,6515,穎崴科技,1.83,220000,股
2026-07-17,2492,華新科技,1.52,3600000,股
2026-07-17,3665,貿聯-KY,1.12,460000,股
2026-07-17,5274,信驊科技,1.11,62500,股
2026-07-17,2404,漢唐集成,1.04,650000,股
2026-07-17,2344,華邦電子,1.02,4800000,股
2026-07-17,2308,台達電子,0.02,9000,股
2026-07-17,2368,金像電子,0.01,9000,股
2026-07-17,4958,臻鼎-KY,0.01,9000,股
2026-07-17,1519,華城電機,0.0,1000,股
2026-07-17,2313,華通電腦,0.0,9253,股
2026-07-17,2317,鴻海精密,0.0,9000,股
2026-07-17,2337,旺宏電子,0.0,9000,股
2026-07-17,2360,致茂電子,0.0,1000,股
2026-07-17,2382,廣達電腦,0.0,9000,股
2026-07-17,2449,京元電子,0.0,9000,股
2026-07-17,2603,長榮海運,0.0,9000,股
2026-07-17,2881,富邦金融,0.0,9000,股
2026-07-17,2882,國泰金融,0.0,9000,股
2026-07-17,2883,凱基金融,0.0,9000,股
2026-07-17,2885,元大金融,0.0,9000,股
2026-07-17,2891,中國信託,0.0,9000,股
2026-07-17,3036,文曄科技,0.0,1000,股
2026-07-17,3042,台灣晶技,0.0,9000,股
2026-07-17,3044,健鼎科技,0.0,1000,股
2026-07-17,3231,緯創資通,0.0,9000,股
2026-07-17,3653,健策精密,0.0,1000,股
2026-07-17,5347,世界先進,0.0,9000,股
2026-07-17,6510,中華精測,0.0,1000,股
2026-07-17,8210,勤誠興業,0.0,1000,股
2026-07-17,8996,高力熱處,0.0,1000,股
2026-07-17,PB_NTD,PAYABLES,-0.72,-525526533,元
2026-07-20,2330,台灣積體,13.37,4200000,股
2026-07-20,DA_NTD,AFTER DEDUCTING SECURITIES PURCHASES AMOUNT,9.61,7004149244,元
2026-07-20,2383,台光電子,7.54,1250000,股
2026-07-20,2327,國巨股份,6.22,7200000,股
2026-07-20,2408,南亞科技,5.28,10100000,股
2026-07-20,2454,聯發科技,4.58,1000000,股
2026-07-20,8046,南亞電路,4.4,2900000,股
2026-07-20,3037,欣興電子,4.37,4250000,股
2026-07-20,6223,旺矽科技,4.34,580000,股
2026-07-20,2345,智邦科技,4.3,1500000,股
2026-07-20,2059,川湖科技,4.25,400000,股
2026-07-20,3711,日月光投,3.28,4000000,股
2026-07-20,6274,台燿科技,3.24,2100000,股
2026-07-20,7769,鴻勁精密,2.97,360000,股
2026-07-20,3189,景碩科技,2.8,3000000,股
2026-07-20,6669,緯穎科技,2.7,420000,股
2026-07-20,8299,群聯電子,2.62,1100000,股
2026-07-20,2303,聯華電子,2.5,14000000,股
2026-07-20,3017,奇鋐科技,2.34,800000,股
2026-07-20,3026,禾伸堂企,1.87,2200000,股
2026-07-20,6515,穎崴科技,1.83,220000,股
2026-07-20,2492,華新科技,1.37,3600000,股
2026-07-20,3665,貿聯-KY,1.15,460000,股
2026-07-20,5274,信驊科技,1.11,62500,股
2026-07-20,2404,漢唐集成,1.01,650000,股
2026-07-20,2344,華邦電子,0.99,4800000,股
2026-07-20,2308,台達電子,0.02,9000,股
2026-07-20,2368,金像電子,0.01,9000,股
2026-07-20,4958,臻鼎-KY,0.01,9000,股
2026-07-20,1519,華城電機,0.0,1000,股
2026-07-20,2313,華通電腦,0.0,9253,股
2026-07-20,2317,鴻海精密,0.0,9000,股
2026-07-20,2337,旺宏電子,0.0,9000,股
2026-07-20,2360,致茂電子,0.0,1000,股
2026-07-20,2382,廣達電腦,0.0,9000,股
2026-07-20,2449,京元電子,0.0,9000,股
2026-07-20,2603,長榮海運,0.0,9000,股
2026-07-20,2881,富邦金融,0.0,9000,股
2026-07-20,2882,國泰金融,0.0,9000,股
2026-07-20,2883,凱基金融,0.0,9000,股
2026-07-20,2885,元大金融,0.0,9000,股
2026-07-20,2891,中國信託,0.0,9000,股
2026-07-20,3036,文曄科技,0.0,1000,股
2026-07-20,3042,台灣晶技,0.0,9000,股
2026-07-20,3044,健鼎科技,0.0,1000,股
2026-07-20,3231,緯創資通,0.0,9000,股
2026-07-20,3653,健策精密,0.0,1000,股
2026-07-20,5347,世界先進,0.0,9000,股
2026-07-20,6510,中華精測,0.0,1000,股
2026-07-20,8210,勤誠興業,0.0,1000,股
2026-07-20,8996,高力熱處,0.0,1000,股
2026-07-20,PB_NTD,PAYABLES,-0.38,-274518210,元
2026-07-21,2330,台灣積體,13.54,4200000,股
2026-07-21,2383,台光電子,8.4,1300000,股
2026-07-21,2408,南亞科技,6.5,12000000,股
2026-07-21,2327,國巨股份,6.45,7200000,股
2026-07-21,DA_NTD,AFTER DEDUCTING SECURITIES PURCHASES AMOUNT,5.0,3734640646,元
2026-07-21,2454,聯發科技,4.91,1000000,股
2026-07-21,8046,南亞電路,4.78,3000000,股
2026-07-21,6223,旺矽科技,4.72,600000,股
2026-07-21,3037,欣興電子,4.69,4250000,股
2026-07-21,2345,智邦科技,4.45,1500000,股
2026-07-21,2059,川湖科技,4.27,400000,股
2026-07-21,6274,台燿科技,3.47,2100000,股
2026-07-21,3711,日月光投,3.39,4000000,股
2026-07-21,7769,鴻勁精密,3.13,360000,股
2026-07-21,6669,緯穎科技,3.01,450000,股
2026-07-21,3189,景碩科技,2.99,3000000,股
2026-07-21,8299,群聯電子,2.73,1100000,股
2026-07-21,3017,奇鋐科技,2.67,860000,股
2026-07-21,3026,禾伸堂企,2.46,2700000,股
2026-07-21,6515,穎崴科技,1.87,210000,股
2026-07-21,2303,聯華電子,1.8,10000000,股
2026-07-21,1303,南亞塑膠,1.26,4800000,股
2026-07-21,2308,台達電子,1.25,510000,股
2026-07-21,2404,漢唐集成,1.23,800000,股
2026-07-21,3665,貿聯-KY,1.23,460000,股
2026-07-21,5274,信驊科技,1.18,62500,股
2026-07-21,2368,金像電子,0.01,9000,股
2026-07-21,3653,健策精密,0.01,1000,股
2026-07-21,4958,臻鼎-KY,0.01,9000,股
2026-07-21,1519,華城電機,0.0,1000,股
2026-07-21,2313,華通電腦,0.0,9253,股
2026-07-21,2317,鴻海精密,0.0,9000,股
2026-07-21,2337,旺宏電子,0.0,9000,股
2026-07-21,2360,致茂電子,0.0,1000,股
2026-07-21,2382,廣達電腦,0.0,9000,股
2026-07-21,2449,京元電子,0.0,9000,股
2026-07-21,2603,長榮海運,0.0,9000,股
2026-07-21,2880,華南金融,0.0,9000,股
2026-07-21,2881,富邦金融,0.0,9000,股
2026-07-21,2882,國泰金融,0.0,9000,股
2026-07-21,2883,凱基金融,0.0,9000,股
2026-07-21,2885,元大金融,0.0,9000,股
2026-07-21,2886,兆豐金融,0.0,9000,股
2026-07-21,2891,中國信託,0.0,9000,股
2026-07-21,3036,文曄科技,0.0,1000,股
2026-07-21,3044,健鼎科技,0.0,1000,股
2026-07-21,3231,緯創資通,0.0,9000,股
2026-07-21,5347,世界先進,0.0,9000,股
2026-07-21,6510,中華精測,0.0,1000,股
2026-07-21,8996,高力熱處,0.0,1000,股
2026-07-21,PB_NTD,PAYABLES,-0.09,-70044282,元
2026-07-22,2330,台灣積體,12.63,4100000,股
2026-07-22,2383,台光電子,8.55,1300000,股
2026-07-22,2408,南亞科技,7.09,12400000,股
2026-07-22,2327,國巨股份,6.77,7500000,股
2026-07-22,8046,南亞電路,5.02,3000000,股
2026-07-22,3037,欣興電子,4.95,4250000,股
2026-07-22,2454,聯發科技,4.94,1000000,股
2026-07-22,6223,旺矽科技,4.62,600000,股
2026-07-22,2345,智邦科技,4.4,1500000,股
2026-07-22,2059,川湖科技,4.17,400000,股
2026-07-22,6274,台燿科技,3.65,2100000,股
2026-07-22,3711,日月光投,3.54,4200000,股
2026-07-22,6669,緯穎科技,3.18,450000,股
2026-07-22,3189,景碩科技,3.06,3000000,股
2026-07-22,7769,鴻勁精密,2.96,360000,股
2026-07-22,DA_NTD,AFTER DEDUCTING SECURITIES PURCHASES AMOUNT,2.82,2197481912,元
2026-07-22,8299,群聯電子,2.7,1100000,股
2026-07-22,3017,奇鋐科技,2.5,860000,股
2026-07-22,3026,禾伸堂企,2.3,2700000,股
2026-07-22,2303,聯華電子,1.78,10000000,股
2026-07-22,6515,穎崴科技,1.75,210000,股
2026-07-22,5274,信驊科技,1.6,80500,股
2026-07-22,3665,貿聯-KY,1.52,560000,股
2026-07-22,2308,台達電子,1.47,610000,股
2026-07-22,1303,南亞塑膠,1.28,4800000,股
2026-07-22,2404,漢唐集成,1.21,800000,股
2026-07-22,6488,環球晶圓,0.48,300000,股
2026-07-22,2368,金像電子,0.01,9000,股
2026-07-22,4958,臻鼎-KY,0.01,9000,股
2026-07-22,1519,華城電機,0.0,1000,股
2026-07-22,2313,華通電腦,0.0,9253,股
2026-07-22,2317,鴻海精密,0.0,9000,股
2026-07-22,2337,旺宏電子,0.0,9000,股
2026-07-22,2360,致茂電子,0.0,1000,股
2026-07-22,2382,廣達電腦,0.0,9000,股
2026-07-22,2449,京元電子,0.0,9000,股
2026-07-22,2603,長榮海運,0.0,9000,股
2026-07-22,2880,華南金融,0.0,9000,股
2026-07-22,2881,富邦金融,0.0,9000,股
2026-07-22,2882,國泰金融,0.0,9000,股
2026-07-22,2883,凱基金融,0.0,9000,股
2026-07-22,2885,元大金融,0.0,9000,股
2026-07-22,2886,兆豐金融,0.0,9000,股
2026-07-22,2891,中國信託,0.0,9000,股
2026-07-22,3036,文曄科技,0.0,1000,股
2026-07-22,3044,健鼎科技,0.0,1000,股
2026-07-22,3231,緯創資通,0.0,9000,股
2026-07-22,3653,健策精密,0.0,1000,股
2026-07-22,5347,世界先進,0.0,9000,股
2026-07-22,6510,中華精測,0.0,1000,股
2026-07-22,8996,高力熱處,0.0,1000,股
2026-07-22,PB_NTD,PAYABLES,-0.01,-4944330,元
2026-07-23,2330,台灣積體,12.36,4000000,股
2026-07-23,2383,台光電子,8.51,1300000,股
2026-07-23,2408,南亞科技,6.78,12400000,股
2026-07-23,2327,國巨股份,6.7,7500000,股
2026-07-23,DA_NTD,AFTER DEDUCTING SECURITIES PURCHASES AMOUNT,5.25,4085474644,元
2026-07-23,2454,聯發科技,4.98,1000000,股
2026-07-23,3037,欣興電子,4.89,4250000,股
2026-07-23,6223,旺矽科技,4.82,600000,股
2026-07-23,8046,南亞電路,4.74,3000000,股
2026-07-23,2345,智邦科技,4.48,1500000,股
2026-07-23,2059,川湖科技,4.21,400000,股
2026-07-23,6274,台燿科技,3.69,2150000,股
2026-07-23,3711,日月光投,3.5,4200000,股
2026-07-23,6669,緯穎科技,3.16,450000,股
2026-07-23,3189,景碩科技,3.03,3000000,股
2026-07-23,7769,鴻勁精密,2.99,360000,股
2026-07-23,8299,群聯電子,2.71,1100000,股
2026-07-23,3017,奇鋐科技,2.7,860000,股
2026-07-23,3026,禾伸堂企,2.42,2700000,股
2026-07-23,2303,聯華電子,1.78,10000000,股
2026-07-23,6515,穎崴科技,1.78,210000,股
2026-07-23,3665,貿聯-KY,1.73,590000,股
2026-07-23,5274,信驊科技,1.61,80500,股
2026-07-23,2308,台達電子,1.59,660000,股
2026-07-23,1303,南亞塑膠,1.52,6000000,股
2026-07-23,2404,漢唐集成,1.2,800000,股
2026-07-23,6488,環球晶圓,0.43,300000,股
2026-07-23,2368,金像電子,0.01,9000,股
2026-07-23,3653,健策精密,0.01,1000,股
2026-07-23,4958,臻鼎-KY,0.01,9000,股
2026-07-23,1519,華城電機,0.0,1000,股
2026-07-23,2313,華通電腦,0.0,9253,股
2026-07-23,2317,鴻海精密,0.0,9000,股
2026-07-23,2337,旺宏電子,0.0,9000,股
2026-07-23,2360,致茂電子,0.0,1000,股
2026-07-23,2382,廣達電腦,0.0,9000,股
2026-07-23,2449,京元電子,0.0,9000,股
2026-07-23,2603,長榮海運,0.0,9000,股
2026-07-23,2880,華南金融,0.0,9000,股
2026-07-23,2881,富邦金融,0.0,9000,股
2026-07-23,2882,國泰金融,0.0,9000,股
2026-07-23,2883,凱基金融,0.0,9000,股
2026-07-23,2885,元大金融,0.0,9000,股
2026-07-23,2886,兆豐金融,0.0,9000,股
2026-07-23,2891,中國信託,0.0,9000,股
2026-07-23,3036,文曄科技,0.0,1000,股
2026-07-23,3044,健鼎科技,0.0,1000,股
2026-07-23,3231,緯創資通,0.0,9000,股
2026-07-23,5347,世界先進,0.0,9000,股
2026-07-23,6510,中華精測,0.0,1000,股
2026-07-23,8996,高力熱處,0.0,1000,股
2026-07-23,PB_NTD,PAYABLES,-0.02,-12503792,元
2026-07-23,PFUR_NTD,PAYABLES FOR UNITS REDEEMED,-0.02,-17257112,元
2026-07-24,2330,台灣積體,12.72,4000000,股
2026-07-24,2383,台光電子,8.36,1300000,股
2026-07-24,2408,南亞科技,6.73,12400000,股
2026-07-24,2327,國巨股份,6.51,7500000,股
2026-07-24,DA_NTD,AFTER DEDUCTING SECURITIES PURCHASES AMOUNT,5.84,4319580898,元
2026-07-24,2454,聯發科技,5.48,1080000,股
2026-07-24,3037,欣興電子,4.82,4250000,股
2026-07-24,6223,旺矽科技,4.63,600000,股
2026-07-24,2345,智邦科技,4.5,1500000,股
2026-07-24,8046,南亞電路,4.5,3000000,股
2026-07-24,2059,川湖科技,4.19,400000,股
2026-07-24,6274,台燿科技,3.64,2150000,股
2026-07-24,6669,緯穎科技,3.49,450000,股
2026-07-24,3711,日月光投,3.48,4200000,股
2026-07-24,7769,鴻勁精密,2.95,360000,股
2026-07-24,3189,景碩科技,2.89,3000000,股
2026-07-24,3017,奇鋐科技,2.77,860000,股
2026-07-24,8299,群聯電子,2.72,1100000,股
2026-07-24,3026,禾伸堂企,2.34,2700000,股
2026-07-24,6515,穎崴科技,1.79,210000,股
2026-07-24,3665,貿聯-KY,1.76,590000,股
2026-07-24,2303,聯華電子,1.73,10000000,股
2026-07-24,5274,信驊科技,1.6,80500,股
2026-07-24,2308,台達電子,1.59,660000,股
2026-07-24,1303,南亞塑膠,1.44,6000000,股
2026-07-24,2404,漢唐集成,1.21,800000,股
2026-07-24,2368,金像電子,0.01,9000,股
2026-07-24,3653,健策精密,0.01,1000,股
2026-07-24,4958,臻鼎-KY,0.01,9000,股
2026-07-24,1519,華城電機,0.0,1000,股
2026-07-24,2313,華通電腦,0.0,9253,股
2026-07-24,2317,鴻海精密,0.0,9000,股
2026-07-24,2337,旺宏電子,0.0,9000,股
2026-07-24,2357,華碩電腦,0.0,1000,股
2026-07-24,2360,致茂電子,0.0,1000,股
2026-07-24,2382,廣達電腦,0.0,9000,股
2026-07-24,2449,京元電子,0.0,9000,股
2026-07-24,2603,長榮海運,0.0,9000,股
2026-07-24,2880,華南金融,0.0,9000,股
2026-07-24,2881,富邦金融,0.0,9000,股
2026-07-24,2882,國泰金融,0.0,9000,股
2026-07-24,2883,凱基金融,0.0,9000,股
2026-07-24,2885,元大金融,0.0,9000,股
2026-07-24,2886,兆豐金融,0.0,9000,股
2026-07-24,2891,中國信託,0.0,9000,股
2026-07-24,3036,文曄科技,0.0,1000,股
2026-07-24,3044,健鼎科技,0.0,1000,股
2026-07-24,3231,緯創資通,0.0,9000,股
2026-07-24,5347,世界先進,0.0,9000,股
2026-07-24,6510,中華精測,0.0,1000,股
2026-07-24,8996,高力熱處,0.0,1000,股
2026-07-24,PFUR_NTD,PAYABLES FOR UNITS REDEEMED,-0.02,-17257112,元
2026-07-24,PB_NTD,PAYABLES,-0.06,-44271480,元
2026-07-27,2330,台灣積體,12.65,4000000,股
2026-07-27,2383,台光電子,8.42,1300000,股
2026-07-27,2408,南亞科技,7.27,12400000,股
2026-07-27,2327,國巨股份,6.31,7500000,股
2026-07-27,DA_NTD,AFTER DEDUCTING SECURITIES PURCHASES AMOUNT,6.01,4469562220,元
2026-07-27,2454,聯發科技,5.35,1080000,股
2026-07-27,3037,欣興電子,4.85,4250000,股
2026-07-27,2059,川湖科技,4.68,420000,股
2026-07-27,6223,旺矽科技,4.62,600000,股
2026-07-27,2345,智邦科技,4.52,1500000,股
2026-07-27,8046,南亞電路,4.34,3000000,股
2026-07-27,6274,台燿科技,3.63,2150000,股
2026-07-27,6669,緯穎科技,3.48,450000,股
2026-07-27,3711,日月光投,3.44,4200000,股
2026-07-27,7769,鴻勁精密,2.96,360000,股
2026-07-27,3189,景碩科技,2.87,3000000,股
2026-07-27,3017,奇鋐科技,2.78,860000,股
2026-07-27,8299,群聯電子,2.69,1100000,股
2026-07-27,3026,禾伸堂企,2.13,2700000,股
2026-07-27,6515,穎崴科技,1.81,210000,股
2026-07-27,3665,貿聯-KY,1.71,590000,股
2026-07-27,2303,聯華電子,1.7,10000000,股
2026-07-27,5274,信驊科技,1.59,80500,股
2026-07-27,2308,台達電子,1.56,660000,股
2026-07-27,1303,南亞塑膠,1.41,6000000,股
2026-07-27,2404,漢唐集成,1.2,800000,股
2026-07-27,2368,金像電子,0.01,9000,股
2026-07-27,3653,健策精密,0.01,1000,股
2026-07-27,4958,臻鼎-KY,0.01,9000,股
2026-07-27,1519,華城電機,0.0,1000,股
2026-07-27,2313,華通電腦,0.0,9253,股
2026-07-27,2317,鴻海精密,0.0,9000,股
2026-07-27,2337,旺宏電子,0.0,9000,股
2026-07-27,2357,華碩電腦,0.0,1000,股
2026-07-27,2360,致茂電子,0.0,1000,股
2026-07-27,2382,廣達電腦,0.0,9000,股
2026-07-27,2449,京元電子,0.0,9000,股
2026-07-27,2603,長榮海運,0.0,9000,股
2026-07-27,2880,華南金融,0.0,9000,股
2026-07-27,2881,富邦金融,0.0,9000,股
2026-07-27,2882,國泰金融,0.0,9000,股
2026-07-27,2883,凱基金融,0.0,9000,股
2026-07-27,2885,元大金融,0.0,9000,股
2026-07-27,2886,兆豐金融,0.0,9000,股
2026-07-27,2891,中國信託,0.0,9000,股
2026-07-27,3036,文曄科技,0.0,1000,股
2026-07-27,3044,健鼎科技,0.0,1000,股
2026-07-27,3231,緯創資通,0.0,9000,股
2026-07-27,5347,世界先進,0.0,9000,股
2026-07-27,6510,中華精測,0.0,1000,股
2026-07-27,8996,高力熱處,0.0,1000,股
2026-07-27,PB_NTD,PAYABLES,-0.01,-10254920,元
2026-07-27,PFUR_NTD,PAYABLES FOR UNITS REDEEMED,-0.02,-17257112,元
2026-07-28,2330,台灣積體,13.2,4000000,股
2026-07-28,2383,台光電子,8.3,1300000,股
2026-07-28,DA_NTD,AFTER DEDUCTING SECURITIES PURCHASES AMOUNT,8.13,5617939636,元
2026-07-28,2408,南亞科技,7.04,12400000,股
2026-07-28,2327,國巨股份,6.11,7500000,股
2026-07-28,2454,聯發科技,5.18,1080000,股
2026-07-28,3037,欣興電子,4.7,4250000,股
2026-07-28,2059,川湖科技,4.53,420000,股
2026-07-28,6223,旺矽科技,4.49,600000,股
2026-07-28,2345,智邦科技,4.43,1500000,股
2026-07-28,8046,南亞電路,4.24,3000000,股
2026-07-28,6274,台燿科技,3.52,2150000,股
2026-07-28,6669,緯穎科技,3.46,450000,股
2026-07-28,3711,日月光投,3.37,4200000,股
2026-07-28,7769,鴻勁精密,3.0,360000,股
2026-07-28,3017,奇鋐科技,2.79,860000,股
2026-07-28,3189,景碩科技,2.78,3000000,股
2026-07-28,8299,群聯電子,2.63,1100000,股
2026-07-28,3026,禾伸堂企,2.06,2700000,股
2026-07-28,3665,貿聯-KY,1.89,590000,股
2026-07-28,6515,穎崴科技,1.8,210000,股
2026-07-28,2303,聯華電子,1.64,10000000,股
2026-07-28,5274,信驊科技,1.54,80500,股
2026-07-28,2308,台達電子,1.51,660000,股
2026-07-28,1303,南亞塑膠,1.36,6000000,股
2026-07-28,2404,漢唐集成,1.17,800000,股
2026-07-28,2368,金像電子,0.01,9000,股
2026-07-28,3653,健策精密,0.01,1000,股
2026-07-28,4958,臻鼎-KY,0.01,9000,股
2026-07-28,1519,華城電機,0.0,1000,股
2026-07-28,2313,華通電腦,0.0,9253,股
2026-07-28,2317,鴻海精密,0.0,9000,股
2026-07-28,2337,旺宏電子,0.0,9000,股
2026-07-28,2357,華碩電腦,0.0,1000,股
2026-07-28,2360,致茂電子,0.0,1000,股
2026-07-28,2382,廣達電腦,0.0,9000,股
2026-07-28,2449,京元電子,0.0,9450,股
2026-07-28,2603,長榮海運,0.0,9000,股
2026-07-28,2880,華南金融,0.0,9000,股
2026-07-28,2881,富邦金融,0.0,9000,股
2026-07-28,2882,國泰金融,0.0,9000,股
2026-07-28,2883,凱基金融,0.0,9000,股
2026-07-28,2885,元大金融,0.0,9000,股
2026-07-28,2886,兆豐金融,0.0,9000,股
2026-07-28,2891,中國信託,0.0,9000,股
2026-07-28,3036,文曄科技,0.0,1000,股
2026-07-28,3044,健鼎科技,0.0,1000,股
2026-07-28,3231,緯創資通,0.0,9000,股
2026-07-28,5347,世界先進,0.0,9000,股
2026-07-28,6510,中華精測,0.0,1000,股
2026-07-28,8996,高力熱處,0.0,1000,股
2026-07-28,PFUR_NTD,PAYABLES FOR UNITS REDEEMED,0.0,0,元
2026-07-28,PB_NTD,PAYABLES,-0.2,-141455950,元
2026-07-29,2330,台灣積體,13.47,4000000,股
2026-07-29,DA_NTD,AFTER DEDUCTING SECURITIES PURCHASES AMOUNT,11.18,7307870684,元
2026-07-29,2383,台光電子,8.16,1300000,股
2026-07-29,2408,南亞科技,6.71,12400000,股
2026-07-29,2327,國巨股份,5.82,7500000,股
2026-07-29,2454,聯發科技,5.21,1080000,股
2026-07-29,2059,川湖科技,4.59,420000,股
2026-07-29,3037,欣興電子,4.48,4250000,股
2026-07-29,6223,旺矽科技,4.4,600000,股
2026-07-29,2345,智邦科技,4.39,1500000,股
2026-07-29,8046,南亞電路,4.04,3000000,股
2026-07-29,6669,緯穎科技,3.54,450000,股
2026-07-29,6274,台燿科技,3.36,2150000,股
2026-07-29,3711,日月光投,3.21,4200000,股
2026-07-29,7769,鴻勁精密,2.85,360000,股
2026-07-29,3017,奇鋐科技,2.76,860000,股
2026-07-29,3189,景碩科技,2.65,3000000,股
2026-07-29,8299,群聯電子,2.55,1100000,股
2026-07-29,3026,禾伸堂企,1.96,2700000,股
2026-07-29,3665,貿聯-KY,1.89,590000,股
2026-07-29,5274,信驊科技,1.59,80500,股
2026-07-29,2308,台達電子,1.51,660000,股
2026-07-29,2404,漢唐集成,1.24,799000,股
2026-07-29,6515,穎崴科技,1.16,140000,股
2026-07-29,3653,健策精密,0.01,1000,股
2026-07-29,1216,統一企業,0.0,1000,股
2026-07-29,2313,華通電腦,0.0,9253,股
2026-07-29,2317,鴻海精密,0.0,9000,股
2026-07-29,2357,華碩電腦,0.0,1000,股
2026-07-29,2360,致茂電子,0.0,1000,股
2026-07-29,2379,瑞昱半導,0.0,1000,股
2026-07-29,2382,廣達電腦,0.0,9000,股
2026-07-29,2412,中華電信,0.0,1000,股
2026-07-29,2449,京元電子,0.0,9450,股
2026-07-29,2603,長榮海運,0.0,9000,股
2026-07-29,2880,華南金融,0.0,9000,股
2026-07-29,2881,富邦金融,0.0,9000,股
2026-07-29,2882,國泰金融,0.0,9000,股
2026-07-29,2883,凱基金融,0.0,9000,股
2026-07-29,2884,玉山金融,0.0,9000,股
2026-07-29,2885,元大金融,0.0,9000,股
2026-07-29,2886,兆豐金融,0.0,9000,股
2026-07-29,2890,永豐金融,0.0,9000,股
2026-07-29,2891,中國信託,0.0,9000,股
2026-07-29,2912,統一超商,0.0,1000,股
2026-07-29,3036,文曄科技,0.0,1000,股
2026-07-29,3044,健鼎科技,0.0,1000,股
2026-07-29,3045,台灣大哥,0.0,1000,股
2026-07-29,3231,緯創資通,0.0,9000,股
2026-07-29,5347,世界先進,0.0,9000,股
2026-07-29,PB_NTD,PAYABLES,-0.43,-280999338,元
2026-07-29,PFUR_NTD,PAYABLES FOR UNITS REDEEMED,-0.78,-512217202,元
2026-07-30,2330,台灣積體,13.37,4000000,股
2026-07-30,2383,台光電子,8.7,1330000,股
2026-07-30,DA_NTD,AFTER DEDUCTING SECURITIES PURCHASES AMOUNT,7.69,5073438783,元
2026-07-30,2408,南亞科技,6.47,13000000,股
2026-07-30,2454,聯發科技,5.3,1080000,股
2026-07-30,2327,國巨股份,5.19,7500000,股
2026-07-30,2345,智邦科技,4.99,1700000,股
2026-07-30,6223,旺矽科技,4.95,680000,股
2026-07-30,2059,川湖科技,4.87,450000,股
2026-07-30,3037,欣興電子,4.61,4250000,股
2026-07-30,8046,南亞電路,3.81,3000000,股
2026-07-30,6669,緯穎科技,3.34,450000,股
2026-07-30,6274,台燿科技,3.29,2150000,股
2026-07-30,3711,日月光投,3.22,4200000,股
2026-07-30,7769,鴻勁精密,3.07,360000,股
2026-07-30,3017,奇鋐科技,2.88,900000,股
2026-07-30,3189,景碩科技,2.81,3200000,股
2026-07-30,8299,群聯電子,2.72,1200000,股
2026-07-30,2360,致茂電子,1.91,660000,股
2026-07-30,5274,信驊科技,1.91,95500,股
2026-07-30,3026,禾伸堂企,1.75,2700000,股
2026-07-30,3665,貿聯-KY,1.71,590000,股
2026-07-30,2308,台達電子,1.53,660000,股
2026-07-30,2404,漢唐集成,1.22,799000,股
2026-07-30,3008,大立光電,0.01,1000,股
2026-07-30,3653,健策精密,0.01,1000,股
2026-07-30,1216,統一企業,0.0,1000,股
2026-07-30,2313,華通電腦,0.0,9253,股
2026-07-30,2317,鴻海精密,0.0,9000,股
2026-07-30,2357,華碩電腦,0.0,1000,股
2026-07-30,2379,瑞昱半導,0.0,1000,股
2026-07-30,2382,廣達電腦,0.0,9000,股
2026-07-30,2412,中華電信,0.0,1000,股
2026-07-30,2449,京元電子,0.0,1450,股
2026-07-30,2603,長榮海運,0.0,9000,股
2026-07-30,2880,華南金融,0.0,9000,股
2026-07-30,2881,富邦金融,0.0,9000,股
2026-07-30,2882,國泰金融,0.0,9000,股
2026-07-30,2883,凱基金融,0.0,9000,股
2026-07-30,2884,玉山金融,0.0,9000,股
2026-07-30,2885,元大金融,0.0,9000,股
2026-07-30,2886,兆豐金融,0.0,9000,股
2026-07-30,2887,台新新光,0.0,9000,股
2026-07-30,2890,永豐金融,0.0,9000,股
2026-07-30,2891,中國信託,0.0,9000,股
2026-07-30,2912,統一超商,0.0,1000,股
2026-07-30,3036,文曄科技,0.0,1000,股
2026-07-30,3044,健鼎科技,0.0,1000,股
2026-07-30,3045,台灣大哥,0.0,1000,股
2026-07-30,3231,緯創資通,0.0,9000,股
2026-07-30,5347,世界先進,0.0,9000,股
2026-07-30,PB_NTD,PAYABLES,-0.18,-120240805,元
2026-07-30,PFUR_NTD,PAYABLES FOR UNITS REDEEMED,-0.78,-512217202,元
2026-07-31,DA_NTD,AFTER DEDUCTING SECURITIES PURCHASES AMOUNT,19.64,16988090672,元
2026-07-31,2330,台灣積體,15.14,5400000,股
2026-07-31,2383,台光電子,7.3,1330000,股
2026-07-31,2408,南亞科技,5.42,13000000,股
2026-07-31,2454,聯發科技,4.44,1080000,股
2026-07-31,2327,國巨股份,4.35,7500000,股
2026-07-31,2345,智邦科技,4.18,1700000,股
2026-07-31,6223,旺矽科技,4.15,680000,股
2026-07-31,2059,川湖科技,4.08,450000,股
2026-07-31,3037,欣興電子,3.87,4250000,股
2026-07-31,6669,緯穎科技,3.24,520000,股
2026-07-31,8046,南亞電路,3.19,3000000,股
2026-07-31,6274,台燿科技,2.76,2150000,股
2026-07-31,3711,日月光投,2.7,4200000,股
2026-07-31,3017,奇鋐科技,2.68,1000000,股
2026-07-31,7769,鴻勁精密,2.57,360000,股
2026-07-31,3189,景碩科技,2.35,3200000,股
2026-07-31,8299,群聯電子,2.28,1200000,股
2026-07-31,2360,致茂電子,1.7,700000,股
2026-07-31,5274,信驊科技,1.69,100500,股
2026-07-31,2308,台達電子,1.63,860000,股
2026-07-31,3665,貿聯-KY,1.55,640000,股
2026-07-31,3026,禾伸堂企,1.41,2700000,股
2026-07-31,2404,漢唐集成,1.02,799000,股
2026-07-31,3653,健策精密,0.4,100000,股
2026-07-31,3008,大立光電,0.01,1000,股
2026-07-31,1216,統一企業,0.0,1000,股
2026-07-31,2313,華通電腦,0.0,1253,股
2026-07-31,2317,鴻海精密,0.0,9000,股
2026-07-31,2357,華碩電腦,0.0,1000,股
2026-07-31,2379,瑞昱半導,0.0,1000,股
2026-07-31,2382,廣達電腦,0.0,9000,股
2026-07-31,2412,中華電信,0.0,1000,股
2026-07-31,2449,京元電子,0.0,1450,股
2026-07-31,2603,長榮海運,0.0,9000,股
2026-07-31,2880,華南金融,0.0,9000,股
2026-07-31,2881,富邦金融,0.0,9000,股
2026-07-31,2882,國泰金融,0.0,9000,股
2026-07-31,2883,凱基金融,0.0,9000,股
2026-07-31,2884,玉山金融,0.0,9000,股
2026-07-31,2885,元大金融,0.0,9000,股
2026-07-31,2886,兆豐金融,0.0,9000,股
2026-07-31,2887,台新新光,0.0,9000,股
2026-07-31,2890,永豐金融,0.0,9000,股
2026-07-31,2891,中國信託,0.0,9000,股
2026-07-31,2912,統一超商,0.0,1000,股
2026-07-31,3036,文曄科技,0.0,1000,股
2026-07-31,3044,健鼎科技,0.0,1000,股
2026-07-31,3045,台灣大哥,0.0,1000,股
2026-07-31,3231,緯創資通,0.0,9000,股
2026-07-31,5347,世界先進,0.0,9000,股
2026-07-31,PB_NTD,PAYABLES,-0.13,-113471434,元
2026-07-31,PFUR_NTD,PAYABLES FOR UNITS REDEEMED,-0.59,-512217202,元
2026-08-03,DA_NTD,AFTER DEDUCTING SECURITIES PURCHASES AMOUNT,15.01,13609976539,元
2026-08-03,2330,台灣積體,14.11,5400000,股
2026-08-03,2383,台光電子,7.58,1380000,股
2026-08-03,2408,南亞科技,5.68,13000000,股
2026-08-03,2454,聯發科技,4.74,1100000,股
2026-08-03,2327,國巨股份,4.56,7500000,股
2026-08-03,2345,智邦科技,4.53,1760000,股
2026-08-03,2059,川湖科技,4.52,475000,股
2026-08-03,3037,欣興電子,4.39,4600000,股
2026-08-03,6223,旺矽科技,4.38,685000,股
2026-08-03,6669,緯穎科技,3.4,520000,股
2026-08-03,8046,南亞電路,3.15,3000000,股
2026-08-03,3017,奇鋐科技,3.09,1100000,股
2026-08-03,6274,台燿科技,2.89,2150000,股
2026-08-03,3711,日月光投,2.86,4250000,股
2026-08-03,7769,鴻勁精密,2.83,400000,股
2026-08-03,3189,景碩科技,2.46,3200000,股
2026-08-03,8299,群聯電子,2.41,1240000,股
2026-08-03,5274,信驊科技,1.86,105500,股
2026-08-03,3665,貿聯-KY,1.62,700000,股
2026-08-03,2360,致茂電子,1.51,700000,股
2026-08-03,2308,台達電子,1.5,860000,股
2026-08-03,3026,禾伸堂企,1.37,2700000,股
2026-08-03,3231,緯創資通,1.03,5000000,股
2026-08-03,3653,健策精密,0.54,130000,股
2026-08-03,2404,漢唐集成,0.49,400000,股
2026-08-03,2881,富邦金融,0.46,3200000,股
2026-08-03,2885,元大金融,0.24,3200000,股
2026-08-03,1216,統一企業,0.0,1000,股
2026-08-03,2313,華通電腦,0.0,1253,股
2026-08-03,2317,鴻海精密,0.0,9000,股
2026-08-03,2357,華碩電腦,0.0,1000,股
2026-08-03,2379,瑞昱半導,0.0,1000,股
2026-08-03,2382,廣達電腦,0.0,9000,股
2026-08-03,2412,中華電信,0.0,1000,股
2026-08-03,2449,京元電子,0.0,1450,股
2026-08-03,2603,長榮海運,0.0,9000,股
2026-08-03,2880,華南金融,0.0,9000,股
2026-08-03,2882,國泰金融,0.0,9000,股
2026-08-03,2883,凱基金融,0.0,9000,股
2026-08-03,2884,玉山金融,0.0,9000,股
2026-08-03,2886,兆豐金融,0.0,9000,股
2026-08-03,2887,台新新光,0.0,9000,股
2026-08-03,2890,永豐金融,0.0,9000,股
2026-08-03,2891,中國信託,0.0,9000,股
2026-08-03,2912,統一超商,0.0,1000,股
2026-08-03,3008,大立光電,0.0,1000,股
2026-08-03,3036,文曄科技,0.0,1000,股
2026-08-03,3044,健鼎科技,0.0,1000,股
2026-08-03,3045,台灣大哥,0.0,1000,股
2026-08-03,5347,世界先進,0.0,9000,股
2026-08-03,PB_NTD,PAYABLES,0.0,-1605732,元
2026-08-03,PFUR_NTD,PAYABLES FOR UNITS REDEEMED,0.0,0,元
2026-08-04,2330,台灣積體,14.56,5400000,股
2026-08-04,DA_NTD,AFTER DEDUCTING SECURITIES PURCHASES AMOUNT,11.13,9576654952,元
2026-08-04,2383,台光電子,8.54,1430000,股
2026-08-04,2408,南亞科技,6.84,13500000,股
2026-08-04,2059,川湖科技,5.52,500000,股
2026-08-04,3037,欣興電子,5.37,5000000,股
2026-08-04,2454,聯發科技,5.17,1150000,股
2026-08-04,2327,國巨股份,5.07,7700000,股
2026-08-04,6223,旺矽科技,4.94,720000,股
2026-08-04,2345,智邦科技,4.85,1800000,股
2026-08-04,6669,緯穎科技,4.11,570000,股
2026-08-04,8046,南亞電路,3.64,3000000,股
2026-08-04,3017,奇鋐科技,3.48,1150000,股
2026-08-04,6274,台燿科技,3.35,2150000,股
2026-08-04,3711,日月光投,3.13,4600000,股
2026-08-04,7769,鴻勁精密,2.88,400000,股
2026-08-04,3189,景碩科技,2.85,3200000,股
2026-08-04,8299,群聯電子,2.75,1300000,股
2026-08-04,5274,信驊科技,2.17,120500,股
2026-08-04,3665,貿聯-KY,1.87,700000,股
2026-08-04,3231,緯創資通,1.81,8000000,股
2026-08-04,3026,禾伸堂企,1.56,2700000,股
2026-08-04,3653,健策精密,1.25,260000,股
2026-08-04,2885,元大金融,0.49,6100000,股
2026-08-04,2881,富邦金融,0.48,3200000,股
2026-08-04,3008,大立光電,0.01,1000,股
2026-08-04,1216,統一企業,0.0,1000,股
2026-08-04,2308,台達電子,0.0,1000,股
2026-08-04,2313,華通電腦,0.0,1253,股
2026-08-04,2317,鴻海精密,0.0,9000,股
2026-08-04,2357,華碩電腦,0.0,1000,股
2026-08-04,2360,致茂電子,0.0,1000,股
2026-08-04,2379,瑞昱半導,0.0,1000,股
2026-08-04,2382,廣達電腦,0.0,9000,股
2026-08-04,2404,漢唐集成,0.0,1000,股
2026-08-04,2412,中華電信,0.0,1000,股
2026-08-04,2449,京元電子,0.0,1450,股
2026-08-04,2603,長榮海運,0.0,9000,股
2026-08-04,2880,華南金融,0.0,9000,股
2026-08-04,2882,國泰金融,0.0,9000,股
2026-08-04,2883,凱基金融,0.0,9000,股
2026-08-04,2884,玉山金融,0.0,9000,股
2026-08-04,2886,兆豐金融,0.0,9000,股
2026-08-04,2887,台新新光,0.0,9000,股
2026-08-04,2890,永豐金融,0.0,9000,股
2026-08-04,2891,中國信託,0.0,9000,股
2026-08-04,2912,統一超商,0.0,1000,股
2026-08-04,3036,文曄科技,0.0,1000,股
2026-08-04,3044,健鼎科技,0.0,1000,股
2026-08-04,3045,台灣大哥,0.0,1000,股
2026-08-04,5347,世界先進,0.0,9000,股
2026-08-04,PB_NTD,PAYABLES,0.0,0,元
2026-08-04,PFUR_NTD,PAYABLES FOR UNITS REDEEMED,-8.13,-6995927205,元
2026-08-05,2330,台灣積體,14.64,5400000,股
2026-08-05,DA_NTD,AFTER DEDUCTING SECURITIES PURCHASES AMOUNT,10.17,9021799432,元
2026-08-05,2383,台光電子,8.45,1430000,股
2026-08-05,2408,南亞科技,7.02,14000000,股
2026-08-05,3037,欣興電子,5.46,5000000,股
2026-08-05,2059,川湖科技,5.34,500000,股
2026-08-05,2454,聯發科技,5.19,1150000,股
2026-08-05,6223,旺矽科技,5.07,720000,股
2026-08-05,2327,國巨股份,5.02,7700000,股
2026-08-05,2345,智邦科技,4.84,1800000,股
2026-08-05,6669,緯穎科技,3.97,570000,股
2026-08-05,3017,奇鋐科技,3.69,1200000,股
2026-08-05,8046,南亞電路,3.58,3000000,股
2026-08-05,6274,台燿科技,3.56,2150000,股
2026-08-05,3711,日月光投,3.08,4600000,股
2026-08-05,3189,景碩科技,2.99,3200000,股
2026-08-05,7769,鴻勁精密,2.94,400000,股
2026-08-05,8299,群聯電子,2.7,1300000,股
2026-08-05,5274,信驊科技,2.18,120500,股
2026-08-05,3665,貿聯-KY,2.02,760000,股
2026-08-05,3231,緯創資通,1.96,9000000,股
2026-08-05,3026,禾伸堂企,1.67,2700000,股
2026-08-05,3653,健策精密,1.59,325000,股
2026-08-05,2885,元大金融,0.48,6100000,股
2026-08-05,2881,富邦金融,0.47,3200000,股
2026-08-05,3008,大立光電,0.01,1000,股
2026-08-05,1216,統一企業,0.0,1000,股
2026-08-05,2308,台達電子,0.0,1000,股
2026-08-05,2313,華通電腦,0.0,1253,股
2026-08-05,2317,鴻海精密,0.0,9000,股
2026-08-05,2357,華碩電腦,0.0,1000,股
2026-08-05,2360,致茂電子,0.0,1000,股
2026-08-05,2379,瑞昱半導,0.0,1000,股
2026-08-05,2382,廣達電腦,0.0,9000,股
2026-08-05,2404,漢唐集成,0.0,1000,股
2026-08-05,2412,中華電信,0.0,1000,股
2026-08-05,2449,京元電子,0.0,1450,股
2026-08-05,2603,長榮海運,0.0,9000,股
2026-08-05,2880,華南金融,0.0,9000,股
2026-08-05,2882,國泰金融,0.0,9000,股
2026-08-05,2883,凱基金融,0.0,9000,股
2026-08-05,2884,玉山金融,0.0,9000,股
2026-08-05,2886,兆豐金融,0.0,9000,股
2026-08-05,2887,台新新光,0.0,9000,股
2026-08-05,2890,永豐金融,0.0,9000,股
2026-08-05,2891,中國信託,0.0,9000,股
2026-08-05,2912,統一超商,0.0,1000,股
2026-08-05,3036,文曄科技,0.0,1000,股
2026-08-05,3044,健鼎科技,0.0,1000,股
2026-08-05,3045,台灣大哥,0.0,1000,股
2026-08-05,5347,世界先進,0.0,9000,股
2026-08-05,PFUR_NTD,PAYABLES FOR UNITS REDEEMED,-7.89,-6995927205,元
2026-08-06,2330,台灣積體,14.28,5400000,股
2026-08-06,DA_NTD,AFTER DEDUCTING SECURITIES PURCHASES AMOUNT,12.99,11621599135,元
2026-08-06,2383,台光電子,8.48,1430000,股
2026-08-06,2408,南亞科技,7.18,14000000,股
2026-08-06,2059,川湖科技,5.65,500000,股
2026-08-06,3037,欣興電子,5.44,5000000,股
2026-08-06,6223,旺矽科技,5.07,720000,股
2026-08-06,2454,聯發科技,5.04,1150000,股
2026-08-06,2327,國巨股份,4.91,7700000,股
2026-08-06,2345,智邦科技,4.85,1800000,股
2026-08-06,6669,緯穎科技,3.99,570000,股
2026-08-06,3017,奇鋐科技,3.94,1200000,股
2026-08-06,6274,台燿科技,3.93,2300000,股
2026-08-06,8046,南亞電路,3.71,3000000,股
2026-08-06,3189,景碩科技,3.43,3600000,股
2026-08-06,3711,日月光投,3.06,4600000,股
2026-08-06,8299,群聯電子,2.94,1300000,股
2026-08-06,7769,鴻勁精密,2.9,400000,股
2026-08-06,5274,信驊科技,2.26,120500,股
2026-08-06,3665,貿聯-KY,2.01,760000,股
2026-08-06,3231,緯創資通,1.91,9000000,股
2026-08-06,3026,禾伸堂企,1.79,2700000,股
2026-08-06,3653,健策精密,1.62,325000,股
2026-08-06,2885,元大金融,0.46,6100000,股
2026-08-06,3008,大立光電,0.01,1000,股
2026-08-06,1216,統一企業,0.0,1000,股
2026-08-06,2308,台達電子,0.0,1000,股
2026-08-06,2313,華通電腦,0.0,1253,股
2026-08-06,2317,鴻海精密,0.0,9000,股
2026-08-06,2357,華碩電腦,0.0,1000,股
2026-08-06,2360,致茂電子,0.0,1000,股
2026-08-06,2379,瑞昱半導,0.0,1000,股
2026-08-06,2382,廣達電腦,0.0,9000,股
2026-08-06,2404,漢唐集成,0.0,1000,股
2026-08-06,2412,中華電信,0.0,1000,股
2026-08-06,2449,京元電子,0.0,1450,股
2026-08-06,2603,長榮海運,0.0,9000,股
2026-08-06,2880,華南金融,0.0,9000,股
2026-08-06,2881,富邦金融,0.0,9000,股
2026-08-06,2882,國泰金融,0.0,9000,股
2026-08-06,2883,凱基金融,0.0,9000,股
2026-08-06,2884,玉山金融,0.0,9000,股
2026-08-06,2886,兆豐金融,0.0,9000,股
2026-08-06,2887,台新新光,0.0,9000,股
2026-08-06,2890,永豐金融,0.0,9000,股
2026-08-06,2891,中國信託,0.0,9000,股
2026-08-06,2912,統一超商,0.0,1000,股
2026-08-06,3036,文曄科技,0.0,1000,股
2026-08-06,3044,健鼎科技,0.0,1000,股
2026-08-06,3045,台灣大哥,0.0,1000,股
2026-08-06,5347,世界先進,0.0,9000,股
2026-08-06,PFUR_NTD,PAYABLES FOR UNITS REDEEMED,-8.6,-7690191489,元
2026-08-07,2330,台灣積體,14.12,5200000,股
2026-08-07,2383,台光電子,8.58,1430000,股
2026-08-07,2408,南亞科技,7.33,14000000,股
2026-08-07,2059,川湖科技,6.36,500000,股
2026-08-07,3037,欣興電子,5.47,5000000,股
2026-08-07,DA_NTD,AFTER DEDUCTING SECURITIES PURCHASES AMOUNT,5.31,4637354412,元
2026-08-07,2454,聯發科技,5.14,1150000,股
2026-08-07,6223,旺矽科技,5.03,720000,股
2026-08-07,2327,國巨股份,4.76,7700000,股
2026-08-07,2345,智邦科技,4.57,1800000,股
2026-08-07,6669,緯穎科技,3.98,570000,股
2026-08-07,3017,奇鋐科技,3.83,1200000,股
2026-08-07,6274,台燿科技,3.79,2300000,股
2026-08-07,8046,南亞電路,3.71,3000000,股
2026-08-07,3189,景碩科技,3.39,3600000,股
2026-08-07,3711,日月光投,3.08,4600000,股
2026-08-07,8299,群聯電子,3.01,1300000,股
2026-08-07,7769,鴻勁精密,2.9,400000,股
2026-08-07,5274,信驊科技,2.26,120500,股
2026-08-07,3665,貿聯-KY,1.92,760000,股
2026-08-07,3231,緯創資通,1.89,9000000,股
2026-08-07,3026,禾伸堂企,1.65,2700000,股
2026-08-07,3653,健策精密,1.63,325000,股
2026-08-07,2885,元大金融,0.47,6100000,股
2026-08-07,3008,大立光電,0.01,1000,股
2026-08-07,1216,統一企業,0.0,1000,股
2026-08-07,2308,台達電子,0.0,1000,股
2026-08-07,2313,華通電腦,0.0,1253,股
2026-08-07,2317,鴻海精密,0.0,9000,股
2026-08-07,2357,華碩電腦,0.0,1000,股
2026-08-07,2360,致茂電子,0.0,1000,股
2026-08-07,2379,瑞昱半導,0.0,1000,股
2026-08-07,2382,廣達電腦,0.0,9000,股
2026-08-07,2404,漢唐集成,0.0,1000,股
2026-08-07,2412,中華電信,0.0,1000,股
2026-08-07,2449,京元電子,0.0,1450,股
2026-08-07,2603,長榮海運,0.0,9000,股
2026-08-07,2880,華南金融,0.0,9000,股
2026-08-07,2881,富邦金融,0.0,9000,股
2026-08-07,2882,國泰金融,0.0,9000,股
2026-08-07,2883,凱基金融,0.0,9000,股
2026-08-07,2884,玉山金融,0.0,9000,股
2026-08-07,2886,兆豐金融,0.0,9000,股
2026-08-07,2887,台新新光,0.0,9000,股
2026-08-07,2890,永豐金融,0.0,9000,股
2026-08-07,2891,中國信託,0.0,9000,股
2026-08-07,2912,統一超商,0.0,1000,股
2026-08-07,3036,文曄科技,0.0,1000,股
2026-08-07,3044,健鼎科技,0.0,1000,股
2026-08-07,3045,台灣大哥,0.0,1000,股
2026-08-07,5347,世界先進,0.0,9000,股
2026-08-07,PFUR_NTD,PAYABLES FOR UNITS REDEEMED,-1.37,-1199197644,元
2026-08-10,2330,台灣積體,14.04,5200000,股
2026-08-10,2383,台光電子,8.58,1430000,股
2026-08-10,2408,南亞科技,7.98,14000000,股
2026-08-10,2059,川湖科技,6.75,500000,股
2026-08-10,DA_NTD,AFTER DEDUCTING SECURITIES PURCHASES AMOUNT,5.76,5072426756,元
2026-08-10,3037,欣興電子,5.63,5000000,股
2026-08-10,2454,聯發科技,5.17,1150000,股
2026-08-10,6223,旺矽科技,5.09,720000,股
2026-08-10,2327,國巨股份,5.01,7700000,股
2026-08-10,2345,智邦科技,4.42,1800000,股
2026-08-10,6669,緯穎科技,3.89,570000,股
2026-08-10,8046,南亞電路,3.85,3000000,股
2026-08-10,6274,台燿科技,3.81,2300000,股
2026-08-10,3017,奇鋐科技,3.77,1200000,股
2026-08-10,3189,景碩科技,3.42,3600000,股
2026-08-10,3711,日月光投,3.29,4600000,股
2026-08-10,8299,群聯電子,3.01,1300000,股
2026-08-10,7769,鴻勁精密,2.85,400000,股
2026-08-10,5274,信驊科技,2.26,120500,股
2026-08-10,3231,緯創資通,1.97,9000000,股
2026-08-10,3026,禾伸堂企,1.8,2700000,股
2026-08-10,3665,貿聯-KY,1.12,450000,股
2026-08-10,3653,健策精密,1.08,230000,股
2026-08-10,2885,元大金融,0.03,381000,股
2026-08-10,3008,大立光電,0.01,1000,股
2026-08-10,1216,統一企業,0.0,1000,股
2026-08-10,2308,台達電子,0.0,1000,股
2026-08-10,2313,華通電腦,0.0,1253,股
2026-08-10,2317,鴻海精密,0.0,9000,股
2026-08-10,2357,華碩電腦,0.0,1000,股
2026-08-10,2360,致茂電子,0.0,1000,股
2026-08-10,2379,瑞昱半導,0.0,1000,股
2026-08-10,2382,廣達電腦,0.0,9000,股
2026-08-10,2404,漢唐集成,0.0,1000,股
2026-08-10,2412,中華電信,0.0,1000,股
2026-08-10,2449,京元電子,0.0,1450,股
2026-08-10,2603,長榮海運,0.0,9000,股
2026-08-10,2880,華南金融,0.0,9000,股
2026-08-10,2881,富邦金融,0.0,9000,股
2026-08-10,2882,國泰金融,0.0,9000,股
2026-08-10,2883,凱基金融,0.0,9000,股
2026-08-10,2884,玉山金融,0.0,9000,股
2026-08-10,2886,兆豐金融,0.0,9000,股
2026-08-10,2887,台新新光,0.0,9000,股
2026-08-10,2890,永豐金融,0.0,9000,股
2026-08-10,2891,中國信託,0.0,9000,股
2026-08-10,2912,統一超商,0.0,1000,股
2026-08-10,3036,文曄科技,0.0,1000,股
2026-08-10,3044,健鼎科技,0.0,1000,股
2026-08-10,3045,台灣大哥,0.0,1000,股
2026-08-10,5347,世界先進,0.0,9000,股
2026-08-10,PB_NTD,PAYABLES,0.0,-2533476,元
2026-08-10,PFUR_NTD,PAYABLES FOR UNITS REDEEMED,-2.98,-2622869784,元
2026-08-11,2330,台灣積體,13.92,5200000,股
2026-08-11,2383,台光電子,8.85,1430000,股
2026-08-11,2408,南亞科技,7.65,14000000,股
2026-08-11,2059,川湖科技,6.88,500000,股
2026-08-11,3037,欣興電子,5.54,5000000,股
2026-08-11,DA_NTD,AFTER DEDUCTING SECURITIES PURCHASES AMOUNT,5.42,4846316129,元
2026-08-11,2327,國巨股份,5.31,7700000,股
2026-08-11,2454,聯發科技,5.17,1150000,股
2026-08-11,6223,旺矽科技,5.08,720000,股
2026-08-11,2345,智邦科技,4.3,1800000,股
2026-08-11,6274,台燿科技,4.13,2300000,股
2026-08-11,8046,南亞電路,3.86,3000000,股
2026-08-11,6669,緯穎科技,3.78,570000,股
2026-08-11,3017,奇鋐科技,3.7,1200000,股
2026-08-11,3189,景碩科技,3.39,3600000,股
2026-08-11,3711,日月光投,3.23,4600000,股
2026-08-11,8299,群聯電子,3.04,1300000,股
2026-08-11,7769,鴻勁精密,2.84,400000,股
2026-08-11,5274,信驊科技,2.21,120500,股
2026-08-11,3026,禾伸堂企,1.95,2700000,股
2026-08-11,3231,緯創資通,1.92,9000000,股
2026-08-11,3665,貿聯-KY,1.11,450000,股
2026-08-11,3653,健策精密,1.05,230000,股
2026-08-11,2885,元大金融,0.03,381000,股
2026-08-11,3008,大立光電,0.01,1000,股
2026-08-11,1216,統一企業,0.0,1000,股
2026-08-11,2308,台達電子,0.0,1000,股
2026-08-11,2313,華通電腦,0.0,1253,股
2026-08-11,2317,鴻海精密,0.0,9000,股
2026-08-11,2357,華碩電腦,0.0,1000,股
2026-08-11,2360,致茂電子,0.0,1000,股
2026-08-11,2379,瑞昱半導,0.0,1000,股
2026-08-11,2382,廣達電腦,0.0,9000,股
2026-08-11,2404,漢唐集成,0.0,1000,股
2026-08-11,2412,中華電信,0.0,1000,股
2026-08-11,2449,京元電子,0.0,1450,股
2026-08-11,2603,長榮海運,0.0,9000,股
2026-08-11,2880,華南金融,0.0,9000,股
2026-08-11,2881,富邦金融,0.0,9000,股
2026-08-11,2882,國泰金融,0.0,9000,股
2026-08-11,2883,凱基金融,0.0,9000,股
2026-08-11,2884,玉山金融,0.0,9000,股
2026-08-11,2886,兆豐金融,0.0,9000,股
2026-08-11,2887,台新新光,0.0,9000,股
2026-08-11,2890,永豐金融,0.0,9000,股
2026-08-11,2891,中國信託,0.0,9000,股
2026-08-11,2912,統一超商,0.0,1000,股
2026-08-11,3036,文曄科技,0.0,1000,股
2026-08-11,3044,健鼎科技,0.0,1000,股
2026-08-11,3045,台灣大哥,0.0,1000,股
2026-08-11,5347,世界先進,0.0,9000,股
2026-08-11,PB_NTD,PAYABLES,0.0,0,元
2026-08-11,PFUR_NTD,PAYABLES FOR UNITS REDEEMED,-2.26,-2025062685,元
2026-08-12,2330,台灣積體,13.84,5200000,股
2026-08-12,2383,台光電子,9.03,1430000,股
2026-08-12,2408,南亞科技,7.45,14000000,股
2026-08-12,2059,川湖科技,6.64,500000,股
2026-08-12,DA_NTD,AFTER DEDUCTING SECURITIES PURCHASES AMOUNT,5.77,5235031220,元
2026-08-12,3037,欣興電子,5.51,5000000,股
2026-08-12,6223,旺矽科技,5.24,720000,股
2026-08-12,2327,國巨股份,5.11,7700000,股
2026-08-12,2454,聯發科技,5.09,1150000,股
2026-08-12,2345,智邦科技,4.39,1800000,股
2026-08-12,8046,南亞電路,4.18,3000000,股
2026-08-12,6274,台燿科技,4.06,2300000,股
2026-08-12,3017,奇鋐科技,3.85,1200000,股
2026-08-12,6669,緯穎科技,3.79,570000,股
2026-08-12,3189,景碩科技,3.4,3600000,股
2026-08-12,8299,群聯電子,3.17,1300000,股
2026-08-12,3711,日月光投,3.15,4600000,股
2026-08-12,7769,鴻勁精密,2.86,400000,股
2026-08-12,5274,信驊科技,2.31,120500,股
2026-08-12,3026,禾伸堂企,2.04,2700000,股
2026-08-12,3231,緯創資通,1.92,9000000,股
2026-08-12,3653,健策精密,1.13,230000,股
2026-08-12,3081,聯亞光電,0.63,208000,股
2026-08-12,3008,大立光電,0.01,1000,股
2026-08-12,1216,統一企業,0.0,1000,股
2026-08-12,2308,台達電子,0.0,1000,股
2026-08-12,2313,華通電腦,0.0,1253,股
2026-08-12,2317,鴻海精密,0.0,9000,股
2026-08-12,2357,華碩電腦,0.0,1000,股
2026-08-12,2360,致茂電子,0.0,1000,股
2026-08-12,2379,瑞昱半導,0.0,1000,股
2026-08-12,2382,廣達電腦,0.0,9000,股
2026-08-12,2404,漢唐集成,0.0,1000,股
2026-08-12,2412,中華電信,0.0,1000,股
2026-08-12,2449,京元電子,0.0,1450,股
2026-08-12,2603,長榮海運,0.0,9000,股
2026-08-12,2880,華南金融,0.0,9000,股
2026-08-12,2881,富邦金融,0.0,9000,股
2026-08-12,2882,國泰金融,0.0,9000,股
2026-08-12,2883,凱基金融,0.0,9000,股
2026-08-12,2884,玉山金融,0.0,9000,股
2026-08-12,2885,元大金融,0.0,9000,股
2026-08-12,2886,兆豐金融,0.0,9000,股
2026-08-12,2887,台新新光,0.0,9000,股
2026-08-12,2890,永豐金融,0.0,9000,股
2026-08-12,2891,中國信託,0.0,9000,股
2026-08-12,2912,統一超商,0.0,1000,股
2026-08-12,3036,文曄科技,0.0,1000,股
2026-08-12,3044,健鼎科技,0.0,1000,股
2026-08-12,3665,貿聯-KY,0.0,1000,股
2026-08-12,5347,世界先進,0.0,9000,股
2026-08-12,PFUR_NTD,PAYABLES FOR UNITS REDEEMED,-1.97,-1787700135,元
2026-08-13,2330,台灣積體,13.21,5000000,股
2026-08-13,2383,台光電子,8.83,1430000,股
2026-08-13,2408,南亞科技,7.81,14000000,股
2026-08-13,2059,川湖科技,6.64,500000,股
2026-08-13,2327,國巨股份,5.53,7700000,股
2026-08-13,3037,欣興電子,5.43,5000000,股
2026-08-13,2454,聯發科技,5.27,1150000,股
2026-08-13,6223,旺矽科技,5.08,720000,股
2026-08-13,2345,智邦科技,4.43,1800000,股
2026-08-13,3017,奇鋐科技,4.17,1200000,股
2026-08-13,6274,台燿科技,3.99,2300000,股
2026-08-13,8046,南亞電路,3.96,3000000,股
2026-08-13,6669,緯穎科技,3.76,570000,股
2026-08-13,3189,景碩科技,3.33,3600000,股
2026-08-13,DA_NTD,AFTER DEDUCTING SECURITIES PURCHASES AMOUNT,3.24,2988864507,元
2026-08-13,8299,群聯電子,3.22,1300000,股
2026-08-13,7769,鴻勁精密,2.94,400000,股
2026-08-13,3711,日月光投,2.31,3400000,股
2026-08-13,5274,信驊科技,2.29,120500,股
2026-08-13,3026,禾伸堂企,2.03,2700000,股
2026-08-13,3231,緯創資通,1.92,9000000,股
2026-08-13,3081,聯亞光電,1.45,500000,股
2026-08-13,3653,健策精密,1.16,230000,股
2026-08-13,3008,大立光電,0.01,1000,股
2026-08-13,1216,統一企業,0.0,1000,股
2026-08-13,2308,台達電子,0.0,1000,股
2026-08-13,2313,華通電腦,0.0,1253,股
2026-08-13,2317,鴻海精密,0.0,9000,股
2026-08-13,2357,華碩電腦,0.0,1000,股
2026-08-13,2360,致茂電子,0.0,1000,股
2026-08-13,2379,瑞昱半導,0.0,1000,股
2026-08-13,2382,廣達電腦,0.0,9000,股
2026-08-13,2404,漢唐集成,0.0,1000,股
2026-08-13,2412,中華電信,0.0,1000,股
2026-08-13,2449,京元電子,0.0,1450,股
2026-08-13,2603,長榮海運,0.0,9000,股
2026-08-13,2880,華南金融,0.0,9090,股
2026-08-13,2881,富邦金融,0.0,9000,股
2026-08-13,2882,國泰金融,0.0,9000,股
2026-08-13,2883,凱基金融,0.0,9000,股
2026-08-13,2884,玉山金融,0.0,9000,股
2026-08-13,2885,元大金融,0.0,9000,股
2026-08-13,2886,兆豐金融,0.0,9000,股
2026-08-13,2887,台新新光,0.0,9000,股
2026-08-13,2890,永豐金融,0.0,9000,股
2026-08-13,2891,中國信託,0.0,9000,股
2026-08-13,2912,統一超商,0.0,1000,股
2026-08-13,3036,文曄科技,0.0,1000,股
2026-08-13,3044,健鼎科技,0.0,1000,股
2026-08-13,3665,貿聯-KY,0.0,1000,股
2026-08-13,5347,世界先進,0.0,9000,股
2026-08-13,PFUR_NTD,PAYABLES FOR UNITS REDEEMED,-0.79,-727781435,元
2026-08-14,2330,台灣積體,13.02,5000000,股
2026-08-14,2383,台光電子,9.59,1430000,股
2026-08-14,2408,南亞科技,7.8,14000000,股
2026-08-14,2059,川湖科技,6.8,500000,股
2026-08-14,3037,欣興電子,5.55,5000000,股
2026-08-14,2454,聯發科技,5.27,1150000,股
2026-08-14,2327,國巨股份,5.21,7700000,股
2026-08-14,6223,旺矽科技,5.04,720000,股
2026-08-14,2345,智邦科技,4.5,1800000,股
2026-08-14,8046,南亞電路,4.26,3000000,股
2026-08-14,3017,奇鋐科技,4.22,1200000,股
2026-08-14,6669,緯穎科技,4.2,600000,股
2026-08-14,6274,台燿科技,4.19,2300000,股
2026-08-14,3189,景碩科技,3.37,3600000,股
2026-08-14,7769,鴻勁精密,2.87,400000,股
2026-08-14,5274,信驊科技,2.32,120500,股
2026-08-14,8299,群聯電子,2.26,1000000,股
2026-08-14,3711,日月光投,1.94,2900000,股
2026-08-14,3026,禾伸堂企,1.9,2700000,股
2026-08-14,3231,緯創資通,1.89,9000000,股
2026-08-14,3081,聯亞光電,1.38,500000,股
2026-08-14,3653,健策精密,1.21,230000,股
2026-08-14,DA_NTD,AFTER DEDUCTING SECURITIES PURCHASES AMOUNT,0.32,295599224,元
2026-08-14,3008,大立光電,0.01,1000,股
2026-08-14,1216,統一企業,0.0,1000,股
2026-08-14,2308,台達電子,0.0,1000,股
2026-08-14,2313,華通電腦,0.0,1253,股
2026-08-14,2317,鴻海精密,0.0,9000,股
2026-08-14,2357,華碩電腦,0.0,1000,股
2026-08-14,2360,致茂電子,0.0,1000,股
2026-08-14,2379,瑞昱半導,0.0,1000,股
2026-08-14,2382,廣達電腦,0.0,9000,股
2026-08-14,2404,漢唐集成,0.0,1000,股
2026-08-14,2412,中華電信,0.0,1000,股
2026-08-14,2449,京元電子,0.0,1450,股
2026-08-14,2603,長榮海運,0.0,9000,股
2026-08-14,2880,華南金融,0.0,9090,股
2026-08-14,2881,富邦金融,0.0,9000,股
2026-08-14,2882,國泰金融,0.0,9000,股
2026-08-14,2883,凱基金融,0.0,9000,股
2026-08-14,2884,玉山金融,0.0,9000,股
2026-08-14,2885,元大金融,0.0,9000,股
2026-08-14,2886,兆豐金融,0.0,9000,股
2026-08-14,2887,台新新光,0.0,9000,股
2026-08-14,2890,永豐金融,0.0,9000,股
2026-08-14,2891,中國信託,0.0,9000,股
2026-08-14,2912,統一超商,0.0,1000,股
2026-08-14,3036,文曄科技,0.0,1000,股
2026-08-14,3044,健鼎科技,0.0,1000,股
2026-08-14,3665,貿聯-KY,0.0,1000,股
2026-08-14,5347,世界先進,0.0,9000,股
2026-08-14,PFUR_NTD,PAYABLES FOR UNITS REDEEMED,-1.54,-1418562746,元
2026-08-17,2330,台灣積體,12.99,5000000,股
2026-08-17,2383,台光電子,9.83,1430000,股
2026-08-17,2408,南亞科技,7.94,14000000,股
2026-08-17,2059,川湖科技,7.44,500000,股
2026-08-17,3037,欣興電子,6.06,5000000,股
2026-08-17,2327,國巨股份,5.07,7700000,股
2026-08-17,2454,聯發科技,5.04,1150000,股
2026-08-17,6223,旺矽科技,4.52,720000,股
2026-08-17,2345,智邦科技,4.46,1800000,股
2026-08-17,6669,緯穎科技,4.3,600000,股
2026-08-17,8046,南亞電路,4.21,3000000,股
2026-08-17,3017,奇鋐科技,4.09,1200000,股
2026-08-17,6274,台燿科技,3.99,2300000,股
2026-08-17,3189,景碩科技,3.53,3600000,股
2026-08-17,7769,鴻勁精密,2.92,400000,股
2026-08-17,8299,群聯電子,2.26,1000000,股
2026-08-17,5274,信驊科技,2.22,120500,股
2026-08-17,3026,禾伸堂企,2.01,2700000,股
2026-08-17,3711,日月光投,1.93,2900000,股
2026-08-17,3081,聯亞光電,1.75,580000,股
2026-08-17,3653,健策精密,1.33,230000,股
2026-08-17,DA_NTD,AFTER DEDUCTING SECURITIES PURCHASES AMOUNT,1.13,1040839866,元
2026-08-17,3008,大立光電,0.01,1000,股
2026-08-17,1216,統一企業,0.0,1000,股
2026-08-17,2308,台達電子,0.0,1000,股
2026-08-17,2313,華通電腦,0.0,1253,股
2026-08-17,2317,鴻海精密,0.0,9000,股
2026-08-17,2357,華碩電腦,0.0,1000,股
2026-08-17,2360,致茂電子,0.0,1000,股
2026-08-17,2379,瑞昱半導,0.0,1000,股
2026-08-17,2382,廣達電腦,0.0,9000,股
2026-08-17,2404,漢唐集成,0.0,1000,股
2026-08-17,2412,中華電信,0.0,1000,股
2026-08-17,2449,京元電子,0.0,1450,股
2026-08-17,2603,長榮海運,0.0,9000,股
2026-08-17,2880,華南金融,0.0,9090,股
2026-08-17,2881,富邦金融,0.0,9000,股
2026-08-17,2882,國泰金融,0.0,9000,股
2026-08-17,2883,凱基金融,0.0,9000,股
2026-08-17,2884,玉山金融,0.0,9000,股
2026-08-17,2885,元大金融,0.0,9000,股
2026-08-17,2886,兆豐金融,0.0,9000,股
2026-08-17,2887,台新新光,0.0,9000,股
2026-08-17,2890,永豐金融,0.0,9000,股
2026-08-17,2891,中國信託,0.0,9000,股
2026-08-17,2912,統一超商,0.0,1000,股
2026-08-17,3036,文曄科技,0.0,1000,股
2026-08-17,3044,健鼎科技,0.0,1000,股
2026-08-17,3231,緯創資通,0.0,9000,股
2026-08-17,3665,貿聯-KY,0.0,1000,股
2026-08-17,5347,世界先進,0.0,9000,股
2026-08-17,PFUR_NTD,PAYABLES FOR UNITS REDEEMED,-1.94,-1789701683,元
2026-08-18,2330,台灣積體,13.25,5000000,股
2026-08-18,2383,台光電子,9.88,1430000,股
2026-08-18,2408,南亞科技,8.03,14000000,股
2026-08-18,2059,川湖科技,8.0,500000,股
2026-08-18,3037,欣興電子,6.38,5000000,股
2026-08-18,2327,國巨股份,4.94,7700000,股
2026-08-18,2454,聯發科技,4.76,1100000,股
2026-08-18,2345,智邦科技,4.46,1800000,股
2026-08-18,6669,緯穎科技,4.28,600000,股
2026-08-18,8046,南亞電路,4.16,3000000,股
2026-08-18,3017,奇鋐科技,4.06,1200000,股
2026-08-18,6274,台燿科技,3.96,2300000,股
2026-08-18,6223,旺矽科技,3.87,660000,股
2026-08-18,3189,景碩科技,3.47,3600000,股
2026-08-18,7769,鴻勁精密,2.91,400000,股
2026-08-18,5274,信驊科技,2.29,120500,股
2026-08-18,8299,群聯電子,2.23,1000000,股
2026-08-18,3081,聯亞光電,2.15,660000,股
2026-08-18,3026,禾伸堂企,2.01,2700000,股
2026-08-18,3711,日月光投,1.93,2900000,股
2026-08-18,DA_NTD,AFTER DEDUCTING SECURITIES PURCHASES AMOUNT,1.55,1395013796,元
2026-08-18,3653,健策精密,1.32,230000,股
2026-08-18,3008,大立光電,0.01,1000,股
2026-08-18,1216,統一企業,0.0,1000,股
2026-08-18,2308,台達電子,0.0,1000,股
2026-08-18,2313,華通電腦,0.0,1253,股
2026-08-18,2317,鴻海精密,0.0,9000,股
2026-08-18,2357,華碩電腦,0.0,1000,股
2026-08-18,2360,致茂電子,0.0,1000,股
2026-08-18,2379,瑞昱半導,0.0,1000,股
2026-08-18,2382,廣達電腦,0.0,9000,股
2026-08-18,2404,漢唐集成,0.0,1000,股
2026-08-18,2412,中華電信,0.0,1000,股
2026-08-18,2449,京元電子,0.0,1450,股
2026-08-18,2603,長榮海運,0.0,9000,股
2026-08-18,2880,華南金融,0.0,9090,股
2026-08-18,2881,富邦金融,0.0,9000,股
2026-08-18,2882,國泰金融,0.0,9000,股
2026-08-18,2883,凱基金融,0.0,9000,股
2026-08-18,2884,玉山金融,0.0,9000,股
2026-08-18,2885,元大金融,0.0,9360,股
2026-08-18,2886,兆豐金融,0.0,9000,股
2026-08-18,2887,台新新光,0.0,9000,股
2026-08-18,2890,永豐金融,0.0,9000,股
2026-08-18,2891,中國信託,0.0,9000,股
2026-08-18,2912,統一超商,0.0,1000,股
2026-08-18,3036,文曄科技,0.0,1000,股
2026-08-18,3044,健鼎科技,0.0,1000,股
2026-08-18,3231,緯創資通,0.0,9000,股
2026-08-18,3665,貿聯-KY,0.0,1000,股
2026-08-18,5347,世界先進,0.0,9000,股
2026-08-18,PFUR_NTD,PAYABLES FOR UNITS REDEEMED,-2.36,-2115306319,元
2026-08-19,2330,台灣積體,12.23,4500000,股
2026-08-19,2383,台光電子,9.72,1430000,股
2026-08-19,2059,川湖科技,8.31,510000,股
2026-08-19,2408,南亞科技,7.79,14000000,股
2026-08-19,3037,欣興電子,6.53,5000000,股
2026-08-19,2327,國巨股份,5.13,7700000,股
2026-08-19,2454,聯發科技,4.89,1100000,股
2026-08-19,3017,奇鋐科技,4.47,1250000,股
2026-08-19,2345,智邦科技,4.42,1800000,股
2026-08-19,6669,緯穎科技,4.42,600000,股
2026-08-19,8046,南亞電路,4.09,3000000,股
2026-08-19,6223,旺矽科技,4.01,660000,股
2026-08-19,6274,台燿科技,3.99,2300000,股
2026-08-19,3189,景碩科技,3.93,4000000,股
2026-08-19,7769,鴻勁精密,2.98,400000,股
2026-08-19,5274,信驊科技,2.21,120500,股
2026-08-19,3081,聯亞光電,2.17,700000,股
2026-08-19,3026,禾伸堂企,2.15,2700000,股
2026-08-19,3653,健策精密,2.15,340000,股
2026-08-19,8299,群聯電子,2.0,880000,股
2026-08-19,DA_NTD,AFTER DEDUCTING SECURITIES PURCHASES AMOUNT,1.07,924482047,元
2026-08-19,3711,日月光投,1.02,1500000,股
2026-08-19,3008,大立光電,0.01,1000,股
2026-08-19,1216,統一企業,0.0,1000,股
2026-08-19,2308,台達電子,0.0,1000,股
2026-08-19,2313,華通電腦,0.0,1253,股
2026-08-19,2317,鴻海精密,0.0,9000,股
2026-08-19,2357,華碩電腦,0.0,1000,股
2026-08-19,2360,致茂電子,0.0,1000,股
2026-08-19,2379,瑞昱半導,0.0,1000,股
2026-08-19,2382,廣達電腦,0.0,9000,股
2026-08-19,2404,漢唐集成,0.0,1000,股
2026-08-19,2412,中華電信,0.0,1000,股
2026-08-19,2449,京元電子,0.0,1450,股
2026-08-19,2603,長榮海運,0.0,9000,股
2026-08-19,2880,華南金融,0.0,9090,股
2026-08-19,2881,富邦金融,0.0,9000,股
2026-08-19,2882,國泰金融,0.0,9000,股
2026-08-19,2883,凱基金融,0.0,9000,股
2026-08-19,2884,玉山金融,0.0,9000,股
2026-08-19,2885,元大金融,0.0,9360,股
2026-08-19,2886,兆豐金融,0.0,9000,股
2026-08-19,2887,台新新光,0.0,9000,股
2026-08-19,2890,永豐金融,0.0,9000,股
2026-08-19,2891,中國信託,0.0,9000,股
2026-08-19,2912,統一超商,0.0,1000,股
2026-08-19,3036,文曄科技,0.0,1000,股
2026-08-19,3044,健鼎科技,0.0,1000,股
2026-08-19,3231,緯創資通,0.0,9000,股
2026-08-19,3665,貿聯-KY,0.0,1000,股
2026-08-19,5347,世界先進,0.0,9000,股
2026-08-19,PFUR_NTD,PAYABLES FOR UNITS REDEEMED,-2.91,-2514987831,元
2026-08-20,2330,台灣積體,12.29,4500000,股
2026-08-20,2383,台光電子,9.84,1430000,股
2026-08-20,2408,南亞科技,8.32,14000000,股
2026-08-20,2059,川湖科技,8.17,510000,股
2026-08-20,3037,欣興電子,6.56,5000000,股
2026-08-20,2327,國巨股份,4.98,7700000,股
2026-08-20,8046,南亞電路,4.47,3250000,股
2026-08-20,2345,智邦科技,4.36,1800000,股
2026-08-20,6669,緯穎科技,4.36,600000,股
2026-08-20,6274,台燿科技,4.35,2400000,股
2026-08-20,3017,奇鋐科技,4.29,1250000,股
2026-08-20,6223,旺矽科技,4.29,660000,股
2026-08-20,2454,聯發科技,4.26,1000000,股
2026-08-20,3189,景碩科技,4.01,4100000,股
2026-08-20,7769,鴻勁精密,2.97,400000,股
2026-08-20,3081,聯亞光電,2.24,700000,股
2026-08-20,3026,禾伸堂企,2.21,2700000,股
2026-08-20,3653,健策精密,2.19,340000,股
2026-08-20,5274,信驊科技,2.18,120500,股
2026-08-20,8299,群聯電子,2.02,880000,股
2026-08-20,DA_NTD,AFTER DEDUCTING SECURITIES PURCHASES AMOUNT,0.31,270226635,元
2026-08-20,3008,大立光電,0.01,1000,股
2026-08-20,3711,日月光投,0.01,9000,股
2026-08-20,1216,統一企業,0.0,1000,股
2026-08-20,2308,台達電子,0.0,1000,股
2026-08-20,2313,華通電腦,0.0,1253,股
2026-08-20,2317,鴻海精密,0.0,9000,股
2026-08-20,2357,華碩電腦,0.0,1000,股
2026-08-20,2360,致茂電子,0.0,1000,股
2026-08-20,2379,瑞昱半導,0.0,1000,股
2026-08-20,2382,廣達電腦,0.0,9000,股
2026-08-20,2404,漢唐集成,0.0,1000,股
2026-08-20,2412,中華電信,0.0,1000,股
2026-08-20,2449,京元電子,0.0,1450,股
2026-08-20,2603,長榮海運,0.0,9000,股
2026-08-20,2880,華南金融,0.0,9090,股
2026-08-20,2881,富邦金融,0.0,9000,股
2026-08-20,2882,國泰金融,0.0,9000,股
2026-08-20,2883,凱基金融,0.0,9000,股
2026-08-20,2884,玉山金融,0.0,9000,股
2026-08-20,2885,元大金融,0.0,9360,股
2026-08-20,2886,兆豐金融,0.0,9000,股
2026-08-20,2887,台新新光,0.0,9000,股
2026-08-20,2890,永豐金融,0.0,9000,股
2026-08-20,2891,中國信託,0.0,9000,股
2026-08-20,2912,統一超商,0.0,1000,股
2026-08-20,3036,文曄科技,0.0,1000,股
2026-08-20,3044,健鼎科技,0.0,1000,股
2026-08-20,3231,緯創資通,0.0,9000,股
2026-08-20,3665,貿聯-KY,0.0,1000,股
2026-08-20,5347,世界先進,0.0,9000,股
2026-08-20,PFUR_NTD,PAYABLES FOR UNITS REDEEMED,-2.7,-2350769753,元
2026-08-21,2330,台灣積體,12.8,4500000,股
2026-08-21,2383,台光電子,9.38,1400000,股
2026-08-21,2408,南亞科技,8.72,14000000,股
2026-08-21,2059,川湖科技,8.06,510000,股
2026-08-21,3037,欣興電子,6.4,5000000,股
2026-08-21,2327,國巨股份,5.03,7700000,股
2026-08-21,2454,聯發科技,4.47,1000000,股
2026-08-21,6669,緯穎科技,4.43,600000,股
2026-08-21,8046,南亞電路,4.35,3250000,股
2026-08-21,6223,旺矽科技,4.26,660000,股
2026-08-21,3017,奇鋐科技,4.23,1250000,股
2026-08-21,6274,台燿科技,4.23,2400000,股
2026-08-21,2345,智邦科技,4.2,1750000,股
2026-08-21,3189,景碩科技,3.92,4100000,股
2026-08-21,7769,鴻勁精密,2.87,380000,股
2026-08-21,3081,聯亞光電,2.41,700000,股
2026-08-21,5274,信驊科技,2.18,120500,股
2026-08-21,3653,健策精密,2.16,340000,股
2026-08-21,8299,群聯電子,2.16,880000,股
2026-08-21,DA_NTD,AFTER DEDUCTING SECURITIES PURCHASES AMOUNT,2.12,1799619568,元
2026-08-21,3026,禾伸堂企,2.04,2700000,股
2026-08-21,3008,大立光電,0.01,1000,股
2026-08-21,3711,日月光投,0.01,9000,股
2026-08-21,1216,統一企業,0.0,1000,股
2026-08-21,2308,台達電子,0.0,1000,股
2026-08-21,2313,華通電腦,0.0,1253,股
2026-08-21,2317,鴻海精密,0.0,9000,股
2026-08-21,2357,華碩電腦,0.0,1000,股
2026-08-21,2360,致茂電子,0.0,1000,股
2026-08-21,2379,瑞昱半導,0.0,1000,股
2026-08-21,2382,廣達電腦,0.0,9000,股
2026-08-21,2404,漢唐集成,0.0,1000,股
2026-08-21,2412,中華電信,0.0,1000,股
2026-08-21,2449,京元電子,0.0,1450,股
2026-08-21,2603,長榮海運,0.0,9000,股
2026-08-21,2880,華南金融,0.0,9090,股
2026-08-21,2881,富邦金融,0.0,9000,股
2026-08-21,2882,國泰金融,0.0,9000,股
2026-08-21,2883,凱基金融,0.0,9000,股
2026-08-21,2884,玉山金融,0.0,9000,股
2026-08-21,2885,元大金融,0.0,9360,股
2026-08-21,2886,兆豐金融,0.0,9000,股
2026-08-21,2887,台新新光,0.0,9000,股
2026-08-21,2890,永豐金融,0.0,9000,股
2026-08-21,2891,中國信託,0.0,9000,股
2026-08-21,2912,統一超商,0.0,1000,股
2026-08-21,3036,文曄科技,0.0,1000,股
2026-08-21,3044,健鼎科技,0.0,1000,股
2026-08-21,3231,緯創資通,0.0,9000,股
2026-08-21,3665,貿聯-KY,0.0,1000,股
2026-08-21,5347,世界先進,0.0,9000,股
2026-08-21,PFUR_NTD,PAYABLES FOR UNITS REDEEMED,-2.44,-2064709639,元
2026-08-24,2330,台灣積體,12.72,4500000,股
2026-08-24,2383,台光電子,9.05,1400000,股
2026-08-24,2059,川湖科技,8.75,510000,股
2026-08-24,2408,南亞科技,8.35,14000000,股
2026-08-24,3037,欣興電子,6.4,5000000,股
2026-08-24,2327,國巨股份,5.05,7700000,股
2026-08-24,6669,緯穎科技,4.5,600000,股
2026-08-24,2454,聯發科技,4.48,1000000,股
2026-08-24,8046,南亞電路,4.39,3250000,股
2026-08-24,6223,旺矽科技,4.37,660000,股
2026-08-24,2345,智邦科技,4.31,1750000,股
2026-08-24,3017,奇鋐科技,4.25,1250000,股
2026-08-24,6274,台燿科技,4.16,2400000,股
2026-08-24,3189,景碩科技,3.88,4100000,股
2026-08-24,7769,鴻勁精密,2.83,380000,股
2026-08-24,3081,聯亞光電,2.3,700000,股
2026-08-24,8299,群聯電子,2.24,880000,股
2026-08-24,DA_NTD,AFTER DEDUCTING SECURITIES PURCHASES AMOUNT,2.2,1847005922,元
2026-08-24,5274,信驊科技,2.17,120500,股
2026-08-24,3653,健策精密,2.09,340000,股
2026-08-24,3026,禾伸堂企,2.07,2700000,股
2026-08-24,3008,大立光電,0.01,1000,股
2026-08-24,3711,日月光投,0.01,9000,股
2026-08-24,1216,統一企業,0.0,1000,股
2026-08-24,2308,台達電子,0.0,1000,股
2026-08-24,2313,華通電腦,0.0,1253,股
2026-08-24,2317,鴻海精密,0.0,9000,股
2026-08-24,2357,華碩電腦,0.0,1000,股
2026-08-24,2360,致茂電子,0.0,1000,股
2026-08-24,2379,瑞昱半導,0.0,1000,股
2026-08-24,2382,廣達電腦,0.0,9000,股
2026-08-24,2404,漢唐集成,0.0,1000,股
2026-08-24,2412,中華電信,0.0,1000,股
2026-08-24,2449,京元電子,0.0,1450,股
2026-08-24,2603,長榮海運,0.0,9000,股
2026-08-24,2880,華南金融,0.0,9090,股
2026-08-24,2881,富邦金融,0.0,9000,股
2026-08-24,2882,國泰金融,0.0,9000,股
2026-08-24,2883,凱基金融,0.0,9000,股
2026-08-24,2884,玉山金融,0.0,9000,股
2026-08-24,2885,元大金融,0.0,9360,股
2026-08-24,2886,兆豐金融,0.0,9000,股
2026-08-24,2887,台新新光,0.0,9000,股
2026-08-24,2890,永豐金融,0.0,9000,股
2026-08-24,2891,中國信託,0.0,9000,股
2026-08-24,2912,統一超商,0.0,1000,股
2026-08-24,3036,文曄科技,0.0,1000,股
2026-08-24,3044,健鼎科技,0.0,1000,股
2026-08-24,3231,緯創資通,0.0,9000,股
2026-08-24,3665,貿聯-KY,0.0,1000,股
2026-08-24,5347,世界先進,0.0,9000,股
2026-08-24,PFUR_NTD,PAYABLES FOR UNITS REDEEMED,-1.09,-912568079,元
2026-08-25,2330,台灣積體,12.71,4500000,股
2026-08-25,2383,台光電子,9.22,1400000,股
2026-08-25,2059,川湖科技,8.57,510000,股
2026-08-25,2408,南亞科技,8.4,14000000,股
2026-08-25,3037,欣興電子,6.44,5000000,股
2026-08-25,2327,國巨股份,4.93,7700000,股
2026-08-25,6669,緯穎科技,4.55,600000,股
2026-08-25,8046,南亞電路,4.44,3250000,股
2026-08-25,2454,聯發科技,4.39,1000000,股
2026-08-25,6223,旺矽科技,4.35,660000,股
2026-08-25,3017,奇鋐科技,4.34,1250000,股
2026-08-25,6274,台燿科技,4.19,2400000,股
2026-08-25,2345,智邦科技,4.18,1750000,股
2026-08-25,3189,景碩科技,4.03,4100000,股
2026-08-25,7769,鴻勁精密,2.78,380000,股
2026-08-25,3081,聯亞光電,2.44,700000,股
2026-08-25,5274,信驊科技,2.18,120500,股
2026-08-25,8299,群聯電子,2.16,880000,股
2026-08-25,3653,健策精密,2.08,340000,股
2026-08-25,DA_NTD,AFTER DEDUCTING SECURITIES PURCHASES AMOUNT,2.08,1771995184,元
2026-08-25,3026,禾伸堂企,2.0,2700000,股
2026-08-25,3008,大立光電,0.01,1000,股
2026-08-25,3711,日月光投,0.01,9000,股
2026-08-25,1216,統一企業,0.0,1000,股
2026-08-25,2308,台達電子,0.0,1000,股
2026-08-25,2313,華通電腦,0.0,1253,股
2026-08-25,2317,鴻海精密,0.0,9000,股
2026-08-25,2357,華碩電腦,0.0,1000,股
2026-08-25,2360,致茂電子,0.0,1000,股
2026-08-25,2379,瑞昱半導,0.0,1000,股
2026-08-25,2382,廣達電腦,0.0,9000,股
2026-08-25,2404,漢唐集成,0.0,1000,股
2026-08-25,2412,中華電信,0.0,1000,股
2026-08-25,2449,京元電子,0.0,1450,股
2026-08-25,2603,長榮海運,0.0,9000,股
2026-08-25,2880,華南金融,0.0,9090,股
2026-08-25,2881,富邦金融,0.0,9000,股
2026-08-25,2882,國泰金融,0.0,9000,股
2026-08-25,2883,凱基金融,0.0,9000,股
2026-08-25,2884,玉山金融,0.0,9000,股
2026-08-25,2885,元大金融,0.0,9360,股
2026-08-25,2886,兆豐金融,0.0,9000,股
2026-08-25,2887,台新新光,0.0,9000,股
2026-08-25,2890,永豐金融,0.0,9000,股
2026-08-25,2891,中國信託,0.0,9000,股
2026-08-25,2912,統一超商,0.0,1000,股
2026-08-25,3036,文曄科技,0.0,1000,股
2026-08-25,3044,健鼎科技,0.0,1000,股
2026-08-25,3231,緯創資通,0.0,9000,股
2026-08-25,3665,貿聯-KY,0.0,1000,股
2026-08-25,5347,世界先進,0.0,9000,股
2026-08-25,PFUR_NTD,PAYABLES FOR UNITS REDEEMED,-0.52,-438076410,元
2026-08-26,2330,台灣積體,11.8,4200000,股
2026-08-26,2383,台光電子,9.6,1400000,股
2026-08-26,2059,川湖科技,8.61,510000,股
2026-08-26,2408,南亞科技,8.42,14000000,股
2026-08-26,3037,欣興電子,6.75,5000000,股
2026-08-26,2327,國巨股份,4.81,7700000,股
2026-08-26,6669,緯穎科技,4.74,600000,股
2026-08-26,2454,聯發科技,4.59,1000000,股
2026-08-26,3017,奇鋐科技,4.59,1250000,股
2026-08-26,8046,南亞電路,4.46,3250000,股
2026-08-26,6274,台燿科技,4.27,2400000,股
2026-08-26,3189,景碩科技,4.2,4100000,股
2026-08-26,2345,智邦科技,4.07,1700000,股
2026-08-26,6223,旺矽科技,3.28,560000,股
2026-08-26,3081,聯亞光電,2.65,700000,股
2026-08-26,7769,鴻勁精密,2.65,360000,股
2026-08-26,3653,健策精密,2.27,340000,股
2026-08-26,5274,信驊科技,2.2,120500,股
2026-08-26,8299,群聯電子,2.18,880000,股
2026-08-26,3026,禾伸堂企,1.93,2700000,股
2026-08-26,DA_NTD,AFTER DEDUCTING SECURITIES PURCHASES AMOUNT,1.59,1368697222,元
2026-08-26,3008,大立光電,0.01,1000,股
2026-08-26,3711,日月光投,0.01,9000,股
2026-08-26,1216,統一企業,0.0,1000,股
2026-08-26,2308,台達電子,0.0,1000,股
2026-08-26,2313,華通電腦,0.0,1253,股
2026-08-26,2317,鴻海精密,0.0,9000,股
2026-08-26,2357,華碩電腦,0.0,1000,股
2026-08-26,2360,致茂電子,0.0,1000,股
2026-08-26,2379,瑞昱半導,0.0,1000,股
2026-08-26,2382,廣達電腦,0.0,9000,股
2026-08-26,2404,漢唐集成,0.0,1000,股
2026-08-26,2412,中華電信,0.0,1000,股
2026-08-26,2449,京元電子,0.0,1450,股
2026-08-26,2603,長榮海運,0.0,9000,股
2026-08-26,2880,華南金融,0.0,9090,股
2026-08-26,2881,富邦金融,0.0,9000,股
2026-08-26,2882,國泰金融,0.0,9000,股
2026-08-26,2883,凱基金融,0.0,9000,股
2026-08-26,2884,玉山金融,0.0,9000,股
2026-08-26,2885,元大金融,0.0,9360,股
2026-08-26,2886,兆豐金融,0.0,9000,股
2026-08-26,2887,台新新光,0.0,9000,股
2026-08-26,2890,永豐金融,0.0,9000,股
2026-08-26,2891,中國信託,0.0,9000,股
2026-08-26,2912,統一超商,0.0,1000,股
2026-08-26,3036,文曄科技,0.0,1000,股
2026-08-26,3044,健鼎科技,0.0,1000,股
2026-08-26,3231,緯創資通,0.0,9000,股
2026-08-26,3665,貿聯-KY,0.0,1000,股
2026-08-26,5347,世界先進,0.0,9000,股
2026-08-26,PFUR_NTD,PAYABLES FOR UNITS REDEEMED,-1.41,-1216075533,元
2026-08-27,2330,台灣積體,11.74,4200000,股
2026-08-27,2383,台光電子,8.93,1400000,股
2026-08-27,2408,南亞科技,8.78,14000000,股
2026-08-27,2059,川湖科技,8.48,510000,股
2026-08-27,3037,欣興電子,6.84,5000000,股
2026-08-27,2327,國巨股份,4.96,7700000,股
2026-08-27,8046,南亞電路,4.88,3250000,股
2026-08-27,3017,奇鋐科技,4.84,1250000,股
2026-08-27,6669,緯穎科技,4.74,600000,股
2026-08-27,2454,聯發科技,4.48,1000000,股
2026-08-27,3189,景碩科技,4.35,4100000,股
2026-08-27,2345,智邦科技,4.12,1700000,股
2026-08-27,6274,台燿科技,4.02,2400000,股
2026-08-27,3081,聯亞光電,3.13,800000,股
2026-08-27,6223,旺矽科技,2.72,460000,股
2026-08-27,7769,鴻勁精密,2.65,360000,股
2026-08-27,3653,健策精密,2.23,340000,股
2026-08-27,8299,群聯電子,2.2,880000,股
2026-08-27,5274,信驊科技,2.14,120500,股
2026-08-27,3026,禾伸堂企,2.11,2700000,股
2026-08-27,DA_NTD,AFTER DEDUCTING SECURITIES PURCHASES AMOUNT,1.17,1011783874,元
2026-08-27,3008,大立光電,0.01,1000,股
2026-08-27,3711,日月光投,0.01,9000,股
2026-08-27,1216,統一企業,0.0,1000,股
2026-08-27,2308,台達電子,0.0,1000,股
2026-08-27,2313,華通電腦,0.0,1253,股
2026-08-27,2317,鴻海精密,0.0,9000,股
2026-08-27,2357,華碩電腦,0.0,1000,股
2026-08-27,2360,致茂電子,0.0,1000,股
2026-08-27,2379,瑞昱半導,0.0,1000,股
2026-08-27,2382,廣達電腦,0.0,9000,股
2026-08-27,2404,漢唐集成,0.0,1000,股
2026-08-27,2412,中華電信,0.0,1000,股
2026-08-27,2449,京元電子,0.0,1450,股
2026-08-27,2603,長榮海運,0.0,9000,股
2026-08-27,2880,華南金融,0.0,9090,股
2026-08-27,2881,富邦金融,0.0,9000,股
2026-08-27,2882,國泰金融,0.0,9000,股
2026-08-27,2883,凱基金融,0.0,9000,股
2026-08-27,2884,玉山金融,0.0,9000,股
2026-08-27,2885,元大金融,0.0,9360,股
2026-08-27,2886,兆豐金融,0.0,9000,股
2026-08-27,2887,台新新光,0.0,9000,股
2026-08-27,2890,永豐金融,0.0,9000,股
2026-08-27,2891,中國信託,0.0,9000,股
2026-08-27,2912,統一超商,0.0,1000,股
2026-08-27,3036,文曄科技,0.0,1000,股
2026-08-27,3044,健鼎科技,0.0,1000,股
2026-08-27,3231,緯創資通,0.0,9000,股
2026-08-27,3665,貿聯-KY,0.0,1000,股
2026-08-27,5347,世界先進,0.0,9000,股
2026-08-27,PFUR_NTD,PAYABLES FOR UNITS REDEEMED,-1.8,-1553909882,元
2026-08-28,2330,台灣積體,11.3,4000000,股
2026-08-28,2383,台光電子,8.97,1400000,股
2026-08-28,2408,南亞科技,8.83,14000000,股
2026-08-28,2059,川湖科技,8.51,510000,股
2026-08-28,3037,欣興電子,6.48,5000000,股
2026-08-28,2327,國巨股份,5.37,7700000,股
2026-08-28,6669,緯穎科技,5.04,600000,股
2026-08-28,3017,奇鋐科技,4.9,1250000,股
2026-08-28,8046,南亞電路,4.7,3250000,股
2026-08-28,2454,聯發科技,4.65,1000000,股
2026-08-28,3189,景碩科技,4.3,4100000,股
2026-08-28,2345,智邦科技,4.22,1700000,股
2026-08-28,6274,台燿科技,4.17,2400000,股
2026-08-28,3081,聯亞光電,3.09,800000,股
2026-08-28,DA_NTD,AFTER DEDUCTING SECURITIES PURCHASES AMOUNT,2.9,2483094511,元
2026-08-28,7769,鴻勁精密,2.73,360000,股
2026-08-28,3026,禾伸堂企,2.34,2700000,股
2026-08-28,3653,健策精密,2.3,340000,股
2026-08-28,6223,旺矽科技,2.23,380000,股
2026-08-28,8299,群聯電子,2.21,880000,股
2026-08-28,5274,信驊科技,2.2,120500,股
2026-08-28,3008,大立光電,0.01,1000,股
2026-08-28,3711,日月光投,0.01,9000,股
2026-08-28,1216,統一企業,0.0,1000,股
2026-08-28,2308,台達電子,0.0,1000,股
2026-08-28,2313,華通電腦,0.0,1253,股
2026-08-28,2317,鴻海精密,0.0,9000,股
2026-08-28,2357,華碩電腦,0.0,1000,股
2026-08-28,2360,致茂電子,0.0,1000,股
2026-08-28,2379,瑞昱半導,0.0,1000,股
2026-08-28,2382,廣達電腦,0.0,9000,股
2026-08-28,2404,漢唐集成,0.0,1000,股
2026-08-28,2412,中華電信,0.0,1000,股
2026-08-28,2449,京元電子,0.0,1450,股
2026-08-28,2603,長榮海運,0.0,9000,股
2026-08-28,2880,華南金融,0.0,9090,股
2026-08-28,2881,富邦金融,0.0,9000,股
2026-08-28,2882,國泰金融,0.0,9000,股
2026-08-28,2883,凱基金融,0.0,9000,股
2026-08-28,2884,玉山金融,0.0,9000,股
2026-08-28,2885,元大金融,0.0,9360,股
2026-08-28,2886,兆豐金融,0.0,9000,股
2026-08-28,2887,台新新光,0.0,9000,股
2026-08-28,2890,永豐金融,0.0,9000,股
2026-08-28,2891,中國信託,0.0,9000,股
2026-08-28,2912,統一超商,0.0,1000,股
2026-08-28,3036,文曄科技,0.0,1000,股
2026-08-28,3044,健鼎科技,0.0,1000,股
2026-08-28,3231,緯創資通,0.0,9000,股
2026-08-28,3665,貿聯-KY,0.0,1000,股
2026-08-28,5347,世界先進,0.0,9000,股
2026-08-28,PFUR_NTD,PAYABLES FOR UNITS REDEEMED,-3.12,-2669596466,元
2026-08-31,2330,台灣積體,11.19,3800000,股
2026-08-31,2383,台光電子,9.27,1380000,股
2026-08-31,2408,南亞科技,9.18,13800000,股
2026-08-31,2059,川湖科技,8.68,500000,股
2026-08-31,3037,欣興電子,6.12,5000000,股
2026-08-31,3017,奇鋐科技,5.24,1250000,股
2026-08-31,6669,緯穎科技,5.04,580000,股
2026-08-31,2327,國巨股份,5.01,7500000,股
2026-08-31,8046,南亞電路,4.9,3250000,股
2026-08-31,2454,聯發科技,4.33,900000,股
2026-08-31,3189,景碩科技,4.11,4100000,股
2026-08-31,2345,智邦科技,3.99,1600000,股
2026-08-31,3081,聯亞光電,3.89,900000,股
2026-08-31,6274,台燿科技,3.52,2000000,股
2026-08-31,3653,健策精密,2.49,340000,股
2026-08-31,3026,禾伸堂企,2.45,2700000,股
2026-08-31,6223,旺矽科技,2.39,380000,股
2026-08-31,5274,信驊科技,2.37,120500,股
2026-08-31,8299,群聯電子,2.33,880000,股
2026-08-31,7769,鴻勁精密,2.15,300000,股
2026-08-31,DA_NTD,AFTER DEDUCTING SECURITIES PURCHASES AMOUNT,1.77,1448265623,元
2026-08-31,3008,大立光電,0.01,1000,股
2026-08-31,3711,日月光投,0.01,9000,股
2026-08-31,1216,統一企業,0.0,1000,股
2026-08-31,2308,台達電子,0.0,1000,股
2026-08-31,2313,華通電腦,0.0,1253,股
2026-08-31,2317,鴻海精密,0.0,9000,股
2026-08-31,2357,華碩電腦,0.0,1000,股
2026-08-31,2360,致茂電子,0.0,1000,股
2026-08-31,2379,瑞昱半導,0.0,1000,股
2026-08-31,2382,廣達電腦,0.0,9000,股
2026-08-31,2404,漢唐集成,0.0,1000,股
2026-08-31,2412,中華電信,0.0,1000,股
2026-08-31,2449,京元電子,0.0,1450,股
2026-08-31,2603,長榮海運,0.0,9000,股
2026-08-31,2880,華南金融,0.0,9090,股
2026-08-31,2881,富邦金融,0.0,9000,股
2026-08-31,2882,國泰金融,0.0,9000,股
2026-08-31,2883,凱基金融,0.0,9000,股
2026-08-31,2884,玉山金融,0.0,9000,股
2026-08-31,2885,元大金融,0.0,9360,股
2026-08-31,2886,兆豐金融,0.0,9000,股
2026-08-31,2887,台新新光,0.0,9000,股
2026-08-31,2890,永豐金融,0.0,9000,股
2026-08-31,2891,中國信託,0.0,9000,股
2026-08-31,2912,統一超商,0.0,1000,股
2026-08-31,3036,文曄科技,0.0,1000,股
2026-08-31,3044,健鼎科技,0.0,1000,股
2026-08-31,3231,緯創資通,0.0,9000,股
2026-08-31,3665,貿聯-KY,0.0,1000,股
2026-08-31,5347,世界先進,0.0,9000,股
2026-08-31,PFUR_NTD,PAYABLES FOR UNITS REDEEMED,-4.75,-3875001937,元
2026-09-01,2330,台灣積體,11.19,3800000,股
2026-09-01,2383,台光電子,9.39,1380000,股
2026-09-01,2408,南亞科技,8.63,13800000,股
2026-09-01,2059,川湖科技,8.54,500000,股
2026-09-01,3037,欣興電子,5.86,5000000,股
2026-09-01,6669,緯穎科技,5.46,580000,股
2026-09-01,2327,國巨股份,5.14,7500000,股
2026-09-01,3017,奇鋐科技,5.14,1250000,股
2026-09-01,8046,南亞電路,4.8,3250000,股
2026-09-01,2454,聯發科技,4.69,900000,股
2026-09-01,3189,景碩科技,4.32,4100000,股
2026-09-01,2345,智邦科技,4.26,1600000,股
2026-09-01,3081,聯亞光電,3.72,900000,股
2026-09-01,6274,台燿科技,3.5,2000000,股
2026-09-01,5274,信驊科技,2.49,120500,股
2026-09-01,6223,旺矽科技,2.48,380000,股
2026-09-01,3653,健策精密,2.41,340000,股
2026-09-01,3026,禾伸堂企,2.38,2700000,股
2026-09-01,DA_NTD,AFTER DEDUCTING SECURITIES PURCHASES AMOUNT,2.36,1956161199,元
2026-09-01,8299,群聯電子,2.26,880000,股
2026-09-01,7769,鴻勁精密,2.13,300000,股
2026-09-01,3008,大立光電,0.01,1000,股
2026-09-01,3711,日月光投,0.01,9000,股
2026-09-01,1216,統一企業,0.0,1000,股
2026-09-01,2303,聯華電子,0.0,9000,股
2026-09-01,2308,台達電子,0.0,1000,股
2026-09-01,2313,華通電腦,0.0,1253,股
2026-09-01,2317,鴻海精密,0.0,9000,股
2026-09-01,2357,華碩電腦,0.0,1000,股
2026-09-01,2360,致茂電子,0.0,1000,股
2026-09-01,2379,瑞昱半導,0.0,1000,股
2026-09-01,2382,廣達電腦,0.0,9000,股
2026-09-01,2412,中華電信,0.0,1000,股
2026-09-01,2449,京元電子,0.0,1450,股
2026-09-01,2603,長榮海運,0.0,9000,股
2026-09-01,2880,華南金融,0.0,9090,股
2026-09-01,2881,富邦金融,0.0,9000,股
2026-09-01,2882,國泰金融,0.0,9000,股
2026-09-01,2883,凱基金融,0.0,9000,股
2026-09-01,2884,玉山金融,0.0,9000,股
2026-09-01,2885,元大金融,0.0,9360,股
2026-09-01,2886,兆豐金融,0.0,9000,股
2026-09-01,2887,台新新光,0.0,9000,股
2026-09-01,2890,永豐金融,0.0,9000,股
2026-09-01,2891,中國信託,0.0,9000,股
2026-09-01,2912,統一超商,0.0,1000,股
2026-09-01,3036,文曄科技,0.0,1000,股
2026-09-01,3044,健鼎科技,0.0,1000,股
2026-09-01,3231,緯創資通,0.0,9000,股
2026-09-01,3665,貿聯-KY,0.0,1000,股
2026-09-01,5347,世界先進,0.0,9000,股
2026-09-01,PFUR_NTD,PAYABLES FOR UNITS REDEEMED,-4.32,-3584440106,元
2026-09-02,2330,台灣積體,11.23,3800000,股
2026-09-02,2383,台光電子,9.31,1380000,股
2026-09-02,2408,南亞科技,8.86,13800000,股
2026-09-02,2059,川湖科技,8.59,500000,股
2026-09-02,3037,欣興電子,6.03,5000000,股
2026-09-02,6669,緯穎科技,5.6,1730020,股
2026-09-02,3017,奇鋐科技,5.13,1250000,股
2026-09-02,2327,國巨股份,5.02,7500000,股
2026-09-02,8046,南亞電路,4.83,3250000,股
2026-09-02,2454,聯發科技,4.77,900000,股
2026-09-02,3189,景碩科技,4.3,4100000,股
2026-09-02,2345,智邦科技,3.85,1450000,股
2026-09-02,3081,聯亞光電,3.79,900000,股
2026-09-02,DA_NTD,AFTER DEDUCTING SECURITIES PURCHASES AMOUNT,3.71,2992862023,元
2026-09-02,6274,台燿科技,3.15,1800000,股
2026-09-02,5274,信驊科技,3.09,140500,股
2026-09-02,6223,旺矽科技,2.49,380000,股
2026-09-02,3653,健策精密,2.43,340000,股
2026-09-02,3026,禾伸堂企,2.3,2700000,股
2026-09-02,8299,群聯電子,2.0,780000,股
2026-09-02,7769,鴻勁精密,1.98,280000,股
2026-09-02,3008,大立光電,0.01,1000,股
2026-09-02,3711,日月光投,0.01,9000,股
2026-09-02,1216,統一企業,0.0,1000,股
2026-09-02,2303,聯華電子,0.0,9000,股
2026-09-02,2308,台達電子,0.0,1000,股
2026-09-02,2313,華通電腦,0.0,1253,股
2026-09-02,2317,鴻海精密,0.0,9000,股
2026-09-02,2357,華碩電腦,0.0,1000,股
2026-09-02,2360,致茂電子,0.0,1000,股
2026-09-02,2379,瑞昱半導,0.0,1000,股
2026-09-02,2382,廣達電腦,0.0,9000,股
2026-09-02,2412,中華電信,0.0,1000,股
2026-09-02,2449,京元電子,0.0,1450,股
2026-09-02,2603,長榮海運,0.0,9000,股
2026-09-02,2880,華南金融,0.0,9090,股
2026-09-02,2881,富邦金融,0.0,9000,股
2026-09-02,2882,國泰金融,0.0,9000,股
2026-09-02,2883,凱基金融,0.0,9000,股
2026-09-02,2884,玉山金融,0.0,9000,股
2026-09-02,2885,元大金融,0.0,9360,股
2026-09-02,2886,兆豐金融,0.0,9000,股
2026-09-02,2887,台新新光,0.0,9000,股
2026-09-02,2890,永豐金融,0.0,9000,股
2026-09-02,2891,中國信託,0.0,9000,股
2026-09-02,2912,統一超商,0.0,1000,股
2026-09-02,3036,文曄科技,0.0,1000,股
2026-09-02,3044,健鼎科技,0.0,1000,股
2026-09-02,3231,緯創資通,0.0,9000,股
2026-09-02,3665,貿聯-KY,0.0,1000,股
2026-09-02,5347,世界先進,0.0,9000,股
2026-09-02,PFUR_NTD,PAYABLES FOR UNITS REDEEMED,-3.75,-3022825760,元
2026-09-03,2330,台灣積體,11.69,3800000,股
2026-09-03,2383,台光電子,9.4,1380000,股
2026-09-03,2059,川湖科技,8.66,500000,股
2026-09-03,2408,南亞科技,8.48,13800000,股
2026-09-03,3037,欣興電子,5.94,5000000,股
2026-09-03,6669,緯穎科技,5.51,1730020,股
2026-09-03,3017,奇鋐科技,5.31,1250000,股
2026-09-03,2454,聯發科技,5.03,900000,股
2026-09-03,2327,國巨股份,4.93,7500000,股
2026-09-03,8046,南亞電路,4.52,3250000,股
2026-09-03,3189,景碩科技,4.09,4100000,股
2026-09-03,2345,智邦科技,3.9,1450000,股
2026-09-03,3081,聯亞光電,3.62,900000,股
2026-09-03,5274,信驊科技,3.23,140500,股
2026-09-03,6274,台燿科技,3.12,1800000,股
2026-09-03,6223,旺矽科技,2.47,380000,股
2026-09-03,3653,健策精密,2.46,340000,股
2026-09-03,3026,禾伸堂企,2.22,2700000,股
2026-09-03,7769,鴻勁精密,2.12,280000,股
2026-09-03,8299,群聯電子,2.01,780000,股
2026-09-03,DA_NTD,AFTER DEDUCTING SECURITIES PURCHASES AMOUNT,0.78,607245216,元
2026-09-03,3008,大立光電,0.01,1000,股
2026-09-03,3711,日月光投,0.01,9000,股
2026-09-03,1216,統一企業,0.0,1000,股
2026-09-03,2303,聯華電子,0.0,9000,股
2026-09-03,2308,台達電子,0.0,1000,股
2026-09-03,2313,華通電腦,0.0,1253,股
2026-09-03,2317,鴻海精密,0.0,9000,股
2026-09-03,2357,華碩電腦,0.0,1000,股
2026-09-03,2360,致茂電子,0.0,1000,股
2026-09-03,2379,瑞昱半導,0.0,1000,股
2026-09-03,2382,廣達電腦,0.0,9000,股
2026-09-03,2412,中華電信,0.0,1000,股
2026-09-03,2449,京元電子,0.0,1450,股
2026-09-03,2603,長榮海運,0.0,9000,股
2026-09-03,2880,華南金融,0.0,9090,股
2026-09-03,2881,富邦金融,0.0,9000,股
2026-09-03,2882,國泰金融,0.0,9000,股
2026-09-03,2883,凱基金融,0.0,9000,股
2026-09-03,2884,玉山金融,0.0,9000,股
2026-09-03,2885,元大金融,0.0,9360,股
2026-09-03,2886,兆豐金融,0.0,9000,股
2026-09-03,2887,台新新光,0.0,9000,股
2026-09-03,2890,永豐金融,0.0,9000,股
2026-09-03,2891,中國信託,0.0,9000,股
2026-09-03,2912,統一超商,0.0,1000,股
2026-09-03,3036,文曄科技,0.0,1000,股
2026-09-03,3044,健鼎科技,0.0,1000,股
2026-09-03,3231,緯創資通,0.0,9000,股
2026-09-03,3665,貿聯-KY,0.0,1000,股
2026-09-03,5347,世界先進,0.0,9000,股
2026-09-03,PFUR_NTD,PAYABLES FOR UNITS REDEEMED,-0.82,-636123204,元
2026-09-04,2330,台灣積體,11.49,3800000,股
2026-09-04,2383,台光電子,9.37,1380000,股
2026-09-04,2059,川湖科技,8.69,500000,股
2026-09-04,2408,南亞科技,8.59,13800000,股
2026-09-04,3037,欣興電子,5.66,5000000,股
2026-09-04,3017,奇鋐科技,5.6,1250000,股
2026-09-04,6669,緯穎科技,5.57,1730020,股
2026-09-04,2327,國巨股份,5.29,7500000,股
2026-09-04,2454,聯發科技,4.99,900000,股
2026-09-04,8046,南亞電路,4.3,3250000,股
2026-09-04,3189,景碩科技,4.21,4100000,股
2026-09-04,2345,智邦科技,3.82,1450000,股
2026-09-04,3081,聯亞光電,3.58,900000,股
2026-09-04,5274,信驊科技,3.08,140500,股
2026-09-04,6274,台燿科技,3.08,1800000,股
2026-09-04,3653,健策精密,2.51,340000,股
2026-09-04,6223,旺矽科技,2.46,380000,股
2026-09-04,3026,禾伸堂企,2.37,2700000,股
2026-09-04,7769,鴻勁精密,2.1,280000,股
2026-09-04,8299,群聯電子,1.97,780000,股
2026-09-04,DA_NTD,AFTER DEDUCTING SECURITIES PURCHASES AMOUNT,1.82,1449758142,元
2026-09-04,3008,大立光電,0.01,1000,股
2026-09-04,3711,日月光投,0.01,9000,股
2026-09-04,1216,統一企業,0.0,1000,股
2026-09-04,2303,聯華電子,0.0,9000,股
2026-09-04,2308,台達電子,0.0,1000,股
2026-09-04,2313,華通電腦,0.0,1253,股
2026-09-04,2317,鴻海精密,0.0,9000,股
2026-09-04,2357,華碩電腦,0.0,1000,股
2026-09-04,2360,致茂電子,0.0,1000,股
2026-09-04,2379,瑞昱半導,0.0,1000,股
2026-09-04,2382,廣達電腦,0.0,9000,股
2026-09-04,2412,中華電信,0.0,1000,股
2026-09-04,2449,京元電子,0.0,1450,股
2026-09-04,2603,長榮海運,0.0,9000,股
2026-09-04,2880,華南金融,0.0,9090,股
2026-09-04,2881,富邦金融,0.0,9000,股
2026-09-04,2882,國泰金融,0.0,9000,股
2026-09-04,2883,凱基金融,0.0,9000,股
2026-09-04,2884,玉山金融,0.0,9000,股
2026-09-04,2885,元大金融,0.0,9360,股
2026-09-04,2886,兆豐金融,0.0,9000,股
2026-09-04,2887,台新新光,0.0,9000,股
2026-09-04,2890,永豐金融,0.0,9000,股
2026-09-04,2891,中國信託,0.0,9000,股
2026-09-04,2912,統一超商,0.0,1000,股
2026-09-04,3036,文曄科技,0.0,1000,股
2026-09-04,3044,健鼎科技,0.0,1000,股
2026-09-04,3231,緯創資通,0.0,9000,股
2026-09-04,3665,貿聯-KY,0.0,1000,股
2026-09-04,5347,世界先進,0.0,9000,股
2026-09-04,PFUR_NTD,PAYABLES FOR UNITS REDEEMED,-0.7,-554072238,元
2026-09-07,2330,台灣積體,11.5,3800000,股
2026-09-07,2383,台光電子,9.33,1380000,股
2026-09-07,2408,南亞科技,8.78,13800000,股
2026-09-07,2059,川湖科技,8.55,500000,股
2026-09-07,3037,欣興電子,5.84,5000000,股
2026-09-07,2327,國巨股份,5.43,7500000,股
2026-09-07,6669,緯穎科技,5.3,1730020,股
2026-09-07,2454,聯發科技,5.27,900000,股
2026-09-07,3017,奇鋐科技,5.26,1250000,股
2026-09-07,8046,南亞電路,4.2,3250000,股
2026-09-07,3189,景碩科技,4.1,4100000,股
2026-09-07,2345,智邦科技,3.75,1450000,股
2026-09-07,3081,聯亞光電,3.4,900000,股
2026-09-07,5274,信驊科技,3.32,140500,股
2026-09-07,6274,台燿科技,3.03,1800000,股
2026-09-07,6223,旺矽科技,2.57,380000,股
2026-09-07,3026,禾伸堂企,2.56,2700000,股
2026-09-07,3653,健策精密,2.37,340000,股
2026-09-07,7769,鴻勁精密,2.26,280000,股
2026-09-07,8299,群聯電子,2.01,780000,股
2026-09-07,DA_NTD,AFTER DEDUCTING SECURITIES PURCHASES AMOUNT,1.1,895685904,元
2026-09-07,3008,大立光電,0.01,1000,股
2026-09-07,3711,日月光投,0.01,9000,股
2026-09-07,1216,統一企業,0.0,1000,股
2026-09-07,2303,聯華電子,0.0,9000,股
2026-09-07,2308,台達電子,0.0,1000,股
2026-09-07,2313,華通電腦,0.0,1253,股
2026-09-07,2317,鴻海精密,0.0,9000,股
2026-09-07,2357,華碩電腦,0.0,1000,股
2026-09-07,2360,致茂電子,0.0,1000,股
2026-09-07,2379,瑞昱半導,0.0,1000,股
2026-09-07,2382,廣達電腦,0.0,9000,股
2026-09-07,2412,中華電信,0.0,1000,股
2026-09-07,2449,京元電子,0.0,1450,股
2026-09-07,2603,長榮海運,0.0,9000,股
2026-09-07,2880,華南金融,0.0,9090,股
2026-09-07,2881,富邦金融,0.0,9000,股
2026-09-07,2882,國泰金融,0.0,9000,股
2026-09-07,2883,凱基金融,0.0,9000,股
2026-09-07,2884,玉山金融,0.0,9000,股
2026-09-07,2885,元大金融,0.0,9360,股
2026-09-07,2886,兆豐金融,0.0,9000,股
2026-09-07,2887,台新新光,0.0,9000,股
2026-09-07,2890,永豐金融,0.0,9000,股
2026-09-07,2891,中國信託,0.0,9000,股
2026-09-07,2912,統一超商,0.0,1000,股
2026-09-07,3036,文曄科技,0.0,1000,股
2026-09-07,3044,健鼎科技,0.0,1000,股
2026-09-07,3231,緯創資通,0.0,9000,股
2026-09-07,3665,貿聯-KY,0.0,1000,股
2026-09-07,5347,世界先進,0.0,9000,股
2026-09-07,PFUR_NTD,PAYABLES FOR UNITS REDEEMED,-0.04,-36036212,元
2026-09-08,2330,台灣積體,11.8,3800000,股
2026-09-08,2383,台光電子,9.27,1380000,股
2026-09-08,2408,南亞科技,9.21,13800000,股
2026-09-08,2059,川湖科技,7.87,500000,股
2026-09-08,3037,欣興電子,6.0,5000000,股
2026-09-08,2327,國巨股份,5.35,7500000,股
2026-09-08,2454,聯發科技,5.33,900000,股
2026-09-08,3017,奇鋐科技,5.16,1250000,股
2026-09-08,6669,緯穎科技,5.09,1730020,股
2026-09-08,8046,南亞電路,4.19,3250000,股
2026-09-08,3189,景碩科技,4.12,4100000,股
2026-09-08,2345,智邦科技,3.56,1450000,股
2026-09-08,5274,信驊科技,3.4,140500,股
2026-09-08,3081,聯亞光電,3.24,900000,股
2026-09-08,6274,台燿科技,3.04,1800000,股
2026-09-08,6223,旺矽科技,2.77,380000,股
2026-09-08,3026,禾伸堂企,2.54,2700000,股
2026-09-08,7769,鴻勁精密,2.45,280000,股
2026-09-08,3653,健策精密,2.37,340000,股
2026-09-08,8299,群聯電子,2.05,780000,股
2026-09-08,DA_NTD,AFTER DEDUCTING SECURITIES PURCHASES AMOUNT,1.13,895685904,元
2026-09-08,3008,大立光電,0.01,1000,股
2026-09-08,3711,日月光投,0.01,9000,股
2026-09-08,1216,統一企業,0.0,1000,股
2026-09-08,2303,聯華電子,0.0,9000,股
2026-09-08,2308,台達電子,0.0,1000,股
2026-09-08,2313,華通電腦,0.0,1253,股
2026-09-08,2317,鴻海精密,0.0,9000,股
2026-09-08,2357,華碩電腦,0.0,1000,股
2026-09-08,2360,致茂電子,0.0,1000,股
2026-09-08,2379,瑞昱半導,0.0,1000,股
2026-09-08,2382,廣達電腦,0.0,9000,股
2026-09-08,2412,中華電信,0.0,1000,股
2026-09-08,2449,京元電子,0.0,1450,股
2026-09-08,2603,長榮海運,0.0,9000,股
2026-09-08,2880,華南金融,0.0,9090,股
2026-09-08,2881,富邦金融,0.0,9000,股
2026-09-08,2882,國泰金融,0.0,9000,股
2026-09-08,2883,凱基金融,0.0,9000,股
2026-09-08,2884,玉山金融,0.0,9000,股
2026-09-08,2885,元大金融,0.0,9360,股
2026-09-08,2886,兆豐金融,0.0,9000,股
2026-09-08,2887,台新新光,0.0,9000,股
2026-09-08,2890,永豐金融,0.0,9000,股
2026-09-08,2891,中國信託,0.0,9000,股
2026-09-08,2912,統一超商,0.0,1000,股
2026-09-08,3036,文曄科技,0.0,1000,股
2026-09-08,3044,健鼎科技,0.0,1000,股
2026-09-08,3231,緯創資通,0.0,9000,股
2026-09-08,3665,貿聯-KY,0.0,1000,股
2026-09-08,5347,世界先進,0.0,9000,股
2026-09-08,PFUR_NTD,PAYABLES FOR UNITS REDEEMED,-0.08,-62483753,元
2026-09-09,2330,台灣積體,11.76,3800000,股
2026-09-09,2383,台光電子,9.31,1380000,股
2026-09-09,2408,南亞科技,9.06,13800000,股
2026-09-09,2059,川湖科技,7.78,500000,股
2026-09-09,3037,欣興電子,6.23,5000000,股
2026-09-09,2454,聯發科技,5.81,1000000,股
2026-09-09,2327,國巨股份,5.32,7500000,股
2026-09-09,3017,奇鋐科技,5.3,1250000,股
2026-09-09,8046,南亞電路,4.53,3250000,股
2026-09-09,6669,緯穎科技,4.38,1500020,股
2026-09-09,3189,景碩科技,4.18,4100000,股
2026-09-09,2345,智邦科技,3.42,1350000,股
2026-09-09,5274,信驊科技,3.28,140500,股
2026-09-09,3081,聯亞光電,3.22,900000,股
2026-09-09,6223,旺矽科技,3.17,450000,股
2026-09-09,3026,禾伸堂企,2.57,2700000,股
2026-09-09,6274,台燿科技,2.53,1500000,股
2026-09-09,3653,健策精密,2.46,340000,股
2026-09-09,7769,鴻勁精密,2.36,280000,股
2026-09-09,8299,群聯電子,2.04,780000,股
2026-09-09,DA_NTD,AFTER DEDUCTING SECURITIES PURCHASES AMOUNT,0.03,20654092,元
2026-09-09,3008,大立光電,0.01,1000,股
2026-09-09,3711,日月光投,0.01,9000,股
2026-09-09,1216,統一企業,0.0,1000,股
2026-09-09,2303,聯華電子,0.0,9000,股
2026-09-09,2308,台達電子,0.0,1000,股
2026-09-09,2313,華通電腦,0.0,1253,股
2026-09-09,2317,鴻海精密,0.0,9000,股
2026-09-09,2357,華碩電腦,0.0,1000,股
2026-09-09,2360,致茂電子,0.0,1000,股
2026-09-09,2379,瑞昱半導,0.0,1000,股
2026-09-09,2382,廣達電腦,0.0,9000,股
2026-09-09,2412,中華電信,0.0,1000,股
2026-09-09,2449,京元電子,0.0,1450,股
2026-09-09,2603,長榮海運,0.0,9000,股
2026-09-09,2880,華南金融,0.0,9090,股
2026-09-09,2881,富邦金融,0.0,9000,股
2026-09-09,2882,國泰金融,0.0,9000,股
2026-09-09,2883,凱基金融,0.0,9000,股
2026-09-09,2884,玉山金融,0.0,9000,股
2026-09-09,2885,元大金融,0.0,9360,股
2026-09-09,2886,兆豐金融,0.0,9000,股
2026-09-09,2887,台新新光,0.0,9000,股
2026-09-09,2890,永豐金融,0.0,9000,股
2026-09-09,2891,中國信託,0.0,9000,股
2026-09-09,2912,統一超商,0.0,1000,股
2026-09-09,3036,文曄科技,0.0,1000,股
2026-09-09,3044,健鼎科技,0.0,1000,股
2026-09-09,3231,緯創資通,0.0,9000,股
2026-09-09,3665,貿聯-KY,0.0,1000,股
2026-09-09,5347,世界先進,0.0,9000,股
2026-09-09,PFUR_NTD,PAYABLES FOR UNITS REDEEMED,-0.32,-257202981,元
2026-09-10,2330,台灣積體,11.69,3800000,股
2026-09-10,2383,台光電子,9.31,1380000,股
2026-09-10,2408,南亞科技,8.92,13800000,股
2026-09-10,2059,川湖科技,7.91,500000,股
2026-09-10,3037,欣興電子,6.24,5000000,股
2026-09-10,2454,聯發科技,5.93,1000000,股
2026-09-10,3017,奇鋐科技,5.43,1250000,股
2026-09-10,2327,國巨股份,5.39,7500000,股
2026-09-10,6669,緯穎科技,4.42,1500020,股
2026-09-10,8046,南亞電路,4.37,3250000,股
2026-09-10,3189,景碩科技,4.26,4100000,股
2026-09-10,2345,智邦科技,3.33,1350000,股
2026-09-10,5274,信驊科技,3.3,140500,股
2026-09-10,3081,聯亞光電,3.2,900000,股
2026-09-10,6223,旺矽科技,3.17,450000,股
2026-09-10,3026,禾伸堂企,2.72,2700000,股
2026-09-10,6274,台燿科技,2.63,1500000,股
2026-09-10,3653,健策精密,2.47,340000,股
2026-09-10,7769,鴻勁精密,2.03,250000,股
2026-09-10,8299,群聯電子,2.02,780000,股
2026-09-10,3008,大立光電,0.01,1000,股
2026-09-10,3711,日月光投,0.01,9000,股
2026-09-10,1216,統一企業,0.0,1000,股
2026-09-10,2303,聯華電子,0.0,9000,股
2026-09-10,2308,台達電子,0.0,1000,股
2026-09-10,2313,華通電腦,0.0,1253,股
2026-09-10,2317,鴻海精密,0.0,9000,股
2026-09-10,2357,華碩電腦,0.0,1000,股
2026-09-10,2360,致茂電子,0.0,1000,股
2026-09-10,2379,瑞昱半導,0.0,1000,股
2026-09-10,2382,廣達電腦,0.0,9000,股
2026-09-10,2412,中華電信,0.0,1000,股
2026-09-10,2449,京元電子,0.0,1450,股
2026-09-10,2603,長榮海運,0.0,9000,股
2026-09-10,2880,華南金融,0.0,9090,股
2026-09-10,2881,富邦金融,0.0,9000,股
2026-09-10,2882,國泰金融,0.0,9000,股
2026-09-10,2883,凱基金融,0.0,9000,股
2026-09-10,2884,玉山金融,0.0,9000,股
2026-09-10,2885,元大金融,0.0,9360,股
2026-09-10,2886,兆豐金融,0.0,9000,股
2026-09-10,2887,台新新光,0.0,9000,股
2026-09-10,2890,永豐金融,0.0,9000,股
2026-09-10,2891,中國信託,0.0,9000,股
2026-09-10,2912,統一超商,0.0,1000,股
2026-09-10,3036,文曄科技,0.0,1000,股
2026-09-10,3044,健鼎科技,0.0,1000,股
2026-09-10,3231,緯創資通,0.0,9000,股
2026-09-10,3665,貿聯-KY,0.0,1000,股
2026-09-10,5347,世界先進,0.0,9000,股
2026-09-10,DA_NTD,AFTER DEDUCTING SECURITIES PURCHASES AMOUNT,-0.02,-15340630,元
2026-09-10,PFUR_NTD,PAYABLES FOR UNITS REDEEMED,-0.51,-407494351,元
2026-09-11,2330,台灣積體,11.8,3800000,股
2026-09-11,2383,台光電子,9.54,1380000,股
2026-09-11,2408,南亞科技,8.77,13800000,股
2026-09-11,2059,川湖科技,7.78,500000,股
2026-09-11,3037,欣興電子,6.42,5100000,股
2026-09-11,2454,聯發科技,5.91,1000000,股
2026-09-11,3017,奇鋐科技,5.43,1250000,股
2026-09-11,2327,國巨股份,5.26,7500000,股
2026-09-11,8046,南亞電路,4.59,3300000,股
2026-09-11,3189,景碩科技,4.5,4250000,股
2026-09-11,6669,緯穎科技,4.46,1500020,股
2026-09-11,3081,聯亞光電,3.26,900000,股
2026-09-11,6223,旺矽科技,3.26,450000,股
2026-09-11,5274,信驊科技,3.24,140500,股
2026-09-11,2345,智邦科技,2.67,1100000,股
2026-09-11,6274,台燿科技,2.64,1500000,股
2026-09-11,3026,禾伸堂企,2.59,2700000,股
2026-09-11,3653,健策精密,2.53,340000,股
2026-09-11,7769,鴻勁精密,2.03,250000,股
2026-09-11,3711,日月光投,1.99,2500000,股
2026-09-11,3008,大立光電,0.01,1000,股
2026-09-11,1216,統一企業,0.0,1000,股
2026-09-11,2303,聯華電子,0.0,9000,股
2026-09-11,2308,台達電子,0.0,1000,股
2026-09-11,2313,華通電腦,0.0,1253,股
2026-09-11,2317,鴻海精密,0.0,9000,股
2026-09-11,2357,華碩電腦,0.0,1000,股
2026-09-11,2360,致茂電子,0.0,1000,股
2026-09-11,2379,瑞昱半導,0.0,1000,股
2026-09-11,2382,廣達電腦,0.0,9000,股
2026-09-11,2412,中華電信,0.0,1000,股
2026-09-11,2449,京元電子,0.0,1450,股
2026-09-11,2603,長榮海運,0.0,9000,股
2026-09-11,2880,華南金融,0.0,9090,股
2026-09-11,2881,富邦金融,0.0,9000,股
2026-09-11,2882,國泰金融,0.0,9000,股
2026-09-11,2883,凱基金融,0.0,9000,股
2026-09-11,2884,玉山金融,0.0,9000,股
2026-09-11,2885,元大金融,0.0,9360,股
2026-09-11,2886,兆豐金融,0.0,9000,股
2026-09-11,2887,台新新光,0.0,9000,股
2026-09-11,2890,永豐金融,0.0,9000,股
2026-09-11,2891,中國信託,0.0,9000,股
2026-09-11,2912,統一超商,0.0,1000,股
2026-09-11,3036,文曄科技,0.0,1000,股
2026-09-11,3044,健鼎科技,0.0,1000,股
2026-09-11,3231,緯創資通,0.0,9000,股
2026-09-11,3665,貿聯-KY,0.0,1000,股
2026-09-11,5347,世界先進,0.0,9000,股
2026-09-11,8299,群聯電子,0.0,1000,股
2026-09-11,PFUR_NTD,PAYABLES FOR UNITS REDEEMED,-0.67,-519608986,元
2026-09-11,DA_NTD,AFTER DEDUCTING SECURITIES PURCHASES AMOUNT,-0.91,-707183244,元
2026-09-14,2330,台灣積體,11.79,3800000,股
2026-09-14,2383,台光電子,9.62,1380000,股
2026-09-14,2408,南亞科技,8.51,13800000,股
2026-09-14,2059,川湖科技,7.81,500000,股
2026-09-14,3037,欣興電子,6.45,5100000,股
2026-09-14,2454,聯發科技,5.94,1000000,股
2026-09-14,3017,奇鋐科技,5.39,1250000,股
2026-09-14,2327,國巨股份,5.33,7500000,股
2026-09-14,8046,南亞電路,4.54,3300000,股
2026-09-14,6669,緯穎科技,4.44,1500020,股
2026-09-14,3189,景碩科技,4.42,4250000,股
2026-09-14,5274,信驊科技,3.29,140500,股
2026-09-14,6223,旺矽科技,3.28,450000,股
2026-09-14,3081,聯亞光電,3.22,900000,股
2026-09-14,6274,台燿科技,2.76,1500000,股
2026-09-14,2345,智邦科技,2.69,1100000,股
2026-09-14,3653,健策精密,2.58,340000,股
2026-09-14,3026,禾伸堂企,2.57,2700000,股
2026-09-14,7769,鴻勁精密,2.06,250000,股
2026-09-14,3711,日月光投,1.99,2500000,股
2026-09-14,3008,大立光電,0.01,1000,股
2026-09-14,1216,統一企業,0.0,1000,股
2026-09-14,2303,聯華電子,0.0,9000,股
2026-09-14,2308,台達電子,0.0,1000,股
2026-09-14,2313,華通電腦,0.0,1253,股
2026-09-14,2317,鴻海精密,0.0,9000,股
2026-09-14,2357,華碩電腦,0.0,1000,股
2026-09-14,2360,致茂電子,0.0,1000,股
2026-09-14,2379,瑞昱半導,0.0,1000,股
2026-09-14,2382,廣達電腦,0.0,9000,股
2026-09-14,2412,中華電信,0.0,1000,股
2026-09-14,2449,京元電子,0.0,1450,股
2026-09-14,2603,長榮海運,0.0,9000,股
2026-09-14,2880,華南金融,0.0,9090,股
2026-09-14,2881,富邦金融,0.0,9000,股
2026-09-14,2882,國泰金融,0.0,9000,股
2026-09-14,2883,凱基金融,0.0,9000,股
2026-09-14,2884,玉山金融,0.0,9000,股
2026-09-14,2885,元大金融,0.0,9360,股
2026-09-14,2886,兆豐金融,0.0,9000,股
2026-09-14,2887,台新新光,0.0,9000,股
2026-09-14,2890,永豐金融,0.0,9000,股
2026-09-14,2891,中國信託,0.0,9000,股
2026-09-14,2912,統一超商,0.0,1000,股
2026-09-14,3036,文曄科技,0.0,1000,股
2026-09-14,3044,健鼎科技,0.0,1000,股
2026-09-14,3231,緯創資通,0.0,9000,股
2026-09-14,3665,貿聯-KY,0.0,1000,股
2026-09-14,5347,世界先進,0.0,9000,股
2026-09-14,8299,群聯電子,0.0,1000,股
2026-09-14,PFUR_NTD,PAYABLES FOR UNITS REDEEMED,-0.46,-350577642,元
2026-09-14,DA_NTD,AFTER DEDUCTING SECURITIES PURCHASES AMOUNT,-0.92,-708410046,元
2026-09-15,2330,台灣積體,12.05,3800000,股
2026-09-15,2383,台光電子,9.38,1380000,股
2026-09-15,2408,南亞科技,8.54,13800000,股
2026-09-15,2059,川湖科技,7.79,500000,股
2026-09-15,3037,欣興電子,6.45,5100000,股
2026-09-15,2454,聯發科技,5.89,1000000,股
2026-09-15,2327,國巨股份,5.35,7500000,股
2026-09-15,3017,奇鋐科技,5.18,1250000,股
2026-09-15,8046,南亞電路,4.76,3300000,股
2026-09-15,6669,緯穎科技,4.62,1500020,股
2026-09-15,3189,景碩科技,4.49,4250000,股
2026-09-15,5274,信驊科技,3.27,140500,股
2026-09-15,6223,旺矽科技,3.25,450000,股
2026-09-15,3081,聯亞光電,3.2,900000,股
2026-09-15,6274,台燿科技,2.73,1500000,股
2026-09-15,2345,智邦科技,2.69,1100000,股
2026-09-15,3026,禾伸堂企,2.61,2700000,股
2026-09-15,3653,健策精密,2.4,340000,股
2026-09-15,7769,鴻勁精密,2.04,250000,股
2026-09-15,3711,日月光投,1.97,2500000,股
2026-09-15,DA_NTD,AFTER DEDUCTING SECURITIES PURCHASES AMOUNT,1.44,1081126353,元
2026-09-15,3008,大立光電,0.01,1000,股
2026-09-15,1216,統一企業,0.0,1000,股
2026-09-15,2303,聯華電子,0.0,9000,股
2026-09-15,2308,台達電子,0.0,1000,股
2026-09-15,2313,華通電腦,0.0,1253,股
2026-09-15,2317,鴻海精密,0.0,9000,股
2026-09-15,2357,華碩電腦,0.0,1000,股
2026-09-15,2360,致茂電子,0.0,1000,股
2026-09-15,2379,瑞昱半導,0.0,1000,股
2026-09-15,2382,廣達電腦,0.0,9000,股
2026-09-15,2412,中華電信,0.0,1000,股
2026-09-15,2449,京元電子,0.0,1450,股
2026-09-15,2603,長榮海運,0.0,9000,股
2026-09-15,2880,華南金融,0.0,9090,股
2026-09-15,2881,富邦金融,0.0,9000,股
2026-09-15,2882,國泰金融,0.0,9000,股
2026-09-15,2883,凱基金融,0.0,9000,股
2026-09-15,2884,玉山金融,0.0,9000,股
2026-09-15,2885,元大金融,0.0,9360,股
2026-09-15,2886,兆豐金融,0.0,9000,股
2026-09-15,2887,台新新光,0.0,9000,股
2026-09-15,2890,永豐金融,0.0,9000,股
2026-09-15,2891,中國信託,0.0,9000,股
2026-09-15,2912,統一超商,0.0,1000,股
2026-09-15,3036,文曄科技,0.0,1000,股
2026-09-15,3044,健鼎科技,0.0,1000,股
2026-09-15,3231,緯創資通,0.0,9000,股
2026-09-15,3665,貿聯-KY,0.0,1000,股
2026-09-15,5347,世界先進,0.0,9000,股
2026-09-15,8299,群聯電子,0.0,1000,股
2026-09-15,PFUR_NTD,PAYABLES FOR UNITS REDEEMED,-0.22,-164250060,元
2026-09-16,2330,台灣積體,11.84,3800000,股
2026-09-16,2383,台光電子,9.19,1380000,股
2026-09-16,2408,南亞科技,8.9,13800000,股
2026-09-16,2059,川湖科技,7.89,500000,股
2026-09-16,3037,欣興電子,6.42,5100000,股
2026-09-16,2454,聯發科技,6.41,1080000,股
2026-09-16,2327,國巨股份,5.26,7500000,股
2026-09-16,3017,奇鋐科技,5.2,1250000,股
2026-09-16,8046,南亞電路,4.77,3300000,股
2026-09-16,3189,景碩科技,4.56,4250000,股
2026-09-16,6669,緯穎科技,4.25,1500020,股
2026-09-16,5274,信驊科技,3.36,140500,股
2026-09-16,3081,聯亞光電,3.31,900000,股
2026-09-16,6223,旺矽科技,3.3,450000,股
2026-09-16,3026,禾伸堂企,2.73,2700000,股
2026-09-16,2345,智邦科技,2.65,1100000,股
2026-09-16,6274,台燿科技,2.59,1400000,股
2026-09-16,7769,鴻勁精密,2.01,250000,股
2026-09-16,3653,健策精密,1.99,290000,股
2026-09-16,3711,日月光投,1.98,2500000,股
2026-09-16,DA_NTD,AFTER DEDUCTING SECURITIES PURCHASES AMOUNT,0.75,576399932,元
2026-09-16,3008,大立光電,0.01,1000,股
2026-09-16,1216,統一企業,0.0,1000,股
2026-09-16,2303,聯華電子,0.0,9000,股
2026-09-16,2308,台達電子,0.0,1000,股
2026-09-16,2313,華通電腦,0.0,1253,股
2026-09-16,2317,鴻海精密,0.0,9000,股
2026-09-16,2357,華碩電腦,0.0,1000,股
2026-09-16,2360,致茂電子,0.0,1000,股
2026-09-16,2379,瑞昱半導,0.0,1000,股
2026-09-16,2382,廣達電腦,0.0,9000,股
2026-09-16,2412,中華電信,0.0,1000,股
2026-09-16,2449,京元電子,0.0,1450,股
2026-09-16,2603,長榮海運,0.0,9000,股
2026-09-16,2880,華南金融,0.0,9090,股
2026-09-16,2881,富邦金融,0.0,9000,股
2026-09-16,2882,國泰金融,0.0,9000,股
2026-09-16,2883,凱基金融,0.0,9000,股
2026-09-16,2884,玉山金融,0.0,9000,股
2026-09-16,2885,元大金融,0.0,9360,股
2026-09-16,2886,兆豐金融,0.0,9000,股
2026-09-16,2887,台新新光,0.0,9000,股
2026-09-16,2890,永豐金融,0.0,9000,股
2026-09-16,2891,中國信託,0.0,9000,股
2026-09-16,2912,統一超商,0.0,1000,股
2026-09-16,3036,文曄科技,0.0,1000,股
2026-09-16,3044,健鼎科技,0.0,1000,股
2026-09-16,3231,緯創資通,0.0,9000,股
2026-09-16,3665,貿聯-KY,0.0,1000,股
2026-09-16,5347,世界先進,0.0,9000,股
2026-09-16,8299,群聯電子,0.0,1000,股
2026-09-16,PFUR_NTD,PAYABLES FOR UNITS REDEEMED,-0.03,-25687884,元
2026-09-17,2330,台灣積體,12.23,3800000,股
2026-09-17,2408,南亞科技,8.94,13800000,股
2026-09-17,2383,台光電子,8.6,1380000,股
2026-09-17,2059,川湖科技,8.16,500000,股
2026-09-17,2454,聯發科技,6.45,1080000,股
2026-09-17,3037,欣興電子,6.36,5100000,股
2026-09-17,3017,奇鋐科技,5.29,1250000,股
2026-09-17,2327,國巨股份,5.27,7500000,股
2026-09-17,8046,南亞電路,4.67,3300000,股
2026-09-17,3189,景碩科技,4.54,4250000,股
2026-09-17,5274,信驊科技,3.41,140500,股
2026-09-17,6223,旺矽科技,3.29,450000,股
2026-09-17,6669,緯穎科技,3.26,1150020,股
2026-09-17,3081,聯亞光電,3.25,900000,股
2026-09-17,3026,禾伸堂企,2.72,2700000,股
2026-09-17,1303,南亞塑膠,2.1,6700000,股
2026-09-17,3653,健策精密,2.06,290000,股
2026-09-17,2303,聯華電子,2.04,10400000,股
2026-09-17,3711,日月光投,2.04,2500000,股
2026-09-17,7769,鴻勁精密,2.04,250000,股
2026-09-17,2345,智邦科技,2.03,850000,股
2026-09-17,3008,大立光電,0.01,1000,股
2026-09-17,1216,統一企業,0.0,1000,股
2026-09-17,2308,台達電子,0.0,1000,股
2026-09-17,2313,華通電腦,0.0,1253,股
2026-09-17,2317,鴻海精密,0.0,9000,股
2026-09-17,2357,華碩電腦,0.0,1000,股
2026-09-17,2360,致茂電子,0.0,1000,股
2026-09-17,2379,瑞昱半導,0.0,1000,股
2026-09-17,2382,廣達電腦,0.0,9000,股
2026-09-17,2412,中華電信,0.0,1000,股
2026-09-17,2449,京元電子,0.0,1450,股
2026-09-17,2603,長榮海運,0.0,9000,股
2026-09-17,2880,華南金融,0.0,9090,股
2026-09-17,2881,富邦金融,0.0,9000,股
2026-09-17,2882,國泰金融,0.0,9000,股
2026-09-17,2883,凱基金融,0.0,9000,股
2026-09-17,2884,玉山金融,0.0,9000,股
2026-09-17,2885,元大金融,0.0,9360,股
2026-09-17,2886,兆豐金融,0.0,9000,股
2026-09-17,2887,台新新光,0.0,9000,股
2026-09-17,2890,永豐金融,0.0,9000,股
2026-09-17,2891,中國信託,0.0,9000,股
2026-09-17,3036,文曄科技,0.0,1000,股
2026-09-17,3044,健鼎科技,0.0,1000,股
2026-09-17,3231,緯創資通,0.0,9000,股
2026-09-17,3665,貿聯-KY,0.0,1000,股
2026-09-17,5347,世界先進,0.0,9000,股
2026-09-17,6274,台燿科技,0.0,1000,股
2026-09-17,8299,群聯電子,0.0,1000,股
2026-09-17,PFUR_NTD,PAYABLES FOR UNITS REDEEMED,0.0,0,元
2026-09-17,DA_NTD,AFTER DEDUCTING SECURITIES PURCHASES AMOUNT,-3.43,-2581319605,元
2026-09-18,2330,台灣積體,11.94,3800000,股
2026-09-18,2408,南亞科技,9.25,13800000,股
2026-09-18,2383,台光電子,8.62,1380000,股
2026-09-18,2059,川湖科技,7.98,500000,股
2026-09-18,2454,聯發科技,6.5,1080000,股
2026-09-18,3037,欣興電子,6.39,5100000,股
2026-09-18,3017,奇鋐科技,5.47,1250000,股
2026-09-18,2327,國巨股份,5.27,7500000,股
2026-09-18,8046,南亞電路,4.64,3300000,股
2026-09-18,3189,景碩科技,4.52,4250000,股
2026-09-18,5274,信驊科技,3.46,140500,股
2026-09-18,6223,旺矽科技,3.33,450000,股
2026-09-18,3081,聯亞光電,3.31,900000,股
2026-09-18,6669,緯穎科技,3.14,1150020,股
2026-09-18,3026,禾伸堂企,2.75,2700000,股
2026-09-18,7769,鴻勁精密,2.09,250000,股
2026-09-18,2303,聯華電子,2.07,10400000,股
2026-09-18,3653,健策精密,2.05,290000,股
2026-09-18,1303,南亞塑膠,2.04,6700000,股
2026-09-18,3711,日月光投,2.04,2500000,股
2026-09-18,2345,智邦科技,2.01,850000,股
2026-09-18,3008,大立光電,0.01,1000,股
2026-09-18,1216,統一企業,0.0,1000,股
2026-09-18,2308,台達電子,0.0,1000,股
2026-09-18,2313,華通電腦,0.0,1253,股
2026-09-18,2317,鴻海精密,0.0,9000,股
2026-09-18,2357,華碩電腦,0.0,1000,股
2026-09-18,2360,致茂電子,0.0,1000,股
2026-09-18,2379,瑞昱半導,0.0,1000,股
2026-09-18,2382,廣達電腦,0.0,9000,股
2026-09-18,2412,中華電信,0.0,1000,股
2026-09-18,2449,京元電子,0.0,1450,股
2026-09-18,2603,長榮海運,0.0,9000,股
2026-09-18,2880,華南金融,0.0,9090,股
2026-09-18,2881,富邦金融,0.0,9000,股
2026-09-18,2882,國泰金融,0.0,9000,股
2026-09-18,2883,凱基金融,0.0,9000,股
2026-09-18,2884,玉山金融,0.0,9000,股
2026-09-18,2885,元大金融,0.0,9360,股
2026-09-18,2886,兆豐金融,0.0,9000,股
2026-09-18,2887,台新新光,0.0,9000,股
2026-09-18,2890,永豐金融,0.0,9000,股
2026-09-18,2891,中國信託,0.0,9000,股
2026-09-18,3036,文曄科技,0.0,1000,股
2026-09-18,3044,健鼎科技,0.0,1000,股
2026-09-18,3231,緯創資通,0.0,9000,股
2026-09-18,3665,貿聯-KY,0.0,1000,股
2026-09-18,5347,世界先進,0.0,9000,股
2026-09-18,6274,台燿科技,0.0,1000,股
2026-09-18,8299,群聯電子,0.0,1000,股
2026-09-18,PFUR_NTD,PAYABLES FOR UNITS REDEEMED,-0.04,-34980468,元
2026-09-18,DA_NTD,AFTER DEDUCTING SECURITIES PURCHASES AMOUNT,-2.78,-2180553706,元
2026-09-21,2330,台灣積體,11.97,3800000,股
2026-09-21,2408,南亞科技,9.04,13800000,股
2026-09-21,2383,台光電子,8.58,1380000,股
2026-09-21,2059,川湖科技,8.13,500000,股
2026-09-21,2454,聯發科技,6.87,1080000,股
2026-09-21,3037,欣興電子,6.61,5100000,股
2026-09-21,3017,奇鋐科技,5.42,1250000,股
2026-09-21,2327,國巨股份,5.3,7500000,股
2026-09-21,3189,景碩科技,4.46,4250000,股
2026-09-21,8046,南亞電路,4.44,3300000,股
2026-09-21,5274,信驊科技,3.54,140500,股
2026-09-21,3081,聯亞光電,3.29,900000,股
2026-09-21,6223,旺矽科技,3.14,450000,股
2026-09-21,6669,緯穎科技,3.14,1150020,股
2026-09-21,3026,禾伸堂企,2.71,2700000,股
2026-09-21,3653,健策精密,2.13,290000,股
2026-09-21,3711,日月光投,2.11,2500000,股
2026-09-21,2303,聯華電子,2.07,10400000,股
2026-09-21,2308,台達電子,2.07,871000,股
2026-09-21,1303,南亞塑膠,2.04,6700000,股
2026-09-21,2345,智邦科技,1.99,850000,股
2026-09-21,3008,大立光電,0.01,1000,股
2026-09-21,7769,鴻勁精密,0.01,1000,股
2026-09-21,1216,統一企業,0.0,1000,股
2026-09-21,2313,華通電腦,0.0,1253,股
2026-09-21,2317,鴻海精密,0.0,9000,股
2026-09-21,2357,華碩電腦,0.0,1000,股
2026-09-21,2360,致茂電子,0.0,1000,股
2026-09-21,2379,瑞昱半導,0.0,1000,股
2026-09-21,2382,廣達電腦,0.0,9000,股
2026-09-21,2412,中華電信,0.0,1000,股
2026-09-21,2449,京元電子,0.0,1450,股
2026-09-21,2603,長榮海運,0.0,9000,股
2026-09-21,2880,華南金融,0.0,9090,股
2026-09-21,2881,富邦金融,0.0,9000,股
2026-09-21,2882,國泰金融,0.0,9000,股
2026-09-21,2883,凱基金融,0.0,9000,股
2026-09-21,2884,玉山金融,0.0,9000,股
2026-09-21,2885,元大金融,0.0,9360,股
2026-09-21,2886,兆豐金融,0.0,9000,股
2026-09-21,2887,台新新光,0.0,9000,股
2026-09-21,2890,永豐金融,0.0,9000,股
2026-09-21,2891,中國信託,0.0,9000,股
2026-09-21,3036,文曄科技,0.0,1000,股
2026-09-21,3044,健鼎科技,0.0,1000,股
2026-09-21,3231,緯創資通,0.0,9000,股
2026-09-21,3665,貿聯-KY,0.0,1000,股
2026-09-21,5347,世界先進,0.0,9000,股
2026-09-21,6274,台燿科技,0.0,1000,股
2026-09-21,8299,群聯電子,0.0,1000,股
2026-09-21,PFUR_NTD,PAYABLES FOR UNITS REDEEMED,-0.07,-52573160,元
2026-09-21,DA_NTD,AFTER DEDUCTING SECURITIES PURCHASES AMOUNT,-1.01,-798340508,元
2026-09-22,2330,台灣積體,11.79,3800000,股
2026-09-22,2408,南亞科技,8.65,13800000,股
2026-09-22,2383,台光電子,8.46,1380000,股
2026-09-22,2059,川湖科技,7.99,500000,股
2026-09-22,3037,欣興電子,7.2,5100000,股
2026-09-22,2454,聯發科技,7.06,1080000,股
2026-09-22,2327,國巨股份,5.4,7500000,股
2026-09-22,3017,奇鋐科技,5.34,1250000,股
2026-09-22,3189,景碩科技,4.87,4250000,股
2026-09-22,8046,南亞電路,4.85,3300000,股
2026-09-22,5274,信驊科技,3.7,140500,股
2026-09-22,3081,聯亞光電,3.21,900000,股
2026-09-22,6669,緯穎科技,3.07,1150020,股
2026-09-22,3026,禾伸堂企,2.66,2700000,股
2026-09-22,3711,日月光投,2.19,2500000,股
2026-09-22,3653,健策精密,2.13,290000,股
2026-09-22,2303,聯華電子,2.1,10400000,股
2026-09-22,2308,台達電子,2.09,871000,股
2026-09-22,2345,智邦科技,2.05,850000,股
2026-09-22,6223,旺矽科技,2.02,300000,股
2026-09-22,1303,南亞塑膠,1.96,6700000,股
2026-09-22,3008,大立光電,0.01,1000,股
2026-09-22,7769,鴻勁精密,0.01,1000,股
2026-09-22,1216,統一企業,0.0,1000,股
2026-09-22,2313,華通電腦,0.0,1253,股
2026-09-22,2317,鴻海精密,0.0,9000,股
2026-09-22,2357,華碩電腦,0.0,1000,股
2026-09-22,2360,致茂電子,0.0,1000,股
2026-09-22,2379,瑞昱半導,0.0,1000,股
2026-09-22,2382,廣達電腦,0.0,9000,股
2026-09-22,2412,中華電信,0.0,1000,股
2026-09-22,2449,京元電子,0.0,1450,股
2026-09-22,2603,長榮海運,0.0,9000,股
2026-09-22,2880,華南金融,0.0,9090,股
2026-09-22,2881,富邦金融,0.0,9000,股
2026-09-22,2882,國泰金融,0.0,9000,股
2026-09-22,2883,凱基金融,0.0,9000,股
2026-09-22,2884,玉山金融,0.0,9000,股
2026-09-22,2885,元大金融,0.0,9360,股
2026-09-22,2886,兆豐金融,0.0,9000,股
2026-09-22,2887,台新新光,0.0,9000,股
2026-09-22,2890,永豐金融,0.0,9000,股
2026-09-22,2891,中國信託,0.0,9000,股
2026-09-22,3036,文曄科技,0.0,1000,股
2026-09-22,3044,健鼎科技,0.0,1000,股
2026-09-22,3231,緯創資通,0.0,9000,股
2026-09-22,3665,貿聯-KY,0.0,1000,股
2026-09-22,5347,世界先進,0.0,9000,股
2026-09-22,6274,台燿科技,0.0,1000,股
2026-09-22,8299,群聯電子,0.0,1000,股
2026-09-22,PFUR_NTD,PAYABLES FOR UNITS REDEEMED,-0.77,-614517662,元
2026-09-22,DA_NTD,AFTER DEDUCTING SECURITIES PURCHASES AMOUNT,-1.01,-798340508,元
2026-09-23,2330,台灣積體,11.99,3800000,股
2026-09-23,2408,南亞科技,8.77,13500000,股
2026-09-23,2383,台光電子,8.74,1380000,股
2026-09-23,2059,川湖科技,7.66,490000,股
2026-09-23,3037,欣興電子,7.47,5100000,股
2026-09-23,2454,聯發科技,7.07,1080000,股
2026-09-23,3017,奇鋐科技,5.47,1250000,股
2026-09-23,8046,南亞電路,5.04,3300000,股
2026-09-23,3189,景碩科技,4.86,4250000,股
2026-09-23,2327,國巨股份,4.84,6700000,股
2026-09-23,5274,信驊科技,3.6,140500,股
2026-09-23,6669,緯穎科技,3.05,1150020,股
2026-09-23,3081,聯亞光電,3.04,900000,股
2026-09-23,3026,禾伸堂企,2.62,2700000,股
2026-09-23,3653,健策精密,2.35,290000,股
2026-09-23,2303,聯華電子,2.1,10400000,股
2026-09-23,2308,台達電子,2.09,871000,股
2026-09-23,3711,日月光投,2.06,2350000,股
2026-09-23,6223,旺矽科技,1.99,280000,股
2026-09-23,1303,南亞塑膠,1.92,6700000,股
2026-09-23,2345,智邦科技,1.91,800000,股
2026-09-23,DA_NTD,AFTER DEDUCTING SECURITIES PURCHASES AMOUNT,0.87,688317432,元
2026-09-23,3008,大立光電,0.01,1000,股
2026-09-23,7769,鴻勁精密,0.01,1000,股
2026-09-23,1216,統一企業,0.0,1000,股
2026-09-23,2313,華通電腦,0.0,1253,股
2026-09-23,2317,鴻海精密,0.0,9000,股
2026-09-23,2357,華碩電腦,0.0,1000,股
2026-09-23,2360,致茂電子,0.0,1000,股
2026-09-23,2379,瑞昱半導,0.0,1000,股
2026-09-23,2382,廣達電腦,0.0,9000,股
2026-09-23,2412,中華電信,0.0,1000,股
2026-09-23,2449,京元電子,0.0,1450,股
2026-09-23,2603,長榮海運,0.0,9000,股
2026-09-23,2880,華南金融,0.0,9090,股
2026-09-23,2881,富邦金融,0.0,9000,股
2026-09-23,2882,國泰金融,0.0,9000,股
2026-09-23,2883,凱基金融,0.0,9000,股
2026-09-23,2884,玉山金融,0.0,9000,股
2026-09-23,2885,元大金融,0.0,9360,股
2026-09-23,2886,兆豐金融,0.0,9000,股
2026-09-23,2887,台新新光,0.0,9000,股
2026-09-23,2890,永豐金融,0.0,9000,股
2026-09-23,2891,中國信託,0.0,9000,股
2026-09-23,3036,文曄科技,0.0,1000,股
2026-09-23,3044,健鼎科技,0.0,1000,股
2026-09-23,3231,緯創資通,0.0,9000,股
2026-09-23,3665,貿聯-KY,0.0,1000,股
2026-09-23,5347,世界先進,0.0,9000,股
2026-09-23,6274,台燿科技,0.0,1000,股
2026-09-23,8299,群聯電子,0.0,1000,股
2026-09-23,PFUR_NTD,PAYABLES FOR UNITS REDEEMED,-1.89,-1499419298,元
2026-09-24,2330,台灣積體,11.92,3800000,股
2026-09-24,2383,台光電子,8.64,1350000,股
2026-09-24,2408,南亞科技,8.29,13000000,股
2026-09-24,3037,欣興電子,7.66,5100000,股
2026-09-24,2059,川湖科技,7.51,480000,股
2026-09-24,2454,聯發科技,7.23,1080000,股
2026-09-24,3017,奇鋐科技,5.63,1250000,股
2026-09-24,3189,景碩科技,5.37,4400000,股
2026-09-24,8046,南亞電路,5.19,3300000,股
2026-09-24,2327,國巨股份,4.93,6700000,股
2026-09-24,5274,信驊科技,3.53,140500,股
2026-09-24,3081,聯亞光電,3.08,900000,股
2026-09-24,6669,緯穎科技,3.08,1150020,股
2026-09-24,3026,禾伸堂企,2.77,2700000,股
2026-09-24,3653,健策精密,2.54,290000,股
2026-09-24,2308,台達電子,2.11,871000,股
2026-09-24,2303,聯華電子,2.03,10400000,股
2026-09-24,1303,南亞塑膠,2.02,6700000,股
2026-09-24,3711,日月光投,1.8,2030000,股
2026-09-24,2345,智邦科技,1.78,740000,股
2026-09-24,6223,旺矽科技,1.72,250000,股
2026-09-24,DA_NTD,AFTER DEDUCTING SECURITIES PURCHASES AMOUNT,1.69,1337303490,元
2026-09-24,3008,大立光電,0.01,1000,股
2026-09-24,7769,鴻勁精密,0.01,1000,股
2026-09-24,1216,統一企業,0.0,1000,股
2026-09-24,2313,華通電腦,0.0,1253,股
2026-09-24,2317,鴻海精密,0.0,9000,股
2026-09-24,2357,華碩電腦,0.0,1000,股
2026-09-24,2360,致茂電子,0.0,1000,股
2026-09-24,2379,瑞昱半導,0.0,1000,股
2026-09-24,2382,廣達電腦,0.0,9000,股
2026-09-24,2412,中華電信,0.0,1000,股
2026-09-24,2449,京元電子,0.0,1450,股
2026-09-24,2603,長榮海運,0.0,9000,股
2026-09-24,2880,華南金融,0.0,9090,股
2026-09-24,2881,富邦金融,0.0,9000,股
2026-09-24,2882,國泰金融,0.0,9000,股
2026-09-24,2883,凱基金融,0.0,9000,股
2026-09-24,2884,玉山金融,0.0,9000,股
2026-09-24,2885,元大金融,0.0,9360,股
2026-09-24,2886,兆豐金融,0.0,9000,股
2026-09-24,2887,台新新光,0.0,9000,股
2026-09-24,2890,永豐金融,0.0,9000,股
2026-09-24,2891,中國信託,0.0,9000,股
2026-09-24,3036,文曄科技,0.0,1000,股
2026-09-24,3044,健鼎科技,0.0,1000,股
2026-09-24,3231,緯創資通,0.0,9000,股
2026-09-24,3665,貿聯-KY,0.0,1000,股
2026-09-24,5347,世界先進,0.0,9000,股
2026-09-24,6274,台燿科技,0.0,1000,股
2026-09-24,8299,群聯電子,0.0,1000,股
2026-09-24,PFUR_NTD,PAYABLES FOR UNITS REDEEMED,-3.19,-2518819740,元
2026-09-29,2330,台灣積體,12.78,4000000,股
2026-09-29,2383,台光電子,8.58,1350000,股
2026-09-29,2408,南亞科技,8.49,13000000,股
2026-09-29,3037,欣興電子,7.82,5200000,股
2026-09-29,2059,川湖科技,7.51,480000,股
2026-09-29,2454,聯發科技,7.16,1130000,股
2026-09-29,8046,南亞電路,5.57,3400000,股
2026-09-29,3189,景碩科技,5.55,4500000,股
2026-09-29,3017,奇鋐科技,5.49,1250000,股
2026-09-29,2327,國巨股份,4.25,6000000,股
2026-09-29,5274,信驊科技,3.52,140500,股
2026-09-29,6669,緯穎科技,3.12,1150020,股
2026-09-29,3081,聯亞光電,3.08,900000,股
2026-09-29,3026,禾伸堂企,2.78,2700000,股
2026-09-29,3653,健策精密,2.58,290000,股
2026-09-29,1303,南亞塑膠,2.23,7000000,股
2026-09-29,2303,聯華電子,2.06,10400000,股
2026-09-29,2308,台達電子,2.06,871000,股
2026-09-29,3711,日月光投,1.8,2030000,股
2026-09-29,2345,智邦科技,1.01,430000,股
2026-09-29,6223,旺矽科技,1.0,150000,股
2026-09-29,DA_NTD,AFTER DEDUCTING SECURITIES PURCHASES AMOUNT,0.85,659627423,元
2026-09-29,3008,大立光電,0.01,1000,股
2026-09-29,7769,鴻勁精密,0.01,1000,股
2026-09-29,1216,統一企業,0.0,1000,股
2026-09-29,2313,華通電腦,0.0,1253,股
2026-09-29,2317,鴻海精密,0.0,9000,股
2026-09-29,2357,華碩電腦,0.0,1000,股
2026-09-29,2360,致茂電子,0.0,1000,股
2026-09-29,2379,瑞昱半導,0.0,1000,股
2026-09-29,2382,廣達電腦,0.0,9000,股
2026-09-29,2412,中華電信,0.0,1000,股
2026-09-29,2449,京元電子,0.0,1450,股
2026-09-29,2603,長榮海運,0.0,9000,股
2026-09-29,2880,華南金融,0.0,9090,股
2026-09-29,2881,富邦金融,0.0,9000,股
2026-09-29,2882,國泰金融,0.0,9000,股
2026-09-29,2883,凱基金融,0.0,9000,股
2026-09-29,2884,玉山金融,0.0,9000,股
2026-09-29,2885,元大金融,0.0,9360,股
2026-09-29,2886,兆豐金融,0.0,9000,股
2026-09-29,2887,台新新光,0.0,9000,股
2026-09-29,2890,永豐金融,0.0,9000,股
2026-09-29,2891,中國信託,0.0,9000,股
2026-09-29,3036,文曄科技,0.0,1000,股
2026-09-29,3044,健鼎科技,0.0,1000,股
2026-09-29,3231,緯創資通,0.0,9000,股
2026-09-29,3665,貿聯-KY,0.0,1000,股
2026-09-29,5347,世界先進,0.0,9000,股
2026-09-29,6274,台燿科技,0.0,1000,股
2026-09-29,8299,群聯電子,0.0,1000,股
2026-09-29,PFUR_NTD,PAYABLES FOR UNITS REDEEMED,-2.53,-1956875238,元
2026-09-30,2330,台灣積體,13.35,4200000,股
2026-09-30,2408,南亞科技,8.65,13000000,股
2026-09-30,2383,台光電子,8.54,1350000,股
2026-09-30,3037,欣興電子,7.83,5200000,股
2026-09-30,2059,川湖科技,7.42,480000,股
2026-09-30,2454,聯發科技,7.13,1130000,股
2026-09-30,8046,南亞電路,5.84,3400000,股
2026-09-30,3189,景碩科技,5.59,4500000,股
2026-09-30,3017,奇鋐科技,5.5,1250000,股
2026-09-30,2327,國巨股份,4.21,6000000,股
2026-09-30,5274,信驊科技,3.38,140500,股
2026-09-30,3081,聯亞光電,3.11,900000,股
2026-09-30,6669,緯穎科技,3.08,1150020,股
2026-09-30,3026,禾伸堂企,2.74,2700000,股
2026-09-30,1303,南亞塑膠,2.62,8000000,股
2026-09-30,3653,健策精密,2.53,290000,股
2026-09-30,2308,台達電子,2.11,871000,股
2026-09-30,2303,聯華電子,2.06,10400000,股
2026-09-30,3711,日月光投,1.83,2030000,股
2026-09-30,6505,台塑石化,0.5,4000000,股
2026-09-30,2345,智邦科技,0.46,200000,股
2026-09-30,3008,大立光電,0.01,1000,股
2026-09-30,6223,旺矽科技,0.01,1000,股
2026-09-30,7769,鴻勁精密,0.01,1000,股
2026-09-30,2313,華通電腦,0.0,1253,股
2026-09-30,2317,鴻海精密,0.0,9000,股
2026-09-30,2357,華碩電腦,0.0,1000,股
2026-09-30,2360,致茂電子,0.0,1000,股
2026-09-30,2379,瑞昱半導,0.0,1000,股
2026-09-30,2382,廣達電腦,0.0,9000,股
2026-09-30,2412,中華電信,0.0,1000,股
2026-09-30,2449,京元電子,0.0,1450,股
2026-09-30,2603,長榮海運,0.0,9000,股
2026-09-30,2880,華南金融,0.0,9090,股
2026-09-30,2881,富邦金融,0.0,9000,股
2026-09-30,2882,國泰金融,0.0,9000,股
2026-09-30,2883,凱基金融,0.0,9000,股
2026-09-30,2884,玉山金融,0.0,9000,股
2026-09-30,2885,元大金融,0.0,9360,股
2026-09-30,2886,兆豐金融,0.0,9000,股
2026-09-30,2887,台新新光,0.0,9000,股
2026-09-30,2890,永豐金融,0.0,9000,股
2026-09-30,2891,中國信託,0.0,9000,股
2026-09-30,3036,文曄科技,0.0,1000,股
2026-09-30,3044,健鼎科技,0.0,1000,股
2026-09-30,3231,緯創資通,0.0,9000,股
2026-09-30,3665,貿聯-KY,0.0,1000,股
2026-09-30,5347,世界先進,0.0,9000,股
2026-09-30,6274,台燿科技,0.0,1000,股
2026-09-30,8299,群聯電子,0.0,1000,股
2026-09-30,DA_NTD,AFTER DEDUCTING SECURITIES PURCHASES AMOUNT,-0.51,-397400609,元
2026-09-30,PFUR_NTD,PAYABLES FOR UNITS REDEEMED,-1.38,-1072995074,元
2026-10-01,2330,台灣積體,13.27,4200000,股
2026-10-01,2408,南亞科技,8.5,13000000,股
2026-10-01,2383,台光電子,8.46,1350000,股
2026-10-01,3037,欣興電子,7.96,5200000,股
2026-10-01,2059,川湖科技,7.15,480000,股
2026-10-01,2454,聯發科技,7.09,1130000,股
2026-10-01,8046,南亞電路,6.08,3400000,股
2026-10-01,3189,景碩科技,5.72,4500000,股
2026-10-01,3017,奇鋐科技,5.52,1250000,股
2026-10-01,2327,國巨股份,4.55,6000000,股
2026-10-01,5274,信驊科技,3.37,140500,股
2026-10-01,6669,緯穎科技,3.06,1150020,股
2026-10-01,3026,禾伸堂企,2.9,2700000,股
2026-10-01,3081,聯亞光電,2.68,800000,股
2026-10-01,1303,南亞塑膠,2.56,8000000,股
2026-10-01,3653,健策精密,2.51,290000,股
2026-10-01,2303,聯華電子,2.12,10400000,股
2026-10-01,2308,台達電子,2.09,871000,股
2026-10-01,3711,日月光投,1.82,2030000,股
2026-10-01,6505,台塑石化,1.01,8500000,股
2026-10-01,2345,智邦科技,0.48,200000,股
2026-10-01,3008,大立光電,0.01,1000,股
2026-10-01,6223,旺矽科技,0.01,1000,股
2026-10-01,7769,鴻勁精密,0.01,1000,股
2026-10-01,2313,華通電腦,0.0,1253,股
2026-10-01,2317,鴻海精密,0.0,9000,股
2026-10-01,2357,華碩電腦,0.0,1000,股
2026-10-01,2360,致茂電子,0.0,1000,股
2026-10-01,2379,瑞昱半導,0.0,1000,股
2026-10-01,2382,廣達電腦,0.0,9000,股
2026-10-01,2412,中華電信,0.0,1000,股
2026-10-01,2449,京元電子,0.0,1450,股
2026-10-01,2603,長榮海運,0.0,9000,股
2026-10-01,2880,華南金融,0.0,9090,股
2026-10-01,2881,富邦金融,0.0,9000,股
2026-10-01,2882,國泰金融,0.0,9000,股
2026-10-01,2883,凱基金融,0.0,9000,股
2026-10-01,2884,玉山金融,0.0,9000,股
2026-10-01,2885,元大金融,0.0,9360,股
2026-10-01,2886,兆豐金融,0.0,9000,股
2026-10-01,2887,台新新光,0.0,9000,股
2026-10-01,2890,永豐金融,0.0,9000,股
2026-10-01,2891,中國信託,0.0,9000,股
2026-10-01,3036,文曄科技,0.0,1000,股
2026-10-01,3044,健鼎科技,0.0,1000,股
2026-10-01,3231,緯創資通,0.0,9000,股
2026-10-01,3665,貿聯-KY,0.0,1000,股
2026-10-01,5347,世界先進,0.0,9000,股
2026-10-01,6274,台燿科技,0.0,1000,股
2026-10-01,8299,群聯電子,0.0,1000,股
2026-10-01,PFUR_NTD,PAYABLES FOR UNITS REDEEMED,-0.22,-173658665,元
2026-10-01,DA_NTD,AFTER DEDUCTING SECURITIES PURCHASES AMOUNT,-0.47,-373780367,元
2026-10-02,2330,台灣積體,13.03,4200000,股
2026-10-02,2383,台光電子,8.69,1350000,股
2026-10-02,2408,南亞科技,8.49,13000000,股
2026-10-02,3037,欣興電子,8.42,5200000,股
2026-10-02,2059,川湖科技,7.24,480000,股
2026-10-02,2454,聯發科技,6.94,1130000,股
2026-10-02,8046,南亞電路,6.16,3400000,股
2026-10-02,3189,景碩科技,5.86,4500000,股
2026-10-02,3017,奇鋐科技,5.34,1250000,股
2026-10-02,2327,國巨股份,4.66,6000000,股
2026-10-02,5274,信驊科技,3.29,140500,股
2026-10-02,6669,緯穎科技,2.98,1150020,股
2026-10-02,3081,聯亞光電,2.9,800000,股
2026-10-02,3026,禾伸堂企,2.8,2700000,股
2026-10-02,1303,南亞塑膠,2.58,8000000,股
2026-10-02,3653,健策精密,2.45,290000,股
2026-10-02,2303,聯華電子,2.08,10400000,股
2026-10-02,2308,台達電子,2.04,871000,股
2026-10-02,3711,日月光投,1.5,1700000,股
2026-10-02,6505,台塑石化,1.06,8500000,股
2026-10-02,DA_NTD,AFTER DEDUCTING SECURITIES PURCHASES AMOUNT,0.92,740299128,元
2026-10-02,2345,智邦科技,0.49,200000,股
2026-10-02,3008,大立光電,0.01,1000,股
2026-10-02,6223,旺矽科技,0.01,1000,股
2026-10-02,7769,鴻勁精密,0.01,1000,股
2026-10-02,2313,華通電腦,0.0,1253,股
2026-10-02,2317,鴻海精密,0.0,9000,股
2026-10-02,2357,華碩電腦,0.0,1000,股
2026-10-02,2360,致茂電子,0.0,1000,股
2026-10-02,2379,瑞昱半導,0.0,1000,股
2026-10-02,2382,廣達電腦,0.0,9000,股
2026-10-02,2412,中華電信,0.0,1000,股
2026-10-02,2449,京元電子,0.0,1450,股
2026-10-02,2603,長榮海運,0.0,9000,股
2026-10-02,2880,華南金融,0.0,9090,股
2026-10-02,2881,富邦金融,0.0,9000,股
2026-10-02,2882,國泰金融,0.0,9000,股
2026-10-02,2883,凱基金融,0.0,9000,股
2026-10-02,2884,玉山金融,0.0,9000,股
2026-10-02,2885,元大金融,0.0,9360,股
2026-10-02,2886,兆豐金融,0.0,9000,股
2026-10-02,2887,台新新光,0.0,9000,股
2026-10-02,2890,永豐金融,0.0,9000,股
2026-10-02,2891,中國信託,0.0,9000,股
2026-10-02,3036,文曄科技,0.0,1000,股
2026-10-02,3044,健鼎科技,0.0,1000,股
2026-10-02,3231,緯創資通,0.0,9000,股
2026-10-02,3665,貿聯-KY,0.0,1000,股
2026-10-02,5347,世界先進,0.0,9000,股
2026-10-02,6274,台燿科技,0.0,1000,股
2026-10-02,8299,群聯電子,0.0,1000,股
2026-10-02,PFUR_NTD,PAYABLES FOR UNITS REDEEMED,-0.61,-491463737,元
2026-10-05,2330,台灣積體,13.12,4200000,股
2026-10-05,2383,台光電子,9.33,1350000,股
2026-10-05,3037,欣興電子,8.49,5280000,股
2026-10-05,2059,川湖科技,7.78,480000,股
2026-10-05,2408,南亞科技,7.71,12000000,股
2026-10-05,2454,聯發科技,7.08,1130000,股
2026-10-05,8046,南亞電路,6.17,3400000,股
2026-10-05,3189,景碩科技,6.14,4620000,股
2026-10-05,3017,奇鋐科技,5.44,1250000,股
2026-10-05,2327,國巨股份,4.56,6000000,股
2026-10-05,5274,信驊科技,3.33,140500,股
2026-10-05,6669,緯穎科技,3.0,1150020,股
2026-10-05,1303,南亞塑膠,2.95,8500000,股
2026-10-05,3081,聯亞光電,2.91,800000,股
2026-10-05,3026,禾伸堂企,2.68,2700000,股
2026-10-05,3653,健策精密,2.53,290000,股
2026-10-05,2308,台達電子,1.58,650000,股
2026-10-05,3711,日月光投,1.53,1700000,股
2026-10-05,2303,聯華電子,1.48,8000000,股
2026-10-05,6505,台塑石化,1.02,8500000,股
2026-10-05,DA_NTD,AFTER DEDUCTING SECURITIES PURCHASES AMOUNT,0.72,592501724,元
2026-10-05,3008,大立光電,0.01,1000,股
2026-10-05,6223,旺矽科技,0.01,1000,股
2026-10-05,7769,鴻勁精密,0.01,1000,股
2026-10-05,2313,華通電腦,0.0,1253,股
2026-10-05,2317,鴻海精密,0.0,9000,股
2026-10-05,2345,智邦科技,0.0,1000,股
2026-10-05,2357,華碩電腦,0.0,1000,股
2026-10-05,2360,致茂電子,0.0,1000,股
2026-10-05,2379,瑞昱半導,0.0,1000,股
2026-10-05,2382,廣達電腦,0.0,9000,股
2026-10-05,2412,中華電信,0.0,1000,股
2026-10-05,2449,京元電子,0.0,1450,股
2026-10-05,2603,長榮海運,0.0,9000,股
2026-10-05,2880,華南金融,0.0,9090,股
2026-10-05,2881,富邦金融,0.0,9000,股
2026-10-05,2882,國泰金融,0.0,9000,股
2026-10-05,2883,凱基金融,0.0,9000,股
2026-10-05,2884,玉山金融,0.0,9000,股
2026-10-05,2885,元大金融,0.0,9360,股
2026-10-05,2886,兆豐金融,0.0,9000,股
2026-10-05,2887,台新新光,0.0,9000,股
2026-10-05,2890,永豐金融,0.0,9000,股
2026-10-05,2891,中國信託,0.0,9000,股
2026-10-05,3036,文曄科技,0.0,1000,股
2026-10-05,3044,健鼎科技,0.0,1000,股
2026-10-05,3231,緯創資通,0.0,9000,股
2026-10-05,3665,貿聯-KY,0.0,1000,股
2026-10-05,5347,世界先進,0.0,9000,股
2026-10-05,6274,台燿科技,0.0,1000,股
2026-10-05,8299,群聯電子,0.0,1000,股
2026-10-05,PFUR_NTD,PAYABLES FOR UNITS REDEEMED,-1.99,-1639151913,元
2026-10-06,2330,台灣積體,13.47,4200000,股
2026-10-06,2383,台光電子,10.04,1350000,股
2026-10-06,3037,欣興電子,8.58,5280000,股
2026-10-06,2059,川湖科技,7.64,470000,股
2026-10-06,2408,南亞科技,7.62,11700000,股
2026-10-06,2454,聯發科技,6.72,1100000,股
2026-10-06,8046,南亞電路,6.35,3400000,股
2026-10-06,3189,景碩科技,6.14,4620000,股
2026-10-06,3017,奇鋐科技,5.72,1250000,股
2026-10-06,2327,國巨股份,4.5,5800000,股
2026-10-06,5274,信驊科技,3.31,140500,股
2026-10-06,6669,緯穎科技,3.27,1150020,股
2026-10-06,1303,南亞塑膠,3.09,8500000,股
2026-10-06,3081,聯亞光電,2.9,800000,股
2026-10-06,3026,禾伸堂企,2.57,2600000,股
2026-10-06,3653,健策精密,2.55,290000,股
2026-10-06,2308,台達電子,1.65,650000,股
2026-10-06,3711,日月光投,1.57,1700000,股
2026-10-06,6505,台塑石化,1.07,8500000,股
2026-10-06,DA_NTD,AFTER DEDUCTING SECURITIES PURCHASES AMOUNT,0.85,687928416,元
2026-10-06,3008,大立光電,0.01,1000,股
2026-10-06,6223,旺矽科技,0.01,1000,股
2026-10-06,7769,鴻勁精密,0.01,1000,股
2026-10-06,2303,聯華電子,0.0,9000,股
2026-10-06,2313,華通電腦,0.0,1253,股
2026-10-06,2317,鴻海精密,0.0,9000,股
2026-10-06,2345,智邦科技,0.0,1000,股
2026-10-06,2357,華碩電腦,0.0,1000,股
2026-10-06,2360,致茂電子,0.0,1000,股
2026-10-06,2379,瑞昱半導,0.0,1000,股
2026-10-06,2382,廣達電腦,0.0,9000,股
2026-10-06,2412,中華電信,0.0,1000,股
2026-10-06,2449,京元電子,0.0,1450,股
2026-10-06,2603,長榮海運,0.0,9000,股
2026-10-06,2880,華南金融,0.0,9090,股
2026-10-06,2881,富邦金融,0.0,9000,股
2026-10-06,2882,國泰金融,0.0,9000,股
2026-10-06,2883,凱基金融,0.0,9000,股
2026-10-06,2884,玉山金融,0.0,9000,股
2026-10-06,2885,元大金融,0.0,9360,股
2026-10-06,2886,兆豐金融,0.0,9000,股
2026-10-06,2887,台新新光,0.0,9000,股
2026-10-06,2890,永豐金融,0.0,9000,股
2026-10-06,2891,中國信託,0.0,9000,股
2026-10-06,3036,文曄科技,0.0,1000,股
2026-10-06,3044,健鼎科技,0.0,1000,股
2026-10-06,3231,緯創資通,0.0,9000,股
2026-10-06,3665,貿聯-KY,0.0,1000,股
2026-10-06,5347,世界先進,0.0,9000,股
2026-10-06,6274,台燿科技,0.0,1000,股
2026-10-06,8299,群聯電子,0.0,1000,股
2026-10-06,PFUR_NTD,PAYABLES FOR UNITS REDEEMED,-4.11,-3314795105,元
2026-10-07,2330,台灣積體,13.7,4200000,股
2026-10-07,2383,台光電子,10.13,1350000,股
2026-10-07,3037,欣興電子,8.69,5280000,股
2026-10-07,2408,南亞科技,7.59,11700000,股
2026-10-07,2059,川湖科技,6.99,470000,股
2026-10-07,2454,聯發科技,6.71,1100000,股
2026-10-07,3189,景碩科技,6.41,4620000,股
2026-10-07,8046,南亞電路,6.35,3400000,股
2026-10-07,3017,奇鋐科技,5.59,1250000,股
2026-10-07,2327,國巨股份,4.73,5800000,股
2026-10-07,1303,南亞塑膠,3.37,8500000,股
2026-10-07,6669,緯穎科技,3.25,1150020,股
2026-10-07,3081,聯亞光電,3.17,800000,股
2026-10-07,3026,禾伸堂企,2.75,2600000,股
2026-10-07,DA_NTD,AFTER DEDUCTING SECURITIES PURCHASES AMOUNT,2.66,2106709239,元
2026-10-07,3653,健策精密,2.49,290000,股
2026-10-07,5274,信驊科技,2.47,110500,股
2026-10-07,2308,台達電子,1.63,650000,股
2026-10-07,3711,日月光投,1.57,1700000,股
2026-10-07,6505,台塑石化,1.15,8500000,股
2026-10-07,3008,大立光電,0.01,1000,股
2026-10-07,6223,旺矽科技,0.01,1000,股
2026-10-07,7769,鴻勁精密,0.01,1000,股
2026-10-07,2303,聯華電子,0.0,9000,股
2026-10-07,2313,華通電腦,0.0,1253,股
2026-10-07,2317,鴻海精密,0.0,9000,股
2026-10-07,2345,智邦科技,0.0,1000,股
2026-10-07,2357,華碩電腦,0.0,1000,股
2026-10-07,2360,致茂電子,0.0,1000,股
2026-10-07,2379,瑞昱半導,0.0,1000,股
2026-10-07,2382,廣達電腦,0.0,9000,股
2026-10-07,2412,中華電信,0.0,1000,股
2026-10-07,2449,京元電子,0.0,1450,股
2026-10-07,2603,長榮海運,0.0,9000,股
2026-10-07,2880,華南金融,0.0,9090,股
2026-10-07,2881,富邦金融,0.0,9000,股
2026-10-07,2882,國泰金融,0.0,9000,股
2026-10-07,2883,凱基金融,0.0,9000,股
2026-10-07,2884,玉山金融,0.0,9000,股
2026-10-07,2885,元大金融,0.0,9360,股
2026-10-07,2886,兆豐金融,0.0,9000,股
2026-10-07,2887,台新新光,0.0,9000,股
2026-10-07,2890,永豐金融,0.0,9000,股
2026-10-07,2891,中國信託,0.0,9000,股
2026-10-07,3036,文曄科技,0.0,1000,股
2026-10-07,3044,健鼎科技,0.0,1000,股
2026-10-07,3231,緯創資通,0.0,9000,股
2026-10-07,3665,貿聯-KY,0.0,1000,股
2026-10-07,5347,世界先進,0.0,9000,股
2026-10-07,6274,台燿科技,0.0,1000,股
2026-10-07,8299,群聯電子,0.0,1000,股
2026-10-07,PFUR_NTD,PAYABLES FOR UNITS REDEEMED,-4.46,-3534793089,元
2026-10-08,2330,台灣積體,13.73,4200000,股
2026-10-08,2383,台光電子,10.39,1350000,股
2026-10-08,3037,欣興電子,8.6,5280000,股
2026-10-08,2408,南亞科技,7.98,11700000,股
2026-10-08,8046,南亞電路,6.43,3400000,股
2026-10-08,2059,川湖科技,6.4,470000,股
2026-10-08,3189,景碩科技,6.37,4620000,股
2026-10-08,2454,聯發科技,6.31,1050000,股
2026-10-08,3017,奇鋐科技,5.51,1250000,股
2026-10-08,2327,國巨股份,4.72,5800000,股
2026-10-08,DA_NTD,AFTER DEDUCTING SECURITIES PURCHASES AMOUNT,3.55,2770797740,元
2026-10-08,1303,南亞塑膠,3.38,8500000,股
2026-10-08,6669,緯穎科技,3.3,1150020,股
2026-10-08,3081,聯亞光電,3.04,800000,股
2026-10-08,3026,禾伸堂企,2.92,2600000,股
2026-10-08,3653,健策精密,2.66,290000,股
2026-10-08,5274,信驊科技,2.48,110500,股
2026-10-08,2308,台達電子,1.64,650000,股
2026-10-08,3711,日月光投,1.62,1700000,股
2026-10-08,6505,台塑石化,1.2,8500000,股
2026-10-08,3008,大立光電,0.01,1000,股
2026-10-08,6223,旺矽科技,0.01,1000,股
2026-10-08,7769,鴻勁精密,0.01,1000,股
2026-10-08,2303,聯華電子,0.0,9000,股
2026-10-08,2313,華通電腦,0.0,1253,股
2026-10-08,2317,鴻海精密,0.0,9000,股
2026-10-08,2345,智邦科技,0.0,1000,股
2026-10-08,2357,華碩電腦,0.0,1000,股
2026-10-08,2360,致茂電子,0.0,1000,股
2026-10-08,2379,瑞昱半導,0.0,1000,股
2026-10-08,2382,廣達電腦,0.0,9000,股
2026-10-08,2412,中華電信,0.0,1000,股
2026-10-08,2449,京元電子,0.0,1450,股
2026-10-08,2603,長榮海運,0.0,9000,股
2026-10-08,2880,華南金融,0.0,9090,股
2026-10-08,2881,富邦金融,0.0,9000,股
2026-10-08,2882,國泰金融,0.0,9000,股
2026-10-08,2883,凱基金融,0.0,9000,股
2026-10-08,2884,玉山金融,0.0,9000,股
2026-10-08,2885,元大金融,0.0,9360,股
2026-10-08,2886,兆豐金融,0.0,9000,股
2026-10-08,2887,台新新光,0.0,9000,股
2026-10-08,2890,永豐金融,0.0,9000,股
2026-10-08,2891,中國信託,0.0,9000,股
2026-10-08,3036,文曄科技,0.0,1000,股
2026-10-08,3044,健鼎科技,0.0,1000,股
2026-10-08,3231,緯創資通,0.0,9000,股
2026-10-08,3665,貿聯-KY,0.0,1000,股
2026-10-08,5347,世界先進,0.0,9000,股
2026-10-08,6274,台燿科技,0.0,1000,股
2026-10-08,8299,群聯電子,0.0,1000,股
2026-10-08,PFUR_NTD,PAYABLES FOR UNITS REDEEMED,-3.27,-2550056700,元
