date,code,name,weight,shares,unit
2026-01-21,C_NTD,CASH,33.89,755507909,元
2026-01-21,2330,台灣積體電路製造,9.63,124000,股
2026-01-21,2308,台達電子工業,5.14,101000,股
2026-01-21,3017,奇鋐科技,4.25,74000,股
2026-01-21,2345,智邦科技,3.87,75000,股
2026-01-21,2383,台光電子材料,3.85,55000,股
2026-01-21,7769,鴻勁,3.69,23000,股
2026-01-21,M_NTD,MARGIN,3.59,80000000,元
2026-01-21,6669,緯穎科技服務,3.56,22000,股
2026-01-21,2368,金像電子,3.07,115000,股
2026-01-21,3665,貿聯控股,2.92,50000,股
2026-01-21,6274,台燿科技,2.85,137000,股
2026-01-21,6223,旺矽科技,2.65,24000,股
2026-01-21,2454,聯發科技,2.3,35000,股
2026-01-21,3653,健策精密工業,2.19,21000,股
2026-01-21,2317,鴻海精密工業,2.18,222000,股
2026-01-21,2449,京元電子,1.99,166000,股
2026-01-21,8210,勤誠興業,1.96,48000,股
2026-01-21,6805,富世達股份有限公司,1.9,33000,股
2026-01-21,5274,信驊科技,1.87,5000,股
2026-01-21,2059,川湖科技,1.74,11000,股
2026-01-21,3661,世芯電子,1.74,12000,股
2026-01-21,5536,聖暉工程科技,1.7,56000,股
2026-01-21,1605,華新麗華,1.58,889000,股
2026-01-21,2404,漢唐集成,1.4,31000,股
2026-01-21,3711,日月光投資控股,0.85,65000,股
2026-01-21,2885,元大金融控股,0.83,448000,股
2026-01-21,6139,亞翔工程,0.83,33000,股
2026-01-21,6488,環球晶圓,0.82,37000,股
2026-01-21,3036,文曄科技,0.76,112000,股
2026-01-21,3264,欣銓科技,0.67,100000,股
2026-01-21,2313,華通電腦,0.65,101000,股
2026-01-21,3324,雙鴻科技,0.65,16000,股
2026-01-21,5439,高技企業,0.62,47000,股
2026-01-21,1519,華城電機,0.6,13000,股
2026-01-21,2610,中華航空,0.52,520000,股
2026-01-21,3037,欣興電子,0.52,36000,股
2026-01-21,3491,昇達科技,0.51,12000,股
2026-01-21,6442,光紅建聖,0.5,9000,股
2026-01-21,1215,台灣卜蜂企業,0.49,70000,股
2026-01-21,4958,臻鼎科技控股,0.49,68000,股
2026-01-21,2412,中華電信,0.48,80000,股
2026-01-21,2421,建準電機工業,0.48,71000,股
2026-01-21,2327,國巨*,0.44,35000,股
2026-01-21,3231,緯創資通,0.44,74000,股
2026-01-21,2301,光寶科技,0.41,57000,股
2026-01-21,6415,矽力杰,0.39,32000,股
2026-01-21,5289,宜鼎國際,0.37,11000,股
2026-01-21,4979,華星光通科技,0.36,27000,股
2026-01-21,6515,穎崴科技,0.34,2000,股
2026-01-21,1303,南亞塑膠工業,0.31,94000,股
2026-01-21,1319,東陽實業廠,0.25,51000,股
2026-01-21,3044,健鼎科技,0.2,14000,股
2026-01-21,1513,中興電工機械,0.08,10000,股
2026-01-21,3526,凡甲科技,0.06,5000,股
2026-01-21,3030,德律科技,0.03,4000,股
2026-01-21,3596,智易科技,0.03,4000,股
2026-01-21,6196,帆宣系統科技,0.03,2000,股
2026-01-21,4532,瑞智精密,0.01,6000,股
2026-01-21,RDI_NTD,RECEIVABLES FOR DISPOSAL OF INVESTMENTS,0.0,-687798981,元
2026-01-22,C_NTD,CASH,30.02,729393956,元
2026-01-22,2330,台灣積體電路製造,8.99,124000,股
2026-01-22,2308,台達電子工業,5.18,101000,股
2026-01-22,3017,奇鋐科技,4.24,76000,股
2026-01-22,2383,台光電子材料,4.1,60000,股
2026-01-22,2345,智邦科技,3.98,84000,股
2026-01-22,7769,鴻勁,3.96,26000,股
2026-01-22,6669,緯穎科技服務,3.41,22000,股
2026-01-22,6223,旺矽科技,3.38,34000,股
2026-01-22,M_NTD,MARGIN,3.29,80000000,元
2026-01-22,2368,金像電子,3.01,117000,股
2026-01-22,3665,貿聯控股,2.92,50000,股
2026-01-22,6274,台燿科技,2.86,143000,股
2026-01-22,2317,鴻海精密工業,2.4,261000,股
2026-01-22,2449,京元電子,2.38,211000,股
2026-01-22,8210,勤誠興業,2.32,60000,股
2026-01-22,3653,健策精密工業,2.21,21000,股
2026-01-22,2059,川湖科技,2.15,15000,股
2026-01-22,2454,聯發科技,2.14,35000,股
2026-01-22,3661,世芯電子,2.02,15000,股
2026-01-22,6805,富世達股份有限公司,1.91,33000,股
2026-01-22,5274,信驊科技,1.79,5000,股
2026-01-22,6515,穎崴科技,1.7,11000,股
2026-01-22,5536,聖暉工程科技,1.56,56000,股
2026-01-22,1605,華新麗華,1.53,949000,股
2026-01-22,2404,漢唐集成,1.26,31000,股
2026-01-22,1519,華城電機,1.24,28000,股
2026-01-22,2327,國巨*,0.97,80000,股
2026-01-22,2313,華通電腦,0.88,138000,股
2026-01-22,3711,日月光投資控股,0.8,65000,股
2026-01-22,2885,元大金融控股,0.77,448000,股
2026-01-22,6488,環球晶圓,0.77,37000,股
2026-01-22,6139,亞翔工程,0.76,33000,股
2026-01-22,3324,雙鴻科技,0.69,18000,股
2026-01-22,3036,文曄科技,0.68,112000,股
2026-01-22,2610,中華航空,0.67,720000,股
2026-01-22,3037,欣興電子,0.65,48000,股
2026-01-22,3264,欣銓科技,0.62,100000,股
2026-01-22,5439,高技企業,0.58,47000,股
2026-01-22,3491,昇達科技,0.49,12000,股
2026-01-22,6442,光紅建聖,0.48,9000,股
2026-01-22,4958,臻鼎科技控股,0.46,68000,股
2026-01-22,2421,建準電機工業,0.45,71000,股
2026-01-22,6415,矽力杰,0.45,42000,股
2026-01-22,1215,台灣卜蜂企業,0.44,70000,股
2026-01-22,2412,中華電信,0.44,80000,股
2026-01-22,5289,宜鼎國際,0.43,14000,股
2026-01-22,2301,光寶科技,0.42,57000,股
2026-01-22,3231,緯創資通,0.41,74000,股
2026-01-22,4979,華星光通科技,0.32,27000,股
2026-01-22,1303,南亞塑膠工業,0.3,94000,股
2026-01-22,1319,東陽實業廠,0.23,51000,股
2026-01-22,3044,健鼎科技,0.2,14000,股
2026-01-22,1477,聚陽實業,0.08,6000,股
2026-01-22,1513,中興電工機械,0.08,10000,股
2026-01-22,4532,瑞智精密,0.06,54000,股
2026-01-22,3526,凡甲科技,0.05,5000,股
2026-01-22,3030,德律科技,0.03,4000,股
2026-01-22,3596,智易科技,0.03,4000,股
2026-01-22,6196,帆宣系統科技,0.02,2000,股
2026-01-22,RDI_NTD,RECEIVABLES FOR DISPOSAL OF INVESTMENTS,0.0,-492653024,元
2026-01-23,C_NTD,CASH,32.39,958570185,元
2026-01-23,2330,台灣積體電路製造,9.35,156000,股
2026-01-23,2308,台達電子工業,5.36,126000,股
2026-01-23,2345,智邦科技,4.41,111000,股
2026-01-23,2383,台光電子材料,4.14,68000,股
2026-01-23,3017,奇鋐科技,4.14,89000,股
2026-01-23,7769,鴻勁,3.91,31000,股
2026-01-23,6223,旺矽科技,3.78,44000,股
2026-01-23,2368,金像電子,3.12,143000,股
2026-01-23,6274,台燿科技,3.0,176000,股
2026-01-23,6669,緯穎科技服務,2.75,22000,股
2026-01-23,M_NTD,MARGIN,2.7,80000000,元
2026-01-23,3653,健策精密工業,2.64,28000,股
2026-01-23,2317,鴻海精密工業,2.55,341000,股
2026-01-23,2059,川湖科技,2.53,21000,股
2026-01-23,8210,勤誠興業,2.52,77000,股
2026-01-23,3665,貿聯控股,2.35,50000,股
2026-01-23,3661,世芯電子,2.2,19000,股
2026-01-23,5274,信驊科技,2.1,7000,股
2026-01-23,2449,京元電子,2.04,211000,股
2026-01-23,2454,聯發科技,1.93,35000,股
2026-01-23,6805,富世達股份有限公司,1.87,40000,股
2026-01-23,6515,穎崴科技,1.45,11000,股
2026-01-23,5536,聖暉工程科技,1.29,56000,股
2026-01-23,1605,華新麗華,1.25,949000,股
2026-01-23,2327,國巨*,1.15,117000,股
2026-01-23,2404,漢唐集成,1.03,31000,股
2026-01-23,1519,華城電機,0.97,28000,股
2026-01-23,6488,環球晶圓,0.86,48000,股
2026-01-23,2313,華通電腦,0.8,138000,股
2026-01-23,2885,元大金融控股,0.8,568000,股
2026-01-23,3324,雙鴻科技,0.72,23000,股
2026-01-23,3036,文曄科技,0.71,143000,股
2026-01-23,3711,日月光投資控股,0.68,65000,股
2026-01-23,6139,亞翔工程,0.62,33000,股
2026-01-23,3037,欣興電子,0.55,48000,股
2026-01-23,2610,中華航空,0.54,720000,股
2026-01-23,3264,欣銓科技,0.54,105200,股
2026-01-23,6415,矽力杰,0.5,56000,股
2026-01-23,5439,高技企業,0.47,47180,股
2026-01-23,3491,昇達科技,0.44,12000,股
2026-01-23,6442,光紅建聖,0.41,9000,股
2026-01-23,4958,臻鼎科技控股,0.39,68000,股
2026-01-23,2421,建準電機工業,0.37,71000,股
2026-01-23,2412,中華電信,0.36,80000,股
2026-01-23,1215,台灣卜蜂企業,0.35,70000,股
2026-01-23,5289,宜鼎國際,0.35,14000,股
2026-01-23,3231,緯創資通,0.34,74000,股
2026-01-23,2301,光寶科技,0.33,57000,股
2026-01-23,4979,華星光通科技,0.27,27000,股
2026-01-23,1303,南亞塑膠工業,0.24,94000,股
2026-01-23,1319,東陽實業廠,0.19,51000,股
2026-01-23,3044,健鼎科技,0.17,14000,股
2026-01-23,1477,聚陽實業,0.06,6000,股
2026-01-23,1513,中興電工機械,0.06,10000,股
2026-01-23,4532,瑞智精密,0.05,54000,股
2026-01-23,3526,凡甲科技,0.04,5000,股
2026-01-23,3030,德律科技,0.02,4000,股
2026-01-23,3596,智易科技,0.02,4000,股
2026-01-23,6196,帆宣系統科技,0.02,2000,股
2026-01-23,RDI_NTD,RECEIVABLES FOR DISPOSAL OF INVESTMENTS,0.0,-588031835,元
2026-01-26,C_NTD,CASH,35.49,1211796600,元
2026-01-26,2330,台灣積體電路製造,9.16,178000,股
2026-01-26,2308,台達電子工業,5.08,141000,股
2026-01-26,2345,智邦科技,4.34,129000,股
2026-01-26,7769,鴻勁,3.89,35000,股
2026-01-26,2383,台光電子材料,3.87,76000,股
2026-01-26,3017,奇鋐科技,3.81,95000,股
2026-01-26,3665,貿聯控股,3.6,86000,股
2026-01-26,6223,旺矽科技,3.56,47000,股
2026-01-26,2368,金像電子,3.02,155000,股
2026-01-26,6274,台燿科技,2.91,194000,股
2026-01-26,2317,鴻海精密工業,2.56,391000,股
2026-01-26,6669,緯穎科技服務,2.47,22000,股
2026-01-26,3653,健策精密工業,2.41,30000,股
2026-01-26,2059,川湖科技,2.36,23000,股
2026-01-26,M_NTD,MARGIN,2.34,80000000,元
2026-01-26,8210,勤誠興業,2.19,77000,股
2026-01-26,3661,世芯電子,2.16,21000,股
2026-01-26,2454,聯發科技,2.07,40000,股
2026-01-26,2449,京元電子,1.87,214500,股
2026-01-26,5274,信驊科技,1.82,7000,股
2026-01-26,6805,富世達股份有限公司,1.78,43000,股
2026-01-26,6515,穎崴科技,1.31,11000,股
2026-01-26,2327,國巨*,1.13,135000,股
2026-01-26,1605,華新麗華,1.12,949000,股
2026-01-26,1519,華城電機,1.08,36000,股
2026-01-26,5536,聖暉工程科技,1.08,56000,股
2026-01-26,2404,漢唐集成,0.86,31000,股
2026-01-26,3711,日月光投資控股,0.75,82000,股
2026-01-26,6488,環球晶圓,0.74,48000,股
2026-01-26,6139,亞翔工程,0.73,46000,股
2026-01-26,2313,華通電腦,0.72,138000,股
2026-01-26,2885,元大金融控股,0.71,568000,股
2026-01-26,3037,欣興電子,0.64,66000,股
2026-01-26,3324,雙鴻科技,0.63,23000,股
2026-01-26,3036,文曄科技,0.62,143000,股
2026-01-26,3264,欣銓科技,0.49,105200,股
2026-01-26,6415,矽力杰,0.48,63000,股
2026-01-26,2610,中華航空,0.47,720000,股
2026-01-26,5439,高技企業,0.43,47180,股
2026-01-26,3491,昇達科技,0.39,12000,股
2026-01-26,2301,光寶科技,0.38,77000,股
2026-01-26,6442,光紅建聖,0.34,9000,股
2026-01-26,4958,臻鼎科技控股,0.33,68000,股
2026-01-26,2421,建準電機工業,0.32,71000,股
2026-01-26,1215,台灣卜蜂企業,0.31,70000,股
2026-01-26,2412,中華電信,0.31,80000,股
2026-01-26,5289,宜鼎國際,0.31,14000,股
2026-01-26,3231,緯創資通,0.3,74000,股
2026-01-26,4979,華星光通科技,0.23,27000,股
2026-01-26,1303,南亞塑膠工業,0.22,94000,股
2026-01-26,1319,東陽實業廠,0.16,51000,股
2026-01-26,3044,健鼎科技,0.15,14000,股
2026-01-26,1477,聚陽實業,0.06,6000,股
2026-01-26,1513,中興電工機械,0.05,10000,股
2026-01-26,3526,凡甲科技,0.04,5000,股
2026-01-26,4532,瑞智精密,0.04,54000,股
2026-01-26,3030,德律科技,0.02,4000,股
2026-01-26,3596,智易科技,0.02,4000,股
2026-01-26,6196,帆宣系統科技,0.02,2000,股
2026-01-26,RDI_NTD,RECEIVABLES FOR DISPOSAL OF INVESTMENTS,0.0,-654451707,元
2026-01-27,C_NTD,CASH,24.82,872674876,元
2026-01-27,2330,台灣積體電路製造,9.53,188000,股
2026-01-27,2308,台達電子工業,5.44,153000,股
2026-01-27,2345,智邦科技,4.3,131000,股
2026-01-27,2383,台光電子材料,4.19,81000,股
2026-01-27,3017,奇鋐科技,4.08,101000,股
2026-01-27,7769,鴻勁,3.97,37000,股
2026-01-27,3665,貿聯控股,3.88,96000,股
2026-01-27,6223,旺矽科技,3.81,49000,股
2026-01-27,2368,金像電子,3.14,161000,股
2026-01-27,6274,台燿科技,3.07,204000,股
2026-01-27,3653,健策精密工業,2.86,36000,股
2026-01-27,2317,鴻海精密工業,2.59,404000,股
2026-01-27,2059,川湖科技,2.48,25000,股
2026-01-27,8210,勤誠興業,2.39,87000,股
2026-01-27,3661,世芯電子,2.34,24000,股
2026-01-27,6669,緯穎科技服務,2.31,22000,股
2026-01-27,M_NTD,MARGIN,2.27,80000000,元
2026-01-27,2449,京元電子,2.13,249500,股
2026-01-27,6805,富世達股份有限公司,2.06,51000,股
2026-01-27,2454,聯發科技,2.02,40000,股
2026-01-27,5274,信驊科技,1.99,8000,股
2026-01-27,6515,穎崴科技,1.58,13000,股
2026-01-27,2327,國巨*,1.33,158000,股
2026-01-27,1605,華新麗華,1.28,1105000,股
2026-01-27,1519,華城電機,1.13,39000,股
2026-01-27,5536,聖暉工程科技,1.04,56000,股
2026-01-27,2404,漢唐集成,0.83,31000,股
2026-01-27,3037,欣興電子,0.77,76000,股
2026-01-27,3264,欣銓科技,0.76,165200,股
2026-01-27,2885,元大金融控股,0.75,623000,股
2026-01-27,3036,文曄科技,0.73,163000,股
2026-01-27,3711,日月光投資控股,0.71,82000,股
2026-01-27,6139,亞翔工程,0.71,46000,股
2026-01-27,6488,環球晶圓,0.7,48000,股
2026-01-27,2313,華通電腦,0.66,138000,股
2026-01-27,6415,矽力杰,0.62,76000,股
2026-01-27,3324,雙鴻科技,0.61,23000,股
2026-01-27,5289,宜鼎國際,0.48,22000,股
2026-01-27,2610,中華航空,0.47,720000,股
2026-01-27,2344,華邦電子,0.46,140000,股
2026-01-27,4958,臻鼎科技控股,0.42,90000,股
2026-01-27,2301,光寶科技,0.41,85000,股
2026-01-27,5439,高技企業,0.41,47180,股
2026-01-27,1319,東陽實業廠,0.4,121000,股
2026-01-27,3413,京鼎精密科技,0.39,45000,股
2026-01-27,3491,昇達科技,0.38,12000,股
2026-01-27,6442,光紅建聖,0.37,9000,股
2026-01-27,1303,南亞塑膠工業,0.34,152000,股
2026-01-27,1215,台灣卜蜂企業,0.3,70000,股
2026-01-27,2412,中華電信,0.3,80000,股
2026-01-27,2421,建準電機工業,0.3,71000,股
2026-01-27,3044,健鼎科技,0.29,27000,股
2026-01-27,3231,緯創資通,0.28,74000,股
2026-01-27,4979,華星光通科技,0.22,27000,股
2026-01-27,1477,聚陽實業,0.05,6000,股
2026-01-27,1513,中興電工機械,0.05,10000,股
2026-01-27,3526,凡甲科技,0.04,5000,股
2026-01-27,4532,瑞智精密,0.04,54000,股
2026-01-27,3030,德律科技,0.02,4000,股
2026-01-27,3596,智易科技,0.02,4000,股
2026-01-27,6196,帆宣系統科技,0.02,2000,股
2026-01-27,RDI_NTD,RECEIVABLES FOR DISPOSAL OF INVESTMENTS,0.0,-546814159,元
2026-01-28,C_NTD,CASH,22.04,822286613,元
2026-01-28,2330,台灣積體電路製造,9.5,195000,股
2026-01-28,2308,台達電子工業,5.59,163000,股
2026-01-28,3017,奇鋐科技,4.4,112000,股
2026-01-28,2345,智邦科技,4.3,137000,股
2026-01-28,2383,台光電子材料,4.23,83000,股
2026-01-28,7769,鴻勁,3.96,39000,股
2026-01-28,3665,貿聯控股,3.94,102000,股
2026-01-28,6223,旺矽科技,3.49,49000,股
2026-01-28,2368,金像電子,3.16,164000,股
2026-01-28,3653,健策精密工業,3.16,42000,股
2026-01-28,6274,台燿科技,3.02,209000,股
2026-01-28,2317,鴻海精密工業,2.44,404000,股
2026-01-28,2059,川湖科技,2.36,26000,股
2026-01-28,3661,世芯電子,2.35,26000,股
2026-01-28,2449,京元電子,2.33,279500,股
2026-01-28,8210,勤誠興業,2.21,87000,股
2026-01-28,6669,緯穎科技服務,2.18,22000,股
2026-01-28,6805,富世達股份有限公司,2.16,54000,股
2026-01-28,M_NTD,MARGIN,2.14,80000000,元
2026-01-28,5274,信驊科技,2.13,9000,股
2026-01-28,2454,聯發科技,1.91,40000,股
2026-01-28,1605,華新麗華,1.53,1325000,股
2026-01-28,2327,國巨*,1.5,196000,股
2026-01-28,6515,穎崴科技,1.4,13000,股
2026-01-28,1519,華城電機,1.09,39000,股
2026-01-28,5536,聖暉工程科技,0.99,56000,股
2026-01-28,3264,欣銓科技,0.89,200200,股
2026-01-28,2404,漢唐集成,0.79,31000,股
2026-01-28,3037,欣興電子,0.75,76000,股
2026-01-28,6139,亞翔工程,0.73,46000,股
2026-01-28,3036,文曄科技,0.72,163000,股
2026-01-28,2885,元大金融控股,0.71,623000,股
2026-01-28,3711,日月光投資控股,0.69,82000,股
2026-01-28,6415,矽力杰,0.69,89000,股
2026-01-28,2313,華通電腦,0.65,138000,股
2026-01-28,6488,環球晶圓,0.65,48000,股
2026-01-28,3324,雙鴻科技,0.57,23000,股
2026-01-28,3413,京鼎精密科技,0.49,60000,股
2026-01-28,1319,東陽實業廠,0.48,159000,股
2026-01-28,2344,華邦電子,0.48,140000,股
2026-01-28,1303,南亞塑膠工業,0.47,220000,股
2026-01-28,5289,宜鼎國際,0.46,22000,股
2026-01-28,1215,台灣卜蜂企業,0.43,106000,股
2026-01-28,2610,中華航空,0.43,720000,股
2026-01-28,4958,臻鼎科技控股,0.43,90000,股
2026-01-28,2301,光寶科技,0.42,90000,股
2026-01-28,6510,中華精測科技,0.42,5000,股
2026-01-28,2472,立隆電子工業,0.4,130000,股
2026-01-28,5439,高技企業,0.4,47180,股
2026-01-28,6442,光紅建聖,0.38,9000,股
2026-01-28,3491,昇達科技,0.36,12000,股
2026-01-28,2421,建準電機工業,0.28,71000,股
2026-01-28,3044,健鼎科技,0.28,27000,股
2026-01-28,3231,緯創資通,0.27,74000,股
2026-01-28,4979,華星光通科技,0.23,27000,股
2026-01-28,1477,聚陽實業,0.05,6000,股
2026-01-28,1513,中興電工機械,0.05,10000,股
2026-01-28,4532,瑞智精密,0.04,54000,股
2026-01-28,3526,凡甲科技,0.03,5000,股
2026-01-28,3596,智易科技,0.02,4000,股
2026-01-28,6196,帆宣系統科技,0.02,2000,股
2026-01-28,RDI_NTD,RECEIVABLES FOR DISPOSAL OF INVESTMENTS,0.0,-466070016,元
2026-01-29,C_NTD,CASH,16.59,625302719,元
2026-01-29,2330,台灣積體電路製造,9.48,198000,股
2026-01-29,2308,台達電子工業,5.66,170000,股
2026-01-29,2345,智邦科技,4.44,143000,股
2026-01-29,3017,奇鋐科技,4.44,112000,股
2026-01-29,2383,台光電子材料,4.27,90000,股
2026-01-29,3665,貿聯控股,4.13,114000,股
2026-01-29,7769,鴻勁,3.88,39000,股
2026-01-29,3653,健策精密工業,3.46,45000,股
2026-01-29,6223,旺矽科技,3.37,49000,股
2026-01-29,6274,台燿科技,3.23,239000,股
2026-01-29,2368,金像電子,3.16,172000,股
2026-01-29,3661,世芯電子,2.43,28000,股
2026-01-29,2449,京元電子,2.42,299500,股
2026-01-29,2317,鴻海精密工業,2.4,404000,股
2026-01-29,2059,川湖科技,2.38,28000,股
2026-01-29,5274,信驊科技,2.22,9000,股
2026-01-29,6669,緯穎科技服務,2.17,22000,股
2026-01-29,8210,勤誠興業,2.15,87000,股
2026-01-29,6805,富世達股份有限公司,2.13,54000,股
2026-01-29,M_NTD,MARGIN,2.13,80099699,元
2026-01-29,2454,聯發科技,1.89,40000,股
2026-01-29,2327,國巨*,1.68,229000,股
2026-01-29,1605,華新麗華,1.55,1325000,股
2026-01-29,6515,穎崴科技,1.35,13000,股
2026-01-29,1519,華城電機,1.13,42000,股
2026-01-29,6139,亞翔工程,1.12,69000,股
2026-01-29,5536,聖暉工程科技,1.01,56000,股
2026-01-29,3264,欣銓科技,0.85,205200,股
2026-01-29,2404,漢唐集成,0.78,31000,股
2026-01-29,3036,文曄科技,0.75,178000,股
2026-01-29,3037,欣興電子,0.75,82000,股
2026-01-29,2885,元大金融控股,0.71,623000,股
2026-01-29,6415,矽力杰,0.71,89000,股
2026-01-29,3711,日月光投資控股,0.67,82000,股
2026-01-29,1303,南亞塑膠工業,0.65,318000,股
2026-01-29,2313,華通電腦,0.65,138000,股
2026-01-29,6488,環球晶圓,0.64,48000,股
2026-01-29,3413,京鼎精密科技,0.63,82000,股
2026-01-29,1319,東陽實業廠,0.62,214000,股
2026-01-29,2344,華邦電子,0.57,165000,股
2026-01-29,3324,雙鴻科技,0.57,23000,股
2026-01-29,5439,高技企業,0.53,65180,股
2026-01-29,2472,立隆電子工業,0.48,162000,股
2026-01-29,5289,宜鼎國際,0.45,22000,股
2026-01-29,2610,中華航空,0.43,720000,股
2026-01-29,4958,臻鼎科技控股,0.43,90000,股
2026-01-29,1215,台灣卜蜂企業,0.42,106000,股
2026-01-29,6510,中華精測科技,0.42,5000,股
2026-01-29,6442,光紅建聖,0.41,9000,股
2026-01-29,2301,光寶科技,0.4,90000,股
2026-01-29,3044,健鼎科技,0.4,39000,股
2026-01-29,3491,昇達科技,0.35,12000,股
2026-01-29,2421,建準電機工業,0.29,71000,股
2026-01-29,3231,緯創資通,0.26,74000,股
2026-01-29,4979,華星光通科技,0.24,27000,股
2026-01-29,1477,聚陽實業,0.05,6000,股
2026-01-29,1513,中興電工機械,0.05,10000,股
2026-01-29,4532,瑞智精密,0.04,54000,股
2026-01-29,3526,凡甲科技,0.03,5000,股
2026-01-29,3596,智易科技,0.02,4000,股
2026-01-29,6196,帆宣系統科技,0.02,2000,股
2026-01-29,RDI_NTD,RECEIVABLES FOR DISPOSAL OF INVESTMENTS,0.0,-360698027,元
2026-01-29,TXZA62026,臺指選擇權第五週週五到期契約買權,0.0,-20,口
2026-01-30,C_NTD,CASH,12.01,445885593,元
2026-01-30,2330,台灣積體電路製造,9.45,198000,股
2026-01-30,2308,台達電子工業,5.69,173000,股
2026-01-30,3017,奇鋐科技,4.41,112000,股
2026-01-30,2345,智邦科技,4.3,143000,股
2026-01-30,2383,台光電子材料,4.23,90000,股
2026-01-30,3665,貿聯控股,3.99,114000,股
2026-01-30,7769,鴻勁,3.94,39000,股
2026-01-30,3653,健策精密工業,3.75,49000,股
2026-01-30,6223,旺矽科技,3.32,49000,股
2026-01-30,6274,台燿科技,3.31,244000,股
2026-01-30,2368,金像電子,3.25,172000,股
2026-01-30,2317,鴻海精密工業,2.4,404000,股
2026-01-30,2449,京元電子,2.39,299500,股
2026-01-30,2059,川湖科技,2.37,28000,股
2026-01-30,3661,世芯電子,2.36,28000,股
2026-01-30,M_NTD,MARGIN,2.16,80101599,元
2026-01-30,5274,信驊科技,2.15,9000,股
2026-01-30,6669,緯穎科技服務,2.12,22000,股
2026-01-30,8210,勤誠興業,2.12,87000,股
2026-01-30,6805,富世達股份有限公司,2.07,54000,股
2026-01-30,2454,聯發科技,1.9,40000,股
2026-01-30,2327,國巨*,1.73,231000,股
2026-01-30,1605,華新麗華,1.55,1325000,股
2026-01-30,6515,穎崴科技,1.37,13000,股
2026-01-30,1519,華城電機,1.1,42000,股
2026-01-30,6139,亞翔工程,1.07,69000,股
2026-01-30,3264,欣銓科技,0.91,212200,股
2026-01-30,5536,聖暉工程科技,0.87,51000,股
2026-01-30,3037,欣興電子,0.84,82000,股
2026-01-30,1303,南亞塑膠工業,0.81,398000,股
2026-01-30,2404,漢唐集成,0.76,31000,股
2026-01-30,3036,文曄科技,0.75,178000,股
2026-01-30,2885,元大金融控股,0.72,623000,股
2026-01-30,6415,矽力杰,0.67,89000,股
2026-01-30,3711,日月光投資控股,0.66,82000,股
2026-01-30,6488,環球晶圓,0.64,48000,股
2026-01-30,1319,東陽實業廠,0.63,214000,股
2026-01-30,2313,華通電腦,0.63,138000,股
2026-01-30,3413,京鼎精密科技,0.63,82000,股
2026-01-30,2344,華邦電子,0.57,165000,股
2026-01-30,3324,雙鴻科技,0.56,23000,股
2026-01-30,5439,高技企業,0.52,65180,股
2026-01-30,2472,立隆電子工業,0.47,162000,股
2026-01-30,4958,臻鼎科技控股,0.47,90000,股
2026-01-30,5289,宜鼎國際,0.47,22000,股
2026-01-30,6510,中華精測科技,0.45,5000,股
2026-01-30,2610,中華航空,0.43,720000,股
2026-01-30,6442,光紅建聖,0.43,9000,股
2026-01-30,1215,台灣卜蜂企業,0.42,106000,股
2026-01-30,2301,光寶科技,0.4,90000,股
2026-01-30,3044,健鼎科技,0.39,39000,股
2026-01-30,3491,昇達科技,0.35,12000,股
2026-01-30,2421,建準電機工業,0.27,71000,股
2026-01-30,3231,緯創資通,0.24,68000,股
2026-01-30,4979,華星光通科技,0.23,27000,股
2026-01-30,1477,聚陽實業,0.05,6000,股
2026-01-30,1513,中興電工機械,0.05,10000,股
2026-01-30,4532,瑞智精密,0.04,54000,股
2026-01-30,3526,凡甲科技,0.03,5000,股
2026-01-30,3596,智易科技,0.02,4000,股
2026-01-30,6196,帆宣系統科技,0.02,2000,股
2026-01-30,RDI_NTD,RECEIVABLES FOR DISPOSAL OF INVESTMENTS,0.0,-189327918,元
2026-02-02,2330,台灣積體電路製造,9.43,198000,股
2026-02-02,C_NTD,CASH,6.57,243379422,元
2026-02-02,2308,台達電子工業,5.48,173000,股
2026-02-02,3017,奇鋐科技,4.5,112000,股
2026-02-02,2345,智邦科技,4.4,143000,股
2026-02-02,2383,台光電子材料,4.33,90000,股
2026-02-02,3665,貿聯控股,4.08,114000,股
2026-02-02,7769,鴻勁,3.95,39000,股
2026-02-02,3653,健策精密工業,3.91,49000,股
2026-02-02,6223,旺矽科技,3.48,49000,股
2026-02-02,2368,金像電子,3.28,172000,股
2026-02-02,6274,台燿科技,3.26,244000,股
2026-02-02,3661,世芯電子,2.37,28000,股
2026-02-02,2317,鴻海精密工業,2.34,404000,股
2026-02-02,2059,川湖科技,2.32,28000,股
2026-02-02,2449,京元電子,2.3,299500,股
2026-02-02,5274,信驊科技,2.2,9000,股
2026-02-02,M_NTD,MARGIN,2.16,80101599,元
2026-02-02,6669,緯穎科技服務,2.14,22000,股
2026-02-02,8210,勤誠興業,2.11,87000,股
2026-02-02,6805,富世達股份有限公司,2.05,54000,股
2026-02-02,2454,聯發科技,1.84,40000,股
2026-02-02,2327,國巨*,1.61,231000,股
2026-02-02,6515,穎崴科技,1.42,13000,股
2026-02-02,1605,華新麗華,1.4,1325000,股
2026-02-02,1519,華城電機,1.07,42000,股
2026-02-02,6139,亞翔工程,1.03,69000,股
2026-02-02,5536,聖暉工程科技,0.9,51000,股
2026-02-02,3264,欣銓科技,0.88,212200,股
2026-02-02,3037,欣興電子,0.81,82000,股
2026-02-02,1303,南亞塑膠工業,0.76,398000,股
2026-02-02,2404,漢唐集成,0.76,31000,股
2026-02-02,3036,文曄科技,0.73,178000,股
2026-02-02,2885,元大金融控股,0.71,623000,股
2026-02-02,6415,矽力杰,0.7,89000,股
2026-02-02,3711,日月光投資控股,0.65,82000,股
2026-02-02,2313,華通電腦,0.64,138000,股
2026-02-02,1319,東陽實業廠,0.62,214000,股
2026-02-02,3413,京鼎精密科技,0.62,82000,股
2026-02-02,6488,環球晶圓,0.61,48000,股
2026-02-02,3324,雙鴻科技,0.58,23000,股
2026-02-02,2344,華邦電子,0.52,165000,股
2026-02-02,5439,高技企業,0.5,65180,股
2026-02-02,6510,中華精測科技,0.46,5000,股
2026-02-02,2472,立隆電子工業,0.45,162000,股
2026-02-02,4958,臻鼎科技控股,0.45,90000,股
2026-02-02,5289,宜鼎國際,0.44,22000,股
2026-02-02,2610,中華航空,0.43,720000,股
2026-02-02,1215,台灣卜蜂企業,0.42,106000,股
2026-02-02,6442,光紅建聖,0.42,9000,股
2026-02-02,3044,健鼎科技,0.41,39000,股
2026-02-02,2301,光寶科技,0.39,90000,股
2026-02-02,3491,昇達科技,0.38,12000,股
2026-02-02,2421,建準電機工業,0.27,71000,股
2026-02-02,3231,緯創資通,0.23,68000,股
2026-02-02,4979,華星光通科技,0.23,27000,股
2026-02-02,1477,聚陽實業,0.05,6000,股
2026-02-02,1513,中興電工機械,0.04,10000,股
2026-02-02,4532,瑞智精密,0.04,54000,股
2026-02-02,3526,凡甲科技,0.03,5000,股
2026-02-02,3596,智易科技,0.02,4000,股
2026-02-02,6196,帆宣系統科技,0.01,2000,股
2026-02-02,RDI_NTD,RECEIVABLES FOR DISPOSAL OF INVESTMENTS,0.0,-21496371,元
2026-02-03,2330,台灣積體電路製造,9.48,202000,股
2026-02-03,C_NTD,CASH,5.47,210306167,元
2026-02-03,2308,台達電子工業,5.46,173000,股
2026-02-03,3017,奇鋐科技,4.76,112000,股
2026-02-03,2345,智邦科技,4.4,143000,股
2026-02-03,2383,台光電子材料,4.34,90000,股
2026-02-03,3665,貿聯控股,4.18,114000,股
2026-02-03,3653,健策精密工業,4.0,49000,股
2026-02-03,7769,鴻勁,3.91,39000,股
2026-02-03,6223,旺矽科技,3.62,49000,股
2026-02-03,2368,金像電子,3.37,172000,股
2026-02-03,6274,台燿科技,3.2,244000,股
2026-02-03,3661,世芯電子,2.42,28000,股
2026-02-03,8210,勤誠興業,2.36,95000,股
2026-02-03,5274,信驊科技,2.29,9000,股
2026-02-03,2449,京元電子,2.28,299500,股
2026-02-03,2317,鴻海精密工業,2.27,404000,股
2026-02-03,2059,川湖科技,2.26,28000,股
2026-02-03,6805,富世達股份有限公司,2.15,54000,股
2026-02-03,6669,緯穎科技服務,2.13,22000,股
2026-02-03,M_NTD,MARGIN,2.09,80396773,元
2026-02-03,2454,聯發科技,1.87,40000,股
2026-02-03,2327,國巨*,1.6,231000,股
2026-02-03,6515,穎崴科技,1.51,13000,股
2026-02-03,1605,華新麗華,1.5,1580000,股
2026-02-03,3037,欣興電子,1.19,119000,股
2026-02-03,1519,華城電機,1.03,42000,股
2026-02-03,6139,亞翔工程,1.0,69000,股
2026-02-03,5536,聖暉工程科技,0.86,51000,股
2026-02-03,3264,欣銓科技,0.85,212200,股
2026-02-03,2344,華邦電子,0.83,301000,股
2026-02-03,3044,健鼎科技,0.82,78000,股
2026-02-03,1303,南亞塑膠工業,0.76,398000,股
2026-02-03,2404,漢唐集成,0.75,31000,股
2026-02-03,3036,文曄科技,0.72,178000,股
2026-02-03,2885,元大金融控股,0.68,623000,股
2026-02-03,6415,矽力杰,0.68,89000,股
2026-02-03,2313,華通電腦,0.65,138000,股
2026-02-03,6285,啟碁科技,0.64,126000,股
2026-02-03,1319,東陽實業廠,0.62,214000,股
2026-02-03,3324,雙鴻科技,0.6,23000,股
2026-02-03,3413,京鼎精密科技,0.6,82000,股
2026-02-03,6488,環球晶圓,0.59,48000,股
2026-02-03,5439,高技企業,0.51,65180,股
2026-02-03,4958,臻鼎科技控股,0.5,107000,股
2026-02-03,6510,中華精測科技,0.49,5000,股
2026-02-03,2472,立隆電子工業,0.46,162000,股
2026-02-03,5289,宜鼎國際,0.45,22000,股
2026-02-03,6442,光紅建聖,0.43,9000,股
2026-02-03,2610,中華航空,0.42,720000,股
2026-02-03,1215,台灣卜蜂企業,0.41,106000,股
2026-02-03,3711,日月光投資控股,0.41,52000,股
2026-02-03,2301,光寶科技,0.4,90000,股
2026-02-03,3491,昇達科技,0.4,12000,股
2026-02-03,4979,華星光通科技,0.33,41000,股
2026-02-03,2421,建準電機工業,0.27,71000,股
2026-02-03,3231,緯創資通,0.23,68000,股
2026-02-03,3596,智易科技,0.17,36000,股
2026-02-03,1477,聚陽實業,0.05,6000,股
2026-02-03,4532,瑞智精密,0.04,54000,股
2026-02-03,3526,凡甲科技,0.03,5000,股
2026-02-03,6196,帆宣系統科技,0.01,2000,股
2026-02-03,TXUB62026,臺指選擇權第一週週五到期契約買權,0.01,-47,口
2026-02-03,RDI_NTD,RECEIVABLES FOR DISPOSAL OF INVESTMENTS,0.0,-96332076,元
2026-02-04,2330,台灣積體電路製造,9.33,202000,股
2026-02-04,2308,台達電子工業,5.41,173000,股
2026-02-04,C_NTD,CASH,5.18,200245311,元
2026-02-04,3017,奇鋐科技,4.85,112000,股
2026-02-04,2383,台光電子材料,4.74,90000,股
2026-02-04,2345,智邦科技,4.38,143000,股
2026-02-04,3665,貿聯控股,3.95,114000,股
2026-02-04,3653,健策精密工業,3.94,49000,股
2026-02-04,7769,鴻勁,3.84,39000,股
2026-02-04,2368,金像電子,3.54,172000,股
2026-02-04,6223,旺矽科技,3.48,49000,股
2026-02-04,6274,台燿科技,3.39,244000,股
2026-02-04,3661,世芯電子,2.45,28000,股
2026-02-04,8210,勤誠興業,2.43,95000,股
2026-02-04,2449,京元電子,2.3,299500,股
2026-02-04,2317,鴻海精密工業,2.29,404000,股
2026-02-04,5274,信驊科技,2.24,9000,股
2026-02-04,2059,川湖科技,2.23,28000,股
2026-02-04,6805,富世達股份有限公司,2.13,54000,股
2026-02-04,6669,緯穎科技服務,2.09,22000,股
2026-02-04,M_NTD,MARGIN,2.07,80267523,元
2026-02-04,2454,聯發科技,1.86,40000,股
2026-02-04,2327,國巨*,1.59,231000,股
2026-02-04,1605,華新麗華,1.54,1580000,股
2026-02-04,6515,穎崴科技,1.53,13000,股
2026-02-04,3037,欣興電子,1.19,119000,股
2026-02-04,2344,華邦電子,1.12,401000,股
2026-02-04,1519,華城電機,1.08,42000,股
2026-02-04,6139,亞翔工程,0.99,69000,股
2026-02-04,3044,健鼎科技,0.84,78000,股
2026-02-04,3264,欣銓科技,0.84,212200,股
2026-02-04,1303,南亞塑膠工業,0.8,398000,股
2026-02-04,2404,漢唐集成,0.75,31000,股
2026-02-04,3036,文曄科技,0.73,178000,股
2026-02-04,5536,聖暉工程科技,0.73,44000,股
2026-02-04,2313,華通電腦,0.68,138000,股
2026-02-04,2885,元大金融控股,0.68,623000,股
2026-02-04,6285,啟碁科技,0.68,126000,股
2026-02-04,6415,矽力杰,0.66,89000,股
2026-02-04,3413,京鼎精密科技,0.62,82000,股
2026-02-04,1319,東陽實業廠,0.6,214000,股
2026-02-04,3324,雙鴻科技,0.6,23000,股
2026-02-04,4958,臻鼎科技控股,0.55,107000,股
2026-02-04,5439,高技企業,0.52,65180,股
2026-02-04,6510,中華精測科技,0.52,5000,股
2026-02-04,6488,環球晶圓,0.51,41000,股
2026-02-04,2455,全新光電科技,0.47,101000,股
2026-02-04,3533,嘉澤端子工業,0.47,11000,股
2026-02-04,2472,立隆電子工業,0.46,162000,股
2026-02-04,5289,宜鼎國際,0.44,22000,股
2026-02-04,3491,昇達科技,0.43,12000,股
2026-02-04,6442,光紅建聖,0.43,9000,股
2026-02-04,2610,中華航空,0.42,720000,股
2026-02-04,1215,台灣卜蜂企業,0.41,106000,股
2026-02-04,3711,日月光投資控股,0.41,52000,股
2026-02-04,2301,光寶科技,0.4,90000,股
2026-02-04,4979,華星光通科技,0.35,41000,股
2026-02-04,2421,建準電機工業,0.28,71000,股
2026-02-04,3596,智易科技,0.17,36000,股
2026-02-04,1477,聚陽實業,0.05,6000,股
2026-02-04,4532,瑞智精密,0.04,54000,股
2026-02-04,3526,凡甲科技,0.03,5000,股
2026-02-04,TXUB62026,臺指選擇權第一週週五到期契約買權,0.01,-47,口
2026-02-04,RDI_NTD,RECEIVABLES FOR DISPOSAL OF INVESTMENTS,0.0,-126966616,元
2026-02-05,2330,台灣積體電路製造,9.58,202000,股
2026-02-05,2308,台達電子工業,5.32,173000,股
2026-02-05,3017,奇鋐科技,4.88,112000,股
2026-02-05,2383,台光電子材料,4.69,90000,股
2026-02-05,2345,智邦科技,4.3,143000,股
2026-02-05,3653,健策精密工業,3.93,49000,股
2026-02-05,7769,鴻勁,3.86,39000,股
2026-02-05,3665,貿聯控股,3.84,114000,股
2026-02-05,6223,旺矽科技,3.6,49000,股
2026-02-05,2368,金像電子,3.49,172000,股
2026-02-05,6274,台燿科技,3.39,244000,股
2026-02-05,8210,勤誠興業,2.76,95000,股
2026-02-05,C_NTD,CASH,2.74,102502791,元
2026-02-05,3661,世芯電子,2.43,28000,股
2026-02-05,2317,鴻海精密工業,2.33,404000,股
2026-02-05,2059,川湖科技,2.26,28000,股
2026-02-05,2449,京元電子,2.25,299500,股
2026-02-05,6805,富世達股份有限公司,2.24,54000,股
2026-02-05,5274,信驊科技,2.2,9000,股
2026-02-05,M_NTD,MARGIN,2.16,80725773,元
2026-02-05,6669,緯穎科技服務,2.12,22000,股
2026-02-05,2454,聯發科技,1.89,40000,股
2026-02-05,2327,國巨*,1.59,231000,股
2026-02-05,6515,穎崴科技,1.54,13000,股
2026-02-05,1605,華新麗華,1.53,1580000,股
2026-02-05,3037,欣興電子,1.16,119000,股
2026-02-05,2344,華邦電子,1.1,401000,股
2026-02-05,1519,華城電機,1.07,42000,股
2026-02-05,6139,亞翔工程,1.0,69000,股
2026-02-05,3264,欣銓科技,0.84,212200,股
2026-02-05,3044,健鼎科技,0.82,78000,股
2026-02-05,1303,南亞塑膠工業,0.79,398000,股
2026-02-05,3036,文曄科技,0.74,178000,股
2026-02-05,2885,元大金融控股,0.71,623000,股
2026-02-05,2313,華通電腦,0.65,138000,股
2026-02-05,6415,矽力杰,0.65,89000,股
2026-02-05,1319,東陽實業廠,0.63,214000,股
2026-02-05,6285,啟碁科技,0.63,126000,股
2026-02-05,3413,京鼎精密科技,0.62,82000,股
2026-02-05,3324,雙鴻科技,0.61,23000,股
2026-02-05,4958,臻鼎科技控股,0.54,107000,股
2026-02-05,5439,高技企業,0.53,65180,股
2026-02-05,6510,中華精測科技,0.52,5000,股
2026-02-05,2404,漢唐集成,0.5,20000,股
2026-02-05,2472,立隆電子工業,0.47,162000,股
2026-02-05,2455,全新光電科技,0.46,101000,股
2026-02-05,3533,嘉澤端子工業,0.46,11000,股
2026-02-05,5289,宜鼎國際,0.46,22000,股
2026-02-05,2610,中華航空,0.44,720000,股
2026-02-05,1215,台灣卜蜂企業,0.42,106000,股
2026-02-05,6442,光紅建聖,0.42,9000,股
2026-02-05,3491,昇達科技,0.41,12000,股
2026-02-05,2301,光寶科技,0.4,90000,股
2026-02-05,5536,聖暉工程科技,0.4,24000,股
2026-02-05,3711,日月光投資控股,0.39,52000,股
2026-02-05,4979,華星光通科技,0.35,41000,股
2026-02-05,6488,環球晶圓,0.3,24000,股
2026-02-05,2421,建準電機工業,0.28,71000,股
2026-02-05,3596,智易科技,0.17,36000,股
2026-02-05,1477,聚陽實業,0.05,6000,股
2026-02-05,4532,瑞智精密,0.04,54000,股
2026-02-05,3526,凡甲科技,0.03,5000,股
2026-02-05,RDI_NTD,RECEIVABLES FOR DISPOSAL OF INVESTMENTS,0.0,74348,元
2026-02-05,TXUB62026,臺指選擇權第一週週五到期契約買權,0.0,-47,口
2026-02-06,2330,台灣積體電路製造,9.72,202000,股
2026-02-06,2308,台達電子工業,5.43,173000,股
2026-02-06,3017,奇鋐科技,4.83,112000,股
2026-02-06,2383,台光電子材料,4.68,90000,股
2026-02-06,2345,智邦科技,4.6,143000,股
2026-02-06,3665,貿聯控股,3.96,114000,股
2026-02-06,3653,健策精密工業,3.93,49000,股
2026-02-06,7769,鴻勁,3.89,39000,股
2026-02-06,6223,旺矽科技,3.54,49000,股
2026-02-06,2368,金像電子,3.46,172000,股
2026-02-06,6274,台燿科技,3.42,244000,股
2026-02-06,8210,勤誠興業,2.51,95000,股
2026-02-06,3661,世芯電子,2.36,28000,股
2026-02-06,2317,鴻海精密工業,2.35,404000,股
2026-02-06,2449,京元電子,2.3,299500,股
2026-02-06,6805,富世達股份有限公司,2.26,54000,股
2026-02-06,2059,川湖科技,2.24,28000,股
2026-02-06,5274,信驊科技,2.17,9000,股
2026-02-06,6669,緯穎科技服務,2.17,22000,股
2026-02-06,M_NTD,MARGIN,2.17,80437723,元
2026-02-06,C_NTD,CASH,1.94,71868251,元
2026-02-06,2454,聯發科技,1.85,40000,股
2026-02-06,3037,欣興電子,1.69,184000,股
2026-02-06,6515,穎崴科技,1.58,13000,股
2026-02-06,2327,國巨*,1.55,231000,股
2026-02-06,1605,華新麗華,1.47,1580000,股
2026-02-06,2344,華邦電子,1.06,401000,股
2026-02-06,1519,華城電機,1.03,42000,股
2026-02-06,6139,亞翔工程,0.99,69000,股
2026-02-06,3264,欣銓科技,0.82,212200,股
2026-02-06,3044,健鼎科技,0.8,78000,股
2026-02-06,1303,南亞塑膠工業,0.79,398000,股
2026-02-06,3036,文曄科技,0.74,178000,股
2026-02-06,2885,元大金融控股,0.72,623000,股
2026-02-06,6415,矽力杰,0.66,89000,股
2026-02-06,2313,華通電腦,0.64,138000,股
2026-02-06,3324,雙鴻科技,0.64,23000,股
2026-02-06,3413,京鼎精密科技,0.62,82000,股
2026-02-06,1319,東陽實業廠,0.6,214000,股
2026-02-06,6285,啟碁科技,0.6,126000,股
2026-02-06,4958,臻鼎科技控股,0.53,107000,股
2026-02-06,5439,高技企業,0.51,65180,股
2026-02-06,6510,中華精測科技,0.5,5000,股
2026-02-06,2404,漢唐集成,0.49,20000,股
2026-02-06,3533,嘉澤端子工業,0.47,11000,股
2026-02-06,2472,立隆電子工業,0.46,162000,股
2026-02-06,2455,全新光電科技,0.45,101000,股
2026-02-06,2610,中華航空,0.44,720000,股
2026-02-06,1215,台灣卜蜂企業,0.42,106000,股
2026-02-06,5289,宜鼎國際,0.42,22000,股
2026-02-06,3491,昇達科技,0.41,12000,股
2026-02-06,6442,光紅建聖,0.41,9000,股
2026-02-06,2301,光寶科技,0.4,90000,股
2026-02-06,4979,華星光通科技,0.35,41000,股
2026-02-06,6488,環球晶圓,0.3,24000,股
2026-02-06,2421,建準電機工業,0.28,71000,股
2026-02-06,3596,智易科技,0.17,36000,股
2026-02-06,3711,日月光投資控股,0.16,20000,股
2026-02-06,5536,聖暉工程科技,0.15,9000,股
2026-02-06,1477,聚陽實業,0.05,6000,股
2026-02-06,3526,凡甲科技,0.04,5000,股
2026-02-06,4532,瑞智精密,0.04,54000,股
2026-02-06,RDI_NTD,RECEIVABLES FOR DISPOSAL OF INVESTMENTS,0.0,27508324,元
2026-02-09,2330,台灣積體電路製造,9.46,194000,股
2026-02-09,2308,台達電子工業,5.47,173000,股
2026-02-09,2383,台光電子材料,5.02,90000,股
2026-02-09,2345,智邦科技,5.0,143000,股
2026-02-09,3017,奇鋐科技,4.8,112000,股
2026-02-09,3653,健策精密工業,4.13,49000,股
2026-02-09,7769,鴻勁,4.02,39000,股
2026-02-09,3665,貿聯控股,3.83,114000,股
2026-02-09,2368,金像電子,3.67,172000,股
2026-02-09,6223,旺矽科技,3.64,49000,股
2026-02-09,6274,台燿科技,3.52,249000,股
2026-02-09,3661,世芯電子,2.47,28000,股
2026-02-09,2317,鴻海精密工業,2.37,404000,股
2026-02-09,8210,勤誠興業,2.37,95000,股
2026-02-09,2449,京元電子,2.34,299500,股
2026-02-09,C_NTD,CASH,2.32,86609144,元
2026-02-09,5274,信驊科技,2.29,9000,股
2026-02-09,6805,富世達股份有限公司,2.24,54000,股
2026-02-09,M_NTD,MARGIN,2.17,81007204,元
2026-02-09,6669,緯穎科技服務,2.14,22000,股
2026-02-09,2454,聯發科技,1.96,40000,股
2026-02-09,3037,欣興電子,1.9,204000,股
2026-02-09,2059,川湖科技,1.87,24000,股
2026-02-09,6515,穎崴科技,1.64,13000,股
2026-02-09,2327,國巨*,1.55,231000,股
2026-02-09,2344,華邦電子,1.16,401000,股
2026-02-09,1519,華城電機,1.06,42000,股
2026-02-09,6139,亞翔工程,0.97,69000,股
2026-02-09,3264,欣銓科技,0.86,212200,股
2026-02-09,1303,南亞塑膠工業,0.83,398000,股
2026-02-09,3044,健鼎科技,0.8,78000,股
2026-02-09,3036,文曄科技,0.74,178000,股
2026-02-09,2885,元大金融控股,0.73,623000,股
2026-02-09,3324,雙鴻科技,0.68,23000,股
2026-02-09,1605,華新麗華,0.65,680000,股
2026-02-09,3413,京鼎精密科技,0.65,82000,股
2026-02-09,2313,華通電腦,0.64,138000,股
2026-02-09,1319,東陽實業廠,0.59,214000,股
2026-02-09,6285,啟碁科技,0.58,126000,股
2026-02-09,5439,高技企業,0.54,65180,股
2026-02-09,6510,中華精測科技,0.53,5000,股
2026-02-09,4958,臻鼎科技控股,0.52,107000,股
2026-02-09,2404,漢唐集成,0.48,20000,股
2026-02-09,2455,全新光電科技,0.47,101000,股
2026-02-09,2472,立隆電子工業,0.47,162000,股
2026-02-09,3533,嘉澤端子工業,0.47,11000,股
2026-02-09,5289,宜鼎國際,0.46,22000,股
2026-02-09,6442,光紅建聖,0.45,9000,股
2026-02-09,2610,中華航空,0.44,720000,股
2026-02-09,1215,台灣卜蜂企業,0.43,106000,股
2026-02-09,2301,光寶科技,0.42,90000,股
2026-02-09,3491,昇達科技,0.42,12000,股
2026-02-09,4979,華星光通科技,0.37,41000,股
2026-02-09,6488,環球晶圓,0.31,24000,股
2026-02-09,2421,建準電機工業,0.28,71000,股
2026-02-09,3596,智易科技,0.18,36000,股
2026-02-09,5536,聖暉工程科技,0.15,9000,股
2026-02-09,1477,聚陽實業,0.05,6000,股
2026-02-09,3526,凡甲科技,0.04,5000,股
2026-02-09,4532,瑞智精密,0.04,54000,股
2026-02-09,3711,日月光投資控股,0.02,2000,股
2026-02-09,TX2B62026,臺指選擇權第二週週三到期契約買權,0.02,-76,口
2026-02-09,6415,矽力杰,0.01,1000,股
2026-02-09,RDI_NTD,RECEIVABLES FOR DISPOSAL OF INVESTMENTS,0.0,74654465,元
2026-02-10,2330,台灣積體電路製造,9.55,189000,股
2026-02-10,2308,台達電子工業,5.52,173000,股
2026-02-10,2345,智邦科技,5.35,143000,股
2026-02-10,2383,台光電子材料,5.1,90000,股
2026-02-10,3017,奇鋐科技,4.88,112000,股
2026-02-10,3653,健策精密工業,4.42,49000,股
2026-02-10,3665,貿聯控股,4.23,114000,股
2026-02-10,7769,鴻勁,4.2,39000,股
2026-02-10,2368,金像電子,3.92,172000,股
2026-02-10,6223,旺矽科技,3.67,49000,股
2026-02-10,6274,台燿科技,3.57,249000,股
2026-02-10,8210,勤誠興業,2.51,95000,股
2026-02-10,3661,世芯電子,2.49,28000,股
2026-02-10,2449,京元電子,2.43,299500,股
2026-02-10,5274,信驊科技,2.26,9000,股
2026-02-10,6669,緯穎科技服務,2.18,22000,股
2026-02-10,M_NTD,MARGIN,2.15,79730404,元
2026-02-10,3037,欣興電子,2.04,204000,股
2026-02-10,2454,聯發科技,1.99,40000,股
2026-02-10,2059,川湖科技,1.9,24000,股
2026-02-10,6805,富世達股份有限公司,1.87,44000,股
2026-02-10,6515,穎崴科技,1.71,13000,股
2026-02-10,C_NTD,CASH,1.69,62713228,元
2026-02-10,2327,國巨*,1.31,192000,股
2026-02-10,2344,華邦電子,1.12,401000,股
2026-02-10,1519,華城電機,1.09,42000,股
2026-02-10,6139,亞翔工程,0.97,69000,股
2026-02-10,3264,欣銓科技,0.91,212200,股
2026-02-10,3036,文曄科技,0.81,178000,股
2026-02-10,3044,健鼎科技,0.79,78000,股
2026-02-10,1303,南亞塑膠工業,0.78,398000,股
2026-02-10,2317,鴻海精密工業,0.78,131000,股
2026-02-10,2885,元大金融控股,0.74,623000,股
2026-02-10,3324,雙鴻科技,0.67,23000,股
2026-02-10,3413,京鼎精密科技,0.64,82000,股
2026-02-10,1319,東陽實業廠,0.6,214000,股
2026-02-10,6285,啟碁科技,0.59,126000,股
2026-02-10,2313,華通電腦,0.55,111000,股
2026-02-10,5439,高技企業,0.55,65180,股
2026-02-10,6510,中華精測科技,0.53,5000,股
2026-02-10,2455,全新光電科技,0.52,101000,股
2026-02-10,4958,臻鼎科技控股,0.52,107000,股
2026-02-10,2404,漢唐集成,0.49,20000,股
2026-02-10,3533,嘉澤端子工業,0.48,11000,股
2026-02-10,6442,光紅建聖,0.48,9000,股
2026-02-10,2472,立隆電子工業,0.47,162000,股
2026-02-10,5289,宜鼎國際,0.45,22000,股
2026-02-10,2610,中華航空,0.44,720000,股
2026-02-10,1215,台灣卜蜂企業,0.43,106000,股
2026-02-10,2301,光寶科技,0.43,90000,股
2026-02-10,3491,昇達科技,0.42,12000,股
2026-02-10,8046,南亞電路板,0.4,36000,股
2026-02-10,4979,華星光通科技,0.37,41000,股
2026-02-10,6488,環球晶圓,0.32,24000,股
2026-02-10,2421,建準電機工業,0.28,71000,股
2026-02-10,3596,智易科技,0.18,36000,股
2026-02-10,5536,聖暉工程科技,0.15,9000,股
2026-02-10,1605,華新麗華,0.07,80000,股
2026-02-10,1477,聚陽實業,0.05,6000,股
2026-02-10,TX2B62026,臺指選擇權第二週週三到期契約買權,0.05,-76,口
2026-02-10,3526,凡甲科技,0.04,5000,股
2026-02-10,4532,瑞智精密,0.04,54000,股
2026-02-10,6415,矽力杰,0.01,1000,股
2026-02-10,RDI_NTD,RECEIVABLES FOR DISPOSAL OF INVESTMENTS,0.0,184216866,元
2026-02-11,2330,台灣積體電路製造,9.64,189000,股
2026-02-11,2308,台達電子工業,5.81,173000,股
2026-02-11,2345,智邦科技,5.52,143000,股
2026-02-11,2383,台光電子材料,5.26,90000,股
2026-02-11,3017,奇鋐科技,4.79,112000,股
2026-02-11,7769,鴻勁,4.51,39000,股
2026-02-11,3653,健策精密工業,4.18,49000,股
2026-02-11,3665,貿聯控股,4.15,114000,股
2026-02-11,2368,金像電子,3.8,172000,股
2026-02-11,C_NTD,CASH,3.75,140568257,元
2026-02-11,6223,旺矽科技,3.64,49000,股
2026-02-11,6274,台燿科技,3.53,249000,股
2026-02-11,3661,世芯電子,2.52,28000,股
2026-02-11,2449,京元電子,2.5,299500,股
2026-02-11,8210,勤誠興業,2.47,95000,股
2026-02-11,5274,信驊科技,2.33,9000,股
2026-02-11,6669,緯穎科技服務,2.19,22000,股
2026-02-11,M_NTD,MARGIN,2.09,78550926,元
2026-02-11,3037,欣興電子,2.01,204000,股
2026-02-11,2454,聯發科技,1.98,40000,股
2026-02-11,2059,川湖科技,1.94,24000,股
2026-02-11,6805,富世達股份有限公司,1.81,44000,股
2026-02-11,6515,穎崴科技,1.73,13000,股
2026-02-11,2327,國巨*,1.31,192000,股
2026-02-11,2344,華邦電子,1.13,401000,股
2026-02-11,1519,華城電機,1.08,42000,股
2026-02-11,6139,亞翔工程,0.95,69000,股
2026-02-11,3264,欣銓科技,0.86,212200,股
2026-02-11,1303,南亞塑膠工業,0.84,398000,股
2026-02-11,3036,文曄科技,0.83,178000,股
2026-02-11,3044,健鼎科技,0.81,78000,股
2026-02-11,2317,鴻海精密工業,0.79,131000,股
2026-02-11,2885,元大金融控股,0.74,623000,股
2026-02-11,3324,雙鴻科技,0.65,23000,股
2026-02-11,3413,京鼎精密科技,0.63,82000,股
2026-02-11,1319,東陽實業廠,0.59,214000,股
2026-02-11,6285,啟碁科技,0.58,126000,股
2026-02-11,2313,華通電腦,0.55,111000,股
2026-02-11,5439,高技企業,0.54,65180,股
2026-02-11,6510,中華精測科技,0.53,5000,股
2026-02-11,4958,臻鼎科技控股,0.51,107000,股
2026-02-11,2404,漢唐集成,0.49,20000,股
2026-02-11,2455,全新光電科技,0.48,101000,股
2026-02-11,3533,嘉澤端子工業,0.48,11000,股
2026-02-11,2472,立隆電子工業,0.47,162000,股
2026-02-11,6442,光紅建聖,0.47,9000,股
2026-02-11,3491,昇達科技,0.45,12000,股
2026-02-11,2610,中華航空,0.44,720000,股
2026-02-11,2301,光寶科技,0.43,90000,股
2026-02-11,5289,宜鼎國際,0.43,22000,股
2026-02-11,1215,台灣卜蜂企業,0.42,106000,股
2026-02-11,8046,南亞電路板,0.4,36000,股
2026-02-11,4979,華星光通科技,0.36,41000,股
2026-02-11,6488,環球晶圓,0.28,24000,股
2026-02-11,2421,建準電機工業,0.27,71000,股
2026-02-11,3596,智易科技,0.18,36000,股
2026-02-11,5536,聖暉工程科技,0.15,9000,股
2026-02-11,1605,華新麗華,0.07,80000,股
2026-02-11,1477,聚陽實業,0.05,6000,股
2026-02-11,3526,凡甲科技,0.04,5000,股
2026-02-11,4532,瑞智精密,0.04,54000,股
2026-02-11,TXOB62026,臺指選擇權買權,0.03,-66,口
2026-02-11,6415,矽力杰,0.01,1000,股
2026-02-11,RDI_NTD,RECEIVABLES FOR DISPOSAL OF INVESTMENTS,0.0,106361837,元
2026-02-23,2330,台灣積體電路製造,9.6,189000,股
2026-02-23,2308,台達電子工業,6.03,173000,股
2026-02-23,2345,智邦科技,5.35,143000,股
2026-02-23,2383,台光電子材料,5.23,90000,股
2026-02-23,7769,鴻勁,4.58,39000,股
2026-02-23,3017,奇鋐科技,4.55,112000,股
2026-02-23,C_NTD,CASH,4.48,167866639,元
2026-02-23,3653,健策精密工業,4.03,49000,股
2026-02-23,3665,貿聯控股,3.93,114000,股
2026-02-23,2368,金像電子,3.76,172000,股
2026-02-23,6223,旺矽科技,3.67,49000,股
2026-02-23,6274,台燿科技,3.58,249000,股
2026-02-23,2449,京元電子,2.53,299500,股
2026-02-23,3661,世芯電子,2.49,28000,股
2026-02-23,5274,信驊科技,2.34,9000,股
2026-02-23,8210,勤誠興業,2.26,95000,股
2026-02-23,6669,緯穎科技服務,2.24,22000,股
2026-02-23,3037,欣興電子,2.21,204000,股
2026-02-23,M_NTD,MARGIN,2.1,78524976,元
2026-02-23,2059,川湖科技,1.94,24000,股
2026-02-23,2454,聯發科技,1.92,40000,股
2026-02-23,6805,富世達股份有限公司,1.74,44000,股
2026-02-23,6515,穎崴科技,1.63,13000,股
2026-02-23,2327,國巨*,1.44,192000,股
2026-02-23,2344,華邦電子,1.23,401000,股
2026-02-23,1519,華城電機,1.08,42000,股
2026-02-23,6139,亞翔工程,1.0,69000,股
2026-02-23,1303,南亞塑膠工業,0.89,398000,股
2026-02-23,3036,文曄科技,0.84,178000,股
2026-02-23,3264,欣銓科技,0.84,212200,股
2026-02-23,2317,鴻海精密工業,0.8,131000,股
2026-02-23,3044,健鼎科技,0.8,78000,股
2026-02-23,2885,元大金融控股,0.77,623000,股
2026-02-23,3413,京鼎精密科技,0.68,82000,股
2026-02-23,3324,雙鴻科技,0.62,23000,股
2026-02-23,2313,華通電腦,0.61,111000,股
2026-02-23,6285,啟碁科技,0.61,126000,股
2026-02-23,1319,東陽實業廠,0.59,214000,股
2026-02-23,4958,臻鼎科技控股,0.56,107000,股
2026-02-23,5439,高技企業,0.52,65180,股
2026-02-23,2404,漢唐集成,0.51,20000,股
2026-02-23,6510,中華精測科技,0.51,5000,股
2026-02-23,2455,全新光電科技,0.5,101000,股
2026-02-23,2472,立隆電子工業,0.49,162000,股
2026-02-23,6442,光紅建聖,0.49,9000,股
2026-02-23,3491,昇達科技,0.48,12000,股
2026-02-23,3533,嘉澤端子工業,0.48,11000,股
2026-02-23,5289,宜鼎國際,0.45,22000,股
2026-02-23,2301,光寶科技,0.44,90000,股
2026-02-23,8046,南亞電路板,0.44,36000,股
2026-02-23,1215,台灣卜蜂企業,0.42,106000,股
2026-02-23,2610,中華航空,0.42,720000,股
2026-02-23,4979,華星光通科技,0.39,41000,股
2026-02-23,2421,建準電機工業,0.28,71000,股
2026-02-23,6488,環球晶圓,0.27,24000,股
2026-02-23,3596,智易科技,0.18,36000,股
2026-02-23,5536,聖暉工程科技,0.16,9000,股
2026-02-23,1605,華新麗華,0.08,80000,股
2026-02-23,1477,聚陽實業,0.05,6000,股
2026-02-23,3526,凡甲科技,0.04,5000,股
2026-02-23,4532,瑞智精密,0.04,54000,股
2026-02-23,6415,矽力杰,0.01,1000,股
2026-02-24,2330,台灣積體電路製造,9.39,184000,股
2026-02-24,2308,台達電子工業,6.25,173000,股
2026-02-24,2383,台光電子材料,5.43,90000,股
2026-02-24,2345,智邦科技,5.24,143000,股
2026-02-24,7769,鴻勁,4.69,39000,股
2026-02-24,3017,奇鋐科技,4.13,102000,股
2026-02-24,3665,貿聯控股,3.85,114000,股
2026-02-24,3653,健策精密工業,3.76,49000,股
2026-02-24,2368,金像電子,3.74,172000,股
2026-02-24,6274,台燿科技,3.65,249000,股
2026-02-24,6223,旺矽科技,3.39,49000,股
2026-02-24,2449,京元電子,2.55,299500,股
2026-02-24,3661,世芯電子,2.51,28000,股
2026-02-24,3037,欣興電子,2.44,210000,股
2026-02-24,5274,信驊科技,2.29,9000,股
2026-02-24,6669,緯穎科技服務,2.2,22000,股
2026-02-24,8210,勤誠興業,2.16,95000,股
2026-02-24,M_NTD,MARGIN,2.07,79505161,元
2026-02-24,2454,聯發科技,1.91,40000,股
2026-02-24,6515,穎崴科技,1.62,13000,股
2026-02-24,2344,華邦電子,1.6,501000,股
2026-02-24,C_NTD,CASH,1.56,59841279,元
2026-02-24,2327,國巨*,1.51,192000,股
2026-02-24,6805,富世達股份有限公司,1.39,36000,股
2026-02-24,1519,華城電機,1.05,42000,股
2026-02-24,2059,川湖科技,0.98,12000,股
2026-02-24,6139,亞翔工程,0.98,69000,股
2026-02-24,1303,南亞塑膠工業,0.94,398000,股
2026-02-24,3264,欣銓科技,0.87,212200,股
2026-02-24,3036,文曄科技,0.84,178000,股
2026-02-24,3044,健鼎科技,0.8,78000,股
2026-02-24,2317,鴻海精密工業,0.79,131000,股
2026-02-24,2885,元大金融控股,0.77,623000,股
2026-02-24,3413,京鼎精密科技,0.66,82000,股
2026-02-24,2313,華通電腦,0.65,111000,股
2026-02-24,3324,雙鴻科技,0.63,23000,股
2026-02-24,6285,啟碁科技,0.62,126000,股
2026-02-24,4958,臻鼎科技控股,0.59,107000,股
2026-02-24,1319,東陽實業廠,0.57,214000,股
2026-02-24,2455,全新光電科技,0.53,101000,股
2026-02-24,2404,漢唐集成,0.51,20000,股
2026-02-24,2472,立隆電子工業,0.51,162000,股
2026-02-24,5439,高技企業,0.51,65180,股
2026-02-24,3491,昇達科技,0.49,12000,股
2026-02-24,6510,中華精測科技,0.49,5000,股
2026-02-24,6442,光紅建聖,0.48,9000,股
2026-02-24,3533,嘉澤端子工業,0.47,11000,股
2026-02-24,5289,宜鼎國際,0.47,22000,股
2026-02-24,8046,南亞電路板,0.47,36000,股
2026-02-24,2301,光寶科技,0.45,90000,股
2026-02-24,1215,台灣卜蜂企業,0.42,106000,股
2026-02-24,2360,致茂電子,0.42,13000,股
2026-02-24,4979,華星光通科技,0.42,41000,股
2026-02-24,2610,中華航空,0.4,720000,股
2026-02-24,6488,環球晶圓,0.28,24000,股
2026-02-24,2421,建準電機工業,0.27,71000,股
2026-02-24,3596,智易科技,0.18,36000,股
2026-02-24,5536,聖暉工程科技,0.16,9000,股
2026-02-24,1477,聚陽實業,0.05,6000,股
2026-02-24,3526,凡甲科技,0.04,5000,股
2026-02-24,4532,瑞智精密,0.04,54000,股
2026-02-24,TXYB62026,臺指選擇權第四週週五到期契約買權,0.02,-60,口
2026-02-24,RDI_NTD,RECEIVABLES FOR DISPOSAL OF INVESTMENTS,0.0,45919878,元
2026-02-25,2330,台灣積體電路製造,9.38,184000,股
2026-02-25,2308,台達電子工業,6.3,173000,股
2026-02-25,2345,智邦科技,5.26,143000,股
2026-02-25,2383,台光電子材料,5.22,85000,股
2026-02-25,7769,鴻勁,4.76,39000,股
2026-02-25,3017,奇鋐科技,3.99,94000,股
2026-02-25,3653,健策精密工業,3.89,49000,股
2026-02-25,3665,貿聯控股,3.89,114000,股
2026-02-25,2368,金像電子,3.69,172000,股
2026-02-25,6274,台燿科技,3.64,249000,股
2026-02-25,6223,旺矽科技,3.33,49000,股
2026-02-25,3037,欣興電子,2.7,232000,股
2026-02-25,3661,世芯電子,2.47,28000,股
2026-02-25,2449,京元電子,2.43,299500,股
2026-02-25,6669,緯穎科技服務,2.27,22000,股
2026-02-25,5274,信驊科技,2.22,9000,股
2026-02-25,M_NTD,MARGIN,2.0,78980117,元
2026-02-25,8210,勤誠興業,1.96,85000,股
2026-02-25,2454,聯發科技,1.9,40000,股
2026-02-25,2344,華邦電子,1.8,601000,股
2026-02-25,6515,穎崴科技,1.65,13000,股
2026-02-25,2327,國巨*,1.46,192000,股
2026-02-25,C_NTD,CASH,1.24,48895241,元
2026-02-25,6805,富世達股份有限公司,1.22,31000,股
2026-02-25,1519,華城電機,1.12,42000,股
2026-02-25,2059,川湖科技,1.02,12000,股
2026-02-25,6139,亞翔工程,0.97,69000,股
2026-02-25,1303,南亞塑膠工業,0.96,398000,股
2026-02-25,3264,欣銓科技,0.84,212200,股
2026-02-25,3036,文曄科技,0.83,178000,股
2026-02-25,2317,鴻海精密工業,0.82,131000,股
2026-02-25,3044,健鼎科技,0.79,78000,股
2026-02-25,2885,元大金融控股,0.75,623000,股
2026-02-25,3324,雙鴻科技,0.67,23000,股
2026-02-25,3413,京鼎精密科技,0.65,82000,股
2026-02-25,6285,啟碁科技,0.61,126000,股
2026-02-25,2313,華通電腦,0.59,111000,股
2026-02-25,2360,致茂電子,0.57,18000,股
2026-02-25,4958,臻鼎科技控股,0.56,107000,股
2026-02-25,1319,東陽實業廠,0.54,214000,股
2026-02-25,2404,漢唐集成,0.53,20000,股
2026-02-25,2455,全新光電科技,0.51,101000,股
2026-02-25,2472,立隆電子工業,0.5,162000,股
2026-02-25,3533,嘉澤端子工業,0.5,11000,股
2026-02-25,6510,中華精測科技,0.5,5000,股
2026-02-25,8046,南亞電路板,0.5,36000,股
2026-02-25,5439,高技企業,0.49,65180,股
2026-02-25,6442,光紅建聖,0.47,9000,股
2026-02-25,3491,昇達科技,0.46,12000,股
2026-02-25,2301,光寶科技,0.44,90000,股
2026-02-25,5289,宜鼎國際,0.44,22000,股
2026-02-25,4979,華星光通科技,0.42,41000,股
2026-02-25,1215,台灣卜蜂企業,0.41,106000,股
2026-02-25,2610,中華航空,0.39,720000,股
2026-02-25,6488,環球晶圓,0.28,24000,股
2026-02-25,2421,建準電機工業,0.27,71000,股
2026-02-25,3596,智易科技,0.17,36000,股
2026-02-25,5536,聖暉工程科技,0.16,9000,股
2026-02-25,TXYB62026,臺指選擇權第四週週五到期契約買權,0.06,-90,口
2026-02-25,1477,聚陽實業,0.05,6000,股
2026-02-25,3526,凡甲科技,0.04,5000,股
2026-02-25,4532,瑞智精密,0.04,54000,股
2026-02-25,RDI_NTD,RECEIVABLES FOR DISPOSAL OF INVESTMENTS,0.0,60288948,元
2026-02-26,2330,台灣積體電路製造,9.23,184000,股
2026-02-26,2308,台達電子工業,6.22,173000,股
2026-02-26,2383,台光電子材料,5.21,85000,股
2026-02-26,2345,智邦科技,5.03,143000,股
2026-02-26,7769,鴻勁,4.76,39000,股
2026-02-26,3017,奇鋐科技,4.17,94000,股
2026-02-26,3665,貿聯控股,4.04,114000,股
2026-02-26,3653,健策精密工業,3.84,49000,股
2026-02-26,6274,台燿科技,3.68,269000,股
2026-02-26,6223,旺矽科技,3.63,49000,股
2026-02-26,2368,金像電子,3.57,172000,股
2026-02-26,3037,欣興電子,3.07,254000,股
2026-02-26,2449,京元電子,2.46,299500,股
2026-02-26,3661,世芯電子,2.46,28000,股
2026-02-26,C_NTD,CASH,2.38,94815119,元
2026-02-26,6669,緯穎科技服務,2.21,22000,股
2026-02-26,5274,信驊科技,2.2,9000,股
2026-02-26,M_NTD,MARGIN,2.0,79419617,元
2026-02-26,8210,勤誠興業,1.96,85000,股
2026-02-26,2454,聯發科技,1.95,40000,股
2026-02-26,2344,華邦電子,1.85,601000,股
2026-02-26,6515,穎崴科技,1.67,13000,股
2026-02-26,2327,國巨*,1.44,192000,股
2026-02-26,6805,富世達股份有限公司,1.33,31000,股
2026-02-26,1519,華城電機,1.13,42000,股
2026-02-26,2059,川湖科技,1.04,12000,股
2026-02-26,6139,亞翔工程,1.01,69000,股
2026-02-26,1303,南亞塑膠工業,0.92,398000,股
2026-02-26,3264,欣銓科技,0.84,212200,股
2026-02-26,3036,文曄科技,0.82,178000,股
2026-02-26,2317,鴻海精密工業,0.8,131000,股
2026-02-26,2885,元大金融控股,0.77,623000,股
2026-02-26,3044,健鼎科技,0.76,78000,股
2026-02-26,8046,南亞電路板,0.7,50000,股
2026-02-26,3324,雙鴻科技,0.67,23000,股
2026-02-26,3413,京鼎精密科技,0.65,82000,股
2026-02-26,2360,致茂電子,0.62,18000,股
2026-02-26,6285,啟碁科技,0.59,126000,股
2026-02-26,2313,華通電腦,0.57,111000,股
2026-02-26,2404,漢唐集成,0.57,20000,股
2026-02-26,4958,臻鼎科技控股,0.56,107000,股
2026-02-26,2455,全新光電科技,0.55,101000,股
2026-02-26,1319,東陽實業廠,0.54,214000,股
2026-02-26,2472,立隆電子工業,0.52,162000,股
2026-02-26,3533,嘉澤端子工業,0.49,11000,股
2026-02-26,6442,光紅建聖,0.49,9000,股
2026-02-26,3491,昇達科技,0.48,12000,股
2026-02-26,5439,高技企業,0.48,65180,股
2026-02-26,6510,中華精測科技,0.47,5000,股
2026-02-26,4979,華星光通科技,0.43,41000,股
2026-02-26,5289,宜鼎國際,0.43,22000,股
2026-02-26,1215,台灣卜蜂企業,0.41,106000,股
2026-02-26,2301,光寶科技,0.39,90000,股
2026-02-26,2610,中華航空,0.38,720000,股
2026-02-26,2421,建準電機工業,0.27,71000,股
2026-02-26,6488,環球晶圓,0.27,24000,股
2026-02-26,3596,智易科技,0.18,36000,股
2026-02-26,5536,聖暉工程科技,0.16,9000,股
2026-02-26,1477,聚陽實業,0.05,6000,股
2026-02-26,TXYB62026,臺指選擇權第四週週五到期契約買權,0.05,-90,口
2026-02-26,3526,凡甲科技,0.04,5000,股
2026-02-26,4532,瑞智精密,0.04,54000,股
2026-02-26,RDI_NTD,RECEIVABLES FOR DISPOSAL OF INVESTMENTS,0.0,-14993882,元
2026-03-02,2330,台灣積體電路製造,9.21,184000,股
2026-03-02,2308,台達電子工業,6.26,173000,股
2026-03-02,2345,智邦科技,5.14,143000,股
2026-03-02,2383,台光電子材料,5.14,85000,股
2026-03-02,3665,貿聯控股,4.36,114000,股
2026-03-02,7769,鴻勁,4.34,39000,股
2026-03-02,3017,奇鋐科技,4.22,94000,股
2026-03-02,3653,健策精密工業,3.79,49000,股
2026-03-02,6274,台燿科技,3.69,269000,股
2026-03-02,6223,旺矽科技,3.49,49000,股
2026-03-02,2368,金像電子,3.44,172000,股
2026-03-02,3037,欣興電子,3.1,254000,股
2026-03-02,C_NTD,CASH,2.77,109184189,元
2026-03-02,3661,世芯電子,2.45,28000,股
2026-03-02,2449,京元電子,2.4,299500,股
2026-03-02,6669,緯穎科技服務,2.32,22000,股
2026-03-02,5274,信驊科技,2.17,9000,股
2026-03-02,8210,勤誠興業,2.02,85000,股
2026-03-02,M_NTD,MARGIN,2.02,79374617,元
2026-03-02,2454,聯發科技,1.93,40000,股
2026-03-02,2344,華邦電子,1.9,601000,股
2026-03-02,6515,穎崴科技,1.58,13000,股
2026-03-02,2327,國巨*,1.42,192000,股
2026-03-02,6805,富世達股份有限公司,1.37,31000,股
2026-03-02,1519,華城電機,1.1,42000,股
2026-03-02,2059,川湖科技,1.04,12000,股
2026-03-02,6139,亞翔工程,0.98,69000,股
2026-03-02,1303,南亞塑膠工業,0.91,398000,股
2026-03-02,3036,文曄科技,0.84,178000,股
2026-03-02,3264,欣銓科技,0.81,212200,股
2026-03-02,2317,鴻海精密工業,0.8,131000,股
2026-03-02,3044,健鼎科技,0.77,78000,股
2026-03-02,2885,元大金融控股,0.75,623000,股
2026-03-02,2360,致茂電子,0.69,18000,股
2026-03-02,8046,南亞電路板,0.69,50000,股
2026-03-02,3324,雙鴻科技,0.66,23000,股
2026-03-02,3413,京鼎精密科技,0.64,82000,股
2026-03-02,2313,華通電腦,0.63,111000,股
2026-03-02,2455,全新光電科技,0.61,101000,股
2026-03-02,6285,啟碁科技,0.59,126000,股
2026-03-02,2404,漢唐集成,0.55,20000,股
2026-03-02,4958,臻鼎科技控股,0.54,107000,股
2026-03-02,6442,光紅建聖,0.54,9000,股
2026-03-02,1319,東陽實業廠,0.53,214000,股
2026-03-02,3491,昇達科技,0.53,12000,股
2026-03-02,2472,立隆電子工業,0.49,162000,股
2026-03-02,3533,嘉澤端子工業,0.48,11000,股
2026-03-02,4979,華星光通科技,0.48,41000,股
2026-03-02,5289,宜鼎國際,0.48,22000,股
2026-03-02,5439,高技企業,0.47,65180,股
2026-03-02,6510,中華精測科技,0.46,5000,股
2026-03-02,1215,台灣卜蜂企業,0.42,106000,股
2026-03-02,2301,光寶科技,0.39,90000,股
2026-03-02,2610,中華航空,0.36,720000,股
2026-03-02,2421,建準電機工業,0.28,71000,股
2026-03-02,6488,環球晶圓,0.27,24000,股
2026-03-02,3596,智易科技,0.18,36000,股
2026-03-02,5536,聖暉工程科技,0.16,9000,股
2026-03-02,1477,聚陽實業,0.05,6000,股
2026-03-02,3526,凡甲科技,0.04,5000,股
2026-03-02,4532,瑞智精密,0.04,54000,股
2026-03-02,RDI_NTD,RECEIVABLES FOR DISPOSAL OF INVESTMENTS,0.0,-29362952,元
2026-03-03,2330,台灣積體電路製造,9.2,184000,股
2026-03-03,2308,台達電子工業,6.17,178000,股
2026-03-03,2345,智邦科技,5.25,143000,股
2026-03-03,2383,台光電子材料,5.1,85000,股
2026-03-03,3665,貿聯控股,4.85,114000,股
2026-03-03,3017,奇鋐科技,4.37,94000,股
2026-03-03,7769,鴻勁,3.87,36000,股
2026-03-03,3653,健策精密工業,3.85,49000,股
2026-03-03,6274,台燿科技,3.74,269000,股
2026-03-03,6223,旺矽科技,3.62,49000,股
2026-03-03,2368,金像電子,3.41,172000,股
2026-03-03,3037,欣興電子,3.04,254000,股
2026-03-03,3661,世芯電子,2.43,28000,股
2026-03-03,2449,京元電子,2.36,299500,股
2026-03-03,6669,緯穎科技服務,2.36,22000,股
2026-03-03,5274,信驊科技,2.16,9000,股
2026-03-03,C_NTD,CASH,2.07,79821237,元
2026-03-03,M_NTD,MARGIN,2.06,79701177,元
2026-03-03,8210,勤誠興業,2.01,85000,股
2026-03-03,2454,聯發科技,1.88,40000,股
2026-03-03,2344,華邦電子,1.75,601000,股
2026-03-03,6515,穎崴科技,1.59,13000,股
2026-03-03,6805,富世達股份有限公司,1.41,31000,股
2026-03-03,2327,國巨*,1.39,192000,股
2026-03-03,1519,華城電機,1.07,42000,股
2026-03-03,2059,川湖科技,1.02,12000,股
2026-03-03,6139,亞翔工程,0.96,69000,股
2026-03-03,1303,南亞塑膠工業,0.88,398000,股
2026-03-03,3036,文曄科技,0.82,178000,股
2026-03-03,2317,鴻海精密工業,0.78,131000,股
2026-03-03,3264,欣銓科技,0.78,212200,股
2026-03-03,2885,元大金融控股,0.76,623000,股
2026-03-03,3044,健鼎科技,0.76,78000,股
2026-03-03,3189,景碩科技,0.68,85000,股
2026-03-03,2455,全新光電科技,0.66,101000,股
2026-03-03,2360,致茂電子,0.65,18000,股
2026-03-03,8046,南亞電路板,0.65,50000,股
2026-03-03,2313,華通電腦,0.64,111000,股
2026-03-03,3324,雙鴻科技,0.64,23000,股
2026-03-03,3413,京鼎精密科技,0.64,82000,股
2026-03-03,6285,啟碁科技,0.58,126000,股
2026-03-03,6442,光紅建聖,0.54,9000,股
2026-03-03,1319,東陽實業廠,0.53,214000,股
2026-03-03,2404,漢唐集成,0.53,20000,股
2026-03-03,3491,昇達科技,0.53,12000,股
2026-03-03,4958,臻鼎科技控股,0.53,107000,股
2026-03-03,4979,華星光通科技,0.49,41000,股
2026-03-03,2472,立隆電子工業,0.48,162000,股
2026-03-03,3533,嘉澤端子工業,0.47,11000,股
2026-03-03,5289,宜鼎國際,0.47,22000,股
2026-03-03,5439,高技企業,0.47,65180,股
2026-03-03,6510,中華精測科技,0.46,5000,股
2026-03-03,1215,台灣卜蜂企業,0.43,106000,股
2026-03-03,1802,台灣玻璃工業,0.38,230000,股
2026-03-03,2301,光寶科技,0.38,90000,股
2026-03-03,2610,中華航空,0.36,720000,股
2026-03-03,2421,建準電機工業,0.26,71000,股
2026-03-03,3596,智易科技,0.19,36000,股
2026-03-03,5536,聖暉工程科技,0.16,9000,股
2026-03-03,1477,聚陽實業,0.05,6000,股
2026-03-03,3526,凡甲科技,0.04,5000,股
2026-03-03,4532,瑞智精密,0.04,54000,股
2026-03-03,RDI_NTD,RECEIVABLES FOR DISPOSAL OF INVESTMENTS,0.0,-25145623,元
2026-03-03,TX1C62026,臺指選擇權第一週週三到期契約買權,0.0,-60,口
2026-03-04,2330,台灣積體電路製造,9.35,181000,股
2026-03-04,2308,台達電子工業,6.17,178000,股
2026-03-04,2345,智邦科技,5.16,143000,股
2026-03-04,2383,台光電子材料,5.14,85000,股
2026-03-04,3665,貿聯控股,5.07,114000,股
2026-03-04,3017,奇鋐科技,4.26,88000,股
2026-03-04,3653,健策精密工業,3.9,49000,股
2026-03-04,6274,台燿科技,3.76,277000,股
2026-03-04,6223,旺矽科技,3.6,49000,股
2026-03-04,7769,鴻勁,3.52,32000,股
2026-03-04,2368,金像電子,3.37,172000,股
2026-03-04,3037,欣興電子,2.93,254000,股
2026-03-04,3661,世芯電子,2.41,28000,股
2026-03-04,6669,緯穎科技服務,2.38,22000,股
2026-03-04,2449,京元電子,2.3,299500,股
2026-03-04,M_NTD,MARGIN,2.22,80478801,元
2026-03-04,C_NTD,CASH,2.21,79821237,元
2026-03-04,5274,信驊科技,2.15,9000,股
2026-03-04,8210,勤誠興業,2.07,85000,股
2026-03-04,2454,聯發科技,1.9,40000,股
2026-03-04,2344,華邦電子,1.87,651000,股
2026-03-04,6515,穎崴科技,1.63,13000,股
2026-03-04,2327,國巨*,1.37,192000,股
2026-03-04,6805,富世達股份有限公司,1.27,28000,股
2026-03-04,1519,華城電機,1.05,42000,股
2026-03-04,2059,川湖科技,1.05,12000,股
2026-03-04,3036,文曄科技,0.96,178000,股
2026-03-04,6139,亞翔工程,0.96,69000,股
2026-03-04,1303,南亞塑膠工業,0.87,398000,股
2026-03-04,3264,欣銓科技,0.82,212200,股
2026-03-04,2317,鴻海精密工業,0.79,131000,股
2026-03-04,2885,元大金融控股,0.77,623000,股
2026-03-04,3044,健鼎科技,0.75,78000,股
2026-03-04,2360,致茂電子,0.67,18000,股
2026-03-04,3189,景碩科技,0.67,85000,股
2026-03-04,3413,京鼎精密科技,0.66,82000,股
2026-03-04,2313,華通電腦,0.65,111000,股
2026-03-04,2455,全新光電科技,0.63,101000,股
2026-03-04,3324,雙鴻科技,0.62,23000,股
2026-03-04,8046,南亞電路板,0.62,50000,股
2026-03-04,6285,啟碁科技,0.56,126000,股
2026-03-04,2404,漢唐集成,0.55,20000,股
2026-03-04,1319,東陽實業廠,0.54,214000,股
2026-03-04,4958,臻鼎科技控股,0.53,107000,股
2026-03-04,6442,光紅建聖,0.52,9000,股
2026-03-04,3491,昇達科技,0.51,12000,股
2026-03-04,2472,立隆電子工業,0.48,162000,股
2026-03-04,8358,金居開發,0.48,66000,股
2026-03-04,4979,華星光通科技,0.47,41000,股
2026-03-04,5439,高技企業,0.47,65180,股
2026-03-04,6510,中華精測科技,0.47,5000,股
2026-03-04,1215,台灣卜蜂企業,0.46,106000,股
2026-03-04,3533,嘉澤端子工業,0.45,11000,股
2026-03-04,5289,宜鼎國際,0.45,22000,股
2026-03-04,2301,光寶科技,0.39,90000,股
2026-03-04,1802,台灣玻璃工業,0.36,230000,股
2026-03-04,2421,建準電機工業,0.26,71000,股
2026-03-04,3596,智易科技,0.19,36000,股
2026-03-04,5536,聖暉工程科技,0.16,9000,股
2026-03-04,1477,聚陽實業,0.05,6000,股
2026-03-04,3526,凡甲科技,0.04,5000,股
2026-03-04,4532,瑞智精密,0.04,54000,股
2026-03-04,TXUC62026,臺指選擇權第一週週五到期契約買權,0.01,-92,口
2026-03-04,RDI_NTD,RECEIVABLES FOR DISPOSAL OF INVESTMENTS,0.0,-1176417,元
2026-03-05,2330,台灣積體電路製造,9.37,181000,股
2026-03-05,2308,台達電子工業,6.48,178000,股
2026-03-05,3665,貿聯控股,5.37,114000,股
2026-03-05,2345,智邦科技,5.04,130000,股
2026-03-05,2383,台光電子材料,5.03,78000,股
2026-03-05,3017,奇鋐科技,4.02,81000,股
2026-03-05,6274,台燿科技,3.82,277000,股
2026-03-05,6223,旺矽科技,3.8,49000,股
2026-03-05,3653,健策精密工業,3.77,44000,股
2026-03-05,2368,金像電子,3.45,172000,股
2026-03-05,7769,鴻勁,3.24,28000,股
2026-03-05,3037,欣興電子,3.12,254000,股
2026-03-05,6669,緯穎科技服務,2.53,22000,股
2026-03-05,3661,世芯電子,2.5,28000,股
2026-03-05,2449,京元電子,2.41,299500,股
2026-03-05,5274,信驊科技,2.34,9000,股
2026-03-05,M_NTD,MARGIN,2.2,80768386,元
2026-03-05,2344,華邦電子,1.99,651000,股
2026-03-05,8210,勤誠興業,1.75,69000,股
2026-03-05,6515,穎崴科技,1.69,13000,股
2026-03-05,2454,聯發科技,1.5,31000,股
2026-03-05,C_NTD,CASH,1.43,52403363,元
2026-03-05,2327,國巨*,1.4,192000,股
2026-03-05,1519,華城電機,1.09,42000,股
2026-03-05,2059,川湖科技,1.09,12000,股
2026-03-05,6805,富世達股份有限公司,1.08,23000,股
2026-03-05,3036,文曄科技,1.02,178000,股
2026-03-05,6139,亞翔工程,1.02,69000,股
2026-03-05,1303,南亞塑膠工業,0.89,398000,股
2026-03-05,3264,欣銓科技,0.82,212200,股
2026-03-05,3044,健鼎科技,0.78,78000,股
2026-03-05,2885,元大金融控股,0.77,623000,股
2026-03-05,2360,致茂電子,0.69,18000,股
2026-03-05,3189,景碩科技,0.69,85000,股
2026-03-05,3413,京鼎精密科技,0.67,82000,股
2026-03-05,8046,南亞電路板,0.63,50000,股
2026-03-05,2313,華通電腦,0.62,111000,股
2026-03-05,3324,雙鴻科技,0.61,23000,股
2026-03-05,2404,漢唐集成,0.6,20000,股
2026-03-05,2455,全新光電科技,0.6,101000,股
2026-03-05,6285,啟碁科技,0.57,126000,股
2026-03-05,1319,東陽實業廠,0.55,214000,股
2026-03-05,4958,臻鼎科技控股,0.52,107000,股
2026-03-05,2472,立隆電子工業,0.49,162000,股
2026-03-05,5439,高技企業,0.49,65180,股
2026-03-05,6442,光紅建聖,0.49,9000,股
2026-03-05,6510,中華精測科技,0.49,5000,股
2026-03-05,3533,嘉澤端子工業,0.48,11000,股
2026-03-05,5289,宜鼎國際,0.47,22000,股
2026-03-05,1215,台灣卜蜂企業,0.46,106000,股
2026-03-05,8358,金居開發,0.46,66000,股
2026-03-05,3491,昇達科技,0.45,12000,股
2026-03-05,4979,華星光通科技,0.45,41000,股
2026-03-05,2301,光寶科技,0.4,90000,股
2026-03-05,1802,台灣玻璃工業,0.38,230000,股
2026-03-05,2421,建準電機工業,0.27,71000,股
2026-03-05,2317,鴻海精密工業,0.25,41000,股
2026-03-05,3596,智易科技,0.2,36000,股
2026-03-05,5536,聖暉工程科技,0.17,9000,股
2026-03-05,1477,聚陽實業,0.05,6000,股
2026-03-05,3526,凡甲科技,0.04,5000,股
2026-03-05,4532,瑞智精密,0.04,54000,股
2026-03-05,TXUC62026,臺指選擇權第一週週五到期契約買權,0.02,-152,口
2026-03-05,RDI_NTD,RECEIVABLES FOR DISPOSAL OF INVESTMENTS,0.0,163226043,元
2026-03-06,2330,台灣積體電路製造,9.33,181000,股
2026-03-06,2308,台達電子工業,6.39,178000,股
2026-03-06,3665,貿聯控股,5.49,114000,股
2026-03-06,2345,智邦科技,4.94,124000,股
2026-03-06,2383,台光電子材料,4.82,75000,股
2026-03-06,6223,旺矽科技,3.95,49000,股
2026-03-06,3017,奇鋐科技,3.92,78000,股
2026-03-06,6274,台燿科技,3.8,277000,股
2026-03-06,2368,金像電子,3.71,172000,股
2026-03-06,3653,健策精密工業,3.62,39000,股
2026-03-06,7769,鴻勁,3.21,28000,股
2026-03-06,3037,欣興電子,2.99,254000,股
2026-03-06,3661,世芯電子,2.52,28000,股
2026-03-06,6669,緯穎科技服務,2.52,22000,股
2026-03-06,5274,信驊科技,2.38,9000,股
2026-03-06,2449,京元電子,2.32,299500,股
2026-03-06,M_NTD,MARGIN,2.21,81118875,元
2026-03-06,C_NTD,CASH,2.08,76372569,元
2026-03-06,2344,華邦電子,1.97,681000,股
2026-03-06,6515,穎崴科技,1.86,13000,股
2026-03-06,8210,勤誠興業,1.76,69000,股
2026-03-06,2327,國巨*,1.49,207000,股
2026-03-06,2454,聯發科技,1.49,31000,股
2026-03-06,6805,富世達股份有限公司,1.15,23000,股
2026-03-06,1519,華城電機,1.06,42000,股
2026-03-06,2059,川湖科技,1.05,12000,股
2026-03-06,3036,文曄科技,1.04,178000,股
2026-03-06,6139,亞翔工程,0.99,69000,股
2026-03-06,1303,南亞塑膠工業,0.89,398000,股
2026-03-06,3264,欣銓科技,0.83,212200,股
2026-03-06,3044,健鼎科技,0.8,78000,股
2026-03-06,2885,元大金融控股,0.78,623000,股
2026-03-06,2404,漢唐集成,0.75,25000,股
2026-03-06,3413,京鼎精密科技,0.69,82000,股
2026-03-06,2360,致茂電子,0.67,18000,股
2026-03-06,3189,景碩科技,0.67,85000,股
2026-03-06,8046,南亞電路板,0.64,50000,股
2026-03-06,3324,雙鴻科技,0.62,23000,股
2026-03-06,2313,華通電腦,0.61,111000,股
2026-03-06,2455,全新光電科技,0.6,101000,股
2026-03-06,6285,啟碁科技,0.57,126000,股
2026-03-06,1319,東陽實業廠,0.54,214000,股
2026-03-06,4958,臻鼎科技控股,0.51,107000,股
2026-03-06,2472,立隆電子工業,0.5,162000,股
2026-03-06,6510,中華精測科技,0.5,5000,股
2026-03-06,5289,宜鼎國際,0.48,22000,股
2026-03-06,5439,高技企業,0.48,65180,股
2026-03-06,1215,台灣卜蜂企業,0.47,106000,股
2026-03-06,3533,嘉澤端子工業,0.47,11000,股
2026-03-06,6442,光紅建聖,0.46,9000,股
2026-03-06,8358,金居開發,0.46,66000,股
2026-03-06,3491,昇達科技,0.43,12000,股
2026-03-06,4979,華星光通科技,0.42,41000,股
2026-03-06,1802,台灣玻璃工業,0.37,230000,股
2026-03-06,2421,建準電機工業,0.26,71000,股
2026-03-06,2317,鴻海精密工業,0.25,41000,股
2026-03-06,3596,智易科技,0.2,36000,股
2026-03-06,2301,光寶科技,0.17,40000,股
2026-03-06,5536,聖暉工程科技,0.16,9000,股
2026-03-06,1477,聚陽實業,0.05,6000,股
2026-03-06,3526,凡甲科技,0.04,5000,股
2026-03-06,4532,瑞智精密,0.04,54000,股
2026-03-06,TX2C62026,臺指選擇權第二週週三到期契約買權,0.02,-80,口
2026-03-06,RDI_NTD,RECEIVABLES FOR DISPOSAL OF INVESTMENTS,0.0,172743923,元
2026-03-09,2330,台灣積體電路製造,9.51,181000,股
2026-03-09,2308,台達電子工業,6.33,178000,股
2026-03-09,C_NTD,CASH,5.36,183693524,元
2026-03-09,3665,貿聯控股,5.3,114000,股
2026-03-09,2345,智邦科技,4.99,124000,股
2026-03-09,2383,台光電子材料,4.76,75000,股
2026-03-09,6223,旺矽科技,3.89,49000,股
2026-03-09,2368,金像電子,3.82,172000,股
2026-03-09,3017,奇鋐科技,3.79,78000,股
2026-03-09,6274,台燿科技,3.67,277000,股
2026-03-09,3653,健策精密工業,3.62,39000,股
2026-03-09,7769,鴻勁,3.21,28000,股
2026-03-09,3037,欣興電子,2.88,254000,股
2026-03-09,6669,緯穎科技服務,2.52,22000,股
2026-03-09,3661,世芯電子,2.45,28000,股
2026-03-09,5274,信驊科技,2.43,9000,股
2026-03-09,2449,京元電子,2.38,299500,股
2026-03-09,M_NTD,MARGIN,2.37,81374585,元
2026-03-09,2344,華邦電子,2.01,681000,股
2026-03-09,6515,穎崴科技,1.89,13000,股
2026-03-09,8210,勤誠興業,1.75,69000,股
2026-03-09,2327,國巨*,1.5,207000,股
2026-03-09,2454,聯發科技,1.5,31000,股
2026-03-09,3036,文曄科技,1.12,178000,股
2026-03-09,6805,富世達股份有限公司,1.12,23000,股
2026-03-09,1519,華城電機,1.07,42000,股
2026-03-09,2059,川湖科技,1.05,12000,股
2026-03-09,6139,亞翔工程,1.01,69000,股
2026-03-09,1303,南亞塑膠工業,0.86,398000,股
2026-03-09,3264,欣銓科技,0.82,212200,股
2026-03-09,3044,健鼎科技,0.81,78000,股
2026-03-09,2885,元大金融控股,0.8,623000,股
2026-03-09,2404,漢唐集成,0.78,25000,股
2026-03-09,3413,京鼎精密科技,0.7,82000,股
2026-03-09,3189,景碩科技,0.66,85000,股
2026-03-09,2360,致茂電子,0.65,18000,股
2026-03-09,8046,南亞電路板,0.62,50000,股
2026-03-09,3324,雙鴻科技,0.6,23000,股
2026-03-09,2313,華通電腦,0.59,111000,股
2026-03-09,2455,全新光電科技,0.58,101000,股
2026-03-09,6285,啟碁科技,0.56,126000,股
2026-03-09,1319,東陽實業廠,0.55,214000,股
2026-03-09,5289,宜鼎國際,0.53,22000,股
2026-03-09,4958,臻鼎科技控股,0.51,107000,股
2026-03-09,1215,台灣卜蜂企業,0.49,106000,股
2026-03-09,6510,中華精測科技,0.49,5000,股
2026-03-09,2472,立隆電子工業,0.48,162000,股
2026-03-09,3533,嘉澤端子工業,0.48,11000,股
2026-03-09,5439,高技企業,0.46,65180,股
2026-03-09,6442,光紅建聖,0.45,9000,股
2026-03-09,8358,金居開發,0.45,66000,股
2026-03-09,3491,昇達科技,0.41,12000,股
2026-03-09,4979,華星光通科技,0.41,41000,股
2026-03-09,1802,台灣玻璃工業,0.36,230000,股
2026-03-09,2421,建準電機工業,0.27,71000,股
2026-03-09,2317,鴻海精密工業,0.25,41000,股
2026-03-09,3596,智易科技,0.21,36000,股
2026-03-09,2301,光寶科技,0.17,40000,股
2026-03-09,5536,聖暉工程科技,0.17,9000,股
2026-03-09,1477,聚陽實業,0.05,6000,股
2026-03-09,3526,凡甲科技,0.04,5000,股
2026-03-09,4532,瑞智精密,0.04,54000,股
2026-03-09,TX2C62026,臺指選擇權第二週週三到期契約買權,0.01,-100,口
2026-03-09,RDI_NTD,RECEIVABLES FOR DISPOSAL OF INVESTMENTS,0.0,33487086,元
2026-03-10,2330,台灣積體電路製造,9.38,181000,股
2026-03-10,2308,台達電子工業,6.43,178000,股
2026-03-10,3665,貿聯控股,5.0,114000,股
2026-03-10,2345,智邦科技,4.99,124000,股
2026-03-10,2383,台光電子材料,4.99,75000,股
2026-03-10,6223,旺矽科技,4.11,49000,股
2026-03-10,2368,金像電子,3.94,172000,股
2026-03-10,3653,健策精密工業,3.82,39000,股
2026-03-10,3017,奇鋐科技,3.7,78000,股
2026-03-10,7769,鴻勁,3.22,28000,股
2026-03-10,3037,欣興電子,3.02,254000,股
2026-03-10,5274,信驊科技,2.91,11000,股
2026-03-10,6274,台燿科技,2.73,209000,股
2026-03-10,2449,京元電子,2.46,299500,股
2026-03-10,6669,緯穎科技服務,2.44,22000,股
2026-03-10,3661,世芯電子,2.4,28000,股
2026-03-10,C_NTD,CASH,2.32,82693139,元
2026-03-10,M_NTD,MARGIN,2.28,81194585,元
2026-03-10,2344,華邦電子,2.01,681000,股
2026-03-10,6515,穎崴科技,1.99,13000,股
2026-03-10,8210,勤誠興業,1.71,69000,股
2026-03-10,TX2C62026,臺指選擇權第二週週三到期契約買權,1.7,-100,口
2026-03-10,2327,國巨*,1.5,207000,股
2026-03-10,2454,聯發科技,1.48,31000,股
2026-03-10,6805,富世達股份有限公司,1.13,23000,股
2026-03-10,3036,文曄科技,1.11,178000,股
2026-03-10,1519,華城電機,1.07,42000,股
2026-03-10,2059,川湖科技,1.03,12000,股
2026-03-10,6139,亞翔工程,1.0,69000,股
2026-03-10,2404,漢唐集成,0.96,33000,股
2026-03-10,1303,南亞塑膠工業,0.87,398000,股
2026-03-10,3264,欣銓科技,0.87,212200,股
2026-03-10,3044,健鼎科技,0.79,78000,股
2026-03-10,2885,元大金融控股,0.77,623000,股
2026-03-10,3413,京鼎精密科技,0.7,82000,股
2026-03-10,2360,致茂電子,0.69,18000,股
2026-03-10,3189,景碩科技,0.65,85000,股
2026-03-10,3324,雙鴻科技,0.6,23000,股
2026-03-10,8046,南亞電路板,0.6,50000,股
2026-03-10,2313,華通電腦,0.59,111000,股
2026-03-10,2455,全新光電科技,0.57,101000,股
2026-03-10,5289,宜鼎國際,0.56,22000,股
2026-03-10,6285,啟碁科技,0.55,126000,股
2026-03-10,1319,東陽實業廠,0.53,214000,股
2026-03-10,4958,臻鼎科技控股,0.5,107000,股
2026-03-10,3533,嘉澤端子工業,0.49,11000,股
2026-03-10,6510,中華精測科技,0.49,5000,股
2026-03-10,2472,立隆電子工業,0.48,162000,股
2026-03-10,5439,高技企業,0.48,65180,股
2026-03-10,1215,台灣卜蜂企業,0.46,106000,股
2026-03-10,6442,光紅建聖,0.43,9000,股
2026-03-10,8358,金居開發,0.42,66000,股
2026-03-10,4979,華星光通科技,0.4,41000,股
2026-03-10,3491,昇達科技,0.39,12000,股
2026-03-10,1802,台灣玻璃工業,0.34,230000,股
2026-03-10,2421,建準電機工業,0.26,73637,股
2026-03-10,2317,鴻海精密工業,0.24,41000,股
2026-03-10,3596,智易科技,0.2,36000,股
2026-03-10,2301,光寶科技,0.17,40000,股
2026-03-10,5536,聖暉工程科技,0.17,9000,股
2026-03-10,1477,聚陽實業,0.05,6000,股
2026-03-10,3526,凡甲科技,0.04,5000,股
2026-03-10,4532,瑞智精密,0.04,54000,股
2026-03-10,RDI_NTD,RECEIVABLES FOR DISPOSAL OF INVESTMENTS,0.0,4597192,元
2026-03-11,2330,台灣積體電路製造,9.28,181000,股
2026-03-11,2308,台達電子工業,6.63,178000,股
2026-03-11,3665,貿聯控股,5.02,114000,股
2026-03-11,2345,智邦科技,4.9,124000,股
2026-03-11,2383,台光電子材料,4.89,75000,股
2026-03-11,6223,旺矽科技,4.28,49000,股
2026-03-11,2368,金像電子,4.11,172000,股
2026-03-11,3017,奇鋐科技,3.86,78000,股
2026-03-11,3653,健策精密工業,3.62,39000,股
2026-03-11,7769,鴻勁,3.22,28000,股
2026-03-11,3037,欣興電子,3.15,254000,股
2026-03-11,5274,信驊科技,2.94,11000,股
2026-03-11,6274,台燿科技,2.72,209000,股
2026-03-11,3661,世芯電子,2.51,28000,股
2026-03-11,6669,緯穎科技服務,2.45,22000,股
2026-03-11,2449,京元電子,2.44,299500,股
2026-03-11,2344,華邦電子,2.07,681000,股
2026-03-11,6515,穎崴科技,2.04,13000,股
2026-03-11,M_NTD,MARGIN,2.04,76714140,元
2026-03-11,8210,勤誠興業,1.64,69000,股
2026-03-11,C_NTD,CASH,1.6,60135863,元
2026-03-11,2327,國巨*,1.46,207000,股
2026-03-11,2454,聯發科技,1.46,31000,股
2026-03-11,6805,富世達股份有限公司,1.14,23000,股
2026-03-11,3036,文曄科技,1.1,178000,股
2026-03-11,2059,川湖科技,1.07,12000,股
2026-03-11,1519,華城電機,1.04,42000,股
2026-03-11,6139,亞翔工程,0.98,69000,股
2026-03-11,2404,漢唐集成,0.95,33000,股
2026-03-11,1303,南亞塑膠工業,0.87,398000,股
2026-03-11,3264,欣銓科技,0.87,212200,股
2026-03-11,2885,元大金融控股,0.74,623000,股
2026-03-11,3044,健鼎科技,0.74,78000,股
2026-03-11,2360,致茂電子,0.72,18000,股
2026-03-11,3413,京鼎精密科技,0.68,82000,股
2026-03-11,3189,景碩科技,0.66,85000,股
2026-03-11,3324,雙鴻科技,0.63,23000,股
2026-03-11,8046,南亞電路板,0.63,50000,股
2026-03-11,2313,華通電腦,0.6,111000,股
2026-03-11,2455,全新光電科技,0.6,101000,股
2026-03-11,5289,宜鼎國際,0.58,22000,股
2026-03-11,6285,啟碁科技,0.55,126000,股
2026-03-11,1319,東陽實業廠,0.51,214000,股
2026-03-11,4958,臻鼎科技控股,0.5,107000,股
2026-03-11,6510,中華精測科技,0.5,5000,股
2026-03-11,3533,嘉澤端子工業,0.49,11000,股
2026-03-11,2472,立隆電子工業,0.46,162000,股
2026-03-11,5439,高技企業,0.46,65180,股
2026-03-11,1215,台灣卜蜂企業,0.44,106000,股
2026-03-11,6442,光紅建聖,0.43,9000,股
2026-03-11,4979,華星光通科技,0.42,41000,股
2026-03-11,3491,昇達科技,0.4,12000,股
2026-03-11,8358,金居開發,0.4,66000,股
2026-03-11,1802,台灣玻璃工業,0.35,230000,股
2026-03-11,2421,建準電機工業,0.28,73637,股
2026-03-11,2317,鴻海精密工業,0.24,41000,股
2026-03-11,3596,智易科技,0.2,36000,股
2026-03-11,2301,光寶科技,0.17,40000,股
2026-03-11,5536,聖暉工程科技,0.17,9000,股
2026-03-11,1477,聚陽實業,0.05,6000,股
2026-03-11,3526,凡甲科技,0.04,5000,股
2026-03-11,4532,瑞智精密,0.04,54000,股
2026-03-11,RDI_NTD,RECEIVABLES FOR DISPOSAL OF INVESTMENTS,0.0,4597192,元
2026-03-12,2330,台灣積體電路製造,9.15,181000,股
2026-03-12,2308,台達電子工業,6.55,178000,股
2026-03-12,2383,台光電子材料,5.24,75000,股
2026-03-12,3665,貿聯控股,5.01,114000,股
2026-03-12,2345,智邦科技,4.81,119000,股
2026-03-12,6223,旺矽科技,4.75,49000,股
2026-03-12,2368,金像電子,4.41,180000,股
2026-03-12,3017,奇鋐科技,3.93,78000,股
2026-03-12,3037,欣興電子,3.28,254000,股
2026-03-12,7769,鴻勁,3.25,28000,股
2026-03-12,3653,健策精密工業,3.14,34000,股
2026-03-12,5274,信驊科技,3.1,11000,股
2026-03-12,3661,世芯電子,2.49,28000,股
2026-03-12,2449,京元電子,2.41,299500,股
2026-03-12,6669,緯穎科技服務,2.41,22000,股
2026-03-12,6274,台燿科技,2.27,187000,股
2026-03-12,6515,穎崴科技,2.21,13000,股
2026-03-12,M_NTD,MARGIN,2.06,76714140,元
2026-03-12,2344,華邦電子,1.99,681000,股
2026-03-12,C_NTD,CASH,1.74,64733055,元
2026-03-12,8210,勤誠興業,1.63,69000,股
2026-03-12,2327,國巨*,1.4,207000,股
2026-03-12,2454,聯發科技,1.2,25000,股
2026-03-12,6805,富世達股份有限公司,1.14,23000,股
2026-03-12,3036,文曄科技,1.11,178000,股
2026-03-12,2059,川湖科技,1.06,12000,股
2026-03-12,1519,華城電機,1.04,42000,股
2026-03-12,6139,亞翔工程,0.97,69000,股
2026-03-12,2404,漢唐集成,0.94,33000,股
2026-03-12,3264,欣銓科技,0.87,212200,股
2026-03-12,1303,南亞塑膠工業,0.83,398000,股
2026-03-12,3044,健鼎科技,0.75,78000,股
2026-03-12,2885,元大金融控股,0.74,623000,股
2026-03-12,2360,致茂電子,0.72,18000,股
2026-03-12,3413,京鼎精密科技,0.67,82000,股
2026-03-12,3189,景碩科技,0.66,85000,股
2026-03-12,3324,雙鴻科技,0.65,23000,股
2026-03-12,8046,南亞電路板,0.63,50000,股
2026-03-12,2455,全新光電科技,0.61,101000,股
2026-03-12,5289,宜鼎國際,0.61,22000,股
2026-03-12,2313,華通電腦,0.6,111000,股
2026-03-12,6285,啟碁科技,0.57,126000,股
2026-03-12,6510,中華精測科技,0.54,5000,股
2026-03-12,3533,嘉澤端子工業,0.53,11000,股
2026-03-12,4958,臻鼎科技控股,0.49,107000,股
2026-03-12,2472,立隆電子工業,0.46,162000,股
2026-03-12,5439,高技企業,0.46,65180,股
2026-03-12,1215,台灣卜蜂企業,0.44,106000,股
2026-03-12,3491,昇達科技,0.44,12000,股
2026-03-12,4979,華星光通科技,0.43,41000,股
2026-03-12,6442,光紅建聖,0.41,9000,股
2026-03-12,8358,金居開發,0.41,66000,股
2026-03-12,1802,台灣玻璃工業,0.34,230000,股
2026-03-12,2421,建準電機工業,0.28,73637,股
2026-03-12,2317,鴻海精密工業,0.24,41000,股
2026-03-12,3596,智易科技,0.2,36000,股
2026-03-12,2301,光寶科技,0.17,40000,股
2026-03-12,5536,聖暉工程科技,0.17,9000,股
2026-03-12,1319,東陽實業廠,0.15,64000,股
2026-03-12,1477,聚陽實業,0.05,6000,股
2026-03-12,3526,凡甲科技,0.04,5000,股
2026-03-12,4532,瑞智精密,0.04,54000,股
2026-03-12,RDI_NTD,RECEIVABLES FOR DISPOSAL OF INVESTMENTS,0.0,50596899,元
2026-03-13,2330,台灣積體電路製造,9.08,181000,股
2026-03-13,2308,台達電子工業,6.64,178000,股
2026-03-13,2383,台光電子材料,5.24,72000,股
2026-03-13,3665,貿聯控股,4.71,110000,股
2026-03-13,6223,旺矽科技,4.68,49000,股
2026-03-13,2345,智邦科技,4.55,119000,股
2026-03-13,2368,金像電子,4.53,180000,股
2026-03-13,3017,奇鋐科技,3.92,78000,股
2026-03-13,3037,欣興電子,3.47,254000,股
2026-03-13,5274,信驊科技,3.11,11000,股
2026-03-13,7769,鴻勁,2.98,28000,股
2026-03-13,3653,健策精密工業,2.97,34000,股
2026-03-13,6669,緯穎科技服務,2.41,22000,股
2026-03-13,3661,世芯電子,2.4,28000,股
2026-03-13,2449,京元電子,2.38,299500,股
2026-03-13,6515,穎崴科技,2.2,13000,股
2026-03-13,M_NTD,MARGIN,2.08,77243210,元
2026-03-13,2344,華邦電子,2.0,681000,股
2026-03-13,C_NTD,CASH,1.74,64733055,元
2026-03-13,8210,勤誠興業,1.66,69000,股
2026-03-13,2327,國巨*,1.44,207000,股
2026-03-13,6274,台燿科技,1.33,99000,股
2026-03-13,2454,聯發科技,1.16,25000,股
2026-03-13,3036,文曄科技,1.13,178000,股
2026-03-13,2059,川湖科技,1.09,12000,股
2026-03-13,2404,漢唐集成,1.09,40000,股
2026-03-13,6805,富世達股份有限公司,1.09,23000,股
2026-03-13,1519,華城電機,1.04,42000,股
2026-03-13,6139,亞翔工程,0.97,69000,股
2026-03-13,1303,南亞塑膠工業,0.89,398000,股
2026-03-13,TXOC62026,臺指選擇權買權,0.89,-70,口
2026-03-13,3264,欣銓科技,0.86,212200,股
2026-03-13,6510,中華精測科技,0.83,8000,股
2026-03-13,3044,健鼎科技,0.8,78000,股
2026-03-13,2360,致茂電子,0.74,18000,股
2026-03-13,2885,元大金融控股,0.73,623000,股
2026-03-13,3189,景碩科技,0.73,85000,股
2026-03-13,8046,南亞電路板,0.69,50000,股
2026-03-13,3413,京鼎精密科技,0.67,82000,股
2026-03-13,2455,全新光電科技,0.65,101000,股
2026-03-13,3324,雙鴻科技,0.65,23000,股
2026-03-13,2313,華通電腦,0.63,111000,股
2026-03-13,3711,日月光投資控股,0.61,66000,股
2026-03-13,5289,宜鼎國際,0.6,22000,股
2026-03-13,6285,啟碁科技,0.57,126000,股
2026-03-13,4958,臻鼎科技控股,0.54,107000,股
2026-03-13,3533,嘉澤端子工業,0.52,11000,股
2026-03-13,2472,立隆電子工業,0.48,162000,股
2026-03-13,5439,高技企業,0.48,65180,股
2026-03-13,1215,台灣卜蜂企業,0.44,106000,股
2026-03-13,4979,華星光通科技,0.44,41000,股
2026-03-13,3596,智易科技,0.43,76000,股
2026-03-13,8358,金居開發,0.43,66000,股
2026-03-13,3491,昇達科技,0.42,12000,股
2026-03-13,6442,光紅建聖,0.41,9000,股
2026-03-13,1802,台灣玻璃工業,0.36,230000,股
2026-03-13,2421,建準電機工業,0.29,73637,股
2026-03-13,2317,鴻海精密工業,0.24,41000,股
2026-03-13,2301,光寶科技,0.18,40000,股
2026-03-13,5536,聖暉工程科技,0.16,9000,股
2026-03-13,1477,聚陽實業,0.05,6000,股
2026-03-13,3526,凡甲科技,0.04,5000,股
2026-03-13,4532,瑞智精密,0.04,54000,股
2026-03-13,RDI_NTD,RECEIVABLES FOR DISPOSAL OF INVESTMENTS,0.0,64286925,元
2026-03-16,2330,台灣積體電路製造,9.05,181000,股
2026-03-16,2308,台達電子工業,6.57,178000,股
2026-03-16,2383,台光電子材料,4.84,69000,股
2026-03-16,6223,旺矽科技,4.74,49000,股
2026-03-16,3665,貿聯控股,4.69,105000,股
2026-03-16,2368,金像電子,4.44,180000,股
2026-03-16,2345,智邦科技,4.34,115000,股
2026-03-16,3037,欣興電子,3.78,254000,股
2026-03-16,3017,奇鋐科技,3.63,73000,股
2026-03-16,5274,信驊科技,3.07,11000,股
2026-03-16,C_NTD,CASH,2.97,109553223,元
2026-03-16,3653,健策精密工業,2.85,31000,股
2026-03-16,7769,鴻勁,2.77,25000,股
2026-03-16,6669,緯穎科技服務,2.39,22000,股
2026-03-16,3661,世芯電子,2.37,28000,股
2026-03-16,2449,京元電子,2.34,299500,股
2026-03-16,6515,穎崴科技,2.17,13000,股
2026-03-16,2344,華邦電子,2.16,681000,股
2026-03-16,M_NTD,MARGIN,2.11,77614210,元
2026-03-16,8210,勤誠興業,1.66,69000,股
2026-03-16,2327,國巨*,1.46,207000,股
2026-03-16,6274,台燿科技,1.33,97500,股
2026-03-16,2454,聯發科技,1.16,25000,股
2026-03-16,3036,文曄科技,1.14,178000,股
2026-03-16,6805,富世達股份有限公司,1.09,23000,股
2026-03-16,2059,川湖科技,1.08,12000,股
2026-03-16,6139,亞翔工程,1.07,69000,股
2026-03-16,2404,漢唐集成,1.05,40000,股
2026-03-16,1519,華城電機,1.04,42000,股
2026-03-16,1303,南亞塑膠工業,0.96,398000,股
2026-03-16,3711,日月光投資控股,0.92,100000,股
2026-03-16,3264,欣銓科技,0.87,212200,股
2026-03-16,6510,中華精測科技,0.81,8000,股
2026-03-16,3189,景碩科技,0.78,85000,股
2026-03-16,3044,健鼎科技,0.77,78000,股
2026-03-16,8046,南亞電路板,0.77,50000,股
2026-03-16,2885,元大金融控股,0.75,623000,股
2026-03-16,2360,致茂電子,0.71,18000,股
2026-03-16,TXOC62026,臺指選擇權買權,0.7,-70,口
2026-03-16,3413,京鼎精密科技,0.69,82000,股
2026-03-16,2313,華通電腦,0.67,111000,股
2026-03-16,3324,雙鴻科技,0.65,23000,股
2026-03-16,2455,全新光電科技,0.63,101000,股
2026-03-16,5289,宜鼎國際,0.63,22000,股
2026-03-16,6285,啟碁科技,0.6,126000,股
2026-03-16,4958,臻鼎科技控股,0.57,107000,股
2026-03-16,2472,立隆電子工業,0.53,162000,股
2026-03-16,3533,嘉澤端子工業,0.5,11000,股
2026-03-16,4979,華星光通科技,0.48,41000,股
2026-03-16,5439,高技企業,0.48,65180,股
2026-03-16,8358,金居開發,0.45,66000,股
2026-03-16,1215,台灣卜蜂企業,0.44,106000,股
2026-03-16,3491,昇達科技,0.44,12000,股
2026-03-16,3596,智易科技,0.43,76000,股
2026-03-16,6442,光紅建聖,0.42,9000,股
2026-03-16,1802,台灣玻璃工業,0.39,230000,股
2026-03-16,2421,建準電機工業,0.29,73637,股
2026-03-16,2317,鴻海精密工業,0.24,41000,股
2026-03-16,2301,光寶科技,0.18,40000,股
2026-03-16,5536,聖暉工程科技,0.17,9000,股
2026-03-16,1477,聚陽實業,0.05,6000,股
2026-03-16,3526,凡甲科技,0.04,5000,股
2026-03-16,4532,瑞智精密,0.04,54000,股
2026-03-16,RDI_NTD,RECEIVABLES FOR DISPOSAL OF INVESTMENTS,0.0,55981350,元
2026-03-17,2330,台灣積體電路製造,8.93,181000,股
2026-03-17,2308,台達電子工業,6.79,178000,股
2026-03-17,2383,台光電子材料,4.93,69000,股
2026-03-17,3665,貿聯控股,4.84,105000,股
2026-03-17,6223,旺矽科技,4.64,49000,股
2026-03-17,2368,金像電子,4.49,185000,股
2026-03-17,2345,智邦科技,4.43,115000,股
2026-03-17,3017,奇鋐科技,3.68,73000,股
2026-03-17,3037,欣興電子,3.65,254000,股
2026-03-17,5274,信驊科技,3.3,11000,股
2026-03-17,3653,健策精密工業,2.76,28000,股
2026-03-17,7769,鴻勁,2.58,23000,股
2026-03-17,TXOC62026,臺指選擇權買權,2.45,-148,口
2026-03-17,3661,世芯電子,2.37,28000,股
2026-03-17,2449,京元電子,2.33,299500,股
2026-03-17,6669,緯穎科技服務,2.31,22000,股
2026-03-17,6515,穎崴科技,2.28,13000,股
2026-03-17,2344,華邦電子,2.23,681000,股
2026-03-17,C_NTD,CASH,2.19,82758602,元
2026-03-17,M_NTD,MARGIN,2.05,77414878,元
2026-03-17,8210,勤誠興業,1.61,69000,股
2026-03-17,2327,國巨*,1.57,207000,股
2026-03-17,3036,文曄科技,1.18,178000,股
2026-03-17,2454,聯發科技,1.15,25000,股
2026-03-17,2059,川湖科技,1.06,12000,股
2026-03-17,6139,亞翔工程,1.06,69000,股
2026-03-17,6805,富世達股份有限公司,1.06,23000,股
2026-03-17,1519,華城電機,1.02,42000,股
2026-03-17,2404,漢唐集成,0.98,40000,股
2026-03-17,3189,景碩科技,0.95,105000,股
2026-03-17,3711,日月光投資控股,0.91,100000,股
2026-03-17,6274,台燿科技,0.91,68000,股
2026-03-17,1303,南亞塑膠工業,0.9,398000,股
2026-03-17,8046,南亞電路板,0.89,62000,股
2026-03-17,3264,欣銓科技,0.88,212200,股
2026-03-17,6510,中華精測科技,0.8,8000,股
2026-03-17,3044,健鼎科技,0.75,78000,股
2026-03-17,2885,元大金融控股,0.74,623000,股
2026-03-17,2313,華通電腦,0.7,111000,股
2026-03-17,2360,致茂電子,0.7,18000,股
2026-03-17,5289,宜鼎國際,0.68,22000,股
2026-03-17,3413,京鼎精密科技,0.66,82000,股
2026-03-17,3324,雙鴻科技,0.64,23000,股
2026-03-17,6285,啟碁科技,0.59,126000,股
2026-03-17,2455,全新光電科技,0.58,101000,股
2026-03-17,4958,臻鼎科技控股,0.56,107000,股
2026-03-17,2472,立隆電子工業,0.54,162000,股
2026-03-17,3533,嘉澤端子工業,0.53,11000,股
2026-03-17,5439,高技企業,0.47,65180,股
2026-03-17,3491,昇達科技,0.46,12000,股
2026-03-17,8358,金居開發,0.46,66000,股
2026-03-17,1215,台灣卜蜂企業,0.43,106000,股
2026-03-17,4979,華星光通科技,0.43,41000,股
2026-03-17,3596,智易科技,0.42,76000,股
2026-03-17,6442,光紅建聖,0.4,9000,股
2026-03-17,1802,台灣玻璃工業,0.38,230000,股
2026-03-17,2421,建準電機工業,0.3,73637,股
2026-03-17,2317,鴻海精密工業,0.23,41000,股
2026-03-17,2301,光寶科技,0.18,40000,股
2026-03-17,5536,聖暉工程科技,0.16,9000,股
2026-03-17,1477,聚陽實業,0.05,6000,股
2026-03-17,3526,凡甲科技,0.04,5000,股
2026-03-17,4532,瑞智精密,0.04,54000,股
2026-03-17,RDI_NTD,RECEIVABLES FOR DISPOSAL OF INVESTMENTS,0.0,58579121,元
2026-03-18,2330,台灣積體電路製造,8.88,181000,股
2026-03-18,2308,台達電子工業,6.73,178000,股
2026-03-18,2383,台光電子材料,4.81,69000,股
2026-03-18,2345,智邦科技,4.75,115000,股
2026-03-18,6223,旺矽科技,4.72,49000,股
2026-03-18,3665,貿聯控股,4.58,105000,股
2026-03-18,2368,金像電子,4.38,185000,股
2026-03-18,3037,欣興電子,3.89,260000,股
2026-03-18,5274,信驊科技,3.51,11000,股
2026-03-18,3017,奇鋐科技,3.49,73000,股
2026-03-18,C_NTD,CASH,3.08,119270236,元
2026-03-18,3653,健策精密工業,2.88,28000,股
2026-03-18,7769,鴻勁,2.6,23000,股
2026-03-18,2449,京元電子,2.5,299500,股
2026-03-18,6515,穎崴科技,2.42,13000,股
2026-03-18,3661,世芯電子,2.39,28000,股
2026-03-18,2344,華邦電子,2.25,681000,股
2026-03-18,6669,緯穎科技服務,2.17,22000,股
2026-03-18,M_NTD,MARGIN,2.0,77557071,元
2026-03-18,2327,國巨*,1.68,232000,股
2026-03-18,8210,勤誠興業,1.59,69000,股
2026-03-18,3036,文曄科技,1.18,178000,股
2026-03-18,2454,聯發科技,1.12,25000,股
2026-03-18,6805,富世達股份有限公司,1.09,23000,股
2026-03-18,2059,川湖科技,1.06,12000,股
2026-03-18,6139,亞翔工程,1.04,69000,股
2026-03-18,1519,華城電機,1.01,42000,股
2026-03-18,1303,南亞塑膠工業,1.0,448000,股
2026-03-18,TXXC62026,臺指選擇權第三週週五到期契約買權,1.0,-70,口
2026-03-18,3189,景碩科技,0.99,105000,股
2026-03-18,2404,漢唐集成,0.97,40000,股
2026-03-18,6274,台燿科技,0.93,68000,股
2026-03-18,3711,日月光投資控股,0.92,100000,股
2026-03-18,8046,南亞電路板,0.91,62000,股
2026-03-18,3264,欣銓科技,0.85,212200,股
2026-03-18,6510,中華精測科技,0.77,8000,股
2026-03-18,3044,健鼎科技,0.75,78000,股
2026-03-18,2360,致茂電子,0.73,18000,股
2026-03-18,5289,宜鼎國際,0.73,22000,股
2026-03-18,2885,元大金融控股,0.72,623000,股
2026-03-18,2313,華通電腦,0.66,111000,股
2026-03-18,3413,京鼎精密科技,0.65,82000,股
2026-03-18,3324,雙鴻科技,0.61,23000,股
2026-03-18,2455,全新光電科技,0.59,101000,股
2026-03-18,4958,臻鼎科技控股,0.57,107000,股
2026-03-18,6285,啟碁科技,0.56,126000,股
2026-03-18,3533,嘉澤端子工業,0.54,11000,股
2026-03-18,2472,立隆電子工業,0.52,162000,股
2026-03-18,8358,金居開發,0.47,66000,股
2026-03-18,5439,高技企業,0.46,65180,股
2026-03-18,3491,昇達科技,0.44,12000,股
2026-03-18,6442,光紅建聖,0.43,9000,股
2026-03-18,1215,台灣卜蜂企業,0.42,106000,股
2026-03-18,4979,華星光通科技,0.41,41000,股
2026-03-18,3596,智易科技,0.4,76000,股
2026-03-18,1802,台灣玻璃工業,0.38,230000,股
2026-03-18,2421,建準電機工業,0.29,73637,股
2026-03-18,2317,鴻海精密工業,0.22,41000,股
2026-03-18,2301,光寶科技,0.18,40000,股
2026-03-18,5536,聖暉工程科技,0.16,9000,股
2026-03-18,1477,聚陽實業,0.05,6000,股
2026-03-18,3526,凡甲科技,0.04,5000,股
2026-03-18,4532,瑞智精密,0.04,54000,股
2026-03-18,RDI_NTD,RECEIVABLES FOR DISPOSAL OF INVESTMENTS,0.0,1497499,元
2026-03-19,2330,台灣積體電路製造,8.6,181000,股
2026-03-19,2308,台達電子工業,6.67,178000,股
2026-03-19,2383,台光電子材料,5.13,69000,股
2026-03-19,2368,金像電子,4.78,185000,股
2026-03-19,2345,智邦科技,4.71,115000,股
2026-03-19,3665,貿聯控股,4.65,105000,股
2026-03-19,6223,旺矽科技,4.62,49000,股
2026-03-19,3037,欣興電子,3.89,260000,股
2026-03-19,3017,奇鋐科技,3.79,73000,股
2026-03-19,5274,信驊科技,3.41,11000,股
2026-03-19,3653,健策精密工業,2.81,28000,股
2026-03-19,C_NTD,CASH,2.59,100833759,元
2026-03-19,7769,鴻勁,2.46,23000,股
2026-03-19,2449,京元電子,2.44,299500,股
2026-03-19,6515,穎崴科技,2.41,13000,股
2026-03-19,3661,世芯電子,2.32,28000,股
2026-03-19,2344,華邦電子,2.14,681000,股
2026-03-19,6669,緯穎科技服務,2.13,22000,股
2026-03-19,M_NTD,MARGIN,2.01,77988971,元
2026-03-19,2327,國巨*,1.64,232000,股
2026-03-19,8210,勤誠興業,1.58,69000,股
2026-03-19,6805,富世達股份有限公司,1.17,23000,股
2026-03-19,3036,文曄科技,1.15,178000,股
2026-03-19,2059,川湖科技,1.1,12000,股
2026-03-19,2454,聯發科技,1.08,25000,股
2026-03-19,3189,景碩科技,1.04,105000,股
2026-03-19,6139,亞翔工程,1.04,69000,股
2026-03-19,6274,台燿科技,1.02,68000,股
2026-03-19,1519,華城電機,1.0,42000,股
2026-03-19,1303,南亞塑膠工業,0.97,448000,股
2026-03-19,2404,漢唐集成,0.94,40000,股
2026-03-19,8046,南亞電路板,0.9,62000,股
2026-03-19,3711,日月光投資控股,0.89,100000,股
2026-03-19,3264,欣銓科技,0.84,212200,股
2026-03-19,5289,宜鼎國際,0.76,22000,股
2026-03-19,2360,致茂電子,0.74,18000,股
2026-03-19,3044,健鼎科技,0.73,78000,股
2026-03-19,6510,中華精測科技,0.73,8000,股
2026-03-19,2885,元大金融控股,0.71,623000,股
2026-03-19,2313,華通電腦,0.64,111000,股
2026-03-19,3413,京鼎精密科技,0.64,82000,股
2026-03-19,3324,雙鴻科技,0.63,23000,股
2026-03-19,2455,全新光電科技,0.59,101000,股
2026-03-19,4958,臻鼎科技控股,0.58,107000,股
2026-03-19,3533,嘉澤端子工業,0.57,11000,股
2026-03-19,6285,啟碁科技,0.56,126000,股
2026-03-19,2472,立隆電子工業,0.53,162000,股
2026-03-19,5439,高技企業,0.49,65180,股
2026-03-19,8358,金居開發,0.46,66000,股
2026-03-19,6442,光紅建聖,0.45,9000,股
2026-03-19,3491,昇達科技,0.43,12000,股
2026-03-19,1215,台灣卜蜂企業,0.41,106000,股
2026-03-19,4979,華星光通科技,0.41,41000,股
2026-03-19,3596,智易科技,0.39,76000,股
2026-03-19,1802,台灣玻璃工業,0.36,230000,股
2026-03-19,2421,建準電機工業,0.27,73637,股
2026-03-19,2317,鴻海精密工業,0.22,41000,股
2026-03-19,2301,光寶科技,0.17,40000,股
2026-03-19,5536,聖暉工程科技,0.16,9000,股
2026-03-19,TXXC62026,臺指選擇權第三週週五到期契約買權,0.12,-70,口
2026-03-19,1477,聚陽實業,0.05,6000,股
2026-03-19,3526,凡甲科技,0.04,5000,股
2026-03-19,4532,瑞智精密,0.04,54000,股
2026-03-19,RDI_NTD,RECEIVABLES FOR DISPOSAL OF INVESTMENTS,0.0,-14790298,元
2026-03-20,2330,台灣積體電路製造,8.34,181000,股
2026-03-20,2308,台達電子工業,6.6,178000,股
2026-03-20,2383,台光電子材料,5.09,72000,股
2026-03-20,3665,貿聯控股,4.82,105000,股
2026-03-20,6223,旺矽科技,4.75,49000,股
2026-03-20,2368,金像電子,4.72,190000,股
2026-03-20,2345,智邦科技,4.65,115000,股
2026-03-20,C_NTD,CASH,4.41,175616387,元
2026-03-20,3017,奇鋐科技,3.76,73000,股
2026-03-20,3037,欣興電子,3.62,260000,股
2026-03-20,5274,信驊科技,3.54,12000,股
2026-03-20,3653,健策精密工業,2.71,28000,股
2026-03-20,6515,穎崴科技,2.59,13000,股
2026-03-20,3661,世芯電子,2.38,28000,股
2026-03-20,7769,鴻勁,2.37,23000,股
2026-03-20,2449,京元電子,2.32,299500,股
2026-03-20,2344,華邦電子,2.13,771000,股
2026-03-20,M_NTD,MARGIN,1.95,77699071,元
2026-03-20,6669,緯穎科技服務,1.63,17000,股
2026-03-20,2327,國巨*,1.58,232000,股
2026-03-20,8210,勤誠興業,1.38,60000,股
2026-03-20,6805,富世達股份有限公司,1.16,23000,股
2026-03-20,8046,南亞電路板,1.16,85000,股
2026-03-20,3036,文曄科技,1.14,178000,股
2026-03-20,2059,川湖科技,1.03,12000,股
2026-03-20,6139,亞翔工程,1.03,69000,股
2026-03-20,3189,景碩科技,1.0,105000,股
2026-03-20,1519,華城電機,0.97,42000,股
2026-03-20,6274,台燿科技,0.95,68000,股
2026-03-20,2404,漢唐集成,0.94,40000,股
2026-03-20,2454,聯發科技,0.94,22000,股
2026-03-20,1303,南亞塑膠工業,0.88,448000,股
2026-03-20,3711,日月光投資控股,0.86,100000,股
2026-03-20,3264,欣銓科技,0.81,212200,股
2026-03-20,2360,致茂電子,0.72,18000,股
2026-03-20,6510,中華精測科技,0.72,8000,股
2026-03-20,3044,健鼎科技,0.71,78000,股
2026-03-20,2885,元大金融控股,0.69,623000,股
2026-03-20,5289,宜鼎國際,0.67,22000,股
2026-03-20,3324,雙鴻科技,0.62,23000,股
2026-03-20,3413,京鼎精密科技,0.62,82000,股
2026-03-20,8358,金居開發,0.59,96000,股
2026-03-20,2455,全新光電科技,0.58,101000,股
2026-03-20,3533,嘉澤端子工業,0.57,11000,股
2026-03-20,2313,華通電腦,0.56,100000,股
2026-03-20,4958,臻鼎科技控股,0.56,107000,股
2026-03-20,6285,啟碁科技,0.55,126000,股
2026-03-20,2472,立隆電子工業,0.53,162000,股
2026-03-20,5439,高技企業,0.5,65180,股
2026-03-20,6442,光紅建聖,0.46,9000,股
2026-03-20,3491,昇達科技,0.44,12000,股
2026-03-20,4979,華星光通科技,0.42,41000,股
2026-03-20,1215,台灣卜蜂企業,0.4,106000,股
2026-03-20,3596,智易科技,0.37,76000,股
2026-03-20,1802,台灣玻璃工業,0.33,230000,股
2026-03-20,8996,高力熱處理工業,0.3,13000,股
2026-03-20,2421,建準電機工業,0.27,73637,股
2026-03-20,2301,光寶科技,0.16,40000,股
2026-03-20,2317,鴻海精密工業,0.08,16000,股
2026-03-20,1477,聚陽實業,0.04,6000,股
2026-03-20,3526,凡甲科技,0.04,5000,股
2026-03-20,4532,瑞智精密,0.04,54000,股
2026-03-20,RDI_NTD,RECEIVABLES FOR DISPOSAL OF INVESTMENTS,0.0,-21371913,元
2026-03-23,2330,台灣積體電路製造,8.37,181000,股
2026-03-23,2308,台達電子工業,6.57,182000,股
2026-03-23,C_NTD,CASH,5.99,234111692,元
2026-03-23,2383,台光電子材料,5.15,72000,股
2026-03-23,3665,貿聯控股,4.76,105000,股
2026-03-23,2368,金像電子,4.68,190000,股
2026-03-23,6223,旺矽科技,4.66,49000,股
2026-03-23,2345,智邦科技,4.61,115000,股
2026-03-23,3017,奇鋐科技,3.98,78000,股
2026-03-23,5274,信驊科技,3.52,12000,股
2026-03-23,3037,欣興電子,3.32,260000,股
2026-03-23,3653,健策精密工業,2.76,28000,股
2026-03-23,6515,穎崴科技,2.62,13000,股
2026-03-23,7769,鴻勁,2.33,23000,股
2026-03-23,3661,世芯電子,2.29,28000,股
2026-03-23,2449,京元電子,2.19,299500,股
2026-03-23,2344,華邦電子,2.12,771000,股
2026-03-23,M_NTD,MARGIN,1.99,77699071,元
2026-03-23,2327,國巨*,1.66,257000,股
2026-03-23,6669,緯穎科技服務,1.59,17000,股
2026-03-23,8210,勤誠興業,1.37,60000,股
2026-03-23,8046,南亞電路板,1.16,85000,股
2026-03-23,3036,文曄科技,1.1,178000,股
2026-03-23,6805,富世達股份有限公司,1.1,23000,股
2026-03-23,6139,亞翔工程,1.06,69000,股
2026-03-23,2059,川湖科技,1.04,12000,股
2026-03-23,1519,華城電機,0.96,42000,股
2026-03-23,2404,漢唐集成,0.94,40000,股
2026-03-23,6274,台燿科技,0.94,68000,股
2026-03-23,3189,景碩科技,0.93,105000,股
2026-03-23,2454,聯發科技,0.92,22000,股
2026-03-23,1303,南亞塑膠工業,0.85,448000,股
2026-03-23,3711,日月光投資控股,0.84,100000,股
2026-03-23,3264,欣銓科技,0.79,212200,股
2026-03-23,2885,元大金融控股,0.71,623000,股
2026-03-23,3044,健鼎科技,0.71,78000,股
2026-03-23,2360,致茂電子,0.7,18000,股
2026-03-23,6510,中華精測科技,0.7,8000,股
2026-03-23,3413,京鼎精密科技,0.62,82000,股
2026-03-23,5289,宜鼎國際,0.61,22000,股
2026-03-23,3324,雙鴻科技,0.59,23000,股
2026-03-23,2455,全新光電科技,0.57,101000,股
2026-03-23,3533,嘉澤端子工業,0.56,11000,股
2026-03-23,2313,華通電腦,0.55,100000,股
2026-03-23,4958,臻鼎科技控股,0.55,107000,股
2026-03-23,8358,金居開發,0.55,96000,股
2026-03-23,6285,啟碁科技,0.54,126000,股
2026-03-23,2472,立隆電子工業,0.52,162000,股
2026-03-23,3023,信邦電子,0.48,68000,股
2026-03-23,5439,高技企業,0.48,65180,股
2026-03-23,3443,創意電子,0.46,7000,股
2026-03-23,6442,光紅建聖,0.43,9000,股
2026-03-23,3491,昇達科技,0.41,12000,股
2026-03-23,1215,台灣卜蜂企業,0.4,106000,股
2026-03-23,4979,華星光通科技,0.4,41000,股
2026-03-23,3596,智易科技,0.36,76000,股
2026-03-23,1802,台灣玻璃工業,0.31,230000,股
2026-03-23,8996,高力熱處理工業,0.27,13000,股
2026-03-23,2421,建準電機工業,0.25,73637,股
2026-03-23,2301,光寶科技,0.16,40000,股
2026-03-23,3526,凡甲科技,0.04,5000,股
2026-03-23,4532,瑞智精密,0.04,54000,股
2026-03-23,RDI_NTD,RECEIVABLES FOR DISPOSAL OF INVESTMENTS,0.0,-75390347,元
2026-03-24,2330,台灣積體電路製造,8.55,181000,股
2026-03-24,2308,台達電子工業,6.72,182000,股
2026-03-24,C_NTD,CASH,5.34,204587309,元
2026-03-24,2383,台光電子材料,5.05,72000,股
2026-03-24,3665,貿聯控股,4.74,105000,股
2026-03-24,6223,旺矽科技,4.69,49000,股
2026-03-24,2345,智邦科技,4.61,115000,股
2026-03-24,2368,金像電子,4.52,195000,股
2026-03-24,3017,奇鋐科技,3.96,78000,股
2026-03-24,5274,信驊科技,3.42,12000,股
2026-03-24,3037,欣興電子,3.12,260000,股
2026-03-24,3653,健策精密工業,2.89,28000,股
2026-03-24,6515,穎崴科技,2.78,13000,股
2026-03-24,3661,世芯電子,2.27,28000,股
2026-03-24,2449,京元電子,2.18,299500,股
2026-03-24,7769,鴻勁,2.04,21000,股
2026-03-24,M_NTD,MARGIN,2.03,77822399,元
2026-03-24,2344,華邦電子,2.0,771000,股
2026-03-24,2327,國巨*,1.68,257000,股
2026-03-24,6669,緯穎科技服務,1.65,17000,股
2026-03-24,8210,勤誠興業,1.36,60000,股
2026-03-24,6139,亞翔工程,1.14,69000,股
2026-03-24,2059,川湖科技,1.1,12000,股
2026-03-24,6805,富世達股份有限公司,1.1,23000,股
2026-03-24,8046,南亞電路板,1.09,85000,股
2026-03-24,3036,文曄科技,1.08,178000,股
2026-03-24,2404,漢唐集成,0.98,40000,股
2026-03-24,1519,華城電機,0.97,42000,股
2026-03-24,6274,台燿科技,0.96,68000,股
2026-03-24,2454,聯發科技,0.93,22000,股
2026-03-24,3189,景碩科技,0.88,105000,股
2026-03-24,3711,日月光投資控股,0.87,100000,股
2026-03-24,1303,南亞塑膠工業,0.85,448000,股
2026-03-24,3264,欣銓科技,0.81,212200,股
2026-03-24,3023,信邦電子,0.74,113000,股
2026-03-24,2885,元大金融控股,0.73,623000,股
2026-03-24,2360,致茂電子,0.7,18000,股
2026-03-24,3044,健鼎科技,0.69,78000,股
2026-03-24,6510,中華精測科技,0.67,8000,股
2026-03-24,3443,創意電子,0.65,10000,股
2026-03-24,2455,全新光電科技,0.64,101000,股
2026-03-24,3413,京鼎精密科技,0.64,82000,股
2026-03-24,3324,雙鴻科技,0.6,23000,股
2026-03-24,3533,嘉澤端子工業,0.56,11000,股
2026-03-24,5289,宜鼎國際,0.56,22000,股
2026-03-24,8358,金居開發,0.56,96000,股
2026-03-24,2313,華通電腦,0.55,100000,股
2026-03-24,4958,臻鼎科技控股,0.55,107000,股
2026-03-24,6285,啟碁科技,0.55,126000,股
2026-03-24,2472,立隆電子工業,0.52,162000,股
2026-03-24,5439,高技企業,0.47,65180,股
2026-03-24,6442,光紅建聖,0.45,9000,股
2026-03-24,1215,台灣卜蜂企業,0.41,106000,股
2026-03-24,4979,華星光通科技,0.41,41000,股
2026-03-24,3491,昇達科技,0.4,12000,股
2026-03-24,3596,智易科技,0.36,76000,股
2026-03-24,6438,迅得機械,0.34,75000,股
2026-03-24,8996,高力熱處理工業,0.26,13000,股
2026-03-24,2421,建準電機工業,0.25,73637,股
2026-03-24,TX4C62026,臺指選擇權第四週週三到期契約買權,0.18,-28,口
2026-03-24,2301,光寶科技,0.16,40000,股
2026-03-24,3526,凡甲科技,0.04,5000,股
2026-03-24,4532,瑞智精密,0.04,54000,股
2026-03-24,RDI_NTD,RECEIVABLES FOR DISPOSAL OF INVESTMENTS,0.0,-71412031,元
2026-03-25,2330,台灣積體電路製造,8.35,181000,股
2026-03-25,2308,台達電子工業,7.07,182000,股
2026-03-25,2383,台光電子材料,5.13,72000,股
2026-03-25,2345,智邦科技,4.86,115000,股
2026-03-25,3665,貿聯控股,4.75,105000,股
2026-03-25,6223,旺矽科技,4.6,49000,股
2026-03-25,2368,金像電子,4.5,195000,股
2026-03-25,3017,奇鋐科技,4.1,78000,股
2026-03-25,C_NTD,CASH,3.77,150568875,元
2026-03-25,5274,信驊科技,3.46,12000,股
2026-03-25,3037,欣興電子,3.3,260000,股
2026-03-25,3653,健策精密工業,2.77,28000,股
2026-03-25,6515,穎崴科技,2.75,13000,股
2026-03-25,3661,世芯電子,2.21,28000,股
2026-03-25,2449,京元電子,2.17,299500,股
2026-03-25,M_NTD,MARGIN,1.95,77804499,元
2026-03-25,2344,華邦電子,1.9,771000,股
2026-03-25,7769,鴻勁,1.84,19000,股
2026-03-25,2327,國巨*,1.67,257000,股
2026-03-25,6669,緯穎科技服務,1.6,17000,股
2026-03-25,8210,勤誠興業,1.36,60000,股
2026-03-25,8046,南亞電路板,1.15,85000,股
2026-03-25,6139,亞翔工程,1.13,69000,股
2026-03-25,6805,富世達股份有限公司,1.1,23000,股
2026-03-25,2059,川湖科技,1.09,12000,股
2026-03-25,3036,文曄科技,1.06,178000,股
2026-03-25,6274,台燿科技,0.99,68000,股
2026-03-25,1519,華城電機,0.97,42000,股
2026-03-25,2404,漢唐集成,0.95,40000,股
2026-03-25,3189,景碩科技,0.92,105000,股
2026-03-25,2454,聯發科技,0.89,22000,股
2026-03-25,3711,日月光投資控股,0.88,100000,股
2026-03-25,1303,南亞塑膠工業,0.85,448000,股
2026-03-25,3264,欣銓科技,0.82,212200,股
2026-03-25,2360,致茂電子,0.73,18000,股
2026-03-25,2885,元大金融控股,0.72,623000,股
2026-03-25,3023,信邦電子,0.72,113000,股
2026-03-25,3044,健鼎科技,0.7,78000,股
2026-03-25,2455,全新光電科技,0.67,101000,股
2026-03-25,3413,京鼎精密科技,0.66,82000,股
2026-03-25,6510,中華精測科技,0.64,8000,股
2026-03-25,3443,創意電子,0.62,10000,股
2026-03-25,3324,雙鴻科技,0.6,23000,股
2026-03-25,3533,嘉澤端子工業,0.59,11000,股
2026-03-25,2313,華通電腦,0.58,100000,股
2026-03-25,6285,啟碁科技,0.57,126000,股
2026-03-25,4958,臻鼎科技控股,0.56,107000,股
2026-03-25,5289,宜鼎國際,0.56,22000,股
2026-03-25,8358,金居開發,0.55,96000,股
2026-03-25,2472,立隆電子工業,0.52,162000,股
2026-03-25,6442,光紅建聖,0.48,9000,股
2026-03-25,5439,高技企業,0.47,65180,股
2026-03-25,4749,新應材,0.45,20000,股
2026-03-25,4979,華星光通科技,0.44,41000,股
2026-03-25,3491,昇達科技,0.42,12000,股
2026-03-25,1215,台灣卜蜂企業,0.39,106000,股
2026-03-25,3596,智易科技,0.34,76000,股
2026-03-25,6438,迅得機械,0.34,75000,股
2026-03-25,8996,高力熱處理工業,0.27,13000,股
2026-03-25,2421,建準電機工業,0.26,73637,股
2026-03-25,2301,光寶科技,0.16,40000,股
2026-03-25,4532,瑞智精密,0.04,54000,股
2026-03-25,RDI_NTD,RECEIVABLES FOR DISPOSAL OF INVESTMENTS,0.0,-26251192,元
2026-03-26,2330,台灣積體電路製造,8.29,179000,股
2026-03-26,2308,台達電子工業,6.96,182000,股
2026-03-26,2383,台光電子材料,5.35,72000,股
2026-03-26,2345,智邦科技,4.86,115000,股
2026-03-26,3665,貿聯控股,4.81,105000,股
2026-03-26,2368,金像電子,4.52,195000,股
2026-03-26,6223,旺矽科技,4.52,49000,股
2026-03-26,3017,奇鋐科技,4.48,78000,股
2026-03-26,5274,信驊科技,3.5,12000,股
2026-03-26,C_NTD,CASH,3.36,133175278,元
2026-03-26,3037,欣興電子,3.29,260000,股
2026-03-26,3653,健策精密工業,2.78,28000,股
2026-03-26,6515,穎崴科技,2.67,13000,股
2026-03-26,2449,京元電子,2.18,299500,股
2026-03-26,3661,世芯電子,2.17,28000,股
2026-03-26,M_NTD,MARGIN,1.96,77804499,元
2026-03-26,2344,華邦電子,1.87,771000,股
2026-03-26,7769,鴻勁,1.85,19000,股
2026-03-26,2327,國巨*,1.7,257000,股
2026-03-26,6669,緯穎科技服務,1.49,17000,股
2026-03-26,8210,勤誠興業,1.37,60000,股
2026-03-26,8046,南亞電路板,1.22,85000,股
2026-03-26,6805,富世達股份有限公司,1.11,23000,股
2026-03-26,2059,川湖科技,1.1,12000,股
2026-03-26,6274,台燿科技,1.04,68000,股
2026-03-26,6139,亞翔工程,1.03,69000,股
2026-03-26,3036,文曄科技,1.02,178000,股
2026-03-26,1519,華城電機,0.95,42000,股
2026-03-26,3189,景碩科技,0.93,105000,股
2026-03-26,2404,漢唐集成,0.91,40000,股
2026-03-26,3711,日月光投資控股,0.91,100000,股
2026-03-26,1303,南亞塑膠工業,0.85,448000,股
2026-03-26,3264,欣銓科技,0.8,212200,股
2026-03-26,2454,聯發科技,0.76,19000,股
2026-03-26,2360,致茂電子,0.75,18000,股
2026-03-26,2885,元大金融控股,0.72,623000,股
2026-03-26,3023,信邦電子,0.7,113000,股
2026-03-26,3044,健鼎科技,0.7,78000,股
2026-03-26,2455,全新光電科技,0.69,101000,股
2026-03-26,3413,京鼎精密科技,0.64,82000,股
2026-03-26,3443,創意電子,0.64,10000,股
2026-03-26,3533,嘉澤端子工業,0.63,11000,股
2026-03-26,4749,新應材,0.63,28000,股
2026-03-26,2313,華通電腦,0.62,100000,股
2026-03-26,6510,中華精測科技,0.62,8000,股
2026-03-26,8358,金居開發,0.6,96000,股
2026-03-26,4958,臻鼎科技控股,0.59,107000,股
2026-03-26,3324,雙鴻科技,0.57,23000,股
2026-03-26,6285,啟碁科技,0.55,126000,股
2026-03-26,2472,立隆電子工業,0.52,162000,股
2026-03-26,5289,宜鼎國際,0.51,22000,股
2026-03-26,5439,高技企業,0.5,65180,股
2026-03-26,3491,昇達科技,0.47,12000,股
2026-03-26,6442,光紅建聖,0.47,9000,股
2026-03-26,4979,華星光通科技,0.43,41000,股
2026-03-26,6187,萬潤科技,0.43,18000,股
2026-03-26,1215,台灣卜蜂企業,0.39,106000,股
2026-03-26,6438,迅得機械,0.33,75000,股
2026-03-26,3596,智易科技,0.32,76000,股
2026-03-26,8996,高力熱處理工業,0.28,13000,股
2026-03-26,2421,建準電機工業,0.25,73637,股
2026-03-26,2301,光寶科技,0.16,40000,股
2026-03-26,RDI_NTD,RECEIVABLES FOR DISPOSAL OF INVESTMENTS,0.0,-22903959,元
2026-03-27,2330,台灣積體電路製造,8.28,179000,股
2026-03-27,2308,台達電子工業,6.95,182000,股
2026-03-27,2383,台光電子材料,5.3,72000,股
2026-03-27,3665,貿聯控股,4.94,105000,股
2026-03-27,2345,智邦科技,4.82,115000,股
2026-03-27,2368,金像電子,4.56,195000,股
2026-03-27,6223,旺矽科技,4.54,49000,股
2026-03-27,3017,奇鋐科技,4.33,78000,股
2026-03-27,5274,信驊科技,3.51,12000,股
2026-03-27,3037,欣興電子,3.32,260000,股
2026-03-27,C_NTD,CASH,3.15,124317683,元
2026-03-27,3653,健策精密工業,2.86,28000,股
2026-03-27,6515,穎崴科技,2.6,13000,股
2026-03-27,2449,京元電子,2.11,299500,股
2026-03-27,M_NTD,MARGIN,1.97,77804499,元
2026-03-27,7769,鴻勁,1.82,19000,股
2026-03-27,2344,華邦電子,1.8,771000,股
2026-03-27,3661,世芯電子,1.77,23000,股
2026-03-27,2327,國巨*,1.69,257000,股
2026-03-27,6669,緯穎科技服務,1.46,17000,股
2026-03-27,8210,勤誠興業,1.38,60000,股
2026-03-27,8046,南亞電路板,1.21,85000,股
2026-03-27,6805,富世達股份有限公司,1.11,23000,股
2026-03-27,2059,川湖科技,1.09,12000,股
2026-03-27,6274,台燿科技,1.08,68000,股
2026-03-27,3036,文曄科技,1.03,178000,股
2026-03-27,6139,亞翔工程,1.0,69000,股
2026-03-27,3189,景碩科技,0.94,105000,股
2026-03-27,1519,華城電機,0.92,42000,股
2026-03-27,2404,漢唐集成,0.89,40000,股
2026-03-27,3711,日月光投資控股,0.89,100000,股
2026-03-27,3264,欣銓科技,0.85,212200,股
2026-03-27,1303,南亞塑膠工業,0.84,448000,股
2026-03-27,2454,聯發科技,0.76,19000,股
2026-03-27,3023,信邦電子,0.75,113000,股
2026-03-27,2360,致茂電子,0.74,18000,股
2026-03-27,2885,元大金融控股,0.71,623000,股
2026-03-27,3044,健鼎科技,0.71,78000,股
2026-03-27,2455,全新光電科技,0.69,101000,股
2026-03-27,2313,華通電腦,0.68,100000,股
2026-03-27,6510,中華精測科技,0.66,8000,股
2026-03-27,3413,京鼎精密科技,0.65,82000,股
2026-03-27,3533,嘉澤端子工業,0.63,11000,股
2026-03-27,3443,創意電子,0.62,10000,股
2026-03-27,4958,臻鼎科技控股,0.62,107000,股
2026-03-27,4749,新應材,0.61,28000,股
2026-03-27,6285,啟碁科技,0.6,126000,股
2026-03-27,3324,雙鴻科技,0.58,23000,股
2026-03-27,8358,金居開發,0.58,96000,股
2026-03-27,2472,立隆電子工業,0.53,162000,股
2026-03-27,5289,宜鼎國際,0.53,22000,股
2026-03-27,3491,昇達科技,0.51,12000,股
2026-03-27,5439,高技企業,0.5,65180,股
2026-03-27,6438,迅得機械,0.5,111000,股
2026-03-27,6442,光紅建聖,0.48,9000,股
2026-03-27,6187,萬潤科技,0.44,18000,股
2026-03-27,4979,華星光通科技,0.41,41000,股
2026-03-27,1215,台灣卜蜂企業,0.38,106000,股
2026-03-27,3596,智易科技,0.32,76000,股
2026-03-27,8996,高力熱處理工業,0.28,13000,股
2026-03-27,2421,建準電機工業,0.25,73637,股
2026-03-27,2301,光寶科技,0.15,40000,股
2026-03-27,RDI_NTD,RECEIVABLES FOR DISPOSAL OF INVESTMENTS,0.0,-5336768,元
2026-03-30,2330,台灣積體電路製造,8.26,179000,股
2026-03-30,2308,台達電子工業,6.97,182000,股
2026-03-30,2383,台光電子材料,5.17,72000,股
2026-03-30,3665,貿聯控股,5.09,105000,股
2026-03-30,2345,智邦科技,4.85,115000,股
2026-03-30,6223,旺矽科技,4.72,49000,股
2026-03-30,2368,金像電子,4.52,195000,股
2026-03-30,3017,奇鋐科技,4.29,78000,股
2026-03-30,5274,信驊科技,3.47,12000,股
2026-03-30,3037,欣興電子,3.31,260000,股
2026-03-30,3653,健策精密工業,2.81,28000,股
2026-03-30,6515,穎崴科技,2.57,13000,股
2026-03-30,C_NTD,CASH,2.53,98135359,元
2026-03-30,2449,京元電子,2.1,299500,股
2026-03-30,M_NTD,MARGIN,2.04,78949999,元
2026-03-30,2344,華邦電子,1.85,771000,股
2026-03-30,2327,國巨*,1.71,257000,股
2026-03-30,3661,世芯電子,1.63,23000,股
2026-03-30,7769,鴻勁,1.53,16000,股
2026-03-30,6669,緯穎科技服務,1.48,17000,股
2026-03-30,8046,南亞電路板,1.45,97000,股
2026-03-30,8210,勤誠興業,1.38,60000,股
2026-03-30,3711,日月光投資控股,1.09,120000,股
2026-03-30,6805,富世達股份有限公司,1.09,23000,股
2026-03-30,6274,台燿科技,1.06,68000,股
2026-03-30,6139,亞翔工程,0.97,69000,股
2026-03-30,1303,南亞塑膠工業,0.94,448000,股
2026-03-30,3189,景碩科技,0.94,105000,股
2026-03-30,1519,華城電機,0.9,42000,股
2026-03-30,2059,川湖科技,0.89,10000,股
2026-03-30,3264,欣銓科技,0.89,212200,股
2026-03-30,3036,文曄科技,0.81,140000,股
2026-03-30,2360,致茂電子,0.75,18000,股
2026-03-30,2454,聯發科技,0.74,19000,股
2026-03-30,3023,信邦電子,0.74,113000,股
2026-03-30,TXOD62026,臺指選擇權買權,0.73,-80,口
2026-03-30,2455,全新光電科技,0.71,101000,股
2026-03-30,2885,元大金融控股,0.71,623000,股
2026-03-30,3443,創意電子,0.71,12000,股
2026-03-30,3044,健鼎科技,0.7,78000,股
2026-03-30,2313,華通電腦,0.68,100000,股
2026-03-30,6510,中華精測科技,0.68,8000,股
2026-03-30,3413,京鼎精密科技,0.64,82000,股
2026-03-30,3533,嘉澤端子工業,0.63,11000,股
2026-03-30,4958,臻鼎科技控股,0.63,107000,股
2026-03-30,6438,迅得機械,0.62,140000,股
2026-03-30,4749,新應材,0.59,28000,股
2026-03-30,6285,啟碁科技,0.58,126000,股
2026-03-30,8358,金居開發,0.58,96000,股
2026-03-30,3324,雙鴻科技,0.57,23000,股
2026-03-30,2472,立隆電子工業,0.55,162000,股
2026-03-30,5289,宜鼎國際,0.53,22000,股
2026-03-30,3491,昇達科技,0.49,12000,股
2026-03-30,5439,高技企業,0.49,65180,股
2026-03-30,6442,光紅建聖,0.49,9000,股
2026-03-30,2404,漢唐集成,0.43,20000,股
2026-03-30,6187,萬潤科技,0.42,18000,股
2026-03-30,4979,華星光通科技,0.4,41000,股
2026-03-30,1215,台灣卜蜂企業,0.38,106000,股
2026-03-30,8996,高力熱處理工業,0.3,13000,股
2026-03-30,2421,建準電機工業,0.25,73637,股
2026-03-30,2301,光寶科技,0.15,40000,股
2026-03-30,3596,智易科技,0.15,38000,股
2026-03-30,RDI_NTD,RECEIVABLES FOR DISPOSAL OF INVESTMENTS,0.0,34123310,元
2026-03-31,2330,台灣積體電路製造,8.52,179000,股
2026-03-31,2308,台達電子工業,6.84,182000,股
2026-03-31,2383,台光電子材料,5.1,72000,股
2026-03-31,3665,貿聯控股,4.97,105000,股
2026-03-31,6223,旺矽科技,4.8,49000,股
2026-03-31,2345,智邦科技,4.73,115000,股
2026-03-31,2368,金像電子,4.56,195000,股
2026-03-31,3017,奇鋐科技,4.23,78000,股
2026-03-31,5274,信驊科技,3.5,12000,股
2026-03-31,3037,欣興電子,3.15,260000,股
2026-03-31,3653,健策精密工業,2.89,28000,股
2026-03-31,6515,穎崴科技,2.53,13000,股
2026-03-31,C_NTD,CASH,2.41,88692297,元
2026-03-31,M_NTD,MARGIN,2.16,79461999,元
2026-03-31,2449,京元電子,2.13,299500,股
2026-03-31,2344,華邦電子,1.89,771000,股
2026-03-31,2327,國巨*,1.7,257000,股
2026-03-31,8046,南亞電路板,1.68,118000,股
2026-03-31,6669,緯穎科技服務,1.53,17000,股
2026-03-31,7769,鴻勁,1.53,16000,股
2026-03-31,6510,中華精測科技,1.51,18000,股
2026-03-31,8210,勤誠興業,1.42,60000,股
2026-03-31,6805,富世達股份有限公司,1.1,23000,股
2026-03-31,3711,日月光投資控股,1.07,120000,股
2026-03-31,6274,台燿科技,1.05,68000,股
2026-03-31,3661,世芯電子,1.01,15000,股
2026-03-31,6139,亞翔工程,0.98,69000,股
2026-03-31,1303,南亞塑膠工業,0.9,448000,股
2026-03-31,3264,欣銓科技,0.9,212200,股
2026-03-31,3189,景碩科技,0.89,105000,股
2026-03-31,2059,川湖科技,0.86,10000,股
2026-03-31,3036,文曄科技,0.83,140000,股
2026-03-31,2454,聯發科技,0.77,19000,股
2026-03-31,3023,信邦電子,0.77,113000,股
2026-03-31,2885,元大金融控股,0.76,623000,股
2026-03-31,2360,致茂電子,0.72,18000,股
2026-03-31,3044,健鼎科技,0.72,78000,股
2026-03-31,3443,創意電子,0.71,12000,股
2026-03-31,2313,華通電腦,0.68,100000,股
2026-03-31,2455,全新光電科技,0.68,101000,股
2026-03-31,3413,京鼎精密科技,0.65,82000,股
2026-03-31,6438,迅得機械,0.64,140000,股
2026-03-31,8358,金居開發,0.62,96000,股
2026-03-31,4749,新應材,0.61,28000,股
2026-03-31,4958,臻鼎科技控股,0.6,107000,股
2026-03-31,6285,啟碁科技,0.58,126000,股
2026-03-31,1519,華城電機,0.56,26000,股
2026-03-31,2472,立隆電子工業,0.56,162000,股
2026-03-31,3324,雙鴻科技,0.55,23000,股
2026-03-31,5289,宜鼎國際,0.51,22000,股
2026-03-31,5439,高技企業,0.48,65180,股
2026-03-31,TXOD62026,臺指選擇權買權,0.48,-80,口
2026-03-31,3491,昇達科技,0.47,12000,股
2026-03-31,6442,光紅建聖,0.47,9000,股
2026-03-31,2404,漢唐集成,0.4,18000,股
2026-03-31,6187,萬潤科技,0.4,18000,股
2026-03-31,1215,台灣卜蜂企業,0.39,106000,股
2026-03-31,3533,嘉澤端子工業,0.39,7000,股
2026-03-31,4979,華星光通科技,0.38,41000,股
2026-03-31,3211,順達科技,0.34,36000,股
2026-03-31,8996,高力熱處理工業,0.3,13000,股
2026-03-31,2421,建準電機工業,0.25,73637,股
2026-03-31,2301,光寶科技,0.15,40000,股
2026-03-31,RDI_NTD,RECEIVABLES FOR DISPOSAL OF INVESTMENTS,0.0,19327402,元
2026-04-01,2330,台灣積體電路製造,8.54,179000,股
2026-04-01,2308,台達電子工業,6.89,182000,股
2026-04-01,2383,台光電子材料,5.28,72000,股
2026-04-01,3665,貿聯控股,5.15,105000,股
2026-04-01,6223,旺矽科技,4.97,49000,股
2026-04-01,2345,智邦科技,4.9,115000,股
2026-04-01,2368,金像電子,4.73,195000,股
2026-04-01,3017,奇鋐科技,4.22,78000,股
2026-04-01,5274,信驊科技,3.48,12000,股
2026-04-01,3037,欣興電子,3.26,260000,股
2026-04-01,C_NTD,CASH,2.93,114106011,元
2026-04-01,3653,健策精密工業,2.84,28000,股
2026-04-01,6515,穎崴科技,2.43,13000,股
2026-04-01,2449,京元電子,2.16,299500,股
2026-04-01,M_NTD,MARGIN,2.01,78505999,元
2026-04-01,2344,華邦電子,1.84,771000,股
2026-04-01,8046,南亞電路板,1.74,118000,股
2026-04-01,2327,國巨*,1.66,257000,股
2026-04-01,7769,鴻勁,1.58,16000,股
2026-04-01,6510,中華精測科技,1.55,18000,股
2026-04-01,6669,緯穎科技服務,1.49,17000,股
2026-04-01,8210,勤誠興業,1.38,60000,股
2026-04-01,6805,富世達股份有限公司,1.14,23000,股
2026-04-01,3711,日月光投資控股,1.11,120000,股
2026-04-01,6274,台燿科技,1.09,68000,股
2026-04-01,TXOD62026,臺指選擇權買權,1.07,-80,口
2026-04-01,3661,世芯電子,1.05,15000,股
2026-04-01,6139,亞翔工程,0.93,69000,股
2026-04-01,1303,南亞塑膠工業,0.9,448000,股
2026-04-01,3264,欣銓科技,0.9,212200,股
2026-04-01,2059,川湖科技,0.89,10000,股
2026-04-01,3189,景碩科技,0.89,105000,股
2026-04-01,3036,文曄科技,0.81,140000,股
2026-04-01,2885,元大金融控股,0.75,623000,股
2026-04-01,3023,信邦電子,0.75,113000,股
2026-04-01,2360,致茂電子,0.74,18000,股
2026-04-01,3443,創意電子,0.73,12000,股
2026-04-01,2454,聯發科技,0.71,19000,股
2026-04-01,3044,健鼎科技,0.71,78000,股
2026-04-01,2313,華通電腦,0.68,100000,股
2026-04-01,2455,全新光電科技,0.68,101000,股
2026-04-01,3413,京鼎精密科技,0.62,82000,股
2026-04-01,6438,迅得機械,0.62,140000,股
2026-04-01,4958,臻鼎科技控股,0.6,107000,股
2026-04-01,8358,金居開發,0.6,96000,股
2026-04-01,4749,新應材,0.59,28000,股
2026-04-01,6285,啟碁科技,0.58,126000,股
2026-04-01,2472,立隆電子工業,0.55,162000,股
2026-04-01,1519,華城電機,0.54,26000,股
2026-04-01,3324,雙鴻科技,0.54,23000,股
2026-04-01,5289,宜鼎國際,0.53,22000,股
2026-04-01,5439,高技企業,0.47,65180,股
2026-04-01,6442,光紅建聖,0.47,9000,股
2026-04-01,3491,昇達科技,0.46,12000,股
2026-04-01,6187,萬潤科技,0.41,18000,股
2026-04-01,2404,漢唐集成,0.39,18000,股
2026-04-01,4979,華星光通科技,0.39,41000,股
2026-04-01,1215,台灣卜蜂企業,0.38,106000,股
2026-04-01,3533,嘉澤端子工業,0.38,7000,股
2026-04-01,3211,順達科技,0.33,36000,股
2026-04-01,8996,高力熱處理工業,0.3,13000,股
2026-04-01,2421,建準電機工業,0.24,73637,股
2026-04-01,2301,光寶科技,0.15,40000,股
2026-04-01,RDI_NTD,RECEIVABLES FOR DISPOSAL OF INVESTMENTS,0.0,-6086312,元
2026-04-02,2330,台灣積體電路製造,8.48,179000,股
2026-04-02,2308,台達電子工業,6.82,182000,股
2026-04-02,3665,貿聯控股,5.27,105000,股
2026-04-02,2383,台光電子材料,5.26,72000,股
2026-04-02,6223,旺矽科技,4.84,49000,股
2026-04-02,2345,智邦科技,4.79,115000,股
2026-04-02,2368,金像電子,4.63,195000,股
2026-04-02,3017,奇鋐科技,4.23,78000,股
2026-04-02,5274,信驊科技,3.68,12000,股
2026-04-02,3037,欣興電子,3.54,260000,股
2026-04-02,C_NTD,CASH,2.76,105476089,元
2026-04-02,3653,健策精密工業,2.72,28000,股
2026-04-02,6515,穎崴科技,2.25,13000,股
2026-04-02,M_NTD,MARGIN,2.08,79313999,元
2026-04-02,2449,京元電子,2.03,299500,股
2026-04-02,2344,華邦電子,1.86,771000,股
2026-04-02,8046,南亞電路板,1.76,118000,股
2026-04-02,2327,國巨*,1.66,257000,股
2026-04-02,7769,鴻勁,1.61,16000,股
2026-04-02,6669,緯穎科技服務,1.52,17000,股
2026-04-02,6510,中華精測科技,1.49,18000,股
2026-04-02,8210,勤誠興業,1.32,60000,股
2026-04-02,3711,日月光投資控股,1.14,120000,股
2026-04-02,6805,富世達股份有限公司,1.14,23000,股
2026-04-02,6274,台燿科技,1.11,68000,股
2026-04-02,3661,世芯電子,1.06,15000,股
2026-04-02,6139,亞翔工程,0.94,69000,股
2026-04-02,3189,景碩科技,0.92,105000,股
2026-04-02,1303,南亞塑膠工業,0.91,448000,股
2026-04-02,3264,欣銓科技,0.9,212200,股
2026-04-02,2059,川湖科技,0.88,10000,股
2026-04-02,3036,文曄科技,0.82,140000,股
2026-04-02,3023,信邦電子,0.77,113000,股
2026-04-02,2885,元大金融控股,0.75,623000,股
2026-04-02,2454,聯發科技,0.73,19000,股
2026-04-02,3443,創意電子,0.73,12000,股
2026-04-02,2360,致茂電子,0.72,18000,股
2026-04-02,3044,健鼎科技,0.71,78000,股
2026-04-02,2455,全新光電科技,0.69,101000,股
2026-04-02,2313,華通電腦,0.68,100000,股
2026-04-02,3413,京鼎精密科技,0.63,82000,股
2026-04-02,6438,迅得機械,0.62,140000,股
2026-04-02,TXOD62026,臺指選擇權買權,0.61,-80,口
2026-04-02,4958,臻鼎科技控股,0.6,107000,股
2026-04-02,4749,新應材,0.59,28000,股
2026-04-02,6285,啟碁科技,0.59,126000,股
2026-04-02,8358,金居開發,0.58,96000,股
2026-04-02,2472,立隆電子工業,0.56,162000,股
2026-04-02,3324,雙鴻科技,0.55,23000,股
2026-04-02,5289,宜鼎國際,0.55,22000,股
2026-04-02,1519,華城電機,0.54,26000,股
2026-04-02,3491,昇達科技,0.47,12000,股
2026-04-02,5439,高技企業,0.47,65180,股
2026-04-02,6442,光紅建聖,0.47,9000,股
2026-04-02,6187,萬潤科技,0.42,18000,股
2026-04-02,4979,華星光通科技,0.41,41000,股
2026-04-02,1215,台灣卜蜂企業,0.39,106000,股
2026-04-02,2404,漢唐集成,0.39,18000,股
2026-04-02,3533,嘉澤端子工業,0.38,7000,股
2026-04-02,3211,順達科技,0.31,36000,股
2026-04-02,8996,高力熱處理工業,0.3,13000,股
2026-04-02,2421,建準電機工業,0.24,73637,股
2026-04-02,2301,光寶科技,0.15,40000,股
2026-04-07,2308,台達電子工業,7.09,182000,股
2026-04-07,2330,台灣積體電路製造,6.81,142000,股
2026-04-07,3665,貿聯控股,5.39,105000,股
2026-04-07,2383,台光電子材料,5.36,72000,股
2026-04-07,6223,旺矽科技,4.96,49000,股
2026-04-07,2345,智邦科技,4.79,115000,股
2026-04-07,2368,金像電子,4.66,195000,股
2026-04-07,3017,奇鋐科技,4.09,78000,股
2026-04-07,3037,欣興電子,3.78,260000,股
2026-04-07,5274,信驊科技,3.55,12000,股
2026-04-07,3653,健策精密工業,2.72,28000,股
2026-04-07,C_NTD,CASH,2.72,105476089,元
2026-04-07,6515,穎崴科技,2.38,13000,股
2026-04-07,2449,京元電子,2.07,299500,股
2026-04-07,M_NTD,MARGIN,2.05,79413999,元
2026-04-07,8046,南亞電路板,1.9,118000,股
2026-04-07,2344,華邦電子,1.78,771000,股
2026-04-07,2327,國巨*,1.7,257000,股
2026-04-07,7769,鴻勁,1.66,16000,股
2026-04-07,6510,中華精測科技,1.54,18000,股
2026-04-07,6669,緯穎科技服務,1.49,17000,股
2026-04-07,8210,勤誠興業,1.28,60000,股
2026-04-07,6274,台燿科技,1.2,68000,股
2026-04-07,6805,富世達股份有限公司,1.1,23000,股
2026-04-07,3711,日月光投資控股,1.09,120000,股
2026-04-07,3661,世芯電子,1.05,15000,股
2026-04-07,3189,景碩科技,0.97,105000,股
2026-04-07,1303,南亞塑膠工業,0.93,448000,股
2026-04-07,6139,亞翔工程,0.92,69000,股
2026-04-07,3264,欣銓科技,0.85,212200,股
2026-04-07,2059,川湖科技,0.82,10000,股
2026-04-07,3036,文曄科技,0.82,140000,股
2026-04-07,3023,信邦電子,0.78,113000,股
2026-04-07,2885,元大金融控股,0.75,623000,股
2026-04-07,2455,全新光電科技,0.74,101000,股
2026-04-07,2360,致茂電子,0.73,18000,股
2026-04-07,3443,創意電子,0.73,12000,股
2026-04-07,2454,聯發科技,0.72,19000,股
2026-04-07,3044,健鼎科技,0.72,78000,股
2026-04-07,TXOD62026,臺指選擇權買權,0.72,-80,口
2026-04-07,2313,華通電腦,0.71,100000,股
2026-04-07,6285,啟碁科技,0.64,126000,股
2026-04-07,3413,京鼎精密科技,0.62,82000,股
2026-04-07,4958,臻鼎科技控股,0.62,107000,股
2026-04-07,6438,迅得機械,0.61,140000,股
2026-04-07,8358,金居開發,0.6,96000,股
2026-04-07,4749,新應材,0.59,28000,股
2026-04-07,5289,宜鼎國際,0.56,22000,股
2026-04-07,3324,雙鴻科技,0.54,23000,股
2026-04-07,1519,華城電機,0.53,26000,股
2026-04-07,2472,立隆電子工業,0.53,162000,股
2026-04-07,3491,昇達科技,0.51,12000,股
2026-04-07,6442,光紅建聖,0.49,9000,股
2026-04-07,5439,高技企業,0.47,65180,股
2026-04-07,4979,華星光通科技,0.43,41000,股
2026-04-07,6187,萬潤科技,0.43,18000,股
2026-04-07,2404,漢唐集成,0.4,18000,股
2026-04-07,1215,台灣卜蜂企業,0.39,106000,股
2026-04-07,3533,嘉澤端子工業,0.37,7000,股
2026-04-07,3211,順達科技,0.33,36000,股
2026-04-07,8996,高力熱處理工業,0.3,13000,股
2026-04-07,2421,建準電機工業,0.24,73637,股
2026-04-07,2301,光寶科技,0.15,40000,股
2026-04-07,RDI_NTD,RECEIVABLES FOR DISPOSAL OF INVESTMENTS,0.0,67990650,元
2026-04-08,2308,台達電子工業,6.43,156000,股
2026-04-08,2330,台灣積體電路製造,6.14,128000,股
2026-04-08,2383,台光電子材料,5.62,72000,股
2026-04-08,3665,貿聯控股,5.21,105000,股
2026-04-08,6223,旺矽科技,5.2,49000,股
2026-04-08,2345,智邦科技,4.84,115000,股
2026-04-08,2368,金像電子,4.79,195000,股
2026-04-08,3017,奇鋐科技,4.28,78000,股
2026-04-08,3037,欣興電子,3.97,260000,股
2026-04-08,5274,信驊科技,3.73,12000,股
2026-04-08,3653,健策精密工業,2.76,28000,股
2026-04-08,6515,穎崴科技,2.5,13000,股
2026-04-08,C_NTD,CASH,2.15,87532795,元
2026-04-08,TXOD62026,臺指選擇權買權,2.13,-80,口
2026-04-08,2449,京元電子,2.06,299500,股
2026-04-08,M_NTD,MARGIN,1.88,76305999,元
2026-04-08,8046,南亞電路板,1.85,118000,股
2026-04-08,2344,華邦電子,1.81,771000,股
2026-04-08,2327,國巨*,1.72,257000,股
2026-04-08,7769,鴻勁,1.68,16000,股
2026-04-08,6510,中華精測科技,1.52,18000,股
2026-04-08,6669,緯穎科技服務,1.49,17000,股
2026-04-08,8210,勤誠興業,1.33,60000,股
2026-04-08,6274,台燿科技,1.21,68000,股
2026-04-08,3711,日月光投資控股,1.13,120000,股
2026-04-08,6805,富世達股份有限公司,1.07,23000,股
2026-04-08,3661,世芯電子,1.06,15000,股
2026-04-08,3189,景碩科技,1.02,105000,股
2026-04-08,1303,南亞塑膠工業,0.94,448000,股
2026-04-08,6139,亞翔工程,0.94,69000,股
2026-04-08,3264,欣銓科技,0.86,212200,股
2026-04-08,2059,川湖科技,0.82,10000,股
2026-04-08,3036,文曄科技,0.8,140000,股
2026-04-08,2360,致茂電子,0.76,18000,股
2026-04-08,3023,信邦電子,0.76,113000,股
2026-04-08,2454,聯發科技,0.74,19000,股
2026-04-08,3443,創意電子,0.74,12000,股
2026-04-08,2455,全新光電科技,0.72,101000,股
2026-04-08,2885,元大金融控股,0.72,623000,股
2026-04-08,3044,健鼎科技,0.71,78000,股
2026-04-08,2313,華通電腦,0.67,100000,股
2026-04-08,6285,啟碁科技,0.67,126000,股
2026-04-08,4958,臻鼎科技控股,0.65,107000,股
2026-04-08,8358,金居開發,0.63,96000,股
2026-04-08,3413,京鼎精密科技,0.61,82000,股
2026-04-08,6438,迅得機械,0.61,140000,股
2026-04-08,4749,新應材,0.6,28000,股
2026-04-08,5289,宜鼎國際,0.58,22000,股
2026-04-08,3324,雙鴻科技,0.57,23000,股
2026-04-08,2472,立隆電子工業,0.56,162000,股
2026-04-08,1519,華城電機,0.53,26000,股
2026-04-08,3491,昇達科技,0.53,12000,股
2026-04-08,5439,高技企業,0.49,65180,股
2026-04-08,6442,光紅建聖,0.48,9000,股
2026-04-08,4979,華星光通科技,0.43,41000,股
2026-04-08,6187,萬潤科技,0.43,18000,股
2026-04-08,2404,漢唐集成,0.4,18000,股
2026-04-08,3533,嘉澤端子工業,0.38,7000,股
2026-04-08,1215,台灣卜蜂企業,0.37,106000,股
2026-04-08,3211,順達科技,0.34,36000,股
2026-04-08,8996,高力熱處理工業,0.29,13000,股
2026-04-08,2421,建準電機工業,0.24,73637,股
2026-04-08,2301,光寶科技,0.15,40000,股
2026-04-08,RDI_NTD,RECEIVABLES FOR DISPOSAL OF INVESTMENTS,0.0,138187883,元
2026-04-09,2330,台灣積體電路製造,6.11,128000,股
2026-04-09,2383,台光電子材料,5.68,72000,股
2026-04-09,3665,貿聯控股,5.47,105000,股
2026-04-09,6223,旺矽科技,5.36,49000,股
2026-04-09,2368,金像電子,5.23,195000,股
2026-04-09,2308,台達電子工業,5.15,128000,股
2026-04-09,2345,智邦科技,4.76,115000,股
2026-04-09,3017,奇鋐科技,4.27,78000,股
2026-04-09,3037,欣興電子,3.98,260000,股
2026-04-09,C_NTD,CASH,3.83,156609446,元
2026-04-09,5274,信驊科技,3.69,12000,股
2026-04-09,3653,健策精密工業,2.91,28000,股
2026-04-09,6515,穎崴科技,2.54,13000,股
2026-04-09,TXOD62026,臺指選擇權買權,2.09,-80,口
2026-04-09,2449,京元電子,2.02,299500,股
2026-04-09,8046,南亞電路板,1.93,118000,股
2026-04-09,M_NTD,MARGIN,1.88,76865999,元
2026-04-09,2327,國巨*,1.77,257000,股
2026-04-09,2344,華邦電子,1.72,771000,股
2026-04-09,7769,鴻勁,1.66,16000,股
2026-04-09,6510,中華精測科技,1.5,18000,股
2026-04-09,6669,緯穎科技服務,1.49,17000,股
2026-04-09,6274,台燿科技,1.33,68000,股
2026-04-09,8210,勤誠興業,1.29,60000,股
2026-04-09,3711,日月光投資控股,1.15,120000,股
2026-04-09,3661,世芯電子,1.06,15000,股
2026-04-09,6805,富世達股份有限公司,1.04,23000,股
2026-04-09,6139,亞翔工程,1.02,69000,股
2026-04-09,3189,景碩科技,0.99,105000,股
2026-04-09,3264,欣銓科技,0.94,212200,股
2026-04-09,1303,南亞塑膠工業,0.93,448000,股
2026-04-09,2360,致茂電子,0.81,18000,股
2026-04-09,2059,川湖科技,0.8,10000,股
2026-04-09,3443,創意電子,0.78,12000,股
2026-04-09,3036,文曄科技,0.77,140000,股
2026-04-09,3023,信邦電子,0.75,113000,股
2026-04-09,2454,聯發科技,0.73,19000,股
2026-04-09,2885,元大金融控股,0.73,623000,股
2026-04-09,3044,健鼎科技,0.72,78000,股
2026-04-09,2455,全新光電科技,0.71,101000,股
2026-04-09,6285,啟碁科技,0.7,126000,股
2026-04-09,2313,華通電腦,0.69,100000,股
2026-04-09,4958,臻鼎科技控股,0.69,107000,股
2026-04-09,8358,金居開發,0.64,96000,股
2026-04-09,3413,京鼎精密科技,0.62,82000,股
2026-04-09,6438,迅得機械,0.62,140000,股
2026-04-09,4749,新應材,0.6,28000,股
2026-04-09,5289,宜鼎國際,0.6,22000,股
2026-04-09,2472,立隆電子工業,0.58,162000,股
2026-04-09,3324,雙鴻科技,0.56,23000,股
2026-04-09,3491,昇達科技,0.52,12000,股
2026-04-09,5439,高技企業,0.52,65180,股
2026-04-09,1519,華城電機,0.51,26000,股
2026-04-09,6442,光紅建聖,0.47,9000,股
2026-04-09,4979,華星光通科技,0.43,41000,股
2026-04-09,2404,漢唐集成,0.4,18000,股
2026-04-09,3533,嘉澤端子工業,0.4,7000,股
2026-04-09,6187,萬潤科技,0.39,18000,股
2026-04-09,1215,台灣卜蜂企業,0.37,106000,股
2026-04-09,3211,順達科技,0.32,36000,股
2026-04-09,8996,高力熱處理工業,0.32,13000,股
2026-04-09,2421,建準電機工業,0.25,73637,股
2026-04-09,2301,光寶科技,0.15,40000,股
2026-04-09,RDI_NTD,RECEIVABLES FOR DISPOSAL OF INVESTMENTS,0.0,116226654,元
2026-04-10,2330,台灣積體電路製造,6.15,128000,股
2026-04-10,2383,台光電子材料,5.91,72000,股
2026-04-10,3665,貿聯控股,5.54,105000,股
2026-04-10,6223,旺矽科技,5.43,49000,股
2026-04-10,2308,台達電子工業,5.33,128000,股
2026-04-10,2368,金像電子,5.1,195000,股
2026-04-10,2345,智邦科技,5.06,115000,股
2026-04-10,C_NTD,CASH,4.43,184718269,元
2026-04-10,3017,奇鋐科技,4.24,78000,股
2026-04-10,3037,欣興電子,3.98,260000,股
2026-04-10,5274,信驊科技,3.62,12000,股
2026-04-10,3653,健策精密工業,2.77,28000,股
2026-04-10,TXOD62026,臺指選擇權買權,2.66,-80,口
2026-04-10,6515,穎崴科技,2.47,13000,股
2026-04-10,2449,京元電子,1.99,299500,股
2026-04-10,8046,南亞電路板,1.89,118000,股
2026-04-10,M_NTD,MARGIN,1.8,75245999,元
2026-04-10,2327,國巨*,1.76,257000,股
2026-04-10,2344,華邦電子,1.73,771000,股
2026-04-10,7769,鴻勁,1.61,16000,股
2026-04-10,6510,中華精測科技,1.5,18000,股
2026-04-10,6669,緯穎科技服務,1.48,17000,股
2026-04-10,6274,台燿科技,1.32,68000,股
2026-04-10,8210,勤誠興業,1.28,60000,股
2026-04-10,3711,日月光投資控股,1.13,120000,股
2026-04-10,3661,世芯電子,1.09,15000,股
2026-04-10,6139,亞翔工程,1.05,69000,股
2026-04-10,6805,富世達股份有限公司,1.03,23000,股
2026-04-10,3189,景碩科技,0.96,105000,股
2026-04-10,3264,欣銓科技,0.96,212200,股
2026-04-10,1303,南亞塑膠工業,0.88,448000,股
2026-04-10,2059,川湖科技,0.8,10000,股
2026-04-10,2360,致茂電子,0.77,18000,股
2026-04-10,3443,創意電子,0.77,12000,股
2026-04-10,3036,文曄科技,0.76,140000,股
2026-04-10,3023,信邦電子,0.74,113000,股
2026-04-10,2454,聯發科技,0.72,19000,股
2026-04-10,2455,全新光電科技,0.72,101000,股
2026-04-10,2885,元大金融控股,0.71,623000,股
2026-04-10,3044,健鼎科技,0.7,78000,股
2026-04-10,2313,華通電腦,0.69,100000,股
2026-04-10,4958,臻鼎科技控股,0.68,107000,股
2026-04-10,6285,啟碁科技,0.68,126000,股
2026-04-10,8358,金居開發,0.63,96000,股
2026-04-10,3413,京鼎精密科技,0.62,82000,股
2026-04-10,5289,宜鼎國際,0.61,22000,股
2026-04-10,4749,新應材,0.6,28000,股
2026-04-10,6438,迅得機械,0.6,140000,股
2026-04-10,2472,立隆電子工業,0.58,162000,股
2026-04-10,3324,雙鴻科技,0.55,23000,股
2026-04-10,3491,昇達科技,0.52,12000,股
2026-04-10,5439,高技企業,0.52,65180,股
2026-04-10,1519,華城電機,0.51,26000,股
2026-04-10,6442,光紅建聖,0.5,9000,股
2026-04-10,4979,華星光通科技,0.44,41000,股
2026-04-10,6187,萬潤科技,0.42,18000,股
2026-04-10,2404,漢唐集成,0.4,18000,股
2026-04-10,3533,嘉澤端子工業,0.38,7000,股
2026-04-10,1215,台灣卜蜂企業,0.36,106000,股
2026-04-10,3211,順達科技,0.32,36000,股
2026-04-10,8996,高力熱處理工業,0.32,13000,股
2026-04-10,2421,建準電機工業,0.25,73637,股
2026-04-10,2301,光寶科技,0.15,40000,股
2026-04-10,RDI_NTD,RECEIVABLES FOR DISPOSAL OF INVESTMENTS,0.0,46029421,元
2026-04-13,2330,台灣積體電路製造,6.13,128000,股
2026-04-13,2383,台光電子材料,5.75,72000,股
2026-04-13,3665,貿聯控股,5.61,105000,股
2026-04-13,2308,台達電子工業,5.35,128000,股
2026-04-13,6223,旺矽科技,5.35,49000,股
2026-04-13,2345,智邦科技,5.03,115000,股
2026-04-13,2368,金像電子,4.94,195000,股
2026-04-13,3017,奇鋐科技,4.12,78000,股
2026-04-13,C_NTD,CASH,4.01,166739540,元
2026-04-13,3037,欣興電子,3.91,260000,股
2026-04-13,5274,信驊科技,3.51,12000,股
2026-04-13,3653,健策精密工業,2.72,28000,股
2026-04-13,TXOD62026,臺指選擇權買權,2.71,-80,口
2026-04-13,6515,穎崴科技,2.67,13000,股
2026-04-13,2449,京元電子,2.12,299500,股
2026-04-13,2327,國巨*,1.87,257000,股
2026-04-13,8046,南亞電路板,1.86,118000,股
2026-04-13,M_NTD,MARGIN,1.82,75885999,元
2026-04-13,2344,華邦電子,1.75,771000,股
2026-04-13,7769,鴻勁,1.58,16000,股
2026-04-13,6669,緯穎科技服務,1.49,17000,股
2026-04-13,6510,中華精測科技,1.48,18000,股
2026-04-13,6274,台燿科技,1.31,68000,股
2026-04-13,8210,勤誠興業,1.3,60000,股
2026-04-13,3711,日月光投資控股,1.2,120000,股
2026-04-13,3661,世芯電子,1.11,15000,股
2026-04-13,6139,亞翔工程,1.01,69000,股
2026-04-13,3264,欣銓科技,0.98,212200,股
2026-04-13,6805,富世達股份有限公司,0.98,23000,股
2026-04-13,1303,南亞塑膠工業,0.92,448000,股
2026-04-13,3189,景碩科技,0.92,105000,股
2026-04-13,2360,致茂電子,0.81,18000,股
2026-04-13,2059,川湖科技,0.8,10000,股
2026-04-13,3443,創意電子,0.8,12000,股
2026-04-13,3036,文曄科技,0.77,140000,股
2026-04-13,6285,啟碁科技,0.75,126000,股
2026-04-13,2454,聯發科技,0.74,19000,股
2026-04-13,3023,信邦電子,0.74,113000,股
2026-04-13,2455,全新光電科技,0.71,101000,股
2026-04-13,2885,元大金融控股,0.71,623000,股
2026-04-13,3044,健鼎科技,0.7,78000,股
2026-04-13,2313,華通電腦,0.67,100000,股
2026-04-13,4958,臻鼎科技控股,0.66,107000,股
2026-04-13,8358,金居開發,0.66,96000,股
2026-04-13,2472,立隆電子工業,0.63,162000,股
2026-04-13,3413,京鼎精密科技,0.63,82000,股
2026-04-13,4749,新應材,0.62,28000,股
2026-04-13,6438,迅得機械,0.61,140000,股
2026-04-13,5289,宜鼎國際,0.6,22000,股
2026-04-13,5439,高技企業,0.56,65180,股
2026-04-13,3324,雙鴻科技,0.52,23000,股
2026-04-13,1519,華城電機,0.51,26000,股
2026-04-13,3491,昇達科技,0.51,12000,股
2026-04-13,6442,光紅建聖,0.48,9000,股
2026-04-13,4979,華星光通科技,0.46,41000,股
2026-04-13,6187,萬潤科技,0.45,18000,股
2026-04-13,2404,漢唐集成,0.4,18000,股
2026-04-13,3533,嘉澤端子工業,0.38,7000,股
2026-04-13,1215,台灣卜蜂企業,0.37,106000,股
2026-04-13,8996,高力熱處理工業,0.34,13000,股
2026-04-13,3211,順達科技,0.31,36000,股
2026-04-13,2421,建準電機工業,0.25,73637,股
2026-04-13,2301,光寶科技,0.15,40000,股
2026-04-14,2330,台灣積體電路製造,8.04,167000,股
2026-04-14,2383,台光電子材料,6.1,72000,股
2026-04-14,3665,貿聯控股,5.66,105000,股
2026-04-14,2308,台達電子工業,5.27,128000,股
2026-04-14,2368,金像電子,5.27,195000,股
2026-04-14,6223,旺矽科技,5.25,49000,股
2026-04-14,2345,智邦科技,5.11,115000,股
2026-04-14,3017,奇鋐科技,4.24,78000,股
2026-04-14,5274,信驊科技,3.67,12000,股
2026-04-14,3037,欣興電子,3.65,260000,股
2026-04-14,TXOD62026,臺指選擇權買權,3.24,-80,口
2026-04-14,C_NTD,CASH,2.85,121174734,元
2026-04-14,3653,健策精密工業,2.63,28000,股
2026-04-14,6515,穎崴科技,2.59,13000,股
2026-04-14,2449,京元電子,2.12,299500,股
2026-04-14,8046,南亞電路板,1.96,129000,股
2026-04-14,2327,國巨*,1.88,257000,股
2026-04-14,M_NTD,MARGIN,1.7,72485999,元
2026-04-14,2344,華邦電子,1.69,771000,股
2026-04-14,7769,鴻勁,1.57,16000,股
2026-04-14,6669,緯穎科技服務,1.5,17000,股
2026-04-14,6510,中華精測科技,1.42,18000,股
2026-04-14,6274,台燿科技,1.37,68000,股
2026-04-14,8210,勤誠興業,1.36,60000,股
2026-04-14,3711,日月光投資控股,1.2,120000,股
2026-04-14,3661,世芯電子,1.13,15000,股
2026-04-14,6139,亞翔工程,1.03,69000,股
2026-04-14,1303,南亞塑膠工業,0.94,448000,股
2026-04-14,6805,富世達股份有限公司,0.94,23000,股
2026-04-14,3264,欣銓科技,0.93,212200,股
2026-04-14,3189,景碩科技,0.92,105000,股
2026-04-14,3443,創意電子,0.86,12000,股
2026-04-14,2059,川湖科技,0.81,10000,股
2026-04-14,2360,致茂電子,0.78,18000,股
2026-04-14,2454,聯發科技,0.77,19000,股
2026-04-14,3036,文曄科技,0.75,140000,股
2026-04-14,2885,元大金融控股,0.73,623000,股
2026-04-14,3023,信邦電子,0.71,113000,股
2026-04-14,8358,金居開發,0.71,96000,股
2026-04-14,3044,健鼎科技,0.7,78000,股
2026-04-14,2472,立隆電子工業,0.68,162000,股
2026-04-14,2455,全新光電科技,0.67,101000,股
2026-04-14,6285,啟碁科技,0.66,126000,股
2026-04-14,4958,臻鼎科技控股,0.63,107000,股
2026-04-14,3413,京鼎精密科技,0.62,82000,股
2026-04-14,2313,華通電腦,0.61,100000,股
2026-04-14,5289,宜鼎國際,0.61,22000,股
2026-04-14,4749,新應材,0.6,28000,股
2026-04-14,6438,迅得機械,0.59,140000,股
2026-04-14,5439,高技企業,0.55,65180,股
2026-04-14,3324,雙鴻科技,0.52,23000,股
2026-04-14,3491,昇達科技,0.49,12000,股
2026-04-14,4979,華星光通科技,0.47,41000,股
2026-04-14,6187,萬潤科技,0.44,18000,股
2026-04-14,6442,光紅建聖,0.44,9000,股
2026-04-14,2404,漢唐集成,0.39,18000,股
2026-04-14,3105,穩懋半導體,0.39,36000,股
2026-04-14,3533,嘉澤端子工業,0.37,7000,股
2026-04-14,1215,台灣卜蜂企業,0.36,106000,股
2026-04-14,8996,高力熱處理工業,0.34,13000,股
2026-04-14,3211,順達科技,0.3,36000,股
2026-04-14,2421,建準電機工業,0.24,73637,股
2026-04-14,1519,華城電機,0.06,3000,股
2026-04-14,RDI_NTD,RECEIVABLES FOR DISPOSAL OF INVESTMENTS,0.0,-78410002,元
2026-04-15,2330,台灣積體電路製造,8.91,187000,股
2026-04-15,2383,台光電子材料,6.29,72000,股
2026-04-15,3665,貿聯控股,5.66,105000,股
2026-04-15,2308,台達電子工業,5.45,133000,股
2026-04-15,2368,金像電子,5.21,195000,股
2026-04-15,2345,智邦科技,5.2,115000,股
2026-04-15,6223,旺矽科技,5.18,49000,股
2026-04-15,3017,奇鋐科技,4.16,78000,股
2026-04-15,5274,信驊科技,3.82,12000,股
2026-04-15,3037,欣興電子,3.69,260000,股
2026-04-15,C_NTD,CASH,2.78,121174734,元
2026-04-15,6515,穎崴科技,2.7,13000,股
2026-04-15,3653,健策精密工業,2.67,28000,股
2026-04-15,8046,南亞電路板,2.29,152000,股
2026-04-15,2449,京元電子,2.0,299500,股
2026-04-15,2327,國巨*,1.9,257000,股
2026-04-15,M_NTD,MARGIN,1.61,70311339,元
2026-04-15,2344,華邦電子,1.6,771000,股
2026-04-15,7769,鴻勁,1.56,16000,股
2026-04-15,6510,中華精測科技,1.49,18000,股
2026-04-15,6274,台燿科技,1.48,68000,股
2026-04-15,8210,勤誠興業,1.37,60000,股
2026-04-15,3711,日月光投資控股,1.23,120000,股
2026-04-15,6669,緯穎科技服務,1.19,14000,股
2026-04-15,3661,世芯電子,1.1,15000,股
2026-04-15,6805,富世達股份有限公司,0.96,23000,股
2026-04-15,3189,景碩科技,0.92,105000,股
2026-04-15,1303,南亞塑膠工業,0.91,448000,股
2026-04-15,3264,欣銓科技,0.91,212200,股
2026-04-15,3443,創意電子,0.85,12000,股
2026-04-15,6139,亞翔工程,0.85,59000,股
2026-04-15,2360,致茂電子,0.83,18000,股
2026-04-15,2059,川湖科技,0.79,10000,股
2026-04-15,2454,聯發科技,0.78,19000,股
2026-04-15,8358,金居開發,0.73,96000,股
2026-04-15,2885,元大金融控股,0.72,623000,股
2026-04-15,3044,健鼎科技,0.72,78000,股
2026-04-15,3023,信邦電子,0.7,113000,股
2026-04-15,6285,啟碁科技,0.7,126000,股
2026-04-15,2472,立隆電子工業,0.67,162000,股
2026-04-15,2455,全新光電科技,0.64,101000,股
2026-04-15,4958,臻鼎科技控股,0.62,107000,股
2026-04-15,2313,華通電腦,0.6,100000,股
2026-04-15,3413,京鼎精密科技,0.59,82000,股
2026-04-15,4749,新應材,0.59,28000,股
2026-04-15,5439,高技企業,0.59,65180,股
2026-04-15,5289,宜鼎國際,0.58,22000,股
2026-04-15,6438,迅得機械,0.57,140000,股
2026-04-15,3324,雙鴻科技,0.51,23000,股
2026-04-15,3036,文曄科技,0.5,95000,股
2026-04-15,4979,華星光通科技,0.5,41000,股
2026-04-15,3491,昇達科技,0.48,12000,股
2026-04-15,6187,萬潤科技,0.47,18000,股
2026-04-15,6442,光紅建聖,0.43,9000,股
2026-04-15,2404,漢唐集成,0.38,18000,股
2026-04-15,3533,嘉澤端子工業,0.38,7000,股
2026-04-15,3105,穩懋半導體,0.37,36000,股
2026-04-15,1215,台灣卜蜂企業,0.35,106000,股
2026-04-15,8996,高力熱處理工業,0.33,13000,股
2026-04-15,3211,順達科技,0.29,36000,股
2026-04-15,2421,建準電機工業,0.24,73637,股
2026-04-15,1519,華城電機,0.06,3000,股
2026-04-15,RDI_NTD,RECEIVABLES FOR DISPOSAL OF INVESTMENTS,0.0,-116352161,元
2026-04-16,2330,台灣積體電路製造,8.99,193000,股
2026-04-16,2383,台光電子材料,6.18,72000,股
2026-04-16,2308,台達電子工業,5.66,137000,股
2026-04-16,3665,貿聯控股,5.63,105000,股
2026-04-16,6223,旺矽科技,5.39,49000,股
2026-04-16,2345,智邦科技,5.24,115000,股
2026-04-16,2368,金像電子,5.09,195000,股
2026-04-16,3017,奇鋐科技,4.26,78000,股
2026-04-16,5274,信驊科技,3.89,12000,股
2026-04-16,3037,欣興電子,3.75,260000,股
2026-04-16,6515,穎崴科技,2.86,13000,股
2026-04-16,3653,健策精密工業,2.75,28000,股
2026-04-16,8046,南亞電路板,2.45,152000,股
2026-04-16,2449,京元電子,1.9,299500,股
2026-04-16,2327,國巨*,1.87,257000,股
2026-04-16,M_NTD,MARGIN,1.57,70311339,元
2026-04-16,2344,華邦電子,1.55,771000,股
2026-04-16,7769,鴻勁,1.54,16000,股
2026-04-16,6510,中華精測科技,1.47,18000,股
2026-04-16,6274,台燿科技,1.46,68000,股
2026-04-16,8210,勤誠興業,1.37,60000,股
2026-04-16,3711,日月光投資控股,1.21,120000,股
2026-04-16,3661,世芯電子,1.17,15000,股
2026-04-16,6805,富世達股份有限公司,0.98,23000,股
2026-04-16,C_NTD,CASH,0.96,42764732,元
2026-04-16,3189,景碩科技,0.92,105000,股
2026-04-16,1303,南亞塑膠工業,0.91,448000,股
2026-04-16,6669,緯穎科技服務,0.91,11000,股
2026-04-16,3443,創意電子,0.9,12000,股
2026-04-16,2360,致茂電子,0.83,18000,股
2026-04-16,3264,欣銓科技,0.83,212200,股
2026-04-16,2454,聯發科技,0.81,19000,股
2026-04-16,6285,啟碁科技,0.75,126000,股
2026-04-16,3044,健鼎科技,0.72,78000,股
2026-04-16,8358,金居開發,0.72,96000,股
2026-04-16,2885,元大金融控股,0.71,623000,股
2026-04-16,3023,信邦電子,0.71,113000,股
2026-04-16,2455,全新光電科技,0.66,101000,股
2026-04-16,2472,立隆電子工業,0.65,162000,股
2026-04-16,4958,臻鼎科技控股,0.61,107000,股
2026-04-16,2313,華通電腦,0.58,100000,股
2026-04-16,3413,京鼎精密科技,0.58,82000,股
2026-04-16,5439,高技企業,0.57,65180,股
2026-04-16,4749,新應材,0.56,28000,股
2026-04-16,6438,迅得機械,0.55,140000,股
2026-04-16,3324,雙鴻科技,0.54,23000,股
2026-04-16,4979,華星光通科技,0.54,41000,股
2026-04-16,5289,宜鼎國際,0.53,22000,股
2026-04-16,3491,昇達科技,0.47,12000,股
2026-04-16,2059,川湖科技,0.46,6000,股
2026-04-16,6187,萬潤科技,0.45,18000,股
2026-04-16,6442,光紅建聖,0.42,9000,股
2026-04-16,3105,穩懋半導體,0.4,36000,股
2026-04-16,6139,亞翔工程,0.4,27000,股
2026-04-16,3533,嘉澤端子工業,0.39,7000,股
2026-04-16,2404,漢唐集成,0.38,18000,股
2026-04-16,3036,文曄科技,0.37,70000,股
2026-04-16,7751,竑騰,0.37,9000,股
2026-04-16,1215,台灣卜蜂企業,0.34,106000,股
2026-04-16,8996,高力熱處理工業,0.32,13000,股
2026-04-16,3211,順達科技,0.28,36000,股
2026-04-16,2421,建準電機工業,0.24,73637,股
2026-04-16,RDI_NTD,RECEIVABLES FOR DISPOSAL OF INVESTMENTS,0.0,-19858763,元
2026-04-17,2330,台灣積體電路製造,8.98,198000,股
2026-04-17,2383,台光電子材料,6.1,72000,股
2026-04-17,6223,旺矽科技,5.67,49000,股
2026-04-17,2308,台達電子工業,5.62,137000,股
2026-04-17,3665,貿聯控股,5.53,105000,股
2026-04-17,2345,智邦科技,5.3,115000,股
2026-04-17,2368,金像電子,5.11,195000,股
2026-04-17,3017,奇鋐科技,4.17,78000,股
2026-04-17,3037,欣興電子,3.72,260000,股
2026-04-17,5274,信驊科技,3.69,12000,股
2026-04-17,6515,穎崴科技,2.98,13000,股
2026-04-17,3653,健策精密工業,2.85,28000,股
2026-04-17,8046,南亞電路板,2.45,152000,股
2026-04-17,2449,京元電子,1.84,299500,股
2026-04-17,2327,國巨*,1.81,257000,股
2026-04-17,7769,鴻勁,1.6,16000,股
2026-04-17,M_NTD,MARGIN,1.57,70311339,元
2026-04-17,6510,中華精測科技,1.5,18000,股
2026-04-17,6274,台燿科技,1.43,68000,股
2026-04-17,8210,勤誠興業,1.36,60000,股
2026-04-17,2344,華邦電子,1.21,620000,股
2026-04-17,3711,日月光投資控股,1.18,120000,股
2026-04-17,3661,世芯電子,1.17,15000,股
2026-04-17,2454,聯發科技,1.07,25000,股
2026-04-17,6805,富世達股份有限公司,0.96,23000,股
2026-04-17,6669,緯穎科技服務,0.93,11000,股
2026-04-17,3189,景碩科技,0.92,105000,股
2026-04-17,2360,致茂電子,0.9,18000,股
2026-04-17,3443,創意電子,0.87,12000,股
2026-04-17,3264,欣銓科技,0.81,212200,股
2026-04-17,8358,金居開發,0.79,96000,股
2026-04-17,6285,啟碁科技,0.74,126000,股
2026-04-17,3044,健鼎科技,0.72,78000,股
2026-04-17,3023,信邦電子,0.71,113000,股
2026-04-17,2455,全新光電科技,0.7,101000,股
2026-04-17,2885,元大金融控股,0.7,623000,股
2026-04-17,2472,立隆電子工業,0.67,162000,股
2026-04-17,4958,臻鼎科技控股,0.67,107000,股
2026-04-17,1303,南亞塑膠工業,0.63,320000,股
2026-04-17,7751,竑騰,0.63,15000,股
2026-04-17,4979,華星光通科技,0.59,41000,股
2026-04-17,5439,高技企業,0.58,65180,股
2026-04-17,3413,京鼎精密科技,0.57,82000,股
2026-04-17,4749,新應材,0.56,28000,股
2026-04-17,6438,迅得機械,0.56,140000,股
2026-04-17,3324,雙鴻科技,0.53,23000,股
2026-04-17,2059,川湖科技,0.49,6000,股
2026-04-17,5289,宜鼎國際,0.49,22000,股
2026-04-17,6187,萬潤科技,0.49,18000,股
2026-04-17,2313,華通電腦,0.47,80000,股
2026-04-17,3491,昇達科技,0.45,12000,股
2026-04-17,3105,穩懋半導體,0.43,36000,股
2026-04-17,6139,亞翔工程,0.43,27000,股
2026-04-17,6442,光紅建聖,0.43,9000,股
2026-04-17,2404,漢唐集成,0.41,18000,股
2026-04-17,3533,嘉澤端子工業,0.39,7000,股
2026-04-17,8996,高力熱處理工業,0.35,13000,股
2026-04-17,1215,台灣卜蜂企業,0.34,106000,股
2026-04-17,3211,順達科技,0.29,36000,股
2026-04-17,2421,建準電機工業,0.24,73637,股
2026-04-17,3036,文曄科技,0.2,40000,股
2026-04-17,C_NTD,CASH,0.11,4822573,元
2026-04-17,RDI_NTD,RECEIVABLES FOR DISPOSAL OF INVESTMENTS,0.0,21495390,元
2026-04-20,2330,台灣積體電路製造,8.62,198000,股
2026-04-20,2383,台光電子材料,6.0,72000,股
2026-04-20,2308,台達電子工業,5.63,137000,股
2026-04-20,3665,貿聯控股,5.59,105000,股
2026-04-20,6223,旺矽科技,5.44,49000,股
2026-04-20,2368,金像電子,5.1,195000,股
2026-04-20,2345,智邦科技,4.99,115000,股
2026-04-20,3017,奇鋐科技,4.2,78000,股
2026-04-20,3037,欣興電子,3.81,260000,股
2026-04-20,5274,信驊科技,3.74,12000,股
2026-04-20,3653,健策精密工業,3.04,28000,股
2026-04-20,6515,穎崴科技,3.04,13000,股
2026-04-20,8046,南亞電路板,2.62,152000,股
2026-04-20,2327,國巨*,1.78,257000,股
2026-04-20,2449,京元電子,1.76,299500,股
2026-04-20,7769,鴻勁,1.54,16000,股
2026-04-20,M_NTD,MARGIN,1.52,70311339,元
2026-04-20,6510,中華精測科技,1.48,18000,股
2026-04-20,6274,台燿科技,1.4,68000,股
2026-04-20,8210,勤誠興業,1.32,60000,股
2026-04-20,3711,日月光投資控股,1.2,120000,股
2026-04-20,3661,世芯電子,1.18,15000,股
2026-04-20,C_NTD,CASH,1.18,54565969,元
2026-04-20,2454,聯發科技,1.03,25000,股
2026-04-20,3189,景碩科技,0.98,105000,股
2026-04-20,6669,緯穎科技服務,0.95,11000,股
2026-04-20,6805,富世達股份有限公司,0.94,23000,股
2026-04-20,3443,創意電子,0.93,12000,股
2026-04-20,3264,欣銓科技,0.86,212200,股
2026-04-20,8358,金居開發,0.84,96000,股
2026-04-20,2360,致茂電子,0.8,18000,股
2026-04-20,2455,全新光電科技,0.73,101000,股
2026-04-20,4958,臻鼎科技控股,0.72,107000,股
2026-04-20,3044,健鼎科技,0.7,78000,股
2026-04-20,2885,元大金融控股,0.69,623000,股
2026-04-20,6285,啟碁科技,0.69,126000,股
2026-04-20,3023,信邦電子,0.68,113000,股
2026-04-20,2472,立隆電子工業,0.64,162000,股
2026-04-20,4979,華星光通科技,0.63,41000,股
2026-04-20,7751,竑騰,0.63,15000,股
2026-04-20,5439,高技企業,0.62,65180,股
2026-04-20,4749,新應材,0.6,28000,股
2026-04-20,3413,京鼎精密科技,0.58,82000,股
2026-04-20,6438,迅得機械,0.56,140000,股
2026-04-20,3324,雙鴻科技,0.52,23000,股
2026-04-20,2059,川湖科技,0.49,6000,股
2026-04-20,5289,宜鼎國際,0.49,22000,股
2026-04-20,6187,萬潤科技,0.48,18000,股
2026-04-20,3105,穩懋半導體,0.46,36000,股
2026-04-20,6442,光紅建聖,0.46,9000,股
2026-04-20,3491,昇達科技,0.44,12000,股
2026-04-20,6139,亞翔工程,0.44,27000,股
2026-04-20,2313,華通電腦,0.43,80000,股
2026-04-20,2344,華邦電子,0.41,220000,股
2026-04-20,2404,漢唐集成,0.4,18000,股
2026-04-20,3533,嘉澤端子工業,0.4,7000,股
2026-04-20,8996,高力熱處理工業,0.34,13000,股
2026-04-20,1215,台灣卜蜂企業,0.33,106000,股
2026-04-20,3211,順達科技,0.29,36000,股
2026-04-20,2421,建準電機工業,0.23,73637,股
2026-04-20,1303,南亞塑膠工業,0.22,120000,股
2026-04-20,3036,文曄科技,0.19,40000,股
2026-04-20,RDI_NTD,RECEIVABLES FOR DISPOSAL OF INVESTMENTS,0.0,54327948,元
2026-04-21,2330,台灣積體電路製造,8.58,198000,股
2026-04-21,2383,台光電子材料,6.17,74000,股
2026-04-21,2308,台達電子工業,5.83,137000,股
2026-04-21,3665,貿聯控股,5.38,105000,股
2026-04-21,2345,智邦科技,5.32,115000,股
2026-04-21,6223,旺矽科技,5.32,51000,股
2026-04-21,2368,金像電子,5.04,195000,股
2026-04-21,3017,奇鋐科技,4.22,78000,股
2026-04-21,3037,欣興電子,3.9,260000,股
2026-04-21,5274,信驊科技,3.86,12000,股
2026-04-21,3653,健策精密工業,3.4,30000,股
2026-04-21,6515,穎崴科技,2.94,13000,股
2026-04-21,8046,南亞電路板,2.53,152000,股
2026-04-21,2449,京元電子,1.78,299500,股
2026-04-21,2327,國巨*,1.75,257000,股
2026-04-21,C_NTD,CASH,1.66,78659893,元
2026-04-21,6510,中華精測科技,1.56,18000,股
2026-04-21,7769,鴻勁,1.51,16000,股
2026-04-21,6274,台燿科技,1.38,68000,股
2026-04-21,8210,勤誠興業,1.29,60000,股
2026-04-21,3661,世芯電子,1.26,15000,股
2026-04-21,3711,日月光投資控股,1.2,120000,股
2026-04-21,2454,聯發科技,1.1,25000,股
2026-04-21,3189,景碩科技,1.05,105000,股
2026-04-21,6669,緯穎科技服務,0.98,11000,股
2026-04-21,3443,創意電子,0.95,12000,股
2026-04-21,6805,富世達股份有限公司,0.93,23000,股
2026-04-21,3264,欣銓科技,0.92,212200,股
2026-04-21,M_NTD,MARGIN,0.85,40311339,元
2026-04-21,8358,金居開發,0.8,96000,股
2026-04-21,2360,致茂電子,0.77,18000,股
2026-04-21,3044,健鼎科技,0.73,78000,股
2026-04-21,2455,全新光電科技,0.72,101000,股
2026-04-21,4958,臻鼎科技控股,0.71,107000,股
2026-04-21,2885,元大金融控股,0.67,623000,股
2026-04-21,3023,信邦電子,0.67,113000,股
2026-04-21,6285,啟碁科技,0.66,126000,股
2026-04-21,2472,立隆電子工業,0.64,162000,股
2026-04-21,7751,竑騰,0.61,15000,股
2026-04-21,5439,高技企業,0.6,65180,股
2026-04-21,4749,新應材,0.59,28000,股
2026-04-21,3413,京鼎精密科技,0.57,82000,股
2026-04-21,4979,華星光通科技,0.57,41000,股
2026-04-21,6438,迅得機械,0.54,140000,股
2026-04-21,5289,宜鼎國際,0.52,22000,股
2026-04-21,3324,雙鴻科技,0.51,23000,股
2026-04-21,6187,萬潤科技,0.51,18000,股
2026-04-21,2059,川湖科技,0.49,6000,股
2026-04-21,3105,穩懋半導體,0.47,36000,股
2026-04-21,3491,昇達科技,0.45,12000,股
2026-04-21,6442,光紅建聖,0.44,9000,股
2026-04-21,2344,華邦電子,0.42,220000,股
2026-04-21,6139,亞翔工程,0.41,27000,股
2026-04-21,3533,嘉澤端子工業,0.39,7000,股
2026-04-21,2404,漢唐集成,0.38,18000,股
2026-04-21,3081,聯亞光電工業,0.37,6000,股
2026-04-21,8996,高力熱處理工業,0.33,13000,股
2026-04-21,1215,台灣卜蜂企業,0.32,106000,股
2026-04-21,2313,華通電腦,0.3,55000,股
2026-04-21,3211,順達科技,0.29,36000,股
2026-04-21,2421,建準電機工業,0.23,73637,股
2026-04-21,1303,南亞塑膠工業,0.22,120000,股
2026-04-21,RDI_NTD,RECEIVABLES FOR DISPOSAL OF INVESTMENTS,0.0,19823958,元
2026-04-22,2330,台灣積體電路製造,8.68,204000,股
2026-04-22,2383,台光電子材料,6.22,74000,股
2026-04-22,2308,台達電子工業,5.88,141000,股
2026-04-22,3665,貿聯控股,5.55,105000,股
2026-04-22,2345,智邦科技,5.42,119000,股
2026-04-22,6223,旺矽科技,5.09,51000,股
2026-04-22,2368,金像電子,5.04,195000,股
2026-04-22,3017,奇鋐科技,4.35,78000,股
2026-04-22,5274,信驊科技,3.99,12000,股
2026-04-22,3037,欣興電子,3.85,260000,股
2026-04-22,3653,健策精密工業,3.36,30000,股
2026-04-22,C_NTD,CASH,3.2,154550054,元
2026-04-22,6515,穎崴科技,2.89,13000,股
2026-04-22,8046,南亞電路板,2.53,152000,股
2026-04-22,2449,京元電子,1.78,299500,股
2026-04-22,2327,國巨*,1.68,257000,股
2026-04-22,7769,鴻勁,1.57,16000,股
2026-04-22,6510,中華精測科技,1.56,18000,股
2026-04-22,6274,台燿科技,1.37,68000,股
2026-04-22,8210,勤誠興業,1.3,60000,股
2026-04-22,3661,世芯電子,1.26,15000,股
2026-04-22,2454,聯發科技,1.19,25000,股
2026-04-22,3711,日月光投資控股,1.15,120000,股
2026-04-22,3189,景碩科技,1.07,105000,股
2026-04-22,6669,緯穎科技服務,0.99,11000,股
2026-04-22,6805,富世達股份有限公司,0.94,23000,股
2026-04-22,3264,欣銓科技,0.92,212200,股
2026-04-22,3443,創意電子,0.91,12000,股
2026-04-22,M_NTD,MARGIN,0.83,40311339,元
2026-04-22,8358,金居開發,0.78,96000,股
2026-04-22,2360,致茂電子,0.76,18000,股
2026-04-22,2455,全新光電科技,0.76,101000,股
2026-04-22,3044,健鼎科技,0.74,78000,股
2026-04-22,4958,臻鼎科技控股,0.7,107000,股
2026-04-22,3023,信邦電子,0.66,113000,股
2026-04-22,2885,元大金融控股,0.65,623000,股
2026-04-22,7751,竑騰,0.64,15000,股
2026-04-22,6285,啟碁科技,0.63,126000,股
2026-04-22,2472,立隆電子工業,0.62,162000,股
2026-04-22,3081,聯亞光電工業,0.62,10000,股
2026-04-22,4749,新應材,0.6,28000,股
2026-04-22,3413,京鼎精密科技,0.56,82000,股
2026-04-22,5439,高技企業,0.56,65180,股
2026-04-22,3324,雙鴻科技,0.55,23000,股
2026-04-22,4979,華星光通科技,0.53,41000,股
2026-04-22,5289,宜鼎國際,0.53,22000,股
2026-04-22,6438,迅得機械,0.53,140000,股
2026-04-22,6187,萬潤科技,0.52,18000,股
2026-04-22,2059,川湖科技,0.49,6000,股
2026-04-22,3105,穩懋半導體,0.45,36000,股
2026-04-22,3491,昇達科技,0.43,12000,股
2026-04-22,6442,光紅建聖,0.42,9000,股
2026-04-22,2344,華邦電子,0.41,220000,股
2026-04-22,6139,亞翔工程,0.4,27000,股
2026-04-22,3533,嘉澤端子工業,0.38,7000,股
2026-04-22,2404,漢唐集成,0.37,18000,股
2026-04-22,8996,高力熱處理工業,0.32,13000,股
2026-04-22,1215,台灣卜蜂企業,0.31,106000,股
2026-04-22,3211,順達科技,0.31,36000,股
2026-04-22,2313,華通電腦,0.28,55000,股
2026-04-22,1303,南亞塑膠工業,0.22,120000,股
2026-04-22,2421,建準電機工業,0.22,73637,股
2026-04-22,RDI_NTD,RECEIVABLES FOR DISPOSAL OF INVESTMENTS,0.0,-72299936,元
2026-04-23,2330,台灣積體電路製造,8.84,204000,股
2026-04-23,2383,台光電子材料,6.34,74000,股
2026-04-23,3665,貿聯控股,6.05,105000,股
2026-04-23,2308,台達電子工業,5.84,141000,股
2026-04-23,2345,智邦科技,5.18,119000,股
2026-04-23,2368,金像電子,5.16,195000,股
2026-04-23,6223,旺矽科技,5.11,51000,股
2026-04-23,3017,奇鋐科技,4.37,78000,股
2026-04-23,3037,欣興電子,3.96,260000,股
2026-04-23,5274,信驊科技,3.93,12000,股
2026-04-23,3653,健策精密工業,3.33,30000,股
2026-04-23,6515,穎崴科技,2.92,13000,股
2026-04-23,C_NTD,CASH,2.54,121539903,元
2026-04-23,8046,南亞電路板,2.53,152000,股
2026-04-23,2449,京元電子,1.74,299500,股
2026-04-23,7769,鴻勁,1.61,16000,股
2026-04-23,2327,國巨*,1.59,257000,股
2026-04-23,6510,中華精測科技,1.45,18000,股
2026-04-23,8210,勤誠興業,1.38,60000,股
2026-04-23,6274,台燿科技,1.35,68000,股
2026-04-23,3661,世芯電子,1.25,15000,股
2026-04-23,3711,日月光投資控股,1.17,120000,股
2026-04-23,2454,聯發科技,1.16,25000,股
2026-04-23,3189,景碩科技,1.05,105000,股
2026-04-23,3443,創意電子,0.98,12000,股
2026-04-23,6669,緯穎科技服務,0.98,11000,股
2026-04-23,TXYD62026,臺指選擇權第四週週五到期契約買權,0.94,-65,口
2026-04-23,6805,富世達股份有限公司,0.92,23000,股
2026-04-23,3264,欣銓科技,0.88,212200,股
2026-04-23,M_NTD,MARGIN,0.86,40989083,元
2026-04-23,3044,健鼎科技,0.75,78000,股
2026-04-23,8358,金居開發,0.74,96000,股
2026-04-23,2360,致茂電子,0.73,18000,股
2026-04-23,2455,全新光電科技,0.73,101000,股
2026-04-23,4958,臻鼎科技控股,0.73,107000,股
2026-04-23,7751,竑騰,0.69,15000,股
2026-04-23,3023,信邦電子,0.66,113000,股
2026-04-23,2885,元大金融控股,0.65,623000,股
2026-04-23,3081,聯亞光電工業,0.63,10000,股
2026-04-23,2472,立隆電子工業,0.58,162000,股
2026-04-23,4749,新應材,0.58,28000,股
2026-04-23,6285,啟碁科技,0.57,126000,股
2026-04-23,3413,京鼎精密科技,0.54,82000,股
2026-04-23,3324,雙鴻科技,0.53,23000,股
2026-04-23,5289,宜鼎國際,0.51,22000,股
2026-04-23,5439,高技企業,0.51,65180,股
2026-04-23,6438,迅得機械,0.5,140000,股
2026-04-23,4979,華星光通科技,0.49,41000,股
2026-04-23,6187,萬潤科技,0.47,18000,股
2026-04-23,2059,川湖科技,0.45,6000,股
2026-04-23,3105,穩懋半導體,0.42,36000,股
2026-04-23,2344,華邦電子,0.4,220000,股
2026-04-23,6139,亞翔工程,0.4,27000,股
2026-04-23,3491,昇達科技,0.39,12000,股
2026-04-23,6442,光紅建聖,0.38,9000,股
2026-04-23,2404,漢唐集成,0.37,18000,股
2026-04-23,3533,嘉澤端子工業,0.36,7000,股
2026-04-23,8996,高力熱處理工業,0.33,13000,股
2026-04-23,3211,順達科技,0.3,36000,股
2026-04-23,2313,華通電腦,0.26,55000,股
2026-04-23,2421,建準電機工業,0.22,73637,股
2026-04-23,1303,南亞塑膠工業,0.11,60000,股
2026-04-23,RDI_NTD,RECEIVABLES FOR DISPOSAL OF INVESTMENTS,0.0,-21403467,元
2026-04-24,2330,台灣積體電路製造,9.15,208000,股
2026-04-24,2383,台光電子材料,6.68,74000,股
2026-04-24,2308,台達電子工業,5.9,141000,股
2026-04-24,3665,貿聯控股,5.85,105000,股
2026-04-24,2368,金像電子,5.46,195000,股
2026-04-24,2345,智邦科技,5.13,119000,股
2026-04-24,6223,旺矽科技,4.78,51000,股
2026-04-24,3017,奇鋐科技,4.63,78000,股
2026-04-24,3037,欣興電子,4.14,260000,股
2026-04-24,5274,信驊科技,3.96,12000,股
2026-04-24,3653,健策精密工業,3.25,30000,股
2026-04-24,8046,南亞電路板,2.68,152000,股
2026-04-24,6515,穎崴科技,2.64,13000,股
2026-04-24,2454,聯發科技,2.16,44000,股
2026-04-24,2449,京元電子,1.73,299500,股
2026-04-24,C_NTD,CASH,1.62,80451953,元
2026-04-24,2327,國巨*,1.54,257000,股
2026-04-24,7769,鴻勁,1.53,16000,股
2026-04-24,6510,中華精測科技,1.46,20000,股
2026-04-24,8210,勤誠興業,1.46,60000,股
2026-04-24,6274,台燿科技,1.43,68000,股
2026-04-24,3661,世芯電子,1.27,15000,股
2026-04-24,3711,日月光投資控股,1.2,120000,股
2026-04-24,3189,景碩科技,1.11,105000,股
2026-04-24,6669,緯穎科技服務,1.03,11000,股
2026-04-24,3443,創意電子,0.98,12000,股
2026-04-24,3264,欣銓科技,0.9,212200,股
2026-04-24,6805,富世達股份有限公司,0.89,23000,股
2026-04-24,M_NTD,MARGIN,0.77,37999948,元
2026-04-24,3044,健鼎科技,0.76,78000,股
2026-04-24,4958,臻鼎科技控股,0.75,107000,股
2026-04-24,7751,竑騰,0.73,15000,股
2026-04-24,2360,致茂電子,0.7,18000,股
2026-04-24,2455,全新光電科技,0.7,101000,股
2026-04-24,8358,金居開發,0.7,96000,股
2026-04-24,3023,信邦電子,0.66,113000,股
2026-04-24,2885,元大金融控股,0.63,623000,股
2026-04-24,3081,聯亞光電工業,0.57,10000,股
2026-04-24,2472,立隆電子工業,0.56,162000,股
2026-04-24,3324,雙鴻科技,0.56,23000,股
2026-04-24,4749,新應材,0.55,28000,股
2026-04-24,3413,京鼎精密科技,0.54,82000,股
2026-04-24,6285,啟碁科技,0.53,126000,股
2026-04-24,4979,華星光通科技,0.5,41000,股
2026-04-24,6438,迅得機械,0.49,140000,股
2026-04-24,5289,宜鼎國際,0.48,22000,股
2026-04-24,5439,高技企業,0.48,65180,股
2026-04-24,2059,川湖科技,0.46,6000,股
2026-04-24,6187,萬潤科技,0.42,18000,股
2026-04-24,3105,穩懋半導體,0.4,36000,股
2026-04-24,2344,華邦電子,0.39,220000,股
2026-04-24,3491,昇達科技,0.38,12000,股
2026-04-24,6139,亞翔工程,0.38,27000,股
2026-04-24,2404,漢唐集成,0.36,18000,股
2026-04-24,3533,嘉澤端子工業,0.36,7000,股
2026-04-24,6442,光紅建聖,0.34,9000,股
2026-04-24,8996,高力熱處理工業,0.29,13000,股
2026-04-24,3211,順達科技,0.28,36000,股
2026-04-24,2313,華通電腦,0.24,55000,股
2026-04-24,2421,建準電機工業,0.22,73637,股
2026-04-24,RDI_NTD,RECEIVABLES FOR DISPOSAL OF INVESTMENTS,0.0,-36976191,元
2026-04-27,2330,台灣積體電路製造,9.38,208000,股
2026-04-27,2383,台光電子材料,6.96,74000,股
2026-04-27,2308,台達電子工業,5.67,141000,股
2026-04-27,2368,金像電子,5.51,195000,股
2026-04-27,3665,貿聯控股,5.49,105000,股
2026-04-27,2345,智邦科技,5.15,119000,股
2026-04-27,6223,旺矽科技,4.95,51000,股
2026-04-27,3017,奇鋐科技,4.79,85000,股
2026-04-27,3037,欣興電子,4.34,260000,股
2026-04-27,5274,信驊科技,3.82,12000,股
2026-04-27,C_NTD,CASH,3.2,160841426,元
2026-04-27,3653,健策精密工業,2.96,30000,股
2026-04-27,2454,聯發科技,2.81,58000,股
2026-04-27,8046,南亞電路板,2.76,152000,股
2026-04-27,6515,穎崴科技,2.48,13000,股
2026-04-27,202605TX,臺股期貨,1.91,12,口
2026-04-27,2449,京元電子,1.69,299500,股
2026-04-27,7769,鴻勁,1.58,16000,股
2026-04-27,2327,國巨*,1.56,257000,股
2026-04-27,6510,中華精測科技,1.42,20000,股
2026-04-27,8210,勤誠興業,1.39,60000,股
2026-04-27,6274,台燿科技,1.34,68000,股
2026-04-27,3661,世芯電子,1.24,15000,股
2026-04-27,3711,日月光投資控股,1.18,120000,股
2026-04-27,3189,景碩科技,1.08,105000,股
2026-04-27,6669,緯穎科技服務,1.07,11000,股
2026-04-27,6805,富世達股份有限公司,0.95,23000,股
2026-04-27,3443,創意電子,0.94,12000,股
2026-04-27,3264,欣銓科技,0.82,212200,股
2026-04-27,7751,竑騰,0.79,15000,股
2026-04-27,4958,臻鼎科技控股,0.76,107000,股
2026-04-27,3044,健鼎科技,0.75,78000,股
2026-04-27,M_NTD,MARGIN,0.75,37621088,元
2026-04-27,2360,致茂電子,0.69,18000,股
2026-04-27,8358,金居開發,0.64,96000,股
2026-04-27,2455,全新光電科技,0.63,101000,股
2026-04-27,2885,元大金融控股,0.63,623000,股
2026-04-27,3023,信邦電子,0.62,113000,股
2026-04-27,2472,立隆電子工業,0.54,162000,股
2026-04-27,3324,雙鴻科技,0.54,23000,股
2026-04-27,4749,新應材,0.54,28000,股
2026-04-27,5289,宜鼎國際,0.52,22000,股
2026-04-27,3081,聯亞光電工業,0.51,10000,股
2026-04-27,3413,京鼎精密科技,0.5,82000,股
2026-04-27,5439,高技企業,0.49,65180,股
2026-04-27,6438,迅得機械,0.48,140000,股
2026-04-27,2059,川湖科技,0.47,6000,股
2026-04-27,4979,華星光通科技,0.45,41000,股
2026-04-27,2344,華邦電子,0.41,220000,股
2026-04-27,3491,昇達科技,0.38,12000,股
2026-04-27,3533,嘉澤端子工業,0.38,7000,股
2026-04-27,6285,啟碁科技,0.36,86000,股
2026-04-27,2404,漢唐集成,0.35,18000,股
2026-04-27,3105,穩懋半導體,0.35,36000,股
2026-04-27,6442,光紅建聖,0.32,9000,股
2026-04-27,3211,順達科技,0.28,36000,股
2026-04-27,8996,高力熱處理工業,0.28,13000,股
2026-04-27,2313,華通電腦,0.26,55000,股
2026-04-27,2421,建準電機工業,0.21,73637,股
2026-04-27,6187,萬潤科技,0.21,10000,股
2026-04-27,7750,新代,0.17,4000,股
2026-04-27,6139,亞翔工程,0.03,2000,股
2026-04-27,RDI_NTD,RECEIVABLES FOR DISPOSAL OF INVESTMENTS,0.0,-86261666,元
2026-04-28,2330,台灣積體電路製造,9.02,208000,股
2026-04-28,2383,台光電子材料,6.36,74000,股
2026-04-28,2308,台達電子工業,5.88,141000,股
2026-04-28,3665,貿聯控股,5.42,105000,股
2026-04-28,2345,智邦科技,5.36,119000,股
2026-04-28,2368,金像電子,5.32,195000,股
2026-04-28,6223,旺矽科技,4.89,51000,股
2026-04-28,3017,奇鋐科技,4.64,85000,股
2026-04-28,3037,欣興電子,4.21,260000,股
2026-04-28,5274,信驊科技,3.79,12000,股
2026-04-28,2454,聯發科技,3.39,66000,股
2026-04-28,3653,健策精密工業,2.92,30000,股
2026-04-28,C_NTD,CASH,2.79,141992521,元
2026-04-28,8046,南亞電路板,2.78,152000,股
2026-04-28,6515,穎崴科技,2.59,13000,股
2026-04-28,6669,緯穎科技服務,2.07,22000,股
2026-04-28,202605TX,臺股期貨,1.87,12,口
2026-04-28,2449,京元電子,1.67,299500,股
2026-04-28,2327,國巨*,1.65,257000,股
2026-04-28,7769,鴻勁,1.6,16000,股
2026-04-28,6510,中華精測科技,1.46,20000,股
2026-04-28,8210,勤誠興業,1.38,60000,股
2026-04-28,6274,台燿科技,1.29,68000,股
2026-04-28,3661,世芯電子,1.18,15000,股
2026-04-28,3711,日月光投資控股,1.17,120000,股
2026-04-28,3189,景碩科技,1.05,105000,股
2026-04-28,3443,創意電子,0.99,12000,股
2026-04-28,6805,富世達股份有限公司,0.94,23000,股
2026-04-28,3264,欣銓科技,0.83,212200,股
2026-04-28,4958,臻鼎科技控股,0.83,107000,股
2026-04-28,7751,竑騰,0.8,15000,股
2026-04-28,2360,致茂電子,0.73,18000,股
2026-04-28,M_NTD,MARGIN,0.73,37169888,元
2026-04-28,3044,健鼎科技,0.69,78000,股
2026-04-28,8358,金居開發,0.68,96000,股
2026-04-28,2885,元大金融控股,0.64,623000,股
2026-04-28,2455,全新光電科技,0.63,101000,股
2026-04-28,3023,信邦電子,0.61,113000,股
2026-04-28,2472,立隆電子工業,0.56,162000,股
2026-04-28,5289,宜鼎國際,0.56,22000,股
2026-04-28,4749,新應材,0.55,28000,股
2026-04-28,3324,雙鴻科技,0.52,23000,股
2026-04-28,5439,高技企業,0.51,65180,股
2026-04-28,3413,京鼎精密科技,0.5,82000,股
2026-04-28,3081,聯亞光電工業,0.49,10000,股
2026-04-28,6438,迅得機械,0.49,140000,股
2026-04-28,2059,川湖科技,0.47,6000,股
2026-04-28,4979,華星光通科技,0.45,41000,股
2026-04-28,2344,華邦電子,0.41,220000,股
2026-04-28,3491,昇達科技,0.38,12000,股
2026-04-28,3533,嘉澤端子工業,0.37,7000,股
2026-04-28,3105,穩懋半導體,0.35,36000,股
2026-04-28,6442,光紅建聖,0.34,9000,股
2026-04-28,8996,高力熱處理工業,0.3,13000,股
2026-04-28,6285,啟碁科技,0.28,66000,股
2026-04-28,2313,華通電腦,0.26,55000,股
2026-04-28,2404,漢唐集成,0.23,12000,股
2026-04-28,2421,建準電機工業,0.21,73637,股
2026-04-28,7750,新代,0.19,4000,股
2026-04-28,3211,順達科技,0.07,10000,股
2026-04-28,6139,亞翔工程,0.03,2000,股
2026-04-28,RDI_NTD,RECEIVABLES FOR DISPOSAL OF INVESTMENTS,0.0,-72780772,元
2026-04-29,2330,台灣積體電路製造,8.88,208000,股
2026-04-29,2383,台光電子材料,6.44,74000,股
2026-04-29,2308,台達電子工業,5.98,141000,股
2026-04-29,3665,貿聯控股,5.72,105000,股
2026-04-29,2368,金像電子,5.19,195000,股
2026-04-29,2345,智邦科技,5.15,119000,股
2026-04-29,6223,旺矽科技,4.94,51000,股
2026-04-29,3017,奇鋐科技,4.72,85000,股
2026-04-29,5274,信驊科技,3.89,12000,股
2026-04-29,3037,欣興電子,3.65,232000,股
2026-04-29,2454,聯發科技,3.63,72000,股
2026-04-29,3653,健策精密工業,3.2,30000,股
2026-04-29,8046,南亞電路板,2.73,152000,股
2026-04-29,6515,穎崴科技,2.59,13000,股
2026-04-29,C_NTD,CASH,2.14,109507329,元
2026-04-29,6669,緯穎科技服務,2.09,22000,股
2026-04-29,202605TX,臺股期貨,1.86,12,口
2026-04-29,3711,日月光投資控股,1.67,175000,股
2026-04-29,2449,京元電子,1.66,299500,股
2026-04-29,7769,鴻勁,1.64,16000,股
2026-04-29,2327,國巨*,1.62,257000,股
2026-04-29,6510,中華精測科技,1.42,20000,股
2026-04-29,8210,勤誠興業,1.32,60000,股
2026-04-29,6274,台燿科技,1.3,68000,股
2026-04-29,3661,世芯電子,1.18,15000,股
2026-04-29,3189,景碩科技,1.04,105000,股
2026-04-29,3443,創意電子,0.97,12000,股
2026-04-29,6805,富世達股份有限公司,0.93,23000,股
2026-04-29,3264,欣銓科技,0.83,212200,股
2026-04-29,4958,臻鼎科技控股,0.8,107000,股
2026-04-29,2303,聯華電子,0.77,525000,股
2026-04-29,7751,竑騰,0.74,15000,股
2026-04-29,2360,致茂電子,0.72,18000,股
2026-04-29,M_NTD,MARGIN,0.72,36560288,元
2026-04-29,3044,健鼎科技,0.69,78000,股
2026-04-29,8358,金居開發,0.69,96000,股
2026-04-29,2885,元大金融控股,0.64,623000,股
2026-04-29,2455,全新光電科技,0.63,101000,股
2026-04-29,3023,信邦電子,0.63,113000,股
2026-04-29,5289,宜鼎國際,0.57,22000,股
2026-04-29,2472,立隆電子工業,0.56,162000,股
2026-04-29,4749,新應材,0.55,28000,股
2026-04-29,3413,京鼎精密科技,0.5,82000,股
2026-04-29,2059,川湖科技,0.49,6000,股
2026-04-29,5439,高技企業,0.49,65180,股
2026-04-29,3081,聯亞光電工業,0.48,10000,股
2026-04-29,6438,迅得機械,0.48,140000,股
2026-04-29,4979,華星光通科技,0.45,41000,股
2026-04-29,2344,華邦電子,0.4,220000,股
2026-04-29,3324,雙鴻科技,0.39,17000,股
2026-04-29,3491,昇達科技,0.37,12000,股
2026-04-29,3533,嘉澤端子工業,0.36,7000,股
2026-04-29,3105,穩懋半導體,0.35,36000,股
2026-04-29,6442,光紅建聖,0.35,9000,股
2026-04-29,8996,高力熱處理工業,0.29,13000,股
2026-04-29,2313,華通電腦,0.25,55000,股
2026-04-29,2421,建準電機工業,0.21,73637,股
2026-04-29,7750,新代,0.19,4000,股
2026-04-29,6285,啟碁科技,0.17,40000,股
2026-04-29,2404,漢唐集成,0.13,7000,股
2026-04-29,6139,亞翔工程,0.03,2000,股
2026-04-29,RDI_NTD,RECEIVABLES FOR DISPOSAL OF INVESTMENTS,0.0,-81166302,元
2026-04-30,2330,台灣積體電路製造,8.64,208000,股
2026-04-30,2383,台光電子材料,6.51,74000,股
2026-04-30,2308,台達電子工業,5.91,141000,股
2026-04-30,3665,貿聯控股,5.63,105000,股
2026-04-30,2345,智邦科技,5.26,119000,股
2026-04-30,2368,金像電子,5.25,195000,股
2026-04-30,3017,奇鋐科技,4.67,85000,股
2026-04-30,6223,旺矽科技,4.01,42000,股
2026-04-30,3037,欣興電子,3.97,232000,股
2026-04-30,2454,聯發科技,3.89,77000,股
2026-04-30,5274,信驊科技,3.83,12000,股
2026-04-30,3653,健策精密工業,3.13,30000,股
2026-04-30,8046,南亞電路板,2.96,152000,股
2026-04-30,6515,穎崴科技,2.62,13000,股
2026-04-30,6669,緯穎科技服務,2.26,25000,股
2026-04-30,202605TX,臺股期貨,1.83,12,口
2026-04-30,2449,京元電子,1.75,299500,股
2026-04-30,3711,日月光投資控股,1.62,175000,股
2026-04-30,2327,國巨*,1.58,257000,股
2026-04-30,7769,鴻勁,1.53,16000,股
2026-04-30,6274,台燿科技,1.33,68000,股
2026-04-30,6510,中華精測科技,1.33,20000,股
2026-04-30,8210,勤誠興業,1.31,60000,股
2026-04-30,C_NTD,CASH,1.28,66207559,元
2026-04-30,3661,世芯電子,1.2,15000,股
2026-04-30,3189,景碩科技,1.07,105000,股
2026-04-30,3443,創意電子,0.99,12000,股
2026-04-30,6805,富世達股份有限公司,0.92,23000,股
2026-04-30,4958,臻鼎科技控股,0.87,107000,股
2026-04-30,3264,欣銓科技,0.8,212200,股
2026-04-30,2303,聯華電子,0.79,525000,股
2026-04-30,2360,致茂電子,0.74,18000,股
2026-04-30,8358,金居開發,0.72,96000,股
2026-04-30,7751,竑騰,0.7,15000,股
2026-04-30,M_NTD,MARGIN,0.7,36231488,元
2026-04-30,2455,全新光電科技,0.68,101000,股
2026-04-30,3044,健鼎科技,0.68,78000,股
2026-04-30,2885,元大金融控股,0.63,623000,股
2026-04-30,3023,信邦電子,0.62,113000,股
2026-04-30,3105,穩懋半導體,0.62,60000,股
2026-04-30,2472,立隆電子工業,0.55,162000,股
2026-04-30,4749,新應材,0.55,28000,股
2026-04-30,5289,宜鼎國際,0.53,22000,股
2026-04-30,3081,聯亞光電工業,0.51,10000,股
2026-04-30,3413,京鼎精密科技,0.49,82000,股
2026-04-30,4979,華星光通科技,0.48,41000,股
2026-04-30,5439,高技企業,0.48,65180,股
2026-04-30,6438,迅得機械,0.48,140000,股
2026-04-30,2059,川湖科技,0.45,6000,股
2026-04-30,2344,華邦電子,0.38,220000,股
2026-04-30,6442,光紅建聖,0.37,9000,股
2026-04-30,3491,昇達科技,0.36,12000,股
2026-04-30,3533,嘉澤端子工業,0.35,7000,股
2026-04-30,8996,高力熱處理工業,0.31,13000,股
2026-04-30,7750,新代,0.3,6000,股
2026-04-30,2313,華通電腦,0.26,55000,股
2026-04-30,3324,雙鴻科技,0.22,10000,股
2026-04-30,2421,建準電機工業,0.21,73637,股
2026-04-30,6285,啟碁科技,0.17,40000,股
2026-04-30,2404,漢唐集成,0.13,7000,股
2026-04-30,6139,亞翔工程,0.03,2000,股
2026-04-30,RDI_NTD,RECEIVABLES FOR DISPOSAL OF INVESTMENTS,0.0,-30623822,元
2026-05-04,2330,台灣積體電路製造,8.67,208000,股
2026-05-04,2383,台光電子材料,6.46,74000,股
2026-05-04,2308,台達電子工業,5.75,141000,股
2026-05-04,3665,貿聯控股,5.67,105000,股
2026-05-04,2345,智邦科技,5.47,119000,股
2026-05-04,2368,金像電子,5.16,195000,股
2026-05-04,3017,奇鋐科技,4.5,85000,股
2026-05-04,2454,聯發科技,4.06,77000,股
2026-05-04,3037,欣興電子,3.88,232000,股
2026-05-04,5274,信驊科技,3.87,12000,股
2026-05-04,6223,旺矽科技,3.7,39000,股
2026-05-04,3653,健策精密工業,2.92,30000,股
2026-05-04,8046,南亞電路板,2.75,152000,股
2026-05-04,6515,穎崴科技,2.55,13000,股
2026-05-04,6669,緯穎科技服務,2.23,25000,股
2026-05-04,2449,京元電子,1.83,299500,股
2026-05-04,202605TX,臺股期貨,1.81,12,口
2026-05-04,3711,日月光投資控股,1.69,175000,股
2026-05-04,2327,國巨*,1.62,257000,股
2026-05-04,7769,鴻勁,1.58,16000,股
2026-05-04,6274,台燿科技,1.39,68000,股
2026-05-04,6510,中華精測科技,1.39,20000,股
2026-05-04,8210,勤誠興業,1.27,60000,股
2026-05-04,3661,世芯電子,1.17,15000,股
2026-05-04,3443,創意電子,1.03,12000,股
2026-05-04,3189,景碩科技,1.02,105000,股
2026-05-04,C_NTD,CASH,1.01,55231517,元
2026-05-04,6805,富世達股份有限公司,0.94,23000,股
2026-05-04,4958,臻鼎科技控股,0.85,107000,股
2026-05-04,3264,欣銓科技,0.84,212200,股
2026-05-04,2303,聯華電子,0.78,525000,股
2026-05-04,2360,致茂電子,0.76,18000,股
2026-05-04,M_NTD,MARGIN,0.74,40345088,元
2026-05-04,7751,竑騰,0.73,15000,股
2026-05-04,8358,金居開發,0.71,96000,股
2026-05-04,3044,健鼎科技,0.67,78000,股
2026-05-04,2455,全新光電科技,0.66,101000,股
2026-05-04,2885,元大金融控股,0.61,623000,股
2026-05-04,3023,信邦電子,0.6,113000,股
2026-05-04,3105,穩懋半導體,0.58,60000,股
2026-05-04,2472,立隆電子工業,0.55,162000,股
2026-05-04,4749,新應材,0.53,28000,股
2026-05-04,5289,宜鼎國際,0.52,22000,股
2026-05-04,3081,聯亞光電工業,0.5,10000,股
2026-05-04,4979,華星光通科技,0.5,41000,股
2026-05-04,3413,京鼎精密科技,0.49,82000,股
2026-05-04,5439,高技企業,0.47,65180,股
2026-05-04,6438,迅得機械,0.46,140000,股
2026-05-04,2059,川湖科技,0.45,6000,股
2026-05-04,2344,華邦電子,0.39,220000,股
2026-05-04,3491,昇達科技,0.38,12000,股
2026-05-04,3533,嘉澤端子工業,0.34,7000,股
2026-05-04,6442,光紅建聖,0.34,9000,股
2026-05-04,8996,高力熱處理工業,0.3,13000,股
2026-05-04,7750,新代,0.29,6000,股
2026-05-04,2313,華通電腦,0.27,55000,股
2026-05-04,2421,建準電機工業,0.2,73637,股
2026-05-04,6285,啟碁科技,0.17,40000,股
2026-05-04,2404,漢唐集成,0.13,7000,股
2026-05-04,6139,亞翔工程,0.03,2000,股
2026-05-04,3324,雙鴻科技,0.02,1000,股
2026-05-04,RDI_NTD,RECEIVABLES FOR DISPOSAL OF INVESTMENTS,0.0,33173796,元
2026-05-05,2330,台灣積體電路製造,8.76,214000,股
2026-05-05,2383,台光電子材料,6.39,74000,股
2026-05-05,2308,台達電子工業,5.57,141000,股
2026-05-05,3665,貿聯控股,5.51,105000,股
2026-05-05,2345,智邦科技,5.42,119000,股
2026-05-05,2368,金像電子,5.27,195000,股
2026-05-05,2454,聯發科技,4.44,77000,股
2026-05-05,3017,奇鋐科技,4.2,85000,股
2026-05-05,5274,信驊科技,3.9,12000,股
2026-05-05,3037,欣興電子,3.82,232000,股
2026-05-05,6223,旺矽科技,3.56,39000,股
2026-05-05,8046,南亞電路板,2.77,152000,股
2026-05-05,3653,健策精密工業,2.62,30000,股
2026-05-05,6515,穎崴科技,2.39,13000,股
2026-05-05,6669,緯穎科技服務,2.17,25000,股
2026-05-05,2449,京元電子,1.94,299500,股
2026-05-05,202605TX,臺股期貨,1.8,12,口
2026-05-05,C_NTD,CASH,1.74,95560465,元
2026-05-05,3711,日月光投資控股,1.66,175000,股
2026-05-05,2327,國巨*,1.64,257000,股
2026-05-05,7769,鴻勁,1.64,16000,股
2026-05-05,6274,台燿科技,1.51,68000,股
2026-05-05,8210,勤誠興業,1.39,60000,股
2026-05-05,6510,中華精測科技,1.34,20000,股
2026-05-05,TX1E62026,臺指選擇權第一週週三到期契約買權,1.26,-92,口
2026-05-05,3661,世芯電子,1.14,15000,股
2026-05-05,3443,創意電子,1.06,12000,股
2026-05-05,3189,景碩科技,1.01,105000,股
2026-05-05,3264,欣銓科技,0.91,212200,股
2026-05-05,6805,富世達股份有限公司,0.84,23000,股
2026-05-05,4958,臻鼎科技控股,0.83,107000,股
2026-05-05,2303,聯華電子,0.8,525000,股
2026-05-05,8358,金居開發,0.76,96000,股
2026-05-05,M_NTD,MARGIN,0.75,40956261,元
2026-05-05,2360,致茂電子,0.73,18000,股
2026-05-05,7751,竑騰,0.73,15000,股
2026-05-05,3081,聯亞光電工業,0.72,14000,股
2026-05-05,2455,全新光電科技,0.71,101000,股
2026-05-05,3044,健鼎科技,0.69,78000,股
2026-05-05,2885,元大金融控股,0.63,623000,股
2026-05-05,3105,穩懋半導體,0.61,60000,股
2026-05-05,3023,信邦電子,0.6,113000,股
2026-05-05,5289,宜鼎國際,0.57,22000,股
2026-05-05,2472,立隆電子工業,0.56,162000,股
2026-05-05,4979,華星光通科技,0.54,41000,股
2026-05-05,4749,新應材,0.5,28000,股
2026-05-05,3413,京鼎精密科技,0.49,82000,股
2026-05-05,5439,高技企業,0.48,65180,股
2026-05-05,6438,迅得機械,0.46,140000,股
2026-05-05,2059,川湖科技,0.45,6000,股
2026-05-05,2344,華邦電子,0.4,220000,股
2026-05-05,3491,昇達科技,0.37,12000,股
2026-05-05,6442,光紅建聖,0.34,9000,股
2026-05-05,3533,嘉澤端子工業,0.32,7000,股
2026-05-05,7750,新代,0.29,6000,股
2026-05-05,2313,華通電腦,0.28,55000,股
2026-05-05,8996,高力熱處理工業,0.28,13000,股
2026-05-05,2421,建準電機工業,0.2,73637,股
2026-05-05,6285,啟碁科技,0.17,40000,股
2026-05-05,2404,漢唐集成,0.12,7000,股
2026-05-05,3324,雙鴻科技,0.02,1000,股
2026-05-05,RDI_NTD,RECEIVABLES FOR DISPOSAL OF INVESTMENTS,0.0,2372904,元
2026-05-06,2330,台灣積體電路製造,9.05,221000,股
2026-05-06,2383,台光電子材料,6.67,74000,股
2026-05-06,2308,台達電子工業,5.67,141000,股
2026-05-06,2345,智邦科技,5.38,119000,股
2026-05-06,3665,貿聯控股,5.25,105000,股
2026-05-06,2368,金像電子,5.13,195000,股
2026-05-06,2454,聯發科技,5.12,82000,股
2026-05-06,5274,信驊科技,4.08,12000,股
2026-05-06,3017,奇鋐科技,3.77,85000,股
2026-05-06,3037,欣興電子,3.62,232000,股
2026-05-06,6223,旺矽科技,3.24,36000,股
2026-05-06,C_NTD,CASH,2.83,155228043,元
2026-05-06,8046,南亞電路板,2.6,152000,股
2026-05-06,6669,緯穎科技服務,2.53,28000,股
2026-05-06,6515,穎崴科技,2.4,13000,股
2026-05-06,3653,健策精密工業,2.35,30000,股
2026-05-06,2449,京元電子,1.79,299500,股
2026-05-06,3711,日月光投資控股,1.67,175000,股
2026-05-06,7769,鴻勁,1.66,16000,股
2026-05-06,6274,台燿科技,1.63,68000,股
2026-05-06,2327,國巨*,1.58,257000,股
2026-05-06,8210,勤誠興業,1.45,60000,股
2026-05-06,6510,中華精測科技,1.38,20000,股
2026-05-06,3661,世芯電子,1.25,15000,股
2026-05-06,3443,創意電子,1.08,12000,股
2026-05-06,3189,景碩科技,0.92,105000,股
2026-05-06,2303,聯華電子,0.87,525000,股
2026-05-06,3264,欣銓科技,0.87,212200,股
2026-05-06,4958,臻鼎科技控股,0.8,107000,股
2026-05-06,8358,金居開發,0.8,96000,股
2026-05-06,2360,致茂電子,0.77,18000,股
2026-05-06,M_NTD,MARGIN,0.74,40764233,元
2026-05-06,3044,健鼎科技,0.69,78000,股
2026-05-06,3081,聯亞光電工業,0.68,14000,股
2026-05-06,7751,竑騰,0.65,15000,股
2026-05-06,2455,全新光電科技,0.64,101000,股
2026-05-06,2885,元大金融控股,0.64,623000,股
2026-05-06,3023,信邦電子,0.63,113000,股
2026-05-06,5289,宜鼎國際,0.59,22000,股
2026-05-06,2472,立隆電子工業,0.55,162000,股
2026-05-06,3105,穩懋半導體,0.55,60000,股
2026-05-06,4979,華星光通科技,0.52,41000,股
2026-05-06,4749,新應材,0.51,28000,股
2026-05-06,2059,川湖科技,0.48,6000,股
2026-05-06,5439,高技企業,0.48,65180,股
2026-05-06,3413,京鼎精密科技,0.47,82000,股
2026-05-06,8996,高力熱處理工業,0.47,22000,股
2026-05-06,6438,迅得機械,0.46,140000,股
2026-05-06,2344,華邦電子,0.43,220000,股
2026-05-06,6805,富世達股份有限公司,0.38,11000,股
2026-05-06,3491,昇達科技,0.35,12000,股
2026-05-06,3533,嘉澤端子工業,0.35,7000,股
2026-05-06,6442,光紅建聖,0.34,9000,股
2026-05-06,7750,新代,0.28,6000,股
2026-05-06,2313,華通電腦,0.25,55000,股
2026-05-06,2421,建準電機工業,0.2,73637,股
2026-05-06,6285,啟碁科技,0.17,40000,股
2026-05-06,2404,漢唐集成,0.13,7000,股
2026-05-06,3324,雙鴻科技,0.02,1000,股
2026-05-06,RDI_NTD,RECEIVABLES FOR DISPOSAL OF INVESTMENTS,0.0,-44632068,元
2026-05-07,2330,台灣積體電路製造,9.17,221000,股
2026-05-07,2383,台光電子材料,6.6,74000,股
2026-05-07,2308,台達電子工業,5.78,141000,股
2026-05-07,2345,智邦科技,5.48,119000,股
2026-05-07,3665,貿聯控股,5.25,105000,股
2026-05-07,2368,金像電子,5.09,195000,股
2026-05-07,2454,聯發科技,5.04,82000,股
2026-05-07,5274,信驊科技,3.86,12000,股
2026-05-07,3037,欣興電子,3.74,232000,股
2026-05-07,3017,奇鋐科技,3.69,85000,股
2026-05-07,6223,旺矽科技,3.26,36000,股
2026-05-07,6669,緯穎科技服務,2.72,31000,股
2026-05-07,8046,南亞電路板,2.59,152000,股
2026-05-07,6515,穎崴科技,2.31,13000,股
2026-05-07,C_NTD,CASH,2.31,128206577,元
2026-05-07,3653,健策精密工業,2.09,30000,股
2026-05-07,2449,京元電子,1.83,299500,股
2026-05-07,6274,台燿科技,1.77,68000,股
2026-05-07,2327,國巨*,1.72,257000,股
2026-05-07,3711,日月光投資控股,1.7,175000,股
2026-05-07,7769,鴻勁,1.68,16000,股
2026-05-07,8210,勤誠興業,1.39,60000,股
2026-05-07,6510,中華精測科技,1.34,20000,股
2026-05-07,3661,世芯電子,1.29,15000,股
2026-05-07,3443,創意電子,1.18,12000,股
2026-05-07,3264,欣銓科技,0.95,212200,股
2026-05-07,3189,景碩科技,0.93,105000,股
2026-05-07,2303,聯華電子,0.91,525000,股
2026-05-07,4958,臻鼎科技控股,0.82,107000,股
2026-05-07,8358,金居開發,0.81,96000,股
2026-05-07,2360,致茂電子,0.75,18000,股
2026-05-07,M_NTD,MARGIN,0.73,40764233,元
2026-05-07,3044,健鼎科技,0.7,78000,股
2026-05-07,3081,聯亞光電工業,0.67,14000,股
2026-05-07,2885,元大金融控股,0.63,623000,股
2026-05-07,3023,信邦電子,0.63,113000,股
2026-05-07,2455,全新光電科技,0.62,101000,股
2026-05-07,5289,宜鼎國際,0.62,22000,股
2026-05-07,2472,立隆電子工業,0.59,162000,股
2026-05-07,7751,竑騰,0.58,15000,股
2026-05-07,3105,穩懋半導體,0.54,60000,股
2026-05-07,2059,川湖科技,0.52,6000,股
2026-05-07,4979,華星光通科技,0.52,41000,股
2026-05-07,4749,新應材,0.5,28000,股
2026-05-07,5439,高技企業,0.48,65180,股
2026-05-07,2344,華邦電子,0.45,220000,股
2026-05-07,6438,迅得機械,0.44,140000,股
2026-05-07,8996,高力熱處理工業,0.43,22000,股
2026-05-07,6831,邁科,0.42,42000,股
2026-05-07,6805,富世達股份有限公司,0.38,11000,股
2026-05-07,3533,嘉澤端子工業,0.36,7000,股
2026-05-07,3491,昇達科技,0.35,12000,股
2026-05-07,6442,光紅建聖,0.34,9000,股
2026-05-07,7750,新代,0.28,6000,股
2026-05-07,2313,華通電腦,0.25,55000,股
2026-05-07,2421,建準電機工業,0.2,73637,股
2026-05-07,6285,啟碁科技,0.18,40000,股
2026-05-07,2404,漢唐集成,0.13,7000,股
2026-05-07,3324,雙鴻科技,0.02,1000,股
2026-05-07,3413,京鼎精密科技,0.01,1000,股
2026-05-07,RDI_NTD,RECEIVABLES FOR DISPOSAL OF INVESTMENTS,0.0,-34836039,元
2026-05-08,2330,台灣積體電路製造,9.35,221000,股
2026-05-08,2383,台光電子材料,6.48,74000,股
2026-05-08,2308,台達電子工業,5.72,141000,股
2026-05-08,2454,聯發科技,5.49,82000,股
2026-05-08,2345,智邦科技,5.21,119000,股
2026-05-08,3665,貿聯控股,5.02,99000,股
2026-05-08,2368,金像電子,4.54,185000,股
2026-05-08,3017,奇鋐科技,3.83,85000,股
2026-05-08,5274,信驊科技,3.75,12000,股
2026-05-08,3037,欣興電子,3.5,232000,股
2026-05-08,6223,旺矽科技,3.34,36000,股
2026-05-08,6669,緯穎科技服務,2.97,31000,股
2026-05-08,8046,南亞電路板,2.39,152000,股
2026-05-08,6515,穎崴科技,2.31,13000,股
2026-05-08,3653,健策精密工業,2.02,30000,股
2026-05-08,C_NTD,CASH,1.98,107132691,元
2026-05-08,2327,國巨*,1.84,257000,股
2026-05-08,3443,創意電子,1.73,18000,股
2026-05-08,2449,京元電子,1.72,299500,股
2026-05-08,6274,台燿科技,1.72,68000,股
2026-05-08,7769,鴻勁,1.71,16000,股
2026-05-08,3711,日月光投資控股,1.67,175000,股
2026-05-08,8210,勤誠興業,1.57,60000,股
2026-05-08,3661,世芯電子,1.35,15000,股
2026-05-08,6510,中華精測科技,1.32,20000,股
2026-05-08,3189,景碩科技,0.89,105000,股
2026-05-08,2303,聯華電子,0.88,525000,股
2026-05-08,3264,欣銓科技,0.88,212200,股
2026-05-08,8358,金居開發,0.8,96000,股
2026-05-08,4958,臻鼎科技控股,0.79,107000,股
2026-05-08,M_NTD,MARGIN,0.75,40764233,元
2026-05-08,2360,致茂電子,0.74,18000,股
2026-05-08,3044,健鼎科技,0.69,78000,股
2026-05-08,3081,聯亞光電工業,0.68,14000,股
2026-05-08,2472,立隆電子工業,0.66,162000,股
2026-05-08,2885,元大金融控股,0.65,623000,股
2026-05-08,5289,宜鼎國際,0.65,22000,股
2026-05-08,2455,全新光電科技,0.63,101000,股
2026-05-08,3023,信邦電子,0.63,113000,股
2026-05-08,2059,川湖科技,0.59,6000,股
2026-05-08,4749,新應材,0.56,28000,股
2026-05-08,3105,穩懋半導體,0.55,60000,股
2026-05-08,7751,竑騰,0.54,15000,股
2026-05-08,4979,華星光通科技,0.5,41000,股
2026-05-08,6831,邁科,0.48,48000,股
2026-05-08,5439,高技企業,0.47,65180,股
2026-05-08,6438,迅得機械,0.44,140000,股
2026-05-08,2344,華邦電子,0.43,220000,股
2026-05-08,8996,高力熱處理工業,0.41,22000,股
2026-05-08,6805,富世達股份有限公司,0.4,11000,股
2026-05-08,3491,昇達科技,0.37,12000,股
2026-05-08,3533,嘉澤端子工業,0.35,7000,股
2026-05-08,6442,光紅建聖,0.33,9000,股
2026-05-08,7750,新代,0.28,6000,股
2026-05-08,2313,華通電腦,0.26,55000,股
2026-05-08,2421,建準電機工業,0.2,73637,股
2026-05-08,6285,啟碁科技,0.18,40000,股
2026-05-08,2404,漢唐集成,0.13,7000,股
2026-05-08,3324,雙鴻科技,0.02,1000,股
2026-05-08,3413,京鼎精密科技,0.01,1000,股
2026-05-08,RDI_NTD,RECEIVABLES FOR DISPOSAL OF INVESTMENTS,0.0,-19158204,元
2026-05-11,2330,台灣積體電路製造,8.9,226000,股
2026-05-11,2383,台光電子材料,6.37,74000,股
2026-05-11,2454,聯發科技,5.65,82000,股
2026-05-11,2308,台達電子工業,5.62,141000,股
2026-05-11,2345,智邦科技,5.47,119000,股
2026-05-11,3665,貿聯控股,4.95,96000,股
2026-05-11,2368,金像電子,4.6,185000,股
2026-05-11,3017,奇鋐科技,3.85,85000,股
2026-05-11,5274,信驊科技,3.8,12000,股
2026-05-11,3037,欣興電子,3.55,232000,股
2026-05-11,6669,緯穎科技服務,3.32,35000,股
2026-05-11,6223,旺矽科技,3.19,36000,股
2026-05-11,8046,南亞電路板,2.45,152000,股
2026-05-11,6515,穎崴科技,2.33,13000,股
2026-05-11,3653,健策精密工業,2.14,30000,股
2026-05-11,3443,創意電子,1.83,18000,股
2026-05-11,7769,鴻勁,1.81,16000,股
2026-05-11,2327,國巨*,1.79,257000,股
2026-05-11,6274,台燿科技,1.76,68000,股
2026-05-11,3711,日月光投資控股,1.67,175000,股
2026-05-11,8210,勤誠興業,1.66,60000,股
2026-05-11,C_NTD,CASH,1.66,93370538,元
2026-05-11,3661,世芯電子,1.43,15000,股
2026-05-11,2449,京元電子,1.35,254500,股
2026-05-11,6510,中華精測科技,1.35,20000,股
2026-05-11,3189,景碩科技,0.94,105000,股
2026-05-11,2303,聯華電子,0.89,525000,股
2026-05-11,3264,欣銓科技,0.85,212200,股
2026-05-11,8358,金居開發,0.79,96000,股
2026-05-11,4958,臻鼎科技控股,0.78,107000,股
2026-05-11,2360,致茂電子,0.75,18000,股
2026-05-11,M_NTD,MARGIN,0.72,40764233,元
2026-05-11,3081,聯亞光電工業,0.69,14000,股
2026-05-11,5289,宜鼎國際,0.69,22000,股
2026-05-11,3044,健鼎科技,0.68,78000,股
2026-05-11,2455,全新光電科技,0.65,101000,股
2026-05-11,2472,立隆電子工業,0.65,162000,股
2026-05-11,2885,元大金融控股,0.62,623000,股
2026-05-11,3023,信邦電子,0.61,113000,股
2026-05-11,2059,川湖科技,0.59,6000,股
2026-05-11,4749,新應材,0.58,28000,股
2026-05-11,3105,穩懋半導體,0.56,60000,股
2026-05-11,6831,邁科,0.51,48000,股
2026-05-11,4979,華星光通科技,0.49,41000,股
2026-05-11,7751,竑騰,0.47,15000,股
2026-05-11,2344,華邦電子,0.46,220000,股
2026-05-11,5439,高技企業,0.45,65180,股
2026-05-11,6438,迅得機械,0.42,140000,股
2026-05-11,8996,高力熱處理工業,0.41,22000,股
2026-05-11,3491,昇達科技,0.39,12000,股
2026-05-11,6805,富世達股份有限公司,0.39,11000,股
2026-05-11,3533,嘉澤端子工業,0.35,7000,股
2026-05-11,7750,新代,0.3,6000,股
2026-05-11,2313,華通電腦,0.24,55000,股
2026-05-11,6442,光紅建聖,0.21,6000,股
2026-05-11,2421,建準電機工業,0.2,73637,股
2026-05-11,6285,啟碁科技,0.18,40000,股
2026-05-11,2404,漢唐集成,0.13,7000,股
2026-05-11,3324,雙鴻科技,0.02,1000,股
2026-05-11,3413,京鼎精密科技,0.01,1000,股
2026-05-11,RDI_NTD,RECEIVABLES FOR DISPOSAL OF INVESTMENTS,0.0,-10110130,元
2026-05-12,2330,台灣積體電路製造,9.02,226000,股
2026-05-12,2383,台光電子材料,6.41,74000,股
2026-05-12,2308,台達電子工業,5.47,141000,股
2026-05-12,2454,聯發科技,5.36,82000,股
2026-05-12,2345,智邦科技,5.31,119000,股
2026-05-12,3665,貿聯控股,4.71,96000,股
2026-05-12,2368,金像電子,4.55,185000,股
2026-05-12,5274,信驊科技,3.82,12000,股
2026-05-12,3017,奇鋐科技,3.79,85000,股
2026-05-12,3037,欣興電子,3.59,232000,股
2026-05-12,6669,緯穎科技服務,3.58,35000,股
2026-05-12,6223,旺矽科技,3.49,36000,股
2026-05-12,8046,南亞電路板,2.42,152000,股
2026-05-12,6515,穎崴科技,2.29,13000,股
2026-05-12,3653,健策精密工業,2.08,30000,股
2026-05-12,7769,鴻勁,1.94,16000,股
2026-05-12,2327,國巨*,1.91,257000,股
2026-05-12,3443,創意電子,1.77,18000,股
2026-05-12,6274,台燿科技,1.74,68000,股
2026-05-12,3711,日月光投資控股,1.72,175000,股
2026-05-12,8210,勤誠興業,1.64,60000,股
2026-05-12,C_NTD,CASH,1.56,87974487,元
2026-05-12,3661,世芯電子,1.41,15000,股
2026-05-12,6510,中華精測科技,1.36,20000,股
2026-05-12,2449,京元電子,1.35,254500,股
2026-05-12,2303,聯華電子,0.97,525000,股
2026-05-12,3189,景碩科技,0.92,105000,股
2026-05-12,3264,欣銓科技,0.86,212200,股
2026-05-12,8358,金居開發,0.81,96000,股
2026-05-12,2360,致茂電子,0.78,18000,股
2026-05-12,4958,臻鼎科技控股,0.77,107000,股
2026-05-12,3081,聯亞光電工業,0.76,14000,股
2026-05-12,M_NTD,MARGIN,0.72,40764233,元
2026-05-12,5289,宜鼎國際,0.7,22000,股
2026-05-12,2455,全新光電科技,0.67,101000,股
2026-05-12,3044,健鼎科技,0.66,78000,股
2026-05-12,2472,立隆電子工業,0.64,162000,股
2026-05-12,2885,元大金融控股,0.6,623000,股
2026-05-12,3023,信邦電子,0.6,113000,股
2026-05-12,2059,川湖科技,0.58,6000,股
2026-05-12,4749,新應材,0.58,28000,股
2026-05-12,3105,穩懋半導體,0.54,60000,股
2026-05-12,6831,邁科,0.53,48000,股
2026-05-12,7751,竑騰,0.49,15000,股
2026-05-12,4979,華星光通科技,0.48,41000,股
2026-05-12,2344,華邦電子,0.47,220000,股
2026-05-12,5439,高技企業,0.44,65180,股
2026-05-12,6438,迅得機械,0.42,140000,股
2026-05-12,8996,高力熱處理工業,0.41,22000,股
2026-05-12,3491,昇達科技,0.37,12000,股
2026-05-12,6805,富世達股份有限公司,0.36,11000,股
2026-05-12,3533,嘉澤端子工業,0.35,7000,股
2026-05-12,7750,新代,0.33,6000,股
2026-05-12,2313,華通電腦,0.25,55000,股
2026-05-12,6285,啟碁科技,0.2,40000,股
2026-05-12,6442,光紅建聖,0.2,6000,股
2026-05-12,2421,建準電機工業,0.19,73637,股
2026-05-12,2404,漢唐集成,0.12,7000,股
2026-05-12,3324,雙鴻科技,0.02,1000,股
2026-05-12,3413,京鼎精密科技,0.01,1000,股
2026-05-12,RDI_NTD,RECEIVABLES FOR DISPOSAL OF INVESTMENTS,0.0,-4714079,元
2026-05-13,2330,台灣積體電路製造,9.06,226000,股
2026-05-13,2383,台光電子材料,6.56,74000,股
2026-05-13,2308,台達電子工業,5.49,141000,股
2026-05-13,2345,智邦科技,5.21,119000,股
2026-05-13,2454,聯發科技,5.16,82000,股
2026-05-13,2368,金像電子,4.49,185000,股
2026-05-13,3665,貿聯控股,4.32,96000,股
2026-05-13,3017,奇鋐科技,3.95,85000,股
2026-05-13,6669,緯穎科技服務,3.91,39000,股
2026-05-13,5274,信驊科技,3.85,12000,股
2026-05-13,3037,欣興電子,3.72,232000,股
2026-05-13,6223,旺矽科技,3.7,36000,股
2026-05-13,8046,南亞電路板,2.41,152000,股
2026-05-13,6515,穎崴科技,2.31,13000,股
2026-05-13,7769,鴻勁,2.14,16000,股
2026-05-13,2327,國巨*,1.94,257000,股
2026-05-13,3653,健策精密工業,1.9,30000,股
2026-05-13,6274,台燿科技,1.77,68000,股
2026-05-13,3443,創意電子,1.73,18000,股
2026-05-13,3711,日月光投資控股,1.73,175000,股
2026-05-13,8210,勤誠興業,1.64,60000,股
2026-05-13,C_NTD,CASH,1.5,83260408,元
2026-05-13,6510,中華精測科技,1.36,20000,股
2026-05-13,3661,世芯電子,1.29,15000,股
2026-05-13,2449,京元電子,1.23,224500,股
2026-05-13,2303,聯華電子,0.93,525000,股
2026-05-13,3264,欣銓科技,0.88,212200,股
2026-05-13,4958,臻鼎科技控股,0.85,107000,股
2026-05-13,8358,金居開發,0.79,96000,股
2026-05-13,2360,致茂電子,0.78,18000,股
2026-05-13,3044,健鼎科技,0.74,78000,股
2026-05-13,M_NTD,MARGIN,0.73,40764233,元
2026-05-13,3081,聯亞光電工業,0.71,14000,股
2026-05-13,5289,宜鼎國際,0.7,22000,股
2026-05-13,2455,全新光電科技,0.68,101000,股
2026-05-13,2472,立隆電子工業,0.68,162000,股
2026-05-13,2885,元大金融控股,0.63,623000,股
2026-05-13,3023,信邦電子,0.61,113000,股
2026-05-13,6831,邁科,0.59,48000,股
2026-05-13,2059,川湖科技,0.57,6000,股
2026-05-13,4749,新應材,0.57,28000,股
2026-05-13,3105,穩懋半導體,0.53,60000,股
2026-05-13,3189,景碩科技,0.49,55000,股
2026-05-13,2344,華邦電子,0.48,220000,股
2026-05-13,7751,竑騰,0.46,15000,股
2026-05-13,4979,華星光通科技,0.44,41000,股
2026-05-13,5439,高技企業,0.44,65180,股
2026-05-13,6438,迅得機械,0.42,140000,股
2026-05-13,8996,高力熱處理工業,0.41,22000,股
2026-05-13,3491,昇達科技,0.37,12000,股
2026-05-13,6805,富世達股份有限公司,0.36,11000,股
2026-05-13,3533,嘉澤端子工業,0.33,7000,股
2026-05-13,7750,新代,0.3,6000,股
2026-05-13,2313,華通電腦,0.23,55000,股
2026-05-13,2421,建準電機工業,0.19,73637,股
2026-05-13,6285,啟碁科技,0.19,40000,股
2026-05-13,6442,光紅建聖,0.19,6000,股
2026-05-13,RDI_NTD,RECEIVABLES FOR DISPOSAL OF INVESTMENTS,0.0,20186807,元
2026-05-14,2330,台灣積體電路製造,9.16,226000,股
2026-05-14,2383,台光電子材料,6.5,74000,股
2026-05-14,2345,智邦科技,5.69,119000,股
2026-05-14,2308,台達電子工業,5.43,141000,股
2026-05-14,2454,聯發科技,4.99,82000,股
2026-05-14,6223,旺矽科技,4.04,36000,股
2026-05-14,6669,緯穎科技服務,3.98,41000,股
2026-05-14,2368,金像電子,3.96,155000,股
2026-05-14,3017,奇鋐科技,3.88,85000,股
2026-05-14,3665,貿聯控股,3.86,96000,股
2026-05-14,5274,信驊科技,3.82,12000,股
2026-05-14,3037,欣興電子,3.65,232000,股
2026-05-14,6515,穎崴科技,2.45,13000,股
2026-05-14,8046,南亞電路板,2.3,152000,股
2026-05-14,7769,鴻勁,2.16,16000,股
2026-05-14,2327,國巨*,2.12,257000,股
2026-05-14,3653,健策精密工業,1.8,30000,股
2026-05-14,6274,台燿科技,1.76,68000,股
2026-05-14,3711,日月光投資控股,1.71,175000,股
2026-05-14,3443,創意電子,1.63,18000,股
2026-05-14,8210,勤誠興業,1.56,60000,股
2026-05-14,C_NTD,CASH,1.49,83260408,元
2026-05-14,6510,中華精測科技,1.48,20000,股
2026-05-14,3661,世芯電子,1.29,15000,股
2026-05-14,2449,京元電子,1.19,224500,股
2026-05-14,2303,聯華電子,1.01,525000,股
2026-05-14,3264,欣銓科技,0.87,212200,股
2026-05-14,4958,臻鼎科技控股,0.83,107000,股
2026-05-14,3081,聯亞光電工業,0.74,14000,股
2026-05-14,2360,致茂電子,0.73,18000,股
2026-05-14,5289,宜鼎國際,0.73,22000,股
2026-05-14,8358,金居開發,0.73,96000,股
2026-05-14,M_NTD,MARGIN,0.73,40764233,元
2026-05-14,3044,健鼎科技,0.71,78000,股
2026-05-14,2472,立隆電子工業,0.67,162000,股
2026-05-14,2455,全新光電科技,0.65,101000,股
2026-05-14,2885,元大金融控股,0.62,623000,股
2026-05-14,6831,邁科,0.62,48000,股
2026-05-14,3023,信邦電子,0.59,113000,股
2026-05-14,4749,新應材,0.56,28000,股
2026-05-14,2059,川湖科技,0.54,6000,股
2026-05-14,2344,華邦電子,0.53,220000,股
2026-05-14,3105,穩懋半導體,0.52,60000,股
2026-05-14,3189,景碩科技,0.51,55000,股
2026-05-14,5439,高技企業,0.48,65180,股
2026-05-14,7750,新代,0.44,9000,股
2026-05-14,4979,華星光通科技,0.43,41000,股
2026-05-14,6438,迅得機械,0.42,140000,股
2026-05-14,7751,竑騰,0.42,15000,股
2026-05-14,8996,高力熱處理工業,0.42,22000,股
2026-05-14,3491,昇達科技,0.35,12000,股
2026-05-14,6805,富世達股份有限公司,0.35,11000,股
2026-05-14,3533,嘉澤端子工業,0.31,7000,股
2026-05-14,2313,華通電腦,0.24,55000,股
2026-05-14,6442,光紅建聖,0.2,6000,股
2026-05-14,2421,建準電機工業,0.19,73637,股
2026-05-14,6285,啟碁科技,0.19,40000,股
2026-05-14,RDI_NTD,RECEIVABLES FOR DISPOSAL OF INVESTMENTS,0.0,43698649,元
2026-05-15,2330,台灣積體電路製造,9.59,226000,股
2026-05-15,2383,台光電子材料,6.39,74000,股
2026-05-15,2345,智邦科技,5.58,119000,股
2026-05-15,2308,台達電子工業,5.48,141000,股
2026-05-15,2454,聯發科技,5.0,82000,股
2026-05-15,6223,旺矽科技,3.97,36000,股
2026-05-15,6669,緯穎科技服務,3.92,41000,股
2026-05-15,3017,奇鋐科技,3.91,85000,股
2026-05-15,5274,信驊科技,3.86,12000,股
2026-05-15,2368,金像電子,3.74,155000,股
2026-05-15,3037,欣興電子,3.56,232000,股
2026-05-15,3665,貿聯控股,3.14,80000,股
2026-05-15,6515,穎崴科技,2.38,13000,股
2026-05-15,8046,南亞電路板,2.24,152000,股
2026-05-15,2327,國巨*,2.19,257000,股
2026-05-15,7769,鴻勁,2.06,16000,股
2026-05-15,3653,健策精密工業,1.95,30000,股
2026-05-15,C_NTD,CASH,1.94,103447215,元
2026-05-15,3711,日月光投資控股,1.79,175000,股
2026-05-15,6274,台燿科技,1.66,68000,股
2026-05-15,8210,勤誠興業,1.58,60000,股
2026-05-15,6510,中華精測科技,1.4,20000,股
2026-05-15,3661,世芯電子,1.29,15000,股
2026-05-15,2449,京元電子,1.26,224500,股
2026-05-15,3443,創意電子,1.09,12000,股
2026-05-15,2303,聯華電子,1.08,525000,股
2026-05-15,3264,欣銓科技,0.9,212200,股
2026-05-15,4958,臻鼎科技控股,0.8,107000,股
2026-05-15,M_NTD,MARGIN,0.76,40764233,元
2026-05-15,2360,致茂電子,0.75,18000,股
2026-05-15,5289,宜鼎國際,0.72,22000,股
2026-05-15,3044,健鼎科技,0.7,78000,股
2026-05-15,3081,聯亞光電工業,0.7,14000,股
2026-05-15,8358,金居開發,0.7,96000,股
2026-05-15,2455,全新光電科技,0.68,101000,股
2026-05-15,2472,立隆電子工業,0.66,162000,股
2026-05-15,6831,邁科,0.65,48000,股
2026-05-15,2885,元大金融控股,0.64,623000,股
2026-05-15,8996,高力熱處理工業,0.62,32000,股
2026-05-15,3023,信邦電子,0.59,113000,股
2026-05-15,2059,川湖科技,0.55,6000,股
2026-05-15,2344,華邦電子,0.53,220000,股
2026-05-15,4749,新應材,0.53,28000,股
2026-05-15,3105,穩懋半導體,0.51,60000,股
2026-05-15,5439,高技企業,0.48,65180,股
2026-05-15,7751,竑騰,0.46,15000,股
2026-05-15,6438,迅得機械,0.43,140000,股
2026-05-15,7750,新代,0.43,9000,股
2026-05-15,4979,華星光通科技,0.41,41000,股
2026-05-15,3491,昇達科技,0.38,12000,股
2026-05-15,6805,富世達股份有限公司,0.36,11000,股
2026-05-15,2313,華通電腦,0.24,55000,股
2026-05-15,3189,景碩科技,0.23,25000,股
2026-05-15,6442,光紅建聖,0.2,6000,股
2026-05-15,2421,建準電機工業,0.19,73637,股
2026-05-15,6285,啟碁科技,0.19,40000,股
2026-05-15,RDI_NTD,RECEIVABLES FOR DISPOSAL OF INVESTMENTS,0.0,105299700,元
2026-05-18,2330,台灣積體電路製造,9.5,226000,股
2026-05-18,2383,台光電子材料,6.31,74000,股
2026-05-18,2345,智邦科技,5.57,119000,股
2026-05-18,2308,台達電子工業,5.35,141000,股
2026-05-18,2454,聯發科技,5.23,82000,股
2026-05-18,6223,旺矽科技,4.15,36000,股
2026-05-18,6669,緯穎科技服務,3.92,41000,股
2026-05-18,3017,奇鋐科技,3.85,85000,股
2026-05-18,2368,金像電子,3.64,155000,股
2026-05-18,5274,信驊科技,3.64,12000,股
2026-05-18,3037,欣興電子,3.55,232000,股
2026-05-18,3665,貿聯控股,2.93,77000,股
2026-05-18,6515,穎崴科技,2.5,13000,股
2026-05-18,2327,國巨*,2.42,257000,股
2026-05-18,C_NTD,CASH,2.38,126959057,元
2026-05-18,8046,南亞電路板,2.26,152000,股
2026-05-18,7769,鴻勁,2.0,16000,股
2026-05-18,3711,日月光投資控股,1.91,200000,股
2026-05-18,3653,健策精密工業,1.84,30000,股
2026-05-18,6274,台燿科技,1.61,68000,股
2026-05-18,8210,勤誠興業,1.55,60000,股
2026-05-18,6510,中華精測科技,1.4,20000,股
2026-05-18,3661,世芯電子,1.29,15000,股
2026-05-18,2449,京元電子,1.24,224500,股
2026-05-18,2303,聯華電子,1.09,525000,股
2026-05-18,2360,致茂電子,1.07,26000,股
2026-05-18,3264,欣銓科技,0.92,212200,股
2026-05-18,3443,創意電子,0.8,9000,股
2026-05-18,4958,臻鼎科技控股,0.78,107000,股
2026-05-18,5289,宜鼎國際,0.77,22000,股
2026-05-18,8358,金居開發,0.77,96000,股
2026-05-18,M_NTD,MARGIN,0.77,40764233,元
2026-05-18,2455,全新光電科技,0.73,101000,股
2026-05-18,2472,立隆電子工業,0.71,162000,股
2026-05-18,3081,聯亞光電工業,0.71,14000,股
2026-05-18,3044,健鼎科技,0.69,78000,股
2026-05-18,6831,邁科,0.66,48000,股
2026-05-18,2885,元大金融控股,0.64,623000,股
2026-05-18,8996,高力熱處理工業,0.63,32000,股
2026-05-18,3023,信邦電子,0.62,113000,股
2026-05-18,2059,川湖科技,0.54,6000,股
2026-05-18,2344,華邦電子,0.54,220000,股
2026-05-18,4749,新應材,0.53,28000,股
2026-05-18,3105,穩懋半導體,0.51,60000,股
2026-05-18,7751,竑騰,0.5,15000,股
2026-05-18,5439,高技企業,0.47,65180,股
2026-05-18,6438,迅得機械,0.44,140000,股
2026-05-18,7750,新代,0.43,9000,股
2026-05-18,3491,昇達科技,0.42,12000,股
2026-05-18,4979,華星光通科技,0.42,41000,股
2026-05-18,6805,富世達股份有限公司,0.36,11000,股
2026-05-18,2313,華通電腦,0.27,55000,股
2026-05-18,6285,啟碁科技,0.21,40000,股
2026-05-18,6442,光紅建聖,0.2,6000,股
2026-05-18,2421,建準電機工業,0.19,73637,股
2026-05-18,3189,景碩科技,0.05,5000,股
2026-05-18,RDI_NTD,RECEIVABLES FOR DISPOSAL OF INVESTMENTS,0.0,81441799,元
2026-05-19,2330,台灣積體電路製造,9.6,226000,股
2026-05-19,2383,台光電子材料,6.47,74000,股
2026-05-19,2345,智邦科技,5.49,119000,股
2026-05-19,2308,台達電子工業,5.21,141000,股
2026-05-19,2454,聯發科技,4.99,82000,股
2026-05-19,C_NTD,CASH,4.04,209257352,元
2026-05-19,6223,旺矽科技,3.98,36000,股
2026-05-19,3017,奇鋐科技,3.92,85000,股
2026-05-19,6669,緯穎科技服務,3.87,41000,股
2026-05-19,2368,金像電子,3.84,155000,股
2026-05-19,5274,信驊科技,3.69,12000,股
2026-05-19,3037,欣興電子,3.66,232000,股
2026-05-19,3665,貿聯控股,2.84,74000,股
2026-05-19,2327,國巨*,2.7,282000,股
2026-05-19,6515,穎崴科技,2.38,13000,股
2026-05-19,8046,南亞電路板,2.34,152000,股
2026-05-19,3711,日月光投資控股,2.05,225000,股
2026-05-19,7769,鴻勁,2.04,16000,股
2026-05-19,3653,健策精密工業,1.79,30000,股
2026-05-19,6274,台燿科技,1.61,68000,股
2026-05-19,8210,勤誠興業,1.53,60000,股
2026-05-19,TXOE62026,臺指選擇權買權,1.43,-100,口
2026-05-19,6510,中華精測科技,1.33,20000,股
2026-05-19,2449,京元電子,1.25,224500,股
2026-05-19,2303,聯華電子,1.14,525000,股
2026-05-19,2360,致茂電子,1.03,26000,股
2026-05-19,3264,欣銓科技,0.88,212200,股
2026-05-19,4958,臻鼎科技控股,0.84,107000,股
2026-05-19,M_NTD,MARGIN,0.8,41616605,元
2026-05-19,8358,金居開發,0.79,96000,股
2026-05-19,3661,世芯電子,0.77,9000,股
2026-05-19,2455,全新光電科技,0.75,101000,股
2026-05-19,5289,宜鼎國際,0.73,22000,股
2026-05-19,2472,立隆電子工業,0.72,162000,股
2026-05-19,3044,健鼎科技,0.7,78000,股
2026-05-19,6831,邁科,0.68,48000,股
2026-05-19,3023,信邦電子,0.67,113000,股
2026-05-19,3081,聯亞光電工業,0.67,14000,股
2026-05-19,2885,元大金融控股,0.66,623000,股
2026-05-19,8996,高力熱處理工業,0.64,32000,股
2026-05-19,3105,穩懋半導體,0.53,60000,股
2026-05-19,4749,新應材,0.53,28000,股
2026-05-19,2059,川湖科技,0.51,6000,股
2026-05-19,2344,華邦電子,0.5,220000,股
2026-05-19,5439,高技企業,0.48,65180,股
2026-05-19,7751,竑騰,0.47,15000,股
2026-05-19,6438,迅得機械,0.44,140000,股
2026-05-19,3443,創意電子,0.43,5000,股
2026-05-19,3491,昇達科技,0.41,12000,股
2026-05-19,4979,華星光通科技,0.41,41000,股
2026-05-19,7750,新代,0.41,9000,股
2026-05-19,6805,富世達股份有限公司,0.38,11000,股
2026-05-19,2313,華通電腦,0.27,55000,股
2026-05-19,6285,啟碁科技,0.23,40000,股
2026-05-19,2421,建準電機工業,0.21,73637,股
2026-05-19,6442,光紅建聖,0.2,6000,股
2026-05-19,3189,景碩科技,0.05,5000,股
2026-05-19,RDI_NTD,RECEIVABLES FOR DISPOSAL OF INVESTMENTS,0.0,25575319,元
2026-05-20,2330,台灣積體電路製造,9.38,220000,股
2026-05-20,2383,台光電子材料,6.33,74000,股
2026-05-20,2345,智邦科技,5.45,119000,股
2026-05-20,2308,台達電子工業,5.25,141000,股
2026-05-20,2454,聯發科技,5.15,82000,股
2026-05-20,C_NTD,CASH,4.06,208911293,元
2026-05-20,6223,旺矽科技,3.98,36000,股
2026-05-20,6669,緯穎科技服務,3.92,41000,股
2026-05-20,3017,奇鋐科技,3.87,85000,股
2026-05-20,2368,金像電子,3.72,155000,股
2026-05-20,3037,欣興電子,3.71,232000,股
2026-05-20,5274,信驊科技,3.63,12000,股
2026-05-20,2327,國巨*,2.85,282000,股
2026-05-20,3665,貿聯控股,2.71,71000,股
2026-05-20,8046,南亞電路板,2.45,152000,股
2026-05-20,6515,穎崴科技,2.3,13000,股
2026-05-20,7769,鴻勁,2.17,16000,股
2026-05-20,3711,日月光投資控股,2.08,225000,股
2026-05-20,3653,健策精密工業,1.77,30000,股
2026-05-20,6274,台燿科技,1.59,68000,股
2026-05-20,8210,勤誠興業,1.5,60000,股
2026-05-20,6510,中華精測科技,1.32,20000,股
2026-05-20,2449,京元電子,1.21,224500,股
2026-05-20,2303,聯華電子,1.1,525000,股
2026-05-20,2360,致茂電子,1.04,26000,股
2026-05-20,4958,臻鼎科技控股,0.91,107000,股
2026-05-20,8358,金居開發,0.86,96000,股
2026-05-20,3264,欣銓科技,0.85,212200,股
2026-05-20,3661,世芯電子,0.81,9000,股
2026-05-20,M_NTD,MARGIN,0.81,41501555,元
2026-05-20,2472,立隆電子工業,0.8,162000,股
2026-05-20,2455,全新光電科技,0.79,101000,股
2026-05-20,5289,宜鼎國際,0.72,22000,股
2026-05-20,3044,健鼎科技,0.7,78000,股
2026-05-20,3081,聯亞光電工業,0.7,14000,股
2026-05-20,2885,元大金融控股,0.67,623000,股
2026-05-20,3023,信邦電子,0.67,113000,股
2026-05-20,6831,邁科,0.67,48000,股
2026-05-20,8996,高力熱處理工業,0.62,32000,股
2026-05-20,4749,新應材,0.54,28000,股
2026-05-20,2059,川湖科技,0.53,6000,股
2026-05-20,3105,穩懋半導體,0.52,60000,股
2026-05-20,2344,華邦電子,0.49,220000,股
2026-05-20,5439,高技企業,0.46,65180,股
2026-05-20,3443,創意電子,0.45,5000,股
2026-05-20,4979,華星光通科技,0.45,41000,股
2026-05-20,6438,迅得機械,0.44,140000,股
2026-05-20,7750,新代,0.44,9000,股
2026-05-20,7751,竑騰,0.44,15000,股
2026-05-20,3491,昇達科技,0.41,12000,股
2026-05-20,6805,富世達股份有限公司,0.37,11000,股
2026-05-20,2313,華通電腦,0.27,55000,股
2026-05-20,6285,啟碁科技,0.22,40000,股
2026-05-20,6442,光紅建聖,0.21,6000,股
2026-05-20,2421,建準電機工業,0.2,73637,股
2026-05-20,3189,景碩科技,0.05,5000,股
2026-05-20,RDI_NTD,RECEIVABLES FOR DISPOSAL OF INVESTMENTS,0.0,44829254,元
2026-05-21,2330,台灣積體電路製造,9.04,220000,股
2026-05-21,2383,台光電子材料,6.41,74000,股
2026-05-21,2345,智邦科技,5.45,119000,股
2026-05-21,2454,聯發科技,5.38,82000,股
2026-05-21,2308,台達電子工業,5.29,141000,股
2026-05-21,C_NTD,CASH,4.34,234832671,元
2026-05-21,6669,緯穎科技服務,4.05,41000,股
2026-05-21,3017,奇鋐科技,3.92,85000,股
2026-05-21,3037,欣興電子,3.88,232000,股
2026-05-21,6223,旺矽科技,3.76,36000,股
2026-05-21,2368,金像電子,3.68,155000,股
2026-05-21,5274,信驊科技,3.64,12000,股
2026-05-21,2327,國巨*,2.98,282000,股
2026-05-21,3665,貿聯控股,2.83,71000,股
2026-05-21,8046,南亞電路板,2.45,152000,股
2026-05-21,6515,穎崴科技,2.28,13000,股
2026-05-21,7769,鴻勁,2.27,16000,股
2026-05-21,3711,日月光投資控股,2.12,225000,股
2026-05-21,3653,健策精密工業,1.84,30000,股
2026-05-21,6274,台燿科技,1.66,68000,股
2026-05-21,8210,勤誠興業,1.48,60000,股
2026-05-21,6510,中華精測科技,1.24,20000,股
2026-05-21,2449,京元電子,1.19,224500,股
2026-05-21,2303,聯華電子,1.12,525000,股
2026-05-21,2360,致茂電子,1.09,26000,股
2026-05-21,4958,臻鼎科技控股,0.93,107000,股
2026-05-21,8358,金居開發,0.88,96000,股
2026-05-21,3264,欣銓科技,0.86,212200,股
2026-05-21,3661,世芯電子,0.82,9000,股
2026-05-21,2472,立隆電子工業,0.8,162000,股
2026-05-21,M_NTD,MARGIN,0.77,41501555,元
2026-05-21,2455,全新光電科技,0.72,101000,股
2026-05-21,3044,健鼎科技,0.7,78000,股
2026-05-21,5289,宜鼎國際,0.69,22000,股
2026-05-21,6831,邁科,0.69,48000,股
2026-05-21,3081,聯亞光電工業,0.66,14000,股
2026-05-21,3023,信邦電子,0.65,113000,股
2026-05-21,2885,元大金融控股,0.63,623000,股
2026-05-21,8996,高力熱處理工業,0.63,32000,股
2026-05-21,4749,新應材,0.56,28000,股
2026-05-21,2059,川湖科技,0.54,6000,股
2026-05-21,3105,穩懋半導體,0.54,60000,股
2026-05-21,3443,創意電子,0.47,5000,股
2026-05-21,2344,華邦電子,0.46,220000,股
2026-05-21,7751,竑騰,0.46,15000,股
2026-05-21,4979,華星光通科技,0.45,41000,股
2026-05-21,5439,高技企業,0.45,65180,股
2026-05-21,6438,迅得機械,0.42,140000,股
2026-05-21,3491,昇達科技,0.41,12000,股
2026-05-21,7750,新代,0.4,9000,股
2026-05-21,6805,富世達股份有限公司,0.37,11000,股
2026-05-21,2313,華通電腦,0.26,55000,股
2026-05-21,6531,愛普科技,0.24,15000,股
2026-05-21,2421,建準電機工業,0.21,73637,股
2026-05-21,6285,啟碁科技,0.21,40000,股
2026-05-21,6442,光紅建聖,0.2,6000,股
2026-05-21,3189,景碩科技,0.05,5000,股
2026-05-21,RDI_NTD,RECEIVABLES FOR DISPOSAL OF INVESTMENTS,0.0,5314014,元
2026-05-22,2330,台灣積體電路製造,8.81,220000,股
2026-05-22,2383,台光電子材料,6.58,74000,股
2026-05-22,2454,聯發科技,5.62,82000,股
2026-05-22,2308,台達電子工業,5.25,141000,股
2026-05-22,2345,智邦科技,5.22,119000,股
2026-05-22,C_NTD,CASH,4.51,253740547,元
2026-05-22,6669,緯穎科技服務,4.02,41000,股
2026-05-22,3037,欣興電子,4.0,232000,股
2026-05-22,6223,旺矽科技,3.86,36000,股
2026-05-22,3017,奇鋐科技,3.84,85000,股
2026-05-22,5274,信驊科技,3.79,12000,股
2026-05-22,2368,金像電子,3.66,155000,股
2026-05-22,2327,國巨*,3.15,282000,股
2026-05-22,3665,貿聯控股,2.81,71000,股
2026-05-22,8046,南亞電路板,2.52,152000,股
2026-05-22,3711,日月光投資控股,2.24,225000,股
2026-05-22,7769,鴻勁,2.2,16000,股
2026-05-22,6515,穎崴科技,2.01,13000,股
2026-05-22,3653,健策精密工業,1.95,30000,股
2026-05-22,6274,台燿科技,1.76,68000,股
2026-05-22,8210,勤誠興業,1.43,60000,股
2026-05-22,6510,中華精測科技,1.21,20000,股
2026-05-22,2449,京元電子,1.18,224500,股
2026-05-22,2303,聯華電子,1.06,525000,股
2026-05-22,2360,致茂電子,1.05,26000,股
2026-05-22,4958,臻鼎科技控股,0.98,107000,股
2026-05-22,8358,金居開發,0.89,96000,股
2026-05-22,3264,欣銓科技,0.83,212200,股
2026-05-22,3661,世芯電子,0.78,9000,股
2026-05-22,2455,全新光電科技,0.76,101000,股
2026-05-22,2472,立隆電子工業,0.75,162000,股
2026-05-22,M_NTD,MARGIN,0.74,41501555,元
2026-05-22,3044,健鼎科技,0.68,78000,股
2026-05-22,3081,聯亞光電工業,0.67,14000,股
2026-05-22,5289,宜鼎國際,0.67,22000,股
2026-05-22,6831,邁科,0.67,48000,股
2026-05-22,8996,高力熱處理工業,0.66,32000,股
2026-05-22,3023,信邦電子,0.63,113000,股
2026-05-22,2885,元大金融控股,0.61,623000,股
2026-05-22,4749,新應材,0.58,28000,股
2026-05-22,3105,穩懋半導體,0.57,60000,股
2026-05-22,2059,川湖科技,0.54,6000,股
2026-05-22,7750,新代,0.51,12000,股
2026-05-22,2344,華邦電子,0.49,220000,股
2026-05-22,7751,竑騰,0.48,15000,股
2026-05-22,3443,創意電子,0.46,5000,股
2026-05-22,4979,華星光通科技,0.46,41000,股
2026-05-22,5439,高技企業,0.45,65180,股
2026-05-22,6438,迅得機械,0.42,140000,股
2026-05-22,3491,昇達科技,0.41,12000,股
2026-05-22,6805,富世達股份有限公司,0.35,11000,股
2026-05-22,2467,志聖工業,0.29,27000,股
2026-05-22,6187,萬潤科技,0.28,14000,股
2026-05-22,2313,華通電腦,0.27,55000,股
2026-05-22,6531,愛普科技,0.26,15000,股
2026-05-22,2421,建準電機工業,0.21,73637,股
2026-05-22,6285,啟碁科技,0.21,40000,股
2026-05-22,6442,光紅建聖,0.2,6000,股
2026-05-22,3189,景碩科技,0.05,5000,股
2026-05-22,RDI_NTD,RECEIVABLES FOR DISPOSAL OF INVESTMENTS,0.0,-53105441,元
2026-05-25,2330,台灣積體電路製造,8.66,220000,股
2026-05-25,2383,台光電子材料,6.94,74000,股
2026-05-25,2454,聯發科技,5.93,82000,股
2026-05-25,2308,台達電子工業,5.5,141000,股
2026-05-25,2345,智邦科技,5.15,119000,股
2026-05-25,6669,緯穎科技服務,3.92,41000,股
2026-05-25,3037,欣興電子,3.91,232000,股
2026-05-25,6223,旺矽科技,3.8,36000,股
2026-05-25,2368,金像電子,3.76,155000,股
2026-05-25,3017,奇鋐科技,3.73,85000,股
2026-05-25,C_NTD,CASH,3.69,216558696,元
2026-05-25,5274,信驊科技,3.62,12000,股
2026-05-25,2327,國巨*,3.32,282000,股
2026-05-25,3665,貿聯控股,2.88,71000,股
2026-05-25,8046,南亞電路板,2.56,170000,股
2026-05-25,3711,日月光投資控股,2.36,225000,股
2026-05-25,7769,鴻勁,2.08,16000,股
2026-05-25,6515,穎崴科技,1.96,13000,股
2026-05-25,3653,健策精密工業,1.93,30000,股
2026-05-25,6274,台燿科技,1.85,68000,股
2026-05-25,8210,勤誠興業,1.47,60000,股
2026-05-25,2449,京元電子,1.21,224500,股
2026-05-25,6510,中華精測科技,1.18,20000,股
2026-05-25,2303,聯華電子,1.12,525000,股
2026-05-25,2360,致茂電子,1.09,26000,股
2026-05-25,4958,臻鼎科技控股,0.96,107000,股
2026-05-25,8358,金居開發,0.89,96000,股
2026-05-25,3264,欣銓科技,0.81,212200,股
2026-05-25,2472,立隆電子工業,0.77,162000,股
2026-05-25,2455,全新光電科技,0.76,101000,股
2026-05-25,3661,世芯電子,0.75,9000,股
2026-05-25,M_NTD,MARGIN,0.71,41501555,元
2026-05-25,3081,聯亞光電工業,0.7,14000,股
2026-05-25,3044,健鼎科技,0.66,78000,股
2026-05-25,6831,邁科,0.65,48000,股
2026-05-25,5289,宜鼎國際,0.63,22000,股
2026-05-25,8996,高力熱處理工業,0.62,32000,股
2026-05-25,2885,元大金融控股,0.6,623000,股
2026-05-25,3023,信邦電子,0.6,113000,股
2026-05-25,3105,穩懋半導體,0.55,60000,股
2026-05-25,4749,新應材,0.55,28000,股
2026-05-25,7750,新代,0.52,12000,股
2026-05-25,2059,川湖科技,0.51,6000,股
2026-05-25,2344,華邦電子,0.48,220000,股
2026-05-25,4979,華星光通科技,0.46,41000,股
2026-05-25,7751,竑騰,0.46,15000,股
2026-05-25,3443,創意電子,0.45,5000,股
2026-05-25,3491,昇達科技,0.43,12000,股
2026-05-25,5439,高技企業,0.43,65180,股
2026-05-25,6438,迅得機械,0.41,140000,股
2026-05-25,6805,富世達股份有限公司,0.33,11000,股
2026-05-25,2467,志聖工業,0.3,27000,股
2026-05-25,6187,萬潤科技,0.29,14000,股
2026-05-25,2313,華通電腦,0.28,55000,股
2026-05-25,6531,愛普科技,0.27,15000,股
2026-05-25,6442,光紅建聖,0.21,6000,股
2026-05-25,2421,建準電機工業,0.2,73637,股
2026-05-25,6285,啟碁科技,0.2,40000,股
2026-05-25,3189,景碩科技,0.06,5000,股
2026-05-25,RDI_NTD,RECEIVABLES FOR DISPOSAL OF INVESTMENTS,0.0,-55521371,元
2026-05-26,2330,台灣積體電路製造,8.45,220000,股
2026-05-26,2383,台光電子材料,6.9,77000,股
2026-05-26,2454,聯發科技,5.93,82000,股
2026-05-26,2308,台達電子工業,5.61,141000,股
2026-05-26,2345,智邦科技,5.28,119000,股
2026-05-26,3037,欣興電子,4.27,232000,股
2026-05-26,3017,奇鋐科技,3.92,85000,股
2026-05-26,6669,緯穎科技服務,3.85,43000,股
2026-05-26,6223,旺矽科技,3.81,36000,股
2026-05-26,2368,金像電子,3.8,155000,股
2026-05-26,5274,信驊科技,3.51,12000,股
2026-05-26,2327,國巨*,3.16,282000,股
2026-05-26,C_NTD,CASH,2.86,168750805,元
2026-05-26,3665,貿聯控股,2.73,71000,股
2026-05-26,8046,南亞電路板,2.66,170000,股
2026-05-26,3711,日月光投資控股,2.33,225000,股
2026-05-26,7769,鴻勁,2.14,16000,股
2026-05-26,6515,穎崴科技,1.96,13000,股
2026-05-26,3653,健策精密工業,1.87,30000,股
2026-05-26,6274,台燿科技,1.82,68000,股
2026-05-26,TX4E62026,臺指選擇權第四週週三到期契約買權,1.64,-120,口
2026-05-26,8210,勤誠興業,1.46,60000,股
2026-05-26,2449,京元電子,1.29,224500,股
2026-05-26,2303,聯華電子,1.16,525000,股
2026-05-26,6510,中華精測科技,1.16,20000,股
2026-05-26,2360,致茂電子,1.1,26000,股
2026-05-26,4958,臻鼎科技控股,0.98,107000,股
2026-05-26,8358,金居開發,0.87,96000,股
2026-05-26,2472,立隆電子工業,0.84,162000,股
2026-05-26,3264,欣銓科技,0.83,212200,股
2026-05-26,3081,聯亞光電工業,0.75,14000,股
2026-05-26,2455,全新光電科技,0.72,101000,股
2026-05-26,3661,世芯電子,0.71,9000,股
2026-05-26,M_NTD,MARGIN,0.71,41976640,元
2026-05-26,8996,高力熱處理工業,0.68,32000,股
2026-05-26,3044,健鼎科技,0.67,78000,股
2026-05-26,6831,邁科,0.67,48000,股
2026-05-26,5289,宜鼎國際,0.63,22000,股
2026-05-26,3023,信邦電子,0.61,113000,股
2026-05-26,2885,元大金融控股,0.6,623000,股
2026-05-26,3105,穩懋半導體,0.57,60000,股
2026-05-26,4749,新應材,0.54,28000,股
2026-05-26,2344,華邦電子,0.53,220000,股
2026-05-26,7750,新代,0.53,12000,股
2026-05-26,2059,川湖科技,0.51,6000,股
2026-05-26,4979,華星光通科技,0.47,41000,股
2026-05-26,3443,創意電子,0.45,5000,股
2026-05-26,7751,竑騰,0.45,15000,股
2026-05-26,2313,華通電腦,0.43,90000,股
2026-05-26,5439,高技企業,0.43,65180,股
2026-05-26,3491,昇達科技,0.42,12000,股
2026-05-26,6438,迅得機械,0.41,140000,股
2026-05-26,6531,愛普科技,0.38,21000,股
2026-05-26,6805,富世達股份有限公司,0.33,11000,股
2026-05-26,2467,志聖工業,0.31,27000,股
2026-05-26,6187,萬潤科技,0.27,14000,股
2026-05-26,6442,光紅建聖,0.23,6000,股
2026-05-26,2421,建準電機工業,0.21,73637,股
2026-05-26,6285,啟碁科技,0.21,40000,股
2026-05-26,3189,景碩科技,0.06,5000,股
2026-05-26,RDI_NTD,RECEIVABLES FOR DISPOSAL OF INVESTMENTS,0.0,-59093719,元
2026-05-27,2330,台灣積體電路製造,8.49,220000,股
2026-05-27,2383,台光電子材料,6.84,77000,股
2026-05-27,2454,聯發科技,6.38,82000,股
2026-05-27,2308,台達電子工業,5.95,141000,股
2026-05-27,2345,智邦科技,5.22,119000,股
2026-05-27,3037,欣興電子,4.2,232000,股
2026-05-27,3017,奇鋐科技,3.85,85000,股
2026-05-27,6223,旺矽科技,3.85,36000,股
2026-05-27,5274,信驊科技,3.67,12000,股
2026-05-27,6669,緯穎科技服務,3.66,43000,股
2026-05-27,2368,金像電子,3.57,155000,股
2026-05-27,2327,國巨*,3.31,282000,股
2026-05-27,8046,南亞電路板,2.58,170000,股
2026-05-27,C_NTD,CASH,2.56,152741013,元
2026-05-27,3665,貿聯控股,2.52,71000,股
2026-05-27,3711,日月光投資控股,2.42,225000,股
2026-05-27,6515,穎崴科技,2.13,13000,股
2026-05-27,7769,鴻勁,2.09,16000,股
2026-05-27,6274,台燿科技,1.86,68000,股
2026-05-27,3653,健策精密工業,1.84,30000,股
2026-05-27,8210,勤誠興業,1.4,60000,股
2026-05-27,2303,聯華電子,1.26,525000,股
2026-05-27,2449,京元電子,1.19,224500,股
2026-05-27,2360,致茂電子,1.14,26000,股
2026-05-27,6510,中華精測科技,1.07,20000,股
2026-05-27,4958,臻鼎科技控股,0.95,107000,股
2026-05-27,2472,立隆電子工業,0.92,162000,股
2026-05-27,8358,金居開發,0.9,96000,股
2026-05-27,3081,聯亞光電工業,0.87,18000,股
2026-05-27,3264,欣銓科技,0.82,212200,股
2026-05-27,2455,全新光電科技,0.71,101000,股
2026-05-27,M_NTD,MARGIN,0.69,41225960,元
2026-05-27,3044,健鼎科技,0.68,78000,股
2026-05-27,6831,邁科,0.66,48000,股
2026-05-27,8996,高力熱處理工業,0.65,32000,股
2026-05-27,5289,宜鼎國際,0.63,22000,股
2026-05-27,2885,元大金融控股,0.62,623000,股
2026-05-27,3023,信邦電子,0.59,113000,股
2026-05-27,2344,華邦電子,0.57,220000,股
2026-05-27,3105,穩懋半導體,0.56,60000,股
2026-05-27,3661,世芯電子,0.53,7000,股
2026-05-27,4749,新應材,0.52,28000,股
2026-05-27,7750,新代,0.5,12000,股
2026-05-27,2059,川湖科技,0.49,6000,股
2026-05-27,6187,萬潤科技,0.45,24000,股
2026-05-27,2313,華通電腦,0.43,90000,股
2026-05-27,3443,創意電子,0.43,5000,股
2026-05-27,4979,華星光通科技,0.43,41000,股
2026-05-27,7751,竑騰,0.43,15000,股
2026-05-27,3491,昇達科技,0.42,12000,股
2026-05-27,5439,高技企業,0.42,65180,股
2026-05-27,6438,迅得機械,0.4,140000,股
2026-05-27,6531,愛普科技,0.38,21000,股
2026-05-27,6805,富世達股份有限公司,0.32,11000,股
2026-05-27,2467,志聖工業,0.3,27000,股
2026-05-27,6285,啟碁科技,0.21,40000,股
2026-05-27,6442,光紅建聖,0.21,6000,股
2026-05-27,3189,景碩科技,0.06,5000,股
2026-05-27,RDI_NTD,RECEIVABLES FOR DISPOSAL OF INVESTMENTS,0.0,-45366379,元
2026-05-28,2330,台灣積體電路製造,8.72,220000,股
2026-05-28,2383,台光電子材料,6.74,77000,股
2026-05-28,2454,聯發科技,6.27,82000,股
2026-05-28,2308,台達電子工業,5.84,141000,股
2026-05-28,2345,智邦科技,5.02,119000,股
2026-05-28,3037,欣興電子,4.12,232000,股
2026-05-28,3017,奇鋐科技,3.8,85000,股
2026-05-28,6223,旺矽科技,3.69,36000,股
2026-05-28,6669,緯穎科技服務,3.69,43000,股
2026-05-28,2327,國巨*,3.63,282000,股
2026-05-28,2368,金像電子,3.51,155000,股
2026-05-28,5274,信驊科技,3.09,10000,股
2026-05-28,3665,貿聯控股,2.6,71000,股
2026-05-28,8046,南亞電路板,2.5,170000,股
2026-05-28,3711,日月光投資控股,2.44,225000,股
2026-05-28,7769,鴻勁,2.13,16000,股
2026-05-28,6515,穎崴科技,2.05,13000,股
2026-05-28,C_NTD,CASH,1.9,109657086,元
2026-05-28,2303,聯華電子,1.85,750000,股
2026-05-28,3653,健策精密工業,1.82,30000,股
2026-05-28,6274,台燿科技,1.81,68000,股
2026-05-28,8210,勤誠興業,1.38,60000,股
2026-05-28,TXZE62026,臺指選擇權第五週週五到期契約買權,1.25,-90,口
2026-05-28,2449,京元電子,1.24,224500,股
2026-05-28,2360,致茂電子,1.16,26000,股
2026-05-28,6510,中華精測科技,1.14,20000,股
2026-05-28,2472,立隆電子工業,1.04,162000,股
2026-05-28,8358,金居開發,0.92,96000,股
2026-05-28,4958,臻鼎科技控股,0.9,107000,股
2026-05-28,3264,欣銓科技,0.87,212200,股
2026-05-28,3081,聯亞光電工業,0.83,18000,股
2026-05-28,M_NTD,MARGIN,0.73,42091760,元
2026-05-28,2455,全新光電科技,0.69,101000,股
2026-05-28,3044,健鼎科技,0.67,78000,股
2026-05-28,6831,邁科,0.66,48000,股
2026-05-28,5289,宜鼎國際,0.65,22000,股
2026-05-28,2885,元大金融控股,0.64,623000,股
2026-05-28,8996,高力熱處理工業,0.61,32000,股
2026-05-28,3023,信邦電子,0.59,113000,股
2026-05-28,2344,華邦電子,0.55,220000,股
2026-05-28,3105,穩懋半導體,0.55,60000,股
2026-05-28,4749,新應材,0.53,28000,股
2026-05-28,3661,世芯電子,0.52,7000,股
2026-05-28,6187,萬潤科技,0.52,24000,股
2026-05-28,2059,川湖科技,0.49,6000,股
2026-05-28,7750,新代,0.49,12000,股
2026-05-28,7751,竑騰,0.45,15000,股
2026-05-28,4979,華星光通科技,0.43,41000,股
2026-05-28,3491,昇達科技,0.42,12000,股
2026-05-28,5439,高技企業,0.42,65180,股
2026-05-28,6438,迅得機械,0.42,140000,股
2026-05-28,2313,華通電腦,0.4,90000,股
2026-05-28,3443,創意電子,0.4,5000,股
2026-05-28,6531,愛普科技,0.4,21000,股
2026-05-28,6805,富世達股份有限公司,0.34,11000,股
2026-05-28,2467,志聖工業,0.29,27000,股
2026-05-28,6285,啟碁科技,0.21,40000,股
2026-05-28,6442,光紅建聖,0.2,6000,股
2026-05-28,3189,景碩科技,0.06,5000,股
2026-05-28,RDI_NTD,RECEIVABLES FOR DISPOSAL OF INVESTMENTS,0.0,1340665,元
2026-05-29,2330,台灣積體電路製造,8.8,220000,股
2026-05-29,2383,台光電子材料,6.71,77000,股
2026-05-29,2454,聯發科技,6.01,82000,股
2026-05-29,2308,台達電子工業,5.87,141000,股
2026-05-29,2345,智邦科技,4.92,119000,股
2026-05-29,3037,欣興電子,4.17,232000,股
2026-05-29,6669,緯穎科技服務,3.98,43000,股
2026-05-29,3017,奇鋐科技,3.85,85000,股
2026-05-29,6223,旺矽科技,3.65,36000,股
2026-05-29,2327,國巨*,3.54,282000,股
2026-05-29,2368,金像電子,3.48,155000,股
2026-05-29,5274,信驊科技,3.22,10000,股
2026-05-29,3665,貿聯控股,2.52,71000,股
2026-05-29,8046,南亞電路板,2.45,170000,股
2026-05-29,3711,日月光投資控股,2.34,225000,股
2026-05-29,7769,鴻勁,2.25,16000,股
2026-05-29,6274,台燿科技,1.96,68000,股
2026-05-29,6515,穎崴科技,1.92,13000,股
2026-05-29,2303,聯華電子,1.84,750000,股
2026-05-29,C_NTD,CASH,1.83,107374634,元
2026-05-29,3653,健策精密工業,1.81,30000,股
2026-05-29,8210,勤誠興業,1.39,60000,股
2026-05-29,2449,京元電子,1.26,224500,股
2026-05-29,2360,致茂電子,1.12,26000,股
2026-05-29,6510,中華精測科技,1.07,20000,股
2026-05-29,2472,立隆電子工業,1.02,162000,股
2026-05-29,8358,金居開發,0.99,96000,股
2026-05-29,4958,臻鼎科技控股,0.94,107000,股
2026-05-29,3264,欣銓科技,0.88,212200,股
2026-05-29,3081,聯亞光電工業,0.8,18000,股
2026-05-29,2455,全新光電科技,0.73,101000,股
2026-05-29,3044,健鼎科技,0.69,78000,股
2026-05-29,5289,宜鼎國際,0.68,22000,股
2026-05-29,M_NTD,MARGIN,0.66,38544410,元
2026-05-29,2885,元大金融控股,0.63,623000,股
2026-05-29,3023,信邦電子,0.61,113000,股
2026-05-29,6831,邁科,0.61,48000,股
2026-05-29,2344,華邦電子,0.59,220000,股
2026-05-29,8996,高力熱處理工業,0.59,32000,股
2026-05-29,3105,穩懋半導體,0.54,60000,股
2026-05-29,3661,世芯電子,0.53,7000,股
2026-05-29,2059,川湖科技,0.52,6000,股
2026-05-29,4749,新應材,0.51,28000,股
2026-05-29,7750,新代,0.49,12000,股
2026-05-29,6187,萬潤科技,0.46,24000,股
2026-05-29,3491,昇達科技,0.45,12000,股
2026-05-29,7751,竑騰,0.45,15000,股
2026-05-29,2313,華通電腦,0.44,90000,股
2026-05-29,4979,華星光通科技,0.44,41000,股
2026-05-29,6531,愛普科技,0.43,21000,股
2026-05-29,5439,高技企業,0.42,65180,股
2026-05-29,6438,迅得機械,0.42,140000,股
2026-05-29,3443,創意電子,0.4,5000,股
2026-05-29,6805,富世達股份有限公司,0.36,11000,股
2026-05-29,2467,志聖工業,0.28,27000,股
2026-05-29,6285,啟碁科技,0.22,40000,股
2026-05-29,6442,光紅建聖,0.19,6000,股
2026-05-29,3189,景碩科技,0.06,5000,股
2026-05-29,RDI_NTD,RECEIVABLES FOR DISPOSAL OF INVESTMENTS,0.0,3623117,元
2026-06-01,2330,台灣積體電路製造,8.73,220000,股
2026-06-01,2383,台光電子材料,6.57,77000,股
2026-06-01,2454,聯發科技,6.29,82000,股
2026-06-01,2308,台達電子工業,5.74,141000,股
2026-06-01,2345,智邦科技,5.03,119000,股
2026-06-01,3037,欣興電子,4.1,232000,股
2026-06-01,6669,緯穎科技服務,3.99,43000,股
2026-06-01,3017,奇鋐科技,3.98,85000,股
2026-06-01,2327,國巨*,3.75,282000,股
2026-06-01,2368,金像電子,3.46,155000,股
2026-06-01,6223,旺矽科技,3.44,36000,股
2026-06-01,5274,信驊科技,2.8,9000,股
2026-06-01,8046,南亞電路板,2.59,170000,股
2026-06-01,3665,貿聯控股,2.53,71000,股
2026-06-01,3711,日月光投資控股,2.28,225000,股
2026-06-01,7769,鴻勁,2.02,16000,股
2026-06-01,6274,台燿科技,1.95,68000,股
2026-06-01,3653,健策精密工業,1.94,30000,股
2026-06-01,6515,穎崴科技,1.9,13000,股
2026-06-01,C_NTD,CASH,1.87,110997751,元
2026-06-01,2303,聯華電子,1.84,750000,股
2026-06-01,8210,勤誠興業,1.41,60000,股
2026-06-01,2360,致茂電子,1.13,26000,股
2026-06-01,6510,中華精測科技,1.11,20000,股
2026-06-01,8358,金居開發,1.08,96000,股
2026-06-01,2472,立隆電子工業,1.07,162000,股
2026-06-01,4958,臻鼎科技控股,0.99,107000,股
2026-06-01,2449,京元電子,0.83,155000,股
2026-06-01,3081,聯亞光電工業,0.81,18000,股
2026-06-01,3264,欣銓科技,0.8,212200,股
2026-06-01,2455,全新光電科技,0.71,101000,股
2026-06-01,5289,宜鼎國際,0.71,22000,股
2026-06-01,3044,健鼎科技,0.68,78000,股
2026-06-01,M_NTD,MARGIN,0.65,38544410,元
2026-06-01,2344,華邦電子,0.62,220000,股
2026-06-01,2885,元大金融控股,0.62,623000,股
2026-06-01,6831,邁科,0.62,48000,股
2026-06-01,3023,信邦電子,0.6,113000,股
2026-06-01,3661,世芯電子,0.57,7000,股
2026-06-01,8996,高力熱處理工業,0.56,32000,股
2026-06-01,3105,穩懋半導體,0.54,60000,股
2026-06-01,2059,川湖科技,0.53,6000,股
2026-06-01,6531,愛普科技,0.51,27000,股
2026-06-01,4749,新應材,0.5,28000,股
2026-06-01,6147,頎邦科技,0.48,100000,股
2026-06-01,7751,竑騰,0.46,15000,股
2026-06-01,4979,華星光通科技,0.45,41000,股
2026-06-01,7750,新代,0.45,12000,股
2026-06-01,3491,昇達科技,0.44,12000,股
2026-06-01,2313,華通電腦,0.43,90000,股
2026-06-01,6187,萬潤科技,0.43,24000,股
2026-06-01,5439,高技企業,0.42,65180,股
2026-06-01,6438,迅得機械,0.41,140000,股
2026-06-01,3443,創意電子,0.39,5000,股
2026-06-01,6805,富世達股份有限公司,0.39,11000,股
2026-06-01,2467,志聖工業,0.29,27000,股
2026-06-01,6285,啟碁科技,0.21,40000,股
2026-06-01,6442,光紅建聖,0.19,6000,股
2026-06-01,3189,景碩科技,0.07,5000,股
2026-06-01,RDI_NTD,RECEIVABLES FOR DISPOSAL OF INVESTMENTS,0.0,5279543,元
2026-06-02,2330,台灣積體電路製造,9.01,220000,股
2026-06-02,2383,台光電子材料,6.44,77000,股
2026-06-02,2454,聯發科技,6.38,82000,股
2026-06-02,2308,台達電子工業,5.72,141000,股
2026-06-02,2345,智邦科技,4.96,119000,股
2026-06-02,2327,國巨*,4.1,282000,股
2026-06-02,6669,緯穎科技服務,4.05,43000,股
2026-06-02,3017,奇鋐科技,3.95,85000,股
2026-06-02,3037,欣興電子,3.89,232000,股
2026-06-02,6223,旺矽科技,3.41,36000,股
2026-06-02,2368,金像電子,3.4,155000,股
2026-06-02,5274,信驊科技,2.8,9000,股
2026-06-02,3665,貿聯控股,2.68,71000,股
2026-06-02,8046,南亞電路板,2.52,170000,股
2026-06-02,3711,日月光投資控股,2.28,225000,股
2026-06-02,3653,健策精密工業,2.06,30000,股
2026-06-02,7769,鴻勁,1.97,16000,股
2026-06-02,C_NTD,CASH,1.91,110997751,元
2026-06-02,6274,台燿科技,1.86,68000,股
2026-06-02,2303,聯華電子,1.83,750000,股
2026-06-02,6515,穎崴科技,1.81,13000,股
2026-06-02,8210,勤誠興業,1.42,60000,股
2026-06-02,TX1F62026,臺指選擇權第一週週三到期契約買權,1.23,-85,口
2026-06-02,6510,中華精測科技,1.11,20000,股
2026-06-02,2360,致茂電子,1.08,26000,股
2026-06-02,2472,立隆電子工業,1.06,162000,股
2026-06-02,8358,金居開發,1.04,96000,股
2026-06-02,4958,臻鼎科技控股,0.96,107000,股
2026-06-02,3081,聯亞光電工業,0.8,18000,股
2026-06-02,5289,宜鼎國際,0.71,22000,股
2026-06-02,2344,華邦電子,0.7,220000,股
2026-06-02,2455,全新光電科技,0.69,101000,股
2026-06-02,3044,健鼎科技,0.68,78000,股
2026-06-02,M_NTD,MARGIN,0.68,39267980,元
2026-06-02,2885,元大金融控股,0.64,623000,股
2026-06-02,3023,信邦電子,0.61,113000,股
2026-06-02,6147,頎邦科技,0.58,120000,股
2026-06-02,8996,高力熱處理工業,0.58,32000,股
2026-06-02,6831,邁科,0.57,48000,股
2026-06-02,3661,世芯電子,0.55,7000,股
2026-06-02,3105,穩懋半導體,0.54,60000,股
2026-06-02,2059,川湖科技,0.52,6000,股
2026-06-02,4749,新應材,0.51,28000,股
2026-06-02,2449,京元電子,0.5,95000,股
2026-06-02,6531,愛普科技,0.5,27000,股
2026-06-02,2382,廣達電腦,0.45,65000,股
2026-06-02,7750,新代,0.45,12000,股
2026-06-02,4979,華星光通科技,0.44,41000,股
2026-06-02,3491,昇達科技,0.43,12000,股
2026-06-02,7751,竑騰,0.43,15000,股
2026-06-02,2313,華通電腦,0.42,90000,股
2026-06-02,5439,高技企業,0.42,65180,股
2026-06-02,6187,萬潤科技,0.42,24000,股
2026-06-02,6805,富世達股份有限公司,0.41,11000,股
2026-06-02,3264,欣銓科技,0.39,107000,股
2026-06-02,3443,創意電子,0.39,5000,股
2026-06-02,6438,迅得機械,0.39,140000,股
2026-06-02,2467,志聖工業,0.27,27000,股
2026-06-02,6213,聯茂電子,0.23,50000,股
2026-06-02,6285,啟碁科技,0.21,40000,股
2026-06-02,6442,光紅建聖,0.19,6000,股
2026-06-02,3189,景碩科技,0.06,5000,股
2026-06-02,RDI_NTD,RECEIVABLES FOR DISPOSAL OF INVESTMENTS,0.0,306684,元
2026-06-03,2330,台灣積體電路製造,9.02,220000,股
2026-06-03,2454,聯發科技,6.3,82000,股
2026-06-03,2383,台光電子材料,6.29,77000,股
2026-06-03,2308,台達電子工業,5.85,141000,股
2026-06-03,2345,智邦科技,5.2,119000,股
2026-06-03,3017,奇鋐科技,4.1,85000,股
2026-06-03,6669,緯穎科技服務,4.07,43000,股
2026-06-03,3037,欣興電子,3.92,232000,股
2026-06-03,2327,國巨*,3.91,282000,股
2026-06-03,2368,金像電子,3.63,155000,股
2026-06-03,6223,旺矽科技,3.59,36000,股
2026-06-03,3665,貿聯控股,2.77,71000,股
2026-06-03,8046,南亞電路板,2.6,170000,股
2026-06-03,5274,信驊科技,2.43,8000,股
2026-06-03,3711,日月光投資控股,2.35,225000,股
2026-06-03,7769,鴻勁,2.04,16000,股
2026-06-03,3653,健策精密工業,1.98,30000,股
2026-06-03,C_NTD,CASH,1.97,116277294,元
2026-06-03,6274,台燿科技,1.95,68000,股
2026-06-03,6515,穎崴科技,1.81,13000,股
2026-06-03,2303,聯華電子,1.66,750000,股
2026-06-03,8210,勤誠興業,1.48,60000,股
2026-06-03,2360,致茂電子,1.12,26000,股
2026-06-03,6510,中華精測科技,1.12,20000,股
2026-06-03,8358,金居開發,1.0,96000,股
2026-06-03,2472,立隆電子工業,0.98,162000,股
2026-06-03,4958,臻鼎科技控股,0.92,107000,股
2026-06-03,3081,聯亞光電工業,0.86,18000,股
2026-06-03,2455,全新光電科技,0.71,101000,股
2026-06-03,5289,宜鼎國際,0.7,22000,股
2026-06-03,2885,元大金融控股,0.67,623000,股
2026-06-03,3044,健鼎科技,0.67,78000,股
2026-06-03,2344,華邦電子,0.66,220000,股
2026-06-03,2382,廣達電腦,0.64,91000,股
2026-06-03,M_NTD,MARGIN,0.64,37798620,元
2026-06-03,3023,信邦電子,0.61,113000,股
2026-06-03,8996,高力熱處理工業,0.59,32000,股
2026-06-03,6147,頎邦科技,0.56,120000,股
2026-06-03,3661,世芯電子,0.54,7000,股
2026-06-03,3105,穩懋半導體,0.52,60000,股
2026-06-03,4749,新應材,0.51,28000,股
2026-06-03,6531,愛普科技,0.5,27000,股
2026-06-03,7750,新代,0.47,12000,股
2026-06-03,4979,華星光通科技,0.44,41000,股
2026-06-03,6187,萬潤科技,0.43,24000,股
2026-06-03,2449,京元電子,0.42,77000,股
2026-06-03,3264,欣銓科技,0.42,107000,股
2026-06-03,2313,華通電腦,0.41,90000,股
2026-06-03,3491,昇達科技,0.41,12000,股
2026-06-03,5439,高技企業,0.41,65180,股
2026-06-03,7751,竑騰,0.4,15000,股
2026-06-03,3443,創意電子,0.39,5000,股
2026-06-03,6805,富世達股份有限公司,0.39,11000,股
2026-06-03,6438,迅得機械,0.38,140000,股
2026-06-03,6831,邁科,0.37,30000,股
2026-06-03,2059,川湖科技,0.36,4000,股
2026-06-03,2467,志聖工業,0.28,27000,股
2026-06-03,6213,聯茂電子,0.23,50000,股
2026-06-03,6285,啟碁科技,0.21,40000,股
2026-06-03,6442,光紅建聖,0.21,6000,股
2026-06-03,3189,景碩科技,0.06,5000,股
2026-06-03,RDI_NTD,RECEIVABLES FOR DISPOSAL OF INVESTMENTS,0.0,31567318,元
2026-06-04,2330,台灣積體電路製造,9.06,220000,股
2026-06-04,2383,台光電子材料,6.42,77000,股
2026-06-04,2454,聯發科技,6.27,82000,股
2026-06-04,2308,台達電子工業,5.9,141000,股
2026-06-04,2345,智邦科技,5.15,119000,股
2026-06-04,6669,緯穎科技服務,4.13,43000,股
2026-06-04,3017,奇鋐科技,3.97,85000,股
2026-06-04,3037,欣興電子,3.89,232000,股
2026-06-04,6223,旺矽科技,3.77,36000,股
2026-06-04,2327,國巨*,3.62,282000,股
2026-06-04,2368,金像電子,3.61,155000,股
2026-06-04,3665,貿聯控股,2.64,71000,股
2026-06-04,8046,南亞電路板,2.58,170000,股
2026-06-04,5274,信驊科技,2.52,8000,股
2026-06-04,3711,日月光投資控股,2.3,225000,股
2026-06-04,7769,鴻勁,2.04,16000,股
2026-06-04,6274,台燿科技,1.99,68000,股
2026-06-04,6515,穎崴科技,1.94,13000,股
2026-06-04,3653,健策精密工業,1.93,30000,股
2026-06-04,C_NTD,CASH,1.92,111304435,元
2026-06-04,2303,聯華電子,1.62,750000,股
2026-06-04,8210,勤誠興業,1.47,60000,股
2026-06-04,6510,中華精測科技,1.21,20000,股
2026-06-04,2360,致茂電子,1.18,26000,股
2026-06-04,2472,立隆電子工業,0.98,162000,股
2026-06-04,8358,金居開發,0.94,96000,股
2026-06-04,4958,臻鼎科技控股,0.91,107000,股
2026-06-04,3081,聯亞光電工業,0.8,18000,股
2026-06-04,5289,宜鼎國際,0.72,22000,股
2026-06-04,2455,全新光電科技,0.7,101000,股
2026-06-04,2885,元大金融控股,0.69,623000,股
2026-06-04,3044,健鼎科技,0.69,78000,股
2026-06-04,2344,華邦電子,0.68,220000,股
2026-06-04,M_NTD,MARGIN,0.65,37798620,元
2026-06-04,2382,廣達電腦,0.63,91000,股
2026-06-04,8996,高力熱處理工業,0.62,32000,股
2026-06-04,3023,信邦電子,0.61,113000,股
2026-06-04,6147,頎邦科技,0.56,120000,股
2026-06-04,3661,世芯電子,0.52,7000,股
2026-06-04,3105,穩懋半導體,0.5,60000,股
2026-06-04,4749,新應材,0.5,28000,股
2026-06-04,6531,愛普科技,0.49,27000,股
2026-06-04,7750,新代,0.47,12000,股
2026-06-04,6187,萬潤科技,0.46,24000,股
2026-06-04,3264,欣銓科技,0.44,107000,股
2026-06-04,2449,京元電子,0.43,77000,股
2026-06-04,4979,華星光通科技,0.42,41000,股
2026-06-04,2313,華通電腦,0.41,90000,股
2026-06-04,5439,高技企業,0.41,65180,股
2026-06-04,7751,竑騰,0.41,15000,股
2026-06-04,3491,昇達科技,0.4,12000,股
2026-06-04,6438,迅得機械,0.39,140000,股
2026-06-04,3443,創意電子,0.38,5000,股
2026-06-04,6805,富世達股份有限公司,0.38,11000,股
2026-06-04,2059,川湖科技,0.37,4000,股
2026-06-04,6831,邁科,0.37,30000,股
2026-06-04,2467,志聖工業,0.29,27000,股
2026-06-04,6213,聯茂電子,0.22,50000,股
2026-06-04,6442,光紅建聖,0.22,6000,股
2026-06-04,6285,啟碁科技,0.2,40000,股
2026-06-04,3189,景碩科技,0.06,5000,股
2026-06-04,RDI_NTD,RECEIVABLES FOR DISPOSAL OF INVESTMENTS,0.0,36540177,元
2026-06-05,2330,台灣積體電路製造,9.12,220000,股
2026-06-05,2383,台光電子材料,6.6,77000,股
2026-06-05,2454,聯發科技,6.19,82000,股
2026-06-05,2308,台達電子工業,5.69,141000,股
2026-06-05,2345,智邦科技,5.2,119000,股
2026-06-05,6669,緯穎科技服務,4.27,43000,股
2026-06-05,3017,奇鋐科技,3.88,85000,股
2026-06-05,2327,國巨*,3.81,282000,股
2026-06-05,3037,欣興電子,3.8,232000,股
2026-06-05,6223,旺矽科技,3.64,36000,股
2026-06-05,2368,金像電子,3.58,155000,股
2026-06-05,3665,貿聯控股,2.74,71000,股
2026-06-05,C_NTD,CASH,2.53,144175758,元
2026-06-05,8046,南亞電路板,2.52,170000,股
2026-06-05,5274,信驊科技,2.46,8000,股
2026-06-05,3711,日月光投資控股,2.28,225000,股
2026-06-05,7769,鴻勁,2.04,16000,股
2026-06-05,6274,台燿科技,1.92,68000,股
2026-06-05,6515,穎崴科技,1.92,13000,股
2026-06-05,3653,健策精密工業,1.91,30000,股
2026-06-05,2303,聯華電子,1.73,750000,股
2026-06-05,8210,勤誠興業,1.44,60000,股
2026-06-05,2360,致茂電子,1.17,26000,股
2026-06-05,6510,中華精測科技,1.16,20000,股
2026-06-05,2472,立隆電子工業,1.03,162000,股
2026-06-05,8358,金居開發,1.0,96000,股
2026-06-05,4958,臻鼎科技控股,0.95,107000,股
2026-06-05,3081,聯亞光電工業,0.84,18000,股
2026-06-05,2455,全新光電科技,0.71,101000,股
2026-06-05,2885,元大金融控股,0.71,623000,股
2026-06-05,3044,健鼎科技,0.68,78000,股
2026-06-05,5289,宜鼎國際,0.68,22000,股
2026-06-05,M_NTD,MARGIN,0.66,37798620,元
2026-06-05,3023,信邦電子,0.65,113000,股
2026-06-05,2344,華邦電子,0.63,220000,股
2026-06-05,8996,高力熱處理工業,0.63,32000,股
2026-06-05,2382,廣達電腦,0.62,91000,股
2026-06-05,6147,頎邦科技,0.57,120000,股
2026-06-05,3661,世芯電子,0.53,7000,股
2026-06-05,3105,穩懋半導體,0.51,60000,股
2026-06-05,4749,新應材,0.5,28000,股
2026-06-05,6531,愛普科技,0.48,27000,股
2026-06-05,7750,新代,0.48,12000,股
2026-06-05,6187,萬潤科技,0.47,24000,股
2026-06-05,3264,欣銓科技,0.43,107000,股
2026-06-05,4979,華星光通科技,0.43,41000,股
2026-06-05,2449,京元電子,0.42,77000,股
2026-06-05,5439,高技企業,0.42,65180,股
2026-06-05,2313,華通電腦,0.41,90000,股
2026-06-05,3491,昇達科技,0.41,12000,股
2026-06-05,7751,竑騰,0.41,15000,股
2026-06-05,3443,創意電子,0.39,5000,股
2026-06-05,6438,迅得機械,0.39,140000,股
2026-06-05,6805,富世達股份有限公司,0.38,11000,股
2026-06-05,2467,志聖工業,0.27,27000,股
2026-06-05,6213,聯茂電子,0.22,50000,股
2026-06-05,6442,光紅建聖,0.22,6000,股
2026-06-05,6285,啟碁科技,0.21,40000,股
2026-06-05,3189,景碩科技,0.06,5000,股
2026-06-05,RDI_NTD,RECEIVABLES FOR DISPOSAL OF INVESTMENTS,0.0,44333899,元
2026-06-08,2330,台灣積體電路製造,9.14,220000,股
2026-06-08,2383,台光電子材料,6.65,77000,股
2026-06-08,2454,聯發科技,6.04,82000,股
2026-06-08,2308,台達電子工業,5.76,141000,股
2026-06-08,2345,智邦科技,5.22,119000,股
2026-06-08,6669,緯穎科技服務,4.11,43000,股
2026-06-08,3017,奇鋐科技,3.96,85000,股
2026-06-08,2327,國巨*,3.84,282000,股
2026-06-08,3037,欣興電子,3.83,232000,股
2026-06-08,2368,金像電子,3.82,155000,股
2026-06-08,6223,旺矽科技,3.6,36000,股
2026-06-08,3665,貿聯控股,2.69,71000,股
2026-06-08,8046,南亞電路板,2.56,170000,股
2026-06-08,5274,信驊科技,2.54,8000,股
2026-06-08,3711,日月光投資控股,2.2,225000,股
2026-06-08,3653,健策精密工業,2.08,30000,股
2026-06-08,7769,鴻勁,2.04,16000,股
2026-06-08,6515,穎崴科技,1.97,13000,股
2026-06-08,C_NTD,CASH,1.95,107708114,元
2026-06-08,6274,台燿科技,1.89,68000,股
2026-06-08,2303,聯華電子,1.64,750000,股
2026-06-08,8210,勤誠興業,1.49,60000,股
2026-06-08,6510,中華精測科技,1.29,20000,股
2026-06-08,2360,致茂電子,1.15,26000,股
2026-06-08,8358,金居開發,1.02,96000,股
2026-06-08,2472,立隆電子工業,0.99,162000,股
2026-06-08,4958,臻鼎科技控股,0.99,107000,股
2026-06-08,3081,聯亞光電工業,0.81,18000,股
2026-06-08,5289,宜鼎國際,0.72,22000,股
2026-06-08,2885,元大金融控股,0.7,623000,股
2026-06-08,8996,高力熱處理工業,0.7,32000,股
2026-06-08,3044,健鼎科技,0.68,78000,股
2026-06-08,M_NTD,MARGIN,0.68,37798620,元
2026-06-08,2455,全新光電科技,0.66,101000,股
2026-06-08,3023,信邦電子,0.66,113000,股
2026-06-08,2382,廣達電腦,0.62,91000,股
2026-06-08,2344,華邦電子,0.61,220000,股
2026-06-08,3661,世芯電子,0.53,7000,股
2026-06-08,6147,頎邦科技,0.53,120000,股
2026-06-08,3105,穩懋半導體,0.49,60000,股
2026-06-08,4749,新應材,0.48,28000,股
2026-06-08,6187,萬潤科技,0.47,24000,股
2026-06-08,7750,新代,0.47,12000,股
2026-06-08,6531,愛普科技,0.44,27000,股
2026-06-08,5439,高技企業,0.42,65180,股
2026-06-08,2313,華通電腦,0.41,90000,股
2026-06-08,3264,欣銓科技,0.41,107000,股
2026-06-08,2449,京元電子,0.4,77000,股
2026-06-08,4979,華星光通科技,0.4,41000,股
2026-06-08,3443,創意電子,0.39,5000,股
2026-06-08,3491,昇達科技,0.39,12000,股
2026-06-08,7751,竑騰,0.39,15000,股
2026-06-08,6438,迅得機械,0.38,140000,股
2026-06-08,6805,富世達股份有限公司,0.38,11000,股
2026-06-08,2467,志聖工業,0.28,27000,股
2026-06-08,6213,聯茂電子,0.22,50000,股
2026-06-08,6442,光紅建聖,0.21,6000,股
2026-06-08,6285,啟碁科技,0.2,40000,股
2026-06-08,3189,景碩科技,0.06,5000,股
2026-06-08,RDI_NTD,RECEIVABLES FOR DISPOSAL OF INVESTMENTS,0.0,44333899,元
2026-06-09,2330,台灣積體電路製造,8.79,220000,股
2026-06-09,2383,台光電子材料,6.76,77000,股
2026-06-09,2454,聯發科技,6.36,82000,股
2026-06-09,2308,台達電子工業,5.9,141000,股
2026-06-09,2345,智邦科技,5.11,119000,股
2026-06-09,2327,國巨*,4.04,282000,股
2026-06-09,2368,金像電子,4.02,155000,股
2026-06-09,6669,緯穎科技服務,3.95,43000,股
2026-06-09,3037,欣興電子,3.9,232000,股
2026-06-09,3017,奇鋐科技,3.75,85000,股
2026-06-09,6223,旺矽科技,3.67,36000,股
2026-06-09,8046,南亞電路板,2.69,170000,股
2026-06-09,3665,貿聯控股,2.65,71000,股
2026-06-09,C_NTD,CASH,2.64,152042013,元
2026-06-09,5274,信驊科技,2.48,8000,股
2026-06-09,3711,日月光投資控股,2.22,225000,股
2026-06-09,3653,健策精密工業,2.05,30000,股
2026-06-09,6515,穎崴科技,1.94,13000,股
2026-06-09,7769,鴻勁,1.93,16000,股
2026-06-09,6274,台燿科技,1.9,68000,股
2026-06-09,2303,聯華電子,1.66,750000,股
2026-06-09,8210,勤誠興業,1.57,60000,股
2026-06-09,6510,中華精測科技,1.18,20000,股
2026-06-09,2360,致茂電子,1.08,26000,股
2026-06-09,2472,立隆電子工業,1.05,162000,股
2026-06-09,8358,金居開發,1.02,96000,股
2026-06-09,4958,臻鼎科技控股,1.01,107000,股
2026-06-09,3081,聯亞光電工業,0.78,18000,股
2026-06-09,5289,宜鼎國際,0.76,22000,股
2026-06-09,8996,高力熱處理工業,0.74,32000,股
2026-06-09,2885,元大金融控股,0.7,623000,股
2026-06-09,2455,全新光電科技,0.69,101000,股
2026-06-09,3044,健鼎科技,0.68,78000,股
2026-06-09,M_NTD,MARGIN,0.66,37798620,元
2026-06-09,3023,信邦電子,0.64,113000,股
2026-06-09,2344,華邦電子,0.6,220000,股
2026-06-09,2382,廣達電腦,0.59,91000,股
2026-06-09,3105,穩懋半導體,0.52,60000,股
2026-06-09,3661,世芯電子,0.52,7000,股
2026-06-09,6147,頎邦科技,0.52,120000,股
2026-06-09,4749,新應材,0.48,28000,股
2026-06-09,6187,萬潤科技,0.47,24000,股
2026-06-09,7750,新代,0.46,12000,股
2026-06-09,6531,愛普科技,0.45,27000,股
2026-06-09,2313,華通電腦,0.43,90000,股
2026-06-09,5439,高技企業,0.41,65180,股
2026-06-09,3264,欣銓科技,0.4,107000,股
2026-06-09,4979,華星光通科技,0.4,41000,股
2026-06-09,2449,京元電子,0.39,77000,股
2026-06-09,7751,竑騰,0.39,15000,股
2026-06-09,3491,昇達科技,0.38,12000,股
2026-06-09,3443,創意電子,0.37,5000,股
2026-06-09,6805,富世達股份有限公司,0.37,11000,股
2026-06-09,6438,迅得機械,0.36,140000,股
2026-06-09,2467,志聖工業,0.27,27000,股
2026-06-09,6213,聯茂電子,0.22,50000,股
2026-06-09,6285,啟碁科技,0.2,40000,股
2026-06-09,3189,景碩科技,0.06,5000,股
2026-06-09,RDI_NTD,RECEIVABLES FOR DISPOSAL OF INVESTMENTS,0.0,12492348,元
2026-06-10,2330,台灣積體電路製造,9.07,220000,股
2026-06-10,2383,台光電子材料,6.95,77000,股
2026-06-10,2454,聯發科技,6.23,82000,股
2026-06-10,2308,台達電子工業,5.67,141000,股
2026-06-10,2345,智邦科技,5.14,119000,股
2026-06-10,2327,國巨*,4.22,282000,股
2026-06-10,2368,金像電子,4.02,155000,股
2026-06-10,6669,緯穎科技服務,3.98,43000,股
2026-06-10,6223,旺矽科技,3.8,36000,股
2026-06-10,3037,欣興電子,3.75,232000,股
2026-06-10,3017,奇鋐科技,3.67,85000,股
2026-06-10,3665,貿聯控股,2.8,71000,股
2026-06-10,8046,南亞電路板,2.63,170000,股
2026-06-10,C_NTD,CASH,2.62,143245735,元
2026-06-10,5274,信驊科技,2.46,8000,股
2026-06-10,3711,日月光投資控股,2.22,225000,股
2026-06-10,3653,健策精密工業,2.08,30000,股
2026-06-10,7769,鴻勁,2.0,16000,股
2026-06-10,6515,穎崴科技,1.93,13000,股
2026-06-10,6274,台燿科技,1.86,68000,股
2026-06-10,2303,聯華電子,1.62,750000,股
2026-06-10,8210,勤誠興業,1.58,60000,股
2026-06-10,6510,中華精測科技,1.17,20000,股
2026-06-10,2360,致茂電子,1.05,26000,股
2026-06-10,2472,立隆電子工業,0.99,162000,股
2026-06-10,4958,臻鼎科技控股,0.98,107000,股
2026-06-10,8358,金居開發,0.97,96000,股
2026-06-10,3081,聯亞光電工業,0.74,18000,股
2026-06-10,5289,宜鼎國際,0.72,22000,股
2026-06-10,2885,元大金融控股,0.71,623000,股
2026-06-10,8996,高力熱處理工業,0.71,32000,股
2026-06-10,M_NTD,MARGIN,0.69,37798620,元
2026-06-10,3044,健鼎科技,0.68,78000,股
2026-06-10,2455,全新光電科技,0.66,101000,股
2026-06-10,2382,廣達電腦,0.63,91000,股
2026-06-10,3023,信邦電子,0.63,113000,股
2026-06-10,2344,華邦電子,0.6,220000,股
2026-06-10,3105,穩懋半導體,0.52,60000,股
2026-06-10,3661,世芯電子,0.52,7000,股
2026-06-10,6147,頎邦科技,0.5,120000,股
2026-06-10,4749,新應材,0.47,28000,股
2026-06-10,6187,萬潤科技,0.47,24000,股
2026-06-10,7750,新代,0.47,12000,股
2026-06-10,6531,愛普科技,0.44,27000,股
2026-06-10,2313,華通電腦,0.43,90000,股
2026-06-10,5439,高技企業,0.42,65180,股
2026-06-10,3264,欣銓科技,0.41,107000,股
2026-06-10,2449,京元電子,0.38,77000,股
2026-06-10,4979,華星光通科技,0.38,41000,股
2026-06-10,7751,竑騰,0.38,15000,股
2026-06-10,3443,創意電子,0.37,5000,股
2026-06-10,6438,迅得機械,0.37,140000,股
2026-06-10,3491,昇達科技,0.36,12000,股
2026-06-10,6805,富世達股份有限公司,0.35,11000,股
2026-06-10,2467,志聖工業,0.27,27000,股
2026-06-10,6213,聯茂電子,0.23,50000,股
2026-06-10,6285,啟碁科技,0.2,40000,股
2026-06-10,3189,景碩科技,0.06,5000,股
2026-06-10,RDI_NTD,RECEIVABLES FOR DISPOSAL OF INVESTMENTS,0.0,12492348,元
2026-06-11,2330,台灣積體電路製造,9.06,220000,股
2026-06-11,2383,台光電子材料,7.19,77000,股
2026-06-11,2454,聯發科技,6.14,82000,股
2026-06-11,2308,台達電子工業,5.58,141000,股
2026-06-11,2345,智邦科技,4.96,119000,股
2026-06-11,2327,國巨*,4.35,282000,股
2026-06-11,6223,旺矽科技,4.02,36000,股
2026-06-11,6669,緯穎科技服務,3.86,43000,股
2026-06-11,2368,金像電子,3.82,155000,股
2026-06-11,3017,奇鋐科技,3.64,85000,股
2026-06-11,3037,欣興電子,3.63,232000,股
2026-06-11,3665,貿聯控股,2.81,71000,股
2026-06-11,5274,信驊科技,2.58,8000,股
2026-06-11,C_NTD,CASH,2.54,138634113,元
2026-06-11,8046,南亞電路板,2.51,170000,股
2026-06-11,3711,日月光投資控股,2.24,225000,股
2026-06-11,6515,穎崴科技,2.08,13000,股
2026-06-11,7769,鴻勁,2.07,16000,股
2026-06-11,3653,健策精密工業,1.99,30000,股
2026-06-11,6274,台燿科技,1.84,68000,股
2026-06-11,2303,聯華電子,1.72,750000,股
2026-06-11,8210,勤誠興業,1.58,60000,股
2026-06-11,6510,中華精測科技,1.24,20000,股
2026-06-11,2360,致茂電子,1.04,26000,股
2026-06-11,2472,立隆電子工業,1.04,162000,股
2026-06-11,4958,臻鼎科技控股,1.04,107000,股
2026-06-11,8358,金居開發,0.95,96000,股
2026-06-11,3081,聯亞光電工業,0.71,18000,股
2026-06-11,2885,元大金融控股,0.7,623000,股
2026-06-11,3044,健鼎科技,0.69,78000,股
2026-06-11,5289,宜鼎國際,0.69,22000,股
2026-06-11,M_NTD,MARGIN,0.69,37798620,元
2026-06-11,8996,高力熱處理工業,0.67,32000,股
2026-06-11,3023,信邦電子,0.64,113000,股
2026-06-11,2344,華邦電子,0.63,220000,股
2026-06-11,2382,廣達電腦,0.62,91000,股
2026-06-11,2455,全新光電科技,0.59,101000,股
2026-06-11,3105,穩懋半導體,0.53,60000,股
2026-06-11,3661,世芯電子,0.52,7000,股
2026-06-11,6147,頎邦科技,0.49,120000,股
2026-06-11,4749,新應材,0.47,28000,股
2026-06-11,7750,新代,0.46,12000,股
2026-06-11,2313,華通電腦,0.45,90000,股
2026-06-11,6187,萬潤科技,0.45,24000,股
2026-06-11,6531,愛普科技,0.44,27000,股
2026-06-11,3264,欣銓科技,0.42,107000,股
2026-06-11,5439,高技企業,0.41,65180,股
2026-06-11,2449,京元電子,0.38,77000,股
2026-06-11,3443,創意電子,0.38,5000,股
2026-06-11,3491,昇達科技,0.37,12000,股
2026-06-11,6438,迅得機械,0.37,140000,股
2026-06-11,4979,華星光通科技,0.36,41000,股
2026-06-11,7751,竑騰,0.36,15000,股
2026-06-11,6805,富世達股份有限公司,0.35,11000,股
2026-06-11,2467,志聖工業,0.27,27000,股
2026-06-11,6213,聯茂電子,0.23,50000,股
2026-06-11,6285,啟碁科技,0.2,40000,股
2026-06-11,3189,景碩科技,0.06,5000,股
2026-06-12,2330,台灣積體電路製造,9.09,220000,股
2026-06-12,2383,台光電子材料,6.66,77000,股
2026-06-12,2454,聯發科技,6.13,82000,股
2026-06-12,2308,台達電子工業,5.59,141000,股
2026-06-12,2345,智邦科技,4.97,119000,股
2026-06-12,2327,國巨*,4.32,282000,股
2026-06-12,6223,旺矽科技,4.18,36000,股
2026-06-12,3037,欣興電子,3.75,232000,股
2026-06-12,6669,緯穎科技服務,3.73,43000,股
2026-06-12,2368,金像電子,3.66,155000,股
2026-06-12,3017,奇鋐科技,3.66,85000,股
2026-06-12,3665,貿聯控股,2.94,71000,股
2026-06-12,5274,信驊科技,2.64,8000,股
2026-06-12,8046,南亞電路板,2.49,170000,股
2026-06-12,C_NTD,CASH,2.48,138634113,元
2026-06-12,3711,日月光投資控股,2.38,225000,股
2026-06-12,6515,穎崴科技,2.23,13000,股
2026-06-12,7769,鴻勁,2.06,16000,股
2026-06-12,3653,健策精密工業,1.98,30000,股
2026-06-12,2303,聯華電子,1.79,750000,股
2026-06-12,6274,台燿科技,1.74,68000,股
2026-06-12,8210,勤誠興業,1.58,60000,股
2026-06-12,6510,中華精測科技,1.29,20000,股
2026-06-12,2472,立隆電子工業,1.08,162000,股
2026-06-12,2360,致茂電子,1.07,26000,股
2026-06-12,4958,臻鼎科技控股,1.06,107000,股
2026-06-12,8358,金居開發,0.99,96000,股
2026-06-12,2885,元大金融控股,0.71,623000,股
2026-06-12,3081,聯亞光電工業,0.71,18000,股
2026-06-12,5289,宜鼎國際,0.71,22000,股
2026-06-12,3044,健鼎科技,0.69,78000,股
2026-06-12,2344,華邦電子,0.68,220000,股
2026-06-12,M_NTD,MARGIN,0.68,37798620,元
2026-06-12,8996,高力熱處理工業,0.66,32000,股
2026-06-12,2455,全新光電科技,0.64,101000,股
2026-06-12,3023,信邦電子,0.64,113000,股
2026-06-12,2382,廣達電腦,0.61,91000,股
2026-06-12,3105,穩懋半導體,0.54,60000,股
2026-06-12,3661,世芯電子,0.51,7000,股
2026-06-12,6147,頎邦科技,0.48,120000,股
2026-06-12,7750,新代,0.48,12000,股
2026-06-12,6187,萬潤科技,0.47,24000,股
2026-06-12,4749,新應材,0.46,28000,股
2026-06-12,6531,愛普科技,0.45,27000,股
2026-06-12,3264,欣銓科技,0.44,107000,股
2026-06-12,2313,華通電腦,0.42,90000,股
2026-06-12,2449,京元電子,0.39,77000,股
2026-06-12,3443,創意電子,0.39,5000,股
2026-06-12,5439,高技企業,0.38,65180,股
2026-06-12,4979,華星光通科技,0.37,41000,股
2026-06-12,6438,迅得機械,0.37,140000,股
2026-06-12,7751,竑騰,0.37,15000,股
2026-06-12,3491,昇達科技,0.36,12000,股
2026-06-12,6805,富世達股份有限公司,0.36,11000,股
2026-06-12,8150,南茂科技,0.31,180000,股
2026-06-12,2467,志聖工業,0.27,27000,股
2026-06-12,6213,聯茂電子,0.23,50000,股
2026-06-12,6285,啟碁科技,0.19,40000,股
2026-06-12,3189,景碩科技,0.05,5000,股
2026-06-12,RDI_NTD,RECEIVABLES FOR DISPOSAL OF INVESTMENTS,0.0,-17650093,元
2026-06-15,2330,台灣積體電路製造,9.15,220000,股
2026-06-15,2383,台光電子材料,6.75,77000,股
2026-06-15,2454,聯發科技,6.39,82000,股
2026-06-15,2308,台達電子工業,5.43,141000,股
2026-06-15,2345,智邦科技,5.04,119000,股
2026-06-15,2327,國巨*,4.62,282000,股
2026-06-15,6223,旺矽科技,4.04,36000,股
2026-06-15,3037,欣興電子,3.88,232000,股
2026-06-15,6669,緯穎科技服務,3.67,43000,股
2026-06-15,2368,金像電子,3.57,155000,股
2026-06-15,3017,奇鋐科技,3.57,85000,股
2026-06-15,3665,貿聯控股,2.8,71000,股
2026-06-15,8046,南亞電路板,2.55,170000,股
2026-06-15,5274,信驊科技,2.48,8000,股
2026-06-15,3711,日月光投資控股,2.31,225000,股
2026-06-15,C_NTD,CASH,2.27,130144609,元
2026-06-15,6515,穎崴科技,2.25,13000,股
2026-06-15,3653,健策精密工業,2.01,30000,股
2026-06-15,7769,鴻勁,2.01,16000,股
2026-06-15,6274,台燿科技,1.86,68000,股
2026-06-15,2303,聯華電子,1.85,750000,股
2026-06-15,8210,勤誠興業,1.5,60000,股
2026-06-15,6510,中華精測科技,1.25,20000,股
2026-06-15,4958,臻鼎科技控股,1.1,107000,股
2026-06-15,2472,立隆電子工業,1.09,162000,股
2026-06-15,8358,金居開發,1.04,96000,股
2026-06-15,2360,致茂電子,1.03,26000,股
2026-06-15,5289,宜鼎國際,0.74,22000,股
2026-06-15,2344,華邦電子,0.73,220000,股
2026-06-15,2885,元大金融控股,0.71,623000,股
2026-06-15,3044,健鼎科技,0.71,78000,股
2026-06-15,8996,高力熱處理工業,0.7,32000,股
2026-06-15,M_NTD,MARGIN,0.66,37798620,元
2026-06-15,2455,全新光電科技,0.65,101000,股
2026-06-15,3023,信邦電子,0.63,113000,股
2026-06-15,3081,聯亞光電工業,0.61,15000,股
2026-06-15,2382,廣達電腦,0.59,91000,股
2026-06-15,3105,穩懋半導體,0.53,60000,股
2026-06-15,3661,世芯電子,0.52,7000,股
2026-06-15,6147,頎邦科技,0.49,120000,股
2026-06-15,6187,萬潤科技,0.47,24000,股
2026-06-15,4749,新應材,0.46,28000,股
2026-06-15,7750,新代,0.45,12000,股
2026-06-15,6531,愛普科技,0.44,27000,股
2026-06-15,3264,欣銓科技,0.43,107000,股
2026-06-15,3443,創意電子,0.42,5000,股
2026-06-15,2313,華通電腦,0.4,90000,股
2026-06-15,4979,華星光通科技,0.39,41000,股
2026-06-15,2449,京元電子,0.38,77000,股
2026-06-15,5439,高技企業,0.38,65180,股
2026-06-15,6438,迅得機械,0.37,140000,股
2026-06-15,3491,昇達科技,0.33,12000,股
2026-06-15,6805,富世達股份有限公司,0.33,11000,股
2026-06-15,8150,南茂科技,0.3,180000,股
2026-06-15,7751,竑騰,0.29,12000,股
2026-06-15,2467,志聖工業,0.27,27000,股
2026-06-15,6213,聯茂電子,0.23,50000,股
2026-06-15,6285,啟碁科技,0.19,40000,股
2026-06-15,3189,景碩科技,0.06,5000,股
2026-06-15,RDI_NTD,RECEIVABLES FOR DISPOSAL OF INVESTMENTS,0.0,-6567368,元
2026-06-16,2330,台灣積體電路製造,9.18,220000,股
2026-06-16,2383,台光電子材料,6.82,77000,股
2026-06-16,2454,聯發科技,6.47,82000,股
2026-06-16,2308,台達電子工業,5.44,141000,股
2026-06-16,2345,智邦科技,5.19,119000,股
2026-06-16,2327,國巨*,4.64,282000,股
2026-06-16,6223,旺矽科技,4.01,36000,股
2026-06-16,3037,欣興電子,3.94,232000,股
2026-06-16,6669,緯穎科技服務,3.63,43000,股
2026-06-16,2368,金像電子,3.61,155000,股
2026-06-16,3017,奇鋐科技,3.49,85000,股
2026-06-16,8046,南亞電路板,2.65,170000,股
2026-06-16,3665,貿聯控股,2.6,71000,股
2026-06-16,5274,信驊科技,2.51,8000,股
2026-06-16,3711,日月光投資控股,2.3,225000,股
2026-06-16,6515,穎崴科技,2.24,13000,股
2026-06-16,7769,鴻勁,2.04,16000,股
2026-06-16,3653,健策精密工業,1.96,30000,股
2026-06-16,C_NTD,CASH,1.95,112494516,元
2026-06-16,6274,台燿科技,1.89,68000,股
2026-06-16,2303,聯華電子,1.83,750000,股
2026-06-16,8210,勤誠興業,1.4,60000,股
2026-06-16,6510,中華精測科技,1.21,20000,股
2026-06-16,4958,臻鼎科技控股,1.16,107000,股
2026-06-16,2360,致茂電子,1.05,26000,股
2026-06-16,8358,金居開發,1.05,96000,股
2026-06-16,2472,立隆電子工業,0.97,162000,股
2026-06-16,8996,高力熱處理工業,0.76,32000,股
2026-06-16,2344,華邦電子,0.75,220000,股
2026-06-16,3044,健鼎科技,0.74,78000,股
2026-06-16,5289,宜鼎國際,0.74,22000,股
2026-06-16,2455,全新光電科技,0.71,101000,股
2026-06-16,2885,元大金融控股,0.7,623000,股
2026-06-16,M_NTD,MARGIN,0.65,37798620,元
2026-06-16,3023,信邦電子,0.61,113000,股
2026-06-16,3081,聯亞光電工業,0.59,15000,股
2026-06-16,2382,廣達電腦,0.57,91000,股
2026-06-16,3661,世芯電子,0.52,7000,股
2026-06-16,3105,穩懋半導體,0.51,60000,股
2026-06-16,6147,頎邦科技,0.47,120000,股
2026-06-16,6187,萬潤科技,0.47,24000,股
2026-06-16,7750,新代,0.47,12000,股
2026-06-16,4749,新應材,0.45,28000,股
2026-06-16,3443,創意電子,0.43,5000,股
2026-06-16,6531,愛普科技,0.43,27000,股
2026-06-16,3264,欣銓科技,0.41,107000,股
2026-06-16,4979,華星光通科技,0.4,41000,股
2026-06-16,2313,華通電腦,0.39,90000,股
2026-06-16,2449,京元電子,0.37,77000,股
2026-06-16,5439,高技企業,0.36,65180,股
2026-06-16,6438,迅得機械,0.36,140000,股
2026-06-16,3491,昇達科技,0.33,12000,股
2026-06-16,6805,富世達股份有限公司,0.33,11000,股
2026-06-16,7751,竑騰,0.3,12000,股
2026-06-16,8150,南茂科技,0.29,180000,股
2026-06-16,2467,志聖工業,0.26,27000,股
2026-06-16,6213,聯茂電子,0.22,50000,股
2026-06-16,6285,啟碁科技,0.18,40000,股
2026-06-16,3189,景碩科技,0.06,5000,股
2026-06-16,RDI_NTD,RECEIVABLES FOR DISPOSAL OF INVESTMENTS,0.0,11082725,元
2026-06-17,2330,台灣積體電路製造,9.14,220000,股
2026-06-17,2383,台光電子材料,7.0,77000,股
2026-06-17,2454,聯發科技,6.39,82000,股
2026-06-17,2308,台達電子工業,5.31,141000,股
2026-06-17,2345,智邦科技,5.19,119000,股
2026-06-17,2327,國巨*,4.85,282000,股
2026-06-17,6223,旺矽科技,4.04,36000,股
2026-06-17,3037,欣興電子,4.01,232000,股
2026-06-17,6669,緯穎科技服務,3.82,43000,股
2026-06-17,2368,金像電子,3.71,155000,股
2026-06-17,3017,奇鋐科技,3.51,85000,股
2026-06-17,8046,南亞電路板,2.63,170000,股
2026-06-17,3665,貿聯控股,2.59,71000,股
2026-06-17,5274,信驊科技,2.59,8000,股
2026-06-17,3711,日月光投資控股,2.34,225000,股
2026-06-17,6515,穎崴科技,2.15,13000,股
2026-06-17,3653,健策精密工業,2.09,30000,股
2026-06-17,7769,鴻勁,2.05,16000,股
2026-06-17,C_NTD,CASH,2.01,114896823,元
2026-06-17,6274,台燿科技,1.99,68000,股
2026-06-17,2303,聯華電子,1.84,750000,股
2026-06-17,8210,勤誠興業,1.41,60000,股
2026-06-17,4958,臻鼎科技控股,1.2,107000,股
2026-06-17,8358,金居開發,1.07,96000,股
2026-06-17,2472,立隆電子工業,1.04,162000,股
2026-06-17,2360,致茂電子,1.01,26000,股
2026-06-17,6510,中華精測科技,0.87,14000,股
2026-06-17,8996,高力熱處理工業,0.85,32000,股
2026-06-17,3044,健鼎科技,0.78,78000,股
2026-06-17,2344,華邦電子,0.77,220000,股
2026-06-17,2455,全新光電科技,0.76,101000,股
2026-06-17,2885,元大金融控股,0.73,623000,股
2026-06-17,5289,宜鼎國際,0.71,22000,股
2026-06-17,M_NTD,MARGIN,0.66,37798620,元
2026-06-17,3023,信邦電子,0.62,113000,股
2026-06-17,2382,廣達電腦,0.59,91000,股
2026-06-17,3105,穩懋半導體,0.54,60000,股
2026-06-17,3661,世芯電子,0.53,7000,股
2026-06-17,6147,頎邦科技,0.48,120000,股
2026-06-17,6187,萬潤科技,0.48,24000,股
2026-06-17,7750,新代,0.47,12000,股
2026-06-17,3443,創意電子,0.44,5000,股
2026-06-17,6531,愛普科技,0.44,27000,股
2026-06-17,2313,華通電腦,0.42,90000,股
2026-06-17,3264,欣銓科技,0.4,107000,股
2026-06-17,4979,華星光通科技,0.39,41000,股
2026-06-17,2449,京元電子,0.38,77000,股
2026-06-17,5439,高技企業,0.37,65180,股
2026-06-17,6438,迅得機械,0.37,140000,股
2026-06-17,3081,聯亞光電工業,0.35,9000,股
2026-06-17,3491,昇達科技,0.33,12000,股
2026-06-17,6805,富世達股份有限公司,0.33,11000,股
2026-06-17,7751,竑騰,0.31,12000,股
2026-06-17,8150,南茂科技,0.3,180000,股
2026-06-17,2467,志聖工業,0.28,27000,股
2026-06-17,6213,聯茂電子,0.23,50000,股
2026-06-17,6285,啟碁科技,0.19,40000,股
2026-06-17,3189,景碩科技,0.06,5000,股
2026-06-17,RDI_NTD,RECEIVABLES FOR DISPOSAL OF INVESTMENTS,0.0,60730352,元
2026-06-18,2330,台灣積體電路製造,9.17,220000,股
2026-06-18,2383,台光電子材料,7.44,77000,股
2026-06-18,2454,聯發科技,6.21,82000,股
2026-06-18,2327,國巨*,5.28,283000,股
2026-06-18,2308,台達電子工業,5.23,141000,股
2026-06-18,2345,智邦科技,5.0,119000,股
2026-06-18,6223,旺矽科技,3.99,36000,股
2026-06-18,3037,欣興電子,3.88,232000,股
2026-06-18,6669,緯穎科技服務,3.81,43000,股
2026-06-18,2368,金像電子,3.63,155000,股
2026-06-18,3017,奇鋐科技,3.52,85000,股
2026-06-18,5274,信驊科技,2.62,8000,股
2026-06-18,3665,貿聯控股,2.57,71000,股
2026-06-18,8046,南亞電路板,2.56,170000,股
2026-06-18,3711,日月光投資控股,2.38,225000,股
2026-06-18,6274,台燿科技,2.15,68000,股
2026-06-18,6515,穎崴科技,2.12,13000,股
2026-06-18,3653,健策精密工業,2.05,30000,股
2026-06-18,7769,鴻勁,1.93,16000,股
2026-06-18,C_NTD,CASH,1.83,105973726,元
2026-06-18,2303,聯華電子,1.26,500000,股
2026-06-18,4958,臻鼎科技控股,1.19,107000,股
2026-06-18,8358,金居開發,1.16,96000,股
2026-06-18,2472,立隆電子工業,1.12,162000,股
2026-06-18,8210,勤誠興業,1.06,45000,股
2026-06-18,2360,致茂電子,1.04,26000,股
2026-06-18,8996,高力熱處理工業,0.88,32000,股
2026-06-18,6510,中華精測科技,0.87,14000,股
2026-06-18,2344,華邦電子,0.83,220000,股
2026-06-18,3044,健鼎科技,0.77,78000,股
2026-06-18,2455,全新光電科技,0.73,101000,股
2026-06-18,2885,元大金融控股,0.73,623000,股
2026-06-18,5289,宜鼎國際,0.73,22000,股
2026-06-18,M_NTD,MARGIN,0.65,37798620,元
2026-06-18,3023,信邦電子,0.64,113000,股
2026-06-18,3105,穩懋半導體,0.55,60000,股
2026-06-18,6147,頎邦科技,0.52,120000,股
2026-06-18,6187,萬潤科技,0.51,24000,股
2026-06-18,7750,新代,0.49,12000,股
2026-06-18,6531,愛普科技,0.48,27000,股
2026-06-18,3264,欣銓科技,0.43,107000,股
2026-06-18,3443,創意電子,0.42,5000,股
2026-06-18,2449,京元電子,0.41,77000,股
2026-06-18,2313,華通電腦,0.4,90000,股
2026-06-18,4979,華星光通科技,0.4,41000,股
2026-06-18,3081,聯亞光電工業,0.38,9000,股
2026-06-18,3661,世芯電子,0.38,5000,股
2026-06-18,6438,迅得機械,0.38,140000,股
2026-06-18,5439,高技企業,0.37,65180,股
2026-06-18,6805,富世達股份有限公司,0.33,11000,股
2026-06-18,3491,昇達科技,0.32,12000,股
2026-06-18,8150,南茂科技,0.32,180000,股
2026-06-18,7751,竑騰,0.31,12000,股
2026-06-18,2467,志聖工業,0.28,27000,股
2026-06-18,6213,聯茂電子,0.24,50000,股
2026-06-18,6285,啟碁科技,0.19,40000,股
2026-06-18,2382,廣達電腦,0.13,20000,股
2026-06-18,3189,景碩科技,0.06,5000,股
2026-06-18,RDI_NTD,RECEIVABLES FOR DISPOSAL OF INVESTMENTS,0.0,151080265,元
2026-06-22,2330,台灣積體電路製造,9.44,220000,股
2026-06-22,2383,台光電子材料,7.63,77000,股
2026-06-22,2454,聯發科技,6.23,82000,股
2026-06-22,2327,國巨*,5.31,293000,股
2026-06-22,2345,智邦科技,5.26,119000,股
2026-06-22,2308,台達電子工業,5.16,141000,股
2026-06-22,3037,欣興電子,3.97,232000,股
2026-06-22,6223,旺矽科技,3.94,36000,股
2026-06-22,2368,金像電子,3.68,155000,股
2026-06-22,6669,緯穎科技服務,3.55,43000,股
2026-06-22,3017,奇鋐科技,3.5,85000,股
2026-06-22,C_NTD,CASH,2.85,167507870,元
2026-06-22,5274,信驊科技,2.62,8000,股
2026-06-22,3711,日月光投資控股,2.58,225000,股
2026-06-22,8046,南亞電路板,2.5,170000,股
2026-06-22,3665,貿聯控股,2.4,71000,股
2026-06-22,6274,台燿科技,2.2,68000,股
2026-06-22,6515,穎崴科技,2.09,13000,股
2026-06-22,3653,健策精密工業,1.96,30000,股
2026-06-22,7769,鴻勁,1.88,16000,股
2026-06-22,2303,聯華電子,1.36,500000,股
2026-06-22,4958,臻鼎科技控股,1.13,107000,股
2026-06-22,8358,金居開發,1.13,96000,股
2026-06-22,2472,立隆電子工業,1.08,162000,股
2026-06-22,8210,勤誠興業,1.05,45000,股
2026-06-22,2360,致茂電子,1.02,26000,股
2026-06-22,8996,高力熱處理工業,0.85,32000,股
2026-06-22,6510,中華精測科技,0.84,14000,股
2026-06-22,2344,華邦電子,0.83,220000,股
2026-06-22,3044,健鼎科技,0.75,78000,股
2026-06-22,5289,宜鼎國際,0.74,22000,股
2026-06-22,2885,元大金融控股,0.73,623000,股
2026-06-22,2455,全新光電科技,0.7,101000,股
2026-06-22,3023,信邦電子,0.64,113000,股
2026-06-22,M_NTD,MARGIN,0.64,37798620,元
2026-06-22,6147,頎邦科技,0.57,120000,股
2026-06-22,3105,穩懋半導體,0.55,60000,股
2026-06-22,6187,萬潤科技,0.51,24000,股
2026-06-22,6531,愛普科技,0.51,27000,股
2026-06-22,7750,新代,0.47,12000,股
2026-06-22,2449,京元電子,0.44,77000,股
2026-06-22,3264,欣銓科技,0.44,107000,股
2026-06-22,2313,華通電腦,0.4,90000,股
2026-06-22,3443,創意電子,0.4,5000,股
2026-06-22,4979,華星光通科技,0.39,41000,股
2026-06-22,6438,迅得機械,0.38,140000,股
2026-06-22,3661,世芯電子,0.37,5000,股
2026-06-22,5439,高技企業,0.37,65180,股
2026-06-22,3081,聯亞光電工業,0.36,9000,股
2026-06-22,8150,南茂科技,0.35,180000,股
2026-06-22,6805,富世達股份有限公司,0.34,11000,股
2026-06-22,7751,竑騰,0.3,12000,股
2026-06-22,2467,志聖工業,0.29,27000,股
2026-06-22,6213,聯茂電子,0.26,50000,股
2026-06-22,6285,啟碁科技,0.18,40000,股
2026-06-22,2382,廣達電腦,0.13,20000,股
2026-06-22,3189,景碩科技,0.07,5000,股
2026-06-22,RDI_NTD,RECEIVABLES FOR DISPOSAL OF INVESTMENTS,0.0,97388656,元
2026-06-23,2330,台灣積體電路製造,9.6,220000,股
2026-06-23,2383,台光電子材料,7.68,77000,股
2026-06-23,2454,聯發科技,6.51,82000,股
2026-06-23,2327,國巨*,5.23,293000,股
2026-06-23,2345,智邦科技,5.07,119000,股
2026-06-23,2308,台達電子工業,4.84,133000,股
2026-06-23,6223,旺矽科技,4.21,36000,股
2026-06-23,3037,欣興電子,3.95,232000,股
2026-06-23,3017,奇鋐科技,3.61,85000,股
2026-06-23,6669,緯穎科技服務,3.52,43000,股
2026-06-23,2368,金像電子,3.43,155000,股
2026-06-23,C_NTD,CASH,3.09,176601949,元
2026-06-23,8046,南亞電路板,2.7,170000,股
2026-06-23,3711,日月光投資控股,2.61,225000,股
2026-06-23,5274,信驊科技,2.59,8000,股
2026-06-23,3665,貿聯控股,2.48,71000,股
2026-06-23,6515,穎崴科技,2.15,13000,股
2026-06-23,6274,台燿科技,2.06,68000,股
2026-06-23,3653,健策精密工業,2.02,30000,股
2026-06-23,7769,鴻勁,1.91,16000,股
2026-06-23,2303,聯華電子,1.49,500000,股
2026-06-23,4958,臻鼎科技控股,1.1,107000,股
2026-06-23,8358,金居開發,1.1,96000,股
2026-06-23,2360,致茂電子,1.03,26000,股
2026-06-23,2472,立隆電子工業,1.03,162000,股
2026-06-23,8210,勤誠興業,1.03,45000,股
2026-06-23,6510,中華精測科技,0.9,14000,股
2026-06-23,2344,華邦電子,0.81,220000,股
2026-06-23,8996,高力熱處理工業,0.81,32000,股
2026-06-23,2885,元大金融控股,0.74,623000,股
2026-06-23,5289,宜鼎國際,0.73,22000,股
2026-06-23,3044,健鼎科技,0.72,78000,股
2026-06-23,2455,全新光電科技,0.7,101000,股
2026-06-23,M_NTD,MARGIN,0.66,37798620,元
2026-06-23,3023,信邦電子,0.61,113000,股
2026-06-23,3105,穩懋半導體,0.55,60000,股
2026-06-23,6147,頎邦科技,0.54,120000,股
2026-06-23,6531,愛普科技,0.5,27000,股
2026-06-23,6187,萬潤科技,0.49,24000,股
2026-06-23,7750,新代,0.45,12000,股
2026-06-23,2449,京元電子,0.44,77000,股
2026-06-23,3264,欣銓科技,0.44,107000,股
2026-06-23,3443,創意電子,0.41,5000,股
2026-06-23,2313,華通電腦,0.38,90000,股
2026-06-23,3661,世芯電子,0.38,5000,股
2026-06-23,4979,華星光通科技,0.38,41000,股
2026-06-23,6438,迅得機械,0.38,140000,股
2026-06-23,5439,高技企業,0.37,65180,股
2026-06-23,3081,聯亞光電工業,0.36,9000,股
2026-06-23,6805,富世達股份有限公司,0.34,11000,股
2026-06-23,8150,南茂科技,0.34,180000,股
2026-06-23,2467,志聖工業,0.27,27000,股
2026-06-23,6213,聯茂電子,0.25,50000,股
2026-06-23,7751,竑騰,0.15,6000,股
2026-06-23,6285,啟碁科技,0.09,20000,股
2026-06-23,3189,景碩科技,0.06,5000,股
2026-06-23,2382,廣達電腦,0.01,2000,股
2026-06-23,RDI_NTD,RECEIVABLES FOR DISPOSAL OF INVESTMENTS,0.0,44123804,元
2026-06-24,2330,台灣積體電路製造,9.22,217000,股
2026-06-24,2383,台光電子材料,7.57,77000,股
2026-06-24,2454,聯發科技,6.22,82000,股
2026-06-24,2327,國巨*,5.44,293000,股
2026-06-24,2345,智邦科技,5.0,119000,股
2026-06-24,2308,台達電子工業,4.71,133000,股
2026-06-24,6223,旺矽科技,4.57,36000,股
2026-06-24,3037,欣興電子,3.82,232000,股
2026-06-24,3017,奇鋐科技,3.8,85000,股
2026-06-24,6669,緯穎科技服務,3.5,43000,股
2026-06-24,2368,金像電子,3.44,155000,股
2026-06-24,8046,南亞電路板,2.87,170000,股
2026-06-24,3711,日月光投資控股,2.6,225000,股
2026-06-24,C_NTD,CASH,2.6,146834192,元
2026-06-24,5274,信驊科技,2.59,8000,股
2026-06-24,3665,貿聯控股,2.52,71000,股
2026-06-24,6515,穎崴科技,2.18,13000,股
2026-06-24,6274,台燿科技,2.12,68000,股
2026-06-24,3653,健策精密工業,1.93,30000,股
2026-06-24,7769,鴻勁,1.91,16000,股
2026-06-24,2303,聯華電子,1.57,500000,股
2026-06-24,4958,臻鼎科技控股,1.11,107000,股
2026-06-24,8358,金居開發,1.08,96000,股
2026-06-24,8210,勤誠興業,1.05,45000,股
2026-06-24,2472,立隆電子工業,1.03,162000,股
2026-06-24,2360,致茂電子,0.99,26000,股
2026-06-24,6510,中華精測科技,0.86,14000,股
2026-06-24,8996,高力熱處理工業,0.82,32000,股
2026-06-24,2344,華邦電子,0.8,220000,股
2026-06-24,2885,元大金融控股,0.73,623000,股
2026-06-24,3044,健鼎科技,0.73,78000,股
2026-06-24,2455,全新光電科技,0.71,101000,股
2026-06-24,5289,宜鼎國際,0.7,22000,股
2026-06-24,M_NTD,MARGIN,0.67,37798620,元
2026-06-24,3023,信邦電子,0.64,113000,股
2026-06-24,6147,頎邦科技,0.53,120000,股
2026-06-24,3105,穩懋半導體,0.51,60000,股
2026-06-24,6531,愛普科技,0.51,27000,股
2026-06-24,7750,新代,0.46,12000,股
2026-06-24,2449,京元電子,0.45,77000,股
2026-06-24,6187,萬潤科技,0.45,24000,股
2026-06-24,3264,欣銓科技,0.44,107000,股
2026-06-24,3443,創意電子,0.43,5000,股
2026-06-24,2313,華通電腦,0.38,90000,股
2026-06-24,6438,迅得機械,0.38,140000,股
2026-06-24,5439,高技企業,0.37,65180,股
2026-06-24,4979,華星光通科技,0.36,41000,股
2026-06-24,6805,富世達股份有限公司,0.35,11000,股
2026-06-24,8150,南茂科技,0.33,180000,股
2026-06-24,2467,志聖工業,0.28,27000,股
2026-06-24,6213,聯茂電子,0.27,50000,股
2026-06-24,3081,聯亞光電工業,0.23,6000,股
2026-06-24,3661,世芯電子,0.23,3000,股
2026-06-24,7751,竑騰,0.16,6000,股
2026-06-24,6285,啟碁科技,0.09,20000,股
2026-06-24,3189,景碩科技,0.07,5000,股
2026-06-24,2382,廣達電腦,0.01,2000,股
2026-06-24,RDI_NTD,RECEIVABLES FOR DISPOSAL OF INVESTMENTS,0.0,59325226,元
2026-06-25,2330,台灣積體電路製造,9.19,217000,股
2026-06-25,2383,台光電子材料,7.69,77000,股
2026-06-25,2454,聯發科技,6.26,82000,股
2026-06-25,2327,國巨*,5.84,293000,股
2026-06-25,2345,智邦科技,5.02,119000,股
2026-06-25,6223,旺矽科技,4.4,36000,股
2026-06-25,2308,台達電子工業,4.38,125000,股
2026-06-25,3037,欣興電子,4.19,232000,股
2026-06-25,3017,奇鋐科技,3.77,85000,股
2026-06-25,6669,緯穎科技服務,3.46,43000,股
2026-06-25,2368,金像電子,3.4,155000,股
2026-06-25,8046,南亞電路板,3.15,170000,股
2026-06-25,C_NTD,CASH,3.09,174572025,元
2026-06-25,3711,日月光投資控股,2.55,225000,股
2026-06-25,5274,信驊科技,2.47,8000,股
2026-06-25,3665,貿聯控股,2.41,71000,股
2026-06-25,6515,穎崴科技,2.09,13000,股
2026-06-25,6274,台燿科技,2.05,68000,股
2026-06-25,7769,鴻勁,1.96,16000,股
2026-06-25,2303,聯華電子,1.9,600000,股
2026-06-25,3653,健策精密工業,1.8,30000,股
2026-06-25,2472,立隆電子工業,1.14,162000,股
2026-06-25,4958,臻鼎科技控股,1.14,107000,股
2026-06-25,8358,金居開發,1.07,96000,股
2026-06-25,8210,勤誠興業,1.02,45000,股
2026-06-25,2344,華邦電子,1.01,260000,股
2026-06-25,2360,致茂電子,1.01,26000,股
2026-06-25,6510,中華精測科技,0.85,14000,股
2026-06-25,8996,高力熱處理工業,0.83,32000,股
2026-06-25,2885,元大金融控股,0.74,623000,股
2026-06-25,3044,健鼎科技,0.73,78000,股
2026-06-25,2455,全新光電科技,0.69,101000,股
2026-06-25,5289,宜鼎國際,0.68,22000,股
2026-06-25,M_NTD,MARGIN,0.67,37798620,元
2026-06-25,3023,信邦電子,0.65,113000,股
2026-06-25,6531,愛普科技,0.53,27000,股
2026-06-25,6147,頎邦科技,0.51,120000,股
2026-06-25,3105,穩懋半導體,0.49,60000,股
2026-06-25,6187,萬潤科技,0.47,24000,股
2026-06-25,2449,京元電子,0.46,77000,股
2026-06-25,7750,新代,0.45,12000,股
2026-06-25,3264,欣銓科技,0.43,107000,股
2026-06-25,3443,創意電子,0.43,5000,股
2026-06-25,6438,迅得機械,0.38,140000,股
2026-06-25,2313,華通電腦,0.37,90000,股
2026-06-25,5439,高技企業,0.37,65180,股
2026-06-25,4979,華星光通科技,0.35,41000,股
2026-06-25,6805,富世達股份有限公司,0.34,11000,股
2026-06-25,8150,南茂科技,0.31,180000,股
2026-06-25,6213,聯茂電子,0.3,50000,股
2026-06-25,2467,志聖工業,0.28,27000,股
2026-06-25,3661,世芯電子,0.22,3000,股
2026-06-25,7751,竑騰,0.15,6000,股
2026-06-25,3189,景碩科技,0.07,5000,股
2026-06-25,2382,廣達電腦,0.01,2000,股
2026-06-25,RDI_NTD,RECEIVABLES FOR DISPOSAL OF INVESTMENTS,0.0,29146580,元
2026-06-26,2330,台灣積體電路製造,9.65,217000,股
2026-06-26,2383,台光電子材料,7.69,77000,股
2026-06-26,2454,聯發科技,6.04,82000,股
2026-06-26,2327,國巨*,5.65,293000,股
2026-06-26,2345,智邦科技,5.38,119000,股
2026-06-26,6223,旺矽科技,4.44,36000,股
2026-06-26,3037,欣興電子,4.3,232000,股
2026-06-26,2308,台達電子工業,4.13,120000,股
2026-06-26,3017,奇鋐科技,3.64,85000,股
2026-06-26,8046,南亞電路板,3.63,170000,股
2026-06-26,2368,金像電子,3.5,155000,股
2026-06-26,6669,緯穎科技服務,3.5,43000,股
2026-06-26,C_NTD,CASH,3.22,169655682,元
2026-06-26,3711,日月光投資控股,2.7,225000,股
2026-06-26,3665,貿聯控股,2.5,71000,股
2026-06-26,5274,信驊科技,2.37,8000,股
2026-06-26,6274,台燿科技,2.04,68000,股
2026-06-26,6515,穎崴科技,2.02,13000,股
2026-06-26,7769,鴻勁,1.98,16000,股
2026-06-26,3653,健策精密工業,1.94,30000,股
2026-06-26,2303,聯華電子,1.87,600000,股
2026-06-26,4958,臻鼎科技控股,1.18,107000,股
2026-06-26,2472,立隆電子工業,1.16,162000,股
2026-06-26,8358,金居開發,1.04,96000,股
2026-06-26,2344,華邦電子,1.02,260000,股
2026-06-26,2360,致茂電子,1.01,26000,股
2026-06-26,8210,勤誠興業,0.89,38000,股
2026-06-26,6510,中華精測科技,0.86,14000,股
2026-06-26,8996,高力熱處理工業,0.83,32000,股
2026-06-26,2885,元大金融控股,0.78,623000,股
2026-06-26,3044,健鼎科技,0.75,78000,股
2026-06-26,M_NTD,MARGIN,0.72,37798620,元
2026-06-26,2455,全新光電科技,0.67,101000,股
2026-06-26,5289,宜鼎國際,0.67,22000,股
2026-06-26,3023,信邦電子,0.66,113000,股
2026-06-26,6531,愛普科技,0.51,27000,股
2026-06-26,6147,頎邦科技,0.49,120000,股
2026-06-26,6187,萬潤科技,0.49,24000,股
2026-06-26,3105,穩懋半導體,0.48,60000,股
2026-06-26,7750,新代,0.46,12000,股
2026-06-26,2449,京元電子,0.45,77000,股
2026-06-26,3264,欣銓科技,0.44,107000,股
2026-06-26,3443,創意電子,0.42,5000,股
2026-06-26,6438,迅得機械,0.39,140000,股
2026-06-26,2313,華通電腦,0.38,90000,股
2026-06-26,5439,高技企業,0.37,65180,股
2026-06-26,4979,華星光通科技,0.36,41000,股
2026-06-26,6805,富世達股份有限公司,0.34,11000,股
2026-06-26,6213,聯茂電子,0.33,50000,股
2026-06-26,8150,南茂科技,0.33,180000,股
2026-06-26,2467,志聖工業,0.29,27000,股
2026-06-26,3661,世芯電子,0.15,2000,股
2026-06-26,7751,竑騰,0.15,6000,股
2026-06-26,3189,景碩科技,0.08,5000,股
2026-06-26,2382,廣達電腦,0.01,2000,股
2026-06-26,RDI_NTD,RECEIVABLES FOR DISPOSAL OF INVESTMENTS,0.0,28538898,元
2026-06-29,2330,台灣積體電路製造,9.33,208000,股
2026-06-29,2383,台光電子材料,7.95,77000,股
2026-06-29,2454,聯發科技,6.07,82000,股
2026-06-29,2327,國巨*,5.97,303000,股
2026-06-29,2345,智邦科技,5.28,119000,股
2026-06-29,3037,欣興電子,4.29,232000,股
2026-06-29,6223,旺矽科技,4.13,36000,股
2026-06-29,2308,台達電子工業,3.97,110000,股
2026-06-29,6669,緯穎科技服務,3.73,43000,股
2026-06-29,3017,奇鋐科技,3.7,85000,股
2026-06-29,8046,南亞電路板,3.48,170000,股
2026-06-29,2368,金像電子,3.39,155000,股
2026-06-29,C_NTD,CASH,3.35,176562097,元
2026-06-29,3711,日月光投資控股,2.67,225000,股
2026-06-29,3665,貿聯控股,2.53,71000,股
2026-06-29,5274,信驊科技,2.31,8000,股
2026-06-29,2303,聯華電子,2.17,700000,股
2026-06-29,6274,台燿科技,2.0,68000,股
2026-06-29,6515,穎崴科技,1.97,13000,股
2026-06-29,7769,鴻勁,1.94,16000,股
2026-06-29,3653,健策精密工業,1.89,30000,股
2026-06-29,2472,立隆電子工業,1.27,162000,股
2026-06-29,4958,臻鼎科技控股,1.16,107000,股
2026-06-29,2360,致茂電子,1.02,26000,股
2026-06-29,2344,華邦電子,1.0,260000,股
2026-06-29,8358,金居開發,0.99,96000,股
2026-06-29,8996,高力熱處理工業,0.89,32000,股
2026-06-29,8210,勤誠興業,0.87,38000,股
2026-06-29,6510,中華精測科技,0.81,14000,股
2026-06-29,2885,元大金融控股,0.78,623000,股
2026-06-29,3044,健鼎科技,0.74,78000,股
2026-06-29,M_NTD,MARGIN,0.72,37940879,元
2026-06-29,3023,信邦電子,0.7,113000,股
2026-06-29,5289,宜鼎國際,0.66,22000,股
2026-06-29,2455,全新光電科技,0.64,101000,股
2026-06-29,6531,愛普科技,0.5,27000,股
2026-06-29,3189,景碩科技,0.48,31000,股
2026-06-29,6147,頎邦科技,0.48,120000,股
2026-06-29,3105,穩懋半導體,0.47,60000,股
2026-06-29,7750,新代,0.47,12000,股
2026-06-29,2449,京元電子,0.45,77000,股
2026-06-29,6187,萬潤科技,0.45,24000,股
2026-06-29,3264,欣銓科技,0.44,107000,股
2026-06-29,3443,創意電子,0.42,5000,股
2026-06-29,6438,迅得機械,0.4,140000,股
2026-06-29,2313,華通電腦,0.38,90000,股
2026-06-29,5439,高技企業,0.38,65180,股
2026-06-29,6805,富世達股份有限公司,0.34,11000,股
2026-06-29,6213,聯茂電子,0.33,50000,股
2026-06-29,8150,南茂科技,0.31,180000,股
2026-06-29,2467,志聖工業,0.29,27000,股
2026-06-29,3661,世芯電子,0.15,2000,股
2026-06-29,7751,竑騰,0.08,3000,股
2026-06-29,RDI_NTD,RECEIVABLES FOR DISPOSAL OF INVESTMENTS,0.0,37305619,元
2026-06-30,2330,台灣積體電路製造,9.12,208000,股
2026-06-30,2383,台光電子材料,7.52,77000,股
2026-06-30,2454,聯發科技,6.31,82000,股
2026-06-30,2327,國巨*,6.26,303000,股
2026-06-30,2345,智邦科技,5.38,119000,股
2026-06-30,3037,欣興電子,4.5,232000,股
2026-06-30,6223,旺矽科技,3.97,36000,股
2026-06-30,2308,台達電子工業,3.89,110000,股
2026-06-30,3017,奇鋐科技,3.89,85000,股
2026-06-30,8046,南亞電路板,3.65,170000,股
2026-06-30,6669,緯穎科技服務,3.61,43000,股
2026-06-30,2368,金像電子,3.37,155000,股
2026-06-30,C_NTD,CASH,3.1,171083472,元
2026-06-30,3711,日月光投資控股,2.77,225000,股
2026-06-30,3665,貿聯控股,2.46,71000,股
2026-06-30,5274,信驊科技,2.39,8000,股
2026-06-30,2303,聯華電子,2.09,700000,股
2026-06-30,6274,台燿科技,2.07,68000,股
2026-06-30,6515,穎崴科技,1.9,13000,股
2026-06-30,7769,鴻勁,1.88,16000,股
2026-06-30,3653,健策精密工業,1.86,30000,股
2026-06-30,2472,立隆電子工業,1.33,162000,股
2026-06-30,4958,臻鼎科技控股,1.22,107000,股
2026-06-30,8358,金居開發,1.04,96000,股
2026-06-30,2360,致茂電子,1.02,26000,股
2026-06-30,2344,華邦電子,0.98,260000,股
2026-06-30,8996,高力熱處理工業,0.9,32000,股
2026-06-30,8210,勤誠興業,0.89,38000,股
2026-06-30,6510,中華精測科技,0.77,14000,股
2026-06-30,2885,元大金融控股,0.74,623000,股
2026-06-30,3044,健鼎科技,0.73,78000,股
2026-06-30,M_NTD,MARGIN,0.69,37940879,元
2026-06-30,3023,信邦電子,0.67,113000,股
2026-06-30,2455,全新光電科技,0.64,101000,股
2026-06-30,5289,宜鼎國際,0.64,22000,股
2026-06-30,3189,景碩科技,0.5,31000,股
2026-06-30,6531,愛普科技,0.49,27000,股
2026-06-30,2449,京元電子,0.47,77000,股
2026-06-30,3105,穩懋半導體,0.46,60000,股
2026-06-30,6147,頎邦科技,0.46,120000,股
2026-06-30,3443,創意電子,0.44,5000,股
2026-06-30,7750,新代,0.44,12000,股
2026-06-30,3264,欣銓科技,0.43,107000,股
2026-06-30,6187,萬潤科技,0.43,24000,股
2026-06-30,6438,迅得機械,0.4,140000,股
2026-06-30,2313,華通電腦,0.38,90000,股
2026-06-30,5439,高技企業,0.37,65180,股
2026-06-30,6213,聯茂電子,0.34,50000,股
2026-06-30,6805,富世達股份有限公司,0.33,11000,股
2026-06-30,8150,南茂科技,0.32,180000,股
2026-06-30,2467,志聖工業,0.3,27000,股
2026-06-30,6139,亞翔工程,0.28,17000,股
2026-06-30,2404,漢唐集成,0.12,5000,股
2026-06-30,RDI_NTD,RECEIVABLES FOR DISPOSAL OF INVESTMENTS,0.0,5657567,元
2026-07-01,2330,台灣積體電路製造,9.27,208000,股
2026-07-01,2383,台光電子材料,7.58,77000,股
2026-07-01,2454,聯發科技,6.32,82000,股
2026-07-01,2327,國巨*,6.15,303000,股
2026-07-01,2345,智邦科技,5.54,117000,股
2026-07-01,3037,欣興電子,4.29,232000,股
2026-07-01,6223,旺矽科技,4.29,36000,股
2026-07-01,3017,奇鋐科技,3.96,85000,股
2026-07-01,6669,緯穎科技服務,3.85,43000,股
2026-07-01,2308,台達電子工業,3.65,103000,股
2026-07-01,8046,南亞電路板,3.55,170000,股
2026-07-01,2368,金像電子,3.04,140000,股
2026-07-01,3711,日月光投資控股,2.63,210000,股
2026-07-01,3665,貿聯控股,2.54,71000,股
2026-07-01,5274,信驊科技,2.44,8000,股
2026-07-01,2303,聯華電子,2.1,700000,股
2026-07-01,6515,穎崴科技,2.06,13000,股
2026-07-01,6274,台燿科技,2.04,68000,股
2026-07-01,7769,鴻勁,1.98,16000,股
2026-07-01,3653,健策精密工業,1.81,30000,股
2026-07-01,C_NTD,CASH,1.79,100810378,元
2026-07-01,2472,立隆電子工業,1.22,162000,股
2026-07-01,4958,臻鼎科技控股,1.15,107000,股
2026-07-01,2360,致茂電子,1.05,26000,股
2026-07-01,8358,金居開發,1.0,96000,股
2026-07-01,8996,高力熱處理工業,0.89,32000,股
2026-07-01,2344,華邦電子,0.88,260000,股
2026-07-01,8210,勤誠興業,0.88,38000,股
2026-07-01,6510,中華精測科技,0.82,14000,股
2026-07-01,2885,元大金融控股,0.73,623000,股
2026-07-01,3044,健鼎科技,0.7,78000,股
2026-07-01,3023,信邦電子,0.67,113000,股
2026-07-01,M_NTD,MARGIN,0.67,37940879,元
2026-07-01,2455,全新光電科技,0.64,101000,股
2026-07-01,5289,宜鼎國際,0.62,22000,股
2026-07-01,3189,景碩科技,0.49,31000,股
2026-07-01,6147,頎邦科技,0.47,120000,股
2026-07-01,6531,愛普科技,0.46,27000,股
2026-07-01,2449,京元電子,0.45,77000,股
2026-07-01,3105,穩懋半導體,0.45,60000,股
2026-07-01,3443,創意電子,0.45,5000,股
2026-07-01,6187,萬潤科技,0.45,24000,股
2026-07-01,3264,欣銓科技,0.44,107000,股
2026-07-01,7750,新代,0.44,12000,股
2026-07-01,6438,迅得機械,0.42,140000,股
2026-07-01,5439,高技企業,0.37,65180,股
2026-07-01,2313,華通電腦,0.35,90000,股
2026-07-01,8150,南茂科技,0.34,180000,股
2026-07-01,6805,富世達股份有限公司,0.33,11000,股
2026-07-01,6213,聯茂電子,0.32,50000,股
2026-07-01,2467,志聖工業,0.31,27000,股
2026-07-01,6139,亞翔工程,0.28,17000,股
2026-07-01,3211,順達科技,0.22,30000,股
2026-07-01,2404,漢唐集成,0.12,5000,股
2026-07-01,RDI_NTD,RECEIVABLES FOR DISPOSAL OF INVESTMENTS,0.0,25549160,元
2026-07-02,2330,台灣積體電路製造,9.25,208000,股
2026-07-02,2383,台光電子材料,7.86,77000,股
2026-07-02,2454,聯發科技,5.81,74000,股
2026-07-02,2327,國巨*,5.77,303000,股
2026-07-02,2345,智邦科技,5.46,110000,股
2026-07-02,6223,旺矽科技,4.72,36000,股
2026-07-02,3037,欣興電子,4.1,232000,股
2026-07-02,6669,緯穎科技服務,4.04,43000,股
2026-07-02,3017,奇鋐科技,3.96,80000,股
2026-07-02,8046,南亞電路板,3.51,170000,股
2026-07-02,2308,台達電子工業,3.49,98000,股
2026-07-02,2368,金像電子,3.01,135000,股
2026-07-02,3711,日月光投資控股,2.72,207000,股
2026-07-02,3665,貿聯控股,2.62,71000,股
2026-07-02,5274,信驊科技,2.56,8000,股
2026-07-02,6515,穎崴科技,2.19,13000,股
2026-07-02,2303,聯華電子,2.09,700000,股
2026-07-02,6274,台燿科技,2.07,68000,股
2026-07-02,7769,鴻勁,2.03,16000,股
2026-07-02,3653,健策精密工業,1.88,30000,股
2026-07-02,C_NTD,CASH,1.64,90794809,元
2026-07-02,2472,立隆電子工業,1.25,162000,股
2026-07-02,4958,臻鼎科技控股,1.16,107000,股
2026-07-02,2360,致茂電子,1.04,26000,股
2026-07-02,8210,勤誠興業,0.9,38000,股
2026-07-02,2344,華邦電子,0.86,260000,股
2026-07-02,8996,高力熱處理工業,0.82,32000,股
2026-07-02,3044,健鼎科技,0.71,78000,股
2026-07-02,M_NTD,MARGIN,0.69,37940879,元
2026-07-02,5289,宜鼎國際,0.68,22000,股
2026-07-02,3023,信邦電子,0.67,113000,股
2026-07-02,2455,全新光電科技,0.63,101000,股
2026-07-02,2885,元大金融控股,0.59,493000,股
2026-07-02,8358,金居開發,0.51,50000,股
2026-07-02,2449,京元電子,0.48,77000,股
2026-07-02,3264,欣銓科技,0.48,107000,股
2026-07-02,3443,創意電子,0.48,5000,股
2026-07-02,6510,中華精測科技,0.47,8000,股
2026-07-02,6531,愛普科技,0.47,27000,股
2026-07-02,3189,景碩科技,0.46,31000,股
2026-07-02,6147,頎邦科技,0.46,120000,股
2026-07-02,7750,新代,0.46,12000,股
2026-07-02,3105,穩懋半導體,0.45,60000,股
2026-07-02,6187,萬潤科技,0.44,24000,股
2026-07-02,6438,迅得機械,0.43,140000,股
2026-07-02,5439,高技企業,0.41,65180,股
2026-07-02,2313,華通電腦,0.37,90000,股
2026-07-02,8150,南茂科技,0.35,180000,股
2026-07-02,2467,志聖工業,0.32,27000,股
2026-07-02,6213,聯茂電子,0.32,50000,股
2026-07-02,6139,亞翔工程,0.29,17000,股
2026-07-02,6805,富世達股份有限公司,0.27,9000,股
2026-07-02,3211,順達科技,0.22,30000,股
2026-07-02,2404,漢唐集成,0.13,5000,股
2026-07-02,5536,聖暉工程科技,0.08,3000,股
2026-07-02,RDI_NTD,RECEIVABLES FOR DISPOSAL OF INVESTMENTS,0.0,173733785,元
2026-07-03,2330,台灣積體電路製造,9.1,208000,股
2026-07-03,2383,台光電子材料,8.38,77000,股
2026-07-03,2327,國巨*,5.67,303000,股
2026-07-03,2454,聯發科技,5.56,74000,股
2026-07-03,2345,智邦科技,5.38,110000,股
2026-07-03,6223,旺矽科技,4.76,36000,股
2026-07-03,6669,緯穎科技服務,4.05,43000,股
2026-07-03,3037,欣興電子,4.02,232000,股
2026-07-03,3017,奇鋐科技,3.95,80000,股
2026-07-03,2308,台達電子工業,3.64,98000,股
2026-07-03,8046,南亞電路板,3.61,170000,股
2026-07-03,2368,金像電子,3.15,135000,股
2026-07-03,3665,貿聯控股,2.54,71000,股
2026-07-03,3711,日月光投資控股,2.53,207000,股
2026-07-03,5274,信驊科技,2.47,8000,股
2026-07-03,6515,穎崴科技,2.3,13000,股
2026-07-03,C_NTD,CASH,2.23,124399638,元
2026-07-03,6274,台燿科技,2.18,68000,股
2026-07-03,2303,聯華電子,2.14,700000,股
2026-07-03,7769,鴻勁,1.97,16000,股
2026-07-03,3653,健策精密工業,1.84,30000,股
2026-07-03,2472,立隆電子工業,1.23,162000,股
2026-07-03,4958,臻鼎科技控股,1.17,107000,股
2026-07-03,2360,致茂電子,1.05,26000,股
2026-07-03,8210,勤誠興業,0.89,38000,股
2026-07-03,2344,華邦電子,0.86,260000,股
2026-07-03,8996,高力熱處理工業,0.79,32000,股
2026-07-03,3044,健鼎科技,0.73,78000,股
2026-07-03,3023,信邦電子,0.68,113000,股
2026-07-03,M_NTD,MARGIN,0.68,37940879,元
2026-07-03,2455,全新光電科技,0.65,101000,股
2026-07-03,5289,宜鼎國際,0.64,22000,股
2026-07-03,2885,元大金融控股,0.59,493000,股
2026-07-03,6510,中華精測科技,0.48,8000,股
2026-07-03,6531,愛普科技,0.48,27000,股
2026-07-03,3264,欣銓科技,0.47,107000,股
2026-07-03,7750,新代,0.47,12000,股
2026-07-03,2449,京元電子,0.46,77000,股
2026-07-03,3189,景碩科技,0.46,31000,股
2026-07-03,6147,頎邦科技,0.46,120000,股
2026-07-03,3443,創意電子,0.45,5000,股
2026-07-03,3105,穩懋半導體,0.44,60000,股
2026-07-03,6187,萬潤科技,0.44,24000,股
2026-07-03,5439,高技企業,0.41,65180,股
2026-07-03,6438,迅得機械,0.41,140000,股
2026-07-03,2313,華通電腦,0.37,90000,股
2026-07-03,6213,聯茂電子,0.35,50000,股
2026-07-03,8150,南茂科技,0.34,180000,股
2026-07-03,5536,聖暉工程科技,0.31,12000,股
2026-07-03,2467,志聖工業,0.3,27000,股
2026-07-03,6139,亞翔工程,0.29,17000,股
2026-07-03,6805,富世達股份有限公司,0.26,9000,股
2026-07-03,3211,順達科技,0.22,30000,股
2026-07-03,8358,金居開發,0.21,20000,股
2026-07-03,2404,漢唐集成,0.12,5000,股
2026-07-03,RDI_NTD,RECEIVABLES FOR DISPOSAL OF INVESTMENTS,0.0,142766590,元
2026-07-06,2330,台灣積體電路製造,9.54,208000,股
2026-07-06,2383,台光電子材料,7.84,77000,股
2026-07-06,2454,聯發科技,5.68,74000,股
2026-07-06,2327,國巨*,5.67,303000,股
2026-07-06,2345,智邦科技,5.41,110000,股
2026-07-06,6223,旺矽科技,4.59,36000,股
2026-07-06,C_NTD,CASH,4.2,225619014,元
2026-07-06,6669,緯穎科技服務,4.03,43000,股
2026-07-06,3017,奇鋐科技,3.97,80000,股
2026-07-06,3037,欣興電子,3.96,232000,股
2026-07-06,2308,台達電子工業,3.64,98000,股
2026-07-06,8046,南亞電路板,3.4,170000,股
2026-07-06,2368,金像電子,3.08,135000,股
2026-07-06,3711,日月光投資控股,2.61,207000,股
2026-07-06,3665,貿聯控股,2.57,71000,股
2026-07-06,5274,信驊科技,2.42,8000,股
2026-07-06,2303,聯華電子,2.16,700000,股
2026-07-06,6515,穎崴科技,2.16,13000,股
2026-07-06,6274,台燿科技,2.06,68000,股
2026-07-06,7769,鴻勁,2.02,16000,股
2026-07-06,3653,健策精密工業,1.85,30000,股
2026-07-06,2472,立隆電子工業,1.22,162000,股
2026-07-06,4958,臻鼎科技控股,1.15,107000,股
2026-07-06,2360,致茂電子,1.05,26000,股
2026-07-06,8210,勤誠興業,0.91,38000,股
2026-07-06,2344,華邦電子,0.89,260000,股
2026-07-06,8996,高力熱處理工業,0.85,32000,股
2026-07-06,3044,健鼎科技,0.73,78000,股
2026-07-06,M_NTD,MARGIN,0.71,37940879,元
2026-07-06,3023,信邦電子,0.7,113000,股
2026-07-06,5289,宜鼎國際,0.67,22000,股
2026-07-06,2455,全新光電科技,0.64,101000,股
2026-07-06,2885,元大金融控股,0.63,493000,股
2026-07-06,3264,欣銓科技,0.51,107000,股
2026-07-06,2449,京元電子,0.5,77000,股
2026-07-06,7750,新代,0.49,12000,股
2026-07-06,6147,頎邦科技,0.48,120000,股
2026-07-06,6531,愛普科技,0.48,27000,股
2026-07-06,3105,穩懋半導體,0.47,60000,股
2026-07-06,6187,萬潤科技,0.46,24000,股
2026-07-06,6510,中華精測科技,0.46,8000,股
2026-07-06,3189,景碩科技,0.44,31000,股
2026-07-06,3443,創意電子,0.43,5000,股
2026-07-06,6438,迅得機械,0.43,140000,股
2026-07-06,5439,高技企業,0.42,65180,股
2026-07-06,2313,華通電腦,0.39,90000,股
2026-07-06,8150,南茂科技,0.39,180000,股
2026-07-06,6213,聯茂電子,0.37,50000,股
2026-07-06,2467,志聖工業,0.33,27000,股
2026-07-06,5536,聖暉工程科技,0.32,12000,股
2026-07-06,6139,亞翔工程,0.29,17000,股
2026-07-06,6805,富世達股份有限公司,0.26,9000,股
2026-07-06,3211,順達科技,0.24,30000,股
2026-07-06,8358,金居開發,0.21,20000,股
2026-07-06,2404,漢唐集成,0.12,5000,股
2026-07-06,RDI_NTD,RECEIVABLES FOR DISPOSAL OF INVESTMENTS,0.0,4597534,元
2026-07-07,2330,台灣積體電路製造,9.95,208000,股
2026-07-07,2383,台光電子材料,7.87,77000,股
2026-07-07,2454,聯發科技,5.84,74000,股
2026-07-07,2327,國巨*,5.37,303000,股
2026-07-07,2345,智邦科技,5.29,110000,股
2026-07-07,6223,旺矽科技,4.45,36000,股
2026-07-07,6669,緯穎科技服務,4.22,43000,股
2026-07-07,3017,奇鋐科技,3.84,80000,股
2026-07-07,3037,欣興電子,3.82,232000,股
2026-07-07,2308,台達電子工業,3.63,98000,股
2026-07-07,8046,南亞電路板,3.43,170000,股
2026-07-07,2368,金像電子,3.0,135000,股
2026-07-07,3665,貿聯控股,2.75,71000,股
2026-07-07,3711,日月光投資控股,2.64,207000,股
2026-07-07,C_NTD,CASH,2.51,128240047,元
2026-07-07,5274,信驊科技,2.48,8800,股
2026-07-07,2303,聯華電子,2.12,700000,股
2026-07-07,6274,台燿科技,2.1,68000,股
2026-07-07,6515,穎崴科技,2.04,13000,股
2026-07-07,7769,鴻勁,1.94,16000,股
2026-07-07,3653,健策精密工業,1.88,30000,股
2026-07-07,2472,立隆電子工業,1.17,162000,股
2026-07-07,4958,臻鼎科技控股,1.15,107000,股
2026-07-07,2360,致茂電子,1.0,26000,股
2026-07-07,2344,華邦電子,0.89,260000,股
2026-07-07,8210,勤誠興業,0.87,38000,股
2026-07-07,8996,高力熱處理工業,0.84,32000,股
2026-07-07,M_NTD,MARGIN,0.74,37940879,元
2026-07-07,3044,健鼎科技,0.73,78000,股
2026-07-07,3023,信邦電子,0.72,113000,股
2026-07-07,5289,宜鼎國際,0.68,22000,股
2026-07-07,2885,元大金融控股,0.67,493000,股
2026-07-07,2455,全新光電科技,0.63,101000,股
2026-07-07,3264,欣銓科技,0.49,107000,股
2026-07-07,7750,新代,0.49,12000,股
2026-07-07,2449,京元電子,0.48,77000,股
2026-07-07,3105,穩懋半導體,0.48,60000,股
2026-07-07,6147,頎邦科技,0.47,120000,股
2026-07-07,6531,愛普科技,0.47,27000,股
2026-07-07,6187,萬潤科技,0.46,24000,股
2026-07-07,3443,創意電子,0.44,5000,股
2026-07-07,6510,中華精測科技,0.44,8000,股
2026-07-07,3189,景碩科技,0.42,31000,股
2026-07-07,5439,高技企業,0.42,65180,股
2026-07-07,6438,迅得機械,0.42,140000,股
2026-07-07,2313,華通電腦,0.38,90000,股
2026-07-07,8150,南茂科技,0.38,180000,股
2026-07-07,6213,聯茂電子,0.37,50000,股
2026-07-07,5536,聖暉工程科技,0.33,12000,股
2026-07-07,2467,志聖工業,0.32,27000,股
2026-07-07,6139,亞翔工程,0.29,17000,股
2026-07-07,6805,富世達股份有限公司,0.26,9000,股
2026-07-07,3211,順達科技,0.23,30000,股
2026-07-07,8358,金居開發,0.2,20000,股
2026-07-07,2404,漢唐集成,0.12,5000,股
2026-07-08,2330,台灣積體電路製造,9.06,188000,股
2026-07-08,2383,台光電子材料,8.01,77000,股
2026-07-08,2454,聯發科技,5.79,74000,股
2026-07-08,2327,國巨*,5.28,303000,股
2026-07-08,2345,智邦科技,5.2,110000,股
2026-07-08,6223,旺矽科技,4.55,36000,股
2026-07-08,6669,緯穎科技服務,4.25,43000,股
2026-07-08,3037,欣興電子,3.92,232000,股
2026-07-08,8046,南亞電路板,3.68,170000,股
2026-07-08,3017,奇鋐科技,3.64,80000,股
2026-07-08,2308,台達電子工業,3.62,98000,股
2026-07-08,2368,金像電子,3.04,135000,股
2026-07-08,3665,貿聯控股,2.64,71000,股
2026-07-08,3711,日月光投資控股,2.53,207000,股
2026-07-08,C_NTD,CASH,2.51,128464037,元
2026-07-08,5274,信驊科技,2.41,8800,股
2026-07-08,2303,聯華電子,2.23,700000,股
2026-07-08,6274,台燿科技,2.19,68000,股
2026-07-08,6515,穎崴科技,1.96,13000,股
2026-07-08,7769,鴻勁,1.9,16000,股
2026-07-08,3653,健策精密工業,1.88,30000,股
2026-07-08,4958,臻鼎科技控股,1.18,107000,股
2026-07-08,2472,立隆電子工業,1.11,162000,股
2026-07-08,2360,致茂電子,0.94,26000,股
2026-07-08,8210,勤誠興業,0.89,38000,股
2026-07-08,2344,華邦電子,0.86,260000,股
2026-07-08,8996,高力熱處理工業,0.83,32000,股
2026-07-08,M_NTD,MARGIN,0.74,37940879,元
2026-07-08,3044,健鼎科技,0.72,78000,股
2026-07-08,3023,信邦電子,0.71,113000,股
2026-07-08,2885,元大金融控股,0.69,493000,股
2026-07-08,2455,全新光電科技,0.66,101000,股
2026-07-08,5289,宜鼎國際,0.65,22000,股
2026-07-08,3105,穩懋半導體,0.49,60000,股
2026-07-08,3264,欣銓科技,0.49,107000,股
2026-07-08,6531,愛普科技,0.49,27000,股
2026-07-08,7750,新代,0.49,12000,股
2026-07-08,6147,頎邦科技,0.47,120000,股
2026-07-08,2449,京元電子,0.46,77000,股
2026-07-08,3189,景碩科技,0.46,31000,股
2026-07-08,6187,萬潤科技,0.45,24000,股
2026-07-08,6510,中華精測科技,0.44,8000,股
2026-07-08,3443,創意電子,0.43,5000,股
2026-07-08,5439,高技企業,0.43,65180,股
2026-07-08,6438,迅得機械,0.41,140000,股
2026-07-08,2313,華通電腦,0.39,90000,股
2026-07-08,6213,聯茂電子,0.39,50000,股
2026-07-08,8150,南茂科技,0.38,180000,股
2026-07-08,5536,聖暉工程科技,0.3,12000,股
2026-07-08,2467,志聖工業,0.29,27000,股
2026-07-08,6139,亞翔工程,0.29,17000,股
2026-07-08,3211,順達科技,0.25,30000,股
2026-07-08,6805,富世達股份有限公司,0.25,9000,股
2026-07-08,8358,金居開發,0.2,20000,股
2026-07-08,2404,漢唐集成,0.12,5000,股
2026-07-08,RDI_NTD,RECEIVABLES FOR DISPOSAL OF INVESTMENTS,0.0,48579693,元
2026-07-09,2330,台灣積體電路製造,8.81,188000,股
2026-07-09,2383,台光電子材料,7.91,77000,股
2026-07-09,2454,聯發科技,5.64,74000,股
2026-07-09,2327,國巨*,5.29,303000,股
2026-07-09,2345,智邦科技,5.27,110000,股
2026-07-09,6223,旺矽科技,4.95,36000,股
2026-07-09,6669,緯穎科技服務,4.21,43000,股
2026-07-09,8046,南亞電路板,4.01,170000,股
2026-07-09,3037,欣興電子,3.94,232000,股
2026-07-09,3017,奇鋐科技,3.65,80000,股
2026-07-09,2308,台達電子工業,3.58,98000,股
2026-07-09,2368,金像電子,2.82,135000,股
2026-07-09,3711,日月光投資控股,2.72,207000,股
2026-07-09,3665,貿聯控股,2.57,71000,股
2026-07-09,C_NTD,CASH,2.52,129784039,元
2026-07-09,5274,信驊科技,2.33,8800,股
2026-07-09,2303,聯華電子,2.12,700000,股
2026-07-09,6274,台燿科技,2.07,68000,股
2026-07-09,7769,鴻勁,2.07,16000,股
2026-07-09,6515,穎崴科技,1.96,13000,股
2026-07-09,3653,健策精密工業,1.87,30000,股
2026-07-09,4958,臻鼎科技控股,1.22,107000,股
2026-07-09,2472,立隆電子工業,1.18,162000,股
2026-07-09,2360,致茂電子,0.92,26000,股
2026-07-09,2344,華邦電子,0.89,260000,股
2026-07-09,8210,勤誠興業,0.87,38000,股
2026-07-09,8996,高力熱處理工業,0.76,32000,股
2026-07-09,M_NTD,MARGIN,0.74,37940879,元
2026-07-09,3023,信邦電子,0.71,113000,股
2026-07-09,3044,健鼎科技,0.68,78000,股
2026-07-09,2455,全新光電科技,0.65,101000,股
2026-07-09,2885,元大金融控股,0.65,493000,股
2026-07-09,5289,宜鼎國際,0.65,22000,股
2026-07-09,6147,頎邦科技,0.51,120000,股
2026-07-09,3264,欣銓科技,0.49,107000,股
2026-07-09,6187,萬潤科技,0.49,24000,股
2026-07-09,3189,景碩科技,0.48,31000,股
2026-07-09,6531,愛普科技,0.48,27000,股
2026-07-09,7750,新代,0.48,12000,股
2026-07-09,3105,穩懋半導體,0.47,60000,股
2026-07-09,2449,京元電子,0.46,77000,股
2026-07-09,6510,中華精測科技,0.44,8000,股
2026-07-09,3443,創意電子,0.42,5000,股
2026-07-09,5439,高技企業,0.41,65180,股
2026-07-09,6438,迅得機械,0.41,140000,股
2026-07-09,8150,南茂科技,0.41,180000,股
2026-07-09,2313,華通電腦,0.39,90000,股
2026-07-09,6213,聯茂電子,0.37,50000,股
2026-07-09,2467,志聖工業,0.29,27000,股
2026-07-09,6139,亞翔工程,0.29,17000,股
2026-07-09,5536,聖暉工程科技,0.28,12000,股
2026-07-09,3211,順達科技,0.26,30000,股
2026-07-09,6805,富世達股份有限公司,0.26,9000,股
2026-07-09,3167,大量科技,0.23,15000,股
2026-07-09,8358,金居開發,0.21,20000,股
2026-07-09,2404,漢唐集成,0.12,5000,股
2026-07-09,RDI_NTD,RECEIVABLES FOR DISPOSAL OF INVESTMENTS,0.0,36826303,元
2026-07-13,2330,台灣積體電路製造,9.07,188000,股
2026-07-13,2383,台光電子材料,7.81,77000,股
2026-07-13,2454,聯發科技,5.61,74000,股
2026-07-13,2345,智邦科技,5.24,110000,股
2026-07-13,2327,國巨*,4.9,303000,股
2026-07-13,6223,旺矽科技,4.73,36000,股
2026-07-13,8046,南亞電路板,4.28,170000,股
2026-07-13,6669,緯穎科技服務,4.22,43000,股
2026-07-13,3037,欣興電子,4.15,232000,股
2026-07-13,2308,台達電子工業,3.67,98000,股
2026-07-13,C_NTD,CASH,3.54,178672324,元
2026-07-13,3017,奇鋐科技,3.52,80000,股
2026-07-13,2368,金像電子,2.79,135000,股
2026-07-13,3711,日月光投資控股,2.75,207000,股
2026-07-13,3665,貿聯控股,2.62,71000,股
2026-07-13,5274,信驊科技,2.36,8800,股
2026-07-13,2303,聯華電子,2.13,700000,股
2026-07-13,7769,鴻勁,2.12,16000,股
2026-07-13,6274,台燿科技,2.09,68000,股
2026-07-13,3653,健策精密工業,1.9,30000,股
2026-07-13,6515,穎崴科技,1.9,13000,股
2026-07-13,4958,臻鼎科技控股,1.37,107000,股
2026-07-13,2472,立隆電子工業,1.1,162000,股
2026-07-13,2360,致茂電子,0.95,26000,股
2026-07-13,2344,華邦電子,0.86,260000,股
2026-07-13,8210,勤誠興業,0.85,38000,股
2026-07-13,8996,高力熱處理工業,0.79,32000,股
2026-07-13,M_NTD,MARGIN,0.75,37940879,元
2026-07-13,3023,信邦電子,0.72,113000,股
2026-07-13,3044,健鼎科技,0.68,78000,股
2026-07-13,2885,元大金融控股,0.67,493000,股
2026-07-13,2455,全新光電科技,0.66,101000,股
2026-07-13,5289,宜鼎國際,0.66,22000,股
2026-07-13,3189,景碩科技,0.5,31000,股
2026-07-13,6187,萬潤科技,0.49,24000,股
2026-07-13,3105,穩懋半導體,0.48,60000,股
2026-07-13,3264,欣銓科技,0.48,107000,股
2026-07-13,6531,愛普科技,0.48,27000,股
2026-07-13,7750,新代,0.48,12000,股
2026-07-13,2449,京元電子,0.47,77000,股
2026-07-13,6147,頎邦科技,0.47,120000,股
2026-07-13,6438,迅得機械,0.43,140000,股
2026-07-13,2313,華通電腦,0.42,90000,股
2026-07-13,3443,創意電子,0.42,5000,股
2026-07-13,8150,南茂科技,0.41,180000,股
2026-07-13,5439,高技企業,0.4,65180,股
2026-07-13,6213,聯茂電子,0.36,50000,股
2026-07-13,2467,志聖工業,0.32,27000,股
2026-07-13,6139,亞翔工程,0.3,17000,股
2026-07-13,5536,聖暉工程科技,0.28,12000,股
2026-07-13,3211,順達科技,0.27,30000,股
2026-07-13,6510,中華精測科技,0.27,5000,股
2026-07-13,3167,大量科技,0.25,15000,股
2026-07-13,6805,富世達股份有限公司,0.25,9000,股
2026-07-13,8358,金居開發,0.2,20000,股
2026-07-13,3026,禾伸堂企業,0.14,8000,股
2026-07-13,2404,漢唐集成,0.12,5000,股
2026-07-13,RDI_NTD,RECEIVABLES FOR DISPOSAL OF INVESTMENTS,0.0,-10725741,元
2026-07-14,2330,台灣積體電路製造,9.34,188000,股
2026-07-14,2383,台光電子材料,7.83,77000,股
2026-07-14,2454,聯發科技,5.54,74000,股
2026-07-14,2345,智邦科技,5.13,110000,股
2026-07-14,2327,國巨*,4.82,303000,股
2026-07-14,6223,旺矽科技,4.67,36000,股
2026-07-14,8046,南亞電路板,4.49,170000,股
2026-07-14,6669,緯穎科技服務,4.32,43000,股
2026-07-14,3037,欣興電子,4.15,232000,股
2026-07-14,2308,台達電子工業,3.72,98000,股
2026-07-14,3017,奇鋐科技,3.47,80000,股
2026-07-14,C_NTD,CASH,3.43,167433535,元
2026-07-14,2368,金像電子,2.8,135000,股
2026-07-14,3711,日月光投資控股,2.72,207000,股
2026-07-14,3665,貿聯控股,2.58,71000,股
2026-07-14,5274,信驊科技,2.34,8800,股
2026-07-14,2303,聯華電子,2.16,700000,股
2026-07-14,7769,鴻勁,2.09,16000,股
2026-07-14,6274,台燿科技,1.94,68000,股
2026-07-14,3653,健策精密工業,1.88,30000,股
2026-07-14,6515,穎崴科技,1.87,13000,股
2026-07-14,4958,臻鼎科技控股,1.38,107000,股
2026-07-14,2472,立隆電子工業,1.06,162000,股
2026-07-14,2360,致茂電子,0.97,26000,股
2026-07-14,2344,華邦電子,0.88,260000,股
2026-07-14,8210,勤誠興業,0.86,38000,股
2026-07-14,M_NTD,MARGIN,0.78,37940879,元
2026-07-14,8996,高力熱處理工業,0.77,32000,股
2026-07-14,3023,信邦電子,0.73,113000,股
2026-07-14,2885,元大金融控股,0.67,493000,股
2026-07-14,3044,健鼎科技,0.67,78000,股
2026-07-14,2455,全新光電科技,0.65,101000,股
2026-07-14,5289,宜鼎國際,0.65,22000,股
2026-07-14,3189,景碩科技,0.51,31000,股
2026-07-14,7750,新代,0.5,12000,股
2026-07-14,3264,欣銓科技,0.48,107000,股
2026-07-14,6187,萬潤科技,0.48,24000,股
2026-07-14,6531,愛普科技,0.47,27000,股
2026-07-14,2449,京元電子,0.46,77000,股
2026-07-14,3105,穩懋半導體,0.46,60000,股
2026-07-14,6147,頎邦科技,0.46,120000,股
2026-07-14,2313,華通電腦,0.42,90000,股
2026-07-14,6438,迅得機械,0.42,140000,股
2026-07-14,3443,創意電子,0.41,5000,股
2026-07-14,5439,高技企業,0.39,65180,股
2026-07-14,8150,南茂科技,0.38,180000,股
2026-07-14,6213,聯茂電子,0.36,50000,股
2026-07-14,2467,志聖工業,0.3,27000,股
2026-07-14,6139,亞翔工程,0.29,17000,股
2026-07-14,5536,聖暉工程科技,0.28,12000,股
2026-07-14,6510,中華精測科技,0.28,5000,股
2026-07-14,3167,大量科技,0.27,15000,股
2026-07-14,3211,順達科技,0.27,30000,股
2026-07-14,6805,富世達股份有限公司,0.24,9000,股
2026-07-14,8358,金居開發,0.19,20000,股
2026-07-14,3026,禾伸堂企業,0.13,8000,股
2026-07-14,2404,漢唐集成,0.12,5000,股
2026-07-14,RDI_NTD,RECEIVABLES FOR DISPOSAL OF INVESTMENTS,0.0,1027649,元
2026-07-15,2330,台灣積體電路製造,9.05,188000,股
2026-07-15,2383,台光電子材料,7.74,77000,股
2026-07-15,2454,聯發科技,5.47,74000,股
2026-07-15,2345,智邦科技,5.09,110000,股
2026-07-15,2327,國巨*,4.78,303000,股
2026-07-15,8046,南亞電路板,4.76,170000,股
2026-07-15,6223,旺矽科技,4.51,36000,股
2026-07-15,6669,緯穎科技服務,4.33,43000,股
2026-07-15,3037,欣興電子,4.3,232000,股
2026-07-15,2308,台達電子工業,3.66,98000,股
2026-07-15,3017,奇鋐科技,3.43,80000,股
2026-07-15,C_NTD,CASH,3.35,169304165,元
2026-07-15,3711,日月光投資控股,2.8,207000,股
2026-07-15,2368,金像電子,2.74,135000,股
2026-07-15,3665,貿聯控股,2.68,71000,股
2026-07-15,5274,信驊科技,2.42,8800,股
2026-07-15,2303,聯華電子,2.3,700000,股
2026-07-15,7769,鴻勁,2.13,16000,股
2026-07-15,3653,健策精密工業,1.95,30000,股
2026-07-15,6274,台燿科技,1.93,68000,股
2026-07-15,6515,穎崴科技,1.87,13000,股
2026-07-15,4958,臻鼎科技控股,1.31,107000,股
2026-07-15,2472,立隆電子工業,1.09,162000,股
2026-07-15,2360,致茂電子,0.98,26000,股
2026-07-15,2344,華邦電子,0.93,260000,股
2026-07-15,8210,勤誠興業,0.86,38000,股
2026-07-15,8996,高力熱處理工業,0.75,32000,股
2026-07-15,M_NTD,MARGIN,0.75,37940879,元
2026-07-15,3023,信邦電子,0.72,113000,股
2026-07-15,3044,健鼎科技,0.66,78000,股
2026-07-15,2885,元大金融控股,0.65,493000,股
2026-07-15,5289,宜鼎國際,0.64,22000,股
2026-07-15,2455,全新光電科技,0.63,101000,股
2026-07-15,3189,景碩科技,0.52,31000,股
2026-07-15,6187,萬潤科技,0.51,24000,股
2026-07-15,6531,愛普科技,0.5,27000,股
2026-07-15,6147,頎邦科技,0.49,120000,股
2026-07-15,3264,欣銓科技,0.48,107000,股
2026-07-15,2449,京元電子,0.47,77000,股
2026-07-15,7750,新代,0.47,12000,股
2026-07-15,3105,穩懋半導體,0.46,60000,股
2026-07-15,2313,華通電腦,0.44,90000,股
2026-07-15,6438,迅得機械,0.43,140000,股
2026-07-15,3443,創意電子,0.41,5000,股
2026-07-15,8150,南茂科技,0.41,180000,股
2026-07-15,5439,高技企業,0.38,65180,股
2026-07-15,6213,聯茂電子,0.33,50000,股
2026-07-15,2467,志聖工業,0.31,27000,股
2026-07-15,5536,聖暉工程科技,0.3,12000,股
2026-07-15,6139,亞翔工程,0.3,17000,股
2026-07-15,6510,中華精測科技,0.28,5000,股
2026-07-15,3167,大量科技,0.26,15000,股
2026-07-15,3211,順達科技,0.25,30000,股
2026-07-15,6805,富世達股份有限公司,0.25,9000,股
2026-07-15,8358,金居開發,0.18,20000,股
2026-07-15,2404,漢唐集成,0.13,5000,股
2026-07-15,3026,禾伸堂企業,0.13,8000,股
2026-07-16,2330,台灣積體電路製造,9.3,188000,股
2026-07-16,2383,台光電子材料,7.72,77000,股
2026-07-16,2454,聯發科技,5.5,74000,股
2026-07-16,2345,智邦科技,5.13,110000,股
2026-07-16,2327,國巨*,4.73,303000,股
2026-07-16,6223,旺矽科技,4.5,36000,股
2026-07-16,6669,緯穎科技服務,4.42,43000,股
2026-07-16,8046,南亞電路板,4.36,170000,股
2026-07-16,3037,欣興電子,4.11,232000,股
2026-07-16,2308,台達電子工業,3.75,98000,股
2026-07-16,3017,奇鋐科技,3.58,80000,股
2026-07-16,C_NTD,CASH,3.06,152342417,元
2026-07-16,3711,日月光投資控股,2.84,207000,股
2026-07-16,3665,貿聯控股,2.79,71000,股
2026-07-16,2368,金像電子,2.73,135000,股
2026-07-16,5274,信驊科技,2.46,8800,股
2026-07-16,2303,聯華電子,2.25,700000,股
2026-07-16,7769,鴻勁,2.15,16000,股
2026-07-16,3653,健策精密工業,2.05,30000,股
2026-07-16,6274,台燿科技,1.77,68000,股
2026-07-16,6515,穎崴科技,1.76,13000,股
2026-07-16,4958,臻鼎科技控股,1.24,107000,股
2026-07-16,2360,致茂電子,1.04,26000,股
2026-07-16,2472,立隆電子工業,1.04,162000,股
2026-07-16,2344,華邦電子,0.9,260000,股
2026-07-16,8210,勤誠興業,0.9,38000,股
2026-07-16,M_NTD,MARGIN,0.76,37940879,元
2026-07-16,3023,信邦電子,0.72,113000,股
2026-07-16,8996,高力熱處理工業,0.72,32000,股
2026-07-16,2885,元大金融控股,0.66,493000,股
2026-07-16,3044,健鼎科技,0.66,78000,股
2026-07-16,2455,全新光電科技,0.64,101000,股
2026-07-16,5289,宜鼎國際,0.62,22000,股
2026-07-16,6187,萬潤科技,0.52,24000,股
2026-07-16,3264,欣銓科技,0.51,107000,股
2026-07-16,2449,京元電子,0.49,77000,股
2026-07-16,6531,愛普科技,0.49,27000,股
2026-07-16,3189,景碩科技,0.48,31000,股
2026-07-16,6147,頎邦科技,0.48,120000,股
2026-07-16,7750,新代,0.47,12000,股
2026-07-16,3105,穩懋半導體,0.44,60000,股
2026-07-16,8150,南茂科技,0.44,180000,股
2026-07-16,2313,華通電腦,0.43,90000,股
2026-07-16,6438,迅得機械,0.43,140000,股
2026-07-16,3443,創意電子,0.42,5000,股
2026-07-16,5439,高技企業,0.38,65180,股
2026-07-16,2467,志聖工業,0.34,27000,股
2026-07-16,6213,聯茂電子,0.33,50000,股
2026-07-16,5536,聖暉工程科技,0.31,12000,股
2026-07-16,6139,亞翔工程,0.3,17000,股
2026-07-16,6510,中華精測科技,0.27,5000,股
2026-07-16,3167,大量科技,0.26,15000,股
2026-07-16,3211,順達科技,0.26,30000,股
2026-07-16,6805,富世達股份有限公司,0.26,9000,股
2026-07-16,8358,金居開發,0.18,20000,股
2026-07-16,2404,漢唐集成,0.13,5000,股
2026-07-16,3026,禾伸堂企業,0.12,8000,股
2026-07-17,2330,台灣積體電路製造,9.44,188000,股
2026-07-17,2383,台光電子材料,7.57,77000,股
2026-07-17,2454,聯發科技,5.45,74000,股
2026-07-17,2345,智邦科技,5.03,110000,股
2026-07-17,2327,國巨*,4.63,303000,股
2026-07-17,6223,旺矽科技,4.41,36000,股
2026-07-17,6669,緯穎科技服務,4.35,43000,股
2026-07-17,8046,南亞電路板,4.28,170000,股
2026-07-17,3037,欣興電子,4.03,232000,股
2026-07-17,3017,奇鋐科技,3.85,80000,股
2026-07-17,2308,台達電子工業,3.73,98000,股
2026-07-17,C_NTD,CASH,3.69,168552289,元
2026-07-17,3711,日月光投資控股,2.78,207000,股
2026-07-17,2368,金像電子,2.74,135000,股
2026-07-17,3665,貿聯控股,2.74,71000,股
2026-07-17,5274,信驊科技,2.49,8800,股
2026-07-17,2303,聯華電子,2.2,700000,股
2026-07-17,7769,鴻勁,2.12,16000,股
2026-07-17,3653,健策精密工業,2.11,30000,股
2026-07-17,6274,台燿科技,1.74,68000,股
2026-07-17,6515,穎崴科技,1.72,13000,股
2026-07-17,4958,臻鼎科技控股,1.22,107000,股
2026-07-17,2360,致茂電子,1.05,26000,股
2026-07-17,2472,立隆電子工業,1.02,162000,股
2026-07-17,8210,勤誠興業,0.91,38000,股
2026-07-17,2344,華邦電子,0.88,260000,股
2026-07-17,M_NTD,MARGIN,0.83,37940879,元
2026-07-17,3023,信邦電子,0.75,113000,股
2026-07-17,8996,高力熱處理工業,0.71,32000,股
2026-07-17,2885,元大金融控股,0.7,493000,股
2026-07-17,3044,健鼎科技,0.68,78000,股
2026-07-17,2455,全新光電科技,0.62,101000,股
2026-07-17,5289,宜鼎國際,0.61,22000,股
2026-07-17,6187,萬潤科技,0.51,24000,股
2026-07-17,3264,欣銓科技,0.5,107000,股
2026-07-17,2449,京元電子,0.48,77000,股
2026-07-17,6531,愛普科技,0.48,27000,股
2026-07-17,7750,新代,0.48,12000,股
2026-07-17,3189,景碩科技,0.47,31000,股
2026-07-17,6147,頎邦科技,0.47,120000,股
2026-07-17,3105,穩懋半導體,0.44,60000,股
2026-07-17,6438,迅得機械,0.44,140000,股
2026-07-17,8150,南茂科技,0.44,180000,股
2026-07-17,2313,華通電腦,0.42,90000,股
2026-07-17,3443,創意電子,0.42,5000,股
2026-07-17,5439,高技企業,0.37,65180,股
2026-07-17,6213,聯茂電子,0.35,50000,股
2026-07-17,2467,志聖工業,0.33,27000,股
2026-07-17,5536,聖暉工程科技,0.3,12000,股
2026-07-17,6139,亞翔工程,0.3,17000,股
2026-07-17,6510,中華精測科技,0.28,5000,股
2026-07-17,6805,富世達股份有限公司,0.26,9000,股
2026-07-17,3167,大量科技,0.25,15000,股
2026-07-17,3211,順達科技,0.25,30000,股
2026-07-17,8358,金居開發,0.17,20000,股
2026-07-17,2404,漢唐集成,0.13,5000,股
2026-07-17,3026,禾伸堂企業,0.12,8000,股
2026-07-20,2330,台灣積體電路製造,9.62,188000,股
2026-07-20,2383,台光電子材料,7.49,77000,股
2026-07-20,2454,聯發科技,5.47,74000,股
2026-07-20,2345,智邦科技,5.09,110000,股
2026-07-20,C_NTD,CASH,4.82,217810433,元
2026-07-20,6669,緯穎科技服務,4.46,43000,股
2026-07-20,6223,旺矽科技,4.35,36000,股
2026-07-20,2327,國巨*,4.23,303000,股
2026-07-20,8046,南亞電路板,4.16,170000,股
2026-07-20,3037,欣興電子,3.85,232000,股
2026-07-20,3017,奇鋐科技,3.78,80000,股
2026-07-20,2308,台達電子工業,3.7,98000,股
2026-07-20,3665,貿聯控股,2.86,71000,股
2026-07-20,2368,金像電子,2.77,135000,股
2026-07-20,3711,日月光投資控股,2.74,207000,股
2026-07-20,5274,信驊科技,2.52,8800,股
2026-07-20,7769,鴻勁,2.13,16000,股
2026-07-20,3653,健策精密工業,2.12,30000,股
2026-07-20,2303,聯華電子,2.01,700000,股
2026-07-20,6515,穎崴科技,1.74,13000,股
2026-07-20,6274,台燿科技,1.69,68000,股
2026-07-20,4958,臻鼎科技控股,1.13,107000,股
2026-07-20,2360,致茂電子,1.06,26000,股
2026-07-20,2472,立隆電子工業,0.95,162000,股
2026-07-20,8210,勤誠興業,0.91,38000,股
2026-07-20,2344,華邦電子,0.87,260000,股
2026-07-20,M_NTD,MARGIN,0.84,37940879,元
2026-07-20,3023,信邦電子,0.75,113000,股
2026-07-20,2885,元大金融控股,0.69,493000,股
2026-07-20,8996,高力熱處理工業,0.69,32000,股
2026-07-20,3044,健鼎科技,0.67,78000,股
2026-07-20,2455,全新光電科技,0.62,101000,股
2026-07-20,5289,宜鼎國際,0.59,22000,股
2026-07-20,7750,新代,0.52,12000,股
2026-07-20,6187,萬潤科技,0.5,24000,股
2026-07-20,3189,景碩科技,0.47,31000,股
2026-07-20,3264,欣銓科技,0.47,107000,股
2026-07-20,6531,愛普科技,0.47,27000,股
2026-07-20,2449,京元電子,0.46,77000,股
2026-07-20,6438,迅得機械,0.45,140000,股
2026-07-20,6147,頎邦科技,0.44,120000,股
2026-07-20,3443,創意電子,0.41,5000,股
2026-07-20,8150,南茂科技,0.41,180000,股
2026-07-20,2313,華通電腦,0.4,90000,股
2026-07-20,5439,高技企業,0.36,65180,股
2026-07-20,6213,聯茂電子,0.36,50000,股
2026-07-20,2467,志聖工業,0.31,27000,股
2026-07-20,5536,聖暉工程科技,0.3,12000,股
2026-07-20,6139,亞翔工程,0.29,17000,股
2026-07-20,6510,中華精測科技,0.28,5000,股
2026-07-20,6805,富世達股份有限公司,0.26,9000,股
2026-07-20,3167,大量科技,0.24,15000,股
2026-07-20,3211,順達科技,0.24,30000,股
2026-07-20,3105,穩懋半導體,0.21,30000,股
2026-07-20,8358,金居開發,0.16,20000,股
2026-07-20,2404,漢唐集成,0.13,5000,股
2026-07-20,3026,禾伸堂企業,0.11,8000,股
2026-07-20,RDI_NTD,RECEIVABLES FOR DISPOSAL OF INVESTMENTS,0.0,9523190,元
2026-07-21,2330,台灣積體電路製造,9.38,188000,股
2026-07-21,2383,台光電子材料,7.71,77000,股
2026-07-21,2454,聯發科技,5.63,74000,股
2026-07-21,2345,智邦科技,5.06,110000,股
2026-07-21,6669,緯穎科技服務,4.46,43000,股
2026-07-21,C_NTD,CASH,4.4,212239439,元
2026-07-21,6223,旺矽科技,4.39,36000,股
2026-07-21,2327,國巨*,4.21,303000,股
2026-07-21,8046,南亞電路板,4.2,170000,股
2026-07-21,3037,欣興電子,3.97,232000,股
2026-07-21,3017,奇鋐科技,3.85,80000,股
2026-07-21,2308,台達電子工業,3.73,98000,股
2026-07-21,3665,貿聯控股,2.95,71000,股
2026-07-21,2368,金像電子,2.74,135000,股
2026-07-21,3711,日月光投資控股,2.72,207000,股
2026-07-21,5274,信驊科技,2.57,8800,股
2026-07-21,3653,健策精密工業,2.19,30000,股
2026-07-21,7769,鴻勁,2.16,16000,股
2026-07-21,2303,聯華電子,1.95,700000,股
2026-07-21,6515,穎崴科技,1.79,13000,股
2026-07-21,6274,台燿科技,1.74,68000,股
2026-07-21,4958,臻鼎科技控股,1.13,107000,股
2026-07-21,2360,致茂電子,1.09,26000,股
2026-07-21,2472,立隆電子工業,0.92,162000,股
2026-07-21,8210,勤誠興業,0.92,38000,股
2026-07-21,2344,華邦電子,0.84,260000,股
2026-07-21,M_NTD,MARGIN,0.79,37940879,元
2026-07-21,3023,信邦電子,0.72,113000,股
2026-07-21,3044,健鼎科技,0.65,78000,股
2026-07-21,8996,高力熱處理工業,0.65,32000,股
2026-07-21,2885,元大金融控股,0.63,493000,股
2026-07-21,2455,全新光電科技,0.62,101000,股
2026-07-21,5289,宜鼎國際,0.59,22000,股
2026-07-21,7750,新代,0.51,12000,股
2026-07-21,6187,萬潤科技,0.5,24000,股
2026-07-21,3189,景碩科技,0.48,31000,股
2026-07-21,6531,愛普科技,0.48,27000,股
2026-07-21,3264,欣銓科技,0.47,107000,股
2026-07-21,2449,京元電子,0.45,77000,股
2026-07-21,2486,一詮精密工業,0.45,100000,股
2026-07-21,3443,創意電子,0.43,5000,股
2026-07-21,6147,頎邦科技,0.43,120000,股
2026-07-21,6438,迅得機械,0.43,140000,股
2026-07-21,2313,華通電腦,0.39,90000,股
2026-07-21,8150,南茂科技,0.39,180000,股
2026-07-21,6213,聯茂電子,0.37,50000,股
2026-07-21,5439,高技企業,0.35,65180,股
2026-07-21,2467,志聖工業,0.3,27000,股
2026-07-21,5536,聖暉工程科技,0.3,12000,股
2026-07-21,6139,亞翔工程,0.29,17000,股
2026-07-21,6510,中華精測科技,0.27,5000,股
2026-07-21,6805,富世達股份有限公司,0.26,9000,股
2026-07-21,3211,順達科技,0.24,30000,股
2026-07-21,3167,大量科技,0.23,15000,股
2026-07-21,3357,西北臺慶科技,0.23,50000,股
2026-07-21,3105,穩懋半導體,0.21,30000,股
2026-07-21,8358,金居開發,0.16,20000,股
2026-07-21,2404,漢唐集成,0.12,5000,股
2026-07-21,3026,禾伸堂企業,0.11,8000,股
2026-07-21,RDI_NTD,RECEIVABLES FOR DISPOSAL OF INVESTMENTS,0.0,-23343064,元
2026-07-22,2330,台灣積體電路製造,9.01,188000,股
2026-07-22,2383,台光電子材料,7.92,77000,股
2026-07-22,2454,聯發科技,5.71,74000,股
2026-07-22,2345,智邦科技,5.04,110000,股
2026-07-22,6669,緯穎科技服務,4.74,43000,股
2026-07-22,C_NTD,CASH,4.51,224917675,元
2026-07-22,8046,南亞電路板,4.45,170000,股
2026-07-22,6223,旺矽科技,4.33,36000,股
2026-07-22,2327,國巨*,4.27,303000,股
2026-07-22,3037,欣興電子,4.22,232000,股
2026-07-22,2308,台達電子工業,3.7,98000,股
2026-07-22,3017,奇鋐科技,3.63,80000,股
2026-07-22,3665,貿聯控股,3.01,71000,股
2026-07-22,5274,信驊科技,2.74,8800,股
2026-07-22,3711,日月光投資控股,2.72,207000,股
2026-07-22,2368,金像電子,2.55,135000,股
2026-07-22,3653,健策精密工業,2.11,30000,股
2026-07-22,7769,鴻勁,2.06,16000,股
2026-07-22,2303,聯華電子,1.95,700000,股
2026-07-22,6274,台燿科技,1.85,68000,股
2026-07-22,6515,穎崴科技,1.7,13000,股
2026-07-22,4958,臻鼎科技控股,1.2,107000,股
2026-07-22,2360,致茂電子,1.11,26000,股
2026-07-22,2472,立隆電子工業,0.92,162000,股
2026-07-22,2344,華邦電子,0.89,260000,股
2026-07-22,8210,勤誠興業,0.88,38000,股
2026-07-22,M_NTD,MARGIN,0.76,37940879,元
2026-07-22,3023,信邦電子,0.72,113000,股
2026-07-22,8996,高力熱處理工業,0.69,32000,股
2026-07-22,2455,全新光電科技,0.66,101000,股
2026-07-22,3044,健鼎科技,0.65,78000,股
2026-07-22,2885,元大金融控股,0.62,493000,股
2026-07-22,5289,宜鼎國際,0.6,22000,股
2026-07-22,6187,萬潤科技,0.51,24000,股
2026-07-22,3189,景碩科技,0.49,31000,股
2026-07-22,6531,愛普科技,0.49,27000,股
2026-07-22,7750,新代,0.49,12000,股
2026-07-22,2486,一詮精密工業,0.47,100000,股
2026-07-22,3264,欣銓科技,0.47,107000,股
2026-07-22,2449,京元電子,0.46,77000,股
2026-07-22,6147,頎邦科技,0.46,120000,股
2026-07-22,3443,創意電子,0.44,5000,股
2026-07-22,6438,迅得機械,0.43,140000,股
2026-07-22,2313,華通電腦,0.38,90000,股
2026-07-22,3583,辛耘企業,0.38,25000,股
2026-07-22,6213,聯茂電子,0.37,50000,股
2026-07-22,8150,南茂科技,0.36,180000,股
2026-07-22,5439,高技企業,0.33,65180,股
2026-07-22,2467,志聖工業,0.3,27000,股
2026-07-22,5536,聖暉工程科技,0.29,12000,股
2026-07-22,6139,亞翔工程,0.29,17000,股
2026-07-22,6510,中華精測科技,0.27,5000,股
2026-07-22,6805,富世達股份有限公司,0.25,9000,股
2026-07-22,3211,順達科技,0.24,30000,股
2026-07-22,3105,穩懋半導體,0.22,30000,股
2026-07-22,3357,西北臺慶科技,0.22,50000,股
2026-07-22,3167,大量科技,0.21,15000,股
2026-07-22,8358,金居開發,0.17,20000,股
2026-07-22,2404,漢唐集成,0.12,5000,股
2026-07-22,3026,禾伸堂企業,0.11,8000,股
2026-07-22,RDI_NTD,RECEIVABLES FOR DISPOSAL OF INVESTMENTS,0.0,-52243732,元
2026-07-23,2330,台灣積體電路製造,9.05,188000,股
2026-07-23,2383,台光電子材料,7.84,77000,股
2026-07-23,2454,聯發科技,5.73,74000,股
2026-07-23,2345,智邦科技,5.11,110000,股
2026-07-23,6669,緯穎科技服務,4.7,43000,股
2026-07-23,6223,旺矽科技,4.5,36000,股
2026-07-23,2327,國巨*,4.22,303000,股
2026-07-23,8046,南亞電路板,4.18,170000,股
2026-07-23,3037,欣興電子,4.16,232000,股
2026-07-23,3017,奇鋐科技,3.9,80000,股
2026-07-23,C_NTD,CASH,3.84,192051421,元
2026-07-23,2308,台達電子工業,3.68,98000,股
2026-07-23,3665,貿聯控股,3.24,71000,股
2026-07-23,5274,信驊科技,2.73,8800,股
2026-07-23,3711,日月光投資控股,2.69,207000,股
2026-07-23,2368,金像電子,2.54,135000,股
2026-07-23,3653,健策精密工業,2.22,30000,股
2026-07-23,7769,鴻勁,2.07,16000,股
2026-07-23,2303,聯華電子,1.94,700000,股
2026-07-23,6274,台燿科技,1.81,68000,股
2026-07-23,6515,穎崴科技,1.72,13000,股
2026-07-23,2360,致茂電子,1.12,26000,股
2026-07-23,4958,臻鼎科技控股,1.08,107000,股
2026-07-23,8210,勤誠興業,0.9,38000,股
2026-07-23,2472,立隆電子工業,0.89,162000,股
2026-07-23,2344,華邦電子,0.84,260000,股
2026-07-23,M_NTD,MARGIN,0.76,37940879,元
2026-07-23,2486,一詮精密工業,0.72,150000,股
2026-07-23,2455,全新光電科技,0.7,101000,股
2026-07-23,3023,信邦電子,0.69,113000,股
2026-07-23,8996,高力熱處理工業,0.69,32000,股
2026-07-23,3044,健鼎科技,0.63,78000,股
2026-07-23,2885,元大金融控股,0.62,493000,股
2026-07-23,5289,宜鼎國際,0.6,22000,股
2026-07-23,7750,新代,0.52,12000,股
2026-07-23,3189,景碩科技,0.49,31000,股
2026-07-23,6187,萬潤科技,0.49,24000,股
2026-07-23,6531,愛普科技,0.49,27000,股
2026-07-23,3264,欣銓科技,0.47,107000,股
2026-07-23,2449,京元電子,0.44,77000,股
2026-07-23,3443,創意電子,0.44,5000,股
2026-07-23,6438,迅得機械,0.41,140000,股
2026-07-23,2313,華通電腦,0.39,90000,股
2026-07-23,3583,辛耘企業,0.38,25000,股
2026-07-23,8150,南茂科技,0.35,180000,股
2026-07-23,6213,聯茂電子,0.34,50000,股
2026-07-23,5439,高技企業,0.32,65180,股
2026-07-23,2467,志聖工業,0.29,27000,股
2026-07-23,5536,聖暉工程科技,0.29,12000,股
2026-07-23,6139,亞翔工程,0.29,17000,股
2026-07-23,6805,富世達股份有限公司,0.26,9000,股
2026-07-23,3211,順達科技,0.23,30000,股
2026-07-23,3105,穩懋半導體,0.22,30000,股
2026-07-23,3167,大量科技,0.21,15000,股
2026-07-23,3357,西北臺慶科技,0.21,50000,股
2026-07-23,6147,頎邦科技,0.21,60000,股
2026-07-23,8358,金居開發,0.16,20000,股
2026-07-23,2404,漢唐集成,0.12,5000,股
2026-07-23,3026,禾伸堂企業,0.11,8000,股
2026-07-23,RDI_NTD,RECEIVABLES FOR DISPOSAL OF INVESTMENTS,0.0,-7057344,元
2026-07-24,2330,台灣積體電路製造,9.28,188000,股
2026-07-24,2383,台光電子材料,7.68,77000,股
2026-07-24,2454,聯發科技,5.82,74000,股
2026-07-24,6669,緯穎科技服務,5.17,43000,股
2026-07-24,2345,智邦科技,5.12,110000,股
2026-07-24,6223,旺矽科技,4.31,36000,股
2026-07-24,2327,國巨*,4.08,303000,股
2026-07-24,3037,欣興電子,4.08,232000,股
2026-07-24,3017,奇鋐科技,3.99,80000,股
2026-07-24,8046,南亞電路板,3.96,170000,股
2026-07-24,2308,台達電子工業,3.67,98000,股
2026-07-24,C_NTD,CASH,3.64,173344357,元
2026-07-24,3665,貿聯控股,3.28,71000,股
2026-07-24,5274,信驊科技,2.72,8800,股
2026-07-24,3711,日月光投資控股,2.66,207000,股
2026-07-24,2368,金像電子,2.55,135000,股
2026-07-24,3653,健策精密工業,2.16,30000,股
2026-07-24,7769,鴻勁,2.03,16000,股
2026-07-24,2303,聯華電子,1.88,700000,股
2026-07-24,6274,台燿科技,1.78,68000,股
2026-07-24,6515,穎崴科技,1.72,13000,股
2026-07-24,2360,致茂電子,1.13,26000,股
2026-07-24,4958,臻鼎科技控股,1.08,107000,股
2026-07-24,2472,立隆電子工業,0.88,162000,股
2026-07-24,8210,勤誠興業,0.87,38000,股
2026-07-24,2344,華邦電子,0.84,260000,股
2026-07-24,M_NTD,MARGIN,0.8,37940879,元
2026-07-24,2455,全新光電科技,0.71,101000,股
2026-07-24,2486,一詮精密工業,0.69,150000,股
2026-07-24,3023,信邦電子,0.68,113000,股
2026-07-24,8996,高力熱處理工業,0.67,32000,股
2026-07-24,2885,元大金融控股,0.65,493000,股
2026-07-24,3044,健鼎科技,0.64,78000,股
2026-07-24,5289,宜鼎國際,0.63,22000,股
2026-07-24,7750,新代,0.51,12000,股
2026-07-24,6531,愛普科技,0.49,27000,股
2026-07-24,3264,欣銓科技,0.47,107000,股
2026-07-24,6187,萬潤科技,0.47,24000,股
2026-07-24,3189,景碩科技,0.46,31000,股
2026-07-24,2449,京元電子,0.44,77000,股
2026-07-24,3443,創意電子,0.43,5000,股
2026-07-24,6438,迅得機械,0.43,140000,股
2026-07-24,2313,華通電腦,0.38,90000,股
2026-07-24,3583,辛耘企業,0.37,25000,股
2026-07-24,8150,南茂科技,0.34,180000,股
2026-07-24,5439,高技企業,0.32,65180,股
2026-07-24,6213,聯茂電子,0.32,50000,股
2026-07-24,6139,亞翔工程,0.3,17000,股
2026-07-24,2467,志聖工業,0.29,27000,股
2026-07-24,5536,聖暉工程科技,0.28,12000,股
2026-07-24,6805,富世達股份有限公司,0.27,9000,股
2026-07-24,3211,順達科技,0.24,30000,股
2026-07-24,3357,西北臺慶科技,0.22,50000,股
2026-07-24,3105,穩懋半導體,0.21,30000,股
2026-07-24,3167,大量科技,0.2,15000,股
2026-07-24,6147,頎邦科技,0.2,60000,股
2026-07-24,8358,金居開發,0.15,20000,股
2026-07-24,2404,漢唐集成,0.12,5000,股
2026-07-24,3026,禾伸堂企業,0.11,8000,股
2026-07-24,RDI_NTD,RECEIVABLES FOR DISPOSAL OF INVESTMENTS,0.0,12320134,元
2026-07-27,2330,台灣積體電路製造,9.29,188000,股
2026-07-27,2383,台光電子材料,7.79,77000,股
2026-07-27,2454,聯發科技,5.72,74000,股
2026-07-27,6669,緯穎科技服務,5.19,43000,股
2026-07-27,2345,智邦科技,5.18,110000,股
2026-07-27,6223,旺矽科技,4.33,36000,股
2026-07-27,3037,欣興電子,4.13,232000,股
2026-07-27,3017,奇鋐科技,4.03,80000,股
2026-07-27,2327,國巨*,3.98,303000,股
2026-07-27,8046,南亞電路板,3.84,170000,股
2026-07-27,2308,台達電子工業,3.61,98000,股
2026-07-27,C_NTD,CASH,3.55,169060053,元
2026-07-27,3665,貿聯控股,3.21,71000,股
2026-07-27,5274,信驊科技,2.72,8800,股
2026-07-27,3711,日月光投資控股,2.64,207000,股
2026-07-27,2368,金像電子,2.54,135000,股
2026-07-27,3653,健策精密工業,2.22,30000,股
2026-07-27,7769,鴻勁,2.05,16000,股
2026-07-27,2303,聯華電子,1.85,700000,股
2026-07-27,6274,台燿科技,1.79,68000,股
2026-07-27,6515,穎崴科技,1.75,13000,股
2026-07-27,2360,致茂電子,1.15,26000,股
2026-07-27,4958,臻鼎科技控股,1.06,107000,股
2026-07-27,2472,立隆電子工業,0.89,162000,股
2026-07-27,8210,勤誠興業,0.89,38000,股
2026-07-27,2344,華邦電子,0.87,260000,股
2026-07-27,M_NTD,MARGIN,0.8,37940879,元
2026-07-27,2486,一詮精密工業,0.72,150000,股
2026-07-27,2455,全新光電科技,0.69,101000,股
2026-07-27,3023,信邦電子,0.69,113000,股
2026-07-27,2885,元大金融控股,0.67,493000,股
2026-07-27,8996,高力熱處理工業,0.67,32000,股
2026-07-27,3044,健鼎科技,0.64,78000,股
2026-07-27,5289,宜鼎國際,0.61,22000,股
2026-07-27,6187,萬潤科技,0.52,24000,股
2026-07-27,7750,新代,0.52,12000,股
2026-07-27,3189,景碩科技,0.46,31000,股
2026-07-27,3264,欣銓科技,0.46,107000,股
2026-07-27,2449,京元電子,0.45,77000,股
2026-07-27,6531,愛普科技,0.44,27000,股
2026-07-27,3443,創意電子,0.43,5000,股
2026-07-27,6438,迅得機械,0.42,140000,股
2026-07-27,3583,辛耘企業,0.39,25000,股
2026-07-27,2313,華通電腦,0.38,90000,股
2026-07-27,8150,南茂科技,0.34,180000,股
2026-07-27,5439,高技企業,0.32,65180,股
2026-07-27,6213,聯茂電子,0.32,50000,股
2026-07-27,2467,志聖工業,0.3,27000,股
2026-07-27,5536,聖暉工程科技,0.28,12000,股
2026-07-27,6805,富世達股份有限公司,0.28,9000,股
2026-07-27,6139,亞翔工程,0.27,17000,股
2026-07-27,3211,順達科技,0.24,30000,股
2026-07-27,3105,穩懋半導體,0.22,30000,股
2026-07-27,3357,西北臺慶科技,0.22,50000,股
2026-07-27,3167,大量科技,0.19,15000,股
2026-07-27,8358,金居開發,0.16,20000,股
2026-07-27,2404,漢唐集成,0.12,5000,股
2026-07-27,3026,禾伸堂企業,0.06,5000,股
2026-07-27,RDI_NTD,RECEIVABLES FOR DISPOSAL OF INVESTMENTS,0.0,10787385,元
2026-07-28,2330,台灣積體電路製造,9.74,188000,股
2026-07-28,2383,台光電子材料,7.7,77000,股
2026-07-28,2454,聯發科技,5.56,74000,股
2026-07-28,6669,緯穎科技服務,5.18,43000,股
2026-07-28,2345,智邦科技,5.09,110000,股
2026-07-28,6223,旺矽科技,4.22,36000,股
2026-07-28,3017,奇鋐科技,4.06,80000,股
2026-07-28,3037,欣興電子,4.02,232000,股
2026-07-28,2327,國巨*,3.87,303000,股
2026-07-28,C_NTD,CASH,3.83,169060053,元
2026-07-28,8046,南亞電路板,3.76,170000,股
2026-07-28,3665,貿聯控股,3.57,71000,股
2026-07-28,2308,台達電子工業,3.51,98000,股
2026-07-28,5274,信驊科技,2.64,8800,股
2026-07-28,3711,日月光投資控股,2.6,207000,股
2026-07-28,2368,金像電子,2.48,135000,股
2026-07-28,3653,健策精密工業,2.29,30000,股
2026-07-28,7769,鴻勁,2.09,16000,股
2026-07-28,2303,聯華電子,1.8,700000,股
2026-07-28,6515,穎崴科技,1.75,13000,股
2026-07-28,6274,台燿科技,1.74,68000,股
2026-07-28,2360,致茂電子,1.14,26000,股
2026-07-28,4958,臻鼎科技控股,1.04,107000,股
2026-07-28,8210,勤誠興業,0.88,38000,股
2026-07-28,2472,立隆電子工業,0.86,162000,股
2026-07-28,M_NTD,MARGIN,0.86,37940879,元
2026-07-28,2344,華邦電子,0.85,260000,股
2026-07-28,3023,信邦電子,0.72,113000,股
2026-07-28,2885,元大金融控股,0.71,493000,股
2026-07-28,2486,一詮精密工業,0.7,150000,股
2026-07-28,2455,全新光電科技,0.69,101000,股
2026-07-28,8996,高力熱處理工業,0.66,32000,股
2026-07-28,3044,健鼎科技,0.64,78000,股
2026-07-28,5289,宜鼎國際,0.6,22000,股
2026-07-28,6187,萬潤科技,0.52,24000,股
2026-07-28,7750,新代,0.52,12000,股
2026-07-28,3189,景碩科技,0.45,31000,股
2026-07-28,3264,欣銓科技,0.45,107000,股
2026-07-28,2449,京元電子,0.43,80850,股
2026-07-28,6438,迅得機械,0.43,140000,股
2026-07-28,6531,愛普科技,0.43,27000,股
2026-07-28,3443,創意電子,0.42,5000,股
2026-07-28,3583,辛耘企業,0.39,25000,股
2026-07-28,2313,華通電腦,0.37,90000,股
2026-07-28,8150,南茂科技,0.33,180000,股
2026-07-28,2467,志聖工業,0.31,27000,股
2026-07-28,5439,高技企業,0.31,65180,股
2026-07-28,6213,聯茂電子,0.31,50000,股
2026-07-28,5536,聖暉工程科技,0.28,12000,股
2026-07-28,6139,亞翔工程,0.27,17000,股
2026-07-28,6805,富世達股份有限公司,0.27,9000,股
2026-07-28,3211,順達科技,0.23,30000,股
2026-07-28,3105,穩懋半導體,0.22,30000,股
2026-07-28,3357,西北臺慶科技,0.22,50000,股
2026-07-28,3167,大量科技,0.18,15000,股
2026-07-28,8358,金居開發,0.15,20000,股
2026-07-28,2404,漢唐集成,0.11,5000,股
2026-07-28,3026,禾伸堂企業,0.06,5000,股
2026-07-28,RDI_NTD,RECEIVABLES FOR DISPOSAL OF INVESTMENTS,0.0,10787385,元
2026-07-29,2330,台灣積體電路製造,9.99,188000,股
2026-07-29,2383,台光電子材料,7.63,77000,股
2026-07-29,2454,聯發科技,5.64,74000,股
2026-07-29,6669,緯穎科技服務,5.34,43000,股
2026-07-29,2345,智邦科技,5.08,110000,股
2026-07-29,C_NTD,CASH,4.35,179847438,元
2026-07-29,6223,旺矽科技,4.17,36000,股
2026-07-29,3017,奇鋐科技,4.05,80000,股
2026-07-29,3037,欣興電子,3.86,232000,股
2026-07-29,2327,國巨*,3.72,303000,股
2026-07-29,8046,南亞電路板,3.61,170000,股
2026-07-29,3665,貿聯控股,3.59,71000,股
2026-07-29,2308,台達電子工業,3.54,98000,股
2026-07-29,5274,信驊科技,2.75,8800,股
2026-07-29,3711,日月光投資控股,2.5,207000,股
2026-07-29,3653,健策精密工業,2.4,30000,股
2026-07-29,2368,金像電子,2.38,135000,股
2026-07-29,7769,鴻勁,2.0,16000,股
2026-07-29,2303,聯華電子,1.74,700000,股
2026-07-29,6515,穎崴科技,1.7,13000,股
2026-07-29,6274,台燿科技,1.68,68000,股
2026-07-29,2360,致茂電子,1.15,26000,股
2026-07-29,4958,臻鼎科技控股,1.05,107000,股
2026-07-29,M_NTD,MARGIN,0.92,37940879,元
2026-07-29,8210,勤誠興業,0.9,38000,股
2026-07-29,2472,立隆電子工業,0.86,162000,股
2026-07-29,2344,華邦電子,0.82,260000,股
2026-07-29,3023,信邦電子,0.76,113000,股
2026-07-29,2885,元大金融控股,0.74,493000,股
2026-07-29,2455,全新光電科技,0.67,101000,股
2026-07-29,2486,一詮精密工業,0.67,150000,股
2026-07-29,8996,高力熱處理工業,0.66,32000,股
2026-07-29,3044,健鼎科技,0.64,78000,股
2026-07-29,5289,宜鼎國際,0.62,22000,股
2026-07-29,7750,新代,0.55,12000,股
2026-07-29,6187,萬潤科技,0.52,24000,股
2026-07-29,6438,迅得機械,0.44,140000,股
2026-07-29,3189,景碩科技,0.43,31000,股
2026-07-29,3264,欣銓科技,0.43,107000,股
2026-07-29,2449,京元電子,0.42,80850,股
2026-07-29,3443,創意電子,0.4,5000,股
2026-07-29,3583,辛耘企業,0.38,25000,股
2026-07-29,2313,華通電腦,0.37,90000,股
2026-07-29,6531,愛普科技,0.36,24000,股
2026-07-29,8150,南茂科技,0.32,180000,股
2026-07-29,5439,高技企業,0.31,65180,股
2026-07-29,2467,志聖工業,0.3,27000,股
2026-07-29,6213,聯茂電子,0.3,50000,股
2026-07-29,6139,亞翔工程,0.28,17000,股
2026-07-29,6805,富世達股份有限公司,0.28,9000,股
2026-07-29,5536,聖暉工程科技,0.27,12000,股
2026-07-29,3211,順達科技,0.22,30000,股
2026-07-29,3357,西北臺慶科技,0.22,50000,股
2026-07-29,3105,穩懋半導體,0.21,30000,股
2026-07-29,3167,大量科技,0.18,15000,股
2026-07-29,8358,金居開發,0.15,20000,股
2026-07-29,2404,漢唐集成,0.12,5000,股
2026-07-29,3026,禾伸堂企業,0.06,5000,股
2026-07-29,RDI_NTD,RECEIVABLES FOR DISPOSAL OF INVESTMENTS,0.0,1873853,元
2026-07-30,2330,台灣積體電路製造,9.19,171000,股
2026-07-30,2383,台光電子材料,8.09,77000,股
2026-07-30,2454,聯發科技,5.83,74000,股
2026-07-30,C_NTD,CASH,5.37,220432041,元
2026-07-30,2345,智邦科技,5.18,110000,股
2026-07-30,6669,緯穎科技服務,5.13,43000,股
2026-07-30,6223,旺矽科技,4.21,36000,股
2026-07-30,3017,奇鋐科技,4.11,80000,股
2026-07-30,3037,欣興電子,4.05,232000,股
2026-07-30,2308,台達電子工業,3.65,98000,股
2026-07-30,8046,南亞電路板,3.47,170000,股
2026-07-30,3665,貿聯控股,3.3,71000,股
2026-07-30,5274,信驊科技,2.83,8800,股
2026-07-30,3711,日月光投資控股,2.55,207000,股
2026-07-30,3653,健策精密工業,2.29,30000,股
2026-07-30,2327,國巨*,2.26,203000,股
2026-07-30,7769,鴻勁,2.19,16000,股
2026-07-30,2303,聯華電子,1.88,700000,股
2026-07-30,6274,台燿科技,1.67,68000,股
2026-07-30,6515,穎崴科技,1.67,13000,股
2026-07-30,2368,金像電子,1.58,90000,股
2026-07-30,2360,致茂電子,1.21,26000,股
2026-07-30,4958,臻鼎科技控股,0.98,107000,股
2026-07-30,M_NTD,MARGIN,0.92,37940879,元
2026-07-30,8210,勤誠興業,0.88,38000,股
2026-07-30,2472,立隆電子工業,0.8,162000,股
2026-07-30,2885,元大金融控股,0.76,493000,股
2026-07-30,2344,華邦電子,0.75,260000,股
2026-07-30,3023,信邦電子,0.75,113000,股
2026-07-30,2455,全新光電科技,0.65,101000,股
2026-07-30,3044,健鼎科技,0.65,78000,股
2026-07-30,5289,宜鼎國際,0.63,22000,股
2026-07-30,2486,一詮精密工業,0.62,150000,股
2026-07-30,8996,高力熱處理工業,0.61,32000,股
2026-07-30,7750,新代,0.54,12000,股
2026-07-30,6187,萬潤科技,0.49,24000,股
2026-07-30,3189,景碩科技,0.44,31000,股
2026-07-30,6438,迅得機械,0.43,140000,股
2026-07-30,3264,欣銓科技,0.42,107000,股
2026-07-30,3443,創意電子,0.42,5000,股
2026-07-30,2449,京元電子,0.4,80850,股
2026-07-30,3583,辛耘企業,0.36,25000,股
2026-07-30,2313,華通電腦,0.34,90000,股
2026-07-30,2467,志聖工業,0.29,27000,股
2026-07-30,5439,高技企業,0.29,65180,股
2026-07-30,6213,聯茂電子,0.29,50000,股
2026-07-30,8150,南茂科技,0.29,180000,股
2026-07-30,6139,亞翔工程,0.27,17000,股
2026-07-30,6805,富世達股份有限公司,0.27,9000,股
2026-07-30,5536,聖暉工程科技,0.26,12000,股
2026-07-30,6531,愛普科技,0.24,16000,股
2026-07-30,3211,順達科技,0.21,30000,股
2026-07-30,3167,大量科技,0.16,15000,股
2026-07-30,8358,金居開發,0.13,20000,股
2026-07-30,2404,漢唐集成,0.12,5000,股
2026-07-30,3026,禾伸堂企業,0.05,5000,股
2026-07-30,RDI_NTD,RECEIVABLES FOR DISPOSAL OF INVESTMENTS,0.0,139707725,元
2026-07-31,C_NTD,CASH,12.02,579583615,元
2026-07-31,2330,台灣積體電路製造,8.63,171000,股
2026-07-31,2383,台光電子材料,7.58,77000,股
2026-07-31,2454,聯發科技,5.46,74000,股
2026-07-31,2345,智邦科技,4.85,110000,股
2026-07-31,6669,緯穎科技服務,4.81,43000,股
2026-07-31,6223,旺矽科技,3.94,36000,股
2026-07-31,3017,奇鋐科技,3.85,80000,股
2026-07-31,3037,欣興電子,3.79,232000,股
2026-07-31,2308,台達電子工業,3.54,104000,股
2026-07-31,8046,南亞電路板,3.24,170000,股
2026-07-31,3665,貿聯控股,3.09,71000,股
2026-07-31,5274,信驊科技,2.65,8800,股
2026-07-31,3711,日月光投資控股,2.38,207000,股
2026-07-31,3653,健策精密工業,2.14,30000,股
2026-07-31,2327,國巨*,2.11,203000,股
2026-07-31,7769,鴻勁,2.05,16000,股
2026-07-31,2303,聯華電子,1.76,700000,股
2026-07-31,6274,台燿科技,1.57,68000,股
2026-07-31,6515,穎崴科技,1.57,13000,股
2026-07-31,2368,金像電子,1.48,90000,股
2026-07-31,2360,致茂電子,1.13,26000,股
2026-07-31,4958,臻鼎科技控股,0.92,107000,股
2026-07-31,8210,勤誠興業,0.82,38000,股
2026-07-31,M_NTD,MARGIN,0.79,37940879,元
2026-07-31,2472,立隆電子工業,0.74,162000,股
2026-07-31,2344,華邦電子,0.7,260000,股
2026-07-31,2885,元大金融控股,0.7,493000,股
2026-07-31,3023,信邦電子,0.69,113000,股
2026-07-31,3583,辛耘企業,0.67,50000,股
2026-07-31,2455,全新光電科技,0.61,101000,股
2026-07-31,3044,健鼎科技,0.6,78000,股
2026-07-31,5289,宜鼎國際,0.59,22000,股
2026-07-31,2486,一詮精密工業,0.58,150000,股
2026-07-31,8996,高力熱處理工業,0.57,32000,股
2026-07-31,7750,新代,0.51,12000,股
2026-07-31,6187,萬潤科技,0.46,24000,股
2026-07-31,3189,景碩科技,0.41,31000,股
2026-07-31,3264,欣銓科技,0.39,107000,股
2026-07-31,3443,創意電子,0.39,5000,股
2026-07-31,6438,迅得機械,0.39,140000,股
2026-07-31,2449,京元電子,0.37,80850,股
2026-07-31,2313,華通電腦,0.32,90000,股
2026-07-31,2467,志聖工業,0.27,27000,股
2026-07-31,5439,高技企業,0.27,65180,股
2026-07-31,6213,聯茂電子,0.27,50000,股
2026-07-31,8150,南茂科技,0.27,180000,股
2026-07-31,6139,亞翔工程,0.25,17000,股
2026-07-31,6805,富世達股份有限公司,0.25,9000,股
2026-07-31,5536,聖暉工程科技,0.23,12000,股
2026-07-31,6531,愛普科技,0.22,16000,股
2026-07-31,3211,順達科技,0.18,30000,股
2026-07-31,3167,大量科技,0.15,15000,股
2026-07-31,8358,金居開發,0.12,20000,股
2026-07-31,2404,漢唐集成,0.11,5000,股
2026-07-31,3026,禾伸堂企業,0.05,5000,股
2026-07-31,RDI_NTD,RECEIVABLES FOR DISPOSAL OF INVESTMENTS,0.0,111564887,元
2026-08-03,C_NTD,CASH,14.1,713544264,元
2026-08-03,2330,台灣積體電路製造,7.99,171000,股
2026-08-03,2383,台光電子材料,7.87,80000,股
2026-08-03,2454,聯發科技,5.72,74000,股
2026-08-03,2345,智邦科技,5.08,110000,股
2026-08-03,6669,緯穎科技服務,5.04,43000,股
2026-08-03,202608TX,臺股期貨,4.78,28,口
2026-08-03,6223,旺矽科技,4.13,36000,股
2026-08-03,3017,奇鋐科技,4.03,80000,股
2026-08-03,3037,欣興電子,3.97,232000,股
2026-08-03,2308,台達電子工業,3.44,110000,股
2026-08-03,3665,貿聯控股,3.35,81000,股
2026-08-03,8046,南亞電路板,3.2,170000,股
2026-08-03,7769,鴻勁,2.79,22000,股
2026-08-03,5274,信驊科技,2.78,8800,股
2026-08-03,3711,日月光投資控股,2.5,207000,股
2026-08-03,3653,健策精密工業,2.24,30000,股
2026-08-03,2327,國巨*,2.21,203000,股
2026-08-03,2303,聯華電子,2.1,900000,股
2026-08-03,6274,台燿科技,1.64,68000,股
2026-08-03,6515,穎崴科技,1.61,13000,股
2026-08-03,2368,金像電子,1.47,85000,股
2026-08-03,2360,致茂電子,1.01,26000,股
2026-08-03,3583,辛耘企業,0.99,75000,股
2026-08-03,4958,臻鼎科技控股,0.89,107000,股
2026-08-03,8210,勤誠興業,0.82,38000,股
2026-08-03,2472,立隆電子工業,0.74,162000,股
2026-08-03,M_NTD,MARGIN,0.74,37653975,元
2026-08-03,2344,華邦電子,0.73,260000,股
2026-08-03,3023,信邦電子,0.67,113000,股
2026-08-03,2885,元大金融控股,0.66,493000,股
2026-08-03,2455,全新光電科技,0.64,101000,股
2026-08-03,2486,一詮精密工業,0.61,150000,股
2026-08-03,5289,宜鼎國際,0.6,22000,股
2026-08-03,8996,高力熱處理工業,0.59,32000,股
2026-08-03,3044,健鼎科技,0.58,78000,股
2026-08-03,7750,新代,0.53,12000,股
2026-08-03,6187,萬潤科技,0.48,24000,股
2026-08-03,1326,台灣化學纖維,0.45,400000,股
2026-08-03,3189,景碩科技,0.43,31000,股
2026-08-03,8150,南茂科技,0.43,280000,股
2026-08-03,3443,創意電子,0.41,5000,股
2026-08-03,3264,欣銓科技,0.4,107000,股
2026-08-03,6438,迅得機械,0.38,140000,股
2026-08-03,2449,京元電子,0.37,80850,股
2026-08-03,2313,華通電腦,0.33,90000,股
2026-08-03,6213,聯茂電子,0.29,50000,股
2026-08-03,5439,高技企業,0.28,65180,股
2026-08-03,2467,志聖工業,0.27,27000,股
2026-08-03,6139,亞翔工程,0.26,17000,股
2026-08-03,6805,富世達股份有限公司,0.26,9000,股
2026-08-03,6531,愛普科技,0.23,16000,股
2026-08-03,5536,聖暉工程科技,0.22,12000,股
2026-08-03,3211,順達科技,0.18,30000,股
2026-08-03,8358,金居開發,0.13,20000,股
2026-08-03,2404,漢唐集成,0.11,5000,股
2026-08-03,3167,大量科技,0.11,10000,股
2026-08-03,3026,禾伸堂企業,0.03,3000,股
2026-08-03,RDI_NTD,RECEIVABLES FOR DISPOSAL OF INVESTMENTS,0.0,-173070718,元
2026-08-04,C_NTD,CASH,13.23,646174859,元
2026-08-04,2383,台光電子材料,8.43,80000,股
2026-08-04,2330,台灣積體電路製造,8.12,171000,股
2026-08-04,2454,聯發科技,5.86,74000,股
2026-08-04,6669,緯穎科技服務,5.46,43000,股
2026-08-04,2345,智邦科技,5.22,110000,股
2026-08-04,3037,欣興電子,4.39,232000,股
2026-08-04,6223,旺矽科技,4.35,36000,股
2026-08-04,3017,奇鋐科技,4.26,80000,股
2026-08-04,3665,貿聯控股,3.81,81000,股
2026-08-04,2308,台達電子工業,3.65,110000,股
2026-08-04,8046,南亞電路板,3.64,170000,股
2026-08-04,5274,信驊科技,2.79,8800,股
2026-08-04,7769,鴻勁,2.79,22000,股
2026-08-04,3653,健策精密工業,2.55,30000,股
2026-08-04,3711,日月光投資控股,2.48,207000,股
2026-08-04,2327,國巨*,2.35,203000,股
2026-08-04,2303,聯華電子,2.18,900000,股
2026-08-04,6274,台燿科技,1.87,68000,股
2026-08-04,6515,穎崴科技,1.75,13000,股
2026-08-04,2368,金像電子,1.56,85000,股
2026-08-04,3583,辛耘企業,1.07,75000,股
2026-08-04,202608TX,臺股期貨,1.06,6,口
2026-08-04,2360,致茂電子,1.02,26000,股
2026-08-04,8210,勤誠興業,1.01,43000,股
2026-08-04,4958,臻鼎科技控股,0.97,107000,股
2026-08-04,2344,華邦電子,0.84,260000,股
2026-08-04,2472,立隆電子工業,0.78,162000,股
2026-08-04,M_NTD,MARGIN,0.76,37360792,元
2026-08-04,2455,全新光電科技,0.73,101000,股
2026-08-04,2885,元大金融控股,0.7,493000,股
2026-08-04,3023,信邦電子,0.69,113000,股
2026-08-04,2486,一詮精密工業,0.68,150000,股
2026-08-04,8996,高力熱處理工業,0.67,32000,股
2026-08-04,5289,宜鼎國際,0.64,22000,股
2026-08-04,3044,健鼎科技,0.63,78000,股
2026-08-04,6187,萬潤科技,0.6,27000,股
2026-08-04,7750,新代,0.57,12000,股
2026-08-04,3189,景碩科技,0.49,31000,股
2026-08-04,1326,台灣化學纖維,0.48,400000,股
2026-08-04,8150,南茂科技,0.47,280000,股
2026-08-04,3264,欣銓科技,0.42,107000,股
2026-08-04,3443,創意電子,0.42,5000,股
2026-08-04,2449,京元電子,0.41,80850,股
2026-08-04,6438,迅得機械,0.41,140000,股
2026-08-04,2313,華通電腦,0.37,90000,股
2026-08-04,6213,聯茂電子,0.32,50000,股
2026-08-04,6139,亞翔工程,0.31,19000,股
2026-08-04,6805,富世達股份有限公司,0.29,9000,股
2026-08-04,2467,志聖工業,0.28,27000,股
2026-08-04,5439,高技企業,0.28,60000,股
2026-08-04,5536,聖暉工程科技,0.24,12000,股
2026-08-04,6531,愛普科技,0.21,13000,股
2026-08-04,3211,順達科技,0.2,30000,股
2026-08-04,8358,金居開發,0.14,20000,股
2026-08-04,2404,漢唐集成,0.11,5000,股
2026-08-04,RDI_NTD,RECEIVABLES FOR DISPOSAL OF INVESTMENTS,0.0,-146505130,元
2026-08-05,C_NTD,CASH,9.85,496175172,元
2026-08-05,2383,台光電子材料,8.31,80000,股
2026-08-05,2330,台灣積體電路製造,8.16,171000,股
2026-08-05,2454,聯發科技,5.88,74000,股
2026-08-05,6669,緯穎科技服務,5.27,43000,股
2026-08-05,2345,智邦科技,5.21,110000,股
2026-08-05,3037,欣興電子,4.46,232000,股
2026-08-05,6223,旺矽科技,4.46,36000,股
2026-08-05,3017,奇鋐科技,4.34,80000,股
2026-08-05,3665,貿聯控股,3.79,81000,股
2026-08-05,2308,台達電子工業,3.6,110000,股
2026-08-05,8046,南亞電路板,3.58,170000,股
2026-08-05,7769,鴻勁,2.85,22000,股
2026-08-05,5274,信驊科技,2.8,8800,股
2026-08-05,3653,健策精密工業,2.58,30000,股
2026-08-05,3711,日月光投資控股,2.44,207000,股
2026-08-05,2303,聯華電子,2.18,900000,股
2026-08-05,2327,國巨*,2.18,190000,股
2026-08-05,6274,台燿科技,1.98,68000,股
2026-08-05,6515,穎崴科技,1.78,13000,股
2026-08-05,2368,金像電子,1.59,85000,股
2026-08-05,3583,辛耘企業,1.17,84000,股
2026-08-05,4958,臻鼎科技控股,1.04,107000,股
2026-08-05,8210,勤誠興業,1.0,43000,股
2026-08-05,2360,致茂電子,0.97,26000,股
2026-08-05,2344,華邦電子,0.91,270000,股
2026-08-05,2455,全新光電科技,0.78,101000,股
2026-08-05,2472,立隆電子工業,0.77,162000,股
2026-08-05,M_NTD,MARGIN,0.77,38771854,元
2026-08-05,3023,信邦電子,0.71,113000,股
2026-08-05,2885,元大金融控股,0.68,493000,股
2026-08-05,8996,高力熱處理工業,0.66,32000,股
2026-08-05,2486,一詮精密工業,0.65,150000,股
2026-08-05,5289,宜鼎國際,0.64,22000,股
2026-08-05,3044,健鼎科技,0.62,78000,股
2026-08-05,7750,新代,0.59,12000,股
2026-08-05,6187,萬潤科技,0.57,27000,股
2026-08-05,3189,景碩科技,0.51,31000,股
2026-08-05,8150,南茂科技,0.48,280000,股
2026-08-05,1326,台灣化學纖維,0.47,400000,股
2026-08-05,3443,創意電子,0.44,5000,股
2026-08-05,3264,欣銓科技,0.43,107000,股
2026-08-05,6438,迅得機械,0.41,140000,股
2026-08-05,2449,京元電子,0.4,80850,股
2026-08-05,2313,華通電腦,0.39,90000,股
2026-08-05,6213,聯茂電子,0.34,50000,股
2026-08-05,6139,亞翔工程,0.3,19000,股
2026-08-05,6805,富世達股份有限公司,0.29,9000,股
2026-08-05,2467,志聖工業,0.28,27000,股
2026-08-05,3131,弘塑科技,0.28,6000,股
2026-08-05,5536,聖暉工程科技,0.24,12000,股
2026-08-05,6531,愛普科技,0.22,13000,股
2026-08-05,3211,順達科技,0.19,30000,股
2026-08-05,8358,金居開發,0.14,20000,股
2026-08-05,2404,漢唐集成,0.11,5000,股
2026-08-05,5439,高技企業,0.04,10000,股
2026-08-05,RDI_NTD,RECEIVABLES FOR DISPOSAL OF INVESTMENTS,0.0,-3330660,元
2026-08-06,C_NTD,CASH,9.79,496471775,元
2026-08-06,2330,台灣積體電路製造,8.63,186000,股
2026-08-06,2383,台光電子材料,8.37,80000,股
2026-08-06,2454,聯發科技,5.72,74000,股
2026-08-06,6669,緯穎科技服務,5.31,43000,股
2026-08-06,2345,智邦科技,5.23,110000,股
2026-08-06,3017,奇鋐科技,4.64,80000,股
2026-08-06,6223,旺矽科技,4.47,36000,股
2026-08-06,3037,欣興電子,4.45,232000,股
2026-08-06,3665,貿聯控股,3.78,81000,股
2026-08-06,8046,南亞電路板,3.7,170000,股
2026-08-06,2308,台達電子工業,3.64,110000,股
2026-08-06,5274,信驊科技,2.91,8800,股
2026-08-06,7769,鴻勁,2.81,22000,股
2026-08-06,3653,健策精密工業,2.63,30000,股
2026-08-06,3711,日月光投資控股,2.43,207000,股
2026-08-06,2303,聯華電子,2.16,900000,股
2026-08-06,2327,國巨*,2.14,190000,股
2026-08-06,6274,台燿科技,2.05,68000,股
2026-08-06,6515,穎崴科技,1.74,13000,股
2026-08-06,2368,金像電子,1.65,85000,股
2026-08-06,3583,辛耘企業,1.22,84000,股
2026-08-06,8210,勤誠興業,1.05,43000,股
2026-08-06,4958,臻鼎科技控股,1.02,107000,股
2026-08-06,2360,致茂電子,1.01,26000,股
2026-08-06,2344,華邦電子,0.91,270000,股
2026-08-06,2472,立隆電子工業,0.76,162000,股
2026-08-06,M_NTD,MARGIN,0.76,38771854,元
2026-08-06,2455,全新光電科技,0.74,101000,股
2026-08-06,3023,信邦電子,0.72,113000,股
2026-08-06,8996,高力熱處理工業,0.72,32000,股
2026-08-06,5289,宜鼎國際,0.7,22000,股
2026-08-06,2486,一詮精密工業,0.68,150000,股
2026-08-06,2885,元大金融控股,0.65,493000,股
2026-08-06,6187,萬潤科技,0.63,27000,股
2026-08-06,3044,健鼎科技,0.61,78000,股
2026-08-06,7750,新代,0.56,12000,股
2026-08-06,3189,景碩科技,0.52,31000,股
2026-08-06,8150,南茂科技,0.48,280000,股
2026-08-06,1326,台灣化學纖維,0.46,400000,股
2026-08-06,3264,欣銓科技,0.45,107000,股
2026-08-06,3443,創意電子,0.44,5000,股
2026-08-06,6438,迅得機械,0.41,140000,股
2026-08-06,2449,京元電子,0.4,80850,股
2026-08-06,2313,華通電腦,0.39,90000,股
2026-08-06,3450,聯鈞光電,0.39,40000,股
2026-08-06,6213,聯茂電子,0.37,50000,股
2026-08-06,6139,亞翔工程,0.31,19000,股
2026-08-06,6805,富世達股份有限公司,0.31,9000,股
2026-08-06,2467,志聖工業,0.28,27000,股
2026-08-06,3131,弘塑科技,0.28,6000,股
2026-08-06,5536,聖暉工程科技,0.25,12000,股
2026-08-06,6531,愛普科技,0.23,13000,股
2026-08-06,3211,順達科技,0.21,30000,股
2026-08-06,8358,金居開發,0.15,20000,股
2026-08-06,2404,漢唐集成,0.12,5000,股
2026-08-06,5439,高技企業,0.05,10000,股
2026-08-06,RDI_NTD,RECEIVABLES FOR DISPOSAL OF INVESTMENTS,0.0,-58928446,元
2026-08-07,2330,台灣積體電路製造,9.06,189000,股
2026-08-07,2383,台光電子材料,8.49,80000,股
2026-08-07,2454,聯發科技,5.84,74000,股
2026-08-07,6669,緯穎科技服務,5.31,43000,股
2026-08-07,2345,智邦科技,4.93,110000,股
2026-08-07,3017,奇鋐科技,4.51,80000,股
2026-08-07,3037,欣興電子,4.49,232000,股
2026-08-07,6223,旺矽科技,4.45,36000,股
2026-08-07,C_NTD,CASH,3.99,197280648,元
2026-08-07,8046,南亞電路板,3.72,170000,股
2026-08-07,2308,台達電子工業,3.67,110000,股
2026-08-07,3665,貿聯控股,3.61,81000,股
2026-08-07,5274,信驊科技,2.91,8800,股
2026-08-07,7769,鴻勁,2.82,22000,股
2026-08-07,3653,健策精密工業,2.66,30000,股
2026-08-07,3711,日月光投資控股,2.45,207000,股
2026-08-07,2303,聯華電子,2.11,900000,股
2026-08-07,6274,台燿科技,1.98,68000,股
2026-08-07,2327,國巨*,1.97,180000,股
2026-08-07,6515,穎崴科技,1.78,13000,股
2026-08-07,3583,辛耘企業,1.6,114000,股
2026-08-07,2368,金像電子,1.47,74000,股
2026-08-07,2360,致茂電子,1.07,26000,股
2026-08-07,4958,臻鼎科技控股,1.02,107000,股
2026-08-07,8210,勤誠興業,0.97,43000,股
2026-08-07,2344,華邦電子,0.89,270000,股
2026-08-07,M_NTD,MARGIN,0.79,38771854,元
2026-08-07,2472,立隆電子工業,0.75,162000,股
2026-08-07,2455,全新光電科技,0.74,101000,股
2026-08-07,3023,信邦電子,0.73,113000,股
2026-08-07,2486,一詮精密工業,0.7,150000,股
2026-08-07,2885,元大金融控股,0.68,493000,股
2026-08-07,8996,高力熱處理工業,0.68,32000,股
2026-08-07,5289,宜鼎國際,0.67,22000,股
2026-08-07,3044,健鼎科技,0.62,78000,股
2026-08-07,6187,萬潤科技,0.62,27000,股
2026-08-07,7750,新代,0.57,12000,股
2026-08-07,3189,景碩科技,0.52,31000,股
2026-08-07,8150,南茂科技,0.49,280000,股
2026-08-07,1326,台灣化學纖維,0.48,400000,股
2026-08-07,3443,創意電子,0.46,5000,股
2026-08-07,3264,欣銓科技,0.45,107000,股
2026-08-07,6438,迅得機械,0.41,140000,股
2026-08-07,2449,京元電子,0.4,80850,股
2026-08-07,3450,聯鈞光電,0.39,40000,股
2026-08-07,6213,聯茂電子,0.39,50000,股
2026-08-07,2313,華通電腦,0.38,90000,股
2026-08-07,6139,亞翔工程,0.31,19000,股
2026-08-07,6805,富世達股份有限公司,0.3,9000,股
2026-08-07,3131,弘塑科技,0.29,6000,股
2026-08-07,2467,志聖工業,0.27,27000,股
2026-08-07,5536,聖暉工程科技,0.26,12000,股
2026-08-07,6531,愛普科技,0.25,13000,股
2026-08-07,3211,順達科技,0.21,30000,股
2026-08-07,8358,金居開發,0.14,20000,股
2026-08-07,2404,漢唐集成,0.12,5000,股
2026-08-07,RDI_NTD,RECEIVABLES FOR DISPOSAL OF INVESTMENTS,0.0,-65071811,元
2026-08-10,2330,台灣積體電路製造,8.97,189000,股
2026-08-10,2383,台光電子材料,8.44,80000,股
2026-08-10,2454,聯發科技,5.85,74000,股
2026-08-10,6669,緯穎科技服務,5.16,43000,股
2026-08-10,2345,智邦科技,4.75,110000,股
2026-08-10,3037,欣興電子,4.59,232000,股
2026-08-10,6223,旺矽科技,4.47,36000,股
2026-08-10,3017,奇鋐科技,4.41,80000,股
2026-08-10,2308,台達電子工業,3.98,110000,股
2026-08-10,8046,南亞電路板,3.83,170000,股
2026-08-10,3665,貿聯控股,3.54,81000,股
2026-08-10,5274,信驊科技,2.9,8800,股
2026-08-10,C_NTD,CASH,2.83,141979465,元
2026-08-10,7769,鴻勁,2.76,22000,股
2026-08-10,3711,日月光投資控股,2.6,207000,股
2026-08-10,3653,健策精密工業,2.48,30000,股
2026-08-10,2303,聯華電子,2.21,900000,股
2026-08-10,2327,國巨*,2.06,180000,股
2026-08-10,6274,台燿科技,1.98,68000,股
2026-08-10,6515,穎崴科技,1.77,13000,股
2026-08-10,3583,辛耘企業,1.58,114000,股
2026-08-10,2368,金像電子,1.37,74000,股
2026-08-10,2360,致茂電子,1.05,26000,股
2026-08-10,4958,臻鼎科技控股,1.0,107000,股
2026-08-10,2344,華邦電子,0.97,270000,股
2026-08-10,8210,勤誠興業,0.92,43000,股
2026-08-10,2472,立隆電子工業,0.78,162000,股
2026-08-10,2455,全新光電科技,0.77,101000,股
2026-08-10,M_NTD,MARGIN,0.77,38771854,元
2026-08-10,3023,信邦電子,0.71,113000,股
2026-08-10,2486,一詮精密工業,0.7,150000,股
2026-08-10,8996,高力熱處理工業,0.69,32000,股
2026-08-10,2885,元大金融控股,0.67,493000,股
2026-08-10,5289,宜鼎國際,0.64,22000,股
2026-08-10,3044,健鼎科技,0.62,78000,股
2026-08-10,7750,新代,0.6,12000,股
2026-08-10,6187,萬潤科技,0.59,27000,股
2026-08-10,3189,景碩科技,0.52,31000,股
2026-08-10,8150,南茂科技,0.52,280000,股
2026-08-10,3264,欣銓科技,0.48,107000,股
2026-08-10,1326,台灣化學纖維,0.47,400000,股
2026-08-10,3443,創意電子,0.45,5000,股
2026-08-10,6213,聯茂電子,0.43,50000,股
2026-08-10,3450,聯鈞光電,0.42,40000,股
2026-08-10,6438,迅得機械,0.41,140000,股
2026-08-10,2449,京元電子,0.4,80850,股
2026-08-10,2313,華通電腦,0.39,90000,股
2026-08-10,6805,富世達股份有限公司,0.32,9000,股
2026-08-10,6139,亞翔工程,0.31,19000,股
2026-08-10,2467,志聖工業,0.3,27000,股
2026-08-10,3131,弘塑科技,0.3,6000,股
2026-08-10,5536,聖暉工程科技,0.25,12000,股
2026-08-10,6531,愛普科技,0.24,13000,股
2026-08-10,3211,順達科技,0.22,30000,股
2026-08-10,8358,金居開發,0.14,20000,股
2026-08-10,2404,漢唐集成,0.11,5000,股
2026-08-10,RDI_NTD,RECEIVABLES FOR DISPOSAL OF INVESTMENTS,0.0,-9770628,元
2026-08-11,2330,台灣積體電路製造,9.0,189000,股
2026-08-11,2383,台光電子材料,8.78,80000,股
2026-08-11,2454,聯發科技,5.9,74000,股
2026-08-11,6669,緯穎科技服務,5.06,43000,股
2026-08-11,2345,智邦科技,4.66,110000,股
2026-08-11,3037,欣興電子,4.56,232000,股
2026-08-11,6223,旺矽科技,4.51,36000,股
2026-08-11,3017,奇鋐科技,4.38,80000,股
2026-08-11,2308,台達電子工業,3.94,110000,股
2026-08-11,8046,南亞電路板,3.88,170000,股
2026-08-11,3665,貿聯控股,3.53,81000,股
2026-08-11,5274,信驊科技,2.87,8800,股
2026-08-11,7769,鴻勁,2.77,22000,股
2026-08-11,3711,日月光投資控股,2.58,207000,股
2026-08-11,3653,健策精密工業,2.42,30000,股
2026-08-11,2303,聯華電子,2.2,900000,股
2026-08-11,2327,國巨*,2.2,180000,股
2026-08-11,6274,台燿科技,2.16,68000,股
2026-08-11,C_NTD,CASH,1.96,98699485,元
2026-08-11,6515,穎崴科技,1.92,14000,股
2026-08-11,3583,辛耘企業,1.59,114000,股
2026-08-11,2368,金像電子,1.41,74000,股
2026-08-11,2360,致茂電子,1.07,26000,股
2026-08-11,4958,臻鼎科技控股,1.04,107000,股
2026-08-11,2344,華邦電子,0.95,270000,股
2026-08-11,8210,勤誠興業,0.87,43000,股
2026-08-11,2472,立隆電子工業,0.79,162000,股
2026-08-11,M_NTD,MARGIN,0.77,38771854,元
2026-08-11,2455,全新光電科技,0.74,101000,股
2026-08-11,3023,信邦電子,0.71,113000,股
2026-08-11,2486,一詮精密工業,0.69,150000,股
2026-08-11,3044,健鼎科技,0.68,78000,股
2026-08-11,8996,高力熱處理工業,0.68,32000,股
2026-08-11,2885,元大金融控股,0.67,493000,股
2026-08-11,5289,宜鼎國際,0.64,22000,股
2026-08-11,6187,萬潤科技,0.56,27000,股
2026-08-11,7750,新代,0.56,12000,股
2026-08-11,8150,南茂科技,0.55,280000,股
2026-08-11,3189,景碩科技,0.52,31000,股
2026-08-11,3443,創意電子,0.49,5000,股
2026-08-11,3264,欣銓科技,0.47,107000,股
2026-08-11,1326,台灣化學纖維,0.46,400000,股
2026-08-11,6213,聯茂電子,0.45,50000,股
2026-08-11,6438,迅得機械,0.4,140000,股
2026-08-11,2449,京元電子,0.39,80850,股
2026-08-11,2313,華通電腦,0.38,90000,股
2026-08-11,3450,聯鈞光電,0.38,40000,股
2026-08-11,6805,富世達股份有限公司,0.32,9000,股
2026-08-11,6139,亞翔工程,0.31,19000,股
2026-08-11,2467,志聖工業,0.28,27000,股
2026-08-11,3131,弘塑科技,0.28,6000,股
2026-08-11,3211,順達科技,0.24,30000,股
2026-08-11,5536,聖暉工程科技,0.22,12000,股
2026-08-11,6531,愛普科技,0.21,13000,股
2026-08-11,8358,金居開發,0.15,20000,股
2026-08-11,2404,漢唐集成,0.11,5000,股
2026-08-11,RDI_NTD,RECEIVABLES FOR DISPOSAL OF INVESTMENTS,0.0,-6870492,元
2026-08-12,2330,台灣積體電路製造,8.86,189000,股
2026-08-12,2383,台光電子材料,8.86,80000,股
2026-08-12,2454,聯發科技,5.77,74000,股
2026-08-12,6669,緯穎科技服務,5.03,43000,股
2026-08-12,2345,智邦科技,4.73,110000,股
2026-08-12,6223,旺矽科技,4.61,36000,股
2026-08-12,3017,奇鋐科技,4.52,80000,股
2026-08-12,3037,欣興電子,4.5,232000,股
2026-08-12,8046,南亞電路板,4.17,170000,股
2026-08-12,2308,台達電子工業,3.82,110000,股
2026-08-12,3665,貿聯控股,3.39,81000,股
2026-08-12,5274,信驊科技,2.97,8800,股
2026-08-12,7769,鴻勁,2.77,22000,股
2026-08-12,3653,健策精密工業,2.6,30000,股
2026-08-12,3711,日月光投資控股,2.5,207000,股
2026-08-12,2303,聯華電子,2.15,900000,股
2026-08-12,6274,台燿科技,2.11,68000,股
2026-08-12,2327,國巨*,2.1,180000,股
2026-08-12,6515,穎崴科技,1.95,14000,股
2026-08-12,C_NTD,CASH,1.92,98699485,元
2026-08-12,3583,辛耘企業,1.62,114000,股
2026-08-12,2368,金像電子,1.44,74000,股
2026-08-12,2360,致茂電子,1.11,26000,股
2026-08-12,4958,臻鼎科技控股,0.98,107000,股
2026-08-12,2344,華邦電子,0.93,270000,股
2026-08-12,8210,勤誠興業,0.84,43000,股
2026-08-12,2472,立隆電子工業,0.79,162000,股
2026-08-12,2455,全新光電科技,0.75,101000,股
2026-08-12,M_NTD,MARGIN,0.75,38771854,元
2026-08-12,3044,健鼎科技,0.74,78000,股
2026-08-12,8996,高力熱處理工業,0.73,32000,股
2026-08-12,3023,信邦電子,0.69,113000,股
2026-08-12,2486,一詮精密工業,0.67,150000,股
2026-08-12,2885,元大金融控股,0.66,493000,股
2026-08-12,5289,宜鼎國際,0.65,22000,股
2026-08-12,6187,萬潤科技,0.61,27000,股
2026-08-12,7750,新代,0.56,12000,股
2026-08-12,3189,景碩科技,0.52,31000,股
2026-08-12,3443,創意電子,0.5,5000,股
2026-08-12,8150,南茂科技,0.5,280000,股
2026-08-12,1326,台灣化學纖維,0.46,400000,股
2026-08-12,3264,欣銓科技,0.45,107000,股
2026-08-12,6213,聯茂電子,0.45,50000,股
2026-08-12,2449,京元電子,0.41,80850,股
2026-08-12,6438,迅得機械,0.41,140000,股
2026-08-12,3450,聯鈞光電,0.39,40000,股
2026-08-12,2313,華通電腦,0.37,90000,股
2026-08-12,6805,富世達股份有限公司,0.32,9000,股
2026-08-12,3131,弘塑科技,0.3,6000,股
2026-08-12,6139,亞翔工程,0.3,19000,股
2026-08-12,2467,志聖工業,0.29,27000,股
2026-08-12,3211,順達科技,0.24,30000,股
2026-08-12,6531,愛普科技,0.22,13000,股
2026-08-12,8358,金居開發,0.16,20000,股
2026-08-12,2404,漢唐集成,0.11,5000,股
2026-08-12,5536,聖暉工程科技,0.11,6000,股
2026-08-12,RDI_NTD,RECEIVABLES FOR DISPOSAL OF INVESTMENTS,0.0,-1399360,元
2026-08-13,2330,台灣積體電路製造,8.82,189000,股
2026-08-13,2383,台光電子材料,8.74,80000,股
2026-08-13,2454,聯發科技,6.0,74000,股
2026-08-13,6669,緯穎科技服務,5.01,43000,股
2026-08-13,3017,奇鋐科技,4.92,80000,股
2026-08-13,2345,智邦科技,4.79,110000,股
2026-08-13,6223,旺矽科技,4.49,36000,股
2026-08-13,3037,欣興電子,4.45,232000,股
2026-08-13,2308,台達電子工業,3.98,110000,股
2026-08-13,8046,南亞電路板,3.97,170000,股
2026-08-13,3665,貿聯控股,3.43,81000,股
2026-08-13,5274,信驊科技,2.96,8800,股
2026-08-13,7769,鴻勁,2.86,22000,股
2026-08-13,3653,健策精密工業,2.67,30000,股
2026-08-13,3711,日月光投資控股,2.49,207000,股
2026-08-13,2327,國巨*,2.29,180000,股
2026-08-13,2303,聯華電子,2.15,900000,股
2026-08-13,6274,台燿科技,2.09,68000,股
2026-08-13,6515,穎崴科技,1.81,14000,股
2026-08-13,C_NTD,CASH,1.76,91828993,元
2026-08-13,2368,金像電子,1.43,74000,股
2026-08-13,2360,致茂電子,1.15,26000,股
2026-08-13,2344,華邦電子,1.13,332000,股
2026-08-13,4958,臻鼎科技控股,0.98,107000,股
2026-08-13,8210,勤誠興業,0.82,43000,股
2026-08-13,2472,立隆電子工業,0.79,162000,股
2026-08-13,8996,高力熱處理工業,0.79,32000,股
2026-08-13,3583,辛耘企業,0.75,54000,股
2026-08-13,2455,全新光電科技,0.74,101000,股
2026-08-13,3044,健鼎科技,0.74,78000,股
2026-08-13,M_NTD,MARGIN,0.74,38771854,元
2026-08-13,3023,信邦電子,0.68,113000,股
2026-08-13,2486,一詮精密工業,0.67,150000,股
2026-08-13,2885,元大金融控股,0.66,493000,股
2026-08-13,6187,萬潤科技,0.66,27000,股
2026-08-13,5289,宜鼎國際,0.65,22000,股
2026-08-13,7750,新代,0.54,12000,股
2026-08-13,3443,創意電子,0.53,5000,股
2026-08-13,3189,景碩科技,0.51,31000,股
2026-08-13,8150,南茂科技,0.5,280000,股
2026-08-13,3264,欣銓科技,0.47,107000,股
2026-08-13,1326,台灣化學纖維,0.46,400000,股
2026-08-13,3131,弘塑科技,0.46,9000,股
2026-08-13,6213,聯茂電子,0.45,50000,股
2026-08-13,3450,聯鈞光電,0.4,40000,股
2026-08-13,6438,迅得機械,0.4,140000,股
2026-08-13,2449,京元電子,0.39,80850,股
2026-08-13,2313,華通電腦,0.37,90000,股
2026-08-13,6805,富世達股份有限公司,0.32,9000,股
2026-08-13,6139,亞翔工程,0.29,19000,股
2026-08-13,2467,志聖工業,0.28,27000,股
2026-08-13,8358,金居開發,0.28,35000,股
2026-08-13,3211,順達科技,0.23,30000,股
2026-08-13,6531,愛普科技,0.22,13000,股
2026-08-13,RDI_NTD,RECEIVABLES FOR DISPOSAL OF INVESTMENTS,0.0,34234639,元
2026-08-14,2330,台灣積體電路製造,8.74,189000,股
2026-08-14,2383,台光電子材料,8.55,72000,股
2026-08-14,2454,聯發科技,6.0,74000,股
2026-08-14,6669,緯穎科技服務,5.33,43000,股
2026-08-14,3017,奇鋐科技,4.99,80000,股
2026-08-14,2345,智邦科技,4.87,110000,股
2026-08-14,3037,欣興電子,4.56,232000,股
2026-08-14,6223,旺矽科技,4.47,36000,股
2026-08-14,8046,南亞電路板,4.27,170000,股
2026-08-14,2308,台達電子工業,3.99,110000,股
2026-08-14,3665,貿聯控股,3.43,81000,股
2026-08-14,5274,信驊科技,3.0,8800,股
2026-08-14,3653,健策精密工業,2.81,30000,股
2026-08-14,7769,鴻勁,2.79,22000,股
2026-08-14,3711,日月光投資控股,2.46,207000,股
2026-08-14,6274,台燿科技,2.19,68000,股
2026-08-14,2327,國巨*,2.16,180000,股
2026-08-14,2303,聯華電子,2.1,900000,股
2026-08-14,6515,穎崴科技,1.82,14000,股
2026-08-14,C_NTD,CASH,1.6,83138612,元
2026-08-14,2368,金像電子,1.45,74000,股
2026-08-14,2344,華邦電子,1.17,332000,股
2026-08-14,2360,致茂電子,1.15,26000,股
2026-08-14,4958,臻鼎科技控股,1.01,107000,股
2026-08-14,8210,勤誠興業,0.83,43000,股
2026-08-14,8996,高力熱處理工業,0.79,32000,股
2026-08-14,2472,立隆電子工業,0.76,162000,股
2026-08-14,M_NTD,MARGIN,0.75,38771854,元
2026-08-14,2455,全新光電科技,0.74,101000,股
2026-08-14,3044,健鼎科技,0.73,78000,股
2026-08-14,3023,信邦電子,0.68,113000,股
2026-08-14,2885,元大金融控股,0.66,493000,股
2026-08-14,6187,萬潤科技,0.66,27000,股
2026-08-14,2486,一詮精密工業,0.65,150000,股
2026-08-14,5289,宜鼎國際,0.63,22000,股
2026-08-14,7750,新代,0.54,12000,股
2026-08-14,3443,創意電子,0.53,5000,股
2026-08-14,3189,景碩科技,0.51,31000,股
2026-08-14,8150,南茂科技,0.5,280000,股
2026-08-14,1326,台灣化學纖維,0.47,400000,股
2026-08-14,3264,欣銓科技,0.46,107000,股
2026-08-14,6213,聯茂電子,0.46,50000,股
2026-08-14,3131,弘塑科技,0.44,9000,股
2026-08-14,3450,聯鈞光電,0.39,40000,股
2026-08-14,6438,迅得機械,0.39,140000,股
2026-08-14,2449,京元電子,0.38,80850,股
2026-08-14,2313,華通電腦,0.37,90000,股
2026-08-14,6805,富世達股份有限公司,0.31,9000,股
2026-08-14,6139,亞翔工程,0.29,19000,股
2026-08-14,8358,金居開發,0.29,35000,股
2026-08-14,2467,志聖工業,0.28,27000,股
2026-08-14,3211,順達科技,0.23,30000,股
2026-08-14,6531,愛普科技,0.23,13000,股
2026-08-14,RDI_NTD,RECEIVABLES FOR DISPOSAL OF INVESTMENTS,0.0,115851312,元
2026-08-17,2383,台光電子材料,8.82,72000,股
2026-08-17,2330,台灣積體電路製造,8.75,189000,股
2026-08-17,2454,聯發科技,5.78,74000,股
2026-08-17,6669,緯穎科技服務,5.49,43000,股
2026-08-17,3037,欣興電子,5.01,232000,股
2026-08-17,2345,智邦科技,4.86,110000,股
2026-08-17,3017,奇鋐科技,4.86,80000,股
2026-08-17,6223,旺矽科技,4.25,38000,股
2026-08-17,8046,南亞電路板,4.25,170000,股
2026-08-17,2308,台達電子工業,4.0,110000,股
2026-08-17,3665,貿聯控股,3.33,81000,股
2026-08-17,3653,健策精密工業,3.09,30000,股
2026-08-17,5274,信驊科技,2.89,8800,股
2026-08-17,7769,鴻勁,2.86,22000,股
2026-08-17,3711,日月光投資控股,2.45,207000,股
2026-08-17,2303,聯華電子,2.11,900000,股
2026-08-17,2327,國巨*,2.11,180000,股
2026-08-17,6274,台燿科技,2.1,68000,股
2026-08-17,C_NTD,CASH,1.99,103351182,元
2026-08-17,6515,穎崴科技,1.78,14000,股
2026-08-17,2368,金像電子,1.44,74000,股
2026-08-17,2360,致茂電子,1.18,26000,股
2026-08-17,2344,華邦電子,1.16,332000,股
2026-08-17,4958,臻鼎科技控股,1.04,107000,股
2026-08-17,8210,勤誠興業,0.84,43000,股
2026-08-17,2455,全新光電科技,0.81,101000,股
2026-08-17,2472,立隆電子工業,0.75,162000,股
2026-08-17,8996,高力熱處理工業,0.75,32000,股
2026-08-17,M_NTD,MARGIN,0.75,38771854,元
2026-08-17,3044,健鼎科技,0.73,78000,股
2026-08-17,6187,萬潤科技,0.72,27000,股
2026-08-17,2486,一詮精密工業,0.69,150000,股
2026-08-17,3023,信邦電子,0.68,113000,股
2026-08-17,2885,元大金融控股,0.65,493000,股
2026-08-17,5289,宜鼎國際,0.65,22000,股
2026-08-17,3443,創意電子,0.56,5000,股
2026-08-17,7750,新代,0.56,12000,股
2026-08-17,3189,景碩科技,0.54,31000,股
2026-08-17,8150,南茂科技,0.49,280000,股
2026-08-17,1326,台灣化學纖維,0.46,400000,股
2026-08-17,6213,聯茂電子,0.46,50000,股
2026-08-17,3264,欣銓科技,0.45,107000,股
2026-08-17,3131,弘塑科技,0.43,9000,股
2026-08-17,3450,聯鈞光電,0.42,40000,股
2026-08-17,6438,迅得機械,0.4,140000,股
2026-08-17,2449,京元電子,0.39,80850,股
2026-08-17,2313,華通電腦,0.37,90000,股
2026-08-17,6805,富世達股份有限公司,0.33,9000,股
2026-08-17,2467,志聖工業,0.31,27000,股
2026-08-17,8358,金居開發,0.28,35000,股
2026-08-17,3211,順達科技,0.23,30000,股
2026-08-17,6531,愛普科技,0.22,13000,股
2026-08-17,6139,亞翔工程,0.02,1000,股
2026-08-17,RDI_NTD,RECEIVABLES FOR DISPOSAL OF INVESTMENTS,0.0,89818344,元
2026-08-18,2330,台灣積體電路製造,8.9,189000,股
2026-08-18,2383,台光電子材料,8.85,72000,股
2026-08-18,2454,聯發科技,5.69,74000,股
2026-08-18,6669,緯穎科技服務,5.45,43000,股
2026-08-18,3037,欣興電子,5.26,232000,股
2026-08-18,2345,智邦科技,4.85,110000,股
2026-08-18,3017,奇鋐科技,4.81,80000,股
2026-08-18,8046,南亞電路板,4.19,170000,股
2026-08-18,6223,旺矽科技,3.97,38000,股
2026-08-18,2308,台達電子工業,3.96,110000,股
2026-08-18,3665,貿聯控股,3.59,81000,股
2026-08-18,C_NTD,CASH,3.3,166762658,元
2026-08-18,3653,健策精密工業,3.06,30000,股
2026-08-18,5274,信驊科技,2.97,8800,股
2026-08-18,7769,鴻勁,2.84,22000,股
2026-08-18,3711,日月光投資控股,2.46,207000,股
2026-08-18,2303,聯華電子,2.12,900000,股
2026-08-18,6274,台燿科技,2.08,68000,股
2026-08-18,2327,國巨*,2.05,180000,股
2026-08-18,6515,穎崴科技,1.75,14000,股
2026-08-18,2368,金像電子,1.57,74000,股
2026-08-18,2360,致茂電子,1.19,26000,股
2026-08-18,2344,華邦電子,1.16,332000,股
2026-08-18,4958,臻鼎科技控股,1.0,107000,股
2026-08-18,8210,勤誠興業,0.87,43000,股
2026-08-18,2455,全新光電科技,0.84,101000,股
2026-08-18,M_NTD,MARGIN,0.77,38771854,元
2026-08-18,3044,健鼎科技,0.75,78000,股
2026-08-18,8996,高力熱處理工業,0.74,32000,股
2026-08-18,2472,立隆電子工業,0.73,162000,股
2026-08-18,2486,一詮精密工業,0.7,150000,股
2026-08-18,3023,信邦電子,0.69,113000,股
2026-08-18,6187,萬潤科技,0.67,27000,股
2026-08-18,2885,元大金融控股,0.65,512720,股
2026-08-18,5289,宜鼎國際,0.64,22000,股
2026-08-18,7750,新代,0.59,12000,股
2026-08-18,3443,創意電子,0.55,5000,股
2026-08-18,3189,景碩科技,0.53,31000,股
2026-08-18,8150,南茂科技,0.49,280000,股
2026-08-18,6213,聯茂電子,0.48,50000,股
2026-08-18,1326,台灣化學纖維,0.47,400000,股
2026-08-18,3450,聯鈞光電,0.46,40000,股
2026-08-18,3264,欣銓科技,0.45,107000,股
2026-08-18,3131,弘塑科技,0.44,9000,股
2026-08-18,6438,迅得機械,0.4,140000,股
2026-08-18,2313,華通電腦,0.38,90000,股
2026-08-18,2449,京元電子,0.38,80850,股
2026-08-18,6805,富世達股份有限公司,0.35,9000,股
2026-08-18,2467,志聖工業,0.3,27000,股
2026-08-18,8358,金居開發,0.29,35000,股
2026-08-18,3211,順達科技,0.23,30000,股
2026-08-18,6531,愛普科技,0.22,13000,股
2026-08-18,6139,亞翔工程,0.02,1000,股
2026-08-18,RDI_NTD,RECEIVABLES FOR DISPOSAL OF INVESTMENTS,0.0,2730539,元
2026-08-19,2330,台灣積體電路製造,9.01,189000,股
2026-08-19,2383,台光電子材料,8.57,72000,股
2026-08-19,2454,聯發科技,5.76,74000,股
2026-08-19,6669,緯穎科技服務,5.55,43000,股
2026-08-19,3037,欣興電子,5.31,232000,股
2026-08-19,3017,奇鋐科技,5.01,80000,股
2026-08-19,2345,智邦科技,4.73,110000,股
2026-08-19,8046,南亞電路板,4.06,170000,股
2026-08-19,6223,旺矽科技,4.04,38000,股
2026-08-19,2308,台達電子工業,3.93,110000,股
2026-08-19,3665,貿聯控股,3.61,81000,股
2026-08-19,3653,健策精密工業,3.32,30000,股
2026-08-19,7769,鴻勁,2.87,22000,股
2026-08-19,5274,信驊科技,2.82,8800,股
2026-08-19,3711,日月光投資控股,2.46,207000,股
2026-08-19,2303,聯華電子,2.1,900000,股
2026-08-19,2327,國巨*,2.1,180000,股
2026-08-19,6274,台燿科技,2.07,68000,股
2026-08-19,C_NTD,CASH,1.83,90359320,元
2026-08-19,6515,穎崴科技,1.81,14000,股
2026-08-19,2368,金像電子,1.56,74000,股
2026-08-19,2344,華邦電子,1.13,332000,股
2026-08-19,2360,致茂電子,1.12,26000,股
2026-08-19,4958,臻鼎科技控股,0.99,107000,股
2026-08-19,8210,勤誠興業,0.86,43000,股
2026-08-19,2455,全新光電科技,0.81,101000,股
2026-08-19,M_NTD,MARGIN,0.79,38771854,元
2026-08-19,2472,立隆電子工業,0.77,162000,股
2026-08-19,3044,健鼎科技,0.76,78000,股
2026-08-19,3023,信邦電子,0.74,113000,股
2026-08-19,8996,高力熱處理工業,0.74,32000,股
2026-08-19,2486,一詮精密工業,0.71,150000,股
2026-08-19,6187,萬潤科技,0.71,27000,股
2026-08-19,5289,宜鼎國際,0.67,22000,股
2026-08-19,2885,元大金融控股,0.65,512720,股
2026-08-19,7750,新代,0.61,12000,股
2026-08-19,3443,創意電子,0.54,5000,股
2026-08-19,3189,景碩科技,0.53,31000,股
2026-08-19,6213,聯茂電子,0.49,50000,股
2026-08-19,8150,南茂科技,0.49,280000,股
2026-08-19,1326,台灣化學纖維,0.46,400000,股
2026-08-19,3450,聯鈞光電,0.46,40000,股
2026-08-19,3264,欣銓科技,0.45,107000,股
2026-08-19,3131,弘塑科技,0.43,9000,股
2026-08-19,6438,迅得機械,0.4,140000,股
2026-08-19,2313,華通電腦,0.38,90000,股
2026-08-19,2449,京元電子,0.38,80850,股
2026-08-19,6805,富世達股份有限公司,0.33,9000,股
2026-08-19,2467,志聖工業,0.3,27000,股
2026-08-19,8358,金居開發,0.29,35000,股
2026-08-19,3211,順達科技,0.22,30000,股
2026-08-19,6531,愛普科技,0.22,13000,股
2026-08-19,6139,亞翔工程,0.02,1000,股
2026-08-20,2330,台灣積體電路製造,9.05,189000,股
2026-08-20,2383,台光電子材料,8.68,72000,股
2026-08-20,2454,聯發科技,5.52,74000,股
2026-08-20,6669,緯穎科技服務,5.48,43000,股
2026-08-20,3037,欣興電子,5.33,232000,股
2026-08-20,3017,奇鋐科技,4.81,80000,股
2026-08-20,2345,智邦科技,4.67,110000,股
2026-08-20,6223,旺矽科技,4.33,38000,股
2026-08-20,8046,南亞電路板,4.09,170000,股
2026-08-20,2308,台達電子工業,3.87,110000,股
2026-08-20,3665,貿聯控股,3.67,81000,股
2026-08-20,3653,健策精密工業,3.39,30000,股
2026-08-20,7769,鴻勁,2.86,22000,股
2026-08-20,5274,信驊科技,2.79,8800,股
2026-08-20,3711,日月光投資控股,2.46,207000,股
2026-08-20,6274,台燿科技,2.16,68000,股
2026-08-20,2327,國巨*,2.04,180000,股
2026-08-20,2303,聯華電子,1.86,800000,股
2026-08-20,6515,穎崴科技,1.8,14000,股
2026-08-20,2368,金像電子,1.53,74000,股
2026-08-20,C_NTD,CASH,1.47,72850374,元
2026-08-20,2344,華邦電子,1.18,332000,股
2026-08-20,2360,致茂電子,1.12,26000,股
2026-08-20,4958,臻鼎科技控股,1.0,107000,股
2026-08-20,2455,全新光電科技,0.84,101000,股
2026-08-20,8210,勤誠興業,0.84,43000,股
2026-08-20,M_NTD,MARGIN,0.78,38771854,元
2026-08-20,2486,一詮精密工業,0.76,150000,股
2026-08-20,2472,立隆電子工業,0.73,162000,股
2026-08-20,3023,信邦電子,0.73,113000,股
2026-08-20,8996,高力熱處理工業,0.73,32000,股
2026-08-20,6187,萬潤科技,0.69,27000,股
2026-08-20,5289,宜鼎國際,0.66,22000,股
2026-08-20,7750,新代,0.59,12000,股
2026-08-20,3443,創意電子,0.57,5000,股
2026-08-20,2059,川湖科技,0.56,2000,股
2026-08-20,3189,景碩科技,0.53,31000,股
2026-08-20,6213,聯茂電子,0.51,50000,股
2026-08-20,8150,南茂科技,0.5,280000,股
2026-08-20,1326,台灣化學纖維,0.47,400000,股
2026-08-20,3264,欣銓科技,0.45,107000,股
2026-08-20,3450,聯鈞光電,0.45,40000,股
2026-08-20,3131,弘塑科技,0.42,9000,股
2026-08-20,2313,華通電腦,0.39,90000,股
2026-08-20,2885,元大金融控股,0.39,312720,股
2026-08-20,3044,健鼎科技,0.39,40000,股
2026-08-20,2449,京元電子,0.38,80850,股
2026-08-20,6805,富世達股份有限公司,0.34,9000,股
2026-08-20,2467,志聖工業,0.3,27000,股
2026-08-20,8358,金居開發,0.29,35000,股
2026-08-20,6531,愛普科技,0.23,13000,股
2026-08-20,3211,順達科技,0.21,30000,股
2026-08-20,6438,迅得機械,0.21,72000,股
2026-08-20,6139,亞翔工程,0.02,1000,股
2026-08-20,RDI_NTD,RECEIVABLES FOR DISPOSAL OF INVESTMENTS,0.0,23663817,元
2026-08-21,2330,台灣積體電路製造,9.35,189000,股
2026-08-21,2383,台光電子材料,8.41,72000,股
2026-08-21,2454,聯發科技,5.77,74000,股
2026-08-21,6669,緯穎科技服務,5.53,43000,股
2026-08-21,3037,欣興電子,5.18,232000,股
2026-08-21,3017,奇鋐科技,4.71,80000,股
2026-08-21,2345,智邦科技,4.6,110000,股
2026-08-21,6223,旺矽科技,4.27,38000,股
2026-08-21,8046,南亞電路板,3.97,170000,股
2026-08-21,2308,台達電子工業,3.96,110000,股
2026-08-21,3665,貿聯控股,3.79,81000,股
2026-08-21,3653,健策精密工業,3.33,30000,股
2026-08-21,7769,鴻勁,2.9,22000,股
2026-08-21,5274,信驊科技,2.78,8800,股
2026-08-21,3711,日月光投資控股,2.5,207000,股
2026-08-21,6274,台燿科技,2.09,68000,股
2026-08-21,2327,國巨*,2.05,180000,股
2026-08-21,6515,穎崴科技,1.84,14000,股
2026-08-21,2303,聯華電子,1.68,700000,股
2026-08-21,2368,金像電子,1.47,74000,股
2026-08-21,2344,華邦電子,1.24,332000,股
2026-08-21,C_NTD,CASH,1.15,55907106,元
2026-08-21,2360,致茂電子,1.12,26000,股
2026-08-21,4958,臻鼎科技控股,0.97,107000,股
2026-08-21,2455,全新光電科技,0.84,101000,股
2026-08-21,8210,勤誠興業,0.83,43000,股
2026-08-21,M_NTD,MARGIN,0.8,38771854,元
2026-08-21,2486,一詮精密工業,0.75,150000,股
2026-08-21,3023,信邦電子,0.74,113000,股
2026-08-21,2472,立隆電子工業,0.73,162000,股
2026-08-21,8996,高力熱處理工業,0.72,32000,股
2026-08-21,5289,宜鼎國際,0.71,22000,股
2026-08-21,6187,萬潤科技,0.66,27000,股
2026-08-21,3443,創意電子,0.58,5000,股
2026-08-21,2059,川湖科技,0.55,2000,股
2026-08-21,7750,新代,0.55,12000,股
2026-08-21,6213,聯茂電子,0.53,50000,股
2026-08-21,3189,景碩科技,0.52,31000,股
2026-08-21,8150,南茂科技,0.5,280000,股
2026-08-21,1326,台灣化學纖維,0.49,400000,股
2026-08-21,3264,欣銓科技,0.45,107000,股
2026-08-21,3450,聯鈞光電,0.45,40000,股
2026-08-21,3131,弘塑科技,0.43,9000,股
2026-08-21,2885,元大金融控股,0.41,312720,股
2026-08-21,2313,華通電腦,0.4,90000,股
2026-08-21,2449,京元電子,0.39,80850,股
2026-08-21,6805,富世達股份有限公司,0.33,9000,股
2026-08-21,2467,志聖工業,0.31,27000,股
2026-08-21,8358,金居開發,0.31,35000,股
2026-08-21,3044,健鼎科技,0.24,25000,股
2026-08-21,6531,愛普科技,0.24,13000,股
2026-08-21,3211,順達科技,0.22,30000,股
2026-08-21,6139,亞翔工程,0.02,1000,股
2026-08-21,6438,迅得機械,0.01,3000,股
2026-08-21,RDI_NTD,RECEIVABLES FOR DISPOSAL OF INVESTMENTS,0.0,51931656,元
2026-08-24,2330,台灣積體電路製造,9.36,189000,股
2026-08-24,2383,台光電子材料,8.15,72000,股
2026-08-24,2454,聯發科技,5.81,74000,股
2026-08-24,6669,緯穎科技服務,5.65,43000,股
2026-08-24,3037,欣興電子,5.2,232000,股
2026-08-24,3017,奇鋐科技,4.76,80000,股
2026-08-24,2345,智邦科技,4.75,110000,股
2026-08-24,6223,旺矽科技,4.41,38000,股
2026-08-24,8046,南亞電路板,4.02,170000,股
2026-08-24,2308,台達電子工業,3.98,110000,股
2026-08-24,3665,貿聯控股,3.46,81000,股
2026-08-24,3653,健策精密工業,3.22,30000,股
2026-08-24,7769,鴻勁,2.87,22000,股
2026-08-24,5274,信驊科技,2.77,8800,股
2026-08-24,3711,日月光投資控股,2.55,207000,股
2026-08-24,2327,國巨*,2.07,180000,股
2026-08-24,6274,台燿科技,2.06,68000,股
2026-08-24,2303,聯華電子,1.8,700000,股
2026-08-24,6515,穎崴科技,1.79,14000,股
2026-08-24,2368,金像電子,1.46,74000,股
2026-08-24,C_NTD,CASH,1.31,62670651,元
2026-08-24,2344,華邦電子,1.22,332000,股
2026-08-24,2360,致茂電子,1.12,26000,股
2026-08-24,4958,臻鼎科技控股,0.97,107000,股
2026-08-24,8210,勤誠興業,0.87,43000,股
2026-08-24,M_NTD,MARGIN,0.81,38771854,元
2026-08-24,2455,全新光電科技,0.8,101000,股
2026-08-24,2486,一詮精密工業,0.78,150000,股
2026-08-24,8996,高力熱處理工業,0.76,32000,股
2026-08-24,3023,信邦電子,0.75,113000,股
2026-08-24,2472,立隆電子工業,0.74,162000,股
2026-08-24,5289,宜鼎國際,0.72,22000,股
2026-08-24,6187,萬潤科技,0.68,27000,股
2026-08-24,2059,川湖科技,0.6,2000,股
2026-08-24,3443,創意電子,0.56,5000,股
2026-08-24,7750,新代,0.54,12000,股
2026-08-24,3189,景碩科技,0.51,31000,股
2026-08-24,8150,南茂科技,0.51,280000,股
2026-08-24,6213,聯茂電子,0.5,50000,股
2026-08-24,1326,台灣化學纖維,0.48,400000,股
2026-08-24,3264,欣銓科技,0.46,107000,股
2026-08-24,3131,弘塑科技,0.44,9000,股
2026-08-24,3450,聯鈞光電,0.42,40000,股
2026-08-24,2885,元大金融控股,0.41,312720,股
2026-08-24,2313,華通電腦,0.4,90000,股
2026-08-24,2449,京元電子,0.4,80850,股
2026-08-24,6805,富世達股份有限公司,0.32,9000,股
2026-08-24,2467,志聖工業,0.3,27000,股
2026-08-24,8358,金居開發,0.3,35000,股
2026-08-24,3044,健鼎科技,0.23,25000,股
2026-08-24,6531,愛普科技,0.23,13000,股
2026-08-24,3211,順達科技,0.2,30000,股
2026-08-24,6139,亞翔工程,0.02,1000,股
2026-08-24,6438,迅得機械,0.01,3000,股
2026-08-24,RDI_NTD,RECEIVABLES FOR DISPOSAL OF INVESTMENTS,0.0,28267839,元
2026-08-25,2330,台灣積體電路製造,9.35,189000,股
2026-08-25,2383,台光電子材料,8.29,72000,股
2026-08-25,6669,緯穎科技服務,5.7,43000,股
2026-08-25,2454,聯發科技,5.69,74000,股
2026-08-25,3037,欣興電子,5.23,232000,股
2026-08-25,3017,奇鋐科技,4.86,80000,股
2026-08-25,2345,智邦科技,4.6,110000,股
2026-08-25,6223,旺矽科技,4.38,38000,股
2026-08-25,8046,南亞電路板,4.06,170000,股
2026-08-25,2308,台達電子工業,3.87,110000,股
2026-08-25,3665,貿聯控股,3.46,81000,股
2026-08-25,3653,健策精密工業,3.21,30000,股
2026-08-25,7769,鴻勁,2.81,22000,股
2026-08-25,5274,信驊科技,2.79,8800,股
2026-08-25,3711,日月光投資控股,2.52,207000,股
2026-08-25,6274,台燿科技,2.08,68000,股
2026-08-25,2327,國巨*,2.02,180000,股
2026-08-25,C_NTD,CASH,1.87,90938490,元
2026-08-25,2303,聯華電子,1.8,700000,股
2026-08-25,6515,穎崴科技,1.8,14000,股
2026-08-25,2368,金像電子,1.48,74000,股
2026-08-25,2344,華邦電子,1.22,332000,股
2026-08-25,2360,致茂電子,1.05,26000,股
2026-08-25,4958,臻鼎科技控股,0.98,107000,股
2026-08-25,2455,全新光電科技,0.87,101000,股
2026-08-25,8210,勤誠興業,0.85,43000,股
2026-08-25,2486,一詮精密工業,0.8,150000,股
2026-08-25,8996,高力熱處理工業,0.8,32000,股
2026-08-25,M_NTD,MARGIN,0.8,38771854,元
2026-08-25,3023,信邦電子,0.75,113000,股
2026-08-25,2472,立隆電子工業,0.73,162000,股
2026-08-25,6187,萬潤科技,0.71,27000,股
2026-08-25,5289,宜鼎國際,0.68,22000,股
2026-08-25,2059,川湖科技,0.59,2000,股
2026-08-25,7750,新代,0.58,12000,股
2026-08-25,3443,創意電子,0.57,5000,股
2026-08-25,6213,聯茂電子,0.55,50000,股
2026-08-25,3189,景碩科技,0.53,31000,股
2026-08-25,8150,南茂科技,0.5,280000,股
2026-08-25,1326,台灣化學纖維,0.48,400000,股
2026-08-25,3264,欣銓科技,0.47,107000,股
2026-08-25,3450,聯鈞光電,0.44,40000,股
2026-08-25,3131,弘塑科技,0.42,9000,股
2026-08-25,2313,華通電腦,0.4,90000,股
2026-08-25,2449,京元電子,0.4,80850,股
2026-08-25,2885,元大金融控股,0.4,312720,股
2026-08-25,6805,富世達股份有限公司,0.34,9000,股
2026-08-25,8358,金居開發,0.31,35000,股
2026-08-25,2467,志聖工業,0.3,27000,股
2026-08-25,3044,健鼎科技,0.24,25000,股
2026-08-25,6531,愛普科技,0.23,13000,股
2026-08-25,3211,順達科技,0.2,30000,股
2026-08-25,6139,亞翔工程,0.02,1000,股
2026-08-25,6438,迅得機械,0.01,3000,股
2026-08-26,2330,台灣積體電路製造,9.42,189000,股
2026-08-26,2383,台光電子材料,8.74,72000,股
2026-08-26,2454,聯發科技,6.01,74000,股
2026-08-26,6669,緯穎科技服務,6.01,43000,股
2026-08-26,3037,欣興電子,5.54,232000,股
2026-08-26,3017,奇鋐科技,5.2,80000,股
2026-08-26,2345,智邦科技,4.66,110000,股
2026-08-26,8046,南亞電路板,4.13,170000,股
2026-08-26,2308,台達電子工業,3.97,110000,股
2026-08-26,6223,旺矽科技,3.95,38000,股
2026-08-26,3653,健策精密工業,3.54,30000,股
2026-08-26,3665,貿聯控股,3.35,81000,股
2026-08-26,7769,鴻勁,2.87,22000,股
2026-08-26,5274,信驊科技,2.84,8800,股
2026-08-26,3711,日月光投資控股,2.52,207000,股
2026-08-26,6274,台燿科技,2.14,68000,股
2026-08-26,2327,國巨*,1.99,180000,股
2026-08-26,6515,穎崴科技,1.74,14000,股
2026-08-26,C_NTD,CASH,1.7,82605164,元
2026-08-26,2368,金像電子,1.59,74000,股
2026-08-26,2344,華邦電子,1.24,332000,股
2026-08-26,2360,致茂電子,1.06,26000,股
2026-08-26,2455,全新光電科技,0.89,101000,股
2026-08-26,8210,勤誠興業,0.86,43000,股
2026-08-26,2303,聯華電子,0.81,320000,股
2026-08-26,2486,一詮精密工業,0.81,150000,股
2026-08-26,M_NTD,MARGIN,0.8,38771854,元
2026-08-26,8996,高力熱處理工業,0.79,32000,股
2026-08-26,3023,信邦電子,0.73,113000,股
2026-08-26,6187,萬潤科技,0.72,27000,股
2026-08-26,5289,宜鼎國際,0.68,22000,股
2026-08-26,3443,創意電子,0.63,5000,股
2026-08-26,2059,川湖科技,0.6,2000,股
2026-08-26,6213,聯茂電子,0.6,50000,股
2026-08-26,7750,新代,0.59,12000,股
2026-08-26,3189,景碩科技,0.56,31000,股
2026-08-26,8150,南茂科技,0.53,280000,股
2026-08-26,1326,台灣化學纖維,0.5,400000,股
2026-08-26,3264,欣銓科技,0.48,107000,股
2026-08-26,3450,聯鈞光電,0.47,40000,股
2026-08-26,3131,弘塑科技,0.46,9000,股
2026-08-26,2449,京元電子,0.41,80850,股
2026-08-26,2885,元大金融控股,0.4,312720,股
2026-08-26,6805,富世達股份有限公司,0.38,9000,股
2026-08-26,4958,臻鼎科技控股,0.35,37000,股
2026-08-26,2467,志聖工業,0.32,27000,股
2026-08-26,8358,金居開發,0.32,35000,股
2026-08-26,3044,健鼎科技,0.25,25000,股
2026-08-26,6531,愛普科技,0.25,13000,股
2026-08-26,3211,順達科技,0.22,30000,股
2026-08-26,2472,立隆電子工業,0.14,32000,股
2026-08-26,6139,亞翔工程,0.02,1000,股
2026-08-26,6438,迅得機械,0.01,3000,股
2026-08-26,2313,華通電腦,0.0,1000,股
2026-08-26,RDI_NTD,RECEIVABLES FOR DISPOSAL OF INVESTMENTS,0.0,125984630,元
2026-08-27,2330,台灣積體電路製造,9.4,189000,股
2026-08-27,2383,台光電子材料,8.18,72000,股
2026-08-27,6669,緯穎科技服務,6.06,43000,股
2026-08-27,2454,聯發科技,5.91,74000,股
2026-08-27,3037,欣興電子,5.66,232000,股
2026-08-27,3017,奇鋐科技,5.52,80000,股
2026-08-27,2345,智邦科技,4.75,110000,股
2026-08-27,8046,南亞電路板,4.55,170000,股
2026-08-27,2308,台達電子工業,4.02,110000,股
2026-08-27,6223,旺矽科技,4.0,38000,股
2026-08-27,3653,健策精密工業,3.5,30000,股
2026-08-27,3665,貿聯控股,3.44,81000,股
2026-08-27,7769,鴻勁,2.89,22000,股
2026-08-27,5274,信驊科技,2.78,8800,股
2026-08-27,3711,日月光投資控股,2.59,207000,股
2026-08-27,2327,國巨*,2.06,180000,股
2026-08-27,6274,台燿科技,2.03,68000,股
2026-08-27,6515,穎崴科技,1.77,14000,股
2026-08-27,C_NTD,CASH,1.74,84255164,元
2026-08-27,2368,金像電子,1.58,74000,股
2026-08-27,2344,華邦電子,1.28,332000,股
2026-08-27,2360,致茂電子,1.07,26000,股
2026-08-27,2455,全新光電科技,0.9,101000,股
2026-08-27,8996,高力熱處理工業,0.87,32000,股
2026-08-27,8210,勤誠興業,0.85,43000,股
2026-08-27,2486,一詮精密工業,0.8,150000,股
2026-08-27,6187,萬潤科技,0.8,27000,股
2026-08-27,M_NTD,MARGIN,0.8,38771854,元
2026-08-27,5289,宜鼎國際,0.69,22438,股
2026-08-27,3443,創意電子,0.61,5000,股
2026-08-27,7750,新代,0.61,12000,股
2026-08-27,2059,川湖科技,0.59,2000,股
2026-08-27,2303,聯華電子,0.59,240000,股
2026-08-27,3189,景碩科技,0.59,31000,股
2026-08-27,6213,聯茂電子,0.58,50000,股
2026-08-27,1326,台灣化學纖維,0.52,400000,股
2026-08-27,8150,南茂科技,0.52,280000,股
2026-08-27,3264,欣銓科技,0.49,107000,股
2026-08-27,3450,聯鈞光電,0.48,40000,股
2026-08-27,3131,弘塑科技,0.46,9000,股
2026-08-27,2449,京元電子,0.41,80850,股
2026-08-27,2885,元大金融控股,0.41,312720,股
2026-08-27,6805,富世達股份有限公司,0.41,9000,股
2026-08-27,3023,信邦電子,0.38,58000,股
2026-08-27,8358,金居開發,0.36,35000,股
2026-08-27,2467,志聖工業,0.33,27000,股
2026-08-27,3211,順達科技,0.25,30000,股
2026-08-27,6531,愛普科技,0.25,13000,股
2026-08-27,4958,臻鼎科技控股,0.19,19000,股
2026-08-27,2472,立隆電子工業,0.15,32000,股
2026-08-27,3044,健鼎科技,0.1,10000,股
2026-08-27,6139,亞翔工程,0.02,1000,股
2026-08-27,2313,華通電腦,0.01,1000,股
2026-08-27,6438,迅得機械,0.01,3000,股
2026-08-27,RDI_NTD,RECEIVABLES FOR DISPOSAL OF INVESTMENTS,0.0,168767564,元
2026-08-28,2330,台灣積體電路製造,9.31,189000,股
2026-08-28,2383,台光電子材料,8.07,72000,股
2026-08-28,6669,緯穎科技服務,6.32,43000,股
2026-08-28,2454,聯發科技,6.02,74000,股
2026-08-28,3017,奇鋐科技,5.49,80000,股
2026-08-28,3037,欣興電子,5.26,232000,股
2026-08-28,2345,智邦科技,4.77,110000,股
2026-08-28,C_NTD,CASH,4.31,211423317,元
2026-08-28,8046,南亞電路板,4.3,170000,股
2026-08-28,2308,台達電子工業,4.11,110000,股
2026-08-28,6223,旺矽科技,3.9,38000,股
2026-08-28,3665,貿聯控股,3.74,81000,股
2026-08-28,3653,健策精密工業,3.54,30000,股
2026-08-28,7769,鴻勁,2.91,22000,股
2026-08-28,5274,信驊科技,2.81,8800,股
2026-08-28,3711,日月光投資控股,2.62,207000,股
2026-08-28,2327,國巨*,2.19,180000,股
2026-08-28,6274,台燿科技,2.07,68000,股
2026-08-28,6515,穎崴科技,1.79,14000,股
2026-08-28,2368,金像電子,1.71,74000,股
2026-08-28,2344,華邦電子,1.23,332000,股
2026-08-28,2360,致茂電子,1.07,26000,股
2026-08-28,2455,全新光電科技,0.89,101000,股
2026-08-28,8210,勤誠興業,0.87,43000,股
2026-08-28,8996,高力熱處理工業,0.83,32000,股
2026-08-28,2486,一詮精密工業,0.8,150000,股
2026-08-28,M_NTD,MARGIN,0.79,38771854,元
2026-08-28,5289,宜鼎國際,0.67,22438,股
2026-08-28,3443,創意電子,0.61,5000,股
2026-08-28,6213,聯茂電子,0.59,50000,股
2026-08-28,2059,川湖科技,0.58,2000,股
2026-08-28,2303,聯華電子,0.58,220000,股
2026-08-28,3189,景碩科技,0.57,31000,股
2026-08-28,6187,萬潤科技,0.56,20000,股
2026-08-28,7750,新代,0.56,12000,股
2026-08-28,3450,聯鈞光電,0.52,40000,股
2026-08-28,8150,南茂科技,0.52,280000,股
2026-08-28,1326,台灣化學纖維,0.51,400000,股
2026-08-28,3264,欣銓科技,0.51,107000,股
2026-08-28,3131,弘塑科技,0.46,9000,股
2026-08-28,2449,京元電子,0.45,80850,股
2026-08-28,6805,富世達股份有限公司,0.43,9000,股
2026-08-28,8358,金居開發,0.39,35000,股
2026-08-28,2467,志聖工業,0.34,27000,股
2026-08-28,3211,順達科技,0.24,30000,股
2026-08-28,6531,愛普科技,0.24,13000,股
2026-08-28,4958,臻鼎科技控股,0.19,19000,股
2026-08-28,3023,信邦電子,0.18,28000,股
2026-08-28,2885,元大金融控股,0.15,112720,股
2026-08-28,3044,健鼎科技,0.1,10000,股
2026-08-28,2472,立隆電子工業,0.08,17000,股
2026-08-28,6139,亞翔工程,0.02,1000,股
2026-08-28,6438,迅得機械,0.01,3000,股
2026-08-28,2313,華通電腦,0.0,1000,股
2026-08-28,RDI_NTD,RECEIVABLES FOR DISPOSAL OF INVESTMENTS,0.0,80517141,元
2026-08-31,2330,台灣積體電路製造,9.69,189000,股
2026-08-31,2383,台光電子材料,8.41,72000,股
2026-08-31,6669,緯穎科技服務,6.5,43000,股
2026-08-31,2454,聯發科技,6.18,74000,股
2026-08-31,3017,奇鋐科技,5.83,80000,股
2026-08-31,3037,欣興電子,4.93,232000,股
2026-08-31,8046,南亞電路板,4.45,170000,股
2026-08-31,2308,台達電子工業,4.31,110000,股
2026-08-31,6223,旺矽科技,4.15,38000,股
2026-08-31,3653,健策精密工業,3.83,30000,股
2026-08-31,3665,貿聯控股,3.74,81000,股
2026-08-31,2345,智邦科技,3.68,85000,股
2026-08-31,C_NTD,CASH,3.19,149852093,元
2026-08-31,5274,信驊科技,3.01,8800,股
2026-08-31,7769,鴻勁,2.74,22000,股
2026-08-31,3711,日月光投資控股,2.57,207000,股
2026-08-31,2327,國巨*,2.09,180000,股
2026-08-31,6274,台燿科技,2.08,68000,股
2026-08-31,6515,穎崴科技,1.87,14000,股
2026-08-31,2368,金像電子,1.84,74000,股
2026-08-31,2344,華邦電子,1.29,332000,股
2026-08-31,2360,致茂電子,1.09,26000,股
2026-08-31,2455,全新光電科技,1.03,101000,股
2026-08-31,8210,勤誠興業,0.89,43000,股
2026-08-31,2486,一詮精密工業,0.84,150000,股
2026-08-31,8996,高力熱處理工業,0.8,32000,股
2026-08-31,5289,宜鼎國際,0.69,22438,股
2026-08-31,3443,創意電子,0.65,5000,股
2026-08-31,2059,川湖科技,0.6,2000,股
2026-08-31,2303,聯華電子,0.6,220000,股
2026-08-31,1326,台灣化學纖維,0.58,400000,股
2026-08-31,6213,聯茂電子,0.58,50000,股
2026-08-31,7750,新代,0.58,12000,股
2026-08-31,6187,萬潤科技,0.57,20000,股
2026-08-31,3450,聯鈞光電,0.55,40000,股
2026-08-31,3189,景碩科技,0.54,31000,股
2026-08-31,8150,南茂科技,0.53,280000,股
2026-08-31,3264,欣銓科技,0.52,107000,股
2026-08-31,M_NTD,MARGIN,0.51,23771854,元
2026-08-31,3131,弘塑科技,0.46,9000,股
2026-08-31,2449,京元電子,0.44,80850,股
2026-08-31,6805,富世達股份有限公司,0.44,9000,股
2026-08-31,8358,金居開發,0.4,35000,股
2026-08-31,2467,志聖工業,0.35,27000,股
2026-08-31,6531,愛普科技,0.26,13000,股
2026-08-31,3211,順達科技,0.25,30000,股
2026-08-31,4958,臻鼎科技控股,0.2,19000,股
2026-08-31,3023,信邦電子,0.19,28000,股
2026-08-31,2885,元大金融控股,0.16,112720,股
2026-08-31,3044,健鼎科技,0.11,10000,股
2026-08-31,2472,立隆電子工業,0.08,17000,股
2026-08-31,6139,亞翔工程,0.02,1000,股
2026-08-31,2313,華通電腦,0.01,1000,股
2026-08-31,6438,迅得機械,0.01,3000,股
2026-08-31,RDI_NTD,RECEIVABLES FOR DISPOSAL OF INVESTMENTS,0.0,87838086,元
2026-09-01,2330,台灣積體電路製造,9.52,189000,股
2026-09-01,2383,台光電子材料,8.37,72000,股
2026-09-01,6669,緯穎科技服務,6.91,43000,股
2026-09-01,2454,聯發科技,6.58,74000,股
2026-09-01,3017,奇鋐科技,5.62,80000,股
2026-09-01,8046,南亞電路板,4.29,170000,股
2026-09-01,6223,旺矽科技,4.24,38000,股
2026-09-01,2308,台達電子工業,4.23,110000,股
2026-09-01,2345,智邦科技,3.86,85000,股
2026-09-01,3665,貿聯控股,3.86,81000,股
2026-09-01,3037,欣興電子,3.64,182000,股
2026-09-01,3653,健策精密工業,3.64,30000,股
2026-09-01,5274,信驊科技,3.1,8800,股
2026-09-01,C_NTD,CASH,2.98,144717845,元
2026-09-01,7769,鴻勁,2.66,22000,股
2026-09-01,3711,日月光投資控股,2.6,207000,股
2026-09-01,2327,國巨*,2.11,180000,股
2026-09-01,6274,台燿科技,2.03,68000,股
2026-09-01,6515,穎崴科技,1.99,14000,股
2026-09-01,2368,金像電子,1.87,74000,股
2026-09-01,2344,華邦電子,1.2,332000,股
2026-09-01,2360,致茂電子,1.09,26000,股
2026-09-01,2455,全新光電科技,1.09,101000,股
2026-09-01,2449,京元電子,0.98,170850,股
2026-09-01,8210,勤誠興業,0.88,43000,股
2026-09-01,2486,一詮精密工業,0.85,150000,股
2026-09-01,5289,宜鼎國際,0.67,22438,股
2026-09-01,4958,臻鼎科技控股,0.65,59000,股
2026-09-01,3443,創意電子,0.62,5000,股
2026-09-01,1326,台灣化學纖維,0.61,400000,股
2026-09-01,2303,聯華電子,0.6,220000,股
2026-09-01,2059,川湖科技,0.58,2000,股
2026-09-01,7750,新代,0.58,12000,股
2026-09-01,6187,萬潤科技,0.57,20000,股
2026-09-01,6213,聯茂電子,0.57,50000,股
2026-09-01,3189,景碩科技,0.56,31000,股
2026-09-01,8150,南茂科技,0.54,280000,股
2026-09-01,3264,欣銓科技,0.52,107000,股
2026-09-01,3450,聯鈞光電,0.52,40000,股
2026-09-01,M_NTD,MARGIN,0.49,23771854,元
2026-09-01,8996,高力熱處理工業,0.48,20000,股
2026-09-01,3131,弘塑科技,0.46,9000,股
2026-09-01,6805,富世達股份有限公司,0.42,9000,股
2026-09-01,8358,金居開發,0.38,35000,股
2026-09-01,2467,志聖工業,0.35,27000,股
2026-09-01,6531,愛普科技,0.26,13000,股
2026-09-01,3211,順達科技,0.25,30000,股
2026-09-01,3023,信邦電子,0.18,28000,股
2026-09-01,2885,元大金融控股,0.15,112720,股
2026-09-01,3044,健鼎科技,0.1,10000,股
2026-09-01,2472,立隆電子工業,0.08,17000,股
2026-09-01,6139,亞翔工程,0.02,1000,股
2026-09-01,2313,華通電腦,0.01,1000,股
2026-09-01,6438,迅得機械,0.01,3000,股
2026-09-01,RDI_NTD,RECEIVABLES FOR DISPOSAL OF INVESTMENTS,0.0,65784412,元
2026-09-02,2330,台灣積體電路製造,9.48,189000,股
2026-09-02,2383,台光電子材料,8.26,72000,股
2026-09-02,6669,緯穎科技服務,7.05,128260,股
2026-09-02,2454,聯發科技,6.66,74000,股
2026-09-02,3017,奇鋐科技,5.58,80000,股
2026-09-02,8046,南亞電路板,4.3,170000,股
2026-09-02,6223,旺矽科技,4.23,38000,股
2026-09-02,2308,台達電子工業,4.01,110000,股
2026-09-02,C_NTD,CASH,3.92,186123357,元
2026-09-02,2345,智邦科技,3.83,85000,股
2026-09-02,3665,貿聯控股,3.7,81000,股
2026-09-02,3653,健策精密工業,3.65,30000,股
2026-09-02,5274,信驊科技,3.28,8800,股
2026-09-02,3037,欣興電子,3.11,152000,股
2026-09-02,7769,鴻勁,2.65,22000,股
2026-09-02,3711,日月光投資控股,2.57,207000,股
2026-09-02,6515,穎崴科技,2.08,14000,股
2026-09-02,2327,國巨*,2.05,180000,股
2026-09-02,6274,台燿科技,2.02,68000,股
2026-09-02,2368,金像電子,1.83,74000,股
2026-09-02,2344,華邦電子,1.25,332000,股
2026-09-02,2455,全新光電科技,1.15,101000,股
2026-09-02,2360,致茂電子,1.08,26000,股
2026-09-02,2449,京元電子,0.97,170850,股
2026-09-02,2486,一詮精密工業,0.91,150000,股
2026-09-02,8210,勤誠興業,0.88,43000,股
2026-09-02,5289,宜鼎國際,0.67,22438,股
2026-09-02,4958,臻鼎科技控股,0.63,59000,股
2026-09-02,3443,創意電子,0.62,5000,股
2026-09-02,1326,台灣化學纖維,0.61,400000,股
2026-09-02,2059,川湖科技,0.58,2000,股
2026-09-02,2303,聯華電子,0.58,220000,股
2026-09-02,7750,新代,0.58,12000,股
2026-09-02,6187,萬潤科技,0.56,20000,股
2026-09-02,6213,聯茂電子,0.56,50000,股
2026-09-02,3189,景碩科技,0.55,31000,股
2026-09-02,3264,欣銓科技,0.53,107000,股
2026-09-02,8150,南茂科技,0.53,280000,股
2026-09-02,8996,高力熱處理工業,0.53,20000,股
2026-09-02,3450,聯鈞光電,0.51,40000,股
2026-09-02,M_NTD,MARGIN,0.5,23771854,元
2026-09-02,3131,弘塑科技,0.46,9000,股
2026-09-02,6805,富世達股份有限公司,0.4,9000,股
2026-09-02,8358,金居開發,0.37,35000,股
2026-09-02,2467,志聖工業,0.35,27000,股
2026-09-02,6531,愛普科技,0.26,13000,股
2026-09-02,3211,順達科技,0.25,30000,股
2026-09-02,3023,信邦電子,0.19,28000,股
2026-09-02,2885,元大金融控股,0.16,112720,股
2026-09-02,3044,健鼎科技,0.11,10000,股
2026-09-02,2472,立隆電子工業,0.08,17000,股
2026-09-02,6510,中華精測科技,0.07,1000,股
2026-09-02,6139,亞翔工程,0.02,1000,股
2026-09-02,2313,華通電腦,0.01,1000,股
2026-09-02,6438,迅得機械,0.01,3000,股
2026-09-02,RDI_NTD,RECEIVABLES FOR DISPOSAL OF INVESTMENTS,0.0,41374254,元
2026-09-03,2330,台灣積體電路製造,9.71,189000,股
2026-09-03,2383,台光電子材料,8.22,72000,股
2026-09-03,2454,聯發科技,6.93,74000,股
2026-09-03,6669,緯穎科技服務,6.85,128260,股
2026-09-03,3017,奇鋐科技,5.7,80000,股
2026-09-03,2308,台達電子工業,4.18,110000,股
2026-09-03,6223,旺矽科技,4.14,38000,股
2026-09-03,8046,南亞電路板,3.96,170000,股
2026-09-03,2345,智邦科技,3.83,85000,股
2026-09-03,3665,貿聯控股,3.67,81000,股
2026-09-03,3653,健策精密工業,3.64,30000,股
2026-09-03,5274,信驊科技,3.39,8800,股
2026-09-03,7769,鴻勁,2.79,22000,股
2026-09-03,3711,日月光投資控股,2.63,207000,股
2026-09-03,3037,欣興電子,2.19,110000,股
2026-09-03,6515,穎崴科技,2.12,14000,股
2026-09-03,2327,國巨*,1.99,180000,股
2026-09-03,6274,台燿科技,1.97,68000,股
2026-09-03,2368,金像電子,1.76,74000,股
2026-09-03,C_NTD,CASH,1.58,73308580,元
2026-09-03,2344,華邦電子,1.21,332000,股
2026-09-03,6510,中華精測科技,1.16,16000,股
2026-09-03,2455,全新光電科技,1.14,101000,股
2026-09-03,2360,致茂電子,1.13,26000,股
2026-09-03,2449,京元電子,0.96,170850,股
2026-09-03,8210,勤誠興業,0.88,43000,股
2026-09-03,2486,一詮精密工業,0.84,150000,股
2026-09-03,5289,宜鼎國際,0.65,22438,股
2026-09-03,3443,創意電子,0.63,5000,股
2026-09-03,1326,台灣化學纖維,0.6,400000,股
2026-09-03,2303,聯華電子,0.59,220000,股
2026-09-03,4958,臻鼎科技控股,0.59,59000,股
2026-09-03,2059,川湖科技,0.58,2000,股
2026-09-03,7750,新代,0.57,12000,股
2026-09-03,6187,萬潤科技,0.56,20000,股
2026-09-03,6213,聯茂電子,0.55,50000,股
2026-09-03,8150,南茂科技,0.54,280000,股
2026-09-03,3189,景碩科技,0.52,31000,股
2026-09-03,3264,欣銓科技,0.52,107000,股
2026-09-03,8996,高力熱處理工業,0.51,20000,股
2026-09-03,M_NTD,MARGIN,0.51,23771854,元
2026-09-03,3450,聯鈞光電,0.48,40000,股
2026-09-03,3131,弘塑科技,0.46,9000,股
2026-09-03,6805,富世達股份有限公司,0.41,9000,股
2026-09-03,8358,金居開發,0.36,35000,股
2026-09-03,2467,志聖工業,0.35,27000,股
2026-09-03,6531,愛普科技,0.26,13000,股
2026-09-03,3211,順達科技,0.24,30000,股
2026-09-03,3023,信邦電子,0.2,28000,股
2026-09-03,2885,元大金融控股,0.17,112720,股
2026-09-03,3044,健鼎科技,0.11,10000,股
2026-09-03,2472,立隆電子工業,0.08,17000,股
2026-09-03,6139,亞翔工程,0.02,1000,股
2026-09-03,2313,華通電腦,0.01,1000,股
2026-09-03,6438,迅得機械,0.01,3000,股
2026-09-03,RDI_NTD,RECEIVABLES FOR DISPOSAL OF INVESTMENTS,0.0,13443265,元
2026-09-04,2330,台灣積體電路製造,9.61,189000,股
2026-09-04,2383,台光電子材料,8.25,72000,股
2026-09-04,6669,緯穎科技服務,6.96,128260,股
2026-09-04,2454,聯發科技,6.91,74000,股
2026-09-04,3017,奇鋐科技,6.04,80000,股
2026-09-04,2308,台達電子工業,4.25,110000,股
2026-09-04,6223,旺矽科技,4.15,38000,股
2026-09-04,8046,南亞電路板,3.8,170000,股
2026-09-04,2345,智邦科技,3.78,85000,股
2026-09-04,3653,健策精密工業,3.73,30000,股
2026-09-04,3665,貿聯控股,3.68,81000,股
2026-09-04,5274,信驊科技,3.25,8800,股
2026-09-04,7769,鴻勁,2.78,22000,股
2026-09-04,3711,日月光投資控股,2.58,207000,股
2026-09-04,2327,國巨*,2.14,180000,股
2026-09-04,3037,欣興電子,2.1,110000,股
2026-09-04,6515,穎崴科技,2.1,14000,股
2026-09-04,C_NTD,CASH,2.05,96818296,元
2026-09-04,6274,台燿科技,1.96,68000,股
2026-09-04,2368,金像電子,1.64,74000,股
2026-09-04,6510,中華精測科技,1.42,20000,股
2026-09-04,2344,華邦電子,1.22,332000,股
2026-09-04,2455,全新光電科技,1.13,101000,股
2026-09-04,2360,致茂電子,1.12,26000,股
2026-09-04,3443,創意電子,0.98,8000,股
2026-09-04,2449,京元電子,0.95,170850,股
2026-09-04,8210,勤誠興業,0.9,43000,股
2026-09-04,2486,一詮精密工業,0.81,150000,股
2026-09-04,5289,宜鼎國際,0.65,22438,股
2026-09-04,2303,聯華電子,0.61,220000,股
2026-09-04,7750,新代,0.61,12000,股
2026-09-04,1326,台灣化學纖維,0.59,400000,股
2026-09-04,2059,川湖科技,0.59,2000,股
2026-09-04,4958,臻鼎科技控股,0.58,59000,股
2026-09-04,6187,萬潤科技,0.55,20000,股
2026-09-04,6213,聯茂電子,0.55,50000,股
2026-09-04,8996,高力熱處理工業,0.55,20000,股
2026-09-04,3189,景碩科技,0.54,31000,股
2026-09-04,8150,南茂科技,0.53,280000,股
2026-09-04,3264,欣銓科技,0.51,107000,股
2026-09-04,M_NTD,MARGIN,0.5,23771854,元
2026-09-04,3450,聯鈞光電,0.49,40000,股
2026-09-04,3131,弘塑科技,0.45,9000,股
2026-09-04,6805,富世達股份有限公司,0.42,9000,股
2026-09-04,8358,金居開發,0.37,35000,股
2026-09-04,2467,志聖工業,0.34,27000,股
2026-09-04,3211,順達科技,0.25,30000,股
2026-09-04,6531,愛普科技,0.25,13000,股
2026-09-04,3023,信邦電子,0.2,28000,股
2026-09-04,2885,元大金融控股,0.17,112720,股
2026-09-04,3044,健鼎科技,0.1,10000,股
2026-09-04,2472,立隆電子工業,0.08,17000,股
2026-09-04,6139,亞翔工程,0.02,1000,股
2026-09-04,2313,華通電腦,0.01,1000,股
2026-09-04,6438,迅得機械,0.01,3000,股
2026-09-04,RDI_NTD,RECEIVABLES FOR DISPOSAL OF INVESTMENTS,0.0,-43075096,元
2026-09-07,2330,台灣積體電路製造,9.67,189000,股
2026-09-07,2383,台光電子材料,8.22,72000,股
2026-09-07,2454,聯發科技,7.32,74000,股
2026-09-07,6669,緯穎科技服務,6.63,128260,股
2026-09-07,3017,奇鋐科技,5.68,80000,股
2026-09-07,6223,旺矽科技,4.33,38000,股
2026-09-07,2308,台達電子工業,4.23,110000,股
2026-09-07,2345,智邦科技,3.71,85000,股
2026-09-07,8046,南亞電路板,3.71,170000,股
2026-09-07,3653,健策精密工業,3.52,30000,股
2026-09-07,5274,信驊科技,3.51,8800,股
2026-09-07,3665,貿聯控股,3.48,81000,股
2026-09-07,7769,鴻勁,3.0,22000,股
2026-09-07,3711,日月光投資控股,2.67,207000,股
2026-09-07,2327,國巨*,2.2,180000,股
2026-09-07,3037,欣興電子,2.17,110000,股
2026-09-07,6515,穎崴科技,2.04,14000,股
2026-09-07,6274,台燿科技,1.94,68000,股
2026-09-07,C_NTD,CASH,1.76,84567840,元
2026-09-07,2368,金像電子,1.72,74000,股
2026-09-07,6510,中華精測科技,1.44,20000,股
2026-09-07,2344,華邦電子,1.24,332000,股
2026-09-07,2360,致茂電子,1.2,26000,股
2026-09-07,2455,全新光電科技,1.05,101000,股
2026-09-07,3443,創意電子,0.99,8000,股
2026-09-07,2449,京元電子,0.97,170850,股
2026-09-07,8210,勤誠興業,0.84,43000,股
2026-09-07,2486,一詮精密工業,0.79,150000,股
2026-09-07,2303,聯華電子,0.65,220000,股
2026-09-07,5289,宜鼎國際,0.65,22438,股
2026-09-07,4958,臻鼎科技控股,0.61,59000,股
2026-09-07,1326,台灣化學纖維,0.6,400000,股
2026-09-07,7750,新代,0.59,12000,股
2026-09-07,2059,川湖科技,0.58,2000,股
2026-09-07,6187,萬潤科技,0.57,20000,股
2026-09-07,6213,聯茂電子,0.53,50000,股
2026-09-07,8150,南茂科技,0.53,280000,股
2026-09-07,3189,景碩科技,0.52,31000,股
2026-09-07,8996,高力熱處理工業,0.52,20000,股
2026-09-07,3264,欣銓科技,0.5,107000,股
2026-09-07,3450,聯鈞光電,0.49,40000,股
2026-09-07,M_NTD,MARGIN,0.49,23771854,元
2026-09-07,3131,弘塑科技,0.48,9000,股
2026-09-07,6805,富世達股份有限公司,0.42,9000,股
2026-09-07,8358,金居開發,0.37,35000,股
2026-09-07,2467,志聖工業,0.35,27000,股
2026-09-07,6531,愛普科技,0.26,13000,股
2026-09-07,3211,順達科技,0.24,30000,股
2026-09-07,3023,信邦電子,0.2,28000,股
2026-09-07,2885,元大金融控股,0.16,112720,股
2026-09-07,3044,健鼎科技,0.1,10000,股
2026-09-07,2472,立隆電子工業,0.08,17000,股
2026-09-07,6139,亞翔工程,0.02,1000,股
2026-09-07,6438,迅得機械,0.01,3000,股
2026-09-07,2313,華通電腦,0.0,1000,股
2026-09-07,RDI_NTD,RECEIVABLES FOR DISPOSAL OF INVESTMENTS,0.0,-30824640,元
2026-09-08,2330,台灣積體電路製造,9.05,174000,股
2026-09-08,2383,台光電子材料,8.09,72000,股
2026-09-08,2454,聯發科技,7.34,74000,股
2026-09-08,6669,緯穎科技服務,6.32,128260,股
2026-09-08,3017,奇鋐科技,5.53,80000,股
2026-09-08,6223,旺矽科技,4.64,38000,股
2026-09-08,2308,台達電子工業,4.18,110000,股
2026-09-08,8046,南亞電路板,3.67,170000,股
2026-09-08,5274,信驊科技,3.56,8800,股
2026-09-08,2345,智邦科技,3.5,85000,股
2026-09-08,3653,健策精密工業,3.5,30000,股
2026-09-08,3665,貿聯控股,3.3,81000,股
2026-09-08,7769,鴻勁,3.23,22000,股
2026-09-08,3711,日月光投資控股,2.69,207000,股
2026-09-08,6515,穎崴科技,2.27,14000,股
2026-09-08,3037,欣興電子,2.21,110000,股
2026-09-08,2327,國巨*,2.15,180000,股
2026-09-08,6274,台燿科技,1.93,68000,股
2026-09-08,2368,金像電子,1.67,74000,股
2026-09-08,6510,中華精測科技,1.52,20000,股
2026-09-08,2344,華邦電子,1.31,332000,股
2026-09-08,2360,致茂電子,1.24,26000,股
2026-09-08,C_NTD,CASH,1.13,53743200,元
2026-09-08,2455,全新光電科技,1.09,101000,股
2026-09-08,3443,創意電子,1.0,8000,股
2026-09-08,2449,京元電子,0.97,170850,股
2026-09-08,8210,勤誠興業,0.82,43000,股
2026-09-08,2486,一詮精密工業,0.78,150000,股
2026-09-08,5289,宜鼎國際,0.65,22438,股
2026-09-08,2303,聯華電子,0.63,220000,股
2026-09-08,4958,臻鼎科技控股,0.63,59000,股
2026-09-08,1326,台灣化學纖維,0.59,400000,股
2026-09-08,6187,萬潤科技,0.58,20000,股
2026-09-08,7750,新代,0.58,12000,股
2026-09-08,6213,聯茂電子,0.54,50000,股
2026-09-08,2059,川湖科技,0.53,2000,股
2026-09-08,8150,南茂科技,0.53,280000,股
2026-09-08,3189,景碩科技,0.52,31000,股
2026-09-08,8996,高力熱處理工業,0.52,20000,股
2026-09-08,3264,欣銓科技,0.51,107000,股
2026-09-08,3131,弘塑科技,0.5,9000,股
2026-09-08,M_NTD,MARGIN,0.5,23771854,元
2026-09-08,3450,聯鈞光電,0.44,40000,股
2026-09-08,6805,富世達股份有限公司,0.41,9000,股
2026-09-08,8358,金居開發,0.38,35000,股
2026-09-08,2467,志聖工業,0.35,27000,股
2026-09-08,6531,愛普科技,0.25,13000,股
2026-09-08,3211,順達科技,0.24,30000,股
2026-09-08,3023,信邦電子,0.19,28000,股
2026-09-08,2885,元大金融控股,0.17,112720,股
2026-09-08,3044,健鼎科技,0.1,10000,股
2026-09-08,6139,亞翔工程,0.02,1000,股
2026-09-08,2472,立隆電子工業,0.01,2000,股
2026-09-08,6438,迅得機械,0.01,3000,股
2026-09-08,2313,華通電腦,0.0,1000,股
2026-09-08,RDI_NTD,RECEIVABLES FOR DISPOSAL OF INVESTMENTS,0.0,40235034,元
2026-09-09,2330,台灣積體電路製造,8.96,174000,股
2026-09-09,2383,台光電子材料,8.11,72000,股
2026-09-09,2454,聯發科技,7.17,74000,股
2026-09-09,6669,緯穎科技服務,6.25,128260,股
2026-09-09,3017,奇鋐科技,5.66,80000,股
2026-09-09,6223,旺矽科技,4.47,38000,股
2026-09-09,2308,台達電子工業,4.14,110000,股
2026-09-09,8046,南亞電路板,3.95,170000,股
2026-09-09,3653,健策精密工業,3.62,30000,股
2026-09-09,2345,智邦科技,3.59,85000,股
2026-09-09,5274,信驊科技,3.43,8800,股
2026-09-09,3665,貿聯控股,3.35,81000,股
2026-09-09,7769,鴻勁,3.1,22000,股
2026-09-09,3711,日月光投資控股,2.78,207000,股
2026-09-09,3037,欣興電子,2.29,110000,股
2026-09-09,6515,穎崴科技,2.14,14000,股
2026-09-09,2327,國巨*,2.13,180000,股
2026-09-09,6274,台燿科技,1.92,68000,股
2026-09-09,2368,金像電子,1.71,74000,股
2026-09-09,6510,中華精測科技,1.51,20000,股
2026-09-09,2344,華邦電子,1.27,332000,股
2026-09-09,2360,致茂電子,1.27,26000,股
2026-09-09,2455,全新光電科技,1.13,101000,股
2026-09-09,C_NTD,CASH,1.13,53743200,元
2026-09-09,3443,創意電子,0.99,8000,股
2026-09-09,2449,京元電子,0.97,170850,股
2026-09-09,8210,勤誠興業,0.83,43000,股
2026-09-09,2486,一詮精密工業,0.78,150000,股
2026-09-09,2303,聯華電子,0.65,220000,股
2026-09-09,5289,宜鼎國際,0.64,22438,股
2026-09-09,4958,臻鼎科技控股,0.62,59000,股
2026-09-09,1326,台灣化學纖維,0.6,400000,股
2026-09-09,7750,新代,0.57,12000,股
2026-09-09,6187,萬潤科技,0.56,20000,股
2026-09-09,8996,高力熱處理工業,0.56,20000,股
2026-09-09,6213,聯茂電子,0.55,50000,股
2026-09-09,8150,南茂科技,0.54,280000,股
2026-09-09,3189,景碩科技,0.53,31000,股
2026-09-09,2059,川湖科技,0.52,2000,股
2026-09-09,3264,欣銓科技,0.52,107000,股
2026-09-09,M_NTD,MARGIN,0.5,23771854,元
2026-09-09,3131,弘塑科技,0.48,9000,股
2026-09-09,3450,聯鈞光電,0.44,40000,股
2026-09-09,6805,富世達股份有限公司,0.43,9000,股
2026-09-09,8358,金居開發,0.39,35000,股
2026-09-09,2467,志聖工業,0.33,27000,股
2026-09-09,6531,愛普科技,0.27,13000,股
2026-09-09,3211,順達科技,0.23,30000,股
2026-09-09,3023,信邦電子,0.19,28000,股
2026-09-09,2885,元大金融控股,0.16,112720,股
2026-09-09,3044,健鼎科技,0.11,10000,股
2026-09-09,6139,亞翔工程,0.02,1000,股
2026-09-09,2472,立隆電子工業,0.01,2000,股
2026-09-09,6438,迅得機械,0.01,3000,股
2026-09-09,2313,華通電腦,0.0,1000,股
2026-09-09,RDI_NTD,RECEIVABLES FOR DISPOSAL OF INVESTMENTS,0.0,40235034,元
2026-09-10,2330,台灣積體電路製造,8.97,174000,股
2026-09-10,2383,台光電子材料,8.15,72000,股
2026-09-10,2454,聯發科技,7.35,74000,股
2026-09-10,6669,緯穎科技服務,6.33,128260,股
2026-09-10,3017,奇鋐科技,5.83,80000,股
2026-09-10,6223,旺矽科技,4.5,38000,股
2026-09-10,2308,台達電子工業,3.88,110000,股
2026-09-10,8046,南亞電路板,3.83,170000,股
2026-09-10,3653,健策精密工業,3.66,30000,股
2026-09-10,2345,智邦科技,3.52,85000,股
2026-09-10,5274,信驊科技,3.46,8800,股
2026-09-10,3665,貿聯控股,3.29,81000,股
2026-09-10,7769,鴻勁,3.0,22000,股
2026-09-10,3711,日月光投資控股,2.83,207000,股
2026-09-10,3037,欣興電子,2.3,110000,股
2026-09-10,2327,國巨*,2.17,180000,股
2026-09-10,6515,穎崴科技,2.12,14000,股
2026-09-10,6274,台燿科技,2.0,68000,股
2026-09-10,C_NTD,CASH,1.98,93978234,元
2026-09-10,2368,金像電子,1.63,74000,股
2026-09-10,6510,中華精測科技,1.55,20000,股
2026-09-10,2344,華邦電子,1.25,332000,股
2026-09-10,2360,致茂電子,1.19,26000,股
2026-09-10,2455,全新光電科技,1.13,101000,股
2026-09-10,3443,創意電子,1.05,8000,股
2026-09-10,2449,京元電子,0.98,170850,股
2026-09-10,8210,勤誠興業,0.82,43000,股
2026-09-10,2486,一詮精密工業,0.76,150000,股
2026-09-10,2303,聯華電子,0.66,220000,股
2026-09-10,4958,臻鼎科技控股,0.61,59000,股
2026-09-10,5289,宜鼎國際,0.61,22438,股
2026-09-10,1326,台灣化學纖維,0.6,400000,股
2026-09-10,7750,新代,0.56,12000,股
2026-09-10,6213,聯茂電子,0.55,50000,股
2026-09-10,8996,高力熱處理工業,0.55,20000,股
2026-09-10,3189,景碩科技,0.54,31000,股
2026-09-10,3264,欣銓科技,0.54,107000,股
2026-09-10,6187,萬潤科技,0.54,20000,股
2026-09-10,8150,南茂科技,0.54,280000,股
2026-09-10,2059,川湖科技,0.53,2000,股
2026-09-10,M_NTD,MARGIN,0.5,23771854,元
2026-09-10,3131,弘塑科技,0.47,9000,股
2026-09-10,3450,聯鈞光電,0.44,40000,股
2026-09-10,6805,富世達股份有限公司,0.41,9000,股
2026-09-10,8358,金居開發,0.38,35000,股
2026-09-10,2467,志聖工業,0.33,27000,股
2026-09-10,6531,愛普科技,0.28,13000,股
2026-09-10,3211,順達科技,0.24,30000,股
2026-09-10,3023,信邦電子,0.19,28000,股
2026-09-10,2885,元大金融控股,0.17,112720,股
2026-09-10,3044,健鼎科技,0.11,10000,股
2026-09-10,6139,亞翔工程,0.02,1000,股
2026-09-10,2472,立隆電子工業,0.01,2000,股
2026-09-10,6438,迅得機械,0.01,3000,股
2026-09-10,2313,華通電腦,0.0,1000,股
2026-09-11,2330,台灣積體電路製造,8.98,174000,股
2026-09-11,2383,台光電子材料,8.31,72000,股
2026-09-11,2454,聯發科技,7.3,74000,股
2026-09-11,6669,緯穎科技服務,6.37,128260,股
2026-09-11,3017,奇鋐科技,5.8,80000,股
2026-09-11,6223,旺矽科技,4.6,38000,股
2026-09-11,8046,南亞電路板,3.95,170000,股
2026-09-11,2308,台達電子工業,3.83,110000,股
2026-09-11,3653,健策精密工業,3.72,30000,股
2026-09-11,2345,智邦科技,3.45,85000,股
2026-09-11,5274,信驊科技,3.39,8800,股
2026-09-11,3665,貿聯控股,3.27,81000,股
2026-09-11,7769,鴻勁,2.99,22000,股
2026-09-11,3711,日月光投資控股,2.75,207000,股
2026-09-11,3037,欣興電子,2.31,110000,股
2026-09-11,2327,國巨*,2.11,180000,股
2026-09-11,6515,穎崴科技,2.08,14000,股
2026-09-11,C_NTD,CASH,2.02,93978234,元
2026-09-11,6274,台燿科技,2.0,68000,股
2026-09-11,2368,金像電子,1.64,74000,股
2026-09-11,6510,中華精測科技,1.5,20000,股
2026-09-11,2344,華邦電子,1.23,332000,股
2026-09-11,2360,致茂電子,1.21,26000,股
2026-09-11,2455,全新光電科技,1.12,101000,股
2026-09-11,3443,創意電子,1.05,8000,股
2026-09-11,2449,京元電子,0.97,170850,股
2026-09-11,8210,勤誠興業,0.83,43000,股
2026-09-11,2486,一詮精密工業,0.77,150000,股
2026-09-11,2303,聯華電子,0.67,220000,股
2026-09-11,4958,臻鼎科技控股,0.63,59000,股
2026-09-11,5289,宜鼎國際,0.63,22438,股
2026-09-11,1326,台灣化學纖維,0.6,400000,股
2026-09-11,8996,高力熱處理工業,0.57,20000,股
2026-09-11,3189,景碩科技,0.55,31000,股
2026-09-11,6213,聯茂電子,0.55,50000,股
2026-09-11,6187,萬潤科技,0.54,20000,股
2026-09-11,3264,欣銓科技,0.53,107000,股
2026-09-11,2059,川湖科技,0.52,2000,股
2026-09-11,7750,新代,0.52,12000,股
2026-09-11,8150,南茂科技,0.52,280000,股
2026-09-11,M_NTD,MARGIN,0.51,23771854,元
2026-09-11,3131,弘塑科技,0.45,9000,股
2026-09-11,3450,聯鈞光電,0.44,40000,股
2026-09-11,6805,富世達股份有限公司,0.42,9000,股
2026-09-11,8358,金居開發,0.37,35000,股
2026-09-11,2467,志聖工業,0.32,27000,股
2026-09-11,6531,愛普科技,0.28,13000,股
2026-09-11,3211,順達科技,0.23,30000,股
2026-09-11,3023,信邦電子,0.19,28000,股
2026-09-11,2885,元大金融控股,0.17,112720,股
2026-09-11,3044,健鼎科技,0.11,10000,股
2026-09-11,6139,亞翔工程,0.02,1000,股
2026-09-11,2472,立隆電子工業,0.01,2000,股
2026-09-11,6438,迅得機械,0.01,3000,股
2026-09-11,2313,華通電腦,0.0,1000,股
2026-09-14,2330,台灣積體電路製造,8.98,174000,股
2026-09-14,2383,台光電子材料,8.33,72000,股
2026-09-14,2454,聯發科技,7.3,74000,股
2026-09-14,6669,緯穎科技服務,6.3,128260,股
2026-09-14,3017,奇鋐科技,5.73,80000,股
2026-09-14,6223,旺矽科技,4.6,38000,股
2026-09-14,8046,南亞電路板,3.88,170000,股
2026-09-14,2308,台達電子工業,3.86,110000,股
2026-09-14,3653,健策精密工業,3.78,30000,股
2026-09-14,2345,智邦科技,3.45,85000,股
2026-09-14,3665,貿聯控股,3.43,81000,股
2026-09-14,5274,信驊科技,3.42,8800,股
2026-09-14,7769,鴻勁,3.0,22000,股
2026-09-14,3711,日月光投資控股,2.74,207000,股
2026-09-14,3037,欣興電子,2.31,110000,股
2026-09-14,2327,國巨*,2.12,180000,股
2026-09-14,6274,台燿科技,2.08,68000,股
2026-09-14,C_NTD,CASH,2.03,93978234,元
2026-09-14,6515,穎崴科技,2.0,14000,股
2026-09-14,6510,中華精測科技,1.46,20000,股
2026-09-14,2368,金像電子,1.21,55000,股
2026-09-14,2360,致茂電子,1.2,26000,股
2026-09-14,2455,全新光電科技,1.17,101000,股
2026-09-14,2344,華邦電子,1.15,332000,股
2026-09-14,3443,創意電子,1.11,8000,股
2026-09-14,2449,京元電子,0.97,170850,股
2026-09-14,8210,勤誠興業,0.82,43000,股
2026-09-14,2486,一詮精密工業,0.76,150000,股
2026-09-14,2303,聯華電子,0.68,220000,股
2026-09-14,4958,臻鼎科技控股,0.63,59000,股
2026-09-14,5289,宜鼎國際,0.63,22438,股
2026-09-14,1326,台灣化學纖維,0.59,400000,股
2026-09-14,6213,聯茂電子,0.56,50000,股
2026-09-14,3189,景碩科技,0.54,31000,股
2026-09-14,3264,欣銓科技,0.53,107000,股
2026-09-14,6187,萬潤科技,0.53,20000,股
2026-09-14,8996,高力熱處理工業,0.53,20000,股
2026-09-14,2059,川湖科技,0.52,2000,股
2026-09-14,8150,南茂科技,0.52,280000,股
2026-09-14,7750,新代,0.51,12000,股
2026-09-14,M_NTD,MARGIN,0.51,23771854,元
2026-09-14,3131,弘塑科技,0.45,9000,股
2026-09-14,3450,聯鈞光電,0.44,40000,股
2026-09-14,6805,富世達股份有限公司,0.42,9000,股
2026-09-14,8358,金居開發,0.39,35000,股
2026-09-14,2467,志聖工業,0.31,27000,股
2026-09-14,6531,愛普科技,0.27,13000,股
2026-09-14,3211,順達科技,0.24,30000,股
2026-09-14,3023,信邦電子,0.19,28000,股
2026-09-14,2885,元大金融控股,0.17,112720,股
2026-09-14,3044,健鼎科技,0.11,10000,股
2026-09-14,6139,亞翔工程,0.02,1000,股
2026-09-14,2472,立隆電子工業,0.01,2000,股
2026-09-14,6438,迅得機械,0.01,3000,股
2026-09-14,2313,華通電腦,0.0,1000,股
2026-09-14,RDI_NTD,RECEIVABLES FOR DISPOSAL OF INVESTMENTS,0.0,19246584,元
2026-09-15,2330,台灣積體電路製造,9.14,174000,股
2026-09-15,2383,台光電子材料,8.14,72000,股
2026-09-15,2454,聯發科技,7.24,74000,股
2026-09-15,6669,緯穎科技服務,6.56,128260,股
2026-09-15,3017,奇鋐科技,5.51,80000,股
2026-09-15,6223,旺矽科技,4.57,38000,股
2026-09-15,8046,南亞電路板,4.07,170000,股
2026-09-15,2308,台達電子工業,4.06,110000,股
2026-09-15,3665,貿聯控股,3.54,81000,股
2026-09-15,3653,健策精密工業,3.52,30000,股
2026-09-15,2345,智邦科技,3.46,85000,股
2026-09-15,5274,信驊科技,3.41,8800,股
2026-09-15,7769,鴻勁,2.98,22000,股
2026-09-15,3711,日月光投資控股,2.71,207000,股
2026-09-15,3037,欣興電子,2.31,110000,股
2026-09-15,2327,國巨*,2.14,180000,股
2026-09-15,C_NTD,CASH,2.08,93978234,元
2026-09-15,6274,台燿科技,2.06,68000,股
2026-09-15,6515,穎崴科技,1.95,14000,股
2026-09-15,6510,中華精測科技,1.44,20000,股
2026-09-15,2360,致茂電子,1.19,26000,股
2026-09-15,2344,華邦電子,1.17,332000,股
2026-09-15,2455,全新光電科技,1.16,101000,股
2026-09-15,3443,創意電子,1.07,8000,股
2026-09-15,2449,京元電子,0.97,170850,股
2026-09-15,8210,勤誠興業,0.83,43000,股
2026-09-15,2368,金像電子,0.82,38000,股
2026-09-15,2486,一詮精密工業,0.76,150000,股
2026-09-15,2303,聯華電子,0.67,220000,股
2026-09-15,5289,宜鼎國際,0.63,22438,股
2026-09-15,4958,臻鼎科技控股,0.62,59000,股
2026-09-15,1326,台灣化學纖維,0.58,400000,股
2026-09-15,6213,聯茂電子,0.57,50000,股
2026-09-15,3189,景碩科技,0.54,31000,股
2026-09-15,6187,萬潤科技,0.54,20000,股
2026-09-15,8996,高力熱處理工業,0.54,20000,股
2026-09-15,M_NTD,MARGIN,0.53,23771854,元
2026-09-15,2059,川湖科技,0.52,2000,股
2026-09-15,3264,欣銓科技,0.52,107000,股
2026-09-15,8150,南茂科技,0.52,280000,股
2026-09-15,7750,新代,0.5,12000,股
2026-09-15,3131,弘塑科技,0.46,9000,股
2026-09-15,3450,聯鈞光電,0.44,40000,股
2026-09-15,6805,富世達股份有限公司,0.4,9000,股
2026-09-15,8358,金居開發,0.37,35000,股
2026-09-15,2467,志聖工業,0.31,27000,股
2026-09-15,6531,愛普科技,0.26,13000,股
2026-09-15,3211,順達科技,0.24,30000,股
2026-09-15,3023,信邦電子,0.2,28000,股
2026-09-15,2885,元大金融控股,0.17,112720,股
2026-09-15,3044,健鼎科技,0.11,10000,股
2026-09-15,6139,亞翔工程,0.02,1000,股
2026-09-15,2472,立隆電子工業,0.01,2000,股
2026-09-15,6438,迅得機械,0.01,3000,股
2026-09-15,2313,華通電腦,0.0,1000,股
2026-09-15,RDI_NTD,RECEIVABLES FOR DISPOSAL OF INVESTMENTS,0.0,35759604,元
2026-09-16,2330,台灣積體電路製造,9.07,174000,股
2026-09-16,2383,台光電子材料,8.03,72000,股
2026-09-16,2454,聯發科技,7.35,74000,股
2026-09-16,6669,緯穎科技服務,6.09,128260,股
2026-09-16,3017,奇鋐科技,5.57,80000,股
2026-09-16,6223,旺矽科技,4.67,38000,股
2026-09-16,2308,台達電子工業,4.12,110000,股
2026-09-16,8046,南亞電路板,4.12,170000,股
2026-09-16,3665,貿聯控股,3.54,81000,股
2026-09-16,5274,信驊科技,3.52,8800,股
2026-09-16,3653,健策精密工業,3.45,30000,股
2026-09-16,2345,智邦科技,3.43,85000,股
2026-09-16,7769,鴻勁,2.95,22000,股
2026-09-16,3711,日月光投資控股,2.75,207000,股
2026-09-16,C_NTD,CASH,2.5,113791808,元
2026-09-16,3037,欣興電子,2.32,110000,股
2026-09-16,2327,國巨*,2.12,180000,股
2026-09-16,6274,台燿科技,2.11,68000,股
2026-09-16,6515,穎崴科技,1.91,14000,股
2026-09-16,6510,中華精測科技,1.42,20000,股
2026-09-16,2344,華邦電子,1.23,332000,股
2026-09-16,2360,致茂電子,1.19,26000,股
2026-09-16,2455,全新光電科技,1.14,101000,股
2026-09-16,3443,創意電子,1.08,8000,股
2026-09-16,2449,京元電子,0.98,170850,股
2026-09-16,2368,金像電子,0.83,38000,股
2026-09-16,8210,勤誠興業,0.83,43000,股
2026-09-16,2486,一詮精密工業,0.75,150000,股
2026-09-16,2303,聯華電子,0.69,220000,股
2026-09-16,4958,臻鼎科技控股,0.64,59000,股
2026-09-16,5289,宜鼎國際,0.64,22438,股
2026-09-16,6213,聯茂電子,0.6,50000,股
2026-09-16,1326,台灣化學纖維,0.58,400000,股
2026-09-16,8996,高力熱處理工業,0.57,20000,股
2026-09-16,3189,景碩科技,0.56,31000,股
2026-09-16,6187,萬潤科技,0.54,20000,股
2026-09-16,2059,川湖科技,0.53,2000,股
2026-09-16,8150,南茂科技,0.53,280000,股
2026-09-16,3264,欣銓科技,0.52,107000,股
2026-09-16,M_NTD,MARGIN,0.52,23771854,元
2026-09-16,7750,新代,0.5,12000,股
2026-09-16,3450,聯鈞光電,0.47,40000,股
2026-09-16,3131,弘塑科技,0.46,9000,股
2026-09-16,6805,富世達股份有限公司,0.4,9000,股
2026-09-16,8358,金居開發,0.39,35000,股
2026-09-16,2467,志聖工業,0.31,27000,股
2026-09-16,6531,愛普科技,0.27,13000,股
2026-09-16,3211,順達科技,0.24,30000,股
2026-09-16,3023,信邦電子,0.2,28000,股
2026-09-16,2885,元大金融控股,0.17,112720,股
2026-09-16,3044,健鼎科技,0.11,10000,股
2026-09-16,6139,亞翔工程,0.02,1000,股
2026-09-16,2472,立隆電子工業,0.01,2000,股
2026-09-16,6438,迅得機械,0.01,3000,股
2026-09-16,2313,華通電腦,0.0,1000,股
2026-09-16,RDI_NTD,RECEIVABLES FOR DISPOSAL OF INVESTMENTS,0.0,16513020,元
2026-09-17,2330,台灣積體電路製造,9.34,174000,股
2026-09-17,2383,台光電子材料,7.49,72000,股
2026-09-17,2454,聯發科技,7.37,74000,股
2026-09-17,6669,緯穎科技服務,6.06,128260,股
2026-09-17,3017,奇鋐科技,5.64,80000,股
2026-09-17,6223,旺矽科技,4.63,38000,股
2026-09-17,2308,台達電子工業,4.1,110000,股
2026-09-17,8046,南亞電路板,4.01,170000,股
2026-09-17,3665,貿聯控股,3.61,81000,股
2026-09-17,3653,健策精密工業,3.56,30000,股
2026-09-17,5274,信驊科技,3.56,8800,股
2026-09-17,2345,智邦科技,3.39,85000,股
2026-09-17,7769,鴻勁,2.99,22000,股
2026-09-17,C_NTD,CASH,2.89,130417318,元
2026-09-17,3711,日月光投資控股,2.81,207000,股
2026-09-17,3037,欣興電子,2.29,110000,股
2026-09-17,2327,國巨*,2.11,180000,股
2026-09-17,6274,台燿科技,1.99,68000,股
2026-09-17,6515,穎崴科技,1.9,14000,股
2026-09-17,6510,中華精測科技,1.42,20000,股
2026-09-17,2344,華邦電子,1.25,332000,股
2026-09-17,2360,致茂電子,1.2,26000,股
2026-09-17,2455,全新光電科技,1.19,101000,股
2026-09-17,3443,創意電子,1.15,8000,股
2026-09-17,2449,京元電子,1.0,170850,股
2026-09-17,8210,勤誠興業,0.85,43000,股
2026-09-17,2368,金像電子,0.8,38000,股
2026-09-17,2486,一詮精密工業,0.76,150000,股
2026-09-17,2303,聯華電子,0.72,220000,股
2026-09-17,5289,宜鼎國際,0.63,22438,股
2026-09-17,4958,臻鼎科技控股,0.62,59000,股
2026-09-17,1326,台灣化學纖維,0.61,400000,股
2026-09-17,3264,欣銓科技,0.58,107000,股
2026-09-17,8996,高力熱處理工業,0.58,20000,股
2026-09-17,3189,景碩科技,0.55,31000,股
2026-09-17,6213,聯茂電子,0.55,50000,股
2026-09-17,2059,川湖科技,0.54,2000,股
2026-09-17,6187,萬潤科技,0.54,20000,股
2026-09-17,8150,南茂科技,0.54,280000,股
2026-09-17,M_NTD,MARGIN,0.53,23771854,元
2026-09-17,7750,新代,0.5,12000,股
2026-09-17,3131,弘塑科技,0.48,9000,股
2026-09-17,3450,聯鈞光電,0.47,40000,股
2026-09-17,6805,富世達股份有限公司,0.42,9000,股
2026-09-17,8358,金居開發,0.37,35000,股
2026-09-17,2467,志聖工業,0.31,27000,股
2026-09-17,6531,愛普科技,0.26,13000,股
2026-09-17,3211,順達科技,0.24,30000,股
2026-09-17,3023,信邦電子,0.2,28000,股
2026-09-17,2885,元大金融控股,0.17,112720,股
2026-09-17,3044,健鼎科技,0.11,10000,股
2026-09-17,6139,亞翔工程,0.02,1000,股
2026-09-17,2472,立隆電子工業,0.01,2000,股
2026-09-17,6438,迅得機械,0.01,3000,股
2026-09-17,2313,華通電腦,0.0,1000,股
2026-09-18,2330,台灣積體電路製造,9.09,174000,股
2026-09-18,2383,台光電子材料,7.48,72000,股
2026-09-18,2454,聯發科技,7.4,74000,股
2026-09-18,3017,奇鋐科技,5.83,80000,股
2026-09-18,6669,緯穎科技服務,5.83,128260,股
2026-09-18,6223,旺矽科技,4.68,38000,股
2026-09-18,2308,台達電子工業,4.05,110000,股
2026-09-18,8046,南亞電路板,3.97,170000,股
2026-09-18,3665,貿聯控股,3.8,81000,股
2026-09-18,5274,信驊科技,3.61,8800,股
2026-09-18,3653,健策精密工業,3.52,30000,股
2026-09-18,2345,智邦科技,3.35,85000,股
2026-09-18,7769,鴻勁,3.06,22000,股
2026-09-18,3711,日月光投資控股,2.8,207000,股
2026-09-18,C_NTD,CASH,2.77,130417318,元
2026-09-18,3037,欣興電子,2.29,110000,股
2026-09-18,2327,國巨*,2.1,180000,股
2026-09-18,6274,台燿科技,1.98,68000,股
2026-09-18,6515,穎崴科技,1.91,14000,股
2026-09-18,6510,中華精測科技,1.5,20000,股
2026-09-18,2344,華邦電子,1.27,332000,股
2026-09-18,2360,致茂電子,1.26,26000,股
2026-09-18,3443,創意電子,1.21,8000,股
2026-09-18,2455,全新光電科技,1.19,101000,股
2026-09-18,2449,京元電子,1.06,170850,股
2026-09-18,2368,金像電子,0.82,38000,股
2026-09-18,8210,勤誠興業,0.82,43000,股
2026-09-18,2486,一詮精密工業,0.76,150000,股
2026-09-18,2303,聯華電子,0.73,220000,股
2026-09-18,5289,宜鼎國際,0.63,22438,股
2026-09-18,3264,欣銓科技,0.61,107000,股
2026-09-18,8996,高力熱處理工業,0.61,20000,股
2026-09-18,4958,臻鼎科技控股,0.59,59000,股
2026-09-18,1326,台灣化學纖維,0.58,400000,股
2026-09-18,8150,南茂科技,0.56,280000,股
2026-09-18,3189,景碩科技,0.55,31000,股
2026-09-18,6213,聯茂電子,0.54,50000,股
2026-09-18,2059,川湖科技,0.53,2000,股
2026-09-18,6187,萬潤科技,0.53,20000,股
2026-09-18,7750,新代,0.5,12000,股
2026-09-18,M_NTD,MARGIN,0.5,23771854,元
2026-09-18,3131,弘塑科技,0.47,9000,股
2026-09-18,3450,聯鈞光電,0.46,40000,股
2026-09-18,6805,富世達股份有限公司,0.44,9000,股
2026-09-18,8358,金居開發,0.37,35000,股
2026-09-18,2467,志聖工業,0.3,27000,股
2026-09-18,6531,愛普科技,0.27,13000,股
2026-09-18,3211,順達科技,0.23,30000,股
2026-09-18,3023,信邦電子,0.19,28000,股
2026-09-18,2885,元大金融控股,0.17,112720,股
2026-09-18,3044,健鼎科技,0.11,10000,股
2026-09-18,6139,亞翔工程,0.02,1000,股
2026-09-18,2472,立隆電子工業,0.01,2000,股
2026-09-18,6438,迅得機械,0.01,3000,股
2026-09-18,2313,華通電腦,0.0,1000,股
2026-09-21,2330,台灣積體電路製造,9.07,174000,股
2026-09-21,2454,聯發科技,7.79,74000,股
2026-09-21,2383,台光電子材料,7.4,72000,股
2026-09-21,6669,緯穎科技服務,5.79,128260,股
2026-09-21,3017,奇鋐科技,5.74,80000,股
2026-09-21,6223,旺矽科技,4.39,38000,股
2026-09-21,2308,台達電子工業,4.33,110000,股
2026-09-21,3665,貿聯控股,3.91,81000,股
2026-09-21,8046,南亞電路板,3.79,170000,股
2026-09-21,5274,信驊科技,3.66,8800,股
2026-09-21,3653,健策精密工業,3.65,30000,股
2026-09-21,2345,智邦科技,3.29,85000,股
2026-09-21,3711,日月光投資控股,2.88,207000,股
2026-09-21,7769,鴻勁,2.77,22000,股
2026-09-21,C_NTD,CASH,2.74,130417318,元
2026-09-21,3037,欣興電子,2.36,110000,股
2026-09-21,2327,國巨*,2.11,180000,股
2026-09-21,6274,台燿科技,2.05,68000,股
2026-09-21,6515,穎崴科技,1.7,14000,股
2026-09-21,6510,中華精測科技,1.46,20000,股
2026-09-21,2360,致茂電子,1.3,26000,股
2026-09-21,3443,創意電子,1.28,8000,股
2026-09-21,2344,華邦電子,1.21,332000,股
2026-09-21,2455,全新光電科技,1.21,101000,股
2026-09-21,2449,京元電子,1.08,170850,股
2026-09-21,2368,金像電子,0.83,38000,股
2026-09-21,8210,勤誠興業,0.81,43000,股
2026-09-21,2486,一詮精密工業,0.74,150000,股
2026-09-21,2303,聯華電子,0.73,220000,股
2026-09-21,3264,欣銓科技,0.64,107000,股
2026-09-21,8996,高力熱處理工業,0.63,20000,股
2026-09-21,5289,宜鼎國際,0.61,22438,股
2026-09-21,8150,南茂科技,0.61,280000,股
2026-09-21,4958,臻鼎科技控股,0.58,59000,股
2026-09-21,1326,台灣化學纖維,0.57,400000,股
2026-09-21,6213,聯茂電子,0.57,50000,股
2026-09-21,2059,川湖科技,0.54,2000,股
2026-09-21,3189,景碩科技,0.54,31000,股
2026-09-21,6187,萬潤科技,0.52,20000,股
2026-09-21,M_NTD,MARGIN,0.5,23771854,元
2026-09-21,7750,新代,0.49,12000,股
2026-09-21,3131,弘塑科技,0.47,9000,股
2026-09-21,3450,聯鈞光電,0.46,40000,股
2026-09-21,6805,富世達股份有限公司,0.46,9000,股
2026-09-21,8358,金居開發,0.36,35000,股
2026-09-21,6147,頎邦科技,0.33,70000,股
2026-09-21,2467,志聖工業,0.3,27000,股
2026-09-21,1560,中國砂輪企業,0.29,15000,股
2026-09-21,6531,愛普科技,0.26,13000,股
2026-09-21,3211,順達科技,0.24,30000,股
2026-09-21,3023,信邦電子,0.19,28000,股
2026-09-21,2885,元大金融控股,0.17,112720,股
2026-09-21,3044,健鼎科技,0.11,10000,股
2026-09-21,6139,亞翔工程,0.02,1000,股
2026-09-21,2472,立隆電子工業,0.01,2000,股
2026-09-21,6438,迅得機械,0.01,3000,股
2026-09-21,2313,華通電腦,0.0,1000,股
2026-09-21,RDI_NTD,RECEIVABLES FOR DISPOSAL OF INVESTMENTS,0.0,-29416481,元
2026-09-22,2330,台灣積體電路製造,8.88,174000,股
2026-09-22,2454,聯發科技,7.94,74000,股
2026-09-22,2383,台光電子材料,7.25,72000,股
2026-09-22,3017,奇鋐科技,5.62,80000,股
2026-09-22,6669,緯穎科技服務,5.62,128260,股
2026-09-22,2308,台達電子工業,4.33,110000,股
2026-09-22,6223,旺矽科技,4.21,38000,股
2026-09-22,8046,南亞電路板,4.1,170000,股
2026-09-22,5274,信驊科技,3.81,8800,股
2026-09-22,3665,貿聯控股,3.77,81000,股
2026-09-22,3653,健策精密工業,3.62,30000,股
2026-09-22,2345,智邦科技,3.37,85000,股
2026-09-22,3711,日月光投資控股,2.97,207000,股
2026-09-22,7769,鴻勁,2.81,22000,股
2026-09-22,C_NTD,CASH,2.7,130362318,元
2026-09-22,3037,欣興電子,2.55,110000,股
2026-09-22,2327,國巨*,2.13,180000,股
2026-09-22,6274,台燿科技,2.03,68000,股
2026-09-22,6515,穎崴科技,1.67,14000,股
2026-09-22,6510,中華精測科技,1.53,20000,股
2026-09-22,3443,創意電子,1.39,8000,股
2026-09-22,2360,致茂電子,1.31,26000,股
2026-09-22,2344,華邦電子,1.18,332000,股
2026-09-22,2455,全新光電科技,1.14,101000,股
2026-09-22,2449,京元電子,1.12,170850,股
2026-09-22,3264,欣銓科技,0.87,152000,股
2026-09-22,2368,金像電子,0.82,38000,股
2026-09-22,8210,勤誠興業,0.8,43000,股
2026-09-22,2303,聯華電子,0.73,220000,股
2026-09-22,2486,一詮精密工業,0.73,150000,股
2026-09-22,8996,高力熱處理工業,0.69,20000,股
2026-09-22,8150,南茂科技,0.61,280000,股
2026-09-22,4958,臻鼎科技控股,0.6,59000,股
2026-09-22,5289,宜鼎國際,0.6,22438,股
2026-09-22,3189,景碩科技,0.58,31000,股
2026-09-22,6213,聯茂電子,0.56,50000,股
2026-09-22,1326,台灣化學纖維,0.55,400000,股
2026-09-22,2059,川湖科技,0.52,2000,股
2026-09-22,6187,萬潤科技,0.5,20000,股
2026-09-22,M_NTD,MARGIN,0.49,23771854,元
2026-09-22,7750,新代,0.48,12000,股
2026-09-22,6805,富世達股份有限公司,0.47,9000,股
2026-09-22,3131,弘塑科技,0.45,9000,股
2026-09-22,3450,聯鈞光電,0.44,40000,股
2026-09-22,6147,頎邦科技,0.43,94000,股
2026-09-22,8358,金居開發,0.36,35000,股
2026-09-22,1560,中國砂輪企業,0.3,15000,股
2026-09-22,2467,志聖工業,0.3,27000,股
2026-09-22,6531,愛普科技,0.25,13000,股
2026-09-22,3211,順達科技,0.24,30000,股
2026-09-22,3023,信邦電子,0.19,28000,股
2026-09-22,2885,元大金融控股,0.16,112720,股
2026-09-22,3044,健鼎科技,0.11,10000,股
2026-09-22,2472,立隆電子工業,0.01,2000,股
2026-09-22,6139,亞翔工程,0.01,1000,股
2026-09-22,6438,迅得機械,0.01,3000,股
2026-09-22,2313,華通電腦,0.0,1000,股
2026-09-22,RDI_NTD,RECEIVABLES FOR DISPOSAL OF INVESTMENTS,0.0,-47223689,元
2026-09-23,2330,台灣積體電路製造,8.95,174000,股
2026-09-23,2454,聯發科技,7.86,74000,股
2026-09-23,2383,台光電子材料,7.41,72000,股
2026-09-23,3017,奇鋐科技,5.69,80000,股
2026-09-23,6669,緯穎科技服務,5.53,128260,股
2026-09-23,6223,旺矽科技,4.38,38000,股
2026-09-23,2308,台達電子工業,4.28,110000,股
2026-09-23,8046,南亞電路板,4.22,170000,股
2026-09-23,3653,健策精密工業,3.94,30000,股
2026-09-23,3665,貿聯控股,3.88,81000,股
2026-09-23,5274,信驊科技,3.66,8800,股
2026-09-23,2345,智邦科技,3.29,85000,股
2026-09-23,3711,日月光投資控股,2.94,207000,股
2026-09-23,7769,鴻勁,2.69,22000,股
2026-09-23,3037,欣興電子,2.62,110000,股
2026-09-23,2327,國巨*,2.11,180000,股
2026-09-23,C_NTD,CASH,2.1,102616355,元
2026-09-23,6274,台燿科技,2.03,68000,股
2026-09-23,6515,穎崴科技,1.72,14000,股
2026-09-23,6510,中華精測科技,1.42,20000,股
2026-09-23,3443,創意電子,1.37,8000,股
2026-09-23,2360,致茂電子,1.24,26000,股
2026-09-23,2344,華邦電子,1.17,332000,股
2026-09-23,2455,全新光電科技,1.14,101000,股
2026-09-23,2449,京元電子,1.06,170850,股
2026-09-23,2368,金像電子,0.89,38000,股
2026-09-23,3264,欣銓科技,0.79,152000,股
2026-09-23,8210,勤誠興業,0.79,43000,股
2026-09-23,2303,聯華電子,0.72,220000,股
2026-09-23,2486,一詮精密工業,0.71,150000,股
2026-09-23,8996,高力熱處理工業,0.63,20000,股
2026-09-23,8150,南茂科技,0.61,280000,股
2026-09-23,5289,宜鼎國際,0.6,22438,股
2026-09-23,3189,景碩科技,0.58,31000,股
2026-09-23,4958,臻鼎科技控股,0.57,59000,股
2026-09-23,6213,聯茂電子,0.55,50000,股
2026-09-23,1326,台灣化學纖維,0.54,400000,股
2026-09-23,2059,川湖科技,0.51,2000,股
2026-09-23,6187,萬潤科技,0.49,20000,股
2026-09-23,M_NTD,MARGIN,0.49,23771854,元
2026-09-23,6805,富世達股份有限公司,0.48,9000,股
2026-09-23,7750,新代,0.48,12000,股
2026-09-23,3131,弘塑科技,0.44,9000,股
2026-09-23,3450,聯鈞光電,0.43,40000,股
2026-09-23,6147,頎邦科技,0.41,94000,股
2026-09-23,8358,金居開發,0.36,35000,股
2026-09-23,1560,中國砂輪企業,0.29,15000,股
2026-09-23,2467,志聖工業,0.29,27000,股
2026-09-23,6531,愛普科技,0.26,13000,股
2026-09-23,3211,順達科技,0.23,30000,股
2026-09-23,3023,信邦電子,0.18,28000,股
2026-09-23,2885,元大金融控股,0.16,112720,股
2026-09-23,3044,健鼎科技,0.11,10000,股
2026-09-23,6139,亞翔工程,0.02,1000,股
2026-09-23,2472,立隆電子工業,0.01,2000,股
2026-09-23,6438,迅得機械,0.01,3000,股
2026-09-23,2313,華通電腦,0.0,1000,股
2026-09-23,RDI_NTD,RECEIVABLES FOR DISPOSAL OF INVESTMENTS,0.0,-17807208,元
2026-09-24,2330,台灣積體電路製造,8.89,174000,股
2026-09-24,2454,聯發科技,8.07,74000,股
2026-09-24,2383,台光電子材料,7.5,72000,股
2026-09-24,3017,奇鋐科技,5.86,80000,股
2026-09-24,6669,緯穎科技服務,5.59,128260,股
2026-09-24,3653,健策精密工業,4.71,33000,股
2026-09-24,8046,南亞電路板,4.35,170000,股
2026-09-24,2308,台達電子工業,4.33,110000,股
2026-09-24,6223,旺矽科技,4.24,38000,股
2026-09-24,3665,貿聯控股,3.91,81000,股
2026-09-24,5274,信驊科技,3.6,8800,股
2026-09-24,2345,智邦科技,3.32,85000,股
2026-09-24,3711,日月光投資控股,2.98,207000,股
2026-09-24,3037,欣興電子,2.69,110000,股
2026-09-24,2327,國巨*,2.15,180000,股
2026-09-24,6274,台燿科技,2.1,68000,股
2026-09-24,C_NTD,CASH,1.79,86609137,元
2026-09-24,6515,穎崴科技,1.69,14000,股
2026-09-24,3443,創意電子,1.41,8000,股
2026-09-24,6510,中華精測科技,1.37,20000,股
2026-09-24,7769,鴻勁,1.29,11000,股
2026-09-24,2360,致茂電子,1.23,26000,股
2026-09-24,2344,華邦電子,1.17,332000,股
2026-09-24,2455,全新光電科技,1.15,101000,股
2026-09-24,2449,京元電子,1.1,170850,股
2026-09-24,2303,聯華電子,1.02,320000,股
2026-09-24,2368,金像電子,0.87,38000,股
2026-09-24,8210,勤誠興業,0.8,43000,股
2026-09-24,3264,欣銓科技,0.77,152000,股
2026-09-24,2486,一詮精密工業,0.72,150000,股
2026-09-24,8150,南茂科技,0.65,280000,股
2026-09-24,8996,高力熱處理工業,0.63,20000,股
2026-09-24,3189,景碩科技,0.61,31000,股
2026-09-24,6213,聯茂電子,0.61,50000,股
2026-09-24,5289,宜鼎國際,0.6,22438,股
2026-09-24,4958,臻鼎科技控股,0.58,59000,股
2026-09-24,1326,台灣化學纖維,0.55,400000,股
2026-09-24,2059,川湖科技,0.51,2000,股
2026-09-24,6187,萬潤科技,0.49,20000,股
2026-09-24,7750,新代,0.49,12000,股
2026-09-24,M_NTD,MARGIN,0.49,23771854,元
2026-09-24,6805,富世達股份有限公司,0.47,9000,股
2026-09-24,3131,弘塑科技,0.45,9000,股
2026-09-24,3450,聯鈞光電,0.42,40000,股
2026-09-24,6147,頎邦科技,0.41,94000,股
2026-09-24,8358,金居開發,0.37,35000,股
2026-09-24,1560,中國砂輪企業,0.3,15000,股
2026-09-24,2467,志聖工業,0.29,27000,股
2026-09-24,6531,愛普科技,0.27,13000,股
2026-09-24,3211,順達科技,0.23,30000,股
2026-09-24,3023,信邦電子,0.18,28000,股
2026-09-24,2885,元大金融控股,0.16,112720,股
2026-09-24,3044,健鼎科技,0.11,10000,股
2026-09-24,6139,亞翔工程,0.02,1000,股
2026-09-24,2472,立隆電子工業,0.01,2000,股
2026-09-24,6438,迅得機械,0.01,3000,股
2026-09-24,2313,華通電腦,0.0,1000,股
2026-09-24,RDI_NTD,RECEIVABLES FOR DISPOSAL OF INVESTMENTS,0.0,26129906,元
2026-09-29,2330,台灣積體電路製造,9.08,174000,股
2026-09-29,2454,聯發科技,7.64,74000,股
2026-09-29,2383,台光電子材料,7.45,72000,股
2026-09-29,3017,奇鋐科技,5.72,80000,股
2026-09-29,6669,緯穎科技服務,5.66,128260,股
2026-09-29,3653,健策精密工業,4.79,33000,股
2026-09-29,8046,南亞電路板,4.54,170000,股
2026-09-29,2308,台達電子工業,4.25,110000,股
2026-09-29,3665,貿聯控股,4.17,81000,股
2026-09-29,6223,旺矽科技,4.14,38000,股
2026-09-29,5274,信驊科技,3.59,8800,股
2026-09-29,2345,智邦科技,3.24,85000,股
2026-09-29,3711,日月光投資控股,2.99,207000,股
2026-09-29,3037,欣興電子,2.7,110000,股
2026-09-29,6274,台燿科技,2.12,68000,股
2026-09-29,2327,國巨*,2.07,180000,股
2026-09-29,C_NTD,CASH,1.82,86609137,元
2026-09-29,6515,穎崴科技,1.67,14000,股
2026-09-29,3443,創意電子,1.33,8000,股
2026-09-29,6510,中華精測科技,1.32,20000,股
2026-09-29,7769,鴻勁,1.29,11000,股
2026-09-29,2344,華邦電子,1.22,332000,股
2026-09-29,2360,致茂電子,1.19,26000,股
2026-09-29,2455,全新光電科技,1.15,101000,股
2026-09-29,2449,京元電子,1.06,170850,股
2026-09-29,2303,聯華電子,1.03,320000,股
2026-09-29,2368,金像電子,0.9,38000,股
2026-09-29,8210,勤誠興業,0.79,43000,股
2026-09-29,3264,欣銓科技,0.77,152000,股
2026-09-29,2486,一詮精密工業,0.75,150000,股
2026-09-29,8996,高力熱處理工業,0.67,20000,股
2026-09-29,6213,聯茂電子,0.65,50000,股
2026-09-29,3189,景碩科技,0.62,31000,股
2026-09-29,4958,臻鼎科技控股,0.62,59000,股
2026-09-29,8150,南茂科技,0.62,280000,股
2026-09-29,5289,宜鼎國際,0.6,22438,股
2026-09-29,1326,台灣化學纖維,0.57,400000,股
2026-09-29,6187,萬潤科技,0.55,20000,股
2026-09-29,2059,川湖科技,0.51,2000,股
2026-09-29,M_NTD,MARGIN,0.5,23771854,元
2026-09-29,7750,新代,0.49,12000,股
2026-09-29,6805,富世達股份有限公司,0.48,9000,股
2026-09-29,3131,弘塑科技,0.47,9000,股
2026-09-29,3450,聯鈞光電,0.44,40000,股
2026-09-29,6147,頎邦科技,0.41,94000,股
2026-09-29,8358,金居開發,0.37,35000,股
2026-09-29,2467,志聖工業,0.31,27000,股
2026-09-29,1560,中國砂輪企業,0.3,15000,股
2026-09-29,6531,愛普科技,0.25,13000,股
2026-09-29,3211,順達科技,0.24,30000,股
2026-09-29,3023,信邦電子,0.18,28000,股
2026-09-29,2885,元大金融控股,0.16,112720,股
2026-09-29,3044,健鼎科技,0.11,10000,股
2026-09-29,6139,亞翔工程,0.02,1000,股
2026-09-29,2472,立隆電子工業,0.01,2000,股
2026-09-29,6438,迅得機械,0.01,3000,股
2026-09-29,2313,華通電腦,0.0,1000,股
2026-09-29,RDI_NTD,RECEIVABLES FOR DISPOSAL OF INVESTMENTS,0.0,26129906,元
2026-09-30,2330,台灣積體電路製造,9.03,174000,股
2026-09-30,2454,聯發科技,7.6,74000,股
2026-09-30,2383,台光電子材料,7.42,72000,股
2026-09-30,3017,奇鋐科技,5.74,80000,股
2026-09-30,6669,緯穎科技服務,5.6,128260,股
2026-09-30,8046,南亞電路板,4.76,170000,股
2026-09-30,3653,健策精密工業,4.69,33000,股
2026-09-30,3665,貿聯控股,4.39,81000,股
2026-09-30,2308,台達電子工業,4.34,110000,股
2026-09-30,6223,旺矽科技,4.07,38000,股
2026-09-30,5274,信驊科技,3.45,8800,股
2026-09-30,2345,智邦科技,3.15,85000,股
2026-09-30,3711,日月光投資控股,3.04,207000,股
2026-09-30,3037,欣興電子,2.7,110000,股
2026-09-30,C_NTD,CASH,2.35,112762029,元
2026-09-30,6274,台燿科技,2.16,68000,股
2026-09-30,2327,國巨*,2.06,180000,股
2026-09-30,6515,穎崴科技,1.73,14000,股
2026-09-30,3443,創意電子,1.34,8000,股
2026-09-30,6510,中華精測科技,1.28,20000,股
2026-09-30,7769,鴻勁,1.26,11000,股
2026-09-30,2344,華邦電子,1.24,332000,股
2026-09-30,2360,致茂電子,1.16,26000,股
2026-09-30,2455,全新光電科技,1.16,101000,股
2026-09-30,2449,京元電子,1.05,170850,股
2026-09-30,2303,聯華電子,1.03,320000,股
2026-09-30,2368,金像電子,0.89,38000,股
2026-09-30,3264,欣銓科技,0.77,152000,股
2026-09-30,2486,一詮精密工業,0.75,150000,股
2026-09-30,8210,勤誠興業,0.75,43000,股
2026-09-30,8150,南茂科技,0.67,280000,股
2026-09-30,8996,高力熱處理工業,0.67,20000,股
2026-09-30,6213,聯茂電子,0.65,50000,股
2026-09-30,3189,景碩科技,0.63,31000,股
2026-09-30,4958,臻鼎科技控股,0.62,59000,股
2026-09-30,5289,宜鼎國際,0.6,22438,股
2026-09-30,1326,台灣化學纖維,0.58,400000,股
2026-09-30,6187,萬潤科技,0.55,20000,股
2026-09-30,2059,川湖科技,0.5,2000,股
2026-09-30,M_NTD,MARGIN,0.5,23771854,元
2026-09-30,7750,新代,0.48,12000,股
2026-09-30,3131,弘塑科技,0.47,9000,股
2026-09-30,6805,富世達股份有限公司,0.46,9000,股
2026-09-30,3450,聯鈞光電,0.44,40000,股
2026-09-30,6147,頎邦科技,0.41,94000,股
2026-09-30,8358,金居開發,0.36,35000,股
2026-09-30,1560,中國砂輪企業,0.3,15000,股
2026-09-30,2467,志聖工業,0.3,27000,股
2026-09-30,3211,順達科技,0.25,30000,股
2026-09-30,6531,愛普科技,0.25,13000,股
2026-09-30,3023,信邦電子,0.18,28000,股
2026-09-30,2885,元大金融控股,0.16,112720,股
2026-09-30,3044,健鼎科技,0.11,10000,股
2026-09-30,6139,亞翔工程,0.02,1000,股
2026-09-30,2472,立隆電子工業,0.01,2000,股
2026-09-30,6438,迅得機械,0.01,3000,股
2026-09-30,2313,華通電腦,0.0,1000,股
2026-10-01,2330,台灣積體電路製造,9.0,174000,股
2026-10-01,2454,聯發科技,7.6,74000,股
2026-10-01,2383,台光電子材料,7.39,72000,股
2026-10-01,3017,奇鋐科技,5.79,80000,股
2026-10-01,6669,緯穎科技服務,5.58,128260,股
2026-10-01,8046,南亞電路板,4.98,170000,股
2026-10-01,3653,健策精密工業,4.68,33000,股
2026-10-01,2308,台達電子工業,4.32,110000,股
2026-10-01,3665,貿聯控股,4.27,81000,股
2026-10-01,6223,旺矽科技,3.94,38000,股
2026-10-01,5274,信驊科技,3.46,8800,股
2026-10-01,2345,智邦科技,3.33,85000,股
2026-10-01,3711,日月光投資控股,3.18,217000,股
2026-10-01,3037,欣興電子,2.76,110000,股
2026-10-01,2327,國巨*,2.24,180000,股
2026-10-01,6274,台燿科技,2.15,68000,股
2026-10-01,6515,穎崴科技,1.67,14000,股
2026-10-01,2360,致茂電子,1.42,33000,股
2026-10-01,3443,創意電子,1.3,8000,股
2026-10-01,7769,鴻勁,1.25,11000,股
2026-10-01,6510,中華精測科技,1.24,20000,股
2026-10-01,2344,華邦電子,1.23,332000,股
2026-10-01,C_NTD,CASH,1.22,59206493,元
2026-10-01,2455,全新光電科技,1.14,101000,股
2026-10-01,2303,聯華電子,1.07,320000,股
2026-10-01,2449,京元電子,1.04,170850,股
2026-10-01,2368,金像電子,0.86,38000,股
2026-10-01,2486,一詮精密工業,0.77,150000,股
2026-10-01,3264,欣銓科技,0.77,152000,股
2026-10-01,8150,南茂科技,0.71,300000,股
2026-10-01,6213,聯茂電子,0.66,50000,股
2026-10-01,3189,景碩科技,0.65,31000,股
2026-10-01,8996,高力熱處理工業,0.65,20000,股
2026-10-01,4958,臻鼎科技控股,0.62,59000,股
2026-10-01,5289,宜鼎國際,0.6,22438,股
2026-10-01,1326,台灣化學纖維,0.56,400000,股
2026-10-01,6187,萬潤科技,0.53,20000,股
2026-10-01,2059,川湖科技,0.49,2000,股
2026-10-01,6488,環球晶圓,0.49,22000,股
2026-10-01,M_NTD,MARGIN,0.49,23771854,元
2026-10-01,3131,弘塑科技,0.44,9000,股
2026-10-01,6147,頎邦科技,0.44,94000,股
2026-10-01,6805,富世達股份有限公司,0.44,9000,股
2026-10-01,3450,聯鈞光電,0.43,40000,股
2026-10-01,8358,金居開發,0.36,35000,股
2026-10-01,3529,力旺電子,0.33,5000,股
2026-10-01,1560,中國砂輪企業,0.31,15000,股
2026-10-01,2467,志聖工業,0.3,27000,股
2026-10-01,2885,元大金融控股,0.16,112720,股
2026-10-01,3044,健鼎科技,0.11,10000,股
2026-10-01,8210,勤誠興業,0.05,3000,股
2026-10-01,7750,新代,0.04,1000,股
2026-10-01,6139,亞翔工程,0.02,1000,股
2026-10-01,6531,愛普科技,0.02,1000,股
2026-10-01,2472,立隆電子工業,0.01,2000,股
2026-10-01,3023,信邦電子,0.01,1000,股
2026-10-01,3211,順達科技,0.01,1000,股
2026-10-01,6438,迅得機械,0.01,3000,股
2026-10-01,2313,華通電腦,0.0,1000,股
2026-10-01,RDI_NTD,RECEIVABLES FOR DISPOSAL OF INVESTMENTS,0.0,20905844,元
2026-10-02,2330,台灣積體電路製造,8.9,174000,股
2026-10-02,2383,台光電子材料,7.62,72000,股
2026-10-02,2454,聯發科技,7.48,74000,股
2026-10-02,3017,奇鋐科技,5.62,80000,股
2026-10-02,6669,緯穎科技服務,5.07,119000,股
2026-10-02,8046,南亞電路板,5.07,170000,股
2026-10-02,3653,健策精密工業,4.58,33000,股
2026-10-02,2308,台達電子工業,4.23,110000,股
2026-10-02,3665,貿聯控股,4.2,81000,股
2026-10-02,6223,旺矽科技,4.12,38000,股
2026-10-02,2345,智邦科技,3.41,85000,股
2026-10-02,5274,信驊科技,3.39,8800,股
2026-10-02,3037,欣興電子,3.28,123000,股
2026-10-02,3711,日月光投資控股,3.16,217000,股
2026-10-02,2327,國巨*,2.3,180000,股
2026-10-02,6274,台燿科技,2.25,68000,股
2026-10-02,2360,致茂電子,2.1,47000,股
2026-10-02,6515,穎崴科技,1.74,14000,股
2026-10-02,3443,創意電子,1.29,8000,股
2026-10-02,6510,中華精測科技,1.25,20000,股
2026-10-02,7769,鴻勁,1.25,11000,股
2026-10-02,C_NTD,CASH,1.22,59576851,元
2026-10-02,2455,全新光電科技,1.2,101000,股
2026-10-02,2303,聯華電子,1.06,320000,股
2026-10-02,2449,京元電子,1.03,170850,股
2026-10-02,2368,金像電子,0.86,38000,股
2026-10-02,8150,南茂科技,0.78,300000,股
2026-10-02,3264,欣銓科技,0.76,152000,股
2026-10-02,2486,一詮精密工業,0.75,150000,股
2026-10-02,6213,聯茂電子,0.7,50000,股
2026-10-02,4958,臻鼎科技控股,0.68,59000,股
2026-10-02,3189,景碩科技,0.66,31000,股
2026-10-02,8996,高力熱處理工業,0.62,20000,股
2026-10-02,1326,台灣化學纖維,0.59,400000,股
2026-10-02,6187,萬潤科技,0.55,20000,股
2026-10-02,6488,環球晶圓,0.53,22000,股
2026-10-02,2059,川湖科技,0.5,2000,股
2026-10-02,M_NTD,MARGIN,0.49,23771854,元
2026-10-02,3131,弘塑科技,0.45,9000,股
2026-10-02,3450,聯鈞光電,0.44,40000,股
2026-10-02,6147,頎邦科技,0.43,94000,股
2026-10-02,6805,富世達股份有限公司,0.42,9000,股
2026-10-02,2344,華邦電子,0.37,100000,股
2026-10-02,8358,金居開發,0.37,35000,股
2026-10-02,3529,力旺電子,0.32,5000,股
2026-10-02,1560,中國砂輪企業,0.31,15000,股
2026-10-02,2467,志聖工業,0.3,27000,股
2026-10-02,2885,元大金融控股,0.15,112720,股
2026-10-02,3044,健鼎科技,0.11,10000,股
2026-10-02,8210,勤誠興業,0.05,3000,股
2026-10-02,7750,新代,0.04,1000,股
2026-10-02,6139,亞翔工程,0.02,1000,股
2026-10-02,6531,愛普科技,0.02,1000,股
2026-10-02,2472,立隆電子工業,0.01,2000,股
2026-10-02,3023,信邦電子,0.01,1000,股
2026-10-02,3211,順達科技,0.01,1000,股
2026-10-02,5289,宜鼎國際,0.01,438,股
2026-10-02,6438,迅得機械,0.01,3000,股
2026-10-02,2313,華通電腦,0.0,1000,股
2026-10-02,RDI_NTD,RECEIVABLES FOR DISPOSAL OF INVESTMENTS,0.0,62364336,元
2026-10-05,2330,台灣積體電路製造,8.8,174000,股
2026-10-05,2383,台光電子材料,8.07,72000,股
2026-10-05,2454,聯發科技,7.51,74000,股
2026-10-05,3017,奇鋐科技,5.64,80000,股
2026-10-05,8046,南亞電路板,4.99,170000,股
2026-10-05,3653,健策精密工業,4.67,33000,股
2026-10-05,2308,台達電子工業,4.33,110000,股
2026-10-05,6223,旺矽科技,4.12,38000,股
2026-10-05,3665,貿聯控股,3.96,81000,股
2026-10-05,6669,緯穎科技服務,3.6,85260,股
2026-10-05,3037,欣興電子,3.59,138000,股
2026-10-05,2345,智邦科技,3.47,85000,股
2026-10-05,5274,信驊科技,3.38,8800,股
2026-10-05,3711,日月光投資控股,3.16,217000,股
2026-10-05,6274,台燿科技,2.38,68000,股
2026-10-05,2360,致茂電子,2.24,49000,股
2026-10-05,2327,國巨*,2.21,180000,股
2026-10-05,6515,穎崴科技,1.71,14000,股
2026-10-05,C_NTD,CASH,1.52,77429699,元
2026-10-05,4958,臻鼎科技控股,1.47,130000,股
2026-10-05,3443,創意電子,1.35,8000,股
2026-10-05,7769,鴻勁,1.26,11000,股
2026-10-05,6510,中華精測科技,1.22,20000,股
2026-10-05,2455,全新光電科技,1.2,101000,股
2026-10-05,6488,環球晶圓,1.16,50000,股
2026-10-05,2303,聯華電子,0.99,330000,股
2026-10-05,2449,京元電子,0.99,170850,股
2026-10-05,2368,金像電子,0.91,38000,股
2026-10-05,6213,聯茂電子,0.74,50000,股
2026-10-05,8150,南茂科技,0.73,300000,股
2026-10-05,3264,欣銓科技,0.72,152000,股
2026-10-05,3189,景碩科技,0.67,31000,股
2026-10-05,8996,高力熱處理工業,0.63,20000,股
2026-10-05,6187,萬潤科技,0.59,20000,股
2026-10-05,6715,嘉基科技,0.57,60000,股
2026-10-05,1326,台灣化學纖維,0.56,400000,股
2026-10-05,2059,川湖科技,0.52,2000,股
2026-10-05,M_NTD,MARGIN,0.47,23771854,元
2026-10-05,3131,弘塑科技,0.45,9000,股
2026-10-05,3450,聯鈞光電,0.43,40000,股
2026-10-05,6805,富世達股份有限公司,0.43,9000,股
2026-10-05,6147,頎邦科技,0.4,94000,股
2026-10-05,8358,金居開發,0.39,35000,股
2026-10-05,1560,中國砂輪企業,0.31,15000,股
2026-10-05,2467,志聖工業,0.31,27000,股
2026-10-05,3529,力旺電子,0.31,5000,股
2026-10-05,2885,元大金融控股,0.15,112720,股
2026-10-05,3044,健鼎科技,0.11,10000,股
2026-10-05,2486,一詮精密工業,0.05,10000,股
2026-10-05,8210,勤誠興業,0.05,3000,股
2026-10-05,6139,亞翔工程,0.02,1000,股
2026-10-05,6531,愛普科技,0.02,1000,股
2026-10-05,2472,立隆電子工業,0.01,2000,股
2026-10-05,3023,信邦電子,0.01,1000,股
2026-10-05,3211,順達科技,0.01,1000,股
2026-10-05,5289,宜鼎國際,0.01,438,股
2026-10-05,6438,迅得機械,0.01,3000,股
2026-10-05,2313,華通電腦,0.0,1000,股
2026-10-05,2344,華邦電子,0.0,1000,股
2026-10-05,RDI_NTD,RECEIVABLES FOR DISPOSAL OF INVESTMENTS,0.0,38665783,元
2026-10-06,2330,台灣積體電路製造,8.98,174000,股
2026-10-06,2383,台光電子材料,8.62,72000,股
2026-10-06,2454,聯發科技,7.27,74000,股
2026-10-06,3017,奇鋐科技,5.88,80000,股
2026-10-06,8046,南亞電路板,5.11,170000,股
2026-10-06,3653,健策精密工業,4.66,33000,股
2026-10-06,2308,台達電子工業,4.5,110000,股
2026-10-06,6223,旺矽科技,4.3,38000,股
2026-10-06,6669,緯穎科技服務,3.9,85260,股
2026-10-06,3665,貿聯控股,3.76,81000,股
2026-10-06,3037,欣興電子,3.61,138000,股
2026-10-06,2345,智邦科技,3.48,85000,股
2026-10-06,5274,信驊科技,3.33,8800,股
2026-10-06,3711,日月光投資控股,3.22,217000,股
2026-10-06,6274,台燿科技,2.38,68000,股
2026-10-06,C_NTD,CASH,2.37,118888191,元
2026-10-06,2360,致茂電子,2.3,49000,股
2026-10-06,7769,鴻勁,2.0,17000,股
2026-10-06,6515,穎崴科技,1.71,14000,股
2026-10-06,3443,創意電子,1.5,9000,股
2026-10-06,4958,臻鼎科技控股,1.49,130000,股
2026-10-06,6510,中華精測科技,1.22,20000,股
2026-10-06,6488,環球晶圓,1.2,50000,股
2026-10-06,2455,全新光電科技,1.14,101000,股
2026-10-06,2449,京元電子,1.02,170850,股
2026-10-06,2303,聯華電子,0.97,330000,股
2026-10-06,2368,金像電子,0.96,38000,股
2026-10-06,6213,聯茂電子,0.79,50000,股
2026-10-06,8150,南茂科技,0.76,300000,股
2026-10-06,3264,欣銓科技,0.75,152000,股
2026-10-06,3189,景碩科技,0.66,31000,股
2026-10-06,8996,高力熱處理工業,0.64,20000,股
2026-10-06,6187,萬潤科技,0.61,20000,股
2026-10-06,1326,台灣化學纖維,0.58,400000,股
2026-10-06,6715,嘉基科技,0.58,60000,股
2026-10-06,2059,川湖科技,0.52,2000,股
2026-10-06,M_NTD,MARGIN,0.47,23771854,元
2026-10-06,3131,弘塑科技,0.45,9000,股
2026-10-06,3450,聯鈞光電,0.42,40000,股
2026-10-06,6147,頎邦科技,0.41,94000,股
2026-10-06,8358,金居開發,0.38,35000,股
2026-10-06,1560,中國砂輪企業,0.31,15000,股
2026-10-06,2467,志聖工業,0.31,27000,股
2026-10-06,3529,力旺電子,0.31,5000,股
2026-10-06,2885,元大金融控股,0.16,112720,股
2026-10-06,3044,健鼎科技,0.12,10000,股
2026-10-06,2486,一詮精密工業,0.05,10000,股
2026-10-06,6805,富世達股份有限公司,0.05,1000,股
2026-10-06,8210,勤誠興業,0.05,3000,股
2026-10-06,6139,亞翔工程,0.02,1000,股
2026-10-06,6531,愛普科技,0.02,1000,股
2026-10-06,2313,華通電腦,0.01,1000,股
2026-10-06,2327,國巨*,0.01,1000,股
2026-10-06,2472,立隆電子工業,0.01,2000,股
2026-10-06,3023,信邦電子,0.01,1000,股
2026-10-06,3211,順達科技,0.01,1000,股
2026-10-06,5289,宜鼎國際,0.01,438,股
2026-10-06,6438,迅得機械,0.01,3000,股
2026-10-06,2344,華邦電子,0.0,1000,股
2026-10-06,RDI_NTD,RECEIVABLES FOR DISPOSAL OF INVESTMENTS,0.0,83239829,元
2026-10-07,2330,台灣積體電路製造,9.08,174000,股
2026-10-07,2383,台光電子材料,8.68,72000,股
2026-10-07,2454,聯發科技,7.25,74000,股
2026-10-07,3017,奇鋐科技,5.74,80000,股
2026-10-07,8046,南亞電路板,5.1,170000,股
2026-10-07,3653,健策精密工業,4.55,33000,股
2026-10-07,2308,台達電子工業,4.43,110000,股
2026-10-07,6223,旺矽科技,4.26,38000,股
2026-10-07,6669,緯穎科技服務,3.87,85260,股
2026-10-07,3665,貿聯控股,3.8,81000,股
2026-10-07,3037,欣興電子,3.65,138000,股
2026-10-07,2345,智邦科技,3.47,85000,股
2026-10-07,3711,日月光投資控股,3.22,217000,股
2026-10-07,5274,信驊科技,3.16,8800,股
2026-10-07,2360,致茂電子,2.38,49000,股
2026-10-07,6274,台燿科技,2.37,68000,股
2026-10-07,7769,鴻勁,2.03,17000,股
2026-10-07,C_NTD,CASH,1.98,97969442,元
2026-10-07,4958,臻鼎科技控股,1.57,130000,股
2026-10-07,6515,穎崴科技,1.57,14000,股
2026-10-07,3443,創意電子,1.54,9000,股
2026-10-07,6488,環球晶圓,1.23,50000,股
2026-10-07,6510,中華精測科技,1.22,20000,股
2026-10-07,2455,全新光電科技,1.14,101000,股
2026-10-07,2449,京元電子,1.04,170850,股
2026-10-07,2303,聯華電子,0.99,330000,股
2026-10-07,2368,金像電子,0.96,38000,股
2026-10-07,6213,聯茂電子,0.81,50000,股
2026-10-07,8150,南茂科技,0.78,300000,股
2026-10-07,3264,欣銓科技,0.77,152000,股
2026-10-07,3189,景碩科技,0.69,31000,股
2026-10-07,8996,高力熱處理工業,0.67,20000,股
2026-10-07,6187,萬潤科技,0.62,20000,股
2026-10-07,1326,台灣化學纖維,0.61,400000,股
2026-10-07,6715,嘉基科技,0.59,60000,股
2026-10-07,2059,川湖科技,0.48,2000,股
2026-10-07,M_NTD,MARGIN,0.48,23771854,元
2026-10-07,3131,弘塑科技,0.45,9000,股
2026-10-07,6147,頎邦科技,0.44,94000,股
2026-10-07,3450,聯鈞光電,0.43,40000,股
2026-10-07,8358,金居開發,0.39,35000,股
2026-10-07,1560,中國砂輪企業,0.31,15000,股
2026-10-07,2467,志聖工業,0.31,27000,股
2026-10-07,3529,力旺電子,0.31,5000,股
2026-10-07,2885,元大金融控股,0.16,112720,股
2026-10-07,3044,健鼎科技,0.12,10000,股
2026-10-07,2486,一詮精密工業,0.05,10000,股
2026-10-07,6805,富世達股份有限公司,0.05,1000,股
2026-10-07,8210,勤誠興業,0.05,3000,股
2026-10-07,6139,亞翔工程,0.02,1000,股
2026-10-07,6531,愛普科技,0.02,1000,股
2026-10-07,2327,國巨*,0.01,1000,股
2026-10-07,2472,立隆電子工業,0.01,2000,股
2026-10-07,3023,信邦電子,0.01,1000,股
2026-10-07,3211,順達科技,0.01,1000,股
2026-10-07,5289,宜鼎國際,0.01,438,股
2026-10-07,6438,迅得機械,0.01,3000,股
2026-10-07,2313,華通電腦,0.0,1000,股
2026-10-07,2344,華邦電子,0.0,1000,股
2026-10-07,RDI_NTD,RECEIVABLES FOR DISPOSAL OF INVESTMENTS,0.0,86032538,元
2026-10-08,2330,台灣積體電路製造,8.96,174000,股
2026-10-08,2383,台光電子材料,8.77,72000,股
2026-10-08,2454,聯發科技,7.04,74000,股
2026-10-08,3017,奇鋐科技,5.59,80000,股
2026-10-08,8046,南亞電路板,5.09,170000,股
2026-10-08,3653,健策精密工業,4.8,33000,股
2026-10-08,2308,台達電子工業,4.39,110000,股
2026-10-08,6223,旺矽科技,4.3,38000,股
2026-10-08,3665,貿聯控股,3.88,81000,股
2026-10-08,6669,緯穎科技服務,3.88,85260,股
2026-10-08,C_NTD,CASH,3.76,185219975,元
2026-10-08,2345,智邦科技,3.57,85000,股
2026-10-08,3037,欣興電子,3.56,138000,股
2026-10-08,3711,日月光投資控股,3.28,217000,股
2026-10-08,5274,信驊科技,3.12,8800,股
2026-10-08,6274,台燿科技,2.4,68000,股
2026-10-08,3443,創意電子,2.38,14000,股
2026-10-08,2360,致茂電子,2.32,49000,股
2026-10-08,7769,鴻勁,2.04,17000,股
2026-10-08,4958,臻鼎科技控股,1.56,130000,股
2026-10-08,6510,中華精測科技,1.55,23000,股
2026-10-08,6488,環球晶圓,1.15,50000,股
2026-10-08,2455,全新光電科技,1.14,101000,股
2026-10-08,2449,京元電子,1.06,170850,股
2026-10-08,2303,聯華電子,0.99,330000,股
2026-10-08,2368,金像電子,0.99,38000,股
2026-10-08,6213,聯茂電子,0.82,50000,股
2026-10-08,3264,欣銓科技,0.79,152000,股
2026-10-08,8150,南茂科技,0.78,300000,股
2026-10-08,8996,高力熱處理工業,0.69,20000,股
2026-10-08,3189,景碩科技,0.68,31000,股
2026-10-08,1326,台灣化學纖維,0.63,400000,股
2026-10-08,6187,萬潤科技,0.62,20000,股
2026-10-08,6515,穎崴科技,0.57,5000,股
2026-10-08,6715,嘉基科技,0.57,60000,股
2026-10-08,M_NTD,MARGIN,0.48,23771854,元
2026-10-08,3131,弘塑科技,0.45,9000,股
2026-10-08,2059,川湖科技,0.43,2000,股
2026-10-08,6147,頎邦科技,0.43,94000,股
2026-10-08,3450,聯鈞光電,0.42,40000,股
2026-10-08,8358,金居開發,0.38,35000,股
2026-10-08,1560,中國砂輪企業,0.31,15000,股
2026-10-08,2467,志聖工業,0.3,27000,股
2026-10-08,3529,力旺電子,0.3,5000,股
2026-10-08,2885,元大金融控股,0.16,112720,股
2026-10-08,3044,健鼎科技,0.12,10000,股
2026-10-08,2486,一詮精密工業,0.05,10000,股
2026-10-08,6805,富世達股份有限公司,0.05,1000,股
2026-10-08,8210,勤誠興業,0.05,3000,股
2026-10-08,6139,亞翔工程,0.02,1000,股
2026-10-08,6531,愛普科技,0.02,1000,股
2026-10-08,2313,華通電腦,0.01,1000,股
2026-10-08,2327,國巨*,0.01,1000,股
2026-10-08,2472,立隆電子工業,0.01,2000,股
2026-10-08,3023,信邦電子,0.01,1000,股
2026-10-08,3211,順達科技,0.01,1000,股
2026-10-08,5289,宜鼎國際,0.01,438,股
2026-10-08,6438,迅得機械,0.01,3000,股
2026-10-08,2344,華邦電子,0.0,1000,股
2026-10-08,RDI_NTD,RECEIVABLES FOR DISPOSAL OF INVESTMENTS,0.0,-1483806,元
