date,code,name,weight,shares,unit
2025-12-29,2330,台積電,8.54,466000,股
2025-12-29,3017,奇鋐,6.07,328000,股
2025-12-29,2383,台光電,5.34,266000,股
2025-12-29,8299,群聯,4.8,299000,股
2025-12-29,2308,台達電,4.76,413000,股
2025-12-29,3665,貿聯-KY,4.53,251000,股
2025-12-29,2345,智邦,4.34,298000,股
2025-12-29,6223,旺矽,3.95,148000,股
2025-12-29,2059,川湖,3.79,84000,股
2025-12-29,6669,緯穎,3.54,68000,股
2025-12-29,7769,鴻勁,3.08,76000,股
2025-12-29,6274,台燿,2.94,489000,股
2025-12-29,6515,穎崴,2.83,85000,股
2025-12-29,2360,致茂,2.61,279000,股
2025-12-29,6781,AES-KY,2.41,150000,股
2025-12-29,1519,華城,2.24,240000,股
2025-12-29,6805,富世達,2.17,112000,股
2025-12-29,3163,波若威,2.16,473000,股
2025-12-29,3324,雙鴻,2.09,171000,股
2025-12-29,8996,高力,2.07,300000,股
2025-12-29,3131,弘塑,2.03,113000,股
2025-12-29,2451,創見,1.98,900000,股
2025-12-29,3260,威剛,1.95,675000,股
2025-12-29,5536,聖暉*,1.86,200000,股
2025-12-29,2368,金像電,1.85,221000,股
2025-12-29,6584,南俊國際,1.82,451000,股
2025-12-29,2408,南亞科,1.78,786000,股
2025-12-29,8210,勤誠,1.75,148000,股
2025-12-29,6442,光聖,1.36,89000,股
2025-12-29,3529,力旺,1.24,60000,股
2025-12-29,2382,廣達,1.04,330000,股
2025-12-29,2344,華邦電,0.89,963000,股
2025-12-29,5289,宜鼎,0.87,141000,股
2025-12-29,3231,緯創,0.84,483000,股
2025-12-29,3037,欣興,0.79,300000,股
2025-12-29,2317,鴻海,0.73,263000,股
2025-12-29,3653,健策,0.33,10000,股
2025-12-29,3189,景碩,0.32,175000,股
2025-12-29,6531,愛普*,0.31,62000,股
2025-12-29,5439,高技,0.3,77000,股
2025-12-29,8046,南電,0.3,104000,股
2025-12-29,B903YQ,P11台電7B,,30000000,元
2025-12-29,B9A703,P13喬山1B,,20000000,元
2025-12-29,C_NTD,CASH,,1372797399,元
2025-12-29,RDI_NTD,RECEIVABLES FOR DISPOSAL OF INVESTMENTS,,-1300165450,元
2025-12-30,2330,台積電,8.22,519000,股
2025-12-30,3017,奇鋐,5.82,365000,股
2025-12-30,2383,台光電,5.07,296000,股
2025-12-30,8299,群聯,4.65,333000,股
2025-12-30,2308,台達電,4.61,460000,股
2025-12-30,3665,貿聯-KY,4.39,280000,股
2025-12-30,2345,智邦,4.12,332000,股
2025-12-30,2059,川湖,3.71,94000,股
2025-12-30,6223,旺矽,3.66,155000,股
2025-12-30,6669,緯穎,3.48,76000,股
2025-12-30,7769,鴻勁,3.0,84000,股
2025-12-30,6274,台燿,2.74,545000,股
2025-12-30,6515,穎崴,2.64,88000,股
2025-12-30,6781,AES-KY,2.36,166000,股
2025-12-30,3163,波若威,2.35,573000,股
2025-12-30,2360,致茂,2.3,279000,股
2025-12-30,1519,華城,2.15,267000,股
2025-12-30,6805,富世達,2.12,125000,股
2025-12-30,3260,威剛,2.04,751000,股
2025-12-30,3324,雙鴻,2.04,190000,股
2025-12-30,3131,弘塑,2.03,126000,股
2025-12-30,8996,高力,2.01,333000,股
2025-12-30,6584,南俊國際,1.93,531000,股
2025-12-30,5536,聖暉*,1.87,230000,股
2025-12-30,2451,創見,1.84,900000,股
2025-12-30,2368,金像電,1.77,246000,股
2025-12-30,2408,南亞科,1.77,875000,股
2025-12-30,8210,勤誠,1.72,165000,股
2025-12-30,6442,光聖,1.56,109000,股
2025-12-30,3529,力旺,1.23,67000,股
2025-12-30,2344,華邦電,0.93,1071000,股
2025-12-30,2382,廣達,0.9,330000,股
2025-12-30,5289,宜鼎,0.86,157000,股
2025-12-30,3231,緯創,0.82,538000,股
2025-12-30,3037,欣興,0.76,334000,股
2025-12-30,2317,鴻海,0.7,293000,股
2025-12-30,8046,南電,0.34,134000,股
2025-12-30,3653,健策,0.32,11000,股
2025-12-30,3189,景碩,0.3,195000,股
2025-12-30,5439,高技,0.3,91000,股
2025-12-30,6531,愛普*,0.29,62000,股
2025-12-30,B903YQ,P11台電7B,,30000000,元
2025-12-30,B9A703,P13喬山1B,,20000000,元
2025-12-30,C_NTD,CASH,,1628794677,元
2025-12-30,RDI_NTD,RECEIVABLES FOR DISPOSAL OF INVESTMENTS,,-1262962217,元
2025-12-31,2330,台積電,8.05,569000,股
2025-12-31,3017,奇鋐,5.05,366000,股
2025-12-31,8299,群聯,4.54,343000,股
2025-12-31,2383,台光電,4.46,297000,股
2025-12-31,2308,台達電,4.45,506000,股
2025-12-31,3665,貿聯-KY,4.27,308000,股
2025-12-31,2345,智邦,3.95,365000,股
2025-12-31,2059,川湖,3.53,103000,股
2025-12-31,6223,旺矽,3.51,171000,股
2025-12-31,6669,緯穎,3.44,84000,股
2025-12-31,7769,鴻勁,2.75,88000,股
2025-12-31,6274,台燿,2.71,600000,股
2025-12-31,6515,穎崴,2.52,97000,股
2025-12-31,3163,波若威,2.3,631000,股
2025-12-31,6781,AES-KY,2.22,183000,股
2025-12-31,2360,致茂,2.17,307000,股
2025-12-31,3324,雙鴻,2.12,230000,股
2025-12-31,3260,威剛,2.11,826000,股
2025-12-31,1519,華城,2.05,294000,股
2025-12-31,6805,富世達,2.05,138000,股
2025-12-31,3131,弘塑,1.98,139000,股
2025-12-31,8996,高力,1.94,366000,股
2025-12-31,6584,南俊國際,1.85,584000,股
2025-12-31,5536,聖暉*,1.8,253000,股
2025-12-31,2368,金像電,1.7,271000,股
2025-12-31,2451,創見,1.7,950000,股
2025-12-31,2408,南亞科,1.68,955000,股
2025-12-31,8210,勤誠,1.67,182000,股
2025-12-31,6442,光聖,1.54,124000,股
2025-12-31,3529,力旺,1.17,74000,股
2025-12-31,2449,京元電子,0.99,440000,股
2025-12-31,3661,世芯-KY,0.96,30000,股
2025-12-31,2382,廣達,0.9,363000,股
2025-12-31,5289,宜鼎,0.83,158000,股
2025-12-31,2344,華邦電,0.81,1079000,股
2025-12-31,3231,緯創,0.81,592000,股
2025-12-31,3037,欣興,0.74,368000,股
2025-12-31,2317,鴻海,0.68,323000,股
2025-12-31,5274,信驊,0.6,9000,股
2025-12-31,3443,創意,0.49,25000,股
2025-12-31,6531,愛普*,0.34,83000,股
2025-12-31,8046,南電,0.32,147000,股
2025-12-31,3189,景碩,0.31,215000,股
2025-12-31,3653,健策,0.3,12000,股
2025-12-31,5439,高技,0.3,103000,股
2025-12-31,B903YQ,P11台電7B,,30003502,元
2025-12-31,B9A703,P13喬山1B,,20000000,元
2025-12-31,C_NTD,CASH,,2560660003,元
2025-12-31,RDI_NTD,RECEIVABLES FOR DISPOSAL OF INVESTMENTS,,-2021428326,元
2026-01-02,2330,台積電,8.09,569000,股
2026-01-02,3017,奇鋐,4.78,366000,股
2026-01-02,2308,台達電,4.52,506000,股
2026-01-02,8299,群聯,4.45,343000,股
2026-01-02,2383,台光電,4.24,297000,股
2026-01-02,3665,貿聯-KY,4.21,308000,股
2026-01-02,2059,川湖,4.13,133000,股
2026-01-02,2345,智邦,3.62,353000,股
2026-01-02,6223,旺矽,3.47,171000,股
2026-01-02,6669,緯穎,3.38,84000,股
2026-01-02,7769,鴻勁,2.71,88000,股
2026-01-02,6274,台燿,2.59,600000,股
2026-01-02,6515,穎崴,2.52,97000,股
2026-01-02,3163,波若威,2.37,631000,股
2026-01-02,2360,致茂,2.19,307000,股
2026-01-02,6781,AES-KY,2.13,183000,股
2026-01-02,3260,威剛,2.08,826000,股
2026-01-02,3324,雙鴻,2.06,230000,股
2026-01-02,3131,弘塑,2.0,139000,股
2026-01-02,1519,華城,1.96,294000,股
2026-01-02,6805,富世達,1.9,138000,股
2026-01-02,8996,高力,1.87,366000,股
2026-01-02,8358,金居,1.82,700000,股
2026-01-02,2408,南亞科,1.77,955000,股
2026-01-02,2451,創見,1.73,950000,股
2026-01-02,5536,聖暉*,1.73,253000,股
2026-01-02,6584,南俊國際,1.71,584000,股
2026-01-02,2368,金像電,1.56,271000,股
2026-01-02,8210,勤誠,1.56,182000,股
2026-01-02,6442,光聖,1.53,124000,股
2026-01-02,3529,力旺,1.14,74000,股
2026-01-02,4749,新應材,1.11,132000,股
2026-01-02,2449,京元電子,1.06,440000,股
2026-01-02,3661,世芯-KY,0.98,30000,股
2026-01-02,6531,愛普*,0.96,233000,股
2026-01-02,2382,廣達,0.9,363000,股
2026-01-02,2344,華邦電,0.88,1079000,股
2026-01-02,5289,宜鼎,0.84,158000,股
2026-01-02,3231,緯創,0.82,592000,股
2026-01-02,3037,欣興,0.72,367000,股
2026-01-02,2317,鴻海,0.67,323000,股
2026-01-02,5274,信驊,0.59,9000,股
2026-01-02,3443,創意,0.49,25000,股
2026-01-02,5439,高技,0.34,123000,股
2026-01-02,3653,健策,0.33,14000,股
2026-01-02,8046,南電,0.31,147000,股
2026-01-02,3189,景碩,0.3,215000,股
2026-01-02,B903YQ,P11台電7B,,30003502,元
2026-01-02,B9A703,P13喬山1B,,20000000,元
2026-01-02,C_NTD,CASH,,1901160798,元
2026-01-02,RDI_NTD,RECEIVABLES FOR DISPOSAL OF INVESTMENTS,,-1623568586,元
2026-01-05,2330,台積電,8.47,569000,股
2026-01-05,3017,奇鋐,4.73,366000,股
2026-01-05,2308,台達電,4.55,506000,股
2026-01-05,8299,群聯,4.49,343000,股
2026-01-05,3665,貿聯-KY,4.32,308000,股
2026-01-05,2383,台光電,4.29,297000,股
2026-01-05,2059,川湖,3.8,133000,股
2026-01-05,2345,智邦,3.73,353000,股
2026-01-05,6669,緯穎,3.4,84000,股
2026-01-05,6223,旺矽,3.28,171000,股
2026-01-05,6515,穎崴,2.64,97000,股
2026-01-05,7769,鴻勁,2.62,88000,股
2026-01-05,6274,台燿,2.54,600000,股
2026-01-05,3163,波若威,2.23,631000,股
2026-01-05,2360,致茂,2.22,307000,股
2026-01-05,3131,弘塑,2.19,139000,股
2026-01-05,3260,威剛,2.13,826000,股
2026-01-05,6781,AES-KY,2.1,183000,股
2026-01-05,3324,雙鴻,2.06,230000,股
2026-01-05,1519,華城,1.93,294000,股
2026-01-05,8996,高力,1.88,366000,股
2026-01-05,6805,富世達,1.83,138000,股
2026-01-05,5536,聖暉*,1.79,253000,股
2026-01-05,2408,南亞科,1.77,955000,股
2026-01-05,2451,創見,1.75,950000,股
2026-01-05,8358,金居,1.7,700000,股
2026-01-05,6584,南俊國際,1.68,584000,股
2026-01-05,8210,勤誠,1.55,182000,股
2026-01-05,2368,金像電,1.53,271000,股
2026-01-05,6442,光聖,1.46,124000,股
2026-01-05,4749,新應材,1.13,132000,股
2026-01-05,3529,力旺,1.09,74000,股
2026-01-05,2449,京元電子,1.03,440000,股
2026-01-05,6531,愛普*,0.99,233000,股
2026-01-05,3661,世芯-KY,0.98,30000,股
2026-01-05,2344,華邦電,0.92,1079000,股
2026-01-05,2382,廣達,0.9,363000,股
2026-01-05,5289,宜鼎,0.83,158000,股
2026-01-05,3231,緯創,0.82,592000,股
2026-01-05,8021,尖點,0.81,500000,股
2026-01-05,3037,欣興,0.75,367000,股
2026-01-05,2317,鴻海,0.67,323000,股
2026-01-05,5274,信驊,0.57,9000,股
2026-01-05,3443,創意,0.52,25000,股
2026-01-05,5439,高技,0.33,123000,股
2026-01-05,3189,景碩,0.32,215000,股
2026-01-05,3653,健策,0.32,14000,股
2026-01-05,8046,南電,0.32,147000,股
2026-01-05,B903YQ,P11台電7B,,30012442,元
2026-01-05,B9A703,P13喬山1B,,20000000,元
2026-01-05,C_NTD,CASH,,772794473,元
2026-01-05,RDI_NTD,RECEIVABLES FOR DISPOSAL OF INVESTMENTS,,-592202028,元
2026-01-06,2330,台積電,8.52,569000,股
2026-01-06,8299,群聯,4.86,343000,股
2026-01-06,2308,台達電,4.66,506000,股
2026-01-06,3017,奇鋐,4.58,366000,股
2026-01-06,2383,台光電,4.42,297000,股
2026-01-06,3665,貿聯-KY,4.26,308000,股
2026-01-06,2345,智邦,3.84,353000,股
2026-01-06,2059,川湖,3.66,130000,股
2026-01-06,6669,緯穎,3.4,84000,股
2026-01-06,6223,旺矽,3.23,171000,股
2026-01-06,6515,穎崴,2.67,97000,股
2026-01-06,7769,鴻勁,2.52,88000,股
2026-01-06,6274,台燿,2.5,597000,股
2026-01-06,2360,致茂,2.31,307000,股
2026-01-06,3131,弘塑,2.15,139000,股
2026-01-06,3163,波若威,2.12,631000,股
2026-01-06,6781,AES-KY,2.11,182000,股
2026-01-06,3260,威剛,2.1,826000,股
2026-01-06,3324,雙鴻,2.03,230000,股
2026-01-06,2408,南亞科,1.91,950000,股
2026-01-06,1519,華城,1.89,292000,股
2026-01-06,8996,高力,1.87,366000,股
2026-01-06,5536,聖暉*,1.82,253000,股
2026-01-06,2451,創見,1.8,945000,股
2026-01-06,6584,南俊國際,1.75,584000,股
2026-01-06,8358,金居,1.67,696000,股
2026-01-06,6805,富世達,1.65,128000,股
2026-01-06,2368,金像電,1.58,271000,股
2026-01-06,6442,光聖,1.42,124000,股
2026-01-06,8210,勤誠,1.41,162000,股
2026-01-06,3529,力旺,1.12,74000,股
2026-01-06,4749,新應材,1.12,132000,股
2026-01-06,2449,京元電子,1.03,438000,股
2026-01-06,2344,華邦電,0.99,1079000,股
2026-01-06,3661,世芯-KY,0.98,30000,股
2026-01-06,6531,愛普*,0.98,233000,股
2026-01-06,5289,宜鼎,0.87,158000,股
2026-01-06,8021,尖點,0.81,500000,股
2026-01-06,3231,緯創,0.8,589000,股
2026-01-06,3037,欣興,0.74,365000,股
2026-01-06,2317,鴻海,0.67,323000,股
2026-01-06,5274,信驊,0.57,9000,股
2026-01-06,3443,創意,0.55,25000,股
2026-01-06,2382,廣達,0.53,213000,股
2026-01-06,5439,高技,0.35,123000,股
2026-01-06,3189,景碩,0.32,215000,股
2026-01-06,3653,健策,0.32,14000,股
2026-01-06,8046,南電,0.32,147000,股
2026-01-06,B903YQ,P11台電7B,,30012442,元
2026-01-06,B9A703,P13喬山1B,,20000000,元
2026-01-06,C_NTD,CASH,,272963488,元
2026-01-06,PFUR_NTD,PAYABLES FOR UNITS REDEEMED,,-63642180,元
2026-01-06,RDI_NTD,RECEIVABLES FOR DISPOSAL OF INVESTMENTS,,2310543,元
2026-01-07,2330,台積電,8.42,569000,股
2026-01-07,8299,群聯,5.07,343000,股
2026-01-07,2308,台達電,4.6,506000,股
2026-01-07,3017,奇鋐,4.44,366000,股
2026-01-07,2383,台光電,4.14,297000,股
2026-01-07,3665,貿聯-KY,3.89,308000,股
2026-01-07,2345,智邦,3.76,353000,股
2026-01-07,2059,川湖,3.74,130000,股
2026-01-07,6669,緯穎,3.46,84000,股
2026-01-07,6223,旺矽,3.25,171000,股
2026-01-07,6515,穎崴,2.83,97000,股
2026-01-07,7769,鴻勁,2.58,88000,股
2026-01-07,2360,致茂,2.5,307000,股
2026-01-07,6274,台燿,2.45,597000,股
2026-01-07,3131,弘塑,2.24,139000,股
2026-01-07,3260,威剛,2.12,826000,股
2026-01-07,3163,波若威,2.1,631000,股
2026-01-07,6781,AES-KY,2.04,182000,股
2026-01-07,2408,南亞科,2.02,950000,股
2026-01-07,2451,創見,1.99,945000,股
2026-01-07,3324,雙鴻,1.99,230000,股
2026-01-07,1519,華城,1.95,292000,股
2026-01-07,8996,高力,1.84,366000,股
2026-01-07,5536,聖暉*,1.79,253000,股
2026-01-07,6584,南俊國際,1.75,584000,股
2026-01-07,8358,金居,1.63,696000,股
2026-01-07,6805,富世達,1.59,128000,股
2026-01-07,2368,金像電,1.54,271000,股
2026-01-07,6442,光聖,1.42,124000,股
2026-01-07,8210,勤誠,1.39,162000,股
2026-01-07,3529,力旺,1.16,74000,股
2026-01-07,4749,新應材,1.11,132000,股
2026-01-07,2449,京元電子,1.03,438000,股
2026-01-07,2344,華邦電,1.01,1079000,股
2026-01-07,3661,世芯-KY,0.97,30000,股
2026-01-07,6531,愛普*,0.94,233000,股
2026-01-07,5289,宜鼎,0.91,158000,股
2026-01-07,8021,尖點,0.85,500000,股
2026-01-07,3231,緯創,0.82,589000,股
2026-01-07,3037,欣興,0.73,365000,股
2026-01-07,2317,鴻海,0.68,323000,股
2026-01-07,5274,信驊,0.59,9000,股
2026-01-07,3443,創意,0.55,25000,股
2026-01-07,2382,廣達,0.53,213000,股
2026-01-07,5439,高技,0.34,123000,股
2026-01-07,3189,景碩,0.33,215000,股
2026-01-07,3653,健策,0.31,14000,股
2026-01-07,8046,南電,0.31,147000,股
2026-01-07,B903YQ,P11台電7B,,30015945,元
2026-01-07,B99702,P12台壽1A,,20000000,元
2026-01-07,C_NTD,CASH,,180590721,元
2026-01-07,PFUR_NTD,PAYABLES FOR UNITS REDEEMED,,-63642180,元
2026-01-07,RDI_NTD,RECEIVABLES FOR DISPOSAL OF INVESTMENTS,,94683310,元
2026-01-08,2330,台積電,8.54,569000,股
2026-01-08,8299,群聯,5.2,343000,股
2026-01-08,2308,台達電,4.55,506000,股
2026-01-08,3017,奇鋐,4.42,366000,股
2026-01-08,2345,智邦,3.98,353000,股
2026-01-08,3665,貿聯-KY,3.87,308000,股
2026-01-08,2059,川湖,3.65,130000,股
2026-01-08,6669,緯穎,3.48,84000,股
2026-01-08,6223,旺矽,3.23,171000,股
2026-01-08,2383,台光電,3.19,232000,股
2026-01-08,6515,穎崴,2.74,97000,股
2026-01-08,2360,致茂,2.53,307000,股
2026-01-08,6274,台燿,2.48,597000,股
2026-01-08,7769,鴻勁,2.45,88000,股
2026-01-08,3131,弘塑,2.27,139000,股
2026-01-08,2451,創見,2.17,945000,股
2026-01-08,3163,波若威,2.1,631000,股
2026-01-08,3260,威剛,2.1,826000,股
2026-01-08,2408,南亞科,2.04,950000,股
2026-01-08,6781,AES-KY,2.04,182000,股
2026-01-08,3324,雙鴻,1.94,230000,股
2026-01-08,1519,華城,1.91,292000,股
2026-01-08,8996,高力,1.88,366000,股
2026-01-08,6584,南俊國際,1.68,584000,股
2026-01-08,5536,聖暉*,1.67,238000,股
2026-01-08,8358,金居,1.58,696000,股
2026-01-08,2368,金像電,1.53,271000,股
2026-01-08,6442,光聖,1.47,124000,股
2026-01-08,8210,勤誠,1.33,162000,股
2026-01-08,3529,力旺,1.1,74000,股
2026-01-08,4749,新應材,1.07,132000,股
2026-01-08,2344,華邦電,1.04,1079000,股
2026-01-08,2449,京元電子,1.03,438000,股
2026-01-08,3661,世芯-KY,0.96,30000,股
2026-01-08,6531,愛普*,0.94,233000,股
2026-01-08,5289,宜鼎,0.91,158000,股
2026-01-08,8021,尖點,0.87,500000,股
2026-01-08,3231,緯創,0.79,589000,股
2026-01-08,3037,欣興,0.74,365000,股
2026-01-08,6805,富世達,0.68,56000,股
2026-01-08,2317,鴻海,0.66,323000,股
2026-01-08,5274,信驊,0.61,9000,股
2026-01-08,3443,創意,0.55,25000,股
2026-01-08,2382,廣達,0.52,213000,股
2026-01-08,5439,高技,0.34,123000,股
2026-01-08,3189,景碩,0.32,215000,股
2026-01-08,8046,南電,0.31,147000,股
2026-01-08,3653,健策,0.3,14000,股
2026-01-08,B903YQ,P11台電7B,,30015945,元
2026-01-08,B99702,P12台壽1A,,20000000,元
2026-01-08,C_NTD,CASH,,275274031,元
2026-01-08,PFUR_NTD,PAYABLES FOR UNITS REDEEMED,,-63642180,元
2026-01-08,RDI_NTD,RECEIVABLES FOR DISPOSAL OF INVESTMENTS,,212864702,元
2026-01-09,2330,台積電,8.52,569000,股
2026-01-09,8299,群聯,4.98,343000,股
2026-01-09,2308,台達電,4.58,506000,股
2026-01-09,3017,奇鋐,4.48,366000,股
2026-01-09,3665,貿聯-KY,3.91,308000,股
2026-01-09,2059,川湖,3.84,130000,股
2026-01-09,2345,智邦,3.82,353000,股
2026-01-09,6223,旺矽,3.4,171000,股
2026-01-09,2383,台光電,3.24,232000,股
2026-01-09,6669,緯穎,3.17,84000,股
2026-01-09,6515,穎崴,3.02,97000,股
2026-01-09,7769,鴻勁,2.58,88000,股
2026-01-09,2360,致茂,2.52,307000,股
2026-01-09,6274,台燿,2.48,597000,股
2026-01-09,3131,弘塑,2.22,139000,股
2026-01-09,3163,波若威,2.09,631000,股
2026-01-09,8996,高力,2.07,366000,股
2026-01-09,6781,AES-KY,2.06,182000,股
2026-01-09,1519,華城,2.05,292000,股
2026-01-09,2451,創見,2.03,945000,股
2026-01-09,3324,雙鴻,1.98,230000,股
2026-01-09,3260,威剛,1.9,826000,股
2026-01-09,2408,南亞科,1.84,950000,股
2026-01-09,5536,聖暉*,1.63,238000,股
2026-01-09,8358,金居,1.6,696000,股
2026-01-09,6442,光聖,1.55,124000,股
2026-01-09,2368,金像電,1.54,271000,股
2026-01-09,8210,勤誠,1.31,162000,股
2026-01-09,3529,力旺,1.09,74000,股
2026-01-09,4749,新應材,1.08,132000,股
2026-01-09,2449,京元電子,1.03,438000,股
2026-01-09,6531,愛普*,1.0,233000,股
2026-01-09,5347,世界,0.97,1000000,股
2026-01-09,8021,尖點,0.96,500000,股
2026-01-09,3661,世芯-KY,0.95,30000,股
2026-01-09,2344,華邦電,0.94,1079000,股
2026-01-09,5289,宜鼎,0.87,158000,股
2026-01-09,3037,欣興,0.73,365000,股
2026-01-09,6805,富世達,0.68,56000,股
2026-01-09,2317,鴻海,0.66,323000,股
2026-01-09,5274,信驊,0.61,9000,股
2026-01-09,2382,廣達,0.54,213000,股
2026-01-09,3443,創意,0.53,25000,股
2026-01-09,5439,高技,0.34,123000,股
2026-01-09,3189,景碩,0.32,215000,股
2026-01-09,3653,健策,0.32,14000,股
2026-01-09,8046,南電,0.32,147000,股
2026-01-09,6584,南俊國際,0.29,104000,股
2026-01-09,2327,國巨*,0.15,68000,股
2026-01-09,B618CF,P10台積3A,,50000000,元
2026-01-09,B903YQ,P11台電7B,,30019448,元
2026-01-09,B99702,P12台壽1A,,20000000,元
2026-01-09,C_NTD,CASH,,161631851,元
2026-01-09,RDI_NTD,RECEIVABLES FOR DISPOSAL OF INVESTMENTS,,326512955,元
2026-01-12,2330,台積電,8.62,565000,股
2026-01-12,8299,群聯,5.46,341000,股
2026-01-12,2308,台達電,4.78,502000,股
2026-01-12,3017,奇鋐,4.43,362000,股
2026-01-12,2059,川湖,3.92,129000,股
2026-01-12,3665,貿聯-KY,3.84,305000,股
2026-01-12,2345,智邦,3.81,350000,股
2026-01-12,6223,旺矽,3.37,170000,股
2026-01-12,2383,台光電,3.33,229000,股
2026-01-12,6669,緯穎,3.07,83000,股
2026-01-12,6515,穎崴,3.04,97000,股
2026-01-12,7769,鴻勁,2.74,88000,股
2026-01-12,2360,致茂,2.64,307000,股
2026-01-12,6274,台燿,2.54,592000,股
2026-01-12,8996,高力,2.3,366000,股
2026-01-12,3131,弘塑,2.29,139000,股
2026-01-12,5347,世界,2.23,2073000,股
2026-01-12,1519,華城,2.15,292000,股
2026-01-12,6781,AES-KY,2.13,182000,股
2026-01-12,3661,世芯-KY,2.06,63000,股
2026-01-12,2408,南亞科,2.05,950000,股
2026-01-12,2451,創見,2.02,945000,股
2026-01-12,3163,波若威,2.02,625000,股
2026-01-12,3260,威剛,2.02,819000,股
2026-01-12,5536,聖暉*,1.7,238000,股
2026-01-12,2368,金像電,1.62,269000,股
2026-01-12,8358,金居,1.61,696000,股
2026-01-12,6442,光聖,1.58,124000,股
2026-01-12,8210,勤誠,1.33,162000,股
2026-01-12,2327,國巨*,1.31,585000,股
2026-01-12,3324,雙鴻,1.13,130000,股
2026-01-12,3529,力旺,1.12,73000,股
2026-01-12,4749,新應材,1.11,132000,股
2026-01-12,2449,京元電子,1.07,438000,股
2026-01-12,2344,華邦電,0.99,1079000,股
2026-01-12,6531,愛普*,0.99,233000,股
2026-01-12,8021,尖點,0.98,500000,股
2026-01-12,5289,宜鼎,0.89,157000,股
2026-01-12,3037,欣興,0.8,365000,股
2026-01-12,2317,鴻海,0.66,320000,股
2026-01-12,6805,富世達,0.66,55000,股
2026-01-12,5274,信驊,0.65,9000,股
2026-01-12,3443,創意,0.55,25000,股
2026-01-12,2382,廣達,0.54,213000,股
2026-01-12,3189,景碩,0.35,213000,股
2026-01-12,5439,高技,0.35,122000,股
2026-01-12,8046,南電,0.34,147000,股
2026-01-12,3653,健策,0.32,14000,股
2026-01-12,6584,南俊國際,0.3,104000,股
2026-01-12,B618CF,P10台積3A,,50000000,元
2026-01-12,B903YQ,P11台電7B,,30019448,元
2026-01-12,B99702,P12台壽1A,,20000000,元
2026-01-12,C_NTD,CASH,,374496553,元
2026-01-12,PFUR_NTD,PAYABLES FOR UNITS REDEEMED,,-340495296,元
2026-01-12,RDI_NTD,RECEIVABLES FOR DISPOSAL OF INVESTMENTS,,-107329275,元
2026-01-13,2330,台積電,8.74,565000,股
2026-01-13,8299,群聯,5.46,341000,股
2026-01-13,2308,台達電,4.68,502000,股
2026-01-13,3017,奇鋐,4.4,362000,股
2026-01-13,3665,貿聯-KY,3.92,305000,股
2026-01-13,2059,川湖,3.86,129000,股
2026-01-13,2345,智邦,3.74,350000,股
2026-01-13,6223,旺矽,3.5,170000,股
2026-01-13,2383,台光電,3.39,229000,股
2026-01-13,6515,穎崴,3.03,97000,股
2026-01-13,6669,緯穎,2.93,83000,股
2026-01-13,7769,鴻勁,2.75,88000,股
2026-01-13,2360,致茂,2.73,307000,股
2026-01-13,8996,高力,2.5,366000,股
2026-01-13,3131,弘塑,2.24,139000,股
2026-01-13,5347,世界,2.2,2073000,股
2026-01-13,1519,華城,2.14,292000,股
2026-01-13,3661,世芯-KY,2.09,63000,股
2026-01-13,2451,創見,2.05,945000,股
2026-01-13,6781,AES-KY,2.05,182000,股
2026-01-13,2408,南亞科,1.98,950000,股
2026-01-13,3260,威剛,1.98,819000,股
2026-01-13,3163,波若威,1.93,625000,股
2026-01-13,5536,聖暉*,1.75,238000,股
2026-01-13,2368,金像電,1.59,269000,股
2026-01-13,8358,金居,1.59,696000,股
2026-01-13,6442,光聖,1.5,124000,股
2026-01-13,8210,勤誠,1.4,162000,股
2026-01-13,2327,國巨*,1.38,585000,股
2026-01-13,3529,力旺,1.11,73000,股
2026-01-13,4749,新應材,1.1,132000,股
2026-01-13,2449,京元電子,1.07,438000,股
2026-01-13,6531,愛普*,1.0,233000,股
2026-01-13,2344,華邦電,0.97,1079000,股
2026-01-13,8021,尖點,0.95,500000,股
2026-01-13,5289,宜鼎,0.92,157000,股
2026-01-13,3037,欣興,0.84,365000,股
2026-01-13,2317,鴻海,0.66,320000,股
2026-01-13,5274,信驊,0.65,9000,股
2026-01-13,6805,富世達,0.64,55000,股
2026-01-13,3443,創意,0.55,25000,股
2026-01-13,2382,廣達,0.54,213000,股
2026-01-13,8046,南電,0.36,147000,股
2026-01-13,3189,景碩,0.34,213000,股
2026-01-13,3324,雙鴻,0.34,40000,股
2026-01-13,5439,高技,0.34,122000,股
2026-01-13,3653,健策,0.3,14000,股
2026-01-13,6584,南俊國際,0.29,104000,股
2026-01-13,B903YQ,P11台電7B,,30019448,元
2026-01-13,B99702,P12台壽1A,,20000000,元
2026-01-13,C_NTD,CASH,,538151612,元
2026-01-13,PFUR_NTD,PAYABLES FOR UNITS REDEEMED,,-340495296,元
2026-01-13,RDI_NTD,RECEIVABLES FOR DISPOSAL OF INVESTMENTS,,145421672,元
2026-01-14,2330,台積電,8.55,556000,股
2026-01-14,2308,台達電,4.71,494000,股
2026-01-14,3017,奇鋐,4.52,354000,股
2026-01-14,8299,群聯,4.34,272000,股
2026-01-14,3665,貿聯-KY,4.02,299000,股
2026-01-14,2059,川湖,3.82,127000,股
2026-01-14,2345,智邦,3.75,343000,股
2026-01-14,6223,旺矽,3.52,167000,股
2026-01-14,2383,台光電,3.35,223000,股
2026-01-14,6515,穎崴,3.05,97000,股
2026-01-14,6669,緯穎,2.89,81000,股
2026-01-14,7769,鴻勁,2.77,88000,股
2026-01-14,2360,致茂,2.73,307000,股
2026-01-14,8996,高力,2.46,366000,股
2026-01-14,1519,華城,2.35,292000,股
2026-01-14,5347,世界,2.31,2073000,股
2026-01-14,3131,弘塑,2.3,139000,股
2026-01-14,2451,創見,2.04,945000,股
2026-01-14,2408,南亞科,2.02,950000,股
2026-01-14,3163,波若威,2.0,612000,股
2026-01-14,3260,威剛,1.98,804000,股
2026-01-14,6781,AES-KY,1.97,182000,股
2026-01-14,3661,世芯-KY,1.93,62000,股
2026-01-14,5536,聖暉*,1.72,238000,股
2026-01-14,5274,信驊,1.67,23000,股
2026-01-14,8358,金居,1.63,696000,股
2026-01-14,2368,金像電,1.61,264000,股
2026-01-14,6442,光聖,1.52,124000,股
2026-01-14,2327,國巨*,1.47,585000,股
2026-01-14,8210,勤誠,1.43,162000,股
2026-01-14,3529,力旺,1.09,72000,股
2026-01-14,4749,新應材,1.08,132000,股
2026-01-14,2449,京元電子,1.07,438000,股
2026-01-14,6531,愛普*,0.98,233000,股
2026-01-14,2344,華邦電,0.97,1079000,股
2026-01-14,8021,尖點,0.96,500000,股
2026-01-14,5289,宜鼎,0.89,154000,股
2026-01-14,3037,欣興,0.82,365000,股
2026-01-14,2317,鴻海,0.66,314000,股
2026-01-14,6805,富世達,0.61,52000,股
2026-01-14,2382,廣達,0.55,213000,股
2026-01-14,3443,創意,0.52,24000,股
2026-01-14,3324,雙鴻,0.36,40000,股
2026-01-14,8046,南電,0.35,147000,股
2026-01-14,5439,高技,0.33,120000,股
2026-01-14,3189,景碩,0.32,209000,股
2026-01-14,3653,健策,0.31,14000,股
2026-01-14,6584,南俊國際,0.29,104000,股
2026-01-14,C_NTD,CASH,,367202289,元
2026-01-14,PFUR_NTD,PAYABLES FOR UNITS REDEEMED,,-470078880,元
2026-01-14,RDI_NTD,RECEIVABLES FOR DISPOSAL OF INVESTMENTS,,484612973,元
2026-01-15,2330,台積電,8.53,556000,股
2026-01-15,2345,智邦,4.88,433000,股
2026-01-15,2308,台達電,4.69,494000,股
2026-01-15,3017,奇鋐,4.44,354000,股
2026-01-15,8299,群聯,4.43,272000,股
2026-01-15,3665,貿聯-KY,3.99,299000,股
2026-01-15,2059,川湖,3.92,127000,股
2026-01-15,6223,旺矽,3.38,167000,股
2026-01-15,2383,台光電,3.18,223000,股
2026-01-15,6515,穎崴,3.04,97000,股
2026-01-15,6669,緯穎,2.9,81000,股
2026-01-15,7769,鴻勁,2.77,88000,股
2026-01-15,2360,致茂,2.69,307000,股
2026-01-15,1519,華城,2.41,292000,股
2026-01-15,5347,世界,2.39,2073000,股
2026-01-15,8996,高力,2.35,366000,股
2026-01-15,3131,弘塑,2.25,139000,股
2026-01-15,2408,南亞科,2.05,950000,股
2026-01-15,2451,創見,2.04,945000,股
2026-01-15,3260,威剛,2.04,804000,股
2026-01-15,3163,波若威,2.03,612000,股
2026-01-15,6781,AES-KY,1.93,182000,股
2026-01-15,3661,世芯-KY,1.87,62000,股
2026-01-15,5274,信驊,1.83,23000,股
2026-01-15,5536,聖暉*,1.74,238000,股
2026-01-15,8358,金居,1.69,696000,股
2026-01-15,2368,金像電,1.6,264000,股
2026-01-15,6442,光聖,1.49,124000,股
2026-01-15,2327,國巨*,1.45,585000,股
2026-01-15,8210,勤誠,1.37,162000,股
2026-01-15,3529,力旺,1.1,72000,股
2026-01-15,4749,新應材,1.09,132000,股
2026-01-15,2449,京元電子,1.06,438000,股
2026-01-15,8021,尖點,1.01,500000,股
2026-01-15,6531,愛普*,0.99,233000,股
2026-01-15,2344,華邦電,0.97,1079000,股
2026-01-15,5289,宜鼎,0.9,154000,股
2026-01-15,3037,欣興,0.83,365000,股
2026-01-15,2317,鴻海,0.67,314000,股
2026-01-15,6805,富世達,0.6,52000,股
2026-01-15,3443,創意,0.55,24000,股
2026-01-15,3324,雙鴻,0.35,40000,股
2026-01-15,8046,南電,0.35,147000,股
2026-01-15,5439,高技,0.34,120000,股
2026-01-15,3189,景碩,0.33,209000,股
2026-01-15,3653,健策,0.3,14000,股
2026-01-15,6584,南俊國際,0.29,104000,股
2026-01-15,B402BK,P12台塑1A,,50000000,元
2026-01-15,C_NTD,CASH,,343106193,元
2026-01-15,PFUR_NTD,PAYABLES FOR UNITS REDEEMED,,-140287394,元
2026-01-15,RDI_NTD,RECEIVABLES FOR DISPOSAL OF INVESTMENTS,,64698007,元
2026-01-16,2330,台積電,8.69,556000,股
2026-01-16,2308,台達電,4.99,494000,股
2026-01-16,2345,智邦,4.78,433000,股
2026-01-16,8299,群聯,4.62,272000,股
2026-01-16,3017,奇鋐,4.02,329000,股
2026-01-16,2059,川湖,3.89,127000,股
2026-01-16,3665,貿聯-KY,3.76,299000,股
2026-01-16,6223,旺矽,3.45,167000,股
2026-01-16,6515,穎崴,3.05,96000,股
2026-01-16,2383,台光電,2.92,200000,股
2026-01-16,7769,鴻勁,2.76,87000,股
2026-01-16,2360,致茂,2.73,307000,股
2026-01-16,5347,世界,2.58,2060000,股
2026-01-16,1519,華城,2.5,289000,股
2026-01-16,8996,高力,2.21,362000,股
2026-01-16,3131,弘塑,2.17,135000,股
2026-01-16,2408,南亞科,2.13,950000,股
2026-01-16,2451,創見,2.13,934000,股
2026-01-16,3260,威剛,2.13,804000,股
2026-01-16,6669,緯穎,2.09,61000,股
2026-01-16,3163,波若威,1.98,612000,股
2026-01-16,6781,AES-KY,1.91,179000,股
2026-01-16,3661,世芯-KY,1.86,62000,股
2026-01-16,4749,新應材,1.83,228000,股
2026-01-16,5274,信驊,1.8,23000,股
2026-01-16,8358,金居,1.7,696000,股
2026-01-16,5536,聖暉*,1.66,234000,股
2026-01-16,2368,金像電,1.6,264000,股
2026-01-16,2327,國巨*,1.48,583000,股
2026-01-16,6442,光聖,1.4,124000,股
2026-01-16,8210,勤誠,1.35,162000,股
2026-01-16,3529,力旺,1.07,71000,股
2026-01-16,2449,京元電子,1.06,432000,股
2026-01-16,2344,華邦電,1.03,1079000,股
2026-01-16,6531,愛普*,1.01,233000,股
2026-01-16,8021,尖點,0.98,492000,股
2026-01-16,5289,宜鼎,0.94,154000,股
2026-01-16,3037,欣興,0.74,302000,股
2026-01-16,2317,鴻海,0.66,314000,股
2026-01-16,6805,富世達,0.62,52000,股
2026-01-16,3443,創意,0.52,23000,股
2026-01-16,8046,南電,0.38,147000,股
2026-01-16,3189,景碩,0.36,209000,股
2026-01-16,3324,雙鴻,0.35,40000,股
2026-01-16,5439,高技,0.33,120000,股
2026-01-16,3653,健策,0.3,14000,股
2026-01-16,6584,南俊國際,0.29,104000,股
2026-01-16,B402BK,P12台塑1A,,50001764,元
2026-01-16,C_NTD,CASH,,461319966,元
2026-01-16,PFUR_NTD,PAYABLES FOR UNITS REDEEMED,,-211120403,元
2026-01-16,RDI_NTD,RECEIVABLES FOR DISPOSAL OF INVESTMENTS,,62350792,元
2026-01-19,2330,台積電,8.79,556000,股
2026-01-19,2308,台達電,4.97,494000,股
2026-01-19,8299,群聯,4.84,272000,股
2026-01-19,2345,智邦,4.53,433000,股
2026-01-19,2059,川湖,3.78,127000,股
2026-01-19,3017,奇鋐,3.62,315000,股
2026-01-19,3665,貿聯-KY,3.53,299000,股
2026-01-19,6223,旺矽,3.47,167000,股
2026-01-19,6515,穎崴,2.98,96000,股
2026-01-19,2383,台光電,2.84,200000,股
2026-01-19,7769,鴻勁,2.74,87000,股
2026-01-19,2360,致茂,2.62,307000,股
2026-01-19,5347,世界,2.57,2060000,股
2026-01-19,1519,華城,2.5,289000,股
2026-01-19,2408,南亞科,2.35,950000,股
2026-01-19,3260,威剛,2.31,804000,股
2026-01-19,8996,高力,2.31,362000,股
2026-01-19,2451,創見,2.15,934000,股
2026-01-19,3131,弘塑,2.12,135000,股
2026-01-19,6669,緯穎,2.04,61000,股
2026-01-19,3163,波若威,1.92,612000,股
2026-01-19,3661,世芯-KY,1.91,62000,股
2026-01-19,6781,AES-KY,1.91,179000,股
2026-01-19,5274,信驊,1.81,23000,股
2026-01-19,4749,新應材,1.76,228000,股
2026-01-19,8358,金居,1.74,696000,股
2026-01-19,5536,聖暉*,1.58,234000,股
2026-01-19,2327,國巨*,1.55,583000,股
2026-01-19,2368,金像電,1.48,264000,股
2026-01-19,6442,光聖,1.38,124000,股
2026-01-19,8210,勤誠,1.31,162000,股
2026-01-19,2344,華邦電,1.13,1079000,股
2026-01-19,6531,愛普*,1.08,233000,股
2026-01-19,3529,力旺,1.07,71000,股
2026-01-19,2449,京元電子,1.05,432000,股
2026-01-19,5289,宜鼎,1.04,154000,股
2026-01-19,8021,尖點,0.97,492000,股
2026-01-19,3037,欣興,0.82,302000,股
2026-01-19,2317,鴻海,0.65,314000,股
2026-01-19,6274,台燿,0.63,150000,股
2026-01-19,6805,富世達,0.6,52000,股
2026-01-19,3443,創意,0.56,23000,股
2026-01-19,8046,南電,0.42,147000,股
2026-01-19,3189,景碩,0.4,209000,股
2026-01-19,3324,雙鴻,0.33,40000,股
2026-01-19,3653,健策,0.31,14000,股
2026-01-19,5439,高技,0.31,120000,股
2026-01-19,6584,南俊國際,0.29,104000,股
2026-01-19,B402BK,P12台塑1A,,50001764,元
2026-01-19,C_NTD,CASH,,300077388,元
2026-01-19,PFUR_NTD,PAYABLES FOR UNITS REDEEMED,,-81536819,元
2026-01-19,RDI_NTD,RECEIVABLES FOR DISPOSAL OF INVESTMENTS,,62891404,元
2026-01-20,2330,台積電,8.74,556000,股
2026-01-20,2308,台達電,4.94,494000,股
2026-01-20,8299,群聯,4.83,272000,股
2026-01-20,2345,智邦,4.54,433000,股
2026-01-20,3665,貿聯-KY,4.5,379000,股
2026-01-20,2059,川湖,4.09,127000,股
2026-01-20,6223,旺矽,3.62,167000,股
2026-01-20,3017,奇鋐,3.61,315000,股
2026-01-20,6515,穎崴,3.18,96000,股
2026-01-20,2383,台光電,2.86,200000,股
2026-01-20,2360,致茂,2.8,307000,股
2026-01-20,7769,鴻勁,2.69,87000,股
2026-01-20,5347,世界,2.58,2060000,股
2026-01-20,1519,華城,2.57,289000,股
2026-01-20,8996,高力,2.33,362000,股
2026-01-20,2408,南亞科,2.29,950000,股
2026-01-20,3260,威剛,2.12,804000,股
2026-01-20,3131,弘塑,2.09,135000,股
2026-01-20,2451,創見,2.05,934000,股
2026-01-20,3163,波若威,2.01,612000,股
2026-01-20,6669,緯穎,1.98,61000,股
2026-01-20,6781,AES-KY,1.89,179000,股
2026-01-20,3661,世芯-KY,1.86,62000,股
2026-01-20,5274,信驊,1.76,23000,股
2026-01-20,8358,金居,1.74,696000,股
2026-01-20,4749,新應材,1.73,228000,股
2026-01-20,2327,國巨*,1.49,583000,股
2026-01-20,2368,金像電,1.47,264000,股
2026-01-20,5536,聖暉*,1.39,222000,股
2026-01-20,6442,光聖,1.39,124000,股
2026-01-20,8210,勤誠,1.29,162000,股
2026-01-20,2344,華邦電,1.08,1079000,股
2026-01-20,2449,京元電子,1.05,432000,股
2026-01-20,5289,宜鼎,1.05,154000,股
2026-01-20,6531,愛普*,1.04,233000,股
2026-01-20,3529,力旺,1.01,71000,股
2026-01-20,8021,尖點,0.98,492000,股
2026-01-20,3037,欣興,0.82,302000,股
2026-01-20,6274,台燿,0.63,150000,股
2026-01-20,2317,鴻海,0.62,314000,股
2026-01-20,6805,富世達,0.59,52000,股
2026-01-20,3443,創意,0.55,23000,股
2026-01-20,8046,南電,0.44,147000,股
2026-01-20,3189,景碩,0.38,209000,股
2026-01-20,3324,雙鴻,0.33,40000,股
2026-01-20,5439,高技,0.32,120000,股
2026-01-20,3653,健策,0.31,14000,股
2026-01-20,6584,南俊國際,0.28,104000,股
2026-01-20,B402BK,P12台塑1A,,50008817,元
2026-01-20,C_NTD,CASH,,405228136,元
2026-01-20,PFUR_NTD,PAYABLES FOR UNITS REDEEMED,,-70833009,元
2026-01-20,RDI_NTD,RECEIVABLES FOR DISPOSAL OF INVESTMENTS,,-151117843,元
2026-01-21,2330,台積電,8.72,556000,股
2026-01-21,2308,台達電,5.05,494000,股
2026-01-21,8299,群聯,4.67,272000,股
2026-01-21,2345,智邦,4.49,433000,股
2026-01-21,3665,貿聯-KY,4.44,379000,股
2026-01-21,2059,川湖,4.03,127000,股
2026-01-21,6223,旺矽,3.7,167000,股
2026-01-21,3017,奇鋐,3.63,315000,股
2026-01-21,6515,穎崴,3.31,96000,股
2026-01-21,2383,台光電,2.81,200000,股
2026-01-21,7769,鴻勁,2.8,87000,股
2026-01-21,2360,致茂,2.75,307000,股
2026-01-21,5347,世界,2.72,2060000,股
2026-01-21,1519,華城,2.67,289000,股
2026-01-21,8996,高力,2.27,362000,股
2026-01-21,2408,南亞科,2.15,950000,股
2026-01-21,3131,弘塑,2.13,135000,股
2026-01-21,3163,波若威,2.02,612000,股
2026-01-21,6669,緯穎,1.98,61000,股
2026-01-21,3260,威剛,1.97,804000,股
2026-01-21,3661,世芯-KY,1.81,62000,股
2026-01-21,6781,AES-KY,1.81,179000,股
2026-01-21,2451,創見,1.78,855000,股
2026-01-21,8358,金居,1.77,696000,股
2026-01-21,4749,新應材,1.73,228000,股
2026-01-21,5274,信驊,1.73,23000,股
2026-01-21,2327,國巨*,1.46,583000,股
2026-01-21,6442,光聖,1.4,124000,股
2026-01-21,5536,聖暉*,1.34,220000,股
2026-01-21,8210,勤誠,1.33,162000,股
2026-01-21,2368,金像電,1.25,232000,股
2026-01-21,2449,京元電子,1.04,432000,股
2026-01-21,5289,宜鼎,1.04,154000,股
2026-01-21,2344,華邦電,1.03,1079000,股
2026-01-21,6531,愛普*,1.03,233000,股
2026-01-21,3529,力旺,0.99,71000,股
2026-01-21,8021,尖點,0.98,492000,股
2026-01-21,3037,欣興,0.87,302000,股
2026-01-21,6274,台燿,0.63,150000,股
2026-01-21,2317,鴻海,0.62,314000,股
2026-01-21,6805,富世達,0.6,52000,股
2026-01-21,3443,創意,0.54,23000,股
2026-01-21,8046,南電,0.48,147000,股
2026-01-21,3189,景碩,0.38,209000,股
2026-01-21,3324,雙鴻,0.32,40000,股
2026-01-21,5439,高技,0.32,120000,股
2026-01-21,3653,健策,0.29,14000,股
2026-01-21,6584,南俊國際,0.28,104000,股
2026-01-21,B402BK,P12台塑1A,,50008817,元
2026-01-21,B718AQ,P13中油3A,,10000000,元
2026-01-21,B85410,P12中龍1,,10000000,元
2026-01-21,B9A703,P13喬山1B,,30000000,元
2026-01-21,C_NTD,CASH,,280245252,元
2026-01-21,RDI_NTD,RECEIVABLES FOR DISPOSAL OF INVESTMENTS,,-57755394,元
2026-01-22,2330,台積電,8.56,556000,股
2026-01-22,2308,台達電,5.38,494000,股
2026-01-22,8299,群聯,4.89,272000,股
2026-01-22,3665,貿聯-KY,4.71,379000,股
2026-01-22,2345,智邦,4.35,433000,股
2026-01-22,2059,川湖,3.87,127000,股
2026-01-22,3017,奇鋐,3.73,315000,股
2026-01-22,6223,旺矽,3.53,167000,股
2026-01-22,6515,穎崴,3.15,96000,股
2026-01-22,2383,台光電,2.9,200000,股
2026-01-22,7769,鴻勁,2.81,87000,股
2026-01-22,1519,華城,2.73,289000,股
2026-01-22,2360,致茂,2.71,307000,股
2026-01-22,5347,世界,2.62,2060000,股
2026-01-22,8996,高力,2.3,362000,股
2026-01-22,2408,南亞科,2.21,950000,股
2026-01-22,3131,弘塑,2.11,135000,股
2026-01-22,3260,威剛,2.08,804000,股
2026-01-22,3163,波若威,1.99,612000,股
2026-01-22,6781,AES-KY,1.92,179000,股
2026-01-22,8358,金居,1.79,696000,股
2026-01-22,3661,世芯-KY,1.78,62000,股
2026-01-22,5274,信驊,1.75,23000,股
2026-01-22,4749,新應材,1.68,228000,股
2026-01-22,2327,國巨*,1.51,583000,股
2026-01-22,6442,光聖,1.4,124000,股
2026-01-22,8210,勤誠,1.33,162000,股
2026-01-22,5536,聖暉*,1.3,220000,股
2026-01-22,2449,京元電子,1.04,432000,股
2026-01-22,8021,尖點,1.04,492000,股
2026-01-22,5289,宜鼎,1.01,154000,股
2026-01-22,2344,華邦電,0.99,1079000,股
2026-01-22,6531,愛普*,0.97,233000,股
2026-01-22,2451,創見,0.92,455000,股
2026-01-22,3529,力旺,0.92,71000,股
2026-01-22,3037,欣興,0.86,302000,股
2026-01-22,6415,矽力*-KY,0.68,300000,股
2026-01-22,6274,台燿,0.64,150000,股
2026-01-22,6805,富世達,0.64,52000,股
2026-01-22,2317,鴻海,0.61,314000,股
2026-01-22,3443,創意,0.52,23000,股
2026-01-22,8046,南電,0.48,147000,股
2026-01-22,3189,景碩,0.38,209000,股
2026-01-22,3324,雙鴻,0.33,40000,股
2026-01-22,3653,健策,0.31,14000,股
2026-01-22,5439,高技,0.31,120000,股
2026-01-22,6584,南俊國際,0.28,104000,股
2026-01-22,B402BK,P12台塑1A,,50012344,元
2026-01-22,B718AQ,P13中油3A,,10000000,元
2026-01-22,B85410,P12中龍1,,10000000,元
2026-01-22,B9A703,P13喬山1B,,30001753,元
2026-01-22,C_NTD,CASH,,182075563,元
2026-01-22,PFUR_NTD,PAYABLES FOR UNITS REDEEMED,,-11131110,元
2026-01-22,RDI_NTD,RECEIVABLES FOR DISPOSAL OF INVESTMENTS,,419311351,元
2026-01-23,2330,台積電,8.52,556000,股
2026-01-23,2308,台達電,5.39,494000,股
2026-01-23,2345,智邦,4.86,478000,股
2026-01-23,8299,群聯,4.71,272000,股
2026-01-23,3665,貿聯-KY,4.56,379000,股
2026-01-23,2059,川湖,3.92,127000,股
2026-01-23,3017,奇鋐,3.75,315000,股
2026-01-23,6223,旺矽,3.68,167000,股
2026-01-23,6515,穎崴,3.24,96000,股
2026-01-23,2383,台光電,3.12,200000,股
2026-01-23,7769,鴻勁,2.81,87000,股
2026-01-23,2360,致茂,2.72,307000,股
2026-01-23,5347,世界,2.61,2060000,股
2026-01-23,8996,高力,2.25,362000,股
2026-01-23,2408,南亞科,2.23,950000,股
2026-01-23,3260,威剛,2.19,804000,股
2026-01-23,3131,弘塑,2.05,135000,股
2026-01-23,3163,波若威,2.02,612000,股
2026-01-23,6781,AES-KY,1.85,179000,股
2026-01-23,3661,世芯-KY,1.84,62000,股
2026-01-23,6415,矽力*-KY,1.83,800000,股
2026-01-23,1519,華城,1.78,200000,股
2026-01-23,5274,信驊,1.77,23000,股
2026-01-23,4749,新應材,1.71,228000,股
2026-01-23,8358,金居,1.66,699000,股
2026-01-23,2327,國巨*,1.47,583000,股
2026-01-23,6442,光聖,1.45,124000,股
2026-01-23,8210,勤誠,1.36,162000,股
2026-01-23,5536,聖暉*,1.3,220000,股
2026-01-23,2449,京元電子,1.07,432000,股
2026-01-23,5289,宜鼎,0.99,154000,股
2026-01-23,8021,尖點,0.99,492000,股
2026-01-23,6274,台燿,0.97,223000,股
2026-01-23,2344,華邦電,0.96,1079000,股
2026-01-23,2451,創見,0.94,455000,股
2026-01-23,6531,愛普*,0.94,233000,股
2026-01-23,3529,力旺,0.93,71000,股
2026-01-23,3037,欣興,0.89,302000,股
2026-01-23,6805,富世達,0.62,52000,股
2026-01-23,2317,鴻海,0.6,314000,股
2026-01-23,3443,創意,0.54,23000,股
2026-01-23,8046,南電,0.49,147000,股
2026-01-23,3189,景碩,0.39,209000,股
2026-01-23,3653,健策,0.34,14000,股
2026-01-23,3324,雙鴻,0.32,40000,股
2026-01-23,5439,高技,0.31,120000,股
2026-01-23,6584,南俊國際,0.27,104000,股
2026-01-23,B402BK,P12台塑1A,,50014108,元
2026-01-23,B718AQ,P13中油3A,,10000000,元
2026-01-23,B85410,P12中龍1,,10000000,元
2026-01-23,B85412,P13中龍1,,10000000,元
2026-01-23,B9A703,P13喬山1B,,30001753,元
2026-01-23,C_NTD,CASH,,172162828,元
2026-01-23,G11664,P13新光銀2,,40000000,元
2026-01-23,PFUR_NTD,PAYABLES FOR UNITS REDEEMED,,-11131110,元
2026-01-23,RDI_NTD,RECEIVABLES FOR DISPOSAL OF INVESTMENTS,,248488751,元
2026-01-26,2330,台積電,8.36,556000,股
2026-01-26,2308,台達電,5.21,494000,股
2026-01-26,8299,群聯,4.84,272000,股
2026-01-26,2345,智邦,4.71,478000,股
2026-01-26,3665,貿聯-KY,4.65,379000,股
2026-01-26,2059,川湖,3.81,127000,股
2026-01-26,3017,奇鋐,3.7,315000,股
2026-01-26,6223,旺矽,3.7,167000,股
2026-01-26,6515,穎崴,3.34,96000,股
2026-01-26,2383,台光電,2.98,200000,股
2026-01-26,7769,鴻勁,2.83,87000,股
2026-01-26,2360,致茂,2.67,307000,股
2026-01-26,5347,世界,2.56,2060000,股
2026-01-26,3260,威剛,2.38,804000,股
2026-01-26,2408,南亞科,2.33,950000,股
2026-01-26,8996,高力,2.27,362000,股
2026-01-26,3131,弘塑,2.03,134000,股
2026-01-26,3163,波若威,2.02,612000,股
2026-01-26,3661,世芯-KY,1.87,62000,股
2026-01-26,6781,AES-KY,1.82,178000,股
2026-01-26,6415,矽力*-KY,1.79,800000,股
2026-01-26,1519,華城,1.75,200000,股
2026-01-26,5274,信驊,1.75,23000,股
2026-01-26,4749,新應材,1.66,228000,股
2026-01-26,8358,金居,1.62,699000,股
2026-01-26,2327,國巨*,1.43,583000,股
2026-01-26,6442,光聖,1.38,124000,股
2026-01-26,8210,勤誠,1.35,162000,股
2026-01-26,5536,聖暉*,1.24,220000,股
2026-01-26,2449,京元電子,1.1,432000,股
2026-01-26,2344,華邦電,1.05,1079000,股
2026-01-26,3529,力旺,1.0,71000,股
2026-01-26,5289,宜鼎,1.0,154000,股
2026-01-26,2451,創見,0.98,454000,股
2026-01-26,6274,台燿,0.98,223000,股
2026-01-26,8021,尖點,0.97,492000,股
2026-01-26,6531,愛普*,0.9,233000,股
2026-01-26,3037,欣興,0.86,302000,股
2026-01-26,6805,富世達,0.63,52000,股
2026-01-26,2317,鴻海,0.6,314000,股
2026-01-26,3443,創意,0.52,23000,股
2026-01-26,8046,南電,0.47,147000,股
2026-01-26,3189,景碩,0.37,209000,股
2026-01-26,3653,健策,0.33,14000,股
2026-01-26,3324,雙鴻,0.32,40000,股
2026-01-26,5439,高技,0.32,120000,股
2026-01-26,6584,南俊國際,0.26,104000,股
2026-01-26,B402BK,P12台塑1A,,50014108,元
2026-01-26,B85412,P13中龍1,,10000000,元
2026-01-26,B91013,P10凱基證1A,,20000000,元
2026-01-26,B97506,P13第一金1,,14000000,元
2026-01-26,B99702,P12台壽1A,,66008758,元
2026-01-26,C_NTD,CASH,,563541991,元
2026-01-26,G11664,P13新光銀2,,40000000,元
2026-01-26,PFUR_NTD,PAYABLES FOR UNITS REDEEMED,,-11131110,元
2026-01-26,RDI_NTD,RECEIVABLES FOR DISPOSAL OF INVESTMENTS,,-127224024,元
2026-01-27,2330,台積電,8.08,556000,股
2026-01-27,2308,台達電,5.04,494000,股
2026-01-27,8299,群聯,4.71,272000,股
2026-01-27,2345,智邦,4.51,478000,股
2026-01-27,3665,貿聯-KY,4.39,379000,股
2026-01-27,6223,旺矽,3.84,172000,股
2026-01-27,3017,奇鋐,3.77,325000,股
2026-01-27,2059,川湖,3.73,131000,股
2026-01-27,6515,穎崴,3.45,99000,股
2026-01-27,2383,台光電,3.27,220000,股
2026-01-27,7769,鴻勁,2.77,90000,股
2026-01-27,5347,世界,2.68,2060000,股
2026-01-27,2360,致茂,2.59,307000,股
2026-01-27,3260,威剛,2.34,804000,股
2026-01-27,2449,京元電子,2.28,932000,股
2026-01-27,2408,南亞科,2.15,950000,股
2026-01-27,8996,高力,2.13,362000,股
2026-01-27,3163,波若威,2.12,612000,股
2026-01-27,3131,弘塑,1.99,138000,股
2026-01-27,6415,矽力*-KY,1.93,824000,股
2026-01-27,5274,信驊,1.86,26000,股
2026-01-27,6781,AES-KY,1.82,188000,股
2026-01-27,3661,世芯-KY,1.79,64000,股
2026-01-27,1519,華城,1.66,200000,股
2026-01-27,4749,新應材,1.61,235000,股
2026-01-27,8358,金居,1.61,699000,股
2026-01-27,6669,緯穎,1.51,50000,股
2026-01-27,6442,光聖,1.45,124000,股
2026-01-27,2327,國巨*,1.4,583000,股
2026-01-27,8210,勤誠,1.28,162000,股
2026-01-27,5536,聖暉*,1.18,220000,股
2026-01-27,3529,力旺,1.04,71000,股
2026-01-27,2344,華邦電,1.02,1079000,股
2026-01-27,3037,欣興,1.02,352000,股
2026-01-27,5289,宜鼎,0.96,154000,股
2026-01-27,6274,台燿,0.96,223000,股
2026-01-27,8021,尖點,0.93,492000,股
2026-01-27,3231,緯創,0.91,827000,股
2026-01-27,2451,創見,0.89,454000,股
2026-01-27,6531,愛普*,0.86,240000,股
2026-01-27,3324,雙鴻,0.68,90000,股
2026-01-27,6805,富世達,0.63,54000,股
2026-01-27,2317,鴻海,0.59,319000,股
2026-01-27,8046,南電,0.51,157000,股
2026-01-27,3443,創意,0.49,23000,股
2026-01-27,3189,景碩,0.39,209000,股
2026-01-27,2368,金像電,0.34,60000,股
2026-01-27,3653,健策,0.32,14000,股
2026-01-27,6584,南俊國際,0.32,134000,股
2026-01-27,5439,高技,0.31,124000,股
2026-01-27,2486,一詮,0.16,150000,股
2026-01-27,B402BK,P12台塑1A,,50014108,元
2026-01-27,B85412,P13中龍1,,10000000,元
2026-01-27,B91013,P10凱基證1A,,20000000,元
2026-01-27,B95556,P09凱控2A,,40007004,元
2026-01-27,B97506,P13第一金1,,14000000,元
2026-01-27,B99702,P12台壽1A,,66008758,元
2026-01-27,C_NTD,CASH,,776821029,元
2026-01-27,RDI_NTD,RECEIVABLES FOR DISPOSAL OF INVESTMENTS,,-754655889,元
2026-01-28,2330,台積電,7.72,556000,股
2026-01-28,2308,台達電,4.92,504000,股
2026-01-28,8299,群聯,4.83,277000,股
2026-01-28,2345,智邦,4.36,488000,股
2026-01-28,3665,貿聯-KY,4.25,387000,股
2026-01-28,3017,奇鋐,3.7,331000,股
2026-01-28,6223,旺矽,3.55,175000,股
2026-01-28,2059,川湖,3.46,134000,股
2026-01-28,2383,台光電,3.25,224000,股
2026-01-28,6515,穎崴,3.1,101000,股
2026-01-28,7769,鴻勁,2.66,92000,股
2026-01-28,5347,世界,2.61,2101000,股
2026-01-28,2360,致茂,2.47,313000,股
2026-01-28,8996,高力,2.44,412000,股
2026-01-28,3260,威剛,2.31,819000,股
2026-01-28,2449,京元電子,2.21,932000,股
2026-01-28,2408,南亞科,2.19,968000,股
2026-01-28,3163,波若威,2.18,612000,股
2026-01-28,3131,弘塑,1.94,141000,股
2026-01-28,6415,矽力*-KY,1.84,840000,股
2026-01-28,6781,AES-KY,1.82,191000,股
2026-01-28,5274,信驊,1.75,26000,股
2026-01-28,3661,世芯-KY,1.65,64000,股
2026-01-28,1519,華城,1.62,204000,股
2026-01-28,4749,新應材,1.58,240000,股
2026-01-28,8358,金居,1.5,713000,股
2026-01-28,6442,光聖,1.49,124000,股
2026-01-28,6669,緯穎,1.41,50000,股
2026-01-28,2327,國巨*,1.3,595000,股
2026-01-28,8210,勤誠,1.19,165000,股
2026-01-28,2486,一詮,1.15,1150000,股
2026-01-28,3529,力旺,1.07,71000,股
2026-01-28,2344,華邦電,1.05,1079000,股
2026-01-28,3037,欣興,1.0,358000,股
2026-01-28,6274,台燿,0.98,238000,股
2026-01-28,5289,宜鼎,0.93,157000,股
2026-01-28,2451,創見,0.89,463000,股
2026-01-28,8021,尖點,0.89,502000,股
2026-01-28,3231,緯創,0.85,827000,股
2026-01-28,6531,愛普*,0.82,245000,股
2026-01-28,3324,雙鴻,0.65,91000,股
2026-01-28,6805,富世達,0.63,55000,股
2026-01-28,2317,鴻海,0.56,325000,股
2026-01-28,8046,南電,0.48,160000,股
2026-01-28,3443,創意,0.45,23000,股
2026-01-28,3189,景碩,0.4,213000,股
2026-01-28,2368,金像電,0.33,60000,股
2026-01-28,3653,健策,0.3,14000,股
2026-01-28,5439,高技,0.3,126000,股
2026-01-28,6584,南俊國際,0.3,136000,股
2026-01-28,2454,聯發科,0.2,15000,股
2026-01-28,5536,聖暉*,0.04,7000,股
2026-01-28,B60440,P12華新1B,,50022926,元
2026-01-28,B97506,P13第一金1,,14000000,元
2026-01-28,B99702,P12台壽1A,,86000000,元
2026-01-28,C_NTD,CASH,,1392088984,元
2026-01-28,RDI_NTD,RECEIVABLES FOR DISPOSAL OF INVESTMENTS,,-952562162,元
2026-01-29,2330,台積電,7.7,556000,股
2026-01-29,8299,群聯,4.9,277000,股
2026-01-29,2308,台達電,4.85,504000,股
2026-01-29,2345,智邦,4.38,488000,股
2026-01-29,3665,貿聯-KY,4.05,387000,股
2026-01-29,3017,奇鋐,3.8,331000,股
2026-01-29,6223,旺矽,3.49,175000,股
2026-01-29,2059,川湖,3.3,134000,股
2026-01-29,2383,台光電,3.08,224000,股
2026-01-29,6515,穎崴,3.02,101000,股
2026-01-29,7769,鴻勁,2.65,92000,股
2026-01-29,8996,高力,2.46,412000,股
2026-01-29,2360,致茂,2.44,313000,股
2026-01-29,5347,世界,2.37,2101000,股
2026-01-29,3037,欣興,2.27,858000,股
2026-01-29,3260,威剛,2.26,819000,股
2026-01-29,3163,波若威,2.22,612000,股
2026-01-29,2408,南亞科,2.21,968000,股
2026-01-29,2449,京元電子,2.18,932000,股
2026-01-29,3131,弘塑,1.97,141000,股
2026-01-29,6415,矽力*-KY,1.93,840000,股
2026-01-29,5274,信驊,1.86,26000,股
2026-01-29,6781,AES-KY,1.76,191000,股
2026-01-29,6442,光聖,1.64,124000,股
2026-01-29,3661,世芯-KY,1.61,64000,股
2026-01-29,1519,華城,1.59,204000,股
2026-01-29,4749,新應材,1.55,240000,股
2026-01-29,8358,金居,1.44,713000,股
2026-01-29,6669,緯穎,1.43,50000,股
2026-01-29,2327,國巨*,1.26,595000,股
2026-01-29,8210,勤誠,1.18,165000,股
2026-01-29,2454,聯發科,1.16,85000,股
2026-01-29,2486,一詮,1.13,1150000,股
2026-01-29,2344,華邦電,1.08,1079000,股
2026-01-29,3529,力旺,1.04,71000,股
2026-01-29,5289,宜鼎,0.93,157000,股
2026-01-29,6274,台燿,0.93,238000,股
2026-01-29,2451,創見,0.92,463000,股
2026-01-29,8021,尖點,0.86,509920,股
2026-01-29,3231,緯創,0.84,827000,股
2026-01-29,6531,愛普*,0.83,245000,股
2026-01-29,3324,雙鴻,0.66,91000,股
2026-01-29,6805,富世達,0.63,55000,股
2026-01-29,2317,鴻海,0.56,325000,股
2026-01-29,3443,創意,0.48,23000,股
2026-01-29,8046,南電,0.46,160000,股
2026-01-29,3189,景碩,0.38,213000,股
2026-01-29,2368,金像電,0.32,60000,股
2026-01-29,3653,健策,0.31,14000,股
2026-01-29,6584,南俊國際,0.31,136000,股
2026-01-29,5439,高技,0.3,126000,股
2026-01-29,5536,聖暉*,0.04,7000,股
2026-01-29,B40425,P10台聚2A,,50000000,元
2026-01-29,B60440,P12華新1B,,50024690,元
2026-01-29,B97506,P13第一金1,,14000000,元
2026-01-29,B99702,P12台壽1A,,86000000,元
2026-01-29,C_NTD,CASH,,699349564,元
2026-01-29,RDI_NTD,RECEIVABLES FOR DISPOSAL OF INVESTMENTS,,-499604488,元
2026-01-30,2330,台積電,7.68,556000,股
2026-01-30,8299,群聯,6.06,327000,股
2026-01-30,2308,台達電,4.79,504000,股
2026-01-30,2345,智邦,4.23,488000,股
2026-01-30,3665,貿聯-KY,3.92,387000,股
2026-01-30,3017,奇鋐,3.76,331000,股
2026-01-30,6223,旺矽,3.43,175000,股
2026-01-30,2059,川湖,3.27,134000,股
2026-01-30,6515,穎崴,3.07,101000,股
2026-01-30,2383,台光電,3.04,224000,股
2026-01-30,7769,鴻勁,2.68,92000,股
2026-01-30,3037,欣興,2.53,858000,股
2026-01-30,2408,南亞科,2.46,968000,股
2026-01-30,8996,高力,2.4,412000,股
2026-01-30,2360,致茂,2.39,313000,股
2026-01-30,5347,世界,2.35,2101000,股
2026-01-30,3260,威剛,2.32,819000,股
2026-01-30,3163,波若威,2.17,612000,股
2026-01-30,2449,京元電子,2.15,932000,股
2026-01-30,3131,弘塑,1.83,141000,股
2026-01-30,6415,矽力*-KY,1.83,840000,股
2026-01-30,5274,信驊,1.8,26000,股
2026-01-30,6442,光聖,1.72,124000,股
2026-01-30,6781,AES-KY,1.68,191000,股
2026-01-30,4749,新應材,1.61,240000,股
2026-01-30,3661,世芯-KY,1.56,64000,股
2026-01-30,1519,華城,1.54,204000,股
2026-01-30,8358,金居,1.45,713000,股
2026-01-30,6669,緯穎,1.39,50000,股
2026-01-30,2327,國巨*,1.28,595000,股
2026-01-30,2454,聯發科,1.16,85000,股
2026-01-30,8210,勤誠,1.16,165000,股
2026-01-30,2486,一詮,1.15,1150000,股
2026-01-30,2344,華邦電,1.08,1079000,股
2026-01-30,3529,力旺,1.01,71000,股
2026-01-30,5289,宜鼎,0.97,157000,股
2026-01-30,2451,創見,0.96,463000,股
2026-01-30,6274,台燿,0.93,238000,股
2026-01-30,3231,緯創,0.84,827000,股
2026-01-30,6531,愛普*,0.82,245000,股
2026-01-30,8021,尖點,0.81,509920,股
2026-01-30,3324,雙鴻,0.64,91000,股
2026-01-30,6805,富世達,0.61,55000,股
2026-01-30,2317,鴻海,0.56,325000,股
2026-01-30,8046,南電,0.48,160000,股
2026-01-30,3443,創意,0.47,23000,股
2026-01-30,3189,景碩,0.42,213000,股
2026-01-30,2368,金像電,0.33,60000,股
2026-01-30,3653,健策,0.31,14000,股
2026-01-30,6584,南俊國際,0.31,136000,股
2026-01-30,5439,高技,0.29,126000,股
2026-01-30,5536,聖暉*,0.03,7000,股
2026-01-30,B40425,P10台聚2A,,50000000,元
2026-01-30,B60440,P12華新1B,,50024690,元
2026-01-30,B97506,P13第一金1,,14000000,元
2026-01-30,B99702,P12台壽1A,,86007004,元
2026-01-30,C_NTD,CASH,,527514296,元
2026-01-30,RDI_NTD,RECEIVABLES FOR DISPOSAL OF INVESTMENTS,,-427609314,元
2026-02-02,2330,台積電,7.79,556000,股
2026-02-02,8299,群聯,5.57,327000,股
2026-02-02,2308,台達電,4.7,504000,股
2026-02-02,2345,智邦,4.42,488000,股
2026-02-02,3665,貿聯-KY,4.07,387000,股
2026-02-02,3017,奇鋐,3.92,331000,股
2026-02-02,6223,旺矽,3.65,175000,股
2026-02-02,2059,川湖,3.26,134000,股
2026-02-02,6515,穎崴,3.26,101000,股
2026-02-02,2383,台光電,3.18,224000,股
2026-02-02,7769,鴻勁,2.74,92000,股
2026-02-02,8996,高力,2.53,412000,股
2026-02-02,3037,欣興,2.49,858000,股
2026-02-02,2360,致茂,2.41,313000,股
2026-02-02,5347,世界,2.28,2101000,股
2026-02-02,2408,南亞科,2.26,968000,股
2026-02-02,3260,威剛,2.15,819000,股
2026-02-02,2449,京元電子,2.11,932000,股
2026-02-02,3163,波若威,2.09,612000,股
2026-02-02,6415,矽力*-KY,1.93,840000,股
2026-02-02,5274,信驊,1.87,26000,股
2026-02-02,3131,弘塑,1.8,141000,股
2026-02-02,6442,光聖,1.68,124000,股
2026-02-02,6781,AES-KY,1.68,191000,股
2026-02-02,4749,新應材,1.62,240000,股
2026-02-02,3661,世芯-KY,1.6,64000,股
2026-02-02,1519,華城,1.53,204000,股
2026-02-02,6669,緯穎,1.43,50000,股
2026-02-02,8358,金居,1.38,713000,股
2026-02-02,2327,國巨*,1.22,595000,股
2026-02-02,8210,勤誠,1.18,165000,股
2026-02-02,2454,聯發科,1.15,85000,股
2026-02-02,2486,一詮,1.14,1150000,股
2026-02-02,2344,華邦電,0.99,1079000,股
2026-02-02,3529,力旺,0.96,71000,股
2026-02-02,6274,台燿,0.94,238000,股
2026-02-02,5289,宜鼎,0.93,157000,股
2026-02-02,2451,創見,0.88,463000,股
2026-02-02,3231,緯創,0.84,827000,股
2026-02-02,6531,愛普*,0.82,245000,股
2026-02-02,8021,尖點,0.77,509920,股
2026-02-02,3324,雙鴻,0.68,91000,股
2026-02-02,6805,富世達,0.61,55000,股
2026-02-02,2317,鴻海,0.55,325000,股
2026-02-02,3443,創意,0.49,23000,股
2026-02-02,8046,南電,0.47,160000,股
2026-02-02,3189,景碩,0.41,213000,股
2026-02-02,2368,金像電,0.34,60000,股
2026-02-02,3653,健策,0.33,14000,股
2026-02-02,6584,南俊國際,0.31,136000,股
2026-02-02,5439,高技,0.28,126000,股
2026-02-02,5536,聖暉*,0.04,7000,股
2026-02-02,B40425,P10台聚2A,,50006855,元
2026-02-02,B60440,P12華新1B,,50024690,元
2026-02-02,B97506,P13第一金1,,14000000,元
2026-02-02,B99702,P12台壽1A,,86007004,元
2026-02-02,C_NTD,CASH,,222592800,元
2026-02-02,RDI_NTD,RECEIVABLES FOR DISPOSAL OF INVESTMENTS,,-122699818,元
2026-02-03,2330,台積電,7.72,556000,股
2026-02-03,8299,群聯,5.02,327000,股
2026-02-03,2308,台達電,4.72,504000,股
2026-02-03,2345,智邦,4.46,488000,股
2026-02-03,3665,貿聯-KY,4.21,387000,股
2026-02-03,3017,奇鋐,4.17,331000,股
2026-02-03,6223,旺矽,3.84,175000,股
2026-02-03,6515,穎崴,3.48,101000,股
2026-02-03,2059,川湖,3.21,134000,股
2026-02-03,2383,台光電,3.2,224000,股
2026-02-03,7769,鴻勁,2.73,92000,股
2026-02-03,8996,高力,2.6,412000,股
2026-02-03,3037,欣興,2.55,858000,股
2026-02-03,2360,致茂,2.51,313000,股
2026-02-03,5347,世界,2.2,2101000,股
2026-02-03,3163,波若威,2.16,612000,股
2026-02-03,2449,京元電子,2.11,932000,股
2026-02-03,2408,南亞科,2.07,968000,股
2026-02-03,3260,威剛,1.97,819000,股
2026-02-03,5274,信驊,1.96,26000,股
2026-02-03,6415,矽力*-KY,1.92,840000,股
2026-02-03,6442,光聖,1.75,124000,股
2026-02-03,6781,AES-KY,1.71,191000,股
2026-02-03,3661,世芯-KY,1.64,64000,股
2026-02-03,4749,新應材,1.56,240000,股
2026-02-03,1519,華城,1.49,204000,股
2026-02-03,6669,緯穎,1.44,50000,股
2026-02-03,8358,金居,1.36,713000,股
2026-02-03,2327,國巨*,1.22,595000,股
2026-02-03,8210,勤誠,1.22,165000,股
2026-02-03,2454,聯發科,1.18,85000,股
2026-02-03,2486,一詮,1.14,1150000,股
2026-02-03,5289,宜鼎,0.95,157000,股
2026-02-03,3529,力旺,0.93,71000,股
2026-02-03,6274,台燿,0.93,238000,股
2026-02-03,2344,華邦電,0.88,1079000,股
2026-02-03,2451,創見,0.82,463000,股
2026-02-03,3231,緯創,0.82,827000,股
2026-02-03,6531,愛普*,0.81,245000,股
2026-02-03,8021,尖點,0.8,509920,股
2026-02-03,3324,雙鴻,0.71,91000,股
2026-02-03,6805,富世達,0.65,55000,股
2026-02-03,2317,鴻海,0.54,325000,股
2026-02-03,8046,南電,0.49,160000,股
2026-02-03,3443,創意,0.48,23000,股
2026-02-03,3189,景碩,0.4,213000,股
2026-02-03,2368,金像電,0.35,60000,股
2026-02-03,3653,健策,0.34,14000,股
2026-02-03,6584,南俊國際,0.32,136000,股
2026-02-03,5439,高技,0.29,126000,股
2026-02-03,B40425,P10台聚2A,,50006855,元
2026-02-03,B60440,P12華新1B,,50033633,元
2026-02-03,B97506,P13第一金1,,14000000,元
2026-02-03,B99702,P12台壽1A,,86007004,元
2026-02-03,C_NTD,CASH,,99892982,元
2026-02-03,RDI_NTD,RECEIVABLES FOR DISPOSAL OF INVESTMENTS,,228426630,元
2026-02-04,2330,台積電,7.59,556000,股
2026-02-04,8299,群聯,5.14,327000,股
2026-02-04,2308,台達電,4.67,504000,股
2026-02-04,2345,智邦,4.42,488000,股
2026-02-04,3017,奇鋐,4.24,331000,股
2026-02-04,3665,貿聯-KY,3.97,387000,股
2026-02-04,6223,旺矽,3.68,175000,股
2026-02-04,6515,穎崴,3.52,101000,股
2026-02-04,2383,台光電,3.5,224000,股
2026-02-04,2059,川湖,3.15,134000,股
2026-02-04,7769,鴻勁,2.68,92000,股
2026-02-04,8996,高力,2.67,412000,股
2026-02-04,3037,欣興,2.55,858000,股
2026-02-04,2360,致茂,2.47,313000,股
2026-02-04,3163,波若威,2.29,612000,股
2026-02-04,2449,京元電子,2.12,932000,股
2026-02-04,3260,威剛,2.09,819000,股
2026-02-04,5347,世界,1.96,2101000,股
2026-02-04,5274,信驊,1.92,26000,股
2026-02-04,6415,矽力*-KY,1.85,840000,股
2026-02-04,6442,光聖,1.76,124000,股
2026-02-04,3324,雙鴻,1.75,226000,股
2026-02-04,3661,世芯-KY,1.66,64000,股
2026-02-04,6781,AES-KY,1.64,191000,股
2026-02-04,2408,南亞科,1.62,718000,股
2026-02-04,4749,新應材,1.57,240000,股
2026-02-04,1519,華城,1.55,204000,股
2026-02-04,8358,金居,1.42,713000,股
2026-02-04,6669,緯穎,1.41,50000,股
2026-02-04,8210,勤誠,1.25,165000,股
2026-02-04,2327,國巨*,1.22,595000,股
2026-02-04,2454,聯發科,1.17,85000,股
2026-02-04,2486,一詮,1.14,1150000,股
2026-02-04,6274,台燿,0.98,238000,股
2026-02-04,3529,力旺,0.93,71000,股
2026-02-04,5289,宜鼎,0.93,157000,股
2026-02-04,8021,尖點,0.83,509920,股
2026-02-04,3231,緯創,0.82,827000,股
2026-02-04,6531,愛普*,0.8,245000,股
2026-02-04,6805,富世達,0.64,55000,股
2026-02-04,2317,鴻海,0.54,325000,股
2026-02-04,8046,南電,0.5,160000,股
2026-02-04,3443,創意,0.45,23000,股
2026-02-04,3189,景碩,0.44,213000,股
2026-02-04,2368,金像電,0.37,60000,股
2026-02-04,6584,南俊國際,0.35,136000,股
2026-02-04,3653,健策,0.33,14000,股
2026-02-04,2344,華邦電,0.31,379000,股
2026-02-04,5439,高技,0.3,126000,股
2026-02-04,B40425,P10台聚2A,,50006855,元
2026-02-04,B60440,P12華新1B,,50033633,元
2026-02-04,B97506,P13第一金1,,14002503,元
2026-02-04,B99702,P12台壽1A,,86022380,元
2026-02-04,C_NTD,CASH,,101201972,元
2026-02-04,RDI_NTD,RECEIVABLES FOR DISPOSAL OF INVESTMENTS,,345139118,元
2026-02-05,2330,台積電,7.69,556000,股
2026-02-05,8299,群聯,5.18,327000,股
2026-02-05,2308,台達電,4.54,504000,股
2026-02-05,2345,智邦,4.3,488000,股
2026-02-05,3017,奇鋐,4.23,331000,股
2026-02-05,3665,貿聯-KY,3.82,387000,股
2026-02-05,6223,旺矽,3.77,175000,股
2026-02-05,6515,穎崴,3.5,101000,股
2026-02-05,2383,台光電,3.42,224000,股
2026-02-05,2059,川湖,3.17,134000,股
2026-02-05,7769,鴻勁,2.67,92000,股
2026-02-05,8996,高力,2.61,412000,股
2026-02-05,3037,欣興,2.46,858000,股
2026-02-05,2360,致茂,2.39,313000,股
2026-02-05,3163,波若威,2.26,612000,股
2026-02-05,3260,威剛,2.14,819000,股
2026-02-05,2449,京元電子,2.05,932000,股
2026-02-05,5347,世界,1.87,2101000,股
2026-02-05,5274,信驊,1.86,26000,股
2026-02-05,3324,雙鴻,1.77,226000,股
2026-02-05,6415,矽力*-KY,1.76,822000,股
2026-02-05,6781,AES-KY,1.72,191000,股
2026-02-05,6442,光聖,1.71,124000,股
2026-02-05,3661,世芯-KY,1.63,64000,股
2026-02-05,4749,新應材,1.6,240000,股
2026-02-05,2408,南亞科,1.55,718000,股
2026-02-05,1519,華城,1.53,204000,股
2026-02-05,6669,緯穎,1.42,50000,股
2026-02-05,8210,勤誠,1.4,165000,股
2026-02-05,8358,金居,1.4,713000,股
2026-02-05,2486,一詮,1.28,1150000,股
2026-02-05,2454,聯發科,1.18,85000,股
2026-02-05,3533,嘉澤,1.05,85000,股
2026-02-05,3529,力旺,1.0,71000,股
2026-02-05,5289,宜鼎,0.97,157000,股
2026-02-05,6274,台燿,0.97,238000,股
2026-02-05,8021,尖點,0.84,509920,股
2026-02-05,3231,緯創,0.83,827000,股
2026-02-05,6531,愛普*,0.79,245000,股
2026-02-05,6805,富世達,0.67,55000,股
2026-02-05,2317,鴻海,0.55,325000,股
2026-02-05,8046,南電,0.5,160000,股
2026-02-05,3189,景碩,0.44,213000,股
2026-02-05,3443,創意,0.42,23000,股
2026-02-05,6584,南俊國際,0.37,136000,股
2026-02-05,2368,金像電,0.36,60000,股
2026-02-05,3653,健策,0.33,14000,股
2026-02-05,2344,華邦電,0.3,379000,股
2026-02-05,5439,高技,0.3,126000,股
2026-02-05,B40425,P10台聚2A,,50011997,元
2026-02-05,B60440,P12華新1B,,50033633,元
2026-02-05,B97506,P13第一金1,,14002503,元
2026-02-05,B99702,P12台壽1A,,86022380,元
2026-02-05,C_NTD,CASH,,351675994,元
2026-02-05,RDI_NTD,RECEIVABLES FOR DISPOSAL OF INVESTMENTS,,139702129,元
2026-02-06,2330,台積電,7.84,556000,股
2026-02-06,8299,群聯,4.91,327000,股
2026-02-06,2308,台達電,4.63,504000,股
2026-02-06,2345,智邦,4.6,488000,股
2026-02-06,3017,奇鋐,4.18,331000,股
2026-02-06,3665,貿聯-KY,3.94,387000,股
2026-02-06,6223,旺矽,3.7,175000,股
2026-02-06,6515,穎崴,3.61,101000,股
2026-02-06,2383,台光電,3.42,224000,股
2026-02-06,2059,川湖,3.14,134000,股
2026-02-06,7769,鴻勁,2.69,92000,股
2026-02-06,8996,高力,2.62,412000,股
2026-02-06,2360,致茂,2.4,313000,股
2026-02-06,3163,波若威,2.37,612000,股
2026-02-06,3037,欣興,2.31,858000,股
2026-02-06,2449,京元電子,2.09,932000,股
2026-02-06,3533,嘉澤,2.07,164000,股
2026-02-06,5347,世界,2.0,2101000,股
2026-02-06,3260,威剛,1.99,819000,股
2026-02-06,3324,雙鴻,1.84,226000,股
2026-02-06,5274,信驊,1.83,26000,股
2026-02-06,6781,AES-KY,1.69,191000,股
2026-02-06,6442,光聖,1.67,124000,股
2026-02-06,3661,世芯-KY,1.58,64000,股
2026-02-06,4749,新應材,1.55,240000,股
2026-02-06,2408,南亞科,1.5,718000,股
2026-02-06,1519,華城,1.47,204000,股
2026-02-06,6669,緯穎,1.44,50000,股
2026-02-06,8358,金居,1.34,713000,股
2026-02-06,8210,勤誠,1.28,165000,股
2026-02-06,2486,一詮,1.24,1150000,股
2026-02-06,2454,聯發科,1.15,85000,股
2026-02-06,3529,力旺,1.04,71000,股
2026-02-06,6274,台燿,0.98,238000,股
2026-02-06,5289,宜鼎,0.88,157000,股
2026-02-06,3231,緯創,0.85,827000,股
2026-02-06,8021,尖點,0.81,509920,股
2026-02-06,6531,愛普*,0.79,245000,股
2026-02-06,6805,富世達,0.67,55000,股
2026-02-06,2317,鴻海,0.55,325000,股
2026-02-06,8046,南電,0.48,160000,股
2026-02-06,3443,創意,0.43,23000,股
2026-02-06,3189,景碩,0.41,213000,股
2026-02-06,6584,南俊國際,0.37,136000,股
2026-02-06,2368,金像電,0.35,60000,股
2026-02-06,3653,健策,0.33,14000,股
2026-02-06,2344,華邦電,0.29,379000,股
2026-02-06,5439,高技,0.29,126000,股
2026-02-06,B40425,P10台聚2A,,50011997,元
2026-02-06,B60440,P12華新1B,,50038926,元
2026-02-06,B97506,P13第一金1,,14002503,元
2026-02-06,B99702,P12台壽1A,,86022380,元
2026-02-06,C_NTD,CASH,,490787411,元
2026-02-06,RDI_NTD,RECEIVABLES FOR DISPOSAL OF INVESTMENTS,,115460823,元
2026-02-09,2330,台積電,7.73,556000,股
2026-02-09,2345,智邦,4.88,488000,股
2026-02-09,8299,群聯,4.82,327000,股
2026-02-09,2308,台達電,4.56,504000,股
2026-02-09,3017,奇鋐,4.06,331000,股
2026-02-09,3665,貿聯-KY,3.72,387000,股
2026-02-09,6223,旺矽,3.72,175000,股
2026-02-09,6515,穎崴,3.65,101000,股
2026-02-09,8996,高力,3.65,539000,股
2026-02-09,2383,台光電,3.57,224000,股
2026-02-09,2059,川湖,2.99,134000,股
2026-02-09,2408,南亞科,2.93,1394000,股
2026-02-09,7769,鴻勁,2.71,92000,股
2026-02-09,3163,波若威,2.52,612000,股
2026-02-09,2360,致茂,2.47,313000,股
2026-02-09,3037,欣興,2.28,858000,股
2026-02-09,2449,京元電子,2.08,932000,股
2026-02-09,5347,世界,2.03,2101000,股
2026-02-09,3533,嘉澤,2.02,164000,股
2026-02-09,3260,威剛,1.95,819000,股
2026-02-09,3324,雙鴻,1.91,226000,股
2026-02-09,5274,信驊,1.89,26000,股
2026-02-09,6442,光聖,1.76,124000,股
2026-02-09,6781,AES-KY,1.68,191000,股
2026-02-09,3661,世芯-KY,1.61,64000,股
2026-02-09,4749,新應材,1.52,240000,股
2026-02-09,1519,華城,1.48,204000,股
2026-02-09,6669,緯穎,1.39,50000,股
2026-02-09,8358,金居,1.37,713000,股
2026-02-09,2486,一詮,1.25,1150000,股
2026-02-09,2454,聯發科,1.19,85000,股
2026-02-09,8210,勤誠,1.18,165000,股
2026-02-09,3529,力旺,1.02,71000,股
2026-02-09,6274,台燿,0.96,238000,股
2026-02-09,5289,宜鼎,0.94,157000,股
2026-02-09,3231,緯創,0.83,827000,股
2026-02-09,8021,尖點,0.78,509920,股
2026-02-09,6531,愛普*,0.76,245000,股
2026-02-09,6805,富世達,0.65,55000,股
2026-02-09,2317,鴻海,0.54,325000,股
2026-02-09,8046,南電,0.51,160000,股
2026-02-09,3443,創意,0.43,23000,股
2026-02-09,3189,景碩,0.42,213000,股
2026-02-09,6584,南俊國際,0.39,136000,股
2026-02-09,2368,金像電,0.37,60000,股
2026-02-09,3653,健策,0.34,14000,股
2026-02-09,2344,華邦電,0.31,379000,股
2026-02-09,5439,高技,0.3,126000,股
2026-02-09,B40425,P10台聚2A,,50011997,元
2026-02-09,B60440,P12華新1B,,50038926,元
2026-02-09,B97506,P13第一金1,,14000000,元
2026-02-09,B99702,P12台壽1A,,86042395,元
2026-02-09,C_NTD,CASH,,513765052,元
2026-02-09,RDI_NTD,RECEIVABLES FOR DISPOSAL OF INVESTMENTS,,-206244484,元
2026-02-10,2330,台積電,7.87,556000,股
2026-02-10,2345,智邦,5.11,488000,股
2026-02-10,2308,台達電,4.49,504000,股
2026-02-10,8299,群聯,4.49,327000,股
2026-02-10,3017,奇鋐,4.04,331000,股
2026-02-10,3665,貿聯-KY,4.02,387000,股
2026-02-10,8996,高力,3.78,539000,股
2026-02-10,6515,穎崴,3.72,101000,股
2026-02-10,6223,旺矽,3.67,175000,股
2026-02-10,2383,台光電,3.55,224000,股
2026-02-10,2059,川湖,2.96,134000,股
2026-02-10,2408,南亞科,2.84,1394000,股
2026-02-10,7769,鴻勁,2.77,92000,股
2026-02-10,3163,波若威,2.61,612000,股
2026-02-10,2360,致茂,2.45,313000,股
2026-02-10,3037,欣興,2.4,858000,股
2026-02-10,2449,京元電子,2.12,932000,股
2026-02-10,2454,聯發科,2.1,151000,股
2026-02-10,3533,嘉澤,2.01,164000,股
2026-02-10,5347,世界,1.97,2101000,股
2026-02-10,6442,光聖,1.85,124000,股
2026-02-10,3324,雙鴻,1.84,226000,股
2026-02-10,3260,威剛,1.83,819000,股
2026-02-10,5274,信驊,1.82,26000,股
2026-02-10,6781,AES-KY,1.62,191000,股
2026-02-10,3661,世芯-KY,1.59,64000,股
2026-02-10,1519,華城,1.48,204000,股
2026-02-10,4749,新應材,1.48,240000,股
2026-02-10,6669,緯穎,1.39,50000,股
2026-02-10,8358,金居,1.38,713000,股
2026-02-10,2486,一詮,1.26,1150000,股
2026-02-10,8210,勤誠,1.22,165000,股
2026-02-10,3529,力旺,0.96,71000,股
2026-02-10,6274,台燿,0.95,238000,股
2026-02-10,5289,宜鼎,0.89,157000,股
2026-02-10,3231,緯創,0.81,827000,股
2026-02-10,6531,愛普*,0.76,245000,股
2026-02-10,8021,尖點,0.75,509920,股
2026-02-10,6805,富世達,0.65,55000,股
2026-02-10,2317,鴻海,0.54,325000,股
2026-02-10,8046,南電,0.49,160000,股
2026-02-10,3443,創意,0.43,23000,股
2026-02-10,6584,南俊國際,0.42,136000,股
2026-02-10,3189,景碩,0.41,213000,股
2026-02-10,2368,金像電,0.38,60000,股
2026-02-10,3653,健策,0.35,14000,股
2026-02-10,2344,華邦電,0.3,379000,股
2026-02-10,5439,高技,0.3,126000,股
2026-02-10,B40425,P10台聚2A,,50020568,元
2026-02-10,B60440,P12華新1B,,50038926,元
2026-02-10,B97506,P13第一金1,,14000000,元
2026-02-10,B99702,P12台壽1A,,86042395,元
2026-02-10,C_NTD,CASH,,606236234,元
2026-02-10,RDI_NTD,RECEIVABLES FOR DISPOSAL OF INVESTMENTS,,-421225275,元
2026-02-11,2330,台積電,7.93,556000,股
2026-02-11,2345,智邦,5.27,488000,股
2026-02-11,2308,台達電,4.73,504000,股
2026-02-11,8299,群聯,4.52,327000,股
2026-02-11,3017,奇鋐,3.95,331000,股
2026-02-11,3665,貿聯-KY,3.93,387000,股
2026-02-11,6515,穎崴,3.76,101000,股
2026-02-11,2383,台光電,3.66,224000,股
2026-02-11,8996,高力,3.64,539000,股
2026-02-11,6223,旺矽,3.63,175000,股
2026-02-11,2059,川湖,3.02,134000,股
2026-02-11,7769,鴻勁,2.98,92000,股
2026-02-11,2408,南亞科,2.88,1394000,股
2026-02-11,3163,波若威,2.68,612000,股
2026-02-11,2360,致茂,2.45,313000,股
2026-02-11,3037,欣興,2.36,858000,股
2026-02-11,2449,京元電子,2.17,932000,股
2026-02-11,2454,聯發科,2.09,151000,股
2026-02-11,3533,嘉澤,2.01,164000,股
2026-02-11,5347,世界,1.97,2101000,股
2026-02-11,5274,信驊,1.88,26000,股
2026-02-11,6442,光聖,1.8,124000,股
2026-02-11,3324,雙鴻,1.79,226000,股
2026-02-11,3661,世芯-KY,1.61,64000,股
2026-02-11,6781,AES-KY,1.61,191000,股
2026-02-11,4749,新應材,1.48,240000,股
2026-02-11,1519,華城,1.47,204000,股
2026-02-11,8358,金居,1.43,713000,股
2026-02-11,6669,緯穎,1.39,50000,股
2026-02-11,2486,一詮,1.3,1150000,股
2026-02-11,8210,勤誠,1.2,165000,股
2026-02-11,3529,力旺,1.05,71000,股
2026-02-11,6274,台燿,0.94,238000,股
2026-02-11,5289,宜鼎,0.85,157000,股
2026-02-11,3231,緯創,0.81,827000,股
2026-02-11,8021,尖點,0.77,509920,股
2026-02-11,6531,愛普*,0.72,245000,股
2026-02-11,6805,富世達,0.63,55000,股
2026-02-11,2317,鴻海,0.55,325000,股
2026-02-11,8046,南電,0.5,160000,股
2026-02-11,6584,南俊國際,0.45,136000,股
2026-02-11,3189,景碩,0.42,213000,股
2026-02-11,3443,創意,0.42,23000,股
2026-02-11,2368,金像電,0.37,60000,股
2026-02-11,3653,健策,0.33,14000,股
2026-02-11,2344,華邦電,0.3,379000,股
2026-02-11,5439,高技,0.29,126000,股
2026-02-11,B40425,P10台聚2A,,50020568,元
2026-02-11,B60440,P12華新1B,,50047748,元
2026-02-11,B96418,P11永豐證4,,100049402,元
2026-02-11,C_NTD,CASH,,307520568,元
2026-02-11,PFUR_NTD,PAYABLES FOR UNITS REDEEMED,,-83556200,元
2026-02-11,RDI_NTD,RECEIVABLES FOR DISPOSAL OF INVESTMENTS,,116389225,元
2026-02-23,2330,台積電,7.83,556000,股
2026-02-23,2345,智邦,5.06,488000,股
2026-02-23,2308,台達電,4.87,504000,股
2026-02-23,8299,群聯,4.66,327000,股
2026-02-23,2408,南亞科,3.94,1841000,股
2026-02-23,3017,奇鋐,3.73,331000,股
2026-02-23,3665,貿聯-KY,3.7,387000,股
2026-02-23,6223,旺矽,3.64,175000,股
2026-02-23,2383,台光電,3.61,224000,股
2026-02-23,3037,欣興,3.58,1193000,股
2026-02-23,6515,穎崴,3.51,101000,股
2026-02-23,8996,高力,3.51,539000,股
2026-02-23,2059,川湖,3.01,134000,股
2026-02-23,7769,鴻勁,3.0,92000,股
2026-02-23,3163,波若威,2.93,612000,股
2026-02-23,2360,致茂,2.68,313000,股
2026-02-23,2449,京元電子,2.19,932000,股
2026-02-23,2454,聯發科,2.01,151000,股
2026-02-23,3533,嘉澤,1.97,164000,股
2026-02-23,5347,世界,1.95,2101000,股
2026-02-23,5274,信驊,1.88,26000,股
2026-02-23,6442,光聖,1.87,124000,股
2026-02-23,3324,雙鴻,1.7,226000,股
2026-02-23,6781,AES-KY,1.7,191000,股
2026-02-23,4749,新應材,1.56,240000,股
2026-02-23,1519,華城,1.46,204000,股
2026-02-23,8358,金居,1.44,713000,股
2026-02-23,6669,緯穎,1.41,50000,股
2026-02-23,2486,一詮,1.34,1150000,股
2026-02-23,3529,力旺,1.15,71000,股
2026-02-23,8210,勤誠,1.09,165000,股
2026-02-23,6274,台燿,0.95,238000,股
2026-02-23,3661,世芯-KY,0.91,37000,股
2026-02-23,5289,宜鼎,0.88,157000,股
2026-02-23,8021,尖點,0.84,509920,股
2026-02-23,6531,愛普*,0.73,245000,股
2026-02-23,6805,富世達,0.6,55000,股
2026-02-23,2317,鴻海,0.55,325000,股
2026-02-23,8046,南電,0.54,160000,股
2026-02-23,3189,景碩,0.46,213000,股
2026-02-23,6584,南俊國際,0.44,136000,股
2026-02-23,3443,創意,0.4,23000,股
2026-02-23,2368,金像電,0.36,60000,股
2026-02-23,2344,華邦電,0.32,379000,股
2026-02-23,3653,健策,0.32,14000,股
2026-02-23,5439,高技,0.28,126000,股
2026-02-23,B40425,P10台聚2A,,50042857,元
2026-02-23,B60440,P12華新1B,,50069221,元
2026-02-23,B85412,P13中龍1,,10000000,元
2026-02-23,B99702,P12台壽1A,,132052881,元
2026-02-23,C_NTD,CASH,,381909793,元
2026-02-23,PFUR_NTD,PAYABLES FOR UNITS REDEEMED,,-83556200,元
2026-02-23,RDI_NTD,RECEIVABLES FOR DISPOSAL OF INVESTMENTS,,-67879240,元
2026-02-24,2330,台積電,7.83,556000,股
2026-02-24,8299,群聯,5.84,394000,股
2026-02-24,2308,台達電,5.0,504000,股
2026-02-24,2345,智邦,4.91,488000,股
2026-02-24,2408,南亞科,4.87,2279000,股
2026-02-24,8996,高力,4.0,599000,股
2026-02-24,3037,欣興,3.81,1193000,股
2026-02-24,2383,台光電,3.71,224000,股
2026-02-24,3017,奇鋐,3.68,331000,股
2026-02-24,3665,貿聯-KY,3.59,387000,股
2026-02-24,6515,穎崴,3.45,101000,股
2026-02-24,6223,旺矽,3.32,175000,股
2026-02-24,3163,波若威,3.12,612000,股
2026-02-24,7769,鴻勁,3.04,92000,股
2026-02-24,2059,川湖,3.0,134000,股
2026-02-24,2360,致茂,2.75,313000,股
2026-02-24,2449,京元電子,2.18,932000,股
2026-02-24,5347,世界,2.07,2101000,股
2026-02-24,2454,聯發科,1.97,151000,股
2026-02-24,3533,嘉澤,1.92,164000,股
2026-02-24,5274,信驊,1.82,26000,股
2026-02-24,6442,光聖,1.8,124000,股
2026-02-24,3324,雙鴻,1.7,226000,股
2026-02-24,6781,AES-KY,1.64,191000,股
2026-02-24,4749,新應材,1.55,240000,股
2026-02-24,8358,金居,1.53,713000,股
2026-02-24,1519,華城,1.4,204000,股
2026-02-24,6669,緯穎,1.37,50000,股
2026-02-24,3529,力旺,1.21,71000,股
2026-02-24,2486,一詮,1.18,1150000,股
2026-02-24,8210,勤誠,1.03,165000,股
2026-02-24,6274,台燿,0.96,238000,股
2026-02-24,5289,宜鼎,0.92,157000,股
2026-02-24,3661,世芯-KY,0.91,37000,股
2026-02-24,8021,尖點,0.89,509920,股
2026-02-24,6531,愛普*,0.72,245000,股
2026-02-24,6805,富世達,0.58,55000,股
2026-02-24,8046,南電,0.58,160000,股
2026-02-24,2317,鴻海,0.54,325000,股
2026-02-24,3189,景碩,0.49,213000,股
2026-02-24,6584,南俊國際,0.42,136000,股
2026-02-24,3443,創意,0.41,23000,股
2026-02-24,2368,金像電,0.36,60000,股
2026-02-24,2344,華邦電,0.33,379000,股
2026-02-24,3653,健策,0.29,14000,股
2026-02-24,5439,高技,0.27,126000,股
2026-02-24,B40425,P10台聚2A,,50042857,元
2026-02-24,B60440,P12華新1B,,50069221,元
2026-02-24,B85412,P13中龍1,,10000000,元
2026-02-24,B99503,P12富壽1A,,132112987,元
2026-02-24,C_NTD,CASH,,381909793,元
2026-02-24,PFUR_NTD,PAYABLES FOR UNITS REDEEMED,,-83556200,元
2026-02-24,RDI_NTD,RECEIVABLES FOR DISPOSAL OF INVESTMENTS,,-384223610,元
2026-02-25,2330,台積電,7.84,556000,股
2026-02-25,8299,群聯,5.31,394000,股
2026-02-25,2308,台達電,5.06,504000,股
2026-02-25,2345,智邦,4.95,488000,股
2026-02-25,2408,南亞科,4.59,2279000,股
2026-02-25,3017,奇鋐,3.88,331000,股
2026-02-25,3037,欣興,3.83,1193000,股
2026-02-25,8996,高力,3.82,599000,股
2026-02-25,6515,穎崴,3.5,100000,股
2026-02-25,3163,波若威,3.35,612000,股
2026-02-25,6223,旺矽,3.28,175000,股
2026-02-25,2059,川湖,3.15,134000,股
2026-02-25,7769,鴻勁,3.1,92000,股
2026-02-25,2383,台光電,2.78,164000,股
2026-02-25,2360,致茂,2.75,313000,股
2026-02-25,2449,京元電子,2.09,932000,股
2026-02-25,3533,嘉澤,2.06,164000,股
2026-02-25,3665,貿聯-KY,2.04,217000,股
2026-02-25,2454,聯發科,1.98,151000,股
2026-02-25,5347,世界,1.98,2101000,股
2026-02-25,3324,雙鴻,1.83,226000,股
2026-02-25,6442,光聖,1.8,124000,股
2026-02-25,5274,信驊,1.77,26000,股
2026-02-25,6781,AES-KY,1.6,191000,股
2026-02-25,1519,華城,1.5,204000,股
2026-02-25,4749,新應材,1.5,240000,股
2026-02-25,8358,金居,1.46,713000,股
2026-02-25,6669,緯穎,1.42,50000,股
2026-02-25,3529,力旺,1.23,71000,股
2026-02-25,2486,一詮,1.12,1150000,股
2026-02-25,8210,勤誠,1.05,165000,股
2026-02-25,6274,台燿,0.96,238000,股
2026-02-25,8021,尖點,0.94,509920,股
2026-02-25,3661,世芯-KY,0.9,37000,股
2026-02-25,5289,宜鼎,0.87,157000,股
2026-02-25,6531,愛普*,0.73,245000,股
2026-02-25,8046,南電,0.62,160000,股
2026-02-25,6805,富世達,0.6,55000,股
2026-02-25,2317,鴻海,0.56,325000,股
2026-02-25,3189,景碩,0.49,213000,股
2026-02-25,3443,創意,0.41,23000,股
2026-02-25,6584,南俊國際,0.41,136000,股
2026-02-25,2368,金像電,0.35,60000,股
2026-02-25,2344,華邦電,0.31,379000,股
2026-02-25,3653,健策,0.31,14000,股
2026-02-25,5439,高技,0.26,126000,股
2026-02-25,B99603,P12國壽1A,,100000000,元
2026-02-25,C_NTD,CASH,,372711321,元
2026-02-25,RDI_NTD,RECEIVABLES FOR DISPOSAL OF INVESTMENTS,,59174684,元
2026-02-26,2330,台積電,7.69,556000,股
2026-02-26,8299,群聯,5.16,394000,股
2026-02-26,2308,台達電,5.0,504000,股
2026-02-26,2345,智邦,4.74,488000,股
2026-02-26,2408,南亞科,4.51,2279000,股
2026-02-26,3017,奇鋐,4.05,331000,股
2026-02-26,3037,欣興,3.98,1193000,股
2026-02-26,8996,高力,3.65,599000,股
2026-02-26,6223,旺矽,3.57,175000,股
2026-02-26,6515,穎崴,3.55,100000,股
2026-02-26,3163,波若威,3.29,612000,股
2026-02-26,2059,川湖,3.2,134000,股
2026-02-26,7769,鴻勁,3.1,92000,股
2026-02-26,2360,致茂,2.99,313000,股
2026-02-26,2383,台光電,2.77,164000,股
2026-02-26,3665,貿聯-KY,2.12,217000,股
2026-02-26,2449,京元電子,2.11,932000,股
2026-02-26,2454,聯發科,2.04,151000,股
2026-02-26,3533,嘉澤,2.02,164000,股
2026-02-26,5347,世界,1.94,2101000,股
2026-02-26,6442,光聖,1.84,124000,股
2026-02-26,3324,雙鴻,1.81,226000,股
2026-02-26,5274,信驊,1.75,26000,股
2026-02-26,6781,AES-KY,1.6,191000,股
2026-02-26,4749,新應材,1.52,240000,股
2026-02-26,1519,華城,1.51,204000,股
2026-02-26,8358,金居,1.43,713000,股
2026-02-26,6669,緯穎,1.39,50000,股
2026-02-26,3529,力旺,1.25,71000,股
2026-02-26,2486,一詮,1.12,1150000,股
2026-02-26,8210,勤誠,1.05,165000,股
2026-02-26,3661,世芯-KY,0.9,37000,股
2026-02-26,6274,台燿,0.9,238000,股
2026-02-26,8021,尖點,0.9,509920,股
2026-02-26,5289,宜鼎,0.85,157000,股
2026-02-26,6531,愛普*,0.74,245000,股
2026-02-26,7751,竑騰,0.7,83000,股
2026-02-26,6805,富世達,0.65,55000,股
2026-02-26,8046,南電,0.62,160000,股
2026-02-26,2317,鴻海,0.55,325000,股
2026-02-26,3189,景碩,0.46,213000,股
2026-02-26,3443,創意,0.44,23000,股
2026-02-26,6584,南俊國際,0.4,136000,股
2026-02-26,2368,金像電,0.34,60000,股
2026-02-26,2344,華邦電,0.32,379000,股
2026-02-26,3653,健策,0.3,14000,股
2026-02-26,5439,高技,0.26,126000,股
2026-02-26,B99603,P12國壽1A,,100003477,元
2026-02-26,C_NTD,CASH,,56284951,元
2026-02-26,RDI_NTD,RECEIVABLES FOR DISPOSAL OF INVESTMENTS,,275894588,元
2026-03-02,2330,台積電,7.64,556000,股
2026-03-02,8299,群聯,5.27,394000,股
2026-03-02,2308,台達電,5.0,504000,股
2026-03-02,2345,智邦,4.81,488000,股
2026-03-02,2408,南亞科,4.52,2279000,股
2026-03-02,3017,奇鋐,4.07,331000,股
2026-03-02,3037,欣興,3.99,1193000,股
2026-03-02,8996,高力,3.67,599000,股
2026-03-02,3163,波若威,3.44,612000,股
2026-03-02,6223,旺矽,3.41,175000,股
2026-03-02,6515,穎崴,3.32,100000,股
2026-03-02,2360,致茂,3.3,313000,股
2026-03-02,2059,川湖,3.19,134000,股
2026-03-02,7769,鴻勁,2.8,92000,股
2026-03-02,2383,台光電,2.72,164000,股
2026-03-02,3665,貿聯-KY,2.27,217000,股
2026-03-02,2449,京元電子,2.05,932000,股
2026-03-02,6442,光聖,2.03,124000,股
2026-03-02,2454,聯發科,2.0,151000,股
2026-03-02,3533,嘉澤,1.94,164000,股
2026-03-02,5347,世界,1.89,2101000,股
2026-03-02,3324,雙鴻,1.78,226000,股
2026-03-02,5274,信驊,1.72,26000,股
2026-03-02,6781,AES-KY,1.57,191000,股
2026-03-02,4749,新應材,1.52,240000,股
2026-03-02,7751,竑騰,1.49,166000,股
2026-03-02,1519,華城,1.46,204000,股
2026-03-02,6669,緯穎,1.44,50000,股
2026-03-02,8358,金居,1.42,713000,股
2026-03-02,3529,力旺,1.26,71000,股
2026-03-02,2486,一詮,1.09,1150000,股
2026-03-02,8210,勤誠,1.07,165000,股
2026-03-02,5289,宜鼎,0.94,157000,股
2026-03-02,8021,尖點,0.9,509920,股
2026-03-02,3661,世芯-KY,0.89,37000,股
2026-03-02,6274,台燿,0.89,238000,股
2026-03-02,6531,愛普*,0.74,245000,股
2026-03-02,6805,富世達,0.67,55000,股
2026-03-02,8046,南電,0.6,160000,股
2026-03-02,2317,鴻海,0.54,325000,股
2026-03-02,3189,景碩,0.45,213000,股
2026-03-02,3443,創意,0.42,23000,股
2026-03-02,6584,南俊國際,0.4,136000,股
2026-03-02,2344,華邦電,0.33,379000,股
2026-03-02,2368,金像電,0.33,60000,股
2026-03-02,3653,健策,0.3,14000,股
2026-03-02,5439,高技,0.25,126000,股
2026-03-02,B99603,P12國壽1A,,100017779,元
2026-03-02,C_NTD,CASH,,431804005,元
2026-03-02,RDI_NTD,RECEIVABLES FOR DISPOSAL OF INVESTMENTS,,-206927368,元
2026-03-03,2330,台積電,7.63,556000,股
2026-03-03,2345,智邦,4.92,488000,股
2026-03-03,8299,群聯,4.9,394000,股
2026-03-03,2308,台達電,4.79,504000,股
2026-03-03,3017,奇鋐,4.21,331000,股
2026-03-03,2408,南亞科,4.15,2279000,股
2026-03-03,3037,欣興,3.92,1193000,股
2026-03-03,6223,旺矽,3.54,175000,股
2026-03-03,8996,高力,3.53,599000,股
2026-03-03,3163,波若威,3.47,612000,股
2026-03-03,6515,穎崴,3.36,100000,股
2026-03-03,2059,川湖,3.12,134000,股
2026-03-03,2360,致茂,3.1,313000,股
2026-03-03,7769,鴻勁,2.71,92000,股
2026-03-03,2383,台光電,2.7,164000,股
2026-03-03,3665,貿聯-KY,2.53,217000,股
2026-03-03,5347,世界,2.18,2501000,股
2026-03-03,6442,光聖,2.05,124000,股
2026-03-03,2449,京元電子,2.02,932000,股
2026-03-03,2454,聯發科,1.94,151000,股
2026-03-03,3533,嘉澤,1.93,164000,股
2026-03-03,3324,雙鴻,1.73,226000,股
2026-03-03,5274,信驊,1.71,26000,股
2026-03-03,4749,新應材,1.58,240000,股
2026-03-03,6781,AES-KY,1.52,191000,股
2026-03-03,6669,緯穎,1.47,50000,股
2026-03-03,1519,華城,1.43,204000,股
2026-03-03,7751,竑騰,1.39,166000,股
2026-03-03,8358,金居,1.34,713000,股
2026-03-03,3529,力旺,1.18,71000,股
2026-03-03,2486,一詮,1.11,1150000,股
2026-03-03,8210,勤誠,1.07,165000,股
2026-03-03,8021,尖點,0.93,509920,股
2026-03-03,5289,宜鼎,0.91,157000,股
2026-03-03,6274,台燿,0.91,238000,股
2026-03-03,3661,世芯-KY,0.88,37000,股
2026-03-03,6531,愛普*,0.73,245000,股
2026-03-03,6805,富世達,0.69,55000,股
2026-03-03,8046,南電,0.57,160000,股
2026-03-03,2317,鴻海,0.53,325000,股
2026-03-03,3189,景碩,0.47,213000,股
2026-03-03,3443,創意,0.41,23000,股
2026-03-03,6584,南俊國際,0.39,136000,股
2026-03-03,2368,金像電,0.33,60000,股
2026-03-03,2344,華邦電,0.3,379000,股
2026-03-03,3653,健策,0.3,14000,股
2026-03-03,5439,高技,0.25,126000,股
2026-03-03,B99603,P12國壽1A,,100017779,元
2026-03-03,C_NTD,CASH,,524749152,元
2026-03-03,RDI_NTD,RECEIVABLES FOR DISPOSAL OF INVESTMENTS,,-159712958,元
2026-03-04,2330,台積電,7.83,556000,股
2026-03-04,8299,群聯,5.07,394000,股
2026-03-04,2345,智邦,4.81,488000,股
2026-03-04,2308,台達電,4.78,504000,股
2026-03-04,3017,奇鋐,4.37,331000,股
2026-03-04,7769,鴻勁,3.82,127000,股
2026-03-04,3037,欣興,3.76,1193000,股
2026-03-04,2383,台光電,3.62,219000,股
2026-03-04,6223,旺矽,3.51,175000,股
2026-03-04,6515,穎崴,3.42,100000,股
2026-03-04,8996,高力,3.39,599000,股
2026-03-04,3163,波若威,3.33,612000,股
2026-03-04,2059,川湖,3.21,134000,股
2026-03-04,2360,致茂,3.17,313000,股
2026-03-04,2408,南亞科,2.97,1679000,股
2026-03-04,3665,貿聯-KY,2.64,217000,股
2026-03-04,5347,世界,2.19,2501000,股
2026-03-04,6442,光聖,1.97,124000,股
2026-03-04,2449,京元電子,1.96,932000,股
2026-03-04,2454,聯發科,1.96,151000,股
2026-03-04,3533,嘉澤,1.85,164000,股
2026-03-04,5274,信驊,1.7,26000,股
2026-03-04,3324,雙鴻,1.66,226000,股
2026-03-04,4749,新應材,1.59,240000,股
2026-03-04,6669,緯穎,1.48,50000,股
2026-03-04,6781,AES-KY,1.47,191000,股
2026-03-04,8358,金居,1.41,713000,股
2026-03-04,1519,華城,1.4,204000,股
2026-03-04,7751,竑騰,1.38,166000,股
2026-03-04,3529,力旺,1.21,71000,股
2026-03-04,8210,勤誠,1.1,165000,股
2026-03-04,2486,一詮,1.09,1150000,股
2026-03-04,8021,尖點,0.89,509920,股
2026-03-04,5289,宜鼎,0.88,157000,股
2026-03-04,6274,台燿,0.88,238000,股
2026-03-04,3661,世芯-KY,0.87,37000,股
2026-03-04,6531,愛普*,0.75,245000,股
2026-03-04,6805,富世達,0.68,55000,股
2026-03-04,8046,南電,0.54,160000,股
2026-03-04,2317,鴻海,0.53,325000,股
2026-03-04,3189,景碩,0.46,213000,股
2026-03-04,3443,創意,0.4,23000,股
2026-03-04,6584,南俊國際,0.38,136000,股
2026-03-04,2368,金像電,0.32,60000,股
2026-03-04,2344,華邦電,0.3,379000,股
2026-03-04,3653,健策,0.3,14000,股
2026-03-04,5439,高技,0.25,126000,股
2026-03-04,B99603,P12國壽1A,,100024783,元
2026-03-04,B99702,P12台壽1A,,100000000,元
2026-03-04,C_NTD,CASH,,317353250,元
2026-03-04,RDI_NTD,RECEIVABLES FOR DISPOSAL OF INVESTMENTS,,-175992334,元
2026-03-05,2330,台積電,7.6,556000,股
2026-03-05,8299,群聯,5.1,394000,股
2026-03-05,2345,智邦,4.98,488000,股
2026-03-05,2308,台達電,4.84,504000,股
2026-03-05,3017,奇鋐,4.33,331000,股
2026-03-05,7769,鴻勁,3.88,127000,股
2026-03-05,3037,欣興,3.86,1193000,股
2026-03-05,2383,台光電,3.73,219000,股
2026-03-05,6223,旺矽,3.58,175000,股
2026-03-05,6515,穎崴,3.43,100000,股
2026-03-05,8996,高力,3.35,599000,股
2026-03-05,2059,川湖,3.2,134000,股
2026-03-05,2360,致茂,3.16,313000,股
2026-03-05,3163,波若威,3.16,612000,股
2026-03-05,2408,南亞科,3.11,1679000,股
2026-03-05,3665,貿聯-KY,2.69,217000,股
2026-03-05,5347,世界,2.15,2501000,股
2026-03-05,2449,京元電子,1.98,932000,股
2026-03-05,2454,聯發科,1.93,151000,股
2026-03-05,3533,嘉澤,1.87,164000,股
2026-03-05,5274,信驊,1.78,26000,股
2026-03-05,6442,光聖,1.77,124000,股
2026-03-05,4749,新應材,1.67,240000,股
2026-03-05,3324,雙鴻,1.59,226000,股
2026-03-05,6669,緯穎,1.52,50000,股
2026-03-05,7751,竑騰,1.45,166000,股
2026-03-05,6781,AES-KY,1.42,191000,股
2026-03-05,1519,華城,1.4,204000,股
2026-03-05,8358,金居,1.3,713000,股
2026-03-05,3529,力旺,1.24,71000,股
2026-03-05,2486,一詮,1.12,1150000,股
2026-03-05,8210,勤誠,1.1,165000,股
2026-03-05,5289,宜鼎,0.88,157000,股
2026-03-05,3661,世芯-KY,0.87,37000,股
2026-03-05,6274,台燿,0.87,238000,股
2026-03-05,8021,尖點,0.85,509920,股
2026-03-05,6531,愛普*,0.78,245000,股
2026-03-05,6805,富世達,0.68,55000,股
2026-03-05,8046,南電,0.53,160000,股
2026-03-05,2317,鴻海,0.52,325000,股
2026-03-05,3189,景碩,0.46,213000,股
2026-03-05,3443,創意,0.39,23000,股
2026-03-05,6584,南俊國際,0.39,136000,股
2026-03-05,2368,金像電,0.32,60000,股
2026-03-05,3653,健策,0.32,14000,股
2026-03-05,2344,華邦電,0.31,379000,股
2026-03-05,5439,高技,0.25,126000,股
2026-03-05,B99603,P12國壽1A,,100024783,元
2026-03-05,B99702,P12台壽1A,,50003477,元
2026-03-05,C_NTD,CASH,,302319261,元
2026-03-05,PFUR_NTD,PAYABLES FOR UNITS REDEEMED,,-6095198,元
2026-03-05,RDI_NTD,RECEIVABLES FOR DISPOSAL OF INVESTMENTS,,-123582278,元
2026-03-06,2330,台積電,7.56,556000,股
2026-03-06,2345,智邦,5.14,488000,股
2026-03-06,8299,群聯,5.02,394000,股
2026-03-06,2308,台達電,4.79,504000,股
2026-03-06,3017,奇鋐,4.39,331000,股
2026-03-06,7769,鴻勁,3.85,127000,股
2026-03-06,6515,穎崴,3.78,100000,股
2026-03-06,6223,旺矽,3.73,175000,股
2026-03-06,2383,台光電,3.72,219000,股
2026-03-06,3037,欣興,3.71,1193000,股
2026-03-06,8996,高力,3.35,599000,股
2026-03-06,3163,波若威,3.18,612000,股
2026-03-06,2360,致茂,3.1,313000,股
2026-03-06,2059,川湖,3.09,134000,股
2026-03-06,2408,南亞科,2.82,1679000,股
2026-03-06,3665,貿聯-KY,2.76,217000,股
2026-03-06,5347,世界,2.13,2501000,股
2026-03-06,2454,聯發科,1.92,151000,股
2026-03-06,2449,京元電子,1.91,932000,股
2026-03-06,3533,嘉澤,1.85,164000,股
2026-03-06,5274,信驊,1.82,26000,股
2026-03-06,4749,新應材,1.75,240000,股
2026-03-06,6442,光聖,1.69,124000,股
2026-03-06,3324,雙鴻,1.61,226000,股
2026-03-06,6669,緯穎,1.52,50000,股
2026-03-06,7751,竑騰,1.43,166000,股
2026-03-06,6781,AES-KY,1.42,191000,股
2026-03-06,1519,華城,1.36,204000,股
2026-03-06,8358,金居,1.32,713000,股
2026-03-06,2486,一詮,1.12,1150000,股
2026-03-06,8210,勤誠,1.11,165000,股
2026-03-06,3529,力旺,1.07,62000,股
2026-03-06,5289,宜鼎,0.91,157000,股
2026-03-06,3661,世芯-KY,0.88,37000,股
2026-03-06,6274,台燿,0.86,238000,股
2026-03-06,8021,尖點,0.86,509920,股
2026-03-06,6531,愛普*,0.77,245000,股
2026-03-06,6805,富世達,0.73,55000,股
2026-03-06,8046,南電,0.54,160000,股
2026-03-06,2317,鴻海,0.52,325000,股
2026-03-06,3189,景碩,0.45,213000,股
2026-03-06,3443,創意,0.39,23000,股
2026-03-06,6584,南俊國際,0.37,136000,股
2026-03-06,2368,金像電,0.34,60000,股
2026-03-06,3653,健策,0.34,14000,股
2026-03-06,2344,華邦電,0.29,379000,股
2026-03-06,5439,高技,0.25,126000,股
2026-03-06,B99603,P12國壽1A,,100031788,元
2026-03-06,B99702,P12台壽1A,,50003477,元
2026-03-06,C_NTD,CASH,,178736670,元
2026-03-06,PFUR_NTD,PAYABLES FOR UNITS REDEEMED,,-6095198,元
2026-03-06,RDI_NTD,RECEIVABLES FOR DISPOSAL OF INVESTMENTS,,21511440,元
2026-03-09,2330,台積電,7.81,556000,股
2026-03-09,2345,智邦,5.23,488000,股
2026-03-09,8299,群聯,4.91,394000,股
2026-03-09,2308,台達電,4.77,504000,股
2026-03-09,3017,奇鋐,4.28,331000,股
2026-03-09,7769,鴻勁,3.87,127000,股
2026-03-09,6515,穎崴,3.86,100000,股
2026-03-09,2383,台光電,3.7,219000,股
2026-03-09,6223,旺矽,3.69,175000,股
2026-03-09,3037,欣興,3.6,1193000,股
2026-03-09,8996,高力,3.25,599000,股
2026-03-09,2059,川湖,3.12,134000,股
2026-03-09,3163,波若威,3.09,612000,股
2026-03-09,2360,致茂,3.01,313000,股
2026-03-09,2408,南亞科,2.74,1679000,股
2026-03-09,3665,貿聯-KY,2.69,217000,股
2026-03-09,5347,世界,2.13,2501000,股
2026-03-09,2449,京元電子,1.97,932000,股
2026-03-09,2454,聯發科,1.95,151000,股
2026-03-09,3533,嘉澤,1.92,164000,股
2026-03-09,5274,信驊,1.87,26000,股
2026-03-09,4749,新應材,1.7,240000,股
2026-03-09,6442,光聖,1.65,124000,股
2026-03-09,3324,雙鴻,1.57,226000,股
2026-03-09,6669,緯穎,1.52,50000,股
2026-03-09,6781,AES-KY,1.45,191000,股
2026-03-09,7751,竑騰,1.39,166000,股
2026-03-09,1519,華城,1.38,204000,股
2026-03-09,8358,金居,1.29,713000,股
2026-03-09,8210,勤誠,1.12,165000,股
2026-03-09,2486,一詮,1.09,1150000,股
2026-03-09,3529,力旺,1.05,62000,股
2026-03-09,5289,宜鼎,1.0,157000,股
2026-03-09,3661,世芯-KY,0.86,37000,股
2026-03-09,6274,台燿,0.84,238000,股
2026-03-09,8021,尖點,0.84,509920,股
2026-03-09,6531,愛普*,0.77,245000,股
2026-03-09,6805,富世達,0.71,55000,股
2026-03-09,2317,鴻海,0.53,325000,股
2026-03-09,8046,南電,0.53,160000,股
2026-03-09,3189,景碩,0.49,237013,股
2026-03-09,3443,創意,0.39,23000,股
2026-03-09,6584,南俊國際,0.36,136000,股
2026-03-09,2368,金像電,0.35,60000,股
2026-03-09,3653,健策,0.35,14000,股
2026-03-09,2344,華邦電,0.3,379000,股
2026-03-09,5439,高技,0.24,126000,股
2026-03-09,B99603,P12國壽1A,,100031788,元
2026-03-09,B99702,P12台壽1A,,50010480,元
2026-03-09,C_NTD,CASH,,197937747,元
2026-03-09,PFUR_NTD,PAYABLES FOR UNITS REDEEMED,,-6095198,元
2026-03-09,RDI_NTD,RECEIVABLES FOR DISPOSAL OF INVESTMENTS,,21511440,元
2026-03-10,2330,台積電,7.6,556000,股
2026-03-10,2345,智邦,5.17,488000,股
2026-03-10,8299,群聯,5.08,394000,股
2026-03-10,2308,台達電,4.8,504000,股
2026-03-10,3017,奇鋐,4.14,331000,股
2026-03-10,6515,穎崴,4.04,100000,股
2026-03-10,6223,旺矽,3.87,175000,股
2026-03-10,7769,鴻勁,3.85,127000,股
2026-03-10,2383,台光電,3.84,219000,股
2026-03-10,3037,欣興,3.74,1193000,股
2026-03-10,8996,高力,3.4,599000,股
2026-03-10,3163,波若威,3.16,612000,股
2026-03-10,2360,致茂,3.14,313000,股
2026-03-10,2059,川湖,3.03,134000,股
2026-03-10,2408,南亞科,2.87,1679000,股
2026-03-10,3665,貿聯-KY,2.51,217000,股
2026-03-10,5347,世界,2.06,2501000,股
2026-03-10,2449,京元電子,2.02,932000,股
2026-03-10,3533,嘉澤,1.91,164000,股
2026-03-10,5274,信驊,1.81,26000,股
2026-03-10,4749,新應材,1.63,240000,股
2026-03-10,3324,雙鴻,1.57,226000,股
2026-03-10,6442,光聖,1.56,124000,股
2026-03-10,6669,緯穎,1.46,50000,股
2026-03-10,7751,竑騰,1.45,166000,股
2026-03-10,6781,AES-KY,1.41,191000,股
2026-03-10,1519,華城,1.37,204000,股
2026-03-10,8358,金居,1.19,713000,股
2026-03-10,2486,一詮,1.09,1150000,股
2026-03-10,8210,勤誠,1.08,165000,股
2026-03-10,5289,宜鼎,1.05,157000,股
2026-03-10,3529,力旺,1.04,62000,股
2026-03-10,8021,尖點,0.86,509920,股
2026-03-10,3661,世芯-KY,0.84,37000,股
2026-03-10,6274,台燿,0.82,238000,股
2026-03-10,6531,愛普*,0.77,245000,股
2026-03-10,6805,富世達,0.71,55000,股
2026-03-10,8046,南電,0.51,160000,股
2026-03-10,2317,鴻海,0.5,325000,股
2026-03-10,3189,景碩,0.48,237013,股
2026-03-10,3443,創意,0.38,23000,股
2026-03-10,2368,金像電,0.36,60000,股
2026-03-10,3653,健策,0.36,14000,股
2026-03-10,6584,南俊國際,0.36,136000,股
2026-03-10,2344,華邦電,0.3,379000,股
2026-03-10,5439,高技,0.24,126000,股
2026-03-10,B99603,P12國壽1A,,100045799,元
2026-03-10,B99702,P12台壽1A,,50010480,元
2026-03-10,C_NTD,CASH,,213341989,元
2026-03-10,RDI_NTD,RECEIVABLES FOR DISPOSAL OF INVESTMENTS,,255737163,元
2026-03-11,2330,台積電,7.48,556000,股
2026-03-11,8299,群聯,5.16,394000,股
2026-03-11,2383,台光電,5.08,299000,股
2026-03-11,2345,智邦,5.02,488000,股
2026-03-11,2308,台達電,4.89,504000,股
2026-03-11,3017,奇鋐,4.27,331000,股
2026-03-11,2408,南亞科,4.19,2379000,股
2026-03-11,6515,穎崴,4.09,100000,股
2026-03-11,6223,旺矽,3.99,175000,股
2026-03-11,3037,欣興,3.85,1193000,股
2026-03-11,7769,鴻勁,3.81,127000,股
2026-03-11,8996,高力,3.46,599000,股
2026-03-11,3163,波若威,3.27,612000,股
2026-03-11,2360,致茂,3.24,313000,股
2026-03-11,2059,川湖,3.12,134000,股
2026-03-11,3665,貿聯-KY,2.49,217000,股
2026-03-11,2449,京元電子,1.98,932000,股
2026-03-11,5347,世界,1.98,2501000,股
2026-03-11,3533,嘉澤,1.92,164000,股
2026-03-11,5274,信驊,1.81,26000,股
2026-03-11,4749,新應材,1.62,240000,股
2026-03-11,3324,雙鴻,1.61,226000,股
2026-03-11,6442,光聖,1.56,124000,股
2026-03-11,7751,竑騰,1.5,166000,股
2026-03-11,6669,緯穎,1.45,50000,股
2026-03-11,6781,AES-KY,1.37,191000,股
2026-03-11,1519,華城,1.32,204000,股
2026-03-11,2486,一詮,1.12,1150000,股
2026-03-11,8358,金居,1.11,713000,股
2026-03-11,5289,宜鼎,1.08,157000,股
2026-03-11,3529,力旺,1.07,62000,股
2026-03-11,8210,勤誠,1.02,165000,股
2026-03-11,3661,世芯-KY,0.86,37000,股
2026-03-11,8021,尖點,0.86,509920,股
2026-03-11,6274,台燿,0.81,238000,股
2026-03-11,6531,愛普*,0.75,245000,股
2026-03-11,6805,富世達,0.71,55000,股
2026-03-11,8046,南電,0.52,160000,股
2026-03-11,2317,鴻海,0.49,325000,股
2026-03-11,3189,景碩,0.48,237013,股
2026-03-11,3443,創意,0.38,23000,股
2026-03-11,2368,金像電,0.37,60000,股
2026-03-11,6584,南俊國際,0.36,136000,股
2026-03-11,3653,健策,0.34,14000,股
2026-03-11,2344,華邦電,0.3,379000,股
2026-03-11,5439,高技,0.23,126000,股
2026-03-11,B99603,P12國壽1A,,100045799,元
2026-03-11,B99702,P12台壽1A,,50013982,元
2026-03-11,C_NTD,CASH,,213341989,元
2026-03-11,PFUR_NTD,PAYABLES FOR UNITS REDEEMED,,-18959619,元
2026-03-11,RDI_NTD,RECEIVABLES FOR DISPOSAL OF INVESTMENTS,,-111928295,元
2026-03-12,2330,台積電,7.23,556000,股
2026-03-12,2383,台光電,5.37,299000,股
2026-03-12,2345,智邦,5.07,488000,股
2026-03-12,8299,群聯,4.92,394000,股
2026-03-12,2308,台達電,4.77,504000,股
2026-03-12,6515,穎崴,4.37,100000,股
2026-03-12,6223,旺矽,4.36,175000,股
2026-03-12,3017,奇鋐,4.28,331000,股
2026-03-12,3037,欣興,3.95,1193000,股
2026-03-12,2408,南亞科,3.93,2379000,股
2026-03-12,7769,鴻勁,3.79,127000,股
2026-03-12,8996,高力,3.79,599000,股
2026-03-12,3163,波若威,3.55,612000,股
2026-03-12,2360,致茂,3.23,313000,股
2026-03-12,2059,川湖,3.04,134000,股
2026-03-12,3665,貿聯-KY,2.45,217000,股
2026-03-12,3533,嘉澤,2.04,164000,股
2026-03-12,2449,京元電子,1.93,932000,股
2026-03-12,5274,信驊,1.88,26000,股
2026-03-12,5347,世界,1.86,2501000,股
2026-03-12,3324,雙鴻,1.64,226000,股
2026-03-12,4749,新應材,1.63,240000,股
2026-03-12,7751,竑騰,1.52,166000,股
2026-03-12,6442,光聖,1.45,124000,股
2026-03-12,6669,緯穎,1.41,50000,股
2026-03-12,6781,AES-KY,1.33,191000,股
2026-03-12,1519,華城,1.3,204000,股
2026-03-12,8358,金居,1.13,713000,股
2026-03-12,5289,宜鼎,1.12,157000,股
2026-03-12,2486,一詮,1.1,1150000,股
2026-03-12,8210,勤誠,1.0,165000,股
2026-03-12,3661,世芯-KY,0.85,37000,股
2026-03-12,8021,尖點,0.83,509920,股
2026-03-12,6531,愛普*,0.82,245000,股
2026-03-12,6274,台燿,0.74,238000,股
2026-03-12,6805,富世達,0.7,55000,股
2026-03-12,8046,南電,0.52,160000,股
2026-03-12,2317,鴻海,0.48,325000,股
2026-03-12,3189,景碩,0.47,237013,股
2026-03-12,2368,金像電,0.38,60000,股
2026-03-12,3529,力旺,0.36,21000,股
2026-03-12,6584,南俊國際,0.36,136000,股
2026-03-12,3653,健策,0.33,14000,股
2026-03-12,2344,華邦電,0.29,379000,股
2026-03-12,5439,高技,0.23,126000,股
2026-03-12,B99603,P12國壽1A,,100045799,元
2026-03-12,B99702,P12台壽1A,,50013982,元
2026-03-12,C_NTD,CASH,,469079152,元
2026-03-12,PFUR_NTD,PAYABLES FOR UNITS REDEEMED,,-82731279,元
2026-03-12,RDI_NTD,RECEIVABLES FOR DISPOSAL OF INVESTMENTS,,-212554032,元
2026-03-13,2330,台積電,7.16,556000,股
2026-03-13,2383,台光電,5.58,299000,股
2026-03-13,8299,群聯,4.89,394000,股
2026-03-13,2345,智邦,4.78,488000,股
2026-03-13,6515,穎崴,4.34,100000,股
2026-03-13,6223,旺矽,4.29,175000,股
2026-03-13,3017,奇鋐,4.26,331000,股
2026-03-13,3037,欣興,4.18,1193000,股
2026-03-13,2408,南亞科,3.91,2379000,股
2026-03-13,2308,台達電,3.78,396000,股
2026-03-13,3163,波若威,3.75,612000,股
2026-03-13,8996,高力,3.72,599000,股
2026-03-13,7769,鴻勁,3.46,127000,股
2026-03-13,2360,致茂,3.3,313000,股
2026-03-13,2059,川湖,3.11,134000,股
2026-03-13,3533,嘉澤,2.75,228000,股
2026-03-13,3665,貿聯-KY,2.38,217000,股
2026-03-13,5347,世界,1.97,2501000,股
2026-03-13,2449,京元電子,1.9,932000,股
2026-03-13,5274,信驊,1.88,26000,股
2026-03-13,4749,新應材,1.53,240000,股
2026-03-13,7751,竑騰,1.52,166000,股
2026-03-13,6442,光聖,1.45,124000,股
2026-03-13,6669,緯穎,1.4,50000,股
2026-03-13,6781,AES-KY,1.32,191000,股
2026-03-13,1519,華城,1.3,204000,股
2026-03-13,2486,一詮,1.21,1150000,股
2026-03-13,8358,金居,1.19,713000,股
2026-03-13,5289,宜鼎,1.1,157000,股
2026-03-13,8210,勤誠,1.02,165000,股
2026-03-13,6531,愛普*,0.9,245000,股
2026-03-13,8021,尖點,0.86,509920,股
2026-03-13,3661,世芯-KY,0.81,37000,股
2026-03-13,6805,富世達,0.67,55000,股
2026-03-13,8046,南電,0.57,160000,股
2026-03-13,3189,景碩,0.52,237013,股
2026-03-13,2317,鴻海,0.48,325000,股
2026-03-13,2368,金像電,0.39,60000,股
2026-03-13,3529,力旺,0.36,21000,股
2026-03-13,6584,南俊國際,0.36,136000,股
2026-03-13,3653,健策,0.31,14000,股
2026-03-13,2344,華邦電,0.29,379000,股
2026-03-13,5439,高技,0.24,126000,股
2026-03-13,B99603,P12國壽1A,,100056309,元
2026-03-13,B99702,P12台壽1A,,50013982,元
2026-03-13,C_NTD,CASH,,101413694,元
2026-03-13,PFUR_NTD,PAYABLES FOR UNITS REDEEMED,,-82731279,元
2026-03-13,RDI_NTD,RECEIVABLES FOR DISPOSAL OF INVESTMENTS,,532986307,元
2026-03-16,2330,台積電,6.98,556000,股
2026-03-16,8299,群聯,5.31,394000,股
2026-03-16,2383,台光電,5.26,299000,股
2026-03-16,2345,智邦,4.62,488000,股
2026-03-16,3037,欣興,4.46,1193000,股
2026-03-16,6223,旺矽,4.25,175000,股
2026-03-16,2408,南亞科,4.23,2379000,股
2026-03-16,6515,穎崴,4.19,100000,股
2026-03-16,3017,奇鋐,4.12,331000,股
2026-03-16,3163,波若威,4.0,612000,股
2026-03-16,8996,高力,3.77,599000,股
2026-03-16,7769,鴻勁,3.52,127000,股
2026-03-16,2360,致茂,3.09,313000,股
2026-03-16,2059,川湖,3.03,134000,股
2026-03-16,3533,嘉澤,2.62,228000,股
2026-03-16,2308,台達電,2.5,270000,股
2026-03-16,3665,貿聯-KY,2.43,217000,股
2026-03-16,8046,南電,2.16,560000,股
2026-03-16,5347,世界,1.97,2501000,股
2026-03-16,2449,京元電子,1.83,932000,股
2026-03-16,5274,信驊,1.82,26000,股
2026-03-16,7751,竑騰,1.58,166000,股
2026-03-16,4749,新應材,1.52,240000,股
2026-03-16,6442,光聖,1.46,124000,股
2026-03-16,6669,緯穎,1.36,50000,股
2026-03-16,6781,AES-KY,1.31,191000,股
2026-03-16,1519,華城,1.26,204000,股
2026-03-16,8358,金居,1.21,713000,股
2026-03-16,2486,一詮,1.16,1150000,股
2026-03-16,5289,宜鼎,1.13,157000,股
2026-03-16,8210,勤誠,1.0,165000,股
2026-03-16,6531,愛普*,0.88,245000,股
2026-03-16,8021,尖點,0.82,509920,股
2026-03-16,3661,世芯-KY,0.79,37000,股
2026-03-16,6805,富世達,0.66,55000,股
2026-03-16,3189,景碩,0.54,237013,股
2026-03-16,2317,鴻海,0.48,325000,股
2026-03-16,2368,金像電,0.37,60000,股
2026-03-16,3529,力旺,0.37,21000,股
2026-03-16,6584,南俊國際,0.36,136000,股
2026-03-16,3653,健策,0.32,14000,股
2026-03-16,2344,華邦電,0.3,379000,股
2026-03-16,5439,高技,0.24,126000,股
2026-03-16,B99603,P12國壽1A,,100056309,元
2026-03-16,B99702,P12台壽1A,,50022739,元
2026-03-16,C_NTD,CASH,,276469669,元
2026-03-16,PFUR_NTD,PAYABLES FOR UNITS REDEEMED,,-63771660,元
2026-03-16,RDI_NTD,RECEIVABLES FOR DISPOSAL OF INVESTMENTS,,334233754,元
2026-03-17,2330,台積電,6.76,556000,股
2026-03-17,2383,台光電,5.3,302000,股
2026-03-17,8299,群聯,4.99,395000,股
2026-03-17,2345,智邦,4.66,493000,股
2026-03-17,6515,穎崴,4.35,101000,股
2026-03-17,3037,欣興,4.26,1206000,股
2026-03-17,2408,南亞科,4.2,2380000,股
2026-03-17,3017,奇鋐,4.15,335000,股
2026-03-17,6223,旺矽,4.12,177000,股
2026-03-17,8996,高力,3.62,606000,股
2026-03-17,7769,鴻勁,3.52,128000,股
2026-03-17,3163,波若威,3.5,612000,股
2026-03-17,2360,致茂,3.02,316000,股
2026-03-17,2059,川湖,2.94,135000,股
2026-03-17,8046,南電,2.86,810000,股
2026-03-17,3533,嘉澤,2.73,231000,股
2026-03-17,2308,台達電,2.56,273000,股
2026-03-17,3665,貿聯-KY,2.47,218000,股
2026-03-17,7751,竑騰,2.37,256000,股
2026-03-17,5347,世界,1.95,2529000,股
2026-03-17,5274,信驊,1.91,26000,股
2026-03-17,4749,新應材,1.45,243000,股
2026-03-17,6442,光聖,1.36,124000,股
2026-03-17,6669,緯穎,1.31,51000,股
2026-03-17,6781,AES-KY,1.27,193000,股
2026-03-17,1519,華城,1.23,206000,股
2026-03-17,8358,金居,1.23,721000,股
2026-03-17,2486,一詮,1.22,1153000,股
2026-03-17,5289,宜鼎,1.19,157000,股
2026-03-17,2449,京元電子,1.02,532000,股
2026-03-17,8210,勤誠,0.96,167000,股
2026-03-17,6531,愛普*,0.92,245000,股
2026-03-17,8021,尖點,0.79,515920,股
2026-03-17,3661,世芯-KY,0.77,37000,股
2026-03-17,6805,富世達,0.64,56000,股
2026-03-17,6584,南俊國際,0.61,236000,股
2026-03-17,3189,景碩,0.56,252013,股
2026-03-17,2317,鴻海,0.45,329000,股
2026-03-17,3529,力旺,0.38,21000,股
2026-03-17,2368,金像電,0.36,61000,股
2026-03-17,6274,台燿,0.36,110000,股
2026-03-17,3324,雙鴻,0.34,50000,股
2026-03-17,3653,健策,0.34,14000,股
2026-03-17,5439,高技,0.33,186000,股
2026-03-17,2344,華邦電,0.31,383000,股
2026-03-17,B99603,P12國壽1A,,100070322,元
2026-03-17,B99702,P12台壽1A,,50022739,元
2026-03-17,C_NTD,CASH,,1004732880,元
2026-03-17,RDI_NTD,RECEIVABLES FOR DISPOSAL OF INVESTMENTS,,-477593412,元
2026-03-18,2330,台積電,6.51,556000,股
2026-03-18,2383,台光電,5.01,302000,股
2026-03-18,2345,智邦,4.85,493000,股
2026-03-18,8299,群聯,4.8,395000,股
2026-03-18,6515,穎崴,4.48,101000,股
2026-03-18,3037,欣興,4.3,1206000,股
2026-03-18,6223,旺矽,4.06,177000,股
2026-03-18,2408,南亞科,4.04,2380000,股
2026-03-18,3017,奇鋐,3.81,335000,股
2026-03-18,8996,高力,3.55,606000,股
2026-03-18,7769,鴻勁,3.45,128000,股
2026-03-18,3163,波若威,3.34,612000,股
2026-03-18,2360,致茂,3.04,316000,股
2026-03-18,2059,川湖,2.83,135000,股
2026-03-18,8046,南電,2.82,810000,股
2026-03-18,3533,嘉澤,2.72,231000,股
2026-03-18,2308,台達電,2.46,273000,股
2026-03-18,7751,竑騰,2.46,256000,股
2026-03-18,5274,信驊,1.97,26000,股
2026-03-18,5347,世界,1.88,2529000,股
2026-03-18,6442,光聖,1.41,124000,股
2026-03-18,4749,新應材,1.38,243000,股
2026-03-18,3665,貿聯-KY,1.33,128000,股
2026-03-18,5289,宜鼎,1.24,157000,股
2026-03-18,6781,AES-KY,1.22,193000,股
2026-03-18,8358,金居,1.21,721000,股
2026-03-18,6669,緯穎,1.2,51000,股
2026-03-18,1519,華城,1.18,206000,股
2026-03-18,2486,一詮,1.16,1153000,股
2026-03-18,2449,京元電子,1.06,532000,股
2026-03-18,3105,穩懋,1.0,504000,股
2026-03-18,8210,勤誠,0.91,167000,股
2026-03-18,6531,愛普*,0.86,245000,股
2026-03-18,8021,尖點,0.83,515920,股
2026-03-18,3661,世芯-KY,0.75,37000,股
2026-03-18,6805,富世達,0.63,56000,股
2026-03-18,6584,南俊國際,0.6,236000,股
2026-03-18,3189,景碩,0.57,252013,股
2026-03-18,2317,鴻海,0.42,329000,股
2026-03-18,6274,台燿,0.36,110000,股
2026-03-18,3529,力旺,0.35,21000,股
2026-03-18,2368,金像電,0.34,61000,股
2026-03-18,3653,健策,0.34,14000,股
2026-03-18,3324,雙鴻,0.32,50000,股
2026-03-18,5439,高技,0.31,186000,股
2026-03-18,2344,華邦電,0.3,383000,股
2026-03-18,B99603,P12國壽1A,,100070322,元
2026-03-18,B99702,P12台壽1A,,50022739,元
2026-03-18,C_NTD,CASH,,1316229517,元
2026-03-18,RDI_NTD,RECEIVABLES FOR DISPOSAL OF INVESTMENTS,,-433073515,元
2026-03-19,2330,台積電,5.91,557000,股
2026-03-19,2383,台光電,5.03,303000,股
2026-03-19,2345,智邦,4.91,538000,股
2026-03-19,8299,群聯,4.45,396000,股
2026-03-19,6515,穎崴,4.35,105000,股
2026-03-19,3037,欣興,4.17,1250000,股
2026-03-19,3017,奇鋐,4.01,347000,股
2026-03-19,6223,旺矽,3.87,184000,股
2026-03-19,3533,嘉澤,3.86,331000,股
2026-03-19,2408,南亞科,3.55,2381000,股
2026-03-19,8996,高力,3.43,628000,股
2026-03-19,3163,波若威,3.35,635000,股
2026-03-19,7769,鴻勁,3.18,133000,股
2026-03-19,2360,致茂,3.0,328000,股
2026-03-19,2059,川湖,2.79,136000,股
2026-03-19,8046,南電,2.7,840000,股
2026-03-19,7751,竑騰,2.54,267000,股
2026-03-19,2308,台達電,2.29,274000,股
2026-03-19,5274,信驊,1.87,27000,股
2026-03-19,6442,光聖,1.82,164000,股
2026-03-19,5347,世界,1.71,2530000,股
2026-03-19,4749,新應材,1.32,252000,股
2026-03-19,3665,貿聯-KY,1.27,129000,股
2026-03-19,5289,宜鼎,1.25,163000,股
2026-03-19,6669,緯穎,1.15,53000,股
2026-03-19,8358,金居,1.15,748000,股
2026-03-19,6781,AES-KY,1.11,194000,股
2026-03-19,1519,華城,1.1,207000,股
2026-03-19,6531,愛普*,1.09,345000,股
2026-03-19,2486,一詮,1.07,1154000,股
2026-03-19,3105,穩懋,1.03,504000,股
2026-03-19,2449,京元電子,1.0,552000,股
2026-03-19,3189,景碩,0.99,452013,股
2026-03-19,3653,健策,0.98,44000,股
2026-03-19,3529,力旺,0.97,61000,股
2026-03-19,8210,勤誠,0.86,168000,股
2026-03-19,8021,尖點,0.8,534920,股
2026-03-19,6584,南俊國際,0.73,279000,股
2026-03-19,2368,金像電,0.7,122000,股
2026-03-19,3661,世芯-KY,0.7,38000,股
2026-03-19,6805,富世達,0.66,58000,股
2026-03-19,2317,鴻海,0.4,341000,股
2026-03-19,6274,台燿,0.37,110000,股
2026-03-19,3324,雙鴻,0.32,52000,股
2026-03-19,5439,高技,0.32,193000,股
2026-03-19,2344,華邦電,0.29,413000,股
2026-03-19,B99603,P12國壽1A,,100070322,元
2026-03-19,B99702,P12台壽1A,,50027994,元
2026-03-19,C_NTD,CASH,,1796697164,元
2026-03-19,RDI_NTD,RECEIVABLES FOR DISPOSAL OF INVESTMENTS,,-969730913,元
2026-03-20,2330,台積電,6.12,607000,股
2026-03-20,2383,台光電,4.87,316000,股
2026-03-20,2345,智邦,4.75,539000,股
2026-03-20,6515,穎崴,4.74,109000,股
2026-03-20,8299,群聯,4.16,396000,股
2026-03-20,3017,奇鋐,4.07,362000,股
2026-03-20,6223,旺矽,4.06,192000,股
2026-03-20,3533,嘉澤,3.8,336000,股
2026-03-20,3037,欣興,3.79,1250000,股
2026-03-20,3163,波若威,3.31,662000,股
2026-03-20,8996,高力,3.27,655000,股
2026-03-20,2360,致茂,3.14,362000,股
2026-03-20,7769,鴻勁,3.13,139000,股
2026-03-20,2408,南亞科,3.05,2382000,股
2026-03-20,6442,光聖,2.73,244000,股
2026-03-20,2059,川湖,2.65,142000,股
2026-03-20,8046,南電,2.49,840000,股
2026-03-20,7751,竑騰,2.47,279000,股
2026-03-20,2308,台達電,2.22,275000,股
2026-03-20,3653,健策,1.86,88000,股
2026-03-20,5274,信驊,1.8,28000,股
2026-03-20,3105,穩懋,1.7,904000,股
2026-03-20,5347,世界,1.42,2230000,股
2026-03-20,6669,緯穎,1.36,65000,股
2026-03-20,6805,富世達,1.3,119000,股
2026-03-20,4749,新應材,1.21,252000,股
2026-03-20,2368,金像電,1.2,222000,股
2026-03-20,6781,AES-KY,1.17,194000,股
2026-03-20,5289,宜鼎,1.12,170000,股
2026-03-20,6531,愛普*,1.09,359000,股
2026-03-20,3661,世芯-KY,1.07,58000,股
2026-03-20,1519,華城,1.04,207000,股
2026-03-20,2486,一詮,1.02,1204000,股
2026-03-20,8358,金居,1.01,748000,股
2026-03-20,3189,景碩,0.99,476013,股
2026-03-20,3529,力旺,0.98,66000,股
2026-03-20,3443,創意,0.94,65000,股
2026-03-20,2449,京元電子,0.93,552000,股
2026-03-20,8210,勤誠,0.84,169000,股
2026-03-20,8021,尖點,0.81,557920,股
2026-03-20,6584,南俊國際,0.77,279000,股
2026-03-20,6274,台燿,0.68,225000,股
2026-03-20,2317,鴻海,0.38,342000,股
2026-03-20,5439,高技,0.34,201000,股
2026-03-20,3324,雙鴻,0.32,54000,股
2026-03-20,2344,華邦電,0.31,513000,股
2026-03-20,B99603,P12國壽1A,,100080834,元
2026-03-20,B99702,P12台壽1A,,50027994,元
2026-03-20,C_NTD,CASH,,2522511083,元
2026-03-20,RDI_NTD,RECEIVABLES FOR DISPOSAL OF INVESTMENTS,,-2024747542,元
2026-03-23,2330,台積電,6.04,607000,股
2026-03-23,2383,台光電,4.86,316000,股
2026-03-23,6515,穎崴,4.73,109000,股
2026-03-23,2345,智邦,4.64,539000,股
2026-03-23,3017,奇鋐,3.97,362000,股
2026-03-23,6223,旺矽,3.92,192000,股
2026-03-23,8299,群聯,3.92,396000,股
2026-03-23,3533,嘉澤,3.67,336000,股
2026-03-23,3037,欣興,3.43,1250000,股
2026-03-23,2360,致茂,3.03,362000,股
2026-03-23,7769,鴻勁,3.02,139000,股
2026-03-23,3163,波若威,2.99,662000,股
2026-03-23,8996,高力,2.96,655000,股
2026-03-23,2408,南亞科,2.92,2382000,股
2026-03-23,2059,川湖,2.66,142000,股
2026-03-23,6442,光聖,2.48,244000,股
2026-03-23,8046,南電,2.47,840000,股
2026-03-23,7751,竑騰,2.39,279000,股
2026-03-23,2308,台達電,2.13,275000,股
2026-03-23,3653,健策,1.86,88000,股
2026-03-23,5274,信驊,1.77,28000,股
2026-03-23,3105,穩懋,1.57,904000,股
2026-03-23,5347,世界,1.39,2230000,股
2026-03-23,6669,緯穎,1.3,65000,股
2026-03-23,6805,富世達,1.22,119000,股
2026-03-23,4749,新應材,1.19,252000,股
2026-03-23,2368,金像電,1.17,222000,股
2026-03-23,6781,AES-KY,1.13,194000,股
2026-03-23,6531,愛普*,1.03,359000,股
2026-03-23,3661,世芯-KY,1.02,58000,股
2026-03-23,1519,華城,1.01,207000,股
2026-03-23,5289,宜鼎,1.01,170000,股
2026-03-23,2486,一詮,0.95,1204000,股
2026-03-23,3529,力旺,0.94,66000,股
2026-03-23,3443,創意,0.93,65000,股
2026-03-23,8358,金居,0.92,748000,股
2026-03-23,3189,景碩,0.91,476013,股
2026-03-23,2449,京元電子,0.87,552000,股
2026-03-23,8210,勤誠,0.83,169000,股
2026-03-23,6584,南俊國際,0.79,279000,股
2026-03-23,8021,尖點,0.73,557920,股
2026-03-23,6274,台燿,0.67,225000,股
2026-03-23,2317,鴻海,0.37,342000,股
2026-03-23,5439,高技,0.32,201000,股
2026-03-23,2344,華邦電,0.3,513000,股
2026-03-23,3324,雙鴻,0.3,54000,股
2026-03-23,C_NTD,CASH,,2389431803,元
2026-03-23,PFUR_NTD,PAYABLES FOR UNITS REDEEMED,,-6514487,元
2026-03-23,RDI_NTD,RECEIVABLES FOR DISPOSAL OF INVESTMENTS,,-1054137859,元
2026-03-24,2330,台積電,6.11,607000,股
2026-03-24,6515,穎崴,4.97,109000,股
2026-03-24,2383,台光電,4.72,316000,股
2026-03-24,2345,智邦,4.6,539000,股
2026-03-24,3017,奇鋐,3.92,362000,股
2026-03-24,6223,旺矽,3.92,192000,股
2026-03-24,8299,群聯,3.71,396000,股
2026-03-24,3533,嘉澤,3.66,336000,股
2026-03-24,6442,光聖,3.27,304000,股
2026-03-24,3037,欣興,3.2,1250000,股
2026-03-24,3163,波若威,3.09,662000,股
2026-03-24,2360,致茂,2.98,362000,股
2026-03-24,7769,鴻勁,2.88,139000,股
2026-03-24,2408,南亞科,2.87,2382000,股
2026-03-24,8996,高力,2.81,655000,股
2026-03-24,2059,川湖,2.78,142000,股
2026-03-24,4749,新應材,2.42,504000,股
2026-03-24,7751,竑騰,2.35,279000,股
2026-03-24,8046,南電,2.3,840000,股
2026-03-24,2308,台達電,2.17,275000,股
2026-03-24,3653,健策,2.15,98000,股
2026-03-24,5274,信驊,1.7,28000,股
2026-03-24,3105,穩懋,1.58,904000,股
2026-03-24,5347,世界,1.4,2230000,股
2026-03-24,6584,南俊國際,1.38,458000,股
2026-03-24,6669,緯穎,1.35,65000,股
2026-03-24,6805,富世達,1.22,119000,股
2026-03-24,6781,AES-KY,1.18,194000,股
2026-03-24,4991,環宇-KY,1.11,500000,股
2026-03-24,2368,金像電,1.1,222000,股
2026-03-24,1519,華城,1.01,207000,股
2026-03-24,3661,世芯-KY,1.0,58000,股
2026-03-24,6531,愛普*,1.0,359000,股
2026-03-24,2486,一詮,0.98,1204000,股
2026-03-24,3529,力旺,0.93,66000,股
2026-03-24,8358,金居,0.92,748000,股
2026-03-24,3443,創意,0.91,65000,股
2026-03-24,2449,京元電子,0.86,552000,股
2026-03-24,8210,勤誠,0.82,169000,股
2026-03-24,3189,景碩,0.8,447013,股
2026-03-24,8021,尖點,0.72,557920,股
2026-03-24,6274,台燿,0.68,225000,股
2026-03-24,5289,宜鼎,0.48,88000,股
2026-03-24,2317,鴻海,0.37,342000,股
2026-03-24,5439,高技,0.31,201000,股
2026-03-24,3324,雙鴻,0.3,54000,股
2026-03-24,2344,華邦電,0.28,513000,股
2026-03-24,B99603,P12國壽1A,,100000000,元
2026-03-24,C_NTD,CASH,,1357177748,元
2026-03-24,PFUR_NTD,PAYABLES FOR UNITS REDEEMED,,-6514487,元
2026-03-24,RDI_NTD,RECEIVABLES FOR DISPOSAL OF INVESTMENTS,,-592151577,元
2026-03-25,2330,台積電,5.91,607000,股
2026-03-25,6515,穎崴,4.86,109000,股
2026-03-25,2383,台光電,4.74,316000,股
2026-03-25,2345,智邦,4.62,520000,股
2026-03-25,3017,奇鋐,4.01,362000,股
2026-03-25,3533,嘉澤,3.81,336000,股
2026-03-25,6223,旺矽,3.8,192000,股
2026-03-25,8299,群聯,3.6,396000,股
2026-03-25,6442,光聖,3.41,304000,股
2026-03-25,3037,欣興,3.34,1250000,股
2026-03-25,3163,波若威,3.14,662000,股
2026-03-25,2360,致茂,3.1,362000,股
2026-03-25,2408,南亞科,2.85,2382000,股
2026-03-25,7769,鴻勁,2.83,139000,股
2026-03-25,8996,高力,2.83,655000,股
2026-03-25,2059,川湖,2.71,142000,股
2026-03-25,8046,南電,2.39,840000,股
2026-03-25,4749,新應材,2.38,504000,股
2026-03-25,7751,竑騰,2.31,279000,股
2026-03-25,2308,台達電,2.24,274000,股
2026-03-25,3653,健策,2.04,98000,股
2026-03-25,8358,金居,1.85,1548000,股
2026-03-25,5274,信驊,1.7,28000,股
2026-03-25,3105,穩懋,1.64,904000,股
2026-03-25,5347,世界,1.46,2230000,股
2026-03-25,6584,南俊國際,1.37,458000,股
2026-03-25,6669,緯穎,1.29,65000,股
2026-03-25,6805,富世達,1.2,119000,股
2026-03-25,4991,環宇-KY,1.15,500000,股
2026-03-25,6781,AES-KY,1.15,194000,股
2026-03-25,2368,金像電,1.08,222000,股
2026-03-25,1519,華城,1.01,207000,股
2026-03-25,2486,一詮,0.98,1204000,股
2026-03-25,3529,力旺,0.97,66000,股
2026-03-25,6531,愛普*,0.97,359000,股
2026-03-25,3661,世芯-KY,0.96,58000,股
2026-03-25,3443,創意,0.85,65000,股
2026-03-25,2449,京元電子,0.84,552000,股
2026-03-25,3189,景碩,0.83,447013,股
2026-03-25,8210,勤誠,0.81,169000,股
2026-03-25,8021,尖點,0.73,557920,股
2026-03-25,6274,台燿,0.69,225000,股
2026-03-25,5289,宜鼎,0.47,88000,股
2026-03-25,2317,鴻海,0.36,342000,股
2026-03-25,5439,高技,0.3,201000,股
2026-03-25,3324,雙鴻,0.29,54000,股
2026-03-25,2344,華邦電,0.27,513000,股
2026-03-25,B99503,P12富壽1A,,46000000,元
2026-03-25,B99603,P12國壽1A,,100000000,元
2026-03-25,C_NTD,CASH,,1335987458,元
2026-03-25,F14802,13慧洋KY1,,9000000,元
2026-03-25,PFUR_NTD,PAYABLES FOR UNITS REDEEMED,,-6514487,元
2026-03-25,RDI_NTD,RECEIVABLES FOR DISPOSAL OF INVESTMENTS,,-745894150,元
2026-03-26,2330,台積電,5.74,607000,股
2026-03-26,2383,台光電,4.78,316000,股
2026-03-26,6515,穎崴,4.56,109000,股
2026-03-26,2345,智邦,4.47,520000,股
2026-03-26,3017,奇鋐,4.23,362000,股
2026-03-26,3533,嘉澤,3.92,336000,股
2026-03-26,6223,旺矽,3.6,192000,股
2026-03-26,2059,川湖,3.47,187000,股
2026-03-26,8299,群聯,3.36,396000,股
2026-03-26,6442,光聖,3.25,304000,股
2026-03-26,3037,欣興,3.22,1250000,股
2026-03-26,2360,致茂,3.05,362000,股
2026-03-26,8996,高力,2.84,655000,股
2026-03-26,2408,南亞科,2.76,2382000,股
2026-03-26,3163,波若威,2.75,662000,股
2026-03-26,7769,鴻勁,2.75,139000,股
2026-03-26,8046,南電,2.45,840000,股
2026-03-26,7751,竑騰,2.32,279000,股
2026-03-26,4749,新應材,2.3,504000,股
2026-03-26,2308,台達電,2.13,274000,股
2026-03-26,3653,健策,1.98,98000,股
2026-03-26,8358,金居,1.98,1548000,股
2026-03-26,3105,穩懋,1.66,904000,股
2026-03-26,5274,信驊,1.66,28000,股
2026-03-26,5347,世界,1.34,2230000,股
2026-03-26,6584,南俊國際,1.31,458000,股
2026-03-26,6669,緯穎,1.16,65000,股
2026-03-26,6805,富世達,1.16,119000,股
2026-03-26,4991,環宇-KY,1.13,500000,股
2026-03-26,6781,AES-KY,1.07,194000,股
2026-03-26,2368,金像電,1.05,222000,股
2026-03-26,3529,力旺,0.99,66000,股
2026-03-26,1519,華城,0.95,207000,股
2026-03-26,6531,愛普*,0.94,359000,股
2026-03-26,2486,一詮,0.91,1204000,股
2026-03-26,3661,世芯-KY,0.91,58000,股
2026-03-26,3443,創意,0.85,65000,股
2026-03-26,2449,京元電子,0.82,552000,股
2026-03-26,3189,景碩,0.81,447013,股
2026-03-26,8210,勤誠,0.78,169000,股
2026-03-26,8021,尖點,0.73,557920,股
2026-03-26,6274,台燿,0.7,225000,股
2026-03-26,5289,宜鼎,0.41,88000,股
2026-03-26,2317,鴻海,0.35,342000,股
2026-03-26,6510,精測,0.32,20000,股
2026-03-26,5439,高技,0.31,201000,股
2026-03-26,3324,雙鴻,0.27,54000,股
2026-03-26,2344,華邦電,0.25,513000,股
2026-03-26,B99603,P12國壽1A,,100000000,元
2026-03-26,C_NTD,CASH,,1313727626,元
2026-03-26,RDI_NTD,RECEIVABLES FOR DISPOSAL OF INVESTMENTS,,-386828683,元
2026-03-27,2330,台積電,6.09,677000,股
2026-03-27,2383,台光電,4.65,323000,股
2026-03-27,2345,智邦,4.35,531000,股
2026-03-27,6515,穎崴,4.35,111000,股
2026-03-27,3017,奇鋐,4.02,370000,股
2026-03-27,3533,嘉澤,3.83,343000,股
2026-03-27,6223,旺矽,3.55,196000,股
2026-03-27,2059,川湖,3.4,191000,股
2026-03-27,8299,群聯,3.36,434000,股
2026-03-27,6442,光聖,3.24,310000,股
2026-03-27,3037,欣興,3.19,1277000,股
2026-03-27,8996,高力,3.06,715000,股
2026-03-27,2360,致茂,2.96,370000,股
2026-03-27,3163,波若威,2.86,676000,股
2026-03-27,7769,鴻勁,2.66,142000,股
2026-03-27,2408,南亞科,2.64,2432000,股
2026-03-27,8046,南電,2.38,858000,股
2026-03-27,7751,竑騰,2.3,285000,股
2026-03-27,4749,新應材,2.25,526000,股
2026-03-27,2308,台達電,2.09,280000,股
2026-03-27,6805,富世達,2.06,219000,股
2026-03-27,8358,金居,2.03,1728000,股
2026-03-27,3653,健策,2.0,100000,股
2026-03-27,3105,穩懋,1.75,923000,股
2026-03-27,6584,南俊國際,1.7,566000,股
2026-03-27,5274,信驊,1.66,29000,股
2026-03-27,5347,世界,1.36,2277000,股
2026-03-27,6510,精測,1.31,82000,股
2026-03-27,4991,環宇-KY,1.13,511000,股
2026-03-27,6669,緯穎,1.11,66000,股
2026-03-27,6781,AES-KY,1.05,198000,股
2026-03-27,2368,金像電,1.04,227000,股
2026-03-27,3529,力旺,0.94,67000,股
2026-03-27,3665,貿聯-KY,0.92,100000,股
2026-03-27,6531,愛普*,0.92,367000,股
2026-03-27,2486,一詮,0.91,1230000,股
2026-03-27,1519,華城,0.9,211000,股
2026-03-27,3661,世芯-KY,0.89,59000,股
2026-03-27,3189,景碩,0.8,457013,股
2026-03-27,3443,創意,0.8,66000,股
2026-03-27,2449,京元電子,0.78,564000,股
2026-03-27,8210,勤誠,0.78,173000,股
2026-03-27,8021,尖點,0.76,569920,股
2026-03-27,6274,台燿,0.71,230000,股
2026-03-27,5289,宜鼎,0.43,90000,股
2026-03-27,2317,鴻海,0.34,349000,股
2026-03-27,3324,雙鴻,0.31,64000,股
2026-03-27,5439,高技,0.31,205000,股
2026-03-27,2344,華邦電,0.3,663000,股
2026-03-27,B99603,P12國壽1A,,100010504,元
2026-03-27,C_NTD,CASH,,1874418656,元
2026-03-27,RDI_NTD,RECEIVABLES FOR DISPOSAL OF INVESTMENTS,,-1401360805,元
2026-03-30,2330,台積電,5.91,677000,股
2026-03-30,2383,台光電,4.41,323000,股
2026-03-30,2345,智邦,4.26,531000,股
2026-03-30,6515,穎崴,4.18,111000,股
2026-03-30,3017,奇鋐,3.87,370000,股
2026-03-30,3533,嘉澤,3.73,343000,股
2026-03-30,6223,旺矽,3.59,196000,股
2026-03-30,8299,群聯,3.42,434000,股
2026-03-30,2059,川湖,3.24,191000,股
2026-03-30,6442,光聖,3.21,310000,股
2026-03-30,8996,高力,3.14,715000,股
2026-03-30,3037,欣興,3.09,1277000,股
2026-03-30,2360,致茂,2.95,370000,股
2026-03-30,3163,波若威,2.9,676000,股
2026-03-30,2408,南亞科,2.63,2432000,股
2026-03-30,7769,鴻勁,2.58,142000,股
2026-03-30,8046,南電,2.44,858000,股
2026-03-30,6510,精測,2.31,142000,股
2026-03-30,4749,新應材,2.12,526000,股
2026-03-30,7751,竑騰,2.1,285000,股
2026-03-30,2308,台達電,2.04,280000,股
2026-03-30,8358,金居,1.98,1728000,股
2026-03-30,6805,富世達,1.97,219000,股
2026-03-30,3653,健策,1.91,100000,股
2026-03-30,3105,穩懋,1.77,923000,股
2026-03-30,6584,南俊國際,1.67,566000,股
2026-03-30,5274,信驊,1.6,29000,股
2026-03-30,5347,世界,1.31,2277000,股
2026-03-30,6669,緯穎,1.09,66000,股
2026-03-30,4991,環宇-KY,1.08,511000,股
2026-03-30,2368,金像電,1.0,227000,股
2026-03-30,6781,AES-KY,0.99,198000,股
2026-03-30,3665,貿聯-KY,0.92,100000,股
2026-03-30,2486,一詮,0.88,1230000,股
2026-03-30,3529,力旺,0.88,67000,股
2026-03-30,6531,愛普*,0.87,367000,股
2026-03-30,1519,華城,0.86,211000,股
2026-03-30,3661,世芯-KY,0.8,59000,股
2026-03-30,3189,景碩,0.78,457013,股
2026-03-30,8210,勤誠,0.76,173000,股
2026-03-30,2449,京元電子,0.75,564000,股
2026-03-30,3443,創意,0.75,66000,股
2026-03-30,8021,尖點,0.74,569920,股
2026-03-30,6274,台燿,0.68,230000,股
2026-03-30,5289,宜鼎,0.42,90000,股
2026-03-30,2317,鴻海,0.33,349000,股
2026-03-30,2344,華邦電,0.3,663000,股
2026-03-30,3324,雙鴻,0.3,64000,股
2026-03-30,5439,高技,0.29,205000,股
2026-03-30,B99603,P12國壽1A,,100010504,元
2026-03-30,C_NTD,CASH,,2132149634,元
2026-03-30,RDI_NTD,RECEIVABLES FOR DISPOSAL OF INVESTMENTS,,-1367588690,元
2026-03-31,2330,台積電,5.96,677000,股
2026-03-31,2383,台光電,4.2,323000,股
2026-03-31,2345,智邦,4.01,531000,股
2026-03-31,6515,穎崴,3.97,111000,股
2026-03-31,3017,奇鋐,3.68,370000,股
2026-03-31,6223,旺矽,3.52,196000,股
2026-03-31,3533,嘉澤,3.51,343000,股
2026-03-31,8299,群聯,3.25,434000,股
2026-03-31,2059,川湖,3.03,191000,股
2026-03-31,8996,高力,3.02,715000,股
2026-03-31,6442,光聖,2.94,310000,股
2026-03-31,3037,欣興,2.84,1277000,股
2026-03-31,2360,致茂,2.71,370000,股
2026-03-31,3163,波若威,2.66,676000,股
2026-03-31,7769,鴻勁,2.49,142000,股
2026-03-31,2408,南亞科,2.41,2432000,股
2026-03-31,8046,南電,2.24,858000,股
2026-03-31,6510,精測,2.19,142000,股
2026-03-31,4749,新應材,2.1,526000,股
2026-03-31,8358,金居,2.04,1728000,股
2026-03-31,7751,竑騰,1.97,285000,股
2026-03-31,2308,台達電,1.93,280000,股
2026-03-31,6805,富世達,1.92,219000,股
2026-03-31,3653,健策,1.9,100000,股
2026-03-31,3105,穩懋,1.62,923000,股
2026-03-31,6584,南俊國際,1.57,566000,股
2026-03-31,5274,信驊,1.55,29000,股
2026-03-31,5347,世界,1.32,2277000,股
2026-03-31,6669,緯穎,1.09,66000,股
2026-03-31,4991,環宇-KY,1.0,511000,股
2026-03-31,2368,金像電,0.98,227000,股
2026-03-31,6781,AES-KY,0.97,198000,股
2026-03-31,3529,力旺,0.88,67000,股
2026-03-31,3665,貿聯-KY,0.87,100000,股
2026-03-31,2486,一詮,0.81,1230000,股
2026-03-31,6531,愛普*,0.81,367000,股
2026-03-31,8210,勤誠,0.75,173000,股
2026-03-31,3661,世芯-KY,0.73,59000,股
2026-03-31,3189,景碩,0.72,457013,股
2026-03-31,3443,創意,0.71,66000,股
2026-03-31,8021,尖點,0.69,569920,股
2026-03-31,6274,台燿,0.65,230000,股
2026-03-31,5289,宜鼎,0.38,90000,股
2026-03-31,2317,鴻海,0.33,349000,股
2026-03-31,2344,華邦電,0.3,663000,股
2026-03-31,3324,雙鴻,0.28,64000,股
2026-03-31,5439,高技,0.27,205000,股
2026-03-31,2449,京元電子,0.22,166000,股
2026-03-31,B99603,P12國壽1A,,100010504,元
2026-03-31,C_NTD,CASH,,1823889349,元
2026-03-31,RDI_NTD,RECEIVABLES FOR DISPOSAL OF INVESTMENTS,,79533371,元
2026-04-01,2330,台積電,7.02,806000,股
2026-04-01,2383,台光電,4.34,323000,股
2026-04-01,2345,智邦,4.14,531000,股
2026-04-01,6515,穎崴,3.8,111000,股
2026-04-01,3017,奇鋐,3.67,370000,股
2026-04-01,6223,旺矽,3.63,196000,股
2026-04-01,3533,嘉澤,3.42,343000,股
2026-04-01,8299,群聯,3.36,434000,股
2026-04-01,2059,川湖,3.1,191000,股
2026-04-01,8996,高力,3.05,715000,股
2026-04-01,3105,穩懋,3.03,1716000,股
2026-04-01,6442,光聖,2.95,310000,股
2026-04-01,3037,欣興,2.93,1277000,股
2026-04-01,2360,致茂,2.8,370000,股
2026-04-01,3163,波若威,2.75,676000,股
2026-04-01,7769,鴻勁,2.57,142000,股
2026-04-01,2408,南亞科,2.41,2432000,股
2026-04-01,6669,緯穎,2.34,146000,股
2026-04-01,8046,南電,2.31,858000,股
2026-04-01,6510,精測,2.24,142000,股
2026-04-01,4749,新應材,2.04,526000,股
2026-04-01,7751,竑騰,2.03,285000,股
2026-04-01,6805,富世達,1.98,219000,股
2026-04-01,8358,金居,1.97,1728000,股
2026-04-01,2308,台達電,1.94,280000,股
2026-04-01,3653,健策,1.85,100000,股
2026-04-01,6584,南俊國際,1.62,566000,股
2026-04-01,5274,信驊,1.54,29000,股
2026-04-01,5347,世界,1.26,2277000,股
2026-04-01,2368,金像電,1.01,227000,股
2026-04-01,4991,環宇-KY,1.01,511000,股
2026-04-01,6781,AES-KY,0.93,198000,股
2026-04-01,3665,貿聯-KY,0.9,100000,股
2026-04-01,3529,力旺,0.86,67000,股
2026-04-01,2486,一詮,0.84,1230000,股
2026-04-01,6531,愛普*,0.79,367000,股
2026-04-01,3661,世芯-KY,0.76,59000,股
2026-04-01,3443,創意,0.73,66000,股
2026-04-01,8210,勤誠,0.73,173000,股
2026-04-01,3189,景碩,0.71,457013,股
2026-04-01,6274,台燿,0.67,230000,股
2026-04-01,8021,尖點,0.66,569920,股
2026-04-01,5289,宜鼎,0.39,90000,股
2026-04-01,2317,鴻海,0.32,349000,股
2026-04-01,2344,華邦電,0.29,663000,股
2026-04-01,3324,雙鴻,0.28,64000,股
2026-04-01,5439,高技,0.27,205000,股
2026-04-01,2449,京元電子,0.22,166000,股
2026-04-01,B99603,P12國壽1A,,100028383,元
2026-04-01,C_NTD,CASH,,1624225464,元
2026-04-01,PFUR_NTD,PAYABLES FOR UNITS REDEEMED,,-6603435,元
2026-04-01,RDI_NTD,RECEIVABLES FOR DISPOSAL OF INVESTMENTS,,-533195683,元
2026-04-02,2330,台積電,7.02,806000,股
2026-04-02,2383,台光電,4.33,323000,股
2026-04-02,2345,智邦,4.06,531000,股
2026-04-02,3017,奇鋐,3.69,370000,股
2026-04-02,6223,旺矽,3.55,196000,股
2026-04-02,6515,穎崴,3.53,111000,股
2026-04-02,3533,嘉澤,3.38,343000,股
2026-04-02,8299,群聯,3.25,434000,股
2026-04-02,3037,欣興,3.19,1277000,股
2026-04-02,3105,穩懋,3.11,1716000,股
2026-04-02,3163,波若威,3.1,676000,股
2026-04-02,2059,川湖,3.07,191000,股
2026-04-02,6442,光聖,2.98,310000,股
2026-04-02,8996,高力,2.98,715000,股
2026-04-02,2360,致茂,2.73,370000,股
2026-04-02,7769,鴻勁,2.62,142000,股
2026-04-02,6669,緯穎,2.4,146000,股
2026-04-02,2408,南亞科,2.35,2432000,股
2026-04-02,8046,南電,2.35,858000,股
2026-04-02,7751,竑騰,2.28,285000,股
2026-04-02,6510,精測,2.16,142000,股
2026-04-02,4749,新應材,2.03,526000,股
2026-04-02,6805,富世達,1.99,219000,股
2026-04-02,2308,台達電,1.93,280000,股
2026-04-02,8358,金居,1.91,1728000,股
2026-04-02,3653,健策,1.79,100000,股
2026-04-02,5274,信驊,1.63,29000,股
2026-04-02,3081,聯亞,1.62,185000,股
2026-04-02,6584,南俊國際,1.55,566000,股
2026-04-02,3131,弘塑,1.29,87000,股
2026-04-02,5347,世界,1.21,2277000,股
2026-04-02,4991,環宇-KY,1.07,511000,股
2026-04-02,3036,文曄,1.02,947000,股
2026-04-02,2368,金像電,0.99,227000,股
2026-04-02,3665,貿聯-KY,0.92,100000,股
2026-04-02,6781,AES-KY,0.91,198000,股
2026-04-02,2486,一詮,0.88,1230000,股
2026-04-02,3529,力旺,0.85,67000,股
2026-04-02,6531,愛普*,0.78,367000,股
2026-04-02,3661,世芯-KY,0.77,59000,股
2026-04-02,3189,景碩,0.74,457013,股
2026-04-02,3443,創意,0.74,66000,股
2026-04-02,6274,台燿,0.69,230000,股
2026-04-02,8021,尖點,0.67,569920,股
2026-04-02,3491,昇達科,0.51,71000,股
2026-04-02,2337,旺宏,0.42,671000,股
2026-04-02,3324,雙鴻,0.41,93000,股
2026-04-02,3711,日月光投控,0.41,236000,股
2026-04-02,5289,宜鼎,0.41,90000,股
2026-04-02,3260,威剛,0.4,231000,股
2026-04-02,2344,華邦電,0.29,663000,股
2026-04-02,2449,京元電子,0.21,166000,股
2026-04-02,B99603,P12國壽1A,,100031861,元
2026-04-02,C_NTD,CASH,,1815214273,元
2026-04-02,PFUR_NTD,PAYABLES FOR UNITS REDEEMED,,-58263515,元
2026-04-02,RDI_NTD,RECEIVABLES FOR DISPOSAL OF INVESTMENTS,,-1675890154,元
2026-04-07,2330,台積電,7.0,806000,股
2026-04-07,2383,台光電,4.35,323000,股
2026-04-07,2345,智邦,4.01,531000,股
2026-04-07,6515,穎崴,3.68,111000,股
2026-04-07,6223,旺矽,3.59,196000,股
2026-04-07,3017,奇鋐,3.51,370000,股
2026-04-07,3037,欣興,3.36,1277000,股
2026-04-07,3163,波若威,3.3,676000,股
2026-04-07,3105,穩懋,3.26,1716000,股
2026-04-07,3533,嘉澤,3.25,343000,股
2026-04-07,8299,群聯,3.18,434000,股
2026-04-07,6442,光聖,3.03,310000,股
2026-04-07,8996,高力,3.02,715000,股
2026-04-07,2059,川湖,2.83,191000,股
2026-04-07,2360,致茂,2.71,370000,股
2026-04-07,7769,鴻勁,2.66,142000,股
2026-04-07,8046,南電,2.5,858000,股
2026-04-07,7751,竑騰,2.44,285000,股
2026-04-07,2408,南亞科,2.34,2432000,股
2026-04-07,6669,緯穎,2.31,146000,股
2026-04-07,6510,精測,2.21,142000,股
2026-04-07,4749,新應材,1.99,526000,股
2026-04-07,8358,金居,1.97,1728000,股
2026-04-07,6805,富世達,1.89,219000,股
2026-04-07,3653,健策,1.76,100000,股
2026-04-07,3081,聯亞,1.73,185000,股
2026-04-07,6584,南俊國際,1.58,566000,股
2026-04-07,5274,信驊,1.55,29000,股
2026-04-07,5347,世界,1.29,2277000,股
2026-04-07,3131,弘塑,1.28,87000,股
2026-04-07,4991,環宇-KY,1.12,511000,股
2026-04-07,3036,文曄,1.01,947000,股
2026-04-07,2368,金像電,0.98,227000,股
2026-04-07,2308,台達電,0.96,135000,股
2026-04-07,3665,貿聯-KY,0.93,100000,股
2026-04-07,6781,AES-KY,0.89,198000,股
2026-04-07,3529,力旺,0.87,67000,股
2026-04-07,2486,一詮,0.83,1230000,股
2026-04-07,6531,愛普*,0.81,367000,股
2026-04-07,3189,景碩,0.77,457013,股
2026-04-07,3661,世芯-KY,0.75,59000,股
2026-04-07,3443,創意,0.73,66000,股
2026-04-07,6274,台燿,0.73,230000,股
2026-04-07,8021,尖點,0.71,569920,股
2026-04-07,3491,昇達科,0.54,71000,股
2026-04-07,2337,旺宏,0.43,671000,股
2026-04-07,5289,宜鼎,0.41,90000,股
2026-04-07,3324,雙鴻,0.4,93000,股
2026-04-07,3260,威剛,0.39,231000,股
2026-04-07,3711,日月光投控,0.39,236000,股
2026-04-07,2344,華邦電,0.28,663000,股
2026-04-07,2449,京元電子,0.21,166000,股
2026-04-07,C_NTD,CASH,,1086777410,元
2026-04-07,PFUR_NTD,PAYABLES FOR UNITS REDEEMED,,-171985933,元
2026-04-07,RDI_NTD,RECEIVABLES FOR DISPOSAL OF INVESTMENTS,,-647935927,元
2026-04-08,2330,台積電,6.86,806000,股
2026-04-08,2383,台光電,4.47,323000,股
2026-04-08,2345,智邦,3.96,531000,股
2026-04-08,6515,穎崴,3.78,111000,股
2026-04-08,6223,旺矽,3.69,196000,股
2026-04-08,3017,奇鋐,3.6,370000,股
2026-04-08,3037,欣興,3.45,1277000,股
2026-04-08,3163,波若威,3.38,676000,股
2026-04-08,3533,嘉澤,3.34,343000,股
2026-04-08,3105,穩懋,3.29,1716000,股
2026-04-08,8299,群聯,3.27,434000,股
2026-04-08,6442,光聖,2.93,310000,股
2026-04-08,8996,高力,2.87,715000,股
2026-04-08,2360,致茂,2.78,370000,股
2026-04-08,2059,川湖,2.76,191000,股
2026-04-08,7769,鴻勁,2.64,142000,股
2026-04-08,7751,竑騰,2.47,285000,股
2026-04-08,8046,南電,2.38,858000,股
2026-04-08,2408,南亞科,2.37,2432000,股
2026-04-08,6669,緯穎,2.27,146000,股
2026-04-08,6510,精測,2.13,142000,股
2026-04-08,8358,金居,2.02,1728000,股
2026-04-08,4749,新應材,1.99,526000,股
2026-04-08,6805,富世達,1.81,219000,股
2026-04-08,3653,健策,1.75,100000,股
2026-04-08,3081,聯亞,1.65,185000,股
2026-04-08,6584,南俊國際,1.62,566000,股
2026-04-08,5274,信驊,1.6,29000,股
2026-04-08,5347,世界,1.3,2277000,股
2026-04-08,3131,弘塑,1.27,87000,股
2026-04-08,4991,環宇-KY,1.15,511000,股
2026-04-08,2368,金像電,0.99,227000,股
2026-04-08,2308,台達電,0.98,135000,股
2026-04-08,3036,文曄,0.96,947000,股
2026-04-08,3665,貿聯-KY,0.88,100000,股
2026-04-08,6781,AES-KY,0.88,198000,股
2026-04-08,3529,力旺,0.86,67000,股
2026-04-08,2486,一詮,0.85,1230000,股
2026-04-08,3189,景碩,0.79,457013,股
2026-04-08,6531,愛普*,0.77,367000,股
2026-04-08,3661,世芯-KY,0.74,59000,股
2026-04-08,6274,台燿,0.73,230000,股
2026-04-08,8021,尖點,0.73,569920,股
2026-04-08,3443,創意,0.72,66000,股
2026-04-08,3491,昇達科,0.55,71000,股
2026-04-08,2337,旺宏,0.44,671000,股
2026-04-08,5289,宜鼎,0.42,90000,股
2026-04-08,3324,雙鴻,0.41,93000,股
2026-04-08,3260,威剛,0.39,231000,股
2026-04-08,3711,日月光投控,0.39,236000,股
2026-04-08,2344,華邦電,0.28,663000,股
2026-04-08,2449,京元電子,0.2,166000,股
2026-04-08,C_NTD,CASH,,216326870,元
2026-04-08,PFUR_NTD,PAYABLES FOR UNITS REDEEMED,,-165382498,元
2026-04-08,RDI_NTD,RECEIVABLES FOR DISPOSAL OF INVESTMENTS,,215911178,元
2026-04-09,2330,台積電,6.74,806000,股
2026-04-09,2383,台光電,4.45,323000,股
2026-04-09,2345,智邦,3.84,531000,股
2026-04-09,6515,穎崴,3.79,111000,股
2026-04-09,6223,旺矽,3.75,196000,股
2026-04-09,3017,奇鋐,3.54,370000,股
2026-04-09,3163,波若威,3.53,676000,股
2026-04-09,3037,欣興,3.41,1277000,股
2026-04-09,3533,嘉澤,3.39,343000,股
2026-04-09,3105,穩懋,3.2,1716000,股
2026-04-09,8996,高力,3.09,715000,股
2026-04-09,8299,群聯,3.0,434000,股
2026-04-09,2360,致茂,2.91,370000,股
2026-04-09,6442,光聖,2.8,310000,股
2026-04-09,2059,川湖,2.67,191000,股
2026-04-09,7769,鴻勁,2.58,142000,股
2026-04-09,8046,南電,2.45,858000,股
2026-04-09,7751,竑騰,2.41,285000,股
2026-04-09,6669,緯穎,2.23,146000,股
2026-04-09,2408,南亞科,2.13,2432000,股
2026-04-09,6510,精測,2.07,142000,股
2026-04-09,8358,金居,2.01,1728000,股
2026-04-09,4749,新應材,1.97,526000,股
2026-04-09,3653,健策,1.81,100000,股
2026-04-09,6805,富世達,1.72,219000,股
2026-04-09,3081,聯亞,1.67,185000,股
2026-04-09,5274,信驊,1.56,29000,股
2026-04-09,6584,南俊國際,1.43,566000,股
2026-04-09,5347,世界,1.28,2277000,股
2026-04-09,3131,弘塑,1.22,87000,股
2026-04-09,4991,環宇-KY,1.14,511000,股
2026-04-09,2368,金像電,1.06,227000,股
2026-04-09,2308,台達電,0.95,135000,股
2026-04-09,2486,一詮,0.92,1230000,股
2026-04-09,3036,文曄,0.91,947000,股
2026-04-09,3665,貿聯-KY,0.91,100000,股
2026-04-09,6781,AES-KY,0.83,198000,股
2026-04-09,3529,力旺,0.82,67000,股
2026-04-09,6274,台燿,0.78,230000,股
2026-04-09,3189,景碩,0.76,457013,股
2026-04-09,3443,創意,0.75,66000,股
2026-04-09,6531,愛普*,0.75,367000,股
2026-04-09,3661,世芯-KY,0.73,59000,股
2026-04-09,8021,尖點,0.7,569920,股
2026-04-09,3491,昇達科,0.53,71000,股
2026-04-09,5289,宜鼎,0.43,90000,股
2026-04-09,2337,旺宏,0.41,671000,股
2026-04-09,3711,日月光投控,0.4,236000,股
2026-04-09,3324,雙鴻,0.39,93000,股
2026-04-09,3260,威剛,0.36,231000,股
2026-04-09,2344,華邦電,0.26,663000,股
2026-04-09,2449,京元電子,0.2,166000,股
2026-04-09,C_NTD,CASH,,666982729,元
2026-04-09,PFUR_NTD,PAYABLES FOR UNITS REDEEMED,,-113722418,元
2026-04-10,2330,台積電,6.63,806000,股
2026-04-10,2383,台光電,4.54,323000,股
2026-04-10,2345,智邦,4.01,531000,股
2026-04-10,6223,旺矽,3.73,196000,股
2026-04-10,6515,穎崴,3.62,111000,股
2026-04-10,3163,波若威,3.5,676000,股
2026-04-10,3017,奇鋐,3.45,370000,股
2026-04-10,3037,欣興,3.35,1277000,股
2026-04-10,3105,穩懋,3.28,1716000,股
2026-04-10,3533,嘉澤,3.2,343000,股
2026-04-10,8996,高力,3.06,715000,股
2026-04-10,6442,光聖,2.97,310000,股
2026-04-10,8299,群聯,2.96,434000,股
2026-04-10,2360,致茂,2.72,370000,股
2026-04-10,2059,川湖,2.64,191000,股
2026-04-10,7769,鴻勁,2.45,142000,股
2026-04-10,8046,南電,2.35,858000,股
2026-04-10,7751,竑騰,2.34,285000,股
2026-04-10,6669,緯穎,2.18,146000,股
2026-04-10,2408,南亞科,2.15,2432000,股
2026-04-10,6510,精測,2.04,142000,股
2026-04-10,8358,金居,1.94,1728000,股
2026-04-10,4749,新應材,1.93,526000,股
2026-04-10,3081,聯亞,1.76,185000,股
2026-04-10,3653,健策,1.7,100000,股
2026-04-10,6805,富世達,1.68,219000,股
2026-04-10,5274,信驊,1.5,29000,股
2026-04-10,6584,南俊國際,1.46,566000,股
2026-04-10,5347,世界,1.21,2277000,股
2026-04-10,4991,環宇-KY,1.16,511000,股
2026-04-10,3131,弘塑,1.13,87000,股
2026-04-10,2368,金像電,1.02,227000,股
2026-04-10,2308,台達電,0.96,135000,股
2026-04-10,2486,一詮,0.94,1230000,股
2026-04-10,3665,貿聯-KY,0.91,100000,股
2026-04-10,3036,文曄,0.88,947000,股
2026-04-10,3529,力旺,0.81,67000,股
2026-04-10,6531,愛普*,0.78,367000,股
2026-04-10,6274,台燿,0.76,230000,股
2026-04-10,8021,尖點,0.74,569920,股
2026-04-10,3661,世芯-KY,0.73,59000,股
2026-04-10,3189,景碩,0.72,457013,股
2026-04-10,3443,創意,0.72,66000,股
2026-04-10,3491,昇達科,0.53,71000,股
2026-04-10,5289,宜鼎,0.43,90000,股
2026-04-10,2337,旺宏,0.4,671000,股
2026-04-10,3324,雙鴻,0.38,93000,股
2026-04-10,3711,日月光投控,0.38,236000,股
2026-04-10,3260,威剛,0.35,231000,股
2026-04-10,6781,AES-KY,0.27,67000,股
2026-04-10,2344,華邦電,0.26,663000,股
2026-04-10,C_NTD,CASH,,880562233,元
2026-04-10,RDI_NTD,RECEIVABLES FOR DISPOSAL OF INVESTMENTS,,174668476,元
2026-04-13,2330,台積電,7.07,926000,股
2026-04-13,6442,光聖,4.36,510000,股
2026-04-13,2383,台光電,4.24,332000,股
2026-04-13,3037,欣興,4.03,1678000,股
2026-04-13,2345,智邦,3.81,546000,股
2026-04-13,6515,穎崴,3.75,114000,股
2026-04-13,6223,旺矽,3.51,201000,股
2026-04-13,3017,奇鋐,3.21,380000,股
2026-04-13,3163,波若威,3.2,695000,股
2026-04-13,3105,穩懋,3.1,1764000,股
2026-04-13,8996,高力,3.09,735000,股
2026-04-13,3533,嘉澤,3.05,353000,股
2026-04-13,8299,群聯,2.94,446000,股
2026-04-13,2360,致茂,2.74,380000,股
2026-04-13,2059,川湖,2.51,196000,股
2026-04-13,7769,鴻勁,2.3,146000,股
2026-04-13,8046,南電,2.22,882000,股
2026-04-13,7751,竑騰,2.2,293000,股
2026-04-13,2408,南亞科,2.16,2499000,股
2026-04-13,6669,緯穎,2.1,150000,股
2026-04-13,6510,精測,2.06,157000,股
2026-04-13,8358,金居,1.96,1776000,股
2026-04-13,4749,新應材,1.91,541000,股
2026-04-13,3665,貿聯-KY,1.71,200000,股
2026-04-13,3081,聯亞,1.69,190000,股
2026-04-13,3653,健策,1.6,103000,股
2026-04-13,3131,弘塑,1.56,117000,股
2026-04-13,6805,富世達,1.52,225000,股
2026-04-13,6584,南俊國際,1.45,582000,股
2026-04-13,5274,信驊,1.4,30000,股
2026-04-13,4991,環宇-KY,1.17,525000,股
2026-04-13,5347,世界,1.13,2340000,股
2026-04-13,2368,金像電,0.94,233000,股
2026-04-13,2486,一詮,0.94,1264000,股
2026-04-13,2308,台達電,0.93,139000,股
2026-04-13,3036,文曄,0.85,974000,股
2026-04-13,3529,力旺,0.84,69000,股
2026-04-13,6531,愛普*,0.8,367000,股
2026-04-13,8021,尖點,0.76,569920,股
2026-04-13,6274,台燿,0.73,236000,股
2026-04-13,3443,創意,0.72,68000,股
2026-04-13,3661,世芯-KY,0.72,61000,股
2026-04-13,3189,景碩,0.66,470013,股
2026-04-13,3491,昇達科,0.5,73000,股
2026-04-13,5289,宜鼎,0.4,92000,股
2026-04-13,2337,旺宏,0.39,690000,股
2026-04-13,3711,日月光投控,0.39,243000,股
2026-04-13,3324,雙鴻,0.35,96000,股
2026-04-13,3260,威剛,0.33,237000,股
2026-04-13,6781,AES-KY,0.26,69000,股
2026-04-13,2344,華邦電,0.25,681000,股
2026-04-13,B702AR,P10台化1A,,48000000,元
2026-04-13,B718AJ,P13中油1A,,46000000,元
2026-04-13,B85410,P12中龍1,,80000000,元
2026-04-13,B87204,P07裕隆1B,,55000000,元
2026-04-13,B97506,P13第一金1,,100000000,元
2026-04-13,B98913,P12國泰金1A,,21000000,元
2026-04-13,B99906,P12合迪1A,,100000000,元
2026-04-13,B9A502,P08日投控1B,,250000000,元
2026-04-13,C_NTD,CASH,,1832338809,元
2026-04-13,RDI_NTD,RECEIVABLES FOR DISPOSAL OF INVESTMENTS,,-1628230696,元
2026-04-14,2330,台積電,6.95,949000,股
2026-04-14,2383,台光電,4.37,340000,股
2026-04-14,8996,高力,3.95,993000,股
2026-04-14,6442,光聖,3.87,523000,股
2026-04-14,2345,智邦,3.77,560000,股
2026-04-14,3037,欣興,3.66,1720000,股
2026-04-14,6515,穎崴,3.53,117000,股
2026-04-14,8299,群聯,3.5,557000,股
2026-04-14,6223,旺矽,3.35,206000,股
2026-04-14,3665,貿聯-KY,3.31,405000,股
2026-04-14,3017,奇鋐,3.21,390000,股
2026-04-14,3163,波若威,3.05,712000,股
2026-04-14,3105,穩懋,2.95,1808000,股
2026-04-14,3533,嘉澤,2.87,362000,股
2026-04-14,2360,致茂,2.55,389000,股
2026-04-14,2059,川湖,2.47,201000,股
2026-04-14,7769,鴻勁,2.24,150000,股
2026-04-14,7751,竑騰,2.09,300000,股
2026-04-14,8046,南電,2.08,904000,股
2026-04-14,6669,緯穎,2.06,154000,股
2026-04-14,2408,南亞科,2.01,2562000,股
2026-04-14,8358,金居,2.0,1776000,股
2026-04-14,6510,精測,1.93,161000,股
2026-04-14,4749,新應材,1.82,555000,股
2026-04-14,6584,南俊國際,1.59,637000,股
2026-04-14,3081,聯亞,1.51,195000,股
2026-04-14,3653,健策,1.51,106000,股
2026-04-14,5274,信驊,1.44,31000,股
2026-04-14,6805,富世達,1.42,231000,股
2026-04-14,3131,弘塑,1.41,120000,股
2026-04-14,6531,愛普*,1.23,567000,股
2026-04-14,4991,環宇-KY,1.19,538000,股
2026-04-14,5347,世界,1.07,2400000,股
2026-04-14,3529,力旺,1.06,89000,股
2026-04-14,2368,金像電,0.98,239000,股
2026-04-14,2308,台達電,0.89,142000,股
2026-04-14,2486,一詮,0.88,1296000,股
2026-04-14,3036,文曄,0.81,998000,股
2026-04-14,3443,創意,0.74,68000,股
2026-04-14,6274,台燿,0.74,242000,股
2026-04-14,8021,尖點,0.73,583920,股
2026-04-14,3661,世芯-KY,0.72,63000,股
2026-04-14,3189,景碩,0.64,483013,股
2026-04-14,3491,昇達科,0.46,75000,股
2026-04-14,5289,宜鼎,0.4,94000,股
2026-04-14,2337,旺宏,0.39,707000,股
2026-04-14,3711,日月光投控,0.38,249000,股
2026-04-14,3324,雙鴻,0.34,98000,股
2026-04-14,3260,威剛,0.33,243000,股
2026-04-14,6781,AES-KY,0.25,71000,股
2026-04-14,2344,華邦電,0.23,698000,股
2026-04-14,C_NTD,CASH,,4341541578,元
2026-04-14,RDI_NTD,RECEIVABLES FOR DISPOSAL OF INVESTMENTS,,-3474276161,元
2026-04-15,2330,台積電,6.87,949000,股
2026-04-15,2383,台光電,4.51,340000,股
2026-04-15,2345,智邦,3.84,560000,股
2026-04-15,6442,光聖,3.8,523000,股
2026-04-15,8996,高力,3.8,993000,股
2026-04-15,3037,欣興,3.7,1720000,股
2026-04-15,6515,穎崴,3.69,117000,股
2026-04-15,3665,貿聯-KY,3.31,405000,股
2026-04-15,6223,旺矽,3.3,206000,股
2026-04-15,8299,群聯,3.16,557000,股
2026-04-15,3017,奇鋐,3.15,390000,股
2026-04-15,3163,波若威,3.0,712000,股
2026-04-15,3533,嘉澤,2.99,362000,股
2026-04-15,3105,穩懋,2.81,1808000,股
2026-04-15,2360,致茂,2.73,389000,股
2026-04-15,2059,川湖,2.41,201000,股
2026-04-15,7769,鴻勁,2.22,150000,股
2026-04-15,8046,南電,2.06,904000,股
2026-04-15,7751,竑騰,2.05,300000,股
2026-04-15,6510,精測,2.02,161000,股
2026-04-15,6669,緯穎,1.99,154000,股
2026-04-15,2408,南亞科,1.88,2562000,股
2026-04-15,4749,新應材,1.76,555000,股
2026-04-15,3081,聯亞,1.57,195000,股
2026-04-15,8358,金居,1.54,1326000,股
2026-04-15,3653,健策,1.53,106000,股
2026-04-15,5274,信驊,1.5,31000,股
2026-04-15,6805,富世達,1.47,231000,股
2026-04-15,6584,南俊國際,1.42,637000,股
2026-04-15,3131,弘塑,1.34,120000,股
2026-04-15,6531,愛普*,1.17,567000,股
2026-04-15,4991,環宇-KY,1.13,538000,股
2026-04-15,6271,同欣電,1.08,1695000,股
2026-04-15,5347,世界,1.06,2400000,股
2026-04-15,3529,力旺,1.04,89000,股
2026-04-15,2368,金像電,0.97,239000,股
2026-04-15,2308,台達電,0.88,142000,股
2026-04-15,2486,一詮,0.82,1296000,股
2026-04-15,3036,文曄,0.8,998000,股
2026-04-15,6274,台燿,0.8,242000,股
2026-04-15,3443,創意,0.73,68000,股
2026-04-15,3661,世芯-KY,0.7,63000,股
2026-04-15,8021,尖點,0.69,583920,股
2026-04-15,3189,景碩,0.64,483013,股
2026-04-15,3491,昇達科,0.45,75000,股
2026-04-15,3711,日月光投控,0.39,249000,股
2026-04-15,5289,宜鼎,0.37,94000,股
2026-04-15,2337,旺宏,0.35,707000,股
2026-04-15,3324,雙鴻,0.33,98000,股
2026-04-15,3260,威剛,0.31,243000,股
2026-04-15,6781,AES-KY,0.24,71000,股
2026-04-15,2344,華邦電,0.22,698000,股
2026-04-15,C_NTD,CASH,,2813622694,元
2026-04-15,RDI_NTD,RECEIVABLES FOR DISPOSAL OF INVESTMENTS,,-1833355906,元
2026-04-16,2330,台積電,6.71,949000,股
2026-04-16,2383,台光電,4.42,340000,股
2026-04-16,3105,穩懋,4.0,2408000,股
2026-04-16,6515,穎崴,3.89,117000,股
2026-04-16,2345,智邦,3.86,560000,股
2026-04-16,3037,欣興,3.76,1720000,股
2026-04-16,8996,高力,3.75,993000,股
2026-04-16,6442,光聖,3.68,523000,股
2026-04-16,6223,旺矽,3.43,206000,股
2026-04-16,3665,貿聯-KY,3.29,405000,股
2026-04-16,3017,奇鋐,3.23,390000,股
2026-04-16,3533,嘉澤,3.08,362000,股
2026-04-16,8299,群聯,2.99,557000,股
2026-04-16,3163,波若威,2.74,712000,股
2026-04-16,2360,致茂,2.7,389000,股
2026-04-16,2059,川湖,2.35,201000,股
2026-04-16,8046,南電,2.21,904000,股
2026-04-16,7769,鴻勁,2.18,150000,股
2026-04-16,6510,精測,2.0,161000,股
2026-04-16,6669,緯穎,1.93,154000,股
2026-04-16,7751,竑騰,1.88,300000,股
2026-04-16,2408,南亞科,1.85,2562000,股
2026-04-16,4749,新應材,1.68,555000,股
2026-04-16,6274,台燿,1.6,492000,股
2026-04-16,3653,健策,1.57,106000,股
2026-04-16,3081,聯亞,1.56,195000,股
2026-04-16,5274,信驊,1.52,31000,股
2026-04-16,8358,金居,1.5,1326000,股
2026-04-16,6805,富世達,1.49,231000,股
2026-04-16,6584,南俊國際,1.46,637000,股
2026-04-16,3131,弘塑,1.32,120000,股
2026-04-16,6531,愛普*,1.13,567000,股
2026-04-16,3529,力旺,1.12,89000,股
2026-04-16,4991,環宇-KY,1.09,538000,股
2026-04-16,5347,世界,1.08,2400000,股
2026-04-16,6271,同欣電,1.06,1695000,股
2026-04-16,2368,金像電,0.94,239000,股
2026-04-16,2308,台達電,0.89,142000,股
2026-04-16,2486,一詮,0.81,1296000,股
2026-04-16,3036,文曄,0.79,998000,股
2026-04-16,3443,創意,0.77,68000,股
2026-04-16,3661,世芯-KY,0.74,63000,股
2026-04-16,8021,尖點,0.7,583920,股
2026-04-16,3189,景碩,0.64,483013,股
2026-04-16,3491,昇達科,0.44,75000,股
2026-04-16,3711,日月光投控,0.38,249000,股
2026-04-16,3324,雙鴻,0.35,98000,股
2026-04-16,5289,宜鼎,0.35,94000,股
2026-04-16,2337,旺宏,0.33,707000,股
2026-04-16,3260,威剛,0.3,243000,股
2026-04-16,6781,AES-KY,0.24,71000,股
2026-04-16,2344,華邦電,0.21,698000,股
2026-04-16,C_NTD,CASH,,1259481355,元
2026-04-16,RDI_NTD,RECEIVABLES FOR DISPOSAL OF INVESTMENTS,,-678595439,元
2026-04-17,2330,台積電,6.1,984000,股
2026-04-17,2383,台光電,4.1,353000,股
2026-04-17,3105,穩懋,3.96,2408000,股
2026-04-17,8996,高力,3.84,1030000,股
2026-04-17,6515,穎崴,3.81,121000,股
2026-04-17,2345,智邦,3.67,581000,股
2026-04-17,6442,光聖,3.57,542000,股
2026-04-17,3037,欣興,3.5,1784000,股
2026-04-17,6223,旺矽,3.39,214000,股
2026-04-17,3665,貿聯-KY,3.03,420000,股
2026-04-17,3017,奇鋐,2.97,405000,股
2026-04-17,3533,嘉澤,2.85,375000,股
2026-04-17,8299,群聯,2.77,578000,股
2026-04-17,3163,波若威,2.76,738000,股
2026-04-17,2360,致茂,2.68,389000,股
2026-04-17,6669,緯穎,2.43,209000,股
2026-04-17,2059,川湖,2.31,208000,股
2026-04-17,7769,鴻勁,2.13,155000,股
2026-04-17,8046,南電,2.07,938000,股
2026-04-17,6510,精測,2.01,176000,股
2026-04-17,7751,竑騰,1.8,311000,股
2026-04-17,2408,南亞科,1.7,2657000,股
2026-04-17,3443,創意,1.67,168000,股
2026-04-17,4749,新應材,1.57,575000,股
2026-04-17,3081,聯亞,1.55,195000,股
2026-04-17,3653,健策,1.53,110000,股
2026-04-17,8358,金居,1.49,1326000,股
2026-04-17,5274,信驊,1.48,35000,股
2026-04-17,6274,台燿,1.47,510000,股
2026-04-17,6805,富世達,1.37,240000,股
2026-04-17,6584,南俊國際,1.35,661000,股
2026-04-17,3131,弘塑,1.23,124000,股
2026-04-17,3529,力旺,1.11,89000,股
2026-04-17,4991,環宇-KY,1.11,552000,股
2026-04-17,6531,愛普*,1.11,567000,股
2026-04-17,5347,世界,0.97,2401000,股
2026-04-17,6271,同欣電,0.96,1695000,股
2026-04-17,2368,金像電,0.89,248000,股
2026-04-17,2308,台達電,0.83,147000,股
2026-04-17,2486,一詮,0.73,1297000,股
2026-04-17,3036,文曄,0.7,999000,股
2026-04-17,3661,世芯-KY,0.7,65000,股
2026-04-17,8021,尖點,0.7,583920,股
2026-04-17,3189,景碩,0.58,484013,股
2026-04-17,3491,昇達科,0.4,78000,股
2026-04-17,3711,日月光投控,0.35,258000,股
2026-04-17,3324,雙鴻,0.31,99000,股
2026-04-17,2337,旺宏,0.3,739000,股
2026-04-17,3260,威剛,0.3,268000,股
2026-04-17,5289,宜鼎,0.3,98000,股
2026-04-17,6781,AES-KY,0.23,74000,股
2026-04-17,2344,華邦電,0.19,724000,股
2026-04-17,C_NTD,CASH,,3203154299,元
2026-04-17,RDI_NTD,RECEIVABLES FOR DISPOSAL OF INVESTMENTS,,-1539834734,元
2026-04-20,2330,台積電,6.11,1134000,股
2026-04-20,3105,穩懋,4.77,3027000,股
2026-04-20,8996,高力,4.18,1310000,股
2026-04-20,2383,台光電,3.85,376000,股
2026-04-20,6515,穎崴,3.7,129000,股
2026-04-20,3037,欣興,3.42,1899000,股
2026-04-20,6442,光聖,3.42,542000,股
2026-04-20,6223,旺矽,3.39,248000,股
2026-04-20,2345,智邦,3.3,618000,股
2026-04-20,6510,精測,2.95,291000,股
2026-04-20,3665,貿聯-KY,2.92,447000,股
2026-04-20,3017,奇鋐,2.85,431000,股
2026-04-20,3533,嘉澤,2.79,399000,股
2026-04-20,6669,緯穎,2.79,264000,股
2026-04-20,3163,波若威,2.71,786000,股
2026-04-20,8299,群聯,2.67,615000,股
2026-04-20,2360,致茂,2.26,414000,股
2026-04-20,2059,川湖,2.2,221000,股
2026-04-20,3443,創意,2.05,215000,股
2026-04-20,8046,南電,1.99,938000,股
2026-04-20,7769,鴻勁,1.95,165000,股
2026-04-20,7751,竑騰,1.71,331000,股
2026-04-20,3529,力旺,1.62,139000,股
2026-04-20,4749,新應材,1.57,599000,股
2026-04-20,2408,南亞科,1.56,2829000,股
2026-04-20,5274,信驊,1.5,39000,股
2026-04-20,3081,聯亞,1.48,195000,股
2026-04-20,3653,健策,1.47,110000,股
2026-04-20,6584,南俊國際,1.45,743000,股
2026-04-20,8358,金居,1.42,1326000,股
2026-04-20,6274,台燿,1.37,543000,股
2026-04-20,6805,富世達,1.29,255000,股
2026-04-20,3131,弘塑,1.13,132000,股
2026-04-20,4991,環宇-KY,1.13,587000,股
2026-04-20,6531,愛普*,1.1,604000,股
2026-04-20,5347,世界,0.89,2402000,股
2026-04-20,6271,同欣電,0.89,1800000,股
2026-04-20,2368,金像電,0.85,264000,股
2026-04-20,2308,台達電,0.79,156000,股
2026-04-20,2486,一詮,0.68,1298000,股
2026-04-20,3661,世芯-KY,0.67,69000,股
2026-04-20,8021,尖點,0.65,584920,股
2026-04-20,3036,文曄,0.58,1000000,股
2026-04-20,3189,景碩,0.55,484013,股
2026-04-20,3491,昇達科,0.37,83000,股
2026-04-20,3711,日月光投控,0.34,275000,股
2026-04-20,3260,威剛,0.28,293000,股
2026-04-20,3324,雙鴻,0.28,100000,股
2026-04-20,5289,宜鼎,0.28,102000,股
2026-04-20,2337,旺宏,0.25,771000,股
2026-04-20,2344,華邦電,0.18,771000,股
2026-04-20,C_NTD,CASH,,5797087572,元
2026-04-20,RDI_NTD,RECEIVABLES FOR DISPOSAL OF INVESTMENTS,,-3751891015,元
2026-04-21,2330,台積電,5.79,1305000,股
2026-04-21,3105,穩懋,4.59,3433000,股
2026-04-21,6669,緯穎,4.24,464000,股
2026-04-21,6442,光聖,3.96,781000,股
2026-04-21,8996,高力,3.92,1489000,股
2026-04-21,2383,台光電,3.75,438000,股
2026-04-21,6515,穎崴,3.48,150000,股
2026-04-21,3037,欣興,3.4,2210000,股
2026-04-21,2345,智邦,3.38,713000,股
2026-04-21,6223,旺矽,3.08,288000,股
2026-04-21,3665,貿聯-KY,2.98,567000,股
2026-04-21,6510,精測,2.85,321000,股
2026-04-21,3017,奇鋐,2.78,501000,股
2026-04-21,8299,群聯,2.71,708000,股
2026-04-21,3533,嘉澤,2.66,466000,股
2026-04-21,3163,波若威,2.51,919000,股
2026-04-21,6584,南俊國際,2.27,1333000,股
2026-04-21,3653,健策,2.23,192000,股
2026-04-21,2059,川湖,2.14,257000,股
2026-04-21,2360,致茂,2.13,485000,股
2026-04-21,3443,創意,2.09,259000,股
2026-04-21,8046,南電,1.88,1103000,股
2026-04-21,7769,鴻勁,1.87,193000,股
2026-04-21,7751,竑騰,1.61,386000,股
2026-04-21,2408,南亞科,1.56,3265000,股
2026-04-21,2308,台達電,1.55,356000,股
2026-04-21,4749,新應材,1.5,698000,股
2026-04-21,3661,世芯-KY,1.49,173000,股
2026-04-21,5274,信驊,1.49,45000,股
2026-04-21,3529,力旺,1.47,154000,股
2026-04-21,3081,聯亞,1.46,229000,股
2026-04-21,8358,金居,1.33,1558000,股
2026-04-21,6274,台燿,1.32,633000,股
2026-04-21,6805,富世達,1.23,297000,股
2026-04-21,3131,弘塑,1.09,153000,股
2026-04-21,6531,愛普*,1.09,700000,股
2026-04-21,4991,環宇-KY,1.07,688000,股
2026-04-21,6271,同欣電,0.85,2089000,股
2026-04-21,5347,世界,0.84,2818000,股
2026-04-21,2368,金像電,0.82,308000,股
2026-04-21,2486,一詮,0.67,1517000,股
2026-04-21,8021,尖點,0.6,688920,股
2026-04-21,3036,文曄,0.55,1171000,股
2026-04-21,3189,景碩,0.5,484013,股
2026-04-21,3491,昇達科,0.37,97000,股
2026-04-21,3324,雙鴻,0.34,150000,股
2026-04-21,3711,日月光投控,0.33,319000,股
2026-04-21,3260,威剛,0.25,293000,股
2026-04-21,5289,宜鼎,0.25,102000,股
2026-04-21,2337,旺宏,0.22,771000,股
2026-04-21,2344,華邦電,0.18,889000,股
2026-04-21,C_NTD,CASH,,11557336373,元
2026-04-21,RDI_NTD,RECEIVABLES FOR DISPOSAL OF INVESTMENTS,,-10021846317,元
2026-04-22,2330,台積電,5.71,1305000,股
2026-04-22,3105,穩懋,4.4,3433000,股
2026-04-22,6669,緯穎,4.31,464000,股
2026-04-22,2383,台光電,3.8,438000,股
2026-04-22,8996,高力,3.8,1489000,股
2026-04-22,6510,精測,3.78,421000,股
2026-04-22,6442,光聖,3.74,781000,股
2026-04-22,6515,穎崴,3.44,150000,股
2026-04-22,3037,欣興,3.38,2210000,股
2026-04-22,2345,智邦,3.35,713000,股
2026-04-22,3665,貿聯-KY,3.09,567000,股
2026-04-22,6223,旺矽,2.97,288000,股
2026-04-22,3017,奇鋐,2.88,501000,股
2026-04-22,8299,群聯,2.68,708000,股
2026-04-22,3533,嘉澤,2.64,466000,股
2026-04-22,3163,波若威,2.32,919000,股
2026-04-22,6584,南俊國際,2.29,1333000,股
2026-04-22,3653,健策,2.22,192000,股
2026-04-22,2059,川湖,2.16,257000,股
2026-04-22,2360,致茂,2.1,485000,股
2026-04-22,3443,創意,2.03,259000,股
2026-04-22,7769,鴻勁,1.96,193000,股
2026-04-22,8046,南電,1.89,1103000,股
2026-04-22,7751,竑騰,1.71,386000,股
2026-04-22,5274,信驊,1.55,45000,股
2026-04-22,4749,新應材,1.54,698000,股
2026-04-22,2308,台達電,1.53,356000,股
2026-04-22,2408,南亞科,1.53,3265000,股
2026-04-22,3661,世芯-KY,1.5,173000,股
2026-04-22,3081,聯亞,1.47,229000,股
2026-04-22,3529,力旺,1.33,154000,股
2026-04-22,6274,台燿,1.32,633000,股
2026-04-22,8358,金居,1.3,1548000,股
2026-04-22,6805,富世達,1.26,297000,股
2026-04-22,6531,愛普*,1.18,700000,股
2026-04-22,3131,弘塑,1.11,153000,股
2026-04-22,4991,環宇-KY,1.02,688000,股
2026-04-22,6271,同欣電,0.83,2089000,股
2026-04-22,2368,金像電,0.82,308000,股
2026-04-22,8021,尖點,0.66,688920,股
2026-04-22,3036,文曄,0.53,1171000,股
2026-04-22,3189,景碩,0.51,484013,股
2026-04-22,2454,聯發科,0.39,80000,股
2026-04-22,3324,雙鴻,0.37,150000,股
2026-04-22,3491,昇達科,0.36,97000,股
2026-04-22,3711,日月光投控,0.32,319000,股
2026-04-22,2486,一詮,0.27,567000,股
2026-04-22,3260,威剛,0.26,293000,股
2026-04-22,5289,宜鼎,0.25,102000,股
2026-04-22,2337,旺宏,0.22,771000,股
2026-04-22,2344,華邦電,0.17,889000,股
2026-04-22,C_NTD,CASH,,9025708448,元
2026-04-22,RDI_NTD,RECEIVABLES FOR DISPOSAL OF INVESTMENTS,,-7267133226,元
2026-04-23,2330,台積電,5.7,1311000,股
2026-04-23,2383,台光電,4.61,538000,股
2026-04-23,8996,高力,4.27,1689000,股
2026-04-23,6669,緯穎,4.13,465000,股
2026-04-23,3105,穩懋,4.02,3433000,股
2026-04-23,3665,貿聯-KY,3.84,667000,股
2026-04-23,3037,欣興,3.52,2310000,股
2026-04-23,6510,精測,3.4,422000,股
2026-04-23,6515,穎崴,3.39,151000,股
2026-04-23,3017,奇鋐,3.37,601000,股
2026-04-23,6442,光聖,3.32,785000,股
2026-04-23,2345,智邦,3.12,716000,股
2026-04-23,6223,旺矽,2.9,289000,股
2026-04-23,8299,群聯,2.54,711000,股
2026-04-23,3533,嘉澤,2.41,468000,股
2026-04-23,3081,聯亞,2.4,380000,股
2026-04-23,3163,波若威,2.24,924000,股
2026-04-23,3653,健策,2.19,197000,股
2026-04-23,3443,創意,2.13,260000,股
2026-04-23,6584,南俊國際,2.06,1337000,股
2026-04-23,2360,致茂,1.98,487000,股
2026-04-23,7769,鴻勁,1.95,194000,股
2026-04-23,2059,川湖,1.93,258000,股
2026-04-23,8046,南電,1.84,1108000,股
2026-04-23,7751,竑騰,1.78,388000,股
2026-04-23,2368,金像電,1.77,669000,股
2026-04-23,2308,台達電,1.48,357000,股
2026-04-23,5274,信驊,1.47,45000,股
2026-04-23,4749,新應材,1.46,701000,股
2026-04-23,3661,世芯-KY,1.44,173000,股
2026-04-23,2408,南亞科,1.43,3280000,股
2026-04-23,3529,力旺,1.29,155000,股
2026-04-23,6274,台燿,1.26,636000,股
2026-04-23,8358,金居,1.2,1548000,股
2026-04-23,6805,富世達,1.19,298000,股
2026-04-23,6531,愛普*,1.15,703000,股
2026-04-23,3131,弘塑,1.01,154000,股
2026-04-23,6271,同欣電,0.96,2589000,股
2026-04-23,4991,環宇-KY,0.92,692000,股
2026-04-23,8021,尖點,0.68,691920,股
2026-04-23,3036,文曄,0.51,1177000,股
2026-04-23,3189,景碩,0.49,486013,股
2026-04-23,2454,聯發科,0.37,80000,股
2026-04-23,3324,雙鴻,0.35,151000,股
2026-04-23,2337,旺宏,0.33,1271000,股
2026-04-23,3260,威剛,0.33,393000,股
2026-04-23,5289,宜鼎,0.33,142000,股
2026-04-23,3491,昇達科,0.31,97000,股
2026-04-23,3711,日月光投控,0.31,320000,股
2026-04-23,2486,一詮,0.26,567000,股
2026-04-23,2344,華邦電,0.16,893000,股
2026-04-23,C_NTD,CASH,,3446553543,元
2026-04-23,RDI_NTD,RECEIVABLES FOR DISPOSAL OF INVESTMENTS,,-2253755568,元
2026-04-24,2330,台積電,5.9,1311000,股
2026-04-24,2383,台光電,4.95,537000,股
2026-04-24,6669,緯穎,4.44,465000,股
2026-04-24,8996,高力,3.91,1689000,股
2026-04-24,3105,穩懋,3.87,3433000,股
2026-04-24,3665,貿聯-KY,3.8,667000,股
2026-04-24,3037,欣興,3.76,2310000,股
2026-04-24,3017,奇鋐,3.65,601000,股
2026-04-24,2345,智邦,3.16,716000,股
2026-04-24,6510,精測,3.16,422000,股
2026-04-24,6515,穎崴,3.13,151000,股
2026-04-24,6442,光聖,3.04,785000,股
2026-04-24,6223,旺矽,2.77,289000,股
2026-04-24,8299,群聯,2.46,711000,股
2026-04-24,3533,嘉澤,2.43,468000,股
2026-04-24,3081,聯亞,2.21,380000,股
2026-04-24,3163,波若威,2.2,924000,股
2026-04-24,3653,健策,2.18,197000,股
2026-04-24,3443,創意,2.16,260000,股
2026-04-24,6584,南俊國際,2.03,1337000,股
2026-04-24,2059,川湖,2.02,258000,股
2026-04-24,8046,南電,1.99,1108000,股
2026-04-24,2360,致茂,1.93,487000,股
2026-04-24,2368,金像電,1.92,669000,股
2026-04-24,7751,竑騰,1.92,388000,股
2026-04-24,7769,鴻勁,1.89,194000,股
2026-04-24,2308,台達電,1.53,357000,股
2026-04-24,5274,信驊,1.52,45000,股
2026-04-24,3661,世芯-KY,1.5,173000,股
2026-04-24,4749,新應材,1.41,701000,股
2026-04-24,2408,南亞科,1.39,3280000,股
2026-04-24,6274,台燿,1.37,636000,股
2026-04-24,3529,力旺,1.25,155000,股
2026-04-24,6805,富世達,1.18,298000,股
2026-04-24,6531,愛普*,1.14,703000,股
2026-04-24,8358,金居,1.12,1508000,股
2026-04-24,3131,弘塑,0.99,154000,股
2026-04-24,6271,同欣電,0.95,2589000,股
2026-04-24,4991,環宇-KY,0.85,692000,股
2026-04-24,8021,尖點,0.61,661920,股
2026-04-24,3189,景碩,0.53,486013,股
2026-04-24,3036,文曄,0.48,1177000,股
2026-04-24,2454,聯發科,0.4,80000,股
2026-04-24,3324,雙鴻,0.38,151000,股
2026-04-24,2337,旺宏,0.35,1271000,股
2026-04-24,3711,日月光投控,0.33,320000,股
2026-04-24,3260,威剛,0.32,393000,股
2026-04-24,5289,宜鼎,0.32,142000,股
2026-04-24,3491,昇達科,0.31,97000,股
2026-04-24,2486,一詮,0.26,567000,股
2026-04-24,2344,華邦電,0.16,893000,股
2026-04-24,C_NTD,CASH,,3471957831,元
2026-04-24,RDI_NTD,RECEIVABLES FOR DISPOSAL OF INVESTMENTS,,-2246711546,元
2026-04-27,2330,台積電,6.04,1311000,股
2026-04-27,2383,台光電,5.17,537000,股
2026-04-27,6669,緯穎,4.63,465000,股
2026-04-27,3037,欣興,3.94,2310000,股
2026-04-27,8996,高力,3.68,1689000,股
2026-04-27,3665,貿聯-KY,3.57,667000,股
2026-04-27,3017,奇鋐,3.47,601000,股
2026-04-27,3105,穩懋,3.44,3433000,股
2026-04-27,2345,智邦,3.17,716000,股
2026-04-27,6510,精測,3.06,422000,股
2026-04-27,6515,穎崴,2.94,151000,股
2026-04-27,6223,旺矽,2.87,289000,股
2026-04-27,6442,光聖,2.83,785000,股
2026-04-27,8299,群聯,2.65,711000,股
2026-04-27,3533,嘉澤,2.58,468000,股
2026-04-27,3443,創意,2.09,260000,股
2026-04-27,7751,竑騰,2.09,388000,股
2026-04-27,2059,川湖,2.08,258000,股
2026-04-27,8046,南電,2.06,1108000,股
2026-04-27,3653,健策,1.99,197000,股
2026-04-27,3081,聯亞,1.96,380000,股
2026-04-27,7769,鴻勁,1.96,194000,股
2026-04-27,3163,波若威,1.95,924000,股
2026-04-27,2368,金像電,1.93,669000,股
2026-04-27,2360,致茂,1.91,487000,股
2026-04-27,6584,南俊國際,1.88,1337000,股
2026-04-27,2408,南亞科,1.51,3280000,股
2026-04-27,2308,台達電,1.47,357000,股
2026-04-27,3661,世芯-KY,1.46,173000,股
2026-04-27,5274,信驊,1.46,45000,股
2026-04-27,4749,新應材,1.38,701000,股
2026-04-27,6274,台燿,1.28,636000,股
2026-04-27,6805,富世達,1.25,298000,股
2026-04-27,6531,愛普*,1.08,703000,股
2026-04-27,8358,金居,1.03,1508000,股
2026-04-27,6271,同欣電,0.92,2589000,股
2026-04-27,3131,弘塑,0.9,154000,股
2026-04-27,2454,聯發科,0.89,180000,股
2026-04-27,4991,環宇-KY,0.8,692000,股
2026-04-27,8021,尖點,0.55,661920,股
2026-04-27,3189,景碩,0.51,486013,股
2026-04-27,3036,文曄,0.48,1177000,股
2026-04-27,2337,旺宏,0.37,1271000,股
2026-04-27,3324,雙鴻,0.36,151000,股
2026-04-27,3260,威剛,0.35,393000,股
2026-04-27,5289,宜鼎,0.34,142000,股
2026-04-27,3491,昇達科,0.32,97000,股
2026-04-27,3711,日月光投控,0.32,320000,股
2026-04-27,2486,一詮,0.26,567000,股
2026-04-27,2344,華邦電,0.17,893000,股
2026-04-27,3529,力旺,0.03,4000,股
2026-04-27,C_NTD,CASH,,1873136365,元
2026-04-27,RDI_NTD,RECEIVABLES FOR DISPOSAL OF INVESTMENTS,,384680015,元
2026-04-28,2330,台積電,7.87,1761000,股
2026-04-28,2383,台光電,4.74,537000,股
2026-04-28,6669,緯穎,4.5,465000,股
2026-04-28,8996,高力,4.0,1689000,股
2026-04-28,3037,欣興,3.84,2310000,股
2026-04-28,3665,貿聯-KY,3.54,667000,股
2026-04-28,3105,穩懋,3.46,3433000,股
2026-04-28,3017,奇鋐,3.37,601000,股
2026-04-28,2345,智邦,3.31,716000,股
2026-04-28,6510,精測,3.15,422000,股
2026-04-28,6515,穎崴,3.09,151000,股
2026-04-28,6442,光聖,3.02,785000,股
2026-04-28,6223,旺矽,2.84,289000,股
2026-04-28,8299,群聯,2.83,711000,股
2026-04-28,3533,嘉澤,2.52,468000,股
2026-04-28,3443,創意,2.2,260000,股
2026-04-28,7751,竑騰,2.12,388000,股
2026-04-28,8046,南電,2.08,1108000,股
2026-04-28,2059,川湖,2.07,258000,股
2026-04-28,2360,致茂,2.03,487000,股
2026-04-28,7769,鴻勁,2.0,194000,股
2026-04-28,3163,波若威,1.99,924000,股
2026-04-28,3653,健策,1.97,197000,股
2026-04-28,3081,聯亞,1.92,380000,股
2026-04-28,6584,南俊國際,1.9,1337000,股
2026-04-28,2368,金像電,1.88,669000,股
2026-04-28,2408,南亞科,1.57,3280000,股
2026-04-28,2308,台達電,1.53,357000,股
2026-04-28,5274,信驊,1.46,45000,股
2026-04-28,3661,世芯-KY,1.4,173000,股
2026-04-28,4749,新應材,1.4,701000,股
2026-04-28,6805,富世達,1.25,298000,股
2026-04-28,6274,台燿,1.24,636000,股
2026-04-28,6531,愛普*,1.13,703000,股
2026-04-28,2454,聯發科,0.95,180000,股
2026-04-28,6271,同欣電,0.92,2589000,股
2026-04-28,3131,弘塑,0.89,154000,股
2026-04-28,4991,環宇-KY,0.88,692000,股
2026-04-28,8021,尖點,0.53,661000,股
2026-04-28,3189,景碩,0.5,486013,股
2026-04-28,3036,文曄,0.49,1177000,股
2026-04-28,2337,旺宏,0.41,1271000,股
2026-04-28,3260,威剛,0.38,393000,股
2026-04-28,5289,宜鼎,0.37,142000,股
2026-04-28,3324,雙鴻,0.35,151000,股
2026-04-28,3491,昇達科,0.32,97000,股
2026-04-28,3711,日月光投控,0.32,320000,股
2026-04-28,2455,全新,0.27,427000,股
2026-04-28,2486,一詮,0.26,567000,股
2026-04-28,2344,華邦電,0.17,893000,股
2026-04-28,3529,力旺,0.03,4000,股
2026-04-28,C_NTD,CASH,,1906220675,元
2026-04-28,PFUR_NTD,PAYABLES FOR UNITS REDEEMED,,-272747680,元
2026-04-28,RDI_NTD,RECEIVABLES FOR DISPOSAL OF INVESTMENTS,,-270510317,元
2026-04-29,2330,台積電,7.78,1761000,股
2026-04-29,2383,台光電,4.83,537000,股
2026-04-29,6669,緯穎,4.57,465000,股
2026-04-29,8996,高力,3.9,1689000,股
2026-04-29,3037,欣興,3.76,2310000,股
2026-04-29,3665,貿聯-KY,3.76,667000,股
2026-04-29,3105,穩懋,3.49,3433000,股
2026-04-29,3017,奇鋐,3.45,601000,股
2026-04-29,2345,智邦,3.21,716000,股
2026-04-29,6442,光聖,3.19,785000,股
2026-04-29,6515,穎崴,3.12,151000,股
2026-04-29,6510,精測,3.11,422000,股
2026-04-29,8299,群聯,2.98,711000,股
2026-04-29,6223,旺矽,2.9,289000,股
2026-04-29,3533,嘉澤,2.51,468000,股
2026-04-29,2059,川湖,2.18,258000,股
2026-04-29,3443,創意,2.17,260000,股
2026-04-29,3653,健策,2.17,197000,股
2026-04-29,8046,南電,2.06,1108000,股
2026-04-29,7769,鴻勁,2.05,194000,股
2026-04-29,2360,致茂,2.03,487000,股
2026-04-29,7751,竑騰,1.99,388000,股
2026-04-29,3163,波若威,1.96,923000,股
2026-04-29,6584,南俊國際,1.92,1337000,股
2026-04-29,3081,聯亞,1.88,380000,股
2026-04-29,2368,金像電,1.84,669000,股
2026-04-29,2308,台達電,1.57,357000,股
2026-04-29,2408,南亞科,1.56,3280000,股
2026-04-29,5274,信驊,1.51,45000,股
2026-04-29,4749,新應材,1.44,701000,股
2026-04-29,3661,世芯-KY,1.4,173000,股
2026-04-29,6274,台燿,1.26,636000,股
2026-04-29,6531,愛普*,1.17,703000,股
2026-04-29,2454,聯發科,0.94,180000,股
2026-04-29,6271,同欣電,0.91,2589000,股
2026-04-29,3131,弘塑,0.9,154000,股
2026-04-29,4991,環宇-KY,0.86,692000,股
2026-04-29,3189,景碩,0.5,486013,股
2026-04-29,3036,文曄,0.48,1177000,股
2026-04-29,2337,旺宏,0.43,1271000,股
2026-04-29,5289,宜鼎,0.38,142000,股
2026-04-29,3260,威剛,0.36,393000,股
2026-04-29,3324,雙鴻,0.36,151000,股
2026-04-29,3711,日月光投控,0.32,320000,股
2026-04-29,3491,昇達科,0.31,97000,股
2026-04-29,2486,一詮,0.29,567000,股
2026-04-29,2455,全新,0.27,427000,股
2026-04-29,8021,尖點,0.26,334000,股
2026-04-29,2344,華邦電,0.17,893000,股
2026-04-29,3583,辛耘,0.05,33000,股
2026-04-29,3529,力旺,0.03,4000,股
2026-04-29,C_NTD,CASH,,2257816380,元
2026-04-29,PFUR_NTD,PAYABLES FOR UNITS REDEEMED,,-640120287,元
2026-04-29,RDI_NTD,RECEIVABLES FOR DISPOSAL OF INVESTMENTS,,102208186,元
2026-04-30,2330,台積電,7.56,1761000,股
2026-04-30,2383,台光電,4.91,537000,股
2026-04-30,6669,緯穎,4.37,465000,股
2026-04-30,8996,高力,4.24,1689000,股
2026-04-30,3037,欣興,4.09,2303000,股
2026-04-30,3665,貿聯-KY,3.71,667000,股
2026-04-30,3105,穩懋,3.7,3433000,股
2026-04-30,3017,奇鋐,3.42,601000,股
2026-04-30,6442,光聖,3.33,785000,股
2026-04-30,2345,智邦,3.28,716000,股
2026-04-30,6515,穎崴,3.15,151000,股
2026-04-30,6510,精測,2.92,422000,股
2026-04-30,6223,旺矽,2.86,289000,股
2026-04-30,8299,群聯,2.72,711000,股
2026-04-30,3533,嘉澤,2.46,468000,股
2026-04-30,8046,南電,2.24,1108000,股
2026-04-30,3443,創意,2.23,260000,股
2026-04-30,3653,健策,2.13,197000,股
2026-04-30,3163,波若威,2.12,923000,股
2026-04-30,2360,致茂,2.08,487000,股
2026-04-30,2059,川湖,2.03,258000,股
2026-04-30,3081,聯亞,2.02,380000,股
2026-04-30,7769,鴻勁,1.93,194000,股
2026-04-30,7751,竑騰,1.89,388000,股
2026-04-30,2368,金像電,1.87,669000,股
2026-04-30,6584,南俊國際,1.82,1337000,股
2026-04-30,2308,台達電,1.55,357000,股
2026-04-30,5274,信驊,1.49,45000,股
2026-04-30,3661,世芯-KY,1.44,173000,股
2026-04-30,2408,南亞科,1.42,3280000,股
2026-04-30,4749,新應材,1.42,701000,股
2026-04-30,6274,台燿,1.29,636000,股
2026-04-30,6531,愛普*,1.19,703000,股
2026-04-30,2454,聯發科,0.94,180000,股
2026-04-30,4991,環宇-KY,0.94,692000,股
2026-04-30,3131,弘塑,0.91,154000,股
2026-04-30,6271,同欣電,0.9,2589000,股
2026-04-30,3189,景碩,0.52,486013,股
2026-04-30,3036,文曄,0.48,1177000,股
2026-04-30,2337,旺宏,0.39,1271000,股
2026-04-30,5289,宜鼎,0.36,142000,股
2026-04-30,3324,雙鴻,0.35,151000,股
2026-04-30,3260,威剛,0.34,393000,股
2026-04-30,3711,日月光投控,0.31,320000,股
2026-04-30,2455,全新,0.3,427000,股
2026-04-30,3491,昇達科,0.3,97000,股
2026-04-30,2344,華邦電,0.16,893000,股
2026-04-30,3583,辛耘,0.05,33000,股
2026-04-30,C_NTD,CASH,,1635710358,元
2026-04-30,PFUR_NTD,PAYABLES FOR UNITS REDEEMED,,-709159231,元
2026-04-30,RDI_NTD,RECEIVABLES FOR DISPOSAL OF INVESTMENTS,,1027662873,元
2026-05-04,2330,台積電,7.74,1761000,股
2026-05-04,2383,台光電,4.93,537000,股
2026-05-04,6669,緯穎,4.36,465000,股
2026-05-04,8996,高力,4.06,1689000,股
2026-05-04,3037,欣興,4.05,2302000,股
2026-05-04,3665,貿聯-KY,3.79,667000,股
2026-05-04,3105,穩懋,3.47,3433000,股
2026-05-04,2345,智邦,3.46,716000,股
2026-05-04,3017,奇鋐,3.35,601000,股
2026-05-04,6442,光聖,3.16,785000,股
2026-05-04,6515,穎崴,3.12,151000,股
2026-05-04,6510,精測,3.08,422000,股
2026-05-04,6223,旺矽,2.88,289000,股
2026-05-04,8299,群聯,2.76,711000,股
2026-05-04,3533,嘉澤,2.36,468000,股
2026-05-04,3443,創意,2.35,260000,股
2026-05-04,3163,波若威,2.24,923000,股
2026-05-04,3661,世芯-KY,2.24,273000,股
2026-05-04,2360,致茂,2.17,487000,股
2026-05-04,8046,南電,2.11,1108000,股
2026-05-04,2059,川湖,2.02,258000,股
2026-05-04,3653,健策,2.02,197000,股
2026-05-04,7769,鴻勁,2.02,194000,股
2026-05-04,3081,聯亞,2.01,380000,股
2026-05-04,7751,竑騰,1.99,388000,股
2026-05-04,2368,金像電,1.86,669000,股
2026-05-04,6584,南俊國際,1.74,1337000,股
2026-05-04,2308,台達電,1.53,357000,股
2026-05-04,5274,信驊,1.52,45000,股
2026-05-04,2408,南亞科,1.5,3280000,股
2026-05-04,4749,新應材,1.39,701000,股
2026-05-04,6274,台燿,1.36,636000,股
2026-05-04,2455,全新,1.32,1927000,股
2026-05-04,6531,愛普*,1.25,703000,股
2026-05-04,2454,聯發科,1.0,180000,股
2026-05-04,3131,弘塑,0.91,154000,股
2026-05-04,4991,環宇-KY,0.9,692000,股
2026-05-04,6271,同欣電,0.89,2589000,股
2026-05-04,3189,景碩,0.5,486013,股
2026-05-04,3036,文曄,0.48,1177000,股
2026-05-04,2337,旺宏,0.38,1271000,股
2026-05-04,5289,宜鼎,0.36,142000,股
2026-05-04,3324,雙鴻,0.35,151000,股
2026-05-04,3260,威剛,0.33,393000,股
2026-05-04,3491,昇達科,0.32,97000,股
2026-05-04,3711,日月光投控,0.32,320000,股
2026-05-04,2344,華邦電,0.16,893000,股
2026-05-04,3583,辛耘,0.05,33000,股
2026-05-04,C_NTD,CASH,,2087533376,元
2026-05-04,PFUR_NTD,PAYABLES FOR UNITS REDEEMED,,-481354156,元
2026-05-04,RDI_NTD,RECEIVABLES FOR DISPOSAL OF INVESTMENTS,,-650823621,元
2026-05-05,2330,台積電,7.68,1761000,股
2026-05-05,2383,台光電,4.92,537000,股
2026-05-05,6669,緯穎,4.29,465000,股
2026-05-05,3037,欣興,4.03,2302000,股
2026-05-05,8996,高力,3.9,1689000,股
2026-05-05,3665,貿聯-KY,3.72,667000,股
2026-05-05,3105,穩懋,3.69,3433000,股
2026-05-05,2345,智邦,3.46,716000,股
2026-05-05,3017,奇鋐,3.15,601000,股
2026-05-05,6442,光聖,3.14,785000,股
2026-05-05,6510,精測,2.99,422000,股
2026-05-05,6515,穎崴,2.94,151000,股
2026-05-05,8299,群聯,2.92,711000,股
2026-05-05,6223,旺矽,2.8,289000,股
2026-05-05,3443,創意,2.44,260000,股
2026-05-05,3533,嘉澤,2.26,468000,股
2026-05-05,3661,世芯-KY,2.2,273000,股
2026-05-05,3163,波若威,2.18,923000,股
2026-05-05,8046,南電,2.14,1108000,股
2026-05-05,2360,致茂,2.11,487000,股
2026-05-05,7769,鴻勁,2.11,194000,股
2026-05-05,2059,川湖,2.07,258000,股
2026-05-05,3081,聯亞,2.07,380000,股
2026-05-05,7751,竑騰,2.0,388000,股
2026-05-05,2368,金像電,1.92,669000,股
2026-05-05,6584,南俊國際,1.85,1337000,股
2026-05-05,3653,健策,1.83,197000,股
2026-05-05,2408,南亞科,1.63,3280000,股
2026-05-05,5274,信驊,1.55,45000,股
2026-05-05,2308,台達電,1.5,357000,股
2026-05-05,6274,台燿,1.5,636000,股
2026-05-05,2455,全新,1.44,1927000,股
2026-05-05,4749,新應材,1.33,701000,股
2026-05-05,6531,愛普*,1.27,703000,股
2026-05-05,2454,聯發科,1.1,180000,股
2026-05-05,4991,環宇-KY,1.0,692000,股
2026-05-05,3131,弘塑,0.87,154000,股
2026-05-05,3189,景碩,0.5,486013,股
2026-05-05,3036,文曄,0.48,1177000,股
2026-05-05,2337,旺宏,0.4,1271000,股
2026-05-05,5289,宜鼎,0.39,142000,股
2026-05-05,3260,威剛,0.34,393000,股
2026-05-05,3324,雙鴻,0.34,151000,股
2026-05-05,6271,同欣電,0.33,970000,股
2026-05-05,3491,昇達科,0.32,97000,股
2026-05-05,3711,日月光投控,0.32,320000,股
2026-05-05,2344,華邦電,0.17,893000,股
2026-05-05,3583,辛耘,0.05,33000,股
2026-05-05,C_NTD,CASH,,1996044031,元
2026-05-05,PFUR_NTD,PAYABLES FOR UNITS REDEEMED,,-113981549,元
2026-05-05,RDI_NTD,RECEIVABLES FOR DISPOSAL OF INVESTMENTS,,-668708155,元
2026-05-06,2330,台積電,7.65,1761000,股
2026-05-06,2383,台光電,5.13,537000,股
2026-05-06,6669,緯穎,4.46,465000,股
2026-05-06,3037,欣興,3.82,2302000,股
2026-05-06,8996,高力,3.8,1689000,股
2026-05-06,3665,貿聯-KY,3.54,667000,股
2026-05-06,2345,智邦,3.44,716000,股
2026-05-06,3105,穩懋,3.32,3433000,股
2026-05-06,8299,群聯,3.19,711000,股
2026-05-06,6442,光聖,3.12,785000,股
2026-05-06,6510,精測,3.1,422000,股
2026-05-06,6515,穎崴,2.95,151000,股
2026-05-06,3017,奇鋐,2.83,601000,股
2026-05-06,6223,旺矽,2.76,289000,股
2026-05-06,3443,創意,2.49,260000,股
2026-05-06,3533,嘉澤,2.47,468000,股
2026-05-06,3661,世芯-KY,2.41,273000,股
2026-05-06,2360,致茂,2.21,487000,股
2026-05-06,2059,川湖,2.19,258000,股
2026-05-06,7769,鴻勁,2.14,194000,股
2026-05-06,3163,波若威,2.02,923000,股
2026-05-06,8046,南電,2.01,1108000,股
2026-05-06,3081,聯亞,1.95,380000,股
2026-05-06,2368,金像電,1.87,669000,股
2026-05-06,6584,南俊國際,1.84,1337000,股
2026-05-06,2408,南亞科,1.79,3280000,股
2026-05-06,7751,竑騰,1.79,388000,股
2026-05-06,3653,健策,1.64,197000,股
2026-05-06,5274,信驊,1.63,45000,股
2026-05-06,6274,台燿,1.62,636000,股
2026-05-06,2308,台達電,1.52,357000,股
2026-05-06,6531,愛普*,1.31,703000,股
2026-05-06,2455,全新,1.3,1927000,股
2026-05-06,2454,聯發科,1.19,180000,股
2026-05-06,4991,環宇-KY,0.97,692000,股
2026-05-06,3131,弘塑,0.95,154000,股
2026-05-06,3036,文曄,0.49,1177000,股
2026-05-06,3189,景碩,0.45,486013,股
2026-05-06,2337,旺宏,0.42,1271000,股
2026-05-06,5289,宜鼎,0.4,142000,股
2026-05-06,3260,威剛,0.35,393000,股
2026-05-06,6271,同欣電,0.34,970000,股
2026-05-06,3324,雙鴻,0.32,151000,股
2026-05-06,3711,日月光投控,0.32,320000,股
2026-05-06,3491,昇達科,0.3,97000,股
2026-05-06,2344,華邦電,0.19,893000,股
2026-05-06,3583,辛耘,0.05,33000,股
2026-05-06,C_NTD,CASH,,1116972097,元
2026-05-06,PFUR_NTD,PAYABLES FOR UNITS REDEEMED,,-44942605,元
2026-05-06,RDI_NTD,RECEIVABLES FOR DISPOSAL OF INVESTMENTS,,972561489,元
2026-05-07,2330,台積電,7.84,1761000,股
2026-05-07,2383,台光電,5.13,537000,股
2026-05-07,6669,緯穎,4.37,465000,股
2026-05-07,3037,欣興,3.97,2302000,股
2026-05-07,3443,創意,3.78,360000,股
2026-05-07,3661,世芯-KY,3.63,393000,股
2026-05-07,3665,貿聯-KY,3.57,667000,股
2026-05-07,2345,智邦,3.53,716000,股
2026-05-07,8996,高力,3.5,1689000,股
2026-05-07,3105,穩懋,3.31,3433000,股
2026-05-07,8299,群聯,3.27,711000,股
2026-05-07,6442,光聖,3.17,785000,股
2026-05-07,6510,精測,3.03,422000,股
2026-05-07,6515,穎崴,2.87,151000,股
2026-05-07,6223,旺矽,2.8,289000,股
2026-05-07,3533,嘉澤,2.57,468000,股
2026-05-07,2059,川湖,2.41,258000,股
2026-05-07,3017,奇鋐,2.33,501000,股
2026-05-07,2360,致茂,2.18,487000,股
2026-05-07,7769,鴻勁,2.18,194000,股
2026-05-07,8046,南電,2.02,1108000,股
2026-05-07,3081,聯亞,1.95,380000,股
2026-05-07,3163,波若威,1.93,923000,股
2026-05-07,2368,金像電,1.87,669000,股
2026-05-07,6584,南俊國際,1.83,1337000,股
2026-05-07,2408,南亞科,1.81,3280000,股
2026-05-07,6274,台燿,1.77,636000,股
2026-05-07,7751,竑騰,1.61,388000,股
2026-05-07,2308,台達電,1.57,357000,股
2026-05-07,5274,信驊,1.55,45000,股
2026-05-07,3653,健策,1.47,197000,股
2026-05-07,2455,全新,1.27,1927000,股
2026-05-07,6531,愛普*,1.25,703000,股
2026-05-07,2454,聯發科,1.19,180000,股
2026-05-07,3131,弘塑,0.93,154000,股
2026-05-07,4991,環宇-KY,0.92,692000,股
2026-05-07,3036,文曄,0.5,1177000,股
2026-05-07,3189,景碩,0.46,486013,股
2026-05-07,5289,宜鼎,0.43,142000,股
2026-05-07,2337,旺宏,0.4,1271000,股
2026-05-07,3260,威剛,0.35,393000,股
2026-05-07,3711,日月光投控,0.33,320000,股
2026-05-07,3324,雙鴻,0.31,151000,股
2026-05-07,3491,昇達科,0.3,97000,股
2026-05-07,2344,華邦電,0.2,893000,股
2026-05-07,3583,辛耘,0.05,33000,股
2026-05-07,C_NTD,CASH,,1357475623,元
2026-05-07,PFUR_NTD,PAYABLES FOR UNITS REDEEMED,,-180402880,元
2026-05-07,RDI_NTD,RECEIVABLES FOR DISPOSAL OF INVESTMENTS,,25817748,元
2026-05-08,2330,台積電,7.97,1761000,股
2026-05-08,2383,台光電,5.04,537000,股
2026-05-08,6669,緯穎,4.78,465000,股
2026-05-08,3661,世芯-KY,3.8,393000,股
2026-05-08,3037,欣興,3.72,2302000,股
2026-05-08,3443,創意,3.7,360000,股
2026-05-08,3665,貿聯-KY,3.62,667000,股
2026-05-08,8299,群聯,3.41,711000,股
2026-05-08,8996,高力,3.39,1689000,股
2026-05-08,2345,智邦,3.36,716000,股
2026-05-08,3105,穩懋,3.34,3433000,股
2026-05-08,6510,精測,2.98,422000,股
2026-05-08,6223,旺矽,2.87,289000,股
2026-05-08,6515,穎崴,2.87,151000,股
2026-05-08,2059,川湖,2.71,258000,股
2026-05-08,3533,嘉澤,2.5,468000,股
2026-05-08,3017,奇鋐,2.42,501000,股
2026-05-08,7769,鴻勁,2.22,194000,股
2026-05-08,2360,致茂,2.15,487000,股
2026-05-08,6442,光聖,2.08,535000,股
2026-05-08,3081,聯亞,1.97,380000,股
2026-05-08,8046,南電,1.87,1108000,股
2026-05-08,3163,波若威,1.84,923000,股
2026-05-08,2408,南亞科,1.78,3280000,股
2026-05-08,6584,南俊國際,1.77,1337000,股
2026-05-08,2368,金像電,1.76,669000,股
2026-05-08,6274,台燿,1.72,636000,股
2026-05-08,2308,台達電,1.55,357000,股
2026-05-08,5274,信驊,1.51,45000,股
2026-05-08,7751,竑騰,1.49,388000,股
2026-05-08,3653,健策,1.42,197000,股
2026-05-08,2454,聯發科,1.29,180000,股
2026-05-08,2455,全新,1.28,1927000,股
2026-05-08,6531,愛普*,1.22,703000,股
2026-05-08,3131,弘塑,0.89,154000,股
2026-05-08,4991,環宇-KY,0.88,692000,股
2026-05-08,3036,文曄,0.56,1177000,股
2026-05-08,5289,宜鼎,0.45,142000,股
2026-05-08,3189,景碩,0.44,486013,股
2026-05-08,2337,旺宏,0.38,1271000,股
2026-05-08,3260,威剛,0.35,393000,股
2026-05-08,3711,日月光投控,0.33,320000,股
2026-05-08,3324,雙鴻,0.32,151000,股
2026-05-08,3491,昇達科,0.32,97000,股
2026-05-08,2344,華邦電,0.19,893000,股
2026-05-08,3583,辛耘,0.05,33000,股
2026-05-08,C_NTD,CASH,,2115228533,元
2026-05-08,PFUR_NTD,PAYABLES FOR UNITS REDEEMED,,-189187724,元
2026-05-08,RDI_NTD,RECEIVABLES FOR DISPOSAL OF INVESTMENTS,,-159833983,元
2026-05-11,2330,台積電,7.44,1761000,股
2026-05-11,2383,台光電,4.92,537000,股
2026-05-11,6669,緯穎,4.69,465000,股
2026-05-11,3661,世芯-KY,3.99,393000,股
2026-05-11,3443,創意,3.9,360000,股
2026-05-11,3037,欣興,3.74,2302000,股
2026-05-11,3665,貿聯-KY,3.66,667000,股
2026-05-11,8299,群聯,3.59,711000,股
2026-05-11,2345,智邦,3.5,716000,股
2026-05-11,3105,穩懋,3.41,3433000,股
2026-05-11,8996,高力,3.37,1689000,股
2026-05-11,6510,精測,3.02,422000,股
2026-05-11,6515,穎崴,2.88,151000,股
2026-05-11,6223,旺矽,2.72,289000,股
2026-05-11,2059,川湖,2.69,258000,股
2026-05-11,3533,嘉澤,2.52,468000,股
2026-05-11,3017,奇鋐,2.42,501000,股
2026-05-11,7769,鴻勁,2.34,194000,股
2026-05-11,2360,致茂,2.17,487000,股
2026-05-11,3081,聯亞,2.0,380000,股
2026-05-11,6442,光聖,1.97,535000,股
2026-05-11,8046,南電,1.9,1108000,股
2026-05-11,2408,南亞科,1.87,3280000,股
2026-05-11,3163,波若威,1.81,923000,股
2026-05-11,2368,金像電,1.77,669000,股
2026-05-11,6274,台燿,1.75,636000,股
2026-05-11,6584,南俊國際,1.74,1337000,股
2026-05-11,5274,信驊,1.52,45000,股
2026-05-11,2308,台達電,1.51,357000,股
2026-05-11,3653,健策,1.49,197000,股
2026-05-11,2454,聯發科,1.32,180000,股
2026-05-11,2455,全新,1.31,1927000,股
2026-05-11,6531,愛普*,1.28,703000,股
2026-05-11,7751,竑騰,1.28,388000,股
2026-05-11,4991,環宇-KY,0.9,692000,股
2026-05-11,3036,文曄,0.59,1177000,股
2026-05-11,5289,宜鼎,0.47,142000,股
2026-05-11,3189,景碩,0.46,486013,股
2026-05-11,2337,旺宏,0.38,1271000,股
2026-05-11,3260,威剛,0.34,393000,股
2026-05-11,3491,昇達科,0.33,97000,股
2026-05-11,3711,日月光投控,0.32,320000,股
2026-05-11,3324,雙鴻,0.31,151000,股
2026-05-11,2344,華邦電,0.2,893000,股
2026-05-11,3583,辛耘,0.05,33000,股
2026-05-11,C_NTD,CASH,,1453924923,元
2026-05-11,PFUR_NTD,PAYABLES FOR UNITS REDEEMED,,-189187724,元
2026-05-11,RDI_NTD,RECEIVABLES FOR DISPOSAL OF INVESTMENTS,,948540019,元
2026-05-12,2330,台積電,7.46,1761000,股
2026-05-12,6669,緯穎,5.06,465000,股
2026-05-12,2383,台光電,4.93,536000,股
2026-05-12,3661,世芯-KY,3.92,393000,股
2026-05-12,3037,欣興,3.78,2302000,股
2026-05-12,3443,創意,3.77,360000,股
2026-05-12,2059,川湖,3.66,358000,股
2026-05-12,8299,群聯,3.64,711000,股
2026-05-12,3665,貿聯-KY,3.48,667000,股
2026-05-12,2345,智邦,3.4,716000,股
2026-05-12,8996,高力,3.35,1689000,股
2026-05-12,3105,穩懋,3.3,3433000,股
2026-05-12,6510,精測,3.06,422000,股
2026-05-12,6223,旺矽,2.98,289000,股
2026-05-12,6515,穎崴,2.82,151000,股
2026-05-12,8046,南電,2.8,1658000,股
2026-05-12,7769,鴻勁,2.5,194000,股
2026-05-12,3533,嘉澤,2.46,468000,股
2026-05-12,3017,奇鋐,2.37,501000,股
2026-05-12,2360,致茂,2.23,487000,股
2026-05-12,3081,聯亞,2.18,380000,股
2026-05-12,2408,南亞科,1.98,3280000,股
2026-05-12,6442,光聖,1.91,535000,股
2026-05-12,3163,波若威,1.85,923000,股
2026-05-12,2368,金像電,1.75,669000,股
2026-05-12,6274,台燿,1.73,636000,股
2026-05-12,6584,南俊國際,1.71,1337000,股
2026-05-12,5274,信驊,1.52,45000,股
2026-05-12,2308,台達電,1.47,357000,股
2026-05-12,3653,健策,1.45,197000,股
2026-05-12,6531,愛普*,1.39,703000,股
2026-05-12,2455,全新,1.36,1927000,股
2026-05-12,7751,竑騰,1.33,387000,股
2026-05-12,2454,聯發科,1.25,180000,股
2026-05-12,4991,環宇-KY,0.96,692000,股
2026-05-12,3036,文曄,0.61,1177000,股
2026-05-12,5289,宜鼎,0.48,142000,股
2026-05-12,3189,景碩,0.45,486013,股
2026-05-12,2337,旺宏,0.37,1271000,股
2026-05-12,3260,威剛,0.33,393000,股
2026-05-12,3711,日月光投控,0.33,320000,股
2026-05-12,3491,昇達科,0.32,97000,股
2026-05-12,3324,雙鴻,0.3,151000,股
2026-05-12,2344,華邦電,0.2,893000,股
2026-05-12,3583,辛耘,0.06,33000,股
2026-05-12,C_NTD,CASH,,1774967670,元
2026-05-12,PFUR_NTD,PAYABLES FOR UNITS REDEEMED,,-231362452,元
2026-05-12,RDI_NTD,RECEIVABLES FOR DISPOSAL OF INVESTMENTS,,-626590002,元
2026-05-13,2330,台積電,7.52,1761000,股
2026-05-13,2383,台光電,5.08,536000,股
2026-05-13,6669,緯穎,4.99,465000,股
2026-05-13,3037,欣興,3.95,2302000,股
2026-05-13,3443,創意,3.69,360000,股
2026-05-13,2059,川湖,3.62,358000,股
2026-05-13,3661,世芯-KY,3.61,393000,股
2026-05-13,8299,群聯,3.58,711000,股
2026-05-13,2345,智邦,3.35,716000,股
2026-05-13,8996,高力,3.33,1689000,股
2026-05-13,3105,穩懋,3.27,3433000,股
2026-05-13,3665,貿聯-KY,3.21,667000,股
2026-05-13,6223,旺矽,3.18,289000,股
2026-05-13,6510,精測,3.07,422000,股
2026-05-13,6515,穎崴,2.87,151000,股
2026-05-13,8046,南電,2.81,1658000,股
2026-05-13,7769,鴻勁,2.78,194000,股
2026-05-13,3017,奇鋐,2.49,501000,股
2026-05-13,3533,嘉澤,2.34,468000,股
2026-05-13,2360,致茂,2.25,487000,股
2026-05-13,3081,聯亞,2.07,380000,股
2026-05-13,2408,南亞科,2.03,3280000,股
2026-05-13,3163,波若威,1.84,923000,股
2026-05-13,6274,台燿,1.77,636000,股
2026-05-13,6584,南俊國際,1.75,1337000,股
2026-05-13,2368,金像電,1.74,669000,股
2026-05-13,6442,光聖,1.69,488000,股
2026-05-13,5274,信驊,1.54,45000,股
2026-05-13,2308,台達電,1.49,357000,股
2026-05-13,6531,愛普*,1.41,703000,股
2026-05-13,2455,全新,1.39,1927000,股
2026-05-13,3653,健策,1.34,197000,股
2026-05-13,7751,竑騰,1.28,387000,股
2026-05-13,2454,聯發科,1.21,180000,股
2026-05-13,4991,環宇-KY,0.93,692000,股
2026-05-13,3036,文曄,0.64,1177000,股
2026-05-13,5289,宜鼎,0.48,142000,股
2026-05-13,3189,景碩,0.47,486013,股
2026-05-13,2337,旺宏,0.41,1271000,股
2026-05-13,3711,日月光投控,0.34,320000,股
2026-05-13,3260,威剛,0.33,393000,股
2026-05-13,3491,昇達科,0.32,97000,股
2026-05-13,3324,雙鴻,0.31,151000,股
2026-05-13,2344,華邦電,0.21,893000,股
2026-05-13,2327,國巨*,0.16,200000,股
2026-05-13,3583,辛耘,0.06,33000,股
2026-05-13,C_NTD,CASH,,2231479030,元
2026-05-13,PFUR_NTD,PAYABLES FOR UNITS REDEEMED,,-222577608,元
2026-05-13,RDI_NTD,RECEIVABLES FOR DISPOSAL OF INVESTMENTS,,-1069312682,元
2026-05-14,2330,台積電,7.64,1761000,股
2026-05-14,2383,台光電,5.04,536000,股
2026-05-14,6669,緯穎,4.83,465000,股
2026-05-14,8299,群聯,3.92,711000,股
2026-05-14,3037,欣興,3.88,2302000,股
2026-05-14,2345,智邦,3.66,716000,股
2026-05-14,3661,世芯-KY,3.63,393000,股
2026-05-14,3443,創意,3.49,360000,股
2026-05-14,6223,旺矽,3.48,289000,股
2026-05-14,8996,高力,3.44,1689000,股
2026-05-14,2059,川湖,3.43,358000,股
2026-05-14,6510,精測,3.35,422000,股
2026-05-14,3105,穩懋,3.17,3433000,股
2026-05-14,6515,穎崴,3.04,151000,股
2026-05-14,3665,貿聯-KY,2.87,667000,股
2026-05-14,7769,鴻勁,2.8,194000,股
2026-05-14,8046,南電,2.68,1658000,股
2026-05-14,3017,奇鋐,2.45,501000,股
2026-05-14,2408,南亞科,2.14,3280000,股
2026-05-14,3081,聯亞,2.14,380000,股
2026-05-14,3533,嘉澤,1.97,420000,股
2026-05-14,2368,金像電,1.83,669000,股
2026-05-14,3163,波若威,1.8,923000,股
2026-05-14,6274,台燿,1.76,636000,股
2026-05-14,6442,光聖,1.73,488000,股
2026-05-14,6584,南俊國際,1.71,1337000,股
2026-05-14,5274,信驊,1.53,45000,股
2026-05-14,2308,台達電,1.47,357000,股
2026-05-14,6531,愛普*,1.41,703000,股
2026-05-14,2455,全新,1.32,1927000,股
2026-05-14,3653,健策,1.27,197000,股
2026-05-14,2454,聯發科,1.17,180000,股
2026-05-14,7751,竑騰,1.15,387000,股
2026-05-14,4991,環宇-KY,0.94,692000,股
2026-05-14,2360,致茂,0.89,207000,股
2026-05-14,3036,文曄,0.61,1177000,股
2026-05-14,5289,宜鼎,0.51,142000,股
2026-05-14,3189,景碩,0.49,486013,股
2026-05-14,2337,旺宏,0.41,1271000,股
2026-05-14,3260,威剛,0.34,393000,股
2026-05-14,3711,日月光投控,0.34,320000,股
2026-05-14,3491,昇達科,0.3,97000,股
2026-05-14,3324,雙鴻,0.29,151000,股
2026-05-14,2344,華邦電,0.23,893000,股
2026-05-14,2327,國巨*,0.18,200000,股
2026-05-14,3583,辛耘,0.06,33000,股
2026-05-14,C_NTD,CASH,,1157788636,元
2026-05-14,PFUR_NTD,PAYABLES FOR UNITS REDEEMED,,-222577608,元
2026-05-14,RDI_NTD,RECEIVABLES FOR DISPOSAL OF INVESTMENTS,,765164701,元
2026-05-15,2330,台積電,7.97,1761000,股
2026-05-15,2383,台光電,4.94,536000,股
2026-05-15,6669,緯穎,4.75,465000,股
2026-05-15,2345,智邦,4.58,916000,股
2026-05-15,3037,欣興,3.77,2302000,股
2026-05-15,8299,群聯,3.76,711000,股
2026-05-15,3661,世芯-KY,3.61,393000,股
2026-05-15,8996,高力,3.51,1689000,股
2026-05-15,3443,創意,3.48,360000,股
2026-05-15,2059,川湖,3.47,358000,股
2026-05-15,6223,旺矽,3.4,289000,股
2026-05-15,6510,精測,3.15,422000,股
2026-05-15,3105,穩懋,3.14,3433000,股
2026-05-15,6515,穎崴,2.95,151000,股
2026-05-15,3665,貿聯-KY,2.79,667000,股
2026-05-15,7769,鴻勁,2.67,194000,股
2026-05-15,8046,南電,2.6,1658000,股
2026-05-15,3017,奇鋐,2.46,501000,股
2026-05-15,2408,南亞科,2.04,3280000,股
2026-05-15,3081,聯亞,2.01,380000,股
2026-05-15,3533,嘉澤,1.95,420000,股
2026-05-15,6584,南俊國際,1.76,1337000,股
2026-05-15,3163,波若威,1.75,923000,股
2026-05-15,2368,金像電,1.72,669000,股
2026-05-15,6274,台燿,1.66,636000,股
2026-05-15,5274,信驊,1.55,45000,股
2026-05-15,6531,愛普*,1.52,703000,股
2026-05-15,2308,台達電,1.48,357000,股
2026-05-15,2455,全新,1.38,1927000,股
2026-05-15,3653,健策,1.36,197000,股
2026-05-15,7751,竑騰,1.26,387000,股
2026-05-15,2454,聯發科,1.17,180000,股
2026-05-15,2360,致茂,0.93,207000,股
2026-05-15,4991,環宇-KY,0.89,692000,股
2026-05-15,6442,光聖,0.83,238000,股
2026-05-15,3036,文曄,0.63,1177000,股
2026-05-15,5289,宜鼎,0.5,142000,股
2026-05-15,3189,景碩,0.47,486013,股
2026-05-15,2337,旺宏,0.41,1271000,股
2026-05-15,3711,日月光投控,0.35,320000,股
2026-05-15,3260,威剛,0.33,393000,股
2026-05-15,3491,昇達科,0.33,97000,股
2026-05-15,3324,雙鴻,0.3,151000,股
2026-05-15,2344,華邦電,0.23,893000,股
2026-05-15,2327,國巨*,0.18,200000,股
2026-05-15,3583,辛耘,0.06,33000,股
2026-05-15,C_NTD,CASH,,1296546616,元
2026-05-15,RDI_NTD,RECEIVABLES FOR DISPOSAL OF INVESTMENTS,,686723789,元
2026-05-18,2330,台積電,7.88,1761000,股
2026-05-18,2383,台光電,4.87,536000,股
2026-05-18,3037,欣興,4.73,2902000,股
2026-05-18,6669,緯穎,4.73,465000,股
2026-05-18,2345,智邦,4.57,916000,股
2026-05-18,6223,旺矽,4.16,339000,股
2026-05-18,8299,群聯,3.89,711000,股
2026-05-18,3661,世芯-KY,3.61,393000,股
2026-05-18,8996,高力,3.53,1689000,股
2026-05-18,2059,川湖,3.41,358000,股
2026-05-18,3443,創意,3.41,360000,股
2026-05-18,6510,精測,3.14,422000,股
2026-05-18,3105,穩懋,3.09,3433000,股
2026-05-18,6515,穎崴,3.09,151000,股
2026-05-18,3665,貿聯-KY,2.7,667000,股
2026-05-18,8046,南電,2.62,1658000,股
2026-05-18,7769,鴻勁,2.58,194000,股
2026-05-18,3017,奇鋐,2.41,501000,股
2026-05-18,3081,聯亞,2.06,380000,股
2026-05-18,2408,南亞科,2.0,3280000,股
2026-05-18,3533,嘉澤,1.95,420000,股
2026-05-18,6584,南俊國際,1.7,1337000,股
2026-05-18,2368,金像電,1.67,669000,股
2026-05-18,3163,波若威,1.66,923000,股
2026-05-18,6274,台燿,1.6,636000,股
2026-05-18,6531,愛普*,1.59,703000,股
2026-05-18,2455,全新,1.49,1927000,股
2026-05-18,5274,信驊,1.45,45000,股
2026-05-18,2308,台達電,1.44,357000,股
2026-05-18,7751,竑騰,1.38,387000,股
2026-05-18,3653,健策,1.29,197000,股
2026-05-18,2454,聯發科,1.22,180000,股
2026-05-18,4991,環宇-KY,0.97,692000,股
2026-05-18,2360,致茂,0.9,207000,股
2026-05-18,6442,光聖,0.86,238000,股
2026-05-18,3036,文曄,0.62,1177000,股
2026-05-18,5289,宜鼎,0.53,142000,股
2026-05-18,3189,景碩,0.49,486013,股
2026-05-18,2337,旺宏,0.41,1271000,股
2026-05-18,3491,昇達科,0.36,97000,股
2026-05-18,3260,威剛,0.33,393000,股
2026-05-18,3711,日月光投控,0.33,320000,股
2026-05-18,3324,雙鴻,0.3,151000,股
2026-05-18,2344,華邦電,0.23,893000,股
2026-05-18,2327,國巨*,0.2,200000,股
2026-05-18,3583,辛耘,0.06,33000,股
2026-05-18,C_NTD,CASH,,2118035517,元
2026-05-18,RDI_NTD,RECEIVABLES FOR DISPOSAL OF INVESTMENTS,,-855358548,元
2026-05-19,2330,台積電,8.03,1761000,股
2026-05-19,2383,台光電,5.02,536000,股
2026-05-19,3037,欣興,4.91,2902000,股
2026-05-19,6669,緯穎,4.7,465000,股
2026-05-19,2345,智邦,4.53,916000,股
2026-05-19,6223,旺矽,4.02,339000,股
2026-05-19,8996,高力,3.63,1689000,股
2026-05-19,8299,群聯,3.62,711000,股
2026-05-19,3661,世芯-KY,3.6,393000,股
2026-05-19,3443,創意,3.32,360000,股
2026-05-19,2059,川湖,3.29,358000,股
2026-05-19,3105,穩懋,3.24,3433000,股
2026-05-19,6510,精測,3.02,422000,股
2026-05-19,6515,穎崴,2.96,151000,股
2026-05-19,3665,貿聯-KY,2.74,667000,股
2026-05-19,8046,南電,2.73,1658000,股
2026-05-19,7769,鴻勁,2.65,194000,股
2026-05-19,3017,奇鋐,2.47,501000,股
2026-05-19,3533,嘉澤,2.02,420000,股
2026-05-19,3081,聯亞,1.96,380000,股
2026-05-19,6584,南俊國際,1.82,1337000,股
2026-05-19,2368,金像電,1.78,669000,股
2026-05-19,3163,波若威,1.72,923000,股
2026-05-19,6274,台燿,1.61,636000,股
2026-05-19,2455,全新,1.53,1927000,股
2026-05-19,6531,愛普*,1.49,703000,股
2026-05-19,5274,信驊,1.48,45000,股
2026-05-19,2308,台達電,1.41,357000,股
2026-05-19,7751,竑騰,1.29,387000,股
2026-05-19,3653,健策,1.26,197000,股
2026-05-19,2454,聯發科,1.17,180000,股
2026-05-19,2360,致茂,0.88,207000,股
2026-05-19,2408,南亞科,0.88,1555000,股
2026-05-19,6442,光聖,0.86,238000,股
2026-05-19,4991,環宇-KY,0.79,574000,股
2026-05-19,3036,文曄,0.64,1177000,股
2026-05-19,3189,景碩,0.52,486013,股
2026-05-19,5289,宜鼎,0.51,142000,股
2026-05-19,2337,旺宏,0.38,1271000,股
2026-05-19,3491,昇達科,0.35,97000,股
2026-05-19,3260,威剛,0.32,393000,股
2026-05-19,3711,日月光投控,0.31,320000,股
2026-05-19,2327,國巨*,0.21,200000,股
2026-05-19,3583,辛耘,0.06,33000,股
2026-05-19,C_NTD,CASH,,2045761898,元
2026-05-19,RDI_NTD,RECEIVABLES FOR DISPOSAL OF INVESTMENTS,,53879974,元
2026-05-20,2330,台積電,7.99,1761000,股
2026-05-20,3037,欣興,4.96,2902000,股
2026-05-20,2383,台光電,4.89,536000,股
2026-05-20,6669,緯穎,4.74,465000,股
2026-05-20,2345,智邦,4.48,916000,股
2026-05-20,6223,旺矽,4.0,339000,股
2026-05-20,3661,世芯-KY,3.76,393000,股
2026-05-20,8996,高力,3.49,1689000,股
2026-05-20,3443,創意,3.44,360000,股
2026-05-20,2059,川湖,3.35,358000,股
2026-05-20,3105,穩懋,3.18,3433000,股
2026-05-20,6510,精測,2.97,422000,股
2026-05-20,8046,南電,2.86,1658000,股
2026-05-20,6515,穎崴,2.85,151000,股
2026-05-20,7769,鴻勁,2.81,194000,股
2026-05-20,3665,貿聯-KY,2.72,667000,股
2026-05-20,2455,全新,2.6,3127000,股
2026-05-20,3017,奇鋐,2.44,501000,股
2026-05-20,8299,群聯,2.3,489000,股
2026-05-20,3533,嘉澤,2.06,420000,股
2026-05-20,3081,聯亞,2.04,380000,股
2026-05-20,3163,波若威,1.83,923000,股
2026-05-20,6584,南俊國際,1.74,1337000,股
2026-05-20,2327,國巨*,1.73,1600000,股
2026-05-20,2368,金像電,1.72,669000,股
2026-05-20,6274,台燿,1.59,636000,股
2026-05-20,5274,信驊,1.45,45000,股
2026-05-20,2308,台達電,1.42,357000,股
2026-05-20,3653,健策,1.24,197000,股
2026-05-20,2454,聯發科,1.21,180000,股
2026-05-20,7751,竑騰,1.21,387000,股
2026-05-20,6531,愛普*,0.92,453000,股
2026-05-20,2360,致茂,0.89,207000,股
2026-05-20,6442,光聖,0.88,238000,股
2026-05-20,4991,環宇-KY,0.83,574000,股
2026-05-20,3036,文曄,0.68,1177000,股
2026-05-20,3189,景碩,0.51,486013,股
2026-05-20,3491,昇達科,0.35,97000,股
2026-05-20,3260,威剛,0.33,393000,股
2026-05-20,3711,日月光投控,0.32,320000,股
2026-05-20,3583,辛耘,0.06,33000,股
2026-05-20,C_NTD,CASH,,1264472550,元
2026-05-20,RDI_NTD,RECEIVABLES FOR DISPOSAL OF INVESTMENTS,,1246150585,元
2026-05-21,2330,台積電,7.73,1761000,股
2026-05-21,3037,欣興,5.17,2902000,股
2026-05-21,2383,台光電,4.95,536000,股
2026-05-21,2345,智邦,4.94,1012000,股
2026-05-21,6669,緯穎,4.89,465000,股
2026-05-21,3661,世芯-KY,3.79,393000,股
2026-05-21,6223,旺矽,3.77,339000,股
2026-05-21,3443,創意,3.59,360000,股
2026-05-21,8996,高力,3.54,1689000,股
2026-05-21,2059,川湖,3.45,358000,股
2026-05-21,3105,穩懋,3.26,3433000,股
2026-05-21,7769,鴻勁,2.93,194000,股
2026-05-21,8046,南電,2.85,1658000,股
2026-05-21,3665,貿聯-KY,2.83,667000,股
2026-05-21,6515,穎崴,2.83,151000,股
2026-05-21,6510,精測,2.78,422000,股
2026-05-21,3017,奇鋐,2.46,501000,股
2026-05-21,2455,全新,2.38,3127000,股
2026-05-21,8299,群聯,2.25,489000,股
2026-05-21,3533,嘉澤,2.09,420000,股
2026-05-21,6584,南俊國際,1.92,1437000,股
2026-05-21,3081,聯亞,1.91,380000,股
2026-05-21,2454,聯發科,1.9,272000,股
2026-05-21,3163,波若威,1.9,923000,股
2026-05-21,2327,國巨*,1.8,1600000,股
2026-05-21,2368,金像電,1.69,669000,股
2026-05-21,6274,台燿,1.66,636000,股
2026-05-21,5274,信驊,1.46,45000,股
2026-05-21,2308,台達電,1.43,357000,股
2026-05-21,3653,健策,1.29,197000,股
2026-05-21,7751,竑騰,1.26,387000,股
2026-05-21,2360,致茂,0.92,207000,股
2026-05-21,4991,環宇-KY,0.84,574000,股
2026-05-21,6442,光聖,0.84,238000,股
2026-05-21,3036,文曄,0.68,1177000,股
2026-05-21,3189,景碩,0.53,486013,股
2026-05-21,6531,愛普*,0.47,273000,股
2026-05-21,3491,昇達科,0.35,97000,股
2026-05-21,3260,威剛,0.32,393000,股
2026-05-21,3711,日月光投控,0.32,320000,股
2026-05-21,3583,辛耘,0.06,33000,股
2026-05-21,C_NTD,CASH,,2099641872,元
2026-05-21,RDI_NTD,RECEIVABLES FOR DISPOSAL OF INVESTMENTS,,-48363205,元
2026-05-22,2330,台積電,7.52,1761000,股
2026-05-22,3037,欣興,5.33,2902000,股
2026-05-22,2383,台光電,5.08,536000,股
2026-05-22,6669,緯穎,4.87,465000,股
2026-05-22,2345,智邦,4.73,1012000,股
2026-05-22,6223,旺矽,3.87,339000,股
2026-05-22,8996,高力,3.74,1689000,股
2026-05-22,3661,世芯-KY,3.64,393000,股
2026-05-22,3443,創意,3.5,360000,股
2026-05-22,2059,川湖,3.45,358000,股
2026-05-22,3105,穩懋,3.45,3433000,股
2026-05-22,8046,南電,2.93,1658000,股
2026-05-22,3665,貿聯-KY,2.81,667000,股
2026-05-22,6510,精測,2.72,422000,股
2026-05-22,2455,全新,2.52,3127000,股
2026-05-22,6515,穎崴,2.49,151000,股
2026-05-22,3017,奇鋐,2.41,501000,股
2026-05-22,8299,群聯,2.25,489000,股
2026-05-22,3533,嘉澤,2.03,420000,股
2026-05-22,3163,波若威,2.0,923000,股
2026-05-22,2454,聯發科,1.99,272000,股
2026-05-22,7769,鴻勁,1.96,134000,股
2026-05-22,3081,聯亞,1.95,380000,股
2026-05-22,2327,國巨*,1.91,1600000,股
2026-05-22,6584,南俊國際,1.85,1437000,股
2026-05-22,6274,台燿,1.75,636000,股
2026-05-22,2368,金像電,1.69,669000,股
2026-05-22,2308,台達電,1.42,357000,股
2026-05-22,3653,健策,1.37,197000,股
2026-05-22,7751,竑騰,1.33,387000,股
2026-05-22,5274,信驊,1.01,30000,股
2026-05-22,2360,致茂,0.89,207000,股
2026-05-22,4991,環宇-KY,0.88,574000,股
2026-05-22,6442,光聖,0.85,238000,股
2026-05-22,3036,文曄,0.64,1177000,股
2026-05-22,3189,景碩,0.56,486013,股
2026-05-22,5289,宜鼎,0.51,157000,股
2026-05-22,6531,愛普*,0.5,273000,股
2026-05-22,2337,旺宏,0.41,1465000,股
2026-05-22,2467,志聖,0.4,347000,股
2026-05-22,6139,亞翔,0.38,259000,股
2026-05-22,6805,富世達,0.38,112000,股
2026-05-22,7734,印能科技,0.38,59000,股
2026-05-22,3491,昇達科,0.35,97000,股
2026-05-22,3711,日月光投控,0.34,320000,股
2026-05-22,3260,威剛,0.31,393000,股
2026-05-22,3583,辛耘,0.05,33000,股
2026-05-22,8021,尖點,0.01,18000,股
2026-05-22,C_NTD,CASH,,2510623135,元
2026-05-22,PFUR_NTD,PAYABLES FOR UNITS REDEEMED,,-18248004,元
2026-05-22,RDI_NTD,RECEIVABLES FOR DISPOSAL OF INVESTMENTS,,-1117029263,元
2026-05-25,2330,台積電,7.49,1761000,股
2026-05-25,2383,台光電,5.43,536000,股
2026-05-25,3037,欣興,5.29,2902000,股
2026-05-25,6669,緯穎,4.8,465000,股
2026-05-25,2345,智邦,4.73,1012000,股
2026-05-25,6223,旺矽,3.87,339000,股
2026-05-25,3661,世芯-KY,3.55,393000,股
2026-05-25,8996,高力,3.53,1689000,股
2026-05-25,3443,創意,3.52,360000,股
2026-05-25,3105,穩懋,3.43,3433000,股
2026-05-25,2059,川湖,3.28,358000,股
2026-05-25,3665,貿聯-KY,2.93,667000,股
2026-05-25,8046,南電,2.7,1658000,股
2026-05-25,6510,精測,2.69,422000,股
2026-05-25,2455,全新,2.56,3127000,股
2026-05-25,6515,穎崴,2.46,151000,股
2026-05-25,3017,奇鋐,2.38,501000,股
2026-05-25,8299,群聯,2.23,489000,股
2026-05-25,2454,聯發科,2.13,272000,股
2026-05-25,3163,波若威,2.06,923000,股
2026-05-25,3081,聯亞,2.05,380000,股
2026-05-25,2327,國巨*,2.04,1600000,股
2026-05-25,3533,嘉澤,2.0,420000,股
2026-05-25,7769,鴻勁,1.89,134000,股
2026-05-25,6274,台燿,1.87,636000,股
2026-05-25,6584,南俊國際,1.82,1437000,股
2026-05-25,2368,金像電,1.76,669000,股
2026-05-25,2308,台達電,1.51,357000,股
2026-05-25,3653,健策,1.37,197000,股
2026-05-25,7751,竑騰,1.29,387000,股
2026-05-25,5274,信驊,0.98,30000,股
2026-05-25,2360,致茂,0.94,207000,股
2026-05-25,6442,光聖,0.9,238000,股
2026-05-25,4991,環宇-KY,0.89,574000,股
2026-05-25,3036,文曄,0.65,1177000,股
2026-05-25,3189,景碩,0.6,486013,股
2026-05-25,6531,愛普*,0.53,273000,股
2026-05-25,5289,宜鼎,0.49,157000,股
2026-05-25,8021,尖點,0.44,518000,股
2026-05-25,2467,志聖,0.42,347000,股
2026-05-25,2337,旺宏,0.41,1465000,股
2026-05-25,6139,亞翔,0.38,259000,股
2026-05-25,7734,印能科技,0.38,59000,股
2026-05-25,3491,昇達科,0.37,97000,股
2026-05-25,3711,日月光投控,0.36,320000,股
2026-05-25,6805,富世達,0.36,112000,股
2026-05-25,3260,威剛,0.29,393000,股
2026-05-25,3583,辛耘,0.06,33000,股
2026-05-25,C_NTD,CASH,,2051278667,元
2026-05-25,PFUR_NTD,PAYABLES FOR UNITS REDEEMED,,-102826359,元
2026-05-25,RDI_NTD,RECEIVABLES FOR DISPOSAL OF INVESTMENTS,,-889895388,元
2026-05-26,2330,台積電,7.33,1761000,股
2026-05-26,3037,欣興,5.78,2902000,股
2026-05-26,2383,台光電,5.2,536000,股
2026-05-26,2345,智邦,4.86,1012000,股
2026-05-26,6669,緯穎,4.5,465000,股
2026-05-26,6223,旺矽,3.88,339000,股
2026-05-26,8996,高力,3.86,1689000,股
2026-05-26,3105,穩懋,3.54,3433000,股
2026-05-26,3443,創意,3.49,360000,股
2026-05-26,3661,世芯-KY,3.34,393000,股
2026-05-26,2059,川湖,3.31,358000,股
2026-05-26,8046,南電,2.8,1658000,股
2026-05-26,3665,貿聯-KY,2.77,667000,股
2026-05-26,6510,精測,2.64,422000,股
2026-05-26,3017,奇鋐,2.5,501000,股
2026-05-26,6515,穎崴,2.47,151000,股
2026-05-26,2455,全新,2.43,3127000,股
2026-05-26,8299,群聯,2.25,489000,股
2026-05-26,3081,聯亞,2.2,380000,股
2026-05-26,2454,聯發科,2.13,272000,股
2026-05-26,3163,波若威,2.07,923000,股
2026-05-26,3533,嘉澤,2.03,420000,股
2026-05-26,2327,國巨*,1.94,1600000,股
2026-05-26,7769,鴻勁,1.94,134000,股
2026-05-26,6274,台燿,1.84,636000,股
2026-05-26,6584,南俊國際,1.82,1437000,股
2026-05-26,2368,金像電,1.77,669000,股
2026-05-26,2308,台達電,1.54,357000,股
2026-05-26,3653,健策,1.33,197000,股
2026-05-26,7751,竑騰,1.25,387000,股
2026-05-26,6442,光聖,0.99,238000,股
2026-05-26,2360,致茂,0.95,207000,股
2026-05-26,5274,信驊,0.95,30000,股
2026-05-26,4991,環宇-KY,0.92,574000,股
2026-05-26,3036,文曄,0.63,1177000,股
2026-05-26,3189,景碩,0.62,486013,股
2026-05-26,6531,愛普*,0.54,273000,股
2026-05-26,5289,宜鼎,0.49,157000,股
2026-05-26,8021,尖點,0.44,518000,股
2026-05-26,2337,旺宏,0.43,1465000,股
2026-05-26,2467,志聖,0.43,347000,股
2026-05-26,6139,亞翔,0.39,259000,股
2026-05-26,7734,印能科技,0.39,59000,股
2026-05-26,3491,昇達科,0.37,97000,股
2026-05-26,6805,富世達,0.37,112000,股
2026-05-26,3711,日月光投控,0.36,320000,股
2026-05-26,3260,威剛,0.3,393000,股
2026-05-26,3583,辛耘,0.05,33000,股
2026-05-26,C_NTD,CASH,,1393593872,元
2026-05-26,PFUR_NTD,PAYABLES FOR UNITS REDEEMED,,-273191175,元
2026-05-26,RDI_NTD,RECEIVABLES FOR DISPOSAL OF INVESTMENTS,,-232210593,元
2026-05-27,2330,台積電,7.55,1761000,股
2026-05-27,3037,欣興,5.85,2902000,股
2026-05-27,2383,台光電,5.3,536000,股
2026-05-27,2345,智邦,4.94,1012000,股
2026-05-27,6223,旺矽,4.04,339000,股
2026-05-27,6669,緯穎,3.79,400000,股
2026-05-27,8996,高力,3.79,1674000,股
2026-05-27,3105,穩懋,3.59,3433000,股
2026-05-27,3443,創意,3.42,360000,股
2026-05-27,2059,川湖,3.28,358000,股
2026-05-27,8046,南電,2.8,1658000,股
2026-05-27,6515,穎崴,2.76,151000,股
2026-05-27,3665,貿聯-KY,2.63,667000,股
2026-05-27,3017,奇鋐,2.52,501000,股
2026-05-27,3661,世芯-KY,2.46,293000,股
2026-05-27,2454,聯發科,2.35,272000,股
2026-05-27,2455,全新,2.28,2927000,股
2026-05-27,8299,群聯,2.26,489000,股
2026-05-27,2327,國巨*,2.09,1600000,股
2026-05-27,3081,聯亞,2.04,380000,股
2026-05-27,6274,台燿,1.93,636000,股
2026-05-27,6510,精測,1.92,322000,股
2026-05-27,6584,南俊國際,1.84,1437000,股
2026-05-27,2368,金像電,1.72,669000,股
2026-05-27,2308,台達電,1.68,357000,股
2026-05-27,3533,嘉澤,1.57,320000,股
2026-05-27,7769,鴻勁,1.45,100000,股
2026-05-27,3653,健策,1.35,197000,股
2026-05-27,7751,竑騰,1.22,384000,股
2026-05-27,5274,信驊,1.02,30000,股
2026-05-27,2360,致茂,1.01,207000,股
2026-05-27,6442,光聖,0.88,230000,股
2026-05-27,4991,環宇-KY,0.84,574000,股
2026-05-27,3163,波若威,0.65,319000,股
2026-05-27,3189,景碩,0.64,486013,股
2026-05-27,6531,愛普*,0.55,271000,股
2026-05-27,5289,宜鼎,0.5,157000,股
2026-05-27,2467,志聖,0.43,347000,股
2026-05-27,2337,旺宏,0.42,1465000,股
2026-05-27,7734,印能科技,0.42,59000,股
2026-05-27,8021,尖點,0.42,518000,股
2026-05-27,6139,亞翔,0.39,259000,股
2026-05-27,3491,昇達科,0.38,97000,股
2026-05-27,3711,日月光投控,0.38,320000,股
2026-05-27,6805,富世達,0.36,112000,股
2026-05-27,3260,威剛,0.3,393000,股
2026-05-27,3583,辛耘,0.05,33000,股
2026-05-27,C_NTD,CASH,,1143135275,元
2026-05-27,PFUR_NTD,PAYABLES FOR UNITS REDEEMED,,-705549987,元
2026-05-27,RDI_NTD,RECEIVABLES FOR DISPOSAL OF INVESTMENTS,,2767481923,元
2026-05-28,2330,台積電,7.97,1761000,股
2026-05-28,3037,欣興,5.86,2902000,股
2026-05-28,2383,台光電,5.34,536000,股
2026-05-28,2345,智邦,4.86,1012000,股
2026-05-28,6223,旺矽,3.95,339000,股
2026-05-28,6669,緯穎,3.9,400000,股
2026-05-28,8996,高力,3.61,1674000,股
2026-05-28,2454,聯發科,3.58,412000,股
2026-05-28,3443,創意,3.26,360000,股
2026-05-28,3105,穩懋,3.16,3033000,股
2026-05-28,2059,川湖,2.99,323000,股
2026-05-28,3665,貿聯-KY,2.78,667000,股
2026-05-28,6515,穎崴,2.71,151000,股
2026-05-28,3017,奇鋐,2.55,501000,股
2026-05-28,3661,世芯-KY,2.48,293000,股
2026-05-28,8299,群聯,2.36,489000,股
2026-05-28,2327,國巨*,2.34,1600000,股
2026-05-28,2455,全新,2.18,2827000,股
2026-05-28,3711,日月光投控,2.03,1640000,股
2026-05-28,3081,聯亞,1.98,380000,股
2026-05-28,6584,南俊國際,1.95,1437000,股
2026-05-28,6274,台燿,1.93,636000,股
2026-05-28,8046,南電,1.77,1058000,股
2026-05-28,6510,精測,1.76,272000,股
2026-05-28,2368,金像電,1.72,669000,股
2026-05-28,2308,台達電,1.68,357000,股
2026-05-28,7769,鴻勁,1.52,100000,股
2026-05-28,3653,健策,1.36,197000,股
2026-05-28,7751,竑騰,1.31,384000,股
2026-05-28,2360,致茂,1.05,207000,股
2026-05-28,5274,信驊,1.05,30000,股
2026-05-28,4991,環宇-KY,0.8,574000,股
2026-05-28,3189,景碩,0.65,486013,股
2026-05-28,6531,愛普*,0.58,271000,股
2026-05-28,5289,宜鼎,0.53,157000,股
2026-05-28,2337,旺宏,0.46,1465000,股
2026-05-28,7734,印能科技,0.43,59000,股
2026-05-28,8021,尖點,0.43,518000,股
2026-05-28,6139,亞翔,0.39,259000,股
2026-05-28,6805,富世達,0.39,112000,股
2026-05-28,3260,威剛,0.31,393000,股
2026-05-28,6442,光聖,0.3,80000,股
2026-05-28,3533,嘉澤,0.24,48000,股
2026-05-28,3491,昇達科,0.19,47000,股
2026-05-28,3583,辛耘,0.06,33000,股
2026-05-28,C_NTD,CASH,,1058556920,元
2026-05-28,PFUR_NTD,PAYABLES FOR UNITS REDEEMED,,-1286941884,元
2026-05-28,RDI_NTD,RECEIVABLES FOR DISPOSAL OF INVESTMENTS,,3940466235,元
2026-05-29,2330,台積電,8.07,1761000,股
2026-05-29,2383,台光電,6.34,636000,股
2026-05-29,3037,欣興,5.96,2902000,股
2026-05-29,2345,智邦,4.79,1012000,股
2026-05-29,6669,緯穎,4.24,400000,股
2026-05-29,6223,旺矽,3.93,339000,股
2026-05-29,8996,高力,3.55,1674000,股
2026-05-29,2454,聯發科,3.46,412000,股
2026-05-29,3017,奇鋐,3.38,651000,股
2026-05-29,3443,創意,3.27,360000,股
2026-05-29,2059,川湖,3.18,323000,股
2026-05-29,3665,貿聯-KY,2.71,667000,股
2026-05-29,6515,穎崴,2.55,151000,股
2026-05-29,3661,世芯-KY,2.52,293000,股
2026-05-29,8299,群聯,2.45,489000,股
2026-05-29,2455,全新,2.32,2827000,股
2026-05-29,2327,國巨*,2.3,1600000,股
2026-05-29,6584,南俊國際,2.15,1485000,股
2026-05-29,3105,穩懋,2.09,2033000,股
2026-05-29,6274,台燿,2.09,636000,股
2026-05-29,3711,日月光投控,1.95,1640000,股
2026-05-29,3081,聯亞,1.93,380000,股
2026-05-29,8046,南電,1.75,1058000,股
2026-05-29,2368,金像電,1.72,669000,股
2026-05-29,2308,台達電,1.7,357000,股
2026-05-29,6510,精測,1.66,272000,股
2026-05-29,7769,鴻勁,1.61,100000,股
2026-05-29,3653,健策,1.36,197000,股
2026-05-29,7751,竑騰,1.32,384000,股
2026-05-29,5274,信驊,1.11,30000,股
2026-05-29,2360,致茂,1.02,207000,股
2026-05-29,3583,辛耘,0.96,567000,股
2026-05-29,4991,環宇-KY,0.82,574000,股
2026-05-29,3189,景碩,0.69,486013,股
2026-05-29,6531,愛普*,0.63,271000,股
2026-05-29,5289,宜鼎,0.55,157000,股
2026-05-29,2337,旺宏,0.47,1465000,股
2026-05-29,8021,尖點,0.45,518000,股
2026-05-29,6805,富世達,0.42,112000,股
2026-05-29,7734,印能科技,0.42,59000,股
2026-05-29,6139,亞翔,0.4,259000,股
2026-05-29,3260,威剛,0.32,393000,股
2026-05-29,6442,光聖,0.29,80000,股
2026-05-29,3533,嘉澤,0.25,48000,股
2026-05-29,3491,昇達科,0.2,47000,股
2026-05-29,C_NTD,CASH,,3655669537,元
2026-05-29,PFUR_NTD,PAYABLES FOR UNITS REDEEMED,,-1465249830,元
2026-05-29,RDI_NTD,RECEIVABLES FOR DISPOSAL OF INVESTMENTS,,251360287,元
2026-06-01,2330,台積電,8.06,1761000,股
2026-06-01,2383,台光電,6.26,636000,股
2026-06-01,3037,欣興,5.92,2902000,股
2026-06-01,2345,智邦,4.93,1012000,股
2026-06-01,6669,緯穎,4.29,400000,股
2026-06-01,6223,旺矽,3.74,339000,股
2026-06-01,2454,聯發科,3.65,412000,股
2026-06-01,3017,奇鋐,3.52,651000,股
2026-06-01,8996,高力,3.4,1674000,股
2026-06-01,2059,川湖,3.27,323000,股
2026-06-01,3443,創意,3.26,360000,股
2026-06-01,3661,世芯-KY,2.76,293000,股
2026-06-01,3665,貿聯-KY,2.75,667000,股
2026-06-01,8299,群聯,2.63,489000,股
2026-06-01,6515,穎崴,2.55,151000,股
2026-06-01,2327,國巨*,2.46,1600000,股
2026-06-01,2455,全新,2.28,2827000,股
2026-06-01,6274,台燿,2.11,636000,股
2026-06-01,6584,南俊國際,2.11,1485000,股
2026-06-01,3105,穩懋,2.09,2033000,股
2026-06-01,3081,聯亞,1.98,380000,股
2026-06-01,3711,日月光投控,1.91,1640000,股
2026-06-01,8046,南電,1.86,1058000,股
2026-06-01,6510,精測,1.74,272000,股
2026-06-01,2368,金像電,1.72,669000,股
2026-06-01,2308,台達電,1.68,357000,股
2026-06-01,3653,健策,1.47,197000,股
2026-06-01,7769,鴻勁,1.46,100000,股
2026-06-01,7751,竑騰,1.37,384000,股
2026-06-01,5274,信驊,1.08,30000,股
2026-06-01,2360,致茂,1.04,207000,股
2026-06-01,3583,辛耘,0.96,567000,股
2026-06-01,4991,環宇-KY,0.82,574000,股
2026-06-01,3189,景碩,0.73,486013,股
2026-06-01,6531,愛普*,0.59,271000,股
2026-06-01,5289,宜鼎,0.58,157000,股
2026-06-01,2337,旺宏,0.48,1465000,股
2026-06-01,8021,尖點,0.47,518000,股
2026-06-01,6805,富世達,0.46,112000,股
2026-06-01,6139,亞翔,0.39,259000,股
2026-06-01,7734,印能科技,0.39,59000,股
2026-06-01,3260,威剛,0.33,393000,股
2026-06-01,6442,光聖,0.29,80000,股
2026-06-01,3533,嘉澤,0.25,48000,股
2026-06-01,3491,昇達科,0.2,47000,股
2026-06-01,C_NTD,CASH,,4378047033,元
2026-06-01,PFUR_NTD,PAYABLES FOR UNITS REDEEMED,,-1497185230,元
2026-06-01,RDI_NTD,RECEIVABLES FOR DISPOSAL OF INVESTMENTS,,-921624025,元
2026-06-02,2330,台積電,8.36,1722000,股
2026-06-02,2383,台光電,6.18,623000,股
2026-06-02,3037,欣興,5.63,2828000,股
2026-06-02,2345,智邦,4.88,987000,股
2026-06-02,6669,緯穎,4.36,390000,股
2026-06-02,2454,聯發科,3.75,406000,股
2026-06-02,6223,旺矽,3.71,330000,股
2026-06-02,3017,奇鋐,3.52,639000,股
2026-06-02,8996,高力,3.49,1630000,股
2026-06-02,2059,川湖,3.26,315000,股
2026-06-02,3443,創意,3.25,351000,股
2026-06-02,3665,貿聯-KY,2.92,652000,股
2026-06-02,8299,群聯,2.76,479000,股
2026-06-02,2327,國巨*,2.7,1566000,股
2026-06-02,3661,世芯-KY,2.65,284000,股
2026-06-02,6515,穎崴,2.42,147000,股
2026-06-02,2455,全新,2.24,2753000,股
2026-06-02,3105,穩懋,2.06,1949000,股
2026-06-02,6274,台燿,2.01,621000,股
2026-06-02,3711,日月光投控,1.96,1632000,股
2026-06-02,6584,南俊國際,1.95,1454000,股
2026-06-02,3081,聯亞,1.94,370000,股
2026-06-02,8046,南電,1.79,1018000,股
2026-06-02,6510,精測,1.72,262000,股
2026-06-02,2368,金像電,1.7,652000,股
2026-06-02,2308,台達電,1.68,348000,股
2026-06-02,3653,健策,1.57,193000,股
2026-06-02,7769,鴻勁,1.42,97000,股
2026-06-02,7751,竑騰,1.28,375000,股
2026-06-02,5274,信驊,1.07,29000,股
2026-06-02,2360,致茂,1.0,202000,股
2026-06-02,3583,辛耘,0.98,566000,股
2026-06-02,4991,環宇-KY,0.8,559000,股
2026-06-02,3189,景碩,0.72,475013,股
2026-06-02,5289,宜鼎,0.59,154000,股
2026-06-02,6531,愛普*,0.58,265000,股
2026-06-02,2337,旺宏,0.51,1434000,股
2026-06-02,6805,富世達,0.49,110000,股
2026-06-02,8021,尖點,0.46,506000,股
2026-06-02,6139,亞翔,0.39,253000,股
2026-06-02,7734,印能科技,0.38,57000,股
2026-06-02,3260,威剛,0.37,385000,股
2026-06-02,6442,光聖,0.28,74000,股
2026-06-02,3533,嘉澤,0.2,38000,股
2026-06-02,3491,昇達科,0.19,45000,股
2026-06-02,C_NTD,CASH,,2790452756,元
2026-06-02,PFUR_NTD,PAYABLES FOR UNITS REDEEMED,,-2063054562,元
2026-06-02,RDI_NTD,RECEIVABLES FOR DISPOSAL OF INVESTMENTS,,1180259368,元
2026-06-03,2330,台積電,8.34,1706000,股
2026-06-03,3037,欣興,5.64,2797000,股
2026-06-03,2383,台光電,5.48,563000,股
2026-06-03,2345,智邦,5.09,977000,股
2026-06-03,6669,緯穎,4.36,386000,股
2026-06-03,6223,旺矽,3.88,326000,股
2026-06-03,2454,聯發科,3.72,406000,股
2026-06-03,3017,奇鋐,3.65,634000,股
2026-06-03,8996,高力,3.6,1630000,股
2026-06-03,2059,川湖,3.36,312000,股
2026-06-03,3665,貿聯-KY,3.03,652000,股
2026-06-03,6584,南俊國際,2.93,2204000,股
2026-06-03,3443,創意,2.89,311000,股
2026-06-03,2327,國巨*,2.59,1566000,股
2026-06-03,3661,世芯-KY,2.59,280000,股
2026-06-03,8299,群聯,2.57,475000,股
2026-06-03,6515,穎崴,2.4,145000,股
2026-06-03,2455,全新,2.3,2753000,股
2026-06-03,3081,聯亞,2.09,366000,股
2026-06-03,3711,日月光投控,2.03,1629000,股
2026-06-03,3105,穩懋,2.02,1949000,股
2026-06-03,2368,金像電,1.8,645000,股
2026-06-03,6510,精測,1.75,262000,股
2026-06-03,2308,台達電,1.7,344000,股
2026-06-03,6274,台燿,1.61,471000,股
2026-06-03,7769,鴻勁,1.47,97000,股
2026-06-03,8046,南電,1.31,718000,股
2026-06-03,7751,竑騰,1.19,375000,股
2026-06-03,5274,信驊,1.05,29000,股
2026-06-03,2360,致茂,1.03,200000,股
2026-06-03,3583,辛耘,0.96,566000,股
2026-06-03,4991,環宇-KY,0.81,553000,股
2026-06-03,3653,健策,0.8,102000,股
2026-06-03,3189,景碩,0.7,470013,股
2026-06-03,6531,愛普*,0.59,265000,股
2026-06-03,5289,宜鼎,0.58,153000,股
2026-06-03,2337,旺宏,0.47,1434000,股
2026-06-03,8021,尖點,0.47,501000,股
2026-06-03,6805,富世達,0.46,109000,股
2026-06-03,6139,亞翔,0.4,250000,股
2026-06-03,7734,印能科技,0.37,56000,股
2026-06-03,3260,威剛,0.36,382000,股
2026-06-03,6442,光聖,0.31,74000,股
2026-06-03,3533,嘉澤,0.02,4000,股
2026-06-03,3491,昇達科,0.0,1000,股
2026-06-03,C_NTD,CASH,,2441779994,元
2026-06-03,PFUR_NTD,PAYABLES FOR UNITS REDEEMED,,-2242706535,元
2026-06-03,RDI_NTD,RECEIVABLES FOR DISPOSAL OF INVESTMENTS,,2451593953,元
2026-06-04,2330,台積電,8.38,1706000,股
2026-06-04,2383,台光電,5.6,563000,股
2026-06-04,3037,欣興,5.6,2797000,股
2026-06-04,2345,智邦,5.05,977000,股
2026-06-04,6669,緯穎,4.43,386000,股
2026-06-04,6223,旺矽,4.08,326000,股
2026-06-04,8996,高力,3.76,1630000,股
2026-06-04,2454,聯發科,3.71,406000,股
2026-06-04,3017,奇鋐,3.54,634000,股
2026-06-04,2059,川湖,3.44,312000,股
2026-06-04,6584,南俊國際,3.04,2204000,股
2026-06-04,3665,貿聯-KY,2.9,652000,股
2026-06-04,3443,創意,2.82,311000,股
2026-06-04,2368,金像電,2.63,945000,股
2026-06-04,6515,穎崴,2.58,145000,股
2026-06-04,8299,群聯,2.53,475000,股
2026-06-04,3661,世芯-KY,2.5,280000,股
2026-06-04,2327,國巨*,2.4,1566000,股
2026-06-04,2455,全新,2.28,2753000,股
2026-06-04,3711,日月光投控,1.99,1629000,股
2026-06-04,3105,穩懋,1.96,1949000,股
2026-06-04,3081,聯亞,1.95,366000,股
2026-06-04,2308,台達電,1.72,344000,股
2026-06-04,6274,台燿,1.64,471000,股
2026-06-04,7769,鴻勁,1.48,97000,股
2026-06-04,8046,南電,1.3,718000,股
2026-06-04,7751,竑騰,1.22,375000,股
2026-06-04,5274,信驊,1.09,29000,股
2026-06-04,2360,致茂,1.08,200000,股
2026-06-04,3583,辛耘,1.02,566000,股
2026-06-04,6187,萬潤,1.0,435000,股
2026-06-04,3008,大立光,0.99,125000,股
2026-06-04,6510,精測,0.99,137000,股
2026-06-04,3653,健策,0.78,102000,股
2026-06-04,4991,環宇-KY,0.78,553000,股
2026-06-04,3189,景碩,0.67,470013,股
2026-06-04,5289,宜鼎,0.6,153000,股
2026-06-04,6531,愛普*,0.58,265000,股
2026-06-04,2337,旺宏,0.46,1434000,股
2026-06-04,8021,尖點,0.46,501000,股
2026-06-04,6805,富世達,0.45,109000,股
2026-06-04,6139,亞翔,0.42,250000,股
2026-06-04,3260,威剛,0.36,382000,股
2026-06-04,7734,印能科技,0.36,56000,股
2026-06-04,6442,光聖,0.33,74000,股
2026-06-04,3533,嘉澤,0.02,4000,股
2026-06-04,3491,昇達科,0.0,1000,股
2026-06-04,C_NTD,CASH,,3139497146,元
2026-06-04,PFUR_NTD,PAYABLES FOR UNITS REDEEMED,,-1942165759,元
2026-06-04,RDI_NTD,RECEIVABLES FOR DISPOSAL OF INVESTMENTS,,329934502,元
2026-06-05,2330,台積電,8.61,1706000,股
2026-06-05,2383,台光電,5.87,563000,股
2026-06-05,2345,智邦,5.19,977000,股
2026-06-05,3037,欣興,4.18,2097000,股
2026-06-05,6223,旺矽,4.01,326000,股
2026-06-05,8996,高力,3.91,1630000,股
2026-06-05,6669,緯穎,3.85,319000,股
2026-06-05,2454,聯發科,3.73,406000,股
2026-06-05,3017,奇鋐,3.52,634000,股
2026-06-05,2059,川湖,3.51,293000,股
2026-06-05,3665,貿聯-KY,3.06,652000,股
2026-06-05,6584,南俊國際,3.06,2204000,股
2026-06-05,3443,創意,2.93,311000,股
2026-06-05,2368,金像電,2.65,945000,股
2026-06-05,6515,穎崴,2.61,145000,股
2026-06-05,2327,國巨*,2.57,1566000,股
2026-06-05,3661,世芯-KY,2.4,262000,股
2026-06-05,2455,全新,2.34,2753000,股
2026-06-05,8299,群聯,2.33,445000,股
2026-06-05,6187,萬潤,2.08,870000,股
2026-06-05,3105,穩懋,2.01,1949000,股
2026-06-05,3711,日月光投控,2.01,1629000,股
2026-06-05,2308,台達電,1.69,344000,股
2026-06-05,3081,聯亞,1.55,273000,股
2026-06-05,6274,台燿,1.52,441000,股
2026-06-05,7769,鴻勁,1.41,91000,股
2026-06-05,8046,南電,1.29,718000,股
2026-06-05,7751,竑騰,1.24,375000,股
2026-06-05,2360,致茂,1.09,200000,股
2026-06-05,5274,信驊,1.08,29000,股
2026-06-05,3583,辛耘,1.05,566000,股
2026-06-05,3008,大立光,0.98,125000,股
2026-06-05,6510,精測,0.91,129000,股
2026-06-05,3653,健策,0.79,102000,股
2026-06-05,3189,景碩,0.67,440013,股
2026-06-05,4991,環宇-KY,0.55,394000,股
2026-06-05,8021,尖點,0.49,501000,股
2026-06-05,6805,富世達,0.45,109000,股
2026-06-05,2337,旺宏,0.43,1343000,股
2026-06-05,6139,亞翔,0.43,250000,股
2026-06-05,5289,宜鼎,0.37,98000,股
2026-06-05,7734,印能科技,0.37,56000,股
2026-06-05,3260,威剛,0.32,358000,股
2026-06-05,3491,昇達科,0.0,1000,股
2026-06-05,C_NTD,CASH,,3133898943,元
2026-06-05,PFUR_NTD,PAYABLES FOR UNITS REDEEMED,,-1706324069,元
2026-06-05,RDI_NTD,RECEIVABLES FOR DISPOSAL OF INVESTMENTS,,867572379,元
2026-06-08,2330,台積電,8.57,1706000,股
2026-06-08,2383,台光電,5.88,563000,股
2026-06-08,2345,智邦,5.18,977000,股
2026-06-08,8996,高力,4.32,1630000,股
2026-06-08,3037,欣興,4.18,2097000,股
2026-06-08,2059,川湖,3.96,293000,股
2026-06-08,6223,旺矽,3.94,326000,股
2026-06-08,3665,貿聯-KY,3.92,855000,股
2026-06-08,6669,緯穎,3.68,319000,股
2026-06-08,2454,聯發科,3.62,406000,股
2026-06-08,3017,奇鋐,3.57,634000,股
2026-06-08,6584,南俊國際,3.01,2204000,股
2026-06-08,3443,創意,2.9,311000,股
2026-06-08,2368,金像電,2.81,945000,股
2026-06-08,6515,穎崴,2.66,145000,股
2026-06-08,2327,國巨*,2.57,1566000,股
2026-06-08,3661,世芯-KY,2.39,262000,股
2026-06-08,8299,群聯,2.19,445000,股
2026-06-08,2455,全新,2.17,2753000,股
2026-06-08,6187,萬潤,2.06,870000,股
2026-06-08,3105,穩懋,1.93,1949000,股
2026-06-08,3711,日月光投控,1.93,1629000,股
2026-06-08,2308,台達電,1.7,344000,股
2026-06-08,6274,台燿,1.48,441000,股
2026-06-08,7769,鴻勁,1.4,91000,股
2026-06-08,8046,南電,1.31,718000,股
2026-06-08,7751,竑騰,1.17,375000,股
2026-06-08,5274,信驊,1.11,29000,股
2026-06-08,2360,致茂,1.07,200000,股
2026-06-08,6510,精測,1.01,129000,股
2026-06-08,3583,辛耘,1.0,566000,股
2026-06-08,3008,大立光,0.97,125000,股
2026-06-08,3653,健策,0.85,102000,股
2026-06-08,3189,景碩,0.67,440013,股
2026-06-08,3363,上詮,0.54,300000,股
2026-06-08,4991,環宇-KY,0.53,394000,股
2026-06-08,8021,尖點,0.5,501000,股
2026-06-08,6805,富世達,0.45,109000,股
2026-06-08,2337,旺宏,0.42,1343000,股
2026-06-08,6139,亞翔,0.4,250000,股
2026-06-08,5289,宜鼎,0.39,98000,股
2026-06-08,7734,印能科技,0.37,56000,股
2026-06-08,3260,威剛,0.32,358000,股
2026-06-08,3491,昇達科,0.0,1000,股
2026-06-08,C_NTD,CASH,,1664174125,元
2026-06-08,PFUR_NTD,PAYABLES FOR UNITS REDEEMED,,-1230550256,元
2026-06-08,RDI_NTD,RECEIVABLES FOR DISPOSAL OF INVESTMENTS,,1805090521,元
2026-06-09,2330,台積電,8.28,1706000,股
2026-06-09,2383,台光電,6.01,563000,股
2026-06-09,2345,智邦,5.09,977000,股
2026-06-09,8996,高力,4.57,1630000,股
2026-06-09,3017,奇鋐,4.34,809000,股
2026-06-09,3665,貿聯-KY,4.34,955000,股
2026-06-09,3037,欣興,4.28,2097000,股
2026-06-09,2059,川湖,4.19,293000,股
2026-06-09,6223,旺矽,4.04,326000,股
2026-06-09,2454,聯發科,3.83,406000,股
2026-06-09,6669,緯穎,3.56,319000,股
2026-06-09,6584,南俊國際,3.1,2204000,股
2026-06-09,2368,金像電,2.98,945000,股
2026-06-09,6187,萬潤,2.9,1220000,股
2026-06-09,3443,創意,2.82,311000,股
2026-06-09,2327,國巨*,2.72,1566000,股
2026-06-09,6515,穎崴,2.63,145000,股
2026-06-09,3661,世芯-KY,2.35,262000,股
2026-06-09,2455,全新,2.29,2753000,股
2026-06-09,8299,群聯,2.21,445000,股
2026-06-09,3105,穩懋,2.04,1949000,股
2026-06-09,3711,日月光投控,1.95,1629000,股
2026-06-09,3653,健策,1.77,214000,股
2026-06-09,2308,台達電,1.75,344000,股
2026-06-09,6274,台燿,1.5,441000,股
2026-06-09,8046,南電,1.38,718000,股
2026-06-09,7769,鴻勁,1.33,91000,股
2026-06-09,7751,竑騰,1.17,375000,股
2026-06-09,5274,信驊,1.09,29000,股
2026-06-09,3583,辛耘,1.03,566000,股
2026-06-09,3008,大立光,1.02,125000,股
2026-06-09,2360,致茂,1.01,200000,股
2026-06-09,6510,精測,0.92,129000,股
2026-06-09,3189,景碩,0.66,440013,股
2026-06-09,8021,尖點,0.53,501000,股
2026-06-09,3363,上詮,0.52,300000,股
2026-06-09,4991,環宇-KY,0.5,394000,股
2026-06-09,6805,富世達,0.45,109000,股
2026-06-09,2337,旺宏,0.41,1343000,股
2026-06-09,5289,宜鼎,0.41,98000,股
2026-06-09,6139,亞翔,0.39,250000,股
2026-06-09,7734,印能科技,0.38,56000,股
2026-06-09,3260,威剛,0.32,358000,股
2026-06-09,3491,昇達科,0.0,1000,股
2026-06-09,C_NTD,CASH,,3291145147,元
2026-06-09,PFUR_NTD,PAYABLES FOR UNITS REDEEMED,,-1341611216,元
2026-06-09,RDI_NTD,RECEIVABLES FOR DISPOSAL OF INVESTMENTS,,-1513280365,元
2026-06-10,2330,台積電,8.58,1706000,股
2026-06-10,2383,台光電,6.2,563000,股
2026-06-10,2345,智邦,5.15,977000,股
2026-06-10,3665,貿聯-KY,4.59,955000,股
2026-06-10,8996,高力,4.43,1630000,股
2026-06-10,3017,奇鋐,4.26,809000,股
2026-06-10,6223,旺矽,4.19,326000,股
2026-06-10,2059,川湖,4.16,293000,股
2026-06-10,3037,欣興,4.13,2097000,股
2026-06-10,2454,聯發科,3.76,406000,股
2026-06-10,2368,金像電,2.99,945000,股
2026-06-10,6584,南俊國際,2.95,2204000,股
2026-06-10,6187,萬潤,2.9,1220000,股
2026-06-10,2327,國巨*,2.86,1566000,股
2026-06-10,3443,創意,2.79,311000,股
2026-06-10,6515,穎崴,2.63,145000,股
2026-06-10,6669,緯穎,2.57,228000,股
2026-06-10,3661,世芯-KY,2.36,262000,股
2026-06-10,2455,全新,2.18,2753000,股
2026-06-10,8299,群聯,2.14,445000,股
2026-06-10,3105,穩懋,2.08,1949000,股
2026-06-10,3711,日月光投控,1.96,1629000,股
2026-06-10,3653,健策,1.81,214000,股
2026-06-10,2308,台達電,1.69,344000,股
2026-06-10,6274,台燿,1.47,441000,股
2026-06-10,7769,鴻勁,1.39,91000,股
2026-06-10,8046,南電,1.36,718000,股
2026-06-10,7751,竑騰,1.16,375000,股
2026-06-10,3008,大立光,1.15,125000,股
2026-06-10,5274,信驊,1.09,29000,股
2026-06-10,2360,致茂,0.99,200000,股
2026-06-10,3583,辛耘,0.99,566000,股
2026-06-10,3189,景碩,0.65,440013,股
2026-06-10,8021,尖點,0.62,501000,股
2026-06-10,3363,上詮,0.5,300000,股
2026-06-10,6805,富世達,0.43,109000,股
2026-06-10,6139,亞翔,0.41,250000,股
2026-06-10,7734,印能科技,0.41,56000,股
2026-06-10,2337,旺宏,0.4,1343000,股
2026-06-10,5289,宜鼎,0.39,98000,股
2026-06-10,3260,威剛,0.31,358000,股
2026-06-10,3491,昇達科,0.0,1000,股
2026-06-10,C_NTD,CASH,,2291265312,元
2026-06-10,PFUR_NTD,PAYABLES FOR UNITS REDEEMED,,-597938146,元
2026-06-10,RDI_NTD,RECEIVABLES FOR DISPOSAL OF INVESTMENTS,,-391530472,元
2026-06-11,2330,台積電,8.64,1706000,股
2026-06-11,2383,台光電,6.45,563000,股
2026-06-11,3017,奇鋐,5.3,1009000,股
2026-06-11,2345,智邦,5.0,977000,股
2026-06-11,3665,貿聯-KY,4.64,955000,股
2026-06-11,6223,旺矽,4.47,326000,股
2026-06-11,2059,川湖,4.22,293000,股
2026-06-11,8996,高力,4.18,1630000,股
2026-06-11,3037,欣興,4.03,2097000,股
2026-06-11,2454,聯發科,3.73,406000,股
2026-06-11,2327,國巨*,2.97,1566000,股
2026-06-11,3443,創意,2.87,311000,股
2026-06-11,2368,金像電,2.86,945000,股
2026-06-11,6515,穎崴,2.85,145000,股
2026-06-11,6187,萬潤,2.83,1220000,股
2026-06-11,6584,南俊國際,2.77,2204000,股
2026-06-11,6669,緯穎,2.51,228000,股
2026-06-11,3661,世芯-KY,2.39,262000,股
2026-06-11,8299,群聯,2.2,445000,股
2026-06-11,3105,穩懋,2.11,1949000,股
2026-06-11,3711,日月光投控,1.99,1629000,股
2026-06-11,2455,全新,1.98,2753000,股
2026-06-11,3653,健策,1.74,214000,股
2026-06-11,2308,台達電,1.67,344000,股
2026-06-11,7769,鴻勁,1.44,91000,股
2026-06-11,8046,南電,1.3,718000,股
2026-06-11,3008,大立光,1.17,125000,股
2026-06-11,7751,竑騰,1.11,375000,股
2026-06-11,3583,辛耘,1.01,566000,股
2026-06-11,2360,致茂,0.99,200000,股
2026-06-11,8021,尖點,0.64,501000,股
2026-06-11,3189,景碩,0.61,440013,股
2026-06-11,3363,上詮,0.49,300000,股
2026-06-11,6805,富世達,0.43,109000,股
2026-06-11,2337,旺宏,0.42,1343000,股
2026-06-11,6139,亞翔,0.41,250000,股
2026-06-11,7734,印能科技,0.39,56000,股
2026-06-11,5289,宜鼎,0.38,98000,股
2026-06-11,3260,威剛,0.32,358000,股
2026-06-11,3491,昇達科,0.0,1000,股
2026-06-11,C_NTD,CASH,,729315966,元
2026-06-11,PFUR_NTD,PAYABLES FOR UNITS REDEEMED,,-545387224,元
2026-06-11,RDI_NTD,RECEIVABLES FOR DISPOSAL OF INVESTMENTS,,1785338519,元
2026-06-12,2330,台積電,8.63,1706000,股
2026-06-12,2383,台光電,5.96,563000,股
2026-06-12,3017,奇鋐,5.32,1009000,股
2026-06-12,2345,智邦,5.0,977000,股
2026-06-12,3665,貿聯-KY,4.83,955000,股
2026-06-12,6223,旺矽,4.63,326000,股
2026-06-12,2059,川湖,4.44,293000,股
2026-06-12,3037,欣興,4.14,2097000,股
2026-06-12,8996,高力,4.09,1630000,股
2026-06-12,2454,聯發科,3.72,406000,股
2026-06-12,6515,穎崴,3.05,145000,股
2026-06-12,3443,創意,2.98,311000,股
2026-06-12,2327,國巨*,2.93,1566000,股
2026-06-12,6187,萬潤,2.9,1220000,股
2026-06-12,6584,南俊國際,2.82,2204000,股
2026-06-12,2368,金像電,2.73,945000,股
2026-06-12,6669,緯穎,2.42,228000,股
2026-06-12,3661,世芯-KY,2.36,262000,股
2026-06-12,3008,大立光,2.29,260000,股
2026-06-12,8299,群聯,2.25,445000,股
2026-06-12,3105,穩懋,2.16,1949000,股
2026-06-12,2455,全新,2.12,2753000,股
2026-06-12,3711,日月光投控,2.11,1629000,股
2026-06-12,3653,健策,1.73,214000,股
2026-06-12,8021,尖點,1.72,1501000,股
2026-06-12,2308,台達電,1.67,344000,股
2026-06-12,7769,鴻勁,1.44,91000,股
2026-06-12,8046,南電,1.29,718000,股
2026-06-12,7751,竑騰,1.13,375000,股
2026-06-12,2360,致茂,1.01,200000,股
2026-06-12,3583,辛耘,1.0,566000,股
2026-06-12,3189,景碩,0.59,440013,股
2026-06-12,3363,上詮,0.48,300000,股
2026-06-12,6139,亞翔,0.44,250000,股
2026-06-12,6805,富世達,0.44,109000,股
2026-06-12,2337,旺宏,0.43,1343000,股
2026-06-12,5289,宜鼎,0.39,98000,股
2026-06-12,7734,印能科技,0.34,56000,股
2026-06-12,3260,威剛,0.32,358000,股
2026-06-12,3264,欣銓,0.04,72000,股
2026-06-12,3491,昇達科,0.0,1000,股
2026-06-12,C_NTD,CASH,,1554121518,元
2026-06-12,PFUR_NTD,PAYABLES FOR UNITS REDEEMED,,-270043430,元
2026-06-12,RDI_NTD,RECEIVABLES FOR DISPOSAL OF INVESTMENTS,,-534299898,元
2026-06-15,2330,台積電,8.65,1706000,股
2026-06-15,2383,台光電,6.04,563000,股
2026-06-15,3017,奇鋐,5.19,1009000,股
2026-06-15,2345,智邦,5.07,977000,股
2026-06-15,3665,貿聯-KY,4.62,955000,股
2026-06-15,6223,旺矽,4.48,326000,股
2026-06-15,8996,高力,4.37,1630000,股
2026-06-15,2059,川湖,4.35,293000,股
2026-06-15,3037,欣興,4.3,2097000,股
2026-06-15,2454,聯發科,3.87,406000,股
2026-06-15,3443,創意,3.2,311000,股
2026-06-15,2327,國巨*,3.14,1566000,股
2026-06-15,6515,穎崴,3.07,145000,股
2026-06-15,6187,萬潤,2.94,1220000,股
2026-06-15,6584,南俊國際,2.94,2204000,股
2026-06-15,2368,金像電,2.66,945000,股
2026-06-15,3008,大立光,2.45,260000,股
2026-06-15,3661,世芯-KY,2.38,262000,股
2026-06-15,6669,緯穎,2.38,228000,股
2026-06-15,8299,群聯,2.2,445000,股
2026-06-15,2455,全新,2.17,2753000,股
2026-06-15,3105,穩懋,2.13,1949000,股
2026-06-15,3711,日月光投控,2.05,1629000,股
2026-06-15,3653,健策,1.75,214000,股
2026-06-15,2308,台達電,1.62,344000,股
2026-06-15,8021,尖點,1.62,1501000,股
2026-06-15,7769,鴻勁,1.4,91000,股
2026-06-15,8046,南電,1.32,718000,股
2026-06-15,7751,竑騰,1.11,375000,股
2026-06-15,3583,辛耘,0.99,566000,股
2026-06-15,2360,致茂,0.97,200000,股
2026-06-15,3189,景碩,0.62,440013,股
2026-06-15,2303,聯電,0.6,2000000,股
2026-06-15,6139,亞翔,0.47,250000,股
2026-06-15,2337,旺宏,0.46,1343000,股
2026-06-15,3363,上詮,0.45,300000,股
2026-06-15,5289,宜鼎,0.4,98000,股
2026-06-15,6805,富世達,0.4,109000,股
2026-06-15,7734,印能科技,0.35,56000,股
2026-06-15,3260,威剛,0.32,358000,股
2026-06-15,3264,欣銓,0.04,72000,股
2026-06-15,3491,昇達科,0.0,1000,股
2026-06-15,C_NTD,CASH,,1969267261,元
2026-06-15,PFUR_NTD,PAYABLES FOR UNITS REDEEMED,,-292115196,元
2026-06-15,RDI_NTD,RECEIVABLES FOR DISPOSAL OF INVESTMENTS,,-1481402687,元
2026-06-16,2330,台積電,8.7,1706000,股
2026-06-16,2383,台光電,6.12,563000,股
2026-06-16,2345,智邦,5.23,977000,股
2026-06-16,3017,奇鋐,5.08,1009000,股
2026-06-16,8996,高力,4.78,1630000,股
2026-06-16,6223,旺矽,4.46,326000,股
2026-06-16,3037,欣興,4.37,2097000,股
2026-06-16,3665,貿聯-KY,4.3,955000,股
2026-06-16,2059,川湖,4.14,293000,股
2026-06-16,2454,聯發科,3.93,406000,股
2026-06-16,3443,創意,3.25,311000,股
2026-06-16,2327,國巨*,3.16,1566000,股
2026-06-16,6515,穎崴,3.06,145000,股
2026-06-16,6187,萬潤,2.95,1220000,股
2026-06-16,6584,南俊國際,2.84,2204000,股
2026-06-16,2368,金像電,2.7,945000,股
2026-06-16,3008,大立光,2.68,260000,股
2026-06-16,3661,世芯-KY,2.4,262000,股
2026-06-16,2455,全新,2.37,2753000,股
2026-06-16,8299,群聯,2.24,445000,股
2026-06-16,3711,日月光投控,2.05,1629000,股
2026-06-16,3105,穩懋,2.04,1949000,股
2026-06-16,3653,健策,1.72,214000,股
2026-06-16,8021,尖點,1.65,1501000,股
2026-06-16,2308,台達電,1.63,344000,股
2026-06-16,7769,鴻勁,1.42,91000,股
2026-06-16,8046,南電,1.38,718000,股
2026-06-16,7751,竑騰,1.15,375000,股
2026-06-16,2360,致茂,0.99,200000,股
2026-06-16,3583,辛耘,0.98,566000,股
2026-06-16,2303,聯電,0.6,2000000,股
2026-06-16,3189,景碩,0.6,440013,股
2026-06-16,2337,旺宏,0.47,1343000,股
2026-06-16,3363,上詮,0.45,300000,股
2026-06-16,6139,亞翔,0.43,250000,股
2026-06-16,5289,宜鼎,0.41,98000,股
2026-06-16,6805,富世達,0.4,109000,股
2026-06-16,7734,印能科技,0.38,56000,股
2026-06-16,3260,威剛,0.32,358000,股
2026-06-16,3264,欣銓,0.03,72000,股
2026-06-16,3491,昇達科,0.0,1000,股
2026-06-16,C_NTD,CASH,,767496796,元
2026-06-16,PFUR_NTD,PAYABLES FOR UNITS REDEEMED,,-616036171,元
2026-06-16,RDI_NTD,RECEIVABLES FOR DISPOSAL OF INVESTMENTS,,833729215,元
2026-06-17,2330,台積電,8.68,1706000,股
2026-06-17,2383,台光電,6.24,563000,股
2026-06-17,8996,高力,5.27,1630000,股
2026-06-17,2345,智邦,5.2,977000,股
2026-06-17,3017,奇鋐,5.09,1009000,股
2026-06-17,6223,旺矽,4.46,326000,股
2026-06-17,3037,欣興,4.42,2097000,股
2026-06-17,3665,貿聯-KY,4.26,955000,股
2026-06-17,2059,川湖,4.14,293000,股
2026-06-17,2454,聯發科,3.86,406000,股
2026-06-17,3443,創意,3.37,311000,股
2026-06-17,2327,國巨*,3.29,1566000,股
2026-06-17,6187,萬潤,3.0,1220000,股
2026-06-17,6515,穎崴,2.92,145000,股
2026-06-17,6584,南俊國際,2.88,2204000,股
2026-06-17,3008,大立光,2.85,260000,股
2026-06-17,2368,金像電,2.76,945000,股
2026-06-17,2455,全新,2.51,2753000,股
2026-06-17,3661,世芯-KY,2.41,262000,股
2026-06-17,8299,群聯,2.21,445000,股
2026-06-17,3105,穩懋,2.16,1949000,股
2026-06-17,3711,日月光投控,2.07,1629000,股
2026-06-17,3653,健策,1.82,214000,股
2026-06-17,8021,尖點,1.73,1501000,股
2026-06-17,2308,台達電,1.58,344000,股
2026-06-17,7769,鴻勁,1.42,91000,股
2026-06-17,7751,竑騰,1.16,375000,股
2026-06-17,3583,辛耘,1.0,566000,股
2026-06-17,3189,景碩,0.66,440013,股
2026-06-17,2303,聯電,0.6,2000000,股
2026-06-17,2337,旺宏,0.46,1343000,股
2026-06-17,3363,上詮,0.44,300000,股
2026-06-17,6139,亞翔,0.43,250000,股
2026-06-17,6805,富世達,0.4,109000,股
2026-06-17,7734,印能科技,0.4,56000,股
2026-06-17,5289,宜鼎,0.39,98000,股
2026-06-17,3260,威剛,0.32,358000,股
2026-06-17,2360,致茂,0.24,50000,股
2026-06-17,3264,欣銓,0.03,72000,股
2026-06-17,3491,昇達科,0.0,1000,股
2026-06-17,C_NTD,CASH,,470145968,元
2026-06-17,PFUR_NTD,PAYABLES FOR UNITS REDEEMED,,-1224208316,元
2026-06-17,RDI_NTD,RECEIVABLES FOR DISPOSAL OF INVESTMENTS,,2080873402,元
2026-06-18,2330,台積電,7.21,1406000,股
2026-06-18,2383,台光電,6.7,563000,股
2026-06-18,8996,高力,5.51,1630000,股
2026-06-18,3017,奇鋐,5.15,1009000,股
2026-06-18,2345,智邦,5.06,977000,股
2026-06-18,6223,旺矽,4.45,326000,股
2026-06-18,3037,欣興,4.32,2097000,股
2026-06-18,2059,川湖,4.28,293000,股
2026-06-18,3665,貿聯-KY,4.26,955000,股
2026-06-18,3008,大立光,4.2,380000,股
2026-06-18,2454,聯發科,3.79,406000,股
2026-06-18,2327,國巨*,3.6,1566000,股
2026-06-18,3443,創意,3.21,311000,股
2026-06-18,6187,萬潤,3.2,1220000,股
2026-06-18,6584,南俊國際,2.93,2204000,股
2026-06-18,6515,穎崴,2.91,145000,股
2026-06-18,2368,金像電,2.72,945000,股
2026-06-18,2455,全新,2.44,2753000,股
2026-06-18,3661,世芯-KY,2.44,262000,股
2026-06-18,8299,群聯,2.39,445000,股
2026-06-18,3105,穩懋,2.19,1949000,股
2026-06-18,3711,日月光投控,2.12,1629000,股
2026-06-18,3653,健策,1.8,214000,股
2026-06-18,8021,尖點,1.73,1501000,股
2026-06-18,2308,台達電,1.57,344000,股
2026-06-18,7769,鴻勁,1.35,91000,股
2026-06-18,7751,竑騰,1.18,375000,股
2026-06-18,3583,辛耘,1.07,566000,股
2026-06-18,3189,景碩,0.68,440013,股
2026-06-18,2303,聯電,0.62,2000000,股
2026-06-18,2337,旺宏,0.48,1343000,股
2026-06-18,3363,上詮,0.45,300000,股
2026-06-18,6139,亞翔,0.44,250000,股
2026-06-18,7734,印能科技,0.43,56000,股
2026-06-18,6805,富世達,0.41,109000,股
2026-06-18,5289,宜鼎,0.4,98000,股
2026-06-18,3260,威剛,0.32,358000,股
2026-06-18,2360,致茂,0.25,50000,股
2026-06-18,3264,欣銓,0.04,72000,股
2026-06-18,3491,昇達科,0.0,1000,股
2026-06-18,C_NTD,CASH,,1309110815,元
2026-06-18,PFUR_NTD,PAYABLES FOR UNITS REDEEMED,,-1595577670,元
2026-06-18,RDI_NTD,RECEIVABLES FOR DISPOSAL OF INVESTMENTS,,1058044730,元
2026-06-22,2330,台積電,7.4,1406000,股
2026-06-22,2383,台光電,6.88,563000,股
2026-06-22,2345,智邦,5.32,977000,股
2026-06-22,8996,高力,5.32,1630000,股
2026-06-22,3017,奇鋐,5.12,1009000,股
2026-06-22,2059,川湖,4.64,293000,股
2026-06-22,3037,欣興,4.42,2097000,股
2026-06-22,6223,旺矽,4.39,326000,股
2026-06-22,3008,大立光,4.13,380000,股
2026-06-22,3665,貿聯-KY,3.99,955000,股
2026-06-22,2454,聯發科,3.8,406000,股
2026-06-22,2327,國巨*,3.5,1566000,股
2026-06-22,6187,萬潤,3.23,1220000,股
2026-06-22,3443,創意,3.1,311000,股
2026-06-22,6584,南俊國際,3.05,2204000,股
2026-06-22,6515,穎崴,2.88,145000,股
2026-06-22,2368,金像電,2.77,945000,股
2026-06-22,8299,群聯,2.41,445000,股
2026-06-22,3661,世芯-KY,2.38,262000,股
2026-06-22,2455,全新,2.37,2753000,股
2026-06-22,3711,日月光投控,2.3,1629000,股
2026-06-22,3105,穩懋,2.21,1949000,股
2026-06-22,8021,尖點,1.83,1501000,股
2026-06-22,3653,健策,1.72,214000,股
2026-06-22,2308,台達電,1.55,344000,股
2026-06-22,7751,竑騰,1.17,375000,股
2026-06-22,3583,辛耘,1.06,566000,股
2026-06-22,3189,景碩,0.73,440013,股
2026-06-22,2303,聯電,0.67,2000000,股
2026-06-22,2337,旺宏,0.52,1343000,股
2026-06-22,3363,上詮,0.45,300000,股
2026-06-22,6139,亞翔,0.42,250000,股
2026-06-22,6805,富世達,0.42,109000,股
2026-06-22,7734,印能科技,0.42,56000,股
2026-06-22,5289,宜鼎,0.41,98000,股
2026-06-22,3260,威剛,0.33,358000,股
2026-06-22,2360,致茂,0.24,50000,股
2026-06-22,3264,欣銓,0.04,72000,股
2026-06-22,7769,鴻勁,0.01,1000,股
2026-06-22,3491,昇達科,0.0,1000,股
2026-06-22,C_NTD,CASH,,1957720056,元
2026-06-22,PFUR_NTD,PAYABLES FOR UNITS REDEEMED,,-1532955459,元
2026-06-22,RDI_NTD,RECEIVABLES FOR DISPOSAL OF INVESTMENTS,,700227727,元
2026-06-23,2330,台積電,7.62,1406000,股
2026-06-23,2383,台光電,6.98,563000,股
2026-06-23,3017,奇鋐,5.32,1009000,股
2026-06-23,2345,智邦,5.18,977000,股
2026-06-23,8996,高力,5.14,1630000,股
2026-06-23,2059,川湖,4.77,293000,股
2026-06-23,6223,旺矽,4.74,326000,股
2026-06-23,3037,欣興,4.44,2097000,股
2026-06-23,3665,貿聯-KY,4.16,955000,股
2026-06-23,3008,大立光,4.13,380000,股
2026-06-23,2454,聯發科,4.01,406000,股
2026-06-23,2327,國巨*,3.48,1566000,股
2026-06-23,3443,創意,3.2,311000,股
2026-06-23,6187,萬潤,3.11,1220000,股
2026-06-23,6584,南俊國際,3.11,2204000,股
2026-06-23,6515,穎崴,2.98,145000,股
2026-06-23,2368,金像電,2.6,945000,股
2026-06-23,2455,全新,2.38,2753000,股
2026-06-23,3711,日月光投控,2.35,1629000,股
2026-06-23,8299,群聯,2.35,445000,股
2026-06-23,3105,穩懋,2.21,1949000,股
2026-06-23,3661,世芯-KY,2.05,215000,股
2026-06-23,8021,尖點,1.85,1501000,股
2026-06-23,7751,竑騰,1.2,375000,股
2026-06-23,3653,健策,1.1,132000,股
2026-06-23,3583,辛耘,1.09,566000,股
2026-06-23,2308,台達電,1.01,224000,股
2026-06-23,2303,聯電,0.74,2000000,股
2026-06-23,3189,景碩,0.7,440013,股
2026-06-23,2337,旺宏,0.5,1343000,股
2026-06-23,3363,上詮,0.45,300000,股
2026-06-23,6139,亞翔,0.43,250000,股
2026-06-23,6805,富世達,0.42,109000,股
2026-06-23,7734,印能科技,0.41,56000,股
2026-06-23,5289,宜鼎,0.4,98000,股
2026-06-23,3260,威剛,0.32,358000,股
2026-06-23,2360,致茂,0.25,50000,股
2026-06-23,3264,欣銓,0.04,72000,股
2026-06-23,3491,昇達科,0.0,1000,股
2026-06-23,C_NTD,CASH,,1422362070,元
2026-06-23,PFUR_NTD,PAYABLES FOR UNITS REDEEMED,,-1550560472,元
2026-06-23,RDI_NTD,RECEIVABLES FOR DISPOSAL OF INVESTMENTS,,1387423172,元
2026-06-24,2330,台積電,7.43,1406000,股
2026-06-24,2383,台光電,6.92,563000,股
2026-06-24,3017,奇鋐,5.65,1009000,股
2026-06-24,8996,高力,5.23,1630000,股
2026-06-24,6223,旺矽,5.17,326000,股
2026-06-24,2345,智邦,5.13,977000,股
2026-06-24,2059,川湖,4.86,293000,股
2026-06-24,3037,欣興,4.32,2097000,股
2026-06-24,3665,貿聯-KY,4.24,955000,股
2026-06-24,3008,大立光,4.12,380000,股
2026-06-24,2454,聯發科,3.85,406000,股
2026-06-24,2327,國巨*,3.64,1566000,股
2026-06-24,3443,創意,3.36,311000,股
2026-06-24,6584,南俊國際,3.23,2204000,股
2026-06-24,6515,穎崴,3.05,145000,股
2026-06-24,6187,萬潤,2.86,1220000,股
2026-06-24,2368,金像電,2.62,945000,股
2026-06-24,8299,群聯,2.46,445000,股
2026-06-24,2455,全新,2.42,2753000,股
2026-06-24,3711,日月光投控,2.35,1629000,股
2026-06-24,3105,穩懋,2.06,1949000,股
2026-06-24,3661,世芯-KY,2.06,215000,股
2026-06-24,8021,尖點,1.89,1501000,股
2026-06-24,7751,竑騰,1.23,375000,股
2026-06-24,3583,辛耘,1.07,566000,股
2026-06-24,2303,聯電,0.79,2000000,股
2026-06-24,3189,景碩,0.72,440013,股
2026-06-24,2337,旺宏,0.51,1343000,股
2026-06-24,6139,亞翔,0.45,250000,股
2026-06-24,3363,上詮,0.44,300000,股
2026-06-24,6805,富世達,0.44,109000,股
2026-06-24,7734,印能科技,0.4,56000,股
2026-06-24,5289,宜鼎,0.39,98000,股
2026-06-24,3260,威剛,0.32,358000,股
2026-06-24,2360,致茂,0.24,50000,股
2026-06-24,3264,欣銓,0.04,72000,股
2026-06-24,3491,昇達科,0.0,1000,股
2026-06-24,C_NTD,CASH,,1386291088,元
2026-06-24,PFUR_NTD,PAYABLES FOR UNITS REDEEMED,,-1280221448,元
2026-06-24,RDI_NTD,RECEIVABLES FOR DISPOSAL OF INVESTMENTS,,1695196106,元
2026-06-25,2330,台積電,7.43,1406000,股
2026-06-25,2383,台光電,7.02,563000,股
2026-06-25,3017,奇鋐,5.59,1009000,股
2026-06-25,8996,高力,5.26,1630000,股
2026-06-25,2345,智邦,5.14,977000,股
2026-06-25,6223,旺矽,4.98,326000,股
2026-06-25,2059,川湖,4.74,293000,股
2026-06-25,3037,欣興,4.73,2097000,股
2026-06-25,3008,大立光,4.34,380000,股
2026-06-25,3665,貿聯-KY,4.05,955000,股
2026-06-25,2327,國巨*,3.89,1566000,股
2026-06-25,2454,聯發科,3.87,406000,股
2026-06-25,6584,南俊國際,3.59,2231000,股
2026-06-25,3443,創意,3.33,311000,股
2026-06-25,6187,萬潤,2.98,1220000,股
2026-06-25,6515,穎崴,2.92,145000,股
2026-06-25,2303,聯電,2.76,7000000,股
2026-06-25,2368,金像電,2.59,945000,股
2026-06-25,8299,群聯,2.43,445000,股
2026-06-25,2455,全新,2.36,2753000,股
2026-06-25,3711,日月光投控,2.31,1629000,股
2026-06-25,3661,世芯-KY,2.01,215000,股
2026-06-25,3105,穩懋,1.99,1949000,股
2026-06-25,8021,尖點,1.85,1501000,股
2026-06-25,7751,竑騰,1.16,375000,股
2026-06-25,3583,辛耘,1.06,566000,股
2026-06-25,3189,景碩,0.79,440013,股
2026-06-25,2337,旺宏,0.48,1343000,股
2026-06-25,6139,亞翔,0.48,250000,股
2026-06-25,3363,上詮,0.42,300000,股
2026-06-25,6805,富世達,0.42,109000,股
2026-06-25,7734,印能科技,0.42,56000,股
2026-06-25,5289,宜鼎,0.38,98000,股
2026-06-25,3260,威剛,0.32,358000,股
2026-06-25,2360,致茂,0.24,50000,股
2026-06-25,3264,欣銓,0.04,72000,股
2026-06-25,3491,昇達科,0.0,1000,股
2026-06-25,C_NTD,CASH,,1902720534,元
2026-06-25,PFUR_NTD,PAYABLES FOR UNITS REDEEMED,,-1160264669,元
2026-06-25,RDI_NTD,RECEIVABLES FOR DISPOSAL OF INVESTMENTS,,-22022857,元
2026-06-26,2330,台積電,7.77,1406000,股
2026-06-26,2383,台光電,6.99,563000,股
2026-06-26,2345,智邦,5.49,977000,股
2026-06-26,3017,奇鋐,5.37,1009000,股
2026-06-26,8996,高力,5.27,1630000,股
2026-06-26,6223,旺矽,5.0,326000,股
2026-06-26,2059,川湖,4.84,293000,股
2026-06-26,3037,欣興,4.83,2097000,股
2026-06-26,3008,大立光,4.24,380000,股
2026-06-26,3665,貿聯-KY,4.18,955000,股
2026-06-26,2327,國巨*,3.75,1566000,股
2026-06-26,6584,南俊國際,3.73,2231000,股
2026-06-26,2454,聯發科,3.72,406000,股
2026-06-26,3443,創意,3.25,311000,股
2026-06-26,6187,萬潤,3.1,1220000,股
2026-06-26,6515,穎崴,2.8,145000,股
2026-06-26,2303,聯電,2.71,7000000,股
2026-06-26,3711,日月光投控,2.43,1629000,股
2026-06-26,8299,群聯,2.43,445000,股
2026-06-26,2455,全新,2.26,2753000,股
2026-06-26,2368,金像電,2.09,745000,股
2026-06-26,3661,世芯-KY,1.97,215000,股
2026-06-26,8021,尖點,1.9,1501000,股
2026-06-26,7751,竑騰,1.19,372000,股
2026-06-26,3583,辛耘,1.09,566000,股
2026-06-26,3105,穩懋,0.97,966000,股
2026-06-26,3189,景碩,0.83,440013,股
2026-06-26,6182,合晶,0.56,2000000,股
2026-06-26,2337,旺宏,0.52,1343000,股
2026-06-26,6139,亞翔,0.52,250000,股
2026-06-26,6805,富世達,0.42,109000,股
2026-06-26,3363,上詮,0.41,300000,股
2026-06-26,7734,印能科技,0.4,56000,股
2026-06-26,5289,宜鼎,0.37,98000,股
2026-06-26,3260,威剛,0.34,358000,股
2026-06-26,2360,致茂,0.24,50000,股
2026-06-26,3264,欣銓,0.04,72000,股
2026-06-26,3491,昇達科,0.0,1000,股
2026-06-26,C_NTD,CASH,,2194567896,元
2026-06-26,PFUR_NTD,PAYABLES FOR UNITS REDEEMED,,-872368345,元
2026-06-26,RDI_NTD,RECEIVABLES FOR DISPOSAL OF INVESTMENTS,,-500025070,元
2026-06-29,2330,台積電,7.88,1406000,股
2026-06-29,2383,台光電,7.26,563000,股
2026-06-29,8996,高力,5.69,1630000,股
2026-06-29,3017,奇鋐,5.49,1009000,股
2026-06-29,2345,智邦,5.41,977000,股
2026-06-29,2059,川湖,4.93,293000,股
2026-06-29,3037,欣興,4.84,2097000,股
2026-06-29,6223,旺矽,4.67,326000,股
2026-06-29,3665,貿聯-KY,4.25,955000,股
2026-06-29,3008,大立光,3.94,380000,股
2026-06-29,2327,國巨*,3.85,1566000,股
2026-06-29,2454,聯發科,3.75,406000,股
2026-06-29,6584,南俊國際,3.61,2231000,股
2026-06-29,3443,創意,3.25,311000,股
2026-06-29,6187,萬潤,2.83,1220000,股
2026-06-29,6515,穎崴,2.75,145000,股
2026-06-29,2303,聯電,2.72,7000000,股
2026-06-29,8299,群聯,2.46,445000,股
2026-06-29,3711,日月光投控,2.42,1629000,股
2026-06-29,2455,全新,2.19,2753000,股
2026-06-29,3661,世芯-KY,2.03,215000,股
2026-06-29,8021,尖點,1.85,1501000,股
2026-06-29,6182,合晶,1.19,4500000,股
2026-06-29,7751,竑騰,1.17,372000,股
2026-06-29,3583,辛耘,1.15,566000,股
2026-06-29,2368,金像電,0.89,325000,股
2026-06-29,3189,景碩,0.84,440013,股
2026-06-29,6139,亞翔,0.56,250000,股
2026-06-29,2337,旺宏,0.5,1343000,股
2026-06-29,6805,富世達,0.42,109000,股
2026-06-29,3363,上詮,0.4,300000,股
2026-06-29,7734,印能科技,0.39,56000,股
2026-06-29,5289,宜鼎,0.37,98000,股
2026-06-29,3260,威剛,0.34,358000,股
2026-06-29,3264,欣銓,0.04,72000,股
2026-06-29,3491,昇達科,0.0,1000,股
2026-06-29,C_NTD,CASH,,915314651,元
2026-06-29,PFUR_NTD,PAYABLES FOR UNITS REDEEMED,,-496941425,元
2026-06-29,RDI_NTD,RECEIVABLES FOR DISPOSAL OF INVESTMENTS,,1120635759,元
2026-06-30,2330,台積電,7.74,1406000,股
2026-06-30,2383,台光電,6.93,563000,股
2026-06-30,3017,奇鋐,5.82,1009000,股
2026-06-30,8996,高力,5.77,1630000,股
2026-06-30,2345,智邦,5.57,977000,股
2026-06-30,3037,欣興,5.13,2097000,股
2026-06-30,2059,川湖,4.93,293000,股
2026-06-30,6223,旺矽,4.54,326000,股
2026-06-30,3665,貿聯-KY,4.18,955000,股
2026-06-30,3008,大立光,4.12,420000,股
2026-06-30,2327,國巨*,4.08,1566000,股
2026-06-30,2454,聯發科,3.94,406000,股
2026-06-30,6584,南俊國際,3.74,2231000,股
2026-06-30,3443,創意,3.44,311000,股
2026-06-30,6187,萬潤,2.78,1220000,股
2026-06-30,6515,穎崴,2.68,145000,股
2026-06-30,2303,聯電,2.63,7000000,股
2026-06-30,3711,日月光投控,2.53,1629000,股
2026-06-30,8299,群聯,2.42,445000,股
2026-06-30,2455,全新,2.18,2753000,股
2026-06-30,3661,世芯-KY,2.05,215000,股
2026-06-30,8021,尖點,1.97,1501000,股
2026-06-30,6182,合晶,1.26,4500000,股
2026-06-30,3583,辛耘,1.17,566000,股
2026-06-30,7751,竑騰,1.16,372000,股
2026-06-30,3189,景碩,0.9,440013,股
2026-06-30,2368,金像電,0.89,325000,股
2026-06-30,6139,亞翔,0.53,250000,股
2026-06-30,2337,旺宏,0.48,1343000,股
2026-06-30,6805,富世達,0.42,109000,股
2026-06-30,3363,上詮,0.4,300000,股
2026-06-30,7734,印能科技,0.39,56000,股
2026-06-30,5289,宜鼎,0.36,98000,股
2026-06-30,3260,威剛,0.33,358000,股
2026-06-30,3264,欣銓,0.04,72000,股
2026-06-30,3491,昇達科,0.0,1000,股
2026-06-30,C_NTD,CASH,,1219646339,元
2026-06-30,PFUR_NTD,PAYABLES FOR UNITS REDEEMED,,-651387760,元
2026-06-30,RDI_NTD,RECEIVABLES FOR DISPOSAL OF INVESTMENTS,,506007614,元
2026-07-01,2330,台積電,7.96,1406000,股
2026-07-01,2383,台光電,7.04,563000,股
2026-07-01,3017,奇鋐,5.97,1009000,股
2026-07-01,2345,智邦,5.87,977000,股
2026-07-01,8996,高力,5.73,1630000,股
2026-07-01,2059,川湖,5.07,293000,股
2026-07-01,3037,欣興,4.93,2097000,股
2026-07-01,6223,旺矽,4.93,326000,股
2026-07-01,3665,貿聯-KY,4.34,955000,股
2026-07-01,3008,大立光,4.11,420000,股
2026-07-01,2327,國巨*,4.03,1566000,股
2026-07-01,2454,聯發科,3.98,406000,股
2026-07-01,3443,創意,3.55,311000,股
2026-07-01,6584,南俊國際,3.52,2231000,股
2026-07-01,6187,萬潤,2.94,1220000,股
2026-07-01,2303,聯電,2.67,7000000,股
2026-07-01,3711,日月光投控,2.59,1629000,股
2026-07-01,6515,穎崴,2.41,120000,股
2026-07-01,8299,群聯,2.28,445000,股
2026-07-01,2455,全新,2.23,2753000,股
2026-07-01,3661,世芯-KY,2.16,215000,股
2026-07-01,8021,尖點,1.9,1501000,股
2026-07-01,6182,合晶,1.37,4500000,股
2026-07-01,7751,竑騰,1.22,372000,股
2026-07-01,3583,辛耘,1.16,566000,股
2026-07-01,2368,金像電,0.9,325000,股
2026-07-01,3189,景碩,0.88,440013,股
2026-07-01,6139,亞翔,0.52,250000,股
2026-07-01,2337,旺宏,0.44,1343000,股
2026-07-01,6805,富世達,0.42,109000,股
2026-07-01,7734,印能科技,0.39,56000,股
2026-07-01,3363,上詮,0.36,300000,股
2026-07-01,5289,宜鼎,0.35,98000,股
2026-07-01,3260,威剛,0.32,358000,股
2026-07-01,3264,欣銓,0.04,72000,股
2026-07-01,3491,昇達科,0.0,1000,股
2026-07-01,C_NTD,CASH,,1545216975,元
2026-07-01,PFUR_NTD,PAYABLES FOR UNITS REDEEMED,,-979110656,元
2026-07-01,RDI_NTD,RECEIVABLES FOR DISPOSAL OF INVESTMENTS,,46176313,元
2026-07-02,2330,台積電,7.79,1406000,股
2026-07-02,2383,台光電,7.16,563000,股
2026-07-02,3017,奇鋐,6.22,1009000,股
2026-07-02,2345,智邦,6.04,977000,股
2026-07-02,6223,旺矽,5.32,326000,股
2026-07-02,2059,川湖,5.19,293000,股
2026-07-02,8996,高力,5.19,1630000,股
2026-07-02,3037,欣興,4.62,2097000,股
2026-07-02,3665,貿聯-KY,4.38,955000,股
2026-07-02,3008,大立光,4.06,420000,股
2026-07-02,2454,聯發科,3.97,406000,股
2026-07-02,3443,創意,3.73,311000,股
2026-07-02,6584,南俊國際,3.73,2231000,股
2026-07-02,2327,國巨*,3.72,1566000,股
2026-07-02,6187,萬潤,2.76,1220000,股
2026-07-02,3711,日月光投控,2.66,1629000,股
2026-07-02,2303,聯電,2.61,7000000,股
2026-07-02,6515,穎崴,2.51,120000,股
2026-07-02,3661,世芯-KY,2.37,215000,股
2026-07-02,8299,群聯,2.24,445000,股
2026-07-02,2455,全新,2.15,2753000,股
2026-07-02,8021,尖點,1.84,1501000,股
2026-07-02,6182,合晶,1.5,4500000,股
2026-07-02,7751,竑騰,1.18,372000,股
2026-07-02,3583,辛耘,1.16,566000,股
2026-07-02,3189,景碩,0.82,440013,股
2026-07-02,6139,亞翔,0.53,250000,股
2026-07-02,2337,旺宏,0.44,1343000,股
2026-07-02,6805,富世達,0.41,109000,股
2026-07-02,7734,印能科技,0.41,56000,股
2026-07-02,5289,宜鼎,0.38,98000,股
2026-07-02,3363,上詮,0.36,300000,股
2026-07-02,3260,威剛,0.33,358000,股
2026-07-02,3264,欣銓,0.04,72000,股
2026-07-02,3491,昇達科,0.0,1000,股
2026-07-02,C_NTD,CASH,,1370054513,元
2026-07-02,PFUR_NTD,PAYABLES FOR UNITS REDEEMED,,-1017294772,元
2026-07-02,RDI_NTD,RECEIVABLES FOR DISPOSAL OF INVESTMENTS,,617014905,元
2026-07-03,2330,台積電,7.72,1406000,股
2026-07-03,2383,台光電,7.68,563000,股
2026-07-03,3017,奇鋐,6.25,1009000,股
2026-07-03,2345,智邦,6.0,977000,股
2026-07-03,6223,旺矽,5.4,326000,股
2026-07-03,2059,川湖,5.26,293000,股
2026-07-03,8996,高力,5.05,1630000,股
2026-07-03,3037,欣興,4.56,2097000,股
2026-07-03,3665,貿聯-KY,4.28,955000,股
2026-07-03,3008,大立光,3.99,420000,股
2026-07-03,2454,聯發科,3.82,406000,股
2026-07-03,2327,國巨*,3.67,1566000,股
2026-07-03,6584,南俊國際,3.54,2231000,股
2026-07-03,3443,創意,3.52,311000,股
2026-07-03,6187,萬潤,2.82,1220000,股
2026-07-03,2303,聯電,2.68,7000000,股
2026-07-03,6515,穎崴,2.67,120000,股
2026-07-03,3711,日月光投控,2.49,1629000,股
2026-07-03,8299,群聯,2.29,445000,股
2026-07-03,3661,世芯-KY,2.24,215000,股
2026-07-03,2455,全新,2.21,2753000,股
2026-07-03,8021,尖點,1.88,1501000,股
2026-07-03,6182,合晶,1.65,4500000,股
2026-07-03,7751,竑騰,1.2,372000,股
2026-07-03,3583,辛耘,1.08,566000,股
2026-07-03,3189,景碩,0.82,440013,股
2026-07-03,6139,亞翔,0.53,250000,股
2026-07-03,2337,旺宏,0.43,1343000,股
2026-07-03,6805,富世達,0.4,109000,股
2026-07-03,7734,印能科技,0.4,56000,股
2026-07-03,3363,上詮,0.39,300000,股
2026-07-03,5289,宜鼎,0.36,98000,股
2026-07-03,3260,威剛,0.33,358000,股
2026-07-03,3264,欣銓,0.04,72000,股
2026-07-03,3491,昇達科,0.0,1000,股
2026-07-03,C_NTD,CASH,,1353021174,元
2026-07-03,PFUR_NTD,PAYABLES FOR UNITS REDEEMED,,-721506452,元
2026-07-03,RDI_NTD,RECEIVABLES FOR DISPOSAL OF INVESTMENTS,,395676130,元
2026-07-06,2330,台積電,7.97,1406000,股
2026-07-06,2383,台光電,7.1,563000,股
2026-07-06,3017,奇鋐,6.21,1009000,股
2026-07-06,2345,智邦,5.95,977000,股
2026-07-06,8996,高力,5.35,1630000,股
2026-07-06,2059,川湖,5.25,293000,股
2026-07-06,6223,旺矽,5.15,326000,股
2026-07-06,3037,欣興,4.43,2097000,股
2026-07-06,3665,貿聯-KY,4.28,955000,股
2026-07-06,3008,大立光,4.0,420000,股
2026-07-06,2454,聯發科,3.86,406000,股
2026-07-06,2327,國巨*,3.62,1566000,股
2026-07-06,6584,南俊國際,3.55,2231000,股
2026-07-06,3443,創意,3.3,311000,股
2026-07-06,6187,萬潤,2.91,1220000,股
2026-07-06,2303,聯電,2.68,7000000,股
2026-07-06,3711,日月光投控,2.55,1629000,股
2026-07-06,6515,穎崴,2.46,120000,股
2026-07-06,8299,群聯,2.35,445000,股
2026-07-06,2455,全新,2.14,2753000,股
2026-07-06,3661,世芯-KY,2.09,215000,股
2026-07-06,8021,尖點,1.83,1501000,股
2026-07-06,6182,合晶,1.62,4500000,股
2026-07-06,7751,竑騰,1.29,372000,股
2026-07-06,3583,辛耘,1.12,566000,股
2026-07-06,3189,景碩,0.77,440013,股
2026-07-06,6139,亞翔,0.54,250000,股
2026-07-06,6488,環球晶,0.54,174000,股
2026-07-06,2337,旺宏,0.45,1343000,股
2026-07-06,3363,上詮,0.4,300000,股
2026-07-06,6805,富世達,0.39,109000,股
2026-07-06,7734,印能科技,0.38,56000,股
2026-07-06,5289,宜鼎,0.37,98000,股
2026-07-06,3260,威剛,0.34,358000,股
2026-07-06,3264,欣銓,0.04,72000,股
2026-07-06,3491,昇達科,0.0,1000,股
2026-07-06,C_NTD,CASH,,1397061503,元
2026-07-06,PFUR_NTD,PAYABLES FOR UNITS REDEEMED,,-38184116,元
2026-07-06,RDI_NTD,RECEIVABLES FOR DISPOSAL OF INVESTMENTS,,-226053375,元
2026-07-07,2330,台積電,8.27,1406000,股
2026-07-07,2383,台光電,7.09,563000,股
2026-07-07,3017,奇鋐,5.96,1009000,股
2026-07-07,2059,川湖,5.84,293000,股
2026-07-07,2345,智邦,5.78,977000,股
2026-07-07,8996,高力,5.25,1630000,股
2026-07-07,6223,旺矽,4.96,326000,股
2026-07-07,3665,貿聯-KY,4.56,955000,股
2026-07-07,3037,欣興,4.25,2097000,股
2026-07-07,2454,聯發科,3.95,406000,股
2026-07-07,3008,大立光,3.94,420000,股
2026-07-07,6584,南俊國際,3.57,2231000,股
2026-07-07,2327,國巨*,3.42,1566000,股
2026-07-07,3443,創意,3.36,311000,股
2026-07-07,6187,萬潤,2.87,1220000,股
2026-07-07,2303,聯電,2.62,7000000,股
2026-07-07,3711,日月光投控,2.56,1629000,股
2026-07-07,6515,穎崴,2.32,120000,股
2026-07-07,8299,群聯,2.3,445000,股
2026-07-07,2455,全新,2.11,2753000,股
2026-07-07,3661,世芯-KY,2.09,215000,股
2026-07-07,8021,尖點,1.8,1501000,股
2026-07-07,6182,合晶,1.58,4500000,股
2026-07-07,7751,竑騰,1.22,372000,股
2026-07-07,6488,環球晶,1.14,394000,股
2026-07-07,3583,辛耘,1.1,566000,股
2026-07-07,3189,景碩,0.73,440013,股
2026-07-07,6139,亞翔,0.53,250000,股
2026-07-07,2337,旺宏,0.45,1343000,股
2026-07-07,3363,上詮,0.42,300000,股
2026-07-07,6805,富世達,0.39,109000,股
2026-07-07,5289,宜鼎,0.38,98000,股
2026-07-07,7734,印能科技,0.37,56000,股
2026-07-07,3260,威剛,0.35,358000,股
2026-07-07,3264,欣銓,0.04,72000,股
2026-07-07,3491,昇達科,0.0,1000,股
2026-07-07,C_NTD,CASH,,1447203227,元
2026-07-07,RDI_NTD,RECEIVABLES FOR DISPOSAL OF INVESTMENTS,,-507772924,元
2026-07-08,2330,台積電,8.35,1406000,股
2026-07-08,2383,台光電,7.21,563000,股
2026-07-08,2059,川湖,5.72,293000,股
2026-07-08,2345,智邦,5.69,977000,股
2026-07-08,3017,奇鋐,5.65,1009000,股
2026-07-08,8996,高力,5.18,1630000,股
2026-07-08,6223,旺矽,5.07,326000,股
2026-07-08,3665,貿聯-KY,4.37,955000,股
2026-07-08,3037,欣興,4.36,2097000,股
2026-07-08,3008,大立光,4.0,420000,股
2026-07-08,2454,聯發科,3.91,406000,股
2026-07-08,6584,南俊國際,3.64,2231000,股
2026-07-08,2327,國巨*,3.36,1566000,股
2026-07-08,3443,創意,3.3,311000,股
2026-07-08,6187,萬潤,2.81,1220000,股
2026-07-08,2303,聯電,2.75,7000000,股
2026-07-08,3711,日月光投控,2.45,1629000,股
2026-07-08,8299,群聯,2.29,445000,股
2026-07-08,6515,穎崴,2.23,120000,股
2026-07-08,2455,全新,2.22,2753000,股
2026-07-08,3661,世芯-KY,2.11,215000,股
2026-07-08,8021,尖點,1.87,1501000,股
2026-07-08,6182,合晶,1.73,4500000,股
2026-07-08,7751,竑騰,1.27,372000,股
2026-07-08,6488,環球晶,1.17,394000,股
2026-07-08,3583,辛耘,1.07,566000,股
2026-07-08,3189,景碩,0.8,440013,股
2026-07-08,6139,亞翔,0.52,250000,股
2026-07-08,3363,上詮,0.46,300000,股
2026-07-08,2337,旺宏,0.45,1343000,股
2026-07-08,7734,印能科技,0.38,56000,股
2026-07-08,6805,富世達,0.37,109000,股
2026-07-08,5289,宜鼎,0.36,98000,股
2026-07-08,3260,威剛,0.35,358000,股
2026-07-08,3264,欣銓,0.04,72000,股
2026-07-08,3491,昇達科,0.0,1000,股
2026-07-08,C_NTD,CASH,,1229969315,元
2026-07-08,RDI_NTD,RECEIVABLES FOR DISPOSAL OF INVESTMENTS,,-281719549,元
2026-07-09,2330,台積電,8.12,1406000,股
2026-07-09,2383,台光電,7.13,563000,股
2026-07-09,2059,川湖,5.78,293000,股
2026-07-09,2345,智邦,5.77,977000,股
2026-07-09,3017,奇鋐,5.67,1009000,股
2026-07-09,6223,旺矽,5.52,326000,股
2026-07-09,8996,高力,4.79,1630000,股
2026-07-09,2327,國巨*,4.45,2066000,股
2026-07-09,3037,欣興,4.39,2097000,股
2026-07-09,3665,貿聯-KY,4.26,955000,股
2026-07-09,3008,大立光,3.97,420000,股
2026-07-09,2454,聯發科,3.81,406000,股
2026-07-09,6584,南俊國際,3.54,2231000,股
2026-07-09,3443,創意,3.23,311000,股
2026-07-09,6187,萬潤,3.06,1220000,股
2026-07-09,3711,日月光投控,2.64,1629000,股
2026-07-09,2303,聯電,2.61,7000000,股
2026-07-09,8299,群聯,2.36,445000,股
2026-07-09,6515,穎崴,2.23,120000,股
2026-07-09,2455,全新,2.18,2753000,股
2026-07-09,3661,世芯-KY,2.16,215000,股
2026-07-09,8021,尖點,1.87,1501000,股
2026-07-09,6182,合晶,1.86,4500000,股
2026-07-09,6488,環球晶,1.27,394000,股
2026-07-09,7751,竑騰,1.15,372000,股
2026-07-09,3583,辛耘,1.11,566000,股
2026-07-09,3189,景碩,0.84,440013,股
2026-07-09,6139,亞翔,0.52,250000,股
2026-07-09,2337,旺宏,0.46,1343000,股
2026-07-09,3363,上詮,0.44,300000,股
2026-07-09,6805,富世達,0.38,109000,股
2026-07-09,7734,印能科技,0.38,56000,股
2026-07-09,5289,宜鼎,0.36,98000,股
2026-07-09,3260,威剛,0.35,358000,股
2026-07-09,3264,欣銓,0.04,72000,股
2026-07-09,3491,昇達科,0.0,1000,股
2026-07-09,C_NTD,CASH,,958482821,元
2026-07-09,PFUR_NTD,PAYABLES FOR UNITS REDEEMED,,-17750364,元
2026-07-09,RDI_NTD,RECEIVABLES FOR DISPOSAL OF INVESTMENTS,,-461065576,元
2026-07-13,2330,台積電,8.29,1406000,股
2026-07-13,2383,台光電,6.98,563000,股
2026-07-13,2059,川湖,5.72,293000,股
2026-07-13,2345,智邦,5.68,977000,股
2026-07-13,3017,奇鋐,5.43,1009000,股
2026-07-13,6223,旺矽,5.23,326000,股
2026-07-13,8996,高力,4.89,1630000,股
2026-07-13,3037,欣興,4.58,2097000,股
2026-07-13,3008,大立光,4.41,420000,股
2026-07-13,3665,貿聯-KY,4.31,955000,股
2026-07-13,2327,國巨*,4.08,2066000,股
2026-07-13,2454,聯發科,3.75,406000,股
2026-07-13,6584,南俊國際,3.59,2231000,股
2026-07-13,6187,萬潤,3.05,1220000,股
2026-07-13,3711,日月光投控,2.64,1629000,股
2026-07-13,2303,聯電,2.6,7000000,股
2026-07-13,8299,群聯,2.33,445000,股
2026-07-13,2455,全新,2.19,2753000,股
2026-07-13,3443,創意,2.18,211000,股
2026-07-13,3661,世芯-KY,2.15,215000,股
2026-07-13,6515,穎崴,2.14,120000,股
2026-07-13,6182,合晶,2.06,4500000,股
2026-07-13,8021,尖點,1.84,1501000,股
2026-07-13,6488,環球晶,1.41,394000,股
2026-07-13,7751,竑騰,1.13,372000,股
2026-07-13,3583,辛耘,1.09,566000,股
2026-07-13,3189,景碩,0.87,440013,股
2026-07-13,6139,亞翔,0.53,250000,股
2026-07-13,2337,旺宏,0.45,1343000,股
2026-07-13,3363,上詮,0.44,300000,股
2026-07-13,7734,印能科技,0.38,56000,股
2026-07-13,6805,富世達,0.37,109000,股
2026-07-13,5289,宜鼎,0.36,98000,股
2026-07-13,3260,威剛,0.35,358000,股
2026-07-13,3264,欣銓,0.04,72000,股
2026-07-13,3491,昇達科,0.0,1000,股
2026-07-13,C_NTD,CASH,,1006453916,元
2026-07-13,PFUR_NTD,PAYABLES FOR UNITS REDEEMED,,-17750364,元
2026-07-13,RDI_NTD,RECEIVABLES FOR DISPOSAL OF INVESTMENTS,,-42279659,元
2026-07-14,2330,台積電,8.43,1406000,股
2026-07-14,2383,台光電,6.94,563000,股
2026-07-14,2059,川湖,5.81,293000,股
2026-07-14,2345,智邦,5.52,977000,股
2026-07-14,3017,奇鋐,5.27,1002000,股
2026-07-14,6223,旺矽,5.12,326000,股
2026-07-14,8996,高力,4.75,1630000,股
2026-07-14,3037,欣興,4.54,2097000,股
2026-07-14,3008,大立光,4.44,420000,股
2026-07-14,3665,貿聯-KY,4.2,955000,股
2026-07-14,2327,國巨*,3.98,2066000,股
2026-07-14,6584,南俊國際,3.71,2231000,股
2026-07-14,2454,聯發科,3.68,406000,股
2026-07-14,6187,萬潤,2.98,1220000,股
2026-07-14,2303,聯電,2.62,7000000,股
2026-07-14,3711,日月光投控,2.59,1629000,股
2026-07-14,8299,群聯,2.26,445000,股
2026-07-14,2455,全新,2.15,2753000,股
2026-07-14,3443,創意,2.1,211000,股
2026-07-14,6182,合晶,2.08,4500000,股
2026-07-14,3661,世芯-KY,1.99,215000,股
2026-07-14,8021,尖點,1.81,1501000,股
2026-07-14,6515,穎崴,1.73,99000,股
2026-07-14,6488,環球晶,1.48,394000,股
2026-07-14,3583,辛耘,1.07,566000,股
2026-07-14,7751,竑騰,1.04,368000,股
2026-07-14,3026,禾伸堂,0.93,459000,股
2026-07-14,3189,景碩,0.88,440013,股
2026-07-14,6139,亞翔,0.52,250000,股
2026-07-14,2337,旺宏,0.46,1343000,股
2026-07-14,3363,上詮,0.43,300000,股
2026-07-14,7734,印能科技,0.38,56000,股
2026-07-14,3260,威剛,0.36,358000,股
2026-07-14,6805,富世達,0.36,109000,股
2026-07-14,5289,宜鼎,0.35,98000,股
2026-07-14,3264,欣銓,0.04,72000,股
2026-07-14,3491,昇達科,0.0,1000,股
2026-07-14,C_NTD,CASH,,979094782,元
2026-07-14,PFUR_NTD,PAYABLES FOR UNITS REDEEMED,,-17750364,元
2026-07-14,RDI_NTD,RECEIVABLES FOR DISPOSAL OF INVESTMENTS,,178885333,元
2026-07-15,2330,台積電,8.27,1406000,股
2026-07-15,2383,台光電,6.89,563000,股
2026-07-15,2059,川湖,6.0,293000,股
2026-07-15,2345,智邦,5.51,977000,股
2026-07-15,3017,奇鋐,5.23,1002000,股
2026-07-15,6223,旺矽,4.97,326000,股
2026-07-15,3037,欣興,4.73,2097000,股
2026-07-15,8996,高力,4.65,1630000,股
2026-07-15,3665,貿聯-KY,4.4,955000,股
2026-07-15,3008,大立光,4.09,420000,股
2026-07-15,2327,國巨*,3.97,2066000,股
2026-07-15,2454,聯發科,3.66,406000,股
2026-07-15,6584,南俊國際,3.58,2231000,股
2026-07-15,6187,萬潤,3.18,1220000,股
2026-07-15,2303,聯電,2.8,7000000,股
2026-07-15,3711,日月光投控,2.68,1629000,股
2026-07-15,8299,群聯,2.26,445000,股
2026-07-15,2455,全新,2.09,2753000,股
2026-07-15,3443,創意,2.09,211000,股
2026-07-15,6182,合晶,1.95,4500000,股
2026-07-15,3661,世芯-KY,1.94,215000,股
2026-07-15,8021,尖點,1.92,1501000,股
2026-07-15,3026,禾伸堂,1.84,909000,股
2026-07-15,6515,穎崴,1.73,99000,股
2026-07-15,6488,環球晶,1.41,394000,股
2026-07-15,3583,辛耘,1.15,566000,股
2026-07-15,7751,竑騰,0.93,318000,股
2026-07-15,3189,景碩,0.9,440013,股
2026-07-15,6139,亞翔,0.54,250000,股
2026-07-15,2337,旺宏,0.48,1343000,股
2026-07-15,3363,上詮,0.43,300000,股
2026-07-15,7734,印能科技,0.41,56000,股
2026-07-15,6805,富世達,0.37,109000,股
2026-07-15,3260,威剛,0.35,358000,股
2026-07-15,5289,宜鼎,0.35,98000,股
2026-07-15,3264,欣銓,0.04,72000,股
2026-07-15,3491,昇達科,0.0,1000,股
2026-07-15,C_NTD,CASH,,1383877325,元
2026-07-15,RDI_NTD,RECEIVABLES FOR DISPOSAL OF INVESTMENTS,,-541048857,元
2026-07-16,2330,台積電,8.69,1406000,股
2026-07-16,2383,台光電,7.03,563000,股
2026-07-16,2059,川湖,6.35,293000,股
2026-07-16,2345,智邦,5.67,977000,股
2026-07-16,3017,奇鋐,5.58,1002000,股
2026-07-16,6223,旺矽,5.08,326000,股
2026-07-16,3665,貿聯-KY,4.67,955000,股
2026-07-16,3037,欣興,4.63,2097000,股
2026-07-16,8996,高力,4.59,1630000,股
2026-07-16,3008,大立光,4.48,420000,股
2026-07-16,2327,國巨*,4.01,2066000,股
2026-07-16,2454,聯發科,3.76,406000,股
2026-07-16,6584,南俊國際,3.59,2231000,股
2026-07-16,6187,萬潤,3.28,1220000,股
2026-07-16,2303,聯電,2.8,7000000,股
2026-07-16,3711,日月光投控,2.78,1629000,股
2026-07-16,3443,創意,2.21,211000,股
2026-07-16,8299,群聯,2.21,445000,股
2026-07-16,2455,全新,2.16,2753000,股
2026-07-16,3661,世芯-KY,2.03,215000,股
2026-07-16,8021,尖點,1.9,1501000,股
2026-07-16,6182,合晶,1.87,4500000,股
2026-07-16,3026,禾伸堂,1.74,909000,股
2026-07-16,6515,穎崴,1.67,99000,股
2026-07-16,6488,環球晶,1.35,394000,股
2026-07-16,7751,竑騰,0.99,318000,股
2026-07-16,3189,景碩,0.85,440013,股
2026-07-16,6139,亞翔,0.54,250000,股
2026-07-16,2337,旺宏,0.46,1343000,股
2026-07-16,7734,印能科技,0.44,56000,股
2026-07-16,3363,上詮,0.42,300000,股
2026-07-16,6805,富世達,0.39,109000,股
2026-07-16,3260,威剛,0.36,358000,股
2026-07-16,5289,宜鼎,0.34,98000,股
2026-07-16,3583,辛耘,0.31,147000,股
2026-07-16,3264,欣銓,0.04,72000,股
2026-07-16,3491,昇達科,0.0,1000,股
2026-07-16,C_NTD,CASH,,1278285893,元
2026-07-16,RDI_NTD,RECEIVABLES FOR DISPOSAL OF INVESTMENTS,,49159637,元
2026-07-17,2330,台積電,8.68,1406000,股
2026-07-17,2383,台光電,6.82,563000,股
2026-07-17,2059,川湖,6.23,293000,股
2026-07-17,3017,奇鋐,5.94,1002000,股
2026-07-17,2345,智邦,5.5,977000,股
2026-07-17,6223,旺矽,4.92,326000,股
2026-07-17,3008,大立光,4.54,420000,股
2026-07-17,3665,貿聯-KY,4.54,955000,股
2026-07-17,3037,欣興,4.49,2097000,股
2026-07-17,8996,高力,4.46,1630000,股
2026-07-17,2327,國巨*,3.89,2066000,股
2026-07-17,2454,聯發科,3.69,406000,股
2026-07-17,6584,南俊國際,3.48,2231000,股
2026-07-17,6187,萬潤,3.21,1220000,股
2026-07-17,2303,聯電,2.72,7000000,股
2026-07-17,3711,日月光投控,2.7,1629000,股
2026-07-17,3443,創意,2.18,211000,股
2026-07-17,8299,群聯,2.14,445000,股
2026-07-17,2455,全新,2.09,2753000,股
2026-07-17,3661,世芯-KY,2.02,215000,股
2026-07-17,8021,尖點,1.84,1501000,股
2026-07-17,6182,合晶,1.81,4500000,股
2026-07-17,3026,禾伸堂,1.69,909000,股
2026-07-17,6515,穎崴,1.62,99000,股
2026-07-17,6488,環球晶,1.32,394000,股
2026-07-17,7751,竑騰,0.97,318000,股
2026-07-17,3189,景碩,0.82,440013,股
2026-07-17,6139,亞翔,0.54,250000,股
2026-07-17,2337,旺宏,0.45,1343000,股
2026-07-17,7734,印能科技,0.43,56000,股
2026-07-17,3363,上詮,0.41,300000,股
2026-07-17,6805,富世達,0.4,109000,股
2026-07-17,3260,威剛,0.35,358000,股
2026-07-17,5289,宜鼎,0.34,98000,股
2026-07-17,3583,辛耘,0.3,147000,股
2026-07-17,3264,欣銓,0.04,72000,股
2026-07-17,3491,昇達科,0.0,1000,股
2026-07-17,C_NTD,CASH,,1597632922,元
2026-07-17,RDI_NTD,RECEIVABLES FOR DISPOSAL OF INVESTMENTS,,350307910,元
2026-07-20,2330,台積電,9.05,1406000,股
2026-07-20,2383,台光電,6.87,563000,股
2026-07-20,2059,川湖,6.3,293000,股
2026-07-20,2345,智邦,6.27,1080000,股
2026-07-20,3017,奇鋐,5.94,1002000,股
2026-07-20,6223,旺矽,4.94,326000,股
2026-07-20,3665,貿聯-KY,4.82,955000,股
2026-07-20,3008,大立光,4.52,420000,股
2026-07-20,8996,高力,4.39,1630000,股
2026-07-20,3037,欣興,4.37,2097000,股
2026-07-20,2454,聯發科,3.76,406000,股
2026-07-20,2327,國巨*,3.61,2066000,股
2026-07-20,6584,南俊國際,3.34,2231000,股
2026-07-20,6187,萬潤,3.17,1220000,股
2026-07-20,3711,日月光投控,2.7,1629000,股
2026-07-20,2303,聯電,2.53,7000000,股
2026-07-20,3443,創意,2.19,211000,股
2026-07-20,8299,群聯,2.14,445000,股
2026-07-20,2455,全新,2.12,2753000,股
2026-07-20,3661,世芯-KY,2.01,215000,股
2026-07-20,8021,尖點,1.71,1501000,股
2026-07-20,6182,合晶,1.69,4500000,股
2026-07-20,6515,穎崴,1.66,99000,股
2026-07-20,3026,禾伸堂,1.57,909000,股
2026-07-20,6488,環球晶,1.38,394000,股
2026-07-20,7751,竑騰,0.97,318000,股
2026-07-20,3189,景碩,0.83,440013,股
2026-07-20,6139,亞翔,0.54,250000,股
2026-07-20,2337,旺宏,0.44,1343000,股
2026-07-20,7734,印能科技,0.44,56000,股
2026-07-20,3363,上詮,0.42,300000,股
2026-07-20,6805,富世達,0.39,109000,股
2026-07-20,3260,威剛,0.35,358000,股
2026-07-20,5289,宜鼎,0.33,98000,股
2026-07-20,3583,辛耘,0.3,147000,股
2026-07-20,3264,欣銓,0.04,72000,股
2026-07-20,3491,昇達科,0.0,1000,股
2026-07-20,C_NTD,CASH,,1947781832,元
2026-07-20,RDI_NTD,RECEIVABLES FOR DISPOSAL OF INVESTMENTS,,-220031763,元
2026-07-21,2330,台積電,8.9,1406000,股
2026-07-21,2383,台光電,7.14,563000,股
2026-07-21,2345,智邦,6.29,1080000,股
2026-07-21,2059,川湖,6.13,293000,股
2026-07-21,3017,奇鋐,6.1,1002000,股
2026-07-21,6223,旺矽,5.03,326000,股
2026-07-21,3665,貿聯-KY,5.01,955000,股
2026-07-21,3037,欣興,4.54,2097000,股
2026-07-21,3008,大立光,4.39,420000,股
2026-07-21,8996,高力,4.21,1630000,股
2026-07-21,2454,聯發科,3.91,406000,股
2026-07-21,2327,國巨*,3.63,2066000,股
2026-07-21,6187,萬潤,3.2,1220000,股
2026-07-21,6584,南俊國際,3.17,2231000,股
2026-07-21,3711,日月光投控,2.71,1629000,股
2026-07-21,2303,聯電,2.47,7000000,股
2026-07-21,3443,創意,2.28,211000,股
2026-07-21,8299,群聯,2.17,445000,股
2026-07-21,2455,全新,2.13,2753000,股
2026-07-21,3661,世芯-KY,1.97,215000,股
2026-07-21,6515,穎崴,1.73,99000,股
2026-07-21,3026,禾伸堂,1.63,909000,股
2026-07-21,8021,尖點,1.5,1501000,股
2026-07-21,6488,環球晶,1.25,394000,股
2026-07-21,7751,竑騰,0.99,318000,股
2026-07-21,3189,景碩,0.86,440013,股
2026-07-21,6139,亞翔,0.53,250000,股
2026-07-21,7734,印能科技,0.46,56000,股
2026-07-21,2337,旺宏,0.43,1343000,股
2026-07-21,3363,上詮,0.41,300000,股
2026-07-21,6805,富世達,0.4,109000,股
2026-07-21,3260,威剛,0.35,358000,股
2026-07-21,5289,宜鼎,0.33,98000,股
2026-07-21,3583,辛耘,0.29,147000,股
2026-07-21,3264,欣銓,0.04,72000,股
2026-07-21,3491,昇達科,0.0,1000,股
2026-07-21,C_NTD,CASH,,1987096417,元
2026-07-21,RDI_NTD,RECEIVABLES FOR DISPOSAL OF INVESTMENTS,,350731450,元
2026-07-22,2330,台積電,8.58,1406000,股
2026-07-22,2383,台光電,7.34,563000,股
2026-07-22,2345,智邦,6.28,1080000,股
2026-07-22,2059,川湖,6.06,293000,股
2026-07-22,3017,奇鋐,5.77,1002000,股
2026-07-22,3665,貿聯-KY,5.14,955000,股
2026-07-22,6223,旺矽,4.98,326000,股
2026-07-22,3037,欣興,4.84,2097000,股
2026-07-22,8996,高力,4.48,1630000,股
2026-07-22,3008,大立光,4.27,420000,股
2026-07-22,2454,聯發科,3.98,406000,股
2026-07-22,2327,國巨*,3.69,2066000,股
2026-07-22,6187,萬潤,3.27,1220000,股
2026-07-22,6584,南俊國際,3.13,2231000,股
2026-07-22,3711,日月光投控,2.72,1629000,股
2026-07-22,2303,聯電,2.47,7000000,股
2026-07-22,3443,創意,2.35,211000,股
2026-07-22,2455,全新,2.27,2753000,股
2026-07-22,8299,群聯,2.17,445000,股
2026-07-22,3661,世芯-KY,1.96,215000,股
2026-07-22,8021,尖點,1.6,1501000,股
2026-07-22,3026,禾伸堂,1.53,909000,股
2026-07-22,6488,環球晶,1.24,394000,股
2026-07-22,7751,竑騰,1.02,318000,股
2026-07-22,3189,景碩,0.89,440013,股
2026-07-22,6515,穎崴,0.69,42000,股
2026-07-22,6139,亞翔,0.54,250000,股
2026-07-22,2337,旺宏,0.46,1343000,股
2026-07-22,7734,印能科技,0.45,56000,股
2026-07-22,3363,上詮,0.43,300000,股
2026-07-22,6805,富世達,0.39,109000,股
2026-07-22,3260,威剛,0.35,358000,股
2026-07-22,5289,宜鼎,0.34,98000,股
2026-07-22,3583,辛耘,0.29,147000,股
2026-07-22,3264,欣銓,0.04,72000,股
2026-07-22,3491,昇達科,0.0,1000,股
2026-07-22,C_NTD,CASH,,1780303881,元
2026-07-22,PFUR_NTD,PAYABLES FOR UNITS REDEEMED,,-105224639,元
2026-07-22,RDI_NTD,RECEIVABLES FOR DISPOSAL OF INVESTMENTS,,955120871,元
2026-07-23,2330,台積電,8.5,1406000,股
2026-07-23,2383,台光電,7.21,563000,股
2026-07-23,2345,智邦,6.31,1080000,股
2026-07-23,3017,奇鋐,6.15,1002000,股
2026-07-23,2059,川湖,6.04,293000,股
2026-07-23,3665,貿聯-KY,5.49,955000,股
2026-07-23,6223,旺矽,5.12,326000,股
2026-07-23,3037,欣興,4.72,2097000,股
2026-07-23,8996,高力,4.41,1630000,股
2026-07-23,3008,大立光,4.37,420000,股
2026-07-23,2454,聯發科,3.96,406000,股
2026-07-23,2327,國巨*,3.62,2066000,股
2026-07-23,6187,萬潤,3.14,1220000,股
2026-07-23,6584,南俊國際,3.12,2231000,股
2026-07-23,3711,日月光投控,2.66,1629000,股
2026-07-23,2303,聯電,2.44,7000000,股
2026-07-23,2455,全新,2.39,2753000,股
2026-07-23,3443,創意,2.32,211000,股
2026-07-23,8299,群聯,2.15,445000,股
2026-07-23,3661,世芯-KY,1.9,215000,股
2026-07-23,3026,禾伸堂,1.59,909000,股
2026-07-23,8021,尖點,1.53,1501000,股
2026-07-23,6488,環球晶,1.11,394000,股
2026-07-23,7751,竑騰,0.95,318000,股
2026-07-23,3189,景碩,0.87,440013,股
2026-07-23,6515,穎崴,0.7,42000,股
2026-07-23,6139,亞翔,0.54,250000,股
2026-07-23,7734,印能科技,0.46,56000,股
2026-07-23,2337,旺宏,0.44,1343000,股
2026-07-23,3363,上詮,0.44,300000,股
2026-07-23,6805,富世達,0.4,109000,股
2026-07-23,3260,威剛,0.34,358000,股
2026-07-23,5289,宜鼎,0.34,98000,股
2026-07-23,3583,辛耘,0.28,147000,股
2026-07-23,3264,欣銓,0.04,72000,股
2026-07-23,3491,昇達科,0.0,1000,股
2026-07-23,C_NTD,CASH,,2351067094,元
2026-07-23,PFUR_NTD,PAYABLES FOR UNITS REDEEMED,,-105224639,元
2026-07-23,RDI_NTD,RECEIVABLES FOR DISPOSAL OF INVESTMENTS,,384357658,元
2026-07-24,2330,台積電,8.72,1406000,股
2026-07-24,2383,台光電,7.07,563000,股
2026-07-24,2345,智邦,6.33,1080000,股
2026-07-24,3017,奇鋐,6.3,1002000,股
2026-07-24,2059,川湖,5.98,293000,股
2026-07-24,3665,貿聯-KY,5.56,955000,股
2026-07-24,6223,旺矽,4.91,326000,股
2026-07-24,3037,欣興,4.65,2097000,股
2026-07-24,3008,大立光,4.35,420000,股
2026-07-24,8996,高力,4.33,1630000,股
2026-07-24,2454,聯發科,4.02,406000,股
2026-07-24,2327,國巨*,3.27,1927000,股
2026-07-24,6584,南俊國際,3.16,2231000,股
2026-07-24,6187,萬潤,3.03,1220000,股
2026-07-24,3711,日月光投控,2.64,1629000,股
2026-07-24,8021,尖點,2.44,2501000,股
2026-07-24,2455,全新,2.42,2753000,股
2026-07-24,2303,聯電,2.37,7000000,股
2026-07-24,3443,創意,2.27,211000,股
2026-07-24,8299,群聯,2.14,445000,股
2026-07-24,3661,世芯-KY,1.93,215000,股
2026-07-24,3231,緯創,1.65,3496000,股
2026-07-24,3026,禾伸堂,1.54,909000,股
2026-07-24,6669,緯穎,1.16,77000,股
2026-07-24,6488,環球晶,1.07,394000,股
2026-07-24,7751,竑騰,0.94,310000,股
2026-07-24,3189,景碩,0.83,440013,股
2026-07-24,6515,穎崴,0.7,42000,股
2026-07-24,6139,亞翔,0.55,250000,股
2026-07-24,7734,印能科技,0.51,56000,股
2026-07-24,3363,上詮,0.46,300000,股
2026-07-24,2337,旺宏,0.44,1343000,股
2026-07-24,6805,富世達,0.41,109000,股
2026-07-24,3260,威剛,0.36,358000,股
2026-07-24,5289,宜鼎,0.35,98000,股
2026-07-24,3583,辛耘,0.28,147000,股
2026-07-24,3264,欣銓,0.04,72000,股
2026-07-24,3491,昇達科,0.0,1000,股
2026-07-24,C_NTD,CASH,,2838032000,元
2026-07-24,PFUR_NTD,PAYABLES FOR UNITS REDEEMED,,-105224639,元
2026-07-24,RDI_NTD,RECEIVABLES FOR DISPOSAL OF INVESTMENTS,,-1361746991,元
2026-07-27,2330,台積電,8.62,1406000,股
2026-07-27,2383,台光電,7.07,563000,股
2026-07-27,2059,川湖,6.32,293000,股
2026-07-27,2345,智邦,6.31,1080000,股
2026-07-27,3017,奇鋐,6.27,1002000,股
2026-07-27,3665,貿聯-KY,5.35,955000,股
2026-07-27,6223,旺矽,4.86,326000,股
2026-07-27,3037,欣興,4.64,2097000,股
2026-07-27,3008,大立光,4.48,420000,股
2026-07-27,8996,高力,4.23,1630000,股
2026-07-27,2454,聯發科,3.9,406000,股
2026-07-27,6187,萬潤,3.29,1220000,股
2026-07-27,6584,南俊國際,3.02,2231000,股
2026-07-27,3711,日月光投控,2.58,1629000,股
2026-07-27,8021,尖點,2.55,2501000,股
2026-07-27,2455,全新,2.34,2753000,股
2026-07-27,2303,聯電,2.3,7000000,股
2026-07-27,3443,創意,2.23,211000,股
2026-07-27,2327,國巨*,2.03,1247000,股
2026-07-27,3661,世芯-KY,1.94,215000,股
2026-07-27,8299,群聯,1.74,366000,股
2026-07-27,3231,緯創,1.61,3496000,股
2026-07-27,3026,禾伸堂,1.39,909000,股
2026-07-27,6669,緯穎,1.15,77000,股
2026-07-27,6488,環球晶,1.09,394000,股
2026-07-27,7751,竑騰,1.01,310000,股
2026-07-27,3189,景碩,0.81,440013,股
2026-07-27,6515,穎崴,0.7,42000,股
2026-07-27,6139,亞翔,0.5,250000,股
2026-07-27,7734,印能科技,0.5,56000,股
2026-07-27,3363,上詮,0.47,300000,股
2026-07-27,2337,旺宏,0.44,1343000,股
2026-07-27,6805,富世達,0.41,109000,股
2026-07-27,3260,威剛,0.38,358000,股
2026-07-27,5289,宜鼎,0.34,98000,股
2026-07-27,3583,辛耘,0.29,147000,股
2026-07-27,3264,欣銓,0.04,72000,股
2026-07-27,3491,昇達科,0.0,1000,股
2026-07-27,C_NTD,CASH,,2937518049,元
2026-07-27,RDI_NTD,RECEIVABLES FOR DISPOSAL OF INVESTMENTS,,-799987686,元
2026-07-28,2330,台積電,8.97,1406000,股
2026-07-28,2383,台光電,6.95,563000,股
2026-07-28,3017,奇鋐,6.28,1002000,股
2026-07-28,2345,智邦,6.17,1080000,股
2026-07-28,2059,川湖,6.11,293000,股
2026-07-28,3665,貿聯-KY,5.92,955000,股
2026-07-28,6223,旺矽,4.71,326000,股
2026-07-28,3008,大立光,4.59,420000,股
2026-07-28,3037,欣興,4.49,2097000,股
2026-07-28,8996,高力,4.13,1630000,股
2026-07-28,2454,聯發科,3.77,406000,股
2026-07-28,6187,萬潤,3.29,1220000,股
2026-07-28,6584,南俊國際,3.01,2231000,股
2026-07-28,3231,緯創,2.69,5662000,股
2026-07-28,3711,日月光投控,2.53,1629000,股
2026-07-28,8021,尖點,2.46,2501000,股
2026-07-28,2455,全新,2.33,2753000,股
2026-07-28,2303,聯電,2.22,7000000,股
2026-07-28,3443,創意,2.16,211000,股
2026-07-28,2327,國巨*,1.97,1247000,股
2026-07-28,3661,世芯-KY,1.87,215000,股
2026-07-28,8299,群聯,1.69,366000,股
2026-07-28,3026,禾伸堂,1.34,909000,股
2026-07-28,6669,緯穎,1.15,77000,股
2026-07-28,6488,環球晶,1.06,394000,股
2026-07-28,7751,竑騰,1.03,310000,股
2026-07-28,3189,景碩,0.79,440013,股
2026-07-28,6515,穎崴,0.7,42000,股
2026-07-28,6139,亞翔,0.49,250000,股
2026-07-28,7734,印能科技,0.49,56000,股
2026-07-28,3363,上詮,0.45,300000,股
2026-07-28,2337,旺宏,0.42,1343000,股
2026-07-28,6805,富世達,0.41,109000,股
2026-07-28,3260,威剛,0.37,358000,股
2026-07-28,5289,宜鼎,0.33,98000,股
2026-07-28,3583,辛耘,0.28,147000,股
2026-07-28,3264,欣銓,0.04,72000,股
2026-07-28,3491,昇達科,0.0,1000,股
2026-07-28,C_NTD,CASH,,1714513366,元
2026-07-28,RDI_NTD,RECEIVABLES FOR DISPOSAL OF INVESTMENTS,,182412497,元
2026-07-29,2330,台積電,9.27,1406000,股
2026-07-29,2383,台光電,6.92,563000,股
2026-07-29,3017,奇鋐,6.29,1002000,股
2026-07-29,2059,川湖,6.27,293000,股
2026-07-29,2345,智邦,6.18,1080000,股
2026-07-29,3665,貿聯-KY,5.98,955000,股
2026-07-29,3008,大立光,4.84,420000,股
2026-07-29,6223,旺矽,4.68,326000,股
2026-07-29,3037,欣興,4.32,2097000,股
2026-07-29,8996,高力,4.2,1630000,股
2026-07-29,2454,聯發科,3.83,406000,股
2026-07-29,6187,萬潤,3.25,1220000,股
2026-07-29,6584,南俊國際,2.9,2231000,股
2026-07-29,3231,緯創,2.88,5662000,股
2026-07-29,3711,日月光投控,2.44,1629000,股
2026-07-29,8021,尖點,2.37,2501000,股
2026-07-29,2455,全新,2.25,2753000,股
2026-07-29,2303,聯電,2.15,7000000,股
2026-07-29,3443,創意,2.08,211000,股
2026-07-29,2327,國巨*,1.89,1247000,股
2026-07-29,3661,世芯-KY,1.81,215000,股
2026-07-29,8299,群聯,1.66,366000,股
2026-07-29,3026,禾伸堂,1.29,909000,股
2026-07-29,6669,緯穎,1.18,77000,股
2026-07-29,6488,環球晶,1.02,394000,股
2026-07-29,7751,竑騰,0.99,310000,股
2026-07-29,3189,景碩,0.76,440013,股
2026-07-29,6515,穎崴,0.68,42000,股
2026-07-29,7734,印能科技,0.52,56000,股
2026-07-29,6139,亞翔,0.5,250000,股
2026-07-29,3363,上詮,0.44,300000,股
2026-07-29,3260,威剛,0.42,358000,股
2026-07-29,2337,旺宏,0.41,1343000,股
2026-07-29,6805,富世達,0.41,109000,股
2026-07-29,5289,宜鼎,0.34,98000,股
2026-07-29,3583,辛耘,0.27,147000,股
2026-07-29,3264,欣銓,0.04,72000,股
2026-07-29,3491,昇達科,0.0,1000,股
2026-07-29,C_NTD,CASH,,2276215671,元
2026-07-29,PFUR_NTD,PAYABLES FOR UNITS REDEEMED,,-81676164,元
2026-07-29,RDI_NTD,RECEIVABLES FOR DISPOSAL OF INVESTMENTS,,-379346808,元
2026-07-30,2330,台積電,9.39,1406000,股
2026-07-30,2383,台光電,7.36,563000,股
2026-07-30,3017,奇鋐,6.41,1002000,股
2026-07-30,2059,川湖,6.34,293000,股
2026-07-30,2345,智邦,6.33,1080000,股
2026-07-30,3665,貿聯-KY,5.53,955000,股
2026-07-30,6223,旺矽,4.74,326000,股
2026-07-30,3008,大立光,4.73,420000,股
2026-07-30,3037,欣興,4.55,2097000,股
2026-07-30,2454,聯發科,3.98,406000,股
2026-07-30,8996,高力,3.84,1630000,股
2026-07-30,6187,萬潤,3.12,1220000,股
2026-07-30,3231,緯創,2.75,5662000,股
2026-07-30,6584,南俊國際,2.75,2231000,股
2026-07-30,3711,日月光投控,2.49,1629000,股
2026-07-30,8021,尖點,2.23,2501000,股
2026-07-30,2455,全新,2.21,2753000,股
2026-07-30,3443,創意,2.21,211000,股
2026-07-30,3661,世芯-KY,1.81,215000,股
2026-07-30,8299,群聯,1.66,366000,股
2026-07-30,6669,緯穎,1.14,77000,股
2026-07-30,3026,禾伸堂,1.06,821000,股
2026-07-30,7751,竑騰,1.05,310000,股
2026-07-30,6488,環球晶,0.93,394000,股
2026-07-30,3189,景碩,0.77,440013,股
2026-07-30,6515,穎崴,0.67,42000,股
2026-07-30,7734,印能科技,0.52,56000,股
2026-07-30,6139,亞翔,0.49,250000,股
2026-07-30,3260,威剛,0.41,358000,股
2026-07-30,6805,富世達,0.41,109000,股
2026-07-30,2337,旺宏,0.37,1343000,股
2026-07-30,5289,宜鼎,0.35,98000,股
2026-07-30,3363,上詮,0.26,200000,股
2026-07-30,3583,辛耘,0.26,147000,股
2026-07-30,3264,欣銓,0.04,72000,股
2026-07-30,3491,昇達科,0.0,1000,股
2026-07-30,C_NTD,CASH,,1998203911,元
2026-07-30,PFUR_NTD,PAYABLES FOR UNITS REDEEMED,,-148960904,元
2026-07-30,RDI_NTD,RECEIVABLES FOR DISPOSAL OF INVESTMENTS,,1471169578,元
2026-07-31,2330,台積電,9.0,1406000,股
2026-07-31,2383,台光電,7.05,563000,股
2026-07-31,3017,奇鋐,6.13,1002000,股
2026-07-31,2059,川湖,6.07,293000,股
2026-07-31,2345,智邦,6.06,1080000,股
2026-07-31,3008,大立光,5.54,520000,股
2026-07-31,3665,貿聯-KY,5.49,991000,股
2026-07-31,6223,旺矽,4.54,326000,股
2026-07-31,3037,欣興,4.35,2097000,股
2026-07-31,2454,聯發科,3.81,406000,股
2026-07-31,8996,高力,3.68,1630000,股
2026-07-31,3231,緯創,3.56,7662000,股
2026-07-31,6187,萬潤,2.99,1220000,股
2026-07-31,6584,南俊國際,2.5,2231000,股
2026-07-31,3711,日月光投控,2.39,1629000,股
2026-07-31,8021,尖點,2.13,2501000,股
2026-07-31,2455,全新,2.12,2753000,股
2026-07-31,3443,創意,2.12,211000,股
2026-07-31,3661,世芯-KY,1.74,215000,股
2026-07-31,8299,群聯,1.58,366000,股
2026-07-31,2308,台達電,1.3,300000,股
2026-07-31,6669,緯穎,1.1,77000,股
2026-07-31,7751,竑騰,1.01,310000,股
2026-07-31,6488,環球晶,0.89,394000,股
2026-07-31,3189,景碩,0.74,440013,股
2026-07-31,6515,穎崴,0.64,42000,股
2026-07-31,3026,禾伸堂,0.62,518000,股
2026-07-31,7734,印能科技,0.5,56000,股
2026-07-31,6139,亞翔,0.47,250000,股
2026-07-31,6805,富世達,0.39,109000,股
2026-07-31,3260,威剛,0.38,358000,股
2026-07-31,2337,旺宏,0.36,1343000,股
2026-07-31,5289,宜鼎,0.33,98000,股
2026-07-31,3583,辛耘,0.25,147000,股
2026-07-31,5347,世界,0.25,629000,股
2026-07-31,3363,上詮,0.13,100000,股
2026-07-31,3264,欣銓,0.03,72000,股
2026-07-31,C_NTD,CASH,,3982902001,元
2026-07-31,PFUR_NTD,PAYABLES FOR UNITS REDEEMED,,-148960904,元
2026-07-31,RDI_NTD,RECEIVABLES FOR DISPOSAL OF INVESTMENTS,,219852262,元
2026-08-03,2330,台積電,8.33,1406000,股
2026-08-03,2383,台光電,7.01,563000,股
2026-08-03,3017,奇鋐,6.39,1002000,股
2026-08-03,2059,川湖,6.32,293000,股
2026-08-03,2345,智邦,6.3,1080000,股
2026-08-03,3665,貿聯-KY,5.19,991000,股
2026-08-03,3008,大立光,5.15,520000,股
2026-08-03,6223,旺矽,4.73,326000,股
2026-08-03,3037,欣興,4.53,2097000,股
2026-08-03,2454,聯發科,3.97,406000,股
2026-08-03,8996,高力,3.83,1630000,股
2026-08-03,3231,緯創,3.56,7662000,股
2026-08-03,6187,萬潤,3.06,1220000,股
2026-08-03,6584,南俊國際,2.52,2231000,股
2026-08-03,3711,日月光投控,2.48,1629000,股
2026-08-03,1303,南亞,2.25,5445000,股
2026-08-03,8021,尖點,2.22,2501000,股
2026-08-03,2455,全新,2.21,2753000,股
2026-08-03,3443,創意,2.21,211000,股
2026-08-03,3661,世芯-KY,1.75,215000,股
2026-08-03,8299,群聯,1.61,366000,股
2026-08-03,2308,台達電,1.18,300000,股
2026-08-03,6669,緯穎,1.14,77000,股
2026-08-03,4958,臻鼎-KY,1.05,1000000,股
2026-08-03,7751,竑騰,0.96,310000,股
2026-08-03,6488,環球晶,0.85,394000,股
2026-08-03,3189,景碩,0.77,440013,股
2026-08-03,6515,穎崴,0.66,42000,股
2026-08-03,7734,印能科技,0.52,56000,股
2026-08-03,6139,亞翔,0.48,250000,股
2026-08-03,6805,富世達,0.4,109000,股
2026-08-03,2337,旺宏,0.37,1343000,股
2026-08-03,3260,威剛,0.35,358000,股
2026-08-03,5289,宜鼎,0.34,98000,股
2026-08-03,3026,禾伸堂,0.25,215000,股
2026-08-03,3583,辛耘,0.25,147000,股
2026-08-03,5347,世界,0.24,629000,股
2026-08-03,1815,富喬,0.15,827000,股
2026-08-03,3264,欣銓,0.03,72000,股
2026-08-03,C_NTD,CASH,,5410476330,元
2026-08-03,PFUR_NTD,PAYABLES FOR UNITS REDEEMED,,-90484823,元
2026-08-03,RDI_NTD,RECEIVABLES FOR DISPOSAL OF INVESTMENTS,,-2470979964,元
2026-08-04,2330,台積電,7.91,1406000,股
2026-08-04,2383,台光電,7.02,563000,股
2026-08-04,2059,川湖,6.74,293000,股
2026-08-04,3017,奇鋐,6.32,1002000,股
2026-08-04,2345,智邦,6.07,1080000,股
2026-08-04,3037,欣興,5.59,2497000,股
2026-08-04,3665,貿聯-KY,5.53,991000,股
2026-08-04,3008,大立光,5.49,520000,股
2026-08-04,6223,旺矽,4.66,326000,股
2026-08-04,8996,高力,4.07,1630000,股
2026-08-04,2454,聯發科,3.8,406000,股
2026-08-04,3231,緯創,3.62,7662000,股
2026-08-04,6187,萬潤,3.22,1220000,股
2026-08-04,6584,南俊國際,2.57,2231000,股
2026-08-04,8021,尖點,2.37,2501000,股
2026-08-04,2455,全新,2.36,2753000,股
2026-08-04,3711,日月光投控,2.31,1629000,股
2026-08-04,1303,南亞,2.25,5445000,股
2026-08-04,3443,創意,2.12,211000,股
2026-08-04,3661,世芯-KY,1.77,215000,股
2026-08-04,8299,群聯,1.61,366000,股
2026-08-04,2308,台達電,1.18,300000,股
2026-08-04,6669,緯穎,1.16,77000,股
2026-08-04,4958,臻鼎-KY,1.08,1000000,股
2026-08-04,7751,竑騰,1.03,310000,股
2026-08-04,6488,環球晶,0.91,394000,股
2026-08-04,3189,景碩,0.82,440013,股
2026-08-04,6515,穎崴,0.67,42000,股
2026-08-04,7734,印能科技,0.5,56000,股
2026-08-04,6139,亞翔,0.48,250000,股
2026-08-04,6805,富世達,0.42,109000,股
2026-08-04,2337,旺宏,0.39,1343000,股
2026-08-04,1815,富喬,0.35,1777000,股
2026-08-04,3260,威剛,0.35,358000,股
2026-08-04,5289,宜鼎,0.34,98000,股
2026-08-04,3583,辛耘,0.25,147000,股
2026-08-04,5347,世界,0.24,629000,股
2026-08-04,3264,欣銓,0.03,72000,股
2026-08-04,C_NTD,CASH,,4334876254,元
2026-08-04,PFUR_NTD,PAYABLES FOR UNITS REDEEMED,,-699998079,元
2026-08-04,RDI_NTD,RECEIVABLES FOR DISPOSAL OF INVESTMENTS,,-1546180937,元
2026-08-05,2330,台積電,7.98,1406000,股
2026-08-05,2059,川湖,6.55,293000,股
2026-08-05,3017,奇鋐,6.45,1002000,股
2026-08-05,2345,智邦,6.08,1080000,股
2026-08-05,2383,台光電,5.77,466000,股
2026-08-05,3037,欣興,5.71,2497000,股
2026-08-05,3008,大立光,5.61,520000,股
2026-08-05,3665,貿聯-KY,5.51,991000,股
2026-08-05,6223,旺矽,4.8,326000,股
2026-08-05,8996,高力,3.98,1630000,股
2026-08-05,2454,聯發科,3.83,406000,股
2026-08-05,3231,緯創,3.49,7662000,股
2026-08-05,6584,南俊國際,2.56,2231000,股
2026-08-05,2455,全新,2.52,2753000,股
2026-08-05,8021,尖點,2.34,2501000,股
2026-08-05,3711,日月光投控,2.28,1629000,股
2026-08-05,1303,南亞,2.27,5445000,股
2026-08-05,3443,創意,2.19,211000,股
2026-08-05,6187,萬潤,2.07,820000,股
2026-08-05,3661,世芯-KY,1.83,215000,股
2026-08-05,8299,群聯,1.59,366000,股
2026-08-05,1815,富喬,1.24,6277000,股
2026-08-05,2308,台達電,1.17,300000,股
2026-08-05,4958,臻鼎-KY,1.15,1000000,股
2026-08-05,6669,緯穎,1.12,77000,股
2026-08-05,7751,竑騰,1.03,310000,股
2026-08-05,3189,景碩,0.86,440013,股
2026-08-05,6515,穎崴,0.68,42000,股
2026-08-05,6139,亞翔,0.47,250000,股
2026-08-05,7734,印能科技,0.45,56000,股
2026-08-05,6805,富世達,0.41,109000,股
2026-08-05,2337,旺宏,0.37,1343000,股
2026-08-05,5289,宜鼎,0.34,98000,股
2026-08-05,3260,威剛,0.33,358000,股
2026-08-05,3583,辛耘,0.24,147000,股
2026-08-05,5347,世界,0.23,629000,股
2026-08-05,3264,欣銓,0.03,72000,股
2026-08-05,C_NTD,CASH,,3079917072,元
2026-08-05,PFUR_NTD,PAYABLES FOR UNITS REDEEMED,,-741430604,元
2026-08-05,RDI_NTD,RECEIVABLES FOR DISPOSAL OF INVESTMENTS,,598243709,元
2026-08-06,2330,台積電,7.71,1406000,股
2026-08-06,2059,川湖,6.86,293000,股
2026-08-06,3017,奇鋐,6.83,1002000,股
2026-08-06,3665,貿聯-KY,6.38,1161000,股
2026-08-06,2345,智邦,6.04,1080000,股
2026-08-06,2383,台光電,5.73,466000,股
2026-08-06,3037,欣興,5.63,2497000,股
2026-08-06,3008,大立光,5.58,520000,股
2026-08-06,6223,旺矽,4.76,326000,股
2026-08-06,8996,高力,4.29,1630000,股
2026-08-06,2454,聯發科,3.69,406000,股
2026-08-06,3231,緯創,3.37,7662000,股
2026-08-06,6584,南俊國際,2.59,2231000,股
2026-08-06,8021,尖點,2.42,2501000,股
2026-08-06,2455,全新,2.38,2753000,股
2026-08-06,1303,南亞,2.25,5445000,股
2026-08-06,3711,日月光投控,2.25,1629000,股
2026-08-06,3443,創意,2.19,211000,股
2026-08-06,6187,萬潤,2.18,801000,股
2026-08-06,3661,世芯-KY,1.82,215000,股
2026-08-06,8299,群聯,1.72,366000,股
2026-08-06,3189,景碩,1.66,840013,股
2026-08-06,1815,富喬,1.26,6277000,股
2026-08-06,2308,台達電,1.17,300000,股
2026-08-06,4958,臻鼎-KY,1.12,1000000,股
2026-08-06,6669,緯穎,1.12,77000,股
2026-08-06,7751,竑騰,0.88,270000,股
2026-08-06,6515,穎崴,0.66,42000,股
2026-08-06,6139,亞翔,0.48,250000,股
2026-08-06,6805,富世達,0.44,109000,股
2026-08-06,7734,印能科技,0.44,56000,股
2026-08-06,2337,旺宏,0.4,1343000,股
2026-08-06,5289,宜鼎,0.37,98000,股
2026-08-06,3260,威剛,0.35,358000,股
2026-08-06,3583,辛耘,0.25,147000,股
2026-08-06,5347,世界,0.22,629000,股
2026-08-06,3264,欣銓,0.04,72000,股
2026-08-06,C_NTD,CASH,,2730198700,元
2026-08-06,PFUR_NTD,PAYABLES FOR UNITS REDEEMED,,-862034337,元
2026-08-06,RDI_NTD,RECEIVABLES FOR DISPOSAL OF INVESTMENTS,,245140183,元
2026-08-07,2330,台積電,7.87,1406000,股
2026-08-07,2059,川湖,7.69,293000,股
2026-08-07,3017,奇鋐,6.59,1002000,股
2026-08-07,3665,貿聯-KY,6.03,1161000,股
2026-08-07,2383,台光電,5.77,466000,股
2026-08-07,2345,智邦,5.65,1080000,股
2026-08-07,3037,欣興,5.63,2497000,股
2026-08-07,3008,大立光,5.39,520000,股
2026-08-07,6223,旺矽,4.65,323000,股
2026-08-07,8996,高力,4.02,1630000,股
2026-08-07,2454,聯發科,3.74,406000,股
2026-08-07,3231,緯創,3.32,7662000,股
2026-08-07,6584,南俊國際,2.9,2231000,股
2026-08-07,1303,南亞,2.42,5445000,股
2026-08-07,2455,全新,2.37,2753000,股
2026-08-07,8021,尖點,2.33,2501000,股
2026-08-07,3443,創意,2.27,211000,股
2026-08-07,3711,日月光投控,2.25,1629000,股
2026-08-07,6187,萬潤,2.14,801000,股
2026-08-07,3661,世芯-KY,1.89,215000,股
2026-08-07,3189,景碩,1.63,840013,股
2026-08-07,1815,富喬,1.27,6277000,股
2026-08-07,2308,台達電,1.17,300000,股
2026-08-07,4958,臻鼎-KY,1.12,1000000,股
2026-08-07,6669,緯穎,1.11,77000,股
2026-08-07,7751,竑騰,0.88,270000,股
2026-08-07,6515,穎崴,0.67,42000,股
2026-08-07,6139,亞翔,0.47,250000,股
2026-08-07,7734,印能科技,0.45,56000,股
2026-08-07,6805,富世達,0.43,109000,股
2026-08-07,2337,旺宏,0.39,1343000,股
2026-08-07,3260,威剛,0.35,358000,股
2026-08-07,5289,宜鼎,0.35,98000,股
2026-08-07,3583,辛耘,0.24,147000,股
2026-08-07,5347,世界,0.21,629000,股
2026-08-07,3264,欣銓,0.04,72000,股
2026-08-07,C_NTD,CASH,,1872065470,元
2026-08-07,PFUR_NTD,PAYABLES FOR UNITS REDEEMED,,-185236341,元
2026-08-07,RDI_NTD,RECEIVABLES FOR DISPOSAL OF INVESTMENTS,,79702146,元
2026-08-10,2059,川湖,8.28,293000,股
2026-08-10,2330,台積電,7.94,1406000,股
2026-08-10,3017,奇鋐,6.57,1002000,股
2026-08-10,3665,貿聯-KY,6.03,1161000,股
2026-08-10,3037,欣興,5.88,2497000,股
2026-08-10,2383,台光電,5.85,466000,股
2026-08-10,2345,智邦,5.55,1080000,股
2026-08-10,3008,大立光,4.38,420000,股
2026-08-10,8996,高力,4.16,1630000,股
2026-08-10,6223,旺矽,3.88,263000,股
2026-08-10,2454,聯發科,3.81,406000,股
2026-08-10,3231,緯創,3.51,7662000,股
2026-08-10,6584,南俊國際,2.76,2231000,股
2026-08-10,8021,尖點,2.76,2682000,股
2026-08-10,2455,全新,2.51,2753000,股
2026-08-10,3711,日月光投控,2.43,1629000,股
2026-08-10,1303,南亞,2.39,5445000,股
2026-08-10,1815,富喬,2.3,10877000,股
2026-08-10,6187,萬潤,2.07,801000,股
2026-08-10,3661,世芯-KY,1.94,215000,股
2026-08-10,3443,創意,1.72,160000,股
2026-08-10,3189,景碩,1.67,840013,股
2026-08-10,2308,台達電,1.29,300000,股
2026-08-10,4958,臻鼎-KY,1.12,1000000,股
2026-08-10,6669,緯穎,1.1,77000,股
2026-08-10,7751,竑騰,0.85,257000,股
2026-08-10,6515,穎崴,0.68,42000,股
2026-08-10,6139,亞翔,0.48,250000,股
2026-08-10,7734,印能科技,0.46,56000,股
2026-08-10,6805,富世達,0.45,109000,股
2026-08-10,2337,旺宏,0.43,1343000,股
2026-08-10,3260,威剛,0.35,358000,股
2026-08-10,5289,宜鼎,0.34,98000,股
2026-08-10,3583,辛耘,0.24,147000,股
2026-08-10,5347,世界,0.24,629000,股
2026-08-10,3264,欣銓,0.04,72000,股
2026-08-10,C_NTD,CASH,,1151011130,元
2026-08-10,PFUR_NTD,PAYABLES FOR UNITS REDEEMED,,-1013190457,元
2026-08-10,RDI_NTD,RECEIVABLES FOR DISPOSAL OF INVESTMENTS,,1314379113,元
2026-08-11,2059,川湖,8.51,293000,股
2026-08-11,2330,台積電,7.95,1406000,股
2026-08-11,3017,奇鋐,6.53,1002000,股
2026-08-11,2383,台光電,6.09,466000,股
2026-08-11,3665,貿聯-KY,6.03,1161000,股
2026-08-11,3037,欣興,5.84,2497000,股
2026-08-11,2345,智邦,5.44,1080000,股
2026-08-11,3008,大立光,4.32,420000,股
2026-08-11,8996,高力,4.1,1630000,股
2026-08-11,6223,旺矽,3.92,263000,股
2026-08-11,2454,聯發科,3.85,406000,股
2026-08-11,3231,緯創,3.45,7662000,股
2026-08-11,6584,南俊國際,2.83,2231000,股
2026-08-11,8021,尖點,2.78,2682000,股
2026-08-11,2308,台達電,2.69,632000,股
2026-08-11,1303,南亞,2.44,5445000,股
2026-08-11,3711,日月光投控,2.42,1629000,股
2026-08-11,2455,全新,2.39,2753000,股
2026-08-11,1815,富喬,2.28,10877000,股
2026-08-11,3661,世芯-KY,2.01,215000,股
2026-08-11,6187,萬潤,1.98,801000,股
2026-08-11,3443,創意,1.87,160000,股
2026-08-11,3189,景碩,1.67,840013,股
2026-08-11,4958,臻鼎-KY,1.16,1000000,股
2026-08-11,6669,緯穎,1.08,77000,股
2026-08-11,7751,竑騰,0.76,257000,股
2026-08-11,6515,穎崴,0.69,42000,股
2026-08-11,6139,亞翔,0.48,250000,股
2026-08-11,6805,富世達,0.46,109000,股
2026-08-11,7734,印能科技,0.43,56000,股
2026-08-11,2337,旺宏,0.42,1343000,股
2026-08-11,3260,威剛,0.34,358000,股
2026-08-11,5289,宜鼎,0.34,98000,股
2026-08-11,3583,辛耘,0.24,147000,股
2026-08-11,5347,世界,0.23,629000,股
2026-08-11,3264,欣銓,0.04,72000,股
2026-08-11,C_NTD,CASH,,1766531275,元
2026-08-11,PFUR_NTD,PAYABLES FOR UNITS REDEEMED,,-920366793,元
2026-08-11,RDI_NTD,RECEIVABLES FOR DISPOSAL OF INVESTMENTS,,-56782114,元
2026-08-12,2059,川湖,8.27,293000,股
2026-08-12,2330,台積電,7.96,1406000,股
2026-08-12,3017,奇鋐,6.83,1002000,股
2026-08-12,2383,台光電,6.26,466000,股
2026-08-12,3665,貿聯-KY,5.86,1161000,股
2026-08-12,3037,欣興,5.85,2497000,股
2026-08-12,2345,智邦,5.61,1080000,股
2026-08-12,3008,大立光,4.51,420000,股
2026-08-12,8996,高力,4.47,1630000,股
2026-08-12,6223,旺矽,4.07,263000,股
2026-08-12,2454,聯發科,3.82,406000,股
2026-08-12,3231,緯創,3.47,7662000,股
2026-08-12,6584,南俊國際,2.84,2231000,股
2026-08-12,8021,尖點,2.68,2682000,股
2026-08-12,2308,台達電,2.65,632000,股
2026-08-12,2455,全新,2.48,2753000,股
2026-08-12,1303,南亞,2.41,5445000,股
2026-08-12,3711,日月光投控,2.37,1629000,股
2026-08-12,1815,富喬,2.29,10877000,股
2026-08-12,3661,世芯-KY,2.04,215000,股
2026-08-12,3443,創意,1.92,160000,股
2026-08-12,3189,景碩,1.69,840013,股
2026-08-12,4958,臻鼎-KY,1.1,1000000,股
2026-08-12,6187,萬潤,1.09,401000,股
2026-08-12,6669,緯穎,1.09,77000,股
2026-08-12,8046,南電,0.89,300000,股
2026-08-12,6515,穎崴,0.71,42000,股
2026-08-12,7751,竑騰,0.56,182000,股
2026-08-12,6139,亞翔,0.48,250000,股
2026-08-12,6805,富世達,0.47,109000,股
2026-08-12,7734,印能科技,0.44,56000,股
2026-08-12,2337,旺宏,0.43,1343000,股
2026-08-12,5289,宜鼎,0.35,98000,股
2026-08-12,3260,威剛,0.34,358000,股
2026-08-12,3583,辛耘,0.25,147000,股
2026-08-12,5347,世界,0.24,629000,股
2026-08-12,3264,欣銓,0.04,72000,股
2026-08-12,C_NTD,CASH,,2321586427,元
2026-08-12,PFUR_NTD,PAYABLES FOR UNITS REDEEMED,,-1448718171,元
2026-08-12,RDI_NTD,RECEIVABLES FOR DISPOSAL OF INVESTMENTS,,-416015198,元
2026-08-13,2059,川湖,8.21,293000,股
2026-08-13,2330,台積電,7.84,1406000,股
2026-08-13,3017,奇鋐,7.34,1002000,股
2026-08-13,2383,台光電,6.07,466000,股
2026-08-13,3665,貿聯-KY,5.86,1161000,股
2026-08-13,3037,欣興,5.72,2497000,股
2026-08-13,2345,智邦,5.61,1080000,股
2026-08-13,8996,高力,4.8,1630000,股
2026-08-13,3008,大立光,4.48,420000,股
2026-08-13,2454,聯發科,3.93,406000,股
2026-08-13,6223,旺矽,3.91,263000,股
2026-08-13,3231,緯創,3.46,7662000,股
2026-08-13,6584,南俊國際,3.05,2231000,股
2026-08-13,2308,台達電,2.73,632000,股
2026-08-13,8021,尖點,2.64,2682000,股
2026-08-13,2455,全新,2.42,2753000,股
2026-08-13,1303,南亞,2.36,5445000,股
2026-08-13,3711,日月光投控,2.34,1629000,股
2026-08-13,1815,富喬,2.24,10877000,股
2026-08-13,3661,世芯-KY,2.06,215000,股
2026-08-13,3443,創意,2.03,160000,股
2026-08-13,3189,景碩,1.64,840013,股
2026-08-13,4958,臻鼎-KY,1.09,1000000,股
2026-08-13,6669,緯穎,1.07,77000,股
2026-08-13,8046,南電,0.83,300000,股
2026-08-13,6515,穎崴,0.65,42000,股
2026-08-13,6139,亞翔,0.46,250000,股
2026-08-13,6805,富世達,0.46,109000,股
2026-08-13,7751,竑騰,0.45,149000,股
2026-08-13,2337,旺宏,0.42,1343000,股
2026-08-13,7734,印能科技,0.42,56000,股
2026-08-13,3260,威剛,0.34,358000,股
2026-08-13,5289,宜鼎,0.34,98000,股
2026-08-13,3583,辛耘,0.24,147000,股
2026-08-13,5347,世界,0.23,629000,股
2026-08-13,3264,欣銓,0.04,72000,股
2026-08-13,C_NTD,CASH,,840362520,元
2026-08-13,PFUR_NTD,PAYABLES FOR UNITS REDEEMED,,-650352170,元
2026-08-13,RDI_NTD,RECEIVABLES FOR DISPOSAL OF INVESTMENTS,,722219965,元
2026-08-14,2059,川湖,8.34,293000,股
2026-08-14,2330,台積電,7.67,1406000,股
2026-08-14,3017,奇鋐,7.38,1002000,股
2026-08-14,2383,台光電,6.54,466000,股
2026-08-14,3665,貿聯-KY,5.82,1161000,股
2026-08-14,3037,欣興,5.8,2497000,股
2026-08-14,2345,智邦,5.66,1080000,股
2026-08-14,8996,高力,4.75,1630000,股
2026-08-14,3008,大立光,4.41,420000,股
2026-08-14,2454,聯發科,3.89,406000,股
2026-08-14,6223,旺矽,3.86,263000,股
2026-08-14,3231,緯創,3.38,7662000,股
2026-08-14,6584,南俊國際,3.07,2231000,股
2026-08-14,2308,台達電,2.71,632000,股
2026-08-14,8021,尖點,2.65,2682000,股
2026-08-14,1303,南亞,2.57,5445000,股
2026-08-14,2455,全新,2.38,2753000,股
2026-08-14,3711,日月光投控,2.29,1629000,股
2026-08-14,1815,富喬,2.27,10877000,股
2026-08-14,3661,世芯-KY,2.06,215000,股
2026-08-14,3443,創意,1.99,160000,股
2026-08-14,3189,景碩,1.65,840013,股
2026-08-14,6669,緯穎,1.13,77000,股
2026-08-14,4958,臻鼎-KY,1.11,1000000,股
2026-08-14,8046,南電,0.89,300000,股
2026-08-14,6515,穎崴,0.65,42000,股
2026-08-14,7751,竑騰,0.49,149000,股
2026-08-14,6139,亞翔,0.45,250000,股
2026-08-14,6805,富世達,0.45,109000,股
2026-08-14,2337,旺宏,0.42,1343000,股
2026-08-14,7734,印能科技,0.39,56000,股
2026-08-14,3260,威剛,0.33,358000,股
2026-08-14,5289,宜鼎,0.33,98000,股
2026-08-14,3583,辛耘,0.24,147000,股
2026-08-14,5347,世界,0.23,629000,股
2026-08-14,3264,欣銓,0.04,72000,股
2026-08-14,C_NTD,CASH,,987450226,元
2026-08-14,PFUR_NTD,PAYABLES FOR UNITS REDEEMED,,-823660768,元
2026-08-14,RDI_NTD,RECEIVABLES FOR DISPOSAL OF INVESTMENTS,,526397897,元
2026-08-17,2059,川湖,8.06,260000,股
2026-08-17,2330,台積電,7.61,1406000,股
2026-08-17,3017,奇鋐,7.12,1002000,股
2026-08-17,2383,台光電,6.66,465000,股
2026-08-17,3037,欣興,6.31,2497000,股
2026-08-17,3665,貿聯-KY,5.59,1161000,股
2026-08-17,2345,智邦,5.58,1080000,股
2026-08-17,3008,大立光,4.8,420000,股
2026-08-17,8996,高力,4.47,1630000,股
2026-08-17,2454,聯發科,3.71,406000,股
2026-08-17,6223,旺矽,3.44,263000,股
2026-08-17,3231,緯創,3.23,7662000,股
2026-08-17,6584,南俊國際,3.0,2231000,股
2026-08-17,2308,台達電,2.69,632000,股
2026-08-17,2455,全新,2.59,2753000,股
2026-08-17,8021,尖點,2.59,2682000,股
2026-08-17,1303,南亞,2.46,5445000,股
2026-08-17,1815,富喬,2.37,10877000,股
2026-08-17,3711,日月光投控,2.26,1629000,股
2026-08-17,3443,創意,2.11,160000,股
2026-08-17,3661,世芯-KY,1.97,215000,股
2026-08-17,3189,景碩,1.71,840013,股
2026-08-17,6669,緯穎,1.15,77000,股
2026-08-17,4958,臻鼎-KY,1.13,1000000,股
2026-08-17,8046,南電,0.88,300000,股
2026-08-17,6515,穎崴,0.63,42000,股
2026-08-17,6805,富世達,0.47,109000,股
2026-08-17,6139,亞翔,0.45,250000,股
2026-08-17,2337,旺宏,0.39,1343000,股
2026-08-17,7734,印能科技,0.39,56000,股
2026-08-17,5289,宜鼎,0.34,98000,股
2026-08-17,3260,威剛,0.32,358000,股
2026-08-17,3583,辛耘,0.24,147000,股
2026-08-17,5347,世界,0.23,629000,股
2026-08-17,7751,竑騰,0.08,25000,股
2026-08-17,3264,欣銓,0.04,72000,股
2026-08-17,C_NTD,CASH,,985496745,元
2026-08-17,PFUR_NTD,PAYABLES FOR UNITS REDEEMED,,-377016232,元
2026-08-17,RDI_NTD,RECEIVABLES FOR DISPOSAL OF INVESTMENTS,,645412925,元
2026-08-18,2059,川湖,8.55,260000,股
2026-08-18,2330,台積電,7.11,1306000,股
2026-08-18,3017,奇鋐,6.95,1001000,股
2026-08-18,2383,台光電,6.6,465000,股
2026-08-18,3037,欣興,6.51,2483000,股
2026-08-18,3665,貿聯-KY,5.95,1161000,股
2026-08-18,2345,智邦,5.47,1074000,股
2026-08-18,3008,大立光,5.09,420000,股
2026-08-18,8996,高力,4.38,1630000,股
2026-08-18,2454,聯發科,3.61,406000,股
2026-08-18,6223,旺矽,3.23,268000,股
2026-08-18,6584,南俊國際,3.07,2231000,股
2026-08-18,3231,緯創,3.0,7245000,股
2026-08-18,2308,台達電,2.63,632000,股
2026-08-18,2455,全新,2.63,2753000,股
2026-08-18,8021,尖點,2.51,2682000,股
2026-08-18,1303,南亞,2.49,5445000,股
2026-08-18,1815,富喬,2.37,10877000,股
2026-08-18,3443,創意,2.08,164000,股
2026-08-18,3661,世芯-KY,1.83,215000,股
2026-08-18,3189,景碩,1.67,844013,股
2026-08-18,6669,緯穎,1.13,77000,股
2026-08-18,4958,臻鼎-KY,1.08,1000000,股
2026-08-18,3711,日月光投控,0.98,716000,股
2026-08-18,8046,南電,0.85,300000,股
2026-08-18,6515,穎崴,0.61,42000,股
2026-08-18,6139,亞翔,0.45,250000,股
2026-08-18,5274,信驊,0.43,11000,股
2026-08-18,3081,聯亞,0.42,63000,股
2026-08-18,6213,聯茂,0.42,373000,股
2026-08-18,2301,光寶科,0.41,659000,股
2026-08-18,2357,華碩,0.41,196000,股
2026-08-18,2360,致茂,0.4,76000,股
2026-08-18,2376,技嘉,0.4,508000,股
2026-08-18,2404,漢唐,0.4,155000,股
2026-08-18,3026,禾伸堂,0.4,261000,股
2026-08-18,6274,台燿,0.4,113000,股
2026-08-18,8150,南茂,0.4,1957000,股
2026-08-18,3653,健策,0.39,33000,股
2026-08-18,6187,萬潤,0.39,134000,股
2026-08-18,5289,宜鼎,0.33,98000,股
2026-08-18,3583,辛耘,0.24,147000,股
2026-08-18,5347,世界,0.22,629000,股
2026-08-18,7751,竑騰,0.09,25000,股
2026-08-18,3264,欣銓,0.03,72000,股
2026-08-18,C_NTD,CASH,,572810393,元
2026-08-18,PFUR_NTD,PAYABLES FOR UNITS REDEEMED,,-377669368,元
2026-08-18,RDI_NTD,RECEIVABLES FOR DISPOSAL OF INVESTMENTS,,198224710,元
2026-08-19,2059,川湖,8.64,260000,股
2026-08-19,3017,奇鋐,7.31,1001000,股
2026-08-19,2330,台積電,7.24,1306000,股
2026-08-19,3037,欣興,6.62,2483000,股
2026-08-19,2383,台光電,6.45,465000,股
2026-08-19,3665,貿聯-KY,6.02,1161000,股
2026-08-19,3008,大立光,5.5,420000,股
2026-08-19,2345,智邦,5.38,1074000,股
2026-08-19,8996,高力,4.36,1630000,股
2026-08-19,6223,旺矽,3.32,268000,股
2026-08-19,6584,南俊國際,3.16,2231000,股
2026-08-19,3231,緯創,3.11,7245000,股
2026-08-19,2308,台達電,2.63,632000,股
2026-08-19,2455,全新,2.57,2753000,股
2026-08-19,1815,富喬,2.51,10877000,股
2026-08-19,8021,尖點,2.49,2682000,股
2026-08-19,1303,南亞,2.41,5445000,股
2026-08-19,2454,聯發科,2.41,266000,股
2026-08-19,3443,創意,2.05,164000,股
2026-08-19,3661,世芯-KY,1.84,215000,股
2026-08-19,3189,景碩,1.69,844013,股
2026-08-19,6669,緯穎,1.16,77000,股
2026-08-19,4958,臻鼎-KY,1.08,1000000,股
2026-08-19,3711,日月光投控,0.99,716000,股
2026-08-19,8046,南電,0.83,300000,股
2026-08-19,6139,亞翔,0.45,250000,股
2026-08-19,2357,華碩,0.43,196000,股
2026-08-19,6213,聯茂,0.43,373000,股
2026-08-19,2301,光寶科,0.42,659000,股
2026-08-19,2376,技嘉,0.42,508000,股
2026-08-19,3026,禾伸堂,0.42,261000,股
2026-08-19,3653,健策,0.42,33000,股
2026-08-19,5274,信驊,0.41,11000,股
2026-08-19,6187,萬潤,0.41,134000,股
2026-08-19,2404,漢唐,0.4,155000,股
2026-08-19,3081,聯亞,0.4,63000,股
2026-08-19,6274,台燿,0.4,113000,股
2026-08-19,8150,南茂,0.4,1957000,股
2026-08-19,2360,致茂,0.38,76000,股
2026-08-19,5289,宜鼎,0.35,98000,股
2026-08-19,5347,世界,0.22,629000,股
2026-08-19,C_NTD,CASH,,993934568,元
2026-08-19,PFUR_NTD,PAYABLES FOR UNITS REDEEMED,,-762114971,元
2026-08-19,RDI_NTD,RECEIVABLES FOR DISPOSAL OF INVESTMENTS,,508335660,元
2026-08-20,2059,川湖,8.49,260000,股
2026-08-20,2330,台積電,7.27,1306000,股
2026-08-20,3017,奇鋐,7.0,1001000,股
2026-08-20,3037,欣興,6.63,2482000,股
2026-08-20,2383,台光電,6.52,465000,股
2026-08-20,3665,貿聯-KY,6.12,1161000,股
2026-08-20,2345,智邦,5.3,1074000,股
2026-08-20,3008,大立光,4.43,343000,股
2026-08-20,8996,高力,4.34,1630000,股
2026-08-20,6223,旺矽,3.55,268000,股
2026-08-20,3231,緯創,3.06,7245000,股
2026-08-20,6584,南俊國際,3.06,2231000,股
2026-08-20,1815,富喬,2.73,10877000,股
2026-08-20,2455,全新,2.66,2753000,股
2026-08-20,2308,台達電,2.58,632000,股
2026-08-20,8021,尖點,2.57,2682000,股
2026-08-20,1303,南亞,2.37,5445000,股
2026-08-20,2454,聯發科,2.31,266000,股
2026-08-20,3443,創意,2.16,164000,股
2026-08-20,3661,世芯-KY,1.89,215000,股
2026-08-20,3189,景碩,1.68,844013,股
2026-08-20,6669,緯穎,1.14,77000,股
2026-08-20,4958,臻鼎-KY,1.09,1000000,股
2026-08-20,3711,日月光投控,0.99,716000,股
2026-08-20,8046,南電,0.84,300000,股
2026-08-20,6139,亞翔,0.45,250000,股
2026-08-20,6213,聯茂,0.45,373000,股
2026-08-20,3026,禾伸堂,0.43,261000,股
2026-08-20,3653,健策,0.43,33000,股
2026-08-20,2357,華碩,0.42,196000,股
2026-08-20,6274,台燿,0.42,113000,股
2026-08-20,2301,光寶科,0.41,659000,股
2026-08-20,2376,技嘉,0.41,508000,股
2026-08-20,3081,聯亞,0.41,63000,股
2026-08-20,5274,信驊,0.41,11000,股
2026-08-20,6187,萬潤,0.4,134000,股
2026-08-20,8150,南茂,0.4,1957000,股
2026-08-20,2404,漢唐,0.39,155000,股
2026-08-20,2360,致茂,0.38,76000,股
2026-08-20,5289,宜鼎,0.34,98000,股
2026-08-20,5347,世界,0.23,629000,股
2026-08-20,C_NTD,CASH,,465039511,元
2026-08-20,PFUR_NTD,PAYABLES FOR UNITS REDEEMED,,-680408129,元
2026-08-20,RDI_NTD,RECEIVABLES FOR DISPOSAL OF INVESTMENTS,,1378681786,元
2026-08-21,2059,川湖,8.3,260000,股
2026-08-21,2330,台積電,7.51,1306000,股
2026-08-21,3017,奇鋐,6.84,1001000,股
2026-08-21,3037,欣興,6.42,2482000,股
2026-08-21,2383,台光電,6.3,465000,股
2026-08-21,3665,貿聯-KY,6.3,1161000,股
2026-08-21,2345,智邦,5.21,1074000,股
2026-08-21,3008,大立光,4.59,343000,股
2026-08-21,8996,高力,4.24,1630000,股
2026-08-21,6223,旺矽,3.49,268000,股
2026-08-21,6584,南俊國際,3.13,2231000,股
2026-08-21,3231,緯創,3.03,7245000,股
2026-08-21,1815,富喬,2.91,10877000,股
2026-08-21,2455,全新,2.67,2753000,股
2026-08-21,2308,台達電,2.64,632000,股
2026-08-21,8021,尖點,2.54,2682000,股
2026-08-21,1303,南亞,2.49,5445000,股
2026-08-21,2454,聯發科,2.4,266000,股
2026-08-21,3443,創意,2.19,164000,股
2026-08-21,3661,世芯-KY,1.9,215000,股
2026-08-21,3189,景碩,1.63,844013,股
2026-08-21,6669,緯穎,1.15,77000,股
2026-08-21,4958,臻鼎-KY,1.05,1000000,股
2026-08-21,3711,日月光投控,1.0,716000,股
2026-08-21,8046,南電,0.81,300000,股
2026-08-21,6213,聯茂,0.46,373000,股
2026-08-21,6139,亞翔,0.45,250000,股
2026-08-21,3081,聯亞,0.44,63000,股
2026-08-21,2357,華碩,0.43,196000,股
2026-08-21,3653,健策,0.42,33000,股
2026-08-21,2301,光寶科,0.41,659000,股
2026-08-21,2376,技嘉,0.41,508000,股
2026-08-21,3026,禾伸堂,0.4,261000,股
2026-08-21,5274,信驊,0.4,11000,股
2026-08-21,6274,台燿,0.4,113000,股
2026-08-21,8150,南茂,0.4,1957000,股
2026-08-21,2404,漢唐,0.39,155000,股
2026-08-21,2360,致茂,0.38,76000,股
2026-08-21,6187,萬潤,0.38,134000,股
2026-08-21,5289,宜鼎,0.36,98000,股
2026-08-21,5347,世界,0.23,629000,股
2026-08-21,C_NTD,CASH,,1363115520,元
2026-08-21,PFUR_NTD,PAYABLES FOR UNITS REDEEMED,,-608734353,元
2026-08-21,RDI_NTD,RECEIVABLES FOR DISPOSAL OF INVESTMENTS,,423157911,元
2026-08-24,2059,川湖,9.02,260000,股
2026-08-24,2330,台積電,7.47,1306000,股
2026-08-24,3017,奇鋐,6.88,1001000,股
2026-08-24,3037,欣興,6.42,2482000,股
2026-08-24,2383,台光電,6.08,465000,股
2026-08-24,3665,貿聯-KY,5.73,1161000,股
2026-08-24,2345,智邦,5.35,1074000,股
2026-08-24,8996,高力,4.49,1630000,股
2026-08-24,3008,大立光,4.45,343000,股
2026-08-24,6223,旺矽,3.59,268000,股
2026-08-24,6584,南俊國際,3.15,2231000,股
2026-08-24,3231,緯創,3.06,7245000,股
2026-08-24,1815,富喬,2.82,10877000,股
2026-08-24,2308,台達電,2.64,632000,股
2026-08-24,2455,全新,2.53,2753000,股
2026-08-24,8021,尖點,2.51,2682000,股
2026-08-24,2454,聯發科,2.41,266000,股
2026-08-24,1303,南亞,2.36,5445000,股
2026-08-24,3443,創意,2.12,164000,股
2026-08-24,3661,世芯-KY,1.93,215000,股
2026-08-24,3189,景碩,1.61,844013,股
2026-08-24,6669,緯穎,1.17,77000,股
2026-08-24,4958,臻鼎-KY,1.05,1000000,股
2026-08-24,3711,日月光投控,1.02,716000,股
2026-08-24,8046,南電,0.82,300000,股
2026-08-24,2301,光寶科,0.46,659000,股
2026-08-24,6139,亞翔,0.46,250000,股
2026-08-24,2357,華碩,0.44,196000,股
2026-08-24,6213,聯茂,0.43,373000,股
2026-08-24,2376,技嘉,0.42,508000,股
2026-08-24,3081,聯亞,0.42,63000,股
2026-08-24,3653,健策,0.41,33000,股
2026-08-24,8150,南茂,0.41,1957000,股
2026-08-24,2404,漢唐,0.4,155000,股
2026-08-24,3026,禾伸堂,0.4,261000,股
2026-08-24,5274,信驊,0.4,11000,股
2026-08-24,6274,台燿,0.4,113000,股
2026-08-24,6187,萬潤,0.39,134000,股
2026-08-24,2360,致茂,0.38,76000,股
2026-08-24,5289,宜鼎,0.37,98000,股
2026-08-24,5347,世界,0.23,629000,股
2026-08-24,C_NTD,CASH,,1177539078,元
2026-08-25,2059,川湖,8.77,260000,股
2026-08-25,2330,台積電,7.4,1306000,股
2026-08-25,3017,奇鋐,6.97,1001000,股
2026-08-25,3037,欣興,6.42,2482000,股
2026-08-25,2383,台光電,6.14,465000,股
2026-08-25,3665,貿聯-KY,5.69,1161000,股
2026-08-25,2345,智邦,5.15,1074000,股
2026-08-25,8996,高力,4.67,1630000,股
2026-08-25,3008,大立光,4.63,343000,股
2026-08-25,6223,旺矽,3.54,268000,股
2026-08-25,6584,南俊國際,3.13,2231000,股
2026-08-25,3231,緯創,3.05,7245000,股
2026-08-25,1815,富喬,2.8,10877000,股
2026-08-25,2455,全新,2.73,2753000,股
2026-08-25,8021,尖點,2.56,2682000,股
2026-08-25,2308,台達電,2.55,632000,股
2026-08-25,1303,南亞,2.42,5445000,股
2026-08-25,2454,聯發科,2.35,266000,股
2026-08-25,3443,創意,2.16,164000,股
2026-08-25,3661,世芯-KY,1.96,215000,股
2026-08-25,3189,景碩,1.66,844013,股
2026-08-25,6669,緯穎,1.17,77000,股
2026-08-25,4958,臻鼎-KY,1.05,1000000,股
2026-08-25,3711,日月光投控,1.0,716000,股
2026-08-25,8046,南電,0.82,300000,股
2026-08-25,6213,聯茂,0.47,373000,股
2026-08-25,2301,光寶科,0.46,659000,股
2026-08-25,6139,亞翔,0.45,250000,股
2026-08-25,3081,聯亞,0.44,63000,股
2026-08-25,2357,華碩,0.43,196000,股
2026-08-25,2376,技嘉,0.42,508000,股
2026-08-25,3653,健策,0.41,33000,股
2026-08-25,5274,信驊,0.4,11000,股
2026-08-25,6187,萬潤,0.4,134000,股
2026-08-25,6274,台燿,0.4,113000,股
2026-08-25,8150,南茂,0.4,1957000,股
2026-08-25,2404,漢唐,0.39,155000,股
2026-08-25,3026,禾伸堂,0.39,261000,股
2026-08-25,2360,致茂,0.35,76000,股
2026-08-25,5289,宜鼎,0.35,98000,股
2026-08-25,5347,世界,0.22,629000,股
2026-08-25,C_NTD,CASH,,1177539078,元
2026-08-26,2059,川湖,8.66,260000,股
2026-08-26,3017,奇鋐,7.25,1001000,股
2026-08-26,2330,台積電,7.24,1306000,股
2026-08-26,3037,欣興,6.61,2482000,股
2026-08-26,2383,台光電,6.29,465000,股
2026-08-26,3665,貿聯-KY,5.34,1161000,股
2026-08-26,2345,智邦,5.06,1074000,股
2026-08-26,3008,大立光,4.95,343000,股
2026-08-26,8996,高力,4.47,1630000,股
2026-08-26,6223,旺矽,3.1,268000,股
2026-08-26,6584,南俊國際,3.09,2231000,股
2026-08-26,3231,緯創,3.03,7245000,股
2026-08-26,1815,富喬,2.94,10877000,股
2026-08-26,2455,全新,2.7,2753000,股
2026-08-26,1303,南亞,2.59,5445000,股
2026-08-26,8021,尖點,2.58,2682000,股
2026-08-26,2308,台達電,2.54,632000,股
2026-08-26,2454,聯發科,2.41,266000,股
2026-08-26,3443,創意,2.3,164000,股
2026-08-26,3661,世芯-KY,1.95,215000,股
2026-08-26,3189,景碩,1.71,844013,股
2026-08-26,6669,緯穎,1.2,77000,股
2026-08-26,4958,臻鼎-KY,1.04,1000000,股
2026-08-26,3711,日月光投控,0.97,716000,股
2026-08-26,8046,南電,0.81,300000,股
2026-08-26,6213,聯茂,0.5,373000,股
2026-08-26,3081,聯亞,0.47,63000,股
2026-08-26,2301,光寶科,0.46,659000,股
2026-08-26,6139,亞翔,0.46,250000,股
2026-08-26,2357,華碩,0.44,196000,股
2026-08-26,3653,健策,0.43,33000,股
2026-08-26,2376,技嘉,0.41,508000,股
2026-08-26,8150,南茂,0.41,1957000,股
2026-08-26,5274,信驊,0.4,11000,股
2026-08-26,6187,萬潤,0.4,134000,股
2026-08-26,6274,台燿,0.4,113000,股
2026-08-26,2404,漢唐,0.38,155000,股
2026-08-26,3026,禾伸堂,0.37,261000,股
2026-08-26,2360,致茂,0.35,76000,股
2026-08-26,5289,宜鼎,0.34,98000,股
2026-08-26,5347,世界,0.22,629000,股
2026-08-26,C_NTD,CASH,,1177539078,元
2026-08-27,2059,川湖,8.52,260000,股
2026-08-27,3017,奇鋐,7.64,1001000,股
2026-08-27,2330,台積電,7.2,1306000,股
2026-08-27,3037,欣興,6.7,2482000,股
2026-08-27,2383,台光電,5.85,465000,股
2026-08-27,3665,貿聯-KY,5.45,1161000,股
2026-08-27,3008,大立光,5.42,343000,股
2026-08-27,2345,智邦,5.13,1074000,股
2026-08-27,8996,高力,4.88,1630000,股
2026-08-27,6584,南俊國際,3.16,2231000,股
2026-08-27,6223,旺矽,3.12,268000,股
2026-08-27,3231,緯創,2.97,7245000,股
2026-08-27,1815,富喬,2.9,10877000,股
2026-08-27,1303,南亞,2.83,5445000,股
2026-08-27,2455,全新,2.73,2753000,股
2026-08-27,8021,尖點,2.59,2682000,股
2026-08-27,2308,台達電,2.56,632000,股
2026-08-27,2454,聯發科,2.35,266000,股
2026-08-27,3443,創意,2.22,164000,股
2026-08-27,3661,世芯-KY,1.9,215000,股
2026-08-27,3189,景碩,1.76,844013,股
2026-08-27,6669,緯穎,1.2,77000,股
2026-08-27,4958,臻鼎-KY,1.09,1000000,股
2026-08-27,3711,日月光投控,0.99,716000,股
2026-08-27,8046,南電,0.89,300000,股
2026-08-27,3081,聯亞,0.49,63000,股
2026-08-27,6213,聯茂,0.48,373000,股
2026-08-27,2301,光寶科,0.45,659000,股
2026-08-27,6139,亞翔,0.45,250000,股
2026-08-27,6187,萬潤,0.44,134000,股
2026-08-27,2357,華碩,0.43,196000,股
2026-08-27,3653,健策,0.43,33000,股
2026-08-27,2376,技嘉,0.4,508000,股
2026-08-27,3026,禾伸堂,0.4,261000,股
2026-08-27,8150,南茂,0.4,1957000,股
2026-08-27,2404,漢唐,0.38,155000,股
2026-08-27,5274,信驊,0.38,11000,股
2026-08-27,6274,台燿,0.37,113000,股
2026-08-27,2360,致茂,0.35,76000,股
2026-08-27,5289,宜鼎,0.34,99952,股
2026-08-27,5347,世界,0.22,629000,股
2026-08-27,C_NTD,CASH,,1193739068,元
2026-08-27,PFUR_NTD,PAYABLES FOR UNITS REDEEMED,,-552853500,元
2026-08-28,2059,川湖,8.42,260000,股
2026-08-28,3017,奇鋐,7.62,1001000,股
2026-08-28,2330,台積電,7.16,1306000,股
2026-08-28,3037,欣興,6.24,2482000,股
2026-08-28,3665,貿聯-KY,5.94,1161000,股
2026-08-28,2383,台光電,5.78,465000,股
2026-08-28,3008,大立光,5.49,343000,股
2026-08-28,2345,智邦,5.17,1074000,股
2026-08-28,8996,高力,4.67,1630000,股
2026-08-28,6584,南俊國際,3.45,2231000,股
2026-08-28,1815,富喬,3.09,10877000,股
2026-08-28,6223,旺矽,3.05,268000,股
2026-08-28,3231,緯創,2.92,7245000,股
2026-08-28,8021,尖點,2.76,2682000,股
2026-08-28,1303,南亞,2.72,5445000,股
2026-08-28,2455,全新,2.71,2753000,股
2026-08-28,2454,聯發科,2.4,266000,股
2026-08-28,3443,創意,2.23,164000,股
2026-08-28,3661,世芯-KY,1.98,215000,股
2026-08-28,3189,景碩,1.72,844013,股
2026-08-28,2308,台達電,1.58,382000,股
2026-08-28,6669,緯穎,1.26,77000,股
2026-08-28,4958,臻鼎-KY,1.09,1000000,股
2026-08-28,3711,日月光投控,1.01,716000,股
2026-08-28,8046,南電,0.84,300000,股
2026-08-28,6213,聯茂,0.49,373000,股
2026-08-28,2301,光寶科,0.47,659000,股
2026-08-28,3081,聯亞,0.47,63000,股
2026-08-28,3026,禾伸堂,0.44,261000,股
2026-08-28,6139,亞翔,0.44,250000,股
2026-08-28,2357,華碩,0.43,196000,股
2026-08-28,3653,健策,0.43,33000,股
2026-08-28,6187,萬潤,0.41,134000,股
2026-08-28,2376,技嘉,0.4,508000,股
2026-08-28,8150,南茂,0.4,1957000,股
2026-08-28,5274,信驊,0.39,11000,股
2026-08-28,2404,漢唐,0.38,155000,股
2026-08-28,6274,台燿,0.38,113000,股
2026-08-28,2360,致茂,0.35,76000,股
2026-08-28,5289,宜鼎,0.33,99952,股
2026-08-28,5347,世界,0.22,629000,股
2026-08-28,C_NTD,CASH,,1194590748,元
2026-08-28,PFUR_NTD,PAYABLES FOR UNITS REDEEMED,,-674113821,元
2026-08-28,RDI_NTD,RECEIVABLES FOR DISPOSAL OF INVESTMENTS,,449897868,元
2026-08-31,3017,奇鋐,8.01,1001000,股
2026-08-31,2059,川湖,7.79,235000,股
2026-08-31,2330,台積電,6.27,1116000,股
2026-08-31,3008,大立光,6.13,343000,股
2026-08-31,2383,台光電,5.96,465000,股
2026-08-31,3665,貿聯-KY,5.89,1161000,股
2026-08-31,3037,欣興,5.79,2482000,股
2026-08-31,2345,智邦,5.11,1074000,股
2026-08-31,8996,高力,4.48,1630000,股
2026-08-31,6584,南俊國際,3.28,2231000,股
2026-08-31,1815,富喬,3.22,10877000,股
2026-08-31,6223,旺矽,3.21,268000,股
2026-08-31,1303,南亞,3.09,5445000,股
2026-08-31,2455,全新,3.07,2753000,股
2026-08-31,3231,緯創,3.01,7245000,股
2026-08-31,8021,尖點,2.73,2682000,股
2026-08-31,3443,創意,2.34,164000,股
2026-08-31,3661,世芯-KY,2.05,215000,股
2026-08-31,8046,南電,1.84,639000,股
2026-08-31,2308,台達電,1.64,382000,股
2026-08-31,3189,景碩,1.62,844013,股
2026-08-31,2454,聯發科,1.33,145000,股
2026-08-31,6669,緯穎,1.28,77000,股
2026-08-31,4958,臻鼎-KY,1.17,1000000,股
2026-08-31,3081,聯亞,0.52,63000,股
2026-08-31,6213,聯茂,0.48,373000,股
2026-08-31,2301,光寶科,0.47,659000,股
2026-08-31,2357,華碩,0.46,196000,股
2026-08-31,3653,健策,0.46,33000,股
2026-08-31,3026,禾伸堂,0.45,261000,股
2026-08-31,6139,亞翔,0.44,250000,股
2026-08-31,2376,技嘉,0.43,508000,股
2026-08-31,6187,萬潤,0.42,134000,股
2026-08-31,5274,信驊,0.41,11000,股
2026-08-31,8150,南茂,0.41,1957000,股
2026-08-31,2404,漢唐,0.38,155000,股
2026-08-31,6274,台燿,0.38,113000,股
2026-08-31,2360,致茂,0.35,76000,股
2026-08-31,5289,宜鼎,0.34,99952,股
2026-08-31,5347,世界,0.22,629000,股
2026-08-31,C_NTD,CASH,,1194590748,元
2026-08-31,PFUR_NTD,PAYABLES FOR UNITS REDEEMED,,-1597626521,元
2026-08-31,RDI_NTD,RECEIVABLES FOR DISPOSAL OF INVESTMENTS,,1694539156,元
2026-09-01,3017,奇鋐,7.82,1001000,股
2026-09-01,2059,川湖,7.62,235000,股
2026-09-01,2330,台積電,6.24,1116000,股
2026-09-01,3665,貿聯-KY,6.16,1161000,股
2026-09-01,2383,台光電,6.01,465000,股
2026-09-01,3008,大立光,5.96,343000,股
2026-09-01,3037,欣興,5.52,2482000,股
2026-09-01,2345,智邦,5.43,1074000,股
2026-09-01,8996,高力,4.39,1630000,股
2026-09-01,6584,南俊國際,3.41,2231000,股
2026-09-01,6223,旺矽,3.32,268000,股
2026-09-01,2455,全新,3.31,2753000,股
2026-09-01,1815,富喬,3.21,10877000,股
2026-09-01,3231,緯創,3.02,7245000,股
2026-09-01,1303,南亞,2.93,5445000,股
2026-09-01,8021,尖點,2.77,2682000,股
2026-09-01,8046,南電,2.72,968000,股
2026-09-01,3443,創意,2.25,164000,股
2026-09-01,3661,世芯-KY,2.11,215000,股
2026-09-01,3189,景碩,1.69,844013,股
2026-09-01,2308,台達電,1.63,382000,股
2026-09-01,2454,聯發科,1.43,145000,股
2026-09-01,6669,緯穎,1.38,77000,股
2026-09-01,4958,臻鼎-KY,1.23,1000000,股
2026-09-01,3081,聯亞,0.49,63000,股
2026-09-01,6213,聯茂,0.47,373000,股
2026-09-01,2301,光寶科,0.45,659000,股
2026-09-01,2357,華碩,0.45,196000,股
2026-09-01,3026,禾伸堂,0.44,261000,股
2026-09-01,3653,健策,0.44,33000,股
2026-09-01,6139,亞翔,0.44,250000,股
2026-09-01,5274,信驊,0.43,11000,股
2026-09-01,2376,技嘉,0.42,508000,股
2026-09-01,6187,萬潤,0.42,134000,股
2026-09-01,8150,南茂,0.42,1957000,股
2026-09-01,2404,漢唐,0.39,155000,股
2026-09-01,6274,台燿,0.38,113000,股
2026-09-01,2360,致茂,0.35,76000,股
2026-09-01,5289,宜鼎,0.33,99952,股
2026-09-01,5347,世界,0.22,629000,股
2026-09-01,C_NTD,CASH,,1091635116,元
2026-09-01,PFUR_NTD,PAYABLES FOR UNITS REDEEMED,,-1110808627,元
2026-09-01,RDI_NTD,RECEIVABLES FOR DISPOSAL OF INVESTMENTS,,820129861,元
2026-09-02,3017,奇鋐,7.74,1001000,股
2026-09-02,2059,川湖,7.61,235000,股
2026-09-02,2330,台積電,6.22,1116000,股
2026-09-02,2383,台光電,5.92,465000,股
2026-09-02,3665,貿聯-KY,5.89,1161000,股
2026-09-02,3037,欣興,5.64,2482000,股
2026-09-02,2345,智邦,5.37,1074000,股
2026-09-02,3008,大立光,5.35,293000,股
2026-09-02,8996,高力,4.82,1630000,股
2026-09-02,2455,全新,3.49,2753000,股
2026-09-02,6584,南俊國際,3.43,2231000,股
2026-09-02,1815,富喬,3.33,10877000,股
2026-09-02,6223,旺矽,3.31,268000,股
2026-09-02,3231,緯創,3.14,7245000,股
2026-09-02,1303,南亞,3.02,5445000,股
2026-09-02,8021,尖點,2.88,2682000,股
2026-09-02,8046,南電,2.71,968000,股
2026-09-02,3443,創意,2.26,164000,股
2026-09-02,3661,世芯-KY,2.11,215000,股
2026-09-02,3189,景碩,1.67,844013,股
2026-09-02,2308,台達電,1.54,382000,股
2026-09-02,2454,聯發科,1.45,145000,股
2026-09-02,6669,緯穎,1.4,229675,股
2026-09-02,4958,臻鼎-KY,1.18,1000000,股
2026-09-02,3081,聯亞,0.5,63000,股
2026-09-02,2301,光寶科,0.49,659000,股
2026-09-02,6213,聯茂,0.47,373000,股
2026-09-02,2357,華碩,0.46,196000,股
2026-09-02,5274,信驊,0.46,11000,股
2026-09-02,3653,健策,0.45,33000,股
2026-09-02,2376,技嘉,0.43,508000,股
2026-09-02,3026,禾伸堂,0.42,261000,股
2026-09-02,6139,亞翔,0.42,250000,股
2026-09-02,6187,萬潤,0.42,134000,股
2026-09-02,8150,南茂,0.41,1957000,股
2026-09-02,2404,漢唐,0.37,155000,股
2026-09-02,6274,台燿,0.37,113000,股
2026-09-02,2360,致茂,0.35,76000,股
2026-09-02,5289,宜鼎,0.33,99952,股
2026-09-02,5347,世界,0.22,629000,股
2026-09-02,C_NTD,CASH,,2215016083,元
2026-09-02,PFUR_NTD,PAYABLES FOR UNITS REDEEMED,,-1372150671,元
2026-09-02,RDI_NTD,RECEIVABLES FOR DISPOSAL OF INVESTMENTS,,-49789108,元
2026-09-03,3017,奇鋐,8.02,1001000,股
2026-09-03,2059,川湖,6.69,205000,股
2026-09-03,2330,台積電,6.48,1116000,股
2026-09-03,2383,台光電,5.97,465000,股
2026-09-03,3665,貿聯-KY,5.92,1161000,股
2026-09-03,3037,欣興,5.56,2482000,股
2026-09-03,2345,智邦,5.45,1074000,股
2026-09-03,3008,大立光,5.09,293000,股
2026-09-03,8996,高力,4.69,1630000,股
2026-09-03,2455,全新,3.51,2753000,股
2026-09-03,6584,南俊國際,3.41,2231000,股
2026-09-03,3231,緯創,3.32,7245000,股
2026-09-03,6223,旺矽,3.28,268000,股
2026-09-03,1815,富喬,3.17,10877000,股
2026-09-03,1303,南亞,2.92,5445000,股
2026-09-03,8021,尖點,2.69,2682000,股
2026-09-03,8046,南電,2.54,968000,股
2026-09-03,3443,創意,2.31,164000,股
2026-09-03,3661,世芯-KY,2.11,215000,股
2026-09-03,2308,台達電,1.63,382000,股
2026-09-03,3189,景碩,1.59,844013,股
2026-09-03,2454,聯發科,1.53,145000,股
2026-09-03,6669,緯穎,1.38,229675,股
2026-09-03,4958,臻鼎-KY,1.13,1000000,股
2026-09-03,2301,光寶科,0.48,659000,股
2026-09-03,3081,聯亞,0.48,63000,股
2026-09-03,5274,信驊,0.48,11000,股
2026-09-03,2357,華碩,0.46,196000,股
2026-09-03,6213,聯茂,0.46,373000,股
2026-09-03,3653,健策,0.45,33000,股
2026-09-03,2376,技嘉,0.43,508000,股
2026-09-03,6139,亞翔,0.43,250000,股
2026-09-03,6187,萬潤,0.42,134000,股
2026-09-03,8150,南茂,0.42,1957000,股
2026-09-03,3026,禾伸堂,0.4,261000,股
2026-09-03,2404,漢唐,0.39,155000,股
2026-09-03,2360,致茂,0.37,76000,股
2026-09-03,6274,台燿,0.37,113000,股
2026-09-03,5289,宜鼎,0.33,99952,股
2026-09-03,5347,世界,0.22,629000,股
2026-09-03,C_NTD,CASH,,866991956,元
2026-09-03,PFUR_NTD,PAYABLES FOR UNITS REDEEMED,,-457622469,元
2026-09-03,RDI_NTD,RECEIVABLES FOR DISPOSAL OF INVESTMENTS,,789669048,元
2026-09-04,3017,奇鋐,8.46,1001000,股
2026-09-04,2059,川湖,6.73,205000,股
2026-09-04,2330,台積電,6.37,1116000,股
2026-09-04,2383,台光電,5.96,465000,股
2026-09-04,3665,貿聯-KY,5.9,1161000,股
2026-09-04,2345,智邦,5.34,1074000,股
2026-09-04,3037,欣興,5.3,2482000,股
2026-09-04,3008,大立光,5.14,293000,股
2026-09-04,8996,高力,5.02,1630000,股
2026-09-04,2455,全新,3.44,2753000,股
2026-09-04,3231,緯創,3.4,7245000,股
2026-09-04,6584,南俊國際,3.35,2231000,股
2026-09-04,6223,旺矽,3.27,268000,股
2026-09-04,1815,富喬,3.05,10877000,股
2026-09-04,1303,南亞,2.91,5445000,股
2026-09-04,8021,尖點,2.67,2682000,股
2026-09-04,6669,緯穎,2.61,429675,股
2026-09-04,8046,南電,2.42,968000,股
2026-09-04,3443,創意,2.26,164000,股
2026-09-04,3661,世芯-KY,2.15,215000,股
2026-09-04,2308,台達電,1.65,382000,股
2026-09-04,3189,景碩,1.64,844013,股
2026-09-04,2454,聯發科,1.52,145000,股
2026-09-04,4958,臻鼎-KY,1.1,1000000,股
2026-09-04,2301,光寶科,0.48,659000,股
2026-09-04,2357,華碩,0.48,196000,股
2026-09-04,3081,聯亞,0.47,63000,股
2026-09-04,3653,健策,0.46,33000,股
2026-09-04,5274,信驊,0.46,11000,股
2026-09-04,6213,聯茂,0.46,373000,股
2026-09-04,6139,亞翔,0.44,250000,股
2026-09-04,2376,技嘉,0.43,508000,股
2026-09-04,3026,禾伸堂,0.43,261000,股
2026-09-04,8150,南茂,0.42,1957000,股
2026-09-04,6187,萬潤,0.41,134000,股
2026-09-04,2404,漢唐,0.39,155000,股
2026-09-04,2360,致茂,0.37,76000,股
2026-09-04,6274,台燿,0.37,113000,股
2026-09-04,5289,宜鼎,0.32,99952,股
2026-09-04,5347,世界,0.22,629000,股
2026-09-04,C_NTD,CASH,,1175678669,元
2026-09-04,PFUR_NTD,PAYABLES FOR UNITS REDEEMED,,-391586863,元
2026-09-04,RDI_NTD,RECEIVABLES FOR DISPOSAL OF INVESTMENTS,,-85603271,元
2026-09-07,3017,奇鋐,8.12,1001000,股
2026-09-07,2059,川湖,6.76,205000,股
2026-09-07,2330,台積電,6.51,1116000,股
2026-09-07,2383,台光電,6.06,465000,股
2026-09-07,3665,貿聯-KY,5.7,1161000,股
2026-09-07,3037,欣興,5.59,2482000,股
2026-09-07,2345,智邦,5.35,1074000,股
2026-09-07,8996,高力,4.79,1630000,股
2026-09-07,3008,大立光,4.63,293000,股
2026-09-07,6223,旺矽,3.49,268000,股
2026-09-07,3231,緯創,3.38,7245000,股
2026-09-07,1815,富喬,3.35,10877000,股
2026-09-07,6584,南俊國際,3.28,2231000,股
2026-09-07,2455,全新,3.26,2753000,股
2026-09-07,1303,南亞,2.98,5445000,股
2026-09-07,8021,尖點,2.94,2682000,股
2026-09-07,6669,緯穎,2.54,429675,股
2026-09-07,8046,南電,2.41,968000,股
2026-09-07,3443,創意,2.31,164000,股
2026-09-07,3661,世芯-KY,2.06,215000,股
2026-09-07,2308,台達電,1.68,382000,股
2026-09-07,2454,聯發科,1.64,145000,股
2026-09-07,3189,景碩,1.63,844013,股
2026-09-07,4958,臻鼎-KY,1.19,1000000,股
2026-09-07,5274,信驊,0.5,11000,股
2026-09-07,3026,禾伸堂,0.48,261000,股
2026-09-07,2301,光寶科,0.47,659000,股
2026-09-07,2357,華碩,0.46,196000,股
2026-09-07,3081,聯亞,0.46,63000,股
2026-09-07,6213,聯茂,0.45,373000,股
2026-09-07,2376,技嘉,0.44,508000,股
2026-09-07,3653,健策,0.44,33000,股
2026-09-07,6139,亞翔,0.44,250000,股
2026-09-07,6187,萬潤,0.44,134000,股
2026-09-07,8150,南茂,0.42,1957000,股
2026-09-07,2360,致茂,0.4,76000,股
2026-09-07,2404,漢唐,0.4,155000,股
2026-09-07,6274,台燿,0.37,113000,股
2026-09-07,5289,宜鼎,0.33,99952,股
2026-09-07,5347,世界,0.23,629000,股
2026-09-07,C_NTD,CASH,,1170802251,元
2026-09-07,PFUR_NTD,PAYABLES FOR UNITS REDEEMED,,-55024338,元
2026-09-07,RDI_NTD,RECEIVABLES FOR DISPOSAL OF INVESTMENTS,,-500550000,元
2026-09-08,3017,奇鋐,7.99,1001000,股
2026-09-08,2330,台積電,6.69,1116000,股
2026-09-08,2059,川湖,6.23,205000,股
2026-09-08,2383,台光電,6.03,465000,股
2026-09-08,3037,欣興,5.75,2482000,股
2026-09-08,3665,貿聯-KY,5.46,1161000,股
2026-09-08,2345,智邦,5.1,1074000,股
2026-09-08,8996,高力,4.85,1630000,股
2026-09-08,3008,大立光,4.63,293000,股
2026-09-08,6223,旺矽,3.77,268000,股
2026-09-08,1815,富喬,3.57,10877000,股
2026-09-08,3231,緯創,3.28,7245000,股
2026-09-08,6584,南俊國際,3.26,2231000,股
2026-09-08,1303,南亞,3.11,5445000,股
2026-09-08,8021,尖點,2.93,2682000,股
2026-09-08,2455,全新,2.69,2150000,股
2026-09-08,6669,緯穎,2.44,429675,股
2026-09-08,8046,南電,2.41,968000,股
2026-09-08,3443,創意,2.37,164000,股
2026-09-08,3661,世芯-KY,2.1,215000,股
2026-09-08,2454,聯發科,1.66,145000,股
2026-09-08,3189,景碩,1.64,844013,股
2026-09-08,4958,臻鼎-KY,1.23,1000000,股
2026-09-08,5274,信驊,0.51,11000,股
2026-09-08,2301,光寶科,0.47,659000,股
2026-09-08,3026,禾伸堂,0.47,261000,股
2026-09-08,2357,華碩,0.46,196000,股
2026-09-08,6213,聯茂,0.46,373000,股
2026-09-08,6139,亞翔,0.45,250000,股
2026-09-08,6187,萬潤,0.45,134000,股
2026-09-08,2376,技嘉,0.44,508000,股
2026-09-08,3081,聯亞,0.44,63000,股
2026-09-08,3653,健策,0.44,33000,股
2026-09-08,8150,南茂,0.43,1957000,股
2026-09-08,2360,致茂,0.42,76000,股
2026-09-08,2404,漢唐,0.4,155000,股
2026-09-08,6274,台燿,0.37,113000,股
2026-09-08,5289,宜鼎,0.33,99952,股
2026-09-08,5347,世界,0.23,629000,股
2026-09-08,C_NTD,CASH,,661267753,元
2026-09-08,PFUR_NTD,PAYABLES FOR UNITS REDEEMED,,-73033435,元
2026-09-08,RDI_NTD,RECEIVABLES FOR DISPOSAL OF INVESTMENTS,,995421969,元
2026-09-09,3017,奇鋐,8.13,1001000,股
2026-09-09,2330,台積電,6.61,1116000,股
2026-09-09,2059,川湖,6.11,205000,股
2026-09-09,2383,台光電,6.0,465000,股
2026-09-09,3037,欣興,5.92,2482000,股
2026-09-09,3665,貿聯-KY,5.51,1161000,股
2026-09-09,8996,高力,5.27,1630000,股
2026-09-09,2345,智邦,5.2,1074000,股
2026-09-09,3008,大立光,4.83,293000,股
2026-09-09,6223,旺矽,3.61,268000,股
2026-09-09,1815,富喬,3.46,11420868,股
2026-09-09,3231,緯創,3.29,7245000,股
2026-09-09,6584,南俊國際,3.14,2231000,股
2026-09-09,1303,南亞,3.09,5445000,股
2026-09-09,8021,尖點,2.85,2682000,股
2026-09-09,2455,全新,2.75,2150000,股
2026-09-09,8046,南電,2.58,968000,股
2026-09-09,6669,緯穎,2.4,429675,股
2026-09-09,3443,創意,2.33,164000,股
2026-09-09,3661,世芯-KY,2.02,215000,股
2026-09-09,3189,景碩,1.65,844013,股
2026-09-09,2454,聯發科,1.61,145000,股
2026-09-09,4958,臻鼎-KY,1.21,1000000,股
2026-09-09,6515,穎崴,0.89,51000,股
2026-09-09,5274,信驊,0.49,11000,股
2026-09-09,3026,禾伸堂,0.48,261000,股
2026-09-09,6213,聯茂,0.47,373000,股
2026-09-09,2301,光寶科,0.46,659000,股
2026-09-09,2357,華碩,0.46,196000,股
2026-09-09,3653,健策,0.46,33000,股
2026-09-09,6139,亞翔,0.45,250000,股
2026-09-09,2360,致茂,0.43,76000,股
2026-09-09,2376,技嘉,0.43,508000,股
2026-09-09,3081,聯亞,0.43,63000,股
2026-09-09,6187,萬潤,0.43,134000,股
2026-09-09,8150,南茂,0.43,1957000,股
2026-09-09,2404,漢唐,0.4,155000,股
2026-09-09,3711,日月光投控,0.38,250000,股
2026-09-09,6274,台燿,0.37,113000,股
2026-09-09,5289,宜鼎,0.33,99952,股
2026-09-09,5347,世界,0.24,629000,股
2026-09-09,C_NTD,CASH,,661267753,元
2026-09-09,PFUR_NTD,PAYABLES FOR UNITS REDEEMED,,-155081539,元
2026-09-09,RDI_NTD,RECEIVABLES FOR DISPOSAL OF INVESTMENTS,,427994534,元
2026-09-10,3017,奇鋐,8.37,1001000,股
2026-09-10,2330,台積電,6.61,1116000,股
2026-09-10,2059,川湖,6.24,205000,股
2026-09-10,2383,台光電,6.04,465000,股
2026-09-10,3037,欣興,5.96,2482000,股
2026-09-10,3665,貿聯-KY,5.41,1161000,股
2026-09-10,8996,高力,5.12,1630000,股
2026-09-10,2345,智邦,5.1,1074000,股
2026-09-10,3008,大立光,4.76,293000,股
2026-09-10,6223,旺矽,3.64,268000,股
2026-09-10,1815,富喬,3.48,11420868,股
2026-09-10,3231,緯創,3.24,7245000,股
2026-09-10,1303,南亞,3.21,5445000,股
2026-09-10,6584,南俊國際,2.99,2231000,股
2026-09-10,8021,尖點,2.84,2682000,股
2026-09-10,2455,全新,2.76,2150000,股
2026-09-10,8046,南電,2.5,968000,股
2026-09-10,3443,創意,2.47,164000,股
2026-09-10,6669,緯穎,2.43,429675,股
2026-09-10,3661,世芯-KY,2.11,215000,股
2026-09-10,3189,景碩,1.69,844013,股
2026-09-10,2454,聯發科,1.65,145000,股
2026-09-10,4958,臻鼎-KY,1.19,1000000,股
2026-09-10,6515,穎崴,0.89,51000,股
2026-09-10,3026,禾伸堂,0.51,261000,股
2026-09-10,5274,信驊,0.5,11000,股
2026-09-10,2357,華碩,0.47,196000,股
2026-09-10,6213,聯茂,0.47,373000,股
2026-09-10,2301,光寶科,0.46,659000,股
2026-09-10,3653,健策,0.46,33000,股
2026-09-10,6139,亞翔,0.45,250000,股
2026-09-10,2376,技嘉,0.43,508000,股
2026-09-10,3081,聯亞,0.43,63000,股
2026-09-10,8150,南茂,0.43,1957000,股
2026-09-10,6187,萬潤,0.41,134000,股
2026-09-10,2360,致茂,0.4,76000,股
2026-09-10,2404,漢唐,0.4,155000,股
2026-09-10,3711,日月光投控,0.39,250000,股
2026-09-10,6274,台燿,0.38,113000,股
2026-09-10,5289,宜鼎,0.31,99952,股
2026-09-10,5347,世界,0.25,629000,股
2026-09-10,C_NTD,CASH,,1628079872,元
2026-09-10,PFUR_NTD,PAYABLES FOR UNITS REDEEMED,,-236286607,元
2026-09-10,RDI_NTD,RECEIVABLES FOR DISPOSAL OF INVESTMENTS,,-567427435,元
2026-09-11,3017,奇鋐,8.3,1001000,股
2026-09-11,2330,台積電,6.62,1116000,股
2026-09-11,2383,台光電,6.14,465000,股
2026-09-11,2059,川湖,6.09,205000,股
2026-09-11,3037,欣興,5.97,2482000,股
2026-09-11,3665,貿聯-KY,5.36,1161000,股
2026-09-11,8996,高力,5.33,1630000,股
2026-09-11,2345,智邦,4.98,1074000,股
2026-09-11,3008,大立光,4.8,293000,股
2026-09-11,6223,旺矽,3.71,268000,股
2026-09-11,1815,富喬,3.58,11420868,股
2026-09-11,3231,緯創,3.31,7245000,股
2026-09-11,1303,南亞,3.14,5445000,股
2026-09-11,6584,南俊國際,3.11,2231000,股
2026-09-11,8021,尖點,2.76,2682000,股
2026-09-11,2455,全新,2.72,2150000,股
2026-09-11,8046,南電,2.57,968000,股
2026-09-11,3443,創意,2.47,164000,股
2026-09-11,6669,緯穎,2.44,429675,股
2026-09-11,3661,世芯-KY,1.93,215000,股
2026-09-11,3189,景碩,1.71,844013,股
2026-09-11,2454,聯發科,1.64,145000,股
2026-09-11,4958,臻鼎-KY,1.22,1000000,股
2026-09-11,6515,穎崴,0.86,51000,股
2026-09-11,3026,禾伸堂,0.48,261000,股
2026-09-11,5274,信驊,0.48,11000,股
2026-09-11,3653,健策,0.47,33000,股
2026-09-11,6213,聯茂,0.47,373000,股
2026-09-11,2301,光寶科,0.45,659000,股
2026-09-11,2357,華碩,0.45,196000,股
2026-09-11,2376,技嘉,0.44,508000,股
2026-09-11,3081,聯亞,0.44,63000,股
2026-09-11,6139,亞翔,0.44,250000,股
2026-09-11,8150,南茂,0.42,1957000,股
2026-09-11,6187,萬潤,0.41,134000,股
2026-09-11,2360,致茂,0.4,76000,股
2026-09-11,2404,漢唐,0.38,155000,股
2026-09-11,3711,日月光投控,0.38,250000,股
2026-09-11,6274,台燿,0.38,113000,股
2026-09-11,5289,宜鼎,0.32,99952,股
2026-09-11,5347,世界,0.24,629000,股
2026-09-11,C_NTD,CASH,,1035306332,元
2026-09-11,PFUR_NTD,PAYABLES FOR UNITS REDEEMED,,-209293012,元
2026-09-14,3017,奇鋐,8.26,1001000,股
2026-09-14,2330,台積電,6.63,1116000,股
2026-09-14,2383,台光電,6.2,465000,股
2026-09-14,2059,川湖,6.13,205000,股
2026-09-14,3037,欣興,6.01,2482000,股
2026-09-14,3665,貿聯-KY,5.66,1161000,股
2026-09-14,2345,智邦,5.02,1074000,股
2026-09-14,8996,高力,5.02,1630000,股
2026-09-14,3008,大立光,4.38,293000,股
2026-09-14,6223,旺矽,3.74,268000,股
2026-09-14,1815,富喬,3.42,11420868,股
2026-09-14,3231,緯創,3.27,7245000,股
2026-09-14,1303,南亞,3.18,5445000,股
2026-09-14,6584,南俊國際,3.03,2231000,股
2026-09-14,8021,尖點,2.96,2682000,股
2026-09-14,2455,全新,2.87,2150000,股
2026-09-14,3443,創意,2.62,164000,股
2026-09-14,8046,南電,2.55,968000,股
2026-09-14,6669,緯穎,2.43,429675,股
2026-09-14,3661,世芯-KY,1.93,215000,股
2026-09-14,3189,景碩,1.68,844013,股
2026-09-14,2454,聯發科,1.65,145000,股
2026-09-14,4958,臻鼎-KY,1.22,1000000,股
2026-09-14,6515,穎崴,0.84,51000,股
2026-09-14,5274,信驊,0.49,11000,股
2026-09-14,3026,禾伸堂,0.48,261000,股
2026-09-14,3653,健策,0.48,33000,股
2026-09-14,6213,聯茂,0.48,373000,股
2026-09-14,2301,光寶科,0.46,659000,股
2026-09-14,2357,華碩,0.46,196000,股
2026-09-14,2376,技嘉,0.44,508000,股
2026-09-14,6139,亞翔,0.44,250000,股
2026-09-14,3081,聯亞,0.43,63000,股
2026-09-14,8150,南茂,0.42,1957000,股
2026-09-14,2360,致茂,0.41,76000,股
2026-09-14,6187,萬潤,0.41,134000,股
2026-09-14,6274,台燿,0.4,113000,股
2026-09-14,2404,漢唐,0.39,155000,股
2026-09-14,3711,日月光投控,0.38,250000,股
2026-09-14,5289,宜鼎,0.32,99952,股
2026-09-14,5347,世界,0.25,629000,股
2026-09-14,C_NTD,CASH,,953258228,元
2026-09-14,PFUR_NTD,PAYABLES FOR UNITS REDEEMED,,-136051766,元
2026-09-15,3017,奇鋐,7.94,1001000,股
2026-09-15,2330,台積電,6.78,1116000,股
2026-09-15,2059,川湖,6.11,205000,股
2026-09-15,2383,台光電,6.06,465000,股
2026-09-15,3037,欣興,6.01,2482000,股
2026-09-15,3665,貿聯-KY,5.85,1161000,股
2026-09-15,8996,高力,5.06,1630000,股
2026-09-15,2345,智邦,5.03,1074000,股
2026-09-15,3008,大立光,4.52,293000,股
2026-09-15,6223,旺矽,3.71,268000,股
2026-09-15,3231,緯創,3.37,7245000,股
2026-09-15,1815,富喬,3.33,11420868,股
2026-09-15,1303,南亞,3.07,5445000,股
2026-09-15,6584,南俊國際,3.05,2231000,股
2026-09-15,8021,尖點,2.95,2682000,股
2026-09-15,2455,全新,2.85,2150000,股
2026-09-15,8046,南電,2.67,968000,股
2026-09-15,6669,緯穎,2.53,429675,股
2026-09-15,3443,創意,2.52,164000,股
2026-09-15,3661,世芯-KY,1.84,215000,股
2026-09-15,3189,景碩,1.71,844013,股
2026-09-15,2454,聯發科,1.64,145000,股
2026-09-15,4958,臻鼎-KY,1.22,1000000,股
2026-09-15,6515,穎崴,0.82,51000,股
2026-09-15,5274,信驊,0.49,11000,股
2026-09-15,6213,聯茂,0.49,373000,股
2026-09-15,3026,禾伸堂,0.48,261000,股
2026-09-15,2301,光寶科,0.46,659000,股
2026-09-15,2357,華碩,0.46,196000,股
2026-09-15,3653,健策,0.45,33000,股
2026-09-15,6139,亞翔,0.45,250000,股
2026-09-15,2376,技嘉,0.44,508000,股
2026-09-15,3081,聯亞,0.43,63000,股
2026-09-15,8150,南茂,0.42,1957000,股
2026-09-15,2404,漢唐,0.41,155000,股
2026-09-15,6187,萬潤,0.41,134000,股
2026-09-15,2360,致茂,0.4,76000,股
2026-09-15,6274,台燿,0.39,113000,股
2026-09-15,3711,日月光投控,0.38,250000,股
2026-09-15,5289,宜鼎,0.32,99952,股
2026-09-15,5347,世界,0.25,629000,股
2026-09-15,C_NTD,CASH,,825950820,元
2026-09-15,PFUR_NTD,PAYABLES FOR UNITS REDEEMED,,-8806858,元
2026-09-16,3017,奇鋐,7.97,1001000,股
2026-09-16,2330,台積電,6.66,1116000,股
2026-09-16,2059,川湖,6.2,205000,股
2026-09-16,3037,欣興,5.98,2482000,股
2026-09-16,2383,台光電,5.93,465000,股
2026-09-16,3665,貿聯-KY,5.81,1161000,股
2026-09-16,8996,高力,5.32,1630000,股
2026-09-16,2345,智邦,4.96,1074000,股
2026-09-16,3008,大立光,4.58,293000,股
2026-09-16,6223,旺矽,3.77,268000,股
2026-09-16,1815,富喬,3.4,11420868,股
2026-09-16,3231,緯創,3.33,7245000,股
2026-09-16,6584,南俊國際,3.11,2231000,股
2026-09-16,1303,南亞,3.06,5445000,股
2026-09-16,8021,尖點,2.96,2682000,股
2026-09-16,2455,全新,2.78,2150000,股
2026-09-16,8046,南電,2.68,968000,股
2026-09-16,3443,創意,2.54,164000,股
2026-09-16,6669,緯穎,2.33,429675,股
2026-09-16,3661,世芯-KY,1.8,215000,股
2026-09-16,3189,景碩,1.74,844013,股
2026-09-16,2454,聯發科,1.65,145000,股
2026-09-16,4958,臻鼎-KY,1.24,1000000,股
2026-09-16,6515,穎崴,0.79,51000,股
2026-09-16,3026,禾伸堂,0.51,261000,股
2026-09-16,6213,聯茂,0.51,373000,股
2026-09-16,5274,信驊,0.5,11000,股
2026-09-16,2301,光寶科,0.46,659000,股
2026-09-16,2357,華碩,0.46,196000,股
2026-09-16,2376,技嘉,0.45,508000,股
2026-09-16,3081,聯亞,0.44,63000,股
2026-09-16,6139,亞翔,0.44,250000,股
2026-09-16,3653,健策,0.43,33000,股
2026-09-16,8150,南茂,0.43,1957000,股
2026-09-16,6187,萬潤,0.41,134000,股
2026-09-16,2360,致茂,0.4,76000,股
2026-09-16,2404,漢唐,0.4,155000,股
2026-09-16,6274,台燿,0.4,113000,股
2026-09-16,3711,日月光投控,0.38,250000,股
2026-09-16,5289,宜鼎,0.32,99952,股
2026-09-16,5347,世界,0.25,629000,股
2026-09-16,C_NTD,CASH,,825950820,元
2026-09-16,PFUR_NTD,PAYABLES FOR UNITS REDEEMED,,-8806858,元
2026-09-17,3017,奇鋐,8.05,1001000,股
2026-09-17,2330,台積電,6.83,1116000,股
2026-09-17,2059,川湖,6.36,205000,股
2026-09-17,3037,欣興,5.89,2482000,股
2026-09-17,3665,貿聯-KY,5.89,1161000,股
2026-09-17,2383,台光電,5.51,465000,股
2026-09-17,8996,高力,5.35,1630000,股
2026-09-17,2345,智邦,4.88,1074000,股
2026-09-17,3008,大立光,4.45,293000,股
2026-09-17,6223,旺矽,3.72,268000,股
2026-09-17,3231,緯創,3.41,7245000,股
2026-09-17,1303,南亞,3.24,5445000,股
2026-09-17,1815,富喬,3.23,11420868,股
2026-09-17,6584,南俊國際,3.1,2231000,股
2026-09-17,8021,尖點,3.05,2682000,股
2026-09-17,3443,創意,2.69,164000,股
2026-09-17,8046,南電,2.6,968000,股
2026-09-17,6669,緯穎,2.32,429675,股
2026-09-17,2455,全新,2.29,1700000,股
2026-09-17,3189,景碩,1.72,844013,股
2026-09-17,2454,聯發科,1.65,145000,股
2026-09-17,4958,臻鼎-KY,1.2,1000000,股
2026-09-17,6515,穎崴,0.79,51000,股
2026-09-17,5274,信驊,0.51,11000,股
2026-09-17,3026,禾伸堂,0.5,261000,股
2026-09-17,2357,華碩,0.47,196000,股
2026-09-17,6213,聯茂,0.47,373000,股
2026-09-17,2301,光寶科,0.46,659000,股
2026-09-17,2376,技嘉,0.46,508000,股
2026-09-17,3653,健策,0.45,33000,股
2026-09-17,6139,亞翔,0.44,250000,股
2026-09-17,3081,聯亞,0.43,63000,股
2026-09-17,8150,南茂,0.43,1957000,股
2026-09-17,6187,萬潤,0.41,134000,股
2026-09-17,2360,致茂,0.4,76000,股
2026-09-17,2404,漢唐,0.4,155000,股
2026-09-17,3711,日月光投控,0.39,250000,股
2026-09-17,6274,台燿,0.38,113000,股
2026-09-17,5289,宜鼎,0.32,99952,股
2026-09-17,5347,世界,0.26,629000,股
2026-09-17,C_NTD,CASH,,817143962,元
2026-09-17,RDI_NTD,RECEIVABLES FOR DISPOSAL OF INVESTMENTS,,948986233,元
2026-09-18,3017,奇鋐,8.3,1001000,股
2026-09-18,2330,台積電,6.63,1116000,股
2026-09-18,3665,貿聯-KY,6.2,1161000,股
2026-09-18,2059,川湖,6.19,205000,股
2026-09-18,3037,欣興,5.88,2482000,股
2026-09-18,8996,高力,5.63,1630000,股
2026-09-18,2383,台光電,5.49,465000,股
2026-09-18,2345,智邦,4.95,1104000,股
2026-09-18,3008,大立光,4.55,293000,股
2026-09-18,6223,旺矽,3.76,268000,股
2026-09-18,1815,富喬,3.3,11420868,股
2026-09-18,3231,緯創,3.26,7245000,股
2026-09-18,1303,南亞,3.13,5445000,股
2026-09-18,6584,南俊國際,3.1,2231000,股
2026-09-18,8021,尖點,2.98,2682000,股
2026-09-18,3443,創意,2.83,164000,股
2026-09-18,8046,南電,2.57,968000,股
2026-09-18,2455,全新,2.28,1700000,股
2026-09-18,6669,緯穎,2.22,429675,股
2026-09-18,3189,景碩,1.7,844013,股
2026-09-18,2454,聯發科,1.65,145000,股
2026-09-18,4958,臻鼎-KY,1.14,1000000,股
2026-09-18,6515,穎崴,0.79,51000,股
2026-09-18,5274,信驊,0.51,11000,股
2026-09-18,3026,禾伸堂,0.5,261000,股
2026-09-18,6213,聯茂,0.46,373000,股
2026-09-18,2301,光寶科,0.45,659000,股
2026-09-18,2357,華碩,0.45,196000,股
2026-09-18,2376,技嘉,0.44,508000,股
2026-09-18,3081,聯亞,0.44,63000,股
2026-09-18,3653,健策,0.44,33000,股
2026-09-18,6139,亞翔,0.44,250000,股
2026-09-18,8150,南茂,0.44,1957000,股
2026-09-18,2360,致茂,0.42,76000,股
2026-09-18,2404,漢唐,0.42,155000,股
2026-09-18,6187,萬潤,0.4,134000,股
2026-09-18,3711,日月光投控,0.39,250000,股
2026-09-18,6274,台燿,0.37,113000,股
2026-09-18,5289,宜鼎,0.32,99952,股
2026-09-18,5347,世界,0.26,629000,股
2026-09-18,C_NTD,CASH,,817143962,元
2026-09-18,RDI_NTD,RECEIVABLES FOR DISPOSAL OF INVESTMENTS,,893825629,元
2026-09-21,3017,奇鋐,8.17,1001000,股
2026-09-21,2330,台積電,6.62,1116000,股
2026-09-21,3665,貿聯-KY,6.38,1161000,股
2026-09-21,2059,川湖,6.27,205000,股
2026-09-21,3037,欣興,6.05,2482000,股
2026-09-21,8996,高力,5.87,1630000,股
2026-09-21,2383,台光電,5.44,465000,股
2026-09-21,2345,智邦,4.86,1104000,股
2026-09-21,3008,大立光,4.48,293000,股
2026-09-21,6223,旺矽,3.52,268000,股
2026-09-21,1815,富喬,3.3,11420868,股
2026-09-21,3231,緯創,3.23,7245000,股
2026-09-21,1303,南亞,3.12,5445000,股
2026-09-21,3443,創意,2.99,164000,股
2026-09-21,6584,南俊國際,2.99,2231000,股
2026-09-21,8021,尖點,2.99,2682000,股
2026-09-21,8046,南電,2.45,968000,股
2026-09-21,2455,全新,2.33,1700000,股
2026-09-21,6669,緯穎,2.21,429675,股
2026-09-21,2454,聯發科,2.14,179000,股
2026-09-21,3189,景碩,1.67,844013,股
2026-09-21,4958,臻鼎-KY,1.12,1000000,股
2026-09-21,6515,穎崴,0.71,51000,股
2026-09-21,5274,信驊,0.52,11000,股
2026-09-21,3026,禾伸堂,0.49,261000,股
2026-09-21,6213,聯茂,0.48,373000,股
2026-09-21,8150,南茂,0.48,1957000,股
2026-09-21,3653,健策,0.46,33000,股
2026-09-21,2301,光寶科,0.45,659000,股
2026-09-21,2376,技嘉,0.45,508000,股
2026-09-21,2357,華碩,0.44,196000,股
2026-09-21,2360,致茂,0.43,76000,股
2026-09-21,3081,聯亞,0.43,63000,股
2026-09-21,6139,亞翔,0.43,250000,股
2026-09-21,2404,漢唐,0.42,155000,股
2026-09-21,3711,日月光投控,0.4,250000,股
2026-09-21,6187,萬潤,0.4,134000,股
2026-09-21,6274,台燿,0.39,113000,股
2026-09-21,5289,宜鼎,0.31,99952,股
2026-09-21,5347,世界,0.26,629000,股
2026-09-21,C_NTD,CASH,,1766130195,元
2026-09-21,RDI_NTD,RECEIVABLES FOR DISPOSAL OF INVESTMENTS,,-218805407,元
2026-09-22,3017,奇鋐,8.0,1001000,股
2026-09-22,3037,欣興,6.55,2482000,股
2026-09-22,2330,台積電,6.47,1116000,股
2026-09-22,8996,高力,6.36,1630000,股
2026-09-22,3665,貿聯-KY,6.14,1161000,股
2026-09-22,2059,川湖,6.12,205000,股
2026-09-22,2383,台光電,5.33,465000,股
2026-09-22,2345,智邦,4.98,1104000,股
2026-09-22,3008,大立光,4.42,293000,股
2026-09-22,6223,旺矽,3.38,268000,股
2026-09-22,1815,富喬,3.28,11420868,股
2026-09-22,3443,創意,3.24,164000,股
2026-09-22,3231,緯創,3.08,7245000,股
2026-09-22,8021,尖點,3.02,2682000,股
2026-09-22,1303,南亞,2.97,5445000,股
2026-09-22,6584,南俊國際,2.91,2231000,股
2026-09-22,8046,南電,2.66,968000,股
2026-09-22,2454,聯發科,2.19,179000,股
2026-09-22,2455,全新,2.19,1700000,股
2026-09-22,6669,緯穎,2.14,429675,股
2026-09-22,3189,景碩,1.81,844013,股
2026-09-22,4958,臻鼎-KY,1.15,1000000,股
2026-09-22,2308,台達電,0.9,200000,股
2026-09-22,6515,穎崴,0.69,51000,股
2026-09-22,5274,信驊,0.54,11000,股
2026-09-22,8150,南茂,0.49,1957000,股
2026-09-22,3026,禾伸堂,0.48,261000,股
2026-09-22,6213,聯茂,0.48,373000,股
2026-09-22,3653,健策,0.45,33000,股
2026-09-22,2301,光寶科,0.44,659000,股
2026-09-22,2357,華碩,0.44,196000,股
2026-09-22,2360,致茂,0.44,76000,股
2026-09-22,2376,技嘉,0.44,508000,股
2026-09-22,2404,漢唐,0.42,155000,股
2026-09-22,3081,聯亞,0.42,63000,股
2026-09-22,6139,亞翔,0.42,250000,股
2026-09-22,3711,日月光投控,0.41,250000,股
2026-09-22,6187,萬潤,0.38,134000,股
2026-09-22,6274,台燿,0.38,113000,股
2026-09-22,5289,宜鼎,0.31,99952,股
2026-09-22,5347,世界,0.26,629000,股
2026-09-22,C_NTD,CASH,,1710969591,元
2026-09-22,PFUR_NTD,PAYABLES FOR UNITS REDEEMED,,-27972354,元
2026-09-22,RDI_NTD,RECEIVABLES FOR DISPOSAL OF INVESTMENTS,,-548812972,元
2026-09-23,3017,奇鋐,8.24,1001000,股
2026-09-23,3037,欣興,6.83,2482000,股
2026-09-23,2330,台積電,6.62,1116000,股
2026-09-23,3665,貿聯-KY,6.45,1161000,股
2026-09-23,2059,川湖,6.03,205000,股
2026-09-23,8996,高力,5.96,1630000,股
2026-09-23,2383,台光電,5.54,465000,股
2026-09-23,2345,智邦,4.95,1104000,股
2026-09-23,6223,旺矽,4.59,344000,股
2026-09-23,3008,大立光,4.3,293000,股
2026-09-23,3443,創意,3.26,164000,股
2026-09-23,1815,富喬,3.25,11420868,股
2026-09-23,3231,緯創,3.09,7245000,股
2026-09-23,8021,尖點,3.04,2682000,股
2026-09-23,1303,南亞,2.94,5445000,股
2026-09-23,6584,南俊國際,2.85,2213000,股
2026-09-23,8046,南電,2.78,968000,股
2026-09-23,2455,全新,2.23,1700000,股
2026-09-23,2454,聯發科,2.2,179000,股
2026-09-23,6669,緯穎,2.15,429675,股
2026-09-23,3189,景碩,1.81,844013,股
2026-09-23,4958,臻鼎-KY,1.12,1000000,股
2026-09-23,2308,台達電,0.9,200000,股
2026-09-23,6515,穎崴,0.73,51000,股
2026-09-23,5274,信驊,0.53,11000,股
2026-09-23,3653,健策,0.5,33000,股
2026-09-23,8150,南茂,0.5,1957000,股
2026-09-23,3026,禾伸堂,0.48,261000,股
2026-09-23,6213,聯茂,0.48,373000,股
2026-09-23,2404,漢唐,0.46,155000,股
2026-09-23,2357,華碩,0.45,196000,股
2026-09-23,2301,光寶科,0.44,659000,股
2026-09-23,2376,技嘉,0.44,508000,股
2026-09-23,6139,亞翔,0.44,250000,股
2026-09-23,2360,致茂,0.42,76000,股
2026-09-23,3711,日月光投控,0.41,250000,股
2026-09-23,3081,聯亞,0.4,63000,股
2026-09-23,6274,台燿,0.39,113000,股
2026-09-23,6187,萬潤,0.38,134000,股
2026-09-23,5289,宜鼎,0.31,99952,股
2026-09-23,5347,世界,0.26,629000,股
2026-09-23,3131,弘塑,0.01,1000,股
2026-09-23,C_NTD,CASH,,1568227263,元
2026-09-23,PFUR_NTD,PAYABLES FOR UNITS REDEEMED,,-439622802,元
2026-09-23,RDI_NTD,RECEIVABLES FOR DISPOSAL OF INVESTMENTS,,-799312702,元
2026-09-24,3017,奇鋐,8.45,1001000,股
2026-09-24,3037,欣興,6.98,2482000,股
2026-09-24,2330,台積電,6.56,1116000,股
2026-09-24,3665,貿聯-KY,6.45,1161000,股
2026-09-24,2059,川湖,6.01,205000,股
2026-09-24,8996,高力,5.92,1630000,股
2026-09-24,2383,台光電,5.58,465000,股
2026-09-24,2345,智邦,4.97,1104000,股
2026-09-24,6223,旺矽,4.42,344000,股
2026-09-24,3008,大立光,4.35,293000,股
2026-09-24,3443,創意,3.32,164000,股
2026-09-24,3231,緯創,3.17,7245000,股
2026-09-24,1815,富喬,3.15,11420868,股
2026-09-24,8021,尖點,3.06,2682000,股
2026-09-24,6584,南俊國際,2.86,2213000,股
2026-09-24,8046,南電,2.85,968000,股
2026-09-24,2454,聯發科,2.25,179000,股
2026-09-24,2455,全新,2.24,1700000,股
2026-09-24,6669,緯穎,2.16,429675,股
2026-09-24,1303,南亞,2.06,3645000,股
2026-09-24,3189,景碩,1.93,844013,股
2026-09-24,4958,臻鼎-KY,1.13,1000000,股
2026-09-24,2308,台達電,0.91,200000,股
2026-09-24,6515,穎崴,0.71,51000,股
2026-09-24,3653,健策,0.54,33000,股
2026-09-24,6213,聯茂,0.53,373000,股
2026-09-24,5274,信驊,0.52,11000,股
2026-09-24,8150,南茂,0.52,1957000,股
2026-09-24,3026,禾伸堂,0.5,261000,股
2026-09-24,2404,漢唐,0.47,155000,股
2026-09-24,2301,光寶科,0.45,659000,股
2026-09-24,6139,亞翔,0.45,250000,股
2026-09-24,2357,華碩,0.44,196000,股
2026-09-24,2376,技嘉,0.44,508000,股
2026-09-24,2360,致茂,0.41,76000,股
2026-09-24,3711,日月光投控,0.41,250000,股
2026-09-24,3081,聯亞,0.4,63000,股
2026-09-24,6274,台燿,0.4,113000,股
2026-09-24,6187,萬潤,0.38,134000,股
2026-09-24,5289,宜鼎,0.31,99952,股
2026-09-24,5347,世界,0.25,629000,股
2026-09-24,3131,弘塑,0.01,1000,股
2026-09-24,C_NTD,CASH,,1194684084,元
2026-09-24,PFUR_NTD,PAYABLES FOR UNITS REDEEMED,,-759857072,元
2026-09-24,RDI_NTD,RECEIVABLES FOR DISPOSAL OF INVESTMENTS,,-1476405,元
2026-09-29,3017,奇鋐,8.18,1001000,股
2026-09-29,3037,欣興,6.95,2482000,股
2026-09-29,3665,貿聯-KY,6.82,1161000,股
2026-09-29,2330,台積電,6.64,1116000,股
2026-09-29,8996,高力,6.21,1630000,股
2026-09-29,2059,川湖,5.97,205000,股
2026-09-29,2383,台光電,5.5,465000,股
2026-09-29,2345,智邦,4.8,1104000,股
2026-09-29,6223,旺矽,4.29,344000,股
2026-09-29,3008,大立光,4.24,293000,股
2026-09-29,3231,緯創,3.23,7245000,股
2026-09-29,1815,富喬,3.18,11420868,股
2026-09-29,3443,創意,3.12,164000,股
2026-09-29,8021,尖點,3.09,2682000,股
2026-09-29,8046,南電,2.96,968000,股
2026-09-29,6584,南俊國際,2.89,2213000,股
2026-09-29,2455,全新,2.22,1700000,股
2026-09-29,6669,緯穎,2.17,429675,股
2026-09-29,1303,南亞,2.16,3645000,股
2026-09-29,2454,聯發科,2.11,179000,股
2026-09-29,3189,景碩,1.94,844013,股
2026-09-29,4958,臻鼎-KY,1.2,1000000,股
2026-09-29,2308,台達電,0.88,200000,股
2026-09-29,6515,穎崴,0.7,51000,股
2026-09-29,6213,聯茂,0.56,373000,股
2026-09-29,3653,健策,0.55,33000,股
2026-09-29,5274,信驊,0.51,11000,股
2026-09-29,3026,禾伸堂,0.5,261000,股
2026-09-29,8150,南茂,0.49,1957000,股
2026-09-29,2301,光寶科,0.45,659000,股
2026-09-29,2357,華碩,0.45,196000,股
2026-09-29,2404,漢唐,0.45,155000,股
2026-09-29,2376,技嘉,0.44,508000,股
2026-09-29,6139,亞翔,0.44,250000,股
2026-09-29,6187,萬潤,0.42,134000,股
2026-09-29,3711,日月光投控,0.41,250000,股
2026-09-29,2360,致茂,0.4,76000,股
2026-09-29,3081,聯亞,0.4,63000,股
2026-09-29,6274,台燿,0.4,113000,股
2026-09-29,5289,宜鼎,0.31,99952,股
2026-09-29,5347,世界,0.27,629000,股
2026-09-29,3131,弘塑,0.01,1000,股
2026-09-29,C_NTD,CASH,,752567197,元
2026-09-29,PFUR_NTD,PAYABLES FOR UNITS REDEEMED,,-731884718,元
2026-09-29,RDI_NTD,RECEIVABLES FOR DISPOSAL OF INVESTMENTS,,412668128,元
2026-09-30,3017,奇鋐,8.19,1001000,股
2026-09-30,3665,貿聯-KY,7.18,1161000,股
2026-09-30,3037,欣興,6.95,2482000,股
2026-09-30,2330,台積電,6.6,1116000,股
2026-09-30,8996,高力,6.23,1630000,股
2026-09-30,2059,川湖,5.89,205000,股
2026-09-30,2383,台光電,5.47,465000,股
2026-09-30,2345,智邦,4.67,1104000,股
2026-09-30,6223,旺矽,4.2,344000,股
2026-09-30,3008,大立光,4.15,293000,股
2026-09-30,3231,緯創,3.19,7245000,股
2026-09-30,1815,富喬,3.16,11420868,股
2026-09-30,3443,創意,3.14,164000,股
2026-09-30,8021,尖點,3.11,2682000,股
2026-09-30,8046,南電,3.09,968000,股
2026-09-30,6584,南俊國際,2.85,2213000,股
2026-09-30,2455,全新,2.24,1700000,股
2026-09-30,1303,南亞,2.22,3645000,股
2026-09-30,6669,緯穎,2.14,429675,股
2026-09-30,2454,聯發科,2.1,179000,股
2026-09-30,3189,景碩,1.95,844013,股
2026-09-30,4958,臻鼎-KY,1.21,1000000,股
2026-09-30,2308,台達電,0.9,200000,股
2026-09-30,6515,穎崴,0.72,51000,股
2026-09-30,6213,聯茂,0.55,373000,股
2026-09-30,3653,健策,0.53,33000,股
2026-09-30,8150,南茂,0.53,1957000,股
2026-09-30,3026,禾伸堂,0.49,261000,股
2026-09-30,5274,信驊,0.49,11000,股
2026-09-30,2404,漢唐,0.48,155000,股
2026-09-30,2357,華碩,0.45,196000,股
2026-09-30,6139,亞翔,0.45,250000,股
2026-09-30,2301,光寶科,0.44,659000,股
2026-09-30,2376,技嘉,0.43,508000,股
2026-09-30,3711,日月光投控,0.42,250000,股
2026-09-30,6187,萬潤,0.42,134000,股
2026-09-30,6274,台燿,0.41,113000,股
2026-09-30,3081,聯亞,0.4,63000,股
2026-09-30,2360,致茂,0.39,76000,股
2026-09-30,5289,宜鼎,0.31,99952,股
2026-09-30,5347,世界,0.27,629000,股
2026-09-30,3131,弘塑,0.01,1000,股
2026-09-30,C_NTD,CASH,,764779121,元
2026-09-30,PFUR_NTD,PAYABLES FOR UNITS REDEEMED,,-357808866,元
2026-10-01,3017,奇鋐,7.21,871000,股
2026-10-01,3037,欣興,7.11,2482000,股
2026-10-01,3665,貿聯-KY,7.0,1161000,股
2026-10-01,2330,台積電,6.61,1116000,股
2026-10-01,8996,高力,6.02,1630000,股
2026-10-01,2059,川湖,5.72,205000,股
2026-10-01,2383,台光電,5.46,465000,股
2026-10-01,2345,智邦,4.95,1104000,股
2026-10-01,3008,大立光,4.29,293000,股
2026-10-01,6223,旺矽,4.08,344000,股
2026-10-01,3231,緯創,3.26,7245000,股
2026-10-01,8046,南電,3.24,968000,股
2026-10-01,8021,尖點,3.18,2682000,股
2026-10-01,1815,富喬,3.13,11420868,股
2026-10-01,3443,創意,3.06,164000,股
2026-10-01,6584,南俊國際,2.77,2213000,股
2026-10-01,2455,全新,2.19,1700000,股
2026-10-01,1303,南亞,2.18,3645000,股
2026-10-01,6669,緯穎,2.14,429675,股
2026-10-01,2454,聯發科,2.1,179000,股
2026-10-01,3189,景碩,2.01,844013,股
2026-10-01,4958,臻鼎-KY,1.2,1000000,股
2026-10-01,2308,台達電,0.9,200000,股
2026-10-01,6515,穎崴,0.69,51000,股
2026-10-01,6213,聯茂,0.56,373000,股
2026-10-01,3653,健策,0.54,33000,股
2026-10-01,8150,南茂,0.53,1957000,股
2026-10-01,3026,禾伸堂,0.52,261000,股
2026-10-01,5274,信驊,0.49,11000,股
2026-10-01,2404,漢唐,0.48,155000,股
2026-10-01,2357,華碩,0.45,196000,股
2026-10-01,6139,亞翔,0.45,250000,股
2026-10-01,2301,光寶科,0.44,659000,股
2026-10-01,2376,技嘉,0.44,508000,股
2026-10-01,3711,日月光投控,0.42,250000,股
2026-10-01,6274,台燿,0.41,113000,股
2026-10-01,3081,聯亞,0.4,63000,股
2026-10-01,6187,萬潤,0.4,134000,股
2026-10-01,2360,致茂,0.37,76000,股
2026-10-01,5289,宜鼎,0.3,99952,股
2026-10-01,5347,世界,0.27,629000,股
2026-10-01,3131,弘塑,0.01,1000,股
2026-10-01,C_NTD,CASH,,457804841,元
2026-10-01,PFUR_NTD,PAYABLES FOR UNITS REDEEMED,,-37574596,元
2026-10-01,RDI_NTD,RECEIVABLES FOR DISPOSAL OF INVESTMENTS,,444773969,元
2026-10-02,3037,欣興,7.5,2482000,股
2026-10-02,3017,奇鋐,6.93,871000,股
2026-10-02,3665,貿聯-KY,6.82,1161000,股
2026-10-02,2330,台積電,6.46,1116000,股
2026-10-02,8996,高力,5.7,1630000,股
2026-10-02,2383,台光電,5.58,465000,股
2026-10-02,2345,智邦,5.47,1204000,股
2026-10-02,2059,川湖,4.78,170000,股
2026-10-02,3008,大立光,4.26,293000,股
2026-10-02,6223,旺矽,4.23,344000,股
2026-10-02,8021,尖點,3.43,2682000,股
2026-10-02,8046,南電,3.27,968000,股
2026-10-02,1815,富喬,3.2,11420868,股
2026-10-02,3231,緯創,3.13,7245000,股
2026-10-02,3443,創意,3.0,164000,股
2026-10-02,6584,南俊國際,2.6,2115000,股
2026-10-02,1303,南亞,2.19,3645000,股
2026-10-02,6669,緯穎,2.07,429675,股
2026-10-02,2454,聯發科,2.05,179000,股
2026-10-02,3189,景碩,2.05,844013,股
2026-10-02,2455,全新,1.34,1000000,股
2026-10-02,4958,臻鼎-KY,1.3,1000000,股
2026-10-02,2308,台達電,0.87,200000,股
2026-10-02,6515,穎崴,0.72,51000,股
2026-10-02,6213,聯茂,0.59,373000,股
2026-10-02,8150,南茂,0.58,1957000,股
2026-10-02,3653,健策,0.52,33000,股
2026-10-02,3026,禾伸堂,0.5,261000,股
2026-10-02,5274,信驊,0.48,11000,股
2026-10-02,2404,漢唐,0.46,155000,股
2026-10-02,6139,亞翔,0.45,250000,股
2026-10-02,2357,華碩,0.44,196000,股
2026-10-02,2376,技嘉,0.44,508000,股
2026-10-02,2301,光寶科,0.43,659000,股
2026-10-02,3081,聯亞,0.43,63000,股
2026-10-02,6187,萬潤,0.42,134000,股
2026-10-02,6274,台燿,0.42,113000,股
2026-10-02,3711,日月光投控,0.41,250000,股
2026-10-02,2360,致茂,0.39,76000,股
2026-10-02,5289,宜鼎,0.3,99952,股
2026-10-02,5347,世界,0.27,629000,股
2026-10-02,3131,弘塑,0.01,1000,股
2026-10-02,C_NTD,CASH,,459454652,元
2026-10-02,PFUR_NTD,PAYABLES FOR UNITS REDEEMED,,-37574596,元
2026-10-02,RDI_NTD,RECEIVABLES FOR DISPOSAL OF INVESTMENTS,,1115421520,元
2026-10-05,3037,欣興,7.3,2482000,股
2026-10-05,3017,奇鋐,6.94,871000,股
2026-10-05,3665,貿聯-KY,6.41,1161000,股
2026-10-05,2330,台積電,6.38,1116000,股
2026-10-05,2383,台光電,5.89,465000,股
2026-10-05,8996,高力,5.77,1630000,股
2026-10-05,2345,智邦,5.55,1204000,股
2026-10-05,2059,川湖,5.04,170000,股
2026-10-05,3008,大立光,4.38,293000,股
2026-10-05,6223,旺矽,4.22,344000,股
2026-10-05,8021,尖點,3.34,2682000,股
2026-10-05,1815,富喬,3.26,11420868,股
2026-10-05,8046,南電,3.21,968000,股
2026-10-05,3443,創意,3.13,164000,股
2026-10-05,3231,緯創,3.05,7245000,股
2026-10-05,1303,南亞,2.32,3645000,股
2026-10-05,6584,南俊國際,2.29,1905000,股
2026-10-05,2454,聯發科,2.05,179000,股
2026-10-05,3189,景碩,2.05,844013,股
2026-10-05,6669,緯穎,2.05,429675,股
2026-10-05,2360,致茂,1.42,275000,股
2026-10-05,2455,全新,1.35,1000000,股
2026-10-05,4958,臻鼎-KY,1.28,1000000,股
2026-10-05,2308,台達電,0.89,200000,股
2026-10-05,6515,穎崴,0.7,51000,股
2026-10-05,6213,聯茂,0.62,373000,股
2026-10-05,8150,南茂,0.54,1957000,股
2026-10-05,3653,健策,0.53,33000,股
2026-10-05,5274,信驊,0.48,11000,股
2026-10-05,3026,禾伸堂,0.47,261000,股
2026-10-05,2404,漢唐,0.45,155000,股
2026-10-05,6274,台燿,0.45,113000,股
2026-10-05,2301,光寶科,0.44,659000,股
2026-10-05,2376,技嘉,0.44,508000,股
2026-10-05,6139,亞翔,0.44,250000,股
2026-10-05,6187,萬潤,0.44,134000,股
2026-10-05,2357,華碩,0.43,196000,股
2026-10-05,3081,聯亞,0.42,63000,股
2026-10-05,3711,日月光投控,0.41,250000,股
2026-10-05,5289,宜鼎,0.29,99952,股
2026-10-05,5347,世界,0.26,629000,股
2026-10-05,3131,弘塑,0.01,1000,股
2026-10-05,C_NTD,CASH,,831297502,元
2026-10-05,RDI_NTD,RECEIVABLES FOR DISPOSAL OF INVESTMENTS,,328388029,元
2026-10-06,3037,欣興,7.21,2482000,股
2026-10-06,3017,奇鋐,7.12,871000,股
2026-10-06,2330,台積電,6.4,1116000,股
2026-10-06,2383,台光電,6.18,465000,股
2026-10-06,3665,貿聯-KY,5.98,1161000,股
2026-10-06,8996,高力,5.78,1630000,股
2026-10-06,2345,智邦,5.47,1204000,股
2026-10-06,2059,川湖,4.94,170000,股
2026-10-06,3008,大立光,4.45,293000,股
2026-10-06,6223,旺矽,4.32,344000,股
2026-10-06,8021,尖點,3.34,2682000,股
2026-10-06,8046,南電,3.23,968000,股
2026-10-06,1815,富喬,3.22,11420868,股
2026-10-06,3443,創意,3.05,164000,股
2026-10-06,3231,緯創,3.04,7245000,股
2026-10-06,1303,南亞,2.37,3645000,股
2026-10-06,6584,南俊國際,2.33,1904000,股
2026-10-06,6669,緯穎,2.18,429675,股
2026-10-06,3189,景碩,2.0,844013,股
2026-10-06,2454,聯發科,1.95,179000,股
2026-10-06,2360,致茂,1.43,275000,股
2026-10-06,4958,臻鼎-KY,1.27,1000000,股
2026-10-06,2455,全新,1.26,1000000,股
2026-10-06,2308,台達電,0.91,200000,股
2026-10-06,6515,穎崴,0.69,51000,股
2026-10-06,6213,聯茂,0.65,373000,股
2026-10-06,8150,南茂,0.55,1957000,股
2026-10-06,3653,健策,0.52,33000,股
2026-10-06,2404,漢唐,0.46,155000,股
2026-10-06,3026,禾伸堂,0.46,261000,股
2026-10-06,5274,信驊,0.46,11000,股
2026-10-06,6187,萬潤,0.46,134000,股
2026-10-06,2301,光寶科,0.44,659000,股
2026-10-06,6139,亞翔,0.44,250000,股
2026-10-06,6274,台燿,0.44,113000,股
2026-10-06,2357,華碩,0.43,196000,股
2026-10-06,2376,技嘉,0.43,508000,股
2026-10-06,3081,聯亞,0.41,63000,股
2026-10-06,3711,日月光投控,0.41,250000,股
2026-10-06,5289,宜鼎,0.28,99952,股
2026-10-06,5347,世界,0.27,629000,股
2026-10-06,3131,弘塑,0.01,1000,股
2026-10-06,C_NTD,CASH,,1572891698,元
2026-10-06,RDI_NTD,RECEIVABLES FOR DISPOSAL OF INVESTMENTS,,-341701818,元
2026-10-07,3037,欣興,7.23,2482000,股
2026-10-07,3017,奇鋐,6.9,871000,股
2026-10-07,2330,台積電,6.44,1116000,股
2026-10-07,2383,台光電,6.18,465000,股
2026-10-07,3665,貿聯-KY,6.0,1161000,股
2026-10-07,8996,高力,5.99,1630000,股
2026-10-07,2345,智邦,5.42,1204000,股
2026-10-07,2059,川湖,4.48,170000,股
2026-10-07,3008,大立光,4.48,293000,股
2026-10-07,6223,旺矽,4.25,344000,股
2026-10-07,1815,富喬,3.38,11420868,股
2026-10-07,8021,尖點,3.33,2682000,股
2026-10-07,8046,南電,3.2,968000,股
2026-10-07,3443,創意,3.1,164000,股
2026-10-07,3231,緯創,2.99,7245000,股
2026-10-07,1303,南亞,2.56,3645000,股
2026-10-07,6584,南俊國際,2.29,1904000,股
2026-10-07,2360,致茂,2.26,422000,股
2026-10-07,6669,緯穎,2.15,429675,股
2026-10-07,3189,景碩,2.07,844013,股
2026-10-07,2454,聯發科,1.93,179000,股
2026-10-07,4958,臻鼎-KY,1.33,1000000,股
2026-10-07,2308,台達電,0.89,200000,股
2026-10-07,6213,聯茂,0.66,373000,股
2026-10-07,6515,穎崴,0.63,51000,股
2026-10-07,8150,南茂,0.56,1957000,股
2026-10-07,3653,健策,0.5,33000,股
2026-10-07,3026,禾伸堂,0.49,261000,股
2026-10-07,2404,漢唐,0.46,155000,股
2026-10-07,6187,萬潤,0.46,134000,股
2026-10-07,2301,光寶科,0.44,659000,股
2026-10-07,3081,聯亞,0.44,63000,股
2026-10-07,5274,信驊,0.44,11000,股
2026-10-07,6139,亞翔,0.44,250000,股
2026-10-07,2357,華碩,0.43,196000,股
2026-10-07,6274,台燿,0.43,113000,股
2026-10-07,2376,技嘉,0.41,508000,股
2026-10-07,3711,日月光投控,0.41,250000,股
2026-10-07,5289,宜鼎,0.28,99952,股
2026-10-07,5347,世界,0.27,629000,股
2026-10-07,3131,弘塑,0.01,1000,股
2026-10-07,C_NTD,CASH,,1300933190,元
2026-10-07,RDI_NTD,RECEIVABLES FOR DISPOSAL OF INVESTMENTS,,201659070,元
2026-10-08,3037,欣興,7.01,2482000,股
2026-10-08,3017,奇鋐,6.67,871000,股
2026-10-08,2330,台積電,6.33,1116000,股
2026-10-08,2383,台光電,6.21,465000,股
2026-10-08,8996,高力,6.2,1630000,股
2026-10-08,3665,貿聯-KY,6.1,1161000,股
2026-10-08,2345,智邦,5.55,1204000,股
2026-10-08,3008,大立光,4.34,293000,股
2026-10-08,6223,旺矽,4.27,344000,股
2026-10-08,2059,川湖,4.02,170000,股
2026-10-08,1815,富喬,3.43,11420868,股
2026-10-08,8021,尖點,3.32,2682000,股
2026-10-08,8046,南電,3.18,968000,股
2026-10-08,3443,創意,3.05,164000,股
2026-10-08,3231,緯創,3.04,7245000,股
2026-10-08,1303,南亞,2.51,3645000,股
2026-10-08,6584,南俊國際,2.25,1904000,股
2026-10-08,2360,致茂,2.19,422000,股
2026-10-08,6669,緯穎,2.14,429675,股
2026-10-08,3189,景碩,2.02,844013,股
2026-10-08,2454,聯發科,1.87,179000,股
2026-10-08,4958,臻鼎-KY,1.32,1000000,股
2026-10-08,2308,台達電,0.87,200000,股
2026-10-08,6213,聯茂,0.67,373000,股
2026-10-08,6515,穎崴,0.64,51000,股
2026-10-08,8150,南茂,0.56,1957000,股
2026-10-08,3653,健策,0.53,33000,股
2026-10-08,3026,禾伸堂,0.51,261000,股
2026-10-08,2404,漢唐,0.45,155000,股
2026-10-08,6187,萬潤,0.45,134000,股
2026-10-08,2301,光寶科,0.44,659000,股
2026-10-08,6274,台燿,0.44,113000,股
2026-10-08,2357,華碩,0.43,196000,股
2026-10-08,5274,信驊,0.43,11000,股
2026-10-08,6139,亞翔,0.43,250000,股
2026-10-08,2376,技嘉,0.41,508000,股
2026-10-08,3081,聯亞,0.41,63000,股
2026-10-08,3711,日月光投控,0.41,250000,股
2026-10-08,5289,宜鼎,0.28,99952,股
2026-10-08,5347,世界,0.26,629000,股
2026-10-08,3131,弘塑,0.01,1000,股
2026-10-08,C_NTD,CASH,,1755566125,元
2026-10-08,RDI_NTD,RECEIVABLES FOR DISPOSAL OF INVESTMENTS,,201101366,元
