date,code,name,weight,shares,unit
2026-03-24,2330,台積電,6.49,32000,股
2026-03-24,2308,台達電,4.12,26000,股
2026-03-24,2454,聯發科,3.63,20000,股
2026-03-24,4958,臻鼎-KY,3.55,161000,股
2026-03-24,2344,華邦電,3.29,295000,股
2026-03-24,2383,台光電子,3.01,10000,股
2026-03-24,3443,創意電子,2.81,10000,股
2026-03-24,3017,奇鋐科技,2.4,11000,股
2026-03-24,6415,矽力-KY,2.15,68000,股
2026-03-24,6223,旺矽,2.06,5000,股
2026-03-24,8046,南電,1.93,35000,股
2026-03-24,6770,力積電,1.9,271000,股
2026-03-24,2408,南科,1.84,76000,股
2026-03-24,6510,精測,1.79,5000,股
2026-03-24,3661,世芯-KY,1.74,5000,股
2026-03-24,5234,達興,1.64,41000,股
2026-03-24,3131,弘塑科技,1.63,6000,股
2026-03-24,6831,邁科,1.51,40000,股
2026-03-24,4551,智伸科,1.48,103000,股
2026-03-24,3711,日月光投控,1.45,39000,股
2026-03-24,5536,聖暉工程,1.43,17000,股
2026-03-24,3211,順達科,1.24,35000,股
2026-03-24,6781,AES-KY,1.22,10000,股
2026-03-24,2455,全新,1.09,40000,股
2026-03-24,6526,達發,1.08,20000,股
2026-03-24,6139,亞翔工程,1.06,15000,股
2026-03-24,6805,富世達,1.03,5000,股
2026-03-24,2368,金像電,0.99,10000,股
2026-03-24,3665,貿聯-KY,0.97,5000,股
2026-03-24,3653,健策,0.89,2000,股
2026-03-24,3533,嘉澤端子,0.88,4000,股
2026-03-24,2467,志聖工業,0.87,21000,股
2026-03-24,2345,智邦科技,0.86,5000,股
2026-03-24,6669,緯穎,0.83,2000,股
2026-03-24,3264,欣銓科技,0.77,47000,股
2026-03-24,3363,上詮,0.74,10000,股
2026-03-24,2449,京元電,0.72,23000,股
2026-03-24,8210,勤誠興業,0.68,7000,股
2026-03-24,2360,致茂電子,0.66,4000,股
2026-03-24,2543,皇昌營造,0.58,82000,股
2026-03-24,2327,國巨,0.53,19000,股
2026-03-24,2645,長榮航太,0.48,29000,股
2026-03-24,4749,新應材,0.48,5000,股
2026-03-24,1303,南亞塑膠,0.43,53000,股
2026-03-24,1519,華城電機,0.39,4000,股
2026-03-24,3693,營邦,0.38,7000,股
2026-03-24,4583,台灣精銳,0.29,4000,股
2026-03-24,1802,台玻,0.2,34000,股
2026-03-24,2317,鴻海,0.2,9000,股
2026-03-24,2881,富邦金,0.2,20000,股
2026-03-24,2882,國泰金,0.2,25000,股
2026-03-24,2382,廣達,0.19,6000,股
2026-03-24,C_NTD,CASH,,747572522,元
2026-03-24,RDI_NTD,RECEIVABLES FOR DISPOSAL OF INVESTMENTS,,-506290220,元
2026-03-25,2330,台積電,6.37,37000,股
2026-03-25,4958,臻鼎-KY,4.05,209000,股
2026-03-25,2308,台達電,3.76,26000,股
2026-03-25,2454,聯發科,3.48,23000,股
2026-03-25,2383,台光電子,3.19,12000,股
2026-03-25,2344,華邦電,2.98,325000,股
2026-03-25,6415,矽力-KY,2.57,94000,股
2026-03-25,4551,智伸科,2.49,199000,股
2026-03-25,5536,聖暉工程,2.46,33000,股
2026-03-25,6223,旺矽,2.45,7000,股
2026-03-25,3443,創意電子,2.31,10000,股
2026-03-25,6831,邁科,2.27,67000,股
2026-03-25,3017,奇鋐科技,2.15,11000,股
2026-03-25,5234,達興,2.12,62000,股
2026-03-25,6526,達發,2.1,45000,股
2026-03-25,6781,AES-KY,2.1,20000,股
2026-03-25,6510,精測,2.09,7000,股
2026-03-25,6805,富世達,1.95,11000,股
2026-03-25,2408,南科,1.88,89000,股
2026-03-25,3665,貿聯-KY,1.85,11000,股
2026-03-25,3533,嘉澤端子,1.81,9000,股
2026-03-25,8046,南電,1.76,35000,股
2026-03-25,6770,力積電,1.64,271000,股
2026-03-25,6139,亞翔工程,1.59,26000,股
2026-03-25,3131,弘塑科技,1.49,6000,股
2026-03-25,3653,健策,1.47,4000,股
2026-03-25,3661,世芯-KY,1.47,5000,股
2026-03-25,2345,智邦科技,1.41,9000,股
2026-03-25,2368,金像電,1.29,15000,股
2026-03-25,2467,志聖工業,1.28,34000,股
2026-03-25,3711,日月光投控,1.28,39000,股
2026-03-25,3211,順達科,1.14,35000,股
2026-03-25,3264,欣銓科技,1.12,78000,股
2026-03-25,2449,京元電,1.05,39000,股
2026-03-25,2455,全新,0.99,40000,股
2026-03-25,2543,皇昌營造,0.95,155000,股
2026-03-25,2645,長榮航太,0.87,60000,股
2026-03-25,1519,華城電機,0.78,9000,股
2026-03-25,6669,緯穎,0.7,2000,股
2026-03-25,3363,上詮,0.63,10000,股
2026-03-25,2360,致茂電子,0.61,4000,股
2026-03-25,8210,勤誠興業,0.59,7000,股
2026-03-25,2327,國巨,0.46,19000,股
2026-03-25,4749,新應材,0.42,5000,股
2026-03-25,1303,南亞塑膠,0.38,53000,股
2026-03-25,3693,營邦,0.33,7000,股
2026-03-25,4583,台灣精銳,0.25,4000,股
2026-03-25,1802,台玻,0.17,34000,股
2026-03-25,2317,鴻海,0.17,9000,股
2026-03-25,2881,富邦金,0.17,20000,股
2026-03-25,2882,國泰金,0.17,25000,股
2026-03-25,2382,廣達,0.16,6000,股
2026-03-25,C_NTD,CASH,,561242610,元
2026-03-25,RDI_NTD,RECEIVABLES FOR DISPOSAL OF INVESTMENTS,,-533232756,元
2026-03-26,2330,台積電,5.18,43000,股
2026-03-26,4958,臻鼎-KY,4.84,338000,股
2026-03-26,2308,台達電,4.17,42000,股
2026-03-26,2383,台光電子,3.86,20000,股
2026-03-26,2454,聯發科,3.65,35000,股
2026-03-26,6415,矽力-KY,3.06,158000,股
2026-03-26,6831,邁科,3.04,119000,股
2026-03-26,3017,奇鋐科技,2.98,20000,股
2026-03-26,2344,華邦電,2.55,406000,股
2026-03-26,6223,旺矽,2.39,10000,股
2026-03-26,5536,聖暉工程,2.37,48000,股
2026-03-26,3443,創意電子,2.33,14000,股
2026-03-26,6781,AES-KY,2.25,32000,股
2026-03-26,3533,嘉澤端子,2.08,14000,股
2026-03-26,6526,達發,2.08,64000,股
2026-03-26,3665,貿聯-KY,2.02,17000,股
2026-03-26,6510,精測,2.01,10000,股
2026-03-26,6805,富世達,1.87,15000,股
2026-03-26,8046,南電,1.83,49000,股
2026-03-26,4551,智伸科,1.71,199000,股
2026-03-26,2467,志聖工業,1.63,60000,股
2026-03-26,6139,亞翔工程,1.62,42000,股
2026-03-26,6770,力積電,1.62,394000,股
2026-03-26,2455,全新,1.57,88000,股
2026-03-26,3211,順達科,1.57,66000,股
2026-03-26,3653,健策,1.55,6000,股
2026-03-26,6531,愛普科技,1.47,44000,股
2026-03-26,5234,達興,1.45,62000,股
2026-03-26,2345,智邦科技,1.43,13000,股
2026-03-26,3661,世芯-KY,1.4,7000,股
2026-03-26,2368,金像電,1.38,23000,股
2026-03-26,2408,南科,1.31,89000,股
2026-03-26,3264,欣銓科技,1.27,129000,股
2026-03-26,2449,京元電,1.24,66000,股
2026-03-26,3131,弘塑科技,1.08,6000,股
2026-03-26,3711,日月光投控,0.92,39000,股
2026-03-26,8210,勤誠興業,0.89,15000,股
2026-03-26,2360,致茂電子,0.86,8000,股
2026-03-26,1303,南亞塑膠,0.77,158000,股
2026-03-26,4583,台灣精銳,0.71,16000,股
2026-03-26,2543,皇昌營造,0.64,155000,股
2026-03-26,2645,長榮航太,0.61,60000,股
2026-03-26,1519,華城電機,0.53,9000,股
2026-03-26,6669,緯穎,0.45,2000,股
2026-03-26,3363,上詮,0.42,10000,股
2026-03-26,2327,國巨,0.33,19000,股
2026-03-26,4749,新應材,0.29,5000,股
2026-03-26,3693,營邦,0.22,7000,股
2026-03-26,1802,台玻,0.12,34000,股
2026-03-26,2317,鴻海,0.12,9000,股
2026-03-26,2881,富邦金,0.12,20000,股
2026-03-26,2882,國泰金,0.12,25000,股
2026-03-26,2382,廣達,0.11,6000,股
2026-03-26,C_NTD,CASH,,393240342,元
2026-03-26,RDI_NTD,RECEIVABLES FOR DISPOSAL OF INVESTMENTS,,-640214584,元
2026-03-27,2330,台積電,6.53,92000,股
2026-03-27,4958,臻鼎-KY,5.3,591000,股
2026-03-27,2308,台達電,4.53,77000,股
2026-03-27,2383,台光電子,3.86,34000,股
2026-03-27,2454,聯發科,3.4,55000,股
2026-03-27,6831,邁科,3.1,201000,股
2026-03-27,6415,矽力-KY,3.04,266000,股
2026-03-27,3017,奇鋐科技,2.83,33000,股
2026-03-27,3533,嘉澤端子,2.38,27000,股
2026-03-27,2344,華邦電,2.36,656000,股
2026-03-27,3665,貿聯-KY,2.18,30000,股
2026-03-27,5536,聖暉工程,2.17,74000,股
2026-03-27,6223,旺矽,2.14,15000,股
2026-03-27,3443,創意電子,2.11,22000,股
2026-03-27,6781,AES-KY,2.09,50000,股
2026-03-27,6510,精測,2.02,16000,股
2026-03-27,6526,達發,2.01,104000,股
2026-03-27,6805,富世達,2.01,27000,股
2026-03-27,8046,南電,1.99,91000,股
2026-03-27,2467,志聖工業,1.75,108000,股
2026-03-27,3211,順達科,1.74,122000,股
2026-03-27,2455,全新,1.71,162000,股
2026-03-27,4551,智伸科,1.67,320000,股
2026-03-27,6531,愛普科技,1.64,83000,股
2026-03-27,2345,智邦科技,1.55,24000,股
2026-03-27,6139,亞翔工程,1.5,67000,股
2026-03-27,3131,弘塑科技,1.44,13000,股
2026-03-27,3653,健策,1.42,9000,股
2026-03-27,2408,南科,1.33,155000,股
2026-03-27,2368,金像電,1.3,36000,股
2026-03-27,3264,欣銓科技,1.29,209000,股
2026-03-27,3661,世芯-KY,1.19,10000,股
2026-03-27,2449,京元電,1.01,93000,股
2026-03-27,6770,力積電,0.91,394000,股
2026-03-27,2360,致茂電子,0.88,14000,股
2026-03-27,5234,達興,0.86,62000,股
2026-03-27,8210,勤誠興業,0.82,23000,股
2026-03-27,3711,日月光投控,0.81,59000,股
2026-03-27,4583,台灣精銳,0.78,30000,股
2026-03-27,1303,南亞塑膠,0.73,254000,股
2026-03-27,2543,皇昌營造,0.66,270000,股
2026-03-27,2645,長榮航太,0.63,106000,股
2026-03-27,1519,華城電機,0.3,9000,股
2026-03-27,6669,緯穎,0.26,2000,股
2026-03-27,3363,上詮,0.25,10000,股
2026-03-27,1802,台玻,0.19,90000,股
2026-03-27,2327,國巨,0.19,19000,股
2026-03-27,4749,新應材,0.17,5000,股
2026-03-27,3693,營邦,0.14,7000,股
2026-03-27,2317,鴻海,0.07,9000,股
2026-03-27,2382,廣達,0.07,6000,股
2026-03-27,2881,富邦金,0.07,20000,股
2026-03-27,2882,國泰金,0.07,25000,股
2026-03-27,C_NTD,CASH,,639210223,元
2026-03-27,RDI_NTD,RECEIVABLES FOR DISPOSAL OF INVESTMENTS,,-1305708942,元
2026-03-30,2330,台積電,6.76,106000,股
2026-03-30,4958,臻鼎-KY,4.8,591000,股
2026-03-30,2308,台達電,4.47,84000,股
2026-03-30,2383,台光電子,3.49,35000,股
2026-03-30,6831,邁科,3.1,228000,股
2026-03-30,6415,矽力-KY,3.09,302000,股
2026-03-30,2454,聯發科,2.98,55000,股
2026-03-30,3017,奇鋐科技,2.52,33000,股
2026-03-30,5536,聖暉工程,2.34,88000,股
2026-03-30,6510,精測,2.26,19000,股
2026-03-30,2344,華邦電,2.19,656000,股
2026-03-30,3533,嘉澤端子,2.15,27000,股
2026-03-30,6223,旺矽,2.14,16000,股
2026-03-30,8046,南電,2.08,100000,股
2026-03-30,3665,貿聯-KY,2.02,30000,股
2026-03-30,2467,志聖工業,1.84,127000,股
2026-03-30,3443,創意電子,1.82,22000,股
2026-03-30,6781,AES-KY,1.82,50000,股
2026-03-30,6526,達發,1.77,104000,股
2026-03-30,6805,富世達,1.77,27000,股
2026-03-30,3211,順達科,1.73,136000,股
2026-03-30,2455,全新,1.59,162000,股
2026-03-30,2345,智邦科技,1.58,27000,股
2026-03-30,3264,欣銓科技,1.51,260000,股
2026-03-30,4551,智伸科,1.5,320000,股
2026-03-30,6531,愛普科技,1.44,83000,股
2026-03-30,3131,弘塑科技,1.31,13000,股
2026-03-30,6139,亞翔工程,1.31,67000,股
2026-03-30,3653,健策,1.25,9000,股
2026-03-30,2408,南科,1.22,155000,股
2026-03-30,2368,金像電,1.16,36000,股
2026-03-30,6770,力積電,1.01,485000,股
2026-03-30,2360,致茂電子,0.99,17000,股
2026-03-30,3661,世芯-KY,0.98,10000,股
2026-03-30,2449,京元電,0.91,93000,股
2026-03-30,5234,達興,0.76,62000,股
2026-03-30,3711,日月光投控,0.75,59000,股
2026-03-30,1303,南亞塑膠,0.74,254000,股
2026-03-30,8210,勤誠興業,0.74,23000,股
2026-03-30,4583,台灣精銳,0.7,30000,股
2026-03-30,2543,皇昌營造,0.58,270000,股
2026-03-30,2645,長榮航太,0.57,106000,股
2026-03-30,1519,華城電機,0.27,9000,股
2026-03-30,6669,緯穎,0.24,2000,股
2026-03-30,3363,上詮,0.22,10000,股
2026-03-30,2327,國巨,0.18,19000,股
2026-03-30,1802,台玻,0.17,90000,股
2026-03-30,4749,新應材,0.15,5000,股
2026-03-30,3693,營邦,0.12,7000,股
2026-03-30,2317,鴻海,0.06,9000,股
2026-03-30,2382,廣達,0.06,6000,股
2026-03-30,2881,富邦金,0.06,20000,股
2026-03-30,2882,國泰金,0.06,25000,股
2026-03-30,C_NTD,CASH,,1251373905,元
2026-03-30,RDI_NTD,RECEIVABLES FOR DISPOSAL OF INVESTMENTS,,-1003046826,元
2026-03-31,2330,台積電,7.47,122000,股
2026-03-31,4958,臻鼎-KY,4.72,657000,股
2026-03-31,2308,台達電,4.51,94000,股
2026-03-31,2383,台光電子,3.44,38000,股
2026-03-31,6831,邁科,3.37,251000,股
2026-03-31,2454,聯發科,3.32,64000,股
2026-03-31,6415,矽力-KY,3.25,333000,股
2026-03-31,3017,奇鋐科技,2.28,33000,股
2026-03-31,2467,志聖工業,2.2,156000,股
2026-03-31,5536,聖暉工程,2.11,88000,股
2026-03-31,2344,華邦電,2.06,656000,股
2026-03-31,6510,精測,2.04,19000,股
2026-03-31,3211,順達科,2.03,169000,股
2026-03-31,6223,旺矽,2.0,16000,股
2026-03-31,3533,嘉澤端子,1.93,27000,股
2026-03-31,3665,貿聯-KY,1.82,30000,股
2026-03-31,8046,南電,1.82,100000,股
2026-03-31,3264,欣銓科技,1.81,334000,股
2026-03-31,6781,AES-KY,1.71,50000,股
2026-03-31,2345,智邦科技,1.68,32000,股
2026-03-31,6526,達發,1.68,104000,股
2026-03-31,3443,創意電子,1.66,22000,股
2026-03-31,6805,富世達,1.64,27000,股
2026-03-31,3653,健策,1.58,12000,股
2026-03-31,4551,智伸科,1.44,320000,股
2026-03-31,2455,全新,1.39,162000,股
2026-03-31,2368,金像電,1.38,46000,股
2026-03-31,6531,愛普科技,1.28,83000,股
2026-03-31,2449,京元電,1.24,137000,股
2026-03-31,3131,弘塑科技,1.24,13000,股
2026-03-31,6139,亞翔工程,1.22,67000,股
2026-03-31,2408,南科,1.07,155000,股
2026-03-31,3711,日月光投控,0.96,84000,股
2026-03-31,6770,力積電,0.9,485000,股
2026-03-31,2360,致茂電子,0.87,17000,股
2026-03-31,3661,世芯-KY,0.86,10000,股
2026-03-31,5234,達興,0.71,62000,股
2026-03-31,8210,勤誠興業,0.69,23000,股
2026-03-31,1303,南亞塑膠,0.65,254000,股
2026-03-31,4583,台灣精銳,0.65,30000,股
2026-03-31,2543,皇昌營造,0.54,270000,股
2026-03-31,2645,長榮航太,0.54,106000,股
2026-03-31,1519,華城電機,0.25,9000,股
2026-03-31,6669,緯穎,0.23,2000,股
2026-03-31,3363,上詮,0.19,10000,股
2026-03-31,1802,台玻,0.16,90000,股
2026-03-31,2327,國巨,0.16,19000,股
2026-03-31,4749,新應材,0.14,5000,股
2026-03-31,3693,營邦,0.11,7000,股
2026-03-31,2317,鴻海,0.06,9000,股
2026-03-31,2382,廣達,0.06,6000,股
2026-03-31,2881,富邦金,0.06,20000,股
2026-03-31,2882,國泰金,0.06,25000,股
2026-03-31,C_NTD,CASH,,645159709,元
2026-03-31,RDI_NTD,RECEIVABLES FOR DISPOSAL OF INVESTMENTS,,-301121612,元
2026-04-01,2330,台積電,8.49,138000,股
2026-04-01,4958,臻鼎-KY,5.26,723000,股
2026-04-01,2308,台達電,5.09,104000,股
2026-04-01,2383,台光電子,4.55,48000,股
2026-04-01,6831,邁科,3.91,290000,股
2026-04-01,6415,矽力-KY,3.61,385000,股
2026-04-01,2454,聯發科,3.55,73000,股
2026-04-01,3017,奇鋐科技,3.29,47000,股
2026-04-01,2467,志聖工業,2.55,193000,股
2026-04-01,3211,順達科,2.47,211000,股
2026-04-01,6223,旺矽,2.36,18000,股
2026-04-01,6510,精測,2.33,21000,股
2026-04-01,3665,貿聯-KY,2.28,36000,股
2026-04-01,3533,嘉澤端子,2.25,32000,股
2026-04-01,2345,智邦科技,2.15,39000,股
2026-04-01,3443,創意電子,2.11,27000,股
2026-04-01,5536,聖暉工程,2.09,88000,股
2026-04-01,2344,華邦電,2.02,656000,股
2026-04-01,8046,南電,1.9,100000,股
2026-04-01,2368,金像電,1.85,59000,股
2026-04-01,3264,欣銓科技,1.84,334000,股
2026-04-01,3653,健策,1.83,14000,股
2026-04-01,6805,富世達,1.72,27000,股
2026-04-01,2455,全新,1.69,194000,股
2026-04-01,6526,達發,1.67,104000,股
2026-04-01,6781,AES-KY,1.65,50000,股
2026-04-01,6531,愛普科技,1.54,101000,股
2026-04-01,4551,智伸科,1.4,320000,股
2026-04-01,2449,京元電,1.27,137000,股
2026-04-01,3131,弘塑科技,1.26,13000,股
2026-04-01,6139,亞翔工程,1.17,67000,股
2026-04-01,2408,南科,1.08,155000,股
2026-04-01,3711,日月光投控,1.01,84000,股
2026-04-01,2360,致茂電子,0.91,17000,股
2026-04-01,3661,世芯-KY,0.9,10000,股
2026-04-01,6770,力積電,0.88,485000,股
2026-04-01,5234,達興,0.74,62000,股
2026-04-01,8210,勤誠興業,0.69,23000,股
2026-04-01,1303,南亞塑膠,0.66,254000,股
2026-04-01,4583,台灣精銳,0.64,30000,股
2026-04-01,2543,皇昌營造,0.52,270000,股
2026-04-01,2645,長榮航太,0.52,106000,股
2026-04-01,1519,華城電機,0.24,9000,股
2026-04-01,6669,緯穎,0.23,2000,股
2026-04-01,3363,上詮,0.2,10000,股
2026-04-01,1802,台玻,0.16,90000,股
2026-04-01,2327,國巨,0.16,19000,股
2026-04-01,4749,新應材,0.14,5000,股
2026-04-01,3693,營邦,0.12,7000,股
2026-04-01,2317,鴻海,0.06,9000,股
2026-04-01,2382,廣達,0.06,6000,股
2026-04-01,2881,富邦金,0.06,20000,股
2026-04-01,2882,國泰金,0.06,25000,股
2026-04-01,C_NTD,CASH,,715928866,元
2026-04-01,RDI_NTD,RECEIVABLES FOR DISPOSAL OF INVESTMENTS,,-465286180,元
2026-04-02,2330,台積電,8.49,138000,股
2026-04-02,4958,臻鼎-KY,5.25,723000,股
2026-04-02,2308,台達電,5.05,104000,股
2026-04-02,2383,台光電子,4.54,48000,股
2026-04-02,6831,邁科,3.81,290000,股
2026-04-02,2454,聯發科,3.63,73000,股
2026-04-02,6415,矽力-KY,3.58,385000,股
2026-04-02,3017,奇鋐科技,3.31,47000,股
2026-04-02,3665,貿聯-KY,2.8,43000,股
2026-04-02,2467,志聖工業,2.57,193000,股
2026-04-02,3211,順達科,2.38,211000,股
2026-04-02,6223,旺矽,2.3,18000,股
2026-04-02,6510,精測,2.26,21000,股
2026-04-02,3533,嘉澤端子,2.22,32000,股
2026-04-02,6805,富世達,2.18,34000,股
2026-04-02,3443,創意電子,2.13,27000,股
2026-04-02,2345,智邦科技,2.11,39000,股
2026-04-02,5536,聖暉工程,2.09,88000,股
2026-04-02,2344,華邦電,2.05,656000,股
2026-04-02,8046,南電,1.93,100000,股
2026-04-02,3264,欣銓科技,1.83,334000,股
2026-04-02,2368,金像電,1.81,59000,股
2026-04-02,3653,健策,1.76,14000,股
2026-04-02,2455,全新,1.71,194000,股
2026-04-02,6526,達發,1.68,104000,股
2026-04-02,6781,AES-KY,1.63,50000,股
2026-04-02,6531,愛普科技,1.51,101000,股
2026-04-02,4551,智伸科,1.43,320000,股
2026-04-02,3131,弘塑科技,1.37,13000,股
2026-04-02,2449,京元電,1.21,137000,股
2026-04-02,6139,亞翔工程,1.19,67000,股
2026-04-02,2408,南科,1.06,155000,股
2026-04-02,3711,日月光投控,1.03,84000,股
2026-04-02,2360,致茂電子,0.89,17000,股
2026-04-02,6770,力積電,0.88,485000,股
2026-04-02,5234,達興,0.75,62000,股
2026-04-02,6213,聯茂,0.74,128000,股
2026-04-02,1303,南亞塑膠,0.67,254000,股
2026-04-02,8210,勤誠興業,0.66,23000,股
2026-04-02,4583,台灣精銳,0.64,30000,股
2026-04-02,2543,皇昌營造,0.53,270000,股
2026-04-02,2645,長榮航太,0.53,106000,股
2026-04-02,1519,華城電機,0.24,9000,股
2026-04-02,3363,上詮,0.2,10000,股
2026-04-02,1802,台玻,0.16,90000,股
2026-04-02,2327,國巨,0.16,19000,股
2026-04-02,4749,新應材,0.14,5000,股
2026-04-02,3693,營邦,0.11,7000,股
2026-04-02,2317,鴻海,0.06,9000,股
2026-04-02,2382,廣達,0.06,6000,股
2026-04-02,2881,富邦金,0.06,20000,股
2026-04-02,2882,國泰金,0.06,25000,股
2026-04-02,C_NTD,CASH,,553989477,元
2026-04-02,RDI_NTD,RECEIVABLES FOR DISPOSAL OF INVESTMENTS,,-303014591,元
2026-04-07,2330,台積電,8.54,138000,股
2026-04-07,4958,臻鼎-KY,5.41,723000,股
2026-04-07,2308,台達電,5.24,104000,股
2026-04-07,2383,台光電子,4.61,48000,股
2026-04-07,6831,邁科,3.79,290000,股
2026-04-07,6415,矽力-KY,3.6,385000,股
2026-04-07,2454,聯發科,3.57,73000,股
2026-04-07,3017,奇鋐科技,3.17,47000,股
2026-04-07,3665,貿聯-KY,2.85,43000,股
2026-04-07,2467,志聖工業,2.62,193000,股
2026-04-07,3211,順達科,2.51,211000,股
2026-04-07,6223,旺矽,2.35,18000,股
2026-04-07,6510,精測,2.32,21000,股
2026-04-07,3533,嘉澤端子,2.16,32000,股
2026-04-07,3443,創意電子,2.12,27000,股
2026-04-07,2345,智邦科技,2.1,39000,股
2026-04-07,6805,富世達,2.09,34000,股
2026-04-07,8046,南電,2.08,100000,股
2026-04-07,5536,聖暉工程,2.01,88000,股
2026-04-07,2344,華邦電,1.95,656000,股
2026-04-07,2455,全新,1.84,194000,股
2026-04-07,2368,金像電,1.82,59000,股
2026-04-07,3653,健策,1.75,14000,股
2026-04-07,3264,欣銓科技,1.73,334000,股
2026-04-07,6526,達發,1.67,104000,股
2026-04-07,6781,AES-KY,1.6,50000,股
2026-04-07,6531,愛普科技,1.58,101000,股
2026-04-07,4551,智伸科,1.4,320000,股
2026-04-07,3131,弘塑科技,1.36,13000,股
2026-04-07,2449,京元電,1.22,137000,股
2026-04-07,6139,亞翔工程,1.15,67000,股
2026-04-07,2408,南科,1.06,155000,股
2026-04-07,3711,日月光投控,0.98,84000,股
2026-04-07,2360,致茂電子,0.89,17000,股
2026-04-07,6770,力積電,0.87,485000,股
2026-04-07,6213,聯茂,0.81,131000,股
2026-04-07,5234,達興,0.74,62000,股
2026-04-07,1303,南亞塑膠,0.68,254000,股
2026-04-07,4583,台灣精銳,0.65,30000,股
2026-04-07,8210,勤誠興業,0.64,23000,股
2026-04-07,2543,皇昌營造,0.51,270000,股
2026-04-07,2645,長榮航太,0.51,106000,股
2026-04-07,3363,上詮,0.22,10000,股
2026-04-07,1802,台玻,0.16,90000,股
2026-04-07,2327,國巨,0.16,19000,股
2026-04-07,4749,新應材,0.13,5000,股
2026-04-07,3693,營邦,0.12,7000,股
2026-04-07,2317,鴻海,0.06,9000,股
2026-04-07,2382,廣達,0.06,6000,股
2026-04-07,2881,富邦金,0.06,20000,股
2026-04-07,2882,國泰金,0.06,25000,股
2026-04-07,C_NTD,CASH,,234990020,元
2026-04-07,M_NTD,MARGIN,,30000000,元
2026-04-07,RDI_NTD,RECEIVABLES FOR DISPOSAL OF INVESTMENTS,,-8097797,元
2026-04-08,2330,台積電,8.67,138000,股
2026-04-08,4958,臻鼎-KY,5.76,723000,股
2026-04-08,2308,台達電,5.58,104000,股
2026-04-08,2383,台光電子,4.9,48000,股
2026-04-08,6831,邁科,3.91,290000,股
2026-04-08,2454,聯發科,3.72,73000,股
2026-04-08,6415,矽力-KY,3.71,385000,股
2026-04-08,3017,奇鋐科技,3.38,47000,股
2026-04-08,2467,志聖工業,2.79,193000,股
2026-04-08,3665,貿聯-KY,2.79,43000,股
2026-04-08,2455,全新,2.71,290000,股
2026-04-08,3211,順達科,2.57,211000,股
2026-04-08,6223,旺矽,2.5,18000,股
2026-04-08,6510,精測,2.32,21000,股
2026-04-08,3533,嘉澤端子,2.3,32000,股
2026-04-08,3443,創意電子,2.18,27000,股
2026-04-08,2345,智邦科技,2.15,39000,股
2026-04-08,6805,富世達,2.07,34000,股
2026-04-08,8046,南電,2.05,100000,股
2026-04-08,2344,華邦電,2.02,656000,股
2026-04-08,5536,聖暉工程,1.97,88000,股
2026-04-08,2368,金像電,1.9,59000,股
2026-04-08,3653,健策,1.81,14000,股
2026-04-08,6213,聯茂,1.76,277000,股
2026-04-08,6526,達發,1.63,104000,股
2026-04-08,6781,AES-KY,1.63,50000,股
2026-04-08,6531,愛普科技,1.55,101000,股
2026-04-08,3131,弘塑科技,1.4,13000,股
2026-04-08,4551,智伸科,1.36,320000,股
2026-04-08,2449,京元電,1.24,137000,股
2026-04-08,6139,亞翔工程,1.2,67000,股
2026-04-08,2408,南科,1.11,155000,股
2026-04-08,3711,日月光投控,1.04,84000,股
2026-04-08,3264,欣銓科技,0.98,184000,股
2026-04-08,3037,欣興電子,0.96,48000,股
2026-04-08,2360,致茂電子,0.94,17000,股
2026-04-08,6770,力積電,0.9,485000,股
2026-04-08,5234,達興,0.78,62000,股
2026-04-08,1303,南亞塑膠,0.7,254000,股
2026-04-08,8210,勤誠興業,0.67,23000,股
2026-04-08,4583,台灣精銳,0.65,30000,股
2026-04-08,2543,皇昌營造,0.51,270000,股
2026-04-08,2645,長榮航太,0.51,106000,股
2026-04-08,3363,上詮,0.23,10000,股
2026-04-08,1802,台玻,0.17,90000,股
2026-04-08,2327,國巨,0.17,19000,股
2026-04-08,4749,新應材,0.14,5000,股
2026-04-08,3693,營邦,0.12,7000,股
2026-04-08,2317,鴻海,0.06,9000,股
2026-04-08,2382,廣達,0.06,6000,股
2026-04-08,2881,富邦金,0.06,20000,股
2026-04-08,2882,國泰金,0.06,25000,股
2026-04-08,C_NTD,CASH,,220420017,元
2026-04-08,M_NTD,MARGIN,,30000000,元
2026-04-08,RDI_NTD,RECEIVABLES FOR DISPOSAL OF INVESTMENTS,,-54779911,元
2026-04-09,2330,台積電,8.85,134000,股
2026-04-09,4958,臻鼎-KY,6.11,687000,股
2026-04-09,2308,台達電,5.5,99000,股
2026-04-09,2383,台光電子,5.0,46000,股
2026-04-09,6831,邁科,4.09,290000,股
2026-04-09,2454,聯發科,3.62,68000,股
2026-04-09,3017,奇鋐科技,3.55,47000,股
2026-04-09,2467,志聖工業,3.22,193000,股
2026-04-09,3665,貿聯-KY,3.09,43000,股
2026-04-09,2455,全新,2.82,290000,股
2026-04-09,6223,旺矽,2.72,18000,股
2026-04-09,3211,順達科,2.61,211000,股
2026-04-09,3533,嘉澤端子,2.5,32000,股
2026-04-09,3443,創意電子,2.42,27000,股
2026-04-09,6510,精測,2.41,21000,股
2026-04-09,8046,南電,2.26,100000,股
2026-04-09,6415,矽力-KY,2.24,235000,股
2026-04-09,2345,智邦科技,2.23,39000,股
2026-04-09,2368,金像電,2.18,59000,股
2026-04-09,6805,富世達,2.11,34000,股
2026-04-09,6213,聯茂,2.02,277000,股
2026-04-09,3653,健策,2.0,14000,股
2026-04-09,2344,華邦電,1.73,562000,股
2026-04-09,6531,愛普科技,1.64,101000,股
2026-04-09,3131,弘塑科技,1.44,13000,股
2026-04-09,4551,智伸科,1.44,320000,股
2026-04-09,6526,達發,1.39,86000,股
2026-04-09,2449,京元電,1.27,137000,股
2026-04-09,3711,日月光投控,1.11,84000,股
2026-04-09,2360,致茂電子,1.06,17000,股
2026-04-09,6139,亞翔工程,1.04,51000,股
2026-04-09,3037,欣興電子,1.01,48000,股
2026-04-09,5536,聖暉工程,0.89,38000,股
2026-04-09,5234,達興,0.84,62000,股
2026-04-09,2408,南科,0.8,115000,股
2026-04-09,1303,南亞塑膠,0.73,254000,股
2026-04-09,6781,AES-KY,0.69,21000,股
2026-04-09,8210,勤誠興業,0.68,23000,股
2026-04-09,4583,台灣精銳,0.67,30000,股
2026-04-09,3693,營邦,0.62,33000,股
2026-04-09,6770,力積電,0.6,329000,股
2026-04-09,3264,欣銓科技,0.57,94000,股
2026-04-09,2645,長榮航太,0.54,106000,股
2026-04-09,2543,皇昌營造,0.52,270000,股
2026-04-09,3363,上詮,0.26,10000,股
2026-04-09,1802,台玻,0.18,90000,股
2026-04-09,2327,國巨,0.18,19000,股
2026-04-09,4749,新應材,0.15,5000,股
2026-04-09,2317,鴻海,0.06,9000,股
2026-04-09,2382,廣達,0.06,6000,股
2026-04-09,2881,富邦金,0.06,20000,股
2026-04-09,2882,國泰金,0.06,25000,股
2026-04-09,C_NTD,CASH,,226892223,元
2026-04-09,M_NTD,MARGIN,,30000000,元
2026-04-09,RDI_NTD,RECEIVABLES FOR DISPOSAL OF INVESTMENTS,,128546161,元
2026-04-10,2330,台積電,8.94,134000,股
2026-04-10,4958,臻鼎-KY,6.07,687000,股
2026-04-10,2308,台達電,5.73,99000,股
2026-04-10,2383,台光電子,5.25,46000,股
2026-04-10,6831,邁科,4.16,290000,股
2026-04-10,2454,聯發科,3.57,68000,股
2026-04-10,3017,奇鋐科技,3.55,47000,股
2026-04-10,2467,志聖工業,3.49,193000,股
2026-04-10,3665,貿聯-KY,3.16,43000,股
2026-04-10,2455,全新,2.89,290000,股
2026-04-10,3533,嘉澤端子,2.88,38000,股
2026-04-10,6223,旺矽,2.77,18000,股
2026-04-10,3211,順達科,2.64,211000,股
2026-04-10,6510,精測,2.44,21000,股
2026-04-10,3443,創意電子,2.4,27000,股
2026-04-10,2345,智邦科技,2.39,39000,股
2026-04-10,8046,南電,2.23,100000,股
2026-04-10,2368,金像電,2.15,59000,股
2026-04-10,6805,富世達,2.12,34000,股
2026-04-10,6213,聯茂,1.98,277000,股
2026-04-10,3037,欣興電子,1.94,91000,股
2026-04-10,3653,健策,1.93,14000,股
2026-04-10,2344,華邦電,1.75,562000,股
2026-04-10,6531,愛普科技,1.74,101000,股
2026-04-10,4551,智伸科,1.45,320000,股
2026-04-10,3131,弘塑科技,1.38,13000,股
2026-04-10,6526,達發,1.36,86000,股
2026-04-10,2449,京元電,1.27,137000,股
2026-04-10,3711,日月光投控,1.1,84000,股
2026-04-10,6415,矽力-KY,1.1,118000,股
2026-04-10,6139,亞翔工程,1.08,51000,股
2026-04-10,2360,致茂電子,1.01,17000,股
2026-04-10,5536,聖暉工程,0.92,38000,股
2026-04-10,2408,南科,0.83,115000,股
2026-04-10,5234,達興,0.82,62000,股
2026-04-10,1303,南亞塑膠,0.69,254000,股
2026-04-10,6781,AES-KY,0.69,21000,股
2026-04-10,8210,勤誠興業,0.68,23000,股
2026-04-10,4583,台灣精銳,0.67,30000,股
2026-04-10,3693,營邦,0.62,33000,股
2026-04-10,6770,力積電,0.61,329000,股
2026-04-10,2645,長榮航太,0.53,106000,股
2026-04-10,2543,皇昌營造,0.52,270000,股
2026-04-10,3363,上詮,0.26,10000,股
2026-04-10,2327,國巨,0.18,19000,股
2026-04-10,1802,台玻,0.17,90000,股
2026-04-10,4749,新應材,0.15,5000,股
2026-04-10,2317,鴻海,0.06,9000,股
2026-04-10,2382,廣達,0.06,6000,股
2026-04-10,2881,富邦金,0.06,20000,股
2026-04-10,2882,國泰金,0.06,25000,股
2026-04-10,C_NTD,CASH,,160705137,元
2026-04-10,M_NTD,MARGIN,,30000000,元
2026-04-10,RDI_NTD,RECEIVABLES FOR DISPOSAL OF INVESTMENTS,,198347997,元
2026-04-13,2330,台積電,8.98,134000,股
2026-04-13,4958,臻鼎-KY,5.96,687000,股
2026-04-13,2308,台達電,5.8,99000,股
2026-04-13,2383,台光電子,5.15,46000,股
2026-04-13,6831,邁科,4.39,290000,股
2026-04-13,2454,聯發科,3.71,68000,股
2026-04-13,2467,志聖工業,3.57,193000,股
2026-04-13,3017,奇鋐科技,3.48,47000,股
2026-04-13,3665,貿聯-KY,3.22,43000,股
2026-04-13,3533,嘉澤端子,2.88,38000,股
2026-04-13,2455,全新,2.86,290000,股
2026-04-13,6223,旺矽,2.76,18000,股
2026-04-13,3211,順達科,2.56,211000,股
2026-04-13,3443,創意電子,2.52,27000,股
2026-04-13,6510,精測,2.42,21000,股
2026-04-13,2345,智邦科技,2.39,39000,股
2026-04-13,8046,南電,2.21,100000,股
2026-04-13,2368,金像電,2.1,59000,股
2026-04-13,6805,富世達,2.02,34000,股
2026-04-13,6531,愛普科技,1.93,101000,股
2026-04-13,3037,欣興電子,1.92,91000,股
2026-04-13,3653,健策,1.91,14000,股
2026-04-13,6213,聯茂,1.9,277000,股
2026-04-13,2344,華邦電,1.79,562000,股
2026-04-13,3131,弘塑科技,1.53,13000,股
2026-04-13,4551,智伸科,1.48,320000,股
2026-04-13,6526,達發,1.38,86000,股
2026-04-13,2449,京元電,1.36,137000,股
2026-04-13,3711,日月光投控,1.18,84000,股
2026-04-13,2360,致茂電子,1.08,17000,股
2026-04-13,6139,亞翔工程,1.05,51000,股
2026-04-13,2408,南科,0.87,115000,股
2026-04-13,1303,南亞塑膠,0.73,254000,股
2026-04-13,8210,勤誠興業,0.7,23000,股
2026-04-13,3693,營邦,0.69,33000,股
2026-04-13,4583,台灣精銳,0.67,30000,股
2026-04-13,5536,聖暉工程,0.61,24000,股
2026-04-13,6770,力積電,0.6,329000,股
2026-04-13,2645,長榮航太,0.54,106000,股
2026-04-13,6415,矽力-KY,0.54,59000,股
2026-04-13,2543,皇昌營造,0.52,270000,股
2026-04-13,3363,上詮,0.5,20000,股
2026-04-13,5234,達興,0.27,20000,股
2026-04-13,2327,國巨,0.2,19000,股
2026-04-13,1802,台玻,0.19,90000,股
2026-04-13,4749,新應材,0.15,5000,股
2026-04-13,6781,AES-KY,0.13,4000,股
2026-04-13,2382,廣達,0.07,6000,股
2026-04-13,2317,鴻海,0.06,9000,股
2026-04-13,2881,富邦金,0.06,20000,股
2026-04-13,2882,國泰金,0.06,25000,股
2026-04-13,C_NTD,CASH,,272132810,元
2026-04-13,M_NTD,MARGIN,,30000000,元
2026-04-13,RDI_NTD,RECEIVABLES FOR DISPOSAL OF INVESTMENTS,,60242072,元
2026-04-14,2330,台積電,9.12,134000,股
2026-04-14,2308,台達電,5.74,99000,股
2026-04-14,4958,臻鼎-KY,5.72,687000,股
2026-04-14,2383,台光電子,5.49,46000,股
2026-04-14,6831,邁科,4.36,290000,股
2026-04-14,2454,聯發科,3.87,68000,股
2026-04-14,3017,奇鋐科技,3.6,47000,股
2026-04-14,2467,志聖工業,3.5,193000,股
2026-04-14,3665,貿聯-KY,3.27,43000,股
2026-04-14,3533,嘉澤端子,2.8,38000,股
2026-04-14,3443,創意電子,2.73,27000,股
2026-04-14,6223,旺矽,2.72,18000,股
2026-04-14,2455,全新,2.69,290000,股
2026-04-14,2345,智邦科技,2.44,39000,股
2026-04-14,6510,精測,2.34,21000,股
2026-04-14,2368,金像電,2.25,59000,股
2026-04-14,8046,南電,2.14,100000,股
2026-04-14,6213,聯茂,2.06,277000,股
2026-04-14,6531,愛普科技,2.03,101000,股
2026-04-14,6805,富世達,1.95,34000,股
2026-04-14,3653,健策,1.86,14000,股
2026-04-14,3037,欣興電子,1.8,91000,股
2026-04-14,2344,華邦電,1.74,562000,股
2026-04-14,4551,智伸科,1.46,320000,股
2026-04-14,3131,弘塑科技,1.41,13000,股
2026-04-14,6526,達發,1.4,86000,股
2026-04-14,2449,京元電,1.37,137000,股
2026-04-14,3711,日月光投控,1.18,84000,股
2026-04-14,3693,營邦,1.13,55000,股
2026-04-14,6139,亞翔工程,1.07,51000,股
2026-04-14,2360,致茂電子,1.04,17000,股
2026-04-14,3211,順達科,0.86,74000,股
2026-04-14,2408,南科,0.84,115000,股
2026-04-14,1303,南亞塑膠,0.75,254000,股
2026-04-14,8210,勤誠興業,0.73,23000,股
2026-04-14,4583,台灣精銳,0.68,30000,股
2026-04-14,6770,力積電,0.59,329000,股
2026-04-14,2645,長榮航太,0.53,106000,股
2026-04-14,6415,矽力-KY,0.53,59000,股
2026-04-14,2543,皇昌營造,0.51,270000,股
2026-04-14,3363,上詮,0.5,20000,股
2026-04-14,5536,聖暉工程,0.29,11000,股
2026-04-14,5234,達興,0.27,20000,股
2026-04-14,1802,台玻,0.2,90000,股
2026-04-14,2327,國巨,0.2,19000,股
2026-04-14,4749,新應材,0.15,5000,股
2026-04-14,6781,AES-KY,0.13,4000,股
2026-04-14,2317,鴻海,0.06,9000,股
2026-04-14,2382,廣達,0.06,6000,股
2026-04-14,2881,富邦金,0.06,20000,股
2026-04-14,2882,國泰金,0.06,25000,股
2026-04-14,C_NTD,CASH,,100877745,元
2026-04-14,M_NTD,MARGIN,,30000000,元
2026-04-14,RDI_NTD,RECEIVABLES FOR DISPOSAL OF INVESTMENTS,,95219000,元
2026-04-15,2330,台積電,9.23,134000,股
2026-04-15,2308,台達電,5.85,99000,股
2026-04-15,2383,台光電子,5.8,46000,股
2026-04-15,4958,臻鼎-KY,5.72,687000,股
2026-04-15,6831,邁科,4.1,290000,股
2026-04-15,2454,聯發科,4.03,68000,股
2026-04-15,3017,奇鋐科技,3.62,47000,股
2026-04-15,3665,貿聯-KY,3.35,43000,股
2026-04-15,2467,志聖工業,3.26,193000,股
2026-04-15,3533,嘉澤端子,2.99,38000,股
2026-04-15,3443,創意電子,2.74,27000,股
2026-04-15,6223,旺矽,2.74,18000,股
2026-04-15,2455,全新,2.64,290000,股
2026-04-15,2345,智邦科技,2.54,39000,股
2026-04-15,6510,精測,2.51,21000,股
2026-04-15,2368,金像電,2.28,59000,股
2026-04-15,8046,南電,2.17,100000,股
2026-04-15,6213,聯茂,2.1,277000,股
2026-04-15,6805,富世達,2.05,34000,股
2026-04-15,6531,愛普科技,1.98,101000,股
2026-04-15,3653,健策,1.93,14000,股
2026-04-15,3037,欣興電子,1.86,91000,股
2026-04-15,2344,華邦電,1.68,562000,股
2026-04-15,4551,智伸科,1.45,320000,股
2026-04-15,3131,弘塑科技,1.39,13000,股
2026-04-15,6526,達發,1.39,86000,股
2026-04-15,2449,京元電,1.32,137000,股
2026-04-15,3711,日月光投控,1.24,84000,股
2026-04-15,2327,國巨,1.14,107000,股
2026-04-15,2360,致茂電子,1.14,17000,股
2026-04-15,3693,營邦,1.1,55000,股
2026-04-15,2408,南科,0.8,115000,股
2026-04-15,8210,勤誠興業,0.76,23000,股
2026-04-15,1303,南亞塑膠,0.74,254000,股
2026-04-15,4583,台灣精銳,0.74,30000,股
2026-04-15,6770,力積電,0.58,329000,股
2026-04-15,2645,長榮航太,0.54,106000,股
2026-04-15,3363,上詮,0.54,20000,股
2026-04-15,6415,矽力-KY,0.54,59000,股
2026-04-15,2543,皇昌營造,0.52,270000,股
2026-04-15,6139,亞翔工程,0.52,25000,股
2026-04-15,3211,順達科,0.42,36000,股
2026-04-15,5536,聖暉工程,0.3,11000,股
2026-04-15,5234,達興,0.28,20000,股
2026-04-15,1802,台玻,0.21,90000,股
2026-04-15,4749,新應材,0.15,5000,股
2026-04-15,6781,AES-KY,0.13,4000,股
2026-04-15,2317,鴻海,0.06,9000,股
2026-04-15,2382,廣達,0.06,6000,股
2026-04-15,2881,富邦金,0.06,20000,股
2026-04-15,2882,國泰金,0.06,25000,股
2026-04-15,C_NTD,CASH,,125347578,元
2026-04-15,M_NTD,MARGIN,,30000000,元
2026-04-15,RDI_NTD,RECEIVABLES FOR DISPOSAL OF INVESTMENTS,,44720999,元
2026-04-16,2330,台積電,8.99,130000,股
2026-04-16,2308,台達電,5.87,96000,股
2026-04-16,4958,臻鼎-KY,5.75,676000,股
2026-04-16,2383,台光電子,5.72,45000,股
2026-04-16,2454,聯發科,4.21,67000,股
2026-04-16,6831,邁科,4.15,290000,股
2026-04-16,3017,奇鋐科技,3.72,46000,股
2026-04-16,3665,貿聯-KY,3.34,42000,股
2026-04-16,2467,志聖工業,3.24,190000,股
2026-04-16,3533,嘉澤端子,3.08,37000,股
2026-04-16,3443,創意電子,2.88,26000,股
2026-04-16,2455,全新,2.79,290000,股
2026-04-16,6223,旺矽,2.77,17000,股
2026-04-16,2345,智邦科技,2.56,38000,股
2026-04-16,6510,精測,2.55,21000,股
2026-04-16,6213,聯茂,2.31,277000,股
2026-04-16,8046,南電,2.3,96000,股
2026-04-16,2368,金像電,2.2,57000,股
2026-04-16,6805,富世達,2.14,34000,股
2026-04-16,3653,健策,2.03,14000,股
2026-04-16,6531,愛普科技,1.96,101000,股
2026-04-16,3037,欣興電子,1.95,91000,股
2026-04-16,2327,國巨,1.62,150000,股
2026-04-16,2344,華邦電,1.57,529000,股
2026-04-16,4551,智伸科,1.51,320000,股
2026-04-16,6526,達發,1.43,86000,股
2026-04-16,3131,弘塑科技,1.4,13000,股
2026-04-16,3711,日月光投控,1.26,84000,股
2026-04-16,2360,致茂電子,1.16,17000,股
2026-04-16,3693,營邦,1.1,55000,股
2026-04-16,2408,南科,0.81,115000,股
2026-04-16,8210,勤誠興業,0.78,23000,股
2026-04-16,4583,台灣精銳,0.73,30000,股
2026-04-16,3363,上詮,0.55,20000,股
2026-04-16,6139,亞翔工程,0.55,25000,股
2026-04-16,2449,京元電,0.53,56000,股
2026-04-16,6415,矽力-KY,0.49,49000,股
2026-04-16,6770,力積電,0.49,273000,股
2026-04-16,2645,長榮航太,0.45,87000,股
2026-04-16,1303,南亞塑膠,0.42,140000,股
2026-04-16,2543,皇昌營造,0.42,219000,股
2026-04-16,3211,順達科,0.32,28000,股
2026-04-16,5234,達興,0.29,20000,股
2026-04-16,1802,台玻,0.21,90000,股
2026-04-16,4749,新應材,0.15,5000,股
2026-04-16,6781,AES-KY,0.14,4000,股
2026-04-16,2317,鴻海,0.06,9000,股
2026-04-16,2382,廣達,0.06,6000,股
2026-04-16,2881,富邦金,0.06,20000,股
2026-04-16,2882,國泰金,0.06,25000,股
2026-04-16,C_NTD,CASH,,141882005,元
2026-04-16,M_NTD,MARGIN,,30000000,元
2026-04-16,RDI_NTD,RECEIVABLES FOR DISPOSAL OF INVESTMENTS,,93077709,元
2026-04-17,2330,台積電,8.59,130000,股
2026-04-17,4958,臻鼎-KY,6.2,676000,股
2026-04-17,2308,台達電,5.75,96000,股
2026-04-17,2383,台光電子,5.57,45000,股
2026-04-17,6831,邁科,4.48,290000,股
2026-04-17,2454,聯發科,4.2,67000,股
2026-04-17,3017,奇鋐科技,3.59,46000,股
2026-04-17,2467,志聖工業,3.4,190000,股
2026-04-17,3665,貿聯-KY,3.23,42000,股
2026-04-17,3533,嘉澤端子,3.0,37000,股
2026-04-17,2455,全新,2.93,290000,股
2026-04-17,6223,旺矽,2.87,17000,股
2026-04-17,3443,創意電子,2.75,26000,股
2026-04-17,2345,智邦科技,2.56,38000,股
2026-04-17,6510,精測,2.56,21000,股
2026-04-17,6213,聯茂,2.44,277000,股
2026-04-17,8046,南電,2.26,96000,股
2026-04-17,2368,金像電,2.18,57000,股
2026-04-17,6531,愛普科技,2.12,101000,股
2026-04-17,3653,健策,2.08,14000,股
2026-04-17,6805,富世達,2.07,34000,股
2026-04-17,2327,國巨,1.98,192000,股
2026-04-17,3037,欣興電子,1.9,91000,股
2026-04-17,2344,華邦電,1.51,529000,股
2026-04-17,4551,智伸科,1.48,320000,股
2026-04-17,6526,達發,1.42,86000,股
2026-04-17,3131,弘塑科技,1.38,13000,股
2026-04-17,2360,致茂電子,1.25,17000,股
2026-04-17,3711,日月光投控,1.21,84000,股
2026-04-17,3693,營邦,1.18,55000,股
2026-04-17,3363,上詮,1.08,37000,股
2026-04-17,2408,南科,0.79,115000,股
2026-04-17,8210,勤誠興業,0.76,23000,股
2026-04-17,4583,台灣精銳,0.72,30000,股
2026-04-17,6415,矽力-KY,0.53,49000,股
2026-04-17,6770,力積電,0.47,273000,股
2026-04-17,2645,長榮航太,0.45,87000,股
2026-04-17,2543,皇昌營造,0.41,219000,股
2026-04-17,1303,南亞塑膠,0.4,140000,股
2026-04-17,5234,達興,0.29,20000,股
2026-04-17,1802,台玻,0.22,90000,股
2026-04-17,4749,新應材,0.15,5000,股
2026-04-17,6781,AES-KY,0.13,4000,股
2026-04-17,6139,亞翔工程,0.12,5000,股
2026-04-17,2317,鴻海,0.06,9000,股
2026-04-17,2382,廣達,0.06,6000,股
2026-04-17,2881,富邦金,0.06,20000,股
2026-04-17,2882,國泰金,0.06,25000,股
2026-04-17,2449,京元電,0.05,6000,股
2026-04-17,3211,順達科,0.04,3000,股
2026-04-17,C_NTD,CASH,,143088015,元
2026-04-17,M_NTD,MARGIN,,30000000,元
2026-04-17,RDI_NTD,RECEIVABLES FOR DISPOSAL OF INVESTMENTS,,99132102,元
2026-04-20,2330,台積電,8.18,130000,股
2026-04-20,4958,臻鼎-KY,6.51,676000,股
2026-04-20,2308,台達電,5.67,96000,股
2026-04-20,2383,台光電子,5.38,45000,股
2026-04-20,6831,邁科,4.45,290000,股
2026-04-20,2454,聯發科,3.96,67000,股
2026-04-20,3017,奇鋐科技,3.56,46000,股
2026-04-20,2467,志聖工業,3.37,190000,股
2026-04-20,3665,貿聯-KY,3.21,42000,股
2026-04-20,3533,嘉澤端子,3.02,37000,股
2026-04-20,2455,全新,3.0,290000,股
2026-04-20,3443,創意電子,2.89,26000,股
2026-04-20,6223,旺矽,2.71,17000,股
2026-04-20,6510,精測,2.49,21000,股
2026-04-20,6213,聯茂,2.43,277000,股
2026-04-20,8046,南電,2.38,96000,股
2026-04-20,2345,智邦科技,2.37,38000,股
2026-04-20,3653,健策,2.18,14000,股
2026-04-20,2368,金像電,2.14,57000,股
2026-04-20,6531,愛普科技,2.14,101000,股
2026-04-20,6805,富世達,2.0,34000,股
2026-04-20,3037,欣興電子,1.92,91000,股
2026-04-20,2327,國巨,1.91,192000,股
2026-04-20,3363,上詮,1.63,53000,股
2026-04-20,2344,華邦電,1.41,529000,股
2026-04-20,4551,智伸科,1.39,320000,股
2026-04-20,6526,達發,1.35,86000,股
2026-04-20,3131,弘塑科技,1.3,13000,股
2026-04-20,3693,營邦,1.25,55000,股
2026-04-20,3711,日月光投控,1.2,84000,股
2026-04-20,2360,致茂電子,1.08,17000,股
2026-04-20,3529,力旺電子,0.95,7000,股
2026-04-20,2408,南科,0.74,115000,股
2026-04-20,8210,勤誠興業,0.73,23000,股
2026-04-20,4583,台灣精銳,0.69,30000,股
2026-04-20,6415,矽力-KY,0.56,49000,股
2026-04-20,2645,長榮航太,0.45,87000,股
2026-04-20,6770,力積電,0.44,273000,股
2026-04-20,2472,立隆電子,0.43,76000,股
2026-04-20,2543,皇昌營造,0.38,219000,股
2026-04-20,1303,南亞塑膠,0.37,140000,股
2026-04-20,5234,達興,0.28,20000,股
2026-04-20,1802,台玻,0.2,90000,股
2026-04-20,4749,新應材,0.15,5000,股
2026-04-20,6781,AES-KY,0.13,4000,股
2026-04-20,6139,亞翔工程,0.12,5000,股
2026-04-20,2317,鴻海,0.06,9000,股
2026-04-20,2382,廣達,0.06,6000,股
2026-04-20,2882,國泰金,0.06,25000,股
2026-04-20,2449,京元電,0.05,6000,股
2026-04-20,2881,富邦金,0.05,20000,股
2026-04-20,3211,順達科,0.03,3000,股
2026-04-20,C_NTD,CASH,,201662480,元
2026-04-20,M_NTD,MARGIN,,30000000,元
2026-04-20,RDI_NTD,RECEIVABLES FOR DISPOSAL OF INVESTMENTS,,-52873798,元
2026-04-21,2330,台積電,7.85,134000,股
2026-04-21,4958,臻鼎-KY,6.09,676000,股
2026-04-21,2308,台達電,5.53,96000,股
2026-04-21,2383,台光電子,5.31,47000,股
2026-04-21,6831,邁科,4.28,290000,股
2026-04-21,2454,聯發科,4.0,67000,股
2026-04-21,3017,奇鋐科技,3.37,46000,股
2026-04-21,2467,志聖工業,3.04,190000,股
2026-04-21,3665,貿聯-KY,2.91,42000,股
2026-04-21,2455,全新,2.82,290000,股
2026-04-21,3533,嘉澤端子,2.79,37000,股
2026-04-21,3443,創意電子,2.78,26000,股
2026-04-21,6510,精測,2.7,23000,股
2026-04-21,6223,旺矽,2.4,17000,股
2026-04-21,2345,智邦科技,2.38,38000,股
2026-04-21,6213,聯茂,2.26,277000,股
2026-04-21,8046,南電,2.16,96000,股
2026-04-21,3653,健策,2.15,14000,股
2026-04-21,6531,愛普科技,2.08,101000,股
2026-04-21,2327,國巨,2.05,222000,股
2026-04-21,2368,金像電,2.0,57000,股
2026-04-21,6805,富世達,1.86,34000,股
2026-04-21,3037,欣興電子,1.85,91000,股
2026-04-21,3363,上詮,1.75,62000,股
2026-04-21,3529,力旺電子,1.51,12000,股
2026-04-21,3711,日月光投控,1.4,104000,股
2026-04-21,2344,華邦電,1.38,529000,股
2026-04-21,6526,達發,1.36,86000,股
2026-04-21,4551,智伸科,1.29,320000,股
2026-04-21,3131,弘塑科技,1.22,13000,股
2026-04-21,6643,M31,1.14,69000,股
2026-04-21,3693,營邦,1.11,55000,股
2026-04-21,2472,立隆電子,1.06,198000,股
2026-04-21,2360,致茂電子,0.98,17000,股
2026-04-21,8210,勤誠興業,0.93,32000,股
2026-04-21,2408,南科,0.72,115000,股
2026-04-21,4583,台灣精銳,0.64,30000,股
2026-04-21,6415,矽力-KY,0.55,49000,股
2026-04-21,6770,力積電,0.42,273000,股
2026-04-21,2645,長榮航太,0.41,87000,股
2026-04-21,1303,南亞塑膠,0.35,140000,股
2026-04-21,2543,皇昌營造,0.33,219000,股
2026-04-21,5234,達興,0.26,20000,股
2026-04-21,1802,台玻,0.19,90000,股
2026-04-21,4749,新應材,0.14,5000,股
2026-04-21,6781,AES-KY,0.12,4000,股
2026-04-21,6139,亞翔工程,0.1,5000,股
2026-04-21,2382,廣達,0.06,6000,股
2026-04-21,2317,鴻海,0.05,9000,股
2026-04-21,2449,京元電,0.05,6000,股
2026-04-21,2881,富邦金,0.05,20000,股
2026-04-21,2882,國泰金,0.05,25000,股
2026-04-21,3211,順達科,0.03,3000,股
2026-04-21,C_NTD,CASH,,177477708,元
2026-04-21,M_NTD,MARGIN,,30000000,元
2026-04-21,RDI_NTD,RECEIVABLES FOR DISPOSAL OF INVESTMENTS,,-206009778,元
2026-04-22,2330,台積電,7.56,134000,股
2026-04-22,4958,臻鼎-KY,5.86,676000,股
2026-04-22,2308,台達電,5.33,96000,股
2026-04-22,2383,台光電子,5.26,47000,股
2026-04-22,6831,邁科,4.35,290000,股
2026-04-22,2454,聯發科,4.23,67000,股
2026-04-22,3017,奇鋐科技,3.41,46000,股
2026-04-22,2467,志聖工業,3.12,190000,股
2026-04-22,3665,貿聯-KY,2.95,42000,股
2026-04-22,2455,全新,2.91,290000,股
2026-04-22,3533,嘉澤端子,2.7,37000,股
2026-04-22,6510,精測,2.66,23000,股
2026-04-22,3443,創意電子,2.63,26000,股
2026-04-22,2327,國巨,2.35,271000,股
2026-04-22,2345,智邦科技,2.3,38000,股
2026-04-22,6213,聯茂,2.27,277000,股
2026-04-22,6223,旺矽,2.26,17000,股
2026-04-22,6531,愛普科技,2.2,101000,股
2026-04-22,8046,南電,2.12,96000,股
2026-04-22,3653,健策,2.09,14000,股
2026-04-22,3363,上詮,2.05,78000,股
2026-04-22,2368,金像電,1.96,57000,股
2026-04-22,6526,達發,1.93,115000,股
2026-04-22,3037,欣興電子,1.79,91000,股
2026-04-22,3693,營邦,1.52,78000,股
2026-04-22,2472,立隆電子,1.43,283000,股
2026-04-22,3529,力旺電子,1.34,12000,股
2026-04-22,3711,日月光投控,1.33,104000,股
2026-04-22,2344,華邦電,1.32,529000,股
2026-04-22,6643,M31,1.26,73000,股
2026-04-22,4551,智伸科,1.23,320000,股
2026-04-22,3131,弘塑科技,1.22,13000,股
2026-04-22,2360,致茂電子,0.95,17000,股
2026-04-22,8210,勤誠興業,0.92,32000,股
2026-04-22,6805,富世達,0.77,14000,股
2026-04-22,2408,南科,0.69,115000,股
2026-04-22,4583,台灣精銳,0.63,30000,股
2026-04-22,6415,矽力-KY,0.54,49000,股
2026-04-22,6770,力積電,0.43,273000,股
2026-04-22,1303,南亞塑膠,0.35,140000,股
2026-04-22,2543,皇昌營造,0.31,219000,股
2026-04-22,5234,達興,0.25,20000,股
2026-04-22,1802,台玻,0.18,90000,股
2026-04-22,4749,新應材,0.14,5000,股
2026-04-22,2645,長榮航太,0.1,22000,股
2026-04-22,6139,亞翔工程,0.1,5000,股
2026-04-22,2317,鴻海,0.06,9000,股
2026-04-22,2382,廣達,0.06,6000,股
2026-04-22,2449,京元電,0.05,6000,股
2026-04-22,2881,富邦金,0.05,20000,股
2026-04-22,2882,國泰金,0.05,25000,股
2026-04-22,3211,順達科,0.03,3000,股
2026-04-22,C_NTD,CASH,,314781757,元
2026-04-22,M_NTD,MARGIN,,30000000,元
2026-04-22,RDI_NTD,RECEIVABLES FOR DISPOSAL OF INVESTMENTS,,-175429299,元
2026-04-23,2330,台積電,7.72,142000,股
2026-04-23,4958,臻鼎-KY,6.22,732000,股
2026-04-23,2308,台達電,5.44,105000,股
2026-04-23,2383,台光電子,5.04,47000,股
2026-04-23,2454,聯發科,4.4,76000,股
2026-04-23,6831,邁科,3.94,290000,股
2026-04-23,3017,奇鋐科技,3.71,53000,股
2026-04-23,3665,貿聯-KY,3.53,49000,股
2026-04-23,6510,精測,2.72,27000,股
2026-04-23,2467,志聖工業,2.67,190000,股
2026-04-23,3443,創意電子,2.66,26000,股
2026-04-23,2455,全新,2.62,290000,股
2026-04-23,8046,南電,2.52,121000,股
2026-04-23,3533,嘉澤端子,2.38,37000,股
2026-04-23,6223,旺矽,2.13,17000,股
2026-04-23,2327,國巨,2.09,271000,股
2026-04-23,2345,智邦科技,2.07,38000,股
2026-04-23,6531,愛普科技,2.07,101000,股
2026-04-23,6213,聯茂,1.99,277000,股
2026-04-23,3653,健策,1.94,14000,股
2026-04-23,6526,達發,1.9,131000,股
2026-04-23,2368,金像電,1.89,57000,股
2026-04-23,3363,上詮,1.86,78000,股
2026-04-23,3693,營邦,1.78,102000,股
2026-04-23,3037,欣興電子,1.73,91000,股
2026-04-23,2472,立隆電子,1.52,337000,股
2026-04-23,8210,勤誠興業,1.41,49000,股
2026-04-23,6643,M31,1.38,94000,股
2026-04-23,2360,致茂電子,1.27,25000,股
2026-04-23,3711,日月光投控,1.26,104000,股
2026-04-23,3529,力旺電子,1.25,12000,股
2026-04-23,2344,華邦電,1.21,529000,股
2026-04-23,4551,智伸科,1.14,320000,股
2026-04-23,3131,弘塑科技,1.07,13000,股
2026-04-23,6805,富世達,0.7,14000,股
2026-04-23,2408,南科,0.63,115000,股
2026-04-23,4583,台灣精銳,0.58,30000,股
2026-04-23,6770,力積電,0.38,273000,股
2026-04-23,1303,南亞塑膠,0.31,140000,股
2026-04-23,2543,皇昌營造,0.29,219000,股
2026-04-23,5234,達興,0.23,20000,股
2026-04-23,1802,台玻,0.16,90000,股
2026-04-23,4749,新應材,0.13,5000,股
2026-04-23,2317,鴻海,0.05,9000,股
2026-04-23,2382,廣達,0.05,6000,股
2026-04-23,2881,富邦金,0.05,20000,股
2026-04-23,2882,國泰金,0.05,25000,股
2026-04-23,2449,京元電,0.04,6000,股
2026-04-23,3211,順達科,0.03,3000,股
2026-04-23,C_NTD,CASH,,231822522,元
2026-04-23,M_NTD,MARGIN,,30000000,元
2026-04-23,RDI_NTD,RECEIVABLES FOR DISPOSAL OF INVESTMENTS,,-229384544,元
2026-04-24,2330,台積電,7.89,142000,股
2026-04-24,4958,臻鼎-KY,6.47,732000,股
2026-04-24,2308,台達電,5.54,105000,股
2026-04-24,2383,台光電子,5.35,47000,股
2026-04-24,2454,聯發科,4.71,76000,股
2026-04-24,3017,奇鋐科技,3.97,53000,股
2026-04-24,6831,邁科,3.61,290000,股
2026-04-24,3665,貿聯-KY,3.45,49000,股
2026-04-24,8046,南電,2.69,121000,股
2026-04-24,3443,創意電子,2.67,26000,股
2026-04-24,2467,志聖工業,2.6,190000,股
2026-04-24,2455,全新,2.55,290000,股
2026-04-24,6510,精測,2.49,27000,股
2026-04-24,3533,嘉澤端子,2.37,37000,股
2026-04-24,6526,達發,2.29,150000,股
2026-04-24,3693,營邦,2.13,128000,股
2026-04-24,2345,智邦科技,2.07,38000,股
2026-04-24,2327,國巨,2.05,271000,股
2026-04-24,2368,金像電,2.02,57000,股
2026-04-24,6531,愛普科技,2.02,101000,股
2026-04-24,6223,旺矽,2.01,17000,股
2026-04-24,6213,聯茂,1.94,277000,股
2026-04-24,3653,健策,1.91,14000,股
2026-04-24,3037,欣興電子,1.83,91000,股
2026-04-24,3363,上詮,1.63,78000,股
2026-04-24,8210,勤誠興業,1.51,49000,股
2026-04-24,2472,立隆電子,1.48,337000,股
2026-04-24,6643,M31,1.37,94000,股
2026-04-24,3711,日月光投控,1.31,104000,股
2026-04-24,2360,致茂電子,1.22,25000,股
2026-04-24,2344,華邦電,1.19,529000,股
2026-04-24,3529,力旺電子,1.19,12000,股
2026-04-24,4551,智伸科,1.07,320000,股
2026-04-24,3131,弘塑科技,1.04,13000,股
2026-04-24,6805,富世達,0.68,14000,股
2026-04-24,2408,南科,0.6,115000,股
2026-04-24,4583,台灣精銳,0.55,30000,股
2026-04-24,5269,祥碩科技,0.46,14000,股
2026-04-24,2049,上銀科技,0.43,58000,股
2026-04-24,6770,力積電,0.37,273000,股
2026-04-24,1303,南亞塑膠,0.31,140000,股
2026-04-24,2543,皇昌營造,0.27,219000,股
2026-04-24,5234,達興,0.22,20000,股
2026-04-24,1802,台玻,0.15,90000,股
2026-04-24,4749,新應材,0.12,5000,股
2026-04-24,2317,鴻海,0.05,9000,股
2026-04-24,2382,廣達,0.05,6000,股
2026-04-24,2882,國泰金,0.05,25000,股
2026-04-24,2449,京元電,0.04,6000,股
2026-04-24,2881,富邦金,0.04,20000,股
2026-04-24,3211,順達科,0.03,3000,股
2026-04-24,C_NTD,CASH,,467678646,元
2026-04-24,M_NTD,MARGIN,,30000000,元
2026-04-24,RDI_NTD,RECEIVABLES FOR DISPOSAL OF INVESTMENTS,,-264055629,元
2026-04-27,2330,台積電,8.84,153000,股
2026-04-27,4958,臻鼎-KY,6.69,732000,股
2026-04-27,2383,台光電子,5.67,47000,股
2026-04-27,2308,台達電,5.41,105000,股
2026-04-27,2454,聯發科,4.72,76000,股
2026-04-27,3017,奇鋐科技,3.83,53000,股
2026-04-27,6831,邁科,3.62,290000,股
2026-04-27,3665,貿聯-KY,3.29,49000,股
2026-04-27,8046,南電,3.1,133000,股
2026-04-27,3443,創意電子,2.62,26000,股
2026-04-27,3533,嘉澤端子,2.56,37000,股
2026-04-27,6510,精測,2.46,27000,股
2026-04-27,2467,志聖工業,2.4,190000,股
2026-04-27,2455,全新,2.3,290000,股
2026-04-27,6526,達發,2.22,150000,股
2026-04-27,6223,旺矽,2.12,17000,股
2026-04-27,2327,國巨,2.11,271000,股
2026-04-27,2345,智邦科技,2.11,38000,股
2026-04-27,2368,金像電,2.06,57000,股
2026-04-27,3693,營邦,2.03,128000,股
2026-04-27,3037,欣興電子,1.95,91000,股
2026-04-27,6531,愛普科技,1.94,101000,股
2026-04-27,6213,聯茂,1.87,277000,股
2026-04-27,3653,健策,1.77,14000,股
2026-04-27,3711,日月光投控,1.49,118000,股
2026-04-27,3363,上詮,1.47,78000,股
2026-04-27,8210,勤誠興業,1.46,49000,股
2026-04-27,2472,立隆電子,1.45,337000,股
2026-04-27,3131,弘塑科技,1.39,19000,股
2026-04-27,6643,M31,1.3,94000,股
2026-04-27,2344,華邦電,1.27,529000,股
2026-04-27,3529,力旺電子,1.24,12000,股
2026-04-27,2360,致茂電子,1.23,25000,股
2026-04-27,4551,智伸科,1.05,320000,股
2026-04-27,6805,富世達,0.74,14000,股
2026-04-27,2408,南科,0.66,115000,股
2026-04-27,4583,台灣精銳,0.55,30000,股
2026-04-27,5269,祥碩科技,0.46,14000,股
2026-04-27,2049,上銀科技,0.44,58000,股
2026-04-27,6770,力積電,0.38,273000,股
2026-04-27,1303,南亞塑膠,0.31,140000,股
2026-04-27,5234,達興,0.22,20000,股
2026-04-27,1802,台玻,0.15,90000,股
2026-04-27,4749,新應材,0.12,5000,股
2026-04-27,2317,鴻海,0.05,9000,股
2026-04-27,2382,廣達,0.05,6000,股
2026-04-27,2881,富邦金,0.05,20000,股
2026-04-27,2882,國泰金,0.05,25000,股
2026-04-27,2449,京元電,0.04,6000,股
2026-04-27,3211,順達科,0.03,3000,股
2026-04-27,C_NTD,CASH,,267836166,元
2026-04-27,M_NTD,MARGIN,,30000000,元
2026-04-27,RDI_NTD,RECEIVABLES FOR DISPOSAL OF INVESTMENTS,,-114374604,元
2026-04-28,2330,台積電,8.66,153000,股
2026-04-28,4958,臻鼎-KY,7.37,732000,股
2026-04-28,2308,台達電,5.7,105000,股
2026-04-28,2454,聯發科,5.08,76000,股
2026-04-28,2383,台光電子,4.7,42000,股
2026-04-28,6831,邁科,3.52,290000,股
2026-04-28,3665,貿聯-KY,3.29,49000,股
2026-04-28,3017,奇鋐科技,3.2,45000,股
2026-04-28,8046,南電,3.17,133000,股
2026-04-28,3443,創意電子,2.78,26000,股
2026-04-28,2467,志聖工業,2.65,190000,股
2026-04-28,6510,精測,2.56,27000,股
2026-04-28,3533,嘉澤端子,2.52,37000,股
2026-04-28,2455,全新,2.36,290000,股
2026-04-28,2327,國巨,2.26,271000,股
2026-04-28,2345,智邦科技,2.23,38000,股
2026-04-28,6526,達發,2.19,150000,股
2026-04-28,6223,旺矽,2.12,17000,股
2026-04-28,6531,愛普科技,2.06,101000,股
2026-04-28,3693,營邦,2.03,128000,股
2026-04-28,2368,金像電,2.02,57000,股
2026-04-28,3037,欣興電子,1.92,91000,股
2026-04-28,6213,聯茂,1.79,277000,股
2026-04-28,3653,健策,1.77,14000,股
2026-04-28,2472,立隆電子,1.51,337000,股
2026-04-28,3363,上詮,1.49,78000,股
2026-04-28,3711,日月光投控,1.49,118000,股
2026-04-28,8210,勤誠興業,1.47,49000,股
2026-04-28,3131,弘塑科技,1.39,19000,股
2026-04-28,2360,致茂電子,1.32,25000,股
2026-04-28,2344,華邦電,1.29,529000,股
2026-04-28,6643,M31,1.26,94000,股
2026-04-28,3529,力旺電子,1.22,12000,股
2026-04-28,4551,智伸科,1.09,320000,股
2026-04-28,2408,南科,0.7,115000,股
2026-04-28,4583,台灣精銳,0.55,30000,股
2026-04-28,2337,旺宏,0.5,123000,股
2026-04-28,5269,祥碩科技,0.46,14000,股
2026-04-28,2049,上銀科技,0.45,58000,股
2026-04-28,6770,力積電,0.38,273000,股
2026-04-28,1303,南亞塑膠,0.32,140000,股
2026-04-28,1802,台玻,0.16,90000,股
2026-04-28,6805,富世達,0.16,3000,股
2026-04-28,4749,新應材,0.13,5000,股
2026-04-28,6830,汎銓,0.09,5000,股
2026-04-28,2317,鴻海,0.05,9000,股
2026-04-28,2382,廣達,0.05,6000,股
2026-04-28,2881,富邦金,0.05,20000,股
2026-04-28,2882,國泰金,0.05,25000,股
2026-04-28,2449,京元電,0.04,6000,股
2026-04-28,3211,順達科,0.03,3000,股
2026-04-28,C_NTD,CASH,,203783007,元
2026-04-28,M_NTD,MARGIN,,30000000,元
2026-04-28,RDI_NTD,RECEIVABLES FOR DISPOSAL OF INVESTMENTS,,1150630,元
2026-04-29,2330,台積電,8.55,153000,股
2026-04-29,4958,臻鼎-KY,6.65,677000,股
2026-04-29,2308,台達電,5.83,105000,股
2026-04-29,2454,聯發科,5.02,76000,股
2026-04-29,2383,台光電子,4.78,42000,股
2026-04-29,6831,邁科,3.43,290000,股
2026-04-29,3017,奇鋐科技,3.27,45000,股
2026-04-29,8046,南電,3.12,133000,股
2026-04-29,3665,貿聯-KY,2.92,41000,股
2026-04-29,3443,創意電子,2.74,26000,股
2026-04-29,3533,嘉澤端子,2.51,37000,股
2026-04-29,6510,精測,2.51,27000,股
2026-04-29,2455,全新,2.35,290000,股
2026-04-29,2327,國巨,2.24,271000,股
2026-04-29,2345,智邦科技,2.15,38000,股
2026-04-29,6223,旺矽,2.15,17000,股
2026-04-29,2467,志聖工業,2.13,150000,股
2026-04-29,6531,愛普科技,2.12,101000,股
2026-04-29,6526,達發,2.11,150000,股
2026-04-29,3693,營邦,2.03,128000,股
2026-04-29,2368,金像電,1.99,57000,股
2026-04-29,3653,健策,1.95,14000,股
2026-04-29,3037,欣興電子,1.87,91000,股
2026-04-29,6213,聯茂,1.8,277000,股
2026-04-29,2472,立隆電子,1.53,337000,股
2026-04-29,3363,上詮,1.51,78000,股
2026-04-29,3711,日月光投控,1.48,118000,股
2026-04-29,8210,勤誠興業,1.41,49000,股
2026-04-29,3131,弘塑科技,1.4,19000,股
2026-04-29,2360,致茂電子,1.32,25000,股
2026-04-29,6643,M31,1.31,94000,股
2026-04-29,2344,華邦電,1.26,529000,股
2026-04-29,3529,力旺電子,1.2,12000,股
2026-04-29,6830,汎銓,1.09,55000,股
2026-04-29,4551,智伸科,1.08,320000,股
2026-04-29,2408,南科,0.69,115000,股
2026-04-29,4583,台灣精銳,0.56,30000,股
2026-04-29,2337,旺宏,0.53,123000,股
2026-04-29,5269,祥碩科技,0.47,14000,股
2026-04-29,2049,上銀科技,0.46,58000,股
2026-04-29,6770,力積電,0.37,273000,股
2026-04-29,1303,南亞塑膠,0.33,140000,股
2026-04-29,6805,富世達,0.16,3000,股
2026-04-29,1802,台玻,0.15,90000,股
2026-04-29,4749,新應材,0.13,5000,股
2026-04-29,2317,鴻海,0.05,9000,股
2026-04-29,2382,廣達,0.05,6000,股
2026-04-29,2881,富邦金,0.05,20000,股
2026-04-29,2882,國泰金,0.05,25000,股
2026-04-29,2449,京元電,0.04,6000,股
2026-04-29,3211,順達科,0.03,3000,股
2026-04-29,C_NTD,CASH,,153621552,元
2026-04-29,M_NTD,MARGIN,,30000000,元
2026-04-29,RDI_NTD,RECEIVABLES FOR DISPOSAL OF INVESTMENTS,,78812922,元
2026-04-30,2330,台積電,8.2,153000,股
2026-04-30,4958,臻鼎-KY,7.15,677000,股
2026-04-30,2308,台達電,5.71,105000,股
2026-04-30,2454,聯發科,4.98,76000,股
2026-04-30,2383,台光電子,4.79,42000,股
2026-04-30,6831,邁科,3.45,290000,股
2026-04-30,8046,南電,3.36,133000,股
2026-04-30,3017,奇鋐科技,2.85,40000,股
2026-04-30,3665,貿聯-KY,2.85,41000,股
2026-04-30,3443,創意電子,2.78,26000,股
2026-04-30,2455,全新,2.53,290000,股
2026-04-30,3533,嘉澤端子,2.43,37000,股
2026-04-30,6510,精測,2.33,27000,股
2026-04-30,2345,智邦科技,2.17,38000,股
2026-04-30,2327,國巨,2.16,271000,股
2026-04-30,3693,營邦,2.15,128000,股
2026-04-30,6531,愛普科技,2.13,101000,股
2026-04-30,6223,旺矽,2.1,17000,股
2026-04-30,6526,達發,2.07,150000,股
2026-04-30,3037,欣興電子,2.02,91000,股
2026-04-30,2467,志聖工業,1.94,127000,股
2026-04-30,3653,健策,1.89,14000,股
2026-04-30,6213,聯茂,1.88,277000,股
2026-04-30,2368,金像電,1.64,47000,股
2026-04-30,3363,上詮,1.5,78000,股
2026-04-30,2472,立隆電子,1.49,337000,股
2026-04-30,3711,日月光投控,1.42,118000,股
2026-04-30,3131,弘塑科技,1.41,19000,股
2026-04-30,8210,勤誠興業,1.39,49000,股
2026-04-30,2360,致茂電子,1.33,25000,股
2026-04-30,6643,M31,1.29,94000,股
2026-04-30,6830,汎銓,1.22,57000,股
2026-04-30,2344,華邦電,1.19,529000,股
2026-04-30,3529,力旺電子,1.17,12000,股
2026-04-30,4551,智伸科,1.08,320000,股
2026-04-30,2408,南科,0.62,115000,股
2026-04-30,4583,台灣精銳,0.57,30000,股
2026-04-30,2337,旺宏,0.48,123000,股
2026-04-30,5269,祥碩科技,0.48,14000,股
2026-04-30,2049,上銀科技,0.45,58000,股
2026-04-30,6770,力積電,0.36,273000,股
2026-04-30,1303,南亞塑膠,0.31,140000,股
2026-04-30,6805,富世達,0.16,3000,股
2026-04-30,1802,台玻,0.15,90000,股
2026-04-30,4749,新應材,0.13,5000,股
2026-04-30,2317,鴻海,0.05,9000,股
2026-04-30,2382,廣達,0.05,6000,股
2026-04-30,2449,京元電,0.05,6000,股
2026-04-30,2882,國泰金,0.05,25000,股
2026-04-30,2881,富邦金,0.04,20000,股
2026-04-30,3211,順達科,0.03,3000,股
2026-04-30,C_NTD,CASH,,204933637,元
2026-04-30,M_NTD,MARGIN,,30000000,元
2026-04-30,RDI_NTD,RECEIVABLES FOR DISPOSAL OF INVESTMENTS,,67493699,元
2026-05-04,2330,台積電,9.13,179000,股
2026-05-04,4958,臻鼎-KY,6.56,677000,股
2026-05-04,2383,台光電子,5.44,51000,股
2026-05-04,2308,台達電,5.23,105000,股
2026-05-04,2454,聯發科,4.89,76000,股
2026-05-04,6831,邁科,3.73,352000,股
2026-05-04,8046,南電,3.54,160000,股
2026-05-04,3665,貿聯-KY,3.23,49000,股
2026-05-04,3443,創意電子,2.73,26000,股
2026-05-04,3017,奇鋐科技,2.59,40000,股
2026-05-04,3533,嘉澤端子,2.52,43000,股
2026-05-04,6830,汎銓,2.51,121000,股
2026-05-04,2327,國巨,2.4,312000,股
2026-05-04,6526,達發,2.32,176000,股
2026-05-04,2455,全新,2.31,290000,股
2026-05-04,6510,精測,2.29,27000,股
2026-05-04,6223,旺矽,2.2,19000,股
2026-05-04,3037,欣興電子,2.19,107000,股
2026-05-04,3693,營邦,2.14,146000,股
2026-05-04,2345,智邦科技,2.13,38000,股
2026-05-04,6531,愛普科技,2.09,101000,股
2026-05-04,6213,聯茂,1.8,277000,股
2026-05-04,3653,健策,1.66,14000,股
2026-05-04,2368,金像電,1.52,47000,股
2026-05-04,8210,勤誠興業,1.52,59000,股
2026-05-04,3131,弘塑科技,1.51,22000,股
2026-05-04,2472,立隆電子,1.49,361000,股
2026-05-04,3363,上詮,1.47,78000,股
2026-05-04,3711,日月光投控,1.39,118000,股
2026-05-04,2360,致茂電子,1.29,25000,股
2026-05-04,6643,M31,1.27,94000,股
2026-05-04,2344,華邦電,1.13,529000,股
2026-05-04,3529,力旺電子,1.12,12000,股
2026-05-04,4551,智伸科,0.98,320000,股
2026-05-04,2467,志聖工業,0.9,69000,股
2026-05-04,5269,祥碩科技,0.69,22000,股
2026-05-04,2408,南科,0.61,115000,股
2026-05-04,4583,台灣精銳,0.52,30000,股
2026-05-04,2337,旺宏,0.43,123000,股
2026-05-04,2049,上銀科技,0.41,58000,股
2026-05-04,6770,力積電,0.32,273000,股
2026-05-04,1303,南亞塑膠,0.28,140000,股
2026-05-04,6805,富世達,0.15,3000,股
2026-05-04,1802,台玻,0.13,90000,股
2026-05-04,4749,新應材,0.12,5000,股
2026-05-04,2317,鴻海,0.05,9000,股
2026-05-04,2382,廣達,0.04,6000,股
2026-05-04,2449,京元電,0.04,6000,股
2026-05-04,2881,富邦金,0.04,20000,股
2026-05-04,2882,國泰金,0.04,25000,股
2026-05-04,3211,順達科,0.02,3000,股
2026-05-04,C_NTD,CASH,,168827164,元
2026-05-04,M_NTD,MARGIN,,30000000,元
2026-05-04,RDI_NTD,RECEIVABLES FOR DISPOSAL OF INVESTMENTS,,-285645461,元
2026-05-05,2330,台積電,8.96,179000,股
2026-05-05,4958,臻鼎-KY,6.42,677000,股
2026-05-05,2383,台光電子,5.36,51000,股
2026-05-05,2454,聯發科,5.33,76000,股
2026-05-05,2308,台達電,5.06,105000,股
2026-05-05,6831,邁科,4.07,352000,股
2026-05-05,8046,南電,3.55,160000,股
2026-05-05,2455,全新,3.47,404000,股
2026-05-05,3665,貿聯-KY,3.13,49000,股
2026-05-05,3443,創意電子,2.8,26000,股
2026-05-05,6830,汎銓,2.62,121000,股
2026-05-05,2327,國巨,2.42,312000,股
2026-05-05,3533,嘉澤端子,2.38,43000,股
2026-05-05,6526,達發,2.33,176000,股
2026-05-05,6510,精測,2.2,27000,股
2026-05-05,3037,欣興電子,2.15,107000,股
2026-05-05,3693,營邦,2.14,146000,股
2026-05-05,2345,智邦科技,2.11,38000,股
2026-05-05,6223,旺矽,2.11,19000,股
2026-05-05,6531,愛普科技,2.1,101000,股
2026-05-05,3017,奇鋐科技,1.87,31000,股
2026-05-05,6213,聯茂,1.75,277000,股
2026-05-05,8210,勤誠興業,1.66,59000,股
2026-05-05,2368,金像電,1.55,47000,股
2026-05-05,2472,立隆電子,1.51,361000,股
2026-05-05,3363,上詮,1.51,78000,股
2026-05-05,3653,健策,1.49,14000,股
2026-05-05,3131,弘塑科技,1.42,22000,股
2026-05-05,3711,日月光投控,1.36,118000,股
2026-05-05,6643,M31,1.34,94000,股
2026-05-05,2360,致茂電子,1.24,25000,股
2026-05-05,3529,力旺電子,1.19,12000,股
2026-05-05,2344,華邦電,1.16,529000,股
2026-05-05,4551,智伸科,1.01,320000,股
2026-05-05,2467,志聖工業,0.88,69000,股
2026-05-05,2408,南科,0.66,115000,股
2026-05-05,5269,祥碩科技,0.66,22000,股
2026-05-05,4583,台灣精銳,0.51,30000,股
2026-05-05,2337,旺宏,0.44,123000,股
2026-05-05,2049,上銀科技,0.41,58000,股
2026-05-05,6770,力積電,0.34,273000,股
2026-05-05,1303,南亞塑膠,0.29,140000,股
2026-05-05,1802,台玻,0.15,90000,股
2026-05-05,6805,富世達,0.13,3000,股
2026-05-05,4749,新應材,0.11,5000,股
2026-05-05,2317,鴻海,0.05,9000,股
2026-05-05,2449,京元電,0.05,6000,股
2026-05-05,2382,廣達,0.04,6000,股
2026-05-05,2881,富邦金,0.04,20000,股
2026-05-05,2882,國泰金,0.04,25000,股
2026-05-05,3211,順達科,0.02,3000,股
2026-05-05,C_NTD,CASH,,515193796,元
2026-05-05,M_NTD,MARGIN,,30000000,元
2026-05-05,RDI_NTD,RECEIVABLES FOR DISPOSAL OF INVESTMENTS,,-345615780,元
2026-05-06,2330,台積電,8.73,179000,股
2026-05-06,4958,臻鼎-KY,6.05,677000,股
2026-05-06,2454,聯發科,5.65,76000,股
2026-05-06,2383,台光電子,5.48,51000,股
2026-05-06,2308,台達電,5.03,105000,股
2026-05-06,6831,邁科,4.28,352000,股
2026-05-06,8046,南電,3.26,160000,股
2026-05-06,2455,全新,3.05,404000,股
2026-05-06,3665,貿聯-KY,2.92,49000,股
2026-05-06,3443,創意電子,2.79,26000,股
2026-05-06,3533,嘉澤端子,2.55,43000,股
2026-05-06,6830,汎銓,2.55,134000,股
2026-05-06,2327,國巨,2.54,347000,股
2026-05-06,6526,達發,2.5,176000,股
2026-05-06,3693,營邦,2.38,165000,股
2026-05-06,3037,欣興電子,2.25,121000,股
2026-05-06,6510,精測,2.22,27000,股
2026-05-06,6531,愛普科技,2.11,101000,股
2026-05-06,2345,智邦科技,2.05,38000,股
2026-05-06,6223,旺矽,2.04,19000,股
2026-05-06,3131,弘塑科技,1.73,25000,股
2026-05-06,6213,聯茂,1.71,277000,股
2026-05-06,8210,勤誠興業,1.7,59000,股
2026-05-06,3711,日月光投控,1.61,142000,股
2026-05-06,2368,金像電,1.47,47000,股
2026-05-06,2472,立隆電子,1.46,361000,股
2026-05-06,2337,旺宏,1.41,378000,股
2026-05-06,3363,上詮,1.38,78000,股
2026-05-06,6643,M31,1.33,94000,股
2026-05-06,3653,健策,1.31,14000,股
2026-05-06,2360,致茂電子,1.27,25000,股
2026-05-06,2344,華邦電,1.25,529000,股
2026-05-06,3017,奇鋐科技,1.16,22000,股
2026-05-06,3529,力旺電子,1.15,12000,股
2026-05-06,4551,智伸科,0.94,320000,股
2026-05-06,2408,南科,0.7,115000,股
2026-05-06,5269,祥碩科技,0.64,22000,股
2026-05-06,4583,台灣精銳,0.49,30000,股
2026-05-06,2049,上銀科技,0.4,58000,股
2026-05-06,6770,力積電,0.34,273000,股
2026-05-06,2467,志聖工業,0.31,25000,股
2026-05-06,1303,南亞塑膠,0.29,140000,股
2026-05-06,1802,台玻,0.14,90000,股
2026-05-06,6805,富世達,0.12,3000,股
2026-05-06,4749,新應材,0.11,5000,股
2026-05-06,2317,鴻海,0.05,9000,股
2026-05-06,2382,廣達,0.05,6000,股
2026-05-06,2449,京元電,0.04,6000,股
2026-05-06,2881,富邦金,0.04,20000,股
2026-05-06,2882,國泰金,0.04,25000,股
2026-05-06,3211,順達科,0.02,3000,股
2026-05-06,C_NTD,CASH,,189555473,元
2026-05-06,M_NTD,MARGIN,,30000000,元
2026-05-06,RDI_NTD,RECEIVABLES FOR DISPOSAL OF INVESTMENTS,,-87830396,元
2026-05-07,2330,台積電,8.82,179000,股
2026-05-07,4958,臻鼎-KY,6.16,677000,股
2026-05-07,2454,聯發科,5.54,76000,股
2026-05-07,2383,台光電子,5.39,51000,股
2026-05-07,2308,台達電,5.11,105000,股
2026-05-07,6831,邁科,4.2,352000,股
2026-05-07,8046,南電,3.23,160000,股
2026-05-07,3443,創意電子,3.02,26000,股
2026-05-07,2455,全新,2.95,404000,股
2026-05-07,3665,貿聯-KY,2.91,49000,股
2026-05-07,2327,國巨,2.75,347000,股
2026-05-07,6526,達發,2.7,176000,股
2026-05-07,3533,嘉澤端子,2.61,43000,股
2026-05-07,6830,汎銓,2.5,134000,股
2026-05-07,3693,營邦,2.36,165000,股
2026-05-07,3037,欣興電子,2.31,121000,股
2026-05-07,6510,精測,2.15,27000,股
2026-05-07,2345,智邦科技,2.07,38000,股
2026-05-07,6223,旺矽,2.04,19000,股
2026-05-07,6531,愛普科技,1.99,101000,股
2026-05-07,6213,聯茂,1.77,277000,股
2026-05-07,3131,弘塑科技,1.66,25000,股
2026-05-07,3711,日月光投控,1.64,142000,股
2026-05-07,8210,勤誠興業,1.62,59000,股
2026-05-07,2472,立隆電子,1.55,361000,股
2026-05-07,2368,金像電,1.45,47000,股
2026-05-07,3363,上詮,1.36,78000,股
2026-05-07,2337,旺宏,1.33,378000,股
2026-05-07,2344,華邦電,1.29,529000,股
2026-05-07,6643,M31,1.29,94000,股
2026-05-07,2360,致茂電子,1.24,25000,股
2026-05-07,3529,力旺電子,1.2,12000,股
2026-05-07,3653,健策,1.16,14000,股
2026-05-07,3017,奇鋐科技,1.13,22000,股
2026-05-07,4551,智伸科,0.92,320000,股
2026-05-07,2408,南科,0.7,115000,股
2026-05-07,5269,祥碩科技,0.64,22000,股
2026-05-07,4583,台灣精銳,0.48,30000,股
2026-05-07,2049,上銀科技,0.39,58000,股
2026-05-07,6770,力積電,0.37,273000,股
2026-05-07,2467,志聖工業,0.3,25000,股
2026-05-07,1303,南亞塑膠,0.27,140000,股
2026-05-07,1802,台玻,0.14,90000,股
2026-05-07,6805,富世達,0.12,3000,股
2026-05-07,4749,新應材,0.11,5000,股
2026-05-07,2317,鴻海,0.05,9000,股
2026-05-07,2382,廣達,0.04,6000,股
2026-05-07,2449,京元電,0.04,6000,股
2026-05-07,2881,富邦金,0.04,20000,股
2026-05-07,2882,國泰金,0.04,25000,股
2026-05-07,3211,順達科,0.02,3000,股
2026-05-07,C_NTD,CASH,,264656575,元
2026-05-07,M_NTD,MARGIN,,30000000,元
2026-05-07,RDI_NTD,RECEIVABLES FOR DISPOSAL OF INVESTMENTS,,-67852939,元
2026-05-08,2330,台積電,8.88,179000,股
2026-05-08,2454,聯發科,5.98,76000,股
2026-05-08,4958,臻鼎-KY,5.88,677000,股
2026-05-08,2383,台光電子,5.25,51000,股
2026-05-08,2308,台達電,5.01,105000,股
2026-05-08,6831,邁科,4.12,352000,股
2026-05-08,8046,南電,2.96,160000,股
2026-05-08,2455,全新,2.95,404000,股
2026-05-08,3443,創意電子,2.94,26000,股
2026-05-08,2327,國巨,2.92,347000,股
2026-05-08,3665,貿聯-KY,2.92,49000,股
2026-05-08,6526,達發,2.87,176000,股
2026-05-08,3533,嘉澤端子,2.52,43000,股
2026-05-08,6830,汎銓,2.29,134000,股
2026-05-08,3693,營邦,2.16,165000,股
2026-05-08,3037,欣興電子,2.14,121000,股
2026-05-08,6510,精測,2.09,27000,股
2026-05-08,6223,旺矽,2.07,19000,股
2026-05-08,2345,智邦科技,1.96,38000,股
2026-05-08,6531,愛普科技,1.92,101000,股
2026-05-08,8210,勤誠興業,1.81,59000,股
2026-05-08,2472,立隆電子,1.73,361000,股
2026-05-08,6213,聯茂,1.73,277000,股
2026-05-08,2344,華邦電,1.66,717000,股
2026-05-08,3131,弘塑科技,1.59,25000,股
2026-05-08,3711,日月光投控,1.59,142000,股
2026-05-08,3363,上詮,1.37,78000,股
2026-05-08,2368,金像電,1.35,47000,股
2026-05-08,6643,M31,1.26,94000,股
2026-05-08,2337,旺宏,1.25,378000,股
2026-05-08,2360,致茂電子,1.21,25000,股
2026-05-08,3529,力旺電子,1.13,12000,股
2026-05-08,2408,南科,1.12,189000,股
2026-05-08,3653,健策,1.11,14000,股
2026-05-08,4551,智伸科,0.94,320000,股
2026-05-08,5269,祥碩科技,0.67,22000,股
2026-05-08,3017,奇鋐科技,0.58,11000,股
2026-05-08,4583,台灣精銳,0.5,30000,股
2026-05-08,2049,上銀科技,0.4,58000,股
2026-05-08,6770,力積電,0.36,273000,股
2026-05-08,2467,志聖工業,0.29,25000,股
2026-05-08,1303,南亞塑膠,0.27,140000,股
2026-05-08,1802,台玻,0.13,90000,股
2026-05-08,6805,富世達,0.13,3000,股
2026-05-08,4749,新應材,0.12,5000,股
2026-05-08,2317,鴻海,0.05,9000,股
2026-05-08,2382,廣達,0.04,6000,股
2026-05-08,2449,京元電,0.04,6000,股
2026-05-08,2881,富邦金,0.04,20000,股
2026-05-08,2882,國泰金,0.04,25000,股
2026-05-08,C_NTD,CASH,,166803636,元
2026-05-08,M_NTD,MARGIN,,60000000,元
2026-05-08,RDI_NTD,RECEIVABLES FOR DISPOSAL OF INVESTMENTS,,-12634744,元
2026-05-11,2330,台積電,8.35,179000,股
2026-05-11,2454,聯發科,6.16,76000,股
2026-05-11,4958,臻鼎-KY,5.82,677000,股
2026-05-11,2383,台光電子,5.16,51000,股
2026-05-11,2308,台達電,4.92,105000,股
2026-05-11,6831,邁科,4.36,352000,股
2026-05-11,8046,南電,3.32,175000,股
2026-05-11,3443,創意電子,3.11,26000,股
2026-05-11,2327,國巨,3.1,379000,股
2026-05-11,2455,全新,3.04,404000,股
2026-05-11,6526,達發,2.76,176000,股
2026-05-11,3533,嘉澤端子,2.55,43000,股
2026-05-11,3665,貿聯-KY,2.43,40000,股
2026-05-11,3037,欣興電子,2.17,121000,股
2026-05-11,6510,精測,2.14,27000,股
2026-05-11,6830,汎銓,2.11,134000,股
2026-05-11,2345,智邦科技,2.05,38000,股
2026-05-11,6531,愛普科技,2.03,101000,股
2026-05-11,6223,旺矽,1.98,19000,股
2026-05-11,8210,勤誠興業,1.92,59000,股
2026-05-11,2344,華邦電,1.76,717000,股
2026-05-11,6213,聯茂,1.74,277000,股
2026-05-11,2472,立隆電子,1.7,361000,股
2026-05-11,3363,上詮,1.67,94000,股
2026-05-11,3131,弘塑科技,1.61,25000,股
2026-05-11,3711,日月光投控,1.59,142000,股
2026-05-11,2337,旺宏,1.53,460000,股
2026-05-11,2368,金像電,1.37,47000,股
2026-05-11,6643,M31,1.34,94000,股
2026-05-11,3693,營邦,1.29,106000,股
2026-05-11,2360,致茂電子,1.23,25000,股
2026-05-11,2408,南科,1.19,189000,股
2026-05-11,3653,健策,1.17,14000,股
2026-05-11,3529,力旺電子,1.12,12000,股
2026-05-11,4551,智伸科,0.99,320000,股
2026-05-11,5269,祥碩科技,0.64,22000,股
2026-05-11,6770,力積電,0.62,478000,股
2026-05-11,3017,奇鋐科技,0.59,11000,股
2026-05-11,4583,台灣精銳,0.49,30000,股
2026-05-11,2049,上銀科技,0.42,58000,股
2026-05-11,2467,志聖工業,0.31,25000,股
2026-05-11,1303,南亞塑膠,0.27,140000,股
2026-05-11,1802,台玻,0.13,90000,股
2026-05-11,4749,新應材,0.12,5000,股
2026-05-11,6805,富世達,0.12,3000,股
2026-05-11,2317,鴻海,0.05,9000,股
2026-05-11,2382,廣達,0.04,6000,股
2026-05-11,2449,京元電,0.04,6000,股
2026-05-11,2881,富邦金,0.04,20000,股
2026-05-11,2882,國泰金,0.04,25000,股
2026-05-11,C_NTD,CASH,,214585370,元
2026-05-11,M_NTD,MARGIN,,60000000,元
2026-05-11,RDI_NTD,RECEIVABLES FOR DISPOSAL OF INVESTMENTS,,-19423801,元
2026-05-12,2330,台積電,8.39,179000,股
2026-05-12,2454,聯發科,5.85,76000,股
2026-05-12,4958,臻鼎-KY,5.73,677000,股
2026-05-12,2383,台光電子,5.2,51000,股
2026-05-12,2308,台達電,4.79,105000,股
2026-05-12,6831,邁科,4.58,352000,股
2026-05-12,2327,國巨,3.31,379000,股
2026-05-12,8046,南電,3.27,175000,股
2026-05-12,2455,全新,3.15,404000,股
2026-05-12,3443,創意電子,3.01,26000,股
2026-05-12,6526,達發,2.69,176000,股
2026-05-12,3533,嘉澤端子,2.5,43000,股
2026-05-12,3665,貿聯-KY,2.31,40000,股
2026-05-12,6531,愛普科技,2.22,101000,股
2026-05-12,3037,欣興電子,2.2,121000,股
2026-05-12,6510,精測,2.17,27000,股
2026-05-12,6830,汎銓,2.17,134000,股
2026-05-12,6223,旺矽,2.16,19000,股
2026-05-12,2345,智邦科技,2.0,38000,股
2026-05-12,8210,勤誠興業,1.9,59000,股
2026-05-12,2344,華邦電,1.81,717000,股
2026-05-12,3363,上詮,1.8,94000,股
2026-05-12,2472,立隆電子,1.67,361000,股
2026-05-12,3711,日月光投控,1.64,142000,股
2026-05-12,6213,聯茂,1.64,277000,股
2026-05-12,3131,弘塑科技,1.63,25000,股
2026-05-12,2337,旺宏,1.46,460000,股
2026-05-12,2368,金像電,1.36,47000,股
2026-05-12,6643,M31,1.36,94000,股
2026-05-12,3693,營邦,1.31,106000,股
2026-05-12,2360,致茂電子,1.27,25000,股
2026-05-12,2408,南科,1.26,189000,股
2026-05-12,3653,健策,1.14,14000,股
2026-05-12,3529,力旺電子,1.03,12000,股
2026-05-12,4551,智伸科,1.03,320000,股
2026-05-12,5269,祥碩科技,0.7,22000,股
2026-05-12,6770,力積電,0.62,478000,股
2026-05-12,3017,奇鋐科技,0.58,11000,股
2026-05-12,4583,台灣精銳,0.48,30000,股
2026-05-12,2049,上銀科技,0.44,58000,股
2026-05-12,2467,志聖工業,0.34,25000,股
2026-05-12,1303,南亞塑膠,0.26,140000,股
2026-05-12,1802,台玻,0.13,90000,股
2026-05-12,4749,新應材,0.12,5000,股
2026-05-12,6805,富世達,0.12,3000,股
2026-05-12,2317,鴻海,0.05,9000,股
2026-05-12,2382,廣達,0.04,6000,股
2026-05-12,2449,京元電,0.04,6000,股
2026-05-12,2881,富邦金,0.04,20000,股
2026-05-12,2882,國泰金,0.04,25000,股
2026-05-12,C_NTD,CASH,,201950626,元
2026-05-12,M_NTD,MARGIN,,60000000,元
2026-05-12,RDI_NTD,RECEIVABLES FOR DISPOSAL OF INVESTMENTS,,-6789057,元
2026-05-13,2330,台積電,8.34,179000,股
2026-05-13,4958,臻鼎-KY,5.68,611000,股
2026-05-13,2454,聯發科,5.58,76000,股
2026-05-13,2383,台光電子,5.28,51000,股
2026-05-13,6831,邁科,5.08,352000,股
2026-05-13,2308,台達電,4.77,105000,股
2026-05-13,2327,國巨,3.34,379000,股
2026-05-13,8046,南電,3.23,175000,股
2026-05-13,2455,全新,3.17,404000,股
2026-05-13,3443,創意電子,2.91,26000,股
2026-05-13,6510,精測,2.61,33000,股
2026-05-13,6526,達發,2.6,176000,股
2026-05-13,3533,嘉澤端子,2.34,43000,股
2026-05-13,6223,旺矽,2.28,19000,股
2026-05-13,3037,欣興電子,2.27,121000,股
2026-05-13,3665,貿聯-KY,2.1,40000,股
2026-05-13,6830,汎銓,2.1,134000,股
2026-05-13,2345,智邦科技,1.94,38000,股
2026-05-13,8210,勤誠興業,1.88,59000,股
2026-05-13,2344,華邦電,1.84,717000,股
2026-05-13,2472,立隆電子,1.77,361000,股
2026-05-13,3363,上詮,1.68,94000,股
2026-05-13,6531,愛普科技,1.66,76000,股
2026-05-13,3711,日月光投控,1.63,142000,股
2026-05-13,2337,旺宏,1.62,460000,股
2026-05-13,3131,弘塑科技,1.59,25000,股
2026-05-13,6213,聯茂,1.59,277000,股
2026-05-13,2368,金像電,1.33,47000,股
2026-05-13,6643,M31,1.29,94000,股
2026-05-13,2408,南科,1.27,189000,股
2026-05-13,3693,營邦,1.27,106000,股
2026-05-13,2360,致茂電子,1.26,25000,股
2026-05-13,3653,健策,1.04,14000,股
2026-05-13,4551,智伸科,1.03,320000,股
2026-05-13,3529,力旺電子,0.99,12000,股
2026-05-13,5269,祥碩科技,0.66,22000,股
2026-05-13,6770,力積電,0.61,478000,股
2026-05-13,3017,奇鋐科技,0.6,11000,股
2026-05-13,4583,台灣精銳,0.48,30000,股
2026-05-13,2049,上銀科技,0.44,58000,股
2026-05-13,2467,志聖工業,0.33,25000,股
2026-05-13,1303,南亞塑膠,0.25,140000,股
2026-05-13,1802,台玻,0.13,90000,股
2026-05-13,4749,新應材,0.12,5000,股
2026-05-13,6805,富世達,0.12,3000,股
2026-05-13,2317,鴻海,0.05,9000,股
2026-05-13,2382,廣達,0.04,6000,股
2026-05-13,2449,京元電,0.04,6000,股
2026-05-13,2881,富邦金,0.04,20000,股
2026-05-13,2882,國泰金,0.04,25000,股
2026-05-13,C_NTD,CASH,,195161569,元
2026-05-13,M_NTD,MARGIN,,60000000,元
2026-05-13,RDI_NTD,RECEIVABLES FOR DISPOSAL OF INVESTMENTS,,31272785,元
2026-05-14,2330,台積電,8.48,179000,股
2026-05-14,4958,臻鼎-KY,5.57,611000,股
2026-05-14,2454,聯發科,5.4,76000,股
2026-05-14,2383,台光電子,5.24,51000,股
2026-05-14,6831,邁科,4.73,314000,股
2026-05-14,2308,台達電,4.72,105000,股
2026-05-14,2327,國巨,3.66,379000,股
2026-05-14,6510,精測,3.38,39000,股
2026-05-14,8046,南電,3.09,175000,股
2026-05-14,2455,全新,3.02,404000,股
2026-05-14,3443,創意電子,2.76,26000,股
2026-05-14,6526,達發,2.59,176000,股
2026-05-14,2344,華邦電,2.5,895000,股
2026-05-14,6223,旺矽,2.5,19000,股
2026-05-14,6830,汎銓,2.47,163000,股
2026-05-14,3037,欣興電子,2.23,121000,股
2026-05-14,2472,立隆電子,2.19,454000,股
2026-05-14,2345,智邦科技,2.12,38000,股
2026-05-14,2337,旺宏,2.08,589000,股
2026-05-14,3665,貿聯-KY,1.88,40000,股
2026-05-14,8210,勤誠興業,1.8,59000,股
2026-05-14,3363,上詮,1.77,94000,股
2026-05-14,6531,愛普科技,1.67,76000,股
2026-05-14,3711,日月光投控,1.62,142000,股
2026-05-14,6213,聯茂,1.55,277000,股
2026-05-14,3131,弘塑科技,1.53,25000,股
2026-05-14,2368,金像電,1.4,47000,股
2026-05-14,2408,南科,1.35,189000,股
2026-05-14,6643,M31,1.25,94000,股
2026-05-14,2360,致茂電子,1.18,25000,股
2026-05-14,6770,力積電,1.09,836000,股
2026-05-14,4551,智伸科,1.04,320000,股
2026-05-14,3529,力旺電子,0.98,12000,股
2026-05-14,3653,健策,0.98,14000,股
2026-05-14,3693,營邦,0.69,60000,股
2026-05-14,5269,祥碩科技,0.67,22000,股
2026-05-14,3533,嘉澤端子,0.61,12000,股
2026-05-14,3017,奇鋐科技,0.59,11000,股
2026-05-14,4583,台灣精銳,0.47,30000,股
2026-05-14,2049,上銀科技,0.45,58000,股
2026-05-14,2467,志聖工業,0.32,25000,股
2026-05-14,1303,南亞塑膠,0.25,140000,股
2026-05-14,1802,台玻,0.13,90000,股
2026-05-14,4749,新應材,0.12,5000,股
2026-05-14,6805,富世達,0.11,3000,股
2026-05-14,2317,鴻海,0.05,9000,股
2026-05-14,2382,廣達,0.04,6000,股
2026-05-14,2449,京元電,0.04,6000,股
2026-05-14,2881,富邦金,0.04,20000,股
2026-05-14,2882,國泰金,0.04,25000,股
2026-05-14,C_NTD,CASH,,195161569,元
2026-05-14,M_NTD,MARGIN,,60000000,元
2026-05-14,RDI_NTD,RECEIVABLES FOR DISPOSAL OF INVESTMENTS,,26298319,元
2026-05-15,2330,台積電,8.79,179000,股
2026-05-15,2454,聯發科,5.37,76000,股
2026-05-15,4958,臻鼎-KY,5.31,611000,股
2026-05-15,2383,台光電子,5.11,51000,股
2026-05-15,6831,邁科,4.94,314000,股
2026-05-15,2308,台達電,4.73,105000,股
2026-05-15,2327,國巨,3.74,379000,股
2026-05-15,6510,精測,3.16,39000,股
2026-05-15,2455,全新,3.14,404000,股
2026-05-15,8046,南電,2.98,175000,股
2026-05-15,3443,創意電子,2.73,26000,股
2026-05-15,6526,達發,2.63,176000,股
2026-05-15,6830,汎銓,2.6,163000,股
2026-05-15,2344,華邦電,2.51,895000,股
2026-05-15,6223,旺矽,2.43,19000,股
2026-05-15,3037,欣興電子,2.16,121000,股
2026-05-15,2472,立隆電子,2.14,454000,股
2026-05-15,2337,旺宏,2.08,589000,股
2026-05-15,2345,智邦科技,2.06,38000,股
2026-05-15,3665,貿聯-KY,1.82,40000,股
2026-05-15,8210,勤誠興業,1.8,59000,股
2026-05-15,6531,愛普科技,1.78,76000,股
2026-05-15,3363,上詮,1.71,94000,股
2026-05-15,3711,日月光投控,1.69,142000,股
2026-05-15,3131,弘塑科技,1.56,25000,股
2026-05-15,6213,聯茂,1.52,277000,股
2026-05-15,2368,金像電,1.32,47000,股
2026-05-15,2408,南科,1.28,189000,股
2026-05-15,6643,M31,1.26,94000,股
2026-05-15,2360,致茂電子,1.21,25000,股
2026-05-15,6770,力積電,1.14,836000,股
2026-05-15,3653,健策,1.05,14000,股
2026-05-15,4551,智伸科,1.05,320000,股
2026-05-15,3529,力旺電子,1.0,12000,股
2026-05-15,3693,營邦,0.71,60000,股
2026-05-15,5269,祥碩科技,0.69,22000,股
2026-05-15,3533,嘉澤端子,0.61,12000,股
2026-05-15,3017,奇鋐科技,0.59,11000,股
2026-05-15,4583,台灣精銳,0.5,30000,股
2026-05-15,2049,上銀科技,0.49,58000,股
2026-05-15,2467,志聖工業,0.32,25000,股
2026-05-15,1303,南亞塑膠,0.26,140000,股
2026-05-15,1802,台玻,0.13,90000,股
2026-05-15,4749,新應材,0.11,5000,股
2026-05-15,6805,富世達,0.11,3000,股
2026-05-15,2317,鴻海,0.05,9000,股
2026-05-15,2382,廣達,0.04,6000,股
2026-05-15,2449,京元電,0.04,6000,股
2026-05-15,2881,富邦金,0.04,20000,股
2026-05-15,2882,國泰金,0.04,25000,股
2026-05-15,C_NTD,CASH,,212236976,元
2026-05-15,M_NTD,MARGIN,,60000000,元
2026-05-15,RDI_NTD,RECEIVABLES FOR DISPOSAL OF INVESTMENTS,,-4974466,元
2026-05-18,2330,台積電,8.73,179000,股
2026-05-18,2454,聯發科,5.63,76000,股
2026-05-18,4958,臻鼎-KY,5.17,611000,股
2026-05-18,2383,台光電子,5.05,51000,股
2026-05-18,2308,台達電,4.62,105000,股
2026-05-18,6831,邁科,4.45,279000,股
2026-05-18,2327,國巨,4.13,379000,股
2026-05-18,2455,全新,3.4,404000,股
2026-05-18,6510,精測,3.16,39000,股
2026-05-18,8046,南電,3.01,175000,股
2026-05-18,3443,創意電子,2.68,26000,股
2026-05-18,6526,達發,2.64,176000,股
2026-05-18,6830,汎銓,2.61,163000,股
2026-05-18,2344,華邦電,2.54,895000,股
2026-05-18,6223,旺矽,2.54,19000,股
2026-05-18,2472,立隆電子,2.32,454000,股
2026-05-18,3037,欣興電子,2.15,121000,股
2026-05-18,3363,上詮,2.08,119000,股
2026-05-18,2345,智邦科技,2.06,38000,股
2026-05-18,2337,旺宏,2.05,589000,股
2026-05-18,6531,愛普科技,1.88,76000,股
2026-05-18,8210,勤誠興業,1.77,59000,股
2026-05-18,3665,貿聯-KY,1.76,40000,股
2026-05-18,2408,南科,1.7,256000,股
2026-05-18,3711,日月光投控,1.58,142000,股
2026-05-18,3131,弘塑科技,1.51,25000,股
2026-05-18,6213,聯茂,1.48,277000,股
2026-05-18,2368,金像電,1.28,47000,股
2026-05-18,6643,M31,1.25,94000,股
2026-05-18,2360,致茂電子,1.19,25000,股
2026-05-18,6770,力積電,1.13,836000,股
2026-05-18,4551,智伸科,1.01,320000,股
2026-05-18,3653,健策,1.0,14000,股
2026-05-18,3529,力旺電子,0.9,12000,股
2026-05-18,3693,營邦,0.73,60000,股
2026-05-18,5269,祥碩科技,0.67,22000,股
2026-05-18,3017,奇鋐科技,0.58,11000,股
2026-05-18,4583,台灣精銳,0.5,30000,股
2026-05-18,2049,上銀科技,0.48,58000,股
2026-05-18,2467,志聖工業,0.32,25000,股
2026-05-18,1303,南亞塑膠,0.26,140000,股
2026-05-18,1802,台玻,0.13,90000,股
2026-05-18,4749,新應材,0.11,5000,股
2026-05-18,6805,富世達,0.11,3000,股
2026-05-18,3533,嘉澤端子,0.1,2000,股
2026-05-18,2317,鴻海,0.05,9000,股
2026-05-18,2382,廣達,0.04,6000,股
2026-05-18,2449,京元電,0.04,6000,股
2026-05-18,2881,富邦金,0.04,20000,股
2026-05-18,2882,國泰金,0.04,25000,股
2026-05-18,C_NTD,CASH,,207262510,元
2026-05-18,M_NTD,MARGIN,,60000000,元
2026-05-18,RDI_NTD,RECEIVABLES FOR DISPOSAL OF INVESTMENTS,,6964633,元
2026-05-19,2330,台積電,8.91,179000,股
2026-05-19,4958,臻鼎-KY,5.63,611000,股
2026-05-19,2454,聯發科,5.41,76000,股
2026-05-19,2383,台光電子,5.22,51000,股
2026-05-19,6831,邁科,4.62,279000,股
2026-05-19,2308,台達電,4.54,105000,股
2026-05-19,2327,國巨,4.25,379000,股
2026-05-19,2455,全新,3.49,404000,股
2026-05-19,8046,南電,3.15,175000,股
2026-05-19,6510,精測,3.04,39000,股
2026-05-19,3443,創意電子,2.62,26000,股
2026-05-19,6830,汎銓,2.62,163000,股
2026-05-19,6526,達發,2.57,176000,股
2026-05-19,6223,旺矽,2.46,19000,股
2026-05-19,2472,立隆電子,2.38,454000,股
2026-05-19,2344,華邦電,2.37,895000,股
2026-05-19,3037,欣興電子,2.23,121000,股
2026-05-19,3363,上詮,2.08,119000,股
2026-05-19,2345,智邦科技,2.05,38000,股
2026-05-19,2337,旺宏,1.91,589000,股
2026-05-19,3665,貿聯-KY,1.8,40000,股
2026-05-19,6531,愛普科技,1.76,76000,股
2026-05-19,8210,勤誠興業,1.76,59000,股
2026-05-19,2408,南科,1.59,256000,股
2026-05-19,3711,日月光投控,1.51,142000,股
2026-05-19,6213,聯茂,1.5,277000,股
2026-05-19,3131,弘塑科技,1.46,25000,股
2026-05-19,2368,金像電,1.36,47000,股
2026-05-19,6643,M31,1.19,94000,股
2026-05-19,2360,致茂電子,1.16,25000,股
2026-05-19,6770,力積電,1.1,836000,股
2026-05-19,4551,智伸科,1.05,320000,股
2026-05-19,3653,健策,0.98,14000,股
2026-05-19,3529,力旺電子,0.9,12000,股
2026-05-19,3693,營邦,0.72,60000,股
2026-05-19,5269,祥碩科技,0.69,22000,股
2026-05-19,3017,奇鋐科技,0.59,11000,股
2026-05-19,2049,上銀科技,0.49,58000,股
2026-05-19,4583,台灣精銳,0.48,30000,股
2026-05-19,2467,志聖工業,0.33,25000,股
2026-05-19,1303,南亞塑膠,0.26,140000,股
2026-05-19,1802,台玻,0.13,90000,股
2026-05-19,6805,富世達,0.12,3000,股
2026-05-19,3533,嘉澤端子,0.11,2000,股
2026-05-19,4749,新應材,0.11,5000,股
2026-05-19,2317,鴻海,0.05,9000,股
2026-05-19,2382,廣達,0.04,6000,股
2026-05-19,2449,京元電,0.04,6000,股
2026-05-19,2881,富邦金,0.04,20000,股
2026-05-19,2882,國泰金,0.04,25000,股
2026-05-19,C_NTD,CASH,,207262510,元
2026-05-19,M_NTD,MARGIN,,60000000,元
2026-05-19,RDI_NTD,RECEIVABLES FOR DISPOSAL OF INVESTMENTS,,6964633,元
2026-05-20,2330,台積電,8.84,179000,股
2026-05-20,4958,臻鼎-KY,6.06,611000,股
2026-05-20,2454,聯發科,5.55,76000,股
2026-05-20,2383,台光電子,5.07,51000,股
2026-05-20,2308,台達電,4.54,105000,股
2026-05-20,2327,國巨,4.45,379000,股
2026-05-20,6831,邁科,4.1,252000,股
2026-05-20,2455,全新,3.66,404000,股
2026-05-20,8046,南電,3.28,175000,股
2026-05-20,6510,精測,2.98,39000,股
2026-05-20,3443,創意電子,2.71,26000,股
2026-05-20,2472,立隆電子,2.62,454000,股
2026-05-20,6526,達發,2.61,176000,股
2026-05-20,6830,汎銓,2.52,163000,股
2026-05-20,6223,旺矽,2.44,19000,股
2026-05-20,2344,華邦電,2.34,895000,股
2026-05-20,3363,上詮,2.32,132000,股
2026-05-20,3037,欣興電子,2.25,121000,股
2026-05-20,2345,智邦科技,2.02,38000,股
2026-05-20,8210,勤誠興業,1.95,67000,股
2026-05-20,2337,旺宏,1.88,589000,股
2026-05-20,3665,貿聯-KY,1.78,40000,股
2026-05-20,2408,南科,1.59,256000,股
2026-05-20,3711,日月光投控,1.53,142000,股
2026-05-20,6213,聯茂,1.48,277000,股
2026-05-20,3131,弘塑科技,1.46,25000,股
2026-05-20,3661,世芯-KY,1.45,14000,股
2026-05-20,2368,金像電,1.31,47000,股
2026-05-20,6531,愛普科技,1.25,57000,股
2026-05-20,6643,M31,1.2,94000,股
2026-05-20,2360,致茂電子,1.17,25000,股
2026-05-20,6770,力積電,1.09,836000,股
2026-05-20,4551,智伸科,1.07,320000,股
2026-05-20,3653,健策,0.96,14000,股
2026-05-20,3529,力旺電子,0.92,12000,股
2026-05-20,5269,祥碩科技,0.69,22000,股
2026-05-20,3017,奇鋐科技,0.58,11000,股
2026-05-20,2049,上銀科技,0.47,58000,股
2026-05-20,4583,台灣精銳,0.47,30000,股
2026-05-20,3693,營邦,0.34,30000,股
2026-05-20,2467,志聖工業,0.31,25000,股
2026-05-20,1303,南亞塑膠,0.25,140000,股
2026-05-20,1802,台玻,0.13,90000,股
2026-05-20,6805,富世達,0.12,3000,股
2026-05-20,3533,嘉澤端子,0.11,2000,股
2026-05-20,4749,新應材,0.11,5000,股
2026-05-20,2317,鴻海,0.05,9000,股
2026-05-20,2382,廣達,0.04,6000,股
2026-05-20,2449,京元電,0.04,6000,股
2026-05-20,2881,富邦金,0.04,20000,股
2026-05-20,2882,國泰金,0.04,25000,股
2026-05-20,C_NTD,CASH,,200576755,元
2026-05-20,M_NTD,MARGIN,,60000000,元
2026-05-20,RDI_NTD,RECEIVABLES FOR DISPOSAL OF INVESTMENTS,,-32169667,元
2026-05-21,2330,台積電,8.68,179000,股
2026-05-21,4958,臻鼎-KY,6.24,611000,股
2026-05-21,2454,聯發科,5.87,76000,股
2026-05-21,2383,台光電子,5.2,51000,股
2026-05-21,2327,國巨,4.71,379000,股
2026-05-21,2308,台達電,4.63,105000,股
2026-05-21,6831,邁科,4.28,252000,股
2026-05-21,2455,全新,3.39,404000,股
2026-05-21,8046,南電,3.32,175000,股
2026-05-21,3443,創意電子,2.86,26000,股
2026-05-21,6510,精測,2.84,39000,股
2026-05-21,6526,達發,2.69,176000,股
2026-05-21,2472,立隆電子,2.63,454000,股
2026-05-21,6830,汎銓,2.46,163000,股
2026-05-21,3037,欣興電子,2.38,121000,股
2026-05-21,3363,上詮,2.35,132000,股
2026-05-21,6223,旺矽,2.33,19000,股
2026-05-21,2344,華邦電,2.22,895000,股
2026-05-21,2345,智邦科技,2.05,38000,股
2026-05-21,8210,勤誠興業,1.94,67000,股
2026-05-21,3661,世芯-KY,1.92,18000,股
2026-05-21,2337,旺宏,1.81,589000,股
2026-05-21,2408,南科,1.63,256000,股
2026-05-21,6213,聯茂,1.48,277000,股
2026-05-21,3131,弘塑科技,1.47,25000,股
2026-05-21,2360,致茂電子,1.23,25000,股
2026-05-21,6643,M31,1.2,94000,股
2026-05-21,4551,智伸科,1.1,320000,股
2026-05-21,6531,愛普科技,1.09,57000,股
2026-05-21,6770,力積電,1.07,836000,股
2026-05-21,3653,健策,1.01,14000,股
2026-05-21,3711,日月光投控,1.0,90000,股
2026-05-21,3529,力旺電子,0.93,12000,股
2026-05-21,2368,金像電,0.75,27000,股
2026-05-21,3665,貿聯-KY,0.7,15000,股
2026-05-21,5269,祥碩科技,0.67,22000,股
2026-05-21,3017,奇鋐科技,0.6,11000,股
2026-05-21,2049,上銀科技,0.47,58000,股
2026-05-21,4583,台灣精銳,0.46,30000,股
2026-05-21,3693,營邦,0.35,30000,股
2026-05-21,2467,志聖工業,0.32,25000,股
2026-05-21,1303,南亞塑膠,0.27,140000,股
2026-05-21,1802,台玻,0.13,90000,股
2026-05-21,4749,新應材,0.12,5000,股
2026-05-21,6805,富世達,0.12,3000,股
2026-05-21,3533,嘉澤端子,0.11,2000,股
2026-05-21,2317,鴻海,0.05,9000,股
2026-05-21,2382,廣達,0.04,6000,股
2026-05-21,2449,京元電,0.04,6000,股
2026-05-21,2881,富邦金,0.04,20000,股
2026-05-21,2882,國泰金,0.04,25000,股
2026-05-21,C_NTD,CASH,,186936977,元
2026-05-21,M_NTD,MARGIN,,60000000,元
2026-05-21,RDI_NTD,RECEIVABLES FOR DISPOSAL OF INVESTMENTS,,52907411,元
2026-05-22,2330,台積電,8.45,179000,股
2026-05-22,4958,臻鼎-KY,6.6,611000,股
2026-05-22,2454,聯發科,6.14,76000,股
2026-05-22,2383,台光電子,5.35,51000,股
2026-05-22,2327,國巨,4.99,379000,股
2026-05-22,2308,台達電,4.61,105000,股
2026-05-22,6831,邁科,4.15,252000,股
2026-05-22,2455,全新,3.6,404000,股
2026-05-22,8046,南電,3.42,175000,股
2026-05-22,3443,創意電子,2.8,26000,股
2026-05-22,6510,精測,2.78,39000,股
2026-05-22,6526,達發,2.67,176000,股
2026-05-22,2472,立隆電子,2.47,454000,股
2026-05-22,3037,欣興電子,2.46,121000,股
2026-05-22,6830,汎銓,2.44,163000,股
2026-05-22,6223,旺矽,2.4,19000,股
2026-05-22,3363,上詮,2.36,132000,股
2026-05-22,2344,華邦電,2.34,895000,股
2026-05-22,2345,智邦科技,1.97,38000,股
2026-05-22,8210,勤誠興業,1.89,67000,股
2026-05-22,3661,世芯-KY,1.85,18000,股
2026-05-22,2337,旺宏,1.84,589000,股
2026-05-22,2408,南科,1.66,256000,股
2026-05-22,6213,聯茂,1.52,277000,股
2026-05-22,3131,弘塑科技,1.48,25000,股
2026-05-22,2360,致茂電子,1.19,25000,股
2026-05-22,6643,M31,1.18,94000,股
2026-05-22,6531,愛普科技,1.15,57000,股
2026-05-22,6770,力積電,1.12,836000,股
2026-05-22,3653,健策,1.07,14000,股
2026-05-22,3711,日月光投控,1.06,90000,股
2026-05-22,4551,智伸科,1.04,320000,股
2026-05-22,3529,力旺電子,0.91,12000,股
2026-05-22,2368,金像電,0.75,27000,股
2026-05-22,3665,貿聯-KY,0.7,15000,股
2026-05-22,5269,祥碩科技,0.68,22000,股
2026-05-22,3017,奇鋐科技,0.59,11000,股
2026-05-22,2049,上銀科技,0.46,58000,股
2026-05-22,4583,台灣精銳,0.46,30000,股
2026-05-22,3693,營邦,0.37,30000,股
2026-05-22,2467,志聖工業,0.32,25000,股
2026-05-22,1303,南亞塑膠,0.25,140000,股
2026-05-22,1802,台玻,0.13,90000,股
2026-05-22,4749,新應材,0.12,5000,股
2026-05-22,3533,嘉澤端子,0.11,2000,股
2026-05-22,6805,富世達,0.11,3000,股
2026-05-22,2317,鴻海,0.05,9000,股
2026-05-22,2382,廣達,0.04,6000,股
2026-05-22,2449,京元電,0.04,6000,股
2026-05-22,2881,富邦金,0.04,20000,股
2026-05-22,2882,國泰金,0.04,25000,股
2026-05-22,C_NTD,CASH,,134940088,元
2026-05-22,M_NTD,MARGIN,,60000000,元
2026-05-22,RDI_NTD,RECEIVABLES FOR DISPOSAL OF INVESTMENTS,,85077078,元
2026-05-25,2330,台積電,8.28,179000,股
2026-05-25,4958,臻鼎-KY,6.47,611000,股
2026-05-25,2454,聯發科,6.46,76000,股
2026-05-25,2383,台光電子,5.62,51000,股
2026-05-25,2327,國巨,5.24,379000,股
2026-05-25,2308,台達電,4.81,105000,股
2026-05-25,6831,邁科,4.0,252000,股
2026-05-25,8046,南電,3.1,175000,股
2026-05-25,2455,全新,3.04,342000,股
2026-05-25,2472,立隆電子,3.0,537000,股
2026-05-25,3443,創意電子,2.76,26000,股
2026-05-25,6510,精測,2.7,39000,股
2026-05-25,6526,達發,2.64,176000,股
2026-05-25,6830,汎銓,2.57,163000,股
2026-05-25,3037,欣興電子,2.4,121000,股
2026-05-25,6223,旺矽,2.36,19000,股
2026-05-25,2344,華邦電,2.3,895000,股
2026-05-25,3363,上詮,2.23,132000,股
2026-05-25,2345,智邦科技,1.93,38000,股
2026-05-25,8210,勤誠興業,1.92,67000,股
2026-05-25,2337,旺宏,1.8,589000,股
2026-05-25,3661,世芯-KY,1.77,18000,股
2026-05-25,2408,南科,1.52,256000,股
2026-05-25,6213,聯茂,1.48,277000,股
2026-05-25,3131,弘塑科技,1.46,25000,股
2026-05-25,2360,致茂電子,1.23,25000,股
2026-05-25,6531,愛普科技,1.2,57000,股
2026-05-25,6643,M31,1.14,94000,股
2026-05-25,6770,力積電,1.13,836000,股
2026-05-25,3711,日月光投控,1.11,90000,股
2026-05-25,3653,健策,1.06,14000,股
2026-05-25,4551,智伸科,1.01,320000,股
2026-05-25,3081,聯亞,0.94,16000,股
2026-05-25,2368,金像電,0.77,27000,股
2026-05-25,5269,祥碩科技,0.68,22000,股
2026-05-25,3017,奇鋐科技,0.57,11000,股
2026-05-25,2049,上銀科技,0.46,58000,股
2026-05-25,4583,台灣精銳,0.44,30000,股
2026-05-25,3529,力旺電子,0.37,5000,股
2026-05-25,3693,營邦,0.37,30000,股
2026-05-25,2467,志聖工業,0.33,25000,股
2026-05-25,1303,南亞塑膠,0.24,140000,股
2026-05-25,3665,貿聯-KY,0.14,3000,股
2026-05-25,1802,台玻,0.13,90000,股
2026-05-25,4749,新應材,0.12,5000,股
2026-05-25,6805,富世達,0.11,3000,股
2026-05-25,3533,嘉澤端子,0.1,2000,股
2026-05-25,2317,鴻海,0.05,9000,股
2026-05-25,2382,廣達,0.04,6000,股
2026-05-25,2449,京元電,0.04,6000,股
2026-05-25,2881,富邦金,0.04,20000,股
2026-05-25,2882,國泰金,0.04,25000,股
2026-05-25,C_NTD,CASH,,193461446,元
2026-05-25,M_NTD,MARGIN,,60000000,元
2026-05-25,RDI_NTD,RECEIVABLES FOR DISPOSAL OF INVESTMENTS,,11324358,元
2026-05-26,2330,台積電,8.06,179000,股
2026-05-26,4958,臻鼎-KY,6.55,611000,股
2026-05-26,2454,聯發科,6.43,76000,股
2026-05-26,2383,台光電子,5.35,51000,股
2026-05-26,2327,國巨,4.97,379000,股
2026-05-26,2308,台達電,4.9,105000,股
2026-05-26,6831,邁科,4.1,252000,股
2026-05-26,2472,立隆電子,3.27,537000,股
2026-05-26,8046,南電,3.2,175000,股
2026-05-26,3443,創意電子,2.73,26000,股
2026-05-26,6510,精測,2.64,39000,股
2026-05-26,3037,欣興電子,2.61,121000,股
2026-05-26,6830,汎銓,2.52,163000,股
2026-05-26,2344,華邦電,2.5,895000,股
2026-05-26,6526,達發,2.43,176000,股
2026-05-26,6223,旺矽,2.35,19000,股
2026-05-26,3363,上詮,2.32,132000,股
2026-05-26,2455,全新,2.14,255000,股
2026-05-26,2345,智邦科技,1.98,38000,股
2026-05-26,8210,勤誠興業,1.91,67000,股
2026-05-26,2337,旺宏,1.88,589000,股
2026-05-26,3661,世芯-KY,1.66,18000,股
2026-05-26,3131,弘塑科技,1.55,25000,股
2026-05-26,2408,南科,1.54,256000,股
2026-05-26,6213,聯茂,1.51,277000,股
2026-05-26,2360,致茂電子,1.24,25000,股
2026-05-26,6770,力積電,1.17,836000,股
2026-05-26,6643,M31,1.15,94000,股
2026-05-26,3711,日月光投控,1.09,90000,股
2026-05-26,3653,健策,1.02,14000,股
2026-05-26,3081,聯亞,1.0,16000,股
2026-05-26,4551,智伸科,0.99,320000,股
2026-05-26,6531,愛普科技,0.99,46000,股
2026-05-26,2368,金像電,0.77,27000,股
2026-05-26,5269,祥碩科技,0.67,22000,股
2026-05-26,3017,奇鋐科技,0.6,11000,股
2026-05-26,2049,上銀科技,0.47,58000,股
2026-05-26,4583,台灣精銳,0.43,30000,股
2026-05-26,3693,營邦,0.36,30000,股
2026-05-26,2467,志聖工業,0.33,25000,股
2026-05-26,1303,南亞塑膠,0.25,140000,股
2026-05-26,3665,貿聯-KY,0.14,3000,股
2026-05-26,1802,台玻,0.13,90000,股
2026-05-26,3533,嘉澤端子,0.11,2000,股
2026-05-26,4749,新應材,0.11,5000,股
2026-05-26,6805,富世達,0.11,3000,股
2026-05-26,2317,鴻海,0.05,9000,股
2026-05-26,2382,廣達,0.04,6000,股
2026-05-26,2449,京元電,0.04,6000,股
2026-05-26,2881,富邦金,0.04,20000,股
2026-05-26,2882,國泰金,0.04,25000,股
2026-05-26,C_NTD,CASH,,181529819,元
2026-05-26,M_NTD,MARGIN,,60000000,元
2026-05-26,RDI_NTD,RECEIVABLES FOR DISPOSAL OF INVESTMENTS,,77272015,元
2026-05-27,2330,台積電,8.08,179000,股
2026-05-27,2454,聯發科,6.92,76000,股
2026-05-27,4958,臻鼎-KY,6.38,611000,股
2026-05-27,2383,台光電子,5.31,51000,股
2026-05-27,2327,國巨,5.21,379000,股
2026-05-27,2308,台達電,5.19,105000,股
2026-05-27,6831,邁科,4.05,252000,股
2026-05-27,2472,立隆電子,3.56,537000,股
2026-05-27,8046,南電,3.11,175000,股
2026-05-27,2344,華邦電,2.72,895000,股
2026-05-27,3443,創意電子,2.6,26000,股
2026-05-27,3037,欣興電子,2.56,121000,股
2026-05-27,6510,精測,2.44,39000,股
2026-05-27,6223,旺矽,2.38,19000,股
2026-05-27,6526,達發,2.36,176000,股
2026-05-27,6830,汎銓,2.3,163000,股
2026-05-27,3363,上詮,2.19,132000,股
2026-05-27,2455,全新,2.09,255000,股
2026-05-27,2345,智邦科技,1.95,38000,股
2026-05-27,8210,勤誠興業,1.83,67000,股
2026-05-27,2337,旺宏,1.8,589000,股
2026-05-27,3131,弘塑科技,1.68,25000,股
2026-05-27,3661,世芯-KY,1.59,18000,股
2026-05-27,2408,南科,1.57,256000,股
2026-05-27,6213,聯茂,1.5,277000,股
2026-05-27,2360,致茂電子,1.29,25000,股
2026-05-27,6770,力積電,1.23,836000,股
2026-05-27,3711,日月光投控,1.13,90000,股
2026-05-27,6643,M31,1.1,94000,股
2026-05-27,3653,健策,1.01,14000,股
2026-05-27,6531,愛普科技,0.97,46000,股
2026-05-27,4551,智伸科,0.95,320000,股
2026-05-27,3081,聯亞,0.91,16000,股
2026-05-27,2368,金像電,0.73,27000,股
2026-05-27,5269,祥碩科技,0.65,22000,股
2026-05-27,3017,奇鋐科技,0.58,11000,股
2026-05-27,2049,上銀科技,0.47,58000,股
2026-05-27,4583,台灣精銳,0.42,30000,股
2026-05-27,3693,營邦,0.35,30000,股
2026-05-27,2467,志聖工業,0.32,25000,股
2026-05-27,1303,南亞塑膠,0.26,140000,股
2026-05-27,1802,台玻,0.13,90000,股
2026-05-27,3665,貿聯-KY,0.12,3000,股
2026-05-27,4749,新應材,0.11,5000,股
2026-05-27,3533,嘉澤端子,0.1,2000,股
2026-05-27,6805,富世達,0.1,3000,股
2026-05-27,2317,鴻海,0.05,9000,股
2026-05-27,2382,廣達,0.04,6000,股
2026-05-27,2449,京元電,0.04,6000,股
2026-05-27,2881,富邦金,0.04,20000,股
2026-05-27,2882,國泰金,0.04,25000,股
2026-05-27,C_NTD,CASH,,156485637,元
2026-05-27,M_NTD,MARGIN,,60000000,元
2026-05-27,RDI_NTD,RECEIVABLES FOR DISPOSAL OF INVESTMENTS,,65947657,元
2026-05-28,2330,台積電,8.24,179000,股
2026-05-28,2454,聯發科,6.73,76000,股
2026-05-28,4958,臻鼎-KY,5.96,611000,股
2026-05-28,2327,國巨,5.64,379000,股
2026-05-28,2383,台光電子,5.17,51000,股
2026-05-28,2308,台達電,5.04,105000,股
2026-05-28,2472,立隆電子,4.0,537000,股
2026-05-28,6831,邁科,3.99,252000,股
2026-05-28,8046,南電,2.98,175000,股
2026-05-28,2344,華邦電,2.59,895000,股
2026-05-28,6510,精測,2.57,39000,股
2026-05-28,3037,欣興電子,2.49,121000,股
2026-05-28,3443,創意電子,2.39,26000,股
2026-05-28,6526,達發,2.33,176000,股
2026-05-28,6223,旺矽,2.25,19000,股
2026-05-28,6830,汎銓,2.24,163000,股
2026-05-28,3363,上詮,2.16,132000,股
2026-05-28,2455,全新,2.0,255000,股
2026-05-28,2337,旺宏,1.89,589000,股
2026-05-28,2345,智邦科技,1.86,38000,股
2026-05-28,3131,弘塑科技,1.82,25000,股
2026-05-28,8210,勤誠興業,1.78,67000,股
2026-05-28,2408,南科,1.66,256000,股
2026-05-28,3661,世芯-KY,1.55,18000,股
2026-05-28,6213,聯茂,1.45,277000,股
2026-05-28,6770,力積電,1.35,836000,股
2026-05-28,2360,致茂電子,1.29,25000,股
2026-05-28,3711,日月光投控,1.13,90000,股
2026-05-28,6643,M31,1.06,94000,股
2026-05-28,6531,愛普科技,1.01,46000,股
2026-05-28,4551,智伸科,1.0,320000,股
2026-05-28,3653,健策,0.98,14000,股
2026-05-28,3081,聯亞,0.85,16000,股
2026-05-28,2368,金像電,0.71,27000,股
2026-05-28,5269,祥碩科技,0.64,22000,股
2026-05-28,3017,奇鋐科技,0.57,11000,股
2026-05-28,2049,上銀科技,0.45,58000,股
2026-05-28,4583,台灣精銳,0.42,30000,股
2026-05-28,3693,營邦,0.34,30000,股
2026-05-28,2467,志聖工業,0.31,25000,股
2026-05-28,1303,南亞塑膠,0.25,140000,股
2026-05-28,1802,台玻,0.13,90000,股
2026-05-28,3665,貿聯-KY,0.13,3000,股
2026-05-28,4749,新應材,0.11,5000,股
2026-05-28,6805,富世達,0.11,3000,股
2026-05-28,3533,嘉澤端子,0.1,2000,股
2026-05-28,2317,鴻海,0.05,9000,股
2026-05-28,2382,廣達,0.04,6000,股
2026-05-28,2449,京元電,0.04,6000,股
2026-05-28,2881,富邦金,0.04,20000,股
2026-05-28,2882,國泰金,0.04,25000,股
2026-05-28,C_NTD,CASH,,222433294,元
2026-05-28,M_NTD,MARGIN,,60000000,元
2026-05-29,2330,台積電,8.36,179000,股
2026-05-29,2454,聯發科,6.49,76000,股
2026-05-29,4958,臻鼎-KY,6.24,611000,股
2026-05-29,2327,國巨,5.54,379000,股
2026-05-29,2383,台光電子,5.18,51000,股
2026-05-29,2308,台達電,5.09,105000,股
2026-05-29,2472,立隆電子,3.95,537000,股
2026-05-29,6831,邁科,3.71,252000,股
2026-05-29,8046,南電,2.94,175000,股
2026-05-29,2344,華邦電,2.8,895000,股
2026-05-29,3037,欣興電子,2.53,121000,股
2026-05-29,6510,精測,2.43,39000,股
2026-05-29,3443,創意電子,2.41,26000,股
2026-05-29,6526,達發,2.3,176000,股
2026-05-29,6223,旺矽,2.24,19000,股
2026-05-29,6830,汎銓,2.19,163000,股
2026-05-29,2455,全新,2.13,255000,股
2026-05-29,3363,上詮,2.08,132000,股
2026-05-29,2337,旺宏,1.94,589000,股
2026-05-29,2345,智邦科技,1.83,38000,股
2026-05-29,8210,勤誠興業,1.81,67000,股
2026-05-29,2408,南科,1.76,256000,股
2026-05-29,3131,弘塑科技,1.71,25000,股
2026-05-29,3661,世芯-KY,1.58,18000,股
2026-05-29,6213,聯茂,1.47,277000,股
2026-05-29,6770,力積電,1.47,836000,股
2026-05-29,2360,致茂電子,1.25,25000,股
2026-05-29,3711,日月光投控,1.09,90000,股
2026-05-29,6531,愛普科技,1.08,46000,股
2026-05-29,6643,M31,1.08,94000,股
2026-05-29,4551,智伸科,0.99,320000,股
2026-05-29,3653,健策,0.98,14000,股
2026-05-29,3081,聯亞,0.83,16000,股
2026-05-29,2368,金像電,0.71,27000,股
2026-05-29,5269,祥碩科技,0.64,22000,股
2026-05-29,3017,奇鋐科技,0.58,11000,股
2026-05-29,2049,上銀科技,0.45,58000,股
2026-05-29,4583,台灣精銳,0.43,30000,股
2026-05-29,3693,營邦,0.35,30000,股
2026-05-29,2467,志聖工業,0.31,25000,股
2026-05-29,1303,南亞塑膠,0.27,140000,股
2026-05-29,1802,台玻,0.13,90000,股
2026-05-29,3665,貿聯-KY,0.12,3000,股
2026-05-29,3533,嘉澤端子,0.11,2000,股
2026-05-29,4749,新應材,0.11,5000,股
2026-05-29,6805,富世達,0.11,3000,股
2026-05-29,2317,鴻海,0.05,9000,股
2026-05-29,2382,廣達,0.04,6000,股
2026-05-29,2449,京元電,0.04,6000,股
2026-05-29,2881,富邦金,0.04,20000,股
2026-05-29,2882,國泰金,0.04,25000,股
2026-05-29,C_NTD,CASH,,245117641,元
2026-05-29,M_NTD,MARGIN,,60005101,元
2026-06-01,2330,台積電,8.16,179000,股
2026-06-01,2454,聯發科,6.7,76000,股
2026-06-01,4958,臻鼎-KY,6.48,611000,股
2026-06-01,2327,國巨,5.79,379000,股
2026-06-01,2383,台光電子,5.0,51000,股
2026-06-01,2308,台達電,4.92,105000,股
2026-06-01,2472,立隆電子,4.07,537000,股
2026-06-01,6831,邁科,3.72,252000,股
2026-06-01,8046,南電,3.06,175000,股
2026-06-01,2344,華邦電,2.91,895000,股
2026-06-01,6510,精測,2.48,39000,股
2026-06-01,3037,欣興電子,2.46,121000,股
2026-06-01,3443,創意電子,2.34,26000,股
2026-06-01,3363,上詮,2.33,149000,股
2026-06-01,6526,達發,2.29,176000,股
2026-06-01,2408,南科,2.19,296000,股
2026-06-01,2337,旺宏,2.18,672000,股
2026-06-01,6830,汎銓,2.15,163000,股
2026-06-01,6223,旺矽,2.09,19000,股
2026-06-01,2455,全新,2.05,255000,股
2026-06-01,2345,智邦科技,1.85,38000,股
2026-06-01,8210,勤誠興業,1.81,67000,股
2026-06-01,3661,世芯-KY,1.69,18000,股
2026-06-01,3131,弘塑科技,1.58,25000,股
2026-06-01,6213,聯茂,1.58,277000,股
2026-06-01,6770,力積電,1.41,836000,股
2026-06-01,2360,致茂電子,1.25,25000,股
2026-06-01,3081,聯亞,1.09,21000,股
2026-06-01,3711,日月光投控,1.05,90000,股
2026-06-01,6643,M31,1.05,94000,股
2026-06-01,3653,健策,1.04,14000,股
2026-06-01,6531,愛普科技,1.0,46000,股
2026-06-01,4551,智伸科,0.95,320000,股
2026-06-01,2368,金像電,0.69,27000,股
2026-06-01,5269,祥碩科技,0.65,22000,股
2026-06-01,3017,奇鋐科技,0.59,11000,股
2026-06-01,2049,上銀科技,0.44,58000,股
2026-06-01,4583,台灣精銳,0.42,30000,股
2026-06-01,3693,營邦,0.37,30000,股
2026-06-01,2467,志聖工業,0.31,25000,股
2026-06-01,1303,南亞塑膠,0.29,140000,股
2026-06-01,1802,台玻,0.13,90000,股
2026-06-01,3665,貿聯-KY,0.12,3000,股
2026-06-01,6805,富世達,0.12,3000,股
2026-06-01,3533,嘉澤端子,0.1,2000,股
2026-06-01,4749,新應材,0.1,5000,股
2026-06-01,2317,鴻海,0.05,9000,股
2026-06-01,2382,廣達,0.04,6000,股
2026-06-01,2449,京元電,0.04,6000,股
2026-06-01,2881,富邦金,0.04,20000,股
2026-06-01,2882,國泰金,0.04,25000,股
2026-06-01,C_NTD,CASH,,245117641,元
2026-06-01,M_NTD,MARGIN,,60005101,元
2026-06-01,RDI_NTD,RECEIVABLES FOR DISPOSAL OF INVESTMENTS,,-56913841,元
2026-06-02,2330,台積電,8.34,179000,股
2026-06-02,2454,聯發科,6.73,76000,股
2026-06-02,2327,國巨,6.28,379000,股
2026-06-02,4958,臻鼎-KY,6.22,611000,股
2026-06-02,2308,台達電,4.85,105000,股
2026-06-02,2383,台光電子,4.85,51000,股
2026-06-02,2472,立隆電子,4.0,537000,股
2026-06-02,2344,華邦電,3.23,895000,股
2026-06-02,8046,南電,2.95,175000,股
2026-06-02,6831,邁科,2.87,214000,股
2026-06-02,6526,達發,2.46,176000,股
2026-06-02,6510,精測,2.45,39000,股
2026-06-02,2408,南科,2.43,296000,股
2026-06-02,3363,上詮,2.35,149000,股
2026-06-02,2337,旺宏,2.31,672000,股
2026-06-02,3037,欣興電子,2.31,121000,股
2026-06-02,3443,創意電子,2.31,26000,股
2026-06-02,6830,汎銓,2.11,163000,股
2026-06-02,6223,旺矽,2.05,19000,股
2026-06-02,2455,全新,1.99,255000,股
2026-06-02,2345,智邦科技,1.8,38000,股
2026-06-02,8210,勤誠興業,1.8,67000,股
2026-06-02,3131,弘塑科技,1.62,25000,股
2026-06-02,3661,世芯-KY,1.61,18000,股
2026-06-02,6213,聯茂,1.48,277000,股
2026-06-02,6770,力積電,1.41,836000,股
2026-06-02,2360,致茂電子,1.19,25000,股
2026-06-02,3653,健策,1.09,14000,股
2026-06-02,3081,聯亞,1.06,21000,股
2026-06-02,6643,M31,1.06,94000,股
2026-06-02,3711,日月光投控,1.04,90000,股
2026-06-02,6531,愛普科技,0.97,46000,股
2026-06-02,5269,祥碩科技,0.69,22000,股
2026-06-02,2368,金像電,0.67,27000,股
2026-06-02,3017,奇鋐科技,0.58,11000,股
2026-06-02,2049,上銀科技,0.41,58000,股
2026-06-02,4583,台灣精銳,0.41,30000,股
2026-06-02,4551,智伸科,0.4,133000,股
2026-06-02,3693,營邦,0.35,30000,股
2026-06-02,1303,南亞塑膠,0.31,140000,股
2026-06-02,2467,志聖工業,0.29,25000,股
2026-06-02,1802,台玻,0.13,90000,股
2026-06-02,3665,貿聯-KY,0.13,3000,股
2026-06-02,6805,富世達,0.13,3000,股
2026-06-02,3533,嘉澤端子,0.1,2000,股
2026-06-02,4749,新應材,0.1,5000,股
2026-06-02,2317,鴻海,0.05,9000,股
2026-06-02,2382,廣達,0.05,6000,股
2026-06-02,2449,京元電,0.04,6000,股
2026-06-02,2881,富邦金,0.04,20000,股
2026-06-02,2882,國泰金,0.04,25000,股
2026-06-02,C_NTD,CASH,,245117641,元
2026-06-02,M_NTD,MARGIN,,60005101,元
2026-06-02,RDI_NTD,RECEIVABLES FOR DISPOSAL OF INVESTMENTS,,-2741836,元
2026-06-03,2330,台積電,8.42,179000,股
2026-06-03,2454,聯發科,6.7,76000,股
2026-06-03,4958,臻鼎-KY,6.04,611000,股
2026-06-03,2327,國巨,6.03,379000,股
2026-06-03,2308,台達電,5.0,105000,股
2026-06-03,2383,台光電子,4.78,51000,股
2026-06-03,2472,立隆電子,3.74,537000,股
2026-06-03,2344,華邦電,3.08,895000,股
2026-06-03,8046,南電,3.07,175000,股
2026-06-03,6831,邁科,3.01,214000,股
2026-06-03,6830,汎銓,2.74,198000,股
2026-06-03,3363,上詮,2.56,149000,股
2026-06-03,6510,精測,2.5,39000,股
2026-06-03,6526,達發,2.43,176000,股
2026-06-03,3037,欣興電子,2.35,121000,股
2026-06-03,3443,創意電子,2.32,26000,股
2026-06-03,2408,南科,2.3,296000,股
2026-06-03,6223,旺矽,2.18,19000,股
2026-06-03,2337,旺宏,2.11,672000,股
2026-06-03,2455,全新,2.05,255000,股
2026-06-03,2345,智邦科技,1.9,38000,股
2026-06-03,8210,勤誠興業,1.89,67000,股
2026-06-03,3661,世芯-KY,1.6,18000,股
2026-06-03,3131,弘塑科技,1.55,25000,股
2026-06-03,6213,聯茂,1.45,277000,股
2026-06-03,6770,力積電,1.37,836000,股
2026-06-03,2360,致茂電子,1.23,25000,股
2026-06-03,3081,聯亞,1.15,21000,股
2026-06-03,3711,日月光投控,1.08,90000,股
2026-06-03,3653,健策,1.06,14000,股
2026-06-03,6643,M31,1.05,94000,股
2026-06-03,6531,愛普科技,0.98,46000,股
2026-06-03,5269,祥碩科技,0.67,22000,股
2026-06-03,3017,奇鋐科技,0.61,11000,股
2026-06-03,2049,上銀科技,0.42,58000,股
2026-06-03,4583,台灣精銳,0.4,30000,股
2026-06-03,2368,金像電,0.38,14000,股
2026-06-03,3693,營邦,0.34,30000,股
2026-06-03,1303,南亞塑膠,0.31,140000,股
2026-06-03,2467,志聖工業,0.3,25000,股
2026-06-03,4551,智伸科,0.17,59000,股
2026-06-03,1802,台玻,0.13,90000,股
2026-06-03,3665,貿聯-KY,0.13,3000,股
2026-06-03,6805,富世達,0.12,3000,股
2026-06-03,3533,嘉澤端子,0.1,2000,股
2026-06-03,4749,新應材,0.1,5000,股
2026-06-03,2317,鴻海,0.05,9000,股
2026-06-03,2382,廣達,0.05,6000,股
2026-06-03,2449,京元電,0.04,6000,股
2026-06-03,2881,富邦金,0.04,20000,股
2026-06-03,2882,國泰金,0.04,25000,股
2026-06-03,C_NTD,CASH,,188203800,元
2026-06-03,M_NTD,MARGIN,,60005101,元
2026-06-03,RDI_NTD,RECEIVABLES FOR DISPOSAL OF INVESTMENTS,,58287698,元
2026-06-04,2330,台積電,8.48,179000,股
2026-06-04,2454,聯發科,6.69,76000,股
2026-06-04,4958,臻鼎-KY,5.98,611000,股
2026-06-04,2327,國巨,5.6,379000,股
2026-06-04,2308,台達電,5.06,105000,股
2026-06-04,2383,台光電子,4.9,51000,股
2026-06-04,2472,立隆電子,3.74,537000,股
2026-06-04,2344,華邦電,3.19,895000,股
2026-06-04,6831,邁科,3.07,214000,股
2026-06-04,8046,南電,3.05,175000,股
2026-06-04,6510,精測,2.72,39000,股
2026-06-04,6830,汎銓,2.66,198000,股
2026-06-04,3363,上詮,2.49,149000,股
2026-06-04,6526,達發,2.4,176000,股
2026-06-04,3037,欣興電子,2.33,121000,股
2026-06-04,2408,南科,2.32,296000,股
2026-06-04,6223,旺矽,2.29,19000,股
2026-06-04,3443,創意電子,2.27,26000,股
2026-06-04,2337,旺宏,2.09,672000,股
2026-06-04,2455,全新,2.04,255000,股
2026-06-04,2345,智邦科技,1.9,38000,股
2026-06-04,8210,勤誠興業,1.89,67000,股
2026-06-04,3131,弘塑科技,1.59,25000,股
2026-06-04,3661,世芯-KY,1.55,18000,股
2026-06-04,6213,聯茂,1.43,277000,股
2026-06-04,6770,力積電,1.35,836000,股
2026-06-04,2360,致茂電子,1.3,25000,股
2026-06-04,3081,聯亞,1.08,21000,股
2026-06-04,3711,日月光投控,1.06,90000,股
2026-06-04,6643,M31,1.05,94000,股
2026-06-04,3653,健策,1.04,14000,股
2026-06-04,6531,愛普科技,0.96,46000,股
2026-06-04,5269,祥碩科技,0.69,22000,股
2026-06-04,3017,奇鋐科技,0.59,11000,股
2026-06-04,2049,上銀科技,0.41,58000,股
2026-06-04,4583,台灣精銳,0.4,30000,股
2026-06-04,2368,金像電,0.38,14000,股
2026-06-04,3693,營邦,0.34,30000,股
2026-06-04,1303,南亞塑膠,0.31,140000,股
2026-06-04,2467,志聖工業,0.31,25000,股
2026-06-04,4551,智伸科,0.17,59000,股
2026-06-04,3665,貿聯-KY,0.13,3000,股
2026-06-04,1802,台玻,0.12,90000,股
2026-06-04,6805,富世達,0.12,3000,股
2026-06-04,3533,嘉澤端子,0.1,2000,股
2026-06-04,4749,新應材,0.1,5000,股
2026-06-04,2317,鴻海,0.05,9000,股
2026-06-04,2382,廣達,0.05,6000,股
2026-06-04,2881,富邦金,0.05,20000,股
2026-06-04,2882,國泰金,0.05,25000,股
2026-06-04,2449,京元電,0.04,6000,股
2026-06-04,C_NTD,CASH,,242375805,元
2026-06-04,M_NTD,MARGIN,,60005101,元
2026-06-04,RDI_NTD,RECEIVABLES FOR DISPOSAL OF INVESTMENTS,,4115693,元
2026-06-05,2330,台積電,8.55,179000,股
2026-06-05,2454,聯發科,6.6,76000,股
2026-06-05,4958,臻鼎-KY,6.22,611000,股
2026-06-05,2327,國巨,5.88,379000,股
2026-06-05,2383,台光電子,5.03,51000,股
2026-06-05,2308,台達電,4.88,105000,股
2026-06-05,2472,立隆電子,3.94,537000,股
2026-06-05,6831,邁科,3.19,214000,股
2026-06-05,8046,南電,2.99,175000,股
2026-06-05,2344,華邦電,2.93,895000,股
2026-06-05,3363,上詮,2.73,149000,股
2026-06-05,6510,精測,2.6,39000,股
2026-06-05,6830,汎銓,2.49,198000,股
2026-06-05,6526,達發,2.38,176000,股
2026-06-05,3443,創意電子,2.31,26000,股
2026-06-05,3037,欣興電子,2.28,121000,股
2026-06-05,6223,旺矽,2.21,19000,股
2026-06-05,2408,南科,2.15,296000,股
2026-06-05,2455,全新,2.05,255000,股
2026-06-05,2337,旺宏,2.04,672000,股
2026-06-05,2345,智邦科技,1.91,38000,股
2026-06-05,8210,勤誠興業,1.85,67000,股
2026-06-05,3131,弘塑科技,1.59,25000,股
2026-06-05,3661,世芯-KY,1.56,18000,股
2026-06-05,6213,聯茂,1.42,277000,股
2026-06-05,2360,致茂電子,1.29,25000,股
2026-06-05,6770,力積電,1.26,836000,股
2026-06-05,3081,聯亞,1.13,21000,股
2026-06-05,6643,M31,1.06,94000,股
2026-06-05,3711,日月光投控,1.05,90000,股
2026-06-05,3653,健策,1.02,14000,股
2026-06-05,6531,愛普科技,0.94,46000,股
2026-06-05,5269,祥碩科技,0.68,22000,股
2026-06-05,3017,奇鋐科技,0.58,11000,股
2026-06-05,4583,台灣精銳,0.41,30000,股
2026-06-05,2049,上銀科技,0.4,58000,股
2026-06-05,2368,金像電,0.37,14000,股
2026-06-05,3693,營邦,0.34,30000,股
2026-06-05,1303,南亞塑膠,0.3,140000,股
2026-06-05,2467,志聖工業,0.29,25000,股
2026-06-05,4551,智伸科,0.17,59000,股
2026-06-05,3665,貿聯-KY,0.13,3000,股
2026-06-05,1802,台玻,0.12,90000,股
2026-06-05,6805,富世達,0.12,3000,股
2026-06-05,3533,嘉澤端子,0.1,2000,股
2026-06-05,4749,新應材,0.1,5000,股
2026-06-05,2317,鴻海,0.05,9000,股
2026-06-05,2382,廣達,0.05,6000,股
2026-06-05,2881,富邦金,0.05,20000,股
2026-06-05,2882,國泰金,0.05,25000,股
2026-06-05,2449,京元電,0.04,6000,股
2026-06-05,C_NTD,CASH,,243162192,元
2026-06-05,M_NTD,MARGIN,,60005101,元
2026-06-08,2330,台積電,8.58,179000,股
2026-06-08,4958,臻鼎-KY,6.53,611000,股
2026-06-08,2454,聯發科,6.46,76000,股
2026-06-08,2327,國巨,5.94,379000,股
2026-06-08,2383,台光電子,5.08,51000,股
2026-06-08,2308,台達電,4.94,105000,股
2026-06-08,2472,立隆電子,3.8,537000,股
2026-06-08,6831,邁科,3.19,214000,股
2026-06-08,8046,南電,3.04,175000,股
2026-06-08,6510,精測,2.9,39000,股
2026-06-08,2344,華邦電,2.88,895000,股
2026-06-08,3363,上詮,2.58,149000,股
2026-06-08,6830,汎銓,2.32,198000,股
2026-06-08,3443,創意電子,2.31,26000,股
2026-06-08,3037,欣興電子,2.3,121000,股
2026-06-08,6526,達發,2.3,176000,股
2026-06-08,6223,旺矽,2.19,19000,股
2026-06-08,2408,南科,2.1,296000,股
2026-06-08,2337,旺宏,2.01,672000,股
2026-06-08,2345,智邦科技,1.92,38000,股
2026-06-08,8210,勤誠興業,1.92,67000,股
2026-06-08,2455,全新,1.91,255000,股
2026-06-08,3131,弘塑科技,1.58,25000,股
2026-06-08,3661,世芯-KY,1.57,18000,股
2026-06-08,6213,聯茂,1.41,277000,股
2026-06-08,2360,致茂電子,1.28,25000,股
2026-06-08,6770,力積電,1.18,836000,股
2026-06-08,3653,健策,1.12,14000,股
2026-06-08,3081,聯亞,1.1,21000,股
2026-06-08,3711,日月光投控,1.01,90000,股
2026-06-08,6643,M31,0.98,94000,股
2026-06-08,6531,愛普科技,0.87,46000,股
2026-06-08,5269,祥碩科技,0.64,22000,股
2026-06-08,3017,奇鋐科技,0.59,11000,股
2026-06-08,2049,上銀科技,0.4,58000,股
2026-06-08,2368,金像電,0.4,14000,股
2026-06-08,4583,台灣精銳,0.4,30000,股
2026-06-08,3693,營邦,0.35,30000,股
2026-06-08,2467,志聖工業,0.3,25000,股
2026-06-08,1303,南亞塑膠,0.28,140000,股
2026-06-08,4551,智伸科,0.17,59000,股
2026-06-08,3665,貿聯-KY,0.13,3000,股
2026-06-08,1802,台玻,0.12,90000,股
2026-06-08,6805,富世達,0.12,3000,股
2026-06-08,4749,新應材,0.1,5000,股
2026-06-08,3533,嘉澤端子,0.09,2000,股
2026-06-08,2317,鴻海,0.05,9000,股
2026-06-08,2382,廣達,0.05,6000,股
2026-06-08,2881,富邦金,0.05,20000,股
2026-06-08,2882,國泰金,0.05,25000,股
2026-06-08,2449,京元電,0.04,6000,股
2026-06-08,C_NTD,CASH,,243162192,元
2026-06-08,M_NTD,MARGIN,,60005101,元
2026-06-09,2330,台積電,8.27,179000,股
2026-06-09,2454,聯發科,6.82,76000,股
2026-06-09,4958,臻鼎-KY,6.68,611000,股
2026-06-09,2327,國巨,6.28,379000,股
2026-06-09,2383,台光電子,5.18,51000,股
2026-06-09,2308,台達電,5.08,105000,股
2026-06-09,2472,立隆電子,4.01,537000,股
2026-06-09,6831,邁科,3.33,214000,股
2026-06-09,8046,南電,3.21,175000,股
2026-06-09,2344,華邦電,2.81,895000,股
2026-06-09,6510,精測,2.65,39000,股
2026-06-09,3363,上詮,2.48,149000,股
2026-06-09,3037,欣興電子,2.35,121000,股
2026-06-09,6526,達發,2.29,176000,股
2026-06-09,3443,創意電子,2.25,26000,股
2026-06-09,6223,旺矽,2.24,19000,股
2026-06-09,6830,汎銓,2.18,198000,股
2026-06-09,2408,南科,2.15,296000,股
2026-06-09,8210,勤誠興業,2.03,67000,股
2026-06-09,2455,全新,2.02,255000,股
2026-06-09,2337,旺宏,1.96,672000,股
2026-06-09,2345,智邦科技,1.89,38000,股
2026-06-09,3131,弘塑科技,1.59,25000,股
2026-06-09,3661,世芯-KY,1.53,18000,股
2026-06-09,6213,聯茂,1.43,277000,股
2026-06-09,2360,致茂電子,1.2,25000,股
2026-06-09,6770,力積電,1.2,836000,股
2026-06-09,3653,健策,1.1,14000,股
2026-06-09,3081,聯亞,1.05,21000,股
2026-06-09,3711,日月光投控,1.03,90000,股
2026-06-09,6643,M31,0.93,94000,股
2026-06-09,6531,愛普科技,0.89,46000,股
2026-06-09,5269,祥碩科技,0.63,22000,股
2026-06-09,3017,奇鋐科技,0.56,11000,股
2026-06-09,2368,金像電,0.42,14000,股
2026-06-09,2049,上銀科技,0.4,58000,股
2026-06-09,4583,台灣精銳,0.39,30000,股
2026-06-09,3693,營邦,0.32,30000,股
2026-06-09,2467,志聖工業,0.29,25000,股
2026-06-09,1303,南亞塑膠,0.28,140000,股
2026-06-09,4551,智伸科,0.17,59000,股
2026-06-09,3665,貿聯-KY,0.13,3000,股
2026-06-09,6805,富世達,0.12,3000,股
2026-06-09,1802,台玻,0.11,90000,股
2026-06-09,4749,新應材,0.1,5000,股
2026-06-09,3533,嘉澤端子,0.09,2000,股
2026-06-09,2317,鴻海,0.05,9000,股
2026-06-09,2881,富邦金,0.05,20000,股
2026-06-09,2882,國泰金,0.05,25000,股
2026-06-09,2382,廣達,0.04,6000,股
2026-06-09,2449,京元電,0.03,6000,股
2026-06-09,C_NTD,CASH,,243162192,元
2026-06-09,M_NTD,MARGIN,,60005101,元
2026-06-10,2330,台積電,8.59,179000,股
2026-06-10,2454,聯發科,7.16,81000,股
2026-06-10,2327,國巨,6.61,379000,股
2026-06-10,4958,臻鼎-KY,6.53,611000,股
2026-06-10,2383,台光電子,5.36,51000,股
2026-06-10,2308,台達電,4.92,105000,股
2026-06-10,2472,立隆電子,3.84,537000,股
2026-06-10,6831,邁科,3.33,214000,股
2026-06-10,8046,南電,3.16,175000,股
2026-06-10,2344,華邦電,2.84,895000,股
2026-06-10,6510,精測,2.66,39000,股
2026-06-10,3363,上詮,2.37,149000,股
2026-06-10,6223,旺矽,2.33,19000,股
2026-06-10,6526,達發,2.3,176000,股
2026-06-10,3037,欣興電子,2.28,121000,股
2026-06-10,3443,創意電子,2.23,26000,股
2026-06-10,6830,汎銓,2.11,198000,股
2026-06-10,2408,南科,2.1,296000,股
2026-06-10,8210,勤誠興業,2.06,67000,股
2026-06-10,2337,旺宏,1.93,672000,股
2026-06-10,2345,智邦科技,1.91,38000,股
2026-06-10,3131,弘塑科技,1.65,25000,股
2026-06-10,3653,健策,1.62,20000,股
2026-06-10,3661,世芯-KY,1.55,18000,股
2026-06-10,6213,聯茂,1.5,277000,股
2026-06-10,2455,全新,1.34,177000,股
2026-06-10,6531,愛普科技,1.33,70000,股
2026-06-10,2360,致茂電子,1.18,25000,股
2026-06-10,6770,力積電,1.15,836000,股
2026-06-10,3711,日月光投控,1.03,90000,股
2026-06-10,3081,聯亞,1.0,21000,股
2026-06-10,6643,M31,0.93,94000,股
2026-06-10,5269,祥碩科技,0.62,22000,股
2026-06-10,3017,奇鋐科技,0.55,11000,股
2026-06-10,2368,金像電,0.42,14000,股
2026-06-10,2049,上銀科技,0.4,58000,股
2026-06-10,4583,台灣精銳,0.4,30000,股
2026-06-10,3693,營邦,0.32,30000,股
2026-06-10,2467,志聖工業,0.29,25000,股
2026-06-10,1303,南亞塑膠,0.28,140000,股
2026-06-10,4551,智伸科,0.17,59000,股
2026-06-10,3665,貿聯-KY,0.14,3000,股
2026-06-10,1802,台玻,0.11,90000,股
2026-06-10,6805,富世達,0.11,3000,股
2026-06-10,4749,新應材,0.1,5000,股
2026-06-10,3533,嘉澤端子,0.09,2000,股
2026-06-10,2317,鴻海,0.05,9000,股
2026-06-10,2382,廣達,0.05,6000,股
2026-06-10,2881,富邦金,0.05,20000,股
2026-06-10,2882,國泰金,0.05,25000,股
2026-06-10,2449,京元電,0.03,6000,股
2026-06-10,C_NTD,CASH,,243162192,元
2026-06-10,M_NTD,MARGIN,,60005101,元
2026-06-10,RDI_NTD,RECEIVABLES FOR DISPOSAL OF INVESTMENTS,,-39503971,元
2026-06-11,2330,台積電,8.53,179000,股
2026-06-11,2454,聯發科,7.01,81000,股
2026-06-11,4958,臻鼎-KY,6.85,611000,股
2026-06-11,2327,國巨,6.76,379000,股
2026-06-11,2383,台光電子,5.51,51000,股
2026-06-11,2308,台達電,4.81,105000,股
2026-06-11,2472,立隆電子,3.98,537000,股
2026-06-11,6831,邁科,3.26,214000,股
2026-06-11,8046,南電,2.99,175000,股
2026-06-11,2344,華邦電,2.97,895000,股
2026-06-11,6510,精測,2.8,39000,股
2026-06-11,6223,旺矽,2.45,19000,股
2026-06-11,3363,上詮,2.3,149000,股
2026-06-11,6526,達發,2.3,176000,股
2026-06-11,3443,創意電子,2.26,26000,股
2026-06-11,3037,欣興電子,2.19,121000,股
2026-06-11,6830,汎銓,2.16,198000,股
2026-06-11,2408,南科,2.13,296000,股
2026-06-11,8210,勤誠興業,2.04,67000,股
2026-06-11,2345,智邦科技,1.83,38000,股
2026-06-11,6531,愛普科技,1.77,94000,股
2026-06-11,3131,弘塑科技,1.61,25000,股
2026-06-11,3661,世芯-KY,1.55,18000,股
2026-06-11,3653,健策,1.53,20000,股
2026-06-11,6213,聯茂,1.46,277000,股
2026-06-11,2360,致茂電子,1.16,25000,股
2026-06-11,6770,力積電,1.14,836000,股
2026-06-11,3711,日月光投控,1.04,90000,股
2026-06-11,3081,聯亞,0.96,21000,股
2026-06-11,6643,M31,0.9,94000,股
2026-06-11,2455,全新,0.68,100000,股
2026-06-11,5269,祥碩科技,0.62,22000,股
2026-06-11,3017,奇鋐科技,0.54,11000,股
2026-06-11,3042,晶技,0.47,94000,股
2026-06-11,2368,金像電,0.4,14000,股
2026-06-11,2049,上銀科技,0.39,58000,股
2026-06-11,4583,台灣精銳,0.39,30000,股
2026-06-11,3693,營邦,0.31,30000,股
2026-06-11,1303,南亞塑膠,0.29,140000,股
2026-06-11,2467,志聖工業,0.29,25000,股
2026-06-11,2337,旺宏,0.27,92000,股
2026-06-11,4551,智伸科,0.17,59000,股
2026-06-11,3665,貿聯-KY,0.14,3000,股
2026-06-11,1802,台玻,0.11,90000,股
2026-06-11,6805,富世達,0.11,3000,股
2026-06-11,4749,新應材,0.1,5000,股
2026-06-11,3533,嘉澤端子,0.09,2000,股
2026-06-11,2317,鴻海,0.05,9000,股
2026-06-11,2382,廣達,0.05,6000,股
2026-06-11,2881,富邦金,0.05,20000,股
2026-06-11,2882,國泰金,0.05,25000,股
2026-06-11,2449,京元電,0.04,6000,股
2026-06-11,C_NTD,CASH,,243162192,元
2026-06-11,M_NTD,MARGIN,,60005101,元
2026-06-11,RDI_NTD,RECEIVABLES FOR DISPOSAL OF INVESTMENTS,,20879863,元
2026-06-12,2330,台積電,8.56,179000,股
2026-06-12,2327,國巨,7.17,405000,股
2026-06-12,2454,聯發科,7.01,81000,股
2026-06-12,4958,臻鼎-KY,6.98,611000,股
2026-06-12,2383,台光電子,5.1,51000,股
2026-06-12,2308,台達電,4.81,105000,股
2026-06-12,2472,立隆電子,4.13,537000,股
2026-06-12,6831,邁科,3.22,214000,股
2026-06-12,2344,華邦電,3.19,895000,股
2026-06-12,8046,南電,2.97,175000,股
2026-06-12,6510,精測,2.91,39000,股
2026-06-12,6223,旺矽,2.55,19000,股
2026-06-12,3443,創意電子,2.36,26000,股
2026-06-12,6526,達發,2.31,176000,股
2026-06-12,2408,南科,2.29,296000,股
2026-06-12,3363,上詮,2.27,149000,股
2026-06-12,3037,欣興電子,2.26,121000,股
2026-06-12,6830,汎銓,2.04,198000,股
2026-06-12,8210,勤誠興業,2.04,67000,股
2026-06-12,2345,智邦科技,1.84,38000,股
2026-06-12,6531,愛普科技,1.81,94000,股
2026-06-12,3042,晶技,1.71,368000,股
2026-06-12,3131,弘塑科技,1.67,25000,股
2026-06-12,3653,健策,1.53,20000,股
2026-06-12,3661,世芯-KY,1.53,18000,股
2026-06-12,6213,聯茂,1.45,277000,股
2026-06-12,2360,致茂電子,1.19,25000,股
2026-06-12,6770,力積電,1.16,836000,股
2026-06-12,3711,日月光投控,1.1,90000,股
2026-06-12,3081,聯亞,0.96,21000,股
2026-06-12,6643,M31,0.92,94000,股
2026-06-12,5269,祥碩科技,0.63,22000,股
2026-06-12,3017,奇鋐科技,0.55,11000,股
2026-06-12,2049,上銀科技,0.39,58000,股
2026-06-12,2368,金像電,0.38,14000,股
2026-06-12,4583,台灣精銳,0.38,30000,股
2026-06-12,1303,南亞塑膠,0.31,140000,股
2026-06-12,3693,營邦,0.31,30000,股
2026-06-12,2337,旺宏,0.28,92000,股
2026-06-12,2467,志聖工業,0.28,25000,股
2026-06-12,4551,智伸科,0.18,59000,股
2026-06-12,3665,貿聯-KY,0.14,3000,股
2026-06-12,1802,台玻,0.12,90000,股
2026-06-12,6805,富世達,0.11,3000,股
2026-06-12,4749,新應材,0.1,5000,股
2026-06-12,3533,嘉澤端子,0.09,2000,股
2026-06-12,2317,鴻海,0.05,9000,股
2026-06-12,2382,廣達,0.05,6000,股
2026-06-12,2881,富邦金,0.05,20000,股
2026-06-12,2882,國泰金,0.05,25000,股
2026-06-12,2449,京元電,0.03,6000,股
2026-06-12,C_NTD,CASH,,180966275,元
2026-06-12,M_NTD,MARGIN,,60005101,元
2026-06-12,RDI_NTD,RECEIVABLES FOR DISPOSAL OF INVESTMENTS,,7453919,元
2026-06-15,2330,台積電,8.46,179000,股
2026-06-15,2327,國巨,7.58,405000,股
2026-06-15,2454,聯發科,7.21,81000,股
2026-06-15,4958,臻鼎-KY,7.17,611000,股
2026-06-15,2383,台光電子,5.11,51000,股
2026-06-15,2308,台達電,4.62,105000,股
2026-06-15,2472,立隆電子,4.13,537000,股
2026-06-15,2344,華邦電,3.37,895000,股
2026-06-15,3042,晶技,3.21,662000,股
2026-06-15,8046,南電,2.99,175000,股
2026-06-15,6510,精測,2.79,39000,股
2026-06-15,6831,邁科,2.63,177000,股
2026-06-15,3443,創意電子,2.49,26000,股
2026-06-15,6223,旺矽,2.43,19000,股
2026-06-15,2408,南科,2.33,296000,股
2026-06-15,3037,欣興電子,2.31,121000,股
2026-06-15,3363,上詮,2.1,149000,股
2026-06-15,6830,汎銓,2.03,198000,股
2026-06-15,8210,勤誠興業,1.91,67000,股
2026-06-15,2345,智邦科技,1.84,38000,股
2026-06-15,6531,愛普科技,1.74,94000,股
2026-06-15,3131,弘塑科技,1.6,25000,股
2026-06-15,3653,健策,1.53,20000,股
2026-06-15,3661,世芯-KY,1.52,18000,股
2026-06-15,6213,聯茂,1.45,277000,股
2026-06-15,6770,力積電,1.22,836000,股
2026-06-15,6526,達發,1.19,91000,股
2026-06-15,2360,致茂電子,1.13,25000,股
2026-06-15,3711,日月光投控,1.06,90000,股
2026-06-15,3081,聯亞,0.98,21000,股
2026-06-15,6643,M31,0.92,94000,股
2026-06-15,5269,祥碩科技,0.6,22000,股
2026-06-15,3017,奇鋐科技,0.53,11000,股
2026-06-15,2049,上銀科技,0.38,58000,股
2026-06-15,2368,金像電,0.37,14000,股
2026-06-15,4583,台灣精銳,0.37,30000,股
2026-06-15,1303,南亞塑膠,0.33,140000,股
2026-06-15,3693,營邦,0.31,30000,股
2026-06-15,2337,旺宏,0.29,92000,股
2026-06-15,2467,志聖工業,0.29,25000,股
2026-06-15,4551,智伸科,0.2,59000,股
2026-06-15,3665,貿聯-KY,0.13,3000,股
2026-06-15,1802,台玻,0.12,90000,股
2026-06-15,6805,富世達,0.1,3000,股
2026-06-15,3533,嘉澤端子,0.09,2000,股
2026-06-15,4749,新應材,0.09,5000,股
2026-06-15,2317,鴻海,0.05,9000,股
2026-06-15,2881,富邦金,0.05,20000,股
2026-06-15,2882,國泰金,0.05,25000,股
2026-06-15,2382,廣達,0.04,6000,股
2026-06-15,2449,京元電,0.03,6000,股
2026-06-15,C_NTD,CASH,,227058919,元
2026-06-15,M_NTD,MARGIN,,60005101,元
2026-06-15,RDI_NTD,RECEIVABLES FOR DISPOSAL OF INVESTMENTS,,-42094305,元
2026-06-16,2330,台積電,8.51,179000,股
2026-06-16,2327,國巨,7.62,405000,股
2026-06-16,4958,臻鼎-KY,7.55,611000,股
2026-06-16,2454,聯發科,7.31,81000,股
2026-06-16,2383,台光電子,5.17,51000,股
2026-06-16,2308,台達電,4.64,105000,股
2026-06-16,2472,立隆電子,3.69,537000,股
2026-06-16,2344,華邦電,3.49,895000,股
2026-06-16,8046,南電,3.13,175000,股
2026-06-16,3042,晶技,3.0,662000,股
2026-06-16,6510,精測,2.7,39000,股
2026-06-16,3443,創意電子,2.53,26000,股
2026-06-16,2408,南科,2.49,296000,股
2026-06-16,6831,邁科,2.47,177000,股
2026-06-16,6223,旺矽,2.42,19000,股
2026-06-16,3037,欣興電子,2.35,121000,股
2026-06-16,3363,上詮,2.09,149000,股
2026-06-16,6830,汎銓,1.96,198000,股
2026-06-16,2345,智邦科技,1.9,38000,股
2026-06-16,8210,勤誠興業,1.79,67000,股
2026-06-16,6531,愛普科技,1.72,94000,股
2026-06-16,3131,弘塑科技,1.64,25000,股
2026-06-16,3661,世芯-KY,1.54,18000,股
2026-06-16,3653,健策,1.5,20000,股
2026-06-16,6213,聯茂,1.42,277000,股
2026-06-16,6526,達發,1.19,91000,股
2026-06-16,6770,力積電,1.18,836000,股
2026-06-16,2360,致茂電子,1.15,25000,股
2026-06-16,3711,日月光投控,1.05,90000,股
2026-06-16,3081,聯亞,0.95,21000,股
2026-06-16,6643,M31,0.9,94000,股
2026-06-16,5269,祥碩科技,0.6,22000,股
2026-06-16,3017,奇鋐科技,0.52,11000,股
2026-06-16,2049,上銀科技,0.37,58000,股
2026-06-16,2368,金像電,0.37,14000,股
2026-06-16,4583,台灣精銳,0.37,30000,股
2026-06-16,1303,南亞塑膠,0.32,140000,股
2026-06-16,2337,旺宏,0.3,92000,股
2026-06-16,3693,營邦,0.3,30000,股
2026-06-16,2467,志聖工業,0.28,25000,股
2026-06-16,4551,智伸科,0.21,59000,股
2026-06-16,3665,貿聯-KY,0.13,3000,股
2026-06-16,1802,台玻,0.12,90000,股
2026-06-16,6805,富世達,0.1,3000,股
2026-06-16,3533,嘉澤端子,0.09,2000,股
2026-06-16,4749,新應材,0.09,5000,股
2026-06-16,2317,鴻海,0.05,9000,股
2026-06-16,2881,富邦金,0.05,20000,股
2026-06-16,2882,國泰金,0.05,25000,股
2026-06-16,2382,廣達,0.04,6000,股
2026-06-16,2449,京元電,0.03,6000,股
2026-06-16,C_NTD,CASH,,174129004,元
2026-06-16,M_NTD,MARGIN,,60005101,元
2026-06-16,RDI_NTD,RECEIVABLES FOR DISPOSAL OF INVESTMENTS,,10835610,元
2026-06-17,2330,台積電,8.39,179000,股
2026-06-17,2327,國巨,7.83,405000,股
2026-06-17,4958,臻鼎-KY,7.68,611000,股
2026-06-17,2454,聯發科,7.1,81000,股
2026-06-17,2383,台光電子,5.21,51000,股
2026-06-17,2308,台達電,4.45,105000,股
2026-06-17,2472,立隆電子,3.86,537000,股
2026-06-17,2344,華邦電,3.5,895000,股
2026-06-17,8046,南電,3.05,175000,股
2026-06-17,3042,晶技,2.92,662000,股
2026-06-17,6510,精測,2.71,39000,股
2026-06-17,3443,創意電子,2.59,26000,股
2026-06-17,6831,邁科,2.58,177000,股
2026-06-17,2408,南科,2.54,296000,股
2026-06-17,6223,旺矽,2.4,19000,股
2026-06-17,3037,欣興電子,2.35,121000,股
2026-06-17,3363,上詮,2.01,149000,股
2026-06-17,6830,汎銓,2.0,198000,股
2026-06-17,2345,智邦科技,1.86,38000,股
2026-06-17,8210,勤誠興業,1.77,67000,股
2026-06-17,6531,愛普科技,1.72,94000,股
2026-06-17,3131,弘塑科技,1.6,25000,股
2026-06-17,3653,健策,1.57,20000,股
2026-06-17,3661,世芯-KY,1.53,18000,股
2026-06-17,6213,聯茂,1.46,277000,股
2026-06-17,6526,達發,1.19,91000,股
2026-06-17,6770,力積電,1.15,836000,股
2026-06-17,2360,致茂電子,1.1,25000,股
2026-06-17,3711,日月光投控,1.05,90000,股
2026-06-17,3081,聯亞,0.93,21000,股
2026-06-17,6643,M31,0.89,94000,股
2026-06-17,5269,祥碩科技,0.62,22000,股
2026-06-17,3017,奇鋐科技,0.51,11000,股
2026-06-17,2368,金像電,0.38,14000,股
2026-06-17,2049,上銀科技,0.37,58000,股
2026-06-17,4583,台灣精銳,0.37,30000,股
2026-06-17,1303,南亞塑膠,0.35,140000,股
2026-06-17,2337,旺宏,0.29,92000,股
2026-06-17,2467,志聖工業,0.29,25000,股
2026-06-17,3693,營邦,0.29,30000,股
2026-06-17,4551,智伸科,0.23,59000,股
2026-06-17,1802,台玻,0.12,90000,股
2026-06-17,3665,貿聯-KY,0.12,3000,股
2026-06-17,6805,富世達,0.1,3000,股
2026-06-17,3533,嘉澤端子,0.09,2000,股
2026-06-17,4749,新應材,0.09,5000,股
2026-06-17,2882,國泰金,0.06,25000,股
2026-06-17,2317,鴻海,0.05,9000,股
2026-06-17,2881,富邦金,0.05,20000,股
2026-06-17,2382,廣達,0.04,6000,股
2026-06-17,2449,京元電,0.03,6000,股
2026-06-17,C_NTD,CASH,,162816001,元
2026-06-17,M_NTD,MARGIN,,60005101,元
2026-06-18,2327,國巨,8.43,405000,股
2026-06-18,2330,台積電,8.31,179000,股
2026-06-18,4958,臻鼎-KY,7.56,611000,股
2026-06-18,2454,聯發科,6.85,81000,股
2026-06-18,2383,台光電子,5.5,51000,股
2026-06-18,2308,台達電,4.35,105000,股
2026-06-18,2472,立隆電子,4.16,537000,股
2026-06-18,2344,華邦電,3.77,895000,股
2026-06-18,8046,南電,2.95,175000,股
2026-06-18,3042,晶技,2.76,662000,股
2026-06-18,6510,精測,2.71,39000,股
2026-06-18,6831,邁科,2.64,177000,股
2026-06-18,2408,南科,2.62,296000,股
2026-06-18,3443,創意電子,2.43,26000,股
2026-06-18,6223,旺矽,2.35,19000,股
2026-06-18,3037,欣興電子,2.26,121000,股
2026-06-18,6830,汎銓,2.15,198000,股
2026-06-18,3363,上詮,2.04,149000,股
2026-06-18,6531,愛普科技,1.86,94000,股
2026-06-18,2345,智邦科技,1.78,38000,股
2026-06-18,8210,勤誠興業,1.76,67000,股
2026-06-18,3131,弘塑科技,1.7,25000,股
2026-06-18,3653,健策,1.53,20000,股
2026-06-18,3661,世芯-KY,1.52,18000,股
2026-06-18,6213,聯茂,1.49,277000,股
2026-06-18,6526,達發,1.22,91000,股
2026-06-18,6770,力積電,1.2,836000,股
2026-06-18,2360,致茂電子,1.11,25000,股
2026-06-18,3711,日月光投控,1.06,90000,股
2026-06-18,3081,聯亞,0.99,21000,股
2026-06-18,6643,M31,0.89,94000,股
2026-06-18,5269,祥碩科技,0.62,22000,股
2026-06-18,3017,奇鋐科技,0.51,11000,股
2026-06-18,1303,南亞塑膠,0.38,140000,股
2026-06-18,2049,上銀科技,0.37,58000,股
2026-06-18,2368,金像電,0.37,14000,股
2026-06-18,4583,台灣精銳,0.36,30000,股
2026-06-18,2337,旺宏,0.3,92000,股
2026-06-18,2467,志聖工業,0.29,25000,股
2026-06-18,3693,營邦,0.29,30000,股
2026-06-18,4551,智伸科,0.25,59000,股
2026-06-18,1802,台玻,0.12,90000,股
2026-06-18,3665,貿聯-KY,0.12,3000,股
2026-06-18,4749,新應材,0.1,5000,股
2026-06-18,6805,富世達,0.1,3000,股
2026-06-18,3533,嘉澤端子,0.09,2000,股
2026-06-18,2882,國泰金,0.06,25000,股
2026-06-18,2317,鴻海,0.05,9000,股
2026-06-18,2881,富邦金,0.05,20000,股
2026-06-18,2382,廣達,0.04,6000,股
2026-06-18,2449,京元電,0.04,6000,股
2026-06-18,C_NTD,CASH,,162816001,元
2026-06-18,M_NTD,MARGIN,,60005101,元
2026-06-22,2330,台積電,8.54,179000,股
2026-06-22,2327,國巨,8.2,405000,股
2026-06-22,4958,臻鼎-KY,7.23,611000,股
2026-06-22,2454,聯發科,6.88,81000,股
2026-06-22,2383,台光電子,5.65,51000,股
2026-06-22,2308,台達電,4.29,105000,股
2026-06-22,2472,立隆電子,4.02,537000,股
2026-06-22,2344,華邦電,3.78,895000,股
2026-06-22,8046,南電,2.88,175000,股
2026-06-22,2408,南科,2.84,296000,股
2026-06-22,6831,邁科,2.75,177000,股
2026-06-22,6510,精測,2.61,39000,股
2026-06-22,3042,晶技,2.49,662000,股
2026-06-22,3443,創意電子,2.35,26000,股
2026-06-22,6223,旺矽,2.32,19000,股
2026-06-22,3037,欣興電子,2.31,121000,股
2026-06-22,6830,汎銓,2.29,198000,股
2026-06-22,3363,上詮,2.02,149000,股
2026-06-22,6531,愛普科技,1.99,94000,股
2026-06-22,2345,智邦科技,1.88,38000,股
2026-06-22,8210,勤誠興業,1.75,67000,股
2026-06-22,3131,弘塑科技,1.71,25000,股
2026-06-22,6213,聯茂,1.62,277000,股
2026-06-22,3661,世芯-KY,1.48,18000,股
2026-06-22,3653,健策,1.46,20000,股
2026-06-22,6770,力積電,1.3,836000,股
2026-06-22,6526,達發,1.22,91000,股
2026-06-22,3711,日月光投控,1.15,90000,股
2026-06-22,2360,致茂電子,1.1,25000,股
2026-06-22,3081,聯亞,0.95,21000,股
2026-06-22,6239,力成,0.9,130000,股
2026-06-22,5269,祥碩科技,0.61,22000,股
2026-06-22,3017,奇鋐科技,0.51,11000,股
2026-06-22,1303,南亞塑膠,0.41,140000,股
2026-06-22,2049,上銀科技,0.38,58000,股
2026-06-22,2368,金像電,0.37,14000,股
2026-06-22,4583,台灣精銳,0.36,30000,股
2026-06-22,2337,旺宏,0.32,92000,股
2026-06-22,2467,志聖工業,0.3,25000,股
2026-06-22,3693,營邦,0.29,30000,股
2026-06-22,1802,台玻,0.13,90000,股
2026-06-22,3665,貿聯-KY,0.11,3000,股
2026-06-22,6805,富世達,0.1,3000,股
2026-06-22,3533,嘉澤端子,0.09,2000,股
2026-06-22,4749,新應材,0.09,5000,股
2026-06-22,2317,鴻海,0.05,9000,股
2026-06-22,2881,富邦金,0.05,20000,股
2026-06-22,2882,國泰金,0.05,25000,股
2026-06-22,2382,廣達,0.04,6000,股
2026-06-22,2449,京元電,0.04,6000,股
2026-06-22,C_NTD,CASH,,163580518,元
2026-06-22,M_NTD,MARGIN,,60005416,元
2026-06-22,RDI_NTD,RECEIVABLES FOR DISPOSAL OF INVESTMENTS,,11641695,元
2026-06-23,2330,台積電,8.7,179000,股
2026-06-23,2327,國巨,8.06,405000,股
2026-06-23,2454,聯發科,7.17,81000,股
2026-06-23,4958,臻鼎-KY,7.0,611000,股
2026-06-23,2383,台光電子,5.68,51000,股
2026-06-23,2308,台達電,4.26,105000,股
2026-06-23,2472,立隆電子,3.81,537000,股
2026-06-23,2344,華邦電,3.7,895000,股
2026-06-23,8046,南電,3.11,175000,股
2026-06-23,6831,邁科,2.87,177000,股
2026-06-23,6510,精測,2.79,39000,股
2026-06-23,2408,南科,2.63,296000,股
2026-06-23,6223,旺矽,2.48,19000,股
2026-06-23,3042,晶技,2.46,662000,股
2026-06-23,3443,創意電子,2.4,26000,股
2026-06-23,3037,欣興電子,2.3,121000,股
2026-06-23,6830,汎銓,2.16,198000,股
2026-06-23,3363,上詮,1.99,149000,股
2026-06-23,6531,愛普科技,1.93,94000,股
2026-06-23,2345,智邦科技,1.81,38000,股
2026-06-23,8210,勤誠興業,1.71,67000,股
2026-06-23,3131,弘塑科技,1.7,25000,股
2026-06-23,3661,世芯-KY,1.54,18000,股
2026-06-23,6213,聯茂,1.52,277000,股
2026-06-23,3653,健策,1.5,20000,股
2026-06-23,6770,力積電,1.28,836000,股
2026-06-23,6526,達發,1.24,91000,股
2026-06-23,3711,日月光投控,1.16,90000,股
2026-06-23,2360,致茂電子,1.11,25000,股
2026-06-23,3081,聯亞,0.94,21000,股
2026-06-23,6239,力成,0.87,130000,股
2026-06-23,5269,祥碩科技,0.61,22000,股
2026-06-23,3017,奇鋐科技,0.52,11000,股
2026-06-23,1303,南亞塑膠,0.42,140000,股
2026-06-23,2049,上銀科技,0.38,58000,股
2026-06-23,4583,台灣精銳,0.36,30000,股
2026-06-23,2368,金像電,0.35,14000,股
2026-06-23,2337,旺宏,0.31,92000,股
2026-06-23,3693,營邦,0.29,30000,股
2026-06-23,2467,志聖工業,0.28,25000,股
2026-06-23,1802,台玻,0.12,90000,股
2026-06-23,3665,貿聯-KY,0.12,3000,股
2026-06-23,6805,富世達,0.1,3000,股
2026-06-23,3533,嘉澤端子,0.09,2000,股
2026-06-23,4749,新應材,0.09,5000,股
2026-06-23,2882,國泰金,0.06,25000,股
2026-06-23,2317,鴻海,0.05,9000,股
2026-06-23,2881,富邦金,0.05,20000,股
2026-06-23,2382,廣達,0.04,6000,股
2026-06-23,2449,京元電,0.04,6000,股
2026-06-23,C_NTD,CASH,,163580518,元
2026-06-23,M_NTD,MARGIN,,60019786,元
2026-06-23,RDI_NTD,RECEIVABLES FOR DISPOSAL OF INVESTMENTS,,11641695,元
2026-06-24,2330,台積電,8.41,179000,股
2026-06-24,2327,國巨,8.36,405000,股
2026-06-24,4958,臻鼎-KY,7.05,611000,股
2026-06-24,2454,聯發科,6.82,81000,股
2026-06-24,2383,台光電子,5.58,51000,股
2026-06-24,2308,台達電,4.13,105000,股
2026-06-24,2472,立隆電子,3.81,537000,股
2026-06-24,2344,華邦電,3.61,895000,股
2026-06-24,8046,南電,3.29,175000,股
2026-06-24,6831,邁科,2.96,177000,股
2026-06-24,6223,旺矽,2.68,19000,股
2026-06-24,6510,精測,2.66,39000,股
2026-06-24,2408,南科,2.58,296000,股
2026-06-24,3443,創意電子,2.49,26000,股
2026-06-24,3042,晶技,2.48,662000,股
2026-06-24,3037,欣興電子,2.21,121000,股
2026-06-24,6830,汎銓,2.16,198000,股
2026-06-24,6531,愛普科技,1.98,94000,股
2026-06-24,3363,上詮,1.96,149000,股
2026-06-24,2345,智邦科技,1.77,38000,股
2026-06-24,3131,弘塑科技,1.77,25000,股
2026-06-24,8210,勤誠興業,1.75,67000,股
2026-06-24,6213,聯茂,1.68,277000,股
2026-06-24,3661,世芯-KY,1.53,18000,股
2026-06-24,3653,健策,1.43,20000,股
2026-06-24,6770,力積電,1.41,836000,股
2026-06-24,6526,達發,1.26,91000,股
2026-06-24,3711,日月光投控,1.16,90000,股
2026-06-24,2360,致茂電子,1.06,25000,股
2026-06-24,3081,聯亞,0.89,21000,股
2026-06-24,6239,力成,0.86,130000,股
2026-06-24,5269,祥碩科技,0.62,22000,股
2026-06-24,3017,奇鋐科技,0.55,11000,股
2026-06-24,1303,南亞塑膠,0.43,140000,股
2026-06-24,2049,上銀科技,0.38,58000,股
2026-06-24,4583,台灣精銳,0.36,30000,股
2026-06-24,2368,金像電,0.35,14000,股
2026-06-24,2337,旺宏,0.31,92000,股
2026-06-24,3693,營邦,0.3,30000,股
2026-06-24,2467,志聖工業,0.29,25000,股
2026-06-24,1802,台玻,0.12,90000,股
2026-06-24,3665,貿聯-KY,0.12,3000,股
2026-06-24,6805,富世達,0.11,3000,股
2026-06-24,3533,嘉澤端子,0.09,2000,股
2026-06-24,4749,新應材,0.09,5000,股
2026-06-24,2317,鴻海,0.05,9000,股
2026-06-24,2881,富邦金,0.05,20000,股
2026-06-24,2882,國泰金,0.05,25000,股
2026-06-24,2382,廣達,0.04,6000,股
2026-06-24,2449,京元電,0.04,6000,股
2026-06-24,C_NTD,CASH,,127200127,元
2026-06-24,M_NTD,MARGIN,,60019786,元
2026-06-25,2327,國巨,8.8,405000,股
2026-06-25,2330,台積電,8.26,179000,股
2026-06-25,4958,臻鼎-KY,7.1,611000,股
2026-06-25,2454,聯發科,6.74,81000,股
2026-06-25,2383,台光電子,5.56,51000,股
2026-06-25,2472,立隆電子,4.61,601000,股
2026-06-25,2308,台達電,4.02,105000,股
2026-06-25,2344,華邦電,3.79,895000,股
2026-06-25,8046,南電,3.53,175000,股
2026-06-25,6831,邁科,3.01,177000,股
2026-06-25,2408,南科,2.73,296000,股
2026-06-25,6510,精測,2.58,39000,股
2026-06-25,6223,旺矽,2.54,19000,股
2026-06-25,3443,創意電子,2.44,26000,股
2026-06-25,3042,晶技,2.39,662000,股
2026-06-25,3037,欣興電子,2.38,121000,股
2026-06-25,6830,汎銓,2.02,198000,股
2026-06-25,6531,愛普科技,2.0,94000,股
2026-06-25,6213,聯茂,1.82,277000,股
2026-06-25,2345,智邦科技,1.75,38000,股
2026-06-25,3131,弘塑科技,1.72,25000,股
2026-06-25,8210,勤誠興業,1.66,67000,股
2026-06-25,3661,世芯-KY,1.47,18000,股
2026-06-25,6770,力積電,1.34,836000,股
2026-06-25,3653,健策,1.31,20000,股
2026-06-25,6526,達發,1.22,91000,股
2026-06-25,3711,日月光投控,1.11,90000,股
2026-06-25,2360,致茂電子,1.06,25000,股
2026-06-25,3363,上詮,0.89,73000,股
2026-06-25,3081,聯亞,0.86,21000,股
2026-06-25,6239,力成,0.82,130000,股
2026-06-25,5269,祥碩科技,0.61,22000,股
2026-06-25,3017,奇鋐科技,0.53,11000,股
2026-06-25,1303,南亞塑膠,0.42,140000,股
2026-06-25,2049,上銀科技,0.37,58000,股
2026-06-25,4583,台灣精銳,0.35,30000,股
2026-06-25,2368,金像電,0.34,14000,股
2026-06-25,2337,旺宏,0.29,92000,股
2026-06-25,3693,營邦,0.29,30000,股
2026-06-25,2467,志聖工業,0.28,25000,股
2026-06-25,1802,台玻,0.12,90000,股
2026-06-25,3665,貿聯-KY,0.11,3000,股
2026-06-25,6805,富世達,0.1,3000,股
2026-06-25,3533,嘉澤端子,0.09,2000,股
2026-06-25,4749,新應材,0.09,5000,股
2026-06-25,2881,富邦金,0.05,20000,股
2026-06-25,2882,國泰金,0.05,25000,股
2026-06-25,2317,鴻海,0.04,9000,股
2026-06-25,2382,廣達,0.04,6000,股
2026-06-25,2449,京元電,0.04,6000,股
2026-06-25,C_NTD,CASH,,127200127,元
2026-06-25,M_NTD,MARGIN,,60019786,元
2026-06-25,RDI_NTD,RECEIVABLES FOR DISPOSAL OF INVESTMENTS,,22851676,元
2026-06-26,2330,台積電,8.52,179000,股
2026-06-26,2327,國巨,8.37,405000,股
2026-06-26,4958,臻鼎-KY,7.21,611000,股
2026-06-26,2454,聯發科,6.4,81000,股
2026-06-26,2383,台光電子,5.45,51000,股
2026-06-26,2472,立隆電子,4.6,601000,股
2026-06-26,8046,南電,4.01,175000,股
2026-06-26,2308,台達電,3.87,105000,股
2026-06-26,2344,華邦電,3.76,895000,股
2026-06-26,6831,邁科,2.87,177000,股
2026-06-26,2408,南科,2.7,296000,股
2026-06-26,3042,晶技,2.6,662000,股
2026-06-26,6510,精測,2.58,39000,股
2026-06-26,6223,旺矽,2.51,19000,股
2026-06-26,3037,欣興電子,2.4,121000,股
2026-06-26,3443,創意電子,2.34,26000,股
2026-06-26,6830,汎銓,2.0,198000,股
2026-06-26,6213,聯茂,1.95,277000,股
2026-06-26,6531,愛普科技,1.89,94000,股
2026-06-26,2345,智邦科技,1.84,38000,股
2026-06-26,3131,弘塑科技,1.68,25000,股
2026-06-26,8210,勤誠興業,1.68,67000,股
2026-06-26,3661,世芯-KY,1.42,18000,股
2026-06-26,3653,健策,1.39,20000,股
2026-06-26,6770,力積電,1.33,836000,股
2026-06-26,3711,日月光投控,1.16,90000,股
2026-06-26,6526,達發,1.16,91000,股
2026-06-26,2360,致茂電子,1.04,25000,股
2026-06-26,3081,聯亞,0.87,21000,股
2026-06-26,6239,力成,0.83,130000,股
2026-06-26,5269,祥碩科技,0.61,22000,股
2026-06-26,3017,奇鋐科技,0.51,11000,股
2026-06-26,1303,南亞塑膠,0.42,140000,股
2026-06-26,2049,上銀科技,0.36,58000,股
2026-06-26,4583,台灣精銳,0.35,30000,股
2026-06-26,2368,金像電,0.34,14000,股
2026-06-26,2337,旺宏,0.3,92000,股
2026-06-26,3693,營邦,0.3,30000,股
2026-06-26,2467,志聖工業,0.29,25000,股
2026-06-26,1802,台玻,0.12,90000,股
2026-06-26,3665,貿聯-KY,0.11,3000,股
2026-06-26,6805,富世達,0.1,3000,股
2026-06-26,3533,嘉澤端子,0.09,2000,股
2026-06-26,4749,新應材,0.09,5000,股
2026-06-26,2317,鴻海,0.05,9000,股
2026-06-26,2881,富邦金,0.05,20000,股
2026-06-26,2882,國泰金,0.05,25000,股
2026-06-26,2382,廣達,0.04,6000,股
2026-06-26,2449,京元電,0.04,6000,股
2026-06-26,C_NTD,CASH,,127200127,元
2026-06-26,M_NTD,MARGIN,,60019786,元
2026-06-26,RDI_NTD,RECEIVABLES FOR DISPOSAL OF INVESTMENTS,,65200600,元
2026-06-29,2330,台積電,8.58,179000,股
2026-06-29,2327,國巨,8.52,405000,股
2026-06-29,4958,臻鼎-KY,7.08,611000,股
2026-06-29,2454,聯發科,6.41,81000,股
2026-06-29,2383,台光電子,5.62,51000,股
2026-06-29,2472,立隆電子,5.01,601000,股
2026-06-29,2308,台達電,4.05,105000,股
2026-06-29,8046,南電,3.82,175000,股
2026-06-29,2344,華邦電,3.67,895000,股
2026-06-29,6831,邁科,2.84,177000,股
2026-06-29,2408,南科,2.71,296000,股
2026-06-29,3042,晶技,2.48,662000,股
2026-06-29,3037,欣興電子,2.39,121000,股
2026-06-29,6510,精測,2.39,39000,股
2026-06-29,6223,旺矽,2.33,19000,股
2026-06-29,3443,創意電子,2.32,26000,股
2026-06-29,6830,汎銓,2.01,198000,股
2026-06-29,6213,聯茂,1.93,277000,股
2026-06-29,6531,愛普科技,1.86,94000,股
2026-06-29,2345,智邦科技,1.8,38000,股
2026-06-29,3131,弘塑科技,1.8,25000,股
2026-06-29,8210,勤誠興業,1.65,67000,股
2026-06-29,3661,世芯-KY,1.45,18000,股
2026-06-29,3653,健策,1.34,20000,股
2026-06-29,6770,力積電,1.33,836000,股
2026-06-29,6526,達發,1.17,91000,股
2026-06-29,3711,日月光投控,1.14,90000,股
2026-06-29,2360,致茂電子,1.05,25000,股
2026-06-29,3189,景碩科技,0.92,56000,股
2026-06-29,6239,力成,0.82,130000,股
2026-06-29,5269,祥碩科技,0.66,22000,股
2026-06-29,3017,奇鋐科技,0.51,11000,股
2026-06-29,1303,南亞塑膠,0.43,140000,股
2026-06-29,2049,上銀科技,0.37,58000,股
2026-06-29,4583,台灣精銳,0.35,30000,股
2026-06-29,2368,金像電,0.33,14000,股
2026-06-29,2337,旺宏,0.3,92000,股
2026-06-29,2467,志聖工業,0.29,25000,股
2026-06-29,3693,營邦,0.29,30000,股
2026-06-29,1802,台玻,0.12,90000,股
2026-06-29,3665,貿聯-KY,0.11,3000,股
2026-06-29,6805,富世達,0.1,3000,股
2026-06-29,3533,嘉澤端子,0.09,2000,股
2026-06-29,4749,新應材,0.09,5000,股
2026-06-29,2317,鴻海,0.05,9000,股
2026-06-29,2382,廣達,0.05,6000,股
2026-06-29,2881,富邦金,0.05,20000,股
2026-06-29,2882,國泰金,0.05,25000,股
2026-06-29,2449,京元電,0.04,6000,股
2026-06-29,C_NTD,CASH,,150051803,元
2026-06-29,M_NTD,MARGIN,,60035331,元
2026-06-29,RDI_NTD,RECEIVABLES FOR DISPOSAL OF INVESTMENTS,,38853867,元
2026-06-30,2327,國巨,8.94,405000,股
2026-06-30,2330,台積電,8.36,179000,股
2026-06-30,4958,臻鼎-KY,7.46,611000,股
2026-06-30,2454,聯發科,6.66,81000,股
2026-06-30,2383,台光電子,5.32,51000,股
2026-06-30,2472,立隆電子,5.28,601000,股
2026-06-30,8046,南電,4.02,175000,股
2026-06-30,2308,台達電,3.97,105000,股
2026-06-30,2344,華邦電,3.6,895000,股
2026-06-30,6831,邁科,2.99,177000,股
2026-06-30,2408,南科,2.59,296000,股
2026-06-30,3037,欣興電子,2.51,121000,股
2026-06-30,3443,創意電子,2.44,26000,股
2026-06-30,3042,晶技,2.4,662000,股
2026-06-30,6510,精測,2.29,39000,股
2026-06-30,6223,旺矽,2.24,19000,股
2026-06-30,6213,聯茂,1.99,277000,股
2026-06-30,6830,汎銓,1.9,198000,股
2026-06-30,2345,智邦科技,1.84,38000,股
2026-06-30,6531,愛普科技,1.82,94000,股
2026-06-30,3131,弘塑科技,1.76,25000,股
2026-06-30,8210,勤誠興業,1.67,67000,股
2026-06-30,3661,世芯-KY,1.46,18000,股
2026-06-30,3653,健策,1.33,20000,股
2026-06-30,6770,力積電,1.29,836000,股
2026-06-30,3711,日月光投控,1.19,90000,股
2026-06-30,6526,達發,1.18,91000,股
2026-06-30,2360,致茂電子,1.05,25000,股
2026-06-30,3189,景碩科技,0.97,56000,股
2026-06-30,6239,力成,0.85,130000,股
2026-06-30,5269,祥碩科技,0.63,22000,股
2026-06-30,3017,奇鋐科技,0.54,11000,股
2026-06-30,1303,南亞塑膠,0.45,140000,股
2026-06-30,2049,上銀科技,0.36,58000,股
2026-06-30,4583,台灣精銳,0.34,30000,股
2026-06-30,2368,金像電,0.32,14000,股
2026-06-30,2467,志聖工業,0.3,25000,股
2026-06-30,3693,營邦,0.29,30000,股
2026-06-30,2337,旺宏,0.28,92000,股
2026-06-30,1802,台玻,0.13,90000,股
2026-06-30,3665,貿聯-KY,0.11,3000,股
2026-06-30,6805,富世達,0.1,3000,股
2026-06-30,4749,新應材,0.09,5000,股
2026-06-30,3533,嘉澤端子,0.08,2000,股
2026-06-30,2881,富邦金,0.05,20000,股
2026-06-30,2882,國泰金,0.05,25000,股
2026-06-30,2317,鴻海,0.04,9000,股
2026-06-30,2382,廣達,0.04,6000,股
2026-06-30,2449,京元電,0.04,6000,股
2026-06-30,C_NTD,CASH,,192920717,元
2026-06-30,M_NTD,MARGIN,,60042751,元
2026-06-30,RDI_NTD,RECEIVABLES FOR DISPOSAL OF INVESTMENTS,,-3495057,元
2026-07-01,2330,台積電,8.67,179000,股
2026-07-01,2327,國巨,8.37,380000,股
2026-07-01,4958,臻鼎-KY,7.12,611000,股
2026-07-01,2454,聯發科,6.79,81000,股
2026-07-01,2383,台光電子,5.45,51000,股
2026-07-01,2472,立隆電子,4.94,601000,股
2026-07-01,2308,台達電,4.04,105000,股
2026-07-01,8046,南電,3.97,175000,股
2026-07-01,2344,華邦電,3.29,895000,股
2026-07-01,6831,邁科,3.09,177000,股
2026-07-01,3042,晶技,2.64,662000,股
2026-07-01,3443,創意電子,2.53,26000,股
2026-07-01,6510,精測,2.48,39000,股
2026-07-01,6223,旺矽,2.46,19000,股
2026-07-01,3037,欣興電子,2.43,121000,股
2026-07-01,2408,南科,2.41,296000,股
2026-07-01,6213,聯茂,1.93,277000,股
2026-07-01,3131,弘塑科技,1.78,25000,股
2026-07-01,6531,愛普科技,1.75,94000,股
2026-07-01,6830,汎銓,1.74,198000,股
2026-07-01,8210,勤誠興業,1.68,67000,股
2026-07-01,3661,世芯-KY,1.55,18000,股
2026-07-01,2345,智邦科技,1.39,27000,股
2026-07-01,3653,健策,1.31,20000,股
2026-07-01,6526,達發,1.24,91000,股
2026-07-01,3711,日月光投控,1.22,90000,股
2026-07-01,6770,力積電,1.2,836000,股
2026-07-01,2360,致茂電子,1.1,25000,股
2026-07-01,3189,景碩科技,0.96,56000,股
2026-07-01,8021,尖點,0.89,82000,股
2026-07-01,6239,力成,0.84,130000,股
2026-07-01,5269,祥碩科技,0.62,22000,股
2026-07-01,3017,奇鋐科技,0.56,11000,股
2026-07-01,1303,南亞塑膠,0.49,140000,股
2026-07-01,2049,上銀科技,0.39,58000,股
2026-07-01,4583,台灣精銳,0.35,30000,股
2026-07-01,2368,金像電,0.33,14000,股
2026-07-01,2467,志聖工業,0.31,25000,股
2026-07-01,3693,營邦,0.28,30000,股
2026-07-01,2337,旺宏,0.25,92000,股
2026-07-01,1802,台玻,0.12,90000,股
2026-07-01,3665,貿聯-KY,0.12,3000,股
2026-07-01,6805,富世達,0.1,3000,股
2026-07-01,4749,新應材,0.09,5000,股
2026-07-01,3533,嘉澤端子,0.08,2000,股
2026-07-01,2881,富邦金,0.05,20000,股
2026-07-01,2882,國泰金,0.05,25000,股
2026-07-01,2317,鴻海,0.04,9000,股
2026-07-01,2382,廣達,0.04,6000,股
2026-07-01,2449,京元電,0.04,6000,股
2026-07-01,C_NTD,CASH,,189425660,元
2026-07-01,M_NTD,MARGIN,,60042751,元
2026-07-01,RDI_NTD,RECEIVABLES FOR DISPOSAL OF INVESTMENTS,,10737718,元
2026-07-02,2330,台積電,8.53,179000,股
2026-07-02,2327,國巨,7.75,380000,股
2026-07-02,4958,臻鼎-KY,7.06,611000,股
2026-07-02,2454,聯發科,6.8,81000,股
2026-07-02,2383,台光電子,5.57,51000,股
2026-07-02,2472,立隆電子,4.97,601000,股
2026-07-02,2308,台達電,4.0,105000,股
2026-07-02,8046,南電,3.87,175000,股
2026-07-02,6831,邁科,3.27,177000,股
2026-07-02,2344,華邦電,3.17,895000,股
2026-07-02,3042,晶技,2.9,662000,股
2026-07-02,3443,創意電子,2.68,26000,股
2026-07-02,6223,旺矽,2.66,19000,股
2026-07-02,6510,精測,2.44,39000,股
2026-07-02,2408,南科,2.33,296000,股
2026-07-02,3037,欣興電子,2.29,121000,股
2026-07-02,6213,聯茂,1.92,277000,股
2026-07-02,3131,弘塑科技,1.89,25000,股
2026-07-02,6531,愛普科技,1.75,94000,股
2026-07-02,6830,汎銓,1.71,198000,股
2026-07-02,3661,世芯-KY,1.7,18000,股
2026-07-02,8210,勤誠興業,1.7,67000,股
2026-07-02,2345,智邦科技,1.44,27000,股
2026-07-02,3653,健策,1.34,20000,股
2026-07-02,3711,日月光投控,1.26,90000,股
2026-07-02,6526,達發,1.24,91000,股
2026-07-02,6770,力積電,1.21,836000,股
2026-07-02,2360,致茂電子,1.07,25000,股
2026-07-02,3189,景碩科技,0.9,56000,股
2026-07-02,8021,尖點,0.86,82000,股
2026-07-02,6239,力成,0.84,130000,股
2026-07-02,5269,祥碩科技,0.65,22000,股
2026-07-02,3017,奇鋐科技,0.58,11000,股
2026-07-02,1303,南亞塑膠,0.53,140000,股
2026-07-02,2049,上銀科技,0.39,58000,股
2026-07-02,4583,台灣精銳,0.36,30000,股
2026-07-02,2368,金像電,0.33,14000,股
2026-07-02,2467,志聖工業,0.32,25000,股
2026-07-02,3693,營邦,0.28,30000,股
2026-07-02,2337,旺宏,0.26,92000,股
2026-07-02,1802,台玻,0.12,90000,股
2026-07-02,3665,貿聯-KY,0.12,3000,股
2026-07-02,6805,富世達,0.1,3000,股
2026-07-02,4749,新應材,0.09,5000,股
2026-07-02,3533,嘉澤端子,0.08,2000,股
2026-07-02,2881,富邦金,0.05,20000,股
2026-07-02,2882,國泰金,0.05,25000,股
2026-07-02,2317,鴻海,0.04,9000,股
2026-07-02,2382,廣達,0.04,6000,股
2026-07-02,2449,京元電,0.04,6000,股
2026-07-02,C_NTD,CASH,,189425660,元
2026-07-02,M_NTD,MARGIN,,60042751,元
2026-07-02,RDI_NTD,RECEIVABLES FOR DISPOSAL OF INVESTMENTS,,10737718,元
2026-07-03,2330,台積電,8.4,179000,股
2026-07-03,2327,國巨,7.62,380000,股
2026-07-03,4958,臻鼎-KY,7.18,611000,股
2026-07-03,2454,聯發科,6.52,81000,股
2026-07-03,2383,台光電子,5.95,51000,股
2026-07-03,2472,立隆電子,4.9,601000,股
2026-07-03,2308,台達電,4.18,105000,股
2026-07-03,8046,南電,3.98,175000,股
2026-07-03,2344,華邦電,3.17,895000,股
2026-07-03,3042,晶技,3.16,662000,股
2026-07-03,6831,邁科,3.13,177000,股
2026-07-03,6223,旺矽,2.69,19000,股
2026-07-03,3443,創意電子,2.51,26000,股
2026-07-03,6510,精測,2.48,39000,股
2026-07-03,2408,南科,2.33,296000,股
2026-07-03,3037,欣興電子,2.25,121000,股
2026-07-03,6213,聯茂,2.09,277000,股
2026-07-03,3131,弘塑科技,1.82,25000,股
2026-07-03,6531,愛普科技,1.78,94000,股
2026-07-03,6830,汎銓,1.73,198000,股
2026-07-03,8210,勤誠興業,1.68,67000,股
2026-07-03,3661,世芯-KY,1.61,18000,股
2026-07-03,2345,智邦科技,1.42,27000,股
2026-07-03,3653,健策,1.31,20000,股
2026-07-03,6526,達發,1.23,91000,股
2026-07-03,3711,日月光投控,1.18,90000,股
2026-07-03,6770,力積電,1.18,836000,股
2026-07-03,2360,致茂電子,1.09,25000,股
2026-07-03,3189,景碩科技,0.89,56000,股
2026-07-03,8021,尖點,0.88,82000,股
2026-07-03,6239,力成,0.84,130000,股
2026-07-03,5269,祥碩科技,0.65,22000,股
2026-07-03,3017,奇鋐科技,0.58,11000,股
2026-07-03,1303,南亞塑膠,0.53,140000,股
2026-07-03,2049,上銀科技,0.39,58000,股
2026-07-03,4583,台灣精銳,0.36,30000,股
2026-07-03,2368,金像電,0.35,14000,股
2026-07-03,2467,志聖工業,0.29,25000,股
2026-07-03,3693,營邦,0.29,30000,股
2026-07-03,2337,旺宏,0.25,92000,股
2026-07-03,1802,台玻,0.12,90000,股
2026-07-03,3665,貿聯-KY,0.11,3000,股
2026-07-03,4749,新應材,0.09,5000,股
2026-07-03,6805,富世達,0.09,3000,股
2026-07-03,3533,嘉澤端子,0.08,2000,股
2026-07-03,2881,富邦金,0.05,20000,股
2026-07-03,2317,鴻海,0.04,9000,股
2026-07-03,2382,廣達,0.04,6000,股
2026-07-03,2449,京元電,0.04,6000,股
2026-07-03,2882,國泰金,0.04,25000,股
2026-07-03,C_NTD,CASH,,170391877,元
2026-07-03,M_NTD,MARGIN,,60042751,元
2026-07-06,2330,台積電,8.77,179000,股
2026-07-06,2327,國巨,7.6,380000,股
2026-07-06,4958,臻鼎-KY,7.04,611000,股
2026-07-06,2454,聯發科,6.65,81000,股
2026-07-06,2383,台光電子,5.56,51000,股
2026-07-06,2472,立隆電子,4.85,601000,股
2026-07-06,2308,台達電,4.17,105000,股
2026-07-06,8046,南電,3.75,175000,股
2026-07-06,2344,華邦電,3.26,895000,股
2026-07-06,6831,邁科,3.03,177000,股
2026-07-06,3042,晶技,2.96,662000,股
2026-07-06,6223,旺矽,2.59,19000,股
2026-07-06,2408,南科,2.48,296000,股
2026-07-06,3443,創意電子,2.38,26000,股
2026-07-06,6510,精測,2.38,39000,股
2026-07-06,3037,欣興電子,2.21,121000,股
2026-07-06,6213,聯茂,2.18,277000,股
2026-07-06,6531,愛普科技,1.79,94000,股
2026-07-06,6830,汎銓,1.73,198000,股
2026-07-06,8210,勤誠興業,1.72,67000,股
2026-07-06,3131,弘塑科技,1.7,25000,股
2026-07-06,3661,世芯-KY,1.51,18000,股
2026-07-06,2345,智邦科技,1.42,27000,股
2026-07-06,3653,健策,1.32,20000,股
2026-07-06,6526,達發,1.24,91000,股
2026-07-06,3711,日月光投控,1.22,90000,股
2026-07-06,6770,力積電,1.21,836000,股
2026-07-06,2360,致茂電子,1.09,25000,股
2026-07-06,6239,力成,0.89,130000,股
2026-07-06,8021,尖點,0.87,82000,股
2026-07-06,3189,景碩科技,0.85,56000,股
2026-07-06,5269,祥碩科技,0.67,22000,股
2026-07-06,3017,奇鋐科技,0.58,11000,股
2026-07-06,1303,南亞塑膠,0.52,140000,股
2026-07-06,2049,上銀科技,0.42,58000,股
2026-07-06,4583,台灣精銳,0.37,30000,股
2026-07-06,2368,金像電,0.34,14000,股
2026-07-06,2467,志聖工業,0.33,25000,股
2026-07-06,3693,營邦,0.3,30000,股
2026-07-06,2337,旺宏,0.26,92000,股
2026-07-06,1802,台玻,0.12,90000,股
2026-07-06,3665,貿聯-KY,0.12,3000,股
2026-07-06,4749,新應材,0.09,5000,股
2026-07-06,6805,富世達,0.09,3000,股
2026-07-06,3533,嘉澤端子,0.08,2000,股
2026-07-06,2382,廣達,0.05,6000,股
2026-07-06,2881,富邦金,0.05,20000,股
2026-07-06,2882,國泰金,0.05,25000,股
2026-07-06,2317,鴻海,0.04,9000,股
2026-07-06,2449,京元電,0.04,6000,股
2026-07-06,C_NTD,CASH,,158886923,元
2026-07-06,M_NTD,MARGIN,,60042751,元
2026-07-07,2330,台積電,9.17,179000,股
2026-07-07,2327,國巨,7.22,380000,股
2026-07-07,4958,臻鼎-KY,7.03,611000,股
2026-07-07,2454,聯發科,6.85,81000,股
2026-07-07,2383,台光電子,5.59,51000,股
2026-07-07,2472,立隆電子,4.65,601000,股
2026-07-07,2308,台達電,4.17,105000,股
2026-07-07,8046,南電,3.78,175000,股
2026-07-07,2344,華邦電,3.27,895000,股
2026-07-07,3042,晶技,2.92,662000,股
2026-07-07,6831,邁科,2.88,177000,股
2026-07-07,6223,旺矽,2.52,19000,股
2026-07-07,2408,南科,2.5,296000,股
2026-07-07,3443,創意電子,2.44,26000,股
2026-07-07,6510,精測,2.32,39000,股
2026-07-07,6213,聯茂,2.2,277000,股
2026-07-07,3037,欣興電子,2.13,121000,股
2026-07-07,6531,愛普科技,1.77,94000,股
2026-07-07,6830,汎銓,1.76,198000,股
2026-07-07,3131,弘塑科技,1.67,25000,股
2026-07-07,8210,勤誠興業,1.65,67000,股
2026-07-07,3661,世芯-KY,1.52,18000,股
2026-07-07,2345,智邦科技,1.39,27000,股
2026-07-07,3653,健策,1.34,20000,股
2026-07-07,6526,達發,1.24,91000,股
2026-07-07,3711,日月光投控,1.23,90000,股
2026-07-07,6770,力積電,1.23,836000,股
2026-07-07,2360,致茂電子,1.03,25000,股
2026-07-07,6239,力成,0.88,130000,股
2026-07-07,8021,尖點,0.86,82000,股
2026-07-07,3189,景碩科技,0.81,56000,股
2026-07-07,5269,祥碩科技,0.69,22000,股
2026-07-07,3017,奇鋐科技,0.57,11000,股
2026-07-07,1303,南亞塑膠,0.49,140000,股
2026-07-07,2049,上銀科技,0.42,58000,股
2026-07-07,4583,台灣精銳,0.39,30000,股
2026-07-07,3693,營邦,0.34,30000,股
2026-07-07,2368,金像電,0.33,14000,股
2026-07-07,2467,志聖工業,0.32,25000,股
2026-07-07,2337,旺宏,0.27,92000,股
2026-07-07,3665,貿聯-KY,0.13,3000,股
2026-07-07,1802,台玻,0.12,90000,股
2026-07-07,4749,新應材,0.09,5000,股
2026-07-07,6805,富世達,0.09,3000,股
2026-07-07,3533,嘉澤端子,0.08,2000,股
2026-07-07,2317,鴻海,0.05,9000,股
2026-07-07,2382,廣達,0.05,6000,股
2026-07-07,2881,富邦金,0.05,20000,股
2026-07-07,2882,國泰金,0.05,25000,股
2026-07-07,2449,京元電,0.04,6000,股
2026-07-07,C_NTD,CASH,,182314847,元
2026-07-07,M_NTD,MARGIN,,60042751,元
2026-07-08,2330,台積電,9.23,179000,股
2026-07-08,4958,臻鼎-KY,7.22,611000,股
2026-07-08,2327,國巨,7.08,380000,股
2026-07-08,2454,聯發科,6.77,81000,股
2026-07-08,2383,台光電子,5.67,51000,股
2026-07-08,2472,立隆電子,4.41,601000,股
2026-07-08,2308,台達電,4.14,105000,股
2026-07-08,8046,南電,4.04,175000,股
2026-07-08,3042,晶技,3.3,765000,股
2026-07-08,2344,華邦電,3.15,895000,股
2026-07-08,6831,邁科,3.03,177000,股
2026-07-08,6223,旺矽,2.57,19000,股
2026-07-08,2408,南科,2.45,296000,股
2026-07-08,3443,創意電子,2.39,26000,股
2026-07-08,6213,聯茂,2.28,277000,股
2026-07-08,3037,欣興電子,2.18,121000,股
2026-07-08,6531,愛普科技,1.82,94000,股
2026-07-08,6510,精測,1.78,30000,股
2026-07-08,6830,汎銓,1.7,198000,股
2026-07-08,3131,弘塑科技,1.62,25000,股
2026-07-08,3661,世芯-KY,1.53,18000,股
2026-07-08,2345,智邦科技,1.36,27000,股
2026-07-08,3653,健策,1.34,20000,股
2026-07-08,6526,達發,1.25,91000,股
2026-07-08,6770,力積電,1.25,836000,股
2026-07-08,3711,日月光投控,1.18,90000,股
2026-07-08,8210,勤誠興業,1.12,45000,股
2026-07-08,2360,致茂電子,0.97,25000,股
2026-07-08,8021,尖點,0.89,82000,股
2026-07-08,3189,景碩科技,0.88,56000,股
2026-07-08,6239,力成,0.86,130000,股
2026-07-08,5269,祥碩科技,0.7,22000,股
2026-07-08,3017,奇鋐科技,0.54,11000,股
2026-07-08,1303,南亞塑膠,0.53,140000,股
2026-07-08,2049,上銀科技,0.41,58000,股
2026-07-08,4583,台灣精銳,0.38,30000,股
2026-07-08,2368,金像電,0.34,14000,股
2026-07-08,3693,營邦,0.33,30000,股
2026-07-08,2467,志聖工業,0.29,25000,股
2026-07-08,2337,旺宏,0.27,92000,股
2026-07-08,1802,台玻,0.12,90000,股
2026-07-08,3665,貿聯-KY,0.12,3000,股
2026-07-08,4749,新應材,0.09,5000,股
2026-07-08,6805,富世達,0.09,3000,股
2026-07-08,3533,嘉澤端子,0.08,2000,股
2026-07-08,2317,鴻海,0.05,9000,股
2026-07-08,2382,廣達,0.05,6000,股
2026-07-08,2881,富邦金,0.05,20000,股
2026-07-08,2882,國泰金,0.05,25000,股
2026-07-08,2449,京元電,0.04,6000,股
2026-07-08,C_NTD,CASH,,185532427,元
2026-07-08,M_NTD,MARGIN,,60042751,元
2026-07-08,RDI_NTD,RECEIVABLES FOR DISPOSAL OF INVESTMENTS,,29796415,元
2026-07-09,2330,台積電,8.92,179000,股
2026-07-09,4958,臻鼎-KY,7.41,611000,股
2026-07-09,2327,國巨,7.05,380000,股
2026-07-09,2454,聯發科,6.56,81000,股
2026-07-09,2383,台光電子,5.57,51000,股
2026-07-09,2472,立隆電子,4.66,601000,股
2026-07-09,8046,南電,4.38,175000,股
2026-07-09,2308,台達電,4.07,105000,股
2026-07-09,2344,華邦電,3.26,895000,股
2026-07-09,3042,晶技,3.16,765000,股
2026-07-09,6831,邁科,2.85,177000,股
2026-07-09,6223,旺矽,2.77,19000,股
2026-07-09,2408,南科,2.66,296000,股
2026-07-09,3443,創意電子,2.33,26000,股
2026-07-09,6213,聯茂,2.2,277000,股
2026-07-09,3037,欣興電子,2.18,121000,股
2026-07-09,6531,愛普科技,1.79,94000,股
2026-07-09,3131,弘塑科技,1.7,25000,股
2026-07-09,6830,汎銓,1.7,198000,股
2026-07-09,3661,世芯-KY,1.56,18000,股
2026-07-09,2345,智邦科技,1.38,27000,股
2026-07-09,3653,健策,1.32,20000,股
2026-07-09,3711,日月光投控,1.26,90000,股
2026-07-09,6510,精測,1.24,21000,股
2026-07-09,6526,達發,1.22,91000,股
2026-07-09,8210,勤誠興業,1.09,45000,股
2026-07-09,2360,致茂電子,0.94,25000,股
2026-07-09,3189,景碩科技,0.92,56000,股
2026-07-09,8021,尖點,0.88,82000,股
2026-07-09,6239,力成,0.86,130000,股
2026-07-09,6182,合晶,0.68,190000,股
2026-07-09,6770,力積電,0.68,463000,股
2026-07-09,5269,祥碩科技,0.67,22000,股
2026-07-09,3026,禾伸堂,0.66,32000,股
2026-07-09,3017,奇鋐科技,0.53,11000,股
2026-07-09,1303,南亞塑膠,0.52,140000,股
2026-07-09,2049,上銀科技,0.4,58000,股
2026-07-09,4583,台灣精銳,0.37,30000,股
2026-07-09,3693,營邦,0.32,30000,股
2026-07-09,2368,金像電,0.31,14000,股
2026-07-09,2467,志聖工業,0.29,25000,股
2026-07-09,2337,旺宏,0.27,92000,股
2026-07-09,1802,台玻,0.12,90000,股
2026-07-09,3665,貿聯-KY,0.12,3000,股
2026-07-09,4749,新應材,0.09,5000,股
2026-07-09,6805,富世達,0.09,3000,股
2026-07-09,3533,嘉澤端子,0.08,2000,股
2026-07-09,2382,廣達,0.05,6000,股
2026-07-09,2881,富邦金,0.05,20000,股
2026-07-09,2882,國泰金,0.05,25000,股
2026-07-09,2317,鴻海,0.04,9000,股
2026-07-09,2449,京元電,0.04,6000,股
2026-07-09,C_NTD,CASH,,186606428,元
2026-07-09,M_NTD,MARGIN,,60042751,元
2026-07-09,RDI_NTD,RECEIVABLES FOR DISPOSAL OF INVESTMENTS,,17083636,元
2026-07-13,2330,台積電,9.16,179000,股
2026-07-13,4958,臻鼎-KY,8.28,611000,股
2026-07-13,2327,國巨,6.5,380000,股
2026-07-13,2454,聯發科,6.5,81000,股
2026-07-13,2383,台光電子,5.48,51000,股
2026-07-13,8046,南電,4.66,175000,股
2026-07-13,2472,立隆電子,4.32,601000,股
2026-07-13,2308,台達電,4.16,105000,股
2026-07-13,2344,華邦電,3.14,895000,股
2026-07-13,3042,晶技,3.11,765000,股
2026-07-13,6831,邁科,2.69,177000,股
2026-07-13,6223,旺矽,2.65,19000,股
2026-07-13,2408,南科,2.63,296000,股
2026-07-13,3443,創意電子,2.33,26000,股
2026-07-13,3037,欣興電子,2.29,121000,股
2026-07-13,6213,聯茂,2.09,277000,股
2026-07-13,6531,愛普科技,1.76,94000,股
2026-07-13,3131,弘塑科技,1.68,25000,股
2026-07-13,6830,汎銓,1.64,198000,股
2026-07-13,3661,世芯-KY,1.56,18000,股
2026-07-13,2345,智邦科技,1.36,27000,股
2026-07-13,3653,健策,1.34,20000,股
2026-07-13,6526,達發,1.3,91000,股
2026-07-13,3711,日月光投控,1.27,90000,股
2026-07-13,6510,精測,1.22,21000,股
2026-07-13,8210,勤誠興業,1.07,45000,股
2026-07-13,2360,致茂電子,0.97,25000,股
2026-07-13,3189,景碩科技,0.96,56000,股
2026-07-13,8021,尖點,0.87,82000,股
2026-07-13,3026,禾伸堂,0.85,45000,股
2026-07-13,6239,力成,0.85,130000,股
2026-07-13,6182,合晶,0.75,190000,股
2026-07-13,5269,祥碩科技,0.7,22000,股
2026-07-13,1303,南亞塑膠,0.59,140000,股
2026-07-13,3017,奇鋐科技,0.51,11000,股
2026-07-13,2049,上銀科技,0.4,58000,股
2026-07-13,4583,台灣精銳,0.38,30000,股
2026-07-13,2368,金像電,0.31,14000,股
2026-07-13,2467,志聖工業,0.31,25000,股
2026-07-13,3693,營邦,0.31,30000,股
2026-07-13,2337,旺宏,0.27,92000,股
2026-07-13,1802,台玻,0.12,90000,股
2026-07-13,3665,貿聯-KY,0.12,3000,股
2026-07-13,4749,新應材,0.09,5000,股
2026-07-13,6805,富世達,0.09,3000,股
2026-07-13,3533,嘉澤端子,0.08,2000,股
2026-07-13,2317,鴻海,0.05,9000,股
2026-07-13,2382,廣達,0.05,6000,股
2026-07-13,2881,富邦金,0.05,20000,股
2026-07-13,2882,國泰金,0.05,25000,股
2026-07-13,2449,京元電,0.04,6000,股
2026-07-13,C_NTD,CASH,,217059483,元
2026-07-13,M_NTD,MARGIN,,60042751,元
2026-07-13,RDI_NTD,RECEIVABLES FOR DISPOSAL OF INVESTMENTS,,7260604,元
2026-07-14,2330,台積電,9.36,179000,股
2026-07-14,4958,臻鼎-KY,8.3,611000,股
2026-07-14,2454,聯發科,6.4,81000,股
2026-07-14,2327,國巨,6.39,380000,股
2026-07-14,2383,台光電子,5.47,51000,股
2026-07-14,8046,南電,4.88,175000,股
2026-07-14,2308,台達電,4.21,105000,股
2026-07-14,2472,立隆電子,4.17,601000,股
2026-07-14,2344,華邦電,3.18,895000,股
2026-07-14,3042,晶技,3.06,765000,股
2026-07-14,2408,南科,2.86,296000,股
2026-07-14,6831,邁科,2.63,177000,股
2026-07-14,6223,旺矽,2.6,19000,股
2026-07-14,3037,欣興電子,2.28,121000,股
2026-07-14,3443,創意電子,2.26,26000,股
2026-07-14,6213,聯茂,2.09,277000,股
2026-07-14,6531,愛普科技,1.74,94000,股
2026-07-14,3131,弘塑科技,1.64,25000,股
2026-07-14,3661,世芯-KY,1.45,18000,股
2026-07-14,2345,智邦科技,1.33,27000,股
2026-07-14,3653,健策,1.33,20000,股
2026-07-14,6526,達發,1.27,91000,股
2026-07-14,3711,日月光投控,1.25,90000,股
2026-07-14,6182,合晶,1.23,305000,股
2026-07-14,6510,精測,1.23,21000,股
2026-07-14,8210,勤誠興業,1.08,45000,股
2026-07-14,3026,禾伸堂,1.04,59000,股
2026-07-14,2360,致茂電子,0.98,25000,股
2026-07-14,3189,景碩科技,0.97,56000,股
2026-07-14,8021,尖點,0.86,82000,股
2026-07-14,6239,力成,0.85,130000,股
2026-07-14,5269,祥碩科技,0.72,22000,股
2026-07-14,1303,南亞塑膠,0.63,140000,股
2026-07-14,3017,奇鋐科技,0.5,11000,股
2026-07-14,2049,上銀科技,0.4,58000,股
2026-07-14,4583,台灣精銳,0.39,30000,股
2026-07-14,2368,金像電,0.31,14000,股
2026-07-14,3693,營邦,0.31,30000,股
2026-07-14,2467,志聖工業,0.29,25000,股
2026-07-14,2337,旺宏,0.28,92000,股
2026-07-14,1802,台玻,0.12,90000,股
2026-07-14,3665,貿聯-KY,0.11,3000,股
2026-07-14,4749,新應材,0.09,5000,股
2026-07-14,6805,富世達,0.09,3000,股
2026-07-14,3533,嘉澤端子,0.08,2000,股
2026-07-14,2317,鴻海,0.05,9000,股
2026-07-14,2382,廣達,0.05,6000,股
2026-07-14,2881,富邦金,0.05,20000,股
2026-07-14,2882,國泰金,0.05,25000,股
2026-07-14,2449,京元電,0.04,6000,股
2026-07-14,C_NTD,CASH,,206574841,元
2026-07-14,M_NTD,MARGIN,,60042751,元
2026-07-14,RDI_NTD,RECEIVABLES FOR DISPOSAL OF INVESTMENTS,,59066666,元
2026-07-15,2330,台積電,9.17,179000,股
2026-07-15,4958,臻鼎-KY,7.93,611000,股
2026-07-15,2327,國巨,6.82,407000,股
2026-07-15,2454,聯發科,6.36,81000,股
2026-07-15,2383,台光電子,5.44,51000,股
2026-07-15,8046,南電,5.2,175000,股
2026-07-15,2472,立隆電子,4.3,601000,股
2026-07-15,2308,台達電,4.17,105000,股
2026-07-15,2344,華邦電,3.39,895000,股
2026-07-15,3042,晶技,3.04,765000,股
2026-07-15,2408,南科,2.99,296000,股
2026-07-15,6831,邁科,2.64,177000,股
2026-07-15,6223,旺矽,2.52,19000,股
2026-07-15,3037,欣興電子,2.38,121000,股
2026-07-15,3443,創意電子,2.25,26000,股
2026-07-15,6213,聯茂,1.95,277000,股
2026-07-15,6531,愛普科技,1.86,94000,股
2026-07-15,3131,弘塑科技,1.68,25000,股
2026-07-15,3661,世芯-KY,1.41,18000,股
2026-07-15,3653,健策,1.38,20000,股
2026-07-15,2345,智邦科技,1.33,27000,股
2026-07-15,6239,力成,1.31,199000,股
2026-07-15,3711,日月光投控,1.29,90000,股
2026-07-15,6510,精測,1.24,21000,股
2026-07-15,6526,達發,1.23,91000,股
2026-07-15,1303,南亞塑膠,1.15,240000,股
2026-07-15,6182,合晶,1.15,305000,股
2026-07-15,8210,勤誠興業,1.08,45000,股
2026-07-15,3026,禾伸堂,1.04,59000,股
2026-07-15,2360,致茂電子,1.0,25000,股
2026-07-15,3189,景碩科技,0.99,56000,股
2026-07-15,8021,尖點,0.92,82000,股
2026-07-15,5269,祥碩科技,0.7,22000,股
2026-07-15,3017,奇鋐科技,0.5,11000,股
2026-07-15,2049,上銀科技,0.39,58000,股
2026-07-15,4583,台灣精銳,0.38,30000,股
2026-07-15,2467,志聖工業,0.31,25000,股
2026-07-15,3693,營邦,0.31,30000,股
2026-07-15,2368,金像電,0.3,14000,股
2026-07-15,2337,旺宏,0.29,92000,股
2026-07-15,1802,台玻,0.12,90000,股
2026-07-15,3665,貿聯-KY,0.12,3000,股
2026-07-15,4749,新應材,0.09,5000,股
2026-07-15,6805,富世達,0.09,3000,股
2026-07-15,3533,嘉澤端子,0.08,2000,股
2026-07-15,2382,廣達,0.05,6000,股
2026-07-15,2881,富邦金,0.05,20000,股
2026-07-15,2882,國泰金,0.05,25000,股
2026-07-15,2317,鴻海,0.04,9000,股
2026-07-15,2449,京元電,0.04,6000,股
2026-07-15,C_NTD,CASH,,227035714,元
2026-07-15,M_NTD,MARGIN,,60042751,元
2026-07-15,RDI_NTD,RECEIVABLES FOR DISPOSAL OF INVESTMENTS,,-26638339,元
2026-07-16,2330,台積電,9.54,179000,股
2026-07-16,4958,臻鼎-KY,7.62,611000,股
2026-07-16,2327,國巨,6.81,407000,股
2026-07-16,2454,聯發科,6.46,81000,股
2026-07-16,2383,台光電子,5.49,51000,股
2026-07-16,8046,南電,4.81,175000,股
2026-07-16,2308,台達電,4.31,105000,股
2026-07-16,2472,立隆電子,4.15,601000,股
2026-07-16,2344,華邦電,3.32,895000,股
2026-07-16,3042,晶技,3.08,765000,股
2026-07-16,2408,南科,2.8,296000,股
2026-07-16,6831,邁科,2.6,177000,股
2026-07-16,6223,旺矽,2.55,19000,股
2026-07-16,3443,創意電子,2.35,26000,股
2026-07-16,3037,欣興電子,2.3,121000,股
2026-07-16,6213,聯茂,1.94,277000,股
2026-07-16,6531,愛普科技,1.84,94000,股
2026-07-16,3131,弘塑科技,1.76,25000,股
2026-07-16,3653,健策,1.46,20000,股
2026-07-16,3661,世芯-KY,1.46,18000,股
2026-07-16,1303,南亞塑膠,1.42,297000,股
2026-07-16,6239,力成,1.36,199000,股
2026-07-16,2345,智邦科技,1.35,27000,股
2026-07-16,6182,合晶,1.35,378000,股
2026-07-16,3711,日月光投控,1.32,90000,股
2026-07-16,6526,達發,1.22,91000,股
2026-07-16,8210,勤誠興業,1.14,45000,股
2026-07-16,2360,致茂電子,1.07,25000,股
2026-07-16,3026,禾伸堂,0.98,59000,股
2026-07-16,3189,景碩科技,0.93,56000,股
2026-07-16,8021,尖點,0.89,82000,股
2026-07-16,5269,祥碩科技,0.72,22000,股
2026-07-16,6510,精測,0.64,11000,股
2026-07-16,3017,奇鋐科技,0.53,11000,股
2026-07-16,2049,上銀科技,0.42,58000,股
2026-07-16,4583,台灣精銳,0.39,30000,股
2026-07-16,2467,志聖工業,0.33,25000,股
2026-07-16,3693,營邦,0.31,30000,股
2026-07-16,2368,金像電,0.3,14000,股
2026-07-16,6770,力積電,0.28,171000,股
2026-07-16,2337,旺宏,0.27,92000,股
2026-07-16,3665,貿聯-KY,0.13,3000,股
2026-07-16,1802,台玻,0.12,90000,股
2026-07-16,3533,嘉澤端子,0.09,2000,股
2026-07-16,4749,新應材,0.09,5000,股
2026-07-16,2317,鴻海,0.05,9000,股
2026-07-16,2382,廣達,0.05,6000,股
2026-07-16,2881,富邦金,0.05,20000,股
2026-07-16,2882,國泰金,0.05,25000,股
2026-07-16,2449,京元電,0.04,6000,股
2026-07-16,C_NTD,CASH,,258741811,元
2026-07-16,M_NTD,MARGIN,,60042751,元
2026-07-16,RDI_NTD,RECEIVABLES FOR DISPOSAL OF INVESTMENTS,,-73285341,元
2026-07-17,2330,台積電,9.66,179000,股
2026-07-17,4958,臻鼎-KY,7.5,611000,股
2026-07-17,2327,國巨,6.7,407000,股
2026-07-17,2454,聯發科,6.43,81000,股
2026-07-17,2383,台光電子,5.4,51000,股
2026-07-17,8046,南電,4.74,175000,股
2026-07-17,2308,台達電,4.3,105000,股
2026-07-17,2472,立隆電子,4.08,601000,股
2026-07-17,2344,華邦電,3.27,895000,股
2026-07-17,3042,晶技,3.04,765000,股
2026-07-17,2408,南科,2.76,296000,股
2026-07-17,6831,邁科,2.55,177000,股
2026-07-17,6223,旺矽,2.51,19000,股
2026-07-17,3443,創意電子,2.35,26000,股
2026-07-17,3037,欣興電子,2.26,121000,股
2026-07-17,6213,聯茂,2.08,277000,股
2026-07-17,6531,愛普科技,1.81,94000,股
2026-07-17,3131,弘塑科技,1.73,25000,股
2026-07-17,3653,健策,1.51,20000,股
2026-07-17,3661,世芯-KY,1.47,18000,股
2026-07-17,1303,南亞塑膠,1.39,297000,股
2026-07-17,6239,力成,1.35,199000,股
2026-07-17,2345,智邦科技,1.33,27000,股
2026-07-17,6182,合晶,1.33,378000,股
2026-07-17,3711,日月光投控,1.3,90000,股
2026-07-17,6526,達發,1.21,91000,股
2026-07-17,8210,勤誠興業,1.16,45000,股
2026-07-17,2360,致茂電子,1.09,25000,股
2026-07-17,3026,禾伸堂,0.96,59000,股
2026-07-17,3189,景碩科技,0.91,56000,股
2026-07-17,8021,尖點,0.88,82000,股
2026-07-17,5269,祥碩科技,0.74,22000,股
2026-07-17,6510,精測,0.67,11000,股
2026-07-17,3017,奇鋐科技,0.57,11000,股
2026-07-17,2049,上銀科技,0.42,58000,股
2026-07-17,4583,台灣精銳,0.4,30000,股
2026-07-17,2467,志聖工業,0.33,25000,股
2026-07-17,2368,金像電,0.31,14000,股
2026-07-17,3693,營邦,0.31,30000,股
2026-07-17,6770,力積電,0.28,171000,股
2026-07-17,2337,旺宏,0.27,92000,股
2026-07-17,1802,台玻,0.12,90000,股
2026-07-17,3665,貿聯-KY,0.12,3000,股
2026-07-17,3533,嘉澤端子,0.09,2000,股
2026-07-17,4749,新應材,0.09,5000,股
2026-07-17,2881,富邦金,0.06,20000,股
2026-07-17,2317,鴻海,0.05,9000,股
2026-07-17,2382,廣達,0.05,6000,股
2026-07-17,2882,國泰金,0.05,25000,股
2026-07-17,2449,京元電,0.04,6000,股
2026-07-17,C_NTD,CASH,,193010189,元
2026-07-17,M_NTD,MARGIN,,60042751,元
2026-07-17,RDI_NTD,RECEIVABLES FOR DISPOSAL OF INVESTMENTS,,-7553719,元
2026-07-20,2330,台積電,10.15,179000,股
2026-07-20,4958,臻鼎-KY,7.15,611000,股
2026-07-20,2454,聯發科,6.62,81000,股
2026-07-20,2327,國巨,6.27,407000,股
2026-07-20,2383,台光電子,5.48,51000,股
2026-07-20,8046,南電,4.73,175000,股
2026-07-20,2308,台達電,4.38,105000,股
2026-07-20,2472,立隆電子,3.9,601000,股
2026-07-20,2344,華邦電,3.3,895000,股
2026-07-20,2408,南科,2.76,296000,股
2026-07-20,6223,旺矽,2.53,19000,股
2026-07-20,6831,邁科,2.39,177000,股
2026-07-20,3443,創意電子,2.38,26000,股
2026-07-20,3037,欣興電子,2.22,121000,股
2026-07-20,6213,聯茂,2.18,277000,股
2026-07-20,3042,晶技,1.87,486000,股
2026-07-20,6531,愛普科技,1.79,94000,股
2026-07-20,3131,弘塑科技,1.76,25000,股
2026-07-20,3653,健策,1.57,20000,股
2026-07-20,3661,世芯-KY,1.48,18000,股
2026-07-20,3189,景碩科技,1.39,84000,股
2026-07-20,2345,智邦科技,1.38,27000,股
2026-07-20,1303,南亞塑膠,1.35,297000,股
2026-07-20,3711,日月光投控,1.31,90000,股
2026-07-20,6239,力成,1.3,199000,股
2026-07-20,6182,合晶,1.25,378000,股
2026-07-20,8021,尖點,1.24,124000,股
2026-07-20,6526,達發,1.22,91000,股
2026-07-20,8210,勤誠興業,1.19,45000,股
2026-07-20,2360,致茂電子,1.12,25000,股
2026-07-20,3026,禾伸堂,0.9,59000,股
2026-07-20,5269,祥碩科技,0.79,22000,股
2026-07-20,6510,精測,0.69,11000,股
2026-07-20,3017,奇鋐科技,0.57,11000,股
2026-07-20,6770,力積電,0.52,339000,股
2026-07-20,6415,矽力-KY,0.46,44000,股
2026-07-20,2049,上銀科技,0.43,58000,股
2026-07-20,4583,台灣精銳,0.41,30000,股
2026-07-20,2368,金像電,0.32,14000,股
2026-07-20,2467,志聖工業,0.32,25000,股
2026-07-20,2337,旺宏,0.26,92000,股
2026-07-20,3665,貿聯-KY,0.13,3000,股
2026-07-20,1802,台玻,0.12,90000,股
2026-07-20,4749,新應材,0.1,5000,股
2026-07-20,3533,嘉澤端子,0.09,2000,股
2026-07-20,2881,富邦金,0.06,20000,股
2026-07-20,2882,國泰金,0.06,25000,股
2026-07-20,2317,鴻海,0.05,9000,股
2026-07-20,2382,廣達,0.05,6000,股
2026-07-20,2449,京元電,0.04,6000,股
2026-07-20,C_NTD,CASH,,185456470,元
2026-07-20,M_NTD,MARGIN,,60042751,元
2026-07-20,RDI_NTD,RECEIVABLES FOR DISPOSAL OF INVESTMENTS,,-9251420,元
2026-07-21,2330,台積電,9.95,179000,股
2026-07-21,4958,臻鼎-KY,7.17,611000,股
2026-07-21,2454,聯發科,6.86,81000,股
2026-07-21,2327,國巨,6.75,437000,股
2026-07-21,2383,台光電子,5.68,51000,股
2026-07-21,8046,南電,4.8,175000,股
2026-07-21,2308,台達電,4.44,105000,股
2026-07-21,2472,立隆電子,3.78,601000,股
2026-07-21,2344,華邦電,3.21,895000,股
2026-07-21,2408,南科,2.76,296000,股
2026-07-21,6223,旺矽,2.58,19000,股
2026-07-21,3443,創意電子,2.47,26000,股
2026-07-21,6831,邁科,2.45,177000,股
2026-07-21,3037,欣興電子,2.3,121000,股
2026-07-21,6213,聯茂,2.26,277000,股
2026-07-21,3042,晶技,1.88,486000,股
2026-07-21,6531,愛普科技,1.86,94000,股
2026-07-21,3131,弘塑科技,1.72,25000,股
2026-07-21,3653,健策,1.62,20000,股
2026-07-21,3661,世芯-KY,1.45,18000,股
2026-07-21,3189,景碩科技,1.44,84000,股
2026-07-21,2345,智邦科技,1.38,27000,股
2026-07-21,1303,南亞塑膠,1.34,297000,股
2026-07-21,3711,日月光投控,1.31,90000,股
2026-07-21,6239,力成,1.25,199000,股
2026-07-21,6526,達發,1.23,91000,股
2026-07-21,8210,勤誠興業,1.21,45000,股
2026-07-21,2360,致茂電子,1.16,25000,股
2026-07-21,6182,合晶,1.13,378000,股
2026-07-21,8021,尖點,1.09,124000,股
2026-07-21,6770,力積電,0.95,634000,股
2026-07-21,3026,禾伸堂,0.93,59000,股
2026-07-21,5269,祥碩科技,0.72,22000,股
2026-07-21,6510,精測,0.67,11000,股
2026-07-21,3017,奇鋐科技,0.59,11000,股
2026-07-21,6415,矽力-KY,0.47,44000,股
2026-07-21,2049,上銀科技,0.41,58000,股
2026-07-21,4583,台灣精銳,0.4,30000,股
2026-07-21,2368,金像電,0.32,14000,股
2026-07-21,2467,志聖工業,0.31,25000,股
2026-07-21,3665,貿聯-KY,0.14,3000,股
2026-07-21,1802,台玻,0.11,90000,股
2026-07-21,4749,新應材,0.1,5000,股
2026-07-21,3533,嘉澤端子,0.09,2000,股
2026-07-21,2881,富邦金,0.06,20000,股
2026-07-21,2882,國泰金,0.06,25000,股
2026-07-21,2317,鴻海,0.05,9000,股
2026-07-21,2382,廣達,0.04,6000,股
2026-07-21,2449,京元電,0.04,6000,股
2026-07-21,C_NTD,CASH,,185456470,元
2026-07-21,M_NTD,MARGIN,,60042751,元
2026-07-21,RDI_NTD,RECEIVABLES FOR DISPOSAL OF INVESTMENTS,,-36627245,元
2026-07-22,2330,台積電,9.55,179000,股
2026-07-22,4958,臻鼎-KY,7.59,611000,股
2026-07-22,2454,聯發科,6.93,81000,股
2026-07-22,2327,國巨,6.83,437000,股
2026-07-22,2383,台光電子,5.81,51000,股
2026-07-22,8046,南電,5.07,175000,股
2026-07-22,2308,台達電,4.39,105000,股
2026-07-22,2472,立隆電子,3.77,601000,股
2026-07-22,2344,華邦電,3.4,895000,股
2026-07-22,2408,南科,2.93,296000,股
2026-07-22,6223,旺矽,2.53,19000,股
2026-07-22,3443,創意電子,2.52,26000,股
2026-07-22,6831,邁科,2.5,177000,股
2026-07-22,3037,欣興電子,2.44,121000,股
2026-07-22,6213,聯茂,2.26,277000,股
2026-07-22,6531,愛普科技,1.9,94000,股
2026-07-22,3042,晶技,1.83,486000,股
2026-07-22,3131,弘塑科技,1.67,25000,股
2026-07-22,3653,健策,1.56,20000,股
2026-07-22,3189,景碩科技,1.49,84000,股
2026-07-22,3661,世芯-KY,1.44,18000,股
2026-07-22,1303,南亞塑膠,1.37,297000,股
2026-07-22,2345,智邦科技,1.37,27000,股
2026-07-22,3711,日月光投控,1.31,90000,股
2026-07-22,6239,力成,1.3,199000,股
2026-07-22,6526,達發,1.2,91000,股
2026-07-22,2360,致茂電子,1.18,25000,股
2026-07-22,8021,尖點,1.15,124000,股
2026-07-22,8210,勤誠興業,1.15,45000,股
2026-07-22,6182,合晶,1.09,378000,股
2026-07-22,6770,力積電,0.96,634000,股
2026-07-22,3026,禾伸堂,0.87,59000,股
2026-07-22,5269,祥碩科技,0.69,22000,股
2026-07-22,6510,精測,0.66,11000,股
2026-07-22,3017,奇鋐科技,0.55,11000,股
2026-07-22,6415,矽力-KY,0.47,44000,股
2026-07-22,2049,上銀科技,0.41,58000,股
2026-07-22,4583,台灣精銳,0.39,30000,股
2026-07-22,2467,志聖工業,0.3,25000,股
2026-07-22,2368,金像電,0.29,14000,股
2026-07-22,3665,貿聯-KY,0.14,3000,股
2026-07-22,1802,台玻,0.11,90000,股
2026-07-22,3533,嘉澤端子,0.09,2000,股
2026-07-22,4749,新應材,0.09,5000,股
2026-07-22,2881,富邦金,0.06,20000,股
2026-07-22,2317,鴻海,0.05,9000,股
2026-07-22,2882,國泰金,0.05,25000,股
2026-07-22,2382,廣達,0.04,6000,股
2026-07-22,2449,京元電,0.04,6000,股
2026-07-22,C_NTD,CASH,,177560272,元
2026-07-22,M_NTD,MARGIN,,60042751,元
2026-07-22,RDI_NTD,RECEIVABLES FOR DISPOSAL OF INVESTMENTS,,-27375825,元
2026-07-23,2330,台積電,9.72,179000,股
2026-07-23,2454,聯發科,7.08,81000,股
2026-07-23,4958,臻鼎-KY,6.98,611000,股
2026-07-23,2327,國巨,6.87,437000,股
2026-07-23,2383,台光電子,5.86,51000,股
2026-07-23,2308,台達電,4.46,105000,股
2026-07-23,8046,南電,4.33,156000,股
2026-07-23,2472,立隆電子,3.74,601000,股
2026-07-23,2344,華邦電,3.25,895000,股
2026-07-23,2408,南科,2.85,296000,股
2026-07-23,6223,旺矽,2.68,19000,股
2026-07-23,6831,邁科,2.68,177000,股
2026-07-23,3443,創意電子,2.57,26000,股
2026-07-23,3037,欣興電子,2.45,121000,股
2026-07-23,6213,聯茂,2.15,277000,股
2026-07-23,6531,愛普科技,1.92,94000,股
2026-07-23,3042,晶技,1.8,486000,股
2026-07-23,3131,弘塑科技,1.71,25000,股
2026-07-23,3653,健策,1.67,20000,股
2026-07-23,3189,景碩科技,1.49,84000,股
2026-07-23,3661,世芯-KY,1.43,18000,股
2026-07-23,2345,智邦科技,1.42,27000,股
2026-07-23,1303,南亞塑膠,1.32,297000,股
2026-07-23,3711,日月光投控,1.32,90000,股
2026-07-23,6239,力成,1.32,199000,股
2026-07-23,8021,尖點,1.32,144000,股
2026-07-23,2360,致茂電子,1.22,25000,股
2026-07-23,6526,達發,1.21,91000,股
2026-07-23,8210,勤誠興業,1.2,45000,股
2026-07-23,6182,合晶,1.08,378000,股
2026-07-23,6770,力積電,0.94,634000,股
2026-07-23,3026,禾伸堂,0.93,59000,股
2026-07-23,5269,祥碩科技,0.7,22000,股
2026-07-23,3017,奇鋐科技,0.61,11000,股
2026-07-23,6415,矽力-KY,0.47,44000,股
2026-07-23,2049,上銀科技,0.42,58000,股
2026-07-23,4583,台灣精銳,0.4,30000,股
2026-07-23,2368,金像電,0.3,14000,股
2026-07-23,2467,志聖工業,0.3,25000,股
2026-07-23,6510,精測,0.25,4000,股
2026-07-23,6274,台燿,0.18,6000,股
2026-07-23,3665,貿聯-KY,0.15,3000,股
2026-07-23,1802,台玻,0.11,90000,股
2026-07-23,3363,上詮,0.1,7000,股
2026-07-23,3533,嘉澤端子,0.09,2000,股
2026-07-23,4749,新應材,0.09,5086,股
2026-07-23,2881,富邦金,0.06,20000,股
2026-07-23,2317,鴻海,0.05,9000,股
2026-07-23,2882,國泰金,0.05,25000,股
2026-07-23,2382,廣達,0.04,6000,股
2026-07-23,2449,京元電,0.04,6000,股
2026-07-23,C_NTD,CASH,,150120347,元
2026-07-23,M_NTD,MARGIN,,60042751,元
2026-07-23,RDI_NTD,RECEIVABLES FOR DISPOSAL OF INVESTMENTS,,21998795,元
2026-07-24,2330,台積電,10.04,179000,股
2026-07-24,2454,聯發科,7.25,81000,股
2026-07-24,4958,臻鼎-KY,7.03,611000,股
2026-07-24,2327,國巨,6.69,437000,股
2026-07-24,2383,台光電子,5.79,51000,股
2026-07-24,2308,台達電,4.47,105000,股
2026-07-24,2472,立隆電子,3.71,601000,股
2026-07-24,8046,南電,3.6,136000,股
2026-07-24,2344,華邦電,3.3,895000,股
2026-07-24,6831,邁科,2.86,177000,股
2026-07-24,2408,南科,2.83,296000,股
2026-07-24,6223,旺矽,2.58,19000,股
2026-07-24,3443,創意電子,2.53,26000,股
2026-07-24,3037,欣興電子,2.42,121000,股
2026-07-24,6213,聯茂,2.05,277000,股
2026-07-24,6531,愛普科技,1.92,94000,股
2026-07-24,3042,晶技,1.91,486000,股
2026-07-24,3131,弘塑科技,1.71,25000,股
2026-07-24,3653,健策,1.64,20000,股
2026-07-24,3661,世芯-KY,1.46,18000,股
2026-07-24,2345,智邦科技,1.43,27000,股
2026-07-24,3189,景碩科技,1.43,84000,股
2026-07-24,6239,力成,1.33,199000,股
2026-07-24,3711,日月光投控,1.32,90000,股
2026-07-24,6526,達發,1.27,91000,股
2026-07-24,8021,尖點,1.27,144000,股
2026-07-24,1303,南亞塑膠,1.26,297000,股
2026-07-24,2360,致茂電子,1.24,25000,股
2026-07-24,8210,勤誠興業,1.18,45000,股
2026-07-24,6182,合晶,1.03,378000,股
2026-07-24,6415,矽力-KY,0.97,87000,股
2026-07-24,6770,力積電,0.93,634000,股
2026-07-24,3026,禾伸堂,0.9,59000,股
2026-07-24,5269,祥碩科技,0.73,22000,股
2026-07-24,3017,奇鋐科技,0.62,11000,股
2026-07-24,2049,上銀科技,0.43,58000,股
2026-07-24,4583,台灣精銳,0.41,30000,股
2026-07-24,2467,志聖工業,0.31,25000,股
2026-07-24,2368,金像電,0.3,14000,股
2026-07-24,6510,精測,0.25,4000,股
2026-07-24,6274,台燿,0.18,6000,股
2026-07-24,3665,貿聯-KY,0.16,3000,股
2026-07-24,1802,台玻,0.11,90000,股
2026-07-24,3363,上詮,0.1,7000,股
2026-07-24,3533,嘉澤端子,0.09,2000,股
2026-07-24,4749,新應材,0.09,5086,股
2026-07-24,2881,富邦金,0.06,20000,股
2026-07-24,2882,國泰金,0.06,25000,股
2026-07-24,2317,鴻海,0.05,9000,股
2026-07-24,2382,廣達,0.05,6000,股
2026-07-24,2449,京元電,0.04,6000,股
2026-07-24,C_NTD,CASH,,150205320,元
2026-07-24,M_NTD,MARGIN,,60042751,元
2026-07-24,RDI_NTD,RECEIVABLES FOR DISPOSAL OF INVESTMENTS,,24021516,元
2026-07-27,2330,台積電,10.1,179000,股
2026-07-27,2454,聯發科,7.16,81000,股
2026-07-27,4958,臻鼎-KY,6.9,611000,股
2026-07-27,2327,國巨,6.56,437000,股
2026-07-27,2383,台光電子,5.9,51000,股
2026-07-27,2308,台達電,4.43,105000,股
2026-07-27,2472,立隆電子,3.76,601000,股
2026-07-27,8046,南電,3.51,136000,股
2026-07-27,2344,華邦電,3.44,895000,股
2026-07-27,2408,南科,3.1,296000,股
2026-07-27,6831,邁科,2.68,177000,股
2026-07-27,6223,旺矽,2.61,19000,股
2026-07-27,3443,創意電子,2.53,26000,股
2026-07-27,3037,欣興電子,2.47,121000,股
2026-07-27,6213,聯茂,2.04,277000,股
2026-07-27,3042,晶技,1.85,486000,股
2026-07-27,6531,愛普科技,1.75,94000,股
2026-07-27,3653,健策,1.69,20000,股
2026-07-27,3131,弘塑科技,1.67,25000,股
2026-07-27,3661,世芯-KY,1.5,18000,股
2026-07-27,2345,智邦科技,1.45,27000,股
2026-07-27,3189,景碩科技,1.43,84000,股
2026-07-27,8021,尖點,1.35,144000,股
2026-07-27,6239,力成,1.33,199000,股
2026-07-27,3711,日月光投控,1.31,90000,股
2026-07-27,2360,致茂電子,1.26,25000,股
2026-07-27,6526,達發,1.26,91000,股
2026-07-27,1303,南亞塑膠,1.24,297000,股
2026-07-27,8210,勤誠興業,1.21,45000,股
2026-07-27,6182,合晶,1.05,378000,股
2026-07-27,6415,矽力-KY,0.94,87000,股
2026-07-27,6770,力積電,0.94,634000,股
2026-07-27,3026,禾伸堂,0.83,59000,股
2026-07-27,5269,祥碩科技,0.73,22000,股
2026-07-27,3017,奇鋐科技,0.63,11000,股
2026-07-27,2049,上銀科技,0.45,58000,股
2026-07-27,4583,台灣精銳,0.42,30000,股
2026-07-27,2467,志聖工業,0.32,25000,股
2026-07-27,2368,金像電,0.3,14000,股
2026-07-27,6510,精測,0.26,4000,股
2026-07-27,6274,台燿,0.18,6000,股
2026-07-27,3665,貿聯-KY,0.16,3000,股
2026-07-27,1802,台玻,0.11,90000,股
2026-07-27,3363,上詮,0.1,7000,股
2026-07-27,3533,嘉澤端子,0.09,2000,股
2026-07-27,4749,新應材,0.09,5086,股
2026-07-27,2317,鴻海,0.06,9000,股
2026-07-27,2881,富邦金,0.06,20000,股
2026-07-27,2882,國泰金,0.06,25000,股
2026-07-27,2382,廣達,0.05,6000,股
2026-07-27,2449,京元電,0.04,6000,股
2026-07-27,C_NTD,CASH,,144136499,元
2026-07-27,M_NTD,MARGIN,,60042751,元
2026-07-27,RDI_NTD,RECEIVABLES FOR DISPOSAL OF INVESTMENTS,,2022721,元
2026-07-28,2330,台積電,10.66,179000,股
2026-07-28,2454,聯發科,7.01,81000,股
2026-07-28,2327,國巨,6.43,437000,股
2026-07-28,4958,臻鼎-KY,6.28,562000,股
2026-07-28,2383,台光電子,5.87,51000,股
2026-07-28,2308,台達電,4.33,105000,股
2026-07-28,2472,立隆電子,3.69,601000,股
2026-07-28,2344,華邦電,3.37,895000,股
2026-07-28,2408,南科,3.04,296000,股
2026-07-28,8046,南電,2.91,114000,股
2026-07-28,6831,邁科,2.62,177000,股
2026-07-28,6223,旺矽,2.56,19000,股
2026-07-28,3443,創意電子,2.49,26000,股
2026-07-28,3037,欣興電子,2.41,121000,股
2026-07-28,3042,晶技,1.9,486000,股
2026-07-28,3653,健策,1.76,20000,股
2026-07-28,6531,愛普科技,1.71,94000,股
2026-07-28,3131,弘塑科技,1.66,25000,股
2026-07-28,3661,世芯-KY,1.46,18000,股
2026-07-28,6213,聯茂,1.46,202000,股
2026-07-28,2345,智邦科技,1.44,27000,股
2026-07-28,3189,景碩科技,1.4,84000,股
2026-07-28,8021,尖點,1.32,144000,股
2026-07-28,6239,力成,1.31,199000,股
2026-07-28,3711,日月光投控,1.3,90000,股
2026-07-28,2360,致茂電子,1.27,25000,股
2026-07-28,6526,達發,1.26,91000,股
2026-07-28,1303,南亞塑膠,1.22,297000,股
2026-07-28,8210,勤誠興業,1.2,45000,股
2026-07-28,6182,合晶,1.03,378000,股
2026-07-28,6415,矽力-KY,0.92,87000,股
2026-07-28,6770,力積電,0.92,634000,股
2026-07-28,5269,祥碩科技,0.84,22000,股
2026-07-28,3026,禾伸堂,0.81,59000,股
2026-07-28,3017,奇鋐科技,0.64,11000,股
2026-07-28,2049,上銀科技,0.45,58000,股
2026-07-28,4583,台灣精銳,0.42,30000,股
2026-07-28,3363,上詮,0.37,26000,股
2026-07-28,2467,志聖工業,0.33,25000,股
2026-07-28,2368,金像電,0.3,14000,股
2026-07-28,6510,精測,0.26,4000,股
2026-07-28,6274,台燿,0.18,6000,股
2026-07-28,3665,貿聯-KY,0.17,3000,股
2026-07-28,1802,台玻,0.11,90000,股
2026-07-28,3533,嘉澤端子,0.1,2000,股
2026-07-28,4749,新應材,0.1,5086,股
2026-07-28,2881,富邦金,0.07,20000,股
2026-07-28,2317,鴻海,0.06,9000,股
2026-07-28,2882,國泰金,0.06,25000,股
2026-07-28,2382,廣達,0.05,6000,股
2026-07-28,2449,京元電,0.04,6300,股
2026-07-28,C_NTD,CASH,,139328800,元
2026-07-28,M_NTD,MARGIN,,60042751,元
2026-07-28,RDI_NTD,RECEIVABLES FOR DISPOSAL OF INVESTMENTS,,53341442,元
2026-07-29,2330,台積電,11.17,179000,股
2026-07-29,2454,聯發科,7.24,81000,股
2026-07-29,4958,臻鼎-KY,6.45,562000,股
2026-07-29,2327,國巨,6.29,437000,股
2026-07-29,2383,台光電子,5.93,51000,股
2026-07-29,2308,台達電,4.45,105000,股
2026-07-29,2472,立隆電子,3.75,601000,股
2026-07-29,2344,華邦電,3.3,895000,股
2026-07-29,2408,南科,2.97,296000,股
2026-07-29,8046,南電,2.84,114000,股
2026-07-29,6223,旺矽,2.58,19000,股
2026-07-29,6831,邁科,2.57,177000,股
2026-07-29,3443,創意電子,2.43,26000,股
2026-07-29,3037,欣興電子,2.36,121000,股
2026-07-29,3042,晶技,1.88,486000,股
2026-07-29,3653,健策,1.88,20000,股
2026-07-29,6531,愛普科技,1.67,94000,股
2026-07-29,3131,弘塑科技,1.6,25000,股
2026-07-29,6239,力成,1.5,227000,股
2026-07-29,2345,智邦科技,1.46,27000,股
2026-07-29,3661,世芯-KY,1.43,18000,股
2026-07-29,3189,景碩科技,1.37,84000,股
2026-07-29,6526,達發,1.31,91000,股
2026-07-29,2360,致茂電子,1.3,25000,股
2026-07-29,8021,尖點,1.29,144000,股
2026-07-29,3711,日月光投控,1.27,90000,股
2026-07-29,8210,勤誠興業,1.25,45000,股
2026-07-29,1303,南亞塑膠,1.19,297000,股
2026-07-29,6415,矽力-KY,1.11,104000,股
2026-07-29,6182,合晶,1.01,378000,股
2026-07-29,5269,祥碩科技,0.91,22000,股
2026-07-29,6770,力積電,0.91,634000,股
2026-07-29,6213,聯茂,0.88,125000,股
2026-07-29,3026,禾伸堂,0.79,59000,股
2026-07-29,3017,奇鋐科技,0.65,11000,股
2026-07-29,3363,上詮,0.54,39000,股
2026-07-29,2049,上銀科技,0.48,58000,股
2026-07-29,6274,台燿,0.43,15000,股
2026-07-29,4583,台灣精銳,0.41,30000,股
2026-07-29,2467,志聖工業,0.33,25000,股
2026-07-29,2368,金像電,0.29,14000,股
2026-07-29,3693,營邦,0.28,23000,股
2026-07-29,3665,貿聯-KY,0.18,3000,股
2026-07-29,1802,台玻,0.11,90000,股
2026-07-29,3533,嘉澤端子,0.1,2000,股
2026-07-29,4749,新應材,0.1,5086,股
2026-07-29,2881,富邦金,0.07,20000,股
2026-07-29,2882,國泰金,0.07,25000,股
2026-07-29,2317,鴻海,0.06,9000,股
2026-07-29,2382,廣達,0.05,6000,股
2026-07-29,2449,京元電,0.04,6300,股
2026-07-29,C_NTD,CASH,,126198752,元
2026-07-29,M_NTD,MARGIN,,60042751,元
2026-07-29,RDI_NTD,RECEIVABLES FOR DISPOSAL OF INVESTMENTS,,43581434,元
2026-07-30,2330,台積電,11.47,179000,股
2026-07-30,2454,聯發科,7.62,81000,股
2026-07-30,2383,台光電子,6.4,51000,股
2026-07-30,4958,臻鼎-KY,6.14,562000,股
2026-07-30,2327,國巨,5.8,437000,股
2026-07-30,2308,台達電,4.67,105000,股
2026-07-30,2472,立隆電子,3.55,601000,股
2026-07-30,2344,華邦電,3.08,895000,股
2026-07-30,2408,南科,2.82,296000,股
2026-07-30,8046,南電,2.77,114000,股
2026-07-30,6223,旺矽,2.65,19000,股
2026-07-30,3443,創意電子,2.62,26000,股
2026-07-30,3037,欣興電子,2.52,121000,股
2026-07-30,6831,邁科,1.93,139000,股
2026-07-30,3653,健策,1.82,20000,股
2026-07-30,6531,愛普科技,1.66,94000,股
2026-07-30,3131,弘塑科技,1.57,25000,股
2026-07-30,2345,智邦科技,1.52,27000,股
2026-07-30,6415,矽力-KY,1.51,138000,股
2026-07-30,3042,晶技,1.48,371000,股
2026-07-30,3661,世芯-KY,1.46,18000,股
2026-07-30,6239,力成,1.42,227000,股
2026-07-30,3189,景碩科技,1.41,84000,股
2026-07-30,2360,致茂電子,1.39,25000,股
2026-07-30,3711,日月光投控,1.32,90000,股
2026-07-30,6526,達發,1.3,91000,股
2026-07-30,1303,南亞塑膠,1.25,297000,股
2026-07-30,8210,勤誠興業,1.24,45000,股
2026-07-30,8021,尖點,1.23,144000,股
2026-07-30,6770,力積電,0.91,634000,股
2026-07-30,5269,祥碩科技,0.84,22000,股
2026-07-30,6274,台燿,0.7,24000,股
2026-07-30,3017,奇鋐科技,0.68,11000,股
2026-07-30,3363,上詮,0.5,39000,股
2026-07-30,2049,上銀科技,0.48,58000,股
2026-07-30,6182,合晶,0.42,170000,股
2026-07-30,4583,台灣精銳,0.39,30000,股
2026-07-30,2467,志聖工業,0.32,25000,股
2026-07-30,6213,聯茂,0.32,46000,股
2026-07-30,2368,金像電,0.29,14000,股
2026-07-30,3693,營邦,0.27,23000,股
2026-07-30,3026,禾伸堂,0.22,18000,股
2026-07-30,3665,貿聯-KY,0.17,3000,股
2026-07-30,1802,台玻,0.11,90000,股
2026-07-30,3533,嘉澤端子,0.1,2000,股
2026-07-30,4749,新應材,0.1,5086,股
2026-07-30,2881,富邦金,0.07,20000,股
2026-07-30,2882,國泰金,0.07,25000,股
2026-07-30,2317,鴻海,0.06,9000,股
2026-07-30,2382,廣達,0.05,6000,股
2026-07-30,2449,京元電,0.04,6300,股
2026-07-30,C_NTD,CASH,,179890194,元
2026-07-30,M_NTD,MARGIN,,60042751,元
2026-07-30,RDI_NTD,RECEIVABLES FOR DISPOSAL OF INVESTMENTS,,57298823,元
2026-07-31,2330,台積電,11.17,179000,股
2026-07-31,2454,聯發科,7.41,81000,股
2026-07-31,2383,台光電子,6.23,51000,股
2026-07-31,4958,臻鼎-KY,5.98,562000,股
2026-07-31,2327,國巨,5.65,437000,股
2026-07-31,2308,台達電,4.85,115000,股
2026-07-31,2472,立隆電子,3.4,601000,股
2026-07-31,2344,華邦電,2.99,895000,股
2026-07-31,2408,南科,2.75,296000,股
2026-07-31,8046,南電,2.7,114000,股
2026-07-31,6223,旺矽,2.58,19000,股
2026-07-31,3443,創意電子,2.55,26000,股
2026-07-31,3037,欣興電子,2.45,121000,股
2026-07-31,6831,邁科,1.88,139000,股
2026-07-31,6239,力成,1.82,300000,股
2026-07-31,3653,健策,1.77,20000,股
2026-07-31,6531,愛普科技,1.61,94000,股
2026-07-31,3131,弘塑科技,1.53,25000,股
2026-07-31,2345,智邦科技,1.48,27000,股
2026-07-31,6415,矽力-KY,1.47,138000,股
2026-07-31,3042,晶技,1.43,371000,股
2026-07-31,3661,世芯-KY,1.42,18000,股
2026-07-31,3189,景碩科技,1.37,84000,股
2026-07-31,2360,致茂電子,1.35,25000,股
2026-07-31,3711,日月光投控,1.29,90000,股
2026-07-31,1303,南亞塑膠,1.22,297000,股
2026-07-31,6526,達發,1.22,91000,股
2026-07-31,8210,勤誠興業,1.21,45000,股
2026-07-31,8021,尖點,1.2,144000,股
2026-07-31,6770,力積電,0.89,634000,股
2026-07-31,5269,祥碩科技,0.74,22000,股
2026-07-31,6274,台燿,0.69,24000,股
2026-07-31,3017,奇鋐科技,0.66,11000,股
2026-07-31,3363,上詮,0.48,39000,股
2026-07-31,2049,上銀科技,0.45,58000,股
2026-07-31,6278,台表科,0.43,120000,股
2026-07-31,6182,合晶,0.39,170000,股
2026-07-31,4583,台灣精銳,0.34,30000,股
2026-07-31,2467,志聖工業,0.31,25000,股
2026-07-31,6213,聯茂,0.31,46000,股
2026-07-31,2368,金像電,0.29,14000,股
2026-07-31,3693,營邦,0.26,23000,股
2026-07-31,3026,禾伸堂,0.21,18000,股
2026-07-31,3665,貿聯-KY,0.16,3000,股
2026-07-31,1802,台玻,0.11,90000,股
2026-07-31,3533,嘉澤端子,0.1,2000,股
2026-07-31,4749,新應材,0.09,5086,股
2026-07-31,2881,富邦金,0.07,20000,股
2026-07-31,2317,鴻海,0.06,9000,股
2026-07-31,2882,國泰金,0.06,25000,股
2026-07-31,2382,廣達,0.04,6000,股
2026-07-31,2449,京元電,0.04,6300,股
2026-07-31,C_NTD,CASH,,175262922,元
2026-07-31,M_NTD,MARGIN,,60049944,元
2026-07-31,RDI_NTD,RECEIVABLES FOR DISPOSAL OF INVESTMENTS,,16428755,元
2026-08-03,2330,台積電,10.51,179000,股
2026-08-03,2454,聯發科,7.85,81000,股
2026-08-03,2383,台光電子,6.29,51000,股
2026-08-03,2327,國巨,5.98,437000,股
2026-08-03,4958,臻鼎-KY,5.87,562000,股
2026-08-03,2308,台達電,4.5,115000,股
2026-08-03,2472,立隆電子,3.43,601000,股
2026-08-03,2344,華邦電,3.17,895000,股
2026-08-03,2408,南科,2.91,296000,股
2026-08-03,6223,旺矽,2.73,19000,股
2026-08-03,3443,創意電子,2.7,26000,股
2026-08-03,8046,南電,2.69,114000,股
2026-08-03,6831,邁科,2.6,186000,股
2026-08-03,3037,欣興電子,2.59,121000,股
2026-08-03,3653,健策,1.87,20000,股
2026-08-03,6239,力成,1.77,300000,股
2026-08-03,6531,愛普科技,1.71,94000,股
2026-08-03,2345,智邦科技,1.56,27000,股
2026-08-03,3131,弘塑科技,1.5,25000,股
2026-08-03,3189,景碩科技,1.45,84000,股
2026-08-03,3661,世芯-KY,1.45,18000,股
2026-08-03,6415,矽力-KY,1.45,138000,股
2026-08-03,3042,晶技,1.42,371000,股
2026-08-03,3711,日月光投控,1.36,90000,股
2026-08-03,6278,台表科,1.34,372000,股
2026-08-03,6770,力積電,1.3,958000,股
2026-08-03,8021,尖點,1.27,144000,股
2026-08-03,6526,達發,1.25,91000,股
2026-08-03,8210,勤誠興業,1.22,45000,股
2026-08-03,1303,南亞塑膠,1.21,297000,股
2026-08-03,2360,致茂電子,1.21,25000,股
2026-08-03,3363,上詮,0.99,76000,股
2026-08-03,3693,營邦,0.91,78000,股
2026-08-03,5269,祥碩科技,0.73,22000,股
2026-08-03,6274,台燿,0.73,24000,股
2026-08-03,3017,奇鋐科技,0.7,11000,股
2026-08-03,2049,上銀科技,0.48,58000,股
2026-08-03,6182,合晶,0.37,170000,股
2026-08-03,4583,台灣精銳,0.36,30000,股
2026-08-03,6213,聯茂,0.33,46000,股
2026-08-03,2467,志聖工業,0.31,25000,股
2026-08-03,2368,金像電,0.3,14000,股
2026-08-03,3665,貿聯-KY,0.16,3000,股
2026-08-03,1802,台玻,0.11,90000,股
2026-08-03,3533,嘉澤端子,0.1,2000,股
2026-08-03,4749,新應材,0.1,5086,股
2026-08-03,2317,鴻海,0.06,9000,股
2026-08-03,2881,富邦金,0.06,20000,股
2026-08-03,2882,國泰金,0.06,25000,股
2026-08-03,2382,廣達,0.04,6000,股
2026-08-03,2449,京元電,0.04,6300,股
2026-08-03,C_NTD,CASH,,341204489,元
2026-08-03,M_NTD,MARGIN,,60049944,元
2026-08-03,RDI_NTD,RECEIVABLES FOR DISPOSAL OF INVESTMENTS,,-170790226,元
2026-08-04,2330,台積電,9.96,179000,股
2026-08-04,2454,聯發科,7.51,81000,股
2026-08-04,2383,台光電子,6.29,51000,股
2026-08-04,4958,臻鼎-KY,5.99,562000,股
2026-08-04,2327,國巨,5.93,437000,股
2026-08-04,2308,台達電,4.47,115000,股
2026-08-04,2472,立隆電子,3.4,601000,股
2026-08-04,2344,華邦電,3.37,895000,股
2026-08-04,2408,南科,3.1,296000,股
2026-08-04,8046,南電,2.86,114000,股
2026-08-04,6831,邁科,2.75,186000,股
2026-08-04,6223,旺矽,2.69,19000,股
2026-08-04,3037,欣興電子,2.68,121000,股
2026-08-04,3443,創意電子,2.58,26000,股
2026-08-04,6239,力成,2.04,331000,股
2026-08-04,3653,健策,1.99,20000,股
2026-08-04,6278,台表科,1.83,498000,股
2026-08-04,6531,愛普科技,1.82,94000,股
2026-08-04,3189,景碩科技,1.55,84000,股
2026-08-04,3131,弘塑科技,1.52,25000,股
2026-08-04,3042,晶技,1.51,371000,股
2026-08-04,2345,智邦科技,1.5,27000,股
2026-08-04,3661,世芯-KY,1.46,18000,股
2026-08-04,6415,矽力-KY,1.4,138000,股
2026-08-04,6770,力積電,1.38,958000,股
2026-08-04,8021,尖點,1.35,144000,股
2026-08-04,3711,日月光投控,1.26,90000,股
2026-08-04,8210,勤誠興業,1.24,45000,股
2026-08-04,3363,上詮,1.22,90000,股
2026-08-04,1303,南亞塑膠,1.21,297000,股
2026-08-04,2360,致茂電子,1.15,25000,股
2026-08-04,3693,營邦,0.93,78000,股
2026-08-04,6274,台燿,0.77,24000,股
2026-08-04,5269,祥碩科技,0.72,22000,股
2026-08-04,3017,奇鋐科技,0.69,11000,股
2026-08-04,6526,達發,0.58,42000,股
2026-08-04,6182,合晶,0.4,170000,股
2026-08-04,4583,台灣精銳,0.35,30000,股
2026-08-04,6213,聯茂,0.34,46000,股
2026-08-04,2368,金像電,0.3,14000,股
2026-08-04,2467,志聖工業,0.3,25000,股
2026-08-04,3665,貿聯-KY,0.17,3000,股
2026-08-04,1802,台玻,0.11,90000,股
2026-08-04,3533,嘉澤端子,0.1,2000,股
2026-08-04,4749,新應材,0.09,5086,股
2026-08-04,2881,富邦金,0.06,20000,股
2026-08-04,2882,國泰金,0.06,25000,股
2026-08-04,2317,鴻海,0.05,9000,股
2026-08-04,2382,廣達,0.04,6000,股
2026-08-04,2449,京元電,0.04,6300,股
2026-08-04,C_NTD,CASH,,279624859,元
2026-08-04,M_NTD,MARGIN,,60049944,元
2026-08-04,RDI_NTD,RECEIVABLES FOR DISPOSAL OF INVESTMENTS,,-107813409,元
2026-08-05,2330,台積電,9.97,179000,股
2026-08-05,2454,聯發科,7.5,81000,股
2026-08-05,4958,臻鼎-KY,6.35,562000,股
2026-08-05,2383,台光電子,6.19,51000,股
2026-08-05,2327,國巨,6.02,450000,股
2026-08-05,2308,台達電,4.39,115000,股
2026-08-05,2472,立隆電子,3.52,633000,股
2026-08-05,2344,華邦電,3.5,895000,股
2026-08-05,2408,南科,3.05,296000,股
2026-08-05,8046,南電,2.8,114000,股
2026-08-05,6223,旺矽,2.75,19000,股
2026-08-05,3037,欣興電子,2.71,121000,股
2026-08-05,3443,創意電子,2.64,26000,股
2026-08-05,6831,邁科,2.57,186000,股
2026-08-05,3653,健策,2.01,20000,股
2026-08-05,6239,力成,1.97,331000,股
2026-08-05,6278,台表科,1.94,498000,股
2026-08-05,6531,愛普科技,1.86,94000,股
2026-08-05,3189,景碩科技,1.61,84000,股
2026-08-05,3042,晶技,1.52,371000,股
2026-08-05,3661,世芯-KY,1.5,18000,股
2026-08-05,2345,智邦科技,1.49,27000,股
2026-08-05,6770,力積電,1.47,958000,股
2026-08-05,6415,矽力-KY,1.42,138000,股
2026-08-05,1303,南亞塑膠,1.4,341000,股
2026-08-05,3131,弘塑科技,1.36,25000,股
2026-08-05,8021,尖點,1.32,144000,股
2026-08-05,3363,上詮,1.25,90000,股
2026-08-05,3711,日月光投控,1.24,90000,股
2026-08-05,8210,勤誠興業,1.22,45000,股
2026-08-05,2360,致茂電子,1.09,25000,股
2026-08-05,3693,營邦,0.9,78000,股
2026-08-05,6274,台燿,0.82,24000,股
2026-08-05,5269,祥碩科技,0.72,22000,股
2026-08-05,3017,奇鋐科技,0.7,11000,股
2026-08-05,6526,達發,0.61,42000,股
2026-08-05,6182,合晶,0.41,170000,股
2026-08-05,4583,台灣精銳,0.36,30000,股
2026-08-05,6213,聯茂,0.36,46000,股
2026-08-05,2368,金像電,0.31,14000,股
2026-08-05,2467,志聖工業,0.3,25000,股
2026-08-05,3665,貿聯-KY,0.16,3000,股
2026-08-05,1802,台玻,0.11,90000,股
2026-08-05,3533,嘉澤端子,0.09,2000,股
2026-08-05,4749,新應材,0.09,5086,股
2026-08-05,2881,富邦金,0.06,20000,股
2026-08-05,2882,國泰金,0.06,25000,股
2026-08-05,2317,鴻海,0.05,9000,股
2026-08-05,2382,廣達,0.04,6000,股
2026-08-05,2449,京元電,0.04,6300,股
2026-08-05,C_NTD,CASH,,156809876,元
2026-08-05,M_NTD,MARGIN,,60049944,元
2026-08-05,RDI_NTD,RECEIVABLES FOR DISPOSAL OF INVESTMENTS,,-10756316,元
2026-08-06,2330,台積電,9.71,179000,股
2026-08-06,2454,聯發科,7.28,81000,股
2026-08-06,2383,台光電子,6.21,51000,股
2026-08-06,4958,臻鼎-KY,6.21,562000,股
2026-08-06,2327,國巨,5.88,450000,股
2026-08-06,2308,台達電,4.43,115000,股
2026-08-06,2344,華邦電,3.51,895000,股
2026-08-06,2472,立隆電子,3.46,633000,股
2026-08-06,2408,南科,3.12,296000,股
2026-08-06,8046,南電,2.89,114000,股
2026-08-06,6831,邁科,2.87,191000,股
2026-08-06,6223,旺矽,2.74,19000,股
2026-08-06,3037,欣興電子,2.7,121000,股
2026-08-06,3443,創意電子,2.67,26000,股
2026-08-06,6239,力成,2.05,331000,股
2026-08-06,3653,健策,2.04,20000,股
2026-08-06,6531,愛普科技,1.94,94000,股
2026-08-06,6278,台表科,1.86,498000,股
2026-08-06,3189,景碩科技,1.64,84000,股
2026-08-06,3661,世芯-KY,1.51,18000,股
2026-08-06,2345,智邦科技,1.49,27000,股
2026-08-06,3042,晶技,1.48,371000,股
2026-08-06,6770,力積電,1.46,958000,股
2026-08-06,6415,矽力-KY,1.41,138000,股
2026-08-06,1303,南亞塑膠,1.4,341000,股
2026-08-06,8021,尖點,1.38,144000,股
2026-08-06,8210,勤誠興業,1.27,45000,股
2026-08-06,3363,上詮,1.25,90000,股
2026-08-06,3711,日月光投控,1.23,90000,股
2026-08-06,3693,營邦,1.16,94000,股
2026-08-06,2360,致茂電子,1.13,25000,股
2026-08-06,6274,台燿,0.84,24000,股
2026-08-06,3017,奇鋐科技,0.74,11000,股
2026-08-06,5269,祥碩科技,0.71,22000,股
2026-08-06,3131,弘塑科技,0.6,11000,股
2026-08-06,6182,合晶,0.42,170000,股
2026-08-06,6213,聯茂,0.4,46000,股
2026-08-06,4583,台灣精銳,0.35,30000,股
2026-08-06,2368,金像電,0.32,14000,股
2026-08-06,2467,志聖工業,0.3,25000,股
2026-08-06,6526,達發,0.18,12000,股
2026-08-06,3665,貿聯-KY,0.16,3000,股
2026-08-06,1802,台玻,0.11,90000,股
2026-08-06,4749,新應材,0.1,5086,股
2026-08-06,3533,嘉澤端子,0.09,2000,股
2026-08-06,2881,富邦金,0.06,20000,股
2026-08-06,2882,國泰金,0.06,25000,股
2026-08-06,2317,鴻海,0.05,9000,股
2026-08-06,2382,廣達,0.04,6000,股
2026-08-06,2449,京元電,0.04,6300,股
2026-08-06,C_NTD,CASH,,144657341,元
2026-08-06,M_NTD,MARGIN,,60049944,元
2026-08-06,RDI_NTD,RECEIVABLES FOR DISPOSAL OF INVESTMENTS,,16349968,元
2026-08-07,2330,台積電,9.95,179000,股
2026-08-07,2454,聯發科,7.41,81000,股
2026-08-07,2383,台光電子,6.27,51000,股
2026-08-07,4958,臻鼎-KY,6.24,562000,股
2026-08-07,2327,國巨,5.7,450000,股
2026-08-07,2308,台達電,4.45,115000,股
2026-08-07,2344,華邦電,3.43,895000,股
2026-08-07,2472,立隆電子,3.41,633000,股
2026-08-07,2408,南科,3.17,296000,股
2026-08-07,8046,南電,2.89,114000,股
2026-08-07,6831,邁科,2.85,191000,股
2026-08-07,3443,創意電子,2.77,26000,股
2026-08-07,6223,旺矽,2.72,19000,股
2026-08-07,3037,欣興電子,2.71,121000,股
2026-08-07,6531,愛普科技,2.1,94000,股
2026-08-07,3653,健策,2.06,20000,股
2026-08-07,6239,力成,2.04,331000,股
2026-08-07,6278,台表科,1.82,498000,股
2026-08-07,3189,景碩科技,1.62,84000,股
2026-08-07,3661,世芯-KY,1.57,18000,股
2026-08-07,1303,南亞塑膠,1.5,341000,股
2026-08-07,6770,力積電,1.47,958000,股
2026-08-07,3042,晶技,1.46,371000,股
2026-08-07,6415,矽力-KY,1.43,138000,股
2026-08-07,2345,智邦科技,1.4,27000,股
2026-08-07,8021,尖點,1.33,144000,股
2026-08-07,3363,上詮,1.23,90000,股
2026-08-07,2360,致茂電子,1.19,25000,股
2026-08-07,8210,勤誠興業,1.18,45000,股
2026-08-07,3693,營邦,1.16,94000,股
2026-08-07,3711,日月光投控,0.91,66000,股
2026-08-07,6274,台燿,0.81,24000,股
2026-08-07,3017,奇鋐科技,0.72,11000,股
2026-08-07,5269,祥碩科技,0.72,22000,股
2026-08-07,3131,弘塑科技,0.61,11000,股
2026-08-07,6182,合晶,0.37,157000,股
2026-08-07,4583,台灣精銳,0.35,30000,股
2026-08-07,2368,金像電,0.32,14000,股
2026-08-07,2467,志聖工業,0.29,25000,股
2026-08-07,6526,達發,0.18,12000,股
2026-08-07,3665,貿聯-KY,0.16,3000,股
2026-08-07,1802,台玻,0.11,90000,股
2026-08-07,4749,新應材,0.1,5086,股
2026-08-07,3533,嘉澤端子,0.09,2000,股
2026-08-07,2317,鴻海,0.06,9000,股
2026-08-07,2881,富邦金,0.06,20000,股
2026-08-07,2882,國泰金,0.06,25000,股
2026-08-07,6213,聯茂,0.05,6000,股
2026-08-07,2382,廣達,0.04,6000,股
2026-08-07,2449,京元電,0.04,6300,股
2026-08-07,C_NTD,CASH,,116636474,元
2026-08-07,M_NTD,MARGIN,,60049944,元
2026-08-07,RDI_NTD,RECEIVABLES FOR DISPOSAL OF INVESTMENTS,,70232439,元
2026-08-10,2330,台積電,9.73,179000,股
2026-08-10,2454,聯發科,7.33,81000,股
2026-08-10,2383,台光電子,6.16,51000,股
2026-08-10,4958,臻鼎-KY,6.04,562000,股
2026-08-10,2327,國巨,5.89,450000,股
2026-08-10,2308,台達電,4.77,115000,股
2026-08-10,2344,華邦電,3.67,895000,股
2026-08-10,2472,立隆電子,3.48,633000,股
2026-08-10,2408,南科,3.4,296000,股
2026-08-10,8046,南電,2.94,114000,股
2026-08-10,6831,邁科,2.87,203000,股
2026-08-10,3037,欣興電子,2.74,121000,股
2026-08-10,6223,旺矽,2.7,19000,股
2026-08-10,3443,創意電子,2.69,26000,股
2026-08-10,6239,力成,2.18,331000,股
2026-08-10,6278,台表科,2.15,548000,股
2026-08-10,6531,愛普科技,1.98,94000,股
2026-08-10,3653,健策,1.89,20000,股
2026-08-10,6415,矽力-KY,1.66,156000,股
2026-08-10,3189,景碩科技,1.6,84000,股
2026-08-10,3661,世芯-KY,1.56,18000,股
2026-08-10,3042,晶技,1.53,371000,股
2026-08-10,6770,力積電,1.48,958000,股
2026-08-10,1303,南亞塑膠,1.44,341000,股
2026-08-10,8021,尖點,1.43,144000,股
2026-08-10,2345,智邦科技,1.34,27000,股
2026-08-10,3363,上詮,1.32,90000,股
2026-08-10,202609MTX,小型臺指期貨,1.29,-25,口
2026-08-10,2360,致茂電子,1.16,25000,股
2026-08-10,8210,勤誠興業,1.11,45000,股
2026-08-10,3693,營邦,1.08,94000,股
2026-08-10,3711,日月光投控,0.95,66000,股
2026-08-10,6274,台燿,0.8,24000,股
2026-08-10,3017,奇鋐科技,0.7,11000,股
2026-08-10,5269,祥碩科技,0.7,22000,股
2026-08-10,3131,弘塑科技,0.62,11000,股
2026-08-10,8996,高力,0.37,15000,股
2026-08-10,4583,台灣精銳,0.34,30000,股
2026-08-10,6182,合晶,0.33,157000,股
2026-08-10,2467,志聖工業,0.31,25000,股
2026-08-10,2368,金像電,0.3,14000,股
2026-08-10,6526,達發,0.17,12000,股
2026-08-10,3665,貿聯-KY,0.15,3000,股
2026-08-10,1802,台玻,0.11,90000,股
2026-08-10,3533,嘉澤端子,0.09,2000,股
2026-08-10,4749,新應材,0.09,5086,股
2026-08-10,2881,富邦金,0.06,20000,股
2026-08-10,2882,國泰金,0.06,25000,股
2026-08-10,6213,聯茂,0.06,6000,股
2026-08-10,2317,鴻海,0.05,9000,股
2026-08-10,2382,廣達,0.04,6000,股
2026-08-10,2449,京元電,0.04,6300,股
2026-08-10,C_NTD,CASH,,156089499,元
2026-08-10,M_NTD,MARGIN,,60164844,元
2026-08-10,RDI_NTD,RECEIVABLES FOR DISPOSAL OF INVESTMENTS,,-9867687,元
2026-08-11,2330,台積電,9.72,179000,股
2026-08-11,2454,聯發科,7.38,81000,股
2026-08-11,2383,台光電子,6.4,51000,股
2026-08-11,2327,國巨,6.29,450000,股
2026-08-11,4958,臻鼎-KY,6.24,562000,股
2026-08-11,2308,台達電,4.7,115000,股
2026-08-11,2344,華邦電,3.61,895000,股
2026-08-11,2472,立隆電子,3.51,633000,股
2026-08-11,2408,南科,3.28,296000,股
2026-08-11,8046,南電,2.97,114000,股
2026-08-11,3443,創意電子,2.92,26000,股
2026-08-11,6831,邁科,2.84,203000,股
2026-08-11,3037,欣興電子,2.72,121000,股
2026-08-11,6223,旺矽,2.72,19000,股
2026-08-11,6239,力成,2.12,331000,股
2026-08-11,6278,台表科,2.08,548000,股
2026-08-11,3653,健策,1.84,20000,股
2026-08-11,6415,矽力-KY,1.65,156000,股
2026-08-11,3661,世芯-KY,1.61,18000,股
2026-08-11,3189,景碩科技,1.6,84000,股
2026-08-11,3042,晶技,1.5,371000,股
2026-08-11,1303,南亞塑膠,1.47,341000,股
2026-08-11,6770,力積電,1.45,958000,股
2026-08-11,8021,尖點,1.43,144000,股
2026-08-11,2345,智邦科技,1.31,27000,股
2026-08-11,202609MTX,小型臺指期貨,1.28,-25,口
2026-08-11,6531,愛普科技,1.28,68000,股
2026-08-11,3363,上詮,1.24,90000,股
2026-08-11,2360,致茂電子,1.18,25000,股
2026-08-11,3693,營邦,1.05,94000,股
2026-08-11,8210,勤誠興業,1.04,45000,股
2026-08-11,6274,台燿,0.87,24000,股
2026-08-11,5269,祥碩科技,0.72,22000,股
2026-08-11,3017,奇鋐科技,0.69,11000,股
2026-08-11,3711,日月光投控,0.5,35000,股
2026-08-11,8996,高力,0.36,15000,股
2026-08-11,4583,台灣精銳,0.34,30000,股
2026-08-11,6182,合晶,0.33,157000,股
2026-08-11,2368,金像電,0.31,14000,股
2026-08-11,2467,志聖工業,0.3,25000,股
2026-08-11,3131,弘塑科技,0.27,5000,股
2026-08-11,6526,達發,0.17,12000,股
2026-08-11,3665,貿聯-KY,0.15,3000,股
2026-08-11,1802,台玻,0.11,90000,股
2026-08-11,3533,嘉澤端子,0.09,2000,股
2026-08-11,4749,新應材,0.09,5086,股
2026-08-11,2881,富邦金,0.06,20000,股
2026-08-11,2882,國泰金,0.06,25000,股
2026-08-11,6213,聯茂,0.06,6000,股
2026-08-11,2317,鴻海,0.05,9000,股
2026-08-11,2382,廣達,0.04,6000,股
2026-08-11,2449,京元電,0.04,6300,股
2026-08-11,C_NTD,CASH,,186868913,元
2026-08-11,M_NTD,MARGIN,,60037344,元
2026-08-11,RDI_NTD,RECEIVABLES FOR DISPOSAL OF INVESTMENTS,,14570143,元
2026-08-12,2330,台積電,9.66,179000,股
2026-08-12,2454,聯發科,7.27,81000,股
2026-08-12,2383,台光電子,6.53,51000,股
2026-08-12,2327,國巨,6.05,450000,股
2026-08-12,4958,臻鼎-KY,5.92,562000,股
2026-08-12,2308,台達電,4.6,115000,股
2026-08-12,2344,華邦電,3.54,895000,股
2026-08-12,2472,立隆電子,3.54,633000,股
2026-08-12,8046,南電,3.22,114000,股
2026-08-12,2408,南科,3.19,296000,股
2026-08-12,6831,邁科,3.07,203000,股
2026-08-12,3443,創意電子,2.98,26000,股
2026-08-12,6223,旺矽,2.8,19000,股
2026-08-12,3037,欣興電子,2.7,121000,股
2026-08-12,6278,台表科,2.09,548000,股
2026-08-12,6239,力成,2.08,331000,股
2026-08-12,3653,健策,2.0,20000,股
2026-08-12,3661,世芯-KY,1.63,18000,股
2026-08-12,3189,景碩科技,1.61,84000,股
2026-08-12,6770,力積電,1.58,958000,股
2026-08-12,6415,矽力-KY,1.56,156000,股
2026-08-12,3042,晶技,1.5,371000,股
2026-08-12,1303,南亞塑膠,1.44,341000,股
2026-08-12,8021,尖點,1.37,144000,股
2026-08-12,2345,智邦科技,1.34,27000,股
2026-08-12,6531,愛普科技,1.33,68000,股
2026-08-12,202609MTX,小型臺指期貨,1.28,-25,口
2026-08-12,3363,上詮,1.27,90000,股
2026-08-12,2360,致茂電子,1.23,25000,股
2026-08-12,3693,營邦,1.05,94000,股
2026-08-12,8210,勤誠興業,1.01,45000,股
2026-08-12,6274,台燿,0.86,24000,股
2026-08-12,3017,奇鋐科技,0.72,11000,股
2026-08-12,5269,祥碩科技,0.71,22000,股
2026-08-12,3711,日月光投控,0.49,35000,股
2026-08-12,8996,高力,0.39,15000,股
2026-08-12,6182,合晶,0.36,157000,股
2026-08-12,4583,台灣精銳,0.33,30000,股
2026-08-12,2368,金像電,0.31,14000,股
2026-08-12,2467,志聖工業,0.31,25000,股
2026-08-12,3131,弘塑科技,0.29,5000,股
2026-08-12,6526,達發,0.17,12000,股
2026-08-12,3665,貿聯-KY,0.14,3000,股
2026-08-12,1802,台玻,0.12,90000,股
2026-08-12,3533,嘉澤端子,0.09,2000,股
2026-08-12,4749,新應材,0.09,5086,股
2026-08-12,2881,富邦金,0.06,20000,股
2026-08-12,2882,國泰金,0.06,25000,股
2026-08-12,6213,聯茂,0.06,6000,股
2026-08-12,2317,鴻海,0.05,9000,股
2026-08-12,2382,廣達,0.04,6000,股
2026-08-12,2449,京元電,0.04,6300,股
2026-08-12,C_NTD,CASH,,126374442,元
2026-08-12,M_NTD,MARGIN,,59464844,元
2026-08-12,RDI_NTD,RECEIVABLES FOR DISPOSAL OF INVESTMENTS,,55217244,元
2026-08-13,2330,台積電,9.58,179000,股
2026-08-13,2454,聯發科,7.52,81000,股
2026-08-13,2327,國巨,6.55,450000,股
2026-08-13,2383,台光電子,6.38,51000,股
2026-08-13,4958,臻鼎-KY,5.9,562000,股
2026-08-13,2308,台達電,4.77,115000,股
2026-08-13,2472,立隆電子,3.52,633000,股
2026-08-13,2344,華邦電,3.48,895000,股
2026-08-13,2408,南科,3.34,296000,股
2026-08-13,3443,創意電子,3.17,26000,股
2026-08-13,8046,南電,3.05,114000,股
2026-08-13,6831,邁科,3.03,203000,股
2026-08-13,6223,旺矽,2.71,19000,股
2026-08-13,3037,欣興電子,2.66,121000,股
2026-08-13,6278,台表科,2.25,608000,股
2026-08-13,6239,力成,2.06,331000,股
2026-08-13,3653,健策,2.04,20000,股
2026-08-13,6770,力積電,1.76,1069000,股
2026-08-13,3661,世芯-KY,1.66,18000,股
2026-08-13,6415,矽力-KY,1.59,156000,股
2026-08-13,3189,景碩科技,1.57,84000,股
2026-08-13,3042,晶技,1.52,371000,股
2026-08-13,1303,南亞塑膠,1.42,341000,股
2026-08-13,3363,上詮,1.36,103000,股
2026-08-13,8021,尖點,1.36,144000,股
2026-08-13,2345,智邦科技,1.35,27000,股
2026-08-13,202609MTX,小型臺指期貨,1.27,-25,口
2026-08-13,2360,致茂電子,1.26,25000,股
2026-08-13,3693,營邦,1.14,94000,股
2026-08-13,8210,勤誠興業,0.98,45000,股
2026-08-13,6531,愛普科技,0.97,51000,股
2026-08-13,6274,台燿,0.85,24000,股
2026-08-13,3017,奇鋐科技,0.77,11000,股
2026-08-13,5269,祥碩科技,0.69,22000,股
2026-08-13,3711,日月光投控,0.48,35000,股
2026-08-13,8996,高力,0.42,15000,股
2026-08-13,6182,合晶,0.39,157000,股
2026-08-13,4583,台灣精銳,0.34,30000,股
2026-08-13,2368,金像電,0.31,14000,股
2026-08-13,2467,志聖工業,0.3,25000,股
2026-08-13,3131,弘塑科技,0.29,5000,股
2026-08-13,6526,達發,0.16,12000,股
2026-08-13,3665,貿聯-KY,0.15,3000,股
2026-08-13,1802,台玻,0.11,90000,股
2026-08-13,4749,新應材,0.09,5086,股
2026-08-13,3533,嘉澤端子,0.08,2000,股
2026-08-13,2881,富邦金,0.06,20000,股
2026-08-13,6213,聯茂,0.06,6000,股
2026-08-13,2317,鴻海,0.05,9000,股
2026-08-13,2882,國泰金,0.05,25000,股
2026-08-13,2382,廣達,0.04,6000,股
2026-08-13,2449,京元電,0.04,6300,股
2026-08-13,C_NTD,CASH,,181591686,元
2026-08-13,M_NTD,MARGIN,,58817344,元
2026-08-13,RDI_NTD,RECEIVABLES FOR DISPOSAL OF INVESTMENTS,,-11666398,元
2026-08-14,2330,台積電,9.43,179000,股
2026-08-14,2454,聯發科,7.5,81000,股
2026-08-14,2383,台光電子,6.91,51000,股
2026-08-14,2327,國巨,6.16,450000,股
2026-08-14,4958,臻鼎-KY,6.05,562000,股
2026-08-14,2308,台達電,4.77,115000,股
2026-08-14,2344,華邦電,3.61,895000,股
2026-08-14,2472,立隆電子,3.41,633000,股
2026-08-14,8046,南電,3.27,114000,股
2026-08-14,3443,創意電子,3.12,26000,股
2026-08-14,6831,邁科,3.05,203000,股
2026-08-14,2408,南科,2.78,247000,股
2026-08-14,3037,欣興電子,2.71,121000,股
2026-08-14,6223,旺矽,2.69,19000,股
2026-08-14,6278,台表科,2.31,608000,股
2026-08-14,202609MTX,小型臺指期貨,2.27,-45,口
2026-08-14,3653,健策,2.14,20000,股
2026-08-14,6239,力成,2.02,331000,股
2026-08-14,6770,力積電,1.84,1069000,股
2026-08-14,3661,世芯-KY,1.67,18000,股
2026-08-14,6415,矽力-KY,1.65,156000,股
2026-08-14,3189,景碩科技,1.59,84000,股
2026-08-14,1303,南亞塑膠,1.56,341000,股
2026-08-14,3042,晶技,1.47,371000,股
2026-08-14,2345,智邦科技,1.37,27000,股
2026-08-14,8021,尖點,1.37,144000,股
2026-08-14,3363,上詮,1.33,103000,股
2026-08-14,2360,致茂電子,1.26,25000,股
2026-08-14,3693,營邦,1.11,94000,股
2026-08-14,6531,愛普科技,1.05,51000,股
2026-08-14,8210,勤誠興業,0.99,45000,股
2026-08-14,6274,台燿,0.88,24000,股
2026-08-14,8996,高力,0.79,28000,股
2026-08-14,3017,奇鋐科技,0.78,11000,股
2026-08-14,5269,祥碩科技,0.67,22000,股
2026-08-14,3711,日月光投控,0.47,35000,股
2026-08-14,6182,合晶,0.38,157000,股
2026-08-14,4583,台灣精銳,0.33,30000,股
2026-08-14,2368,金像電,0.31,14000,股
2026-08-14,2467,志聖工業,0.29,25000,股
2026-08-14,3131,弘塑科技,0.28,5000,股
2026-08-14,6526,達發,0.16,12000,股
2026-08-14,3665,貿聯-KY,0.15,3000,股
2026-08-14,1802,台玻,0.11,90000,股
2026-08-14,4749,新應材,0.09,5086,股
2026-08-14,3533,嘉澤端子,0.08,2000,股
2026-08-14,2881,富邦金,0.06,20000,股
2026-08-14,2882,國泰金,0.06,25000,股
2026-08-14,6213,聯茂,0.06,6000,股
2026-08-14,2317,鴻海,0.05,9000,股
2026-08-14,2382,廣達,0.04,6000,股
2026-08-14,2449,京元電,0.03,6300,股
2026-08-14,C_NTD,CASH,,168851557,元
2026-08-14,M_NTD,MARGIN,,59451074,元
2026-08-14,RDI_NTD,RECEIVABLES FOR DISPOSAL OF INVESTMENTS,,-3147125,元
2026-08-17,2330,台積電,9.45,179000,股
2026-08-17,2454,聯發科,7.22,81000,股
2026-08-17,2383,台光電子,7.12,51000,股
2026-08-17,4958,臻鼎-KY,6.22,562000,股
2026-08-17,2327,國巨,6.02,450000,股
2026-08-17,2308,台達電,4.77,115000,股
2026-08-17,2472,立隆電子,3.36,633000,股
2026-08-17,3443,創意電子,3.35,26000,股
2026-08-17,6831,邁科,3.07,203000,股
2026-08-17,2344,華邦電,3.03,758000,股
2026-08-17,3037,欣興電子,2.98,121000,股
2026-08-17,8046,南電,2.71,95000,股
2026-08-17,6223,旺矽,2.42,19000,股
2026-08-17,3653,健策,2.35,20000,股
2026-08-17,6278,台表科,2.34,608000,股
2026-08-17,202609MTX,小型臺指期貨,2.28,-45,口
2026-08-17,2408,南科,2.28,198000,股
2026-08-17,6239,力成,2.02,331000,股
2026-08-17,3189,景碩科技,1.67,84000,股
2026-08-17,3661,世芯-KY,1.61,18000,股
2026-08-17,3042,晶技,1.6,371000,股
2026-08-17,6415,矽力-KY,1.56,156000,股
2026-08-17,1303,南亞塑膠,1.5,341000,股
2026-08-17,3363,上詮,1.41,103000,股
2026-08-17,2345,智邦科技,1.36,27000,股
2026-08-17,8021,尖點,1.36,144000,股
2026-08-17,2360,致茂電子,1.3,25000,股
2026-08-17,6770,力積電,1.23,747000,股
2026-08-17,3693,營邦,1.09,94000,股
2026-08-17,8210,勤誠興業,1.0,45000,股
2026-08-17,6531,愛普科技,0.98,51000,股
2026-08-17,6274,台燿,0.84,24000,股
2026-08-17,3017,奇鋐科技,0.76,11000,股
2026-08-17,8996,高力,0.75,28000,股
2026-08-17,5269,祥碩科技,0.67,22000,股
2026-08-17,3711,日月光投控,0.47,35000,股
2026-08-17,6182,合晶,0.42,157000,股
2026-08-17,4583,台灣精銳,0.33,30000,股
2026-08-17,2467,志聖工業,0.32,25000,股
2026-08-17,2368,金像電,0.31,14000,股
2026-08-17,3131,弘塑科技,0.28,5000,股
2026-08-17,6526,達發,0.16,12000,股
2026-08-17,3665,貿聯-KY,0.14,3000,股
2026-08-17,1802,台玻,0.12,90000,股
2026-08-17,4749,新應材,0.09,5086,股
2026-08-17,3533,嘉澤端子,0.07,2000,股
2026-08-17,6213,聯茂,0.06,6000,股
2026-08-17,2317,鴻海,0.05,9000,股
2026-08-17,2881,富邦金,0.05,20000,股
2026-08-17,2882,國泰金,0.05,25000,股
2026-08-17,2382,廣達,0.04,6000,股
2026-08-17,2449,京元電,0.03,6300,股
2026-08-17,C_NTD,CASH,,157185159,元
2026-08-17,M_NTD,MARGIN,,59316074,元
2026-08-17,RDI_NTD,RECEIVABLES FOR DISPOSAL OF INVESTMENTS,,108248811,元
2026-08-18,2330,台積電,9.79,179000,股
2026-08-18,2383,台光電子,7.27,51000,股
2026-08-18,2454,聯發科,7.23,81000,股
2026-08-18,4958,臻鼎-KY,6.12,562000,股
2026-08-18,2327,國巨,5.96,450000,股
2026-08-18,2308,台達電,4.81,115000,股
2026-08-18,2472,立隆電子,3.33,633000,股
2026-08-18,3443,創意電子,3.31,26000,股
2026-08-18,8046,南電,2.72,95000,股
2026-08-18,3037,欣興電子,2.58,98000,股
2026-08-18,2344,華邦電,2.51,619000,股
2026-08-18,6278,台表科,2.4,608000,股
2026-08-18,6831,邁科,2.39,159000,股
2026-08-18,3653,健策,2.37,20000,股
2026-08-18,202609MTX,小型臺指期貨,2.34,-45,口
2026-08-18,2408,南科,2.34,198000,股
2026-08-18,6223,旺矽,2.3,19000,股
2026-08-18,6239,力成,2.02,331000,股
2026-08-18,3189,景碩科技,1.67,84000,股
2026-08-18,6415,矽力-KY,1.6,156000,股
2026-08-18,1303,南亞塑膠,1.57,341000,股
2026-08-18,3661,世芯-KY,1.54,18000,股
2026-08-18,3042,晶技,1.52,371000,股
2026-08-18,3363,上詮,1.39,103000,股
2026-08-18,2345,智邦科技,1.38,27000,股
2026-08-18,8021,尖點,1.35,144000,股
2026-08-18,2360,致茂電子,1.32,25000,股
2026-08-18,3693,營邦,1.13,94000,股
2026-08-18,8210,勤誠興業,1.06,45000,股
2026-08-18,6274,台燿,0.85,24000,股
2026-08-18,3017,奇鋐科技,0.77,11000,股
2026-08-18,8996,高力,0.76,28000,股
2026-08-18,5269,祥碩科技,0.69,22000,股
2026-08-18,6770,力積電,0.66,409000,股
2026-08-18,3711,日月光投控,0.48,35000,股
2026-08-18,6531,愛普科技,0.44,22000,股
2026-08-18,6182,合晶,0.43,157000,股
2026-08-18,2368,金像電,0.34,14000,股
2026-08-18,4583,台灣精銳,0.33,30000,股
2026-08-18,2467,志聖工業,0.32,25000,股
2026-08-18,3131,弘塑科技,0.29,5000,股
2026-08-18,6526,達發,0.16,12000,股
2026-08-18,3665,貿聯-KY,0.15,3000,股
2026-08-18,1802,台玻,0.12,90000,股
2026-08-18,4749,新應材,0.09,5086,股
2026-08-18,3533,嘉澤端子,0.08,2000,股
2026-08-18,6213,聯茂,0.07,6000,股
2026-08-18,2881,富邦金,0.06,20000,股
2026-08-18,2882,國泰金,0.06,25000,股
2026-08-18,2317,鴻海,0.05,9000,股
2026-08-18,2382,廣達,0.05,6000,股
2026-08-18,2449,京元電,0.03,6300,股
2026-08-18,C_NTD,CASH,,144840367,元
2026-08-18,M_NTD,MARGIN,,61197074,元
2026-08-18,RDI_NTD,RECEIVABLES FOR DISPOSAL OF INVESTMENTS,,228780448,元
2026-08-19,2330,台積電,9.93,179000,股
2026-08-19,2454,聯發科,7.35,81000,股
2026-08-19,2383,台光電子,7.08,51000,股
2026-08-19,2327,國巨,6.12,450000,股
2026-08-19,4958,臻鼎-KY,6.06,562000,股
2026-08-19,2308,台達電,4.79,115000,股
2026-08-19,2472,立隆電子,3.5,633000,股
2026-08-19,3443,創意電子,2.75,22000,股
2026-08-19,8046,南電,2.65,95000,股
2026-08-19,3037,欣興電子,2.61,98000,股
2026-08-19,3653,健策,2.58,20000,股
2026-08-19,6278,台表科,2.5,608000,股
2026-08-19,202609MTX,小型臺指期貨,2.36,-45,口
2026-08-19,6223,旺矽,2.35,19000,股
2026-08-19,6831,邁科,2.25,159000,股
2026-08-19,2344,華邦電,2.13,537000,股
2026-08-19,6239,力成,2.05,331000,股
2026-08-19,2408,南科,1.93,170000,股
2026-08-19,3189,景碩科技,1.68,84000,股
2026-08-19,3042,晶技,1.63,371000,股
2026-08-19,6415,矽力-KY,1.62,156000,股
2026-08-19,3661,世芯-KY,1.54,18000,股
2026-08-19,1303,南亞塑膠,1.51,341000,股
2026-08-19,3363,上詮,1.42,103000,股
2026-08-19,2345,智邦科技,1.35,27000,股
2026-08-19,8021,尖點,1.34,144000,股
2026-08-19,2360,致茂電子,1.25,25000,股
2026-08-19,8996,高力,1.21,45000,股
2026-08-19,3693,營邦,1.13,94000,股
2026-08-19,8210,勤誠興業,1.05,45000,股
2026-08-19,6274,台燿,0.85,24000,股
2026-08-19,3017,奇鋐科技,0.8,11000,股
2026-08-19,5269,祥碩科技,0.76,22000,股
2026-08-19,6770,力積電,0.64,409000,股
2026-08-19,3711,日月光投控,0.49,35000,股
2026-08-19,6531,愛普科技,0.43,22000,股
2026-08-19,6182,合晶,0.41,157000,股
2026-08-19,2368,金像電,0.34,14000,股
2026-08-19,4583,台灣精銳,0.34,30000,股
2026-08-19,2467,志聖工業,0.32,25000,股
2026-08-19,3131,弘塑科技,0.28,5000,股
2026-08-19,3665,貿聯-KY,0.16,3000,股
2026-08-19,6526,達發,0.16,12000,股
2026-08-19,1802,台玻,0.12,90000,股
2026-08-19,4749,新應材,0.09,5086,股
2026-08-19,3533,嘉澤端子,0.08,2000,股
2026-08-19,6213,聯茂,0.07,6000,股
2026-08-19,2881,富邦金,0.06,20000,股
2026-08-19,2882,國泰金,0.06,25000,股
2026-08-19,2317,鴻海,0.05,9000,股
2026-08-19,2382,廣達,0.05,6000,股
2026-08-19,2449,京元電,0.04,6300,股
2026-08-19,C_NTD,CASH,,208723580,元
2026-08-19,M_NTD,MARGIN,,62711324,元
2026-08-19,RDI_NTD,RECEIVABLES FOR DISPOSAL OF INVESTMENTS,,158092974,元
2026-08-20,2330,台積電,9.96,179000,股
2026-08-20,2383,台光電子,7.15,51000,股
2026-08-20,2454,聯發科,6.5,75000,股
2026-08-20,4958,臻鼎-KY,6.09,562000,股
2026-08-20,2327,國巨,5.92,450000,股
2026-08-20,2308,台達電,4.7,115000,股
2026-08-20,2472,立隆電子,3.31,633000,股
2026-08-20,3443,創意電子,2.9,22000,股
2026-08-20,8046,南電,2.66,95000,股
2026-08-20,3037,欣興電子,2.62,98000,股
2026-08-20,3653,健策,2.62,20000,股
2026-08-20,6278,台表科,2.56,608000,股
2026-08-20,6223,旺矽,2.51,19000,股
2026-08-20,202609MTX,小型臺指期貨,2.37,-45,口
2026-08-20,2344,華邦電,2.22,537000,股
2026-08-20,6239,力成,2.08,331000,股
2026-08-20,2408,南科,2.06,170000,股
2026-08-20,6831,邁科,1.69,120000,股
2026-08-20,3189,景碩科技,1.67,84000,股
2026-08-20,3042,晶技,1.64,371000,股
2026-08-20,6415,矽力-KY,1.64,156000,股
2026-08-20,3661,世芯-KY,1.58,18000,股
2026-08-20,1303,南亞塑膠,1.49,341000,股
2026-08-20,3363,上詮,1.47,103000,股
2026-08-20,8021,尖點,1.38,144000,股
2026-08-20,2345,智邦科技,1.33,27000,股
2026-08-20,2360,致茂電子,1.25,25000,股
2026-08-20,8996,高力,1.2,45000,股
2026-08-20,3693,營邦,1.14,94000,股
2026-08-20,8210,勤誠興業,1.02,45000,股
2026-08-20,6274,台燿,0.89,24000,股
2026-08-20,3017,奇鋐科技,0.77,11000,股
2026-08-20,5269,祥碩科技,0.73,22000,股
2026-08-20,3711,日月光投控,0.48,35000,股
2026-08-20,6182,合晶,0.4,157000,股
2026-08-20,2368,金像電,0.34,14000,股
2026-08-20,4583,台灣精銳,0.34,30000,股
2026-08-20,2467,志聖工業,0.33,25000,股
2026-08-20,3131,弘塑科技,0.27,5000,股
2026-08-20,6770,力積電,0.2,127000,股
2026-08-20,3665,貿聯-KY,0.16,3000,股
2026-08-20,6526,達發,0.16,12000,股
2026-08-20,1802,台玻,0.12,90000,股
2026-08-20,6531,愛普科技,0.1,5000,股
2026-08-20,4749,新應材,0.09,5086,股
2026-08-20,3533,嘉澤端子,0.08,2000,股
2026-08-20,6213,聯茂,0.07,6000,股
2026-08-20,2881,富邦金,0.06,20000,股
2026-08-20,2882,國泰金,0.06,25000,股
2026-08-20,2317,鴻海,0.05,9000,股
2026-08-20,2382,廣達,0.05,6000,股
2026-08-20,2449,京元電,0.04,6300,股
2026-08-20,C_NTD,CASH,,323402230,元
2026-08-20,M_NTD,MARGIN,,61804574,元
2026-08-20,RDI_NTD,RECEIVABLES FOR DISPOSAL OF INVESTMENTS,,107869464,元
2026-08-21,2330,台積電,10.25,179000,股
2026-08-21,2383,台光電子,6.88,51000,股
2026-08-21,2454,聯發科,6.75,75000,股
2026-08-21,2327,國巨,5.92,450000,股
2026-08-21,4958,臻鼎-KY,5.89,562000,股
2026-08-21,2308,台達電,4.78,115000,股
2026-08-21,2472,立隆電子,3.28,633000,股
2026-08-21,3443,創意電子,2.93,22000,股
2026-08-21,6278,台表科,2.7,608000,股
2026-08-21,3653,健策,2.56,20000,股
2026-08-21,8046,南電,2.56,95000,股
2026-08-21,3037,欣興電子,2.53,98000,股
2026-08-21,6223,旺矽,2.47,19000,股
2026-08-21,202609MTX,小型臺指期貨,2.41,-45,口
2026-08-21,2344,華邦電,2.31,537000,股
2026-08-21,2408,南科,2.13,170000,股
2026-08-21,6239,力成,2.1,331000,股
2026-08-21,3042,晶技,1.67,371000,股
2026-08-21,6415,矽力-KY,1.65,156000,股
2026-08-21,6831,邁科,1.64,120000,股
2026-08-21,3189,景碩科技,1.62,84000,股
2026-08-21,3661,世芯-KY,1.58,18000,股
2026-08-21,1303,南亞塑膠,1.56,341000,股
2026-08-21,3363,上詮,1.47,103000,股
2026-08-21,8021,尖點,1.36,144000,股
2026-08-21,2345,智邦科技,1.3,27000,股
2026-08-21,2360,致茂電子,1.25,25000,股
2026-08-21,8996,高力,1.16,45000,股
2026-08-21,3693,營邦,1.15,94000,股
2026-08-21,8210,勤誠興業,1.01,45000,股
2026-08-21,6274,台燿,0.85,24000,股
2026-08-21,3017,奇鋐科技,0.75,11000,股
2026-08-21,5269,祥碩科技,0.74,22000,股
2026-08-21,3711,日月光投控,0.49,35000,股
2026-08-21,6182,合晶,0.4,157000,股
2026-08-21,4583,台灣精銳,0.34,30000,股
2026-08-21,2467,志聖工業,0.33,25000,股
2026-08-21,2368,金像電,0.32,14000,股
2026-08-21,3131,弘塑科技,0.27,5000,股
2026-08-21,6770,力積電,0.21,127000,股
2026-08-21,3665,貿聯-KY,0.16,3000,股
2026-08-21,6526,達發,0.16,12000,股
2026-08-21,1802,台玻,0.12,90000,股
2026-08-21,6531,愛普科技,0.1,5000,股
2026-08-21,4749,新應材,0.09,5086,股
2026-08-21,3533,嘉澤端子,0.08,2000,股
2026-08-21,6213,聯茂,0.07,6000,股
2026-08-21,2881,富邦金,0.06,20000,股
2026-08-21,2882,國泰金,0.06,25000,股
2026-08-21,2317,鴻海,0.05,9000,股
2026-08-21,2382,廣達,0.05,6000,股
2026-08-21,2449,京元電,0.03,6300,股
2026-08-21,C_NTD,CASH,,273743628,元
2026-08-21,M_NTD,MARGIN,,91275824,元
2026-08-21,RDI_NTD,RECEIVABLES FOR DISPOSAL OF INVESTMENTS,,78827400,元
2026-08-24,2330,台積電,10.26,179000,股
2026-08-24,2454,聯發科,6.81,75000,股
2026-08-24,2383,台光電子,6.68,51000,股
2026-08-24,2327,國巨,5.98,450000,股
2026-08-24,4958,臻鼎-KY,5.91,562000,股
2026-08-24,2308,台達電,4.82,115000,股
2026-08-24,2472,立隆電子,3.36,633000,股
2026-08-24,3443,創意電子,2.85,22000,股
2026-08-24,6278,台表科,2.63,608000,股
2026-08-24,8046,南電,2.6,95000,股
2026-08-24,6223,旺矽,2.55,19000,股
2026-08-24,3037,欣興電子,2.54,98000,股
2026-08-24,3653,健策,2.49,20000,股
2026-08-24,202609MTX,小型臺指期貨,2.43,-45,口
2026-08-24,2344,華邦電,2.29,537000,股
2026-08-24,6239,力成,2.15,331000,股
2026-08-24,2408,南科,2.06,170000,股
2026-08-24,6415,矽力-KY,1.69,156000,股
2026-08-24,3661,世芯-KY,1.62,18000,股
2026-08-24,3189,景碩科技,1.61,84000,股
2026-08-24,3042,晶技,1.59,371000,股
2026-08-24,6831,邁科,1.59,120000,股
2026-08-24,8996,高力,1.55,56000,股
2026-08-24,1303,南亞塑膠,1.48,341000,股
2026-08-24,3363,上詮,1.41,103000,股
2026-08-24,2345,智邦科技,1.35,27000,股
2026-08-24,8021,尖點,1.35,144000,股
2026-08-24,2360,致茂電子,1.25,25000,股
2026-08-24,3693,營邦,1.21,94000,股
2026-08-24,8210,勤誠興業,1.05,45000,股
2026-08-24,6274,台燿,0.84,24000,股
2026-08-24,3017,奇鋐科技,0.76,11000,股
2026-08-24,5269,祥碩科技,0.74,22000,股
2026-08-24,3711,日月光投控,0.5,35000,股
2026-08-24,7751,竑騰,0.44,11000,股
2026-08-24,6182,合晶,0.42,157000,股
2026-08-24,4583,台灣精銳,0.34,30000,股
2026-08-24,2368,金像電,0.32,14000,股
2026-08-24,2467,志聖工業,0.32,25000,股
2026-08-24,3131,弘塑科技,0.28,5000,股
2026-08-24,6830,汎銓,0.27,25000,股
2026-08-24,6770,力積電,0.22,127000,股
2026-08-24,6526,達發,0.17,12000,股
2026-08-24,3665,貿聯-KY,0.15,3000,股
2026-08-24,1802,台玻,0.12,90000,股
2026-08-24,6531,愛普科技,0.1,5000,股
2026-08-24,4749,新應材,0.09,5086,股
2026-08-24,3533,嘉澤端子,0.08,2000,股
2026-08-24,6213,聯茂,0.07,6000,股
2026-08-24,2881,富邦金,0.06,20000,股
2026-08-24,2882,國泰金,0.06,25000,股
2026-08-24,2317,鴻海,0.05,9000,股
2026-08-24,2382,廣達,0.05,6000,股
2026-08-24,2449,京元電,0.04,6300,股
2026-08-24,C_NTD,CASH,,325297512,元
2026-08-24,M_NTD,MARGIN,,92171324,元
2026-08-24,RDI_NTD,RECEIVABLES FOR DISPOSAL OF INVESTMENTS,,-43210658,元
2026-08-25,2330,台積電,10.26,179000,股
2026-08-25,2383,台光電子,6.82,51000,股
2026-08-25,2454,聯發科,6.69,75000,股
2026-08-25,4958,臻鼎-KY,5.96,562000,股
2026-08-25,2327,國巨,5.3,408000,股
2026-08-25,2308,台達電,4.7,115000,股
2026-08-25,3443,創意電子,2.93,22000,股
2026-08-25,2472,立隆電子,2.75,528000,股
2026-08-25,6278,台表科,2.64,608000,股
2026-08-25,8046,南電,2.63,95000,股
2026-08-25,3037,欣興電子,2.56,98000,股
2026-08-25,6223,旺矽,2.54,19000,股
2026-08-25,3653,健策,2.49,20000,股
2026-08-25,202609MTX,小型臺指期貨,2.42,-45,口
2026-08-25,6239,力成,2.16,331000,股
2026-08-25,8996,高力,1.92,66000,股
2026-08-25,2344,華邦電,1.74,407000,股
2026-08-25,3189,景碩科技,1.68,84000,股
2026-08-25,6415,矽力-KY,1.68,156000,股
2026-08-25,3661,世芯-KY,1.66,18000,股
2026-08-25,3042,晶技,1.64,371000,股
2026-08-25,6831,邁科,1.61,120000,股
2026-08-25,1303,南亞塑膠,1.54,341000,股
2026-08-25,3363,上詮,1.54,103000,股
2026-08-25,2408,南科,1.51,124000,股
2026-08-25,8021,尖點,1.39,144000,股
2026-08-25,2345,智邦科技,1.31,27000,股
2026-08-25,3693,營邦,1.24,94000,股
2026-08-25,2360,致茂電子,1.17,25000,股
2026-08-25,8210,勤誠興業,1.04,45000,股
2026-08-25,7751,竑騰,0.95,22000,股
2026-08-25,6274,台燿,0.85,24000,股
2026-08-25,3017,奇鋐科技,0.77,11000,股
2026-08-25,5269,祥碩科技,0.74,22000,股
2026-08-25,6830,汎銓,0.52,44000,股
2026-08-25,3711,日月光投控,0.49,35000,股
2026-08-25,6182,合晶,0.41,157000,股
2026-08-25,4583,台灣精銳,0.33,30000,股
2026-08-25,2368,金像電,0.32,14000,股
2026-08-25,2467,志聖工業,0.32,25000,股
2026-08-25,3131,弘塑科技,0.27,5000,股
2026-08-25,6770,力積電,0.21,127000,股
2026-08-25,6526,達發,0.17,12000,股
2026-08-25,3665,貿聯-KY,0.15,3000,股
2026-08-25,1802,台玻,0.12,90000,股
2026-08-25,6531,愛普科技,0.1,5000,股
2026-08-25,4749,新應材,0.09,5086,股
2026-08-25,3533,嘉澤端子,0.08,2000,股
2026-08-25,6213,聯茂,0.08,6000,股
2026-08-25,2881,富邦金,0.07,20000,股
2026-08-25,2882,國泰金,0.06,25000,股
2026-08-25,2317,鴻海,0.05,9000,股
2026-08-25,2382,廣達,0.05,6000,股
2026-08-25,2449,京元電,0.04,6300,股
2026-08-25,C_NTD,CASH,,326449613,元
2026-08-25,M_NTD,MARGIN,,91514324,元
2026-08-25,RDI_NTD,RECEIVABLES FOR DISPOSAL OF INVESTMENTS,,4992809,元
2026-08-26,2330,台積電,10.07,179000,股
2026-08-26,2383,台光電子,7.0,51000,股
2026-08-26,2454,聯發科,6.89,75000,股
2026-08-26,4958,臻鼎-KY,5.93,562000,股
2026-08-26,2327,國巨,5.1,408000,股
2026-08-26,2308,台達電,4.69,115000,股
2026-08-26,3443,創意電子,3.14,22000,股
2026-08-26,6278,台表科,3.09,665000,股
2026-08-26,2472,立隆電子,2.69,528000,股
2026-08-26,3653,健策,2.67,20000,股
2026-08-26,3037,欣興電子,2.65,98000,股
2026-08-26,8046,南電,2.61,95000,股
2026-08-26,202609MTX,小型臺指期貨,2.41,-45,口
2026-08-26,6223,旺矽,2.23,19000,股
2026-08-26,6239,力成,2.21,331000,股
2026-08-26,8996,高力,2.09,75000,股
2026-08-26,6831,邁科,2.07,154000,股
2026-08-26,2344,華邦電,1.72,407000,股
2026-08-26,3189,景碩科技,1.72,84000,股
2026-08-26,6415,矽力-KY,1.7,156000,股
2026-08-26,3661,世芯-KY,1.66,18000,股
2026-08-26,1303,南亞塑膠,1.64,341000,股
2026-08-26,3042,晶技,1.6,371000,股
2026-08-26,3363,上詮,1.56,103000,股
2026-08-26,2408,南科,1.49,124000,股
2026-08-26,8210,勤誠興業,1.48,65000,股
2026-08-26,3017,奇鋐科技,1.47,20000,股
2026-08-26,8021,尖點,1.4,144000,股
2026-08-26,7751,竑騰,1.39,33000,股
2026-08-26,6274,台燿,1.32,37000,股
2026-08-26,2345,智邦科技,1.29,27000,股
2026-08-26,3693,營邦,1.22,94000,股
2026-08-26,2360,致茂電子,1.15,25000,股
2026-08-26,6830,汎銓,0.82,67000,股
2026-08-26,5269,祥碩科技,0.75,22000,股
2026-08-26,3711,日月光投控,0.48,35000,股
2026-08-26,6182,合晶,0.39,157000,股
2026-08-26,2368,金像電,0.34,14000,股
2026-08-26,2467,志聖工業,0.33,25000,股
2026-08-26,4583,台灣精銳,0.32,30000,股
2026-08-26,3131,弘塑科技,0.29,5000,股
2026-08-26,6770,力積電,0.21,127000,股
2026-08-26,6526,達發,0.17,12000,股
2026-08-26,3665,貿聯-KY,0.14,3000,股
2026-08-26,1802,台玻,0.13,90000,股
2026-08-26,6531,愛普科技,0.11,5000,股
2026-08-26,4749,新應材,0.09,5086,股
2026-08-26,3533,嘉澤端子,0.08,2000,股
2026-08-26,6213,聯茂,0.08,6000,股
2026-08-26,2881,富邦金,0.06,20000,股
2026-08-26,2882,國泰金,0.06,25000,股
2026-08-26,2317,鴻海,0.05,9000,股
2026-08-26,2382,廣達,0.05,6000,股
2026-08-26,2449,京元電,0.04,6300,股
2026-08-26,C_NTD,CASH,,276451369,元
2026-08-26,M_NTD,MARGIN,,89329574,元
2026-08-26,RDI_NTD,RECEIVABLES FOR DISPOSAL OF INVESTMENTS,,-93213296,元
2026-08-27,2330,台積電,9.99,179000,股
2026-08-27,2383,台光電子,6.5,51000,股
2026-08-27,4958,臻鼎-KY,6.21,562000,股
2026-08-27,2454,聯發科,6.18,69000,股
2026-08-27,2327,國巨,5.25,408000,股
2026-08-27,2308,台達電,4.72,115000,股
2026-08-27,6278,台表科,3.17,665000,股
2026-08-27,3037,欣興電子,3.14,115000,股
2026-08-27,3443,創意電子,3.02,22000,股
2026-08-27,8046,南電,2.85,95000,股
2026-08-27,2472,立隆電子,2.8,528000,股
2026-08-27,3653,健策,2.62,20000,股
2026-08-27,8996,高力,2.52,83000,股
2026-08-27,202609MTX,小型臺指期貨,2.4,-45,口
2026-08-27,6831,邁科,2.35,171000,股
2026-08-27,3189,景碩科技,2.24,106000,股
2026-08-27,6223,旺矽,2.24,19000,股
2026-08-27,6239,力成,2.12,331000,股
2026-08-27,3017,奇鋐科技,2.01,26000,股
2026-08-27,1303,南亞塑膠,1.8,341000,股
2026-08-27,2344,華邦電,1.75,407000,股
2026-08-27,7751,竑騰,1.75,38000,股
2026-08-27,6415,矽力-KY,1.7,156000,股
2026-08-27,3363,上詮,1.68,103000,股
2026-08-27,3042,晶技,1.65,371000,股
2026-08-27,3661,世芯-KY,1.61,18000,股
2026-08-27,2408,南科,1.55,124000,股
2026-08-27,8210,勤誠興業,1.45,65000,股
2026-08-27,8021,尖點,1.41,144000,股
2026-08-27,2345,智邦科技,1.31,27000,股
2026-08-27,6274,台燿,1.24,37000,股
2026-08-27,3693,營邦,1.21,94000,股
2026-08-27,2360,致茂電子,1.15,25000,股
2026-08-27,6830,汎銓,0.82,67000,股
2026-08-27,5269,祥碩科技,0.75,22000,股
2026-08-27,3711,日月光投控,0.49,35000,股
2026-08-27,6182,合晶,0.39,157000,股
2026-08-27,2467,志聖工業,0.34,25000,股
2026-08-27,2368,金像電,0.33,14000,股
2026-08-27,4583,台灣精銳,0.33,30000,股
2026-08-27,3131,弘塑科技,0.29,5000,股
2026-08-27,6770,力積電,0.2,127000,股
2026-08-27,6526,達發,0.17,12000,股
2026-08-27,3665,貿聯-KY,0.14,3000,股
2026-08-27,1802,台玻,0.12,90000,股
2026-08-27,6531,愛普科技,0.11,5000,股
2026-08-27,4749,新應材,0.09,5086,股
2026-08-27,6213,聯茂,0.08,6000,股
2026-08-27,2881,富邦金,0.07,20000,股
2026-08-27,3533,嘉澤端子,0.07,2000,股
2026-08-27,2882,國泰金,0.06,25000,股
2026-08-27,2317,鴻海,0.05,9000,股
2026-08-27,2382,廣達,0.05,6000,股
2026-08-27,2449,京元電,0.04,6300,股
2026-08-27,C_NTD,CASH,,332324887,元
2026-08-27,M_NTD,MARGIN,,89192324,元
2026-08-27,RDI_NTD,RECEIVABLES FOR DISPOSAL OF INVESTMENTS,,-209252589,元
2026-08-28,2330,台積電,10.01,179000,股
2026-08-28,2383,台光電子,6.47,51000,股
2026-08-28,2454,聯發科,6.35,69000,股
2026-08-28,4958,臻鼎-KY,6.24,562000,股
2026-08-28,2327,國巨,5.63,408000,股
2026-08-28,2308,台達電,4.86,115000,股
2026-08-28,6278,台表科,3.09,665000,股
2026-08-28,3443,創意電子,3.06,22000,股
2026-08-28,3037,欣興電子,2.95,115000,股
2026-08-28,2472,立隆電子,2.84,528000,股
2026-08-28,8046,南電,2.72,95000,股
2026-08-28,3653,健策,2.67,20000,股
2026-08-28,6831,邁科,2.45,171000,股
2026-08-28,8996,高力,2.43,83000,股
2026-08-28,202609MTX,小型臺指期貨,2.41,-45,口
2026-08-28,6223,旺矽,2.21,19000,股
2026-08-28,3189,景碩科技,2.2,106000,股
2026-08-28,6239,力成,2.19,331000,股
2026-08-28,3017,奇鋐科技,2.02,26000,股
2026-08-28,1303,南亞塑膠,1.74,341000,股
2026-08-28,2344,華邦電,1.71,407000,股
2026-08-28,3661,世芯-KY,1.69,18000,股
2026-08-28,3363,上詮,1.67,103000,股
2026-08-28,6415,矽力-KY,1.65,156000,股
2026-08-28,3042,晶技,1.62,371000,股
2026-08-28,7751,竑騰,1.57,38000,股
2026-08-28,2408,南科,1.55,124000,股
2026-08-28,8021,尖點,1.51,144000,股
2026-08-28,8210,勤誠興業,1.49,65000,股
2026-08-28,2345,智邦科技,1.32,27000,股
2026-08-28,3693,營邦,1.27,94000,股
2026-08-28,6274,台燿,1.27,37000,股
2026-08-28,2360,致茂電子,1.16,25000,股
2026-08-28,6830,汎銓,0.81,67000,股
2026-08-28,5269,祥碩科技,0.74,22000,股
2026-08-28,3711,日月光投控,0.5,35000,股
2026-08-28,6182,合晶,0.4,157000,股
2026-08-28,2368,金像電,0.36,14000,股
2026-08-28,2467,志聖工業,0.35,25000,股
2026-08-28,4583,台灣精銳,0.32,30000,股
2026-08-28,3131,弘塑科技,0.29,5000,股
2026-08-28,6770,力積電,0.2,127000,股
2026-08-28,6526,達發,0.17,12000,股
2026-08-28,3665,貿聯-KY,0.16,3000,股
2026-08-28,1802,台玻,0.13,90000,股
2026-08-28,6531,愛普科技,0.1,5000,股
2026-08-28,4749,新應材,0.09,5086,股
2026-08-28,3533,嘉澤端子,0.08,2000,股
2026-08-28,6213,聯茂,0.08,6000,股
2026-08-28,2881,富邦金,0.07,20000,股
2026-08-28,2882,國泰金,0.06,25000,股
2026-08-28,2317,鴻海,0.05,9000,股
2026-08-28,2382,廣達,0.05,6000,股
2026-08-28,2449,京元電,0.04,6300,股
2026-08-28,C_NTD,CASH,,184231696,元
2026-08-28,M_NTD,MARGIN,,88533074,元
2026-08-28,RDI_NTD,RECEIVABLES FOR DISPOSAL OF INVESTMENTS,,-67835826,元
2026-08-31,2330,台積電,10.37,179000,股
2026-08-31,4958,臻鼎-KY,6.77,562000,股
2026-08-31,2383,台光電子,6.74,51000,股
2026-08-31,2454,聯發科,5.96,63000,股
2026-08-31,2308,台達電,5.1,115000,股
2026-08-31,2327,國巨,4.83,368000,股
2026-08-31,3443,創意電子,3.23,22000,股
2026-08-31,6278,台表科,3.2,665000,股
2026-08-31,3653,健策,2.89,20000,股
2026-08-31,8046,南電,2.82,95000,股
2026-08-31,3037,欣興電子,2.77,115000,股
2026-08-31,6831,邁科,2.55,171000,股
2026-08-31,202609MTX,小型臺指期貨,2.49,-45,口
2026-08-31,6223,旺矽,2.35,19000,股
2026-08-31,8996,高力,2.35,83000,股
2026-08-31,2472,立隆電子,2.29,425000,股
2026-08-31,6239,力成,2.21,331000,股
2026-08-31,3017,奇鋐科技,2.15,26000,股
2026-08-31,3189,景碩科技,2.09,106000,股
2026-08-31,3363,上詮,1.85,103000,股
2026-08-31,2344,華邦電,1.79,407000,股
2026-08-31,3661,世芯-KY,1.77,18000,股
2026-08-31,3042,晶技,1.66,371000,股
2026-08-31,2408,南科,1.62,124000,股
2026-08-31,6415,矽力-KY,1.55,156000,股
2026-08-31,8210,勤誠興業,1.52,65000,股
2026-08-31,8021,尖點,1.51,144000,股
2026-08-31,7751,竑騰,1.48,38000,股
2026-08-31,3693,營邦,1.37,94000,股
2026-08-31,2345,智邦科技,1.32,27000,股
2026-08-31,6274,台燿,1.28,37000,股
2026-08-31,2360,致茂電子,1.18,25000,股
2026-08-31,1303,南亞塑膠,0.85,145000,股
2026-08-31,6830,汎銓,0.84,67000,股
2026-08-31,5269,祥碩科技,0.76,22000,股
2026-08-31,6182,合晶,0.4,157000,股
2026-08-31,2368,金像電,0.39,14000,股
2026-08-31,2467,志聖工業,0.37,25000,股
2026-08-31,4583,台灣精銳,0.33,30000,股
2026-08-31,3131,弘塑科技,0.29,5000,股
2026-08-31,6770,力積電,0.22,127000,股
2026-08-31,6526,達發,0.18,12000,股
2026-08-31,3665,貿聯-KY,0.16,3000,股
2026-08-31,1802,台玻,0.13,90000,股
2026-08-31,6531,愛普科技,0.11,5000,股
2026-08-31,4749,新應材,0.09,5086,股
2026-08-31,3533,嘉澤端子,0.08,2000,股
2026-08-31,6213,聯茂,0.08,6000,股
2026-08-31,2881,富邦金,0.07,20000,股
2026-08-31,2882,國泰金,0.07,25000,股
2026-08-31,3711,日月光投控,0.07,5000,股
2026-08-31,2317,鴻海,0.05,9000,股
2026-08-31,2382,廣達,0.05,6000,股
2026-08-31,2449,京元電,0.04,6300,股
2026-08-31,C_NTD,CASH,,102578792,元
2026-08-31,M_NTD,MARGIN,,89395271,元
2026-08-31,RDI_NTD,RECEIVABLES FOR DISPOSAL OF INVESTMENTS,,131162318,元
2026-09-01,2330,台積電,10.29,179000,股
2026-09-01,4958,臻鼎-KY,7.09,562000,股
2026-09-01,2383,台光電子,6.78,51000,股
2026-09-01,2454,聯發科,6.41,63000,股
2026-09-01,2308,台達電,5.05,115000,股
2026-09-01,2327,國巨,4.93,368000,股
2026-09-01,6278,台表科,3.13,665000,股
2026-09-01,3443,創意電子,3.11,22000,股
2026-09-01,3653,健策,2.77,20000,股
2026-09-01,8046,南電,2.74,95000,股
2026-09-01,3037,欣興電子,2.63,115000,股
2026-09-01,202609MTX,小型臺指期貨,2.5,-45,口
2026-09-01,6831,邁科,2.45,171000,股
2026-09-01,6223,旺矽,2.42,19000,股
2026-09-01,8996,高力,2.3,83000,股
2026-09-01,2472,立隆電子,2.24,425000,股
2026-09-01,6239,力成,2.22,331000,股
2026-09-01,3189,景碩科技,2.18,106000,股
2026-09-01,3017,奇鋐科技,2.09,26000,股
2026-09-01,3363,上詮,1.91,103000,股
2026-09-01,3661,世芯-KY,1.81,18000,股
2026-09-01,2344,華邦電,1.69,407000,股
2026-09-01,3042,晶技,1.59,371000,股
2026-09-01,6415,矽力-KY,1.54,156000,股
2026-09-01,8021,尖點,1.53,144000,股
2026-09-01,8210,勤誠興業,1.52,65000,股
2026-09-01,2408,南科,1.51,124000,股
2026-09-01,7751,竑騰,1.49,38000,股
2026-09-01,2345,智邦科技,1.4,27000,股
2026-09-01,3693,營邦,1.38,94000,股
2026-09-01,6274,台燿,1.26,37000,股
2026-09-01,2360,致茂電子,1.2,25000,股
2026-09-01,6830,汎銓,0.9,67000,股
2026-09-01,1303,南亞塑膠,0.8,145000,股
2026-09-01,5269,祥碩科技,0.76,22000,股
2026-09-01,2368,金像電,0.4,14000,股
2026-09-01,2467,志聖工業,0.37,25000,股
2026-09-01,4583,台灣精銳,0.33,30000,股
2026-09-01,3131,弘塑科技,0.29,5000,股
2026-09-01,6770,力積電,0.21,127000,股
2026-09-01,6526,達發,0.19,12000,股
2026-09-01,3665,貿聯-KY,0.16,3000,股
2026-09-01,1802,台玻,0.13,90000,股
2026-09-01,6531,愛普科技,0.11,5000,股
2026-09-01,4749,新應材,0.1,5086,股
2026-09-01,3533,嘉澤端子,0.08,2000,股
2026-09-01,6213,聯茂,0.08,6000,股
2026-09-01,2881,富邦金,0.07,20000,股
2026-09-01,2882,國泰金,0.07,25000,股
2026-09-01,3711,日月光投控,0.07,5000,股
2026-09-01,2317,鴻海,0.06,9000,股
2026-09-01,2382,廣達,0.05,6000,股
2026-09-01,2449,京元電,0.04,6300,股
2026-09-01,C_NTD,CASH,,74468944,元
2026-09-01,M_NTD,MARGIN,,86641271,元
2026-09-01,RDI_NTD,RECEIVABLES FOR DISPOSAL OF INVESTMENTS,,149120198,元
2026-09-02,2330,台積電,10.29,179000,股
2026-09-02,4958,臻鼎-KY,6.87,562000,股
2026-09-02,2383,台光電子,6.69,51000,股
2026-09-02,2454,聯發科,6.49,63000,股
2026-09-02,2308,台達電,4.8,115000,股
2026-09-02,2327,國巨,4.79,368000,股
2026-09-02,6278,台表科,3.2,665000,股
2026-09-02,3443,創意電子,3.13,22000,股
2026-09-02,3653,健策,2.78,20000,股
2026-09-02,8046,南電,2.75,95000,股
2026-09-02,3037,欣興電子,2.7,115000,股
2026-09-02,8996,高力,2.53,83000,股
2026-09-02,6831,邁科,2.51,171000,股
2026-09-02,202609MTX,小型臺指期貨,2.5,-45,口
2026-09-02,6223,旺矽,2.42,19000,股
2026-09-02,2472,立隆電子,2.22,425000,股
2026-09-02,6239,力成,2.22,331000,股
2026-09-02,3189,景碩科技,2.16,106000,股
2026-09-02,3017,奇鋐科技,2.07,26000,股
2026-09-02,3363,上詮,1.94,103000,股
2026-09-02,3661,世芯-KY,1.82,18000,股
2026-09-02,2344,華邦電,1.76,407000,股
2026-09-02,3042,晶技,1.61,371000,股
2026-09-02,6415,矽力-KY,1.6,156000,股
2026-09-02,8021,尖點,1.59,144000,股
2026-09-02,2408,南科,1.55,124000,股
2026-09-02,8210,勤誠興業,1.52,65000,股
2026-09-02,3693,營邦,1.45,94000,股
2026-09-02,7751,竑騰,1.42,38000,股
2026-09-02,2345,智邦科技,1.39,27000,股
2026-09-02,6274,台燿,1.26,37000,股
2026-09-02,2360,致茂電子,1.19,25000,股
2026-09-02,6830,汎銓,0.97,67000,股
2026-09-02,1303,南亞塑膠,0.83,145000,股
2026-09-02,5269,祥碩科技,0.77,22000,股
2026-09-02,2368,金像電,0.4,14000,股
2026-09-02,2467,志聖工業,0.37,25000,股
2026-09-02,4583,台灣精銳,0.35,30000,股
2026-09-02,3131,弘塑科技,0.29,5000,股
2026-09-02,6770,力積電,0.22,127000,股
2026-09-02,6526,達發,0.19,12000,股
2026-09-02,3665,貿聯-KY,0.16,3000,股
2026-09-02,1802,台玻,0.13,90000,股
2026-09-02,6531,愛普科技,0.11,5000,股
2026-09-02,4749,新應材,0.1,5086,股
2026-09-02,3533,嘉澤端子,0.08,2000,股
2026-09-02,6213,聯茂,0.08,6000,股
2026-09-02,2881,富邦金,0.07,20000,股
2026-09-02,2882,國泰金,0.07,25000,股
2026-09-02,3711,日月光投控,0.07,5000,股
2026-09-02,2317,鴻海,0.05,9000,股
2026-09-02,2382,廣達,0.05,6000,股
2026-09-02,2449,京元電,0.04,6300,股
2026-09-02,C_NTD,CASH,,184385199,元
2026-09-02,M_NTD,MARGIN,,88972271,元
2026-09-02,RDI_NTD,RECEIVABLES FOR DISPOSAL OF INVESTMENTS,,17957880,元
2026-09-03,2330,台積電,10.67,179000,股
2026-09-03,2454,聯發科,6.82,63000,股
2026-09-03,2383,台光電子,6.73,51000,股
2026-09-03,4958,臻鼎-KY,6.5,562000,股
2026-09-03,2308,台達電,5.05,115000,股
2026-09-03,2327,國巨,4.69,368000,股
2026-09-03,3443,創意電子,3.18,22000,股
2026-09-03,6278,台表科,3.18,665000,股
2026-09-03,3653,健策,2.8,20000,股
2026-09-03,3037,欣興電子,2.65,115000,股
2026-09-03,202609MTX,小型臺指期貨,2.57,-45,口
2026-09-03,8046,南電,2.56,95000,股
2026-09-03,6831,邁科,2.49,171000,股
2026-09-03,8996,高力,2.45,83000,股
2026-09-03,6223,旺矽,2.39,19000,股
2026-09-03,2472,立隆電子,2.19,425000,股
2026-09-03,3017,奇鋐科技,2.14,26000,股
2026-09-03,3189,景碩科技,2.05,106000,股
2026-09-03,3363,上詮,1.99,103000,股
2026-09-03,3661,世芯-KY,1.82,18000,股
2026-09-03,3042,晶技,1.61,371000,股
2026-09-03,6415,矽力-KY,1.6,156000,股
2026-09-03,8210,勤誠興業,1.54,65000,股
2026-09-03,3693,營邦,1.52,94000,股
2026-09-03,8021,尖點,1.49,144000,股
2026-09-03,6239,力成,1.47,215000,股
2026-09-03,2345,智邦科技,1.41,27000,股
2026-09-03,2344,華邦電,1.39,330000,股
2026-09-03,7751,竑騰,1.39,38000,股
2026-09-03,2360,致茂電子,1.26,25000,股
2026-09-03,6274,台燿,1.24,37000,股
2026-09-03,2408,南科,1.16,97000,股
2026-09-03,6830,汎銓,0.99,67000,股
2026-09-03,5269,祥碩科技,0.79,22000,股
2026-09-03,1303,南亞塑膠,0.48,87000,股
2026-09-03,2368,金像電,0.38,14000,股
2026-09-03,2467,志聖工業,0.37,25000,股
2026-09-03,4583,台灣精銳,0.35,30000,股
2026-09-03,3131,弘塑科技,0.29,5000,股
2026-09-03,6770,力積電,0.21,127000,股
2026-09-03,6526,達發,0.19,12000,股
2026-09-03,3665,貿聯-KY,0.16,3000,股
2026-09-03,1802,台玻,0.13,90000,股
2026-09-03,6531,愛普科技,0.11,5000,股
2026-09-03,4749,新應材,0.1,5086,股
2026-09-03,3533,嘉澤端子,0.08,2000,股
2026-09-03,6213,聯茂,0.08,6000,股
2026-09-03,2881,富邦金,0.07,20000,股
2026-09-03,2882,國泰金,0.07,25000,股
2026-09-03,3711,日月光投控,0.07,5000,股
2026-09-03,2317,鴻海,0.06,9000,股
2026-09-03,2382,廣達,0.05,6000,股
2026-09-03,2449,京元電,0.04,6300,股
2026-09-03,C_NTD,CASH,,83618904,元
2026-09-03,M_NTD,MARGIN,,89750771,元
2026-09-03,RDI_NTD,RECEIVABLES FOR DISPOSAL OF INVESTMENTS,,71735948,元
2026-09-04,2330,台積電,10.51,179000,股
2026-09-04,2454,聯發科,6.78,63000,股
2026-09-04,2383,台光電子,6.73,51000,股
2026-09-04,4958,臻鼎-KY,6.34,562000,股
2026-09-04,2308,台達電,5.11,115000,股
2026-09-04,2327,國巨,5.04,368000,股
2026-09-04,6278,台表科,3.24,665000,股
2026-09-04,3443,創意電子,3.11,22000,股
2026-09-04,3653,健策,2.86,20000,股
2026-09-04,8996,高力,2.82,89000,股
2026-09-04,202609MTX,小型臺指期貨,2.56,-45,口
2026-09-04,6831,邁科,2.52,171000,股
2026-09-04,6223,旺矽,2.39,19000,股
2026-09-04,2472,立隆電子,2.33,425000,股
2026-09-04,3017,奇鋐科技,2.26,26000,股
2026-09-04,3189,景碩科技,2.11,106000,股
2026-09-04,3661,世芯-KY,1.85,18000,股
2026-09-04,3363,上詮,1.84,103000,股
2026-09-04,7751,竑騰,1.69,43000,股
2026-09-04,3037,欣興電子,1.67,76000,股
2026-09-04,6415,矽力-KY,1.63,156000,股
2026-09-04,3042,晶技,1.57,371000,股
2026-09-04,8210,勤誠興業,1.56,65000,股
2026-09-04,3693,營邦,1.52,94000,股
2026-09-04,8021,尖點,1.47,144000,股
2026-09-04,2344,華邦電,1.4,330000,股
2026-09-04,8046,南電,1.39,54000,股
2026-09-04,2345,智邦科技,1.38,27000,股
2026-09-04,2360,致茂電子,1.24,25000,股
2026-09-04,6274,台燿,1.23,37000,股
2026-09-04,2408,南科,1.17,97000,股
2026-09-04,6830,汎銓,1.15,79000,股
2026-09-04,5269,祥碩科技,0.77,22000,股
2026-09-04,6239,力成,0.69,102000,股
2026-09-04,6510,精測,0.57,7000,股
2026-09-04,1303,南亞塑膠,0.48,87000,股
2026-09-04,2467,志聖工業,0.37,25000,股
2026-09-04,2368,金像電,0.36,14000,股
2026-09-04,4583,台灣精銳,0.35,30000,股
2026-09-04,3131,弘塑科技,0.29,5000,股
2026-09-04,6770,力積電,0.21,127000,股
2026-09-04,6526,達發,0.18,12000,股
2026-09-04,3665,貿聯-KY,0.16,3000,股
2026-09-04,1802,台玻,0.13,90000,股
2026-09-04,6531,愛普科技,0.11,5000,股
2026-09-04,4749,新應材,0.09,5086,股
2026-09-04,3533,嘉澤端子,0.08,2000,股
2026-09-04,2881,富邦金,0.07,20000,股
2026-09-04,2882,國泰金,0.07,25000,股
2026-09-04,3711,日月光投控,0.07,5000,股
2026-09-04,6213,聯茂,0.07,6000,股
2026-09-04,2317,鴻海,0.06,9000,股
2026-09-04,2382,廣達,0.05,6000,股
2026-09-04,2449,京元電,0.04,6300,股
2026-09-04,C_NTD,CASH,,81579331,元
2026-09-04,M_NTD,MARGIN,,87748271,元
2026-09-04,RDI_NTD,RECEIVABLES FOR DISPOSAL OF INVESTMENTS,,133094508,元
2026-09-07,2330,台積電,10.63,179000,股
2026-09-07,2454,聯發科,7.24,63000,股
2026-09-07,4958,臻鼎-KY,6.8,562000,股
2026-09-07,2383,台光電子,6.76,51000,股
2026-09-07,2327,國巨,5.23,368000,股
2026-09-07,2308,台達電,5.14,115000,股
2026-09-07,3443,創意電子,3.15,22000,股
2026-09-07,6278,台表科,3.13,665000,股
2026-09-07,3653,健策,2.73,20000,股
2026-09-07,8996,高力,2.66,89000,股
2026-09-07,202609MTX,小型臺指期貨,2.58,-45,口
2026-09-07,6223,旺矽,2.52,19000,股
2026-09-07,6831,邁科,2.34,171000,股
2026-09-07,2472,立隆電子,2.32,425000,股
2026-09-07,3017,奇鋐科技,2.15,26000,股
2026-09-07,3189,景碩科技,2.08,106000,股
2026-09-07,7751,竑騰,1.84,48000,股
2026-09-07,3363,上詮,1.8,103000,股
2026-09-07,3661,世芯-KY,1.76,18000,股
2026-09-07,3037,欣興電子,1.74,76000,股
2026-09-07,8021,尖點,1.61,144000,股
2026-09-07,3042,晶技,1.58,371000,股
2026-09-07,6415,矽力-KY,1.57,156000,股
2026-09-07,3693,營邦,1.55,94000,股
2026-09-07,8210,勤誠興業,1.47,65000,股
2026-09-07,2344,華邦電,1.43,330000,股
2026-09-07,2345,智邦科技,1.37,27000,股
2026-09-07,8046,南電,1.37,54000,股
2026-09-07,2360,致茂電子,1.35,25000,股
2026-09-07,6274,台燿,1.22,37000,股
2026-09-07,2408,南科,1.21,97000,股
2026-09-07,6510,精測,1.17,14000,股
2026-09-07,6830,汎銓,1.11,79000,股
2026-09-07,6683,雍智科技,0.92,27000,股
2026-09-07,5269,祥碩科技,0.77,22000,股
2026-09-07,6239,力成,0.69,102000,股
2026-09-07,1303,南亞塑膠,0.48,87000,股
2026-09-07,2368,金像電,0.38,14000,股
2026-09-07,2467,志聖工業,0.37,25000,股
2026-09-07,4583,台灣精銳,0.33,30000,股
2026-09-07,3131,弘塑科技,0.31,5000,股
2026-09-07,6770,力積電,0.22,127000,股
2026-09-07,6526,達發,0.19,12000,股
2026-09-07,3665,貿聯-KY,0.15,3000,股
2026-09-07,1802,台玻,0.13,90000,股
2026-09-07,6531,愛普科技,0.12,5000,股
2026-09-07,4749,新應材,0.1,5086,股
2026-09-07,3533,嘉澤端子,0.08,2000,股
2026-09-07,3711,日月光投控,0.08,5000,股
2026-09-07,2881,富邦金,0.07,20000,股
2026-09-07,2882,國泰金,0.07,25000,股
2026-09-07,6213,聯茂,0.07,6000,股
2026-09-07,2317,鴻海,0.06,9000,股
2026-09-07,2382,廣達,0.05,6000,股
2026-09-07,2449,京元電,0.04,6300,股
2026-09-07,C_NTD,CASH,,139305119,元
2026-09-07,M_NTD,MARGIN,,86054021,元
2026-09-07,RDI_NTD,RECEIVABLES FOR DISPOSAL OF INVESTMENTS,,-9982710,元
2026-09-08,2330,台積電,10.81,179000,股
2026-09-08,2454,聯發科,7.25,63000,股
2026-09-08,4958,臻鼎-KY,6.94,562000,股
2026-09-08,2383,台光電子,6.66,51000,股
2026-09-08,2327,國巨,5.1,368000,股
2026-09-08,2308,台達電,5.07,115000,股
2026-09-08,3443,創意電子,3.21,22000,股
2026-09-08,6278,台表科,3.06,665000,股
2026-09-08,3653,健策,2.71,20000,股
2026-09-08,6223,旺矽,2.69,19000,股
2026-09-08,8996,高力,2.67,89000,股
2026-09-08,202609MTX,小型臺指期貨,2.58,-45,口
2026-09-08,6831,邁科,2.34,171000,股
2026-09-08,2472,立隆電子,2.24,425000,股
2026-09-08,3017,奇鋐科技,2.09,26000,股
2026-09-08,3189,景碩科技,2.07,106000,股
2026-09-08,7751,竑騰,1.81,48000,股
2026-09-08,3363,上詮,1.79,103000,股
2026-09-08,3037,欣興電子,1.77,76000,股
2026-09-08,3661,世芯-KY,1.77,18000,股
2026-09-08,8021,尖點,1.58,144000,股
2026-09-08,3042,晶技,1.56,371000,股
2026-09-08,6415,矽力-KY,1.56,156000,股
2026-09-08,3693,營邦,1.54,94000,股
2026-09-08,2344,華邦電,1.52,330000,股
2026-09-08,8210,勤誠興業,1.44,65000,股
2026-09-08,2360,致茂電子,1.38,25000,股
2026-09-08,8046,南電,1.35,54000,股
2026-09-08,2345,智邦科技,1.29,27000,股
2026-09-08,2408,南科,1.26,97000,股
2026-09-08,6510,精測,1.24,14000,股
2026-09-08,6274,台燿,1.21,37000,股
2026-09-08,6830,汎銓,1.11,79000,股
2026-09-08,6683,雍智科技,0.93,27000,股
2026-09-08,5269,祥碩科技,0.75,22000,股
2026-09-08,6239,力成,0.69,102000,股
2026-09-08,1303,南亞塑膠,0.5,87000,股
2026-09-08,2368,金像電,0.37,14000,股
2026-09-08,2467,志聖工業,0.37,25000,股
2026-09-08,4583,台灣精銳,0.34,30000,股
2026-09-08,3131,弘塑科技,0.32,5000,股
2026-09-08,6770,力積電,0.23,127000,股
2026-09-08,6526,達發,0.19,12000,股
2026-09-08,3665,貿聯-KY,0.14,3000,股
2026-09-08,1802,台玻,0.13,90000,股
2026-09-08,6531,愛普科技,0.11,5000,股
2026-09-08,4749,新應材,0.1,5086,股
2026-09-08,3533,嘉澤端子,0.08,2000,股
2026-09-08,3711,日月光投控,0.08,5000,股
2026-09-08,6213,聯茂,0.08,6000,股
2026-09-08,2881,富邦金,0.07,20000,股
2026-09-08,2882,國泰金,0.07,25000,股
2026-09-08,2317,鴻海,0.06,9000,股
2026-09-08,2382,廣達,0.05,6000,股
2026-09-08,2449,京元電,0.04,6300,股
2026-09-08,C_NTD,CASH,,187077113,元
2026-09-08,M_NTD,MARGIN,,87194771,元
2026-09-08,RDI_NTD,RECEIVABLES FOR DISPOSAL OF INVESTMENTS,,-71341270,元
2026-09-09,2330,台積電,10.79,179000,股
2026-09-09,2383,台光電子,6.7,51000,股
2026-09-09,2454,聯發科,6.56,58000,股
2026-09-09,4958,臻鼎-KY,6.35,517000,股
2026-09-09,2327,國巨,5.08,368000,股
2026-09-09,2308,台達電,5.05,115000,股
2026-09-09,3443,創意電子,3.19,22000,股
2026-09-09,6278,台表科,3.15,665000,股
2026-09-09,8996,高力,2.93,89000,股
2026-09-09,3653,健策,2.82,20000,股
2026-09-09,6223,旺矽,2.61,19000,股
2026-09-09,202609MTX,小型臺指期貨,2.6,-45,口
2026-09-09,6831,邁科,2.4,171000,股
2026-09-09,2472,立隆電子,2.23,425000,股
2026-09-09,3017,奇鋐科技,2.15,26000,股
2026-09-09,6510,精測,2.12,24000,股
2026-09-09,3189,景碩科技,2.1,106000,股
2026-09-09,7751,竑騰,1.89,48000,股
2026-09-09,3037,欣興電子,1.85,76000,股
2026-09-09,3363,上詮,1.78,103000,股
2026-09-09,6683,雍智科技,1.77,53000,股
2026-09-09,3661,世芯-KY,1.72,18000,股
2026-09-09,3042,晶技,1.67,371000,股
2026-09-09,3693,營邦,1.61,94000,股
2026-09-09,6415,矽力-KY,1.59,156000,股
2026-09-09,8021,尖點,1.56,144000,股
2026-09-09,2344,華邦電,1.48,330000,股
2026-09-09,8046,南電,1.47,54000,股
2026-09-09,8210,勤誠興業,1.46,65000,股
2026-09-09,2360,致茂電子,1.43,25000,股
2026-09-09,2408,南科,1.24,97000,股
2026-09-09,6274,台燿,1.22,37000,股
2026-09-09,6830,汎銓,1.11,79000,股
2026-09-09,5269,祥碩科技,0.75,22000,股
2026-09-09,6239,力成,0.7,102000,股
2026-09-09,1303,南亞塑膠,0.5,87000,股
2026-09-09,2368,金像電,0.38,14000,股
2026-09-09,2467,志聖工業,0.35,25000,股
2026-09-09,4583,台灣精銳,0.33,30000,股
2026-09-09,3131,弘塑科技,0.31,5000,股
2026-09-09,6770,力積電,0.22,127000,股
2026-09-09,6526,達發,0.19,12000,股
2026-09-09,3665,貿聯-KY,0.14,3000,股
2026-09-09,1802,台玻,0.13,90000,股
2026-09-09,6531,愛普科技,0.12,5000,股
2026-09-09,4749,新應材,0.1,5086,股
2026-09-09,3533,嘉澤端子,0.08,2000,股
2026-09-09,3711,日月光投控,0.08,5000,股
2026-09-09,6213,聯茂,0.08,6000,股
2026-09-09,2881,富邦金,0.07,20000,股
2026-09-09,2882,國泰金,0.07,25000,股
2026-09-09,2317,鴻海,0.06,9000,股
2026-09-09,2382,廣達,0.05,6000,股
2026-09-09,2449,京元電,0.04,6300,股
2026-09-09,C_NTD,CASH,,115735843,元
2026-09-09,M_NTD,MARGIN,,86693021,元
2026-09-09,RDI_NTD,RECEIVABLES FOR DISPOSAL OF INVESTMENTS,,27341107,元
2026-09-10,2330,台積電,10.87,179000,股
2026-09-10,2383,台光電子,6.79,51000,股
2026-09-10,2454,聯發科,6.79,58000,股
2026-09-10,4958,臻鼎-KY,6.34,517000,股
2026-09-10,2327,國巨,5.22,368000,股
2026-09-10,2308,台達電,4.77,115000,股
2026-09-10,3443,創意電子,3.39,22000,股
2026-09-10,6278,台表科,3.16,665000,股
2026-09-10,3653,健策,2.87,20000,股
2026-09-10,8996,高力,2.87,89000,股
2026-09-10,6223,旺矽,2.65,19000,股
2026-09-10,202609MTX,小型臺指期貨,2.61,-45,口
2026-09-10,6831,邁科,2.34,171000,股
2026-09-10,2472,立隆電子,2.29,425000,股
2026-09-10,3017,奇鋐科技,2.23,26000,股
2026-09-10,6510,精測,2.18,24000,股
2026-09-10,3189,景碩科技,2.17,106000,股
2026-09-10,3037,欣興電子,1.87,76000,股
2026-09-10,3363,上詮,1.82,103000,股
2026-09-10,7751,竑騰,1.78,48000,股
2026-09-10,6683,雍智科技,1.69,53000,股
2026-09-10,3042,晶技,1.66,371000,股
2026-09-10,3693,營邦,1.61,94000,股
2026-09-10,6415,矽力-KY,1.57,156000,股
2026-09-10,8021,尖點,1.56,144000,股
2026-09-10,2344,華邦電,1.47,330000,股
2026-09-10,8210,勤誠興業,1.47,65000,股
2026-09-10,8046,南電,1.43,54000,股
2026-09-10,2360,致茂電子,1.35,25000,股
2026-09-10,6274,台燿,1.28,37000,股
2026-09-10,2408,南科,1.24,97000,股
2026-09-10,6830,汎銓,1.16,79000,股
2026-09-10,5269,祥碩科技,0.74,22000,股
2026-09-10,6239,力成,0.72,102000,股
2026-09-10,1303,南亞塑膠,0.53,87000,股
2026-09-10,2368,金像電,0.36,14000,股
2026-09-10,2467,志聖工業,0.36,25000,股
2026-09-10,3131,弘塑科技,0.31,5000,股
2026-09-10,6770,力積電,0.23,127000,股
2026-09-10,6526,達發,0.19,12000,股
2026-09-10,3665,貿聯-KY,0.14,3000,股
2026-09-10,1802,台玻,0.13,90000,股
2026-09-10,6531,愛普科技,0.13,5000,股
2026-09-10,4749,新應材,0.1,5086,股
2026-09-10,3533,嘉澤端子,0.08,2000,股
2026-09-10,3711,日月光投控,0.08,5000,股
2026-09-10,6213,聯茂,0.08,6000,股
2026-09-10,2881,富邦金,0.07,20000,股
2026-09-10,2882,國泰金,0.07,25000,股
2026-09-10,2317,鴻海,0.05,9000,股
2026-09-10,2382,廣達,0.05,6000,股
2026-09-10,2449,京元電,0.04,6300,股
2026-09-10,C_NTD,CASH,,87464311,元
2026-09-10,M_NTD,MARGIN,,87388271,元
2026-09-10,RDI_NTD,RECEIVABLES FOR DISPOSAL OF INVESTMENTS,,111716263,元
2026-09-11,2330,台積電,10.91,179000,股
2026-09-11,2383,台光電子,6.92,51000,股
2026-09-11,2454,聯發科,6.72,58000,股
2026-09-11,4958,臻鼎-KY,6.47,517000,股
2026-09-11,2327,國巨,5.06,368000,股
2026-09-11,2308,台達電,4.71,115000,股
2026-09-11,3443,創意電子,3.4,22000,股
2026-09-11,6278,台表科,3.14,665000,股
2026-09-11,8996,高力,2.99,89000,股
2026-09-11,3653,健策,2.92,20000,股
2026-09-11,6223,旺矽,2.7,19000,股
2026-09-11,202609MTX,小型臺指期貨,2.63,-45,口
2026-09-11,6831,邁科,2.45,171000,股
2026-09-11,2472,立隆電子,2.29,425000,股
2026-09-11,3017,奇鋐科技,2.22,26000,股
2026-09-11,3189,景碩科技,2.2,106000,股
2026-09-11,6510,精測,2.11,24000,股
2026-09-11,3037,欣興電子,1.88,76000,股
2026-09-11,3363,上詮,1.77,103000,股
2026-09-11,6683,雍智科技,1.73,53000,股
2026-09-11,7751,竑騰,1.73,48000,股
2026-09-11,3042,晶技,1.65,371000,股
2026-09-11,3693,營邦,1.58,94000,股
2026-09-11,6415,矽力-KY,1.58,156000,股
2026-09-11,8021,尖點,1.52,144000,股
2026-09-11,8210,勤誠興業,1.48,65000,股
2026-09-11,8046,南電,1.47,54000,股
2026-09-11,2344,華邦電,1.43,330000,股
2026-09-11,2360,致茂電子,1.37,25000,股
2026-09-11,6274,台燿,1.28,37000,股
2026-09-11,2408,南科,1.21,97000,股
2026-09-11,6830,汎銓,1.1,79000,股
2026-09-11,5269,祥碩科技,0.73,22000,股
2026-09-11,6239,力成,0.7,102000,股
2026-09-11,1303,南亞塑膠,0.52,87000,股
2026-09-11,2368,金像電,0.36,14000,股
2026-09-11,2467,志聖工業,0.35,25000,股
2026-09-11,3131,弘塑科技,0.29,5000,股
2026-09-11,6770,力積電,0.23,127000,股
2026-09-11,6526,達發,0.19,12000,股
2026-09-11,3665,貿聯-KY,0.14,3000,股
2026-09-11,1802,台玻,0.13,90000,股
2026-09-11,6531,愛普科技,0.12,5000,股
2026-09-11,4749,新應材,0.09,5086,股
2026-09-11,2881,富邦金,0.08,20000,股
2026-09-11,3533,嘉澤端子,0.08,2000,股
2026-09-11,3711,日月光投控,0.08,5000,股
2026-09-11,6213,聯茂,0.08,6000,股
2026-09-11,2882,國泰金,0.07,25000,股
2026-09-11,2317,鴻海,0.06,9000,股
2026-09-11,2382,廣達,0.05,6000,股
2026-09-11,2449,京元電,0.04,6300,股
2026-09-11,C_NTD,CASH,,107813788,元
2026-09-11,M_NTD,MARGIN,,88922771,元
2026-09-11,RDI_NTD,RECEIVABLES FOR DISPOSAL OF INVESTMENTS,,84375156,元
2026-09-14,2330,台積電,10.83,179000,股
2026-09-14,2383,台光電子,6.93,51000,股
2026-09-14,2454,聯發科,6.72,58000,股
2026-09-14,4958,臻鼎-KY,6.43,517000,股
2026-09-14,2327,國巨,5.1,368000,股
2026-09-14,2308,台達電,4.74,115000,股
2026-09-14,3443,創意電子,3.58,22000,股
2026-09-14,6278,台表科,3.14,665000,股
2026-09-14,3653,健策,2.96,20000,股
2026-09-14,8996,高力,2.79,89000,股
2026-09-14,6223,旺矽,2.7,19000,股
2026-09-14,202610MTX,小型臺指期貨,2.63,-45,口
2026-09-14,6831,邁科,2.35,171000,股
2026-09-14,6510,精測,2.32,27000,股
2026-09-14,2472,立隆電子,2.28,425000,股
2026-09-14,3017,奇鋐科技,2.19,26000,股
2026-09-14,3189,景碩科技,2.15,106000,股
2026-09-14,6683,雍智科技,2.0,59000,股
2026-09-14,7751,竑騰,1.89,53000,股
2026-09-14,3037,欣興電子,1.87,76000,股
2026-09-14,3363,上詮,1.77,103000,股
2026-09-14,3693,營邦,1.65,94000,股
2026-09-14,6415,矽力-KY,1.64,156000,股
2026-09-14,8021,尖點,1.62,144000,股
2026-09-14,8210,勤誠興業,1.46,65000,股
2026-09-14,8046,南電,1.45,54000,股
2026-09-14,2360,致茂電子,1.36,25000,股
2026-09-14,2344,華邦電,1.34,330000,股
2026-09-14,6274,台燿,1.33,37000,股
2026-09-14,2408,南科,1.17,97000,股
2026-09-14,6830,汎銓,1.12,79000,股
2026-09-14,3042,晶技,0.89,196000,股
2026-09-14,5269,祥碩科技,0.76,22000,股
2026-09-14,6239,力成,0.7,102000,股
2026-09-14,1303,南亞塑膠,0.52,87000,股
2026-09-14,2368,金像電,0.36,14000,股
2026-09-14,2467,志聖工業,0.34,25000,股
2026-09-14,3131,弘塑科技,0.29,5000,股
2026-09-14,6770,力積電,0.23,127000,股
2026-09-14,6526,達發,0.19,12000,股
2026-09-14,3665,貿聯-KY,0.15,3000,股
2026-09-14,1802,台玻,0.13,90000,股
2026-09-14,6531,愛普科技,0.12,5000,股
2026-09-14,4749,新應材,0.09,5086,股
2026-09-14,2881,富邦金,0.08,20000,股
2026-09-14,3533,嘉澤端子,0.08,2000,股
2026-09-14,3711,日月光投控,0.08,5000,股
2026-09-14,6213,聯茂,0.08,6000,股
2026-09-14,2882,國泰金,0.07,25000,股
2026-09-14,2317,鴻海,0.06,9000,股
2026-09-14,2382,廣達,0.05,6000,股
2026-09-14,2449,京元電,0.04,6300,股
2026-09-14,C_NTD,CASH,,164038976,元
2026-09-14,M_NTD,MARGIN,,89850431,元
2026-09-14,RDI_NTD,RECEIVABLES FOR DISPOSAL OF INVESTMENTS,,5633256,元
2026-09-15,2330,台積電,11.08,179000,股
2026-09-15,2383,台光電子,6.77,51000,股
2026-09-15,2454,聯發科,6.67,58000,股
2026-09-15,4958,臻鼎-KY,6.41,517000,股
2026-09-15,2327,國巨,5.13,368000,股
2026-09-15,2308,台達電,4.99,115000,股
2026-09-15,3443,創意電子,3.45,22000,股
2026-09-15,6278,台表科,3.12,665000,股
2026-09-15,8996,高力,2.82,89000,股
2026-09-15,3653,健策,2.76,20000,股
2026-09-15,6223,旺矽,2.68,19000,股
2026-09-15,202610MTX,小型臺指期貨,2.67,-45,口
2026-09-15,2472,立隆電子,2.29,425000,股
2026-09-15,6510,精測,2.28,27000,股
2026-09-15,6831,邁科,2.28,171000,股
2026-09-15,6683,雍智科技,2.22,59000,股
2026-09-15,3189,景碩科技,2.19,106000,股
2026-09-15,3017,奇鋐科技,2.1,26000,股
2026-09-15,3037,欣興電子,1.88,76000,股
2026-09-15,7751,竑騰,1.87,53000,股
2026-09-15,3363,上詮,1.73,103000,股
2026-09-15,6415,矽力-KY,1.64,156000,股
2026-09-15,3693,營邦,1.63,94000,股
2026-09-15,8021,尖點,1.61,144000,股
2026-09-15,8046,南電,1.52,54000,股
2026-09-15,8210,勤誠興業,1.47,65000,股
2026-09-15,2344,華邦電,1.37,330000,股
2026-09-15,2360,致茂電子,1.35,25000,股
2026-09-15,6274,台燿,1.32,37000,股
2026-09-15,2408,南科,1.17,97000,股
2026-09-15,6830,汎銓,1.09,79000,股
2026-09-15,3042,晶技,0.92,196000,股
2026-09-15,5269,祥碩科技,0.78,22000,股
2026-09-15,6239,力成,0.71,102000,股
2026-09-15,1303,南亞塑膠,0.5,87000,股
2026-09-15,2368,金像電,0.35,14000,股
2026-09-15,2467,志聖工業,0.34,25000,股
2026-09-15,3131,弘塑科技,0.3,5000,股
2026-09-15,6770,力積電,0.22,127000,股
2026-09-15,6526,達發,0.19,12000,股
2026-09-15,3665,貿聯-KY,0.15,3000,股
2026-09-15,1802,台玻,0.13,90000,股
2026-09-15,6531,愛普科技,0.12,5000,股
2026-09-15,4749,新應材,0.09,5086,股
2026-09-15,2881,富邦金,0.08,20000,股
2026-09-15,3533,嘉澤端子,0.08,2000,股
2026-09-15,3711,日月光投控,0.08,5000,股
2026-09-15,6213,聯茂,0.08,6000,股
2026-09-15,2882,國泰金,0.07,25000,股
2026-09-15,2317,鴻海,0.06,9000,股
2026-09-15,2382,廣達,0.05,6000,股
2026-09-15,2449,京元電,0.04,6300,股
2026-09-15,C_NTD,CASH,,136077936,元
2026-09-15,M_NTD,MARGIN,,90246431,元
2026-09-15,RDI_NTD,RECEIVABLES FOR DISPOSAL OF INVESTMENTS,,5633256,元
2026-09-16,2330,台積電,10.92,179000,股
2026-09-16,2454,聯發科,6.5,56000,股
2026-09-16,2383,台光電子,6.38,49000,股
2026-09-16,4958,臻鼎-KY,6.31,499000,股
2026-09-16,2308,台達電,5.04,115000,股
2026-09-16,2327,國巨,4.83,352000,股
2026-09-16,3443,創意電子,3.48,22000,股
2026-09-16,6278,台表科,3.12,665000,股
2026-09-16,8996,高力,2.96,89000,股
2026-09-16,6223,旺矽,2.73,19000,股
2026-09-16,6683,雍智科技,2.7,66000,股
2026-09-16,3653,健策,2.69,20000,股
2026-09-16,202610MTX,小型臺指期貨,2.66,-45,口
2026-09-16,6510,精測,2.48,30000,股
2026-09-16,6831,邁科,2.3,171000,股
2026-09-16,2472,立隆電子,2.29,425000,股
2026-09-16,3189,景碩科技,2.23,106000,股
2026-09-16,3017,奇鋐科技,2.12,26000,股
2026-09-16,7751,竑騰,1.9,53000,股
2026-09-16,3037,欣興電子,1.87,76000,股
2026-09-16,3363,上詮,1.81,103000,股
2026-09-16,6415,矽力-KY,1.67,156000,股
2026-09-16,3693,營邦,1.64,94000,股
2026-09-16,8021,尖點,1.62,144000,股
2026-09-16,8046,南電,1.53,54000,股
2026-09-16,8210,勤誠興業,1.47,65000,股
2026-09-16,2344,華邦電,1.43,330000,股
2026-09-16,2360,致茂電子,1.34,25000,股
2026-09-16,6274,台燿,1.34,37000,股
2026-09-16,2408,南科,1.22,97000,股
2026-09-16,6830,汎銓,1.07,79000,股
2026-09-16,3042,晶技,0.93,196000,股
2026-09-16,5269,祥碩科技,0.83,22000,股
2026-09-16,6239,力成,0.72,102000,股
2026-09-16,1303,南亞塑膠,0.5,87000,股
2026-09-16,2303,聯電,0.46,127000,股
2026-09-16,2368,金像電,0.36,14000,股
2026-09-16,2467,志聖工業,0.33,25000,股
2026-09-16,3131,弘塑科技,0.3,5000,股
2026-09-16,6770,力積電,0.23,127000,股
2026-09-16,6526,達發,0.19,12000,股
2026-09-16,3665,貿聯-KY,0.15,3000,股
2026-09-16,1802,台玻,0.14,90000,股
2026-09-16,6531,愛普科技,0.12,5000,股
2026-09-16,4749,新應材,0.09,5086,股
2026-09-16,6213,聯茂,0.09,6000,股
2026-09-16,2881,富邦金,0.08,20000,股
2026-09-16,3533,嘉澤端子,0.08,2000,股
2026-09-16,3711,日月光投控,0.08,5000,股
2026-09-16,2882,國泰金,0.07,25000,股
2026-09-16,2317,鴻海,0.06,9000,股
2026-09-16,2382,廣達,0.05,6000,股
2026-09-16,2449,京元電,0.04,6300,股
2026-09-16,C_NTD,CASH,,137060815,元
2026-09-16,M_NTD,MARGIN,,89497181,元
2026-09-16,RDI_NTD,RECEIVABLES FOR DISPOSAL OF INVESTMENTS,,-2448459,元
2026-09-17,2330,台積電,11.21,179000,股
2026-09-17,2454,聯發科,6.51,56000,股
2026-09-17,4958,臻鼎-KY,6.14,499000,股
2026-09-17,2383,台光電子,5.7,47000,股
2026-09-17,2308,台達電,5.01,115000,股
2026-09-17,2327,國巨,4.81,352000,股
2026-09-17,3443,創意電子,3.69,22000,股
2026-09-17,6510,精測,3.39,41000,股
2026-09-17,6278,台表科,3.16,665000,股
2026-09-17,6683,雍智科技,3.13,77000,股
2026-09-17,3653,健策,2.77,20000,股
2026-09-17,202610MTX,小型臺指期貨,2.7,-45,口
2026-09-17,6223,旺矽,2.7,19000,股
2026-09-17,8996,高力,2.42,72000,股
2026-09-17,6831,邁科,2.32,171000,股
2026-09-17,2472,立隆電子,2.29,425000,股
2026-09-17,3189,景碩科技,2.2,106000,股
2026-09-17,3017,奇鋐科技,2.14,26000,股
2026-09-17,7751,竑騰,1.95,53000,股
2026-09-17,3037,欣興電子,1.85,76000,股
2026-09-17,3363,上詮,1.74,103000,股
2026-09-17,3693,營邦,1.69,94000,股
2026-09-17,8021,尖點,1.67,144000,股
2026-09-17,6415,矽力-KY,1.66,156000,股
2026-09-17,8210,勤誠興業,1.5,65000,股
2026-09-17,8046,南電,1.49,54000,股
2026-09-17,2344,華邦電,1.45,330000,股
2026-09-17,2303,聯電,1.44,377000,股
2026-09-17,2360,致茂電子,1.35,25000,股
2026-09-17,6274,台燿,1.26,37000,股
2026-09-17,2408,南科,1.22,97000,股
2026-09-17,6830,汎銓,1.04,79000,股
2026-09-17,5269,祥碩科技,0.84,22000,股
2026-09-17,6239,力成,0.72,102000,股
2026-09-17,1303,南亞塑膠,0.53,87000,股
2026-09-17,3042,晶技,0.36,79000,股
2026-09-17,2368,金像電,0.34,14000,股
2026-09-17,2467,志聖工業,0.33,25000,股
2026-09-17,3131,弘塑科技,0.31,5000,股
2026-09-17,6770,力積電,0.23,127000,股
2026-09-17,6526,達發,0.19,12000,股
2026-09-17,3665,貿聯-KY,0.16,3000,股
2026-09-17,1802,台玻,0.14,90000,股
2026-09-17,6531,愛普科技,0.12,5000,股
2026-09-17,4749,新應材,0.1,5086,股
2026-09-17,2881,富邦金,0.08,20000,股
2026-09-17,3533,嘉澤端子,0.08,2000,股
2026-09-17,3711,日月光投控,0.08,5000,股
2026-09-17,6213,聯茂,0.08,6000,股
2026-09-17,2882,國泰金,0.07,25000,股
2026-09-17,2317,鴻海,0.06,9000,股
2026-09-17,2382,廣達,0.05,6000,股
2026-09-17,2449,京元電,0.04,6300,股
2026-09-17,C_NTD,CASH,,137060815,元
2026-09-17,M_NTD,MARGIN,,88599431,元
2026-09-17,RDI_NTD,RECEIVABLES FOR DISPOSAL OF INVESTMENTS,,-39051497,元
2026-09-18,2330,台積電,10.95,179000,股
2026-09-18,2454,聯發科,6.56,56000,股
2026-09-18,4958,臻鼎-KY,5.66,481000,股
2026-09-18,2383,台光電子,5.47,45000,股
2026-09-18,2308,台達電,4.96,115000,股
2026-09-18,2327,國巨,4.82,352000,股
2026-09-18,3443,創意電子,3.91,22000,股
2026-09-18,6510,精測,3.59,41000,股
2026-09-18,6278,台表科,3.24,665000,股
2026-09-18,6683,雍智科技,3.2,77000,股
2026-09-18,3653,健策,2.75,20000,股
2026-09-18,6223,旺矽,2.74,19000,股
2026-09-18,202610MTX,小型臺指期貨,2.65,-45,口
2026-09-18,8996,高力,2.56,72000,股
2026-09-18,2472,立隆電子,2.28,425000,股
2026-09-18,6831,邁科,2.28,171000,股
2026-09-18,3017,奇鋐科技,2.22,26000,股
2026-09-18,3189,景碩科技,2.19,106000,股
2026-09-18,7751,竑騰,1.96,53000,股
2026-09-18,2303,聯電,1.92,496000,股
2026-09-18,3037,欣興電子,1.85,76000,股
2026-09-18,3363,上詮,1.75,103000,股
2026-09-18,6415,矽力-KY,1.7,156000,股
2026-09-18,3693,營邦,1.65,94000,股
2026-09-18,8021,尖點,1.65,144000,股
2026-09-18,8046,南電,1.48,54000,股
2026-09-18,2344,華邦電,1.47,330000,股
2026-09-18,8210,勤誠興業,1.46,65000,股
2026-09-18,2360,致茂電子,1.42,25000,股
2026-09-18,2408,南科,1.27,97000,股
2026-09-18,6274,台燿,1.26,37000,股
2026-09-18,6830,汎銓,1.11,79000,股
2026-09-18,5269,祥碩科技,0.82,22000,股
2026-09-18,6239,力成,0.72,102000,股
2026-09-18,1303,南亞塑膠,0.51,87000,股
2026-09-18,2368,金像電,0.36,14000,股
2026-09-18,3042,晶技,0.36,79000,股
2026-09-18,2467,志聖工業,0.33,25000,股
2026-09-18,3131,弘塑科技,0.3,5000,股
2026-09-18,6770,力積電,0.23,127000,股
2026-09-18,6526,達發,0.21,12000,股
2026-09-18,3533,嘉澤端子,0.16,4000,股
2026-09-18,3665,貿聯-KY,0.16,3000,股
2026-09-18,1802,台玻,0.13,90000,股
2026-09-18,6531,愛普科技,0.12,5000,股
2026-09-18,4749,新應材,0.09,5086,股
2026-09-18,3711,日月光投控,0.08,5000,股
2026-09-18,6213,聯茂,0.08,6000,股
2026-09-18,2881,富邦金,0.07,20000,股
2026-09-18,2882,國泰金,0.07,25000,股
2026-09-18,2317,鴻海,0.06,9000,股
2026-09-18,2382,廣達,0.05,6000,股
2026-09-18,2449,京元電,0.05,6300,股
2026-09-18,C_NTD,CASH,,128665901,元
2026-09-18,M_NTD,MARGIN,,86419181,元
2026-09-18,RDI_NTD,RECEIVABLES FOR DISPOSAL OF INVESTMENTS,,-40174294,元
2026-09-21,2330,台積電,9.35,152000,股
2026-09-21,2454,聯發科,6.96,56000,股
2026-09-21,4958,臻鼎-KY,5.6,481000,股
2026-09-21,2308,台達電,5.35,115000,股
2026-09-21,2327,國巨,4.86,352000,股
2026-09-21,2383,台光電子,4.85,40000,股
2026-09-21,6510,精測,4.41,51000,股
2026-09-21,3443,創意電子,4.15,22000,股
2026-09-21,6683,雍智科技,3.65,88000,股
2026-09-21,6278,台表科,3.21,665000,股
2026-09-21,3653,健策,2.87,20000,股
2026-09-21,8996,高力,2.69,72000,股
2026-09-21,202610MTX,小型臺指期貨,2.68,-45,口
2026-09-21,6223,旺矽,2.59,19000,股
2026-09-21,2303,聯電,2.39,613000,股
2026-09-21,2472,立隆電子,2.24,425000,股
2026-09-21,3017,奇鋐科技,2.2,26000,股
2026-09-21,3189,景碩科技,2.17,106000,股
2026-09-21,6831,邁科,2.17,171000,股
2026-09-21,3037,欣興電子,1.92,76000,股
2026-09-21,7751,竑騰,1.9,53000,股
2026-09-21,3363,上詮,1.69,103000,股
2026-09-21,8021,尖點,1.66,144000,股
2026-09-21,6415,矽力-KY,1.65,156000,股
2026-09-21,3693,營邦,1.64,94000,股
2026-09-21,2360,致茂電子,1.47,25000,股
2026-09-21,8210,勤誠興業,1.45,65000,股
2026-09-21,8046,南電,1.42,54000,股
2026-09-21,6274,台燿,1.32,37000,股
2026-09-21,2344,華邦電,1.21,280000,股
2026-09-21,6830,汎銓,1.08,79000,股
2026-09-21,2408,南科,1.02,80000,股
2026-09-21,5269,祥碩科技,0.8,22000,股
2026-09-21,6239,力成,0.74,102000,股
2026-09-21,1303,南亞塑膠,0.52,87000,股
2026-09-21,2368,金像電,0.36,14000,股
2026-09-21,3042,晶技,0.36,79000,股
2026-09-21,2467,志聖工業,0.33,25000,股
2026-09-21,3131,弘塑科技,0.3,5000,股
2026-09-21,6770,力積電,0.23,127000,股
2026-09-21,6526,達發,0.22,12000,股
2026-09-21,3665,貿聯-KY,0.17,3000,股
2026-09-21,3533,嘉澤端子,0.16,4000,股
2026-09-21,1802,台玻,0.13,90000,股
2026-09-21,6531,愛普科技,0.12,5000,股
2026-09-21,4749,新應材,0.09,5086,股
2026-09-21,2881,富邦金,0.08,20000,股
2026-09-21,3711,日月光投控,0.08,5000,股
2026-09-21,6213,聯茂,0.08,6000,股
2026-09-21,2882,國泰金,0.07,25000,股
2026-09-21,2317,鴻海,0.06,9000,股
2026-09-21,2382,廣達,0.05,6000,股
2026-09-21,2449,京元電,0.05,6300,股
2026-09-21,C_NTD,CASH,,71597451,元
2026-09-21,M_NTD,MARGIN,,85012931,元
2026-09-21,RDI_NTD,RECEIVABLES FOR DISPOSAL OF INVESTMENTS,,33225617,元
2026-09-22,2330,台積電,9.16,152000,股
2026-09-22,2454,聯發科,7.1,56000,股
2026-09-22,4958,臻鼎-KY,5.76,481000,股
2026-09-22,2308,台達電,5.35,115000,股
2026-09-22,2327,國巨,4.92,352000,股
2026-09-22,2383,台光電子,4.76,40000,股
2026-09-22,6510,精測,4.62,51000,股
2026-09-22,3443,創意電子,4.51,22000,股
2026-09-22,6278,台表科,3.48,665000,股
2026-09-22,6683,雍智科技,3.43,88000,股
2026-09-22,8996,高力,2.92,72000,股
2026-09-22,3653,健策,2.86,20000,股
2026-09-22,6223,旺矽,2.49,19000,股
2026-09-22,2303,聯電,2.4,613000,股
2026-09-22,3189,景碩科技,2.36,106000,股
2026-09-22,2472,立隆電子,2.26,425000,股
2026-09-22,3017,奇鋐科技,2.16,26000,股
2026-09-22,6831,邁科,2.14,171000,股
2026-09-22,3037,欣興電子,2.08,76000,股
2026-09-22,7751,竑騰,1.84,53000,股
2026-09-22,8021,尖點,1.68,144000,股
2026-09-22,3363,上詮,1.66,103000,股
2026-09-22,6415,矽力-KY,1.64,156000,股
2026-09-22,3693,營邦,1.61,94000,股
2026-09-22,8046,南電,1.54,54000,股
2026-09-22,2360,致茂電子,1.49,25000,股
2026-09-22,8210,勤誠興業,1.43,65000,股
2026-09-22,6274,台燿,1.3,37000,股
2026-09-22,2344,華邦電,1.17,280000,股
2026-09-22,6830,汎銓,1.06,79000,股
2026-09-22,2408,南科,0.97,80000,股
2026-09-22,5269,祥碩科技,0.8,22000,股
2026-09-22,6239,力成,0.73,102000,股
2026-09-22,1303,南亞塑膠,0.49,87000,股
2026-09-22,2368,金像電,0.36,14000,股
2026-09-22,3042,晶技,0.36,79000,股
2026-09-22,2467,志聖工業,0.32,25000,股
2026-09-22,3131,弘塑科技,0.3,5000,股
2026-09-22,6526,達發,0.22,12000,股
2026-09-22,6770,力積電,0.22,127000,股
2026-09-22,3533,嘉澤端子,0.17,4000,股
2026-09-22,3665,貿聯-KY,0.17,3000,股
2026-09-22,1802,台玻,0.13,90000,股
2026-09-22,6531,愛普科技,0.11,5000,股
2026-09-22,3711,日月光投控,0.09,5000,股
2026-09-22,4749,新應材,0.09,5086,股
2026-09-22,2881,富邦金,0.08,20000,股
2026-09-22,6213,聯茂,0.08,6000,股
2026-09-22,2882,國泰金,0.07,25000,股
2026-09-22,2317,鴻海,0.06,9000,股
2026-09-22,2382,廣達,0.05,6000,股
2026-09-22,2449,京元電,0.05,6300,股
2026-09-22,C_NTD,CASH,,68026195,元
2026-09-22,M_NTD,MARGIN,,83815257,元
2026-09-22,RDI_NTD,RECEIVABLES FOR DISPOSAL OF INVESTMENTS,,36796873,元
2026-09-23,2330,台積電,9.41,152000,股
2026-09-23,2454,聯發科,7.19,56000,股
2026-09-23,4958,臻鼎-KY,5.63,481000,股
2026-09-23,2308,台達電,5.41,115000,股
2026-09-23,2327,國巨,4.99,352000,股
2026-09-23,6510,精測,4.82,56000,股
2026-09-23,2383,台光電子,4.6,37000,股
2026-09-23,3443,創意電子,4.57,22000,股
2026-09-23,6278,台表科,3.44,665000,股
2026-09-23,6683,雍智科技,3.39,88000,股
2026-09-23,3653,健策,3.17,20000,股
2026-09-23,8996,高力,2.74,72000,股
2026-09-23,6223,旺矽,2.64,19000,股
2026-09-23,3017,奇鋐科技,2.49,29000,股
2026-09-23,2303,聯電,2.43,613000,股
2026-09-23,3189,景碩科技,2.38,106000,股
2026-09-23,2472,立隆電子,2.28,425000,股
2026-09-23,3037,欣興電子,2.18,76000,股
2026-09-23,6831,邁科,2.18,171000,股
2026-09-23,7751,竑騰,1.88,53000,股
2026-09-23,3693,營邦,1.7,94000,股
2026-09-23,8021,尖點,1.7,144000,股
2026-09-23,3363,上詮,1.64,103000,股
2026-09-23,6415,矽力-KY,1.64,156000,股
2026-09-23,8046,南電,1.62,54000,股
2026-09-23,8210,勤誠興業,1.43,65000,股
2026-09-23,6274,台燿,1.34,37000,股
2026-09-23,2344,華邦電,1.19,280000,股
2026-09-23,6830,汎銓,1.07,79000,股
2026-09-23,2408,南科,1.02,80000,股
2026-09-23,5269,祥碩科技,0.81,22000,股
2026-09-23,1303,南亞塑膠,0.49,87000,股
2026-09-23,2368,金像電,0.39,14000,股
2026-09-23,3042,晶技,0.39,79000,股
2026-09-23,6239,力成,0.39,55000,股
2026-09-23,2360,致茂電子,0.34,6000,股
2026-09-23,2467,志聖工業,0.32,25000,股
2026-09-23,3131,弘塑科技,0.29,5000,股
2026-09-23,6526,達發,0.25,12000,股
2026-09-23,6770,力積電,0.23,127000,股
2026-09-23,3533,嘉澤端子,0.17,4000,股
2026-09-23,3665,貿聯-KY,0.17,3000,股
2026-09-23,1802,台玻,0.13,90000,股
2026-09-23,6531,愛普科技,0.12,5000,股
2026-09-23,3711,日月光投控,0.09,5000,股
2026-09-23,4749,新應材,0.09,5086,股
2026-09-23,2881,富邦金,0.08,20000,股
2026-09-23,6213,聯茂,0.08,6000,股
2026-09-23,2882,國泰金,0.07,25000,股
2026-09-23,2317,鴻海,0.06,9000,股
2026-09-23,2382,廣達,0.05,6000,股
2026-09-23,2449,京元電,0.05,6300,股
2026-09-23,C_NTD,CASH,,98012407,元
2026-09-23,M_NTD,MARGIN,,83815257,元
2026-09-23,RDI_NTD,RECEIVABLES FOR DISPOSAL OF INVESTMENTS,,44560215,元
2026-09-24,2330,台積電,9.32,152000,股
2026-09-24,2454,聯發科,7.33,56000,股
2026-09-24,2308,台達電,5.44,115000,股
2026-09-24,4958,臻鼎-KY,5.44,462000,股
2026-09-24,2327,國巨,5.06,352000,股
2026-09-24,3443,創意電子,4.65,22000,股
2026-09-24,6510,精測,4.59,56000,股
2026-09-24,2383,台光電子,4.25,34000,股
2026-09-24,6278,台表科,3.49,665000,股
2026-09-24,3653,健策,3.43,20000,股
2026-09-24,6683,雍智科技,3.32,88000,股
2026-09-24,8996,高力,2.73,72000,股
2026-09-24,3017,奇鋐科技,2.55,29000,股
2026-09-24,6223,旺矽,2.55,19000,股
2026-09-24,3189,景碩科技,2.53,106000,股
2026-09-24,2303,聯電,2.34,613000,股
2026-09-24,2472,立隆電子,2.3,425000,股
2026-09-24,3037,欣興電子,2.23,76000,股
2026-09-24,6831,邁科,2.11,171000,股
2026-09-24,7751,竑騰,1.99,53000,股
2026-09-24,8021,尖點,1.71,144000,股
2026-09-24,3693,營邦,1.7,94000,股
2026-09-24,3363,上詮,1.66,103000,股
2026-09-24,8046,南電,1.66,54000,股
2026-09-24,6415,矽力-KY,1.64,156000,股
2026-09-24,8210,勤誠興業,1.45,65000,股
2026-09-24,6274,台燿,1.37,37000,股
2026-09-24,6830,汎銓,1.06,79000,股
2026-09-24,2344,華邦電,0.97,228000,股
2026-09-24,5269,祥碩科技,0.81,22000,股
2026-09-24,2408,南科,0.79,63000,股
2026-09-24,1303,南亞塑膠,0.51,87000,股
2026-09-24,3042,晶技,0.4,79000,股
2026-09-24,6239,力成,0.39,55000,股
2026-09-24,2368,金像電,0.38,14000,股
2026-09-24,2360,致茂電子,0.34,6000,股
2026-09-24,2467,志聖工業,0.33,25000,股
2026-09-24,3131,弘塑科技,0.3,5000,股
2026-09-24,6526,達發,0.25,12000,股
2026-09-24,6770,力積電,0.23,127000,股
2026-09-24,3533,嘉澤端子,0.17,4000,股
2026-09-24,3665,貿聯-KY,0.17,3000,股
2026-09-24,1802,台玻,0.13,90000,股
2026-09-24,6531,愛普科技,0.12,5000,股
2026-09-24,3711,日月光投控,0.09,5000,股
2026-09-24,4749,新應材,0.09,5086,股
2026-09-24,6213,聯茂,0.09,6000,股
2026-09-24,2881,富邦金,0.07,20000,股
2026-09-24,2882,國泰金,0.07,25000,股
2026-09-24,2317,鴻海,0.06,9000,股
2026-09-24,2382,廣達,0.05,6000,股
2026-09-24,2449,京元電,0.05,6300,股
2026-09-24,C_NTD,CASH,,70833857,元
2026-09-24,M_NTD,MARGIN,,83815257,元
2026-09-24,RDI_NTD,RECEIVABLES FOR DISPOSAL OF INVESTMENTS,,85727420,元
2026-09-29,2330,台積電,9.49,152000,股
2026-09-29,2454,聯發科,6.94,56000,股
2026-09-29,4958,臻鼎-KY,5.81,462000,股
2026-09-29,2308,台達電,5.32,115000,股
2026-09-29,2327,國巨,4.87,352000,股
2026-09-29,6510,精測,4.44,56000,股
2026-09-29,3443,創意電子,4.4,22000,股
2026-09-29,2383,台光電子,3.97,32000,股
2026-09-29,6278,台表科,3.62,665000,股
2026-09-29,3653,健策,3.48,20000,股
2026-09-29,6683,雍智科技,3.27,88000,股
2026-09-29,3189,景碩科技,2.55,106000,股
2026-09-29,8996,高力,2.52,63000,股
2026-09-29,3017,奇鋐科技,2.49,29000,股
2026-09-29,6223,旺矽,2.49,19000,股
2026-09-29,2303,聯電,2.37,613000,股
2026-09-29,2472,立隆電子,2.28,425000,股
2026-09-29,3037,欣興電子,2.23,76000,股
2026-09-29,6831,邁科,2.12,171000,股
2026-09-29,7751,竑騰,2.08,53000,股
2026-09-29,8021,尖點,1.74,144000,股
2026-09-29,8046,南電,1.73,54000,股
2026-09-29,3363,上詮,1.69,103000,股
2026-09-29,3693,營邦,1.66,94000,股
2026-09-29,8210,勤誠興業,1.44,65000,股
2026-09-29,6274,台燿,1.39,37000,股
2026-09-29,6415,矽力-KY,1.28,124000,股
2026-09-29,6830,汎銓,1.06,79000,股
2026-09-29,2344,華邦電,1.0,228000,股
2026-09-29,5269,祥碩科技,0.82,22000,股
2026-09-29,2408,南科,0.81,63000,股
2026-09-29,1303,南亞塑膠,0.54,87000,股
2026-09-29,3042,晶技,0.42,79000,股
2026-09-29,2368,金像電,0.4,14000,股
2026-09-29,6239,力成,0.39,55000,股
2026-09-29,2467,志聖工業,0.34,25000,股
2026-09-29,2360,致茂電子,0.33,6000,股
2026-09-29,3131,弘塑科技,0.31,5000,股
2026-09-29,6526,達發,0.25,12000,股
2026-09-29,6770,力積電,0.23,127000,股
2026-09-29,3665,貿聯-KY,0.19,3000,股
2026-09-29,3533,嘉澤端子,0.17,4000,股
2026-09-29,1802,台玻,0.13,90000,股
2026-09-29,6531,愛普科技,0.12,5000,股
2026-09-29,4749,新應材,0.1,5086,股
2026-09-29,3711,日月光投控,0.09,5000,股
2026-09-29,6213,聯茂,0.09,6000,股
2026-09-29,2881,富邦金,0.08,20000,股
2026-09-29,2882,國泰金,0.07,25000,股
2026-09-29,2317,鴻海,0.06,9000,股
2026-09-29,2382,廣達,0.05,6000,股
2026-09-29,2449,京元電,0.05,6300,股
2026-09-29,C_NTD,CASH,,79094897,元
2026-09-29,M_NTD,MARGIN,,83815257,元
2026-09-29,RDI_NTD,RECEIVABLES FOR DISPOSAL OF INVESTMENTS,,78267716,元
2026-09-30,2330,台積電,9.45,152000,股
2026-09-30,2454,聯發科,6.91,56000,股
2026-09-30,4958,臻鼎-KY,5.87,462000,股
2026-09-30,2308,台達電,5.45,115000,股
2026-09-30,2327,國巨,4.84,352000,股
2026-09-30,3443,創意電子,4.44,22000,股
2026-09-30,6510,精測,4.3,56000,股
2026-09-30,2383,台光電子,3.96,32000,股
2026-09-30,6278,台表科,3.64,665000,股
2026-09-30,6683,雍智科技,3.51,88000,股
2026-09-30,3653,健策,3.41,20000,股
2026-09-30,3189,景碩科技,2.58,106000,股
2026-09-30,8996,高力,2.54,63000,股
2026-09-30,3017,奇鋐科技,2.5,29000,股
2026-09-30,6223,旺矽,2.44,19000,股
2026-09-30,2303,聯電,2.37,613000,股
2026-09-30,2472,立隆電子,2.28,425000,股
2026-09-30,3037,欣興電子,2.24,76000,股
2026-09-30,7751,竑騰,2.16,53000,股
2026-09-30,6831,邁科,2.02,171000,股
2026-09-30,8046,南電,1.81,54000,股
2026-09-30,8021,尖點,1.75,144000,股
2026-09-30,3363,上詮,1.68,103000,股
2026-09-30,3693,營邦,1.62,94000,股
2026-09-30,6274,台燿,1.41,37000,股
2026-09-30,8210,勤誠興業,1.36,65000,股
2026-09-30,6415,矽力-KY,1.27,124000,股
2026-09-30,6830,汎銓,1.06,79000,股
2026-09-30,2344,華邦電,1.03,228000,股
2026-09-30,2408,南科,0.82,63000,股
2026-09-30,5269,祥碩科技,0.81,22000,股
2026-09-30,1303,南亞塑膠,0.56,87000,股
2026-09-30,3042,晶技,0.42,79000,股
2026-09-30,6239,力成,0.4,55000,股
2026-09-30,2368,金像電,0.39,14000,股
2026-09-30,2467,志聖工業,0.34,25000,股
2026-09-30,2360,致茂電子,0.32,6000,股
2026-09-30,3131,弘塑科技,0.32,5000,股
2026-09-30,6526,達發,0.25,12000,股
2026-09-30,6770,力積電,0.24,127000,股
2026-09-30,3665,貿聯-KY,0.19,3000,股
2026-09-30,3533,嘉澤端子,0.18,4000,股
2026-09-30,1802,台玻,0.13,90000,股
2026-09-30,6531,愛普科技,0.12,5000,股
2026-09-30,4749,新應材,0.1,5086,股
2026-09-30,3711,日月光投控,0.09,5000,股
2026-09-30,6213,聯茂,0.09,6000,股
2026-09-30,2881,富邦金,0.08,20000,股
2026-09-30,2882,國泰金,0.07,25000,股
2026-09-30,2317,鴻海,0.06,9000,股
2026-09-30,2382,廣達,0.05,6000,股
2026-09-30,2449,京元電,0.05,6300,股
2026-09-30,C_NTD,CASH,,69310747,元
2026-09-30,M_NTD,MARGIN,,83822226,元
2026-09-30,RDI_NTD,RECEIVABLES FOR DISPOSAL OF INVESTMENTS,,37100511,元
2026-10-01,2330,台積電,9.15,147000,股
2026-10-01,2454,聯發科,6.92,56000,股
2026-10-01,4958,臻鼎-KY,5.85,462000,股
2026-10-01,2308,台達電,5.43,115000,股
2026-10-01,2327,國巨,5.26,352000,股
2026-10-01,6510,精測,4.47,60000,股
2026-10-01,3443,創意電子,4.31,22000,股
2026-10-01,2383,台光電子,3.95,32000,股
2026-10-01,6278,台表科,3.57,665000,股
2026-10-01,6683,雍智科技,3.44,88000,股
2026-10-01,3653,健策,3.41,20000,股
2026-10-01,2303,聯電,2.74,684000,股
2026-10-01,3189,景碩科技,2.66,106000,股
2026-10-01,3017,奇鋐科技,2.53,29000,股
2026-10-01,7751,竑騰,2.43,60000,股
2026-10-01,2472,立隆電子,2.38,425000,股
2026-10-01,6223,旺矽,2.37,19000,股
2026-10-01,3037,欣興電子,2.29,76000,股
2026-10-01,8996,高力,2.14,55000,股
2026-10-01,6831,邁科,2.01,171000,股
2026-10-01,8046,南電,1.9,54000,股
2026-10-01,8021,尖點,1.8,144000,股
2026-10-01,3363,上詮,1.64,103000,股
2026-10-01,6274,台燿,1.41,37000,股
2026-10-01,8210,勤誠興業,1.36,65000,股
2026-10-01,6830,汎銓,1.04,79000,股
2026-10-01,2344,華邦電,1.02,228000,股
2026-10-01,3693,營邦,1.02,62000,股
2026-10-01,6415,矽力-KY,0.94,92000,股
2026-10-01,2408,南科,0.81,63000,股
2026-10-01,5269,祥碩科技,0.8,22000,股
2026-10-01,1303,南亞塑膠,0.55,87000,股
2026-10-01,3042,晶技,0.43,79000,股
2026-10-01,6239,力成,0.4,55000,股
2026-10-01,2368,金像電,0.38,14000,股
2026-10-01,2467,志聖工業,0.34,25000,股
2026-10-01,2360,致茂電子,0.31,6000,股
2026-10-01,3131,弘塑科技,0.29,5000,股
2026-10-01,6526,達發,0.25,12000,股
2026-10-01,6770,力積電,0.23,127000,股
2026-10-01,3665,貿聯-KY,0.19,3000,股
2026-10-01,3533,嘉澤端子,0.18,4000,股
2026-10-01,1802,台玻,0.13,90000,股
2026-10-01,6531,愛普科技,0.12,5000,股
2026-10-01,6213,聯茂,0.1,6000,股
2026-10-01,3711,日月光投控,0.09,5000,股
2026-10-01,4749,新應材,0.09,5086,股
2026-10-01,2881,富邦金,0.07,20000,股
2026-10-01,2882,國泰金,0.07,25000,股
2026-10-01,2317,鴻海,0.06,9000,股
2026-10-01,2382,廣達,0.05,6000,股
2026-10-01,2449,京元電,0.05,6300,股
2026-10-01,C_NTD,CASH,,84477463,元
2026-10-01,M_NTD,MARGIN,,83822226,元
2026-10-01,RDI_NTD,RECEIVABLES FOR DISPOSAL OF INVESTMENTS,,24171338,元
2026-10-02,2330,台積電,8.91,147000,股
2026-10-02,2454,聯發科,6.72,56000,股
2026-10-02,4958,臻鼎-KY,6.29,462000,股
2026-10-02,2327,國巨,5.34,352000,股
2026-10-02,2308,台達電,5.26,115000,股
2026-10-02,6510,精測,4.47,60000,股
2026-10-02,3443,創意電子,4.22,22000,股
2026-10-02,2383,台光電子,4.02,32000,股
2026-10-02,6278,台表科,3.5,665000,股
2026-10-02,8021,尖點,3.39,253000,股
2026-10-02,3653,健策,3.3,20000,股
2026-10-02,6683,雍智科技,3.18,88000,股
2026-10-02,3189,景碩科技,2.7,106000,股
2026-10-02,2303,聯電,2.68,684000,股
2026-10-02,6223,旺矽,2.45,19000,股
2026-10-02,3017,奇鋐科技,2.42,29000,股
2026-10-02,3037,欣興電子,2.41,76000,股
2026-10-02,2472,立隆電子,2.36,425000,股
2026-10-02,7751,竑騰,2.31,60000,股
2026-10-02,8996,高力,2.01,55000,股
2026-10-02,6831,邁科,2.0,171000,股
2026-10-02,8046,南電,1.91,54000,股
2026-10-02,3363,上詮,1.68,103000,股
2026-10-02,6274,台燿,1.45,37000,股
2026-10-02,8210,勤誠興業,1.33,65000,股
2026-10-02,6830,汎銓,1.05,79000,股
2026-10-02,3693,營邦,1.0,62000,股
2026-10-02,2344,華邦電,0.99,228000,股
2026-10-02,3042,晶技,0.91,163000,股
2026-10-02,2408,南科,0.8,63000,股
2026-10-02,5269,祥碩科技,0.78,22000,股
2026-10-02,6770,力積電,0.69,373000,股
2026-10-02,6415,矽力-KY,0.39,38000,股
2026-10-02,2368,金像電,0.38,14000,股
2026-10-02,2467,志聖工業,0.33,25000,股
2026-10-02,2360,致茂電子,0.32,6000,股
2026-10-02,3131,弘塑科技,0.29,5000,股
2026-10-02,6526,達發,0.24,12000,股
2026-10-02,1303,南亞塑膠,0.21,34000,股
2026-10-02,3665,貿聯-KY,0.19,3000,股
2026-10-02,3533,嘉澤端子,0.18,4000,股
2026-10-02,6239,力成,0.18,24000,股
2026-10-02,1802,台玻,0.13,90000,股
2026-10-02,6531,愛普科技,0.12,5000,股
2026-10-02,4749,新應材,0.1,5086,股
2026-10-02,6213,聯茂,0.1,6000,股
2026-10-02,3711,日月光投控,0.09,5000,股
2026-10-02,2881,富邦金,0.07,20000,股
2026-10-02,2882,國泰金,0.07,25000,股
2026-10-02,2317,鴻海,0.06,9000,股
2026-10-02,2382,廣達,0.05,6000,股
2026-10-02,2449,京元電,0.05,6300,股
2026-10-02,C_NTD,CASH,,84477463,元
2026-10-02,M_NTD,MARGIN,,83822226,元
2026-10-02,RDI_NTD,RECEIVABLES FOR DISPOSAL OF INVESTMENTS,,-27937342,元
2026-10-05,2330,台積電,8.93,147000,股
2026-10-05,2454,聯發科,6.82,56000,股
2026-10-05,4958,臻鼎-KY,6.28,462000,股
2026-10-05,2308,台達電,5.44,115000,股
2026-10-05,2327,國巨,5.2,352000,股
2026-10-05,3443,創意電子,4.46,22000,股
2026-10-05,6510,精測,4.4,60000,股
2026-10-05,2383,台光電子,4.3,32000,股
2026-10-05,8021,尖點,3.79,287000,股
2026-10-05,6278,台表科,3.45,665000,股
2026-10-05,3653,健策,3.4,20000,股
2026-10-05,3189,景碩科技,3.2,124000,股
2026-10-05,6683,雍智科技,2.99,88000,股
2026-10-05,6223,旺矽,2.47,19000,股
2026-10-05,2303,聯電,2.46,684000,股
2026-10-05,3017,奇鋐科技,2.45,29000,股
2026-10-05,3037,欣興電子,2.38,76000,股
2026-10-05,2472,立隆電子,2.28,425000,股
2026-10-05,7751,竑騰,2.27,60000,股
2026-10-05,8996,高力,2.07,55000,股
2026-10-05,6831,邁科,1.97,171000,股
2026-10-05,8046,南電,1.9,54000,股
2026-10-05,3363,上詮,1.61,103000,股
2026-10-05,6274,台燿,1.55,37000,股
2026-10-05,8210,勤誠興業,1.36,65000,股
2026-10-05,6830,汎銓,1.11,85495,股
2026-10-05,3693,營邦,1.01,62000,股
2026-10-05,2344,華邦電,0.97,228000,股
2026-10-05,3042,晶技,0.85,163000,股
2026-10-05,2408,南科,0.79,63000,股
2026-10-05,5269,祥碩科技,0.77,22000,股
2026-10-05,6770,力積電,0.67,373000,股
2026-10-05,2368,金像電,0.4,14000,股
2026-10-05,2467,志聖工業,0.34,25000,股
2026-10-05,3131,弘塑科技,0.3,5000,股
2026-10-05,6526,達發,0.24,12000,股
2026-10-05,1303,南亞塑膠,0.23,34000,股
2026-10-05,3533,嘉澤端子,0.18,4000,股
2026-10-05,3665,貿聯-KY,0.18,3000,股
2026-10-05,6239,力成,0.17,24000,股
2026-10-05,6415,矽力-KY,0.17,16000,股
2026-10-05,1802,台玻,0.13,90000,股
2026-10-05,6531,愛普科技,0.12,5000,股
2026-10-05,2360,致茂電子,0.11,2000,股
2026-10-05,6213,聯茂,0.11,6000,股
2026-10-05,4749,新應材,0.1,5086,股
2026-10-05,3711,日月光投控,0.09,5000,股
2026-10-05,2881,富邦金,0.07,20000,股
2026-10-05,2882,國泰金,0.07,25000,股
2026-10-05,2317,鴻海,0.05,9000,股
2026-10-05,2382,廣達,0.05,6000,股
2026-10-05,2449,京元電,0.04,6300,股
2026-10-05,C_NTD,CASH,,125246377,元
2026-10-05,M_NTD,MARGIN,,83822226,元
2026-10-05,RDI_NTD,RECEIVABLES FOR DISPOSAL OF INVESTMENTS,,-72660444,元
2026-10-06,2330,台積電,8.84,147000,股
2026-10-06,2454,聯發科,6.41,56000,股
2026-10-06,4958,臻鼎-KY,6.17,462000,股
2026-10-06,2308,台達電,5.48,115000,股
2026-10-06,2327,國巨,5.12,352000,股
2026-10-06,2383,台光電子,4.46,32000,股
2026-10-06,3443,創意電子,4.29,22000,股
2026-10-06,6510,精測,4.26,60000,股
2026-10-06,8021,尖點,3.75,287000,股
2026-10-06,6278,台表科,3.62,665000,股
2026-10-06,3653,健策,3.29,20000,股
2026-10-06,3189,景碩科技,3.09,124000,股
2026-10-06,6683,雍智科技,3.08,88000,股
2026-10-06,6223,旺矽,2.51,19000,股
2026-10-06,3017,奇鋐科技,2.49,29000,股
2026-10-06,2303,聯電,2.35,684000,股
2026-10-06,3037,欣興電子,2.32,76000,股
2026-10-06,2472,立隆電子,2.25,425000,股
2026-10-06,7751,竑騰,2.22,60000,股
2026-10-06,6831,邁科,1.98,171000,股
2026-10-06,8046,南電,1.89,54000,股
2026-10-06,8996,高力,1.71,46000,股
2026-10-06,3363,上詮,1.56,103000,股
2026-10-06,6274,台燿,1.51,37000,股
2026-10-06,8210,勤誠興業,1.34,65000,股
2026-10-06,6830,汎銓,1.05,85495,股
2026-10-06,2344,華邦電,0.94,228000,股
2026-10-06,8358,金居開發,0.87,68000,股
2026-10-06,3042,晶技,0.78,163000,股
2026-10-06,2408,南科,0.77,63000,股
2026-10-06,6770,力積電,0.64,373000,股
2026-10-06,3693,營邦,0.47,28000,股
2026-10-06,2368,金像電,0.41,14000,股
2026-10-06,2467,志聖工業,0.33,25000,股
2026-10-06,3131,弘塑科技,0.29,5000,股
2026-10-06,5269,祥碩科技,0.24,7000,股
2026-10-06,1303,南亞塑膠,0.23,34000,股
2026-10-06,6526,達發,0.23,12000,股
2026-10-06,3533,嘉澤端子,0.17,4000,股
2026-10-06,6239,力成,0.17,24000,股
2026-10-06,6415,矽力-KY,0.17,16000,股
2026-10-06,3665,貿聯-KY,0.16,3000,股
2026-10-06,1802,台玻,0.13,90000,股
2026-10-06,6531,愛普科技,0.12,5000,股
2026-10-06,2360,致茂電子,0.11,2000,股
2026-10-06,6213,聯茂,0.11,6000,股
2026-10-06,4749,新應材,0.1,5086,股
2026-10-06,3711,日月光投控,0.09,5000,股
2026-10-06,2881,富邦金,0.07,20000,股
2026-10-06,2882,國泰金,0.07,25000,股
2026-10-06,2317,鴻海,0.05,9000,股
2026-10-06,2382,廣達,0.05,6000,股
2026-10-06,2449,京元電,0.04,6300,股
2026-10-06,C_NTD,CASH,,73137697,元
2026-10-06,M_NTD,MARGIN,,83822226,元
2026-10-06,RDI_NTD,RECEIVABLES FOR DISPOSAL OF INVESTMENTS,,1694733,元
2026-10-07,2330,台積電,8.61,147000,股
2026-10-07,4958,臻鼎-KY,6.46,479000,股
2026-10-07,2454,聯發科,6.36,58000,股
2026-10-07,2327,國巨,5.4,368000,股
2026-10-07,2308,台達電,5.19,115000,股
2026-10-07,3443,創意電子,4.41,23000,股
2026-10-07,2383,台光電子,4.32,32000,股
2026-10-07,6510,精測,4.31,63000,股
2026-10-07,6278,台表科,4.01,707000,股
2026-10-07,8021,尖點,3.88,308000,股
2026-10-07,3189,景碩科技,3.09,124000,股
2026-10-07,3653,健策,3.08,20000,股
2026-10-07,6683,雍智科技,2.88,88000,股
2026-10-07,2472,立隆電子,2.58,468000,股
2026-10-07,3017,奇鋐科技,2.49,31000,股
2026-10-07,3037,欣興電子,2.46,83000,股
2026-10-07,7751,竑騰,2.39,66000,股
2026-10-07,6223,旺矽,2.38,19000,股
2026-10-07,2303,聯電,2.3,684000,股
2026-10-07,6831,邁科,1.89,171000,股
2026-10-07,3363,上詮,1.82,118000,股
2026-10-07,8046,南電,1.81,54000,股
2026-10-07,8996,高力,1.72,46000,股
2026-10-07,6274,台燿,1.44,37000,股
2026-10-07,8210,勤誠興業,1.28,65000,股
2026-10-07,8358,金居開發,1.28,103000,股
2026-10-07,6830,汎銓,1.03,85495,股
2026-10-07,2344,華邦電,0.93,228000,股
2026-10-07,3042,晶技,0.78,163000,股
2026-10-07,2408,南科,0.73,63000,股
2026-10-07,6770,力積電,0.61,373000,股
2026-10-07,3693,營邦,0.46,28000,股
2026-10-07,2368,金像電,0.4,14000,股
2026-10-07,2467,志聖工業,0.32,25000,股
2026-10-07,3131,弘塑科技,0.28,5000,股
2026-10-07,3533,嘉澤端子,0.25,6000,股
2026-10-07,1303,南亞塑膠,0.24,34000,股
2026-10-07,5269,祥碩科技,0.23,7000,股
2026-10-07,6526,達發,0.21,12000,股
2026-10-07,6239,力成,0.17,24000,股
2026-10-07,6415,矽力-KY,0.17,16000,股
2026-10-07,3665,貿聯-KY,0.16,3000,股
2026-10-07,1802,台玻,0.13,90000,股
2026-10-07,2360,致茂電子,0.11,2000,股
2026-10-07,6213,聯茂,0.11,6000,股
2026-10-07,6531,愛普科技,0.11,5000,股
2026-10-07,4749,新應材,0.09,5086,股
2026-10-07,3711,日月光投控,0.08,5000,股
2026-10-07,2881,富邦金,0.07,20000,股
2026-10-07,2882,國泰金,0.06,25000,股
2026-10-07,2317,鴻海,0.05,9000,股
2026-10-07,2382,廣達,0.05,6000,股
2026-10-07,2449,京元電,0.04,6300,股
2026-10-07,C_NTD,CASH,,113965333,元
2026-10-07,M_NTD,MARGIN,,83822226,元
2026-10-07,RDI_NTD,RECEIVABLES FOR DISPOSAL OF INVESTMENTS,,-117417027,元
2026-10-08,2330,台積電,8.23,147000,股
2026-10-08,4958,臻鼎-KY,6.22,479000,股
2026-10-08,2454,聯發科,5.97,58000,股
2026-10-08,2327,國巨,5.36,385000,股
2026-10-08,2308,台達電,4.96,115000,股
2026-10-08,6510,精測,4.59,63000,股
2026-10-08,3443,創意電子,4.4,24000,股
2026-10-08,2383,台光電子,4.21,32000,股
2026-10-08,6278,台表科,4.09,751000,股
2026-10-08,8021,尖點,4.06,332000,股
2026-10-08,3189,景碩科技,3.16,134000,股
2026-10-08,3653,健策,3.14,20000,股
2026-10-08,6683,雍智科技,3.01,97000,股
2026-10-08,2472,立隆電子,2.75,514000,股
2026-10-08,3037,欣興電子,2.54,91000,股
2026-10-08,7751,竑騰,2.35,66000,股
2026-10-08,3017,奇鋐科技,2.34,31000,股
2026-10-08,6223,旺矽,2.32,19000,股
2026-10-08,2303,聯電,2.21,684000,股
2026-10-08,6831,邁科,1.79,171000,股
2026-10-08,8046,南電,1.75,54000,股
2026-10-08,3363,上詮,1.73,118000,股
2026-10-08,8996,高力,1.73,46000,股
2026-10-08,6274,台燿,1.41,37000,股
2026-10-08,8210,勤誠興業,1.25,65000,股
2026-10-08,6830,汎銓,1.24,106495,股
2026-10-08,8358,金居開發,1.21,103000,股
2026-10-08,2344,華邦電,0.89,228000,股
2026-10-08,3042,晶技,0.75,163000,股
2026-10-08,2408,南科,0.74,63000,股
2026-10-08,6770,力積電,0.59,373000,股
2026-10-08,3533,嘉澤端子,0.5,12000,股
2026-10-08,3693,營邦,0.45,28000,股
2026-10-08,2368,金像電,0.39,14000,股
2026-10-08,2467,志聖工業,0.3,25000,股
2026-10-08,3131,弘塑科技,0.27,5000,股
2026-10-08,1303,南亞塑膠,0.23,34000,股
2026-10-08,5269,祥碩科技,0.23,7000,股
2026-10-08,6526,達發,0.21,12000,股
2026-10-08,6239,力成,0.16,24000,股
2026-10-08,6415,矽力-KY,0.16,16000,股
2026-10-08,3665,貿聯-KY,0.15,3000,股
2026-10-08,1802,台玻,0.13,90000,股
2026-10-08,6213,聯茂,0.11,6000,股
2026-10-08,6531,愛普科技,0.11,5000,股
2026-10-08,2360,致茂電子,0.1,2000,股
2026-10-08,4749,新應材,0.09,5086,股
2026-10-08,3711,日月光投控,0.08,5000,股
2026-10-08,2881,富邦金,0.07,20000,股
2026-10-08,2882,國泰金,0.06,25000,股
2026-10-08,2317,鴻海,0.05,9000,股
2026-10-08,2382,廣達,0.04,6000,股
2026-10-08,2449,京元電,0.04,6300,股
2026-10-08,C_NTD,CASH,,245627742,元
2026-10-08,M_NTD,MARGIN,,83822226,元
2026-10-08,RDI_NTD,RECEIVABLES FOR DISPOSAL OF INVESTMENTS,,-250648398,元
